You are using fMRIPrep-24.0.0, and a newer version of fMRIPrep is available: 25.0.0.
Please check out our documentation about how and when to upgrade:
https://fmriprep.readthedocs.io/en/latest/faq.html#upgrading
bids-validator@1.14.6
(node:568046) Warning: Closing directory handle on garbage collection
(Use `node --trace-warnings ...` to show where the warning was created)
	[33m1: [WARN] The recommended file /README is missing. See Section 03 (Modality agnostic files) of the BIDS specification. (code: 101 - README_FILE_MISSING)[39m

[36m	Please visit https://neurostars.org/search?q=README_FILE_MISSING for existing conversations about this issue.[39m

        [34m[4mSummary:[24m[39m                  [34m[4mAvailable Tasks:[24m[39m        [34m[4mAvailable Modalities:[39m[24m 
        681 Files, 46.44GB                                MRI                   
        34 - Subjects                                                           
        1 - Session                                                             


[36m	If you have any questions, please post on https://neurostars.org/tags/bids.[39m
250329-09:51:46,193 nipype.workflow IMPORTANT:
	 Running fMRIPrep version 24.0.0

         License NOTICE ##################################################
         fMRIPrep 24.0.0
         Copyright The NiPreps Developers.
         
         This product includes software developed by
         the NiPreps Community (https://nipreps.org/).
         
         Portions of this software were developed at the Department of
         Psychology at Stanford University, Stanford, CA, US.
         
         This software is also distributed as a Docker container image.
         The bootstrapping file for the image ("Dockerfile") is licensed
         under the MIT License.
         
         This software may be distributed through an add-on package called
         "Docker Wrapper" that is under the BSD 3-clause License.
         #################################################################
250329-09:51:46,228 nipype.workflow IMPORTANT:
	 Building fMRIPrep's workflow:
           * BIDS dataset path: /raw.
           * Participant list: ['27'].
           * Run identifier: 20250329-095125_420bb565-a79b-47b6-a592-f083c74fd9a6.
           * Output spaces: func.
           * Pre-run FreeSurfer's SUBJECTS_DIR: /output/sourcedata/freesurfer.
250329-09:51:47,28 nipype.workflow INFO:
	 ANAT Stage 1: Adding template workflow
250329-09:51:47,584 nipype.workflow INFO:
	 ANAT Stage 2: Preparing brain extraction workflow
250329-09:51:47,727 nipype.workflow INFO:
	 ANAT Stage 3: Preparing segmentation workflow
250329-09:51:47,735 nipype.workflow INFO:
	 ANAT Stage 4: Preparing normalization workflow for ['MNI152NLin2009cAsym']
250329-09:51:47,790 nipype.workflow INFO:
	 ANAT Stage 5: Preparing surface reconstruction workflow
250329-09:51:47,822 nipype.workflow INFO:
	 ANAT Stage 6: Preparing mask refinement workflow
250329-09:51:47,826 nipype.workflow INFO:
	 ANAT No T2w images provided - skipping Stage 7
250329-09:51:47,827 nipype.workflow INFO:
	 ANAT Stage 8: Creating GIFTI surfaces for ['white', 'pial', 'midthickness', 'sphere_reg', 'sphere']
250329-09:51:47,858 nipype.workflow INFO:
	 ANAT Stage 8: Creating GIFTI metrics for ['thickness', 'sulc']
250329-09:51:47,872 nipype.workflow INFO:
	 ANAT Stage 8a: Creating cortical ribbon mask
250329-09:51:47,878 nipype.workflow INFO:
	 ANAT Stage 9: Creating fsLR registration sphere
250329-09:51:47,885 nipype.workflow INFO:
	 ANAT Stage 10: Creating MSM-Sulc registration sphere
250329-09:51:48,122 nipype.workflow INFO:
	 No single-band-reference found for sub-27_task-bird_run-1_bold.nii.gz.
250329-09:51:48,233 nipype.workflow INFO:
	 Stage 1: Adding HMC boldref workflow
250329-09:51:48,244 nipype.workflow INFO:
	 Stage 2: Adding motion correction workflow
250329-09:51:48,258 nipype.workflow INFO:
	 Stage 3: Adding coregistration boldref workflow
250329-09:51:48,330 nipype.workflow IMPORTANT:
	 BOLD series will be slice-timing corrected to an offset of 0.96s.
250329-09:51:48,497 nipype.workflow INFO:
	 No single-band-reference found for sub-27_task-bird_run-2_bold.nii.gz.
250329-09:51:48,583 nipype.workflow INFO:
	 Stage 1: Adding HMC boldref workflow
250329-09:51:48,592 nipype.workflow INFO:
	 Stage 2: Adding motion correction workflow
250329-09:51:48,601 nipype.workflow INFO:
	 Stage 3: Adding coregistration boldref workflow
250329-09:51:48,664 nipype.workflow IMPORTANT:
	 BOLD series will be slice-timing corrected to an offset of 0.96s.
250329-09:51:48,823 nipype.workflow INFO:
	 No single-band-reference found for sub-27_task-bird_run-3_bold.nii.gz.
250329-09:51:48,909 nipype.workflow INFO:
	 Stage 1: Adding HMC boldref workflow
250329-09:51:48,918 nipype.workflow INFO:
	 Stage 2: Adding motion correction workflow
250329-09:51:48,925 nipype.workflow INFO:
	 Stage 3: Adding coregistration boldref workflow
250329-09:51:48,990 nipype.workflow IMPORTANT:
	 BOLD series will be slice-timing corrected to an offset of 0.959s.
250329-09:51:49,145 nipype.workflow INFO:
	 No single-band-reference found for sub-27_task-bird_run-4_bold.nii.gz.
250329-09:51:49,232 nipype.workflow INFO:
	 Stage 1: Adding HMC boldref workflow
250329-09:51:49,241 nipype.workflow INFO:
	 Stage 2: Adding motion correction workflow
250329-09:51:49,249 nipype.workflow INFO:
	 Stage 3: Adding coregistration boldref workflow
250329-09:51:49,311 nipype.workflow IMPORTANT:
	 BOLD series will be slice-timing corrected to an offset of 0.96s.
250329-09:51:49,468 nipype.workflow INFO:
	 No single-band-reference found for sub-27_task-bird_run-5_bold.nii.gz.
250329-09:51:49,554 nipype.workflow INFO:
	 Stage 1: Adding HMC boldref workflow
250329-09:51:49,563 nipype.workflow INFO:
	 Stage 2: Adding motion correction workflow
250329-09:51:49,570 nipype.workflow INFO:
	 Stage 3: Adding coregistration boldref workflow
250329-09:51:49,634 nipype.workflow IMPORTANT:
	 BOLD series will be slice-timing corrected to an offset of 0.959s.
250329-09:51:49,791 nipype.workflow INFO:
	 No single-band-reference found for sub-27_task-bird_run-6_bold.nii.gz.
250329-09:51:49,879 nipype.workflow INFO:
	 Stage 1: Adding HMC boldref workflow
250329-09:51:49,888 nipype.workflow INFO:
	 Stage 2: Adding motion correction workflow
250329-09:51:49,895 nipype.workflow INFO:
	 Stage 3: Adding coregistration boldref workflow
250329-09:51:49,958 nipype.workflow IMPORTANT:
	 BOLD series will be slice-timing corrected to an offset of 0.959s.
250329-09:51:55,574 nipype.workflow INFO:
	 fMRIPrep workflow graph with 1089 nodes built successfully.
250329-09:52:17,997 nipype.workflow IMPORTANT:
	 fMRIPrep started!
250329-09:52:36,663 nipype.workflow INFO:
	 [Node] Setting-up "fmriprep_24_0_wf.sub_27_wf.anat_fit_wf.brain_extraction_wf.res_tmpl" in "/work_dir/fmriprep_24_0_wf/sub_27_wf/anat_fit_wf/brain_extraction_wf/res_tmpl".
250329-09:52:36,666 nipype.workflow INFO:
	 [Node] Executing "res_tmpl" <niworkflows.interfaces.nibabel.RegridToZooms>
250329-09:52:38,136 nipype.workflow INFO:
	 [Node] Setting-up "fmriprep_24_0_wf.sub_27_wf.anat_fit_wf.brain_extraction_wf.full_wm" in "/work_dir/fmriprep_24_0_wf/sub_27_wf/anat_fit_wf/brain_extraction_wf/full_wm".
250329-09:52:38,141 nipype.workflow INFO:
	 [Node] Executing "full_wm" <nipype.interfaces.utility.wrappers.Function>
250329-09:52:39,166 nipype.workflow INFO:
	 [Node] Setting-up "fmriprep_24_0_wf.sub_27_wf.bidssrc" in "/work_dir/fmriprep_24_0_wf/sub_27_wf/bidssrc".
250329-09:52:39,179 nipype.workflow INFO:
	 [Node] Executing "bidssrc" <niworkflows.interfaces.bids.BIDSDataGrabber>
250329-09:52:39,201 nipype.interface INFO:
	 No "t2w" images found for sub-27
250329-09:52:39,201 nipype.interface INFO:
	 No "flair" images found for sub-27
250329-09:52:39,201 nipype.interface INFO:
	 No "fmap" images found for sub-27
250329-09:52:39,201 nipype.interface INFO:
	 No "sbref" images found for sub-27
250329-09:52:39,201 nipype.interface INFO:
	 No "roi" images found for sub-27
250329-09:52:39,201 nipype.interface INFO:
	 No "pet" images found for sub-27
250329-09:52:39,201 nipype.interface INFO:
	 No "asl" images found for sub-27
250329-09:52:39,202 nipype.workflow INFO:
	 [Node] Finished "bidssrc", elapsed time 0.001286s.
250329-09:52:39,215 nipype.workflow INFO:
	 [Node] Setting-up "fmriprep_24_0_wf.sub_27_wf.bold_task_bird_run_1_wf.bold_fit_wf.hmc_boldref_wf.val_bold" in "/work_dir/fmriprep_24_0_wf/sub_27_wf/bold_task_bird_run_1_wf/bold_fit_wf/hmc_boldref_wf/val_bold".
250329-09:52:39,217 nipype.workflow INFO:
	 [Node] Executing "val_bold" <niworkflows.interfaces.header.ValidateImage>
250329-09:52:39,432 nipype.workflow INFO:
	 [Node] Setting-up "fmriprep_24_0_wf.sub_27_wf.anat_fit_wf.brain_extraction_wf.lap_tmpl" in "/work_dir/fmriprep_24_0_wf/sub_27_wf/anat_fit_wf/brain_extraction_wf/lap_tmpl".
250329-09:52:39,444 nipype.workflow INFO:
	 [Node] Executing "lap_tmpl" <nipype.interfaces.ants.utils.ImageMath>
250329-09:52:40,259 nipype.workflow INFO:
	 [Node] Finished "full_wm", elapsed time 2.092172s.
250329-09:52:40,512 nipype.workflow INFO:
	 [Node] Setting-up "fmriprep_24_0_wf.sub_27_wf.bold_task_bird_run_1_wf.bold_fit_wf.hmc_boldref_wf.get_dummy" in "/work_dir/fmriprep_24_0_wf/sub_27_wf/bold_task_bird_run_1_wf/bold_fit_wf/hmc_boldref_wf/get_dummy".
250329-09:52:40,514 nipype.workflow INFO:
	 [Node] Executing "get_dummy" <niworkflows.interfaces.bold.NonsteadyStatesDetector>
250329-09:52:40,640 nipype.workflow INFO:
	 [Node] Finished "res_tmpl", elapsed time 3.955839s.
250329-09:52:42,81 nipype.workflow INFO:
	 [Node] Setting-up "fmriprep_24_0_wf.sub_27_wf.bold_task_bird_run_1_wf.bold_native_wf.bold_source" in "/work_dir/fmriprep_24_0_wf/sub_27_wf/bold_task_bird_run_1_wf/bold_native_wf/bold_source".
250329-09:52:42,92 nipype.workflow INFO:
	 [Node] Executing "bold_source" <nipype.interfaces.utility.base.Select>
250329-09:52:42,102 nipype.workflow INFO:
	 [Node] Finished "bold_source", elapsed time 0.000351s.
250329-09:52:43,3 nipype.workflow INFO:
	 [Node] Setting-up "fmriprep_24_0_wf.sub_27_wf.bold_task_bird_run_2_wf.bold_fit_wf.hmc_boldref_wf.val_bold" in "/work_dir/fmriprep_24_0_wf/sub_27_wf/bold_task_bird_run_2_wf/bold_fit_wf/hmc_boldref_wf/val_bold".
250329-09:52:43,9 nipype.workflow INFO:
	 [Node] Executing "val_bold" <niworkflows.interfaces.header.ValidateImage>
250329-09:52:43,384 nipype.workflow INFO:
	 [Node] Setting-up "fmriprep_24_0_wf.sub_27_wf.bold_task_bird_run_2_wf.bold_fit_wf.hmc_boldref_wf.get_dummy" in "/work_dir/fmriprep_24_0_wf/sub_27_wf/bold_task_bird_run_2_wf/bold_fit_wf/hmc_boldref_wf/get_dummy".
250329-09:52:43,386 nipype.workflow INFO:
	 [Node] Executing "get_dummy" <niworkflows.interfaces.bold.NonsteadyStatesDetector>
250329-09:52:43,431 nipype.workflow INFO:
	 [Node] Setting-up "fmriprep_24_0_wf.sub_27_wf.bold_task_bird_run_2_wf.bold_native_wf.bold_source" in "/work_dir/fmriprep_24_0_wf/sub_27_wf/bold_task_bird_run_2_wf/bold_native_wf/bold_source".
250329-09:52:43,433 nipype.workflow INFO:
	 [Node] Executing "bold_source" <nipype.interfaces.utility.base.Select>
250329-09:52:43,449 nipype.workflow INFO:
	 [Node] Finished "bold_source", elapsed time 0.000399s.
250329-09:52:44,341 nipype.workflow INFO:
	 [Node] Setting-up "fmriprep_24_0_wf.sub_27_wf.bold_task_bird_run_3_wf.bold_fit_wf.hmc_boldref_wf.val_bold" in "/work_dir/fmriprep_24_0_wf/sub_27_wf/bold_task_bird_run_3_wf/bold_fit_wf/hmc_boldref_wf/val_bold".
250329-09:52:44,342 nipype.workflow INFO:
	 [Node] Setting-up "fmriprep_24_0_wf.sub_27_wf.bold_task_bird_run_3_wf.bold_fit_wf.hmc_boldref_wf.get_dummy" in "/work_dir/fmriprep_24_0_wf/sub_27_wf/bold_task_bird_run_3_wf/bold_fit_wf/hmc_boldref_wf/get_dummy".
250329-09:52:44,343 nipype.workflow INFO:
	 [Node] Executing "val_bold" <niworkflows.interfaces.header.ValidateImage>
250329-09:52:44,344 nipype.workflow INFO:
	 [Node] Executing "get_dummy" <niworkflows.interfaces.bold.NonsteadyStatesDetector>
250329-09:52:45,508 nipype.workflow INFO:
	 [Node] Setting-up "fmriprep_24_0_wf.sub_27_wf.bold_task_bird_run_1_wf.bold_fit_wf.ds_hmc_boldref_wf.sources" in "/work_dir/fmriprep_24_0_wf/sub_27_wf/bold_task_bird_run_1_wf/bold_fit_wf/ds_hmc_boldref_wf/sources".
250329-09:52:45,526 nipype.workflow INFO:
	 [Node] Executing "sources" <fmriprep.interfaces.bids.BIDSURI>
250329-09:52:45,528 nipype.workflow INFO:
	 [Node] Finished "sources", elapsed time 0.000285s.
250329-09:52:45,544 nipype.workflow INFO:
	 [Node] Setting-up "fmriprep_24_0_wf.sub_27_wf.bold_task_bird_run_3_wf.bold_fit_wf.ds_boldmask_wf.sources" in "/work_dir/fmriprep_24_0_wf/sub_27_wf/bold_task_bird_run_3_wf/bold_fit_wf/ds_boldmask_wf/sources".
250329-09:52:45,546 nipype.workflow INFO:
	 [Node] Executing "sources" <fmriprep.interfaces.bids.BIDSURI>
250329-09:52:45,547 nipype.workflow INFO:
	 [Node] Finished "sources", elapsed time 0.000256s.
250329-09:52:45,565 nipype.workflow INFO:
	 [Node] Setting-up "fmriprep_24_0_wf.sub_27_wf.bold_task_bird_run_3_wf.bold_native_wf.bold_source" in "/work_dir/fmriprep_24_0_wf/sub_27_wf/bold_task_bird_run_3_wf/bold_native_wf/bold_source".
250329-09:52:45,566 nipype.workflow INFO:
	 [Node] Executing "bold_source" <nipype.interfaces.utility.base.Select>
250329-09:52:45,568 nipype.workflow INFO:
	 [Node] Finished "bold_source", elapsed time 0.000567s.
250329-09:52:45,577 nipype.workflow INFO:
	 [Node] Setting-up "fmriprep_24_0_wf.sub_27_wf.bold_task_bird_run_3_wf.ds_bold_native_wf.sources" in "/work_dir/fmriprep_24_0_wf/sub_27_wf/bold_task_bird_run_3_wf/ds_bold_native_wf/sources".
250329-09:52:45,585 nipype.workflow INFO:
	 [Node] Executing "sources" <fmriprep.interfaces.bids.BIDSURI>
250329-09:52:45,586 nipype.workflow INFO:
	 [Node] Finished "sources", elapsed time 0.000276s.
250329-09:52:45,607 nipype.workflow INFO:
	 [Node] Setting-up "fmriprep_24_0_wf.sub_27_wf.bold_task_bird_run_4_wf.bold_fit_wf.hmc_boldref_wf.val_bold" in "/work_dir/fmriprep_24_0_wf/sub_27_wf/bold_task_bird_run_4_wf/bold_fit_wf/hmc_boldref_wf/val_bold".
250329-09:52:45,609 nipype.workflow INFO:
	 [Node] Executing "val_bold" <niworkflows.interfaces.header.ValidateImage>
250329-09:52:46,770 nipype.workflow INFO:
	 [Node] Setting-up "fmriprep_24_0_wf.sub_27_wf.bold_task_bird_run_4_wf.bold_fit_wf.hmc_boldref_wf.get_dummy" in "/work_dir/fmriprep_24_0_wf/sub_27_wf/bold_task_bird_run_4_wf/bold_fit_wf/hmc_boldref_wf/get_dummy".
250329-09:52:46,772 nipype.workflow INFO:
	 [Node] Executing "get_dummy" <niworkflows.interfaces.bold.NonsteadyStatesDetector>
250329-09:52:47,461 nipype.workflow INFO:
	 [Node] Setting-up "fmriprep_24_0_wf.sub_27_wf.bold_task_bird_run_4_wf.bold_native_wf.bold_source" in "/work_dir/fmriprep_24_0_wf/sub_27_wf/bold_task_bird_run_4_wf/bold_native_wf/bold_source".
250329-09:52:47,464 nipype.workflow INFO:
	 [Node] Executing "bold_source" <nipype.interfaces.utility.base.Select>
250329-09:52:47,505 nipype.workflow INFO:
	 [Node] Finished "bold_source", elapsed time 0.000414s.
250329-09:52:48,339 nipype.workflow INFO:
	 [Node] Setting-up "fmriprep_24_0_wf.sub_27_wf.bold_task_bird_run_2_wf.bold_fit_wf.ds_hmc_boldref_wf.sources" in "/work_dir/fmriprep_24_0_wf/sub_27_wf/bold_task_bird_run_2_wf/bold_fit_wf/ds_hmc_boldref_wf/sources".
250329-09:52:48,343 nipype.workflow INFO:
	 [Node] Executing "sources" <fmriprep.interfaces.bids.BIDSURI>
250329-09:52:48,378 nipype.workflow INFO:
	 [Node] Finished "sources", elapsed time 0.000349s.
250329-09:52:48,394 nipype.workflow INFO:
	 [Node] Setting-up "fmriprep_24_0_wf.sub_27_wf.bold_task_bird_run_5_wf.bold_native_wf.bold_source" in "/work_dir/fmriprep_24_0_wf/sub_27_wf/bold_task_bird_run_5_wf/bold_native_wf/bold_source".
250329-09:52:48,396 nipype.workflow INFO:
	 [Node] Executing "bold_source" <nipype.interfaces.utility.base.Select>
250329-09:52:48,403 nipype.workflow INFO:
	 [Node] Setting-up "fmriprep_24_0_wf.sub_27_wf.bold_task_bird_run_5_wf.ds_bold_native_wf.sources" in "/work_dir/fmriprep_24_0_wf/sub_27_wf/bold_task_bird_run_5_wf/ds_bold_native_wf/sources".
250329-09:52:48,405 nipype.workflow INFO:
	 [Node] Finished "bold_source", elapsed time 0.000407s.
250329-09:52:48,406 nipype.workflow INFO:
	 [Node] Executing "sources" <fmriprep.interfaces.bids.BIDSURI>
250329-09:52:48,407 nipype.workflow INFO:
	 [Node] Finished "sources", elapsed time 0.000263s.
250329-09:52:48,416 nipype.workflow INFO:
	 [Node] Setting-up "fmriprep_24_0_wf.sub_27_wf.bold_task_bird_run_6_wf.bold_fit_wf.hmc_boldref_wf.get_dummy" in "/work_dir/fmriprep_24_0_wf/sub_27_wf/bold_task_bird_run_6_wf/bold_fit_wf/hmc_boldref_wf/get_dummy".
250329-09:52:48,418 nipype.workflow INFO:
	 [Node] Executing "get_dummy" <niworkflows.interfaces.bold.NonsteadyStatesDetector>
250329-09:52:48,568 nipype.workflow INFO:
	 [Node] Setting-up "fmriprep_24_0_wf.sub_27_wf.bold_task_bird_run_5_wf.bold_fit_wf.hmc_boldref_wf.get_dummy" in "/work_dir/fmriprep_24_0_wf/sub_27_wf/bold_task_bird_run_5_wf/bold_fit_wf/hmc_boldref_wf/get_dummy".
250329-09:52:48,570 nipype.workflow INFO:
	 [Node] Executing "get_dummy" <niworkflows.interfaces.bold.NonsteadyStatesDetector>
250329-09:52:48,594 nipype.workflow INFO:
	 [Node] Setting-up "fmriprep_24_0_wf.sub_27_wf.bold_task_bird_run_5_wf.bold_fit_wf.hmc_boldref_wf.val_bold" in "/work_dir/fmriprep_24_0_wf/sub_27_wf/bold_task_bird_run_5_wf/bold_fit_wf/hmc_boldref_wf/val_bold".
250329-09:52:48,596 nipype.workflow INFO:
	 [Node] Executing "val_bold" <niworkflows.interfaces.header.ValidateImage>
250329-09:52:48,675 nipype.workflow INFO:
	 [Node] Setting-up "fmriprep_24_0_wf.sub_27_wf.bold_task_bird_run_2_wf.bold_fit_wf.ds_boldmask_wf.sources" in "/work_dir/fmriprep_24_0_wf/sub_27_wf/bold_task_bird_run_2_wf/bold_fit_wf/ds_boldmask_wf/sources".
250329-09:52:48,683 nipype.workflow INFO:
	 [Node] Executing "sources" <fmriprep.interfaces.bids.BIDSURI>
250329-09:52:48,718 nipype.workflow INFO:
	 [Node] Finished "sources", elapsed time 0.000368s.
250329-09:52:48,735 nipype.workflow INFO:
	 [Node] Setting-up "fmriprep_24_0_wf.sub_27_wf.bold_task_bird_run_1_wf.bold_fit_wf.ds_boldmask_wf.sources" in "/work_dir/fmriprep_24_0_wf/sub_27_wf/bold_task_bird_run_1_wf/bold_fit_wf/ds_boldmask_wf/sources".
250329-09:52:48,745 nipype.workflow INFO:
	 [Node] Executing "sources" <fmriprep.interfaces.bids.BIDSURI>
250329-09:52:48,776 nipype.workflow INFO:
	 [Node] Finished "sources", elapsed time 0.000344s.
250329-09:52:48,989 nipype.workflow INFO:
	 [Node] Setting-up "fmriprep_24_0_wf.sub_27_wf.bold_task_bird_run_1_wf.ds_bold_native_wf.sources" in "/work_dir/fmriprep_24_0_wf/sub_27_wf/bold_task_bird_run_1_wf/ds_bold_native_wf/sources".
250329-09:52:48,994 nipype.workflow INFO:
	 [Node] Executing "sources" <fmriprep.interfaces.bids.BIDSURI>
250329-09:52:48,995 nipype.workflow INFO:
	 [Node] Finished "sources", elapsed time 0.0003s.
250329-09:52:49,251 nipype.workflow INFO:
	 [Node] Setting-up "fmriprep_24_0_wf.sub_27_wf.bold_task_bird_run_6_wf.bold_fit_wf.hmc_boldref_wf.val_bold" in "/work_dir/fmriprep_24_0_wf/sub_27_wf/bold_task_bird_run_6_wf/bold_fit_wf/hmc_boldref_wf/val_bold".
250329-09:52:49,253 nipype.workflow INFO:
	 [Node] Executing "val_bold" <niworkflows.interfaces.header.ValidateImage>
250329-09:52:49,375 nipype.workflow INFO:
	 [Node] Setting-up "fmriprep_24_0_wf.sub_27_wf.bold_task_bird_run_6_wf.bold_fit_wf.ds_boldmask_wf.sources" in "/work_dir/fmriprep_24_0_wf/sub_27_wf/bold_task_bird_run_6_wf/bold_fit_wf/ds_boldmask_wf/sources".
250329-09:52:49,378 nipype.workflow INFO:
	 [Node] Executing "sources" <fmriprep.interfaces.bids.BIDSURI>
250329-09:52:49,379 nipype.workflow INFO:
	 [Node] Finished "sources", elapsed time 0.000264s.
250329-09:52:49,382 nipype.workflow INFO:
	 [Node] Setting-up "fmriprep_24_0_wf.sub_27_wf.bold_task_bird_run_6_wf.bold_native_wf.bold_source" in "/work_dir/fmriprep_24_0_wf/sub_27_wf/bold_task_bird_run_6_wf/bold_native_wf/bold_source".
250329-09:52:49,384 nipype.workflow INFO:
	 [Node] Executing "bold_source" <nipype.interfaces.utility.base.Select>
250329-09:52:49,387 nipype.workflow INFO:
	 [Node] Setting-up "fmriprep_24_0_wf.sub_27_wf.bold_task_bird_run_6_wf.ds_bold_native_wf.sources" in "/work_dir/fmriprep_24_0_wf/sub_27_wf/bold_task_bird_run_6_wf/ds_bold_native_wf/sources".
250329-09:52:49,389 nipype.workflow INFO:
	 [Node] Executing "sources" <fmriprep.interfaces.bids.BIDSURI>
250329-09:52:49,390 nipype.workflow INFO:
	 [Node] Finished "sources", elapsed time 0.000266s.
250329-09:52:49,396 nipype.workflow INFO:
	 [Node] Finished "bold_source", elapsed time 0.000387s.
250329-09:52:50,338 nipype.workflow INFO:
	 [Node] Finished "get_dummy", elapsed time 9.786173s.
250329-09:52:50,354 nipype.workflow INFO:
	 [Node] Setting-up "fmriprep_24_0_wf.sub_27_wf.bold_task_bird_run_1_wf.bold_fit_wf.ds_hmc_wf.sources" in "/work_dir/fmriprep_24_0_wf/sub_27_wf/bold_task_bird_run_1_wf/bold_fit_wf/ds_hmc_wf/sources".
250329-09:52:50,363 nipype.workflow INFO:
	 [Node] Executing "sources" <fmriprep.interfaces.bids.BIDSURI>
250329-09:52:50,364 nipype.workflow INFO:
	 [Node] Finished "sources", elapsed time 0.000277s.
250329-09:52:50,461 nipype.workflow INFO:
	 [Node] Setting-up "fmriprep_24_0_wf.sub_27_wf.bold_task_bird_run_2_wf.bold_fit_wf.ds_hmc_wf.sources" in "/work_dir/fmriprep_24_0_wf/sub_27_wf/bold_task_bird_run_2_wf/bold_fit_wf/ds_hmc_wf/sources".
250329-09:52:50,464 nipype.workflow INFO:
	 [Node] Executing "sources" <fmriprep.interfaces.bids.BIDSURI>
250329-09:52:50,503 nipype.workflow INFO:
	 [Node] Finished "sources", elapsed time 0.000381s.
250329-09:52:50,804 nipype.workflow INFO:
	 [Node] Setting-up "fmriprep_24_0_wf.sub_27_wf.bold_task_bird_run_3_wf.bold_fit_wf.ds_hmc_boldref_wf.sources" in "/work_dir/fmriprep_24_0_wf/sub_27_wf/bold_task_bird_run_3_wf/bold_fit_wf/ds_hmc_boldref_wf/sources".
250329-09:52:50,816 nipype.workflow INFO:
	 [Node] Executing "sources" <fmriprep.interfaces.bids.BIDSURI>
250329-09:52:50,849 nipype.workflow INFO:
	 [Node] Finished "sources", elapsed time 0.000364s.
250329-09:52:51,82 nipype.workflow INFO:
	 [Node] Setting-up "fmriprep_24_0_wf.sub_27_wf.bold_task_bird_run_3_wf.bold_fit_wf.ds_hmc_wf.sources" in "/work_dir/fmriprep_24_0_wf/sub_27_wf/bold_task_bird_run_3_wf/bold_fit_wf/ds_hmc_wf/sources".
250329-09:52:51,96 nipype.workflow INFO:
	 [Node] Executing "sources" <fmriprep.interfaces.bids.BIDSURI>
250329-09:52:51,117 nipype.workflow INFO:
	 [Node] Finished "sources", elapsed time 0.000359s.
250329-09:52:51,903 nipype.workflow INFO:
	 [Node] Setting-up "fmriprep_24_0_wf.sub_27_wf.bids_info" in "/work_dir/fmriprep_24_0_wf/sub_27_wf/bids_info".
250329-09:52:51,906 nipype.workflow INFO:
	 [Node] Executing "bids_info" <niworkflows.interfaces.bids.BIDSInfo>
250329-09:52:51,923 nipype.workflow INFO:
	 [Node] Finished "bids_info", elapsed time 0.015937s.
250329-09:52:52,571 nipype.workflow INFO:
	 [Node] Setting-up "fmriprep_24_0_wf.sub_27_wf.anat_fit_wf.anat_template_wf.anat_ref_dimensions" in "/work_dir/fmriprep_24_0_wf/sub_27_wf/anat_fit_wf/anat_template_wf/anat_ref_dimensions".
250329-09:52:52,592 nipype.workflow INFO:
	 [Node] Setting-up "fmriprep_24_0_wf.sub_27_wf.bold_task_bird_run_2_wf.ds_bold_native_wf.sources" in "/work_dir/fmriprep_24_0_wf/sub_27_wf/bold_task_bird_run_2_wf/ds_bold_native_wf/sources".
250329-09:52:52,598 nipype.workflow INFO:
	 [Node] Executing "sources" <fmriprep.interfaces.bids.BIDSURI>
250329-09:52:52,599 nipype.workflow INFO:
	 [Node] Finished "sources", elapsed time 0.000295s.
250329-09:52:52,790 nipype.workflow INFO:
	 [Node] Setting-up "fmriprep_24_0_wf.sub_27_wf.bold_task_bird_run_1_wf.bold_native_wf.validate_bold" in "/work_dir/fmriprep_24_0_wf/sub_27_wf/bold_task_bird_run_1_wf/bold_native_wf/validate_bold".
250329-09:52:52,793 nipype.workflow INFO:
	 [Node] Executing "validate_bold" <niworkflows.interfaces.header.ValidateImage>
250329-09:52:52,804 nipype.workflow INFO:
	 [Node] Setting-up "fmriprep_24_0_wf.sub_27_wf.bold_task_bird_run_2_wf.bold_native_wf.validate_bold" in "/work_dir/fmriprep_24_0_wf/sub_27_wf/bold_task_bird_run_2_wf/bold_native_wf/validate_bold".
250329-09:52:52,807 nipype.workflow INFO:
	 [Node] Executing "validate_bold" <niworkflows.interfaces.header.ValidateImage>
250329-09:52:52,829 nipype.workflow INFO:
	 [Node] Setting-up "fmriprep_24_0_wf.sub_27_wf.bold_task_bird_run_4_wf.bold_native_wf.validate_bold" in "/work_dir/fmriprep_24_0_wf/sub_27_wf/bold_task_bird_run_4_wf/bold_native_wf/validate_bold".
250329-09:52:52,831 nipype.workflow INFO:
	 [Node] Executing "validate_bold" <niworkflows.interfaces.header.ValidateImage>
250329-09:52:52,841 nipype.workflow INFO:
	 [Node] Setting-up "fmriprep_24_0_wf.sub_27_wf.bold_task_bird_run_5_wf.bold_native_wf.validate_bold" in "/work_dir/fmriprep_24_0_wf/sub_27_wf/bold_task_bird_run_5_wf/bold_native_wf/validate_bold".
250329-09:52:52,844 nipype.workflow INFO:
	 [Node] Executing "validate_bold" <niworkflows.interfaces.header.ValidateImage>
250329-09:52:52,859 nipype.workflow INFO:
	 [Node] Setting-up "fmriprep_24_0_wf.sub_27_wf.bold_task_bird_run_6_wf.bold_native_wf.validate_bold" in "/work_dir/fmriprep_24_0_wf/sub_27_wf/bold_task_bird_run_6_wf/bold_native_wf/validate_bold".
250329-09:52:52,862 nipype.workflow INFO:
	 [Node] Executing "validate_bold" <niworkflows.interfaces.header.ValidateImage>
250329-09:52:53,791 nipype.workflow INFO:
	 [Node] Setting-up "fmriprep_24_0_wf.sub_27_wf.bold_task_bird_run_3_wf.bold_native_wf.validate_bold" in "/work_dir/fmriprep_24_0_wf/sub_27_wf/bold_task_bird_run_3_wf/bold_native_wf/validate_bold".
250329-09:52:53,815 nipype.workflow INFO:
	 [Node] Executing "validate_bold" <niworkflows.interfaces.header.ValidateImage>
250329-09:52:54,288 nipype.workflow INFO:
	 [Node] Setting-up "fmriprep_24_0_wf.sub_27_wf.bold_task_bird_run_4_wf.bold_fit_wf.ds_boldmask_wf.sources" in "/work_dir/fmriprep_24_0_wf/sub_27_wf/bold_task_bird_run_4_wf/bold_fit_wf/ds_boldmask_wf/sources".
250329-09:52:54,291 nipype.workflow INFO:
	 [Node] Executing "sources" <fmriprep.interfaces.bids.BIDSURI>
250329-09:52:54,307 nipype.workflow INFO:
	 [Node] Finished "sources", elapsed time 0.000324s.
250329-09:52:54,528 nipype.workflow INFO:
	 [Node] Finished "get_dummy", elapsed time 10.157158s.
250329-09:52:54,642 nipype.workflow INFO:
	 [Node] Setting-up "fmriprep_24_0_wf.sub_27_wf.bold_task_bird_run_4_wf.bold_fit_wf.ds_hmc_boldref_wf.sources" in "/work_dir/fmriprep_24_0_wf/sub_27_wf/bold_task_bird_run_4_wf/bold_fit_wf/ds_hmc_boldref_wf/sources".
250329-09:52:54,654 nipype.workflow INFO:
	 [Node] Executing "sources" <fmriprep.interfaces.bids.BIDSURI>
250329-09:52:54,698 nipype.workflow INFO:
	 [Node] Finished "sources", elapsed time 0.000367s.
250329-09:52:54,758 nipype.workflow INFO:
	 [Node] Setting-up "fmriprep_24_0_wf.sub_27_wf.bold_task_bird_run_6_wf.bold_fit_wf.ds_hmc_boldref_wf.sources" in "/work_dir/fmriprep_24_0_wf/sub_27_wf/bold_task_bird_run_6_wf/bold_fit_wf/ds_hmc_boldref_wf/sources".
250329-09:52:54,763 nipype.workflow INFO:
	 [Node] Executing "sources" <fmriprep.interfaces.bids.BIDSURI>
250329-09:52:54,773 nipype.workflow INFO:
	 [Node] Finished "sources", elapsed time 0.000331s.
250329-09:52:55,121 nipype.workflow INFO:
	 [Node] Finished "get_dummy", elapsed time 11.717514s.
250329-09:52:55,557 nipype.workflow INFO:
	 [Node] Setting-up "fmriprep_24_0_wf.sub_27_wf.bold_task_bird_run_5_wf.bold_fit_wf.ds_hmc_boldref_wf.sources" in "/work_dir/fmriprep_24_0_wf/sub_27_wf/bold_task_bird_run_5_wf/bold_fit_wf/ds_hmc_boldref_wf/sources".
250329-09:52:55,567 nipype.workflow INFO:
	 [Node] Executing "sources" <fmriprep.interfaces.bids.BIDSURI>
250329-09:52:55,588 nipype.workflow INFO:
	 [Node] Finished "sources", elapsed time 0.00037s.
250329-09:52:55,606 nipype.workflow INFO:
	 [Node] Setting-up "fmriprep_24_0_wf.sub_27_wf.bold_task_bird_run_5_wf.bold_fit_wf.ds_hmc_wf.sources" in "/work_dir/fmriprep_24_0_wf/sub_27_wf/bold_task_bird_run_5_wf/bold_fit_wf/ds_hmc_wf/sources".
250329-09:52:55,614 nipype.workflow INFO:
	 [Node] Executing "sources" <fmriprep.interfaces.bids.BIDSURI>
250329-09:52:55,635 nipype.workflow INFO:
	 [Node] Finished "sources", elapsed time 0.000372s.
250329-09:52:55,668 nipype.workflow INFO:
	 [Node] Setting-up "fmriprep_24_0_wf.sub_27_wf.bold_task_bird_run_4_wf.bold_fit_wf.ds_hmc_wf.sources" in "/work_dir/fmriprep_24_0_wf/sub_27_wf/bold_task_bird_run_4_wf/bold_fit_wf/ds_hmc_wf/sources".
250329-09:52:55,675 nipype.workflow INFO:
	 [Node] Executing "sources" <fmriprep.interfaces.bids.BIDSURI>
250329-09:52:55,693 nipype.workflow INFO:
	 [Node] Finished "sources", elapsed time 0.000365s.
250329-09:52:56,72 nipype.workflow INFO:
	 [Node] Setting-up "fmriprep_24_0_wf.sub_27_wf.bold_task_bird_run_6_wf.bold_fit_wf.ds_hmc_wf.sources" in "/work_dir/fmriprep_24_0_wf/sub_27_wf/bold_task_bird_run_6_wf/bold_fit_wf/ds_hmc_wf/sources".
250329-09:52:56,80 nipype.workflow INFO:
	 [Node] Executing "sources" <fmriprep.interfaces.bids.BIDSURI>
250329-09:52:56,100 nipype.workflow INFO:
	 [Node] Finished "sources", elapsed time 0.000369s.
250329-09:52:56,314 nipype.workflow INFO:
	 [Node] Setting-up "fmriprep_24_0_wf.sub_27_wf.anat_fit_wf.fs_isrunning" in "/work_dir/fmriprep_24_0_wf/sub_27_wf/anat_fit_wf/fs_isrunning".
250329-09:52:56,325 nipype.workflow INFO:
	 [Node] Executing "fs_isrunning" <nipype.interfaces.utility.wrappers.Function>
250329-09:52:56,326 nipype.workflow INFO:
	 [Node] Finished "fs_isrunning", elapsed time 0.000767s.
250329-09:52:56,592 nipype.workflow INFO:
	 [Node] Setting-up "fmriprep_24_0_wf.sub_27_wf.bold_task_bird_run_5_wf.bold_fit_wf.ds_boldmask_wf.sources" in "/work_dir/fmriprep_24_0_wf/sub_27_wf/bold_task_bird_run_5_wf/bold_fit_wf/ds_boldmask_wf/sources".
250329-09:52:56,601 nipype.workflow INFO:
	 [Node] Executing "sources" <fmriprep.interfaces.bids.BIDSURI>
250329-09:52:56,626 nipype.workflow INFO:
	 [Node] Finished "sources", elapsed time 0.000361s.
250329-09:52:56,765 nipype.workflow INFO:
	 [Node] Finished "get_dummy", elapsed time 9.950533s.
250329-09:52:56,852 nipype.workflow INFO:
	 [Node] Finished "get_dummy", elapsed time 8.257822s.
250329-09:52:56,980 nipype.workflow INFO:
	 [Node] Setting-up "fmriprep_24_0_wf.sub_27_wf.bold_task_bird_run_4_wf.ds_bold_native_wf.sources" in "/work_dir/fmriprep_24_0_wf/sub_27_wf/bold_task_bird_run_4_wf/ds_bold_native_wf/sources".
250329-09:52:56,987 nipype.workflow INFO:
	 [Node] Executing "sources" <fmriprep.interfaces.bids.BIDSURI>
250329-09:52:56,988 nipype.workflow INFO:
	 [Node] Finished "sources", elapsed time 0.00028s.
250329-09:52:57,234 nipype.workflow INFO:
	 [Node] Finished "get_dummy", elapsed time 8.814523s.
250329-09:52:58,924 nipype.workflow INFO:
	 [Node] Executing "anat_ref_dimensions" <niworkflows.interfaces.images.TemplateDimensions>
250329-09:52:59,217 nipype.workflow INFO:
	 [Node] Finished "anat_ref_dimensions", elapsed time 0.271118s.
250329-09:53:00,694 nipype.workflow INFO:
	 [Node] Setting-up "fmriprep_24_0_wf.sub_27_wf.anat_fit_wf.ds_t1w_mask_wf.raw_sources" in "/work_dir/fmriprep_24_0_wf/sub_27_wf/anat_fit_wf/ds_t1w_mask_wf/raw_sources".
250329-09:53:00,699 nipype.workflow INFO:
	 [Node] Setting-up "fmriprep_24_0_wf.sub_27_wf.anat_fit_wf.ds_ribbon_mask_wf.raw_sources" in "/work_dir/fmriprep_24_0_wf/sub_27_wf/anat_fit_wf/ds_ribbon_mask_wf/raw_sources".
250329-09:53:00,701 nipype.workflow INFO:
	 [Node] Executing "raw_sources" <nipype.interfaces.utility.wrappers.Function>
250329-09:53:00,703 nipype.workflow INFO:
	 [Node] Finished "raw_sources", elapsed time 0.000696s.
250329-09:53:00,707 nipype.workflow INFO:
	 [Node] Executing "raw_sources" <nipype.interfaces.utility.wrappers.Function>
250329-09:53:00,708 nipype.workflow INFO:
	 [Node] Finished "raw_sources", elapsed time 0.000544s.
250329-09:53:00,769 nipype.workflow INFO:
	 [Node] Setting-up "_denoise0" in "/work_dir/fmriprep_24_0_wf/sub_27_wf/anat_fit_wf/anat_template_wf/denoise/mapflow/_denoise0".
250329-09:53:00,770 nipype.workflow INFO:
	 [Node] Executing "_denoise0" <nipype.interfaces.ants.segmentation.DenoiseImage>
250329-09:53:11,237 nipype.workflow INFO:
	 [Node] Finished "lap_tmpl", elapsed time 30.943634s.
250329-09:53:13,27 nipype.workflow INFO:
	 [Node] Setting-up "fmriprep_24_0_wf.sub_27_wf.anat_fit_wf.brain_extraction_wf.mrg_tmpl" in "/work_dir/fmriprep_24_0_wf/sub_27_wf/anat_fit_wf/brain_extraction_wf/mrg_tmpl".
250329-09:53:13,111 nipype.workflow INFO:
	 [Node] Executing "mrg_tmpl" <nipype.interfaces.utility.base.Merge>
250329-09:53:13,112 nipype.workflow INFO:
	 [Node] Finished "mrg_tmpl", elapsed time 0.000229s.
250329-09:53:21,825 nipype.workflow INFO:
	 [Node] Finished "val_bold", elapsed time 37.440385s.
250329-09:53:22,813 nipype.workflow INFO:
	 [Node] Finished "val_bold", elapsed time 34.18679s.
250329-09:53:23,232 nipype.workflow INFO:
	 [Node] Finished "val_bold", elapsed time 37.621827s.
250329-09:53:23,407 nipype.workflow INFO:
	 [Node] Setting-up "fmriprep_24_0_wf.sub_27_wf.bold_task_bird_run_3_wf.bold_fit_wf.hmc_boldref_wf.gen_avg" in "/work_dir/fmriprep_24_0_wf/sub_27_wf/bold_task_bird_run_3_wf/bold_fit_wf/hmc_boldref_wf/gen_avg".
250329-09:53:23,432 nipype.workflow INFO:
	 [Node] Executing "gen_avg" <niworkflows.interfaces.images.RobustAverage>
250329-09:53:25,209 nipype.workflow INFO:
	 [Node] Finished "validate_bold", elapsed time 32.415615s.
250329-09:53:25,459 nipype.workflow INFO:
	 [Node] Setting-up "fmriprep_24_0_wf.sub_27_wf.bold_task_bird_run_4_wf.bold_fit_wf.hmc_boldref_wf.gen_avg" in "/work_dir/fmriprep_24_0_wf/sub_27_wf/bold_task_bird_run_4_wf/bold_fit_wf/hmc_boldref_wf/gen_avg".
250329-09:53:25,493 nipype.workflow INFO:
	 [Node] Executing "gen_avg" <niworkflows.interfaces.images.RobustAverage>
250329-09:53:26,242 nipype.workflow INFO:
	 [Node] Setting-up "fmriprep_24_0_wf.sub_27_wf.bold_task_bird_run_5_wf.bold_fit_wf.hmc_boldref_wf.gen_avg" in "/work_dir/fmriprep_24_0_wf/sub_27_wf/bold_task_bird_run_5_wf/bold_fit_wf/hmc_boldref_wf/gen_avg".
250329-09:53:26,264 nipype.workflow INFO:
	 [Node] Executing "gen_avg" <niworkflows.interfaces.images.RobustAverage>
250329-09:53:26,879 nipype.workflow INFO:
	 [Node] Finished "validate_bold", elapsed time 34.047167s.
250329-09:53:27,320 nipype.workflow INFO:
	 [Node] Finished "validate_bold", elapsed time 34.512061s.
250329-09:53:27,557 nipype.workflow INFO:
	 [Node] Finished "val_bold", elapsed time 44.506946s.
250329-09:53:28,152 nipype.workflow INFO:
	 [Node] Finished "validate_bold", elapsed time 34.336489s.
250329-09:53:29,91 nipype.workflow INFO:
	 [Node] Setting-up "fmriprep_24_0_wf.sub_27_wf.bold_task_bird_run_2_wf.bold_fit_wf.hmc_boldref_wf.gen_avg" in "/work_dir/fmriprep_24_0_wf/sub_27_wf/bold_task_bird_run_2_wf/bold_fit_wf/hmc_boldref_wf/gen_avg".
250329-09:53:29,139 nipype.workflow INFO:
	 [Node] Executing "gen_avg" <niworkflows.interfaces.images.RobustAverage>
250329-09:53:31,469 nipype.workflow INFO:
	 [Node] Finished "val_bold", elapsed time 52.25123s.
250329-09:53:31,779 nipype.workflow INFO:
	 [Node] Finished "validate_bold", elapsed time 38.916891s.
250329-09:53:33,508 nipype.workflow INFO:
	 [Node] Setting-up "fmriprep_24_0_wf.sub_27_wf.bold_task_bird_run_1_wf.bold_fit_wf.hmc_boldref_wf.gen_avg" in "/work_dir/fmriprep_24_0_wf/sub_27_wf/bold_task_bird_run_1_wf/bold_fit_wf/hmc_boldref_wf/gen_avg".
250329-09:53:33,542 nipype.workflow INFO:
	 [Node] Executing "gen_avg" <niworkflows.interfaces.images.RobustAverage>
250329-09:53:33,768 nipype.interface INFO:
	 stderr 2025-03-29T09:53:33.768866:++ 3dvolreg: AFNI version=AFNI_24.1.14 (May 26 2024) [64-bit]
250329-09:53:33,769 nipype.interface INFO:
	 stderr 2025-03-29T09:53:33.768866:++ Authored by: RW Cox
250329-09:53:33,783 nipype.interface INFO:
	 stderr 2025-03-29T09:53:33.783096:** AFNI converts NIFTI_datatype=512 (UINT16) in file /work_dir/fmriprep_24_0_wf/sub_27_wf/bold_task_bird_run_3_wf/bold_fit_wf/hmc_boldref_wf/gen_avg/sub-27_task-bird_run-3_bold_valid_sliced.nii.gz to FLOAT32
250329-09:53:33,783 nipype.interface INFO:
	 stderr 2025-03-29T09:53:33.783602:     Warnings of this type will be muted for this session.
250329-09:53:33,783 nipype.interface INFO:
	 stderr 2025-03-29T09:53:33.783602:     Set AFNI_NIFTI_TYPE_WARN to YES to see them all, NO to see none.
250329-09:53:33,794 nipype.interface INFO:
	 stderr 2025-03-29T09:53:33.794121:[7m*+ WARNING:[0m   If you are performing spatial transformations on an oblique dset,
250329-09:53:33,794 nipype.interface INFO:
	 stderr 2025-03-29T09:53:33.794121:  such as /work_dir/fmriprep_24_0_wf/sub_27_wf/bold_task_bird_run_3_wf/bold_fit_wf/hmc_boldref_wf/gen_avg/sub-27_task-bird_run-3_bold_valid_sliced.nii.gz,
250329-09:53:33,794 nipype.interface INFO:
	 stderr 2025-03-29T09:53:33.794121:  or viewing/combining it with volumes of differing obliquity,
250329-09:53:33,794 nipype.interface INFO:
	 stderr 2025-03-29T09:53:33.794121:  you should consider running: 
250329-09:53:33,794 nipype.interface INFO:
	 stderr 2025-03-29T09:53:33.794121:     3dWarp -deoblique 
250329-09:53:33,794 nipype.interface INFO:
	 stderr 2025-03-29T09:53:33.794121:  on this and  other oblique datasets in the same session.
250329-09:53:33,794 nipype.interface INFO:
	 stderr 2025-03-29T09:53:33.794121: See 3dWarp -help for details.
250329-09:53:33,794 nipype.interface INFO:
	 stderr 2025-03-29T09:53:33.794121:++ Oblique dataset:/work_dir/fmriprep_24_0_wf/sub_27_wf/bold_task_bird_run_3_wf/bold_fit_wf/hmc_boldref_wf/gen_avg/sub-27_task-bird_run-3_bold_valid_sliced.nii.gz is 11.568871 degrees from plumb.
250329-09:53:33,794 nipype.interface INFO:
	 stderr 2025-03-29T09:53:33.794930:++ Coarse del was 10, replaced with 6
250329-09:53:35,817 nipype.interface INFO:
	 stderr 2025-03-29T09:53:35.817899:++ 3dvolreg: AFNI version=AFNI_24.1.14 (May 26 2024) [64-bit]
250329-09:53:35,818 nipype.interface INFO:
	 stderr 2025-03-29T09:53:35.818162:++ Authored by: RW Cox
250329-09:53:35,821 nipype.interface INFO:
	 stderr 2025-03-29T09:53:35.821721:** AFNI converts NIFTI_datatype=512 (UINT16) in file /work_dir/fmriprep_24_0_wf/sub_27_wf/bold_task_bird_run_5_wf/bold_fit_wf/hmc_boldref_wf/gen_avg/sub-27_task-bird_run-5_bold_valid_sliced.nii.gz to FLOAT32
250329-09:53:35,822 nipype.interface INFO:
	 stderr 2025-03-29T09:53:35.822491:     Warnings of this type will be muted for this session.
250329-09:53:35,822 nipype.interface INFO:
	 stderr 2025-03-29T09:53:35.822491:     Set AFNI_NIFTI_TYPE_WARN to YES to see them all, NO to see none.
250329-09:53:35,824 nipype.interface INFO:
	 stderr 2025-03-29T09:53:35.824859:[7m*+ WARNING:[0m   If you are performing spatial transformations on an oblique dset,
250329-09:53:35,824 nipype.interface INFO:
	 stderr 2025-03-29T09:53:35.824859:  such as /work_dir/fmriprep_24_0_wf/sub_27_wf/bold_task_bird_run_5_wf/bold_fit_wf/hmc_boldref_wf/gen_avg/sub-27_task-bird_run-5_bold_valid_sliced.nii.gz,
250329-09:53:35,825 nipype.interface INFO:
	 stderr 2025-03-29T09:53:35.824859:  or viewing/combining it with volumes of differing obliquity,
250329-09:53:35,825 nipype.interface INFO:
	 stderr 2025-03-29T09:53:35.824859:  you should consider running: 
250329-09:53:35,825 nipype.interface INFO:
	 stderr 2025-03-29T09:53:35.824859:     3dWarp -deoblique 
250329-09:53:35,825 nipype.interface INFO:
	 stderr 2025-03-29T09:53:35.824859:  on this and  other oblique datasets in the same session.
250329-09:53:35,825 nipype.interface INFO:
	 stderr 2025-03-29T09:53:35.824859: See 3dWarp -help for details.
250329-09:53:35,825 nipype.interface INFO:
	 stderr 2025-03-29T09:53:35.825395:++ Oblique dataset:/work_dir/fmriprep_24_0_wf/sub_27_wf/bold_task_bird_run_5_wf/bold_fit_wf/hmc_boldref_wf/gen_avg/sub-27_task-bird_run-5_bold_valid_sliced.nii.gz is 11.568871 degrees from plumb.
250329-09:53:35,825 nipype.interface INFO:
	 stderr 2025-03-29T09:53:35.825567:++ Coarse del was 10, replaced with 6
250329-09:53:36,549 nipype.workflow INFO:
	 [Node] Setting-up "fmriprep_24_0_wf.sub_27_wf.bold_task_bird_run_3_wf.bold_native_wf.bold_stc_wf.slice_timing_correction" in "/work_dir/fmriprep_24_0_wf/sub_27_wf/bold_task_bird_run_3_wf/bold_native_wf/bold_stc_wf/slice_timing_correction".
250329-09:53:36,549 nipype.workflow INFO:
	 [Node] Setting-up "fmriprep_24_0_wf.sub_27_wf.bold_task_bird_run_4_wf.bold_native_wf.bold_stc_wf.slice_timing_correction" in "/work_dir/fmriprep_24_0_wf/sub_27_wf/bold_task_bird_run_4_wf/bold_native_wf/bold_stc_wf/slice_timing_correction".
250329-09:53:36,581 nipype.workflow INFO:
	 [Node] Executing "slice_timing_correction" <fmriprep.workflows.bold.stc.TShift>
250329-09:53:36,590 nipype.workflow INFO:
	 [Node] Executing "slice_timing_correction" <fmriprep.workflows.bold.stc.TShift>
250329-09:53:36,758 nipype.workflow INFO:
	 [Node] Finished "val_bold", elapsed time 47.487125s.
250329-09:53:37,555 nipype.workflow INFO:
	 [Node] Setting-up "fmriprep_24_0_wf.sub_27_wf.bold_task_bird_run_2_wf.bold_native_wf.bold_stc_wf.slice_timing_correction" in "/work_dir/fmriprep_24_0_wf/sub_27_wf/bold_task_bird_run_2_wf/bold_native_wf/bold_stc_wf/slice_timing_correction".
250329-09:53:37,587 nipype.workflow INFO:
	 [Node] Executing "slice_timing_correction" <fmriprep.workflows.bold.stc.TShift>
250329-09:53:38,524 nipype.interface INFO:
	 stderr 2025-03-29T09:53:38.524680:++ 3dvolreg: AFNI version=AFNI_24.1.14 (May 26 2024) [64-bit]
250329-09:53:38,524 nipype.interface INFO:
	 stderr 2025-03-29T09:53:38.524955:++ Authored by: RW Cox
250329-09:53:38,527 nipype.interface INFO:
	 stderr 2025-03-29T09:53:38.527887:** AFNI converts NIFTI_datatype=512 (UINT16) in file /work_dir/fmriprep_24_0_wf/sub_27_wf/bold_task_bird_run_4_wf/bold_fit_wf/hmc_boldref_wf/gen_avg/sub-27_task-bird_run-4_bold_valid_sliced.nii.gz to FLOAT32
250329-09:53:38,528 nipype.interface INFO:
	 stderr 2025-03-29T09:53:38.528487:     Warnings of this type will be muted for this session.
250329-09:53:38,528 nipype.interface INFO:
	 stderr 2025-03-29T09:53:38.528487:     Set AFNI_NIFTI_TYPE_WARN to YES to see them all, NO to see none.
250329-09:53:38,530 nipype.interface INFO:
	 stderr 2025-03-29T09:53:38.530570:[7m*+ WARNING:[0m   If you are performing spatial transformations on an oblique dset,
250329-09:53:38,530 nipype.interface INFO:
	 stderr 2025-03-29T09:53:38.530570:  such as /work_dir/fmriprep_24_0_wf/sub_27_wf/bold_task_bird_run_4_wf/bold_fit_wf/hmc_boldref_wf/gen_avg/sub-27_task-bird_run-4_bold_valid_sliced.nii.gz,
250329-09:53:38,530 nipype.interface INFO:
	 stderr 2025-03-29T09:53:38.530570:  or viewing/combining it with volumes of differing obliquity,
250329-09:53:38,530 nipype.interface INFO:
	 stderr 2025-03-29T09:53:38.530570:  you should consider running: 
250329-09:53:38,530 nipype.interface INFO:
	 stderr 2025-03-29T09:53:38.530570:     3dWarp -deoblique 
250329-09:53:38,530 nipype.interface INFO:
	 stderr 2025-03-29T09:53:38.530570:  on this and  other oblique datasets in the same session.
250329-09:53:38,531 nipype.interface INFO:
	 stderr 2025-03-29T09:53:38.530570: See 3dWarp -help for details.
250329-09:53:38,531 nipype.interface INFO:
	 stderr 2025-03-29T09:53:38.531126:++ Oblique dataset:/work_dir/fmriprep_24_0_wf/sub_27_wf/bold_task_bird_run_4_wf/bold_fit_wf/hmc_boldref_wf/gen_avg/sub-27_task-bird_run-4_bold_valid_sliced.nii.gz is 11.568871 degrees from plumb.
250329-09:53:38,531 nipype.interface INFO:
	 stderr 2025-03-29T09:53:38.531281:++ Coarse del was 10, replaced with 6
250329-09:53:39,466 nipype.workflow INFO:
	 [Node] Setting-up "fmriprep_24_0_wf.sub_27_wf.bold_task_bird_run_6_wf.bold_fit_wf.hmc_boldref_wf.gen_avg" in "/work_dir/fmriprep_24_0_wf/sub_27_wf/bold_task_bird_run_6_wf/bold_fit_wf/hmc_boldref_wf/gen_avg".
250329-09:53:39,493 nipype.workflow INFO:
	 [Node] Executing "gen_avg" <niworkflows.interfaces.images.RobustAverage>
250329-09:53:39,725 nipype.workflow INFO:
	 [Node] Setting-up "fmriprep_24_0_wf.sub_27_wf.bold_task_bird_run_6_wf.bold_native_wf.bold_stc_wf.slice_timing_correction" in "/work_dir/fmriprep_24_0_wf/sub_27_wf/bold_task_bird_run_6_wf/bold_native_wf/bold_stc_wf/slice_timing_correction".
250329-09:53:39,752 nipype.interface INFO:
	 stderr 2025-03-29T09:53:39.752255:++ 3dvolreg: AFNI version=AFNI_24.1.14 (May 26 2024) [64-bit]
250329-09:53:39,752 nipype.interface INFO:
	 stderr 2025-03-29T09:53:39.752597:++ Authored by: RW Cox
250329-09:53:39,755 nipype.interface INFO:
	 stderr 2025-03-29T09:53:39.755399:** AFNI converts NIFTI_datatype=512 (UINT16) in file /work_dir/fmriprep_24_0_wf/sub_27_wf/bold_task_bird_run_2_wf/bold_fit_wf/hmc_boldref_wf/gen_avg/sub-27_task-bird_run-2_bold_valid_sliced.nii.gz to FLOAT32
250329-09:53:39,755 nipype.interface INFO:
	 stderr 2025-03-29T09:53:39.755951:     Warnings of this type will be muted for this session.
250329-09:53:39,756 nipype.interface INFO:
	 stderr 2025-03-29T09:53:39.755951:     Set AFNI_NIFTI_TYPE_WARN to YES to see them all, NO to see none.
250329-09:53:39,757 nipype.interface INFO:
	 stderr 2025-03-29T09:53:39.757916:[7m*+ WARNING:[0m   If you are performing spatial transformations on an oblique dset,
250329-09:53:39,758 nipype.interface INFO:
	 stderr 2025-03-29T09:53:39.757916:  such as /work_dir/fmriprep_24_0_wf/sub_27_wf/bold_task_bird_run_2_wf/bold_fit_wf/hmc_boldref_wf/gen_avg/sub-27_task-bird_run-2_bold_valid_sliced.nii.gz,
250329-09:53:39,758 nipype.interface INFO:
	 stderr 2025-03-29T09:53:39.757916:  or viewing/combining it with volumes of differing obliquity,
250329-09:53:39,758 nipype.interface INFO:
	 stderr 2025-03-29T09:53:39.757916:  you should consider running: 
250329-09:53:39,758 nipype.interface INFO:
	 stderr 2025-03-29T09:53:39.757916:     3dWarp -deoblique 
250329-09:53:39,758 nipype.interface INFO:
	 stderr 2025-03-29T09:53:39.757916:  on this and  other oblique datasets in the same session.
250329-09:53:39,758 nipype.interface INFO:
	 stderr 2025-03-29T09:53:39.757916: See 3dWarp -help for details.
250329-09:53:39,758 nipype.interface INFO:
	 stderr 2025-03-29T09:53:39.758661:++ Oblique dataset:/work_dir/fmriprep_24_0_wf/sub_27_wf/bold_task_bird_run_2_wf/bold_fit_wf/hmc_boldref_wf/gen_avg/sub-27_task-bird_run-2_bold_valid_sliced.nii.gz is 11.568871 degrees from plumb.
250329-09:53:39,758 nipype.interface INFO:
	 stderr 2025-03-29T09:53:39.758661:++ Coarse del was 10, replaced with 6
250329-09:53:39,760 nipype.workflow INFO:
	 [Node] Executing "slice_timing_correction" <fmriprep.workflows.bold.stc.TShift>
250329-09:53:40,107 nipype.workflow INFO:
	 [Node] Setting-up "fmriprep_24_0_wf.sub_27_wf.bold_task_bird_run_1_wf.bold_native_wf.bold_stc_wf.slice_timing_correction" in "/work_dir/fmriprep_24_0_wf/sub_27_wf/bold_task_bird_run_1_wf/bold_native_wf/bold_stc_wf/slice_timing_correction".
250329-09:53:40,144 nipype.workflow INFO:
	 [Node] Executing "slice_timing_correction" <fmriprep.workflows.bold.stc.TShift>
250329-09:53:43,833 nipype.interface INFO:
	 stderr 2025-03-29T09:53:43.833220:++ 3dvolreg: AFNI version=AFNI_24.1.14 (May 26 2024) [64-bit]
250329-09:53:43,833 nipype.interface INFO:
	 stderr 2025-03-29T09:53:43.833220:++ Authored by: RW Cox
250329-09:53:43,836 nipype.interface INFO:
	 stderr 2025-03-29T09:53:43.836022:** AFNI converts NIFTI_datatype=512 (UINT16) in file /work_dir/fmriprep_24_0_wf/sub_27_wf/bold_task_bird_run_1_wf/bold_fit_wf/hmc_boldref_wf/gen_avg/sub-27_task-bird_run-1_bold_valid_sliced.nii.gz to FLOAT32
250329-09:53:43,836 nipype.interface INFO:
	 stderr 2025-03-29T09:53:43.836520:     Warnings of this type will be muted for this session.
250329-09:53:43,836 nipype.interface INFO:
	 stderr 2025-03-29T09:53:43.836520:     Set AFNI_NIFTI_TYPE_WARN to YES to see them all, NO to see none.
250329-09:53:43,838 nipype.interface INFO:
	 stderr 2025-03-29T09:53:43.838288:[7m*+ WARNING:[0m   If you are performing spatial transformations on an oblique dset,
250329-09:53:43,838 nipype.interface INFO:
	 stderr 2025-03-29T09:53:43.838288:  such as /work_dir/fmriprep_24_0_wf/sub_27_wf/bold_task_bird_run_1_wf/bold_fit_wf/hmc_boldref_wf/gen_avg/sub-27_task-bird_run-1_bold_valid_sliced.nii.gz,
250329-09:53:43,838 nipype.interface INFO:
	 stderr 2025-03-29T09:53:43.838288:  or viewing/combining it with volumes of differing obliquity,
250329-09:53:43,838 nipype.interface INFO:
	 stderr 2025-03-29T09:53:43.838288:  you should consider running: 
250329-09:53:43,838 nipype.interface INFO:
	 stderr 2025-03-29T09:53:43.838288:     3dWarp -deoblique 
250329-09:53:43,838 nipype.interface INFO:
	 stderr 2025-03-29T09:53:43.838288:  on this and  other oblique datasets in the same session.
250329-09:53:43,838 nipype.interface INFO:
	 stderr 2025-03-29T09:53:43.838288: See 3dWarp -help for details.
250329-09:53:43,839 nipype.interface INFO:
	 stderr 2025-03-29T09:53:43.838999:++ Oblique dataset:/work_dir/fmriprep_24_0_wf/sub_27_wf/bold_task_bird_run_1_wf/bold_fit_wf/hmc_boldref_wf/gen_avg/sub-27_task-bird_run-1_bold_valid_sliced.nii.gz is 11.568871 degrees from plumb.
250329-09:53:43,839 nipype.interface INFO:
	 stderr 2025-03-29T09:53:43.838999:++ Coarse del was 10, replaced with 6
250329-09:53:43,973 nipype.workflow INFO:
	 [Node] Finished "validate_bold", elapsed time 51.128659999999996s.
250329-09:53:50,651 nipype.interface INFO:
	 stderr 2025-03-29T09:53:50.651271:++ 3dvolreg: AFNI version=AFNI_24.1.14 (May 26 2024) [64-bit]
250329-09:53:50,651 nipype.interface INFO:
	 stderr 2025-03-29T09:53:50.651271:++ Authored by: RW Cox
250329-09:53:50,661 nipype.interface INFO:
	 stderr 2025-03-29T09:53:50.661304:** AFNI converts NIFTI_datatype=512 (UINT16) in file /work_dir/fmriprep_24_0_wf/sub_27_wf/bold_task_bird_run_6_wf/bold_fit_wf/hmc_boldref_wf/gen_avg/sub-27_task-bird_run-6_bold_valid_sliced.nii.gz to FLOAT32
250329-09:53:50,661 nipype.interface INFO:
	 stderr 2025-03-29T09:53:50.661912:     Warnings of this type will be muted for this session.
250329-09:53:50,662 nipype.interface INFO:
	 stderr 2025-03-29T09:53:50.661912:     Set AFNI_NIFTI_TYPE_WARN to YES to see them all, NO to see none.
250329-09:53:50,664 nipype.interface INFO:
	 stderr 2025-03-29T09:53:50.664033:[7m*+ WARNING:[0m   If you are performing spatial transformations on an oblique dset,
250329-09:53:50,664 nipype.interface INFO:
	 stderr 2025-03-29T09:53:50.664033:  such as /work_dir/fmriprep_24_0_wf/sub_27_wf/bold_task_bird_run_6_wf/bold_fit_wf/hmc_boldref_wf/gen_avg/sub-27_task-bird_run-6_bold_valid_sliced.nii.gz,
250329-09:53:50,664 nipype.interface INFO:
	 stderr 2025-03-29T09:53:50.664033:  or viewing/combining it with volumes of differing obliquity,
250329-09:53:50,664 nipype.interface INFO:
	 stderr 2025-03-29T09:53:50.664033:  you should consider running: 
250329-09:53:50,664 nipype.interface INFO:
	 stderr 2025-03-29T09:53:50.664033:     3dWarp -deoblique 
250329-09:53:50,664 nipype.interface INFO:
	 stderr 2025-03-29T09:53:50.664033:  on this and  other oblique datasets in the same session.
250329-09:53:50,664 nipype.interface INFO:
	 stderr 2025-03-29T09:53:50.664033: See 3dWarp -help for details.
250329-09:53:50,664 nipype.interface INFO:
	 stderr 2025-03-29T09:53:50.664033:++ Oblique dataset:/work_dir/fmriprep_24_0_wf/sub_27_wf/bold_task_bird_run_6_wf/bold_fit_wf/hmc_boldref_wf/gen_avg/sub-27_task-bird_run-6_bold_valid_sliced.nii.gz is 11.568871 degrees from plumb.
250329-09:53:50,664 nipype.interface INFO:
	 stderr 2025-03-29T09:53:50.664033:++ Coarse del was 10, replaced with 6
250329-09:53:53,841 nipype.workflow INFO:
	 [Node] Setting-up "fmriprep_24_0_wf.sub_27_wf.bold_task_bird_run_5_wf.bold_native_wf.bold_stc_wf.slice_timing_correction" in "/work_dir/fmriprep_24_0_wf/sub_27_wf/bold_task_bird_run_5_wf/bold_native_wf/bold_stc_wf/slice_timing_correction".
250329-09:53:53,871 nipype.workflow INFO:
	 [Node] Executing "slice_timing_correction" <fmriprep.workflows.bold.stc.TShift>
250329-09:55:49,359 nipype.workflow INFO:
	 [Node] Finished "_denoise0", elapsed time 168.205454s.
250329-09:55:50,744 nipype.workflow INFO:
	 [Node] Setting-up "_anat_conform0" in "/work_dir/fmriprep_24_0_wf/sub_27_wf/anat_fit_wf/anat_template_wf/anat_conform/mapflow/_anat_conform0".
250329-09:55:50,746 nipype.workflow INFO:
	 [Node] Executing "_anat_conform0" <niworkflows.interfaces.images.Conform>
250329-09:55:50,898 nipype.workflow INFO:
	 [Node] Finished "_anat_conform0", elapsed time 0.151757s.
250329-09:55:52,767 nipype.workflow INFO:
	 [Node] Setting-up "fmriprep_24_0_wf.sub_27_wf.anat_fit_wf.anat_template_wf.get1st" in "/work_dir/fmriprep_24_0_wf/sub_27_wf/anat_fit_wf/anat_template_wf/get1st".
250329-09:55:52,774 nipype.workflow INFO:
	 [Node] Executing "get1st" <nipype.interfaces.utility.base.Select>
250329-09:55:52,775 nipype.workflow INFO:
	 [Node] Finished "get1st", elapsed time 0.000372s.
250329-09:55:54,166 nipype.workflow INFO:
	 [Node] Finished "slice_timing_correction", elapsed time 136.577393s.
250329-09:55:54,703 nipype.workflow INFO:
	 [Node] Finished "slice_timing_correction", elapsed time 138.111934s.
250329-09:55:54,716 nipype.workflow INFO:
	 [Node] Setting-up "fmriprep_24_0_wf.sub_27_wf.bold_task_bird_run_2_wf.bold_native_wf.bold_stc_wf.copy_xform" in "/work_dir/fmriprep_24_0_wf/sub_27_wf/bold_task_bird_run_2_wf/bold_native_wf/bold_stc_wf/copy_xform".
250329-09:55:54,841 nipype.workflow INFO:
	 [Node] Finished "slice_timing_correction", elapsed time 138.258966s.
250329-09:55:55,852 nipype.workflow INFO:
	 [Node] Finished "slice_timing_correction", elapsed time 135.707387s.
250329-09:55:56,601 nipype.workflow INFO:
	 [Node] Setting-up "fmriprep_24_0_wf.sub_27_wf.bold_task_bird_run_1_wf.bold_native_wf.bold_stc_wf.copy_xform" in "/work_dir/fmriprep_24_0_wf/sub_27_wf/bold_task_bird_run_1_wf/bold_native_wf/bold_stc_wf/copy_xform".
250329-09:55:56,619 nipype.workflow INFO:
	 [Node] Setting-up "_truncate_images0" in "/work_dir/fmriprep_24_0_wf/sub_27_wf/anat_fit_wf/brain_extraction_wf/truncate_images/mapflow/_truncate_images0".
250329-09:55:56,621 nipype.workflow INFO:
	 [Node] Executing "_truncate_images0" <nipype.interfaces.ants.utils.ImageMath>
250329-09:55:56,622 nipype.workflow INFO:
	 [Node] Setting-up "fmriprep_24_0_wf.sub_27_wf.bold_task_bird_run_3_wf.bold_native_wf.bold_stc_wf.copy_xform" in "/work_dir/fmriprep_24_0_wf/sub_27_wf/bold_task_bird_run_3_wf/bold_native_wf/bold_stc_wf/copy_xform".
250329-09:55:56,624 nipype.workflow INFO:
	 [Node] Setting-up "fmriprep_24_0_wf.sub_27_wf.anat_fit_wf.surface_recon_wf.fov_check" in "/work_dir/fmriprep_24_0_wf/sub_27_wf/anat_fit_wf/surface_recon_wf/fov_check".
250329-09:55:56,627 nipype.workflow INFO:
	 [Node] Executing "fov_check" <nipype.interfaces.utility.wrappers.Function>
250329-09:55:56,859 nipype.workflow INFO:
	 [Node] Setting-up "fmriprep_24_0_wf.sub_27_wf.bold_task_bird_run_4_wf.bold_native_wf.bold_stc_wf.copy_xform" in "/work_dir/fmriprep_24_0_wf/sub_27_wf/bold_task_bird_run_4_wf/bold_native_wf/bold_stc_wf/copy_xform".
250329-09:55:57,784 nipype.workflow INFO:
	 [Node] Finished "fov_check", elapsed time 1.156081s.
250329-09:55:57,935 nipype.workflow INFO:
	 [Node] Executing "copy_xform" <niworkflows.interfaces.header.CopyXForm>
250329-09:55:58,607 nipype.workflow INFO:
	 [Node] Finished "slice_timing_correction", elapsed time 138.845713s.
250329-09:55:58,690 nipype.workflow INFO:
	 [Node] Setting-up "fmriprep_24_0_wf.sub_27_wf.anat_fit_wf.surface_recon_wf.recon_config" in "/work_dir/fmriprep_24_0_wf/sub_27_wf/anat_fit_wf/surface_recon_wf/recon_config".
250329-09:56:00,737 nipype.workflow INFO:
	 [Node] Setting-up "fmriprep_24_0_wf.sub_27_wf.bold_task_bird_run_6_wf.bold_native_wf.bold_stc_wf.copy_xform" in "/work_dir/fmriprep_24_0_wf/sub_27_wf/bold_task_bird_run_6_wf/bold_native_wf/bold_stc_wf/copy_xform".
250329-09:56:00,941 nipype.workflow INFO:
	 [Node] Finished "slice_timing_correction", elapsed time 127.069187s.
250329-09:56:01,228 nipype.workflow INFO:
	 [Node] Executing "copy_xform" <niworkflows.interfaces.header.CopyXForm>
250329-09:56:01,314 nipype.workflow INFO:
	 [Node] Executing "recon_config" <niworkflows.interfaces.freesurfer.FSDetectInputs>
250329-09:56:01,383 nipype.workflow INFO:
	 [Node] Finished "recon_config", elapsed time 0.068527s.
250329-09:56:01,551 nipype.workflow INFO:
	 [Node] Executing "copy_xform" <niworkflows.interfaces.header.CopyXForm>
250329-09:56:02,705 nipype.workflow INFO:
	 [Node] Setting-up "fmriprep_24_0_wf.sub_27_wf.bold_task_bird_run_5_wf.bold_native_wf.bold_stc_wf.copy_xform" in "/work_dir/fmriprep_24_0_wf/sub_27_wf/bold_task_bird_run_5_wf/bold_native_wf/bold_stc_wf/copy_xform".
250329-09:56:04,582 nipype.workflow INFO:
	 [Node] Executing "copy_xform" <niworkflows.interfaces.header.CopyXForm>
250329-09:56:04,952 nipype.workflow INFO:
	 [Node] Executing "copy_xform" <niworkflows.interfaces.header.CopyXForm>
250329-09:56:07,508 nipype.workflow INFO:
	 [Node] Executing "copy_xform" <niworkflows.interfaces.header.CopyXForm>
250329-09:56:08,927 nipype.workflow INFO:
	 [Node] Setting-up "fmriprep_24_0_wf.sub_27_wf.anat_fit_wf.surface_recon_wf.autorecon1" in "/work_dir/fmriprep_24_0_wf/sub_27_wf/anat_fit_wf/surface_recon_wf/autorecon1".
250329-09:56:08,943 nipype.workflow INFO:
	 [Node] Executing "autorecon1" <smriprep.interfaces.freesurfer.ReconAll>
250329-09:56:11,281 nipype.workflow INFO:
	 [Node] Finished "_truncate_images0", elapsed time 13.970882s.
250329-09:56:12,827 nipype.workflow INFO:
	 [Node] Setting-up "_inu_n40" in "/work_dir/fmriprep_24_0_wf/sub_27_wf/anat_fit_wf/brain_extraction_wf/inu_n4/mapflow/_inu_n40".
250329-09:56:12,829 nipype.workflow INFO:
	 [Node] Executing "_inu_n40" <nipype.interfaces.ants.segmentation.N4BiasFieldCorrection>
250329-09:56:36,392 nipype.interface INFO:
	 stderr 2025-03-29T09:56:36.392876:++ Max displacement in automask = 0.26 (mm) at sub-brick 19
250329-09:56:36,403 nipype.interface INFO:
	 stderr 2025-03-29T09:56:36.403574:++ Max delta displ  in automask = 0.22 (mm) at sub-brick 18
250329-09:56:38,1 nipype.interface INFO:
	 stderr 2025-03-29T09:56:38.001313:++ Max displacement in automask = 0.13 (mm) at sub-brick 8
250329-09:56:38,1 nipype.interface INFO:
	 stderr 2025-03-29T09:56:38.001615:++ Max delta displ  in automask = 0.19 (mm) at sub-brick 4
250329-09:56:43,218 nipype.interface INFO:
	 stderr 2025-03-29T09:56:43.218914:++ Max displacement in automask = 0.31 (mm) at sub-brick 11
250329-09:56:43,219 nipype.interface INFO:
	 stderr 2025-03-29T09:56:43.218914:++ Max delta displ  in automask = 0.21 (mm) at sub-brick 18
250329-09:56:45,315 nipype.interface INFO:
	 stderr 2025-03-29T09:56:45.315410:++ Max displacement in automask = 0.56 (mm) at sub-brick 5
250329-09:56:45,321 nipype.interface INFO:
	 stderr 2025-03-29T09:56:45.321457:++ Max delta displ  in automask = 0.63 (mm) at sub-brick 6
250329-09:56:48,188 nipype.workflow INFO:
	 [Node] Finished "gen_avg", elapsed time 204.754531s.
250329-09:56:48,618 nipype.workflow INFO:
	 [Node] Finished "gen_avg", elapsed time 202.353341s.
250329-09:56:48,713 nipype.workflow INFO:
	 [Node] Setting-up "fmriprep_24_0_wf.sub_27_wf.bold_task_bird_run_3_wf.bold_fit_wf.fmapref_buffer" in "/work_dir/fmriprep_24_0_wf/sub_27_wf/bold_task_bird_run_3_wf/bold_fit_wf/fmapref_buffer".
250329-09:56:48,723 nipype.workflow INFO:
	 [Node] Executing "fmapref_buffer" <nipype.interfaces.utility.wrappers.Function>
250329-09:56:48,725 nipype.workflow INFO:
	 [Node] Finished "fmapref_buffer", elapsed time 0.000741s.
250329-09:56:48,840 nipype.interface WARNING:
	 Changing /output/sub-27/func/sub-27_task-bird_run-3_desc-hmc_boldref.nii.gz dtype from uint16 to float32
250329-09:56:49,907 nipype.workflow INFO:
	 [Node] Setting-up "fmriprep_24_0_wf.sub_27_wf.bold_task_bird_run_3_wf.bold_fit_wf.bold_hmc_wf.mcflirt" in "/work_dir/fmriprep_24_0_wf/sub_27_wf/bold_task_bird_run_3_wf/bold_fit_wf/bold_hmc_wf/mcflirt".
250329-09:56:49,932 nipype.workflow INFO:
	 [Node] Executing "mcflirt" <nipype.interfaces.fsl.preprocess.MCFLIRT>
250329-09:56:50,924 nipype.interface INFO:
	 stderr 2025-03-29T09:56:50.924421:++ Max displacement in automask = 0.30 (mm) at sub-brick 12
250329-09:56:50,924 nipype.interface INFO:
	 stderr 2025-03-29T09:56:50.924717:++ Max delta displ  in automask = 0.21 (mm) at sub-brick 9
250329-09:56:50,932 nipype.workflow INFO:
	 [Node] Setting-up "fmriprep_24_0_wf.sub_27_wf.bold_task_bird_run_5_wf.bold_fit_wf.fmapref_buffer" in "/work_dir/fmriprep_24_0_wf/sub_27_wf/bold_task_bird_run_5_wf/bold_fit_wf/fmapref_buffer".
250329-09:56:50,940 nipype.workflow INFO:
	 [Node] Executing "fmapref_buffer" <nipype.interfaces.utility.wrappers.Function>
250329-09:56:50,975 nipype.workflow INFO:
	 [Node] Finished "fmapref_buffer", elapsed time 0.034046s.
250329-09:56:51,50 nipype.interface WARNING:
	 Changing /output/sub-27/func/sub-27_task-bird_run-5_desc-hmc_boldref.nii.gz dtype from uint16 to float32
250329-09:56:51,323 nipype.interface INFO:
	 stderr 2025-03-29T09:56:51.322970:++ Max displacement in automask = 0.29 (mm) at sub-brick 18
250329-09:56:51,333 nipype.interface INFO:
	 stderr 2025-03-29T09:56:51.333332:++ Max delta displ  in automask = 0.19 (mm) at sub-brick 3
250329-09:56:52,131 nipype.workflow INFO:
	 [Node] Setting-up "fmriprep_24_0_wf.sub_27_wf.bold_task_bird_run_5_wf.bold_fit_wf.bold_hmc_wf.mcflirt" in "/work_dir/fmriprep_24_0_wf/sub_27_wf/bold_task_bird_run_5_wf/bold_fit_wf/bold_hmc_wf/mcflirt".
250329-09:56:52,146 nipype.workflow INFO:
	 [Node] Executing "mcflirt" <nipype.interfaces.fsl.preprocess.MCFLIRT>
250329-09:56:52,884 nipype.workflow INFO:
	 [Node] Setting-up "fmriprep_24_0_wf.sub_27_wf.bold_task_bird_run_5_wf.bold_fit_wf.ds_coreg_boldref_wf.sources" in "/work_dir/fmriprep_24_0_wf/sub_27_wf/bold_task_bird_run_5_wf/bold_fit_wf/ds_coreg_boldref_wf/sources".
250329-09:56:52,887 nipype.workflow INFO:
	 [Node] Executing "sources" <fmriprep.interfaces.bids.BIDSURI>
250329-09:56:52,888 nipype.workflow INFO:
	 [Node] Finished "sources", elapsed time 0.000268s.
250329-09:56:53,7 nipype.workflow INFO:
	 [Node] Finished "gen_avg", elapsed time 199.46457s.
250329-09:56:54,882 nipype.workflow INFO:
	 [Node] Setting-up "fmriprep_24_0_wf.sub_27_wf.bold_task_bird_run_1_wf.bold_fit_wf.fmapref_buffer" in "/work_dir/fmriprep_24_0_wf/sub_27_wf/bold_task_bird_run_1_wf/bold_fit_wf/fmapref_buffer".
250329-09:56:54,889 nipype.workflow INFO:
	 [Node] Executing "fmapref_buffer" <nipype.interfaces.utility.wrappers.Function>
250329-09:56:54,896 nipype.workflow INFO:
	 [Node] Finished "fmapref_buffer", elapsed time 0.006135s.
250329-09:56:55,61 nipype.interface WARNING:
	 Changing /output/sub-27/func/sub-27_task-bird_run-1_desc-hmc_boldref.nii.gz dtype from uint16 to float32
250329-09:56:56,532 nipype.workflow INFO:
	 [Node] Setting-up "fmriprep_24_0_wf.sub_27_wf.bold_task_bird_run_1_wf.bold_fit_wf.bold_hmc_wf.mcflirt" in "/work_dir/fmriprep_24_0_wf/sub_27_wf/bold_task_bird_run_1_wf/bold_fit_wf/bold_hmc_wf/mcflirt".
250329-09:56:56,559 nipype.workflow INFO:
	 [Node] Executing "mcflirt" <nipype.interfaces.fsl.preprocess.MCFLIRT>
250329-09:56:56,887 nipype.workflow INFO:
	 [Node] Setting-up "fmriprep_24_0_wf.sub_27_wf.bold_task_bird_run_1_wf.bold_fit_wf.ds_coreg_boldref_wf.sources" in "/work_dir/fmriprep_24_0_wf/sub_27_wf/bold_task_bird_run_1_wf/bold_fit_wf/ds_coreg_boldref_wf/sources".
250329-09:56:56,890 nipype.workflow INFO:
	 [Node] Executing "sources" <fmriprep.interfaces.bids.BIDSURI>
250329-09:56:56,891 nipype.workflow INFO:
	 [Node] Finished "sources", elapsed time 0.000252s.
250329-09:56:57,109 nipype.workflow INFO:
	 [Node] Finished "gen_avg", elapsed time 207.968862s.
250329-09:56:57,135 nipype.workflow INFO:
	 [Node] Setting-up "fmriprep_24_0_wf.sub_27_wf.bold_task_bird_run_3_wf.bold_fit_wf.ds_coreg_boldref_wf.sources" in "/work_dir/fmriprep_24_0_wf/sub_27_wf/bold_task_bird_run_3_wf/bold_fit_wf/ds_coreg_boldref_wf/sources".
250329-09:56:57,138 nipype.workflow INFO:
	 [Node] Executing "sources" <fmriprep.interfaces.bids.BIDSURI>
250329-09:56:57,139 nipype.workflow INFO:
	 [Node] Finished "sources", elapsed time 0.000251s.
250329-09:56:58,721 nipype.workflow INFO:
	 [Node] Setting-up "fmriprep_24_0_wf.sub_27_wf.bold_task_bird_run_2_wf.bold_fit_wf.fmapref_buffer" in "/work_dir/fmriprep_24_0_wf/sub_27_wf/bold_task_bird_run_2_wf/bold_fit_wf/fmapref_buffer".
250329-09:56:58,728 nipype.workflow INFO:
	 [Node] Executing "fmapref_buffer" <nipype.interfaces.utility.wrappers.Function>
250329-09:56:58,739 nipype.workflow INFO:
	 [Node] Finished "fmapref_buffer", elapsed time 0.00982s.
250329-09:56:58,827 nipype.interface WARNING:
	 Changing /output/sub-27/func/sub-27_task-bird_run-2_desc-hmc_boldref.nii.gz dtype from uint16 to float32
250329-09:56:59,470 nipype.workflow INFO:
	 [Node] Setting-up "fmriprep_24_0_wf.sub_27_wf.bold_task_bird_run_2_wf.bold_fit_wf.bold_hmc_wf.mcflirt" in "/work_dir/fmriprep_24_0_wf/sub_27_wf/bold_task_bird_run_2_wf/bold_fit_wf/bold_hmc_wf/mcflirt".
250329-09:56:59,479 nipype.workflow INFO:
	 [Node] Executing "mcflirt" <nipype.interfaces.fsl.preprocess.MCFLIRT>
250329-09:57:00,706 nipype.workflow INFO:
	 [Node] Setting-up "fmriprep_24_0_wf.sub_27_wf.bold_task_bird_run_2_wf.bold_fit_wf.ds_coreg_boldref_wf.sources" in "/work_dir/fmriprep_24_0_wf/sub_27_wf/bold_task_bird_run_2_wf/bold_fit_wf/ds_coreg_boldref_wf/sources".
250329-09:57:00,709 nipype.workflow INFO:
	 [Node] Executing "sources" <fmriprep.interfaces.bids.BIDSURI>
250329-09:57:00,710 nipype.workflow INFO:
	 [Node] Finished "sources", elapsed time 0.000272s.
250329-09:57:01,919 nipype.workflow INFO:
	 [Node] Finished "gen_avg", elapsed time 202.425116s.
250329-09:57:02,151 nipype.workflow INFO:
	 [Node] Finished "gen_avg", elapsed time 216.656769s.
250329-09:57:02,805 nipype.workflow INFO:
	 [Node] Setting-up "fmriprep_24_0_wf.sub_27_wf.bold_task_bird_run_4_wf.bold_fit_wf.fmapref_buffer" in "/work_dir/fmriprep_24_0_wf/sub_27_wf/bold_task_bird_run_4_wf/bold_fit_wf/fmapref_buffer".
250329-09:57:02,812 nipype.workflow INFO:
	 [Node] Executing "fmapref_buffer" <nipype.interfaces.utility.wrappers.Function>
250329-09:57:02,823 nipype.workflow INFO:
	 [Node] Finished "fmapref_buffer", elapsed time 0.009573s.
250329-09:57:02,922 nipype.interface WARNING:
	 Changing /output/sub-27/func/sub-27_task-bird_run-4_desc-hmc_boldref.nii.gz dtype from uint16 to float32
250329-09:57:03,683 nipype.workflow INFO:
	 [Node] Setting-up "fmriprep_24_0_wf.sub_27_wf.bold_task_bird_run_6_wf.bold_fit_wf.fmapref_buffer" in "/work_dir/fmriprep_24_0_wf/sub_27_wf/bold_task_bird_run_6_wf/bold_fit_wf/fmapref_buffer".
250329-09:57:03,690 nipype.workflow INFO:
	 [Node] Executing "fmapref_buffer" <nipype.interfaces.utility.wrappers.Function>
250329-09:57:03,693 nipype.workflow INFO:
	 [Node] Finished "fmapref_buffer", elapsed time 0.0018s.
250329-09:57:03,787 nipype.interface WARNING:
	 Changing /output/sub-27/func/sub-27_task-bird_run-6_desc-hmc_boldref.nii.gz dtype from uint16 to float32
250329-09:57:03,837 nipype.workflow INFO:
	 [Node] Setting-up "fmriprep_24_0_wf.sub_27_wf.bold_task_bird_run_4_wf.bold_fit_wf.bold_hmc_wf.mcflirt" in "/work_dir/fmriprep_24_0_wf/sub_27_wf/bold_task_bird_run_4_wf/bold_fit_wf/bold_hmc_wf/mcflirt".
250329-09:57:03,845 nipype.workflow INFO:
	 [Node] Executing "mcflirt" <nipype.interfaces.fsl.preprocess.MCFLIRT>
250329-09:57:04,236 nipype.workflow INFO:
	 [Node] Setting-up "fmriprep_24_0_wf.sub_27_wf.bold_task_bird_run_6_wf.bold_fit_wf.bold_hmc_wf.mcflirt" in "/work_dir/fmriprep_24_0_wf/sub_27_wf/bold_task_bird_run_6_wf/bold_fit_wf/bold_hmc_wf/mcflirt".
250329-09:57:04,245 nipype.workflow INFO:
	 [Node] Executing "mcflirt" <nipype.interfaces.fsl.preprocess.MCFLIRT>
250329-09:57:04,694 nipype.workflow INFO:
	 [Node] Setting-up "fmriprep_24_0_wf.sub_27_wf.bold_task_bird_run_4_wf.bold_fit_wf.ds_coreg_boldref_wf.sources" in "/work_dir/fmriprep_24_0_wf/sub_27_wf/bold_task_bird_run_4_wf/bold_fit_wf/ds_coreg_boldref_wf/sources".
250329-09:57:04,697 nipype.workflow INFO:
	 [Node] Executing "sources" <fmriprep.interfaces.bids.BIDSURI>
250329-09:57:04,698 nipype.workflow INFO:
	 [Node] Finished "sources", elapsed time 0.000255s.
250329-09:57:04,706 nipype.workflow INFO:
	 [Node] Setting-up "fmriprep_24_0_wf.sub_27_wf.bold_task_bird_run_6_wf.bold_fit_wf.ds_coreg_boldref_wf.sources" in "/work_dir/fmriprep_24_0_wf/sub_27_wf/bold_task_bird_run_6_wf/bold_fit_wf/ds_coreg_boldref_wf/sources".
250329-09:57:04,709 nipype.workflow INFO:
	 [Node] Executing "sources" <fmriprep.interfaces.bids.BIDSURI>
250329-09:57:04,710 nipype.workflow INFO:
	 [Node] Finished "sources", elapsed time 0.000267s.
250329-09:57:18,949 nipype.workflow INFO:
	 [Node] Finished "copy_xform", elapsed time 81.013565s.
250329-09:57:19,943 nipype.workflow INFO:
	 [Node] Finished "copy_xform", elapsed time 78.391116s.
250329-09:57:23,991 nipype.workflow INFO:
	 [Node] Finished "copy_xform", elapsed time 82.762095s.
250329-09:57:27,894 nipype.workflow INFO:
	 [Node] Finished "copy_xform", elapsed time 82.935924s.
250329-09:57:28,445 nipype.workflow INFO:
	 [Node] Finished "copy_xform", elapsed time 80.936288s.
250329-09:57:28,537 nipype.workflow INFO:
	 [Node] Finished "copy_xform", elapsed time 83.953708s.
250329-09:57:28,682 nipype.workflow INFO:
	 [Node] Setting-up "fmriprep_24_0_wf.sub_27_wf.bold_task_bird_run_1_wf.bold_fit_wf.enhance_and_skullstrip_bold_wf.init_aff" in "/work_dir/fmriprep_24_0_wf/sub_27_wf/bold_task_bird_run_1_wf/bold_fit_wf/enhance_and_skullstrip_bold_wf/init_aff".
250329-09:57:28,696 nipype.workflow INFO:
	 [Node] Executing "init_aff" <nipype.interfaces.ants.utils.AI>
250329-09:57:59,520 nipype.workflow INFO:
	 [Node] Finished "_inu_n40", elapsed time 105.978159s.
250329-09:58:00,594 nipype.workflow INFO:
	 [Node] Setting-up "fmriprep_24_0_wf.sub_27_wf.anat_fit_wf.brain_extraction_wf.res_target" in "/work_dir/fmriprep_24_0_wf/sub_27_wf/anat_fit_wf/brain_extraction_wf/res_target".
250329-09:58:00,677 nipype.workflow INFO:
	 [Node] Setting-up "fmriprep_24_0_wf.sub_27_wf.anat_fit_wf.brain_extraction_wf.lap_target" in "/work_dir/fmriprep_24_0_wf/sub_27_wf/anat_fit_wf/brain_extraction_wf/lap_target".
250329-09:58:00,695 nipype.workflow INFO:
	 [Node] Setting-up "fmriprep_24_0_wf.sub_27_wf.bold_task_bird_run_2_wf.bold_fit_wf.enhance_and_skullstrip_bold_wf.init_aff" in "/work_dir/fmriprep_24_0_wf/sub_27_wf/bold_task_bird_run_2_wf/bold_fit_wf/enhance_and_skullstrip_bold_wf/init_aff".
250329-09:58:00,699 nipype.workflow INFO:
	 [Node] Executing "res_target" <niworkflows.interfaces.nibabel.RegridToZooms>
250329-09:58:00,702 nipype.workflow INFO:
	 [Node] Executing "lap_target" <nipype.interfaces.ants.utils.ImageMath>
250329-09:58:00,708 nipype.workflow INFO:
	 [Node] Executing "init_aff" <nipype.interfaces.ants.utils.AI>
250329-09:58:03,410 nipype.workflow INFO:
	 [Node] Finished "res_target", elapsed time 2.709777s.
250329-09:58:28,331 nipype.workflow INFO:
	 [Node] Finished "lap_target", elapsed time 26.954668s.
250329-09:58:29,432 nipype.workflow INFO:
	 [Node] Setting-up "fmriprep_24_0_wf.sub_27_wf.anat_fit_wf.brain_extraction_wf.mrg_target" in "/work_dir/fmriprep_24_0_wf/sub_27_wf/anat_fit_wf/brain_extraction_wf/mrg_target".
250329-09:58:29,493 nipype.workflow INFO:
	 [Node] Executing "mrg_target" <nipype.interfaces.utility.base.Merge>
250329-09:58:29,494 nipype.workflow INFO:
	 [Node] Finished "mrg_target", elapsed time 0.00024s.
250329-09:59:48,416 nipype.workflow INFO:
	 [Node] Finished "init_aff", elapsed time 139.266823s.
250329-09:59:50,644 nipype.workflow INFO:
	 [Node] Setting-up "fmriprep_24_0_wf.sub_27_wf.bold_task_bird_run_3_wf.bold_fit_wf.enhance_and_skullstrip_bold_wf.init_aff" in "/work_dir/fmriprep_24_0_wf/sub_27_wf/bold_task_bird_run_3_wf/bold_fit_wf/enhance_and_skullstrip_bold_wf/init_aff".
250329-09:59:50,662 nipype.workflow INFO:
	 [Node] Executing "init_aff" <nipype.interfaces.ants.utils.AI>
250329-10:00:27,702 nipype.workflow INFO:
	 [Node] Finished "init_aff", elapsed time 146.373714s.
250329-10:00:28,913 nipype.workflow INFO:
	 [Node] Setting-up "fmriprep_24_0_wf.sub_27_wf.bold_task_bird_run_4_wf.bold_fit_wf.enhance_and_skullstrip_bold_wf.init_aff" in "/work_dir/fmriprep_24_0_wf/sub_27_wf/bold_task_bird_run_4_wf/bold_fit_wf/enhance_and_skullstrip_bold_wf/init_aff".
250329-10:00:28,916 nipype.workflow INFO:
	 [Node] Executing "init_aff" <nipype.interfaces.ants.utils.AI>
250329-10:02:22,398 nipype.workflow INFO:
	 [Node] Finished "init_aff", elapsed time 151.148249s.
250329-10:02:24,626 nipype.workflow INFO:
	 [Node] Setting-up "fmriprep_24_0_wf.sub_27_wf.bold_task_bird_run_5_wf.bold_fit_wf.enhance_and_skullstrip_bold_wf.init_aff" in "/work_dir/fmriprep_24_0_wf/sub_27_wf/bold_task_bird_run_5_wf/bold_fit_wf/enhance_and_skullstrip_bold_wf/init_aff".
250329-10:02:24,629 nipype.workflow INFO:
	 [Node] Executing "init_aff" <nipype.interfaces.ants.utils.AI>
250329-10:02:47,107 nipype.workflow INFO:
	 [Node] Finished "mcflirt", elapsed time 357.174101s.
250329-10:02:49,865 nipype.workflow INFO:
	 [Node] Setting-up "fmriprep_24_0_wf.sub_27_wf.bold_task_bird_run_3_wf.bold_fit_wf.bold_hmc_wf.normalize_motion" in "/work_dir/fmriprep_24_0_wf/sub_27_wf/bold_task_bird_run_3_wf/bold_fit_wf/bold_hmc_wf/normalize_motion".
250329-10:02:50,65 nipype.workflow INFO:
	 [Node] Executing "normalize_motion" <niworkflows.interfaces.confounds.NormalizeMotionParams>
250329-10:02:50,82 nipype.workflow INFO:
	 [Node] Finished "normalize_motion", elapsed time 0.015994s.
250329-10:02:50,816 nipype.workflow INFO:
	 [Node] Setting-up "fmriprep_24_0_wf.sub_27_wf.bold_task_bird_run_3_wf.bold_confounds_wf.fdisp" in "/work_dir/fmriprep_24_0_wf/sub_27_wf/bold_task_bird_run_3_wf/bold_confounds_wf/fdisp".
250329-10:02:51,859 nipype.workflow INFO:
	 [Node] Executing "fdisp" <nipype.algorithms.confounds.FramewiseDisplacement>
250329-10:02:51,876 nipype.workflow INFO:
	 [Node] Finished "fdisp", elapsed time 0.016242s.
250329-10:02:54,678 nipype.workflow INFO:
	 [Node] Finished "mcflirt", elapsed time 350.831956s.
250329-10:02:56,590 nipype.workflow INFO:
	 [Node] Setting-up "fmriprep_24_0_wf.sub_27_wf.bold_task_bird_run_4_wf.bold_fit_wf.bold_hmc_wf.normalize_motion" in "/work_dir/fmriprep_24_0_wf/sub_27_wf/bold_task_bird_run_4_wf/bold_fit_wf/bold_hmc_wf/normalize_motion".
250329-10:02:56,622 nipype.workflow INFO:
	 [Node] Executing "normalize_motion" <niworkflows.interfaces.confounds.NormalizeMotionParams>
250329-10:02:56,687 nipype.workflow INFO:
	 [Node] Finished "normalize_motion", elapsed time 0.064118s.
250329-10:02:58,610 nipype.workflow INFO:
	 [Node] Setting-up "fmriprep_24_0_wf.sub_27_wf.bold_task_bird_run_4_wf.bold_confounds_wf.fdisp" in "/work_dir/fmriprep_24_0_wf/sub_27_wf/bold_task_bird_run_4_wf/bold_confounds_wf/fdisp".
250329-10:02:58,615 nipype.workflow INFO:
	 [Node] Executing "fdisp" <nipype.algorithms.confounds.FramewiseDisplacement>
250329-10:02:58,619 nipype.workflow INFO:
	 [Node] Finished "fdisp", elapsed time 0.003117s.
250329-10:02:59,236 nipype.workflow INFO:
	 [Node] Finished "mcflirt", elapsed time 367.088924s.
250329-10:03:01,157 nipype.workflow INFO:
	 [Node] Setting-up "fmriprep_24_0_wf.sub_27_wf.bold_task_bird_run_5_wf.bold_fit_wf.bold_hmc_wf.normalize_motion" in "/work_dir/fmriprep_24_0_wf/sub_27_wf/bold_task_bird_run_5_wf/bold_fit_wf/bold_hmc_wf/normalize_motion".
250329-10:03:01,256 nipype.workflow INFO:
	 [Node] Executing "normalize_motion" <niworkflows.interfaces.confounds.NormalizeMotionParams>
250329-10:03:01,261 nipype.workflow INFO:
	 [Node] Finished "normalize_motion", elapsed time 0.004164s.
250329-10:03:02,571 nipype.workflow INFO:
	 [Node] Setting-up "fmriprep_24_0_wf.sub_27_wf.bold_task_bird_run_5_wf.bold_confounds_wf.fdisp" in "/work_dir/fmriprep_24_0_wf/sub_27_wf/bold_task_bird_run_5_wf/bold_confounds_wf/fdisp".
250329-10:03:03,16 nipype.workflow INFO:
	 [Node] Executing "fdisp" <nipype.algorithms.confounds.FramewiseDisplacement>
250329-10:03:03,20 nipype.workflow INFO:
	 [Node] Finished "fdisp", elapsed time 0.002982s.
250329-10:03:03,569 nipype.workflow INFO:
	 [Node] Finished "init_aff", elapsed time 154.652101s.
250329-10:03:04,291 nipype.workflow INFO:
	 [Node] Finished "mcflirt", elapsed time 367.731558s.
250329-10:03:04,572 nipype.workflow INFO:
	 [Node] Setting-up "fmriprep_24_0_wf.sub_27_wf.bold_task_bird_run_1_wf.bold_fit_wf.bold_hmc_wf.normalize_motion" in "/work_dir/fmriprep_24_0_wf/sub_27_wf/bold_task_bird_run_1_wf/bold_fit_wf/bold_hmc_wf/normalize_motion".
250329-10:03:04,590 nipype.workflow INFO:
	 [Node] Executing "normalize_motion" <niworkflows.interfaces.confounds.NormalizeMotionParams>
250329-10:03:04,595 nipype.workflow INFO:
	 [Node] Finished "normalize_motion", elapsed time 0.004278s.
250329-10:03:04,612 nipype.workflow INFO:
	 [Node] Setting-up "fmriprep_24_0_wf.sub_27_wf.bold_task_bird_run_1_wf.bold_fit_wf.bold_hmc_wf.fsl2itk" in "/work_dir/fmriprep_24_0_wf/sub_27_wf/bold_task_bird_run_1_wf/bold_fit_wf/bold_hmc_wf/fsl2itk".
250329-10:03:04,653 nipype.workflow INFO:
	 [Node] Executing "fsl2itk" <niworkflows.interfaces.itk.MCFLIRT2ITK>
250329-10:03:04,654 nipype.interface WARNING:
	 Multithreading is deprecated. Remove the num_threads input.
250329-10:03:04,944 nipype.workflow INFO:
	 [Node] Finished "fsl2itk", elapsed time 0.290321s.
250329-10:03:04,988 nipype.workflow INFO:
	 [Node] Finished "mcflirt", elapsed time 360.742223s.
250329-10:03:05,381 nipype.workflow INFO:
	 [Node] Finished "mcflirt", elapsed time 365.900742s.
250329-10:03:06,765 nipype.workflow INFO:
	 [Node] Setting-up "fmriprep_24_0_wf.sub_27_wf.bold_task_bird_run_2_wf.bold_fit_wf.bold_hmc_wf.fsl2itk" in "/work_dir/fmriprep_24_0_wf/sub_27_wf/bold_task_bird_run_2_wf/bold_fit_wf/bold_hmc_wf/fsl2itk".
250329-10:03:06,778 nipype.workflow INFO:
	 [Node] Setting-up "fmriprep_24_0_wf.sub_27_wf.bold_task_bird_run_6_wf.bold_fit_wf.bold_hmc_wf.normalize_motion" in "/work_dir/fmriprep_24_0_wf/sub_27_wf/bold_task_bird_run_6_wf/bold_fit_wf/bold_hmc_wf/normalize_motion".
250329-10:03:06,796 nipype.workflow INFO:
	 [Node] Executing "normalize_motion" <niworkflows.interfaces.confounds.NormalizeMotionParams>
250329-10:03:06,800 nipype.workflow INFO:
	 [Node] Finished "normalize_motion", elapsed time 0.00416s.
250329-10:03:06,809 nipype.workflow INFO:
	 [Node] Executing "fsl2itk" <niworkflows.interfaces.itk.MCFLIRT2ITK>
250329-10:03:06,810 nipype.interface WARNING:
	 Multithreading is deprecated. Remove the num_threads input.
250329-10:03:06,989 nipype.workflow INFO:
	 [Node] Setting-up "fmriprep_24_0_wf.sub_27_wf.bold_task_bird_run_2_wf.bold_fit_wf.bold_hmc_wf.normalize_motion" in "/work_dir/fmriprep_24_0_wf/sub_27_wf/bold_task_bird_run_2_wf/bold_fit_wf/bold_hmc_wf/normalize_motion".
250329-10:03:07,86 nipype.workflow INFO:
	 [Node] Finished "fsl2itk", elapsed time 0.276524s.
250329-10:03:07,92 nipype.workflow INFO:
	 [Node] Executing "normalize_motion" <niworkflows.interfaces.confounds.NormalizeMotionParams>
250329-10:03:07,97 nipype.workflow INFO:
	 [Node] Finished "normalize_motion", elapsed time 0.00419s.
250329-10:03:07,191 nipype.workflow INFO:
	 [Node] Setting-up "fmriprep_24_0_wf.sub_27_wf.bold_task_bird_run_1_wf.bold_confounds_wf.fdisp" in "/work_dir/fmriprep_24_0_wf/sub_27_wf/bold_task_bird_run_1_wf/bold_confounds_wf/fdisp".
250329-10:03:07,196 nipype.workflow INFO:
	 [Node] Executing "fdisp" <nipype.algorithms.confounds.FramewiseDisplacement>
250329-10:03:07,200 nipype.workflow INFO:
	 [Node] Finished "fdisp", elapsed time 0.002986s.
250329-10:03:08,633 nipype.workflow INFO:
	 [Node] Setting-up "fmriprep_24_0_wf.sub_27_wf.bold_task_bird_run_3_wf.bold_fit_wf.bold_hmc_wf.fsl2itk" in "/work_dir/fmriprep_24_0_wf/sub_27_wf/bold_task_bird_run_3_wf/bold_fit_wf/bold_hmc_wf/fsl2itk".
250329-10:03:08,637 nipype.workflow INFO:
	 [Node] Setting-up "fmriprep_24_0_wf.sub_27_wf.bold_task_bird_run_4_wf.bold_fit_wf.bold_hmc_wf.fsl2itk" in "/work_dir/fmriprep_24_0_wf/sub_27_wf/bold_task_bird_run_4_wf/bold_fit_wf/bold_hmc_wf/fsl2itk".
250329-10:03:08,673 nipype.workflow INFO:
	 [Node] Executing "fsl2itk" <niworkflows.interfaces.itk.MCFLIRT2ITK>
250329-10:03:08,674 nipype.interface WARNING:
	 Multithreading is deprecated. Remove the num_threads input.
250329-10:03:08,681 nipype.workflow INFO:
	 [Node] Executing "fsl2itk" <niworkflows.interfaces.itk.MCFLIRT2ITK>
250329-10:03:08,682 nipype.interface WARNING:
	 Multithreading is deprecated. Remove the num_threads input.
250329-10:03:08,957 nipype.workflow INFO:
	 [Node] Finished "fsl2itk", elapsed time 0.283521s.
250329-10:03:08,969 nipype.workflow INFO:
	 [Node] Finished "fsl2itk", elapsed time 0.286907s.
250329-10:03:10,578 nipype.workflow INFO:
	 [Node] Setting-up "fmriprep_24_0_wf.sub_27_wf.bold_task_bird_run_6_wf.bold_fit_wf.enhance_and_skullstrip_bold_wf.init_aff" in "/work_dir/fmriprep_24_0_wf/sub_27_wf/bold_task_bird_run_6_wf/bold_fit_wf/enhance_and_skullstrip_bold_wf/init_aff".
250329-10:03:10,583 nipype.workflow INFO:
	 [Node] Executing "init_aff" <nipype.interfaces.ants.utils.AI>
250329-10:03:10,620 nipype.workflow INFO:
	 [Node] Setting-up "fmriprep_24_0_wf.sub_27_wf.bold_task_bird_run_5_wf.bold_fit_wf.bold_hmc_wf.fsl2itk" in "/work_dir/fmriprep_24_0_wf/sub_27_wf/bold_task_bird_run_5_wf/bold_fit_wf/bold_hmc_wf/fsl2itk".
250329-10:03:10,664 nipype.workflow INFO:
	 [Node] Executing "fsl2itk" <niworkflows.interfaces.itk.MCFLIRT2ITK>
250329-10:03:10,665 nipype.interface WARNING:
	 Multithreading is deprecated. Remove the num_threads input.
250329-10:03:10,952 nipype.workflow INFO:
	 [Node] Finished "fsl2itk", elapsed time 0.286239s.
250329-10:03:12,806 nipype.workflow INFO:
	 [Node] Setting-up "fmriprep_24_0_wf.sub_27_wf.bold_task_bird_run_6_wf.bold_fit_wf.bold_hmc_wf.fsl2itk" in "/work_dir/fmriprep_24_0_wf/sub_27_wf/bold_task_bird_run_6_wf/bold_fit_wf/bold_hmc_wf/fsl2itk".
250329-10:03:12,933 nipype.workflow INFO:
	 [Node] Executing "fsl2itk" <niworkflows.interfaces.itk.MCFLIRT2ITK>
250329-10:03:12,934 nipype.interface WARNING:
	 Multithreading is deprecated. Remove the num_threads input.
250329-10:03:13,224 nipype.workflow INFO:
	 [Node] Finished "fsl2itk", elapsed time 0.289636s.
250329-10:03:14,581 nipype.workflow INFO:
	 [Node] Setting-up "fmriprep_24_0_wf.sub_27_wf.bold_task_bird_run_1_wf.bold_fit_wf.enhance_and_skullstrip_bold_wf.norm" in "/work_dir/fmriprep_24_0_wf/sub_27_wf/bold_task_bird_run_1_wf/bold_fit_wf/enhance_and_skullstrip_bold_wf/norm".
250329-10:03:14,592 nipype.workflow INFO:
	 [Node] Executing "norm" <niworkflows.interfaces.fixes.FixHeaderRegistration>
250329-10:03:16,831 nipype.workflow INFO:
	 [Node] Finished "norm", elapsed time 2.010712s.
250329-10:03:18,582 nipype.workflow INFO:
	 [Node] Setting-up "fmriprep_24_0_wf.sub_27_wf.bold_task_bird_run_2_wf.bold_fit_wf.enhance_and_skullstrip_bold_wf.norm" in "/work_dir/fmriprep_24_0_wf/sub_27_wf/bold_task_bird_run_2_wf/bold_fit_wf/enhance_and_skullstrip_bold_wf/norm".
250329-10:03:18,588 nipype.workflow INFO:
	 [Node] Executing "norm" <niworkflows.interfaces.fixes.FixHeaderRegistration>
250329-10:03:19,596 nipype.workflow INFO:
	 [Node] Finished "norm", elapsed time 1.006553s.
250329-10:03:20,786 nipype.workflow INFO:
	 [Node] Setting-up "fmriprep_24_0_wf.sub_27_wf.bold_task_bird_run_2_wf.bold_confounds_wf.fdisp" in "/work_dir/fmriprep_24_0_wf/sub_27_wf/bold_task_bird_run_2_wf/bold_confounds_wf/fdisp".
250329-10:03:21,221 nipype.workflow INFO:
	 [Node] Executing "fdisp" <nipype.algorithms.confounds.FramewiseDisplacement>
250329-10:03:21,230 nipype.workflow INFO:
	 [Node] Finished "fdisp", elapsed time 0.008188s.
250329-10:03:21,801 nipype.workflow INFO:
	 [Node] Setting-up "fmriprep_24_0_wf.sub_27_wf.bold_task_bird_run_6_wf.bold_confounds_wf.fdisp" in "/work_dir/fmriprep_24_0_wf/sub_27_wf/bold_task_bird_run_6_wf/bold_confounds_wf/fdisp".
250329-10:03:22,4 nipype.workflow INFO:
	 [Node] Setting-up "fmriprep_24_0_wf.sub_27_wf.bold_task_bird_run_2_wf.bold_fit_wf.enhance_and_skullstrip_bold_wf.map_brainmask" in "/work_dir/fmriprep_24_0_wf/sub_27_wf/bold_task_bird_run_2_wf/bold_fit_wf/enhance_and_skullstrip_bold_wf/map_brainmask".
250329-10:03:22,4 nipype.workflow INFO:
	 [Node] Setting-up "fmriprep_24_0_wf.sub_27_wf.bold_task_bird_run_1_wf.bold_fit_wf.enhance_and_skullstrip_bold_wf.map_brainmask" in "/work_dir/fmriprep_24_0_wf/sub_27_wf/bold_task_bird_run_1_wf/bold_fit_wf/enhance_and_skullstrip_bold_wf/map_brainmask".
250329-10:03:22,8 nipype.workflow INFO:
	 [Node] Executing "map_brainmask" <niworkflows.interfaces.fixes.FixHeaderApplyTransforms>
250329-10:03:22,8 nipype.workflow INFO:
	 [Node] Executing "map_brainmask" <niworkflows.interfaces.fixes.FixHeaderApplyTransforms>
250329-10:03:22,525 nipype.workflow INFO:
	 [Node] Executing "fdisp" <nipype.algorithms.confounds.FramewiseDisplacement>
250329-10:03:22,529 nipype.workflow INFO:
	 [Node] Finished "fdisp", elapsed time 0.003052s.
250329-10:03:22,704 nipype.workflow INFO:
	 [Node] Finished "map_brainmask", elapsed time 0.694644s.
250329-10:03:22,735 nipype.workflow INFO:
	 [Node] Finished "map_brainmask", elapsed time 0.726119s.
250329-10:03:24,611 nipype.workflow INFO:
	 [Node] Setting-up "fmriprep_24_0_wf.sub_27_wf.bold_task_bird_run_3_wf.bold_fit_wf.enhance_and_skullstrip_bold_wf.norm" in "/work_dir/fmriprep_24_0_wf/sub_27_wf/bold_task_bird_run_3_wf/bold_fit_wf/enhance_and_skullstrip_bold_wf/norm".
250329-10:03:24,617 nipype.workflow INFO:
	 [Node] Executing "norm" <niworkflows.interfaces.fixes.FixHeaderRegistration>
250329-10:03:26,689 nipype.workflow INFO:
	 [Node] Finished "norm", elapsed time 1.854596s.
250329-10:03:28,612 nipype.workflow INFO:
	 [Node] Setting-up "fmriprep_24_0_wf.sub_27_wf.bold_task_bird_run_4_wf.bold_fit_wf.enhance_and_skullstrip_bold_wf.norm" in "/work_dir/fmriprep_24_0_wf/sub_27_wf/bold_task_bird_run_4_wf/bold_fit_wf/enhance_and_skullstrip_bold_wf/norm".
250329-10:03:28,619 nipype.workflow INFO:
	 [Node] Executing "norm" <niworkflows.interfaces.fixes.FixHeaderRegistration>
250329-10:03:30,924 nipype.workflow INFO:
	 [Node] Finished "norm", elapsed time 1.981963s.
250329-10:03:32,612 nipype.workflow INFO:
	 [Node] Setting-up "fmriprep_24_0_wf.sub_27_wf.bold_task_bird_run_3_wf.bold_fit_wf.enhance_and_skullstrip_bold_wf.map_brainmask" in "/work_dir/fmriprep_24_0_wf/sub_27_wf/bold_task_bird_run_3_wf/bold_fit_wf/enhance_and_skullstrip_bold_wf/map_brainmask".
250329-10:03:32,627 nipype.workflow INFO:
	 [Node] Executing "map_brainmask" <niworkflows.interfaces.fixes.FixHeaderApplyTransforms>
250329-10:03:32,632 nipype.workflow INFO:
	 [Node] Setting-up "fmriprep_24_0_wf.sub_27_wf.bold_task_bird_run_4_wf.bold_fit_wf.enhance_and_skullstrip_bold_wf.map_brainmask" in "/work_dir/fmriprep_24_0_wf/sub_27_wf/bold_task_bird_run_4_wf/bold_fit_wf/enhance_and_skullstrip_bold_wf/map_brainmask".
250329-10:03:32,636 nipype.workflow INFO:
	 [Node] Executing "map_brainmask" <niworkflows.interfaces.fixes.FixHeaderApplyTransforms>
250329-10:03:33,554 nipype.workflow INFO:
	 [Node] Finished "map_brainmask", elapsed time 0.604626s.
250329-10:03:33,736 nipype.workflow INFO:
	 [Node] Finished "map_brainmask", elapsed time 0.678544s.
250329-10:03:35,158 nipype.workflow INFO:
	 [Node] Setting-up "fmriprep_24_0_wf.sub_27_wf.bold_task_bird_run_1_wf.bold_fit_wf.enhance_and_skullstrip_bold_wf.n4_correct" in "/work_dir/fmriprep_24_0_wf/sub_27_wf/bold_task_bird_run_1_wf/bold_fit_wf/enhance_and_skullstrip_bold_wf/n4_correct".
250329-10:03:35,162 nipype.workflow INFO:
	 [Node] Executing "n4_correct" <niworkflows.interfaces.fixes.FixN4BiasFieldCorrection>
250329-10:03:35,163 nipype.workflow INFO:
	 [Node] Setting-up "fmriprep_24_0_wf.sub_27_wf.bold_task_bird_run_2_wf.bold_fit_wf.enhance_and_skullstrip_bold_wf.n4_correct" in "/work_dir/fmriprep_24_0_wf/sub_27_wf/bold_task_bird_run_2_wf/bold_fit_wf/enhance_and_skullstrip_bold_wf/n4_correct".
250329-10:03:35,166 nipype.workflow INFO:
	 [Node] Executing "n4_correct" <niworkflows.interfaces.fixes.FixN4BiasFieldCorrection>
250329-10:03:36,630 nipype.workflow INFO:
	 [Node] Setting-up "fmriprep_24_0_wf.sub_27_wf.bold_task_bird_run_3_wf.bold_fit_wf.enhance_and_skullstrip_bold_wf.n4_correct" in "/work_dir/fmriprep_24_0_wf/sub_27_wf/bold_task_bird_run_3_wf/bold_fit_wf/enhance_and_skullstrip_bold_wf/n4_correct".
250329-10:03:36,634 nipype.workflow INFO:
	 [Node] Executing "n4_correct" <niworkflows.interfaces.fixes.FixN4BiasFieldCorrection>
250329-10:03:36,655 nipype.workflow INFO:
	 [Node] Setting-up "fmriprep_24_0_wf.sub_27_wf.bold_task_bird_run_4_wf.bold_fit_wf.enhance_and_skullstrip_bold_wf.n4_correct" in "/work_dir/fmriprep_24_0_wf/sub_27_wf/bold_task_bird_run_4_wf/bold_fit_wf/enhance_and_skullstrip_bold_wf/n4_correct".
250329-10:03:36,663 nipype.workflow INFO:
	 [Node] Executing "n4_correct" <niworkflows.interfaces.fixes.FixN4BiasFieldCorrection>
250329-10:03:38,584 nipype.workflow INFO:
	 [Node] Finished "n4_correct", elapsed time 3.115755s.
250329-10:03:40,690 nipype.workflow INFO:
	 [Node] Setting-up "fmriprep_24_0_wf.sub_27_wf.bold_task_bird_run_2_wf.bold_fit_wf.enhance_and_skullstrip_bold_wf.skullstrip_first_pass" in "/work_dir/fmriprep_24_0_wf/sub_27_wf/bold_task_bird_run_2_wf/bold_fit_wf/enhance_and_skullstrip_bold_wf/skullstrip_first_pass".
250329-10:03:40,762 nipype.interface WARNING:
	 Changing /output/sub-27/func/sub-27_task-bird_run-2_desc-coreg_boldref.nii.gz dtype from uint16 to float32
250329-10:03:40,766 nipype.workflow INFO:
	 [Node] Executing "skullstrip_first_pass" <nipype.interfaces.fsl.preprocess.BET>
250329-10:03:41,626 nipype.workflow INFO:
	 [Node] Finished "n4_correct", elapsed time 6.067343s.
250329-10:03:42,671 nipype.interface WARNING:
	 Changing /output/sub-27/func/sub-27_task-bird_run-1_desc-coreg_boldref.nii.gz dtype from uint16 to float32
250329-10:03:42,683 nipype.workflow INFO:
	 [Node] Setting-up "fmriprep_24_0_wf.sub_27_wf.bold_task_bird_run_1_wf.bold_fit_wf.enhance_and_skullstrip_bold_wf.skullstrip_first_pass" in "/work_dir/fmriprep_24_0_wf/sub_27_wf/bold_task_bird_run_1_wf/bold_fit_wf/enhance_and_skullstrip_bold_wf/skullstrip_first_pass".
250329-10:03:42,688 nipype.workflow INFO:
	 [Node] Executing "skullstrip_first_pass" <nipype.interfaces.fsl.preprocess.BET>
250329-10:03:43,211 nipype.workflow INFO:
	 [Node] Setting-up "fmriprep_24_0_wf.sub_27_wf.bold_task_bird_run_2_wf.bold_fit_wf.ds_boldreg_wf.sources" in "/work_dir/fmriprep_24_0_wf/sub_27_wf/bold_task_bird_run_2_wf/bold_fit_wf/ds_boldreg_wf/sources".
250329-10:03:43,215 nipype.workflow INFO:
	 [Node] Executing "sources" <fmriprep.interfaces.bids.BIDSURI>
250329-10:03:43,216 nipype.workflow INFO:
	 [Node] Finished "sources", elapsed time 0.000252s.
250329-10:03:43,339 nipype.workflow INFO:
	 [Node] Finished "skullstrip_first_pass", elapsed time 2.572889s.
250329-10:03:43,370 nipype.workflow INFO:
	 [Node] Finished "n4_correct", elapsed time 6.363933s.
250329-10:03:43,629 nipype.workflow INFO:
	 [Node] Finished "n4_correct", elapsed time 6.501285s.
250329-10:03:44,608 nipype.workflow INFO:
	 [Node] Setting-up "fmriprep_24_0_wf.sub_27_wf.bold_task_bird_run_3_wf.bold_fit_wf.enhance_and_skullstrip_bold_wf.skullstrip_first_pass" in "/work_dir/fmriprep_24_0_wf/sub_27_wf/bold_task_bird_run_3_wf/bold_fit_wf/enhance_and_skullstrip_bold_wf/skullstrip_first_pass".
250329-10:03:44,611 nipype.workflow INFO:
	 [Node] Executing "skullstrip_first_pass" <nipype.interfaces.fsl.preprocess.BET>
250329-10:03:44,676 nipype.interface WARNING:
	 Changing /output/sub-27/func/sub-27_task-bird_run-3_desc-coreg_boldref.nii.gz dtype from uint16 to float32
250329-10:03:44,780 nipype.workflow INFO:
	 [Node] Finished "skullstrip_first_pass", elapsed time 2.090898s.
250329-10:03:45,90 nipype.workflow INFO:
	 [Node] Setting-up "fmriprep_24_0_wf.sub_27_wf.bold_task_bird_run_4_wf.bold_fit_wf.enhance_and_skullstrip_bold_wf.skullstrip_first_pass" in "/work_dir/fmriprep_24_0_wf/sub_27_wf/bold_task_bird_run_4_wf/bold_fit_wf/enhance_and_skullstrip_bold_wf/skullstrip_first_pass".
250329-10:03:45,93 nipype.workflow INFO:
	 [Node] Executing "skullstrip_first_pass" <nipype.interfaces.fsl.preprocess.BET>
250329-10:03:45,160 nipype.interface WARNING:
	 Changing /output/sub-27/func/sub-27_task-bird_run-4_desc-coreg_boldref.nii.gz dtype from uint16 to float32
250329-10:03:45,580 nipype.workflow INFO:
	 [Node] Setting-up "fmriprep_24_0_wf.sub_27_wf.bold_task_bird_run_1_wf.bold_fit_wf.ds_boldreg_wf.sources" in "/work_dir/fmriprep_24_0_wf/sub_27_wf/bold_task_bird_run_1_wf/bold_fit_wf/ds_boldreg_wf/sources".
250329-10:03:45,584 nipype.workflow INFO:
	 [Node] Executing "sources" <fmriprep.interfaces.bids.BIDSURI>
250329-10:03:45,585 nipype.workflow INFO:
	 [Node] Finished "sources", elapsed time 0.000272s.
250329-10:03:45,587 nipype.workflow INFO:
	 [Node] Setting-up "fmriprep_24_0_wf.sub_27_wf.bold_task_bird_run_2_wf.bold_fit_wf.enhance_and_skullstrip_bold_wf.first_dilate" in "/work_dir/fmriprep_24_0_wf/sub_27_wf/bold_task_bird_run_2_wf/bold_fit_wf/enhance_and_skullstrip_bold_wf/first_dilate".
250329-10:03:45,589 nipype.workflow INFO:
	 [Node] Executing "first_dilate" <niworkflows.interfaces.nibabel.BinaryDilation>
250329-10:03:46,398 nipype.workflow INFO:
	 [Node] Finished "first_dilate", elapsed time 0.807764s.
250329-10:03:46,591 nipype.workflow INFO:
	 [Node] Setting-up "fmriprep_24_0_wf.sub_27_wf.bold_task_bird_run_3_wf.bold_fit_wf.ds_boldreg_wf.sources" in "/work_dir/fmriprep_24_0_wf/sub_27_wf/bold_task_bird_run_3_wf/bold_fit_wf/ds_boldreg_wf/sources".
250329-10:03:46,592 nipype.workflow INFO:
	 [Node] Setting-up "fmriprep_24_0_wf.sub_27_wf.bold_task_bird_run_4_wf.bold_fit_wf.ds_boldreg_wf.sources" in "/work_dir/fmriprep_24_0_wf/sub_27_wf/bold_task_bird_run_4_wf/bold_fit_wf/ds_boldreg_wf/sources".
250329-10:03:46,594 nipype.workflow INFO:
	 [Node] Executing "sources" <fmriprep.interfaces.bids.BIDSURI>
250329-10:03:46,595 nipype.workflow INFO:
	 [Node] Setting-up "fmriprep_24_0_wf.sub_27_wf.bold_task_bird_run_1_wf.bold_fit_wf.enhance_and_skullstrip_bold_wf.first_dilate" in "/work_dir/fmriprep_24_0_wf/sub_27_wf/bold_task_bird_run_1_wf/bold_fit_wf/enhance_and_skullstrip_bold_wf/first_dilate".
250329-10:03:46,595 nipype.workflow INFO:
	 [Node] Finished "sources", elapsed time 0.000255s.
250329-10:03:46,597 nipype.workflow INFO:
	 [Node] Executing "first_dilate" <niworkflows.interfaces.nibabel.BinaryDilation>
250329-10:03:46,597 nipype.workflow INFO:
	 [Node] Executing "sources" <fmriprep.interfaces.bids.BIDSURI>
250329-10:03:46,598 nipype.workflow INFO:
	 [Node] Finished "sources", elapsed time 0.000254s.
250329-10:03:46,832 nipype.workflow INFO:
	 [Node] Finished "skullstrip_first_pass", elapsed time 2.220374s.
250329-10:03:47,259 nipype.workflow INFO:
	 [Node] Finished "skullstrip_first_pass", elapsed time 2.165262s.
250329-10:03:47,339 nipype.workflow INFO:
	 [Node] Finished "first_dilate", elapsed time 0.741339s.
250329-10:03:48,603 nipype.workflow INFO:
	 [Node] Setting-up "fmriprep_24_0_wf.sub_27_wf.anat_fit_wf.brain_extraction_wf.init_aff" in "/work_dir/fmriprep_24_0_wf/sub_27_wf/anat_fit_wf/brain_extraction_wf/init_aff".
250329-10:03:48,621 nipype.workflow INFO:
	 [Node] Executing "init_aff" <nipype.interfaces.ants.utils.AI>
250329-10:04:06,642 nipype.workflow INFO:
	 [Node] Finished "init_aff", elapsed time 101.571158s.
250329-10:04:08,579 nipype.workflow INFO:
	 [Node] Setting-up "fmriprep_24_0_wf.sub_27_wf.bold_task_bird_run_5_wf.bold_fit_wf.enhance_and_skullstrip_bold_wf.norm" in "/work_dir/fmriprep_24_0_wf/sub_27_wf/bold_task_bird_run_5_wf/bold_fit_wf/enhance_and_skullstrip_bold_wf/norm".
250329-10:04:08,585 nipype.workflow INFO:
	 [Node] Executing "norm" <niworkflows.interfaces.fixes.FixHeaderRegistration>
250329-10:04:11,248 nipype.workflow INFO:
	 [Node] Finished "norm", elapsed time 2.37704s.
250329-10:04:12,584 nipype.workflow INFO:
	 [Node] Setting-up "fmriprep_24_0_wf.sub_27_wf.bold_task_bird_run_5_wf.bold_fit_wf.enhance_and_skullstrip_bold_wf.map_brainmask" in "/work_dir/fmriprep_24_0_wf/sub_27_wf/bold_task_bird_run_5_wf/bold_fit_wf/enhance_and_skullstrip_bold_wf/map_brainmask".
250329-10:04:12,588 nipype.workflow INFO:
	 [Node] Executing "map_brainmask" <niworkflows.interfaces.fixes.FixHeaderApplyTransforms>
250329-10:04:12,595 nipype.workflow INFO:
	 [Node] Setting-up "fmriprep_24_0_wf.sub_27_wf.bold_task_bird_run_1_wf.bold_fit_wf.enhance_and_skullstrip_bold_wf.first_mask" in "/work_dir/fmriprep_24_0_wf/sub_27_wf/bold_task_bird_run_1_wf/bold_fit_wf/enhance_and_skullstrip_bold_wf/first_mask".
250329-10:04:12,596 nipype.workflow INFO:
	 [Node] Setting-up "fmriprep_24_0_wf.sub_27_wf.bold_task_bird_run_3_wf.bold_fit_wf.enhance_and_skullstrip_bold_wf.first_dilate" in "/work_dir/fmriprep_24_0_wf/sub_27_wf/bold_task_bird_run_3_wf/bold_fit_wf/enhance_and_skullstrip_bold_wf/first_dilate".
250329-10:04:12,599 nipype.workflow INFO:
	 [Node] Executing "first_dilate" <niworkflows.interfaces.nibabel.BinaryDilation>
250329-10:04:12,601 nipype.workflow INFO:
	 [Node] Setting-up "fmriprep_24_0_wf.sub_27_wf.bold_task_bird_run_4_wf.bold_fit_wf.enhance_and_skullstrip_bold_wf.first_dilate" in "/work_dir/fmriprep_24_0_wf/sub_27_wf/bold_task_bird_run_4_wf/bold_fit_wf/enhance_and_skullstrip_bold_wf/first_dilate".
250329-10:04:12,602 nipype.workflow INFO:
	 [Node] Setting-up "fmriprep_24_0_wf.sub_27_wf.bold_task_bird_run_2_wf.bold_fit_wf.enhance_and_skullstrip_bold_wf.first_mask" in "/work_dir/fmriprep_24_0_wf/sub_27_wf/bold_task_bird_run_2_wf/bold_fit_wf/enhance_and_skullstrip_bold_wf/first_mask".
250329-10:04:12,603 nipype.workflow INFO:
	 [Node] Executing "first_dilate" <niworkflows.interfaces.nibabel.BinaryDilation>
250329-10:04:12,703 nipype.workflow INFO:
	 [Node] Executing "first_mask" <niworkflows.interfaces.nibabel.ApplyMask>
250329-10:04:12,707 nipype.workflow INFO:
	 [Node] Executing "first_mask" <niworkflows.interfaces.nibabel.ApplyMask>
250329-10:04:12,809 nipype.workflow INFO:
	 [Node] Finished "first_mask", elapsed time 0.101251s.
250329-10:04:12,864 nipype.workflow INFO:
	 [Node] Finished "first_mask", elapsed time 0.160066s.
250329-10:04:13,349 nipype.workflow INFO:
	 [Node] Finished "first_dilate", elapsed time 0.749453s.
250329-10:04:13,430 nipype.workflow INFO:
	 [Node] Finished "first_dilate", elapsed time 0.826209s.
250329-10:04:13,681 nipype.workflow INFO:
	 [Node] Finished "map_brainmask", elapsed time 0.730886s.
250329-10:04:15,412 nipype.workflow INFO:
	 [Node] Setting-up "fmriprep_24_0_wf.sub_27_wf.bold_task_bird_run_1_wf.bold_native_wf.boldref_bold" in "/work_dir/fmriprep_24_0_wf/sub_27_wf/bold_task_bird_run_1_wf/bold_native_wf/boldref_bold".
250329-10:04:15,419 nipype.workflow INFO:
	 [Node] Executing "boldref_bold" <fmriprep.interfaces.resampling.ResampleSeries>
250329-10:04:44,640 nipype.workflow INFO:
	 [Node] Finished "init_aff", elapsed time 94.056614s.
250329-10:04:46,568 nipype.workflow INFO:
	 [Node] Finished "init_aff", elapsed time 57.622166s.
250329-10:04:46,588 nipype.workflow INFO:
	 [Node] Setting-up "fmriprep_24_0_wf.sub_27_wf.bold_task_bird_run_6_wf.bold_fit_wf.enhance_and_skullstrip_bold_wf.norm" in "/work_dir/fmriprep_24_0_wf/sub_27_wf/bold_task_bird_run_6_wf/bold_fit_wf/enhance_and_skullstrip_bold_wf/norm".
250329-10:04:46,594 nipype.workflow INFO:
	 [Node] Executing "norm" <niworkflows.interfaces.fixes.FixHeaderRegistration>
250329-10:04:47,66 nipype.workflow INFO:
	 [Node] Finished "norm", elapsed time 0.470374s.
250329-10:04:48,565 nipype.workflow INFO:
	 [Node] Setting-up "fmriprep_24_0_wf.sub_27_wf.bold_task_bird_run_6_wf.bold_fit_wf.enhance_and_skullstrip_bold_wf.map_brainmask" in "/work_dir/fmriprep_24_0_wf/sub_27_wf/bold_task_bird_run_6_wf/bold_fit_wf/enhance_and_skullstrip_bold_wf/map_brainmask".
250329-10:04:48,566 nipype.workflow INFO:
	 [Node] Setting-up "fmriprep_24_0_wf.sub_27_wf.bold_task_bird_run_5_wf.bold_fit_wf.enhance_and_skullstrip_bold_wf.n4_correct" in "/work_dir/fmriprep_24_0_wf/sub_27_wf/bold_task_bird_run_5_wf/bold_fit_wf/enhance_and_skullstrip_bold_wf/n4_correct".
250329-10:04:48,569 nipype.workflow INFO:
	 [Node] Setting-up "fmriprep_24_0_wf.sub_27_wf.bold_task_bird_run_2_wf.bold_fit_wf.enhance_and_skullstrip_bold_wf.unifize" in "/work_dir/fmriprep_24_0_wf/sub_27_wf/bold_task_bird_run_2_wf/bold_fit_wf/enhance_and_skullstrip_bold_wf/unifize".
250329-10:04:48,569 nipype.workflow INFO:
	 [Node] Executing "n4_correct" <niworkflows.interfaces.fixes.FixN4BiasFieldCorrection>
250329-10:04:48,569 nipype.workflow INFO:
	 [Node] Executing "map_brainmask" <niworkflows.interfaces.fixes.FixHeaderApplyTransforms>
250329-10:04:48,573 nipype.workflow INFO:
	 [Node] Setting-up "fmriprep_24_0_wf.sub_27_wf.bold_task_bird_run_3_wf.bold_fit_wf.enhance_and_skullstrip_bold_wf.first_mask" in "/work_dir/fmriprep_24_0_wf/sub_27_wf/bold_task_bird_run_3_wf/bold_fit_wf/enhance_and_skullstrip_bold_wf/first_mask".
250329-10:04:48,576 nipype.workflow INFO:
	 [Node] Executing "first_mask" <niworkflows.interfaces.nibabel.ApplyMask>
250329-10:04:48,578 nipype.workflow INFO:
	 [Node] Executing "unifize" <nipype.interfaces.afni.utils.Unifize>
250329-10:04:48,581 nipype.workflow INFO:
	 [Node] Setting-up "fmriprep_24_0_wf.sub_27_wf.bold_task_bird_run_4_wf.bold_fit_wf.enhance_and_skullstrip_bold_wf.first_mask" in "/work_dir/fmriprep_24_0_wf/sub_27_wf/bold_task_bird_run_4_wf/bold_fit_wf/enhance_and_skullstrip_bold_wf/first_mask".
250329-10:04:48,584 nipype.workflow INFO:
	 [Node] Executing "first_mask" <niworkflows.interfaces.nibabel.ApplyMask>
250329-10:04:48,635 nipype.workflow INFO:
	 [Node] Setting-up "fmriprep_24_0_wf.sub_27_wf.bold_task_bird_run_1_wf.bold_fit_wf.enhance_and_skullstrip_bold_wf.unifize" in "/work_dir/fmriprep_24_0_wf/sub_27_wf/bold_task_bird_run_1_wf/bold_fit_wf/enhance_and_skullstrip_bold_wf/unifize".
250329-10:04:48,647 nipype.workflow INFO:
	 [Node] Executing "unifize" <nipype.interfaces.afni.utils.Unifize>
250329-10:04:48,674 nipype.workflow INFO:
	 [Node] Finished "first_mask", elapsed time 0.097078s.
250329-10:04:48,711 nipype.workflow INFO:
	 [Node] Finished "first_mask", elapsed time 0.125856s.
250329-10:04:49,103 nipype.workflow INFO:
	 [Node] Finished "map_brainmask", elapsed time 0.532774s.
250329-10:04:50,756 nipype.workflow INFO:
	 [Node] Setting-up "fmriprep_24_0_wf.sub_27_wf.bold_task_bird_run_2_wf.bold_native_wf.boldref_bold" in "/work_dir/fmriprep_24_0_wf/sub_27_wf/bold_task_bird_run_2_wf/bold_native_wf/boldref_bold".
250329-10:04:50,761 nipype.workflow INFO:
	 [Node] Executing "boldref_bold" <fmriprep.interfaces.resampling.ResampleSeries>
250329-10:04:50,839 nipype.workflow INFO:
	 [Node] Setting-up "fmriprep_24_0_wf.sub_27_wf.bold_task_bird_run_3_wf.bold_fit_wf.enhance_and_skullstrip_bold_wf.unifize" in "/work_dir/fmriprep_24_0_wf/sub_27_wf/bold_task_bird_run_3_wf/bold_fit_wf/enhance_and_skullstrip_bold_wf/unifize".
250329-10:04:50,848 nipype.workflow INFO:
	 [Node] Executing "unifize" <nipype.interfaces.afni.utils.Unifize>
250329-10:04:50,895 nipype.workflow INFO:
	 [Node] Setting-up "fmriprep_24_0_wf.sub_27_wf.bold_task_bird_run_4_wf.bold_fit_wf.enhance_and_skullstrip_bold_wf.unifize" in "/work_dir/fmriprep_24_0_wf/sub_27_wf/bold_task_bird_run_4_wf/bold_fit_wf/enhance_and_skullstrip_bold_wf/unifize".
250329-10:04:50,904 nipype.workflow INFO:
	 [Node] Executing "unifize" <nipype.interfaces.afni.utils.Unifize>
250329-10:04:52,624 nipype.workflow INFO:
	 [Node] Setting-up "fmriprep_24_0_wf.sub_27_wf.bold_task_bird_run_6_wf.bold_fit_wf.enhance_and_skullstrip_bold_wf.n4_correct" in "/work_dir/fmriprep_24_0_wf/sub_27_wf/bold_task_bird_run_6_wf/bold_fit_wf/enhance_and_skullstrip_bold_wf/n4_correct".
250329-10:04:52,628 nipype.workflow INFO:
	 [Node] Executing "n4_correct" <niworkflows.interfaces.fixes.FixN4BiasFieldCorrection>
250329-10:04:54,393 nipype.workflow INFO:
	 [Node] Finished "n4_correct", elapsed time 5.823206s.
250329-10:04:56,366 nipype.workflow INFO:
	 [Node] Finished "n4_correct", elapsed time 3.346494s.
250329-10:04:56,753 nipype.workflow INFO:
	 [Node] Setting-up "fmriprep_24_0_wf.sub_27_wf.bold_task_bird_run_5_wf.bold_fit_wf.enhance_and_skullstrip_bold_wf.skullstrip_first_pass" in "/work_dir/fmriprep_24_0_wf/sub_27_wf/bold_task_bird_run_5_wf/bold_fit_wf/enhance_and_skullstrip_bold_wf/skullstrip_first_pass".
250329-10:04:56,757 nipype.workflow INFO:
	 [Node] Executing "skullstrip_first_pass" <nipype.interfaces.fsl.preprocess.BET>
250329-10:04:56,886 nipype.interface WARNING:
	 Changing /output/sub-27/func/sub-27_task-bird_run-5_desc-coreg_boldref.nii.gz dtype from uint16 to float32
250329-10:04:57,595 nipype.workflow INFO:
	 [Node] Setting-up "fmriprep_24_0_wf.sub_27_wf.bold_task_bird_run_6_wf.bold_fit_wf.enhance_and_skullstrip_bold_wf.skullstrip_first_pass" in "/work_dir/fmriprep_24_0_wf/sub_27_wf/bold_task_bird_run_6_wf/bold_fit_wf/enhance_and_skullstrip_bold_wf/skullstrip_first_pass".
250329-10:04:57,598 nipype.workflow INFO:
	 [Node] Executing "skullstrip_first_pass" <nipype.interfaces.fsl.preprocess.BET>
250329-10:04:57,723 nipype.interface WARNING:
	 Changing /output/sub-27/func/sub-27_task-bird_run-6_desc-coreg_boldref.nii.gz dtype from uint16 to float32
250329-10:04:58,766 nipype.workflow INFO:
	 [Node] Setting-up "fmriprep_24_0_wf.sub_27_wf.bold_task_bird_run_5_wf.bold_fit_wf.ds_boldreg_wf.sources" in "/work_dir/fmriprep_24_0_wf/sub_27_wf/bold_task_bird_run_5_wf/bold_fit_wf/ds_boldreg_wf/sources".
250329-10:04:58,769 nipype.workflow INFO:
	 [Node] Executing "sources" <fmriprep.interfaces.bids.BIDSURI>
250329-10:04:58,770 nipype.workflow INFO:
	 [Node] Finished "sources", elapsed time 0.000252s.
250329-10:04:58,777 nipype.workflow INFO:
	 [Node] Setting-up "fmriprep_24_0_wf.sub_27_wf.bold_task_bird_run_6_wf.bold_fit_wf.ds_boldreg_wf.sources" in "/work_dir/fmriprep_24_0_wf/sub_27_wf/bold_task_bird_run_6_wf/bold_fit_wf/ds_boldreg_wf/sources".
250329-10:04:58,780 nipype.workflow INFO:
	 [Node] Executing "sources" <fmriprep.interfaces.bids.BIDSURI>
250329-10:04:58,781 nipype.workflow INFO:
	 [Node] Finished "sources", elapsed time 0.000376s.
250329-10:05:00,893 nipype.workflow INFO:
	 [Node] Finished "skullstrip_first_pass", elapsed time 4.135768s.
250329-10:05:02,18 nipype.workflow INFO:
	 [Node] Finished "skullstrip_first_pass", elapsed time 4.419055s.
250329-10:05:02,832 nipype.workflow INFO:
	 [Node] Setting-up "fmriprep_24_0_wf.sub_27_wf.bold_task_bird_run_5_wf.bold_fit_wf.enhance_and_skullstrip_bold_wf.first_dilate" in "/work_dir/fmriprep_24_0_wf/sub_27_wf/bold_task_bird_run_5_wf/bold_fit_wf/enhance_and_skullstrip_bold_wf/first_dilate".
250329-10:05:02,834 nipype.workflow INFO:
	 [Node] Executing "first_dilate" <niworkflows.interfaces.nibabel.BinaryDilation>
250329-10:05:02,851 nipype.workflow INFO:
	 [Node] Setting-up "fmriprep_24_0_wf.sub_27_wf.bold_task_bird_run_6_wf.bold_fit_wf.enhance_and_skullstrip_bold_wf.first_dilate" in "/work_dir/fmriprep_24_0_wf/sub_27_wf/bold_task_bird_run_6_wf/bold_fit_wf/enhance_and_skullstrip_bold_wf/first_dilate".
250329-10:05:02,853 nipype.workflow INFO:
	 [Node] Executing "first_dilate" <niworkflows.interfaces.nibabel.BinaryDilation>
250329-10:05:04,125 nipype.workflow INFO:
	 [Node] Finished "first_dilate", elapsed time 1.2713160000000001s.
250329-10:05:04,391 nipype.workflow INFO:
	 [Node] Finished "first_dilate", elapsed time 1.556184s.
250329-10:05:04,813 nipype.workflow INFO:
	 [Node] Setting-up "fmriprep_24_0_wf.sub_27_wf.bold_task_bird_run_5_wf.bold_fit_wf.enhance_and_skullstrip_bold_wf.first_mask" in "/work_dir/fmriprep_24_0_wf/sub_27_wf/bold_task_bird_run_5_wf/bold_fit_wf/enhance_and_skullstrip_bold_wf/first_mask".
250329-10:05:04,813 nipype.workflow INFO:
	 [Node] Setting-up "fmriprep_24_0_wf.sub_27_wf.bold_task_bird_run_6_wf.bold_fit_wf.enhance_and_skullstrip_bold_wf.first_mask" in "/work_dir/fmriprep_24_0_wf/sub_27_wf/bold_task_bird_run_6_wf/bold_fit_wf/enhance_and_skullstrip_bold_wf/first_mask".
250329-10:05:04,816 nipype.workflow INFO:
	 [Node] Executing "first_mask" <niworkflows.interfaces.nibabel.ApplyMask>
250329-10:05:04,816 nipype.workflow INFO:
	 [Node] Executing "first_mask" <niworkflows.interfaces.nibabel.ApplyMask>
250329-10:05:05,3 nipype.workflow INFO:
	 [Node] Finished "first_mask", elapsed time 0.185781s.
250329-10:05:05,4 nipype.workflow INFO:
	 [Node] Finished "first_mask", elapsed time 0.187475s.
250329-10:05:06,929 nipype.workflow INFO:
	 [Node] Setting-up "fmriprep_24_0_wf.sub_27_wf.bold_task_bird_run_5_wf.bold_fit_wf.enhance_and_skullstrip_bold_wf.unifize" in "/work_dir/fmriprep_24_0_wf/sub_27_wf/bold_task_bird_run_5_wf/bold_fit_wf/enhance_and_skullstrip_bold_wf/unifize".
250329-10:05:06,931 nipype.workflow INFO:
	 [Node] Setting-up "fmriprep_24_0_wf.sub_27_wf.bold_task_bird_run_6_wf.bold_fit_wf.enhance_and_skullstrip_bold_wf.unifize" in "/work_dir/fmriprep_24_0_wf/sub_27_wf/bold_task_bird_run_6_wf/bold_fit_wf/enhance_and_skullstrip_bold_wf/unifize".
250329-10:05:06,934 nipype.workflow INFO:
	 [Node] Executing "unifize" <nipype.interfaces.afni.utils.Unifize>
250329-10:05:06,938 nipype.workflow INFO:
	 [Node] Executing "unifize" <nipype.interfaces.afni.utils.Unifize>
250329-10:05:29,409 nipype.workflow INFO:
	 [Node] Finished "boldref_bold", elapsed time 73.988643s.
250329-10:05:30,623 nipype.workflow INFO:
	 [Node] Setting-up "fmriprep_24_0_wf.sub_27_wf.bold_task_bird_run_1_wf.ds_bold_native_wf.ds_bold" in "/work_dir/fmriprep_24_0_wf/sub_27_wf/bold_task_bird_run_1_wf/ds_bold_native_wf/ds_bold".
250329-10:05:30,686 nipype.workflow INFO:
	 [Node] Executing "ds_bold" <fmriprep.interfaces.DerivativesDataSink>
250329-10:05:30,913 nipype.workflow INFO:
	 [Node] Setting-up "fmriprep_24_0_wf.sub_27_wf.bold_task_bird_run_3_wf.bold_native_wf.boldref_bold" in "/work_dir/fmriprep_24_0_wf/sub_27_wf/bold_task_bird_run_3_wf/bold_native_wf/boldref_bold".
250329-10:05:30,931 nipype.workflow INFO:
	 [Node] Executing "boldref_bold" <fmriprep.interfaces.resampling.ResampleSeries>
250329-10:06:16,898 nipype.workflow INFO:
	 [Node] Finished "boldref_bold", elapsed time 86.134888s.
250329-10:06:18,784 nipype.workflow INFO:
	 [Node] Setting-up "fmriprep_24_0_wf.sub_27_wf.bold_task_bird_run_2_wf.ds_bold_native_wf.ds_bold" in "/work_dir/fmriprep_24_0_wf/sub_27_wf/bold_task_bird_run_2_wf/ds_bold_native_wf/ds_bold".
250329-10:06:19,277 nipype.workflow INFO:
	 [Node] Executing "ds_bold" <fmriprep.interfaces.DerivativesDataSink>
250329-10:06:22,284 nipype.workflow INFO:
	 [Node] Setting-up "fmriprep_24_0_wf.sub_27_wf.bold_task_bird_run_4_wf.bold_native_wf.boldref_bold" in "/work_dir/fmriprep_24_0_wf/sub_27_wf/bold_task_bird_run_4_wf/bold_native_wf/boldref_bold".
250329-10:06:22,300 nipype.workflow INFO:
	 [Node] Executing "boldref_bold" <fmriprep.interfaces.resampling.ResampleSeries>
250329-10:06:39,624 nipype.workflow INFO:
	 [Node] Finished "ds_bold", elapsed time 68.937161s.
250329-10:06:54,271 nipype.workflow INFO:
	 [Node] Finished "boldref_bold", elapsed time 83.338274s.
250329-10:06:54,777 nipype.workflow INFO:
	 [Node] Setting-up "fmriprep_24_0_wf.sub_27_wf.bold_task_bird_run_3_wf.ds_bold_native_wf.ds_bold" in "/work_dir/fmriprep_24_0_wf/sub_27_wf/bold_task_bird_run_3_wf/ds_bold_native_wf/ds_bold".
250329-10:06:54,804 nipype.workflow INFO:
	 [Node] Setting-up "fmriprep_24_0_wf.sub_27_wf.bold_task_bird_run_5_wf.bold_native_wf.boldref_bold" in "/work_dir/fmriprep_24_0_wf/sub_27_wf/bold_task_bird_run_5_wf/bold_native_wf/boldref_bold".
250329-10:06:54,817 nipype.workflow INFO:
	 [Node] Executing "boldref_bold" <fmriprep.interfaces.resampling.ResampleSeries>
250329-10:06:54,929 nipype.workflow INFO:
	 [Node] Executing "ds_bold" <fmriprep.interfaces.DerivativesDataSink>
250329-10:07:37,632 nipype.workflow INFO:
	 [Node] Finished "ds_bold", elapsed time 78.354295s.
250329-10:07:43,475 nipype.workflow INFO:
	 [Node] Finished "boldref_bold", elapsed time 81.173707s.
250329-10:07:44,782 nipype.workflow INFO:
	 [Node] Setting-up "fmriprep_24_0_wf.sub_27_wf.bold_task_bird_run_4_wf.ds_bold_native_wf.ds_bold" in "/work_dir/fmriprep_24_0_wf/sub_27_wf/bold_task_bird_run_4_wf/ds_bold_native_wf/ds_bold".
250329-10:07:44,835 nipype.workflow INFO:
	 [Node] Setting-up "fmriprep_24_0_wf.sub_27_wf.bold_task_bird_run_6_wf.bold_native_wf.boldref_bold" in "/work_dir/fmriprep_24_0_wf/sub_27_wf/bold_task_bird_run_6_wf/bold_native_wf/boldref_bold".
250329-10:07:44,847 nipype.workflow INFO:
	 [Node] Executing "boldref_bold" <fmriprep.interfaces.resampling.ResampleSeries>
250329-10:07:44,921 nipype.workflow INFO:
	 [Node] Executing "ds_bold" <fmriprep.interfaces.DerivativesDataSink>
250329-10:08:01,74 nipype.workflow INFO:
	 [Node] Finished "ds_bold", elapsed time 66.143413s.
250329-10:08:20,511 nipype.workflow INFO:
	 [Node] Finished "boldref_bold", elapsed time 85.692484s.
250329-10:08:22,801 nipype.workflow INFO:
	 [Node] Setting-up "fmriprep_24_0_wf.sub_27_wf.anat_fit_wf.brain_extraction_wf.norm" in "/work_dir/fmriprep_24_0_wf/sub_27_wf/anat_fit_wf/brain_extraction_wf/norm".
250329-10:08:22,814 nipype.workflow INFO:
	 [Node] Executing "norm" <niworkflows.interfaces.fixes.FixHeaderRegistration>
250329-10:08:25,92 nipype.workflow INFO:
	 [Node] Setting-up "fmriprep_24_0_wf.sub_27_wf.bold_task_bird_run_5_wf.ds_bold_native_wf.ds_bold" in "/work_dir/fmriprep_24_0_wf/sub_27_wf/bold_task_bird_run_5_wf/ds_bold_native_wf/ds_bold".
250329-10:08:25,601 nipype.workflow INFO:
	 [Node] Executing "ds_bold" <fmriprep.interfaces.DerivativesDataSink>
250329-10:08:55,305 nipype.workflow INFO:
	 [Node] Finished "ds_bold", elapsed time 70.382374s.
250329-10:09:12,638 nipype.workflow INFO:
	 [Node] Finished "boldref_bold", elapsed time 87.78918s.
250329-10:09:14,829 nipype.workflow INFO:
	 [Node] Setting-up "fmriprep_24_0_wf.sub_27_wf.bold_task_bird_run_6_wf.ds_bold_native_wf.ds_bold" in "/work_dir/fmriprep_24_0_wf/sub_27_wf/bold_task_bird_run_6_wf/ds_bold_native_wf/ds_bold".
250329-10:09:15,336 nipype.workflow INFO:
	 [Node] Executing "ds_bold" <fmriprep.interfaces.DerivativesDataSink>
250329-10:09:26,377 nipype.workflow INFO:
	 [Node] Finished "ds_bold", elapsed time 60.774679s.
250329-10:10:26,824 nipype.workflow INFO:
	 [Node] Finished "ds_bold", elapsed time 71.486916s.
250329-10:14:26,26 nipype.workflow INFO:
	 [Node] Finished "autorecon1", elapsed time 1097.081157s.
250329-10:14:28,101 nipype.workflow INFO:
	 [Node] Setting-up "fmriprep_24_0_wf.sub_27_wf.anat_fit_wf.surface_recon_wf.fsnative2t1w_xfm" in "/work_dir/fmriprep_24_0_wf/sub_27_wf/anat_fit_wf/surface_recon_wf/fsnative2t1w_xfm".
250329-10:14:30,825 nipype.workflow INFO:
	 [Node] Executing "fsnative2t1w_xfm" <niworkflows.interfaces.freesurfer.PatchedRobustRegister>
250329-10:14:59,112 nipype.workflow INFO:
	 [Node] Finished "unifize", elapsed time 592.176821s.
250329-10:15:01,67 nipype.workflow INFO:
	 [Node] Setting-up "fmriprep_24_0_wf.sub_27_wf.bold_task_bird_run_6_wf.bold_fit_wf.enhance_and_skullstrip_bold_wf.fixhdr_unifize" in "/work_dir/fmriprep_24_0_wf/sub_27_wf/bold_task_bird_run_6_wf/bold_fit_wf/enhance_and_skullstrip_bold_wf/fixhdr_unifize".
250329-10:15:01,70 nipype.workflow INFO:
	 [Node] Executing "fixhdr_unifize" <niworkflows.interfaces.header.CopyXForm>
250329-10:15:01,279 nipype.workflow INFO:
	 [Node] Finished "fixhdr_unifize", elapsed time 0.208395s.
250329-10:15:02,896 nipype.workflow INFO:
	 [Node] Setting-up "fmriprep_24_0_wf.sub_27_wf.bold_task_bird_run_6_wf.bold_fit_wf.enhance_and_skullstrip_bold_wf.skullstrip_second_pass" in "/work_dir/fmriprep_24_0_wf/sub_27_wf/bold_task_bird_run_6_wf/bold_fit_wf/enhance_and_skullstrip_bold_wf/skullstrip_second_pass".
250329-10:15:02,899 nipype.workflow INFO:
	 [Node] Executing "skullstrip_second_pass" <nipype.interfaces.afni.preprocess.Automask>
250329-10:15:03,603 nipype.workflow INFO:
	 [Node] Finished "skullstrip_second_pass", elapsed time 0.702449s.
250329-10:15:04,905 nipype.workflow INFO:
	 [Node] Setting-up "fmriprep_24_0_wf.sub_27_wf.bold_task_bird_run_6_wf.bold_fit_wf.enhance_and_skullstrip_bold_wf.fixhdr_skullstrip2" in "/work_dir/fmriprep_24_0_wf/sub_27_wf/bold_task_bird_run_6_wf/bold_fit_wf/enhance_and_skullstrip_bold_wf/fixhdr_skullstrip2".
250329-10:15:04,908 nipype.workflow INFO:
	 [Node] Executing "fixhdr_skullstrip2" <niworkflows.interfaces.header.CopyXForm>
250329-10:15:05,92 nipype.workflow INFO:
	 [Node] Finished "fixhdr_skullstrip2", elapsed time 0.182662s.
250329-10:15:05,145 nipype.workflow INFO:
	 [Node] Finished "unifize", elapsed time 616.496239s.
250329-10:15:06,921 nipype.workflow INFO:
	 [Node] Setting-up "fmriprep_24_0_wf.sub_27_wf.bold_task_bird_run_6_wf.bold_fit_wf.enhance_and_skullstrip_bold_wf.combine_masks" in "/work_dir/fmriprep_24_0_wf/sub_27_wf/bold_task_bird_run_6_wf/bold_fit_wf/enhance_and_skullstrip_bold_wf/combine_masks".
250329-10:15:06,926 nipype.workflow INFO:
	 [Node] Executing "combine_masks" <nipype.interfaces.fsl.maths.BinaryMaths>
250329-10:15:06,927 nipype.workflow INFO:
	 [Node] Setting-up "fmriprep_24_0_wf.sub_27_wf.bold_task_bird_run_1_wf.bold_fit_wf.enhance_and_skullstrip_bold_wf.fixhdr_unifize" in "/work_dir/fmriprep_24_0_wf/sub_27_wf/bold_task_bird_run_1_wf/bold_fit_wf/enhance_and_skullstrip_bold_wf/fixhdr_unifize".
250329-10:15:07,37 nipype.workflow INFO:
	 [Node] Executing "fixhdr_unifize" <niworkflows.interfaces.header.CopyXForm>
250329-10:15:07,262 nipype.workflow INFO:
	 [Node] Finished "fixhdr_unifize", elapsed time 0.224326s.
250329-10:15:07,303 nipype.workflow INFO:
	 [Node] Finished "combine_masks", elapsed time 0.376278s.
250329-10:15:08,765 nipype.workflow INFO:
	 [Node] Setting-up "fmriprep_24_0_wf.sub_27_wf.bold_task_bird_run_6_wf.bold_fit_wf.enhance_and_skullstrip_bold_wf.apply_mask" in "/work_dir/fmriprep_24_0_wf/sub_27_wf/bold_task_bird_run_6_wf/bold_fit_wf/enhance_and_skullstrip_bold_wf/apply_mask".
250329-10:15:08,767 nipype.workflow INFO:
	 [Node] Executing "apply_mask" <niworkflows.interfaces.nibabel.ApplyMask>
250329-10:15:08,830 nipype.interface WARNING:
	 Changing /output/sub-27/func/sub-27_task-bird_run-6_desc-brain_mask.nii.gz dtype from float32 to uint8
250329-10:15:08,843 nipype.workflow INFO:
	 [Node] Setting-up "fmriprep_24_0_wf.sub_27_wf.bold_task_bird_run_1_wf.bold_fit_wf.enhance_and_skullstrip_bold_wf.skullstrip_second_pass" in "/work_dir/fmriprep_24_0_wf/sub_27_wf/bold_task_bird_run_1_wf/bold_fit_wf/enhance_and_skullstrip_bold_wf/skullstrip_second_pass".
250329-10:15:08,846 nipype.workflow INFO:
	 [Node] Executing "skullstrip_second_pass" <nipype.interfaces.afni.preprocess.Automask>
250329-10:15:09,8 nipype.workflow INFO:
	 [Node] Finished "apply_mask", elapsed time 0.239407s.
250329-10:15:09,707 nipype.workflow INFO:
	 [Node] Finished "skullstrip_second_pass", elapsed time 0.86047s.
250329-10:15:10,834 nipype.workflow INFO:
	 [Node] Setting-up "fmriprep_24_0_wf.sub_27_wf.bold_task_bird_run_1_wf.bold_fit_wf.enhance_and_skullstrip_bold_wf.fixhdr_skullstrip2" in "/work_dir/fmriprep_24_0_wf/sub_27_wf/bold_task_bird_run_1_wf/bold_fit_wf/enhance_and_skullstrip_bold_wf/fixhdr_skullstrip2".
250329-10:15:10,847 nipype.workflow INFO:
	 [Node] Setting-up "fmriprep_24_0_wf.sub_27_wf.bold_task_bird_run_6_wf.bold_confounds_wf.dvars" in "/work_dir/fmriprep_24_0_wf/sub_27_wf/bold_task_bird_run_6_wf/bold_confounds_wf/dvars".
250329-10:15:10,855 nipype.workflow INFO:
	 [Node] Setting-up "fmriprep_24_0_wf.sub_27_wf.bold_task_bird_run_6_wf.bold_confounds_wf.tcompcor" in "/work_dir/fmriprep_24_0_wf/sub_27_wf/bold_task_bird_run_6_wf/bold_confounds_wf/tcompcor".
250329-10:15:10,973 nipype.workflow INFO:
	 [Node] Executing "dvars" <nipype.algorithms.confounds.ComputeDVARS>
250329-10:15:10,982 nipype.workflow INFO:
	 [Node] Executing "fixhdr_skullstrip2" <niworkflows.interfaces.header.CopyXForm>
250329-10:15:11,123 nipype.workflow INFO:
	 [Node] Finished "fixhdr_skullstrip2", elapsed time 0.139734s.
250329-10:15:11,613 nipype.workflow INFO:
	 [Node] Executing "tcompcor" <niworkflows.interfaces.patches.RobustTCompCor>
250329-10:15:12,750 nipype.workflow INFO:
	 [Node] Setting-up "fmriprep_24_0_wf.sub_27_wf.bold_task_bird_run_1_wf.bold_fit_wf.enhance_and_skullstrip_bold_wf.combine_masks" in "/work_dir/fmriprep_24_0_wf/sub_27_wf/bold_task_bird_run_1_wf/bold_fit_wf/enhance_and_skullstrip_bold_wf/combine_masks".
250329-10:15:12,755 nipype.workflow INFO:
	 [Node] Executing "combine_masks" <nipype.interfaces.fsl.maths.BinaryMaths>
250329-10:15:12,773 nipype.workflow INFO:
	 [Node] Finished "unifize", elapsed time 621.867794s.
250329-10:15:13,121 nipype.workflow INFO:
	 [Node] Finished "combine_masks", elapsed time 0.365613s.
250329-10:15:13,931 nipype.workflow INFO:
	 [Node] Finished "unifize", elapsed time 606.992786s.
250329-10:15:14,881 nipype.workflow INFO:
	 [Node] Setting-up "fmriprep_24_0_wf.sub_27_wf.bold_task_bird_run_4_wf.bold_fit_wf.enhance_and_skullstrip_bold_wf.fixhdr_unifize" in "/work_dir/fmriprep_24_0_wf/sub_27_wf/bold_task_bird_run_4_wf/bold_fit_wf/enhance_and_skullstrip_bold_wf/fixhdr_unifize".
250329-10:15:14,902 nipype.workflow INFO:
	 [Node] Setting-up "fmriprep_24_0_wf.sub_27_wf.bold_task_bird_run_5_wf.bold_fit_wf.enhance_and_skullstrip_bold_wf.fixhdr_unifize" in "/work_dir/fmriprep_24_0_wf/sub_27_wf/bold_task_bird_run_5_wf/bold_fit_wf/enhance_and_skullstrip_bold_wf/fixhdr_unifize".
250329-10:15:14,905 nipype.workflow INFO:
	 [Node] Setting-up "fmriprep_24_0_wf.sub_27_wf.bold_task_bird_run_1_wf.bold_fit_wf.enhance_and_skullstrip_bold_wf.apply_mask" in "/work_dir/fmriprep_24_0_wf/sub_27_wf/bold_task_bird_run_1_wf/bold_fit_wf/enhance_and_skullstrip_bold_wf/apply_mask".
250329-10:15:14,908 nipype.workflow INFO:
	 [Node] Executing "apply_mask" <niworkflows.interfaces.nibabel.ApplyMask>
250329-10:15:15,12 nipype.workflow INFO:
	 [Node] Executing "fixhdr_unifize" <niworkflows.interfaces.header.CopyXForm>
250329-10:15:15,23 nipype.interface WARNING:
	 Changing /output/sub-27/func/sub-27_task-bird_run-1_desc-brain_mask.nii.gz dtype from float32 to uint8
250329-10:15:15,43 nipype.workflow INFO:
	 [Node] Executing "fixhdr_unifize" <niworkflows.interfaces.header.CopyXForm>
250329-10:15:15,192 nipype.workflow INFO:
	 [Node] Finished "apply_mask", elapsed time 0.282924s.
250329-10:15:15,236 nipype.workflow INFO:
	 [Node] Finished "fixhdr_unifize", elapsed time 0.223047s.
250329-10:15:15,318 nipype.workflow INFO:
	 [Node] Finished "fixhdr_unifize", elapsed time 0.274087s.
250329-10:15:15,377 nipype.workflow INFO:
	 [Node] Finished "unifize", elapsed time 626.797825s.
250329-10:15:16,588 nipype.workflow INFO:
	 [Node] Finished "unifize", elapsed time 625.738207s.
250329-10:15:16,746 nipype.workflow INFO:
	 [Node] Setting-up "fmriprep_24_0_wf.sub_27_wf.bold_task_bird_run_2_wf.bold_fit_wf.enhance_and_skullstrip_bold_wf.fixhdr_unifize" in "/work_dir/fmriprep_24_0_wf/sub_27_wf/bold_task_bird_run_2_wf/bold_fit_wf/enhance_and_skullstrip_bold_wf/fixhdr_unifize".
250329-10:15:16,784 nipype.workflow INFO:
	 [Node] Setting-up "fmriprep_24_0_wf.sub_27_wf.bold_task_bird_run_1_wf.bold_confounds_wf.tcompcor" in "/work_dir/fmriprep_24_0_wf/sub_27_wf/bold_task_bird_run_1_wf/bold_confounds_wf/tcompcor".
250329-10:15:16,787 nipype.workflow INFO:
	 [Node] Setting-up "fmriprep_24_0_wf.sub_27_wf.bold_task_bird_run_1_wf.bold_confounds_wf.dvars" in "/work_dir/fmriprep_24_0_wf/sub_27_wf/bold_task_bird_run_1_wf/bold_confounds_wf/dvars".
250329-10:15:16,789 nipype.workflow INFO:
	 [Node] Executing "tcompcor" <niworkflows.interfaces.patches.RobustTCompCor>
250329-10:15:16,798 nipype.workflow INFO:
	 [Node] Executing "dvars" <nipype.algorithms.confounds.ComputeDVARS>
250329-10:15:16,853 nipype.workflow INFO:
	 [Node] Executing "fixhdr_unifize" <niworkflows.interfaces.header.CopyXForm>
250329-10:15:16,879 nipype.workflow INFO:
	 [Node] Setting-up "fmriprep_24_0_wf.sub_27_wf.bold_task_bird_run_5_wf.bold_fit_wf.enhance_and_skullstrip_bold_wf.skullstrip_second_pass" in "/work_dir/fmriprep_24_0_wf/sub_27_wf/bold_task_bird_run_5_wf/bold_fit_wf/enhance_and_skullstrip_bold_wf/skullstrip_second_pass".
250329-10:15:16,895 nipype.workflow INFO:
	 [Node] Executing "skullstrip_second_pass" <nipype.interfaces.afni.preprocess.Automask>
250329-10:15:16,903 nipype.workflow INFO:
	 [Node] Setting-up "fmriprep_24_0_wf.sub_27_wf.bold_task_bird_run_4_wf.bold_fit_wf.enhance_and_skullstrip_bold_wf.skullstrip_second_pass" in "/work_dir/fmriprep_24_0_wf/sub_27_wf/bold_task_bird_run_4_wf/bold_fit_wf/enhance_and_skullstrip_bold_wf/skullstrip_second_pass".
250329-10:15:16,906 nipype.workflow INFO:
	 [Node] Executing "skullstrip_second_pass" <nipype.interfaces.afni.preprocess.Automask>
250329-10:15:16,987 nipype.workflow INFO:
	 [Node] Finished "fixhdr_unifize", elapsed time 0.132573s.
250329-10:15:17,785 nipype.workflow INFO:
	 [Node] Finished "skullstrip_second_pass", elapsed time 0.877967s.
250329-10:15:17,992 nipype.workflow INFO:
	 [Node] Finished "skullstrip_second_pass", elapsed time 1.095291s.
250329-10:15:18,784 nipype.workflow INFO:
	 [Node] Setting-up "fmriprep_24_0_wf.sub_27_wf.bold_task_bird_run_3_wf.bold_fit_wf.enhance_and_skullstrip_bold_wf.fixhdr_unifize" in "/work_dir/fmriprep_24_0_wf/sub_27_wf/bold_task_bird_run_3_wf/bold_fit_wf/enhance_and_skullstrip_bold_wf/fixhdr_unifize".
250329-10:15:18,787 nipype.workflow INFO:
	 [Node] Executing "fixhdr_unifize" <niworkflows.interfaces.header.CopyXForm>
250329-10:15:18,798 nipype.workflow INFO:
	 [Node] Setting-up "fmriprep_24_0_wf.sub_27_wf.bold_task_bird_run_2_wf.bold_fit_wf.enhance_and_skullstrip_bold_wf.skullstrip_second_pass" in "/work_dir/fmriprep_24_0_wf/sub_27_wf/bold_task_bird_run_2_wf/bold_fit_wf/enhance_and_skullstrip_bold_wf/skullstrip_second_pass".
250329-10:15:18,801 nipype.workflow INFO:
	 [Node] Executing "skullstrip_second_pass" <nipype.interfaces.afni.preprocess.Automask>
250329-10:15:18,804 nipype.workflow INFO:
	 [Node] Setting-up "fmriprep_24_0_wf.sub_27_wf.bold_task_bird_run_4_wf.bold_fit_wf.enhance_and_skullstrip_bold_wf.fixhdr_skullstrip2" in "/work_dir/fmriprep_24_0_wf/sub_27_wf/bold_task_bird_run_4_wf/bold_fit_wf/enhance_and_skullstrip_bold_wf/fixhdr_skullstrip2".
250329-10:15:18,807 nipype.workflow INFO:
	 [Node] Executing "fixhdr_skullstrip2" <niworkflows.interfaces.header.CopyXForm>
250329-10:15:18,811 nipype.workflow INFO:
	 [Node] Setting-up "fmriprep_24_0_wf.sub_27_wf.bold_task_bird_run_5_wf.bold_fit_wf.enhance_and_skullstrip_bold_wf.fixhdr_skullstrip2" in "/work_dir/fmriprep_24_0_wf/sub_27_wf/bold_task_bird_run_5_wf/bold_fit_wf/enhance_and_skullstrip_bold_wf/fixhdr_skullstrip2".
250329-10:15:18,814 nipype.workflow INFO:
	 [Node] Executing "fixhdr_skullstrip2" <niworkflows.interfaces.header.CopyXForm>
250329-10:15:18,930 nipype.workflow INFO:
	 [Node] Finished "fixhdr_skullstrip2", elapsed time 0.114872s.
250329-10:15:18,932 nipype.workflow INFO:
	 [Node] Finished "fixhdr_skullstrip2", elapsed time 0.124696s.
250329-10:15:18,949 nipype.workflow INFO:
	 [Node] Finished "fixhdr_unifize", elapsed time 0.160888s.
250329-10:15:19,818 nipype.workflow INFO:
	 [Node] Finished "skullstrip_second_pass", elapsed time 1.015841s.
250329-10:15:20,789 nipype.workflow INFO:
	 [Node] Setting-up "fmriprep_24_0_wf.sub_27_wf.bold_task_bird_run_2_wf.bold_fit_wf.enhance_and_skullstrip_bold_wf.fixhdr_skullstrip2" in "/work_dir/fmriprep_24_0_wf/sub_27_wf/bold_task_bird_run_2_wf/bold_fit_wf/enhance_and_skullstrip_bold_wf/fixhdr_skullstrip2".
250329-10:15:20,792 nipype.workflow INFO:
	 [Node] Executing "fixhdr_skullstrip2" <niworkflows.interfaces.header.CopyXForm>
250329-10:15:20,873 nipype.workflow INFO:
	 [Node] Finished "fixhdr_skullstrip2", elapsed time 0.080386s.
250329-10:15:20,878 nipype.workflow INFO:
	 [Node] Setting-up "fmriprep_24_0_wf.sub_27_wf.bold_task_bird_run_3_wf.bold_fit_wf.enhance_and_skullstrip_bold_wf.skullstrip_second_pass" in "/work_dir/fmriprep_24_0_wf/sub_27_wf/bold_task_bird_run_3_wf/bold_fit_wf/enhance_and_skullstrip_bold_wf/skullstrip_second_pass".
250329-10:15:20,894 nipype.workflow INFO:
	 [Node] Executing "skullstrip_second_pass" <nipype.interfaces.afni.preprocess.Automask>
250329-10:15:20,933 nipype.workflow INFO:
	 [Node] Setting-up "fmriprep_24_0_wf.sub_27_wf.bold_task_bird_run_4_wf.bold_fit_wf.enhance_and_skullstrip_bold_wf.combine_masks" in "/work_dir/fmriprep_24_0_wf/sub_27_wf/bold_task_bird_run_4_wf/bold_fit_wf/enhance_and_skullstrip_bold_wf/combine_masks".
250329-10:15:20,947 nipype.workflow INFO:
	 [Node] Executing "combine_masks" <nipype.interfaces.fsl.maths.BinaryMaths>
250329-10:15:20,972 nipype.workflow INFO:
	 [Node] Setting-up "fmriprep_24_0_wf.sub_27_wf.bold_task_bird_run_5_wf.bold_fit_wf.enhance_and_skullstrip_bold_wf.combine_masks" in "/work_dir/fmriprep_24_0_wf/sub_27_wf/bold_task_bird_run_5_wf/bold_fit_wf/enhance_and_skullstrip_bold_wf/combine_masks".
250329-10:15:20,994 nipype.workflow INFO:
	 [Node] Executing "combine_masks" <nipype.interfaces.fsl.maths.BinaryMaths>
250329-10:15:21,237 nipype.workflow INFO:
	 [Node] Finished "combine_masks", elapsed time 0.242236s.
250329-10:15:21,268 nipype.workflow INFO:
	 [Node] Finished "combine_masks", elapsed time 0.320211s.
250329-10:15:21,847 nipype.workflow INFO:
	 [Node] Finished "skullstrip_second_pass", elapsed time 0.952016s.
250329-10:15:22,892 nipype.workflow INFO:
	 [Node] Setting-up "fmriprep_24_0_wf.sub_27_wf.bold_task_bird_run_3_wf.bold_fit_wf.enhance_and_skullstrip_bold_wf.fixhdr_skullstrip2" in "/work_dir/fmriprep_24_0_wf/sub_27_wf/bold_task_bird_run_3_wf/bold_fit_wf/enhance_and_skullstrip_bold_wf/fixhdr_skullstrip2".
250329-10:15:22,894 nipype.workflow INFO:
	 [Node] Executing "fixhdr_skullstrip2" <niworkflows.interfaces.header.CopyXForm>
250329-10:15:22,912 nipype.workflow INFO:
	 [Node] Setting-up "fmriprep_24_0_wf.sub_27_wf.bold_task_bird_run_4_wf.bold_fit_wf.enhance_and_skullstrip_bold_wf.apply_mask" in "/work_dir/fmriprep_24_0_wf/sub_27_wf/bold_task_bird_run_4_wf/bold_fit_wf/enhance_and_skullstrip_bold_wf/apply_mask".
250329-10:15:22,915 nipype.workflow INFO:
	 [Node] Executing "apply_mask" <niworkflows.interfaces.nibabel.ApplyMask>
250329-10:15:22,976 nipype.workflow INFO:
	 [Node] Finished "fixhdr_skullstrip2", elapsed time 0.080821s.
250329-10:15:22,981 nipype.interface WARNING:
	 Changing /output/sub-27/func/sub-27_task-bird_run-4_desc-brain_mask.nii.gz dtype from float32 to uint8
250329-10:15:23,66 nipype.workflow INFO:
	 [Node] Setting-up "fmriprep_24_0_wf.sub_27_wf.bold_task_bird_run_2_wf.bold_fit_wf.enhance_and_skullstrip_bold_wf.combine_masks" in "/work_dir/fmriprep_24_0_wf/sub_27_wf/bold_task_bird_run_2_wf/bold_fit_wf/enhance_and_skullstrip_bold_wf/combine_masks".
250329-10:15:23,70 nipype.workflow INFO:
	 [Node] Executing "combine_masks" <nipype.interfaces.fsl.maths.BinaryMaths>
250329-10:15:23,118 nipype.workflow INFO:
	 [Node] Finished "apply_mask", elapsed time 0.202192s.
250329-10:15:23,291 nipype.workflow INFO:
	 [Node] Finished "combine_masks", elapsed time 0.220731s.
250329-10:15:23,355 nipype.workflow INFO:
	 [Node] Setting-up "fmriprep_24_0_wf.sub_27_wf.bold_task_bird_run_5_wf.bold_fit_wf.enhance_and_skullstrip_bold_wf.apply_mask" in "/work_dir/fmriprep_24_0_wf/sub_27_wf/bold_task_bird_run_5_wf/bold_fit_wf/enhance_and_skullstrip_bold_wf/apply_mask".
250329-10:15:23,358 nipype.workflow INFO:
	 [Node] Executing "apply_mask" <niworkflows.interfaces.nibabel.ApplyMask>
250329-10:15:23,389 nipype.interface WARNING:
	 Changing /output/sub-27/func/sub-27_task-bird_run-5_desc-brain_mask.nii.gz dtype from float32 to uint8
250329-10:15:23,572 nipype.workflow INFO:
	 [Node] Finished "apply_mask", elapsed time 0.212907s.
250329-10:15:24,704 nipype.workflow INFO:
	 [Node] Setting-up "fmriprep_24_0_wf.sub_27_wf.bold_task_bird_run_3_wf.bold_fit_wf.enhance_and_skullstrip_bold_wf.combine_masks" in "/work_dir/fmriprep_24_0_wf/sub_27_wf/bold_task_bird_run_3_wf/bold_fit_wf/enhance_and_skullstrip_bold_wf/combine_masks".
250329-10:15:24,707 nipype.workflow INFO:
	 [Node] Executing "combine_masks" <nipype.interfaces.fsl.maths.BinaryMaths>
250329-10:15:24,710 nipype.workflow INFO:
	 [Node] Setting-up "fmriprep_24_0_wf.sub_27_wf.bold_task_bird_run_2_wf.bold_fit_wf.enhance_and_skullstrip_bold_wf.apply_mask" in "/work_dir/fmriprep_24_0_wf/sub_27_wf/bold_task_bird_run_2_wf/bold_fit_wf/enhance_and_skullstrip_bold_wf/apply_mask".
250329-10:15:24,713 nipype.workflow INFO:
	 [Node] Executing "apply_mask" <niworkflows.interfaces.nibabel.ApplyMask>
250329-10:15:24,765 nipype.interface WARNING:
	 Changing /output/sub-27/func/sub-27_task-bird_run-2_desc-brain_mask.nii.gz dtype from float32 to uint8
250329-10:15:25,61 nipype.workflow INFO:
	 [Node] Finished "combine_masks", elapsed time 0.352755s.
250329-10:15:25,67 nipype.workflow INFO:
	 [Node] Finished "apply_mask", elapsed time 0.352673s.
250329-10:15:25,168 nipype.workflow INFO:
	 [Node] Setting-up "fmriprep_24_0_wf.sub_27_wf.bold_task_bird_run_4_wf.bold_confounds_wf.dvars" in "/work_dir/fmriprep_24_0_wf/sub_27_wf/bold_task_bird_run_4_wf/bold_confounds_wf/dvars".
250329-10:15:25,170 nipype.workflow INFO:
	 [Node] Setting-up "fmriprep_24_0_wf.sub_27_wf.bold_task_bird_run_4_wf.bold_confounds_wf.tcompcor" in "/work_dir/fmriprep_24_0_wf/sub_27_wf/bold_task_bird_run_4_wf/bold_confounds_wf/tcompcor".
250329-10:15:25,175 nipype.workflow INFO:
	 [Node] Setting-up "fmriprep_24_0_wf.sub_27_wf.bold_task_bird_run_5_wf.bold_confounds_wf.dvars" in "/work_dir/fmriprep_24_0_wf/sub_27_wf/bold_task_bird_run_5_wf/bold_confounds_wf/dvars".
250329-10:15:25,188 nipype.workflow INFO:
	 [Node] Setting-up "fmriprep_24_0_wf.sub_27_wf.bold_task_bird_run_5_wf.bold_confounds_wf.tcompcor" in "/work_dir/fmriprep_24_0_wf/sub_27_wf/bold_task_bird_run_5_wf/bold_confounds_wf/tcompcor".
250329-10:15:25,249 nipype.workflow INFO:
	 [Node] Executing "tcompcor" <niworkflows.interfaces.patches.RobustTCompCor>
250329-10:15:25,364 nipype.workflow INFO:
	 [Node] Executing "dvars" <nipype.algorithms.confounds.ComputeDVARS>
250329-10:15:25,372 nipype.workflow INFO:
	 [Node] Executing "dvars" <nipype.algorithms.confounds.ComputeDVARS>
250329-10:15:25,529 nipype.workflow INFO:
	 [Node] Finished "tcompcor", elapsed time 13.915745s.
250329-10:15:25,755 nipype.workflow INFO:
	 [Node] Executing "tcompcor" <niworkflows.interfaces.patches.RobustTCompCor>
250329-10:15:26,859 nipype.workflow INFO:
	 [Node] Setting-up "fmriprep_24_0_wf.sub_27_wf.bold_task_bird_run_3_wf.bold_fit_wf.enhance_and_skullstrip_bold_wf.apply_mask" in "/work_dir/fmriprep_24_0_wf/sub_27_wf/bold_task_bird_run_3_wf/bold_fit_wf/enhance_and_skullstrip_bold_wf/apply_mask".
250329-10:15:26,862 nipype.workflow INFO:
	 [Node] Executing "apply_mask" <niworkflows.interfaces.nibabel.ApplyMask>
250329-10:15:27,8 nipype.interface WARNING:
	 Changing /output/sub-27/func/sub-27_task-bird_run-3_desc-brain_mask.nii.gz dtype from float32 to uint8
250329-10:15:27,156 nipype.workflow INFO:
	 [Node] Finished "apply_mask", elapsed time 0.293572s.
250329-10:15:27,480 nipype.workflow INFO:
	 [Node] Setting-up "fmriprep_24_0_wf.sub_27_wf.bold_task_bird_run_2_wf.bold_confounds_wf.dvars" in "/work_dir/fmriprep_24_0_wf/sub_27_wf/bold_task_bird_run_2_wf/bold_confounds_wf/dvars".
250329-10:15:27,484 nipype.workflow INFO:
	 [Node] Executing "dvars" <nipype.algorithms.confounds.ComputeDVARS>
250329-10:15:27,485 nipype.workflow INFO:
	 [Node] Setting-up "fmriprep_24_0_wf.sub_27_wf.bold_task_bird_run_6_wf.bold_confounds_wf.tcc_metadata_filter" in "/work_dir/fmriprep_24_0_wf/sub_27_wf/bold_task_bird_run_6_wf/bold_confounds_wf/tcc_metadata_filter".
250329-10:15:27,485 nipype.workflow INFO:
	 [Node] Setting-up "fmriprep_24_0_wf.sub_27_wf.bold_task_bird_run_2_wf.bold_confounds_wf.tcompcor" in "/work_dir/fmriprep_24_0_wf/sub_27_wf/bold_task_bird_run_2_wf/bold_confounds_wf/tcompcor".
250329-10:15:27,488 nipype.workflow INFO:
	 [Node] Executing "tcc_metadata_filter" <fmriprep.interfaces.confounds.FilterDropped>
250329-10:15:27,491 nipype.workflow INFO:
	 [Node] Executing "tcompcor" <niworkflows.interfaces.patches.RobustTCompCor>
250329-10:15:27,515 nipype.workflow INFO:
	 [Node] Finished "tcc_metadata_filter", elapsed time 0.025595s.
250329-10:15:28,938 nipype.workflow INFO:
	 [Node] Setting-up "fmriprep_24_0_wf.sub_27_wf.bold_task_bird_run_3_wf.bold_confounds_wf.dvars" in "/work_dir/fmriprep_24_0_wf/sub_27_wf/bold_task_bird_run_3_wf/bold_confounds_wf/dvars".
250329-10:15:28,948 nipype.workflow INFO:
	 [Node] Setting-up "fmriprep_24_0_wf.sub_27_wf.bold_task_bird_run_3_wf.bold_confounds_wf.tcompcor" in "/work_dir/fmriprep_24_0_wf/sub_27_wf/bold_task_bird_run_3_wf/bold_confounds_wf/tcompcor".
250329-10:15:28,953 nipype.workflow INFO:
	 [Node] Executing "tcompcor" <niworkflows.interfaces.patches.RobustTCompCor>
250329-10:15:28,953 nipype.workflow INFO:
	 [Node] Setting-up "fmriprep_24_0_wf.sub_27_wf.bold_task_bird_run_6_wf.bold_confounds_wf.tcc_metadata_fmt" in "/work_dir/fmriprep_24_0_wf/sub_27_wf/bold_task_bird_run_6_wf/bold_confounds_wf/tcc_metadata_fmt".
250329-10:15:29,111 nipype.workflow INFO:
	 [Node] Executing "dvars" <nipype.algorithms.confounds.ComputeDVARS>
250329-10:15:30,734 nipype.workflow INFO:
	 [Node] Finished "tcompcor", elapsed time 13.943119s.
250329-10:15:31,186 nipype.workflow INFO:
	 [Node] Executing "tcc_metadata_fmt" <niworkflows.interfaces.utility.TSV2JSON>
250329-10:15:31,195 nipype.workflow INFO:
	 [Node] Finished "tcc_metadata_fmt", elapsed time 0.007755s.
250329-10:15:35,441 nipype.workflow INFO:
	 [Node] Setting-up "fmriprep_24_0_wf.sub_27_wf.bold_task_bird_run_1_wf.bold_confounds_wf.tcc_metadata_filter" in "/work_dir/fmriprep_24_0_wf/sub_27_wf/bold_task_bird_run_1_wf/bold_confounds_wf/tcc_metadata_filter".
250329-10:15:35,467 nipype.workflow INFO:
	 [Node] Executing "tcc_metadata_filter" <fmriprep.interfaces.confounds.FilterDropped>
250329-10:15:35,491 nipype.workflow INFO:
	 [Node] Finished "tcc_metadata_filter", elapsed time 0.023016s.
250329-10:15:36,900 nipype.workflow INFO:
	 [Node] Setting-up "fmriprep_24_0_wf.sub_27_wf.bold_task_bird_run_1_wf.bold_confounds_wf.tcc_metadata_fmt" in "/work_dir/fmriprep_24_0_wf/sub_27_wf/bold_task_bird_run_1_wf/bold_confounds_wf/tcc_metadata_fmt".
250329-10:15:38,655 nipype.workflow INFO:
	 [Node] Executing "tcc_metadata_fmt" <niworkflows.interfaces.utility.TSV2JSON>
250329-10:15:38,675 nipype.workflow INFO:
	 [Node] Finished "tcc_metadata_fmt", elapsed time 0.006002s.
250329-10:15:44,275 nipype.workflow INFO:
	 [Node] Finished "tcompcor", elapsed time 19.024871s.
250329-10:15:46,583 nipype.workflow INFO:
	 [Node] Setting-up "fmriprep_24_0_wf.sub_27_wf.bold_task_bird_run_5_wf.bold_confounds_wf.tcc_metadata_filter" in "/work_dir/fmriprep_24_0_wf/sub_27_wf/bold_task_bird_run_5_wf/bold_confounds_wf/tcc_metadata_filter".
250329-10:15:46,595 nipype.workflow INFO:
	 [Node] Executing "tcc_metadata_filter" <fmriprep.interfaces.confounds.FilterDropped>
250329-10:15:46,617 nipype.workflow INFO:
	 [Node] Finished "tcc_metadata_filter", elapsed time 0.021202s.
250329-10:15:47,240 nipype.workflow INFO:
	 [Node] Finished "tcompcor", elapsed time 21.483333000000002s.
250329-10:15:49,54 nipype.workflow INFO:
	 [Node] Setting-up "fmriprep_24_0_wf.sub_27_wf.bold_task_bird_run_4_wf.bold_confounds_wf.tcc_metadata_filter" in "/work_dir/fmriprep_24_0_wf/sub_27_wf/bold_task_bird_run_4_wf/bold_confounds_wf/tcc_metadata_filter".
250329-10:15:49,58 nipype.workflow INFO:
	 [Node] Executing "tcc_metadata_filter" <fmriprep.interfaces.confounds.FilterDropped>
250329-10:15:49,65 nipype.workflow INFO:
	 [Node] Setting-up "fmriprep_24_0_wf.sub_27_wf.bold_task_bird_run_5_wf.bold_confounds_wf.tcc_metadata_fmt" in "/work_dir/fmriprep_24_0_wf/sub_27_wf/bold_task_bird_run_5_wf/bold_confounds_wf/tcc_metadata_fmt".
250329-10:15:49,67 nipype.workflow INFO:
	 [Node] Executing "tcc_metadata_fmt" <niworkflows.interfaces.utility.TSV2JSON>
250329-10:15:49,77 nipype.workflow INFO:
	 [Node] Finished "tcc_metadata_filter", elapsed time 0.018094s.
250329-10:15:49,87 nipype.workflow INFO:
	 [Node] Finished "tcc_metadata_fmt", elapsed time 0.005836s.
250329-10:15:50,328 nipype.workflow INFO:
	 [Node] Finished "tcompcor", elapsed time 22.835509s.
250329-10:15:50,874 nipype.workflow INFO:
	 [Node] Setting-up "fmriprep_24_0_wf.sub_27_wf.bold_task_bird_run_2_wf.bold_confounds_wf.tcc_metadata_filter" in "/work_dir/fmriprep_24_0_wf/sub_27_wf/bold_task_bird_run_2_wf/bold_confounds_wf/tcc_metadata_filter".
250329-10:15:50,878 nipype.workflow INFO:
	 [Node] Executing "tcc_metadata_filter" <fmriprep.interfaces.confounds.FilterDropped>
250329-10:15:50,884 nipype.workflow INFO:
	 [Node] Finished "tcc_metadata_filter", elapsed time 0.005211s.
250329-10:15:50,892 nipype.workflow INFO:
	 [Node] Setting-up "fmriprep_24_0_wf.sub_27_wf.bold_task_bird_run_4_wf.bold_confounds_wf.tcc_metadata_fmt" in "/work_dir/fmriprep_24_0_wf/sub_27_wf/bold_task_bird_run_4_wf/bold_confounds_wf/tcc_metadata_fmt".
250329-10:15:51,159 nipype.workflow INFO:
	 [Node] Finished "tcompcor", elapsed time 22.204874s.
250329-10:15:52,536 nipype.workflow INFO:
	 [Node] Executing "tcc_metadata_fmt" <niworkflows.interfaces.utility.TSV2JSON>
250329-10:15:52,542 nipype.workflow INFO:
	 [Node] Finished "tcc_metadata_fmt", elapsed time 0.005902s.
250329-10:15:52,754 nipype.workflow INFO:
	 [Node] Setting-up "fmriprep_24_0_wf.sub_27_wf.bold_task_bird_run_2_wf.bold_confounds_wf.tcc_metadata_fmt" in "/work_dir/fmriprep_24_0_wf/sub_27_wf/bold_task_bird_run_2_wf/bold_confounds_wf/tcc_metadata_fmt".
250329-10:15:53,859 nipype.workflow INFO:
	 [Node] Executing "tcc_metadata_fmt" <niworkflows.interfaces.utility.TSV2JSON>
250329-10:15:53,866 nipype.workflow INFO:
	 [Node] Finished "tcc_metadata_fmt", elapsed time 0.00568s.
250329-10:15:54,432 nipype.workflow INFO:
	 [Node] Finished "fsnative2t1w_xfm", elapsed time 83.605537s.
250329-10:15:55,90 nipype.workflow INFO:
	 [Node] Setting-up "fmriprep_24_0_wf.sub_27_wf.bold_task_bird_run_3_wf.bold_confounds_wf.tcc_metadata_filter" in "/work_dir/fmriprep_24_0_wf/sub_27_wf/bold_task_bird_run_3_wf/bold_confounds_wf/tcc_metadata_filter".
250329-10:15:55,115 nipype.workflow INFO:
	 [Node] Executing "tcc_metadata_filter" <fmriprep.interfaces.confounds.FilterDropped>
250329-10:15:55,130 nipype.workflow INFO:
	 [Node] Finished "tcc_metadata_filter", elapsed time 0.013586s.
250329-10:15:57,343 nipype.workflow INFO:
	 [Node] Setting-up "fmriprep_24_0_wf.sub_27_wf.bold_task_bird_run_3_wf.bold_confounds_wf.tcc_metadata_fmt" in "/work_dir/fmriprep_24_0_wf/sub_27_wf/bold_task_bird_run_3_wf/bold_confounds_wf/tcc_metadata_fmt".
250329-10:15:58,447 nipype.workflow INFO:
	 [Node] Executing "tcc_metadata_fmt" <niworkflows.interfaces.utility.TSV2JSON>
250329-10:15:58,470 nipype.workflow INFO:
	 [Node] Finished "tcc_metadata_fmt", elapsed time 0.022036s.
250329-10:16:19,688 nipype.workflow INFO:
	 [Node] Finished "dvars", elapsed time 68.711464s.
250329-10:16:23,380 nipype.workflow INFO:
	 [Node] Finished "dvars", elapsed time 66.581144s.
250329-10:16:26,791 nipype.workflow INFO:
	 [Node] Finished "dvars", elapsed time 61.425399s.
250329-10:16:27,27 nipype.workflow INFO:
	 [Node] Finished "dvars", elapsed time 61.654559s.
250329-10:16:30,434 nipype.workflow INFO:
	 [Node] Finished "dvars", elapsed time 62.948234s.
250329-10:16:34,102 nipype.workflow INFO:
	 [Node] Finished "dvars", elapsed time 64.990042s.
250329-10:22:48,680 nipype.workflow INFO:
	 [Node] Finished "norm", elapsed time 865.864629s.
250329-10:22:50,699 nipype.workflow INFO:
	 [Node] Setting-up "fmriprep_24_0_wf.sub_27_wf.anat_fit_wf.brain_extraction_wf.map_brainmask" in "/work_dir/fmriprep_24_0_wf/sub_27_wf/anat_fit_wf/brain_extraction_wf/map_brainmask".
250329-10:22:50,699 nipype.workflow INFO:
	 [Node] Setting-up "fmriprep_24_0_wf.sub_27_wf.anat_fit_wf.brain_extraction_wf.map_wmmask" in "/work_dir/fmriprep_24_0_wf/sub_27_wf/anat_fit_wf/brain_extraction_wf/map_wmmask".
250329-10:22:50,706 nipype.workflow INFO:
	 [Node] Executing "map_brainmask" <niworkflows.interfaces.fixes.FixHeaderApplyTransforms>
250329-10:22:50,706 nipype.workflow INFO:
	 [Node] Executing "map_wmmask" <niworkflows.interfaces.fixes.FixHeaderApplyTransforms>
250329-10:23:15,705 nipype.workflow INFO:
	 [Node] Finished "map_brainmask", elapsed time 24.998682s.
250329-10:23:15,714 nipype.workflow INFO:
	 [Node] Finished "map_wmmask", elapsed time 25.007515s.
250329-10:23:16,785 nipype.workflow INFO:
	 [Node] Setting-up "fmriprep_24_0_wf.sub_27_wf.anat_fit_wf.brain_extraction_wf.thr_brainmask" in "/work_dir/fmriprep_24_0_wf/sub_27_wf/anat_fit_wf/brain_extraction_wf/thr_brainmask".
250329-10:23:16,788 nipype.workflow INFO:
	 [Node] Executing "thr_brainmask" <nipype.interfaces.ants.utils.ThresholdImage>
250329-10:23:16,793 nipype.workflow INFO:
	 [Node] Setting-up "_inu_n4_final0" in "/work_dir/fmriprep_24_0_wf/sub_27_wf/anat_fit_wf/brain_extraction_wf/inu_n4_final/mapflow/_inu_n4_final0".
250329-10:23:16,795 nipype.workflow INFO:
	 [Node] Executing "_inu_n4_final0" <nipype.interfaces.ants.segmentation.N4BiasFieldCorrection>
250329-10:23:18,233 nipype.workflow INFO:
	 [Node] Finished "thr_brainmask", elapsed time 1.224627s.
250329-10:23:18,717 nipype.workflow INFO:
	 [Node] Setting-up "fmriprep_24_0_wf.sub_27_wf.anat_fit_wf.brain_extraction_wf.atropos_wf.dil_brainmask" in "/work_dir/fmriprep_24_0_wf/sub_27_wf/anat_fit_wf/brain_extraction_wf/atropos_wf/dil_brainmask".
250329-10:23:18,717 nipype.workflow INFO:
	 [Node] Setting-up "fmriprep_24_0_wf.sub_27_wf.anat_fit_wf.brain_extraction_wf.atropos_wf.03_pad_mask" in "/work_dir/fmriprep_24_0_wf/sub_27_wf/anat_fit_wf/brain_extraction_wf/atropos_wf/03_pad_mask".
250329-10:23:18,720 nipype.workflow INFO:
	 [Node] Executing "03_pad_mask" <nipype.interfaces.ants.utils.ImageMath>
250329-10:23:18,720 nipype.workflow INFO:
	 [Node] Executing "dil_brainmask" <nipype.interfaces.ants.utils.ImageMath>
250329-10:23:19,646 nipype.workflow INFO:
	 [Node] Finished "03_pad_mask", elapsed time 0.925241s.
250329-10:23:20,370 nipype.workflow INFO:
	 [Node] Finished "dil_brainmask", elapsed time 1.6495s.
250329-10:23:20,719 nipype.workflow INFO:
	 [Node] Setting-up "fmriprep_24_0_wf.sub_27_wf.anat_fit_wf.brain_extraction_wf.atropos_wf.get_brainmask" in "/work_dir/fmriprep_24_0_wf/sub_27_wf/anat_fit_wf/brain_extraction_wf/atropos_wf/get_brainmask".
250329-10:23:20,722 nipype.workflow INFO:
	 [Node] Executing "get_brainmask" <nipype.interfaces.ants.utils.ImageMath>
250329-10:23:22,238 nipype.workflow INFO:
	 [Node] Finished "get_brainmask", elapsed time 1.5160200000000001s.
250329-10:23:40,154 nipype.workflow INFO:
	 [Node] Finished "_inu_n4_final0", elapsed time 23.358567999999998s.
250329-10:23:40,708 nipype.workflow INFO:
	 [Node] Setting-up "fmriprep_24_0_wf.sub_27_wf.anat_fit_wf.brain_extraction_wf.atropos_wf.01_atropos" in "/work_dir/fmriprep_24_0_wf/sub_27_wf/anat_fit_wf/brain_extraction_wf/atropos_wf/01_atropos".
250329-10:23:40,711 nipype.workflow INFO:
	 [Node] Setting-up "_apply_mask0" in "/work_dir/fmriprep_24_0_wf/sub_27_wf/anat_fit_wf/brain_extraction_wf/apply_mask/mapflow/_apply_mask0".
250329-10:23:40,712 nipype.workflow INFO:
	 [Node] Executing "_apply_mask0" <niworkflows.interfaces.nibabel.ApplyMask>
250329-10:23:40,712 nipype.workflow INFO:
	 [Node] Executing "01_atropos" <nipype.interfaces.ants.segmentation.Atropos>
250329-10:23:41,712 nipype.workflow INFO:
	 [Node] Finished "_apply_mask0", elapsed time 0.998817s.
250329-10:24:18,981 nipype.workflow INFO:
	 [Node] Finished "01_atropos", elapsed time 37.978897s.
250329-10:24:20,707 nipype.workflow INFO:
	 [Node] Setting-up "fmriprep_24_0_wf.sub_27_wf.anat_fit_wf.brain_extraction_wf.atropos_wf.02_pad_segm" in "/work_dir/fmriprep_24_0_wf/sub_27_wf/anat_fit_wf/brain_extraction_wf/atropos_wf/02_pad_segm".
250329-10:24:20,710 nipype.workflow INFO:
	 [Node] Executing "02_pad_segm" <nipype.interfaces.ants.utils.ImageMath>
250329-10:24:21,697 nipype.workflow INFO:
	 [Node] Finished "02_pad_segm", elapsed time 0.986062s.
250329-10:24:22,706 nipype.workflow INFO:
	 [Node] Setting-up "fmriprep_24_0_wf.sub_27_wf.anat_fit_wf.brain_extraction_wf.atropos_wf.04_sel_labels" in "/work_dir/fmriprep_24_0_wf/sub_27_wf/anat_fit_wf/brain_extraction_wf/atropos_wf/04_sel_labels".
250329-10:24:22,709 nipype.workflow INFO:
	 [Node] Executing "04_sel_labels" <nipype.interfaces.utility.wrappers.Function>
250329-10:24:23,116 nipype.workflow INFO:
	 [Node] Finished "04_sel_labels", elapsed time 0.406041s.
250329-10:24:25,650 nipype.workflow INFO:
	 [Node] Setting-up "fmriprep_24_0_wf.sub_27_wf.anat_fit_wf.brain_extraction_wf.atropos_wf.05_get_wm" in "/work_dir/fmriprep_24_0_wf/sub_27_wf/anat_fit_wf/brain_extraction_wf/atropos_wf/05_get_wm".
250329-10:24:25,650 nipype.workflow INFO:
	 [Node] Setting-up "fmriprep_24_0_wf.sub_27_wf.anat_fit_wf.brain_extraction_wf.atropos_wf.06_get_gm" in "/work_dir/fmriprep_24_0_wf/sub_27_wf/anat_fit_wf/brain_extraction_wf/atropos_wf/06_get_gm".
250329-10:24:25,650 nipype.workflow INFO:
	 [Node] Setting-up "fmriprep_24_0_wf.sub_27_wf.anat_fit_wf.brain_extraction_wf.atropos_wf.10_me_csf" in "/work_dir/fmriprep_24_0_wf/sub_27_wf/anat_fit_wf/brain_extraction_wf/atropos_wf/10_me_csf".
250329-10:24:25,652 nipype.workflow INFO:
	 [Node] Executing "05_get_wm" <nipype.interfaces.ants.utils.ImageMath>
250329-10:24:25,652 nipype.workflow INFO:
	 [Node] Executing "06_get_gm" <nipype.interfaces.ants.utils.ImageMath>
250329-10:24:25,653 nipype.workflow INFO:
	 [Node] Executing "10_me_csf" <nipype.interfaces.ants.utils.ImageMath>
250329-10:24:25,683 nipype.workflow INFO:
	 [Node] Setting-up "fmriprep_24_0_wf.sub_27_wf.anat_fit_wf.brain_extraction_wf.atropos_wf.27_depad_csf" in "/work_dir/fmriprep_24_0_wf/sub_27_wf/anat_fit_wf/brain_extraction_wf/atropos_wf/27_depad_csf".
250329-10:24:25,686 nipype.workflow INFO:
	 [Node] Executing "27_depad_csf" <nipype.interfaces.ants.utils.ImageMath>
250329-10:24:26,644 nipype.workflow INFO:
	 [Node] Finished "27_depad_csf", elapsed time 0.752874s.
250329-10:24:27,309 nipype.workflow INFO:
	 [Node] Finished "05_get_wm", elapsed time 1.655529s.
250329-10:24:27,670 nipype.workflow INFO:
	 [Node] Setting-up "fmriprep_24_0_wf.sub_27_wf.anat_fit_wf.brain_extraction_wf.atropos_wf.09_relabel_wm" in "/work_dir/fmriprep_24_0_wf/sub_27_wf/anat_fit_wf/brain_extraction_wf/atropos_wf/09_relabel_wm".
250329-10:24:27,673 nipype.workflow INFO:
	 [Node] Executing "09_relabel_wm" <nipype.interfaces.ants.utils.MultiplyImages>
250329-10:24:27,692 nipype.workflow INFO:
	 [Node] Finished "06_get_gm", elapsed time 1.785571s.
250329-10:24:28,535 nipype.workflow INFO:
	 [Node] Finished "09_relabel_wm", elapsed time 0.860924s.
250329-10:24:29,663 nipype.workflow INFO:
	 [Node] Setting-up "fmriprep_24_0_wf.sub_27_wf.anat_fit_wf.brain_extraction_wf.atropos_wf.07_fill_gm" in "/work_dir/fmriprep_24_0_wf/sub_27_wf/anat_fit_wf/brain_extraction_wf/atropos_wf/07_fill_gm".
250329-10:24:29,663 nipype.workflow INFO:
	 [Node] Setting-up "fmriprep_24_0_wf.sub_27_wf.anat_fit_wf.brain_extraction_wf.atropos_wf.26_depad_wm" in "/work_dir/fmriprep_24_0_wf/sub_27_wf/anat_fit_wf/brain_extraction_wf/atropos_wf/26_depad_wm".
250329-10:24:29,663 nipype.workflow INFO:
	 [Node] Setting-up "fmriprep_24_0_wf.sub_27_wf.anat_fit_wf.brain_extraction_wf.atropos_wf.apply_wm_prior" in "/work_dir/fmriprep_24_0_wf/sub_27_wf/anat_fit_wf/brain_extraction_wf/atropos_wf/apply_wm_prior".
250329-10:24:29,665 nipype.workflow INFO:
	 [Node] Executing "26_depad_wm" <nipype.interfaces.ants.utils.ImageMath>
250329-10:24:29,665 nipype.workflow INFO:
	 [Node] Executing "07_fill_gm" <nipype.interfaces.ants.utils.ImageMath>
250329-10:24:29,666 nipype.workflow INFO:
	 [Node] Executing "apply_wm_prior" <nipype.interfaces.utility.wrappers.Function>
250329-10:24:30,331 nipype.workflow INFO:
	 [Node] Finished "10_me_csf", elapsed time 4.67645s.
250329-10:24:30,537 nipype.workflow INFO:
	 [Node] Finished "apply_wm_prior", elapsed time 0.869675s.
250329-10:24:30,926 nipype.workflow INFO:
	 [Node] Finished "26_depad_wm", elapsed time 0.935746s.
250329-10:24:31,671 nipype.workflow INFO:
	 [Node] Setting-up "_inu_n4_final0" in "/work_dir/fmriprep_24_0_wf/sub_27_wf/anat_fit_wf/brain_extraction_wf/atropos_wf/inu_n4_final/mapflow/_inu_n4_final0".
250329-10:24:31,673 nipype.workflow INFO:
	 [Node] Executing "_inu_n4_final0" <nipype.interfaces.ants.segmentation.N4BiasFieldCorrection>
250329-10:24:41,947 nipype.workflow INFO:
	 [Node] Finished "07_fill_gm", elapsed time 12.280605s.
250329-10:24:43,664 nipype.workflow INFO:
	 [Node] Setting-up "fmriprep_24_0_wf.sub_27_wf.anat_fit_wf.brain_extraction_wf.atropos_wf.08_mult_gm" in "/work_dir/fmriprep_24_0_wf/sub_27_wf/anat_fit_wf/brain_extraction_wf/atropos_wf/08_mult_gm".
250329-10:24:43,668 nipype.workflow INFO:
	 [Node] Executing "08_mult_gm" <nipype.interfaces.ants.utils.MultiplyImages>
250329-10:24:44,719 nipype.workflow INFO:
	 [Node] Finished "08_mult_gm", elapsed time 1.050092s.
250329-10:24:45,658 nipype.workflow INFO:
	 [Node] Setting-up "fmriprep_24_0_wf.sub_27_wf.anat_fit_wf.brain_extraction_wf.atropos_wf.11_add_gm" in "/work_dir/fmriprep_24_0_wf/sub_27_wf/anat_fit_wf/brain_extraction_wf/atropos_wf/11_add_gm".
250329-10:24:45,661 nipype.workflow INFO:
	 [Node] Executing "11_add_gm" <nipype.interfaces.ants.utils.ImageMath>
250329-10:24:47,918 nipype.workflow INFO:
	 [Node] Finished "11_add_gm", elapsed time 2.055029s.
250329-10:24:49,666 nipype.workflow INFO:
	 [Node] Setting-up "fmriprep_24_0_wf.sub_27_wf.anat_fit_wf.brain_extraction_wf.atropos_wf.12_relabel_gm" in "/work_dir/fmriprep_24_0_wf/sub_27_wf/anat_fit_wf/brain_extraction_wf/atropos_wf/12_relabel_gm".
250329-10:24:49,669 nipype.workflow INFO:
	 [Node] Executing "12_relabel_gm" <nipype.interfaces.ants.utils.MultiplyImages>
250329-10:24:50,556 nipype.workflow INFO:
	 [Node] Finished "12_relabel_gm", elapsed time 0.885533s.
250329-10:24:51,658 nipype.workflow INFO:
	 [Node] Setting-up "fmriprep_24_0_wf.sub_27_wf.anat_fit_wf.brain_extraction_wf.atropos_wf.13_add_gm_wm" in "/work_dir/fmriprep_24_0_wf/sub_27_wf/anat_fit_wf/brain_extraction_wf/atropos_wf/13_add_gm_wm".
250329-10:24:51,658 nipype.workflow INFO:
	 [Node] Setting-up "fmriprep_24_0_wf.sub_27_wf.anat_fit_wf.brain_extraction_wf.atropos_wf.25_depad_gm" in "/work_dir/fmriprep_24_0_wf/sub_27_wf/anat_fit_wf/brain_extraction_wf/atropos_wf/25_depad_gm".
250329-10:24:51,661 nipype.workflow INFO:
	 [Node] Executing "25_depad_gm" <nipype.interfaces.ants.utils.ImageMath>
250329-10:24:51,661 nipype.workflow INFO:
	 [Node] Executing "13_add_gm_wm" <nipype.interfaces.ants.utils.ImageMath>
250329-10:24:52,665 nipype.workflow INFO:
	 [Node] Finished "25_depad_gm", elapsed time 1.003904s.
250329-10:24:53,663 nipype.workflow INFO:
	 [Node] Setting-up "fmriprep_24_0_wf.sub_27_wf.anat_fit_wf.brain_extraction_wf.atropos_wf.merge_tpms" in "/work_dir/fmriprep_24_0_wf/sub_27_wf/anat_fit_wf/brain_extraction_wf/atropos_wf/merge_tpms".
250329-10:24:53,666 nipype.workflow INFO:
	 [Node] Executing "merge_tpms" <nipype.interfaces.utility.base.Merge>
250329-10:24:53,667 nipype.workflow INFO:
	 [Node] Finished "merge_tpms", elapsed time 0.000244s.
250329-10:24:53,783 nipype.workflow INFO:
	 [Node] Finished "13_add_gm_wm", elapsed time 2.12066s.
250329-10:24:55,126 nipype.workflow INFO:
	 [Node] Finished "_inu_n4_final0", elapsed time 23.451888s.
250329-10:24:55,659 nipype.workflow INFO:
	 [Node] Setting-up "fmriprep_24_0_wf.sub_27_wf.anat_fit_wf.brain_extraction_wf.atropos_wf.14_sel_labels2" in "/work_dir/fmriprep_24_0_wf/sub_27_wf/anat_fit_wf/brain_extraction_wf/atropos_wf/14_sel_labels2".
250329-10:24:55,659 nipype.workflow INFO:
	 [Node] Setting-up "fmriprep_24_0_wf.sub_27_wf.anat_fit_wf.brain_extraction_wf.atropos_wf.24_depad_segm" in "/work_dir/fmriprep_24_0_wf/sub_27_wf/anat_fit_wf/brain_extraction_wf/atropos_wf/24_depad_segm".
250329-10:24:55,662 nipype.workflow INFO:
	 [Node] Executing "14_sel_labels2" <nipype.interfaces.utility.wrappers.Function>
250329-10:24:55,662 nipype.workflow INFO:
	 [Node] Executing "24_depad_segm" <nipype.interfaces.ants.utils.ImageMath>
250329-10:24:55,868 nipype.workflow INFO:
	 [Node] Finished "14_sel_labels2", elapsed time 0.205476s.
250329-10:24:56,799 nipype.workflow INFO:
	 [Node] Finished "24_depad_segm", elapsed time 0.90956s.
250329-10:24:57,658 nipype.workflow INFO:
	 [Node] Setting-up "fmriprep_24_0_wf.sub_27_wf.anat_fit_wf.brain_extraction_wf.atropos_wf.15_add_7" in "/work_dir/fmriprep_24_0_wf/sub_27_wf/anat_fit_wf/brain_extraction_wf/atropos_wf/15_add_7".
250329-10:24:57,660 nipype.workflow INFO:
	 [Node] Executing "15_add_7" <nipype.interfaces.ants.utils.ImageMath>
250329-10:24:59,515 nipype.workflow INFO:
	 [Node] Finished "15_add_7", elapsed time 1.6655410000000002s.
250329-10:25:01,653 nipype.workflow INFO:
	 [Node] Setting-up "fmriprep_24_0_wf.sub_27_wf.anat_fit_wf.brain_extraction_wf.atropos_wf.16_me_7" in "/work_dir/fmriprep_24_0_wf/sub_27_wf/anat_fit_wf/brain_extraction_wf/atropos_wf/16_me_7".
250329-10:25:01,656 nipype.workflow INFO:
	 [Node] Executing "16_me_7" <nipype.interfaces.ants.utils.ImageMath>
250329-10:25:04,992 nipype.workflow INFO:
	 [Node] Finished "16_me_7", elapsed time 3.335337s.
250329-10:25:05,656 nipype.workflow INFO:
	 [Node] Setting-up "fmriprep_24_0_wf.sub_27_wf.anat_fit_wf.brain_extraction_wf.atropos_wf.17_comp_7" in "/work_dir/fmriprep_24_0_wf/sub_27_wf/anat_fit_wf/brain_extraction_wf/atropos_wf/17_comp_7".
250329-10:25:05,658 nipype.workflow INFO:
	 [Node] Executing "17_comp_7" <nipype.interfaces.ants.utils.ImageMath>
250329-10:25:07,541 nipype.workflow INFO:
	 [Node] Finished "17_comp_7", elapsed time 1.8816220000000001s.
250329-10:25:09,653 nipype.workflow INFO:
	 [Node] Setting-up "fmriprep_24_0_wf.sub_27_wf.anat_fit_wf.brain_extraction_wf.atropos_wf.18_md_7" in "/work_dir/fmriprep_24_0_wf/sub_27_wf/anat_fit_wf/brain_extraction_wf/atropos_wf/18_md_7".
250329-10:25:09,656 nipype.workflow INFO:
	 [Node] Executing "18_md_7" <nipype.interfaces.ants.utils.ImageMath>
250329-10:25:11,717 nipype.workflow INFO:
	 [Node] Finished "18_md_7", elapsed time 2.05994s.
250329-10:25:13,654 nipype.workflow INFO:
	 [Node] Setting-up "fmriprep_24_0_wf.sub_27_wf.anat_fit_wf.brain_extraction_wf.atropos_wf.19_fill_7" in "/work_dir/fmriprep_24_0_wf/sub_27_wf/anat_fit_wf/brain_extraction_wf/atropos_wf/19_fill_7".
250329-10:25:13,657 nipype.workflow INFO:
	 [Node] Executing "19_fill_7" <nipype.interfaces.ants.utils.ImageMath>
250329-10:25:25,624 nipype.workflow INFO:
	 [Node] Finished "19_fill_7", elapsed time 11.966757s.
250329-10:25:27,654 nipype.workflow INFO:
	 [Node] Setting-up "fmriprep_24_0_wf.sub_27_wf.anat_fit_wf.brain_extraction_wf.atropos_wf.20_add_7_2" in "/work_dir/fmriprep_24_0_wf/sub_27_wf/anat_fit_wf/brain_extraction_wf/atropos_wf/20_add_7_2".
250329-10:25:27,657 nipype.workflow INFO:
	 [Node] Executing "20_add_7_2" <nipype.interfaces.ants.utils.ImageMath>
250329-10:25:29,576 nipype.workflow INFO:
	 [Node] Finished "20_add_7_2", elapsed time 1.9178060000000001s.
250329-10:25:31,654 nipype.workflow INFO:
	 [Node] Setting-up "fmriprep_24_0_wf.sub_27_wf.anat_fit_wf.brain_extraction_wf.atropos_wf.21_md_7_2" in "/work_dir/fmriprep_24_0_wf/sub_27_wf/anat_fit_wf/brain_extraction_wf/atropos_wf/21_md_7_2".
250329-10:25:31,657 nipype.workflow INFO:
	 [Node] Executing "21_md_7_2" <nipype.interfaces.ants.utils.ImageMath>
250329-10:25:33,751 nipype.workflow INFO:
	 [Node] Finished "21_md_7_2", elapsed time 2.093862s.
250329-10:25:35,655 nipype.workflow INFO:
	 [Node] Setting-up "fmriprep_24_0_wf.sub_27_wf.anat_fit_wf.brain_extraction_wf.atropos_wf.22_me_7_2" in "/work_dir/fmriprep_24_0_wf/sub_27_wf/anat_fit_wf/brain_extraction_wf/atropos_wf/22_me_7_2".
250329-10:25:35,658 nipype.workflow INFO:
	 [Node] Executing "22_me_7_2" <nipype.interfaces.ants.utils.ImageMath>
250329-10:25:39,152 nipype.workflow INFO:
	 [Node] Finished "22_me_7_2", elapsed time 3.493313s.
250329-10:25:39,657 nipype.workflow INFO:
	 [Node] Setting-up "fmriprep_24_0_wf.sub_27_wf.anat_fit_wf.brain_extraction_wf.atropos_wf.23_depad_mask" in "/work_dir/fmriprep_24_0_wf/sub_27_wf/anat_fit_wf/brain_extraction_wf/atropos_wf/23_depad_mask".
250329-10:25:39,659 nipype.workflow INFO:
	 [Node] Executing "23_depad_mask" <nipype.interfaces.ants.utils.ImageMath>
250329-10:25:40,491 nipype.workflow INFO:
	 [Node] Finished "23_depad_mask", elapsed time 0.830685s.
250329-10:25:41,656 nipype.workflow INFO:
	 [Node] Setting-up "fmriprep_24_0_wf.sub_27_wf.anat_fit_wf.brain_extraction_wf.atropos_wf.msk_conform" in "/work_dir/fmriprep_24_0_wf/sub_27_wf/anat_fit_wf/brain_extraction_wf/atropos_wf/msk_conform".
250329-10:25:41,659 nipype.workflow INFO:
	 [Node] Executing "msk_conform" <nipype.interfaces.utility.wrappers.Function>
250329-10:25:41,977 nipype.workflow INFO:
	 [Node] Finished "msk_conform", elapsed time 0.317755s.
250329-10:25:51,414 nipype.workflow INFO:
	 [Node] Setting-up "_apply_mask0" in "/work_dir/fmriprep_24_0_wf/sub_27_wf/anat_fit_wf/brain_extraction_wf/atropos_wf/apply_mask/mapflow/_apply_mask0".
250329-10:25:51,415 nipype.workflow INFO:
	 [Node] Executing "_apply_mask0" <niworkflows.interfaces.nibabel.ApplyMask>
250329-10:25:52,420 nipype.workflow INFO:
	 [Node] Finished "_apply_mask0", elapsed time 1.003666s.
250329-10:25:56,344 nipype.workflow INFO:
	 [Node] Setting-up "fmriprep_24_0_wf.sub_27_wf.anat_fit_wf.register_template_wf.trunc_mov" in "/work_dir/fmriprep_24_0_wf/sub_27_wf/anat_fit_wf/register_template_wf/_template_MNI152NLin2009cAsym/trunc_mov".
250329-10:25:56,347 nipype.workflow INFO:
	 [Node] Executing "trunc_mov" <nipype.interfaces.ants.utils.ImageMath>
250329-10:25:56,497 nipype.workflow INFO:
	 [Node] Setting-up "fmriprep_24_0_wf.sub_27_wf.anat_fit_wf.surface_recon_wf.skull_strip_extern" in "/work_dir/fmriprep_24_0_wf/sub_27_wf/anat_fit_wf/surface_recon_wf/skull_strip_extern".
250329-10:25:56,501 nipype.workflow INFO:
	 [Node] Executing "skull_strip_extern" <niworkflows.interfaces.freesurfer.FSInjectBrainExtracted>
250329-10:25:58,288 nipype.workflow INFO:
	 [Node] Finished "skull_strip_extern", elapsed time 1.786934s.
250329-10:25:58,585 nipype.workflow INFO:
	 [Node] Setting-up "fmriprep_24_0_wf.sub_27_wf.anat_fit_wf.surface_recon_wf.autorecon_resume_wf.gcareg" in "/work_dir/fmriprep_24_0_wf/sub_27_wf/anat_fit_wf/surface_recon_wf/autorecon_resume_wf/gcareg".
250329-10:25:58,589 nipype.workflow INFO:
	 [Node] Executing "gcareg" <smriprep.interfaces.freesurfer.ReconAll>
250329-10:25:58,590 nipype.interface INFO:
	 resume recon-all : recon-all -openmp 8 -subjid sub-27 -sd /output/sourcedata/freesurfer -gcareg
250329-10:25:58,591 nipype.interface INFO:
	 resume recon-all : recon-all -openmp 8 -subjid sub-27 -sd /output/sourcedata/freesurfer -gcareg
250329-10:26:03,379 nipype.workflow INFO:
	 [Node] Finished "trunc_mov", elapsed time 7.031585s.
250329-10:28:27,506 nipype.workflow INFO:
	 [Node] Finished "gcareg", elapsed time 148.916307s.
250329-10:28:28,594 nipype.workflow INFO:
	 [Node] Setting-up "fmriprep_24_0_wf.sub_27_wf.anat_fit_wf.surface_recon_wf.autorecon_resume_wf.autorecon2_vol" in "/work_dir/fmriprep_24_0_wf/sub_27_wf/anat_fit_wf/surface_recon_wf/autorecon_resume_wf/autorecon2_vol".
250329-10:28:28,599 nipype.workflow INFO:
	 [Node] Executing "autorecon2_vol" <smriprep.interfaces.freesurfer.ReconAll>
250329-10:28:28,600 nipype.interface INFO:
	 resume recon-all : recon-all -autorecon2-volonly -openmp 8 -subjid sub-27 -sd /output/sourcedata/freesurfer -nogcareg
250329-10:28:28,601 nipype.interface INFO:
	 resume recon-all : recon-all -autorecon2-volonly -openmp 8 -subjid sub-27 -sd /output/sourcedata/freesurfer -nogcareg
250329-12:24:18,905 nipype.workflow INFO:
	 [Node] Finished "autorecon2_vol", elapsed time 6950.304931s.
250329-12:24:23,82 nipype.workflow INFO:
	 [Node] Setting-up "_autorecon_surfs1" in "/work_dir/fmriprep_24_0_wf/sub_27_wf/anat_fit_wf/surface_recon_wf/autorecon_resume_wf/autorecon_surfs/mapflow/_autorecon_surfs1".
250329-12:24:23,86 nipype.workflow INFO:
	 [Node] Executing "_autorecon_surfs1" <smriprep.interfaces.freesurfer.ReconAll>
250329-12:24:23,88 nipype.interface INFO:
	 resume recon-all : recon-all -autorecon-hemi rh -noparcstats -noparcstats2 -noparcstats3 -nohyporelabel -nobalabels -rh-only -openmp 8 -subjid sub-27 -sd /output/sourcedata/freesurfer 
250329-12:24:23,88 nipype.interface INFO:
	 resume recon-all : recon-all -autorecon-hemi rh -noparcstats -noparcstats2 -noparcstats3 -nohyporelabel -nobalabels -rh-only -openmp 8 -subjid sub-27 -sd /output/sourcedata/freesurfer 
250329-12:24:23,860 nipype.workflow INFO:
	 [Node] Setting-up "_autorecon_surfs0" in "/work_dir/fmriprep_24_0_wf/sub_27_wf/anat_fit_wf/surface_recon_wf/autorecon_resume_wf/autorecon_surfs/mapflow/_autorecon_surfs0".
250329-12:24:23,863 nipype.workflow INFO:
	 [Node] Executing "_autorecon_surfs0" <smriprep.interfaces.freesurfer.ReconAll>
250329-12:24:23,864 nipype.interface INFO:
	 resume recon-all : recon-all -autorecon-hemi lh -noparcstats -noparcstats2 -noparcstats3 -nohyporelabel -nobalabels -lh-only -openmp 8 -subjid sub-27 -sd /output/sourcedata/freesurfer 
250329-12:24:23,865 nipype.interface INFO:
	 resume recon-all : recon-all -autorecon-hemi lh -noparcstats -noparcstats2 -noparcstats3 -nohyporelabel -nobalabels -lh-only -openmp 8 -subjid sub-27 -sd /output/sourcedata/freesurfer 
250329-13:33:37,837 nipype.workflow INFO:
	 [Node] Finished "_autorecon_surfs1", elapsed time 4154.74953s.
250329-13:36:28,420 nipype.workflow INFO:
	 [Node] Finished "_autorecon_surfs0", elapsed time 4324.55635s.
250329-13:36:29,335 nipype.workflow INFO:
	 [Node] Setting-up "_autorecon_surfs0" in "/work_dir/fmriprep_24_0_wf/sub_27_wf/anat_fit_wf/surface_recon_wf/autorecon_resume_wf/autorecon_surfs/mapflow/_autorecon_surfs0".
250329-13:36:29,338 nipype.workflow INFO:
	 [Node] Executing "_autorecon_surfs0" <smriprep.interfaces.freesurfer.ReconAll>
250329-13:36:29,339 nipype.interface INFO:
	 recon-all complete : Not running
250329-13:36:29,340 nipype.interface INFO:
	 recon-all complete : Not running
250329-13:36:29,448 nipype.workflow INFO:
	 [Node] Finished "_autorecon_surfs0", elapsed time 0.10923s.
250329-13:36:29,454 nipype.workflow INFO:
	 [Node] Setting-up "_autorecon_surfs1" in "/work_dir/fmriprep_24_0_wf/sub_27_wf/anat_fit_wf/surface_recon_wf/autorecon_resume_wf/autorecon_surfs/mapflow/_autorecon_surfs1".
250329-13:36:29,457 nipype.workflow INFO:
	 [Node] Executing "_autorecon_surfs1" <smriprep.interfaces.freesurfer.ReconAll>
250329-13:36:29,458 nipype.interface INFO:
	 recon-all complete : Not running
250329-13:36:29,459 nipype.interface INFO:
	 recon-all complete : Not running
250329-13:36:29,558 nipype.workflow INFO:
	 [Node] Finished "_autorecon_surfs1", elapsed time 0.100212s.
250329-13:36:31,321 nipype.workflow INFO:
	 [Node] Setting-up "fmriprep_24_0_wf.sub_27_wf.anat_fit_wf.surface_recon_wf.autorecon_resume_wf.cortribbon" in "/work_dir/fmriprep_24_0_wf/sub_27_wf/anat_fit_wf/surface_recon_wf/autorecon_resume_wf/cortribbon".
250329-13:36:31,325 nipype.workflow INFO:
	 [Node] Executing "cortribbon" <smriprep.interfaces.freesurfer.ReconAll>
250329-13:36:31,326 nipype.interface INFO:
	 resume recon-all : recon-all -parallel -subjid sub-27 -sd /output/sourcedata/freesurfer -cortribbon
250329-13:36:31,327 nipype.interface INFO:
	 resume recon-all : recon-all -parallel -subjid sub-27 -sd /output/sourcedata/freesurfer -cortribbon
250329-13:43:27,574 nipype.workflow INFO:
	 [Node] Finished "cortribbon", elapsed time 416.247617s.
250329-13:43:31,347 nipype.workflow INFO:
	 [Node] Setting-up "_parcstats1" in "/work_dir/fmriprep_24_0_wf/sub_27_wf/anat_fit_wf/surface_recon_wf/autorecon_resume_wf/parcstats/mapflow/_parcstats1".
250329-13:43:31,351 nipype.workflow INFO:
	 [Node] Executing "_parcstats1" <smriprep.interfaces.freesurfer.ReconAll>
250329-13:43:31,353 nipype.interface INFO:
	 resume recon-all : recon-all -autorecon-hemi rh -nohyporelabel -rh-only -openmp 8 -subjid sub-27 -sd /output/sourcedata/freesurfer -notessellate -nosmooth1 -noinflate1 -noqsphere -nofix -nowhite -nosmooth2 -noinflate2 -nocurvHK -nocurvstats -nosphere -nosurfreg -nojacobian_white -noavgcurv -nocortparc -nopial -nocortparc2 -nocortparc3 -nopctsurfcon
250329-13:43:31,354 nipype.interface INFO:
	 resume recon-all : recon-all -autorecon-hemi rh -nohyporelabel -rh-only -openmp 8 -subjid sub-27 -sd /output/sourcedata/freesurfer -notessellate -nosmooth1 -noinflate1 -noqsphere -nofix -nowhite -nosmooth2 -noinflate2 -nocurvHK -nocurvstats -nosphere -nosurfreg -nojacobian_white -noavgcurv -nocortparc -nopial -nocortparc2 -nocortparc3 -nopctsurfcon
250329-13:43:31,512 nipype.workflow INFO:
	 [Node] Setting-up "_parcstats0" in "/work_dir/fmriprep_24_0_wf/sub_27_wf/anat_fit_wf/surface_recon_wf/autorecon_resume_wf/parcstats/mapflow/_parcstats0".
250329-13:43:31,515 nipype.workflow INFO:
	 [Node] Executing "_parcstats0" <smriprep.interfaces.freesurfer.ReconAll>
250329-13:43:31,517 nipype.interface INFO:
	 resume recon-all : recon-all -autorecon-hemi lh -nohyporelabel -lh-only -openmp 8 -subjid sub-27 -sd /output/sourcedata/freesurfer -notessellate -nosmooth1 -noinflate1 -noqsphere -nofix -nowhite -nosmooth2 -noinflate2 -nocurvHK -nocurvstats -nosphere -nosurfreg -nojacobian_white -noavgcurv -nocortparc -nopial -nocortparc2 -nocortparc3 -nopctsurfcon
250329-13:43:31,518 nipype.interface INFO:
	 resume recon-all : recon-all -autorecon-hemi lh -nohyporelabel -lh-only -openmp 8 -subjid sub-27 -sd /output/sourcedata/freesurfer -notessellate -nosmooth1 -noinflate1 -noqsphere -nofix -nowhite -nosmooth2 -noinflate2 -nocurvHK -nocurvstats -nosphere -nosurfreg -nojacobian_white -noavgcurv -nocortparc -nopial -nocortparc2 -nocortparc3 -nopctsurfcon
250329-13:48:59,65 nipype.workflow INFO:
	 [Node] Finished "_parcstats1", elapsed time 327.712644s.
250329-13:49:07,758 nipype.workflow INFO:
	 [Node] Finished "_parcstats0", elapsed time 336.24164s.
250329-13:49:09,867 nipype.workflow INFO:
	 [Node] Setting-up "_parcstats0" in "/work_dir/fmriprep_24_0_wf/sub_27_wf/anat_fit_wf/surface_recon_wf/autorecon_resume_wf/parcstats/mapflow/_parcstats0".
250329-13:49:09,870 nipype.workflow INFO:
	 [Node] Executing "_parcstats0" <smriprep.interfaces.freesurfer.ReconAll>
250329-13:49:09,871 nipype.interface INFO:
	 recon-all complete : Not running
250329-13:49:09,872 nipype.interface INFO:
	 recon-all complete : Not running
250329-13:49:09,954 nipype.workflow INFO:
	 [Node] Finished "_parcstats0", elapsed time 0.083671s.
250329-13:49:09,960 nipype.workflow INFO:
	 [Node] Setting-up "_parcstats1" in "/work_dir/fmriprep_24_0_wf/sub_27_wf/anat_fit_wf/surface_recon_wf/autorecon_resume_wf/parcstats/mapflow/_parcstats1".
250329-13:49:09,963 nipype.workflow INFO:
	 [Node] Executing "_parcstats1" <smriprep.interfaces.freesurfer.ReconAll>
250329-13:49:09,965 nipype.interface INFO:
	 recon-all complete : Not running
250329-13:49:09,966 nipype.interface INFO:
	 recon-all complete : Not running
250329-13:49:10,40 nipype.workflow INFO:
	 [Node] Finished "_parcstats1", elapsed time 0.07582s.
250329-13:49:11,376 nipype.workflow INFO:
	 [Node] Setting-up "fmriprep_24_0_wf.sub_27_wf.anat_fit_wf.surface_recon_wf.autorecon_resume_wf.autorecon3" in "/work_dir/fmriprep_24_0_wf/sub_27_wf/anat_fit_wf/surface_recon_wf/autorecon_resume_wf/autorecon3".
250329-13:49:11,380 nipype.workflow INFO:
	 [Node] Executing "autorecon3" <smriprep.interfaces.freesurfer.ReconAll>
250329-13:49:11,382 nipype.interface INFO:
	 resume recon-all : recon-all -autorecon3 -openmp 8 -subjid sub-27 -sd /output/sourcedata/freesurfer -nosphere -nosurfreg -nojacobian_white -noavgcurv -nocortparc -nopial -noparcstats -nocortparc2 -noparcstats2 -nocortparc3 -noparcstats3 -nopctsurfcon -nocortribbon -nobalabels
250329-13:49:11,383 nipype.interface INFO:
	 resume recon-all : recon-all -autorecon3 -openmp 8 -subjid sub-27 -sd /output/sourcedata/freesurfer -nosphere -nosurfreg -nojacobian_white -noavgcurv -nocortparc -nopial -noparcstats -nocortparc2 -noparcstats2 -nocortparc3 -noparcstats3 -nopctsurfcon -nocortribbon -nobalabels
250329-13:56:46,133 nipype.workflow INFO:
	 [Node] Finished "autorecon3", elapsed time 454.75233s.
250329-13:56:47,409 nipype.workflow INFO:
	 [Node] Setting-up "fmriprep_24_0_wf.sub_27_wf.anat_fit_wf.surface_recon_wf.get_surfaces" in "/work_dir/fmriprep_24_0_wf/sub_27_wf/anat_fit_wf/surface_recon_wf/get_surfaces".
250329-13:56:47,499 nipype.workflow INFO:
	 [Node] Executing "get_surfaces" <nipype.interfaces.io.FreeSurferSource>
250329-13:56:47,512 nipype.workflow INFO:
	 [Node] Finished "get_surfaces", elapsed time 0.012232s.
250329-13:56:51,405 nipype.workflow INFO:
	 [Node] Setting-up "_midthickness0" in "/work_dir/fmriprep_24_0_wf/sub_27_wf/anat_fit_wf/surface_recon_wf/midthickness/mapflow/_midthickness0".
250329-13:56:51,406 nipype.workflow INFO:
	 [Node] Setting-up "_midthickness1" in "/work_dir/fmriprep_24_0_wf/sub_27_wf/anat_fit_wf/surface_recon_wf/midthickness/mapflow/_midthickness1".
250329-13:56:51,409 nipype.workflow INFO:
	 [Node] Executing "_midthickness0" <smriprep.interfaces.freesurfer.MakeMidthickness>
250329-13:56:51,410 nipype.workflow INFO:
	 [Node] Executing "_midthickness1" <smriprep.interfaces.freesurfer.MakeMidthickness>
250329-15:08:57,144 nipype.workflow INFO:
	 [Node] Finished "_midthickness0", elapsed time 4325.733439s.
250329-15:09:59,595 nipype.workflow INFO:
	 [Node] Finished "_midthickness1", elapsed time 4388.18425s.
250329-15:10:01,790 nipype.workflow INFO:
	 [Node] Setting-up "_midthickness0" in "/work_dir/fmriprep_24_0_wf/sub_27_wf/anat_fit_wf/surface_recon_wf/midthickness/mapflow/_midthickness0".
250329-15:10:01,792 nipype.workflow INFO:
	 [Node] Cached "_midthickness0" - collecting precomputed outputs
250329-15:10:01,792 nipype.workflow INFO:
	 [Node] "_midthickness0" found cached.
250329-15:10:01,793 nipype.workflow INFO:
	 [Node] Setting-up "_midthickness1" in "/work_dir/fmriprep_24_0_wf/sub_27_wf/anat_fit_wf/surface_recon_wf/midthickness/mapflow/_midthickness1".
250329-15:10:01,794 nipype.workflow INFO:
	 [Node] Cached "_midthickness1" - collecting precomputed outputs
250329-15:10:01,794 nipype.workflow INFO:
	 [Node] "_midthickness1" found cached.
250329-15:10:03,700 nipype.workflow INFO:
	 [Node] Setting-up "fmriprep_24_0_wf.sub_27_wf.anat_fit_wf.surface_recon_wf.save_midthickness" in "/work_dir/fmriprep_24_0_wf/sub_27_wf/anat_fit_wf/surface_recon_wf/save_midthickness".
250329-15:10:03,705 nipype.workflow INFO:
	 [Node] Executing "save_midthickness" <nipype.interfaces.io.DataSink>
250329-15:10:03,768 nipype.workflow INFO:
	 [Node] Finished "save_midthickness", elapsed time 0.061996s.
250329-15:10:05,701 nipype.workflow INFO:
	 [Node] Setting-up "fmriprep_24_0_wf.sub_27_wf.anat_fit_wf.surface_recon_wf.sync" in "/work_dir/fmriprep_24_0_wf/sub_27_wf/anat_fit_wf/surface_recon_wf/sync".
250329-15:10:05,703 nipype.workflow INFO:
	 [Node] Executing "sync" <nipype.interfaces.utility.wrappers.Function>
250329-15:10:05,705 nipype.workflow INFO:
	 [Node] Finished "sync", elapsed time 0.000813s.
250329-15:10:07,699 nipype.workflow INFO:
	 [Node] Setting-up "fmriprep_24_0_wf.sub_27_wf.anat_fit_wf.gifti_surface_wf.get_surfaces" in "/work_dir/fmriprep_24_0_wf/sub_27_wf/anat_fit_wf/gifti_surface_wf/get_surfaces".
250329-15:10:07,700 nipype.workflow INFO:
	 [Node] Setting-up "fmriprep_24_0_wf.sub_27_wf.anat_fit_wf.gifti_spheres_wf.get_surfaces" in "/work_dir/fmriprep_24_0_wf/sub_27_wf/anat_fit_wf/gifti_spheres_wf/get_surfaces".
250329-15:10:07,700 nipype.workflow INFO:
	 [Node] Setting-up "fmriprep_24_0_wf.sub_27_wf.anat_fit_wf.gifti_morphometrics_wf.get_surfaces" in "/work_dir/fmriprep_24_0_wf/sub_27_wf/anat_fit_wf/gifti_morphometrics_wf/get_surfaces".
250329-15:10:07,702 nipype.workflow INFO:
	 [Node] Setting-up "fmriprep_24_0_wf.sub_27_wf.anat_fit_wf.refinement_wf.segs_to_native_aseg.fs_datasource" in "/work_dir/fmriprep_24_0_wf/sub_27_wf/anat_fit_wf/refinement_wf/segs_to_native_aseg/fs_datasource".
250329-15:10:07,703 nipype.workflow INFO:
	 [Node] Executing "get_surfaces" <nipype.interfaces.utility.wrappers.Function>
250329-15:10:07,703 nipype.workflow INFO:
	 [Node] Executing "get_surfaces" <nipype.interfaces.io.FreeSurferSource>
250329-15:10:07,703 nipype.workflow INFO:
	 [Node] Executing "get_surfaces" <nipype.interfaces.utility.wrappers.Function>
250329-15:10:07,704 nipype.workflow INFO:
	 [Node] Setting-up "fmriprep_24_0_wf.sub_27_wf.bold_task_bird_run_1_wf.bold_fit_wf.bold_reg_wf.bbreg_wf.mri_coreg" in "/work_dir/fmriprep_24_0_wf/sub_27_wf/bold_task_bird_run_1_wf/bold_fit_wf/bold_reg_wf/bbreg_wf/mri_coreg".
250329-15:10:07,705 nipype.workflow INFO:
	 [Node] Setting-up "fmriprep_24_0_wf.sub_27_wf.bold_task_bird_run_2_wf.bold_fit_wf.bold_reg_wf.bbreg_wf.mri_coreg" in "/work_dir/fmriprep_24_0_wf/sub_27_wf/bold_task_bird_run_2_wf/bold_fit_wf/bold_reg_wf/bbreg_wf/mri_coreg".
250329-15:10:07,705 nipype.workflow INFO:
	 [Node] Executing "fs_datasource" <nipype.interfaces.io.FreeSurferSource>
250329-15:10:07,705 nipype.workflow INFO:
	 [Node] Finished "get_surfaces", elapsed time 0.001635s.
250329-15:10:07,706 nipype.workflow INFO:
	 [Node] Finished "get_surfaces", elapsed time 0.002218s.
250329-15:10:07,708 nipype.workflow INFO:
	 [Node] Executing "mri_coreg" <fmriprep.interfaces.patches.MRICoreg>
250329-15:10:07,709 nipype.workflow INFO:
	 [Node] Executing "mri_coreg" <fmriprep.interfaces.patches.MRICoreg>
250329-15:10:07,717 nipype.workflow INFO:
	 [Node] Finished "get_surfaces", elapsed time 0.012788s.
250329-15:10:07,718 nipype.workflow INFO:
	 [Node] Finished "fs_datasource", elapsed time 0.012208s.
250329-15:10:07,778 nipype.workflow INFO:
	 [Node] Setting-up "fmriprep_24_0_wf.sub_27_wf.bold_task_bird_run_3_wf.bold_fit_wf.bold_reg_wf.bbreg_wf.mri_coreg" in "/work_dir/fmriprep_24_0_wf/sub_27_wf/bold_task_bird_run_3_wf/bold_fit_wf/bold_reg_wf/bbreg_wf/mri_coreg".
250329-15:10:07,782 nipype.workflow INFO:
	 [Node] Executing "mri_coreg" <fmriprep.interfaces.patches.MRICoreg>
250329-15:10:09,71 nipype.workflow INFO:
	 [Node] Setting-up "fmriprep_24_0_wf.sub_27_wf.anat_fit_wf.anat_reports_wf.recon_report" in "/work_dir/fmriprep_24_0_wf/sub_27_wf/anat_fit_wf/anat_reports_wf/recon_report".
250329-15:10:09,74 nipype.workflow INFO:
	 [Node] Executing "recon_report" <smriprep.interfaces.reports.FSSurfaceReport>
250329-15:10:11,827 nipype.workflow INFO:
	 [Node] Setting-up "fmriprep_24_0_wf.sub_27_wf.anat_fit_wf.refinement_wf.segs_to_native_aseg.resample" in "/work_dir/fmriprep_24_0_wf/sub_27_wf/anat_fit_wf/refinement_wf/segs_to_native_aseg/resample".
250329-15:10:11,834 nipype.workflow INFO:
	 [Node] Executing "resample" <nipype.interfaces.freesurfer.preprocess.ApplyVolTransform>
250329-15:10:13,718 nipype.workflow INFO:
	 [Node] Setting-up "_fs2gii0" in "/work_dir/fmriprep_24_0_wf/sub_27_wf/anat_fit_wf/gifti_surface_wf/fs2gii/mapflow/_fs2gii0".
250329-15:10:13,721 nipype.workflow INFO:
	 [Node] Executing "_fs2gii0" <nipype.interfaces.freesurfer.utils.MRIsConvert>
250329-15:10:13,723 nipype.workflow INFO:
	 [Node] Setting-up "_fs2gii3" in "/work_dir/fmriprep_24_0_wf/sub_27_wf/anat_fit_wf/gifti_surface_wf/fs2gii/mapflow/_fs2gii3".
250329-15:10:13,723 nipype.workflow INFO:
	 [Node] Setting-up "_fs2gii5" in "/work_dir/fmriprep_24_0_wf/sub_27_wf/anat_fit_wf/gifti_surface_wf/fs2gii/mapflow/_fs2gii5".
250329-15:10:13,725 nipype.workflow INFO:
	 [Node] Executing "_fs2gii3" <nipype.interfaces.freesurfer.utils.MRIsConvert>
250329-15:10:13,725 nipype.workflow INFO:
	 [Node] Executing "_fs2gii5" <nipype.interfaces.freesurfer.utils.MRIsConvert>
250329-15:10:13,798 nipype.workflow INFO:
	 [Node] Setting-up "_fs2gii1" in "/work_dir/fmriprep_24_0_wf/sub_27_wf/anat_fit_wf/gifti_surface_wf/fs2gii/mapflow/_fs2gii1".
250329-15:10:13,800 nipype.workflow INFO:
	 [Node] Executing "_fs2gii1" <nipype.interfaces.freesurfer.utils.MRIsConvert>
250329-15:10:13,807 nipype.workflow INFO:
	 [Node] Setting-up "_fs2gii2" in "/work_dir/fmriprep_24_0_wf/sub_27_wf/anat_fit_wf/gifti_surface_wf/fs2gii/mapflow/_fs2gii2".
250329-15:10:13,809 nipype.workflow INFO:
	 [Node] Executing "_fs2gii2" <nipype.interfaces.freesurfer.utils.MRIsConvert>
250329-15:10:13,837 nipype.workflow INFO:
	 [Node] Setting-up "_fs2gii4" in "/work_dir/fmriprep_24_0_wf/sub_27_wf/anat_fit_wf/gifti_surface_wf/fs2gii/mapflow/_fs2gii4".
250329-15:10:13,839 nipype.workflow INFO:
	 [Node] Executing "_fs2gii4" <nipype.interfaces.freesurfer.utils.MRIsConvert>
250329-15:10:14,235 nipype.workflow INFO:
	 [Node] Finished "resample", elapsed time 2.400536s.
250329-15:10:15,912 nipype.workflow INFO:
	 [Node] Setting-up "fmriprep_24_0_wf.sub_27_wf.anat_fit_wf.refinement_wf.refine" in "/work_dir/fmriprep_24_0_wf/sub_27_wf/anat_fit_wf/refinement_wf/refine".
250329-15:10:15,915 nipype.workflow INFO:
	 [Node] Executing "refine" <niworkflows.interfaces.freesurfer.RefineBrainMask>
250329-15:10:16,305 nipype.workflow INFO:
	 [Node] Finished "_fs2gii2", elapsed time 2.495227s.
250329-15:10:16,451 nipype.workflow INFO:
	 [Node] Finished "_fs2gii0", elapsed time 2.728922s.
250329-15:10:16,518 nipype.workflow INFO:
	 [Node] Finished "_fs2gii4", elapsed time 2.677473s.
250329-15:10:16,595 nipype.workflow INFO:
	 [Node] Finished "_fs2gii5", elapsed time 2.868487s.
250329-15:10:17,269 nipype.workflow INFO:
	 [Node] Finished "_fs2gii1", elapsed time 3.467046s.
250329-15:10:17,288 nipype.workflow INFO:
	 [Node] Finished "_fs2gii3", elapsed time 3.562438s.
250329-15:10:17,732 nipype.workflow INFO:
	 [Node] Setting-up "_fs2gii0" in "/work_dir/fmriprep_24_0_wf/sub_27_wf/anat_fit_wf/gifti_spheres_wf/fs2gii/mapflow/_fs2gii0".
250329-15:10:17,734 nipype.workflow INFO:
	 [Node] Setting-up "_fs2gii0" in "/work_dir/fmriprep_24_0_wf/sub_27_wf/anat_fit_wf/gifti_surface_wf/fs2gii/mapflow/_fs2gii0".
250329-15:10:17,734 nipype.workflow INFO:
	 [Node] Executing "_fs2gii0" <nipype.interfaces.freesurfer.utils.MRIsConvert>
250329-15:10:17,735 nipype.workflow INFO:
	 [Node] Cached "_fs2gii0" - collecting precomputed outputs
250329-15:10:17,735 nipype.workflow INFO:
	 [Node] "_fs2gii0" found cached.
250329-15:10:17,736 nipype.workflow INFO:
	 [Node] Setting-up "_fs2gii1" in "/work_dir/fmriprep_24_0_wf/sub_27_wf/anat_fit_wf/gifti_surface_wf/fs2gii/mapflow/_fs2gii1".
250329-15:10:17,737 nipype.workflow INFO:
	 [Node] Cached "_fs2gii1" - collecting precomputed outputs
250329-15:10:17,737 nipype.workflow INFO:
	 [Node] "_fs2gii1" found cached.
250329-15:10:17,737 nipype.workflow INFO:
	 [Node] Setting-up "_fs2gii1" in "/work_dir/fmriprep_24_0_wf/sub_27_wf/anat_fit_wf/gifti_spheres_wf/fs2gii/mapflow/_fs2gii1".
250329-15:10:17,738 nipype.workflow INFO:
	 [Node] Setting-up "_fs2gii2" in "/work_dir/fmriprep_24_0_wf/sub_27_wf/anat_fit_wf/gifti_surface_wf/fs2gii/mapflow/_fs2gii2".
250329-15:10:17,738 nipype.workflow INFO:
	 [Node] Cached "_fs2gii2" - collecting precomputed outputs
250329-15:10:17,739 nipype.workflow INFO:
	 [Node] "_fs2gii2" found cached.
250329-15:10:17,739 nipype.workflow INFO:
	 [Node] Executing "_fs2gii1" <nipype.interfaces.freesurfer.utils.MRIsConvert>
250329-15:10:17,739 nipype.workflow INFO:
	 [Node] Setting-up "_fs2gii3" in "/work_dir/fmriprep_24_0_wf/sub_27_wf/anat_fit_wf/gifti_surface_wf/fs2gii/mapflow/_fs2gii3".
250329-15:10:17,740 nipype.workflow INFO:
	 [Node] Cached "_fs2gii3" - collecting precomputed outputs
250329-15:10:17,740 nipype.workflow INFO:
	 [Node] "_fs2gii3" found cached.
250329-15:10:17,741 nipype.workflow INFO:
	 [Node] Setting-up "_fs2gii4" in "/work_dir/fmriprep_24_0_wf/sub_27_wf/anat_fit_wf/gifti_surface_wf/fs2gii/mapflow/_fs2gii4".
250329-15:10:17,742 nipype.workflow INFO:
	 [Node] Cached "_fs2gii4" - collecting precomputed outputs
250329-15:10:17,742 nipype.workflow INFO:
	 [Node] Setting-up "_fs2gii2" in "/work_dir/fmriprep_24_0_wf/sub_27_wf/anat_fit_wf/gifti_spheres_wf/fs2gii/mapflow/_fs2gii2".
250329-15:10:17,742 nipype.workflow INFO:
	 [Node] "_fs2gii4" found cached.
250329-15:10:17,743 nipype.workflow INFO:
	 [Node] Setting-up "_fs2gii5" in "/work_dir/fmriprep_24_0_wf/sub_27_wf/anat_fit_wf/gifti_surface_wf/fs2gii/mapflow/_fs2gii5".
250329-15:10:17,744 nipype.workflow INFO:
	 [Node] Cached "_fs2gii5" - collecting precomputed outputs
250329-15:10:17,744 nipype.workflow INFO:
	 [Node] Setting-up "_fs2gii3" in "/work_dir/fmriprep_24_0_wf/sub_27_wf/anat_fit_wf/gifti_spheres_wf/fs2gii/mapflow/_fs2gii3".
250329-15:10:17,744 nipype.workflow INFO:
	 [Node] "_fs2gii5" found cached.
250329-15:10:17,744 nipype.workflow INFO:
	 [Node] Executing "_fs2gii2" <nipype.interfaces.freesurfer.utils.MRIsConvert>
250329-15:10:17,746 nipype.workflow INFO:
	 [Node] Executing "_fs2gii3" <nipype.interfaces.freesurfer.utils.MRIsConvert>
250329-15:10:17,746 nipype.workflow INFO:
	 [Node] Setting-up "_morphs2gii0" in "/work_dir/fmriprep_24_0_wf/sub_27_wf/anat_fit_wf/gifti_morphometrics_wf/morphs2gii/mapflow/_morphs2gii0".
250329-15:10:17,748 nipype.workflow INFO:
	 [Node] Executing "_morphs2gii0" <smriprep.interfaces.freesurfer.MRIsConvertData>
250329-15:10:19,928 nipype.workflow INFO:
	 [Node] Setting-up "_morphs2gii1" in "/work_dir/fmriprep_24_0_wf/sub_27_wf/anat_fit_wf/gifti_morphometrics_wf/morphs2gii/mapflow/_morphs2gii1".
250329-15:10:19,930 nipype.workflow INFO:
	 [Node] Executing "_morphs2gii1" <smriprep.interfaces.freesurfer.MRIsConvertData>
250329-15:10:20,223 nipype.workflow INFO:
	 [Node] Finished "_fs2gii0", elapsed time 2.488275s.
250329-15:10:20,265 nipype.workflow INFO:
	 [Node] Finished "_fs2gii3", elapsed time 2.518128s.
250329-15:10:20,346 nipype.workflow INFO:
	 [Node] Finished "_morphs2gii0", elapsed time 2.596617s.
250329-15:10:20,447 nipype.workflow INFO:
	 [Node] Finished "_fs2gii1", elapsed time 2.706743s.
250329-15:10:21,35 nipype.workflow INFO:
	 [Node] Finished "_fs2gii2", elapsed time 3.2897s.
250329-15:10:21,245 nipype.workflow INFO:
	 [Node] Finished "_morphs2gii1", elapsed time 1.3141669999999999s.
250329-15:10:21,735 nipype.workflow INFO:
	 [Node] Setting-up "_morphs2gii2" in "/work_dir/fmriprep_24_0_wf/sub_27_wf/anat_fit_wf/gifti_morphometrics_wf/morphs2gii/mapflow/_morphs2gii2".
250329-15:10:21,737 nipype.workflow INFO:
	 [Node] Executing "_morphs2gii2" <smriprep.interfaces.freesurfer.MRIsConvertData>
250329-15:10:21,739 nipype.workflow INFO:
	 [Node] Setting-up "_fs2gii0" in "/work_dir/fmriprep_24_0_wf/sub_27_wf/anat_fit_wf/gifti_spheres_wf/fs2gii/mapflow/_fs2gii0".
250329-15:10:21,740 nipype.workflow INFO:
	 [Node] Setting-up "_morphs2gii3" in "/work_dir/fmriprep_24_0_wf/sub_27_wf/anat_fit_wf/gifti_morphometrics_wf/morphs2gii/mapflow/_morphs2gii3".
250329-15:10:21,741 nipype.workflow INFO:
	 [Node] Cached "_fs2gii0" - collecting precomputed outputs
250329-15:10:21,741 nipype.workflow INFO:
	 [Node] "_fs2gii0" found cached.
250329-15:10:21,741 nipype.workflow INFO:
	 [Node] Executing "_morphs2gii3" <smriprep.interfaces.freesurfer.MRIsConvertData>
250329-15:10:21,742 nipype.workflow INFO:
	 [Node] Setting-up "_fs2gii1" in "/work_dir/fmriprep_24_0_wf/sub_27_wf/anat_fit_wf/gifti_spheres_wf/fs2gii/mapflow/_fs2gii1".
250329-15:10:21,743 nipype.workflow INFO:
	 [Node] Cached "_fs2gii1" - collecting precomputed outputs
250329-15:10:21,743 nipype.workflow INFO:
	 [Node] "_fs2gii1" found cached.
250329-15:10:21,744 nipype.workflow INFO:
	 [Node] Setting-up "_fs2gii2" in "/work_dir/fmriprep_24_0_wf/sub_27_wf/anat_fit_wf/gifti_spheres_wf/fs2gii/mapflow/_fs2gii2".
250329-15:10:21,745 nipype.workflow INFO:
	 [Node] Cached "_fs2gii2" - collecting precomputed outputs
250329-15:10:21,745 nipype.workflow INFO:
	 [Node] "_fs2gii2" found cached.
250329-15:10:21,746 nipype.workflow INFO:
	 [Node] Setting-up "_fs2gii3" in "/work_dir/fmriprep_24_0_wf/sub_27_wf/anat_fit_wf/gifti_spheres_wf/fs2gii/mapflow/_fs2gii3".
250329-15:10:21,747 nipype.workflow INFO:
	 [Node] Cached "_fs2gii3" - collecting precomputed outputs
250329-15:10:21,747 nipype.workflow INFO:
	 [Node] "_fs2gii3" found cached.
250329-15:10:21,873 nipype.workflow INFO:
	 [Node] Setting-up "_fix_surfs0" in "/work_dir/fmriprep_24_0_wf/sub_27_wf/anat_fit_wf/gifti_surface_wf/fix_surfs/mapflow/_fix_surfs0".
250329-15:10:21,875 nipype.workflow INFO:
	 [Node] Executing "_fix_surfs0" <smriprep.interfaces.surf.NormalizeSurf>
250329-15:10:21,903 nipype.workflow INFO:
	 [Node] Setting-up "_fix_surfs1" in "/work_dir/fmriprep_24_0_wf/sub_27_wf/anat_fit_wf/gifti_surface_wf/fix_surfs/mapflow/_fix_surfs1".
250329-15:10:21,905 nipype.workflow INFO:
	 [Node] Executing "_fix_surfs1" <smriprep.interfaces.surf.NormalizeSurf>
250329-15:10:22,61 nipype.workflow INFO:
	 [Node] Setting-up "_fix_surfs2" in "/work_dir/fmriprep_24_0_wf/sub_27_wf/anat_fit_wf/gifti_surface_wf/fix_surfs/mapflow/_fix_surfs2".
250329-15:10:22,63 nipype.workflow INFO:
	 [Node] Executing "_fix_surfs2" <smriprep.interfaces.surf.NormalizeSurf>
250329-15:10:22,735 nipype.workflow INFO:
	 [Node] Finished "_fix_surfs1", elapsed time 0.829149s.
250329-15:10:23,68 nipype.workflow INFO:
	 [Node] Finished "_morphs2gii3", elapsed time 1.32539s.
250329-15:10:23,70 nipype.workflow INFO:
	 [Node] Finished "_morphs2gii2", elapsed time 1.331958s.
250329-15:10:23,257 nipype.workflow INFO:
	 [Node] Finished "_fix_surfs0", elapsed time 1.381129s.
250329-15:10:23,331 nipype.workflow INFO:
	 [Node] Finished "_fix_surfs2", elapsed time 1.266876s.
250329-15:10:23,728 nipype.workflow INFO:
	 [Node] Setting-up "_morphs2gii0" in "/work_dir/fmriprep_24_0_wf/sub_27_wf/anat_fit_wf/gifti_morphometrics_wf/morphs2gii/mapflow/_morphs2gii0".
250329-15:10:23,729 nipype.workflow INFO:
	 [Node] Cached "_morphs2gii0" - collecting precomputed outputs
250329-15:10:23,729 nipype.workflow INFO:
	 [Node] "_morphs2gii0" found cached.
250329-15:10:23,730 nipype.workflow INFO:
	 [Node] Setting-up "_morphs2gii1" in "/work_dir/fmriprep_24_0_wf/sub_27_wf/anat_fit_wf/gifti_morphometrics_wf/morphs2gii/mapflow/_morphs2gii1".
250329-15:10:23,731 nipype.workflow INFO:
	 [Node] Cached "_morphs2gii1" - collecting precomputed outputs
250329-15:10:23,731 nipype.workflow INFO:
	 [Node] "_morphs2gii1" found cached.
250329-15:10:23,732 nipype.workflow INFO:
	 [Node] Setting-up "_morphs2gii2" in "/work_dir/fmriprep_24_0_wf/sub_27_wf/anat_fit_wf/gifti_morphometrics_wf/morphs2gii/mapflow/_morphs2gii2".
250329-15:10:23,733 nipype.workflow INFO:
	 [Node] Cached "_morphs2gii2" - collecting precomputed outputs
250329-15:10:23,733 nipype.workflow INFO:
	 [Node] "_morphs2gii2" found cached.
250329-15:10:23,734 nipype.workflow INFO:
	 [Node] Setting-up "_morphs2gii3" in "/work_dir/fmriprep_24_0_wf/sub_27_wf/anat_fit_wf/gifti_morphometrics_wf/morphs2gii/mapflow/_morphs2gii3".
250329-15:10:23,735 nipype.workflow INFO:
	 [Node] Setting-up "_fix_surfs3" in "/work_dir/fmriprep_24_0_wf/sub_27_wf/anat_fit_wf/gifti_surface_wf/fix_surfs/mapflow/_fix_surfs3".
250329-15:10:23,735 nipype.workflow INFO:
	 [Node] Cached "_morphs2gii3" - collecting precomputed outputs
250329-15:10:23,735 nipype.workflow INFO:
	 [Node] "_morphs2gii3" found cached.
250329-15:10:23,736 nipype.workflow INFO:
	 [Node] Executing "_fix_surfs3" <smriprep.interfaces.surf.NormalizeSurf>
250329-15:10:23,743 nipype.workflow INFO:
	 [Node] Setting-up "_fix_surfs5" in "/work_dir/fmriprep_24_0_wf/sub_27_wf/anat_fit_wf/gifti_surface_wf/fix_surfs/mapflow/_fix_surfs5".
250329-15:10:23,745 nipype.workflow INFO:
	 [Node] Executing "_fix_surfs5" <smriprep.interfaces.surf.NormalizeSurf>
250329-15:10:23,842 nipype.workflow INFO:
	 [Node] Setting-up "_fix_surfs4" in "/work_dir/fmriprep_24_0_wf/sub_27_wf/anat_fit_wf/gifti_surface_wf/fix_surfs/mapflow/_fix_surfs4".
250329-15:10:23,844 nipype.workflow INFO:
	 [Node] Executing "_fix_surfs4" <smriprep.interfaces.surf.NormalizeSurf>
250329-15:10:24,572 nipype.workflow INFO:
	 [Node] Finished "_fix_surfs5", elapsed time 0.826058s.
250329-15:10:24,590 nipype.workflow INFO:
	 [Node] Finished "_fix_surfs3", elapsed time 0.853076s.
250329-15:10:24,671 nipype.workflow INFO:
	 [Node] Finished "_fix_surfs4", elapsed time 0.825994s.
250329-15:10:25,736 nipype.workflow INFO:
	 [Node] Setting-up "_fix_surfs0" in "/work_dir/fmriprep_24_0_wf/sub_27_wf/anat_fit_wf/gifti_surface_wf/fix_surfs/mapflow/_fix_surfs0".
250329-15:10:25,737 nipype.workflow INFO:
	 [Node] Cached "_fix_surfs0" - collecting precomputed outputs
250329-15:10:25,738 nipype.workflow INFO:
	 [Node] "_fix_surfs0" found cached.
250329-15:10:25,738 nipype.workflow INFO:
	 [Node] Setting-up "_fix_surfs1" in "/work_dir/fmriprep_24_0_wf/sub_27_wf/anat_fit_wf/gifti_surface_wf/fix_surfs/mapflow/_fix_surfs1".
250329-15:10:25,739 nipype.workflow INFO:
	 [Node] Cached "_fix_surfs1" - collecting precomputed outputs
250329-15:10:25,739 nipype.workflow INFO:
	 [Node] "_fix_surfs1" found cached.
250329-15:10:25,740 nipype.workflow INFO:
	 [Node] Setting-up "_fix_surfs2" in "/work_dir/fmriprep_24_0_wf/sub_27_wf/anat_fit_wf/gifti_surface_wf/fix_surfs/mapflow/_fix_surfs2".
250329-15:10:25,741 nipype.workflow INFO:
	 [Node] Cached "_fix_surfs2" - collecting precomputed outputs
250329-15:10:25,741 nipype.workflow INFO:
	 [Node] "_fix_surfs2" found cached.
250329-15:10:25,741 nipype.workflow INFO:
	 [Node] Setting-up "_fix_surfs3" in "/work_dir/fmriprep_24_0_wf/sub_27_wf/anat_fit_wf/gifti_surface_wf/fix_surfs/mapflow/_fix_surfs3".
250329-15:10:25,742 nipype.workflow INFO:
	 [Node] Cached "_fix_surfs3" - collecting precomputed outputs
250329-15:10:25,742 nipype.workflow INFO:
	 [Node] "_fix_surfs3" found cached.
250329-15:10:25,743 nipype.workflow INFO:
	 [Node] Setting-up "_fix_surfs4" in "/work_dir/fmriprep_24_0_wf/sub_27_wf/anat_fit_wf/gifti_surface_wf/fix_surfs/mapflow/_fix_surfs4".
250329-15:10:25,744 nipype.workflow INFO:
	 [Node] Cached "_fix_surfs4" - collecting precomputed outputs
250329-15:10:25,744 nipype.workflow INFO:
	 [Node] "_fix_surfs4" found cached.
250329-15:10:25,745 nipype.workflow INFO:
	 [Node] Setting-up "_fix_surfs5" in "/work_dir/fmriprep_24_0_wf/sub_27_wf/anat_fit_wf/gifti_surface_wf/fix_surfs/mapflow/_fix_surfs5".
250329-15:10:25,745 nipype.workflow INFO:
	 [Node] Cached "_fix_surfs5" - collecting precomputed outputs
250329-15:10:25,745 nipype.workflow INFO:
	 [Node] "_fix_surfs5" found cached.
250329-15:10:25,913 nipype.workflow INFO:
	 [Node] Setting-up "_fix_surfs0" in "/work_dir/fmriprep_24_0_wf/sub_27_wf/anat_fit_wf/gifti_spheres_wf/fix_surfs/mapflow/_fix_surfs0".
250329-15:10:25,915 nipype.workflow INFO:
	 [Node] Executing "_fix_surfs0" <smriprep.interfaces.surf.NormalizeSurf>
250329-15:10:25,924 nipype.workflow INFO:
	 [Node] Setting-up "_fix_surfs1" in "/work_dir/fmriprep_24_0_wf/sub_27_wf/anat_fit_wf/gifti_spheres_wf/fix_surfs/mapflow/_fix_surfs1".
250329-15:10:25,925 nipype.workflow INFO:
	 [Node] Executing "_fix_surfs1" <smriprep.interfaces.surf.NormalizeSurf>
250329-15:10:26,251 nipype.workflow INFO:
	 [Node] Setting-up "_fix_surfs3" in "/work_dir/fmriprep_24_0_wf/sub_27_wf/anat_fit_wf/gifti_spheres_wf/fix_surfs/mapflow/_fix_surfs3".
250329-15:10:26,252 nipype.workflow INFO:
	 [Node] Executing "_fix_surfs3" <smriprep.interfaces.surf.NormalizeSurf>
250329-15:10:26,264 nipype.workflow INFO:
	 [Node] Setting-up "_fix_surfs2" in "/work_dir/fmriprep_24_0_wf/sub_27_wf/anat_fit_wf/gifti_spheres_wf/fix_surfs/mapflow/_fix_surfs2".
250329-15:10:26,265 nipype.workflow INFO:
	 [Node] Executing "_fix_surfs2" <smriprep.interfaces.surf.NormalizeSurf>
250329-15:10:26,770 nipype.workflow INFO:
	 [Node] Finished "_fix_surfs0", elapsed time 0.854159s.
250329-15:10:26,800 nipype.workflow INFO:
	 [Node] Finished "_fix_surfs1", elapsed time 0.873988s.
250329-15:10:27,120 nipype.workflow INFO:
	 [Node] Finished "_fix_surfs2", elapsed time 0.854329s.
250329-15:10:27,223 nipype.workflow INFO:
	 [Node] Finished "_fix_surfs3", elapsed time 0.96976s.
250329-15:10:27,780 nipype.workflow INFO:
	 [Node] Setting-up "_fix_surfs0" in "/work_dir/fmriprep_24_0_wf/sub_27_wf/anat_fit_wf/gifti_spheres_wf/fix_surfs/mapflow/_fix_surfs0".
250329-15:10:27,780 nipype.workflow INFO:
	 [Node] Cached "_fix_surfs0" - collecting precomputed outputs
250329-15:10:27,781 nipype.workflow INFO:
	 [Node] "_fix_surfs0" found cached.
250329-15:10:27,781 nipype.workflow INFO:
	 [Node] Setting-up "_fix_surfs1" in "/work_dir/fmriprep_24_0_wf/sub_27_wf/anat_fit_wf/gifti_spheres_wf/fix_surfs/mapflow/_fix_surfs1".
250329-15:10:27,782 nipype.workflow INFO:
	 [Node] Cached "_fix_surfs1" - collecting precomputed outputs
250329-15:10:27,782 nipype.workflow INFO:
	 [Node] "_fix_surfs1" found cached.
250329-15:10:27,783 nipype.workflow INFO:
	 [Node] Setting-up "_fix_surfs2" in "/work_dir/fmriprep_24_0_wf/sub_27_wf/anat_fit_wf/gifti_spheres_wf/fix_surfs/mapflow/_fix_surfs2".
250329-15:10:27,784 nipype.workflow INFO:
	 [Node] Cached "_fix_surfs2" - collecting precomputed outputs
250329-15:10:27,784 nipype.workflow INFO:
	 [Node] "_fix_surfs2" found cached.
250329-15:10:27,784 nipype.workflow INFO:
	 [Node] Setting-up "_fix_surfs3" in "/work_dir/fmriprep_24_0_wf/sub_27_wf/anat_fit_wf/gifti_spheres_wf/fix_surfs/mapflow/_fix_surfs3".
250329-15:10:27,785 nipype.workflow INFO:
	 [Node] Cached "_fix_surfs3" - collecting precomputed outputs
250329-15:10:27,785 nipype.workflow INFO:
	 [Node] "_fix_surfs3" found cached.
250329-15:10:30,756 nipype.workflow INFO:
	 [Node] Setting-up "_invert_sulc1" in "/work_dir/fmriprep_24_0_wf/sub_27_wf/anat_fit_wf/msm_sulc_wf/invert_sulc/mapflow/_invert_sulc1".
250329-15:10:30,758 nipype.workflow INFO:
	 [Node] Executing "_invert_sulc1" <smriprep.interfaces.gifti.MetricMath>
250329-15:10:30,808 nipype.workflow INFO:
	 [Node] Finished "_invert_sulc1", elapsed time 0.049192s.
250329-15:10:32,551 nipype.workflow INFO:
	 [Node] Setting-up "_invert_sulc0" in "/work_dir/fmriprep_24_0_wf/sub_27_wf/anat_fit_wf/msm_sulc_wf/invert_sulc/mapflow/_invert_sulc0".
250329-15:10:32,552 nipype.workflow INFO:
	 [Node] Executing "_invert_sulc0" <smriprep.interfaces.gifti.MetricMath>
250329-15:10:32,604 nipype.workflow INFO:
	 [Node] Finished "_invert_sulc0", elapsed time 0.050469s.
250329-15:10:33,770 nipype.workflow INFO:
	 [Node] Finished "recon_report", elapsed time 24.694848s.
250329-15:10:33,835 nipype.workflow INFO:
	 [Node] Setting-up "_create_wm_distvol1" in "/work_dir/fmriprep_24_0_wf/sub_27_wf/anat_fit_wf/anat_ribbon_wf/create_wm_distvol/mapflow/_create_wm_distvol1".
250329-15:10:33,836 nipype.workflow INFO:
	 [Node] Setting-up "_create_pial_distvol0" in "/work_dir/fmriprep_24_0_wf/sub_27_wf/anat_fit_wf/anat_ribbon_wf/create_pial_distvol/mapflow/_create_pial_distvol0".
250329-15:10:33,839 nipype.workflow INFO:
	 [Node] Executing "_create_wm_distvol1" <smriprep.interfaces.workbench.CreateSignedDistanceVolume>
250329-15:10:33,840 nipype.workflow INFO:
	 [Node] Setting-up "_create_pial_distvol1" in "/work_dir/fmriprep_24_0_wf/sub_27_wf/anat_fit_wf/anat_ribbon_wf/create_pial_distvol/mapflow/_create_pial_distvol1".
250329-15:10:33,841 nipype.workflow INFO:
	 [Node] Executing "_create_pial_distvol0" <smriprep.interfaces.workbench.CreateSignedDistanceVolume>
250329-15:10:33,842 nipype.workflow INFO:
	 [Node] Executing "_create_pial_distvol1" <smriprep.interfaces.workbench.CreateSignedDistanceVolume>
250329-15:10:33,844 nipype.workflow INFO:
	 [Node] Setting-up "_create_wm_distvol0" in "/work_dir/fmriprep_24_0_wf/sub_27_wf/anat_fit_wf/anat_ribbon_wf/create_wm_distvol/mapflow/_create_wm_distvol0".
250329-15:10:33,846 nipype.workflow INFO:
	 [Node] Executing "_create_wm_distvol0" <smriprep.interfaces.workbench.CreateSignedDistanceVolume>
250329-15:10:34,207 nipype.workflow INFO:
	 [Node] Setting-up "_invert_sulc0" in "/work_dir/fmriprep_24_0_wf/sub_27_wf/anat_fit_wf/msm_sulc_wf/invert_sulc/mapflow/_invert_sulc0".
250329-15:10:34,208 nipype.workflow INFO:
	 [Node] Cached "_invert_sulc0" - collecting precomputed outputs
250329-15:10:34,208 nipype.workflow INFO:
	 [Node] "_invert_sulc0" found cached.
250329-15:10:34,209 nipype.workflow INFO:
	 [Node] Setting-up "_invert_sulc1" in "/work_dir/fmriprep_24_0_wf/sub_27_wf/anat_fit_wf/msm_sulc_wf/invert_sulc/mapflow/_invert_sulc1".
250329-15:10:34,210 nipype.workflow INFO:
	 [Node] Cached "_invert_sulc1" - collecting precomputed outputs
250329-15:10:34,210 nipype.workflow INFO:
	 [Node] "_invert_sulc1" found cached.
250329-15:10:37,224 nipype.workflow INFO:
	 [Node] Setting-up "_project_unproject0" in "/work_dir/fmriprep_24_0_wf/sub_27_wf/anat_fit_wf/fsLR_reg_wf/project_unproject/mapflow/_project_unproject0".
250329-15:10:37,226 nipype.workflow INFO:
	 [Node] Executing "_project_unproject0" <smriprep.interfaces.workbench.SurfaceSphereProjectUnproject>
250329-15:10:37,227 nipype.workflow INFO:
	 [Node] Setting-up "_project_unproject1" in "/work_dir/fmriprep_24_0_wf/sub_27_wf/anat_fit_wf/fsLR_reg_wf/project_unproject/mapflow/_project_unproject1".
250329-15:10:37,229 nipype.workflow INFO:
	 [Node] Executing "_project_unproject1" <smriprep.interfaces.workbench.SurfaceSphereProjectUnproject>
250329-15:10:43,867 nipype.workflow INFO:
	 [Node] Finished "_project_unproject1", elapsed time 6.165919s.
250329-15:10:43,949 nipype.workflow INFO:
	 [Node] Finished "_project_unproject0", elapsed time 6.312384s.
250329-15:10:45,590 nipype.workflow INFO:
	 [Node] Setting-up "_project_unproject0" in "/work_dir/fmriprep_24_0_wf/sub_27_wf/anat_fit_wf/fsLR_reg_wf/project_unproject/mapflow/_project_unproject0".
250329-15:10:45,591 nipype.workflow INFO:
	 [Node] Cached "_project_unproject0" - collecting precomputed outputs
250329-15:10:45,591 nipype.workflow INFO:
	 [Node] "_project_unproject0" found cached.
250329-15:10:45,592 nipype.workflow INFO:
	 [Node] Setting-up "_project_unproject1" in "/work_dir/fmriprep_24_0_wf/sub_27_wf/anat_fit_wf/fsLR_reg_wf/project_unproject/mapflow/_project_unproject1".
250329-15:10:45,593 nipype.workflow INFO:
	 [Node] Cached "_project_unproject1" - collecting precomputed outputs
250329-15:10:45,593 nipype.workflow INFO:
	 [Node] "_project_unproject1" found cached.
250329-15:10:55,552 nipype.workflow INFO:
	 [Node] Setting-up "_regress_affine0" in "/work_dir/fmriprep_24_0_wf/sub_27_wf/anat_fit_wf/msm_sulc_wf/regress_affine/mapflow/_regress_affine0".
250329-15:10:55,553 nipype.workflow INFO:
	 [Node] Setting-up "_regress_affine1" in "/work_dir/fmriprep_24_0_wf/sub_27_wf/anat_fit_wf/msm_sulc_wf/regress_affine/mapflow/_regress_affine1".
250329-15:10:55,554 nipype.workflow INFO:
	 [Node] Executing "_regress_affine0" <smriprep.interfaces.workbench.SurfaceAffineRegression>
250329-15:10:55,555 nipype.workflow INFO:
	 [Node] Executing "_regress_affine1" <smriprep.interfaces.workbench.SurfaceAffineRegression>
250329-15:10:56,819 nipype.workflow INFO:
	 [Node] Finished "_regress_affine0", elapsed time 0.773426s.
250329-15:10:56,938 nipype.workflow INFO:
	 [Node] Finished "_regress_affine1", elapsed time 0.885969s.
250329-15:10:57,461 nipype.workflow INFO:
	 [Node] Setting-up "_regress_affine0" in "/work_dir/fmriprep_24_0_wf/sub_27_wf/anat_fit_wf/msm_sulc_wf/regress_affine/mapflow/_regress_affine0".
250329-15:10:57,462 nipype.workflow INFO:
	 [Node] Cached "_regress_affine0" - collecting precomputed outputs
250329-15:10:57,462 nipype.workflow INFO:
	 [Node] "_regress_affine0" found cached.
250329-15:10:57,463 nipype.workflow INFO:
	 [Node] Setting-up "_regress_affine1" in "/work_dir/fmriprep_24_0_wf/sub_27_wf/anat_fit_wf/msm_sulc_wf/regress_affine/mapflow/_regress_affine1".
250329-15:10:57,463 nipype.workflow INFO:
	 [Node] Cached "_regress_affine1" - collecting precomputed outputs
250329-15:10:57,463 nipype.workflow INFO:
	 [Node] "_regress_affine1" found cached.
250329-15:11:01,928 nipype.workflow INFO:
	 [Node] Setting-up "_apply_surface_affine0" in "/work_dir/fmriprep_24_0_wf/sub_27_wf/anat_fit_wf/msm_sulc_wf/apply_surface_affine/mapflow/_apply_surface_affine0".
250329-15:11:01,930 nipype.workflow INFO:
	 [Node] Executing "_apply_surface_affine0" <smriprep.interfaces.workbench.SurfaceApplyAffine>
250329-15:11:01,933 nipype.workflow INFO:
	 [Node] Setting-up "_apply_surface_affine1" in "/work_dir/fmriprep_24_0_wf/sub_27_wf/anat_fit_wf/msm_sulc_wf/apply_surface_affine/mapflow/_apply_surface_affine1".
250329-15:11:01,935 nipype.workflow INFO:
	 [Node] Executing "_apply_surface_affine1" <smriprep.interfaces.workbench.SurfaceApplyAffine>
250329-15:11:05,901 nipype.workflow INFO:
	 [Node] Finished "_apply_surface_affine1", elapsed time 3.417236s.
250329-15:11:06,86 nipype.workflow INFO:
	 [Node] Finished "_apply_surface_affine0", elapsed time 3.548415s.
250329-15:11:07,941 nipype.workflow INFO:
	 [Node] Setting-up "_apply_surface_affine0" in "/work_dir/fmriprep_24_0_wf/sub_27_wf/anat_fit_wf/msm_sulc_wf/apply_surface_affine/mapflow/_apply_surface_affine0".
250329-15:11:07,942 nipype.workflow INFO:
	 [Node] Cached "_apply_surface_affine0" - collecting precomputed outputs
250329-15:11:07,942 nipype.workflow INFO:
	 [Node] "_apply_surface_affine0" found cached.
250329-15:11:07,943 nipype.workflow INFO:
	 [Node] Setting-up "_apply_surface_affine1" in "/work_dir/fmriprep_24_0_wf/sub_27_wf/anat_fit_wf/msm_sulc_wf/apply_surface_affine/mapflow/_apply_surface_affine1".
250329-15:11:07,944 nipype.workflow INFO:
	 [Node] Cached "_apply_surface_affine1" - collecting precomputed outputs
250329-15:11:07,944 nipype.workflow INFO:
	 [Node] "_apply_surface_affine1" found cached.
250329-15:11:11,929 nipype.workflow INFO:
	 [Node] Setting-up "_modify_sphere0" in "/work_dir/fmriprep_24_0_wf/sub_27_wf/anat_fit_wf/msm_sulc_wf/modify_sphere/mapflow/_modify_sphere0".
250329-15:11:11,931 nipype.workflow INFO:
	 [Node] Setting-up "_modify_sphere1" in "/work_dir/fmriprep_24_0_wf/sub_27_wf/anat_fit_wf/msm_sulc_wf/modify_sphere/mapflow/_modify_sphere1".
250329-15:11:11,931 nipype.workflow INFO:
	 [Node] Executing "_modify_sphere0" <smriprep.interfaces.workbench.SurfaceModifySphere>
250329-15:11:11,932 nipype.workflow INFO:
	 [Node] Executing "_modify_sphere1" <smriprep.interfaces.workbench.SurfaceModifySphere>
250329-15:11:16,999 nipype.workflow INFO:
	 [Node] Finished "_modify_sphere0", elapsed time 4.467459s.
250329-15:11:17,121 nipype.workflow INFO:
	 [Node] Finished "_modify_sphere1", elapsed time 4.52841s.
250329-15:11:17,940 nipype.workflow INFO:
	 [Node] Setting-up "_modify_sphere0" in "/work_dir/fmriprep_24_0_wf/sub_27_wf/anat_fit_wf/msm_sulc_wf/modify_sphere/mapflow/_modify_sphere0".
250329-15:11:17,941 nipype.workflow INFO:
	 [Node] Cached "_modify_sphere0" - collecting precomputed outputs
250329-15:11:17,942 nipype.workflow INFO:
	 [Node] "_modify_sphere0" found cached.
250329-15:11:17,942 nipype.workflow INFO:
	 [Node] Setting-up "_modify_sphere1" in "/work_dir/fmriprep_24_0_wf/sub_27_wf/anat_fit_wf/msm_sulc_wf/modify_sphere/mapflow/_modify_sphere1".
250329-15:11:17,943 nipype.workflow INFO:
	 [Node] Cached "_modify_sphere1" - collecting precomputed outputs
250329-15:11:17,943 nipype.workflow INFO:
	 [Node] "_modify_sphere1" found cached.
250329-15:11:21,923 nipype.workflow INFO:
	 [Node] Setting-up "_msmsulc0" in "/work_dir/fmriprep_24_0_wf/sub_27_wf/anat_fit_wf/msm_sulc_wf/msmsulc/mapflow/_msmsulc0".
250329-15:11:21,925 nipype.workflow INFO:
	 [Node] Executing "_msmsulc0" <smriprep.interfaces.msm.MSM>
250329-15:11:21,926 nipype.workflow INFO:
	 [Node] Setting-up "_msmsulc1" in "/work_dir/fmriprep_24_0_wf/sub_27_wf/anat_fit_wf/msm_sulc_wf/msmsulc/mapflow/_msmsulc1".
250329-15:11:21,929 nipype.workflow INFO:
	 [Node] Executing "_msmsulc1" <smriprep.interfaces.msm.MSM>
250329-15:11:23,853 nipype.workflow INFO:
	 [Node] Finished "mri_coreg", elapsed time 76.143734s.
250329-15:11:25,955 nipype.workflow INFO:
	 [Node] Setting-up "fmriprep_24_0_wf.sub_27_wf.bold_task_bird_run_1_wf.bold_fit_wf.bold_reg_wf.bbreg_wf.bbregister" in "/work_dir/fmriprep_24_0_wf/sub_27_wf/bold_task_bird_run_1_wf/bold_fit_wf/bold_reg_wf/bbreg_wf/bbregister".
250329-15:11:25,961 nipype.workflow INFO:
	 [Node] Executing "bbregister" <nipype.interfaces.freesurfer.preprocess.BBRegister>
250329-15:11:26,210 nipype.workflow INFO:
	 [Node] Setting-up "fmriprep_24_0_wf.sub_27_wf.bold_task_bird_run_4_wf.bold_fit_wf.bold_reg_wf.bbreg_wf.mri_coreg" in "/work_dir/fmriprep_24_0_wf/sub_27_wf/bold_task_bird_run_4_wf/bold_fit_wf/bold_reg_wf/bbreg_wf/mri_coreg".
250329-15:11:26,226 nipype.workflow INFO:
	 [Node] Executing "mri_coreg" <fmriprep.interfaces.patches.MRICoreg>
250329-15:11:30,748 nipype.workflow INFO:
	 [Node] Finished "mri_coreg", elapsed time 83.037776s.
250329-15:11:31,775 nipype.workflow INFO:
	 [Node] Setting-up "fmriprep_24_0_wf.sub_27_wf.bold_task_bird_run_5_wf.bold_fit_wf.bold_reg_wf.bbreg_wf.mri_coreg" in "/work_dir/fmriprep_24_0_wf/sub_27_wf/bold_task_bird_run_5_wf/bold_fit_wf/bold_reg_wf/bbreg_wf/mri_coreg".
250329-15:11:31,779 nipype.workflow INFO:
	 [Node] Executing "mri_coreg" <fmriprep.interfaces.patches.MRICoreg>
250329-15:11:42,325 nipype.workflow INFO:
	 [Node] Finished "mri_coreg", elapsed time 94.542536s.
250329-15:11:43,633 nipype.workflow INFO:
	 [Node] Setting-up "fmriprep_24_0_wf.sub_27_wf.bold_task_bird_run_6_wf.bold_fit_wf.bold_reg_wf.bbreg_wf.mri_coreg" in "/work_dir/fmriprep_24_0_wf/sub_27_wf/bold_task_bird_run_6_wf/bold_fit_wf/bold_reg_wf/bbreg_wf/mri_coreg".
250329-15:11:43,637 nipype.workflow INFO:
	 [Node] Executing "mri_coreg" <fmriprep.interfaces.patches.MRICoreg>
250329-15:11:47,808 nipype.workflow INFO:
	 [Node] Finished "refine", elapsed time 91.891538s.
250329-15:11:49,679 nipype.workflow INFO:
	 [Node] Setting-up "fmriprep_24_0_wf.sub_27_wf.bold_task_bird_run_2_wf.bold_fit_wf.bold_reg_wf.bbreg_wf.bbregister" in "/work_dir/fmriprep_24_0_wf/sub_27_wf/bold_task_bird_run_2_wf/bold_fit_wf/bold_reg_wf/bbreg_wf/bbregister".
250329-15:11:49,690 nipype.workflow INFO:
	 [Node] Executing "bbregister" <nipype.interfaces.freesurfer.preprocess.BBRegister>
250329-15:12:28,957 nipype.workflow INFO:
	 [Node] Finished "_create_wm_distvol1", elapsed time 114.656912s.
250329-15:12:29,623 nipype.workflow INFO:
	 [Node] Setting-up "fmriprep_24_0_wf.sub_27_wf.bold_task_bird_run_3_wf.bold_fit_wf.bold_reg_wf.bbreg_wf.bbregister" in "/work_dir/fmriprep_24_0_wf/sub_27_wf/bold_task_bird_run_3_wf/bold_fit_wf/bold_reg_wf/bbreg_wf/bbregister".
250329-15:12:29,628 nipype.workflow INFO:
	 [Node] Executing "bbregister" <nipype.interfaces.freesurfer.preprocess.BBRegister>
250329-15:12:38,992 nipype.workflow INFO:
	 [Node] Finished "bbregister", elapsed time 73.029895s.
250329-15:12:39,956 nipype.workflow INFO:
	 [Node] Setting-up "fmriprep_24_0_wf.sub_27_wf.anat_fit_wf.applyrefined" in "/work_dir/fmriprep_24_0_wf/sub_27_wf/anat_fit_wf/applyrefined".
250329-15:12:39,959 nipype.workflow INFO:
	 [Node] Executing "applyrefined" <nipype.interfaces.fsl.maths.ApplyMask>
250329-15:12:42,712 nipype.workflow INFO:
	 [Node] Finished "applyrefined", elapsed time 2.752021s.
250329-15:12:43,605 nipype.workflow INFO:
	 [Node] Setting-up "fmriprep_24_0_wf.sub_27_wf.bold_task_bird_run_1_wf.bold_fit_wf.bold_reg_wf.bbreg_wf.compare_transforms" in "/work_dir/fmriprep_24_0_wf/sub_27_wf/bold_task_bird_run_1_wf/bold_fit_wf/bold_reg_wf/bbreg_wf/compare_transforms".
250329-15:12:43,608 nipype.workflow INFO:
	 [Node] Executing "compare_transforms" <nipype.interfaces.utility.wrappers.Function>
250329-15:12:43,960 nipype.workflow INFO:
	 [Node] Finished "compare_transforms", elapsed time 0.351632s.
250329-15:12:48,64 nipype.workflow INFO:
	 [Node] Setting-up "fmriprep_24_0_wf.sub_27_wf.anat_fit_wf.fast" in "/work_dir/fmriprep_24_0_wf/sub_27_wf/anat_fit_wf/fast".
250329-15:12:48,67 nipype.workflow INFO:
	 [Node] Executing "fast" <nipype.interfaces.fsl.preprocess.FAST>
250329-15:12:53,958 nipype.workflow INFO:
	 [Node] Finished "_create_wm_distvol0", elapsed time 139.712736s.
250329-15:12:55,166 nipype.workflow INFO:
	 [Node] Setting-up "_create_wm_distvol0" in "/work_dir/fmriprep_24_0_wf/sub_27_wf/anat_fit_wf/anat_ribbon_wf/create_wm_distvol/mapflow/_create_wm_distvol0".
250329-15:12:55,167 nipype.workflow INFO:
	 [Node] Cached "_create_wm_distvol0" - collecting precomputed outputs
250329-15:12:55,167 nipype.workflow INFO:
	 [Node] "_create_wm_distvol0" found cached.
250329-15:12:55,168 nipype.workflow INFO:
	 [Node] Setting-up "_create_wm_distvol1" in "/work_dir/fmriprep_24_0_wf/sub_27_wf/anat_fit_wf/anat_ribbon_wf/create_wm_distvol/mapflow/_create_wm_distvol1".
250329-15:12:55,169 nipype.workflow INFO:
	 [Node] Cached "_create_wm_distvol1" - collecting precomputed outputs
250329-15:12:55,169 nipype.workflow INFO:
	 [Node] "_create_wm_distvol1" found cached.
250329-15:12:57,146 nipype.workflow INFO:
	 [Node] Setting-up "fmriprep_24_0_wf.sub_27_wf.bold_task_bird_run_1_wf.bold_anat_wf.gen_ref" in "/work_dir/fmriprep_24_0_wf/sub_27_wf/bold_task_bird_run_1_wf/bold_anat_wf/gen_ref".
250329-15:12:57,150 nipype.workflow INFO:
	 [Node] Executing "gen_ref" <niworkflows.interfaces.nibabel.GenerateSamplingReference>
250329-15:13:14,475 nipype.workflow INFO:
	 [Node] Finished "_create_pial_distvol0", elapsed time 160.168115s.
250329-15:13:15,650 nipype.workflow INFO:
	 [Node] Finished "_create_pial_distvol1", elapsed time 161.333171s.
250329-15:13:16,956 nipype.workflow INFO:
	 [Node] Setting-up "_create_pial_distvol0" in "/work_dir/fmriprep_24_0_wf/sub_27_wf/anat_fit_wf/anat_ribbon_wf/create_pial_distvol/mapflow/_create_pial_distvol0".
250329-15:13:16,957 nipype.workflow INFO:
	 [Node] Cached "_create_pial_distvol0" - collecting precomputed outputs
250329-15:13:16,957 nipype.workflow INFO:
	 [Node] "_create_pial_distvol0" found cached.
250329-15:13:16,958 nipype.workflow INFO:
	 [Node] Setting-up "_create_pial_distvol1" in "/work_dir/fmriprep_24_0_wf/sub_27_wf/anat_fit_wf/anat_ribbon_wf/create_pial_distvol/mapflow/_create_pial_distvol1".
250329-15:13:16,959 nipype.workflow INFO:
	 [Node] Cached "_create_pial_distvol1" - collecting precomputed outputs
250329-15:13:16,959 nipype.workflow INFO:
	 [Node] "_create_pial_distvol1" found cached.
250329-15:13:16,969 nipype.workflow INFO:
	 [Node] Setting-up "fmriprep_24_0_wf.sub_27_wf.bold_task_bird_run_2_wf.bold_anat_wf.gen_ref" in "/work_dir/fmriprep_24_0_wf/sub_27_wf/bold_task_bird_run_2_wf/bold_anat_wf/gen_ref".
250329-15:13:16,973 nipype.workflow INFO:
	 [Node] Executing "gen_ref" <niworkflows.interfaces.nibabel.GenerateSamplingReference>
250329-15:13:17,555 nipype.workflow INFO:
	 [Node] Finished "mri_coreg", elapsed time 93.917389s.
250329-15:13:18,620 nipype.workflow INFO:
	 [Node] Setting-up "fmriprep_24_0_wf.sub_27_wf.bold_task_bird_run_6_wf.bold_fit_wf.bold_reg_wf.bbreg_wf.bbregister" in "/work_dir/fmriprep_24_0_wf/sub_27_wf/bold_task_bird_run_6_wf/bold_fit_wf/bold_reg_wf/bbreg_wf/bbregister".
250329-15:13:18,626 nipype.workflow INFO:
	 [Node] Setting-up "fmriprep_24_0_wf.sub_27_wf.anat_fit_wf.register_template_wf.registration" in "/work_dir/fmriprep_24_0_wf/sub_27_wf/anat_fit_wf/register_template_wf/_template_MNI152NLin2009cAsym/registration".
250329-15:13:18,631 nipype.workflow INFO:
	 [Node] Executing "bbregister" <nipype.interfaces.freesurfer.preprocess.BBRegister>
250329-15:13:18,633 nipype.workflow INFO:
	 [Node] Executing "registration" <niworkflows.interfaces.norm.SpatialNormalization>
250329-15:13:19,759 nipype.workflow INFO:
	 [Node] Finished "mri_coreg", elapsed time 107.978548s.
250329-15:13:20,627 nipype.workflow INFO:
	 [Node] Setting-up "fmriprep_24_0_wf.sub_27_wf.bold_task_bird_run_5_wf.bold_fit_wf.bold_reg_wf.bbreg_wf.bbregister" in "/work_dir/fmriprep_24_0_wf/sub_27_wf/bold_task_bird_run_5_wf/bold_fit_wf/bold_reg_wf/bbreg_wf/bbregister".
250329-15:13:20,627 nipype.workflow INFO:
	 [Node] Setting-up "fmriprep_24_0_wf.sub_27_wf.bold_task_bird_run_3_wf.bold_anat_wf.gen_ref" in "/work_dir/fmriprep_24_0_wf/sub_27_wf/bold_task_bird_run_3_wf/bold_anat_wf/gen_ref".
250329-15:13:20,631 nipype.workflow INFO:
	 [Node] Executing "gen_ref" <niworkflows.interfaces.nibabel.GenerateSamplingReference>
250329-15:13:20,633 nipype.workflow INFO:
	 [Node] Executing "bbregister" <nipype.interfaces.freesurfer.preprocess.BBRegister>
250329-15:13:20,635 nipype.workflow INFO:
	 [Node] Setting-up "fmriprep_24_0_wf.sub_27_wf.bold_task_bird_run_4_wf.bold_anat_wf.gen_ref" in "/work_dir/fmriprep_24_0_wf/sub_27_wf/bold_task_bird_run_4_wf/bold_anat_wf/gen_ref".
250329-15:13:20,639 nipype.workflow INFO:
	 [Node] Executing "gen_ref" <niworkflows.interfaces.nibabel.GenerateSamplingReference>
250329-15:13:20,641 nipype.workflow INFO:
	 [Node] Setting-up "fmriprep_24_0_wf.sub_27_wf.bold_task_bird_run_6_wf.bold_anat_wf.gen_ref" in "/work_dir/fmriprep_24_0_wf/sub_27_wf/bold_task_bird_run_6_wf/bold_anat_wf/gen_ref".
250329-15:13:20,645 nipype.workflow INFO:
	 [Node] Executing "gen_ref" <niworkflows.interfaces.nibabel.GenerateSamplingReference>
250329-15:13:20,647 nipype.workflow INFO:
	 [Node] Setting-up "fmriprep_24_0_wf.sub_27_wf.bold_task_bird_run_5_wf.bold_anat_wf.gen_ref" in "/work_dir/fmriprep_24_0_wf/sub_27_wf/bold_task_bird_run_5_wf/bold_anat_wf/gen_ref".
250329-15:13:20,654 nipype.workflow INFO:
	 [Node] Executing "gen_ref" <niworkflows.interfaces.nibabel.GenerateSamplingReference>
250329-15:13:21,971 nipype.workflow INFO:
	 [Node] Setting-up "fmriprep_24_0_wf.sub_27_wf.anat_fit_wf.anat_ribbon_wf.make_ribbon" in "/work_dir/fmriprep_24_0_wf/sub_27_wf/anat_fit_wf/anat_ribbon_wf/make_ribbon".
250329-15:13:21,974 nipype.workflow INFO:
	 [Node] Executing "make_ribbon" <smriprep.interfaces.surf.MakeRibbon>
250329-15:13:22,620 nipype.workflow INFO:
	 [Node] Setting-up "fmriprep_24_0_wf.sub_27_wf.bold_task_bird_run_1_wf.bold_fit_wf.bold_reg_wf.bbreg_wf.concat_xfm" in "/work_dir/fmriprep_24_0_wf/sub_27_wf/bold_task_bird_run_1_wf/bold_fit_wf/bold_reg_wf/bbreg_wf/concat_xfm".
250329-15:13:22,623 nipype.workflow INFO:
	 [Node] Executing "concat_xfm" <niworkflows.interfaces.nitransforms.ConcatenateXFMs>
250329-15:13:22,629 nipype.workflow INFO:
	 [Node] Finished "concat_xfm", elapsed time 0.005444s.
250329-15:13:23,12 nipype.workflow INFO:
	 [Node] Finished "gen_ref", elapsed time 25.861853s.
250329-15:13:25,543 nipype.workflow INFO:
	 [Node] Finished "make_ribbon", elapsed time 3.5687189999999998s.
250329-15:13:25,692 nipype.workflow INFO:
	 [Node] Finished "mri_coreg", elapsed time 119.453815s.
250329-15:13:26,452 nipype.workflow INFO:
	 [Node] Setting-up "fmriprep_24_0_wf.sub_27_wf.bold_task_bird_run_4_wf.bold_fit_wf.bold_reg_wf.bbreg_wf.bbregister" in "/work_dir/fmriprep_24_0_wf/sub_27_wf/bold_task_bird_run_4_wf/bold_fit_wf/bold_reg_wf/bbreg_wf/bbregister".
250329-15:13:26,456 nipype.workflow INFO:
	 [Node] Executing "bbregister" <nipype.interfaces.freesurfer.preprocess.BBRegister>
250329-15:13:31,250 nipype.workflow INFO:
	 [Node] Finished "bbregister", elapsed time 101.558575s.
250329-15:13:31,272 nipype.workflow INFO:
	 [Node] Setting-up "fmriprep_24_0_wf.sub_27_wf.bold_task_bird_run_1_wf.bold_fit_wf.func_fit_reports_wf.t1w_boldref" in "/work_dir/fmriprep_24_0_wf/sub_27_wf/bold_task_bird_run_1_wf/bold_fit_wf/func_fit_reports_wf/t1w_boldref".
250329-15:13:31,277 nipype.workflow INFO:
	 [Node] Executing "t1w_boldref" <niworkflows.interfaces.fixes.FixHeaderApplyTransforms>
250329-15:13:31,612 nipype.workflow INFO:
	 [Node] Setting-up "fmriprep_24_0_wf.sub_27_wf.bold_task_bird_run_1_wf.bold_confounds_wf.t1w_mask_tfm" in "/work_dir/fmriprep_24_0_wf/sub_27_wf/bold_task_bird_run_1_wf/bold_confounds_wf/t1w_mask_tfm".
250329-15:13:31,618 nipype.workflow INFO:
	 [Node] Executing "t1w_mask_tfm" <niworkflows.interfaces.fixes.FixHeaderApplyTransforms>
250329-15:13:33,862 nipype.workflow INFO:
	 [Node] Finished "gen_ref", elapsed time 16.888263s.
250329-15:13:34,79 nipype.workflow INFO:
	 [Node] Setting-up "fmriprep_24_0_wf.sub_27_wf.bold_task_bird_run_2_wf.bold_fit_wf.bold_reg_wf.bbreg_wf.compare_transforms" in "/work_dir/fmriprep_24_0_wf/sub_27_wf/bold_task_bird_run_2_wf/bold_fit_wf/bold_reg_wf/bbreg_wf/compare_transforms".
250329-15:13:34,82 nipype.workflow INFO:
	 [Node] Executing "compare_transforms" <nipype.interfaces.utility.wrappers.Function>
250329-15:13:34,84 nipype.workflow INFO:
	 [Node] Setting-up "fmriprep_24_0_wf.sub_27_wf.bold_task_bird_run_1_wf.bold_anat_wf.resample" in "/work_dir/fmriprep_24_0_wf/sub_27_wf/bold_task_bird_run_1_wf/bold_anat_wf/resample".
250329-15:13:34,88 nipype.workflow INFO:
	 [Node] Executing "resample" <fmriprep.interfaces.resampling.ResampleSeries>
250329-15:13:34,230 nipype.workflow INFO:
	 [Node] Finished "compare_transforms", elapsed time 0.147781s.
250329-15:13:36,871 nipype.workflow INFO:
	 [Node] Finished "gen_ref", elapsed time 16.224982s.
250329-15:13:37,13 nipype.workflow INFO:
	 [Node] Finished "gen_ref", elapsed time 16.373761000000002s.
250329-15:13:37,413 nipype.workflow INFO:
	 [Node] Finished "gen_ref", elapsed time 16.781118s.
250329-15:13:37,707 nipype.workflow INFO:
	 [Node] Finished "gen_ref", elapsed time 17.051665s.
250329-15:13:39,977 nipype.workflow INFO:
	 [Node] Setting-up "fmriprep_24_0_wf.sub_27_wf.bold_task_bird_run_2_wf.bold_fit_wf.bold_reg_wf.bbreg_wf.concat_xfm" in "/work_dir/fmriprep_24_0_wf/sub_27_wf/bold_task_bird_run_2_wf/bold_fit_wf/bold_reg_wf/bbreg_wf/concat_xfm".
250329-15:13:39,980 nipype.workflow INFO:
	 [Node] Executing "concat_xfm" <niworkflows.interfaces.nitransforms.ConcatenateXFMs>
250329-15:13:39,987 nipype.workflow INFO:
	 [Node] Finished "concat_xfm", elapsed time 0.006253s.
250329-15:13:42,466 nipype.workflow INFO:
	 [Node] Finished "t1w_boldref", elapsed time 11.188743s.
250329-15:13:42,779 nipype.workflow INFO:
	 [Node] Finished "t1w_mask_tfm", elapsed time 11.160504s.
250329-15:13:44,284 nipype.workflow INFO:
	 [Node] Setting-up "fmriprep_24_0_wf.sub_27_wf.bold_task_bird_run_2_wf.bold_fit_wf.func_fit_reports_wf.t1w_boldref" in "/work_dir/fmriprep_24_0_wf/sub_27_wf/bold_task_bird_run_2_wf/bold_fit_wf/func_fit_reports_wf/t1w_boldref".
250329-15:13:44,289 nipype.workflow INFO:
	 [Node] Executing "t1w_boldref" <niworkflows.interfaces.fixes.FixHeaderApplyTransforms>
250329-15:13:44,819 nipype.workflow INFO:
	 [Node] Setting-up "fmriprep_24_0_wf.sub_27_wf.bold_task_bird_run_2_wf.bold_confounds_wf.t1w_mask_tfm" in "/work_dir/fmriprep_24_0_wf/sub_27_wf/bold_task_bird_run_2_wf/bold_confounds_wf/t1w_mask_tfm".
250329-15:13:44,824 nipype.workflow INFO:
	 [Node] Executing "t1w_mask_tfm" <niworkflows.interfaces.fixes.FixHeaderApplyTransforms>
250329-15:13:44,835 nipype.workflow INFO:
	 [Node] Setting-up "fmriprep_24_0_wf.sub_27_wf.bold_task_bird_run_1_wf.bold_confounds_wf.union_mask" in "/work_dir/fmriprep_24_0_wf/sub_27_wf/bold_task_bird_run_1_wf/bold_confounds_wf/union_mask".
250329-15:13:44,840 nipype.workflow INFO:
	 [Node] Executing "union_mask" <nipype.interfaces.utility.wrappers.Function>
250329-15:13:45,16 nipype.workflow INFO:
	 [Node] Finished "union_mask", elapsed time 0.174856s.
250329-15:13:46,872 nipype.workflow INFO:
	 [Node] Setting-up "fmriprep_24_0_wf.sub_27_wf.bold_task_bird_run_1_wf.bold_confounds_wf.dilated_mask" in "/work_dir/fmriprep_24_0_wf/sub_27_wf/bold_task_bird_run_1_wf/bold_confounds_wf/dilated_mask".
250329-15:13:46,874 nipype.workflow INFO:
	 [Node] Executing "dilated_mask" <niworkflows.interfaces.morphology.BinaryDilation>
250329-15:13:47,128 nipype.workflow INFO:
	 [Node] Finished "dilated_mask", elapsed time 0.235389s.
250329-15:13:48,152 nipype.workflow INFO:
	 [Node] Setting-up "fmriprep_24_0_wf.sub_27_wf.bold_task_bird_run_1_wf.bold_confounds_wf.subtract_mask" in "/work_dir/fmriprep_24_0_wf/sub_27_wf/bold_task_bird_run_1_wf/bold_confounds_wf/subtract_mask".
250329-15:13:48,154 nipype.workflow INFO:
	 [Node] Executing "subtract_mask" <niworkflows.interfaces.morphology.BinarySubtraction>
250329-15:13:48,249 nipype.workflow INFO:
	 [Node] Finished "subtract_mask", elapsed time 0.093567s.
250329-15:13:50,149 nipype.workflow INFO:
	 [Node] Setting-up "fmriprep_24_0_wf.sub_27_wf.bold_task_bird_run_1_wf.bold_confounds_wf.crowncompcor" in "/work_dir/fmriprep_24_0_wf/sub_27_wf/bold_task_bird_run_1_wf/bold_confounds_wf/crowncompcor".
250329-15:13:50,156 nipype.workflow INFO:
	 [Node] Executing "crowncompcor" <niworkflows.interfaces.patches.RobustACompCor>
250329-15:13:57,860 nipype.workflow INFO:
	 [Node] Finished "t1w_boldref", elapsed time 13.570249s.
250329-15:14:03,720 nipype.workflow INFO:
	 [Node] Finished "t1w_mask_tfm", elapsed time 18.895977s.
250329-15:14:05,940 nipype.workflow INFO:
	 [Node] Finished "crowncompcor", elapsed time 15.78348s.
250329-15:14:06,185 nipype.workflow INFO:
	 [Node] Setting-up "fmriprep_24_0_wf.sub_27_wf.bold_task_bird_run_2_wf.bold_confounds_wf.union_mask" in "/work_dir/fmriprep_24_0_wf/sub_27_wf/bold_task_bird_run_2_wf/bold_confounds_wf/union_mask".
250329-15:14:06,188 nipype.workflow INFO:
	 [Node] Executing "union_mask" <nipype.interfaces.utility.wrappers.Function>
250329-15:14:06,292 nipype.workflow INFO:
	 [Node] Finished "union_mask", elapsed time 0.103933s.
250329-15:14:07,991 nipype.workflow INFO:
	 [Node] Setting-up "fmriprep_24_0_wf.sub_27_wf.bold_task_bird_run_2_wf.bold_confounds_wf.dilated_mask" in "/work_dir/fmriprep_24_0_wf/sub_27_wf/bold_task_bird_run_2_wf/bold_confounds_wf/dilated_mask".
250329-15:14:07,993 nipype.workflow INFO:
	 [Node] Executing "dilated_mask" <niworkflows.interfaces.morphology.BinaryDilation>
250329-15:14:08,102 nipype.workflow INFO:
	 [Node] Finished "dilated_mask", elapsed time 0.107821s.
250329-15:14:08,167 nipype.workflow INFO:
	 [Node] Setting-up "fmriprep_24_0_wf.sub_27_wf.bold_task_bird_run_2_wf.bold_anat_wf.resample" in "/work_dir/fmriprep_24_0_wf/sub_27_wf/bold_task_bird_run_2_wf/bold_anat_wf/resample".
250329-15:14:08,171 nipype.workflow INFO:
	 [Node] Executing "resample" <fmriprep.interfaces.resampling.ResampleSeries>
250329-15:14:10,6 nipype.workflow INFO:
	 [Node] Setting-up "fmriprep_24_0_wf.sub_27_wf.bold_task_bird_run_2_wf.bold_confounds_wf.subtract_mask" in "/work_dir/fmriprep_24_0_wf/sub_27_wf/bold_task_bird_run_2_wf/bold_confounds_wf/subtract_mask".
250329-15:14:10,9 nipype.workflow INFO:
	 [Node] Executing "subtract_mask" <niworkflows.interfaces.morphology.BinarySubtraction>
250329-15:14:10,51 nipype.workflow INFO:
	 [Node] Finished "subtract_mask", elapsed time 0.042095s.
250329-15:14:12,198 nipype.workflow INFO:
	 [Node] Setting-up "fmriprep_24_0_wf.sub_27_wf.bold_task_bird_run_2_wf.bold_confounds_wf.crowncompcor" in "/work_dir/fmriprep_24_0_wf/sub_27_wf/bold_task_bird_run_2_wf/bold_confounds_wf/crowncompcor".
250329-15:14:12,203 nipype.workflow INFO:
	 [Node] Executing "crowncompcor" <niworkflows.interfaces.patches.RobustACompCor>
250329-15:14:27,595 nipype.workflow INFO:
	 [Node] Finished "crowncompcor", elapsed time 15.3729s.
250329-15:14:28,161 nipype.workflow INFO:
	 [Node] Setting-up "fmriprep_24_0_wf.sub_27_wf.bold_task_bird_run_1_wf.bold_confounds_wf.crowncc_metadata_fmt" in "/work_dir/fmriprep_24_0_wf/sub_27_wf/bold_task_bird_run_1_wf/bold_confounds_wf/crowncc_metadata_fmt".
250329-15:14:28,165 nipype.workflow INFO:
	 [Node] Executing "crowncc_metadata_fmt" <niworkflows.interfaces.utility.TSV2JSON>
250329-15:14:28,183 nipype.workflow INFO:
	 [Node] Finished "crowncc_metadata_fmt", elapsed time 0.017346s.
250329-15:14:30,288 nipype.workflow INFO:
	 [Node] Setting-up "fmriprep_24_0_wf.sub_27_wf.bold_task_bird_run_2_wf.bold_confounds_wf.crowncc_metadata_fmt" in "/work_dir/fmriprep_24_0_wf/sub_27_wf/bold_task_bird_run_2_wf/bold_confounds_wf/crowncc_metadata_fmt".
250329-15:14:30,290 nipype.workflow INFO:
	 [Node] Executing "crowncc_metadata_fmt" <niworkflows.interfaces.utility.TSV2JSON>
250329-15:14:31,884 nipype.workflow INFO:
	 [Node] Finished "crowncc_metadata_fmt", elapsed time 1.592465s.
250329-15:14:37,994 nipype.workflow INFO:
	 [Node] Finished "resample", elapsed time 63.904786s.
250329-15:14:46,336 nipype.workflow INFO:
	 [Node] Finished "bbregister", elapsed time 85.702021s.
250329-15:14:47,615 nipype.workflow INFO:
	 [Node] Finished "bbregister", elapsed time 137.985733s.
250329-15:14:50,480 nipype.workflow INFO:
	 [Node] Setting-up "fmriprep_24_0_wf.sub_27_wf.bold_task_bird_run_5_wf.bold_fit_wf.bold_reg_wf.bbreg_wf.compare_transforms" in "/work_dir/fmriprep_24_0_wf/sub_27_wf/bold_task_bird_run_5_wf/bold_fit_wf/bold_reg_wf/bbreg_wf/compare_transforms".
250329-15:14:50,482 nipype.workflow INFO:
	 [Node] Executing "compare_transforms" <nipype.interfaces.utility.wrappers.Function>
250329-15:14:50,494 nipype.workflow INFO:
	 [Node] Finished "compare_transforms", elapsed time 0.010815s.
250329-15:14:51,940 nipype.workflow INFO:
	 [Node] Setting-up "fmriprep_24_0_wf.sub_27_wf.bold_task_bird_run_3_wf.bold_fit_wf.bold_reg_wf.bbreg_wf.compare_transforms" in "/work_dir/fmriprep_24_0_wf/sub_27_wf/bold_task_bird_run_3_wf/bold_fit_wf/bold_reg_wf/bbreg_wf/compare_transforms".
250329-15:14:51,942 nipype.workflow INFO:
	 [Node] Executing "compare_transforms" <nipype.interfaces.utility.wrappers.Function>
250329-15:14:51,956 nipype.workflow INFO:
	 [Node] Finished "compare_transforms", elapsed time 0.012503s.
250329-15:14:56,568 nipype.workflow INFO:
	 [Node] Finished "bbregister", elapsed time 97.935485s.
250329-15:14:56,605 nipype.workflow INFO:
	 [Node] Setting-up "fmriprep_24_0_wf.sub_27_wf.bold_task_bird_run_5_wf.bold_fit_wf.bold_reg_wf.bbreg_wf.concat_xfm" in "/work_dir/fmriprep_24_0_wf/sub_27_wf/bold_task_bird_run_5_wf/bold_fit_wf/bold_reg_wf/bbreg_wf/concat_xfm".
250329-15:14:56,608 nipype.workflow INFO:
	 [Node] Executing "concat_xfm" <niworkflows.interfaces.nitransforms.ConcatenateXFMs>
250329-15:14:56,614 nipype.workflow INFO:
	 [Node] Finished "concat_xfm", elapsed time 0.005729s.
250329-15:14:58,227 nipype.workflow INFO:
	 [Node] Setting-up "fmriprep_24_0_wf.sub_27_wf.bold_task_bird_run_3_wf.bold_fit_wf.bold_reg_wf.bbreg_wf.concat_xfm" in "/work_dir/fmriprep_24_0_wf/sub_27_wf/bold_task_bird_run_3_wf/bold_fit_wf/bold_reg_wf/bbreg_wf/concat_xfm".
250329-15:14:58,230 nipype.workflow INFO:
	 [Node] Executing "concat_xfm" <niworkflows.interfaces.nitransforms.ConcatenateXFMs>
250329-15:14:58,237 nipype.workflow INFO:
	 [Node] Finished "concat_xfm", elapsed time 0.005642s.
250329-15:14:59,412 nipype.workflow INFO:
	 [Node] Finished "resample", elapsed time 51.239911s.
250329-15:14:59,803 nipype.workflow INFO:
	 [Node] Setting-up "fmriprep_24_0_wf.sub_27_wf.bold_task_bird_run_6_wf.bold_fit_wf.bold_reg_wf.bbreg_wf.compare_transforms" in "/work_dir/fmriprep_24_0_wf/sub_27_wf/bold_task_bird_run_6_wf/bold_fit_wf/bold_reg_wf/bbreg_wf/compare_transforms".
250329-15:14:59,805 nipype.workflow INFO:
	 [Node] Executing "compare_transforms" <nipype.interfaces.utility.wrappers.Function>
250329-15:14:59,816 nipype.workflow INFO:
	 [Node] Finished "compare_transforms", elapsed time 0.010506s.
250329-15:15:00,16 nipype.workflow INFO:
	 [Node] Setting-up "fmriprep_24_0_wf.sub_27_wf.bold_task_bird_run_5_wf.bold_fit_wf.func_fit_reports_wf.t1w_boldref" in "/work_dir/fmriprep_24_0_wf/sub_27_wf/bold_task_bird_run_5_wf/bold_fit_wf/func_fit_reports_wf/t1w_boldref".
250329-15:15:00,21 nipype.workflow INFO:
	 [Node] Executing "t1w_boldref" <niworkflows.interfaces.fixes.FixHeaderApplyTransforms>
250329-15:15:00,201 nipype.workflow INFO:
	 [Node] Setting-up "fmriprep_24_0_wf.sub_27_wf.bold_task_bird_run_5_wf.bold_confounds_wf.t1w_mask_tfm" in "/work_dir/fmriprep_24_0_wf/sub_27_wf/bold_task_bird_run_5_wf/bold_confounds_wf/t1w_mask_tfm".
250329-15:15:00,207 nipype.workflow INFO:
	 [Node] Executing "t1w_mask_tfm" <niworkflows.interfaces.fixes.FixHeaderApplyTransforms>
250329-15:15:02,515 nipype.workflow INFO:
	 [Node] Setting-up "fmriprep_24_0_wf.sub_27_wf.bold_task_bird_run_3_wf.bold_fit_wf.func_fit_reports_wf.t1w_boldref" in "/work_dir/fmriprep_24_0_wf/sub_27_wf/bold_task_bird_run_3_wf/bold_fit_wf/func_fit_reports_wf/t1w_boldref".
250329-15:15:02,520 nipype.workflow INFO:
	 [Node] Executing "t1w_boldref" <niworkflows.interfaces.fixes.FixHeaderApplyTransforms>
250329-15:15:02,722 nipype.workflow INFO:
	 [Node] Setting-up "fmriprep_24_0_wf.sub_27_wf.bold_task_bird_run_3_wf.bold_confounds_wf.t1w_mask_tfm" in "/work_dir/fmriprep_24_0_wf/sub_27_wf/bold_task_bird_run_3_wf/bold_confounds_wf/t1w_mask_tfm".
250329-15:15:02,726 nipype.workflow INFO:
	 [Node] Executing "t1w_mask_tfm" <niworkflows.interfaces.fixes.FixHeaderApplyTransforms>
250329-15:15:05,803 nipype.workflow INFO:
	 [Node] Setting-up "fmriprep_24_0_wf.sub_27_wf.bold_task_bird_run_5_wf.bold_anat_wf.resample" in "/work_dir/fmriprep_24_0_wf/sub_27_wf/bold_task_bird_run_5_wf/bold_anat_wf/resample".
250329-15:15:05,808 nipype.workflow INFO:
	 [Node] Executing "resample" <fmriprep.interfaces.resampling.ResampleSeries>
250329-15:15:05,982 nipype.workflow INFO:
	 [Node] Setting-up "fmriprep_24_0_wf.sub_27_wf.bold_task_bird_run_6_wf.bold_fit_wf.bold_reg_wf.bbreg_wf.concat_xfm" in "/work_dir/fmriprep_24_0_wf/sub_27_wf/bold_task_bird_run_6_wf/bold_fit_wf/bold_reg_wf/bbreg_wf/concat_xfm".
250329-15:15:05,984 nipype.workflow INFO:
	 [Node] Executing "concat_xfm" <niworkflows.interfaces.nitransforms.ConcatenateXFMs>
250329-15:15:05,991 nipype.workflow INFO:
	 [Node] Finished "concat_xfm", elapsed time 0.006043s.
250329-15:15:06,403 nipype.workflow INFO:
	 [Node] Finished "t1w_boldref", elapsed time 6.380635s.
250329-15:15:07,675 nipype.workflow INFO:
	 [Node] Finished "t1w_mask_tfm", elapsed time 7.466957s.
250329-15:15:08,519 nipype.workflow INFO:
	 [Node] Setting-up "fmriprep_24_0_wf.sub_27_wf.bold_task_bird_run_3_wf.bold_anat_wf.resample" in "/work_dir/fmriprep_24_0_wf/sub_27_wf/bold_task_bird_run_3_wf/bold_anat_wf/resample".
250329-15:15:08,523 nipype.workflow INFO:
	 [Node] Executing "resample" <fmriprep.interfaces.resampling.ResampleSeries>
250329-15:15:09,983 nipype.workflow INFO:
	 [Node] Setting-up "fmriprep_24_0_wf.sub_27_wf.bold_task_bird_run_6_wf.bold_fit_wf.func_fit_reports_wf.t1w_boldref" in "/work_dir/fmriprep_24_0_wf/sub_27_wf/bold_task_bird_run_6_wf/bold_fit_wf/func_fit_reports_wf/t1w_boldref".
250329-15:15:09,987 nipype.workflow INFO:
	 [Node] Executing "t1w_boldref" <niworkflows.interfaces.fixes.FixHeaderApplyTransforms>
250329-15:15:10,509 nipype.workflow INFO:
	 [Node] Setting-up "fmriprep_24_0_wf.sub_27_wf.bold_task_bird_run_6_wf.bold_confounds_wf.t1w_mask_tfm" in "/work_dir/fmriprep_24_0_wf/sub_27_wf/bold_task_bird_run_6_wf/bold_confounds_wf/t1w_mask_tfm".
250329-15:15:10,514 nipype.workflow INFO:
	 [Node] Executing "t1w_mask_tfm" <niworkflows.interfaces.fixes.FixHeaderApplyTransforms>
250329-15:15:11,763 nipype.workflow INFO:
	 [Node] Finished "t1w_boldref", elapsed time 9.243018s.
250329-15:15:13,254 nipype.workflow INFO:
	 [Node] Finished "t1w_mask_tfm", elapsed time 10.527018s.
250329-15:15:13,989 nipype.workflow INFO:
	 [Node] Setting-up "fmriprep_24_0_wf.sub_27_wf.bold_task_bird_run_3_wf.bold_confounds_wf.union_mask" in "/work_dir/fmriprep_24_0_wf/sub_27_wf/bold_task_bird_run_3_wf/bold_confounds_wf/union_mask".
250329-15:15:13,992 nipype.workflow INFO:
	 [Node] Executing "union_mask" <nipype.interfaces.utility.wrappers.Function>
250329-15:15:14,18 nipype.workflow INFO:
	 [Node] Setting-up "fmriprep_24_0_wf.sub_27_wf.bold_task_bird_run_5_wf.bold_confounds_wf.union_mask" in "/work_dir/fmriprep_24_0_wf/sub_27_wf/bold_task_bird_run_5_wf/bold_confounds_wf/union_mask".
250329-15:15:14,21 nipype.workflow INFO:
	 [Node] Executing "union_mask" <nipype.interfaces.utility.wrappers.Function>
250329-15:15:14,79 nipype.workflow INFO:
	 [Node] Finished "union_mask", elapsed time 0.085966s.
250329-15:15:14,136 nipype.workflow INFO:
	 [Node] Finished "union_mask", elapsed time 0.114128s.
250329-15:15:16,829 nipype.workflow INFO:
	 [Node] Setting-up "fmriprep_24_0_wf.sub_27_wf.bold_task_bird_run_3_wf.bold_confounds_wf.dilated_mask" in "/work_dir/fmriprep_24_0_wf/sub_27_wf/bold_task_bird_run_3_wf/bold_confounds_wf/dilated_mask".
250329-15:15:16,832 nipype.workflow INFO:
	 [Node] Executing "dilated_mask" <niworkflows.interfaces.morphology.BinaryDilation>
250329-15:15:16,850 nipype.workflow INFO:
	 [Node] Setting-up "fmriprep_24_0_wf.sub_27_wf.bold_task_bird_run_5_wf.bold_confounds_wf.dilated_mask" in "/work_dir/fmriprep_24_0_wf/sub_27_wf/bold_task_bird_run_5_wf/bold_confounds_wf/dilated_mask".
250329-15:15:16,852 nipype.workflow INFO:
	 [Node] Executing "dilated_mask" <niworkflows.interfaces.morphology.BinaryDilation>
250329-15:15:17,65 nipype.workflow INFO:
	 [Node] Finished "dilated_mask", elapsed time 0.211766s.
250329-15:15:17,72 nipype.workflow INFO:
	 [Node] Finished "dilated_mask", elapsed time 0.239871s.
250329-15:15:18,285 nipype.workflow INFO:
	 [Node] Setting-up "fmriprep_24_0_wf.sub_27_wf.bold_task_bird_run_3_wf.bold_confounds_wf.subtract_mask" in "/work_dir/fmriprep_24_0_wf/sub_27_wf/bold_task_bird_run_3_wf/bold_confounds_wf/subtract_mask".
250329-15:15:18,287 nipype.workflow INFO:
	 [Node] Executing "subtract_mask" <niworkflows.interfaces.morphology.BinarySubtraction>
250329-15:15:18,298 nipype.workflow INFO:
	 [Node] Setting-up "fmriprep_24_0_wf.sub_27_wf.bold_task_bird_run_5_wf.bold_confounds_wf.subtract_mask" in "/work_dir/fmriprep_24_0_wf/sub_27_wf/bold_task_bird_run_5_wf/bold_confounds_wf/subtract_mask".
250329-15:15:18,301 nipype.workflow INFO:
	 [Node] Executing "subtract_mask" <niworkflows.interfaces.morphology.BinarySubtraction>
250329-15:15:18,390 nipype.workflow INFO:
	 [Node] Finished "subtract_mask", elapsed time 0.088753s.
250329-15:15:18,407 nipype.workflow INFO:
	 [Node] Finished "subtract_mask", elapsed time 0.118406s.
250329-15:15:20,375 nipype.workflow INFO:
	 [Node] Setting-up "fmriprep_24_0_wf.sub_27_wf.bold_task_bird_run_3_wf.bold_confounds_wf.crowncompcor" in "/work_dir/fmriprep_24_0_wf/sub_27_wf/bold_task_bird_run_3_wf/bold_confounds_wf/crowncompcor".
250329-15:15:20,376 nipype.workflow INFO:
	 [Node] Setting-up "fmriprep_24_0_wf.sub_27_wf.bold_task_bird_run_5_wf.bold_confounds_wf.crowncompcor" in "/work_dir/fmriprep_24_0_wf/sub_27_wf/bold_task_bird_run_5_wf/bold_confounds_wf/crowncompcor".
250329-15:15:20,382 nipype.workflow INFO:
	 [Node] Executing "crowncompcor" <niworkflows.interfaces.patches.RobustACompCor>
250329-15:15:20,471 nipype.workflow INFO:
	 [Node] Executing "crowncompcor" <niworkflows.interfaces.patches.RobustACompCor>
250329-15:15:23,57 nipype.workflow INFO:
	 [Node] Finished "t1w_boldref", elapsed time 12.469996s.
250329-15:15:27,18 nipype.workflow INFO:
	 [Node] Finished "t1w_mask_tfm", elapsed time 16.502621s.
250329-15:15:28,268 nipype.workflow INFO:
	 [Node] Setting-up "fmriprep_24_0_wf.sub_27_wf.bold_task_bird_run_6_wf.bold_confounds_wf.union_mask" in "/work_dir/fmriprep_24_0_wf/sub_27_wf/bold_task_bird_run_6_wf/bold_confounds_wf/union_mask".
250329-15:15:28,271 nipype.workflow INFO:
	 [Node] Executing "union_mask" <nipype.interfaces.utility.wrappers.Function>
250329-15:15:28,417 nipype.workflow INFO:
	 [Node] Finished "union_mask", elapsed time 0.145713s.
250329-15:15:30,373 nipype.workflow INFO:
	 [Node] Setting-up "fmriprep_24_0_wf.sub_27_wf.bold_task_bird_run_6_wf.bold_confounds_wf.dilated_mask" in "/work_dir/fmriprep_24_0_wf/sub_27_wf/bold_task_bird_run_6_wf/bold_confounds_wf/dilated_mask".
250329-15:15:30,375 nipype.workflow INFO:
	 [Node] Executing "dilated_mask" <niworkflows.interfaces.morphology.BinaryDilation>
250329-15:15:30,786 nipype.workflow INFO:
	 [Node] Finished "dilated_mask", elapsed time 0.409899s.
250329-15:15:32,238 nipype.workflow INFO:
	 [Node] Setting-up "fmriprep_24_0_wf.sub_27_wf.bold_task_bird_run_6_wf.bold_confounds_wf.subtract_mask" in "/work_dir/fmriprep_24_0_wf/sub_27_wf/bold_task_bird_run_6_wf/bold_confounds_wf/subtract_mask".
250329-15:15:32,241 nipype.workflow INFO:
	 [Node] Executing "subtract_mask" <niworkflows.interfaces.morphology.BinarySubtraction>
250329-15:15:32,341 nipype.workflow INFO:
	 [Node] Finished "subtract_mask", elapsed time 0.099394s.
250329-15:15:34,300 nipype.workflow INFO:
	 [Node] Setting-up "fmriprep_24_0_wf.sub_27_wf.bold_task_bird_run_6_wf.bold_confounds_wf.crowncompcor" in "/work_dir/fmriprep_24_0_wf/sub_27_wf/bold_task_bird_run_6_wf/bold_confounds_wf/crowncompcor".
250329-15:15:34,574 nipype.workflow INFO:
	 [Node] Executing "crowncompcor" <niworkflows.interfaces.patches.RobustACompCor>
250329-15:15:38,521 nipype.workflow INFO:
	 [Node] Finished "crowncompcor", elapsed time 18.04901s.
250329-15:15:39,992 nipype.workflow INFO:
	 [Node] Setting-up "fmriprep_24_0_wf.sub_27_wf.bold_task_bird_run_3_wf.bold_confounds_wf.crowncc_metadata_fmt" in "/work_dir/fmriprep_24_0_wf/sub_27_wf/bold_task_bird_run_3_wf/bold_confounds_wf/crowncc_metadata_fmt".
250329-15:15:40,2 nipype.workflow INFO:
	 [Node] Executing "crowncc_metadata_fmt" <niworkflows.interfaces.utility.TSV2JSON>
250329-15:15:40,11 nipype.workflow INFO:
	 [Node] Finished "crowncc_metadata_fmt", elapsed time 0.007759s.
250329-15:15:41,525 nipype.workflow INFO:
	 [Node] Finished "crowncompcor", elapsed time 21.142144s.
250329-15:15:41,933 nipype.workflow INFO:
	 [Node] Finished "crowncompcor", elapsed time 7.358872s.
250329-15:15:41,996 nipype.workflow INFO:
	 [Node] Setting-up "fmriprep_24_0_wf.sub_27_wf.bold_task_bird_run_5_wf.bold_confounds_wf.crowncc_metadata_fmt" in "/work_dir/fmriprep_24_0_wf/sub_27_wf/bold_task_bird_run_5_wf/bold_confounds_wf/crowncc_metadata_fmt".
250329-15:15:42,0 nipype.workflow INFO:
	 [Node] Executing "crowncc_metadata_fmt" <niworkflows.interfaces.utility.TSV2JSON>
250329-15:15:42,7 nipype.workflow INFO:
	 [Node] Finished "crowncc_metadata_fmt", elapsed time 0.006437s.
250329-15:15:43,247 nipype.workflow INFO:
	 [Node] Finished "bbregister", elapsed time 136.790289s.
250329-15:15:44,178 nipype.workflow INFO:
	 [Node] Setting-up "fmriprep_24_0_wf.sub_27_wf.bold_task_bird_run_6_wf.bold_confounds_wf.crowncc_metadata_fmt" in "/work_dir/fmriprep_24_0_wf/sub_27_wf/bold_task_bird_run_6_wf/bold_confounds_wf/crowncc_metadata_fmt".
250329-15:15:44,180 nipype.workflow INFO:
	 [Node] Executing "crowncc_metadata_fmt" <niworkflows.interfaces.utility.TSV2JSON>
250329-15:15:44,188 nipype.workflow INFO:
	 [Node] Finished "crowncc_metadata_fmt", elapsed time 0.007398s.
250329-15:15:45,890 nipype.workflow INFO:
	 [Node] Setting-up "fmriprep_24_0_wf.sub_27_wf.bold_task_bird_run_4_wf.bold_fit_wf.bold_reg_wf.bbreg_wf.compare_transforms" in "/work_dir/fmriprep_24_0_wf/sub_27_wf/bold_task_bird_run_4_wf/bold_fit_wf/bold_reg_wf/bbreg_wf/compare_transforms".
250329-15:15:45,893 nipype.workflow INFO:
	 [Node] Executing "compare_transforms" <nipype.interfaces.utility.wrappers.Function>
250329-15:15:45,905 nipype.workflow INFO:
	 [Node] Finished "compare_transforms", elapsed time 0.011573s.
250329-15:15:51,994 nipype.workflow INFO:
	 [Node] Setting-up "fmriprep_24_0_wf.sub_27_wf.bold_task_bird_run_4_wf.bold_fit_wf.bold_reg_wf.bbreg_wf.concat_xfm" in "/work_dir/fmriprep_24_0_wf/sub_27_wf/bold_task_bird_run_4_wf/bold_fit_wf/bold_reg_wf/bbreg_wf/concat_xfm".
250329-15:15:51,997 nipype.workflow INFO:
	 [Node] Executing "concat_xfm" <niworkflows.interfaces.nitransforms.ConcatenateXFMs>
250329-15:15:52,4 nipype.workflow INFO:
	 [Node] Finished "concat_xfm", elapsed time 0.005826s.
250329-15:15:55,802 nipype.workflow INFO:
	 [Node] Setting-up "fmriprep_24_0_wf.sub_27_wf.bold_task_bird_run_4_wf.bold_fit_wf.func_fit_reports_wf.t1w_boldref" in "/work_dir/fmriprep_24_0_wf/sub_27_wf/bold_task_bird_run_4_wf/bold_fit_wf/func_fit_reports_wf/t1w_boldref".
250329-15:15:55,807 nipype.workflow INFO:
	 [Node] Executing "t1w_boldref" <niworkflows.interfaces.fixes.FixHeaderApplyTransforms>
250329-15:15:56,155 nipype.workflow INFO:
	 [Node] Setting-up "fmriprep_24_0_wf.sub_27_wf.bold_task_bird_run_4_wf.bold_confounds_wf.t1w_mask_tfm" in "/work_dir/fmriprep_24_0_wf/sub_27_wf/bold_task_bird_run_4_wf/bold_confounds_wf/t1w_mask_tfm".
250329-15:15:56,159 nipype.workflow INFO:
	 [Node] Executing "t1w_mask_tfm" <niworkflows.interfaces.fixes.FixHeaderApplyTransforms>
250329-15:15:57,144 nipype.workflow INFO:
	 [Node] Finished "resample", elapsed time 48.620228s.
250329-15:15:57,265 nipype.workflow INFO:
	 [Node] Finished "resample", elapsed time 51.456043s.
250329-15:15:58,308 nipype.workflow INFO:
	 [Node] Setting-up "fmriprep_24_0_wf.sub_27_wf.bold_task_bird_run_6_wf.bold_anat_wf.resample" in "/work_dir/fmriprep_24_0_wf/sub_27_wf/bold_task_bird_run_6_wf/bold_anat_wf/resample".
250329-15:15:58,313 nipype.workflow INFO:
	 [Node] Executing "resample" <fmriprep.interfaces.resampling.ResampleSeries>
250329-15:15:59,967 nipype.workflow INFO:
	 [Node] Setting-up "fmriprep_24_0_wf.sub_27_wf.bold_task_bird_run_4_wf.bold_anat_wf.resample" in "/work_dir/fmriprep_24_0_wf/sub_27_wf/bold_task_bird_run_4_wf/bold_anat_wf/resample".
250329-15:15:59,971 nipype.workflow INFO:
	 [Node] Executing "resample" <fmriprep.interfaces.resampling.ResampleSeries>
250329-15:16:01,283 nipype.workflow INFO:
	 [Node] Finished "t1w_boldref", elapsed time 5.4756540000000005s.
250329-15:16:04,587 nipype.workflow INFO:
	 [Node] Finished "t1w_mask_tfm", elapsed time 8.426774s.
250329-15:16:06,312 nipype.workflow INFO:
	 [Node] Setting-up "fmriprep_24_0_wf.sub_27_wf.bold_task_bird_run_4_wf.bold_confounds_wf.union_mask" in "/work_dir/fmriprep_24_0_wf/sub_27_wf/bold_task_bird_run_4_wf/bold_confounds_wf/union_mask".
250329-15:16:06,315 nipype.workflow INFO:
	 [Node] Executing "union_mask" <nipype.interfaces.utility.wrappers.Function>
250329-15:16:06,479 nipype.workflow INFO:
	 [Node] Finished "union_mask", elapsed time 0.163128s.
250329-15:16:08,339 nipype.workflow INFO:
	 [Node] Setting-up "fmriprep_24_0_wf.sub_27_wf.bold_task_bird_run_4_wf.bold_confounds_wf.dilated_mask" in "/work_dir/fmriprep_24_0_wf/sub_27_wf/bold_task_bird_run_4_wf/bold_confounds_wf/dilated_mask".
250329-15:16:08,341 nipype.workflow INFO:
	 [Node] Executing "dilated_mask" <niworkflows.interfaces.morphology.BinaryDilation>
250329-15:16:08,592 nipype.workflow INFO:
	 [Node] Finished "dilated_mask", elapsed time 0.250235s.
250329-15:16:10,397 nipype.workflow INFO:
	 [Node] Setting-up "fmriprep_24_0_wf.sub_27_wf.bold_task_bird_run_4_wf.bold_confounds_wf.subtract_mask" in "/work_dir/fmriprep_24_0_wf/sub_27_wf/bold_task_bird_run_4_wf/bold_confounds_wf/subtract_mask".
250329-15:16:10,400 nipype.workflow INFO:
	 [Node] Executing "subtract_mask" <niworkflows.interfaces.morphology.BinarySubtraction>
250329-15:16:10,506 nipype.workflow INFO:
	 [Node] Finished "subtract_mask", elapsed time 0.105931s.
250329-15:16:12,290 nipype.workflow INFO:
	 [Node] Setting-up "fmriprep_24_0_wf.sub_27_wf.bold_task_bird_run_4_wf.bold_confounds_wf.crowncompcor" in "/work_dir/fmriprep_24_0_wf/sub_27_wf/bold_task_bird_run_4_wf/bold_confounds_wf/crowncompcor".
250329-15:16:12,294 nipype.workflow INFO:
	 [Node] Executing "crowncompcor" <niworkflows.interfaces.patches.RobustACompCor>
250329-15:16:26,489 nipype.workflow INFO:
	 [Node] Finished "crowncompcor", elapsed time 14.194389s.
250329-15:16:28,1 nipype.workflow INFO:
	 [Node] Setting-up "fmriprep_24_0_wf.sub_27_wf.bold_task_bird_run_4_wf.bold_confounds_wf.crowncc_metadata_fmt" in "/work_dir/fmriprep_24_0_wf/sub_27_wf/bold_task_bird_run_4_wf/bold_confounds_wf/crowncc_metadata_fmt".
250329-15:16:28,3 nipype.workflow INFO:
	 [Node] Executing "crowncc_metadata_fmt" <niworkflows.interfaces.utility.TSV2JSON>
250329-15:16:28,30 nipype.workflow INFO:
	 [Node] Finished "crowncc_metadata_fmt", elapsed time 0.026269s.
250329-15:16:41,343 nipype.workflow INFO:
	 [Node] Finished "resample", elapsed time 43.029818s.
250329-15:16:43,623 nipype.workflow INFO:
	 [Node] Finished "resample", elapsed time 43.650964s.
250329-15:16:50,563 nipype.workflow INFO:
	 [Node] Finished "fast", elapsed time 242.494586s.
250329-15:16:51,824 nipype.workflow INFO:
	 [Node] Setting-up "fmriprep_24_0_wf.sub_27_wf.anat_fit_wf.lut_t1w_dseg" in "/work_dir/fmriprep_24_0_wf/sub_27_wf/anat_fit_wf/lut_t1w_dseg".
250329-15:16:51,827 nipype.workflow INFO:
	 [Node] Executing "lut_t1w_dseg" <nipype.interfaces.utility.wrappers.Function>
250329-15:16:52,216 nipype.workflow INFO:
	 [Node] Finished "lut_t1w_dseg", elapsed time 0.38788s.
250329-15:17:03,192 nipype.workflow INFO:
	 [Node] Setting-up "fmriprep_24_0_wf.sub_27_wf.bold_task_bird_run_1_wf.bold_fit_wf.func_fit_reports_wf.t1w_wm" in "/work_dir/fmriprep_24_0_wf/sub_27_wf/bold_task_bird_run_1_wf/bold_fit_wf/func_fit_reports_wf/t1w_wm".
250329-15:17:03,193 nipype.workflow INFO:
	 [Node] Setting-up "fmriprep_24_0_wf.sub_27_wf.bold_task_bird_run_2_wf.bold_fit_wf.func_fit_reports_wf.t1w_wm" in "/work_dir/fmriprep_24_0_wf/sub_27_wf/bold_task_bird_run_2_wf/bold_fit_wf/func_fit_reports_wf/t1w_wm".
250329-15:17:03,193 nipype.workflow INFO:
	 [Node] Setting-up "fmriprep_24_0_wf.sub_27_wf.bold_task_bird_run_3_wf.bold_fit_wf.func_fit_reports_wf.t1w_wm" in "/work_dir/fmriprep_24_0_wf/sub_27_wf/bold_task_bird_run_3_wf/bold_fit_wf/func_fit_reports_wf/t1w_wm".
250329-15:17:03,195 nipype.workflow INFO:
	 [Node] Executing "t1w_wm" <nipype.interfaces.utility.wrappers.Function>
250329-15:17:03,195 nipype.workflow INFO:
	 [Node] Executing "t1w_wm" <nipype.interfaces.utility.wrappers.Function>
250329-15:17:03,196 nipype.workflow INFO:
	 [Node] Executing "t1w_wm" <nipype.interfaces.utility.wrappers.Function>
250329-15:17:03,196 nipype.workflow INFO:
	 [Node] Setting-up "fmriprep_24_0_wf.sub_27_wf.anat_fit_wf.anat_reports_wf.seg_rpt" in "/work_dir/fmriprep_24_0_wf/sub_27_wf/anat_fit_wf/anat_reports_wf/seg_rpt".
250329-15:17:03,201 nipype.workflow INFO:
	 [Node] Executing "seg_rpt" <niworkflows.interfaces.reportlets.masks.ROIsPlot>
250329-15:17:03,204 nipype.workflow INFO:
	 [Node] Setting-up "fmriprep_24_0_wf.sub_27_wf.bold_task_bird_run_4_wf.bold_fit_wf.func_fit_reports_wf.t1w_wm" in "/work_dir/fmriprep_24_0_wf/sub_27_wf/bold_task_bird_run_4_wf/bold_fit_wf/func_fit_reports_wf/t1w_wm".
250329-15:17:03,206 nipype.workflow INFO:
	 [Node] Setting-up "fmriprep_24_0_wf.sub_27_wf.bold_task_bird_run_5_wf.bold_fit_wf.func_fit_reports_wf.t1w_wm" in "/work_dir/fmriprep_24_0_wf/sub_27_wf/bold_task_bird_run_5_wf/bold_fit_wf/func_fit_reports_wf/t1w_wm".
250329-15:17:03,207 nipype.workflow INFO:
	 [Node] Executing "t1w_wm" <nipype.interfaces.utility.wrappers.Function>
250329-15:17:03,208 nipype.workflow INFO:
	 [Node] Executing "t1w_wm" <nipype.interfaces.utility.wrappers.Function>
250329-15:17:03,214 nipype.workflow INFO:
	 [Node] Setting-up "fmriprep_24_0_wf.sub_27_wf.bold_task_bird_run_1_wf.bold_confounds_wf.acc_masks" in "/work_dir/fmriprep_24_0_wf/sub_27_wf/bold_task_bird_run_1_wf/bold_confounds_wf/acc_masks".
250329-15:17:03,214 nipype.workflow INFO:
	 [Node] Setting-up "fmriprep_24_0_wf.sub_27_wf.bold_task_bird_run_6_wf.bold_fit_wf.func_fit_reports_wf.t1w_wm" in "/work_dir/fmriprep_24_0_wf/sub_27_wf/bold_task_bird_run_6_wf/bold_fit_wf/func_fit_reports_wf/t1w_wm".
250329-15:17:03,217 nipype.workflow INFO:
	 [Node] Executing "t1w_wm" <nipype.interfaces.utility.wrappers.Function>
250329-15:17:03,222 nipype.workflow INFO:
	 [Node] Setting-up "fmriprep_24_0_wf.sub_27_wf.bold_task_bird_run_5_wf.bold_confounds_wf.acc_masks" in "/work_dir/fmriprep_24_0_wf/sub_27_wf/bold_task_bird_run_5_wf/bold_confounds_wf/acc_masks".
250329-15:17:03,222 nipype.workflow INFO:
	 [Node] Setting-up "fmriprep_24_0_wf.sub_27_wf.bold_task_bird_run_6_wf.bold_confounds_wf.acc_masks" in "/work_dir/fmriprep_24_0_wf/sub_27_wf/bold_task_bird_run_6_wf/bold_confounds_wf/acc_masks".
250329-15:17:03,351 nipype.workflow INFO:
	 [Node] Executing "acc_masks" <fmriprep.interfaces.confounds.aCompCorMasks>
250329-15:17:03,359 nipype.workflow INFO:
	 [Node] Executing "acc_masks" <fmriprep.interfaces.confounds.aCompCorMasks>
250329-15:17:03,424 nipype.workflow INFO:
	 [Node] Executing "acc_masks" <fmriprep.interfaces.confounds.aCompCorMasks>
250329-15:17:03,529 nipype.workflow INFO:
	 [Node] Finished "t1w_wm", elapsed time 0.333873s.
250329-15:17:03,545 nipype.workflow INFO:
	 [Node] Finished "t1w_wm", elapsed time 0.348933s.
250329-15:17:03,557 nipype.workflow INFO:
	 [Node] Finished "t1w_wm", elapsed time 0.34893s.
250329-15:17:03,560 nipype.workflow INFO:
	 [Node] Finished "t1w_wm", elapsed time 0.342487s.
250329-15:17:03,716 nipype.workflow INFO:
	 [Node] Setting-up "fmriprep_24_0_wf.sub_27_wf.bold_task_bird_run_2_wf.bold_confounds_wf.acc_masks" in "/work_dir/fmriprep_24_0_wf/sub_27_wf/bold_task_bird_run_2_wf/bold_confounds_wf/acc_masks".
250329-15:17:03,722 nipype.workflow INFO:
	 [Node] Finished "t1w_wm", elapsed time 0.52571s.
250329-15:17:03,733 nipype.workflow INFO:
	 [Node] Finished "t1w_wm", elapsed time 0.52404s.
250329-15:17:03,874 nipype.workflow INFO:
	 [Node] Executing "acc_masks" <fmriprep.interfaces.confounds.aCompCorMasks>
250329-15:17:05,109 nipype.workflow INFO:
	 [Node] Setting-up "fmriprep_24_0_wf.sub_27_wf.bold_task_bird_run_3_wf.bold_confounds_wf.acc_masks" in "/work_dir/fmriprep_24_0_wf/sub_27_wf/bold_task_bird_run_3_wf/bold_confounds_wf/acc_masks".
250329-15:17:05,256 nipype.workflow INFO:
	 [Node] Executing "acc_masks" <fmriprep.interfaces.confounds.aCompCorMasks>
250329-15:17:05,410 nipype.workflow INFO:
	 [Node] Setting-up "fmriprep_24_0_wf.sub_27_wf.bold_task_bird_run_1_wf.bold_fit_wf.func_fit_reports_wf.boldref_wm" in "/work_dir/fmriprep_24_0_wf/sub_27_wf/bold_task_bird_run_1_wf/bold_fit_wf/func_fit_reports_wf/boldref_wm".
250329-15:17:05,415 nipype.workflow INFO:
	 [Node] Executing "boldref_wm" <niworkflows.interfaces.fixes.FixHeaderApplyTransforms>
250329-15:17:05,418 nipype.workflow INFO:
	 [Node] Setting-up "fmriprep_24_0_wf.sub_27_wf.bold_task_bird_run_2_wf.bold_fit_wf.func_fit_reports_wf.boldref_wm" in "/work_dir/fmriprep_24_0_wf/sub_27_wf/bold_task_bird_run_2_wf/bold_fit_wf/func_fit_reports_wf/boldref_wm".
250329-15:17:05,418 nipype.workflow INFO:
	 [Node] Setting-up "fmriprep_24_0_wf.sub_27_wf.bold_task_bird_run_3_wf.bold_fit_wf.func_fit_reports_wf.boldref_wm" in "/work_dir/fmriprep_24_0_wf/sub_27_wf/bold_task_bird_run_3_wf/bold_fit_wf/func_fit_reports_wf/boldref_wm".
250329-15:17:05,422 nipype.workflow INFO:
	 [Node] Executing "boldref_wm" <niworkflows.interfaces.fixes.FixHeaderApplyTransforms>
250329-15:17:05,423 nipype.workflow INFO:
	 [Node] Executing "boldref_wm" <niworkflows.interfaces.fixes.FixHeaderApplyTransforms>
250329-15:17:05,423 nipype.workflow INFO:
	 [Node] Setting-up "fmriprep_24_0_wf.sub_27_wf.bold_task_bird_run_4_wf.bold_fit_wf.func_fit_reports_wf.boldref_wm" in "/work_dir/fmriprep_24_0_wf/sub_27_wf/bold_task_bird_run_4_wf/bold_fit_wf/func_fit_reports_wf/boldref_wm".
250329-15:17:05,424 nipype.workflow INFO:
	 [Node] Setting-up "fmriprep_24_0_wf.sub_27_wf.bold_task_bird_run_5_wf.bold_fit_wf.func_fit_reports_wf.boldref_wm" in "/work_dir/fmriprep_24_0_wf/sub_27_wf/bold_task_bird_run_5_wf/bold_fit_wf/func_fit_reports_wf/boldref_wm".
250329-15:17:05,428 nipype.workflow INFO:
	 [Node] Executing "boldref_wm" <niworkflows.interfaces.fixes.FixHeaderApplyTransforms>
250329-15:17:05,428 nipype.workflow INFO:
	 [Node] Executing "boldref_wm" <niworkflows.interfaces.fixes.FixHeaderApplyTransforms>
250329-15:17:05,424 nipype.workflow INFO:
	 [Node] Setting-up "fmriprep_24_0_wf.sub_27_wf.bold_task_bird_run_6_wf.bold_fit_wf.func_fit_reports_wf.boldref_wm" in "/work_dir/fmriprep_24_0_wf/sub_27_wf/bold_task_bird_run_6_wf/bold_fit_wf/func_fit_reports_wf/boldref_wm".
250329-15:17:05,434 nipype.workflow INFO:
	 [Node] Executing "boldref_wm" <niworkflows.interfaces.fixes.FixHeaderApplyTransforms>
250329-15:17:05,684 nipype.workflow INFO:
	 [Node] Setting-up "fmriprep_24_0_wf.sub_27_wf.bold_task_bird_run_4_wf.bold_confounds_wf.acc_masks" in "/work_dir/fmriprep_24_0_wf/sub_27_wf/bold_task_bird_run_4_wf/bold_confounds_wf/acc_masks".
250329-15:17:05,914 nipype.workflow INFO:
	 [Node] Executing "acc_masks" <fmriprep.interfaces.confounds.aCompCorMasks>
250329-15:17:06,422 nipype.workflow INFO:
	 [Node] Finished "boldref_wm", elapsed time 0.992819s.
250329-15:17:06,588 nipype.workflow INFO:
	 [Node] Finished "boldref_wm", elapsed time 1.1573229999999999s.
250329-15:17:06,616 nipype.workflow INFO:
	 [Node] Finished "boldref_wm", elapsed time 1.186784s.
250329-15:17:06,752 nipype.workflow INFO:
	 [Node] Finished "boldref_wm", elapsed time 1.329077s.
250329-15:17:06,933 nipype.workflow INFO:
	 [Node] Finished "boldref_wm", elapsed time 1.498145s.
250329-15:17:06,972 nipype.workflow INFO:
	 [Node] Finished "boldref_wm", elapsed time 1.556298s.
250329-15:17:07,403 nipype.workflow INFO:
	 [Node] Setting-up "fmriprep_24_0_wf.sub_27_wf.bold_task_bird_run_2_wf.bold_fit_wf.func_fit_reports_wf.epi_t1_report" in "/work_dir/fmriprep_24_0_wf/sub_27_wf/bold_task_bird_run_2_wf/bold_fit_wf/func_fit_reports_wf/epi_t1_report".
250329-15:17:07,406 nipype.workflow INFO:
	 [Node] Setting-up "fmriprep_24_0_wf.sub_27_wf.bold_task_bird_run_3_wf.bold_fit_wf.func_fit_reports_wf.epi_t1_report" in "/work_dir/fmriprep_24_0_wf/sub_27_wf/bold_task_bird_run_3_wf/bold_fit_wf/func_fit_reports_wf/epi_t1_report".
250329-15:17:07,406 nipype.workflow INFO:
	 [Node] Setting-up "fmriprep_24_0_wf.sub_27_wf.bold_task_bird_run_6_wf.bold_fit_wf.func_fit_reports_wf.epi_t1_report" in "/work_dir/fmriprep_24_0_wf/sub_27_wf/bold_task_bird_run_6_wf/bold_fit_wf/func_fit_reports_wf/epi_t1_report".
250329-15:17:07,410 nipype.workflow INFO:
	 [Node] Executing "epi_t1_report" <nireports.interfaces.reporting.base.SimpleBeforeAfterRPT>
250329-15:17:07,410 nipype.workflow INFO:
	 [Node] Executing "epi_t1_report" <nireports.interfaces.reporting.base.SimpleBeforeAfterRPT>
250329-15:17:07,410 nipype.interface INFO:
	 Report - setting before (/output/sub-27/func/sub-27_task-bird_run-6_desc-coreg_boldref.nii.gz) and after (/work_dir/fmriprep_24_0_wf/sub_27_wf/bold_task_bird_run_6_wf/bold_fit_wf/func_fit_reports_wf/t1w_boldref/sub-27_desc-preproc_T1w_trans.nii.gz) images
250329-15:17:07,410 nipype.interface INFO:
	 Generating visual report
250329-15:17:07,412 nipype.workflow INFO:
	 [Node] Executing "epi_t1_report" <nireports.interfaces.reporting.base.SimpleBeforeAfterRPT>
250329-15:17:07,412 nipype.interface INFO:
	 Report - setting before (/output/sub-27/func/sub-27_task-bird_run-3_desc-coreg_boldref.nii.gz) and after (/work_dir/fmriprep_24_0_wf/sub_27_wf/bold_task_bird_run_3_wf/bold_fit_wf/func_fit_reports_wf/t1w_boldref/sub-27_desc-preproc_T1w_trans.nii.gz) images
250329-15:17:07,412 nipype.interface INFO:
	 Generating visual report
250329-15:17:07,417 nipype.interface INFO:
	 Report - setting before (/output/sub-27/func/sub-27_task-bird_run-2_desc-coreg_boldref.nii.gz) and after (/work_dir/fmriprep_24_0_wf/sub_27_wf/bold_task_bird_run_2_wf/bold_fit_wf/func_fit_reports_wf/t1w_boldref/sub-27_desc-preproc_T1w_trans.nii.gz) images
250329-15:17:07,417 nipype.interface INFO:
	 Generating visual report
250329-15:17:08,246 nipype.workflow INFO:
	 [Node] Setting-up "fmriprep_24_0_wf.sub_27_wf.bold_task_bird_run_5_wf.bold_fit_wf.func_fit_reports_wf.epi_t1_report" in "/work_dir/fmriprep_24_0_wf/sub_27_wf/bold_task_bird_run_5_wf/bold_fit_wf/func_fit_reports_wf/epi_t1_report".
250329-15:17:08,249 nipype.workflow INFO:
	 [Node] Executing "epi_t1_report" <nireports.interfaces.reporting.base.SimpleBeforeAfterRPT>
250329-15:17:08,250 nipype.interface INFO:
	 Report - setting before (/output/sub-27/func/sub-27_task-bird_run-5_desc-coreg_boldref.nii.gz) and after (/work_dir/fmriprep_24_0_wf/sub_27_wf/bold_task_bird_run_5_wf/bold_fit_wf/func_fit_reports_wf/t1w_boldref/sub-27_desc-preproc_T1w_trans.nii.gz) images
250329-15:17:08,250 nipype.interface INFO:
	 Generating visual report
250329-15:17:11,119 nipype.workflow INFO:
	 [Node] Setting-up "fmriprep_24_0_wf.sub_27_wf.bold_task_bird_run_1_wf.bold_fit_wf.func_fit_reports_wf.epi_t1_report" in "/work_dir/fmriprep_24_0_wf/sub_27_wf/bold_task_bird_run_1_wf/bold_fit_wf/func_fit_reports_wf/epi_t1_report".
250329-15:17:11,123 nipype.workflow INFO:
	 [Node] Executing "epi_t1_report" <nireports.interfaces.reporting.base.SimpleBeforeAfterRPT>
250329-15:17:11,124 nipype.interface INFO:
	 Report - setting before (/output/sub-27/func/sub-27_task-bird_run-1_desc-coreg_boldref.nii.gz) and after (/work_dir/fmriprep_24_0_wf/sub_27_wf/bold_task_bird_run_1_wf/bold_fit_wf/func_fit_reports_wf/t1w_boldref/sub-27_desc-preproc_T1w_trans.nii.gz) images
250329-15:17:11,124 nipype.interface INFO:
	 Generating visual report
250329-15:17:12,5 nipype.workflow INFO:
	 [Node] Setting-up "fmriprep_24_0_wf.sub_27_wf.bold_task_bird_run_4_wf.bold_fit_wf.func_fit_reports_wf.epi_t1_report" in "/work_dir/fmriprep_24_0_wf/sub_27_wf/bold_task_bird_run_4_wf/bold_fit_wf/func_fit_reports_wf/epi_t1_report".
250329-15:17:12,9 nipype.workflow INFO:
	 [Node] Executing "epi_t1_report" <nireports.interfaces.reporting.base.SimpleBeforeAfterRPT>
250329-15:17:12,9 nipype.interface INFO:
	 Report - setting before (/output/sub-27/func/sub-27_task-bird_run-4_desc-coreg_boldref.nii.gz) and after (/work_dir/fmriprep_24_0_wf/sub_27_wf/bold_task_bird_run_4_wf/bold_fit_wf/func_fit_reports_wf/t1w_boldref/sub-27_desc-preproc_T1w_trans.nii.gz) images
250329-15:17:12,10 nipype.interface INFO:
	 Generating visual report
250329-15:17:13,777 nipype.workflow INFO:
	 [Node] Finished "acc_masks", elapsed time 10.424382s.
250329-15:17:13,934 nipype.workflow INFO:
	 [Node] Finished "acc_masks", elapsed time 10.509028s.
250329-15:17:16,210 nipype.workflow INFO:
	 [Node] Finished "acc_masks", elapsed time 12.850008s.
250329-15:17:17,161 nipype.workflow INFO:
	 [Node] Finished "acc_masks", elapsed time 11.904876s.
250329-15:17:17,290 nipype.workflow INFO:
	 [Node] Setting-up "_acc_msk_tfm0" in "/work_dir/fmriprep_24_0_wf/sub_27_wf/bold_task_bird_run_1_wf/bold_confounds_wf/acc_msk_tfm/mapflow/_acc_msk_tfm0".
250329-15:17:17,293 nipype.workflow INFO:
	 [Node] Executing "_acc_msk_tfm0" <niworkflows.interfaces.fixes.FixHeaderApplyTransforms>
250329-15:17:17,296 nipype.workflow INFO:
	 [Node] Setting-up "_acc_msk_tfm1" in "/work_dir/fmriprep_24_0_wf/sub_27_wf/bold_task_bird_run_1_wf/bold_confounds_wf/acc_msk_tfm/mapflow/_acc_msk_tfm1".
250329-15:17:17,298 nipype.workflow INFO:
	 [Node] Executing "_acc_msk_tfm1" <niworkflows.interfaces.fixes.FixHeaderApplyTransforms>
250329-15:17:17,301 nipype.workflow INFO:
	 [Node] Setting-up "_acc_msk_tfm2" in "/work_dir/fmriprep_24_0_wf/sub_27_wf/bold_task_bird_run_1_wf/bold_confounds_wf/acc_msk_tfm/mapflow/_acc_msk_tfm2".
250329-15:17:17,304 nipype.workflow INFO:
	 [Node] Executing "_acc_msk_tfm2" <niworkflows.interfaces.fixes.FixHeaderApplyTransforms>
250329-15:17:17,307 nipype.workflow INFO:
	 [Node] Setting-up "_acc_msk_tfm0" in "/work_dir/fmriprep_24_0_wf/sub_27_wf/bold_task_bird_run_5_wf/bold_confounds_wf/acc_msk_tfm/mapflow/_acc_msk_tfm0".
250329-15:17:17,309 nipype.workflow INFO:
	 [Node] Executing "_acc_msk_tfm0" <niworkflows.interfaces.fixes.FixHeaderApplyTransforms>
250329-15:17:17,312 nipype.workflow INFO:
	 [Node] Setting-up "_acc_msk_tfm1" in "/work_dir/fmriprep_24_0_wf/sub_27_wf/bold_task_bird_run_5_wf/bold_confounds_wf/acc_msk_tfm/mapflow/_acc_msk_tfm1".
250329-15:17:17,315 nipype.workflow INFO:
	 [Node] Executing "_acc_msk_tfm1" <niworkflows.interfaces.fixes.FixHeaderApplyTransforms>
250329-15:17:17,318 nipype.workflow INFO:
	 [Node] Setting-up "_acc_msk_tfm2" in "/work_dir/fmriprep_24_0_wf/sub_27_wf/bold_task_bird_run_5_wf/bold_confounds_wf/acc_msk_tfm/mapflow/_acc_msk_tfm2".
250329-15:17:17,320 nipype.workflow INFO:
	 [Node] Executing "_acc_msk_tfm2" <niworkflows.interfaces.fixes.FixHeaderApplyTransforms>
250329-15:17:17,755 nipype.workflow INFO:
	 [Node] Finished "acc_masks", elapsed time 11.839835s.
250329-15:17:19,703 nipype.workflow INFO:
	 [Node] Setting-up "_acc_msk_tfm0" in "/work_dir/fmriprep_24_0_wf/sub_27_wf/bold_task_bird_run_6_wf/bold_confounds_wf/acc_msk_tfm/mapflow/_acc_msk_tfm0".
250329-15:17:19,706 nipype.workflow INFO:
	 [Node] Executing "_acc_msk_tfm0" <niworkflows.interfaces.fixes.FixHeaderApplyTransforms>
250329-15:17:19,711 nipype.workflow INFO:
	 [Node] Setting-up "_acc_msk_tfm1" in "/work_dir/fmriprep_24_0_wf/sub_27_wf/bold_task_bird_run_6_wf/bold_confounds_wf/acc_msk_tfm/mapflow/_acc_msk_tfm1".
250329-15:17:19,714 nipype.workflow INFO:
	 [Node] Executing "_acc_msk_tfm1" <niworkflows.interfaces.fixes.FixHeaderApplyTransforms>
250329-15:17:19,717 nipype.workflow INFO:
	 [Node] Setting-up "_acc_msk_tfm2" in "/work_dir/fmriprep_24_0_wf/sub_27_wf/bold_task_bird_run_6_wf/bold_confounds_wf/acc_msk_tfm/mapflow/_acc_msk_tfm2".
250329-15:17:19,719 nipype.workflow INFO:
	 [Node] Executing "_acc_msk_tfm2" <niworkflows.interfaces.fixes.FixHeaderApplyTransforms>
250329-15:17:20,111 nipype.workflow INFO:
	 [Node] Finished "acc_masks", elapsed time 16.235848s.
250329-15:17:21,706 nipype.workflow INFO:
	 [Node] Finished "_acc_msk_tfm0", elapsed time 4.41273s.
250329-15:17:21,864 nipype.workflow INFO:
	 [Node] Finished "_acc_msk_tfm2", elapsed time 4.559024s.
250329-15:17:22,32 nipype.workflow INFO:
	 [Node] Setting-up "_acc_msk_tfm0" in "/work_dir/fmriprep_24_0_wf/sub_27_wf/bold_task_bird_run_3_wf/bold_confounds_wf/acc_msk_tfm/mapflow/_acc_msk_tfm0".
250329-15:17:22,35 nipype.workflow INFO:
	 [Node] Executing "_acc_msk_tfm0" <niworkflows.interfaces.fixes.FixHeaderApplyTransforms>
250329-15:17:22,42 nipype.workflow INFO:
	 [Node] Finished "_acc_msk_tfm0", elapsed time 4.731797s.
250329-15:17:22,45 nipype.workflow INFO:
	 [Node] Setting-up "_acc_msk_tfm1" in "/work_dir/fmriprep_24_0_wf/sub_27_wf/bold_task_bird_run_3_wf/bold_confounds_wf/acc_msk_tfm/mapflow/_acc_msk_tfm1".
250329-15:17:22,46 nipype.workflow INFO:
	 [Node] Setting-up "_acc_msk_tfm2" in "/work_dir/fmriprep_24_0_wf/sub_27_wf/bold_task_bird_run_3_wf/bold_confounds_wf/acc_msk_tfm/mapflow/_acc_msk_tfm2".
250329-15:17:22,47 nipype.workflow INFO:
	 [Node] Executing "_acc_msk_tfm1" <niworkflows.interfaces.fixes.FixHeaderApplyTransforms>
250329-15:17:22,48 nipype.workflow INFO:
	 [Node] Executing "_acc_msk_tfm2" <niworkflows.interfaces.fixes.FixHeaderApplyTransforms>
250329-15:17:22,50 nipype.workflow INFO:
	 [Node] Setting-up "_acc_msk_tfm0" in "/work_dir/fmriprep_24_0_wf/sub_27_wf/bold_task_bird_run_4_wf/bold_confounds_wf/acc_msk_tfm/mapflow/_acc_msk_tfm0".
250329-15:17:22,53 nipype.workflow INFO:
	 [Node] Executing "_acc_msk_tfm0" <niworkflows.interfaces.fixes.FixHeaderApplyTransforms>
250329-15:17:22,56 nipype.workflow INFO:
	 [Node] Setting-up "_acc_msk_tfm1" in "/work_dir/fmriprep_24_0_wf/sub_27_wf/bold_task_bird_run_4_wf/bold_confounds_wf/acc_msk_tfm/mapflow/_acc_msk_tfm1".
250329-15:17:22,58 nipype.workflow INFO:
	 [Node] Executing "_acc_msk_tfm1" <niworkflows.interfaces.fixes.FixHeaderApplyTransforms>
250329-15:17:22,61 nipype.workflow INFO:
	 [Node] Setting-up "_acc_msk_tfm2" in "/work_dir/fmriprep_24_0_wf/sub_27_wf/bold_task_bird_run_4_wf/bold_confounds_wf/acc_msk_tfm/mapflow/_acc_msk_tfm2".
250329-15:17:22,63 nipype.workflow INFO:
	 [Node] Executing "_acc_msk_tfm2" <niworkflows.interfaces.fixes.FixHeaderApplyTransforms>
250329-15:17:22,203 nipype.workflow INFO:
	 [Node] Finished "_acc_msk_tfm2", elapsed time 4.882306s.
250329-15:17:22,692 nipype.workflow INFO:
	 [Node] Finished "_acc_msk_tfm1", elapsed time 5.392535s.
250329-15:17:23,331 nipype.workflow INFO:
	 [Node] Finished "_acc_msk_tfm1", elapsed time 6.016056s.
250329-15:17:23,734 nipype.workflow INFO:
	 [Node] Finished "_acc_msk_tfm2", elapsed time 4.014615s.
250329-15:17:23,947 nipype.workflow INFO:
	 [Node] Setting-up "_acc_msk_tfm0" in "/work_dir/fmriprep_24_0_wf/sub_27_wf/bold_task_bird_run_1_wf/bold_confounds_wf/acc_msk_tfm/mapflow/_acc_msk_tfm0".
250329-15:17:23,948 nipype.workflow INFO:
	 [Node] Cached "_acc_msk_tfm0" - collecting precomputed outputs
250329-15:17:23,948 nipype.workflow INFO:
	 [Node] "_acc_msk_tfm0" found cached.
250329-15:17:23,950 nipype.workflow INFO:
	 [Node] Setting-up "_acc_msk_tfm1" in "/work_dir/fmriprep_24_0_wf/sub_27_wf/bold_task_bird_run_1_wf/bold_confounds_wf/acc_msk_tfm/mapflow/_acc_msk_tfm1".
250329-15:17:23,951 nipype.workflow INFO:
	 [Node] Cached "_acc_msk_tfm1" - collecting precomputed outputs
250329-15:17:23,951 nipype.workflow INFO:
	 [Node] "_acc_msk_tfm1" found cached.
250329-15:17:23,952 nipype.workflow INFO:
	 [Node] Setting-up "_acc_msk_tfm2" in "/work_dir/fmriprep_24_0_wf/sub_27_wf/bold_task_bird_run_1_wf/bold_confounds_wf/acc_msk_tfm/mapflow/_acc_msk_tfm2".
250329-15:17:23,959 nipype.workflow INFO:
	 [Node] Setting-up "_acc_msk_tfm0" in "/work_dir/fmriprep_24_0_wf/sub_27_wf/bold_task_bird_run_2_wf/bold_confounds_wf/acc_msk_tfm/mapflow/_acc_msk_tfm0".
250329-15:17:23,959 nipype.workflow INFO:
	 [Node] Cached "_acc_msk_tfm2" - collecting precomputed outputs
250329-15:17:23,959 nipype.workflow INFO:
	 [Node] "_acc_msk_tfm2" found cached.
250329-15:17:23,960 nipype.workflow INFO:
	 [Node] Setting-up "_acc_msk_tfm1" in "/work_dir/fmriprep_24_0_wf/sub_27_wf/bold_task_bird_run_2_wf/bold_confounds_wf/acc_msk_tfm/mapflow/_acc_msk_tfm1".
250329-15:17:23,961 nipype.workflow INFO:
	 [Node] Setting-up "_acc_msk_tfm2" in "/work_dir/fmriprep_24_0_wf/sub_27_wf/bold_task_bird_run_2_wf/bold_confounds_wf/acc_msk_tfm/mapflow/_acc_msk_tfm2".
250329-15:17:23,963 nipype.workflow INFO:
	 [Node] Executing "_acc_msk_tfm0" <niworkflows.interfaces.fixes.FixHeaderApplyTransforms>
250329-15:17:23,963 nipype.workflow INFO:
	 [Node] Executing "_acc_msk_tfm2" <niworkflows.interfaces.fixes.FixHeaderApplyTransforms>
250329-15:17:23,966 nipype.workflow INFO:
	 [Node] Executing "_acc_msk_tfm1" <niworkflows.interfaces.fixes.FixHeaderApplyTransforms>
250329-15:17:24,758 nipype.workflow INFO:
	 [Node] Finished "_acc_msk_tfm1", elapsed time 5.043357s.
250329-15:17:25,906 nipype.workflow INFO:
	 [Node] Setting-up "_acc_msk_tfm0" in "/work_dir/fmriprep_24_0_wf/sub_27_wf/bold_task_bird_run_5_wf/bold_confounds_wf/acc_msk_tfm/mapflow/_acc_msk_tfm0".
250329-15:17:25,907 nipype.workflow INFO:
	 [Node] Cached "_acc_msk_tfm0" - collecting precomputed outputs
250329-15:17:25,907 nipype.workflow INFO:
	 [Node] "_acc_msk_tfm0" found cached.
250329-15:17:25,909 nipype.workflow INFO:
	 [Node] Setting-up "_acc_msk_tfm1" in "/work_dir/fmriprep_24_0_wf/sub_27_wf/bold_task_bird_run_5_wf/bold_confounds_wf/acc_msk_tfm/mapflow/_acc_msk_tfm1".
250329-15:17:25,910 nipype.workflow INFO:
	 [Node] Cached "_acc_msk_tfm1" - collecting precomputed outputs
250329-15:17:25,910 nipype.workflow INFO:
	 [Node] "_acc_msk_tfm1" found cached.
250329-15:17:25,922 nipype.workflow INFO:
	 [Node] Setting-up "_acc_msk_tfm2" in "/work_dir/fmriprep_24_0_wf/sub_27_wf/bold_task_bird_run_5_wf/bold_confounds_wf/acc_msk_tfm/mapflow/_acc_msk_tfm2".
250329-15:17:25,923 nipype.workflow INFO:
	 [Node] Cached "_acc_msk_tfm2" - collecting precomputed outputs
250329-15:17:25,923 nipype.workflow INFO:
	 [Node] "_acc_msk_tfm2" found cached.
250329-15:17:26,39 nipype.workflow INFO:
	 [Node] Finished "_acc_msk_tfm2", elapsed time 3.9904830000000002s.
250329-15:17:26,439 nipype.workflow INFO:
	 [Node] Finished "_acc_msk_tfm1", elapsed time 4.390454s.
250329-15:17:26,895 nipype.workflow INFO:
	 [Node] Finished "_acc_msk_tfm0", elapsed time 7.188667s.
250329-15:17:27,286 nipype.workflow INFO:
	 [Node] Finished "_acc_msk_tfm0", elapsed time 5.232605s.
250329-15:17:27,485 nipype.workflow INFO:
	 [Node] Finished "_acc_msk_tfm1", elapsed time 3.518299s.
250329-15:17:27,561 nipype.workflow INFO:
	 [Node] Setting-up "_acc_msk_tfm0" in "/work_dir/fmriprep_24_0_wf/sub_27_wf/bold_task_bird_run_6_wf/bold_confounds_wf/acc_msk_tfm/mapflow/_acc_msk_tfm0".
250329-15:17:27,562 nipype.workflow INFO:
	 [Node] Cached "_acc_msk_tfm0" - collecting precomputed outputs
250329-15:17:27,562 nipype.workflow INFO:
	 [Node] "_acc_msk_tfm0" found cached.
250329-15:17:27,563 nipype.workflow INFO:
	 [Node] Setting-up "_acc_msk_tfm1" in "/work_dir/fmriprep_24_0_wf/sub_27_wf/bold_task_bird_run_6_wf/bold_confounds_wf/acc_msk_tfm/mapflow/_acc_msk_tfm1".
250329-15:17:27,564 nipype.workflow INFO:
	 [Node] Cached "_acc_msk_tfm1" - collecting precomputed outputs
250329-15:17:27,565 nipype.workflow INFO:
	 [Node] "_acc_msk_tfm1" found cached.
250329-15:17:27,566 nipype.workflow INFO:
	 [Node] Setting-up "_acc_msk_tfm2" in "/work_dir/fmriprep_24_0_wf/sub_27_wf/bold_task_bird_run_6_wf/bold_confounds_wf/acc_msk_tfm/mapflow/_acc_msk_tfm2".
250329-15:17:27,567 nipype.workflow INFO:
	 [Node] Cached "_acc_msk_tfm2" - collecting precomputed outputs
250329-15:17:27,567 nipype.workflow INFO:
	 [Node] "_acc_msk_tfm2" found cached.
250329-15:17:27,600 nipype.workflow INFO:
	 [Node] Setting-up "_acc_msk_brain0" in "/work_dir/fmriprep_24_0_wf/sub_27_wf/bold_task_bird_run_1_wf/bold_confounds_wf/acc_msk_brain/mapflow/_acc_msk_brain0".
250329-15:17:27,602 nipype.workflow INFO:
	 [Node] Executing "_acc_msk_brain0" <niworkflows.interfaces.nibabel.ApplyMask>
250329-15:17:27,604 nipype.workflow INFO:
	 [Node] Setting-up "_acc_msk_brain1" in "/work_dir/fmriprep_24_0_wf/sub_27_wf/bold_task_bird_run_1_wf/bold_confounds_wf/acc_msk_brain/mapflow/_acc_msk_brain1".
250329-15:17:27,604 nipype.workflow INFO:
	 [Node] Setting-up "_acc_msk_brain2" in "/work_dir/fmriprep_24_0_wf/sub_27_wf/bold_task_bird_run_1_wf/bold_confounds_wf/acc_msk_brain/mapflow/_acc_msk_brain2".
250329-15:17:27,606 nipype.workflow INFO:
	 [Node] Executing "_acc_msk_brain1" <niworkflows.interfaces.nibabel.ApplyMask>
250329-15:17:27,606 nipype.workflow INFO:
	 [Node] Executing "_acc_msk_brain2" <niworkflows.interfaces.nibabel.ApplyMask>
250329-15:17:27,885 nipype.workflow INFO:
	 [Node] Finished "_acc_msk_brain2", elapsed time 0.278662s.
250329-15:17:27,983 nipype.workflow INFO:
	 [Node] Finished "_acc_msk_brain1", elapsed time 0.376013s.
250329-15:17:28,52 nipype.workflow INFO:
	 [Node] Finished "_acc_msk_brain0", elapsed time 0.449879s.
250329-15:17:28,58 nipype.workflow INFO:
	 [Node] Finished "_acc_msk_tfm0", elapsed time 6.022446s.
250329-15:17:28,65 nipype.workflow INFO:
	 [Node] Finished "_acc_msk_tfm0", elapsed time 4.101776s.
250329-15:17:28,139 nipype.workflow INFO:
	 [Node] Finished "_acc_msk_tfm2", elapsed time 6.074815s.
250329-15:17:28,244 nipype.workflow INFO:
	 [Node] Finished "_acc_msk_tfm1", elapsed time 6.18572s.
250329-15:17:28,445 nipype.workflow INFO:
	 [Node] Finished "_acc_msk_tfm2", elapsed time 4.481008s.
250329-15:17:29,353 nipype.workflow INFO:
	 [Node] Setting-up "_acc_msk_tfm0" in "/work_dir/fmriprep_24_0_wf/sub_27_wf/bold_task_bird_run_2_wf/bold_confounds_wf/acc_msk_tfm/mapflow/_acc_msk_tfm0".
250329-15:17:29,355 nipype.workflow INFO:
	 [Node] Cached "_acc_msk_tfm0" - collecting precomputed outputs
250329-15:17:29,355 nipype.workflow INFO:
	 [Node] "_acc_msk_tfm0" found cached.
250329-15:17:29,356 nipype.workflow INFO:
	 [Node] Setting-up "_acc_msk_tfm1" in "/work_dir/fmriprep_24_0_wf/sub_27_wf/bold_task_bird_run_2_wf/bold_confounds_wf/acc_msk_tfm/mapflow/_acc_msk_tfm1".
250329-15:17:29,357 nipype.workflow INFO:
	 [Node] Cached "_acc_msk_tfm1" - collecting precomputed outputs
250329-15:17:29,357 nipype.workflow INFO:
	 [Node] "_acc_msk_tfm1" found cached.
250329-15:17:29,358 nipype.workflow INFO:
	 [Node] Setting-up "_acc_msk_tfm2" in "/work_dir/fmriprep_24_0_wf/sub_27_wf/bold_task_bird_run_2_wf/bold_confounds_wf/acc_msk_tfm/mapflow/_acc_msk_tfm2".
250329-15:17:29,359 nipype.workflow INFO:
	 [Node] Cached "_acc_msk_tfm2" - collecting precomputed outputs
250329-15:17:29,360 nipype.workflow INFO:
	 [Node] "_acc_msk_tfm2" found cached.
250329-15:17:29,370 nipype.workflow INFO:
	 [Node] Setting-up "_acc_msk_tfm0" in "/work_dir/fmriprep_24_0_wf/sub_27_wf/bold_task_bird_run_3_wf/bold_confounds_wf/acc_msk_tfm/mapflow/_acc_msk_tfm0".
250329-15:17:29,371 nipype.workflow INFO:
	 [Node] Cached "_acc_msk_tfm0" - collecting precomputed outputs
250329-15:17:29,371 nipype.workflow INFO:
	 [Node] "_acc_msk_tfm0" found cached.
250329-15:17:29,371 nipype.workflow INFO:
	 [Node] Setting-up "_acc_msk_brain0" in "/work_dir/fmriprep_24_0_wf/sub_27_wf/bold_task_bird_run_1_wf/bold_confounds_wf/acc_msk_brain/mapflow/_acc_msk_brain0".
250329-15:17:29,372 nipype.workflow INFO:
	 [Node] Cached "_acc_msk_brain0" - collecting precomputed outputs
250329-15:17:29,372 nipype.workflow INFO:
	 [Node] "_acc_msk_brain0" found cached.
250329-15:17:29,372 nipype.workflow INFO:
	 [Node] Setting-up "_acc_msk_tfm1" in "/work_dir/fmriprep_24_0_wf/sub_27_wf/bold_task_bird_run_3_wf/bold_confounds_wf/acc_msk_tfm/mapflow/_acc_msk_tfm1".
250329-15:17:29,373 nipype.workflow INFO:
	 [Node] Setting-up "_acc_msk_brain1" in "/work_dir/fmriprep_24_0_wf/sub_27_wf/bold_task_bird_run_1_wf/bold_confounds_wf/acc_msk_brain/mapflow/_acc_msk_brain1".
250329-15:17:29,373 nipype.workflow INFO:
	 [Node] Cached "_acc_msk_tfm1" - collecting precomputed outputs
250329-15:17:29,373 nipype.workflow INFO:
	 [Node] "_acc_msk_tfm1" found cached.
250329-15:17:29,374 nipype.workflow INFO:
	 [Node] Cached "_acc_msk_brain1" - collecting precomputed outputs
250329-15:17:29,374 nipype.workflow INFO:
	 [Node] "_acc_msk_brain1" found cached.
250329-15:17:29,374 nipype.workflow INFO:
	 [Node] Setting-up "_acc_msk_brain2" in "/work_dir/fmriprep_24_0_wf/sub_27_wf/bold_task_bird_run_1_wf/bold_confounds_wf/acc_msk_brain/mapflow/_acc_msk_brain2".
250329-15:17:29,375 nipype.workflow INFO:
	 [Node] Setting-up "_acc_msk_tfm2" in "/work_dir/fmriprep_24_0_wf/sub_27_wf/bold_task_bird_run_3_wf/bold_confounds_wf/acc_msk_tfm/mapflow/_acc_msk_tfm2".
250329-15:17:29,375 nipype.workflow INFO:
	 [Node] Cached "_acc_msk_brain2" - collecting precomputed outputs
250329-15:17:29,375 nipype.workflow INFO:
	 [Node] "_acc_msk_brain2" found cached.
250329-15:17:29,376 nipype.workflow INFO:
	 [Node] Cached "_acc_msk_tfm2" - collecting precomputed outputs
250329-15:17:29,376 nipype.workflow INFO:
	 [Node] "_acc_msk_tfm2" found cached.
250329-15:17:29,378 nipype.workflow INFO:
	 [Node] Setting-up "_acc_msk_tfm0" in "/work_dir/fmriprep_24_0_wf/sub_27_wf/bold_task_bird_run_4_wf/bold_confounds_wf/acc_msk_tfm/mapflow/_acc_msk_tfm0".
250329-15:17:29,379 nipype.workflow INFO:
	 [Node] Setting-up "_acc_msk_brain0" in "/work_dir/fmriprep_24_0_wf/sub_27_wf/bold_task_bird_run_5_wf/bold_confounds_wf/acc_msk_brain/mapflow/_acc_msk_brain0".
250329-15:17:29,380 nipype.workflow INFO:
	 [Node] Cached "_acc_msk_tfm0" - collecting precomputed outputs
250329-15:17:29,380 nipype.workflow INFO:
	 [Node] "_acc_msk_tfm0" found cached.
250329-15:17:29,381 nipype.workflow INFO:
	 [Node] Executing "_acc_msk_brain0" <niworkflows.interfaces.nibabel.ApplyMask>
250329-15:17:29,381 nipype.workflow INFO:
	 [Node] Setting-up "_acc_msk_tfm1" in "/work_dir/fmriprep_24_0_wf/sub_27_wf/bold_task_bird_run_4_wf/bold_confounds_wf/acc_msk_tfm/mapflow/_acc_msk_tfm1".
250329-15:17:29,382 nipype.workflow INFO:
	 [Node] Cached "_acc_msk_tfm1" - collecting precomputed outputs
250329-15:17:29,382 nipype.workflow INFO:
	 [Node] "_acc_msk_tfm1" found cached.
250329-15:17:29,383 nipype.workflow INFO:
	 [Node] Setting-up "_acc_msk_tfm2" in "/work_dir/fmriprep_24_0_wf/sub_27_wf/bold_task_bird_run_4_wf/bold_confounds_wf/acc_msk_tfm/mapflow/_acc_msk_tfm2".
250329-15:17:29,384 nipype.workflow INFO:
	 [Node] Cached "_acc_msk_tfm2" - collecting precomputed outputs
250329-15:17:29,385 nipype.workflow INFO:
	 [Node] "_acc_msk_tfm2" found cached.
250329-15:17:29,393 nipype.workflow INFO:
	 [Node] Setting-up "_acc_msk_brain1" in "/work_dir/fmriprep_24_0_wf/sub_27_wf/bold_task_bird_run_5_wf/bold_confounds_wf/acc_msk_brain/mapflow/_acc_msk_brain1".
250329-15:17:29,395 nipype.workflow INFO:
	 [Node] Executing "_acc_msk_brain1" <niworkflows.interfaces.nibabel.ApplyMask>
250329-15:17:29,402 nipype.workflow INFO:
	 [Node] Setting-up "_acc_msk_brain2" in "/work_dir/fmriprep_24_0_wf/sub_27_wf/bold_task_bird_run_5_wf/bold_confounds_wf/acc_msk_brain/mapflow/_acc_msk_brain2".
250329-15:17:29,404 nipype.workflow INFO:
	 [Node] Executing "_acc_msk_brain2" <niworkflows.interfaces.nibabel.ApplyMask>
250329-15:17:29,648 nipype.workflow INFO:
	 [Node] Finished "_acc_msk_brain1", elapsed time 0.251951s.
250329-15:17:29,726 nipype.workflow INFO:
	 [Node] Finished "_acc_msk_brain0", elapsed time 0.344157s.
250329-15:17:29,802 nipype.workflow INFO:
	 [Node] Finished "_acc_msk_brain2", elapsed time 0.396893s.
250329-15:17:31,497 nipype.workflow INFO:
	 [Node] Setting-up "_acc_msk_brain0" in "/work_dir/fmriprep_24_0_wf/sub_27_wf/bold_task_bird_run_5_wf/bold_confounds_wf/acc_msk_brain/mapflow/_acc_msk_brain0".
250329-15:17:31,498 nipype.workflow INFO:
	 [Node] Cached "_acc_msk_brain0" - collecting precomputed outputs
250329-15:17:31,498 nipype.workflow INFO:
	 [Node] "_acc_msk_brain0" found cached.
250329-15:17:31,498 nipype.workflow INFO:
	 [Node] Setting-up "_acc_msk_brain1" in "/work_dir/fmriprep_24_0_wf/sub_27_wf/bold_task_bird_run_5_wf/bold_confounds_wf/acc_msk_brain/mapflow/_acc_msk_brain1".
250329-15:17:31,499 nipype.workflow INFO:
	 [Node] Cached "_acc_msk_brain1" - collecting precomputed outputs
250329-15:17:31,499 nipype.workflow INFO:
	 [Node] "_acc_msk_brain1" found cached.
250329-15:17:31,500 nipype.workflow INFO:
	 [Node] Setting-up "_acc_msk_brain2" in "/work_dir/fmriprep_24_0_wf/sub_27_wf/bold_task_bird_run_5_wf/bold_confounds_wf/acc_msk_brain/mapflow/_acc_msk_brain2".
250329-15:17:31,501 nipype.workflow INFO:
	 [Node] Cached "_acc_msk_brain2" - collecting precomputed outputs
250329-15:17:31,501 nipype.workflow INFO:
	 [Node] "_acc_msk_brain2" found cached.
250329-15:17:31,507 nipype.workflow INFO:
	 [Node] Setting-up "_acc_msk_brain0" in "/work_dir/fmriprep_24_0_wf/sub_27_wf/bold_task_bird_run_6_wf/bold_confounds_wf/acc_msk_brain/mapflow/_acc_msk_brain0".
250329-15:17:31,509 nipype.workflow INFO:
	 [Node] Executing "_acc_msk_brain0" <niworkflows.interfaces.nibabel.ApplyMask>
250329-15:17:31,520 nipype.workflow INFO:
	 [Node] Setting-up "_acc_msk_brain1" in "/work_dir/fmriprep_24_0_wf/sub_27_wf/bold_task_bird_run_6_wf/bold_confounds_wf/acc_msk_brain/mapflow/_acc_msk_brain1".
250329-15:17:31,522 nipype.workflow INFO:
	 [Node] Executing "_acc_msk_brain1" <niworkflows.interfaces.nibabel.ApplyMask>
250329-15:17:31,527 nipype.workflow INFO:
	 [Node] Setting-up "_acc_msk_brain2" in "/work_dir/fmriprep_24_0_wf/sub_27_wf/bold_task_bird_run_6_wf/bold_confounds_wf/acc_msk_brain/mapflow/_acc_msk_brain2".
250329-15:17:31,529 nipype.workflow INFO:
	 [Node] Executing "_acc_msk_brain2" <niworkflows.interfaces.nibabel.ApplyMask>
250329-15:17:31,742 nipype.workflow INFO:
	 [Node] Finished "_acc_msk_brain0", elapsed time 0.232635s.
250329-15:17:31,881 nipype.workflow INFO:
	 [Node] Finished "_acc_msk_brain2", elapsed time 0.351028s.
250329-15:17:31,883 nipype.workflow INFO:
	 [Node] Finished "_acc_msk_brain1", elapsed time 0.360189s.
250329-15:17:33,478 nipype.workflow INFO:
	 [Node] Setting-up "_acc_msk_brain0" in "/work_dir/fmriprep_24_0_wf/sub_27_wf/bold_task_bird_run_6_wf/bold_confounds_wf/acc_msk_brain/mapflow/_acc_msk_brain0".
250329-15:17:33,479 nipype.workflow INFO:
	 [Node] Cached "_acc_msk_brain0" - collecting precomputed outputs
250329-15:17:33,480 nipype.workflow INFO:
	 [Node] "_acc_msk_brain0" found cached.
250329-15:17:33,480 nipype.workflow INFO:
	 [Node] Setting-up "_acc_msk_brain1" in "/work_dir/fmriprep_24_0_wf/sub_27_wf/bold_task_bird_run_6_wf/bold_confounds_wf/acc_msk_brain/mapflow/_acc_msk_brain1".
250329-15:17:33,481 nipype.workflow INFO:
	 [Node] Cached "_acc_msk_brain1" - collecting precomputed outputs
250329-15:17:33,481 nipype.workflow INFO:
	 [Node] "_acc_msk_brain1" found cached.
250329-15:17:33,482 nipype.workflow INFO:
	 [Node] Setting-up "_acc_msk_brain2" in "/work_dir/fmriprep_24_0_wf/sub_27_wf/bold_task_bird_run_6_wf/bold_confounds_wf/acc_msk_brain/mapflow/_acc_msk_brain2".
250329-15:17:33,483 nipype.workflow INFO:
	 [Node] Cached "_acc_msk_brain2" - collecting precomputed outputs
250329-15:17:33,483 nipype.workflow INFO:
	 [Node] "_acc_msk_brain2" found cached.
250329-15:17:33,496 nipype.workflow INFO:
	 [Node] Setting-up "_acc_msk_brain0" in "/work_dir/fmriprep_24_0_wf/sub_27_wf/bold_task_bird_run_2_wf/bold_confounds_wf/acc_msk_brain/mapflow/_acc_msk_brain0".
250329-15:17:33,498 nipype.workflow INFO:
	 [Node] Executing "_acc_msk_brain0" <niworkflows.interfaces.nibabel.ApplyMask>
250329-15:17:33,509 nipype.workflow INFO:
	 [Node] Setting-up "_acc_msk_brain1" in "/work_dir/fmriprep_24_0_wf/sub_27_wf/bold_task_bird_run_2_wf/bold_confounds_wf/acc_msk_brain/mapflow/_acc_msk_brain1".
250329-15:17:33,510 nipype.workflow INFO:
	 [Node] Setting-up "_acc_msk_brain2" in "/work_dir/fmriprep_24_0_wf/sub_27_wf/bold_task_bird_run_2_wf/bold_confounds_wf/acc_msk_brain/mapflow/_acc_msk_brain2".
250329-15:17:33,511 nipype.workflow INFO:
	 [Node] Setting-up "_acc_msk_brain0" in "/work_dir/fmriprep_24_0_wf/sub_27_wf/bold_task_bird_run_3_wf/bold_confounds_wf/acc_msk_brain/mapflow/_acc_msk_brain0".
250329-15:17:33,511 nipype.workflow INFO:
	 [Node] Executing "_acc_msk_brain1" <niworkflows.interfaces.nibabel.ApplyMask>
250329-15:17:33,511 nipype.workflow INFO:
	 [Node] Setting-up "_acc_msk_brain1" in "/work_dir/fmriprep_24_0_wf/sub_27_wf/bold_task_bird_run_3_wf/bold_confounds_wf/acc_msk_brain/mapflow/_acc_msk_brain1".
250329-15:17:33,512 nipype.workflow INFO:
	 [Node] Executing "_acc_msk_brain2" <niworkflows.interfaces.nibabel.ApplyMask>
250329-15:17:33,512 nipype.workflow INFO:
	 [Node] Executing "_acc_msk_brain0" <niworkflows.interfaces.nibabel.ApplyMask>
250329-15:17:33,513 nipype.workflow INFO:
	 [Node] Executing "_acc_msk_brain1" <niworkflows.interfaces.nibabel.ApplyMask>
250329-15:17:33,516 nipype.workflow INFO:
	 [Node] Setting-up "_acc_msk_brain0" in "/work_dir/fmriprep_24_0_wf/sub_27_wf/bold_task_bird_run_4_wf/bold_confounds_wf/acc_msk_brain/mapflow/_acc_msk_brain0".
250329-15:17:33,516 nipype.workflow INFO:
	 [Node] Setting-up "_acc_msk_brain1" in "/work_dir/fmriprep_24_0_wf/sub_27_wf/bold_task_bird_run_4_wf/bold_confounds_wf/acc_msk_brain/mapflow/_acc_msk_brain1".
250329-15:17:33,516 nipype.workflow INFO:
	 [Node] Setting-up "_acc_msk_brain2" in "/work_dir/fmriprep_24_0_wf/sub_27_wf/bold_task_bird_run_4_wf/bold_confounds_wf/acc_msk_brain/mapflow/_acc_msk_brain2".
250329-15:17:33,516 nipype.workflow INFO:
	 [Node] Setting-up "_acc_msk_bin0" in "/work_dir/fmriprep_24_0_wf/sub_27_wf/bold_task_bird_run_1_wf/bold_confounds_wf/acc_msk_bin/mapflow/_acc_msk_bin0".
250329-15:17:33,517 nipype.workflow INFO:
	 [Node] Executing "_acc_msk_brain0" <niworkflows.interfaces.nibabel.ApplyMask>
250329-15:17:33,517 nipype.workflow INFO:
	 [Node] Executing "_acc_msk_bin0" <niworkflows.interfaces.nibabel.Binarize>
250329-15:17:33,517 nipype.workflow INFO:
	 [Node] Executing "_acc_msk_brain2" <niworkflows.interfaces.nibabel.ApplyMask>
250329-15:17:33,517 nipype.workflow INFO:
	 [Node] Executing "_acc_msk_brain1" <niworkflows.interfaces.nibabel.ApplyMask>
250329-15:17:33,521 nipype.workflow INFO:
	 [Node] Setting-up "_acc_msk_brain2" in "/work_dir/fmriprep_24_0_wf/sub_27_wf/bold_task_bird_run_3_wf/bold_confounds_wf/acc_msk_brain/mapflow/_acc_msk_brain2".
250329-15:17:33,521 nipype.workflow INFO:
	 [Node] Setting-up "_acc_msk_bin1" in "/work_dir/fmriprep_24_0_wf/sub_27_wf/bold_task_bird_run_1_wf/bold_confounds_wf/acc_msk_bin/mapflow/_acc_msk_bin1".
250329-15:17:33,523 nipype.workflow INFO:
	 [Node] Executing "_acc_msk_brain2" <niworkflows.interfaces.nibabel.ApplyMask>
250329-15:17:33,523 nipype.workflow INFO:
	 [Node] Executing "_acc_msk_bin1" <niworkflows.interfaces.nibabel.Binarize>
250329-15:17:33,526 nipype.workflow INFO:
	 [Node] Setting-up "_acc_msk_bin2" in "/work_dir/fmriprep_24_0_wf/sub_27_wf/bold_task_bird_run_1_wf/bold_confounds_wf/acc_msk_bin/mapflow/_acc_msk_bin2".
250329-15:17:33,528 nipype.workflow INFO:
	 [Node] Executing "_acc_msk_bin2" <niworkflows.interfaces.nibabel.Binarize>
250329-15:17:33,720 nipype.workflow INFO:
	 [Node] Finished "_acc_msk_brain2", elapsed time 0.202038s.
250329-15:17:33,764 nipype.workflow INFO:
	 [Node] Finished "_acc_msk_brain2", elapsed time 0.251721s.
250329-15:17:33,767 nipype.workflow INFO:
	 [Node] Finished "_acc_msk_bin1", elapsed time 0.243154s.
250329-15:17:33,788 nipype.workflow INFO:
	 [Node] Finished "_acc_msk_brain0", elapsed time 0.270205s.
250329-15:17:33,796 nipype.workflow INFO:
	 [Node] Finished "_acc_msk_brain1", elapsed time 0.281875s.
250329-15:17:33,800 nipype.workflow INFO:
	 [Node] Finished "_acc_msk_bin2", elapsed time 0.271395s.
250329-15:17:33,803 nipype.workflow INFO:
	 [Node] Finished "_acc_msk_bin0", elapsed time 0.285041s.
250329-15:17:33,807 nipype.workflow INFO:
	 [Node] Finished "_acc_msk_brain1", elapsed time 0.289295s.
250329-15:17:33,824 nipype.workflow INFO:
	 [Node] Finished "_acc_msk_brain2", elapsed time 0.300064s.
250329-15:17:33,890 nipype.workflow INFO:
	 [Node] Finished "_acc_msk_brain1", elapsed time 0.378598s.
250329-15:17:33,933 nipype.workflow INFO:
	 [Node] Finished "_acc_msk_brain0", elapsed time 0.419704s.
250329-15:17:34,7 nipype.workflow INFO:
	 [Node] Finished "_acc_msk_brain0", elapsed time 0.508743s.
250329-15:17:35,448 nipype.workflow INFO:
	 [Node] Setting-up "_acc_msk_brain0" in "/work_dir/fmriprep_24_0_wf/sub_27_wf/bold_task_bird_run_2_wf/bold_confounds_wf/acc_msk_brain/mapflow/_acc_msk_brain0".
250329-15:17:35,449 nipype.workflow INFO:
	 [Node] Cached "_acc_msk_brain0" - collecting precomputed outputs
250329-15:17:35,449 nipype.workflow INFO:
	 [Node] "_acc_msk_brain0" found cached.
250329-15:17:35,450 nipype.workflow INFO:
	 [Node] Setting-up "_acc_msk_brain1" in "/work_dir/fmriprep_24_0_wf/sub_27_wf/bold_task_bird_run_2_wf/bold_confounds_wf/acc_msk_brain/mapflow/_acc_msk_brain1".
250329-15:17:35,451 nipype.workflow INFO:
	 [Node] Cached "_acc_msk_brain1" - collecting precomputed outputs
250329-15:17:35,451 nipype.workflow INFO:
	 [Node] "_acc_msk_brain1" found cached.
250329-15:17:35,452 nipype.workflow INFO:
	 [Node] Setting-up "_acc_msk_brain2" in "/work_dir/fmriprep_24_0_wf/sub_27_wf/bold_task_bird_run_2_wf/bold_confounds_wf/acc_msk_brain/mapflow/_acc_msk_brain2".
250329-15:17:35,453 nipype.workflow INFO:
	 [Node] Cached "_acc_msk_brain2" - collecting precomputed outputs
250329-15:17:35,453 nipype.workflow INFO:
	 [Node] "_acc_msk_brain2" found cached.
250329-15:17:35,457 nipype.workflow INFO:
	 [Node] Setting-up "_acc_msk_brain0" in "/work_dir/fmriprep_24_0_wf/sub_27_wf/bold_task_bird_run_3_wf/bold_confounds_wf/acc_msk_brain/mapflow/_acc_msk_brain0".
250329-15:17:35,458 nipype.workflow INFO:
	 [Node] Cached "_acc_msk_brain0" - collecting precomputed outputs
250329-15:17:35,458 nipype.workflow INFO:
	 [Node] "_acc_msk_brain0" found cached.
250329-15:17:35,459 nipype.workflow INFO:
	 [Node] Setting-up "_acc_msk_brain1" in "/work_dir/fmriprep_24_0_wf/sub_27_wf/bold_task_bird_run_3_wf/bold_confounds_wf/acc_msk_brain/mapflow/_acc_msk_brain1".
250329-15:17:35,459 nipype.workflow INFO:
	 [Node] Setting-up "_acc_msk_bin0" in "/work_dir/fmriprep_24_0_wf/sub_27_wf/bold_task_bird_run_1_wf/bold_confounds_wf/acc_msk_bin/mapflow/_acc_msk_bin0".
250329-15:17:35,460 nipype.workflow INFO:
	 [Node] Cached "_acc_msk_brain1" - collecting precomputed outputs
250329-15:17:35,460 nipype.workflow INFO:
	 [Node] "_acc_msk_brain1" found cached.
250329-15:17:35,460 nipype.workflow INFO:
	 [Node] Cached "_acc_msk_bin0" - collecting precomputed outputs
250329-15:17:35,461 nipype.workflow INFO:
	 [Node] "_acc_msk_bin0" found cached.
250329-15:17:35,461 nipype.workflow INFO:
	 [Node] Setting-up "_acc_msk_brain2" in "/work_dir/fmriprep_24_0_wf/sub_27_wf/bold_task_bird_run_3_wf/bold_confounds_wf/acc_msk_brain/mapflow/_acc_msk_brain2".
250329-15:17:35,461 nipype.workflow INFO:
	 [Node] Setting-up "_acc_msk_bin1" in "/work_dir/fmriprep_24_0_wf/sub_27_wf/bold_task_bird_run_1_wf/bold_confounds_wf/acc_msk_bin/mapflow/_acc_msk_bin1".
250329-15:17:35,462 nipype.workflow INFO:
	 [Node] Cached "_acc_msk_brain2" - collecting precomputed outputs
250329-15:17:35,462 nipype.workflow INFO:
	 [Node] "_acc_msk_brain2" found cached.
250329-15:17:35,463 nipype.workflow INFO:
	 [Node] Setting-up "_acc_msk_brain0" in "/work_dir/fmriprep_24_0_wf/sub_27_wf/bold_task_bird_run_4_wf/bold_confounds_wf/acc_msk_brain/mapflow/_acc_msk_brain0".
250329-15:17:35,464 nipype.workflow INFO:
	 [Node] Cached "_acc_msk_brain0" - collecting precomputed outputs
250329-15:17:35,464 nipype.workflow INFO:
	 [Node] "_acc_msk_brain0" found cached.
250329-15:17:35,465 nipype.workflow INFO:
	 [Node] Setting-up "_acc_msk_brain1" in "/work_dir/fmriprep_24_0_wf/sub_27_wf/bold_task_bird_run_4_wf/bold_confounds_wf/acc_msk_brain/mapflow/_acc_msk_brain1".
250329-15:17:35,466 nipype.workflow INFO:
	 [Node] Cached "_acc_msk_brain1" - collecting precomputed outputs
250329-15:17:35,466 nipype.workflow INFO:
	 [Node] "_acc_msk_brain1" found cached.
250329-15:17:35,467 nipype.workflow INFO:
	 [Node] Setting-up "_acc_msk_brain2" in "/work_dir/fmriprep_24_0_wf/sub_27_wf/bold_task_bird_run_4_wf/bold_confounds_wf/acc_msk_brain/mapflow/_acc_msk_brain2".
250329-15:17:35,467 nipype.workflow INFO:
	 [Node] Cached "_acc_msk_bin1" - collecting precomputed outputs
250329-15:17:35,467 nipype.workflow INFO:
	 [Node] "_acc_msk_bin1" found cached.
250329-15:17:35,468 nipype.workflow INFO:
	 [Node] Setting-up "_acc_msk_bin2" in "/work_dir/fmriprep_24_0_wf/sub_27_wf/bold_task_bird_run_1_wf/bold_confounds_wf/acc_msk_bin/mapflow/_acc_msk_bin2".
250329-15:17:35,469 nipype.workflow INFO:
	 [Node] Cached "_acc_msk_bin2" - collecting precomputed outputs
250329-15:17:35,469 nipype.workflow INFO:
	 [Node] "_acc_msk_bin2" found cached.
250329-15:17:35,471 nipype.workflow INFO:
	 [Node] Cached "_acc_msk_brain2" - collecting precomputed outputs
250329-15:17:35,471 nipype.workflow INFO:
	 [Node] "_acc_msk_brain2" found cached.
250329-15:17:35,490 nipype.workflow INFO:
	 [Node] Setting-up "_acc_msk_bin0" in "/work_dir/fmriprep_24_0_wf/sub_27_wf/bold_task_bird_run_5_wf/bold_confounds_wf/acc_msk_bin/mapflow/_acc_msk_bin0".
250329-15:17:35,491 nipype.workflow INFO:
	 [Node] Executing "_acc_msk_bin0" <niworkflows.interfaces.nibabel.Binarize>
250329-15:17:35,502 nipype.workflow INFO:
	 [Node] Setting-up "_acc_msk_bin1" in "/work_dir/fmriprep_24_0_wf/sub_27_wf/bold_task_bird_run_5_wf/bold_confounds_wf/acc_msk_bin/mapflow/_acc_msk_bin1".
250329-15:17:35,504 nipype.workflow INFO:
	 [Node] Executing "_acc_msk_bin1" <niworkflows.interfaces.nibabel.Binarize>
250329-15:17:35,507 nipype.workflow INFO:
	 [Node] Setting-up "_acc_msk_bin2" in "/work_dir/fmriprep_24_0_wf/sub_27_wf/bold_task_bird_run_5_wf/bold_confounds_wf/acc_msk_bin/mapflow/_acc_msk_bin2".
250329-15:17:35,509 nipype.workflow INFO:
	 [Node] Executing "_acc_msk_bin2" <niworkflows.interfaces.nibabel.Binarize>
250329-15:17:35,780 nipype.workflow INFO:
	 [Node] Finished "_acc_msk_bin2", elapsed time 0.270574s.
250329-15:17:35,797 nipype.workflow INFO:
	 [Node] Finished "_acc_msk_bin1", elapsed time 0.292407s.
250329-15:17:35,819 nipype.workflow INFO:
	 [Node] Finished "_acc_msk_bin0", elapsed time 0.327192s.
250329-15:17:37,759 nipype.workflow INFO:
	 [Node] Setting-up "_acc_msk_bin0" in "/work_dir/fmriprep_24_0_wf/sub_27_wf/bold_task_bird_run_5_wf/bold_confounds_wf/acc_msk_bin/mapflow/_acc_msk_bin0".
250329-15:17:37,760 nipype.workflow INFO:
	 [Node] Cached "_acc_msk_bin0" - collecting precomputed outputs
250329-15:17:37,760 nipype.workflow INFO:
	 [Node] "_acc_msk_bin0" found cached.
250329-15:17:37,761 nipype.workflow INFO:
	 [Node] Setting-up "_acc_msk_bin1" in "/work_dir/fmriprep_24_0_wf/sub_27_wf/bold_task_bird_run_5_wf/bold_confounds_wf/acc_msk_bin/mapflow/_acc_msk_bin1".
250329-15:17:37,762 nipype.workflow INFO:
	 [Node] Cached "_acc_msk_bin1" - collecting precomputed outputs
250329-15:17:37,762 nipype.workflow INFO:
	 [Node] "_acc_msk_bin1" found cached.
250329-15:17:37,762 nipype.workflow INFO:
	 [Node] Setting-up "_acc_msk_bin2" in "/work_dir/fmriprep_24_0_wf/sub_27_wf/bold_task_bird_run_5_wf/bold_confounds_wf/acc_msk_bin/mapflow/_acc_msk_bin2".
250329-15:17:37,763 nipype.workflow INFO:
	 [Node] Cached "_acc_msk_bin2" - collecting precomputed outputs
250329-15:17:37,763 nipype.workflow INFO:
	 [Node] "_acc_msk_bin2" found cached.
250329-15:17:37,764 nipype.workflow INFO:
	 [Node] Setting-up "fmriprep_24_0_wf.sub_27_wf.bold_task_bird_run_1_wf.bold_confounds_wf.acompcor" in "/work_dir/fmriprep_24_0_wf/sub_27_wf/bold_task_bird_run_1_wf/bold_confounds_wf/acompcor".
250329-15:17:37,769 nipype.workflow INFO:
	 [Node] Executing "acompcor" <niworkflows.interfaces.patches.RobustACompCor>
250329-15:17:38,658 nipype.workflow INFO:
	 [Node] Setting-up "_acc_msk_bin0" in "/work_dir/fmriprep_24_0_wf/sub_27_wf/bold_task_bird_run_6_wf/bold_confounds_wf/acc_msk_bin/mapflow/_acc_msk_bin0".
250329-15:17:38,660 nipype.workflow INFO:
	 [Node] Executing "_acc_msk_bin0" <niworkflows.interfaces.nibabel.Binarize>
250329-15:17:38,677 nipype.workflow INFO:
	 [Node] Setting-up "_acc_msk_bin1" in "/work_dir/fmriprep_24_0_wf/sub_27_wf/bold_task_bird_run_6_wf/bold_confounds_wf/acc_msk_bin/mapflow/_acc_msk_bin1".
250329-15:17:38,679 nipype.workflow INFO:
	 [Node] Executing "_acc_msk_bin1" <niworkflows.interfaces.nibabel.Binarize>
250329-15:17:38,688 nipype.workflow INFO:
	 [Node] Setting-up "_acc_msk_bin2" in "/work_dir/fmriprep_24_0_wf/sub_27_wf/bold_task_bird_run_6_wf/bold_confounds_wf/acc_msk_bin/mapflow/_acc_msk_bin2".
250329-15:17:38,690 nipype.workflow INFO:
	 [Node] Executing "_acc_msk_bin2" <niworkflows.interfaces.nibabel.Binarize>
250329-15:17:38,856 nipype.workflow INFO:
	 [Node] Finished "_acc_msk_bin0", elapsed time 0.194738s.
250329-15:17:38,872 nipype.workflow INFO:
	 [Node] Finished "_acc_msk_bin1", elapsed time 0.192209s.
250329-15:17:38,943 nipype.workflow INFO:
	 [Node] Finished "_acc_msk_bin2", elapsed time 0.252792s.
250329-15:17:39,446 nipype.workflow INFO:
	 [Node] Setting-up "fmriprep_24_0_wf.sub_27_wf.bold_task_bird_run_5_wf.bold_confounds_wf.acompcor" in "/work_dir/fmriprep_24_0_wf/sub_27_wf/bold_task_bird_run_5_wf/bold_confounds_wf/acompcor".
250329-15:17:39,448 nipype.workflow INFO:
	 [Node] Setting-up "_acc_msk_bin0" in "/work_dir/fmriprep_24_0_wf/sub_27_wf/bold_task_bird_run_6_wf/bold_confounds_wf/acc_msk_bin/mapflow/_acc_msk_bin0".
250329-15:17:39,449 nipype.workflow INFO:
	 [Node] Cached "_acc_msk_bin0" - collecting precomputed outputs
250329-15:17:39,449 nipype.workflow INFO:
	 [Node] "_acc_msk_bin0" found cached.
250329-15:17:39,450 nipype.workflow INFO:
	 [Node] Setting-up "_acc_msk_bin1" in "/work_dir/fmriprep_24_0_wf/sub_27_wf/bold_task_bird_run_6_wf/bold_confounds_wf/acc_msk_bin/mapflow/_acc_msk_bin1".
250329-15:17:39,450 nipype.workflow INFO:
	 [Node] Executing "acompcor" <niworkflows.interfaces.patches.RobustACompCor>
250329-15:17:39,451 nipype.workflow INFO:
	 [Node] Cached "_acc_msk_bin1" - collecting precomputed outputs
250329-15:17:39,451 nipype.workflow INFO:
	 [Node] "_acc_msk_bin1" found cached.
250329-15:17:39,452 nipype.workflow INFO:
	 [Node] Setting-up "_acc_msk_bin2" in "/work_dir/fmriprep_24_0_wf/sub_27_wf/bold_task_bird_run_6_wf/bold_confounds_wf/acc_msk_bin/mapflow/_acc_msk_bin2".
250329-15:17:39,452 nipype.workflow INFO:
	 [Node] Cached "_acc_msk_bin2" - collecting precomputed outputs
250329-15:17:39,452 nipype.workflow INFO:
	 [Node] "_acc_msk_bin2" found cached.
250329-15:17:40,144 nipype.workflow INFO:
	 [Node] Setting-up "fmriprep_24_0_wf.sub_27_wf.bold_task_bird_run_1_wf.bold_confounds_wf.signals" in "/work_dir/fmriprep_24_0_wf/sub_27_wf/bold_task_bird_run_1_wf/bold_confounds_wf/signals".
250329-15:17:40,151 nipype.workflow INFO:
	 [Node] Setting-up "fmriprep_24_0_wf.sub_27_wf.bold_task_bird_run_1_wf.bold_confounds_wf.rois_plot" in "/work_dir/fmriprep_24_0_wf/sub_27_wf/bold_task_bird_run_1_wf/bold_confounds_wf/rois_plot".
250329-15:17:40,159 nipype.workflow INFO:
	 [Node] Setting-up "_acc_msk_bin0" in "/work_dir/fmriprep_24_0_wf/sub_27_wf/bold_task_bird_run_2_wf/bold_confounds_wf/acc_msk_bin/mapflow/_acc_msk_bin0".
250329-15:17:40,161 nipype.workflow INFO:
	 [Node] Executing "_acc_msk_bin0" <niworkflows.interfaces.nibabel.Binarize>
250329-15:17:40,174 nipype.workflow INFO:
	 [Node] Executing "rois_plot" <niworkflows.interfaces.reportlets.masks.ROIsPlot>
250329-15:17:40,186 nipype.workflow INFO:
	 [Node] Setting-up "_acc_msk_bin1" in "/work_dir/fmriprep_24_0_wf/sub_27_wf/bold_task_bird_run_2_wf/bold_confounds_wf/acc_msk_bin/mapflow/_acc_msk_bin1".
250329-15:17:40,187 nipype.workflow INFO:
	 [Node] Setting-up "_acc_msk_bin2" in "/work_dir/fmriprep_24_0_wf/sub_27_wf/bold_task_bird_run_2_wf/bold_confounds_wf/acc_msk_bin/mapflow/_acc_msk_bin2".
250329-15:17:40,188 nipype.workflow INFO:
	 [Node] Executing "_acc_msk_bin1" <niworkflows.interfaces.nibabel.Binarize>
250329-15:17:40,188 nipype.workflow INFO:
	 [Node] Executing "_acc_msk_bin2" <niworkflows.interfaces.nibabel.Binarize>
250329-15:17:40,198 nipype.workflow INFO:
	 [Node] Setting-up "_acc_msk_bin0" in "/work_dir/fmriprep_24_0_wf/sub_27_wf/bold_task_bird_run_3_wf/bold_confounds_wf/acc_msk_bin/mapflow/_acc_msk_bin0".
250329-15:17:40,199 nipype.workflow INFO:
	 [Node] Setting-up "_acc_msk_bin1" in "/work_dir/fmriprep_24_0_wf/sub_27_wf/bold_task_bird_run_3_wf/bold_confounds_wf/acc_msk_bin/mapflow/_acc_msk_bin1".
250329-15:17:40,200 nipype.workflow INFO:
	 [Node] Executing "_acc_msk_bin0" <niworkflows.interfaces.nibabel.Binarize>
250329-15:17:40,200 nipype.workflow INFO:
	 [Node] Executing "_acc_msk_bin1" <niworkflows.interfaces.nibabel.Binarize>
250329-15:17:40,208 nipype.workflow INFO:
	 [Node] Setting-up "_acc_msk_bin2" in "/work_dir/fmriprep_24_0_wf/sub_27_wf/bold_task_bird_run_3_wf/bold_confounds_wf/acc_msk_bin/mapflow/_acc_msk_bin2".
250329-15:17:40,210 nipype.workflow INFO:
	 [Node] Executing "_acc_msk_bin2" <niworkflows.interfaces.nibabel.Binarize>
250329-15:17:40,212 nipype.workflow INFO:
	 [Node] Setting-up "_acc_msk_bin0" in "/work_dir/fmriprep_24_0_wf/sub_27_wf/bold_task_bird_run_4_wf/bold_confounds_wf/acc_msk_bin/mapflow/_acc_msk_bin0".
250329-15:17:40,214 nipype.workflow INFO:
	 [Node] Executing "_acc_msk_bin0" <niworkflows.interfaces.nibabel.Binarize>
250329-15:17:40,216 nipype.workflow INFO:
	 [Node] Setting-up "_acc_msk_bin1" in "/work_dir/fmriprep_24_0_wf/sub_27_wf/bold_task_bird_run_4_wf/bold_confounds_wf/acc_msk_bin/mapflow/_acc_msk_bin1".
250329-15:17:40,216 nipype.workflow INFO:
	 [Node] Setting-up "_acc_msk_bin2" in "/work_dir/fmriprep_24_0_wf/sub_27_wf/bold_task_bird_run_4_wf/bold_confounds_wf/acc_msk_bin/mapflow/_acc_msk_bin2".
250329-15:17:40,218 nipype.workflow INFO:
	 [Node] Executing "_acc_msk_bin1" <niworkflows.interfaces.nibabel.Binarize>
250329-15:17:40,218 nipype.workflow INFO:
	 [Node] Executing "_acc_msk_bin2" <niworkflows.interfaces.nibabel.Binarize>
250329-15:17:40,473 nipype.workflow INFO:
	 [Node] Finished "_acc_msk_bin2", elapsed time 0.284403s.
250329-15:17:40,487 nipype.workflow INFO:
	 [Node] Executing "signals" <niworkflows.interfaces.images.SignalExtraction>
250329-15:17:40,499 nipype.workflow INFO:
	 [Node] Finished "_acc_msk_bin0", elapsed time 0.337326s.
250329-15:17:40,566 nipype.workflow INFO:
	 [Node] Finished "_acc_msk_bin1", elapsed time 0.364936s.
250329-15:17:40,575 nipype.workflow INFO:
	 [Node] Finished "_acc_msk_bin1", elapsed time 0.386689s.
250329-15:17:40,580 nipype.workflow INFO:
	 [Node] Finished "_acc_msk_bin2", elapsed time 0.361334s.
250329-15:17:40,657 nipype.workflow INFO:
	 [Node] Finished "_acc_msk_bin1", elapsed time 0.438918s.
250329-15:17:40,664 nipype.workflow INFO:
	 [Node] Finished "_acc_msk_bin2", elapsed time 0.453443s.
250329-15:17:40,678 nipype.workflow INFO:
	 [Node] Finished "_acc_msk_bin0", elapsed time 0.477113s.
250329-15:17:40,688 nipype.workflow INFO:
	 [Node] Finished "_acc_msk_bin0", elapsed time 0.473407s.
250329-15:17:41,578 nipype.workflow INFO:
	 [Node] Setting-up "_acc_msk_bin0" in "/work_dir/fmriprep_24_0_wf/sub_27_wf/bold_task_bird_run_2_wf/bold_confounds_wf/acc_msk_bin/mapflow/_acc_msk_bin0".
250329-15:17:41,579 nipype.workflow INFO:
	 [Node] Cached "_acc_msk_bin0" - collecting precomputed outputs
250329-15:17:41,579 nipype.workflow INFO:
	 [Node] "_acc_msk_bin0" found cached.
250329-15:17:41,580 nipype.workflow INFO:
	 [Node] Setting-up "_acc_msk_bin1" in "/work_dir/fmriprep_24_0_wf/sub_27_wf/bold_task_bird_run_2_wf/bold_confounds_wf/acc_msk_bin/mapflow/_acc_msk_bin1".
250329-15:17:41,580 nipype.workflow INFO:
	 [Node] Cached "_acc_msk_bin1" - collecting precomputed outputs
250329-15:17:41,580 nipype.workflow INFO:
	 [Node] "_acc_msk_bin1" found cached.
250329-15:17:41,581 nipype.workflow INFO:
	 [Node] Setting-up "_acc_msk_bin2" in "/work_dir/fmriprep_24_0_wf/sub_27_wf/bold_task_bird_run_2_wf/bold_confounds_wf/acc_msk_bin/mapflow/_acc_msk_bin2".
250329-15:17:41,582 nipype.workflow INFO:
	 [Node] Cached "_acc_msk_bin2" - collecting precomputed outputs
250329-15:17:41,582 nipype.workflow INFO:
	 [Node] "_acc_msk_bin2" found cached.
250329-15:17:41,600 nipype.workflow INFO:
	 [Node] Setting-up "fmriprep_24_0_wf.sub_27_wf.bold_task_bird_run_6_wf.bold_confounds_wf.acompcor" in "/work_dir/fmriprep_24_0_wf/sub_27_wf/bold_task_bird_run_6_wf/bold_confounds_wf/acompcor".
250329-15:17:41,600 nipype.workflow INFO:
	 [Node] Setting-up "_acc_msk_bin0" in "/work_dir/fmriprep_24_0_wf/sub_27_wf/bold_task_bird_run_4_wf/bold_confounds_wf/acc_msk_bin/mapflow/_acc_msk_bin0".
250329-15:17:41,601 nipype.workflow INFO:
	 [Node] Cached "_acc_msk_bin0" - collecting precomputed outputs
250329-15:17:41,601 nipype.workflow INFO:
	 [Node] "_acc_msk_bin0" found cached.
250329-15:17:41,602 nipype.workflow INFO:
	 [Node] Setting-up "_acc_msk_bin1" in "/work_dir/fmriprep_24_0_wf/sub_27_wf/bold_task_bird_run_4_wf/bold_confounds_wf/acc_msk_bin/mapflow/_acc_msk_bin1".
250329-15:17:41,603 nipype.workflow INFO:
	 [Node] Cached "_acc_msk_bin1" - collecting precomputed outputs
250329-15:17:41,603 nipype.workflow INFO:
	 [Node] "_acc_msk_bin1" found cached.
250329-15:17:41,605 nipype.workflow INFO:
	 [Node] Setting-up "_acc_msk_bin0" in "/work_dir/fmriprep_24_0_wf/sub_27_wf/bold_task_bird_run_3_wf/bold_confounds_wf/acc_msk_bin/mapflow/_acc_msk_bin0".
250329-15:17:41,605 nipype.workflow INFO:
	 [Node] Cached "_acc_msk_bin0" - collecting precomputed outputs
250329-15:17:41,606 nipype.workflow INFO:
	 [Node] "_acc_msk_bin0" found cached.
250329-15:17:41,606 nipype.workflow INFO:
	 [Node] Setting-up "_acc_msk_bin1" in "/work_dir/fmriprep_24_0_wf/sub_27_wf/bold_task_bird_run_3_wf/bold_confounds_wf/acc_msk_bin/mapflow/_acc_msk_bin1".
250329-15:17:41,607 nipype.workflow INFO:
	 [Node] Cached "_acc_msk_bin1" - collecting precomputed outputs
250329-15:17:41,607 nipype.workflow INFO:
	 [Node] "_acc_msk_bin1" found cached.
250329-15:17:41,608 nipype.workflow INFO:
	 [Node] Setting-up "_acc_msk_bin2" in "/work_dir/fmriprep_24_0_wf/sub_27_wf/bold_task_bird_run_4_wf/bold_confounds_wf/acc_msk_bin/mapflow/_acc_msk_bin2".
250329-15:17:41,609 nipype.workflow INFO:
	 [Node] Cached "_acc_msk_bin2" - collecting precomputed outputs
250329-15:17:41,609 nipype.workflow INFO:
	 [Node] "_acc_msk_bin2" found cached.
250329-15:17:41,611 nipype.workflow INFO:
	 [Node] Setting-up "_acc_msk_bin2" in "/work_dir/fmriprep_24_0_wf/sub_27_wf/bold_task_bird_run_3_wf/bold_confounds_wf/acc_msk_bin/mapflow/_acc_msk_bin2".
250329-15:17:41,611 nipype.workflow INFO:
	 [Node] Cached "_acc_msk_bin2" - collecting precomputed outputs
250329-15:17:41,612 nipype.workflow INFO:
	 [Node] "_acc_msk_bin2" found cached.
250329-15:17:41,658 nipype.workflow INFO:
	 [Node] Executing "acompcor" <niworkflows.interfaces.patches.RobustACompCor>
250329-15:17:42,726 nipype.workflow INFO:
	 [Node] Setting-up "fmriprep_24_0_wf.sub_27_wf.bold_task_bird_run_5_wf.bold_confounds_wf.signals" in "/work_dir/fmriprep_24_0_wf/sub_27_wf/bold_task_bird_run_5_wf/bold_confounds_wf/signals".
250329-15:17:42,730 nipype.workflow INFO:
	 [Node] Executing "signals" <niworkflows.interfaces.images.SignalExtraction>
250329-15:17:42,730 nipype.workflow INFO:
	 [Node] Setting-up "fmriprep_24_0_wf.sub_27_wf.bold_task_bird_run_5_wf.bold_confounds_wf.rois_plot" in "/work_dir/fmriprep_24_0_wf/sub_27_wf/bold_task_bird_run_5_wf/bold_confounds_wf/rois_plot".
250329-15:17:42,735 nipype.workflow INFO:
	 [Node] Executing "rois_plot" <niworkflows.interfaces.reportlets.masks.ROIsPlot>
250329-15:17:43,543 nipype.workflow INFO:
	 [Node] Setting-up "fmriprep_24_0_wf.sub_27_wf.bold_task_bird_run_2_wf.bold_confounds_wf.acompcor" in "/work_dir/fmriprep_24_0_wf/sub_27_wf/bold_task_bird_run_2_wf/bold_confounds_wf/acompcor".
250329-15:17:43,613 nipype.workflow INFO:
	 [Node] Executing "acompcor" <niworkflows.interfaces.patches.RobustACompCor>
250329-15:17:44,232 nipype.workflow INFO:
	 [Node] Setting-up "fmriprep_24_0_wf.sub_27_wf.bold_task_bird_run_3_wf.bold_confounds_wf.acompcor" in "/work_dir/fmriprep_24_0_wf/sub_27_wf/bold_task_bird_run_3_wf/bold_confounds_wf/acompcor".
250329-15:17:44,237 nipype.workflow INFO:
	 [Node] Executing "acompcor" <niworkflows.interfaces.patches.RobustACompCor>
250329-15:17:45,105 nipype.workflow INFO:
	 [Node] Setting-up "fmriprep_24_0_wf.sub_27_wf.bold_task_bird_run_4_wf.bold_confounds_wf.acompcor" in "/work_dir/fmriprep_24_0_wf/sub_27_wf/bold_task_bird_run_4_wf/bold_confounds_wf/acompcor".
250329-15:17:45,110 nipype.workflow INFO:
	 [Node] Executing "acompcor" <niworkflows.interfaces.patches.RobustACompCor>
250329-15:17:47,740 nipype.workflow INFO:
	 [Node] Setting-up "fmriprep_24_0_wf.sub_27_wf.bold_task_bird_run_6_wf.bold_confounds_wf.signals" in "/work_dir/fmriprep_24_0_wf/sub_27_wf/bold_task_bird_run_6_wf/bold_confounds_wf/signals".
250329-15:17:47,758 nipype.workflow INFO:
	 [Node] Setting-up "fmriprep_24_0_wf.sub_27_wf.bold_task_bird_run_6_wf.bold_confounds_wf.rois_plot" in "/work_dir/fmriprep_24_0_wf/sub_27_wf/bold_task_bird_run_6_wf/bold_confounds_wf/rois_plot".
250329-15:17:47,762 nipype.workflow INFO:
	 [Node] Executing "rois_plot" <niworkflows.interfaces.reportlets.masks.ROIsPlot>
250329-15:17:47,823 nipype.workflow INFO:
	 [Node] Executing "signals" <niworkflows.interfaces.images.SignalExtraction>
250329-15:17:48,527 nipype.workflow INFO:
	 [Node] Setting-up "fmriprep_24_0_wf.sub_27_wf.bold_task_bird_run_2_wf.bold_confounds_wf.signals" in "/work_dir/fmriprep_24_0_wf/sub_27_wf/bold_task_bird_run_2_wf/bold_confounds_wf/signals".
250329-15:17:48,529 nipype.workflow INFO:
	 [Node] Setting-up "fmriprep_24_0_wf.sub_27_wf.bold_task_bird_run_3_wf.bold_confounds_wf.signals" in "/work_dir/fmriprep_24_0_wf/sub_27_wf/bold_task_bird_run_3_wf/bold_confounds_wf/signals".
250329-15:17:48,533 nipype.workflow INFO:
	 [Node] Executing "signals" <niworkflows.interfaces.images.SignalExtraction>
250329-15:17:48,540 nipype.workflow INFO:
	 [Node] Setting-up "fmriprep_24_0_wf.sub_27_wf.bold_task_bird_run_4_wf.bold_confounds_wf.signals" in "/work_dir/fmriprep_24_0_wf/sub_27_wf/bold_task_bird_run_4_wf/bold_confounds_wf/signals".
250329-15:17:48,542 nipype.workflow INFO:
	 [Node] Executing "signals" <niworkflows.interfaces.images.SignalExtraction>
250329-15:17:48,607 nipype.workflow INFO:
	 [Node] Executing "signals" <niworkflows.interfaces.images.SignalExtraction>
250329-15:17:54,395 nipype.workflow INFO:
	 [Node] Finished "acompcor", elapsed time 16.624548s.
250329-15:17:54,603 nipype.workflow INFO:
	 [Node] Finished "acompcor", elapsed time 15.152377s.
250329-15:17:56,696 nipype.workflow INFO:
	 [Node] Setting-up "fmriprep_24_0_wf.sub_27_wf.bold_task_bird_run_1_wf.bold_confounds_wf.rename_acompcor" in "/work_dir/fmriprep_24_0_wf/sub_27_wf/bold_task_bird_run_1_wf/bold_confounds_wf/rename_acompcor".
250329-15:17:56,697 nipype.workflow INFO:
	 [Node] Setting-up "fmriprep_24_0_wf.sub_27_wf.bold_task_bird_run_5_wf.bold_confounds_wf.rename_acompcor" in "/work_dir/fmriprep_24_0_wf/sub_27_wf/bold_task_bird_run_5_wf/bold_confounds_wf/rename_acompcor".
250329-15:17:56,699 nipype.workflow INFO:
	 [Node] Executing "rename_acompcor" <fmriprep.interfaces.confounds.RenameACompCor>
250329-15:17:56,705 nipype.workflow INFO:
	 [Node] Executing "rename_acompcor" <fmriprep.interfaces.confounds.RenameACompCor>
250329-15:17:57,49 nipype.workflow INFO:
	 [Node] Finished "rename_acompcor", elapsed time 0.343307s.
250329-15:17:57,158 nipype.workflow INFO:
	 [Node] Finished "rename_acompcor", elapsed time 0.458514s.
250329-15:17:58,420 nipype.workflow INFO:
	 [Node] Finished "signals", elapsed time 17.932339s.
250329-15:17:59,696 nipype.workflow INFO:
	 [Node] Setting-up "fmriprep_24_0_wf.sub_27_wf.bold_task_bird_run_2_wf.bold_confounds_wf.rois_plot" in "/work_dir/fmriprep_24_0_wf/sub_27_wf/bold_task_bird_run_2_wf/bold_confounds_wf/rois_plot".
250329-15:17:59,701 nipype.workflow INFO:
	 [Node] Executing "rois_plot" <niworkflows.interfaces.reportlets.masks.ROIsPlot>
250329-15:18:00,685 nipype.workflow INFO:
	 [Node] Setting-up "fmriprep_24_0_wf.sub_27_wf.bold_task_bird_run_4_wf.bold_confounds_wf.rois_plot" in "/work_dir/fmriprep_24_0_wf/sub_27_wf/bold_task_bird_run_4_wf/bold_confounds_wf/rois_plot".
250329-15:18:00,689 nipype.workflow INFO:
	 [Node] Executing "rois_plot" <niworkflows.interfaces.reportlets.masks.ROIsPlot>
250329-15:18:02,233 nipype.workflow INFO:
	 [Node] Finished "acompcor", elapsed time 18.618507s.
250329-15:18:02,234 nipype.workflow INFO:
	 [Node] Finished "acompcor", elapsed time 20.574425s.
250329-15:18:02,377 nipype.workflow INFO:
	 [Node] Finished "signals", elapsed time 19.646594s.
250329-15:18:03,144 nipype.workflow INFO:
	 [Node] Setting-up "fmriprep_24_0_wf.sub_27_wf.bold_task_bird_run_3_wf.bold_confounds_wf.rois_plot" in "/work_dir/fmriprep_24_0_wf/sub_27_wf/bold_task_bird_run_3_wf/bold_confounds_wf/rois_plot".
250329-15:18:03,164 nipype.workflow INFO:
	 [Node] Executing "rois_plot" <niworkflows.interfaces.reportlets.masks.ROIsPlot>
250329-15:18:04,508 nipype.workflow INFO:
	 [Node] Finished "acompcor", elapsed time 20.270086s.
250329-15:18:04,611 nipype.workflow INFO:
	 [Node] Setting-up "fmriprep_24_0_wf.sub_27_wf.bold_task_bird_run_2_wf.bold_confounds_wf.rename_acompcor" in "/work_dir/fmriprep_24_0_wf/sub_27_wf/bold_task_bird_run_2_wf/bold_confounds_wf/rename_acompcor".
250329-15:18:04,613 nipype.workflow INFO:
	 [Node] Executing "rename_acompcor" <fmriprep.interfaces.confounds.RenameACompCor>
250329-15:18:05,43 nipype.workflow INFO:
	 [Node] Finished "rename_acompcor", elapsed time 0.428765s.
250329-15:18:07,208 nipype.workflow INFO:
	 [Node] Setting-up "fmriprep_24_0_wf.sub_27_wf.bold_task_bird_run_3_wf.bold_confounds_wf.rename_acompcor" in "/work_dir/fmriprep_24_0_wf/sub_27_wf/bold_task_bird_run_3_wf/bold_confounds_wf/rename_acompcor".
250329-15:18:07,211 nipype.workflow INFO:
	 [Node] Executing "rename_acompcor" <fmriprep.interfaces.confounds.RenameACompCor>
250329-15:18:07,273 nipype.workflow INFO:
	 [Node] Setting-up "fmriprep_24_0_wf.sub_27_wf.bold_task_bird_run_6_wf.bold_confounds_wf.rename_acompcor" in "/work_dir/fmriprep_24_0_wf/sub_27_wf/bold_task_bird_run_6_wf/bold_confounds_wf/rename_acompcor".
250329-15:18:07,297 nipype.workflow INFO:
	 [Node] Executing "rename_acompcor" <fmriprep.interfaces.confounds.RenameACompCor>
250329-15:18:07,483 nipype.workflow INFO:
	 [Node] Finished "seg_rpt", elapsed time 64.280931s.
250329-15:18:07,588 nipype.workflow INFO:
	 [Node] Finished "rename_acompcor", elapsed time 0.376608s.
250329-15:18:07,697 nipype.workflow INFO:
	 [Node] Finished "rename_acompcor", elapsed time 0.398768s.
250329-15:18:07,799 nipype.workflow INFO:
	 [Node] Finished "acompcor", elapsed time 22.688736s.
250329-15:18:08,440 nipype.workflow INFO:
	 [Node] Finished "signals", elapsed time 20.616571s.
250329-15:18:09,124 nipype.workflow INFO:
	 [Node] Setting-up "fmriprep_24_0_wf.sub_27_wf.bold_task_bird_run_2_wf.bold_confounds_wf.acc_metadata_filter" in "/work_dir/fmriprep_24_0_wf/sub_27_wf/bold_task_bird_run_2_wf/bold_confounds_wf/acc_metadata_filter".
250329-15:18:09,126 nipype.workflow INFO:
	 [Node] Executing "acc_metadata_filter" <fmriprep.interfaces.confounds.FilterDropped>
250329-15:18:09,132 nipype.workflow INFO:
	 [Node] Finished "acc_metadata_filter", elapsed time 0.004801s.
250329-15:18:10,356 nipype.workflow INFO:
	 [Node] Setting-up "fmriprep_24_0_wf.sub_27_wf.bold_task_bird_run_4_wf.bold_confounds_wf.rename_acompcor" in "/work_dir/fmriprep_24_0_wf/sub_27_wf/bold_task_bird_run_4_wf/bold_confounds_wf/rename_acompcor".
250329-15:18:10,359 nipype.workflow INFO:
	 [Node] Executing "rename_acompcor" <fmriprep.interfaces.confounds.RenameACompCor>
250329-15:18:10,705 nipype.workflow INFO:
	 [Node] Finished "rename_acompcor", elapsed time 0.34516s.
250329-15:18:10,919 nipype.workflow INFO:
	 [Node] Setting-up "fmriprep_24_0_wf.sub_27_wf.bold_task_bird_run_1_wf.bold_confounds_wf.acc_metadata_filter" in "/work_dir/fmriprep_24_0_wf/sub_27_wf/bold_task_bird_run_1_wf/bold_confounds_wf/acc_metadata_filter".
250329-15:18:10,921 nipype.workflow INFO:
	 [Node] Executing "acc_metadata_filter" <fmriprep.interfaces.confounds.FilterDropped>
250329-15:18:10,953 nipype.workflow INFO:
	 [Node] Finished "acc_metadata_filter", elapsed time 0.0311s.
250329-15:18:11,81 nipype.workflow INFO:
	 [Node] Setting-up "fmriprep_24_0_wf.sub_27_wf.bold_task_bird_run_3_wf.bold_confounds_wf.acc_metadata_filter" in "/work_dir/fmriprep_24_0_wf/sub_27_wf/bold_task_bird_run_3_wf/bold_confounds_wf/acc_metadata_filter".
250329-15:18:11,83 nipype.workflow INFO:
	 [Node] Executing "acc_metadata_filter" <fmriprep.interfaces.confounds.FilterDropped>
250329-15:18:11,89 nipype.workflow INFO:
	 [Node] Finished "acc_metadata_filter", elapsed time 0.005291s.
250329-15:18:11,613 nipype.workflow INFO:
	 [Node] Setting-up "fmriprep_24_0_wf.sub_27_wf.bold_task_bird_run_5_wf.bold_confounds_wf.acc_metadata_filter" in "/work_dir/fmriprep_24_0_wf/sub_27_wf/bold_task_bird_run_5_wf/bold_confounds_wf/acc_metadata_filter".
250329-15:18:11,616 nipype.workflow INFO:
	 [Node] Executing "acc_metadata_filter" <fmriprep.interfaces.confounds.FilterDropped>
250329-15:18:11,630 nipype.workflow INFO:
	 [Node] Finished "acc_metadata_filter", elapsed time 0.013487s.
250329-15:18:12,185 nipype.workflow INFO:
	 [Node] Setting-up "fmriprep_24_0_wf.sub_27_wf.bold_task_bird_run_6_wf.bold_confounds_wf.acc_metadata_filter" in "/work_dir/fmriprep_24_0_wf/sub_27_wf/bold_task_bird_run_6_wf/bold_confounds_wf/acc_metadata_filter".
250329-15:18:12,187 nipype.workflow INFO:
	 [Node] Executing "acc_metadata_filter" <fmriprep.interfaces.confounds.FilterDropped>
250329-15:18:12,194 nipype.workflow INFO:
	 [Node] Finished "acc_metadata_filter", elapsed time 0.006473s.
250329-15:18:13,302 nipype.workflow INFO:
	 [Node] Setting-up "fmriprep_24_0_wf.sub_27_wf.bold_task_bird_run_1_wf.bold_confounds_wf.compcor_plot" in "/work_dir/fmriprep_24_0_wf/sub_27_wf/bold_task_bird_run_1_wf/bold_confounds_wf/compcor_plot".
250329-15:18:13,306 nipype.workflow INFO:
	 [Node] Executing "compcor_plot" <nireports.interfaces.nuisance.CompCorVariancePlot>
250329-15:18:13,979 nipype.workflow INFO:
	 [Node] Setting-up "fmriprep_24_0_wf.sub_27_wf.bold_task_bird_run_3_wf.bold_confounds_wf.compcor_plot" in "/work_dir/fmriprep_24_0_wf/sub_27_wf/bold_task_bird_run_3_wf/bold_confounds_wf/compcor_plot".
250329-15:18:13,984 nipype.workflow INFO:
	 [Node] Executing "compcor_plot" <nireports.interfaces.nuisance.CompCorVariancePlot>
250329-15:18:14,568 nipype.workflow INFO:
	 [Node] Setting-up "fmriprep_24_0_wf.sub_27_wf.bold_task_bird_run_4_wf.bold_confounds_wf.acc_metadata_filter" in "/work_dir/fmriprep_24_0_wf/sub_27_wf/bold_task_bird_run_4_wf/bold_confounds_wf/acc_metadata_filter".
250329-15:18:14,584 nipype.workflow INFO:
	 [Node] Executing "acc_metadata_filter" <fmriprep.interfaces.confounds.FilterDropped>
250329-15:18:14,620 nipype.workflow INFO:
	 [Node] Finished "acc_metadata_filter", elapsed time 0.028728s.
250329-15:18:15,273 nipype.workflow INFO:
	 [Node] Finished "compcor_plot", elapsed time 1.28853s.
250329-15:18:15,307 nipype.workflow INFO:
	 [Node] Finished "compcor_plot", elapsed time 2.000707s.
250329-15:18:15,832 nipype.workflow INFO:
	 [Node] Setting-up "fmriprep_24_0_wf.sub_27_wf.bold_task_bird_run_4_wf.bold_confounds_wf.compcor_plot" in "/work_dir/fmriprep_24_0_wf/sub_27_wf/bold_task_bird_run_4_wf/bold_confounds_wf/compcor_plot".
250329-15:18:15,844 nipype.workflow INFO:
	 [Node] Executing "compcor_plot" <nireports.interfaces.nuisance.CompCorVariancePlot>
250329-15:18:15,962 nipype.workflow INFO:
	 [Node] Setting-up "fmriprep_24_0_wf.sub_27_wf.bold_task_bird_run_1_wf.bold_confounds_wf.acc_metadata_fmt" in "/work_dir/fmriprep_24_0_wf/sub_27_wf/bold_task_bird_run_1_wf/bold_confounds_wf/acc_metadata_fmt".
250329-15:18:15,965 nipype.workflow INFO:
	 [Node] Executing "acc_metadata_fmt" <niworkflows.interfaces.utility.TSV2JSON>
250329-15:18:15,973 nipype.workflow INFO:
	 [Node] Setting-up "fmriprep_24_0_wf.sub_27_wf.bold_task_bird_run_1_wf.bold_confounds_wf.model_expansion" in "/work_dir/fmriprep_24_0_wf/sub_27_wf/bold_task_bird_run_1_wf/bold_confounds_wf/model_expansion".
250329-15:18:15,975 nipype.workflow INFO:
	 [Node] Executing "model_expansion" <niworkflows.interfaces.confounds.ExpandModel>
250329-15:18:15,986 nipype.workflow INFO:
	 [Node] Finished "acc_metadata_fmt", elapsed time 0.020757s.
250329-15:18:16,150 nipype.workflow INFO:
	 [Node] Setting-up "fmriprep_24_0_wf.sub_27_wf.bold_task_bird_run_2_wf.bold_confounds_wf.compcor_plot" in "/work_dir/fmriprep_24_0_wf/sub_27_wf/bold_task_bird_run_2_wf/bold_confounds_wf/compcor_plot".
250329-15:18:16,171 nipype.workflow INFO:
	 [Node] Executing "compcor_plot" <nireports.interfaces.nuisance.CompCorVariancePlot>
250329-15:18:16,298 nipype.workflow INFO:
	 [Node] Setting-up "fmriprep_24_0_wf.sub_27_wf.bold_task_bird_run_5_wf.bold_confounds_wf.compcor_plot" in "/work_dir/fmriprep_24_0_wf/sub_27_wf/bold_task_bird_run_5_wf/bold_confounds_wf/compcor_plot".
250329-15:18:16,301 nipype.workflow INFO:
	 [Node] Executing "compcor_plot" <nireports.interfaces.nuisance.CompCorVariancePlot>
250329-15:18:16,531 nipype.workflow INFO:
	 [Node] Finished "model_expansion", elapsed time 0.554593s.
250329-15:18:16,785 nipype.workflow INFO:
	 [Node] Setting-up "fmriprep_24_0_wf.sub_27_wf.bold_task_bird_run_6_wf.bold_confounds_wf.compcor_plot" in "/work_dir/fmriprep_24_0_wf/sub_27_wf/bold_task_bird_run_6_wf/bold_confounds_wf/compcor_plot".
250329-15:18:16,788 nipype.workflow INFO:
	 [Node] Executing "compcor_plot" <nireports.interfaces.nuisance.CompCorVariancePlot>
250329-15:18:16,916 nipype.workflow INFO:
	 [Node] Finished "epi_t1_report", elapsed time 68.665324s.
250329-15:18:16,917 nipype.workflow INFO:
	 [Node] Finished "compcor_plot", elapsed time 1.071923s.
250329-15:18:17,709 nipype.workflow INFO:
	 [Node] Setting-up "fmriprep_24_0_wf.sub_27_wf.bold_task_bird_run_5_wf.bold_fit_wf.func_fit_reports_wf.ds_epi_t1_report" in "/work_dir/fmriprep_24_0_wf/sub_27_wf/bold_task_bird_run_5_wf/bold_fit_wf/func_fit_reports_wf/ds_epi_t1_report".
250329-15:18:17,728 nipype.workflow INFO:
	 [Node] Setting-up "fmriprep_24_0_wf.sub_27_wf.bold_task_bird_run_2_wf.bold_confounds_wf.acc_metadata_fmt" in "/work_dir/fmriprep_24_0_wf/sub_27_wf/bold_task_bird_run_2_wf/bold_confounds_wf/acc_metadata_fmt".
250329-15:18:17,729 nipype.workflow INFO:
	 [Node] Setting-up "fmriprep_24_0_wf.sub_27_wf.bold_task_bird_run_3_wf.bold_confounds_wf.acc_metadata_fmt" in "/work_dir/fmriprep_24_0_wf/sub_27_wf/bold_task_bird_run_3_wf/bold_confounds_wf/acc_metadata_fmt".
250329-15:18:17,730 nipype.workflow INFO:
	 [Node] Executing "acc_metadata_fmt" <niworkflows.interfaces.utility.TSV2JSON>
250329-15:18:17,735 nipype.workflow INFO:
	 [Node] Executing "acc_metadata_fmt" <niworkflows.interfaces.utility.TSV2JSON>
250329-15:18:17,743 nipype.workflow INFO:
	 [Node] Setting-up "fmriprep_24_0_wf.sub_27_wf.bold_task_bird_run_4_wf.bold_confounds_wf.acc_metadata_fmt" in "/work_dir/fmriprep_24_0_wf/sub_27_wf/bold_task_bird_run_4_wf/bold_confounds_wf/acc_metadata_fmt".
250329-15:18:17,745 nipype.workflow INFO:
	 [Node] Executing "acc_metadata_fmt" <niworkflows.interfaces.utility.TSV2JSON>
250329-15:18:17,763 nipype.workflow INFO:
	 [Node] Finished "acc_metadata_fmt", elapsed time 0.016376s.
250329-15:18:17,767 nipype.workflow INFO:
	 [Node] Finished "acc_metadata_fmt", elapsed time 0.030954s.
250329-15:18:17,770 nipype.workflow INFO:
	 [Node] Finished "acc_metadata_fmt", elapsed time 0.039539s.
250329-15:18:17,917 nipype.workflow INFO:
	 [Node] Finished "compcor_plot", elapsed time 1.128303s.
250329-15:18:18,67 nipype.workflow INFO:
	 [Node] Finished "compcor_plot", elapsed time 1.765161s.
250329-15:18:18,181 nipype.workflow INFO:
	 [Node] Finished "compcor_plot", elapsed time 2.00992s.
250329-15:18:18,522 nipype.workflow INFO:
	 [Node] Finished "signals", elapsed time 29.988145s.
250329-15:18:18,883 nipype.workflow INFO:
	 [Node] Finished "signals", elapsed time 30.274937s.
250329-15:18:18,964 nipype.workflow INFO:
	 [Node] Finished "signals", elapsed time 30.420607s.
250329-15:18:19,202 nipype.workflow INFO:
	 [Node] Finished "epi_t1_report", elapsed time 71.791537s.
250329-15:18:19,244 nipype.workflow INFO:
	 [Node] Executing "ds_epi_t1_report" <fmriprep.interfaces.DerivativesDataSink>
250329-15:18:19,269 nipype.workflow INFO:
	 [Node] Finished "ds_epi_t1_report", elapsed time 0.024329s.
250329-15:18:19,382 nipype.workflow INFO:
	 [Node] Setting-up "fmriprep_24_0_wf.sub_27_wf.bold_task_bird_run_1_wf.bold_confounds_wf.conf_corr_plot" in "/work_dir/fmriprep_24_0_wf/sub_27_wf/bold_task_bird_run_1_wf/bold_confounds_wf/conf_corr_plot".
250329-15:18:19,443 nipype.workflow INFO:
	 [Node] Executing "conf_corr_plot" <nireports.interfaces.nuisance.ConfoundsCorrelationPlot>
250329-15:18:19,905 nipype.workflow INFO:
	 [Node] Setting-up "fmriprep_24_0_wf.sub_27_wf.bold_task_bird_run_6_wf.bold_fit_wf.func_fit_reports_wf.ds_epi_t1_report" in "/work_dir/fmriprep_24_0_wf/sub_27_wf/bold_task_bird_run_6_wf/bold_fit_wf/func_fit_reports_wf/ds_epi_t1_report".
250329-15:18:19,927 nipype.workflow INFO:
	 [Node] Executing "ds_epi_t1_report" <fmriprep.interfaces.DerivativesDataSink>
250329-15:18:19,992 nipype.workflow INFO:
	 [Node] Finished "ds_epi_t1_report", elapsed time 0.064628s.
250329-15:18:22,264 nipype.workflow INFO:
	 [Node] Finished "conf_corr_plot", elapsed time 2.820205s.
250329-15:18:22,808 nipype.workflow INFO:
	 [Node] Setting-up "fmriprep_24_0_wf.sub_27_wf.bold_task_bird_run_5_wf.bold_confounds_wf.acc_metadata_fmt" in "/work_dir/fmriprep_24_0_wf/sub_27_wf/bold_task_bird_run_5_wf/bold_confounds_wf/acc_metadata_fmt".
250329-15:18:22,810 nipype.workflow INFO:
	 [Node] Executing "acc_metadata_fmt" <niworkflows.interfaces.utility.TSV2JSON>
250329-15:18:22,819 nipype.workflow INFO:
	 [Node] Finished "acc_metadata_fmt", elapsed time 0.007963s.
250329-15:18:22,825 nipype.workflow INFO:
	 [Node] Setting-up "fmriprep_24_0_wf.sub_27_wf.bold_task_bird_run_5_wf.bold_confounds_wf.model_expansion" in "/work_dir/fmriprep_24_0_wf/sub_27_wf/bold_task_bird_run_5_wf/bold_confounds_wf/model_expansion".
250329-15:18:22,827 nipype.workflow INFO:
	 [Node] Executing "model_expansion" <niworkflows.interfaces.confounds.ExpandModel>
250329-15:18:22,836 nipype.workflow INFO:
	 [Node] Setting-up "fmriprep_24_0_wf.sub_27_wf.bold_task_bird_run_6_wf.bold_confounds_wf.acc_metadata_fmt" in "/work_dir/fmriprep_24_0_wf/sub_27_wf/bold_task_bird_run_6_wf/bold_confounds_wf/acc_metadata_fmt".
250329-15:18:22,839 nipype.workflow INFO:
	 [Node] Executing "acc_metadata_fmt" <niworkflows.interfaces.utility.TSV2JSON>
250329-15:18:22,847 nipype.workflow INFO:
	 [Node] Setting-up "fmriprep_24_0_wf.sub_27_wf.bold_task_bird_run_6_wf.bold_confounds_wf.model_expansion" in "/work_dir/fmriprep_24_0_wf/sub_27_wf/bold_task_bird_run_6_wf/bold_confounds_wf/model_expansion".
250329-15:18:22,849 nipype.workflow INFO:
	 [Node] Executing "model_expansion" <niworkflows.interfaces.confounds.ExpandModel>
250329-15:18:22,858 nipype.workflow INFO:
	 [Node] Setting-up "fmriprep_24_0_wf.sub_27_wf.bold_task_bird_run_6_wf.bold_confounds_wf.conf_corr_plot" in "/work_dir/fmriprep_24_0_wf/sub_27_wf/bold_task_bird_run_6_wf/bold_confounds_wf/conf_corr_plot".
250329-15:18:22,859 nipype.workflow INFO:
	 [Node] Finished "acc_metadata_fmt", elapsed time 0.019738s.
250329-15:18:22,881 nipype.workflow INFO:
	 [Node] Executing "conf_corr_plot" <nireports.interfaces.nuisance.ConfoundsCorrelationPlot>
250329-15:18:23,412 nipype.workflow INFO:
	 [Node] Finished "model_expansion", elapsed time 0.561824s.
250329-15:18:23,438 nipype.workflow INFO:
	 [Node] Finished "model_expansion", elapsed time 0.609823s.
250329-15:18:23,534 nipype.workflow INFO:
	 [Node] Finished "epi_t1_report", elapsed time 71.523883s.
250329-15:18:23,752 nipype.workflow INFO:
	 [Node] Finished "epi_t1_report", elapsed time 76.334376s.
250329-15:18:24,113 nipype.workflow INFO:
	 [Node] Setting-up "fmriprep_24_0_wf.sub_27_wf.bold_task_bird_run_5_wf.bold_confounds_wf.conf_corr_plot" in "/work_dir/fmriprep_24_0_wf/sub_27_wf/bold_task_bird_run_5_wf/bold_confounds_wf/conf_corr_plot".
250329-15:18:24,276 nipype.workflow INFO:
	 [Node] Executing "conf_corr_plot" <nireports.interfaces.nuisance.ConfoundsCorrelationPlot>
250329-15:18:24,502 nipype.workflow INFO:
	 [Node] Finished "epi_t1_report", elapsed time 77.089025s.
250329-15:18:24,792 nipype.workflow INFO:
	 [Node] Finished "epi_t1_report", elapsed time 73.667776s.
250329-15:18:25,505 nipype.workflow INFO:
	 [Node] Finished "conf_corr_plot", elapsed time 2.6235720000000002s.
250329-15:18:26,172 nipype.workflow INFO:
	 [Node] Setting-up "fmriprep_24_0_wf.sub_27_wf.bold_task_bird_run_1_wf.bold_confounds_wf.spike_regressors" in "/work_dir/fmriprep_24_0_wf/sub_27_wf/bold_task_bird_run_1_wf/bold_confounds_wf/spike_regressors".
250329-15:18:26,175 nipype.workflow INFO:
	 [Node] Executing "spike_regressors" <niworkflows.interfaces.confounds.SpikeRegressors>
250329-15:18:26,431 nipype.workflow INFO:
	 [Node] Finished "spike_regressors", elapsed time 0.25543s.
250329-15:18:27,621 nipype.workflow INFO:
	 [Node] Finished "conf_corr_plot", elapsed time 3.344276s.
250329-15:18:28,103 nipype.workflow INFO:
	 [Node] Setting-up "fmriprep_24_0_wf.sub_27_wf.bold_task_bird_run_1_wf.bold_fit_wf.func_fit_reports_wf.ds_epi_t1_report" in "/work_dir/fmriprep_24_0_wf/sub_27_wf/bold_task_bird_run_1_wf/bold_fit_wf/func_fit_reports_wf/ds_epi_t1_report".
250329-15:18:28,107 nipype.workflow INFO:
	 [Node] Executing "ds_epi_t1_report" <fmriprep.interfaces.DerivativesDataSink>
250329-15:18:28,114 nipype.workflow INFO:
	 [Node] Setting-up "fmriprep_24_0_wf.sub_27_wf.bold_task_bird_run_2_wf.bold_fit_wf.func_fit_reports_wf.ds_epi_t1_report" in "/work_dir/fmriprep_24_0_wf/sub_27_wf/bold_task_bird_run_2_wf/bold_fit_wf/func_fit_reports_wf/ds_epi_t1_report".
250329-15:18:28,117 nipype.workflow INFO:
	 [Node] Setting-up "fmriprep_24_0_wf.sub_27_wf.bold_task_bird_run_3_wf.bold_fit_wf.func_fit_reports_wf.ds_epi_t1_report" in "/work_dir/fmriprep_24_0_wf/sub_27_wf/bold_task_bird_run_3_wf/bold_fit_wf/func_fit_reports_wf/ds_epi_t1_report".
250329-15:18:28,121 nipype.workflow INFO:
	 [Node] Setting-up "fmriprep_24_0_wf.sub_27_wf.bold_task_bird_run_4_wf.bold_fit_wf.func_fit_reports_wf.ds_epi_t1_report" in "/work_dir/fmriprep_24_0_wf/sub_27_wf/bold_task_bird_run_4_wf/bold_fit_wf/func_fit_reports_wf/ds_epi_t1_report".
250329-15:18:28,127 nipype.workflow INFO:
	 [Node] Executing "ds_epi_t1_report" <fmriprep.interfaces.DerivativesDataSink>
250329-15:18:28,130 nipype.workflow INFO:
	 [Node] Executing "ds_epi_t1_report" <fmriprep.interfaces.DerivativesDataSink>
250329-15:18:28,134 nipype.workflow INFO:
	 [Node] Setting-up "fmriprep_24_0_wf.sub_27_wf.bold_task_bird_run_2_wf.bold_confounds_wf.conf_corr_plot" in "/work_dir/fmriprep_24_0_wf/sub_27_wf/bold_task_bird_run_2_wf/bold_confounds_wf/conf_corr_plot".
250329-15:18:28,135 nipype.workflow INFO:
	 [Node] Setting-up "fmriprep_24_0_wf.sub_27_wf.bold_task_bird_run_2_wf.bold_confounds_wf.model_expansion" in "/work_dir/fmriprep_24_0_wf/sub_27_wf/bold_task_bird_run_2_wf/bold_confounds_wf/model_expansion".
250329-15:18:28,137 nipype.workflow INFO:
	 [Node] Executing "model_expansion" <niworkflows.interfaces.confounds.ExpandModel>
250329-15:18:28,145 nipype.workflow INFO:
	 [Node] Setting-up "fmriprep_24_0_wf.sub_27_wf.bold_task_bird_run_3_wf.bold_confounds_wf.model_expansion" in "/work_dir/fmriprep_24_0_wf/sub_27_wf/bold_task_bird_run_3_wf/bold_confounds_wf/model_expansion".
250329-15:18:28,147 nipype.workflow INFO:
	 [Node] Executing "model_expansion" <niworkflows.interfaces.confounds.ExpandModel>
250329-15:18:28,163 nipype.workflow INFO:
	 [Node] Executing "conf_corr_plot" <nireports.interfaces.nuisance.ConfoundsCorrelationPlot>
250329-15:18:28,167 nipype.workflow INFO:
	 [Node] Setting-up "fmriprep_24_0_wf.sub_27_wf.bold_task_bird_run_4_wf.bold_confounds_wf.model_expansion" in "/work_dir/fmriprep_24_0_wf/sub_27_wf/bold_task_bird_run_4_wf/bold_confounds_wf/model_expansion".
250329-15:18:28,169 nipype.workflow INFO:
	 [Node] Executing "model_expansion" <niworkflows.interfaces.confounds.ExpandModel>
250329-15:18:28,170 nipype.workflow INFO:
	 [Node] Setting-up "fmriprep_24_0_wf.sub_27_wf.bold_task_bird_run_4_wf.bold_confounds_wf.conf_corr_plot" in "/work_dir/fmriprep_24_0_wf/sub_27_wf/bold_task_bird_run_4_wf/bold_confounds_wf/conf_corr_plot".
250329-15:18:28,182 nipype.workflow INFO:
	 [Node] Finished "ds_epi_t1_report", elapsed time 0.073441s.
250329-15:18:28,193 nipype.workflow INFO:
	 [Node] Executing "conf_corr_plot" <nireports.interfaces.nuisance.ConfoundsCorrelationPlot>
250329-15:18:28,265 nipype.workflow INFO:
	 [Node] Finished "ds_epi_t1_report", elapsed time 0.1339s.
250329-15:18:28,267 nipype.workflow INFO:
	 [Node] Finished "ds_epi_t1_report", elapsed time 0.139338s.
250329-15:18:28,695 nipype.workflow INFO:
	 [Node] Finished "model_expansion", elapsed time 0.557276s.
250329-15:18:28,774 nipype.workflow INFO:
	 [Node] Finished "model_expansion", elapsed time 0.626419s.
250329-15:18:28,801 nipype.workflow INFO:
	 [Node] Finished "model_expansion", elapsed time 0.630544s.
250329-15:18:28,874 nipype.workflow INFO:
	 [Node] Executing "ds_epi_t1_report" <fmriprep.interfaces.DerivativesDataSink>
250329-15:18:28,937 nipype.workflow INFO:
	 [Node] Finished "ds_epi_t1_report", elapsed time 0.055147s.
250329-15:18:29,169 nipype.workflow INFO:
	 [Node] Setting-up "fmriprep_24_0_wf.sub_27_wf.bold_task_bird_run_3_wf.bold_confounds_wf.conf_corr_plot" in "/work_dir/fmriprep_24_0_wf/sub_27_wf/bold_task_bird_run_3_wf/bold_confounds_wf/conf_corr_plot".
250329-15:18:29,206 nipype.workflow INFO:
	 [Node] Executing "conf_corr_plot" <nireports.interfaces.nuisance.ConfoundsCorrelationPlot>
250329-15:18:29,368 nipype.workflow INFO:
	 [Node] Setting-up "fmriprep_24_0_wf.sub_27_wf.bold_task_bird_run_5_wf.bold_confounds_wf.spike_regressors" in "/work_dir/fmriprep_24_0_wf/sub_27_wf/bold_task_bird_run_5_wf/bold_confounds_wf/spike_regressors".
250329-15:18:29,371 nipype.workflow INFO:
	 [Node] Executing "spike_regressors" <niworkflows.interfaces.confounds.SpikeRegressors>
250329-15:18:29,722 nipype.workflow INFO:
	 [Node] Finished "spike_regressors", elapsed time 0.350074s.
250329-15:18:30,437 nipype.workflow INFO:
	 [Node] Setting-up "fmriprep_24_0_wf.sub_27_wf.bold_task_bird_run_6_wf.bold_confounds_wf.spike_regressors" in "/work_dir/fmriprep_24_0_wf/sub_27_wf/bold_task_bird_run_6_wf/bold_confounds_wf/spike_regressors".
250329-15:18:30,440 nipype.workflow INFO:
	 [Node] Executing "spike_regressors" <niworkflows.interfaces.confounds.SpikeRegressors>
250329-15:18:30,744 nipype.workflow INFO:
	 [Node] Finished "conf_corr_plot", elapsed time 2.55036s.
250329-15:18:30,819 nipype.workflow INFO:
	 [Node] Finished "spike_regressors", elapsed time 0.377732s.
250329-15:18:30,947 nipype.workflow INFO:
	 [Node] Finished "conf_corr_plot", elapsed time 2.749987s.
250329-15:18:31,250 nipype.workflow INFO:
	 [Node] Finished "conf_corr_plot", elapsed time 2.043104s.
250329-15:18:33,118 nipype.workflow INFO:
	 [Node] Setting-up "fmriprep_24_0_wf.sub_27_wf.bold_task_bird_run_2_wf.bold_confounds_wf.spike_regressors" in "/work_dir/fmriprep_24_0_wf/sub_27_wf/bold_task_bird_run_2_wf/bold_confounds_wf/spike_regressors".
250329-15:18:33,120 nipype.workflow INFO:
	 [Node] Executing "spike_regressors" <niworkflows.interfaces.confounds.SpikeRegressors>
250329-15:18:33,349 nipype.workflow INFO:
	 [Node] Finished "spike_regressors", elapsed time 0.228196s.
250329-15:18:33,558 nipype.workflow INFO:
	 [Node] Setting-up "fmriprep_24_0_wf.sub_27_wf.bold_task_bird_run_3_wf.bold_confounds_wf.spike_regressors" in "/work_dir/fmriprep_24_0_wf/sub_27_wf/bold_task_bird_run_3_wf/bold_confounds_wf/spike_regressors".
250329-15:18:33,560 nipype.workflow INFO:
	 [Node] Executing "spike_regressors" <niworkflows.interfaces.confounds.SpikeRegressors>
250329-15:18:33,910 nipype.workflow INFO:
	 [Node] Finished "spike_regressors", elapsed time 0.34874s.
250329-15:18:33,971 nipype.workflow INFO:
	 [Node] Setting-up "fmriprep_24_0_wf.sub_27_wf.bold_task_bird_run_4_wf.bold_confounds_wf.spike_regressors" in "/work_dir/fmriprep_24_0_wf/sub_27_wf/bold_task_bird_run_4_wf/bold_confounds_wf/spike_regressors".
250329-15:18:33,973 nipype.workflow INFO:
	 [Node] Executing "spike_regressors" <niworkflows.interfaces.confounds.SpikeRegressors>
250329-15:18:34,320 nipype.workflow INFO:
	 [Node] Finished "spike_regressors", elapsed time 0.34646s.
250329-15:18:34,786 nipype.workflow INFO:
	 [Node] Finished "rois_plot", elapsed time 54.610507s.
250329-15:18:37,790 nipype.workflow INFO:
	 [Node] Finished "rois_plot", elapsed time 55.055025s.
250329-15:18:42,163 nipype.workflow INFO:
	 [Node] Finished "rois_plot", elapsed time 54.400212s.
250329-15:18:44,690 nipype.workflow INFO:
	 [Node] Finished "rois_plot", elapsed time 44.000046s.
250329-15:18:45,681 nipype.workflow INFO:
	 [Node] Finished "rois_plot", elapsed time 45.979891s.
250329-15:18:48,113 nipype.workflow INFO:
	 [Node] Finished "rois_plot", elapsed time 44.939048s.
250329-15:52:23,449 nipype.workflow INFO:
	 [Node] Finished "registration", elapsed time 2344.815078s.
250329-15:52:24,849 nipype.workflow INFO:
	 [Node] Setting-up "fmriprep_24_0_wf.sub_27_wf.anat_fit_wf.register_template_wf.outputnode" in "/work_dir/fmriprep_24_0_wf/sub_27_wf/anat_fit_wf/register_template_wf/outputnode".
250329-15:52:24,852 nipype.workflow INFO:
	 [Node] Executing "outputnode" <nipype.interfaces.utility.base.IdentityInterface>
250329-15:52:24,854 nipype.workflow INFO:
	 [Node] Finished "outputnode", elapsed time 0.00042s.
250329-15:52:26,850 nipype.workflow INFO:
	 [Node] Setting-up "fmriprep_24_0_wf.sub_27_wf.anat_fit_wf.template_buffer" in "/work_dir/fmriprep_24_0_wf/sub_27_wf/anat_fit_wf/template_buffer".
250329-15:52:26,853 nipype.workflow INFO:
	 [Node] Executing "template_buffer" <nipype.interfaces.utility.base.Merge>
250329-15:52:26,854 nipype.workflow INFO:
	 [Node] Finished "template_buffer", elapsed time 0.000229s.
250329-15:52:28,846 nipype.workflow INFO:
	 [Node] Setting-up "fmriprep_24_0_wf.sub_27_wf.anat_fit_wf.anat2std_buffer" in "/work_dir/fmriprep_24_0_wf/sub_27_wf/anat_fit_wf/anat2std_buffer".
250329-15:52:28,847 nipype.workflow INFO:
	 [Node] Setting-up "fmriprep_24_0_wf.sub_27_wf.anat_fit_wf.std2anat_buffer" in "/work_dir/fmriprep_24_0_wf/sub_27_wf/anat_fit_wf/std2anat_buffer".
250329-15:52:28,849 nipype.workflow INFO:
	 [Node] Executing "anat2std_buffer" <nipype.interfaces.utility.base.Merge>
250329-15:52:28,850 nipype.workflow INFO:
	 [Node] Executing "std2anat_buffer" <nipype.interfaces.utility.base.Merge>
250329-15:52:28,850 nipype.workflow INFO:
	 [Node] Finished "anat2std_buffer", elapsed time 0.000248s.
250329-15:52:28,851 nipype.workflow INFO:
	 [Node] Finished "std2anat_buffer", elapsed time 0.000229s.
250329-15:52:32,850 nipype.workflow INFO:
	 [Node] Setting-up "fmriprep_24_0_wf.sub_27_wf.bold_task_bird_run_1_wf.carpetplot_wf.mrg_xfms" in "/work_dir/fmriprep_24_0_wf/sub_27_wf/bold_task_bird_run_1_wf/carpetplot_wf/mrg_xfms".
250329-15:52:32,851 nipype.workflow INFO:
	 [Node] Setting-up "fmriprep_24_0_wf.sub_27_wf.bold_task_bird_run_2_wf.carpetplot_wf.mrg_xfms" in "/work_dir/fmriprep_24_0_wf/sub_27_wf/bold_task_bird_run_2_wf/carpetplot_wf/mrg_xfms".
250329-15:52:32,852 nipype.workflow INFO:
	 [Node] Setting-up "fmriprep_24_0_wf.sub_27_wf.bold_task_bird_run_3_wf.carpetplot_wf.mrg_xfms" in "/work_dir/fmriprep_24_0_wf/sub_27_wf/bold_task_bird_run_3_wf/carpetplot_wf/mrg_xfms".
250329-15:52:32,853 nipype.workflow INFO:
	 [Node] Setting-up "fmriprep_24_0_wf.sub_27_wf.bold_task_bird_run_4_wf.carpetplot_wf.mrg_xfms" in "/work_dir/fmriprep_24_0_wf/sub_27_wf/bold_task_bird_run_4_wf/carpetplot_wf/mrg_xfms".
250329-15:52:32,853 nipype.workflow INFO:
	 [Node] Setting-up "fmriprep_24_0_wf.sub_27_wf.bold_task_bird_run_5_wf.carpetplot_wf.mrg_xfms" in "/work_dir/fmriprep_24_0_wf/sub_27_wf/bold_task_bird_run_5_wf/carpetplot_wf/mrg_xfms".
250329-15:52:32,853 nipype.workflow INFO:
	 [Node] Setting-up "fmriprep_24_0_wf.sub_27_wf.bold_task_bird_run_6_wf.carpetplot_wf.mrg_xfms" in "/work_dir/fmriprep_24_0_wf/sub_27_wf/bold_task_bird_run_6_wf/carpetplot_wf/mrg_xfms".
250329-15:52:32,856 nipype.workflow INFO:
	 [Node] Executing "mrg_xfms" <nipype.interfaces.utility.base.Merge>
250329-15:52:32,856 nipype.workflow INFO:
	 [Node] Executing "mrg_xfms" <nipype.interfaces.utility.base.Merge>
250329-15:52:32,857 nipype.workflow INFO:
	 [Node] Finished "mrg_xfms", elapsed time 0.000204s.
250329-15:52:32,857 nipype.workflow INFO:
	 [Node] Executing "mrg_xfms" <nipype.interfaces.utility.base.Merge>
250329-15:52:32,857 nipype.workflow INFO:
	 [Node] Finished "mrg_xfms", elapsed time 0.000217s.
250329-15:52:32,858 nipype.workflow INFO:
	 [Node] Finished "mrg_xfms", elapsed time 0.000219s.
250329-15:52:32,859 nipype.workflow INFO:
	 [Node] Executing "mrg_xfms" <nipype.interfaces.utility.base.Merge>
250329-15:52:32,860 nipype.workflow INFO:
	 [Node] Executing "mrg_xfms" <nipype.interfaces.utility.base.Merge>
250329-15:52:32,860 nipype.workflow INFO:
	 [Node] Finished "mrg_xfms", elapsed time 0.00022s.
250329-15:52:32,861 nipype.workflow INFO:
	 [Node] Finished "mrg_xfms", elapsed time 0.000209s.
250329-15:52:32,863 nipype.workflow INFO:
	 [Node] Executing "mrg_xfms" <nipype.interfaces.utility.base.Merge>
250329-15:52:32,864 nipype.workflow INFO:
	 [Node] Finished "mrg_xfms", elapsed time 0.000218s.
250329-15:52:34,860 nipype.workflow INFO:
	 [Node] Setting-up "fmriprep_24_0_wf.sub_27_wf.bold_task_bird_run_1_wf.carpetplot_wf.resample_parc" in "/work_dir/fmriprep_24_0_wf/sub_27_wf/bold_task_bird_run_1_wf/carpetplot_wf/resample_parc".
250329-15:52:34,861 nipype.workflow INFO:
	 [Node] Setting-up "fmriprep_24_0_wf.sub_27_wf.bold_task_bird_run_2_wf.carpetplot_wf.resample_parc" in "/work_dir/fmriprep_24_0_wf/sub_27_wf/bold_task_bird_run_2_wf/carpetplot_wf/resample_parc".
250329-15:52:34,864 nipype.workflow INFO:
	 [Node] Setting-up "fmriprep_24_0_wf.sub_27_wf.bold_task_bird_run_3_wf.carpetplot_wf.resample_parc" in "/work_dir/fmriprep_24_0_wf/sub_27_wf/bold_task_bird_run_3_wf/carpetplot_wf/resample_parc".
250329-15:52:34,865 nipype.workflow INFO:
	 [Node] Setting-up "fmriprep_24_0_wf.sub_27_wf.bold_task_bird_run_4_wf.carpetplot_wf.resample_parc" in "/work_dir/fmriprep_24_0_wf/sub_27_wf/bold_task_bird_run_4_wf/carpetplot_wf/resample_parc".
250329-15:52:34,866 nipype.workflow INFO:
	 [Node] Setting-up "fmriprep_24_0_wf.sub_27_wf.bold_task_bird_run_5_wf.carpetplot_wf.resample_parc" in "/work_dir/fmriprep_24_0_wf/sub_27_wf/bold_task_bird_run_5_wf/carpetplot_wf/resample_parc".
250329-15:52:34,867 nipype.workflow INFO:
	 [Node] Executing "resample_parc" <niworkflows.interfaces.fixes.FixHeaderApplyTransforms>
250329-15:52:34,867 nipype.workflow INFO:
	 [Node] Setting-up "fmriprep_24_0_wf.sub_27_wf.bold_task_bird_run_6_wf.carpetplot_wf.resample_parc" in "/work_dir/fmriprep_24_0_wf/sub_27_wf/bold_task_bird_run_6_wf/carpetplot_wf/resample_parc".
250329-15:52:34,868 nipype.workflow INFO:
	 [Node] Executing "resample_parc" <niworkflows.interfaces.fixes.FixHeaderApplyTransforms>
250329-15:52:34,868 nipype.workflow INFO:
	 [Node] Executing "resample_parc" <niworkflows.interfaces.fixes.FixHeaderApplyTransforms>
250329-15:52:34,871 nipype.workflow INFO:
	 [Node] Executing "resample_parc" <niworkflows.interfaces.fixes.FixHeaderApplyTransforms>
250329-15:52:34,871 nipype.workflow INFO:
	 [Node] Executing "resample_parc" <niworkflows.interfaces.fixes.FixHeaderApplyTransforms>
250329-15:52:34,872 nipype.workflow INFO:
	 [Node] Executing "resample_parc" <niworkflows.interfaces.fixes.FixHeaderApplyTransforms>
250329-15:52:41,693 nipype.workflow INFO:
	 [Node] Finished "resample_parc", elapsed time 6.824072s.
250329-15:52:41,729 nipype.workflow INFO:
	 [Node] Finished "resample_parc", elapsed time 6.857416s.
250329-15:52:41,734 nipype.workflow INFO:
	 [Node] Finished "resample_parc", elapsed time 6.862577s.
250329-15:52:41,764 nipype.workflow INFO:
	 [Node] Finished "resample_parc", elapsed time 6.896072s.
250329-15:52:41,765 nipype.workflow INFO:
	 [Node] Finished "resample_parc", elapsed time 6.896224s.
250329-15:52:41,944 nipype.workflow INFO:
	 [Node] Finished "resample_parc", elapsed time 7.071429s.
250329-15:52:42,857 nipype.workflow INFO:
	 [Node] Setting-up "fmriprep_24_0_wf.sub_27_wf.bold_task_bird_run_1_wf.carpetplot_wf.parcels" in "/work_dir/fmriprep_24_0_wf/sub_27_wf/bold_task_bird_run_1_wf/carpetplot_wf/parcels".
250329-15:52:42,857 nipype.workflow INFO:
	 [Node] Setting-up "fmriprep_24_0_wf.sub_27_wf.bold_task_bird_run_2_wf.carpetplot_wf.parcels" in "/work_dir/fmriprep_24_0_wf/sub_27_wf/bold_task_bird_run_2_wf/carpetplot_wf/parcels".
250329-15:52:42,857 nipype.workflow INFO:
	 [Node] Setting-up "fmriprep_24_0_wf.sub_27_wf.bold_task_bird_run_3_wf.carpetplot_wf.parcels" in "/work_dir/fmriprep_24_0_wf/sub_27_wf/bold_task_bird_run_3_wf/carpetplot_wf/parcels".
250329-15:52:42,858 nipype.workflow INFO:
	 [Node] Setting-up "fmriprep_24_0_wf.sub_27_wf.bold_task_bird_run_4_wf.carpetplot_wf.parcels" in "/work_dir/fmriprep_24_0_wf/sub_27_wf/bold_task_bird_run_4_wf/carpetplot_wf/parcels".
250329-15:52:42,858 nipype.workflow INFO:
	 [Node] Setting-up "fmriprep_24_0_wf.sub_27_wf.bold_task_bird_run_5_wf.carpetplot_wf.parcels" in "/work_dir/fmriprep_24_0_wf/sub_27_wf/bold_task_bird_run_5_wf/carpetplot_wf/parcels".
250329-15:52:42,861 nipype.workflow INFO:
	 [Node] Executing "parcels" <nipype.interfaces.utility.wrappers.Function>
250329-15:52:42,861 nipype.workflow INFO:
	 [Node] Executing "parcels" <nipype.interfaces.utility.wrappers.Function>
250329-15:52:42,862 nipype.workflow INFO:
	 [Node] Executing "parcels" <nipype.interfaces.utility.wrappers.Function>
250329-15:52:42,862 nipype.workflow INFO:
	 [Node] Executing "parcels" <nipype.interfaces.utility.wrappers.Function>
250329-15:52:42,862 nipype.workflow INFO:
	 [Node] Executing "parcels" <nipype.interfaces.utility.wrappers.Function>
250329-15:52:42,869 nipype.workflow INFO:
	 [Node] Setting-up "fmriprep_24_0_wf.sub_27_wf.bold_task_bird_run_6_wf.carpetplot_wf.parcels" in "/work_dir/fmriprep_24_0_wf/sub_27_wf/bold_task_bird_run_6_wf/carpetplot_wf/parcels".
250329-15:52:42,873 nipype.workflow INFO:
	 [Node] Executing "parcels" <nipype.interfaces.utility.wrappers.Function>
250329-15:52:42,936 nipype.workflow INFO:
	 [Node] Finished "parcels", elapsed time 0.073838s.
250329-15:52:42,936 nipype.workflow INFO:
	 [Node] Finished "parcels", elapsed time 0.07333s.
250329-15:52:42,937 nipype.workflow INFO:
	 [Node] Finished "parcels", elapsed time 0.073938s.
250329-15:52:42,940 nipype.workflow INFO:
	 [Node] Finished "parcels", elapsed time 0.077584s.
250329-15:52:42,941 nipype.workflow INFO:
	 [Node] Finished "parcels", elapsed time 0.079312s.
250329-15:52:42,947 nipype.workflow INFO:
	 [Node] Finished "parcels", elapsed time 0.073485s.
250329-15:52:44,868 nipype.workflow INFO:
	 [Node] Setting-up "fmriprep_24_0_wf.sub_27_wf.bold_task_bird_run_1_wf.carpetplot_wf.conf_plot" in "/work_dir/fmriprep_24_0_wf/sub_27_wf/bold_task_bird_run_1_wf/carpetplot_wf/conf_plot".
250329-15:52:44,868 nipype.workflow INFO:
	 [Node] Setting-up "fmriprep_24_0_wf.sub_27_wf.bold_task_bird_run_2_wf.carpetplot_wf.conf_plot" in "/work_dir/fmriprep_24_0_wf/sub_27_wf/bold_task_bird_run_2_wf/carpetplot_wf/conf_plot".
250329-15:52:44,868 nipype.workflow INFO:
	 [Node] Setting-up "fmriprep_24_0_wf.sub_27_wf.bold_task_bird_run_3_wf.carpetplot_wf.conf_plot" in "/work_dir/fmriprep_24_0_wf/sub_27_wf/bold_task_bird_run_3_wf/carpetplot_wf/conf_plot".
250329-15:52:44,868 nipype.workflow INFO:
	 [Node] Setting-up "fmriprep_24_0_wf.sub_27_wf.bold_task_bird_run_4_wf.carpetplot_wf.conf_plot" in "/work_dir/fmriprep_24_0_wf/sub_27_wf/bold_task_bird_run_4_wf/carpetplot_wf/conf_plot".
250329-15:52:44,869 nipype.workflow INFO:
	 [Node] Setting-up "fmriprep_24_0_wf.sub_27_wf.bold_task_bird_run_5_wf.carpetplot_wf.conf_plot" in "/work_dir/fmriprep_24_0_wf/sub_27_wf/bold_task_bird_run_5_wf/carpetplot_wf/conf_plot".
250329-15:52:44,871 nipype.workflow INFO:
	 [Node] Setting-up "fmriprep_24_0_wf.sub_27_wf.bold_task_bird_run_6_wf.carpetplot_wf.conf_plot" in "/work_dir/fmriprep_24_0_wf/sub_27_wf/bold_task_bird_run_6_wf/carpetplot_wf/conf_plot".
250329-15:52:44,874 nipype.workflow INFO:
	 [Node] Executing "conf_plot" <fmriprep.interfaces.confounds.FMRISummary>
250329-15:52:44,874 nipype.workflow INFO:
	 [Node] Executing "conf_plot" <fmriprep.interfaces.confounds.FMRISummary>
250329-15:52:44,875 nipype.workflow INFO:
	 [Node] Executing "conf_plot" <fmriprep.interfaces.confounds.FMRISummary>
250329-15:52:44,875 nipype.workflow INFO:
	 [Node] Executing "conf_plot" <fmriprep.interfaces.confounds.FMRISummary>
250329-15:52:44,876 nipype.workflow INFO:
	 [Node] Executing "conf_plot" <fmriprep.interfaces.confounds.FMRISummary>
250329-15:52:44,878 nipype.workflow INFO:
	 [Node] Executing "conf_plot" <fmriprep.interfaces.confounds.FMRISummary>
250329-15:52:54,558 nipype.workflow INFO:
	 [Node] Finished "conf_plot", elapsed time 9.681987s.
250329-15:52:55,62 nipype.workflow INFO:
	 [Node] Finished "conf_plot", elapsed time 10.187055s.
250329-15:52:55,200 nipype.workflow INFO:
	 [Node] Finished "conf_plot", elapsed time 10.321571s.
250329-15:52:55,243 nipype.workflow INFO:
	 [Node] Finished "conf_plot", elapsed time 10.368442s.
250329-15:52:55,264 nipype.workflow INFO:
	 [Node] Finished "conf_plot", elapsed time 10.387954s.
250329-15:52:55,529 nipype.workflow INFO:
	 [Node] Finished "conf_plot", elapsed time 10.652968s.
250329-16:33:46,132 nipype.workflow INFO:
	 [Node] Finished "_msmsulc1", elapsed time 4944.202709s.
250329-16:34:41,9 nipype.workflow INFO:
	 [Node] Finished "_msmsulc0", elapsed time 4999.082765s.
250329-16:34:43,27 nipype.workflow INFO:
	 [Node] Setting-up "_msmsulc0" in "/work_dir/fmriprep_24_0_wf/sub_27_wf/anat_fit_wf/msm_sulc_wf/msmsulc/mapflow/_msmsulc0".
250329-16:34:43,31 nipype.workflow INFO:
	 [Node] Cached "_msmsulc0" - collecting precomputed outputs
250329-16:34:43,32 nipype.workflow INFO:
	 [Node] "_msmsulc0" found cached.
250329-16:34:43,33 nipype.workflow INFO:
	 [Node] Setting-up "_msmsulc1" in "/work_dir/fmriprep_24_0_wf/sub_27_wf/anat_fit_wf/msm_sulc_wf/msmsulc/mapflow/_msmsulc1".
250329-16:34:43,37 nipype.workflow INFO:
	 [Node] Cached "_msmsulc1" - collecting precomputed outputs
250329-16:34:43,37 nipype.workflow INFO:
	 [Node] "_msmsulc1" found cached.
250329-16:34:50,964 nipype.workflow IMPORTANT:
	 fMRIPrep finished successfully!
250329-16:34:50,971 nipype.workflow IMPORTANT:
	 Works derived from this fMRIPrep execution should include the boilerplate text found in <OUTPUT_PATH>/logs/CITATION.md.
