You are using fMRIPrep-24.0.0, and a newer version of fMRIPrep is available: 25.0.0.
Please check out our documentation about how and when to upgrade:
https://fmriprep.readthedocs.io/en/latest/faq.html#upgrading
bids-validator@1.14.6
(node:407487) Warning: Closing directory handle on garbage collection
(Use `node --trace-warnings ...` to show where the warning was created)
	[33m1: [WARN] The recommended file /README is missing. See Section 03 (Modality agnostic files) of the BIDS specification. (code: 101 - README_FILE_MISSING)[39m

[36m	Please visit https://neurostars.org/search?q=README_FILE_MISSING for existing conversations about this issue.[39m

        [34m[4mSummary:[24m[39m                  [34m[4mAvailable Tasks:[24m[39m        [34m[4mAvailable Modalities:[39m[24m 
        681 Files, 46.44GB                                MRI                   
        34 - Subjects                                                           
        1 - Session                                                             


[36m	If you have any questions, please post on https://neurostars.org/tags/bids.[39m
250329-09:51:47,816 nipype.workflow IMPORTANT:
	 Running fMRIPrep version 24.0.0

         License NOTICE ##################################################
         fMRIPrep 24.0.0
         Copyright The NiPreps Developers.
         
         This product includes software developed by
         the NiPreps Community (https://nipreps.org/).
         
         Portions of this software were developed at the Department of
         Psychology at Stanford University, Stanford, CA, US.
         
         This software is also distributed as a Docker container image.
         The bootstrapping file for the image ("Dockerfile") is licensed
         under the MIT License.
         
         This software may be distributed through an add-on package called
         "Docker Wrapper" that is under the BSD 3-clause License.
         #################################################################
250329-09:51:47,852 nipype.workflow IMPORTANT:
	 Building fMRIPrep's workflow:
           * BIDS dataset path: /raw.
           * Participant list: ['32'].
           * Run identifier: 20250329-095127_1d41e92a-a131-4a68-a2a0-0cb3ac03cd6a.
           * Output spaces: func.
           * Pre-run FreeSurfer's SUBJECTS_DIR: /output/sourcedata/freesurfer.
250329-09:51:48,658 nipype.workflow INFO:
	 ANAT Stage 1: Adding template workflow
250329-09:51:49,217 nipype.workflow INFO:
	 ANAT Stage 2: Preparing brain extraction workflow
250329-09:51:49,361 nipype.workflow INFO:
	 ANAT Stage 3: Preparing segmentation workflow
250329-09:51:49,369 nipype.workflow INFO:
	 ANAT Stage 4: Preparing normalization workflow for ['MNI152NLin2009cAsym']
250329-09:51:49,385 nipype.workflow INFO:
	 ANAT Stage 5: Preparing surface reconstruction workflow
250329-09:51:49,417 nipype.workflow INFO:
	 ANAT Stage 6: Preparing mask refinement workflow
250329-09:51:49,422 nipype.workflow INFO:
	 ANAT No T2w images provided - skipping Stage 7
250329-09:51:49,422 nipype.workflow INFO:
	 ANAT Stage 8: Creating GIFTI surfaces for ['white', 'pial', 'midthickness', 'sphere_reg', 'sphere']
250329-09:51:49,452 nipype.workflow INFO:
	 ANAT Stage 8: Creating GIFTI metrics for ['thickness', 'sulc']
250329-09:51:49,464 nipype.workflow INFO:
	 ANAT Stage 8a: Creating cortical ribbon mask
250329-09:51:49,470 nipype.workflow INFO:
	 ANAT Stage 9: Creating fsLR registration sphere
250329-09:51:49,476 nipype.workflow INFO:
	 ANAT Stage 10: Creating MSM-Sulc registration sphere
250329-09:51:49,716 nipype.workflow INFO:
	 No single-band-reference found for sub-32_task-bird_run-1_bold.nii.gz.
250329-09:51:49,827 nipype.workflow INFO:
	 Stage 1: Adding HMC boldref workflow
250329-09:51:49,838 nipype.workflow INFO:
	 Stage 2: Adding motion correction workflow
250329-09:51:49,852 nipype.workflow INFO:
	 Stage 3: Adding coregistration boldref workflow
250329-09:51:49,926 nipype.workflow IMPORTANT:
	 BOLD series will be slice-timing corrected to an offset of 0.959s.
250329-09:51:50,94 nipype.workflow INFO:
	 No single-band-reference found for sub-32_task-bird_run-2_bold.nii.gz.
250329-09:51:50,181 nipype.workflow INFO:
	 Stage 1: Adding HMC boldref workflow
250329-09:51:50,190 nipype.workflow INFO:
	 Stage 2: Adding motion correction workflow
250329-09:51:50,199 nipype.workflow INFO:
	 Stage 3: Adding coregistration boldref workflow
250329-09:51:50,263 nipype.workflow IMPORTANT:
	 BOLD series will be slice-timing corrected to an offset of 0.959s.
250329-09:51:50,421 nipype.workflow INFO:
	 No single-band-reference found for sub-32_task-bird_run-3_bold.nii.gz.
250329-09:51:50,508 nipype.workflow INFO:
	 Stage 1: Adding HMC boldref workflow
250329-09:51:50,517 nipype.workflow INFO:
	 Stage 2: Adding motion correction workflow
250329-09:51:50,524 nipype.workflow INFO:
	 Stage 3: Adding coregistration boldref workflow
250329-09:51:50,590 nipype.workflow IMPORTANT:
	 BOLD series will be slice-timing corrected to an offset of 0.959s.
250329-09:51:50,747 nipype.workflow INFO:
	 No single-band-reference found for sub-32_task-bird_run-4_bold.nii.gz.
250329-09:51:50,834 nipype.workflow INFO:
	 Stage 1: Adding HMC boldref workflow
250329-09:51:50,844 nipype.workflow INFO:
	 Stage 2: Adding motion correction workflow
250329-09:51:50,851 nipype.workflow INFO:
	 Stage 3: Adding coregistration boldref workflow
250329-09:51:50,915 nipype.workflow IMPORTANT:
	 BOLD series will be slice-timing corrected to an offset of 0.96s.
250329-09:51:51,72 nipype.workflow INFO:
	 No single-band-reference found for sub-32_task-bird_run-5_bold.nii.gz.
250329-09:51:51,158 nipype.workflow INFO:
	 Stage 1: Adding HMC boldref workflow
250329-09:51:51,168 nipype.workflow INFO:
	 Stage 2: Adding motion correction workflow
250329-09:51:51,175 nipype.workflow INFO:
	 Stage 3: Adding coregistration boldref workflow
250329-09:51:51,244 nipype.workflow IMPORTANT:
	 BOLD series will be slice-timing corrected to an offset of 0.959s.
250329-09:51:51,402 nipype.workflow INFO:
	 No single-band-reference found for sub-32_task-bird_run-6_bold.nii.gz.
250329-09:51:51,488 nipype.workflow INFO:
	 Stage 1: Adding HMC boldref workflow
250329-09:51:51,498 nipype.workflow INFO:
	 Stage 2: Adding motion correction workflow
250329-09:51:51,505 nipype.workflow INFO:
	 Stage 3: Adding coregistration boldref workflow
250329-09:51:51,569 nipype.workflow IMPORTANT:
	 BOLD series will be slice-timing corrected to an offset of 0.959s.
250329-09:51:57,176 nipype.workflow INFO:
	 fMRIPrep workflow graph with 1089 nodes built successfully.
250329-09:52:19,606 nipype.workflow IMPORTANT:
	 fMRIPrep started!
250329-09:52:41,561 nipype.workflow INFO:
	 [Node] Setting-up "fmriprep_24_0_wf.sub_32_wf.anat_fit_wf.brain_extraction_wf.full_wm" in "/work_dir/fmriprep_24_0_wf/sub_32_wf/anat_fit_wf/brain_extraction_wf/full_wm".
250329-09:52:41,570 nipype.workflow INFO:
	 [Node] Executing "full_wm" <nipype.interfaces.utility.wrappers.Function>
250329-09:52:42,132 nipype.workflow INFO:
	 [Node] Setting-up "fmriprep_24_0_wf.sub_32_wf.anat_fit_wf.brain_extraction_wf.res_tmpl" in "/work_dir/fmriprep_24_0_wf/sub_32_wf/anat_fit_wf/brain_extraction_wf/res_tmpl".
250329-09:52:42,135 nipype.workflow INFO:
	 [Node] Executing "res_tmpl" <niworkflows.interfaces.nibabel.RegridToZooms>
250329-09:52:42,235 nipype.workflow INFO:
	 [Node] Setting-up "fmriprep_24_0_wf.sub_32_wf.anat_fit_wf.brain_extraction_wf.lap_tmpl" in "/work_dir/fmriprep_24_0_wf/sub_32_wf/anat_fit_wf/brain_extraction_wf/lap_tmpl".
250329-09:52:42,247 nipype.workflow INFO:
	 [Node] Executing "lap_tmpl" <nipype.interfaces.ants.utils.ImageMath>
250329-09:52:42,659 nipype.workflow INFO:
	 [Node] Setting-up "fmriprep_24_0_wf.sub_32_wf.bold_task_bird_run_1_wf.bold_fit_wf.hmc_boldref_wf.val_bold" in "/work_dir/fmriprep_24_0_wf/sub_32_wf/bold_task_bird_run_1_wf/bold_fit_wf/hmc_boldref_wf/val_bold".
250329-09:52:42,661 nipype.workflow INFO:
	 [Node] Executing "val_bold" <niworkflows.interfaces.header.ValidateImage>
250329-09:52:42,889 nipype.workflow INFO:
	 [Node] Setting-up "fmriprep_24_0_wf.sub_32_wf.bold_task_bird_run_1_wf.bold_fit_wf.hmc_boldref_wf.get_dummy" in "/work_dir/fmriprep_24_0_wf/sub_32_wf/bold_task_bird_run_1_wf/bold_fit_wf/hmc_boldref_wf/get_dummy".
250329-09:52:42,891 nipype.workflow INFO:
	 [Node] Executing "get_dummy" <niworkflows.interfaces.bold.NonsteadyStatesDetector>
250329-09:52:43,31 nipype.workflow INFO:
	 [Node] Finished "val_bold", elapsed time 0.330779s.
250329-09:52:44,87 nipype.workflow INFO:
	 [Node] Finished "full_wm", elapsed time 2.481476s.
250329-09:52:44,465 nipype.workflow INFO:
	 [Node] Setting-up "fmriprep_24_0_wf.sub_32_wf.bold_task_bird_run_1_wf.bold_native_wf.bold_source" in "/work_dir/fmriprep_24_0_wf/sub_32_wf/bold_task_bird_run_1_wf/bold_native_wf/bold_source".
250329-09:52:44,476 nipype.workflow INFO:
	 [Node] Executing "bold_source" <nipype.interfaces.utility.base.Select>
250329-09:52:44,505 nipype.workflow INFO:
	 [Node] Finished "bold_source", elapsed time 0.000415s.
250329-09:52:45,278 nipype.workflow INFO:
	 [Node] Setting-up "fmriprep_24_0_wf.sub_32_wf.bold_task_bird_run_2_wf.bold_fit_wf.hmc_boldref_wf.val_bold" in "/work_dir/fmriprep_24_0_wf/sub_32_wf/bold_task_bird_run_2_wf/bold_fit_wf/hmc_boldref_wf/val_bold".
250329-09:52:45,280 nipype.workflow INFO:
	 [Node] Executing "val_bold" <niworkflows.interfaces.header.ValidateImage>
250329-09:52:45,476 nipype.workflow INFO:
	 [Node] Setting-up "fmriprep_24_0_wf.sub_32_wf.bold_task_bird_run_2_wf.bold_native_wf.bold_source" in "/work_dir/fmriprep_24_0_wf/sub_32_wf/bold_task_bird_run_2_wf/bold_native_wf/bold_source".
250329-09:52:45,478 nipype.workflow INFO:
	 [Node] Executing "bold_source" <nipype.interfaces.utility.base.Select>
250329-09:52:45,517 nipype.workflow INFO:
	 [Node] Finished "bold_source", elapsed time 0.000416s.
250329-09:52:45,563 nipype.workflow INFO:
	 [Node] Finished "val_bold", elapsed time 0.255534s.
250329-09:52:45,576 nipype.workflow INFO:
	 [Node] Setting-up "fmriprep_24_0_wf.sub_32_wf.bold_task_bird_run_3_wf.bold_fit_wf.hmc_boldref_wf.get_dummy" in "/work_dir/fmriprep_24_0_wf/sub_32_wf/bold_task_bird_run_3_wf/bold_fit_wf/hmc_boldref_wf/get_dummy".
250329-09:52:45,578 nipype.workflow INFO:
	 [Node] Executing "get_dummy" <niworkflows.interfaces.bold.NonsteadyStatesDetector>
250329-09:52:45,606 nipype.workflow INFO:
	 [Node] Setting-up "fmriprep_24_0_wf.sub_32_wf.bold_task_bird_run_2_wf.bold_fit_wf.hmc_boldref_wf.get_dummy" in "/work_dir/fmriprep_24_0_wf/sub_32_wf/bold_task_bird_run_2_wf/bold_fit_wf/hmc_boldref_wf/get_dummy".
250329-09:52:45,611 nipype.workflow INFO:
	 [Node] Executing "get_dummy" <niworkflows.interfaces.bold.NonsteadyStatesDetector>
250329-09:52:45,814 nipype.workflow INFO:
	 [Node] Setting-up "fmriprep_24_0_wf.sub_32_wf.bold_task_bird_run_3_wf.bold_native_wf.bold_source" in "/work_dir/fmriprep_24_0_wf/sub_32_wf/bold_task_bird_run_3_wf/bold_native_wf/bold_source".
250329-09:52:45,817 nipype.workflow INFO:
	 [Node] Executing "bold_source" <nipype.interfaces.utility.base.Select>
250329-09:52:45,853 nipype.workflow INFO:
	 [Node] Finished "bold_source", elapsed time 0.000404s.
250329-09:52:46,182 nipype.workflow INFO:
	 [Node] Setting-up "fmriprep_24_0_wf.sub_32_wf.bold_task_bird_run_3_wf.bold_fit_wf.hmc_boldref_wf.val_bold" in "/work_dir/fmriprep_24_0_wf/sub_32_wf/bold_task_bird_run_3_wf/bold_fit_wf/hmc_boldref_wf/val_bold".
250329-09:52:46,184 nipype.workflow INFO:
	 [Node] Executing "val_bold" <niworkflows.interfaces.header.ValidateImage>
250329-09:52:46,544 nipype.workflow INFO:
	 [Node] Finished "val_bold", elapsed time 0.359849s.
250329-09:52:46,551 nipype.workflow INFO:
	 [Node] Setting-up "fmriprep_24_0_wf.sub_32_wf.bold_task_bird_run_4_wf.bold_fit_wf.hmc_boldref_wf.val_bold" in "/work_dir/fmriprep_24_0_wf/sub_32_wf/bold_task_bird_run_4_wf/bold_fit_wf/hmc_boldref_wf/val_bold".
250329-09:52:46,553 nipype.workflow INFO:
	 [Node] Executing "val_bold" <niworkflows.interfaces.header.ValidateImage>
250329-09:52:46,612 nipype.workflow INFO:
	 [Node] Setting-up "fmriprep_24_0_wf.sub_32_wf.bold_task_bird_run_4_wf.bold_fit_wf.hmc_boldref_wf.get_dummy" in "/work_dir/fmriprep_24_0_wf/sub_32_wf/bold_task_bird_run_4_wf/bold_fit_wf/hmc_boldref_wf/get_dummy".
250329-09:52:46,621 nipype.workflow INFO:
	 [Node] Executing "get_dummy" <niworkflows.interfaces.bold.NonsteadyStatesDetector>
250329-09:52:46,881 nipype.workflow INFO:
	 [Node] Finished "val_bold", elapsed time 0.281321s.
250329-09:52:46,912 nipype.workflow INFO:
	 [Node] Setting-up "fmriprep_24_0_wf.sub_32_wf.bold_task_bird_run_4_wf.bold_native_wf.bold_source" in "/work_dir/fmriprep_24_0_wf/sub_32_wf/bold_task_bird_run_4_wf/bold_native_wf/bold_source".
250329-09:52:46,913 nipype.workflow INFO:
	 [Node] Executing "bold_source" <nipype.interfaces.utility.base.Select>
250329-09:52:46,915 nipype.workflow INFO:
	 [Node] Finished "bold_source", elapsed time 0.000351s.
250329-09:52:47,241 nipype.workflow INFO:
	 [Node] Finished "res_tmpl", elapsed time 5.070541s.
250329-09:52:47,267 nipype.workflow INFO:
	 [Node] Setting-up "fmriprep_24_0_wf.sub_32_wf.bold_task_bird_run_5_wf.bold_fit_wf.hmc_boldref_wf.val_bold" in "/work_dir/fmriprep_24_0_wf/sub_32_wf/bold_task_bird_run_5_wf/bold_fit_wf/hmc_boldref_wf/val_bold".
250329-09:52:47,284 nipype.workflow INFO:
	 [Node] Executing "val_bold" <niworkflows.interfaces.header.ValidateImage>
250329-09:52:47,593 nipype.workflow INFO:
	 [Node] Finished "val_bold", elapsed time 0.308228s.
250329-09:52:48,300 nipype.workflow INFO:
	 [Node] Setting-up "fmriprep_24_0_wf.sub_32_wf.bold_task_bird_run_5_wf.bold_native_wf.bold_source" in "/work_dir/fmriprep_24_0_wf/sub_32_wf/bold_task_bird_run_5_wf/bold_native_wf/bold_source".
250329-09:52:48,307 nipype.workflow INFO:
	 [Node] Executing "bold_source" <nipype.interfaces.utility.base.Select>
250329-09:52:48,308 nipype.workflow INFO:
	 [Node] Setting-up "fmriprep_24_0_wf.sub_32_wf.bold_task_bird_run_5_wf.bold_fit_wf.hmc_boldref_wf.get_dummy" in "/work_dir/fmriprep_24_0_wf/sub_32_wf/bold_task_bird_run_5_wf/bold_fit_wf/hmc_boldref_wf/get_dummy".
250329-09:52:48,322 nipype.workflow INFO:
	 [Node] Executing "get_dummy" <niworkflows.interfaces.bold.NonsteadyStatesDetector>
250329-09:52:48,338 nipype.workflow INFO:
	 [Node] Finished "bold_source", elapsed time 0.000417s.
250329-09:52:48,471 nipype.workflow INFO:
	 [Node] Setting-up "fmriprep_24_0_wf.sub_32_wf.bidssrc" in "/work_dir/fmriprep_24_0_wf/sub_32_wf/bidssrc".
250329-09:52:48,492 nipype.workflow INFO:
	 [Node] Executing "bidssrc" <niworkflows.interfaces.bids.BIDSDataGrabber>
250329-09:52:48,522 nipype.interface INFO:
	 No "t2w" images found for sub-32
250329-09:52:48,522 nipype.interface INFO:
	 No "flair" images found for sub-32
250329-09:52:48,522 nipype.interface INFO:
	 No "fmap" images found for sub-32
250329-09:52:48,522 nipype.interface INFO:
	 No "sbref" images found for sub-32
250329-09:52:48,522 nipype.interface INFO:
	 No "roi" images found for sub-32
250329-09:52:48,522 nipype.interface INFO:
	 No "pet" images found for sub-32
250329-09:52:48,523 nipype.interface INFO:
	 No "asl" images found for sub-32
250329-09:52:48,524 nipype.workflow INFO:
	 [Node] Finished "bidssrc", elapsed time 0.001289s.
250329-09:52:49,182 nipype.workflow INFO:
	 [Node] Setting-up "fmriprep_24_0_wf.sub_32_wf.bold_task_bird_run_6_wf.bold_fit_wf.hmc_boldref_wf.val_bold" in "/work_dir/fmriprep_24_0_wf/sub_32_wf/bold_task_bird_run_6_wf/bold_fit_wf/hmc_boldref_wf/val_bold".
250329-09:52:49,184 nipype.workflow INFO:
	 [Node] Executing "val_bold" <niworkflows.interfaces.header.ValidateImage>
250329-09:52:49,568 nipype.workflow INFO:
	 [Node] Finished "val_bold", elapsed time 0.383213s.
250329-09:52:49,833 nipype.workflow INFO:
	 [Node] Setting-up "fmriprep_24_0_wf.sub_32_wf.bold_task_bird_run_6_wf.bold_fit_wf.hmc_boldref_wf.get_dummy" in "/work_dir/fmriprep_24_0_wf/sub_32_wf/bold_task_bird_run_6_wf/bold_fit_wf/hmc_boldref_wf/get_dummy".
250329-09:52:49,843 nipype.workflow INFO:
	 [Node] Executing "get_dummy" <niworkflows.interfaces.bold.NonsteadyStatesDetector>
250329-09:52:49,868 nipype.workflow INFO:
	 [Node] Setting-up "fmriprep_24_0_wf.sub_32_wf.bold_task_bird_run_1_wf.bold_fit_wf.ds_hmc_wf.sources" in "/work_dir/fmriprep_24_0_wf/sub_32_wf/bold_task_bird_run_1_wf/bold_fit_wf/ds_hmc_wf/sources".
250329-09:52:49,877 nipype.workflow INFO:
	 [Node] Executing "sources" <fmriprep.interfaces.bids.BIDSURI>
250329-09:52:49,879 nipype.workflow INFO:
	 [Node] Finished "sources", elapsed time 0.000288s.
250329-09:52:51,249 nipype.workflow INFO:
	 [Node] Setting-up "fmriprep_24_0_wf.sub_32_wf.bold_task_bird_run_1_wf.bold_fit_wf.ds_boldmask_wf.sources" in "/work_dir/fmriprep_24_0_wf/sub_32_wf/bold_task_bird_run_1_wf/bold_fit_wf/ds_boldmask_wf/sources".
250329-09:52:51,252 nipype.workflow INFO:
	 [Node] Executing "sources" <fmriprep.interfaces.bids.BIDSURI>
250329-09:52:51,253 nipype.workflow INFO:
	 [Node] Finished "sources", elapsed time 0.000275s.
250329-09:52:51,314 nipype.workflow INFO:
	 [Node] Setting-up "fmriprep_24_0_wf.sub_32_wf.bold_task_bird_run_1_wf.bold_fit_wf.ds_hmc_boldref_wf.sources" in "/work_dir/fmriprep_24_0_wf/sub_32_wf/bold_task_bird_run_1_wf/bold_fit_wf/ds_hmc_boldref_wf/sources".
250329-09:52:51,320 nipype.workflow INFO:
	 [Node] Executing "sources" <fmriprep.interfaces.bids.BIDSURI>
250329-09:52:51,331 nipype.workflow INFO:
	 [Node] Finished "sources", elapsed time 0.00035s.
250329-09:52:51,346 nipype.workflow INFO:
	 [Node] Setting-up "fmriprep_24_0_wf.sub_32_wf.bold_task_bird_run_6_wf.bold_native_wf.bold_source" in "/work_dir/fmriprep_24_0_wf/sub_32_wf/bold_task_bird_run_6_wf/bold_native_wf/bold_source".
250329-09:52:51,348 nipype.workflow INFO:
	 [Node] Executing "bold_source" <nipype.interfaces.utility.base.Select>
250329-09:52:51,350 nipype.workflow INFO:
	 [Node] Setting-up "fmriprep_24_0_wf.sub_32_wf.bold_task_bird_run_6_wf.ds_bold_native_wf.sources" in "/work_dir/fmriprep_24_0_wf/sub_32_wf/bold_task_bird_run_6_wf/ds_bold_native_wf/sources".
250329-09:52:51,352 nipype.workflow INFO:
	 [Node] Executing "sources" <fmriprep.interfaces.bids.BIDSURI>
250329-09:52:51,354 nipype.workflow INFO:
	 [Node] Finished "sources", elapsed time 0.000282s.
250329-09:52:51,362 nipype.workflow INFO:
	 [Node] Finished "bold_source", elapsed time 0.000377s.
250329-09:52:52,53 nipype.workflow INFO:
	 [Node] Setting-up "fmriprep_24_0_wf.sub_32_wf.bold_task_bird_run_2_wf.bold_fit_wf.ds_boldmask_wf.sources" in "/work_dir/fmriprep_24_0_wf/sub_32_wf/bold_task_bird_run_2_wf/bold_fit_wf/ds_boldmask_wf/sources".
250329-09:52:52,63 nipype.workflow INFO:
	 [Node] Executing "sources" <fmriprep.interfaces.bids.BIDSURI>
250329-09:52:52,89 nipype.workflow INFO:
	 [Node] Finished "sources", elapsed time 0.000352s.
250329-09:52:52,156 nipype.workflow INFO:
	 [Node] Setting-up "fmriprep_24_0_wf.sub_32_wf.bids_info" in "/work_dir/fmriprep_24_0_wf/sub_32_wf/bids_info".
250329-09:52:52,159 nipype.workflow INFO:
	 [Node] Executing "bids_info" <niworkflows.interfaces.bids.BIDSInfo>
250329-09:52:52,168 nipype.workflow INFO:
	 [Node] Finished "bids_info", elapsed time 0.008965s.
250329-09:52:52,242 nipype.workflow INFO:
	 [Node] Setting-up "fmriprep_24_0_wf.sub_32_wf.bold_task_bird_run_3_wf.bold_fit_wf.ds_hmc_boldref_wf.sources" in "/work_dir/fmriprep_24_0_wf/sub_32_wf/bold_task_bird_run_3_wf/bold_fit_wf/ds_hmc_boldref_wf/sources".
250329-09:52:52,255 nipype.workflow INFO:
	 [Node] Executing "sources" <fmriprep.interfaces.bids.BIDSURI>
250329-09:52:52,293 nipype.workflow INFO:
	 [Node] Finished "sources", elapsed time 0.000363s.
250329-09:52:52,709 nipype.workflow INFO:
	 [Node] Setting-up "fmriprep_24_0_wf.sub_32_wf.bold_task_bird_run_4_wf.bold_fit_wf.ds_boldmask_wf.sources" in "/work_dir/fmriprep_24_0_wf/sub_32_wf/bold_task_bird_run_4_wf/bold_fit_wf/ds_boldmask_wf/sources".
250329-09:52:52,714 nipype.workflow INFO:
	 [Node] Executing "sources" <fmriprep.interfaces.bids.BIDSURI>
250329-09:52:52,715 nipype.workflow INFO:
	 [Node] Finished "sources", elapsed time 0.000291s.
250329-09:52:52,744 nipype.workflow INFO:
	 [Node] Setting-up "fmriprep_24_0_wf.sub_32_wf.bold_task_bird_run_4_wf.bold_fit_wf.ds_hmc_boldref_wf.sources" in "/work_dir/fmriprep_24_0_wf/sub_32_wf/bold_task_bird_run_4_wf/bold_fit_wf/ds_hmc_boldref_wf/sources".
250329-09:52:52,754 nipype.workflow INFO:
	 [Node] Executing "sources" <fmriprep.interfaces.bids.BIDSURI>
250329-09:52:52,785 nipype.workflow INFO:
	 [Node] Finished "sources", elapsed time 0.000358s.
250329-09:52:52,933 nipype.workflow INFO:
	 [Node] Setting-up "fmriprep_24_0_wf.sub_32_wf.bold_task_bird_run_3_wf.bold_fit_wf.ds_hmc_wf.sources" in "/work_dir/fmriprep_24_0_wf/sub_32_wf/bold_task_bird_run_3_wf/bold_fit_wf/ds_hmc_wf/sources".
250329-09:52:52,937 nipype.workflow INFO:
	 [Node] Executing "sources" <fmriprep.interfaces.bids.BIDSURI>
250329-09:52:52,977 nipype.workflow INFO:
	 [Node] Finished "sources", elapsed time 0.000382s.
250329-09:52:53,134 nipype.workflow INFO:
	 [Node] Setting-up "fmriprep_24_0_wf.sub_32_wf.anat_fit_wf.anat_template_wf.anat_ref_dimensions" in "/work_dir/fmriprep_24_0_wf/sub_32_wf/anat_fit_wf/anat_template_wf/anat_ref_dimensions".
250329-09:52:53,137 nipype.workflow INFO:
	 [Node] Executing "anat_ref_dimensions" <niworkflows.interfaces.images.TemplateDimensions>
250329-09:52:53,298 nipype.workflow INFO:
	 [Node] Setting-up "fmriprep_24_0_wf.sub_32_wf.bold_task_bird_run_1_wf.ds_bold_native_wf.sources" in "/work_dir/fmriprep_24_0_wf/sub_32_wf/bold_task_bird_run_1_wf/ds_bold_native_wf/sources".
250329-09:52:53,300 nipype.workflow INFO:
	 [Node] Executing "sources" <fmriprep.interfaces.bids.BIDSURI>
250329-09:52:53,302 nipype.workflow INFO:
	 [Node] Finished "sources", elapsed time 0.0003s.
250329-09:52:53,312 nipype.workflow INFO:
	 [Node] Setting-up "fmriprep_24_0_wf.sub_32_wf.bold_task_bird_run_2_wf.bold_fit_wf.ds_hmc_wf.sources" in "/work_dir/fmriprep_24_0_wf/sub_32_wf/bold_task_bird_run_2_wf/bold_fit_wf/ds_hmc_wf/sources".
250329-09:52:53,322 nipype.workflow INFO:
	 [Node] Executing "sources" <fmriprep.interfaces.bids.BIDSURI>
250329-09:52:53,341 nipype.workflow INFO:
	 [Node] Finished "sources", elapsed time 0.000375s.
250329-09:52:53,389 nipype.workflow INFO:
	 [Node] Setting-up "fmriprep_24_0_wf.sub_32_wf.bold_task_bird_run_3_wf.ds_bold_native_wf.sources" in "/work_dir/fmriprep_24_0_wf/sub_32_wf/bold_task_bird_run_3_wf/ds_bold_native_wf/sources".
250329-09:52:53,396 nipype.workflow INFO:
	 [Node] Executing "sources" <fmriprep.interfaces.bids.BIDSURI>
250329-09:52:53,397 nipype.workflow INFO:
	 [Node] Finished "sources", elapsed time 0.000296s.
250329-09:52:53,505 nipype.workflow INFO:
	 [Node] Finished "anat_ref_dimensions", elapsed time 0.366879s.
250329-09:52:53,772 nipype.workflow INFO:
	 [Node] Setting-up "fmriprep_24_0_wf.sub_32_wf.bold_task_bird_run_2_wf.bold_fit_wf.ds_hmc_boldref_wf.sources" in "/work_dir/fmriprep_24_0_wf/sub_32_wf/bold_task_bird_run_2_wf/bold_fit_wf/ds_hmc_boldref_wf/sources".
250329-09:52:53,778 nipype.workflow INFO:
	 [Node] Executing "sources" <fmriprep.interfaces.bids.BIDSURI>
250329-09:52:53,781 nipype.workflow INFO:
	 [Node] Setting-up "fmriprep_24_0_wf.sub_32_wf.bold_task_bird_run_3_wf.bold_fit_wf.ds_boldmask_wf.sources" in "/work_dir/fmriprep_24_0_wf/sub_32_wf/bold_task_bird_run_3_wf/bold_fit_wf/ds_boldmask_wf/sources".
250329-09:52:53,787 nipype.workflow INFO:
	 [Node] Executing "sources" <fmriprep.interfaces.bids.BIDSURI>
250329-09:52:53,802 nipype.workflow INFO:
	 [Node] Finished "sources", elapsed time 0.000361s.
250329-09:52:53,808 nipype.workflow INFO:
	 [Node] Finished "sources", elapsed time 0.000344s.
250329-09:52:53,835 nipype.workflow INFO:
	 [Node] Setting-up "fmriprep_24_0_wf.sub_32_wf.bold_task_bird_run_4_wf.bold_fit_wf.ds_hmc_wf.sources" in "/work_dir/fmriprep_24_0_wf/sub_32_wf/bold_task_bird_run_4_wf/bold_fit_wf/ds_hmc_wf/sources".
250329-09:52:53,844 nipype.workflow INFO:
	 [Node] Executing "sources" <fmriprep.interfaces.bids.BIDSURI>
250329-09:52:53,867 nipype.workflow INFO:
	 [Node] Finished "sources", elapsed time 0.000361s.
250329-09:52:54,286 nipype.workflow INFO:
	 [Node] Setting-up "fmriprep_24_0_wf.sub_32_wf.bold_task_bird_run_1_wf.bold_native_wf.validate_bold" in "/work_dir/fmriprep_24_0_wf/sub_32_wf/bold_task_bird_run_1_wf/bold_native_wf/validate_bold".
250329-09:52:54,289 nipype.workflow INFO:
	 [Node] Executing "validate_bold" <niworkflows.interfaces.header.ValidateImage>
250329-09:52:54,446 nipype.workflow INFO:
	 [Node] Finished "validate_bold", elapsed time 0.156651s.
250329-09:52:54,483 nipype.workflow INFO:
	 [Node] Setting-up "fmriprep_24_0_wf.sub_32_wf.bold_task_bird_run_2_wf.ds_bold_native_wf.sources" in "/work_dir/fmriprep_24_0_wf/sub_32_wf/bold_task_bird_run_2_wf/ds_bold_native_wf/sources".
250329-09:52:54,484 nipype.workflow INFO:
	 [Node] Finished "get_dummy", elapsed time 11.571486s.
250329-09:52:54,491 nipype.workflow INFO:
	 [Node] Executing "sources" <fmriprep.interfaces.bids.BIDSURI>
250329-09:52:54,508 nipype.workflow INFO:
	 [Node] Finished "sources", elapsed time 0.00037s.
250329-09:52:54,641 nipype.workflow INFO:
	 [Node] Setting-up "fmriprep_24_0_wf.sub_32_wf.bold_task_bird_run_6_wf.bold_fit_wf.ds_hmc_boldref_wf.sources" in "/work_dir/fmriprep_24_0_wf/sub_32_wf/bold_task_bird_run_6_wf/bold_fit_wf/ds_hmc_boldref_wf/sources".
250329-09:52:54,644 nipype.workflow INFO:
	 [Node] Executing "sources" <fmriprep.interfaces.bids.BIDSURI>
250329-09:52:54,653 nipype.workflow INFO:
	 [Node] Setting-up "fmriprep_24_0_wf.sub_32_wf.bold_task_bird_run_4_wf.ds_bold_native_wf.sources" in "/work_dir/fmriprep_24_0_wf/sub_32_wf/bold_task_bird_run_4_wf/ds_bold_native_wf/sources".
250329-09:52:54,655 nipype.workflow INFO:
	 [Node] Executing "sources" <fmriprep.interfaces.bids.BIDSURI>
250329-09:52:54,656 nipype.workflow INFO:
	 [Node] Finished "sources", elapsed time 0.000298s.
250329-09:52:54,660 nipype.workflow INFO:
	 [Node] Finished "sources", elapsed time 0.000336s.
250329-09:52:54,701 nipype.workflow INFO:
	 [Node] Setting-up "fmriprep_24_0_wf.sub_32_wf.bold_task_bird_run_2_wf.bold_native_wf.validate_bold" in "/work_dir/fmriprep_24_0_wf/sub_32_wf/bold_task_bird_run_2_wf/bold_native_wf/validate_bold".
250329-09:52:54,703 nipype.workflow INFO:
	 [Node] Executing "validate_bold" <niworkflows.interfaces.header.ValidateImage>
250329-09:52:54,741 nipype.workflow INFO:
	 [Node] Setting-up "fmriprep_24_0_wf.sub_32_wf.bold_task_bird_run_5_wf.bold_fit_wf.ds_hmc_wf.sources" in "/work_dir/fmriprep_24_0_wf/sub_32_wf/bold_task_bird_run_5_wf/bold_fit_wf/ds_hmc_wf/sources".
250329-09:52:54,743 nipype.workflow INFO:
	 [Node] Executing "sources" <fmriprep.interfaces.bids.BIDSURI>
250329-09:52:54,746 nipype.workflow INFO:
	 [Node] Setting-up "fmriprep_24_0_wf.sub_32_wf.bold_task_bird_run_5_wf.ds_bold_native_wf.sources" in "/work_dir/fmriprep_24_0_wf/sub_32_wf/bold_task_bird_run_5_wf/ds_bold_native_wf/sources".
250329-09:52:54,758 nipype.workflow INFO:
	 [Node] Executing "sources" <fmriprep.interfaces.bids.BIDSURI>
250329-09:52:54,760 nipype.workflow INFO:
	 [Node] Finished "sources", elapsed time 0.000286s.
250329-09:52:54,766 nipype.workflow INFO:
	 [Node] Finished "sources", elapsed time 0.000335s.
250329-09:52:54,806 nipype.workflow INFO:
	 [Node] Setting-up "fmriprep_24_0_wf.sub_32_wf.bold_task_bird_run_5_wf.bold_fit_wf.ds_hmc_boldref_wf.sources" in "/work_dir/fmriprep_24_0_wf/sub_32_wf/bold_task_bird_run_5_wf/bold_fit_wf/ds_hmc_boldref_wf/sources".
250329-09:52:54,815 nipype.workflow INFO:
	 [Node] Executing "sources" <fmriprep.interfaces.bids.BIDSURI>
250329-09:52:54,816 nipype.workflow INFO:
	 [Node] Finished "sources", elapsed time 0.000283s.
250329-09:52:54,867 nipype.workflow INFO:
	 [Node] Finished "validate_bold", elapsed time 0.163768s.
250329-09:52:55,195 nipype.workflow INFO:
	 [Node] Setting-up "fmriprep_24_0_wf.sub_32_wf.bold_task_bird_run_6_wf.bold_fit_wf.ds_boldmask_wf.sources" in "/work_dir/fmriprep_24_0_wf/sub_32_wf/bold_task_bird_run_6_wf/bold_fit_wf/ds_boldmask_wf/sources".
250329-09:52:55,198 nipype.workflow INFO:
	 [Node] Executing "sources" <fmriprep.interfaces.bids.BIDSURI>
250329-09:52:55,201 nipype.workflow INFO:
	 [Node] Setting-up "fmriprep_24_0_wf.sub_32_wf.bold_task_bird_run_5_wf.bold_fit_wf.ds_boldmask_wf.sources" in "/work_dir/fmriprep_24_0_wf/sub_32_wf/bold_task_bird_run_5_wf/bold_fit_wf/ds_boldmask_wf/sources".
250329-09:52:55,204 nipype.workflow INFO:
	 [Node] Executing "sources" <fmriprep.interfaces.bids.BIDSURI>
250329-09:52:55,209 nipype.workflow INFO:
	 [Node] Finished "get_dummy", elapsed time 9.629953s.
250329-09:52:55,224 nipype.workflow INFO:
	 [Node] Finished "sources", elapsed time 0.000358s.
250329-09:52:55,224 nipype.workflow INFO:
	 [Node] Finished "sources", elapsed time 0.000363s.
250329-09:52:55,251 nipype.workflow INFO:
	 [Node] Setting-up "fmriprep_24_0_wf.sub_32_wf.bold_task_bird_run_6_wf.bold_fit_wf.ds_hmc_wf.sources" in "/work_dir/fmriprep_24_0_wf/sub_32_wf/bold_task_bird_run_6_wf/bold_fit_wf/ds_hmc_wf/sources".
250329-09:52:55,254 nipype.workflow INFO:
	 [Node] Executing "sources" <fmriprep.interfaces.bids.BIDSURI>
250329-09:52:55,259 nipype.workflow INFO:
	 [Node] Finished "sources", elapsed time 0.000354s.
250329-09:52:55,310 nipype.workflow INFO:
	 [Node] Setting-up "fmriprep_24_0_wf.sub_32_wf.bold_task_bird_run_3_wf.bold_native_wf.validate_bold" in "/work_dir/fmriprep_24_0_wf/sub_32_wf/bold_task_bird_run_3_wf/bold_native_wf/validate_bold".
250329-09:52:55,313 nipype.workflow INFO:
	 [Node] Executing "validate_bold" <niworkflows.interfaces.header.ValidateImage>
250329-09:52:55,379 nipype.workflow INFO:
	 [Node] Setting-up "fmriprep_24_0_wf.sub_32_wf.bold_task_bird_run_4_wf.bold_native_wf.validate_bold" in "/work_dir/fmriprep_24_0_wf/sub_32_wf/bold_task_bird_run_4_wf/bold_native_wf/validate_bold".
250329-09:52:55,381 nipype.workflow INFO:
	 [Node] Executing "validate_bold" <niworkflows.interfaces.header.ValidateImage>
250329-09:52:55,395 nipype.workflow INFO:
	 [Node] Finished "validate_bold", elapsed time 0.080907s.
250329-09:52:55,463 nipype.workflow INFO:
	 [Node] Finished "validate_bold", elapsed time 0.080606s.
250329-09:52:55,586 nipype.workflow INFO:
	 [Node] Setting-up "fmriprep_24_0_wf.sub_32_wf.bold_task_bird_run_5_wf.bold_native_wf.validate_bold" in "/work_dir/fmriprep_24_0_wf/sub_32_wf/bold_task_bird_run_5_wf/bold_native_wf/validate_bold".
250329-09:52:55,589 nipype.workflow INFO:
	 [Node] Executing "validate_bold" <niworkflows.interfaces.header.ValidateImage>
250329-09:52:55,666 nipype.workflow INFO:
	 [Node] Finished "validate_bold", elapsed time 0.07657s.
250329-09:52:55,748 nipype.workflow INFO:
	 [Node] Finished "get_dummy", elapsed time 10.110975s.
250329-09:52:55,818 nipype.workflow INFO:
	 [Node] Setting-up "fmriprep_24_0_wf.sub_32_wf.bold_task_bird_run_6_wf.bold_native_wf.validate_bold" in "/work_dir/fmriprep_24_0_wf/sub_32_wf/bold_task_bird_run_6_wf/bold_native_wf/validate_bold".
250329-09:52:55,820 nipype.workflow INFO:
	 [Node] Executing "validate_bold" <niworkflows.interfaces.header.ValidateImage>
250329-09:52:55,900 nipype.workflow INFO:
	 [Node] Finished "validate_bold", elapsed time 0.078935s.
250329-09:52:55,930 nipype.workflow INFO:
	 [Node] Finished "get_dummy", elapsed time 7.583483s.
250329-09:52:56,39 nipype.workflow INFO:
	 [Node] Setting-up "fmriprep_24_0_wf.sub_32_wf.bold_task_bird_run_1_wf.bold_fit_wf.hmc_boldref_wf.gen_avg" in "/work_dir/fmriprep_24_0_wf/sub_32_wf/bold_task_bird_run_1_wf/bold_fit_wf/hmc_boldref_wf/gen_avg".
250329-09:52:56,47 nipype.workflow INFO:
	 [Node] Executing "gen_avg" <niworkflows.interfaces.images.RobustAverage>
250329-09:52:56,143 nipype.workflow INFO:
	 [Node] Finished "get_dummy", elapsed time 9.50709s.
250329-09:52:56,237 nipype.workflow INFO:
	 [Node] Setting-up "fmriprep_24_0_wf.sub_32_wf.bold_task_bird_run_2_wf.bold_fit_wf.hmc_boldref_wf.gen_avg" in "/work_dir/fmriprep_24_0_wf/sub_32_wf/bold_task_bird_run_2_wf/bold_fit_wf/hmc_boldref_wf/gen_avg".
250329-09:52:56,251 nipype.workflow INFO:
	 [Node] Executing "gen_avg" <niworkflows.interfaces.images.RobustAverage>
250329-09:52:56,434 nipype.workflow INFO:
	 [Node] Setting-up "fmriprep_24_0_wf.sub_32_wf.bold_task_bird_run_3_wf.bold_fit_wf.hmc_boldref_wf.gen_avg" in "/work_dir/fmriprep_24_0_wf/sub_32_wf/bold_task_bird_run_3_wf/bold_fit_wf/hmc_boldref_wf/gen_avg".
250329-09:52:56,447 nipype.workflow INFO:
	 [Node] Executing "gen_avg" <niworkflows.interfaces.images.RobustAverage>
250329-09:52:56,791 nipype.workflow INFO:
	 [Node] Finished "get_dummy", elapsed time 6.915668s.
250329-09:52:57,332 nipype.workflow INFO:
	 [Node] Setting-up "fmriprep_24_0_wf.sub_32_wf.anat_fit_wf.fs_isrunning" in "/work_dir/fmriprep_24_0_wf/sub_32_wf/anat_fit_wf/fs_isrunning".
250329-09:52:57,336 nipype.workflow INFO:
	 [Node] Setting-up "fmriprep_24_0_wf.sub_32_wf.anat_fit_wf.ds_t1w_mask_wf.raw_sources" in "/work_dir/fmriprep_24_0_wf/sub_32_wf/anat_fit_wf/ds_t1w_mask_wf/raw_sources".
250329-09:52:57,336 nipype.workflow INFO:
	 [Node] Setting-up "fmriprep_24_0_wf.sub_32_wf.anat_fit_wf.ds_ribbon_mask_wf.raw_sources" in "/work_dir/fmriprep_24_0_wf/sub_32_wf/anat_fit_wf/ds_ribbon_mask_wf/raw_sources".
250329-09:52:57,336 nipype.workflow INFO:
	 [Node] Executing "fs_isrunning" <nipype.interfaces.utility.wrappers.Function>
250329-09:52:57,338 nipype.workflow INFO:
	 [Node] Finished "fs_isrunning", elapsed time 0.00075s.
250329-09:52:57,339 nipype.workflow INFO:
	 [Node] Executing "raw_sources" <nipype.interfaces.utility.wrappers.Function>
250329-09:52:57,340 nipype.workflow INFO:
	 [Node] Finished "raw_sources", elapsed time 0.000568s.
250329-09:52:57,352 nipype.workflow INFO:
	 [Node] Executing "raw_sources" <nipype.interfaces.utility.wrappers.Function>
250329-09:52:57,353 nipype.workflow INFO:
	 [Node] Finished "raw_sources", elapsed time 0.000578s.
250329-09:52:57,381 nipype.workflow INFO:
	 [Node] Setting-up "_denoise0" in "/work_dir/fmriprep_24_0_wf/sub_32_wf/anat_fit_wf/anat_template_wf/denoise/mapflow/_denoise0".
250329-09:52:57,383 nipype.workflow INFO:
	 [Node] Executing "_denoise0" <nipype.interfaces.ants.segmentation.DenoiseImage>
250329-09:52:58,20 nipype.workflow INFO:
	 [Node] Setting-up "fmriprep_24_0_wf.sub_32_wf.bold_task_bird_run_4_wf.bold_fit_wf.hmc_boldref_wf.gen_avg" in "/work_dir/fmriprep_24_0_wf/sub_32_wf/bold_task_bird_run_4_wf/bold_fit_wf/hmc_boldref_wf/gen_avg".
250329-09:52:58,46 nipype.workflow INFO:
	 [Node] Executing "gen_avg" <niworkflows.interfaces.images.RobustAverage>
250329-09:52:58,468 nipype.workflow INFO:
	 [Node] Setting-up "fmriprep_24_0_wf.sub_32_wf.bold_task_bird_run_5_wf.bold_fit_wf.hmc_boldref_wf.gen_avg" in "/work_dir/fmriprep_24_0_wf/sub_32_wf/bold_task_bird_run_5_wf/bold_fit_wf/hmc_boldref_wf/gen_avg".
250329-09:52:58,489 nipype.workflow INFO:
	 [Node] Executing "gen_avg" <niworkflows.interfaces.images.RobustAverage>
250329-09:52:58,807 nipype.workflow INFO:
	 [Node] Setting-up "fmriprep_24_0_wf.sub_32_wf.bold_task_bird_run_6_wf.bold_fit_wf.hmc_boldref_wf.gen_avg" in "/work_dir/fmriprep_24_0_wf/sub_32_wf/bold_task_bird_run_6_wf/bold_fit_wf/hmc_boldref_wf/gen_avg".
250329-09:52:58,821 nipype.workflow INFO:
	 [Node] Executing "gen_avg" <niworkflows.interfaces.images.RobustAverage>
250329-09:53:02,643 nipype.interface INFO:
	 stderr 2025-03-29T09:53:02.643331:++ 3dvolreg: AFNI version=AFNI_24.1.14 (May 26 2024) [64-bit]
250329-09:53:02,643 nipype.interface INFO:
	 stderr 2025-03-29T09:53:02.643331:++ Authored by: RW Cox
250329-09:53:02,654 nipype.interface INFO:
	 stderr 2025-03-29T09:53:02.654598:** AFNI converts NIFTI_datatype=512 (UINT16) in file /work_dir/fmriprep_24_0_wf/sub_32_wf/bold_task_bird_run_1_wf/bold_fit_wf/hmc_boldref_wf/gen_avg/sub-32_task-bird_run-1_bold_sliced.nii.gz to FLOAT32
250329-09:53:02,655 nipype.interface INFO:
	 stderr 2025-03-29T09:53:02.654987:     Warnings of this type will be muted for this session.
250329-09:53:02,655 nipype.interface INFO:
	 stderr 2025-03-29T09:53:02.654987:     Set AFNI_NIFTI_TYPE_WARN to YES to see them all, NO to see none.
250329-09:53:02,665 nipype.interface INFO:
	 stderr 2025-03-29T09:53:02.665392:[7m*+ WARNING:[0m   If you are performing spatial transformations on an oblique dset,
250329-09:53:02,665 nipype.interface INFO:
	 stderr 2025-03-29T09:53:02.665392:  such as /work_dir/fmriprep_24_0_wf/sub_32_wf/bold_task_bird_run_1_wf/bold_fit_wf/hmc_boldref_wf/gen_avg/sub-32_task-bird_run-1_bold_sliced.nii.gz,
250329-09:53:02,665 nipype.interface INFO:
	 stderr 2025-03-29T09:53:02.665392:  or viewing/combining it with volumes of differing obliquity,
250329-09:53:02,665 nipype.interface INFO:
	 stderr 2025-03-29T09:53:02.665392:  you should consider running: 
250329-09:53:02,665 nipype.interface INFO:
	 stderr 2025-03-29T09:53:02.665392:     3dWarp -deoblique 
250329-09:53:02,665 nipype.interface INFO:
	 stderr 2025-03-29T09:53:02.665392:  on this and  other oblique datasets in the same session.
250329-09:53:02,665 nipype.interface INFO:
	 stderr 2025-03-29T09:53:02.665392: See 3dWarp -help for details.
250329-09:53:02,665 nipype.interface INFO:
	 stderr 2025-03-29T09:53:02.665392:++ Oblique dataset:/work_dir/fmriprep_24_0_wf/sub_32_wf/bold_task_bird_run_1_wf/bold_fit_wf/hmc_boldref_wf/gen_avg/sub-32_task-bird_run-1_bold_sliced.nii.gz is 10.504571 degrees from plumb.
250329-09:53:02,666 nipype.interface INFO:
	 stderr 2025-03-29T09:53:02.666023:++ Coarse del was 10, replaced with 6
250329-09:53:02,964 nipype.interface INFO:
	 stderr 2025-03-29T09:53:02.964540:++ 3dvolreg: AFNI version=AFNI_24.1.14 (May 26 2024) [64-bit]
250329-09:53:02,964 nipype.interface INFO:
	 stderr 2025-03-29T09:53:02.964540:++ Authored by: RW Cox
250329-09:53:02,967 nipype.interface INFO:
	 stderr 2025-03-29T09:53:02.967617:** AFNI converts NIFTI_datatype=512 (UINT16) in file /work_dir/fmriprep_24_0_wf/sub_32_wf/bold_task_bird_run_3_wf/bold_fit_wf/hmc_boldref_wf/gen_avg/sub-32_task-bird_run-3_bold_sliced.nii.gz to FLOAT32
250329-09:53:02,968 nipype.interface INFO:
	 stderr 2025-03-29T09:53:02.968142:     Warnings of this type will be muted for this session.
250329-09:53:02,968 nipype.interface INFO:
	 stderr 2025-03-29T09:53:02.968142:     Set AFNI_NIFTI_TYPE_WARN to YES to see them all, NO to see none.
250329-09:53:02,970 nipype.interface INFO:
	 stderr 2025-03-29T09:53:02.970143:[7m*+ WARNING:[0m   If you are performing spatial transformations on an oblique dset,
250329-09:53:02,970 nipype.interface INFO:
	 stderr 2025-03-29T09:53:02.970143:  such as /work_dir/fmriprep_24_0_wf/sub_32_wf/bold_task_bird_run_3_wf/bold_fit_wf/hmc_boldref_wf/gen_avg/sub-32_task-bird_run-3_bold_sliced.nii.gz,
250329-09:53:02,970 nipype.interface INFO:
	 stderr 2025-03-29T09:53:02.970143:  or viewing/combining it with volumes of differing obliquity,
250329-09:53:02,970 nipype.interface INFO:
	 stderr 2025-03-29T09:53:02.970143:  you should consider running: 
250329-09:53:02,970 nipype.interface INFO:
	 stderr 2025-03-29T09:53:02.970143:     3dWarp -deoblique 
250329-09:53:02,970 nipype.interface INFO:
	 stderr 2025-03-29T09:53:02.970143:  on this and  other oblique datasets in the same session.
250329-09:53:02,970 nipype.interface INFO:
	 stderr 2025-03-29T09:53:02.970143: See 3dWarp -help for details.
250329-09:53:02,970 nipype.interface INFO:
	 stderr 2025-03-29T09:53:02.970717:++ Oblique dataset:/work_dir/fmriprep_24_0_wf/sub_32_wf/bold_task_bird_run_3_wf/bold_fit_wf/hmc_boldref_wf/gen_avg/sub-32_task-bird_run-3_bold_sliced.nii.gz is 10.504571 degrees from plumb.
250329-09:53:02,970 nipype.interface INFO:
	 stderr 2025-03-29T09:53:02.970965:++ Coarse del was 10, replaced with 6
250329-09:53:03,634 nipype.interface INFO:
	 stderr 2025-03-29T09:53:03.634865:++ 3dvolreg: AFNI version=AFNI_24.1.14 (May 26 2024) [64-bit]
250329-09:53:03,635 nipype.interface INFO:
	 stderr 2025-03-29T09:53:03.634865:++ Authored by: RW Cox
250329-09:53:03,638 nipype.interface INFO:
	 stderr 2025-03-29T09:53:03.638229:** AFNI converts NIFTI_datatype=512 (UINT16) in file /work_dir/fmriprep_24_0_wf/sub_32_wf/bold_task_bird_run_2_wf/bold_fit_wf/hmc_boldref_wf/gen_avg/sub-32_task-bird_run-2_bold_sliced.nii.gz to FLOAT32
250329-09:53:03,638 nipype.interface INFO:
	 stderr 2025-03-29T09:53:03.638745:     Warnings of this type will be muted for this session.
250329-09:53:03,638 nipype.interface INFO:
	 stderr 2025-03-29T09:53:03.638745:     Set AFNI_NIFTI_TYPE_WARN to YES to see them all, NO to see none.
250329-09:53:03,640 nipype.interface INFO:
	 stderr 2025-03-29T09:53:03.640900:[7m*+ WARNING:[0m   If you are performing spatial transformations on an oblique dset,
250329-09:53:03,641 nipype.interface INFO:
	 stderr 2025-03-29T09:53:03.640900:  such as /work_dir/fmriprep_24_0_wf/sub_32_wf/bold_task_bird_run_2_wf/bold_fit_wf/hmc_boldref_wf/gen_avg/sub-32_task-bird_run-2_bold_sliced.nii.gz,
250329-09:53:03,641 nipype.interface INFO:
	 stderr 2025-03-29T09:53:03.640900:  or viewing/combining it with volumes of differing obliquity,
250329-09:53:03,641 nipype.interface INFO:
	 stderr 2025-03-29T09:53:03.640900:  you should consider running: 
250329-09:53:03,641 nipype.interface INFO:
	 stderr 2025-03-29T09:53:03.640900:     3dWarp -deoblique 
250329-09:53:03,641 nipype.interface INFO:
	 stderr 2025-03-29T09:53:03.640900:  on this and  other oblique datasets in the same session.
250329-09:53:03,641 nipype.interface INFO:
	 stderr 2025-03-29T09:53:03.640900: See 3dWarp -help for details.
250329-09:53:03,641 nipype.interface INFO:
	 stderr 2025-03-29T09:53:03.640900:++ Oblique dataset:/work_dir/fmriprep_24_0_wf/sub_32_wf/bold_task_bird_run_2_wf/bold_fit_wf/hmc_boldref_wf/gen_avg/sub-32_task-bird_run-2_bold_sliced.nii.gz is 10.504571 degrees from plumb.
250329-09:53:03,641 nipype.interface INFO:
	 stderr 2025-03-29T09:53:03.640900:++ Coarse del was 10, replaced with 6
250329-09:53:05,498 nipype.workflow INFO:
	 [Node] Setting-up "fmriprep_24_0_wf.sub_32_wf.bold_task_bird_run_3_wf.bold_native_wf.bold_stc_wf.slice_timing_correction" in "/work_dir/fmriprep_24_0_wf/sub_32_wf/bold_task_bird_run_3_wf/bold_native_wf/bold_stc_wf/slice_timing_correction".
250329-09:53:05,520 nipype.workflow INFO:
	 [Node] Executing "slice_timing_correction" <fmriprep.workflows.bold.stc.TShift>
250329-09:53:06,491 nipype.workflow INFO:
	 [Node] Setting-up "fmriprep_24_0_wf.sub_32_wf.bold_task_bird_run_1_wf.bold_native_wf.bold_stc_wf.slice_timing_correction" in "/work_dir/fmriprep_24_0_wf/sub_32_wf/bold_task_bird_run_1_wf/bold_native_wf/bold_stc_wf/slice_timing_correction".
250329-09:53:06,507 nipype.workflow INFO:
	 [Node] Executing "slice_timing_correction" <fmriprep.workflows.bold.stc.TShift>
250329-09:53:07,985 nipype.workflow INFO:
	 [Node] Setting-up "fmriprep_24_0_wf.sub_32_wf.bold_task_bird_run_5_wf.bold_native_wf.bold_stc_wf.slice_timing_correction" in "/work_dir/fmriprep_24_0_wf/sub_32_wf/bold_task_bird_run_5_wf/bold_native_wf/bold_stc_wf/slice_timing_correction".
250329-09:53:07,998 nipype.workflow INFO:
	 [Node] Executing "slice_timing_correction" <fmriprep.workflows.bold.stc.TShift>
250329-09:53:08,422 nipype.workflow INFO:
	 [Node] Setting-up "fmriprep_24_0_wf.sub_32_wf.bold_task_bird_run_6_wf.bold_native_wf.bold_stc_wf.slice_timing_correction" in "/work_dir/fmriprep_24_0_wf/sub_32_wf/bold_task_bird_run_6_wf/bold_native_wf/bold_stc_wf/slice_timing_correction".
250329-09:53:08,448 nipype.workflow INFO:
	 [Node] Executing "slice_timing_correction" <fmriprep.workflows.bold.stc.TShift>
250329-09:53:08,741 nipype.interface INFO:
	 stderr 2025-03-29T09:53:08.741526:++ 3dvolreg: AFNI version=AFNI_24.1.14 (May 26 2024) [64-bit]
250329-09:53:08,741 nipype.interface INFO:
	 stderr 2025-03-29T09:53:08.741819:++ Authored by: RW Cox
250329-09:53:08,751 nipype.interface INFO:
	 stderr 2025-03-29T09:53:08.751566:** AFNI converts NIFTI_datatype=512 (UINT16) in file /work_dir/fmriprep_24_0_wf/sub_32_wf/bold_task_bird_run_4_wf/bold_fit_wf/hmc_boldref_wf/gen_avg/sub-32_task-bird_run-4_bold_sliced.nii.gz to FLOAT32
250329-09:53:08,752 nipype.interface INFO:
	 stderr 2025-03-29T09:53:08.752031:     Warnings of this type will be muted for this session.
250329-09:53:08,752 nipype.interface INFO:
	 stderr 2025-03-29T09:53:08.752031:     Set AFNI_NIFTI_TYPE_WARN to YES to see them all, NO to see none.
250329-09:53:08,753 nipype.interface INFO:
	 stderr 2025-03-29T09:53:08.753911:[7m*+ WARNING:[0m   If you are performing spatial transformations on an oblique dset,
250329-09:53:08,754 nipype.interface INFO:
	 stderr 2025-03-29T09:53:08.753911:  such as /work_dir/fmriprep_24_0_wf/sub_32_wf/bold_task_bird_run_4_wf/bold_fit_wf/hmc_boldref_wf/gen_avg/sub-32_task-bird_run-4_bold_sliced.nii.gz,
250329-09:53:08,754 nipype.interface INFO:
	 stderr 2025-03-29T09:53:08.753911:  or viewing/combining it with volumes of differing obliquity,
250329-09:53:08,754 nipype.interface INFO:
	 stderr 2025-03-29T09:53:08.753911:  you should consider running: 
250329-09:53:08,754 nipype.interface INFO:
	 stderr 2025-03-29T09:53:08.753911:     3dWarp -deoblique 
250329-09:53:08,754 nipype.interface INFO:
	 stderr 2025-03-29T09:53:08.753911:  on this and  other oblique datasets in the same session.
250329-09:53:08,754 nipype.interface INFO:
	 stderr 2025-03-29T09:53:08.753911: See 3dWarp -help for details.
250329-09:53:08,754 nipype.interface INFO:
	 stderr 2025-03-29T09:53:08.753911:++ Oblique dataset:/work_dir/fmriprep_24_0_wf/sub_32_wf/bold_task_bird_run_4_wf/bold_fit_wf/hmc_boldref_wf/gen_avg/sub-32_task-bird_run-4_bold_sliced.nii.gz is 10.504571 degrees from plumb.
250329-09:53:08,754 nipype.interface INFO:
	 stderr 2025-03-29T09:53:08.753911:++ Coarse del was 10, replaced with 6
250329-09:53:08,783 nipype.workflow INFO:
	 [Node] Setting-up "fmriprep_24_0_wf.sub_32_wf.bold_task_bird_run_4_wf.bold_native_wf.bold_stc_wf.slice_timing_correction" in "/work_dir/fmriprep_24_0_wf/sub_32_wf/bold_task_bird_run_4_wf/bold_native_wf/bold_stc_wf/slice_timing_correction".
250329-09:53:08,824 nipype.workflow INFO:
	 [Node] Executing "slice_timing_correction" <fmriprep.workflows.bold.stc.TShift>
250329-09:53:09,630 nipype.interface INFO:
	 stderr 2025-03-29T09:53:09.630537:++ 3dvolreg: AFNI version=AFNI_24.1.14 (May 26 2024) [64-bit]
250329-09:53:09,630 nipype.interface INFO:
	 stderr 2025-03-29T09:53:09.630798:++ Authored by: RW Cox
250329-09:53:09,639 nipype.interface INFO:
	 stderr 2025-03-29T09:53:09.639409:** AFNI converts NIFTI_datatype=512 (UINT16) in file /work_dir/fmriprep_24_0_wf/sub_32_wf/bold_task_bird_run_6_wf/bold_fit_wf/hmc_boldref_wf/gen_avg/sub-32_task-bird_run-6_bold_sliced.nii.gz to FLOAT32
250329-09:53:09,639 nipype.interface INFO:
	 stderr 2025-03-29T09:53:09.639883:     Warnings of this type will be muted for this session.
250329-09:53:09,640 nipype.interface INFO:
	 stderr 2025-03-29T09:53:09.639883:     Set AFNI_NIFTI_TYPE_WARN to YES to see them all, NO to see none.
250329-09:53:09,641 nipype.interface INFO:
	 stderr 2025-03-29T09:53:09.641909:[7m*+ WARNING:[0m   If you are performing spatial transformations on an oblique dset,
250329-09:53:09,642 nipype.interface INFO:
	 stderr 2025-03-29T09:53:09.641909:  such as /work_dir/fmriprep_24_0_wf/sub_32_wf/bold_task_bird_run_6_wf/bold_fit_wf/hmc_boldref_wf/gen_avg/sub-32_task-bird_run-6_bold_sliced.nii.gz,
250329-09:53:09,642 nipype.interface INFO:
	 stderr 2025-03-29T09:53:09.641909:  or viewing/combining it with volumes of differing obliquity,
250329-09:53:09,642 nipype.interface INFO:
	 stderr 2025-03-29T09:53:09.641909:  you should consider running: 
250329-09:53:09,642 nipype.interface INFO:
	 stderr 2025-03-29T09:53:09.641909:     3dWarp -deoblique 
250329-09:53:09,642 nipype.interface INFO:
	 stderr 2025-03-29T09:53:09.641909:  on this and  other oblique datasets in the same session.
250329-09:53:09,642 nipype.interface INFO:
	 stderr 2025-03-29T09:53:09.641909: See 3dWarp -help for details.
250329-09:53:09,642 nipype.interface INFO:
	 stderr 2025-03-29T09:53:09.642609:++ Oblique dataset:/work_dir/fmriprep_24_0_wf/sub_32_wf/bold_task_bird_run_6_wf/bold_fit_wf/hmc_boldref_wf/gen_avg/sub-32_task-bird_run-6_bold_sliced.nii.gz is 10.504571 degrees from plumb.
250329-09:53:09,642 nipype.interface INFO:
	 stderr 2025-03-29T09:53:09.642609:++ Coarse del was 10, replaced with 6
250329-09:53:10,599 nipype.workflow INFO:
	 [Node] Setting-up "fmriprep_24_0_wf.sub_32_wf.bold_task_bird_run_2_wf.bold_native_wf.bold_stc_wf.slice_timing_correction" in "/work_dir/fmriprep_24_0_wf/sub_32_wf/bold_task_bird_run_2_wf/bold_native_wf/bold_stc_wf/slice_timing_correction".
250329-09:53:10,629 nipype.workflow INFO:
	 [Node] Executing "slice_timing_correction" <fmriprep.workflows.bold.stc.TShift>
250329-09:53:11,589 nipype.interface INFO:
	 stderr 2025-03-29T09:53:11.589573:++ 3dvolreg: AFNI version=AFNI_24.1.14 (May 26 2024) [64-bit]
250329-09:53:11,589 nipype.interface INFO:
	 stderr 2025-03-29T09:53:11.589573:++ Authored by: RW Cox
250329-09:53:11,605 nipype.interface INFO:
	 stderr 2025-03-29T09:53:11.605091:** AFNI converts NIFTI_datatype=512 (UINT16) in file /work_dir/fmriprep_24_0_wf/sub_32_wf/bold_task_bird_run_5_wf/bold_fit_wf/hmc_boldref_wf/gen_avg/sub-32_task-bird_run-5_bold_sliced.nii.gz to FLOAT32
250329-09:53:11,605 nipype.interface INFO:
	 stderr 2025-03-29T09:53:11.605701:     Warnings of this type will be muted for this session.
250329-09:53:11,605 nipype.interface INFO:
	 stderr 2025-03-29T09:53:11.605701:     Set AFNI_NIFTI_TYPE_WARN to YES to see them all, NO to see none.
250329-09:53:11,607 nipype.interface INFO:
	 stderr 2025-03-29T09:53:11.607648:[7m*+ WARNING:[0m   If you are performing spatial transformations on an oblique dset,
250329-09:53:11,607 nipype.interface INFO:
	 stderr 2025-03-29T09:53:11.607648:  such as /work_dir/fmriprep_24_0_wf/sub_32_wf/bold_task_bird_run_5_wf/bold_fit_wf/hmc_boldref_wf/gen_avg/sub-32_task-bird_run-5_bold_sliced.nii.gz,
250329-09:53:11,607 nipype.interface INFO:
	 stderr 2025-03-29T09:53:11.607648:  or viewing/combining it with volumes of differing obliquity,
250329-09:53:11,607 nipype.interface INFO:
	 stderr 2025-03-29T09:53:11.607648:  you should consider running: 
250329-09:53:11,607 nipype.interface INFO:
	 stderr 2025-03-29T09:53:11.607648:     3dWarp -deoblique 
250329-09:53:11,608 nipype.interface INFO:
	 stderr 2025-03-29T09:53:11.607648:  on this and  other oblique datasets in the same session.
250329-09:53:11,608 nipype.interface INFO:
	 stderr 2025-03-29T09:53:11.607648: See 3dWarp -help for details.
250329-09:53:11,608 nipype.interface INFO:
	 stderr 2025-03-29T09:53:11.607648:++ Oblique dataset:/work_dir/fmriprep_24_0_wf/sub_32_wf/bold_task_bird_run_5_wf/bold_fit_wf/hmc_boldref_wf/gen_avg/sub-32_task-bird_run-5_bold_sliced.nii.gz is 10.504571 degrees from plumb.
250329-09:53:11,608 nipype.interface INFO:
	 stderr 2025-03-29T09:53:11.607648:++ Coarse del was 10, replaced with 6
250329-09:53:14,549 nipype.workflow INFO:
	 [Node] Finished "lap_tmpl", elapsed time 31.35321s.
250329-09:53:17,157 nipype.workflow INFO:
	 [Node] Setting-up "fmriprep_24_0_wf.sub_32_wf.anat_fit_wf.brain_extraction_wf.mrg_tmpl" in "/work_dir/fmriprep_24_0_wf/sub_32_wf/anat_fit_wf/brain_extraction_wf/mrg_tmpl".
250329-09:53:17,246 nipype.workflow INFO:
	 [Node] Executing "mrg_tmpl" <nipype.interfaces.utility.base.Merge>
250329-09:53:17,247 nipype.workflow INFO:
	 [Node] Finished "mrg_tmpl", elapsed time 0.000237s.
250329-09:55:20,866 nipype.workflow INFO:
	 [Node] Finished "slice_timing_correction", elapsed time 135.343836s.
250329-09:55:22,856 nipype.workflow INFO:
	 [Node] Finished "slice_timing_correction", elapsed time 134.407782s.
250329-09:55:22,979 nipype.workflow INFO:
	 [Node] Setting-up "fmriprep_24_0_wf.sub_32_wf.bold_task_bird_run_3_wf.bold_native_wf.bold_stc_wf.copy_xform" in "/work_dir/fmriprep_24_0_wf/sub_32_wf/bold_task_bird_run_3_wf/bold_native_wf/bold_stc_wf/copy_xform".
250329-09:55:24,964 nipype.workflow INFO:
	 [Node] Setting-up "fmriprep_24_0_wf.sub_32_wf.bold_task_bird_run_6_wf.bold_native_wf.bold_stc_wf.copy_xform" in "/work_dir/fmriprep_24_0_wf/sub_32_wf/bold_task_bird_run_6_wf/bold_native_wf/bold_stc_wf/copy_xform".
250329-09:55:29,117 nipype.workflow INFO:
	 [Node] Executing "copy_xform" <niworkflows.interfaces.header.CopyXForm>
250329-09:55:32,373 nipype.workflow INFO:
	 [Node] Executing "copy_xform" <niworkflows.interfaces.header.CopyXForm>
250329-09:55:36,86 nipype.workflow INFO:
	 [Node] Finished "slice_timing_correction", elapsed time 145.456256s.
250329-09:55:36,972 nipype.workflow INFO:
	 [Node] Setting-up "fmriprep_24_0_wf.sub_32_wf.bold_task_bird_run_2_wf.bold_native_wf.bold_stc_wf.copy_xform" in "/work_dir/fmriprep_24_0_wf/sub_32_wf/bold_task_bird_run_2_wf/bold_native_wf/bold_stc_wf/copy_xform".
250329-09:55:45,484 nipype.workflow INFO:
	 [Node] Executing "copy_xform" <niworkflows.interfaces.header.CopyXForm>
250329-09:55:51,85 nipype.workflow INFO:
	 [Node] Finished "slice_timing_correction", elapsed time 164.577167s.
250329-09:55:52,769 nipype.workflow INFO:
	 [Node] Setting-up "fmriprep_24_0_wf.sub_32_wf.bold_task_bird_run_1_wf.bold_native_wf.bold_stc_wf.copy_xform" in "/work_dir/fmriprep_24_0_wf/sub_32_wf/bold_task_bird_run_1_wf/bold_native_wf/bold_stc_wf/copy_xform".
250329-09:55:53,35 nipype.workflow INFO:
	 [Node] Finished "slice_timing_correction", elapsed time 165.036457s.
250329-09:55:54,792 nipype.workflow INFO:
	 [Node] Setting-up "fmriprep_24_0_wf.sub_32_wf.bold_task_bird_run_5_wf.bold_native_wf.bold_stc_wf.copy_xform" in "/work_dir/fmriprep_24_0_wf/sub_32_wf/bold_task_bird_run_5_wf/bold_native_wf/bold_stc_wf/copy_xform".
250329-09:55:57,520 nipype.workflow INFO:
	 [Node] Executing "copy_xform" <niworkflows.interfaces.header.CopyXForm>
250329-09:55:59,186 nipype.workflow INFO:
	 [Node] Executing "copy_xform" <niworkflows.interfaces.header.CopyXForm>
250329-09:55:59,648 nipype.workflow INFO:
	 [Node] Finished "_denoise0", elapsed time 182.018264s.
250329-09:56:00,870 nipype.workflow INFO:
	 [Node] Setting-up "_anat_conform0" in "/work_dir/fmriprep_24_0_wf/sub_32_wf/anat_fit_wf/anat_template_wf/anat_conform/mapflow/_anat_conform0".
250329-09:56:00,872 nipype.workflow INFO:
	 [Node] Executing "_anat_conform0" <niworkflows.interfaces.images.Conform>
250329-09:56:01,25 nipype.workflow INFO:
	 [Node] Finished "_anat_conform0", elapsed time 0.152618s.
250329-09:56:01,766 nipype.workflow INFO:
	 [Node] Finished "slice_timing_correction", elapsed time 172.941523s.
250329-09:56:02,673 nipype.workflow INFO:
	 [Node] Setting-up "fmriprep_24_0_wf.sub_32_wf.bold_task_bird_run_4_wf.bold_native_wf.bold_stc_wf.copy_xform" in "/work_dir/fmriprep_24_0_wf/sub_32_wf/bold_task_bird_run_4_wf/bold_native_wf/bold_stc_wf/copy_xform".
250329-09:56:02,680 nipype.workflow INFO:
	 [Node] Setting-up "fmriprep_24_0_wf.sub_32_wf.anat_fit_wf.anat_template_wf.get1st" in "/work_dir/fmriprep_24_0_wf/sub_32_wf/anat_fit_wf/anat_template_wf/get1st".
250329-09:56:02,687 nipype.workflow INFO:
	 [Node] Executing "get1st" <nipype.interfaces.utility.base.Select>
250329-09:56:02,688 nipype.workflow INFO:
	 [Node] Finished "get1st", elapsed time 0.000367s.
250329-09:56:06,864 nipype.workflow INFO:
	 [Node] Setting-up "fmriprep_24_0_wf.sub_32_wf.anat_fit_wf.surface_recon_wf.fov_check" in "/work_dir/fmriprep_24_0_wf/sub_32_wf/anat_fit_wf/surface_recon_wf/fov_check".
250329-09:56:06,868 nipype.workflow INFO:
	 [Node] Executing "fov_check" <nipype.interfaces.utility.wrappers.Function>
250329-09:56:06,928 nipype.workflow INFO:
	 [Node] Setting-up "_truncate_images0" in "/work_dir/fmriprep_24_0_wf/sub_32_wf/anat_fit_wf/brain_extraction_wf/truncate_images/mapflow/_truncate_images0".
250329-09:56:06,940 nipype.workflow INFO:
	 [Node] Executing "_truncate_images0" <nipype.interfaces.ants.utils.ImageMath>
250329-09:56:07,886 nipype.workflow INFO:
	 [Node] Finished "fov_check", elapsed time 1.017618s.
250329-09:56:08,955 nipype.workflow INFO:
	 [Node] Setting-up "fmriprep_24_0_wf.sub_32_wf.anat_fit_wf.surface_recon_wf.recon_config" in "/work_dir/fmriprep_24_0_wf/sub_32_wf/anat_fit_wf/surface_recon_wf/recon_config".
250329-09:56:09,313 nipype.workflow INFO:
	 [Node] Executing "copy_xform" <niworkflows.interfaces.header.CopyXForm>
250329-09:56:11,510 nipype.workflow INFO:
	 [Node] Executing "recon_config" <niworkflows.interfaces.freesurfer.FSDetectInputs>
250329-09:56:11,580 nipype.workflow INFO:
	 [Node] Finished "recon_config", elapsed time 0.068813s.
250329-09:56:12,382 nipype.interface INFO:
	 stderr 2025-03-29T09:56:12.382585:++ Max displacement in automask = 0.38 (mm) at sub-brick 13
250329-09:56:12,382 nipype.interface INFO:
	 stderr 2025-03-29T09:56:12.382585:++ Max delta displ  in automask = 0.45 (mm) at sub-brick 17
250329-09:56:15,892 nipype.interface INFO:
	 stderr 2025-03-29T09:56:15.892815:++ Max displacement in automask = 0.24 (mm) at sub-brick 11
250329-09:56:15,893 nipype.interface INFO:
	 stderr 2025-03-29T09:56:15.892815:++ Max delta displ  in automask = 0.28 (mm) at sub-brick 12
250329-09:56:17,113 nipype.workflow INFO:
	 [Node] Setting-up "fmriprep_24_0_wf.sub_32_wf.anat_fit_wf.surface_recon_wf.autorecon1" in "/work_dir/fmriprep_24_0_wf/sub_32_wf/anat_fit_wf/surface_recon_wf/autorecon1".
250329-09:56:17,136 nipype.workflow INFO:
	 [Node] Executing "autorecon1" <smriprep.interfaces.freesurfer.ReconAll>
250329-09:56:19,744 nipype.workflow INFO:
	 [Node] Finished "_truncate_images0", elapsed time 12.097585s.
250329-09:56:20,868 nipype.workflow INFO:
	 [Node] Setting-up "_inu_n40" in "/work_dir/fmriprep_24_0_wf/sub_32_wf/anat_fit_wf/brain_extraction_wf/inu_n4/mapflow/_inu_n40".
250329-09:56:20,878 nipype.workflow INFO:
	 [Node] Executing "_inu_n40" <nipype.interfaces.ants.segmentation.N4BiasFieldCorrection>
250329-09:56:21,392 nipype.workflow INFO:
	 [Node] Finished "gen_avg", elapsed time 204.944479s.
250329-09:56:22,692 nipype.interface INFO:
	 stderr 2025-03-29T09:56:22.692154:++ Max displacement in automask = 4.01 (mm) at sub-brick 7
250329-09:56:22,699 nipype.interface INFO:
	 stderr 2025-03-29T09:56:22.699751:++ Max delta displ  in automask = 3.75 (mm) at sub-brick 7
250329-09:56:23,41 nipype.workflow INFO:
	 [Node] Setting-up "fmriprep_24_0_wf.sub_32_wf.bold_task_bird_run_3_wf.bold_fit_wf.fmapref_buffer" in "/work_dir/fmriprep_24_0_wf/sub_32_wf/bold_task_bird_run_3_wf/bold_fit_wf/fmapref_buffer".
250329-09:56:23,52 nipype.workflow INFO:
	 [Node] Executing "fmapref_buffer" <nipype.interfaces.utility.wrappers.Function>
250329-09:56:23,54 nipype.workflow INFO:
	 [Node] Finished "fmapref_buffer", elapsed time 0.001224s.
250329-09:56:23,156 nipype.interface WARNING:
	 Changing /output/sub-32/func/sub-32_task-bird_run-3_desc-hmc_boldref.nii.gz dtype from uint16 to float32
250329-09:56:24,38 nipype.interface INFO:
	 stderr 2025-03-29T09:56:24.038940:++ Max displacement in automask = 2.17 (mm) at sub-brick 8
250329-09:56:24,45 nipype.interface INFO:
	 stderr 2025-03-29T09:56:24.045309:++ Max delta displ  in automask = 2.00 (mm) at sub-brick 8
250329-09:56:24,166 nipype.workflow INFO:
	 [Node] Setting-up "fmriprep_24_0_wf.sub_32_wf.bold_task_bird_run_3_wf.bold_fit_wf.bold_hmc_wf.mcflirt" in "/work_dir/fmriprep_24_0_wf/sub_32_wf/bold_task_bird_run_3_wf/bold_fit_wf/bold_hmc_wf/mcflirt".
250329-09:56:24,207 nipype.workflow INFO:
	 [Node] Executing "mcflirt" <nipype.interfaces.fsl.preprocess.MCFLIRT>
250329-09:56:24,988 nipype.workflow INFO:
	 [Node] Setting-up "fmriprep_24_0_wf.sub_32_wf.bold_task_bird_run_3_wf.bold_fit_wf.ds_coreg_boldref_wf.sources" in "/work_dir/fmriprep_24_0_wf/sub_32_wf/bold_task_bird_run_3_wf/bold_fit_wf/ds_coreg_boldref_wf/sources".
250329-09:56:24,991 nipype.workflow INFO:
	 [Node] Executing "sources" <fmriprep.interfaces.bids.BIDSURI>
250329-09:56:24,992 nipype.workflow INFO:
	 [Node] Finished "sources", elapsed time 0.000248s.
250329-09:56:25,699 nipype.workflow INFO:
	 [Node] Finished "gen_avg", elapsed time 209.651656s.
250329-09:56:26,88 nipype.interface INFO:
	 stderr 2025-03-29T09:56:26.088010:++ Max displacement in automask = 0.69 (mm) at sub-brick 18
250329-09:56:26,98 nipype.interface INFO:
	 stderr 2025-03-29T09:56:26.098384:++ Max delta displ  in automask = 0.67 (mm) at sub-brick 7
250329-09:56:26,980 nipype.workflow INFO:
	 [Node] Setting-up "fmriprep_24_0_wf.sub_32_wf.bold_task_bird_run_1_wf.bold_fit_wf.fmapref_buffer" in "/work_dir/fmriprep_24_0_wf/sub_32_wf/bold_task_bird_run_1_wf/bold_fit_wf/fmapref_buffer".
250329-09:56:26,982 nipype.workflow INFO:
	 [Node] Executing "fmapref_buffer" <nipype.interfaces.utility.wrappers.Function>
250329-09:56:26,984 nipype.workflow INFO:
	 [Node] Finished "fmapref_buffer", elapsed time 0.000878s.
250329-09:56:27,164 nipype.interface WARNING:
	 Changing /output/sub-32/func/sub-32_task-bird_run-1_desc-hmc_boldref.nii.gz dtype from uint16 to float32
250329-09:56:28,680 nipype.workflow INFO:
	 [Node] Setting-up "fmriprep_24_0_wf.sub_32_wf.bold_task_bird_run_1_wf.bold_fit_wf.bold_hmc_wf.mcflirt" in "/work_dir/fmriprep_24_0_wf/sub_32_wf/bold_task_bird_run_1_wf/bold_fit_wf/bold_hmc_wf/mcflirt".
250329-09:56:28,931 nipype.workflow INFO:
	 [Node] Setting-up "fmriprep_24_0_wf.sub_32_wf.bold_task_bird_run_1_wf.bold_fit_wf.ds_coreg_boldref_wf.sources" in "/work_dir/fmriprep_24_0_wf/sub_32_wf/bold_task_bird_run_1_wf/bold_fit_wf/ds_coreg_boldref_wf/sources".
250329-09:56:28,935 nipype.workflow INFO:
	 [Node] Executing "sources" <fmriprep.interfaces.bids.BIDSURI>
250329-09:56:28,936 nipype.workflow INFO:
	 [Node] Finished "sources", elapsed time 0.00026s.
250329-09:56:29,4 nipype.workflow INFO:
	 [Node] Executing "mcflirt" <nipype.interfaces.fsl.preprocess.MCFLIRT>
250329-09:56:32,467 nipype.workflow INFO:
	 [Node] Finished "gen_avg", elapsed time 213.644251s.
250329-09:56:35,7 nipype.workflow INFO:
	 [Node] Setting-up "fmriprep_24_0_wf.sub_32_wf.bold_task_bird_run_6_wf.bold_fit_wf.fmapref_buffer" in "/work_dir/fmriprep_24_0_wf/sub_32_wf/bold_task_bird_run_6_wf/bold_fit_wf/fmapref_buffer".
250329-09:56:35,14 nipype.workflow INFO:
	 [Node] Executing "fmapref_buffer" <nipype.interfaces.utility.wrappers.Function>
250329-09:56:35,16 nipype.workflow INFO:
	 [Node] Finished "fmapref_buffer", elapsed time 0.000738s.
250329-09:56:35,181 nipype.interface WARNING:
	 Changing /output/sub-32/func/sub-32_task-bird_run-6_desc-hmc_boldref.nii.gz dtype from uint16 to float32
250329-09:56:35,366 nipype.workflow INFO:
	 [Node] Finished "gen_avg", elapsed time 217.319487s.
250329-09:56:35,491 nipype.interface INFO:
	 stderr 2025-03-29T09:56:35.491500:++ Max displacement in automask = 4.47 (mm) at sub-brick 6
250329-09:56:35,491 nipype.interface INFO:
	 stderr 2025-03-29T09:56:35.491792:++ Max delta displ  in automask = 3.02 (mm) at sub-brick 2
250329-09:56:36,125 nipype.workflow INFO:
	 [Node] Setting-up "fmriprep_24_0_wf.sub_32_wf.bold_task_bird_run_6_wf.bold_fit_wf.bold_hmc_wf.mcflirt" in "/work_dir/fmriprep_24_0_wf/sub_32_wf/bold_task_bird_run_6_wf/bold_fit_wf/bold_hmc_wf/mcflirt".
250329-09:56:36,134 nipype.workflow INFO:
	 [Node] Executing "mcflirt" <nipype.interfaces.fsl.preprocess.MCFLIRT>
250329-09:56:36,275 nipype.workflow INFO:
	 [Node] Finished "gen_avg", elapsed time 220.010351s.
250329-09:56:36,825 nipype.workflow INFO:
	 [Node] Setting-up "fmriprep_24_0_wf.sub_32_wf.bold_task_bird_run_2_wf.bold_fit_wf.fmapref_buffer" in "/work_dir/fmriprep_24_0_wf/sub_32_wf/bold_task_bird_run_2_wf/bold_fit_wf/fmapref_buffer".
250329-09:56:36,833 nipype.workflow INFO:
	 [Node] Executing "fmapref_buffer" <nipype.interfaces.utility.wrappers.Function>
250329-09:56:36,843 nipype.workflow INFO:
	 [Node] Finished "fmapref_buffer", elapsed time 0.009847s.
250329-09:56:36,941 nipype.interface WARNING:
	 Changing /output/sub-32/func/sub-32_task-bird_run-2_desc-hmc_boldref.nii.gz dtype from uint16 to float32
250329-09:56:37,750 nipype.workflow INFO:
	 [Node] Setting-up "fmriprep_24_0_wf.sub_32_wf.bold_task_bird_run_2_wf.bold_fit_wf.bold_hmc_wf.mcflirt" in "/work_dir/fmriprep_24_0_wf/sub_32_wf/bold_task_bird_run_2_wf/bold_fit_wf/bold_hmc_wf/mcflirt".
250329-09:56:37,759 nipype.workflow INFO:
	 [Node] Executing "mcflirt" <nipype.interfaces.fsl.preprocess.MCFLIRT>
250329-09:56:37,763 nipype.workflow INFO:
	 [Node] Setting-up "fmriprep_24_0_wf.sub_32_wf.bold_task_bird_run_4_wf.bold_fit_wf.fmapref_buffer" in "/work_dir/fmriprep_24_0_wf/sub_32_wf/bold_task_bird_run_4_wf/bold_fit_wf/fmapref_buffer".
250329-09:56:37,770 nipype.workflow INFO:
	 [Node] Executing "fmapref_buffer" <nipype.interfaces.utility.wrappers.Function>
250329-09:56:37,772 nipype.workflow INFO:
	 [Node] Finished "fmapref_buffer", elapsed time 0.000807s.
250329-09:56:37,872 nipype.interface WARNING:
	 Changing /output/sub-32/func/sub-32_task-bird_run-4_desc-hmc_boldref.nii.gz dtype from uint16 to float32
250329-09:56:38,339 nipype.workflow INFO:
	 [Node] Finished "copy_xform", elapsed time 69.221165s.
250329-09:56:38,745 nipype.workflow INFO:
	 [Node] Setting-up "fmriprep_24_0_wf.sub_32_wf.bold_task_bird_run_6_wf.bold_fit_wf.ds_coreg_boldref_wf.sources" in "/work_dir/fmriprep_24_0_wf/sub_32_wf/bold_task_bird_run_6_wf/bold_fit_wf/ds_coreg_boldref_wf/sources".
250329-09:56:38,756 nipype.workflow INFO:
	 [Node] Executing "sources" <fmriprep.interfaces.bids.BIDSURI>
250329-09:56:38,757 nipype.workflow INFO:
	 [Node] Finished "sources", elapsed time 0.00027s.
250329-09:56:38,909 nipype.workflow INFO:
	 [Node] Setting-up "fmriprep_24_0_wf.sub_32_wf.bold_task_bird_run_4_wf.bold_fit_wf.bold_hmc_wf.mcflirt" in "/work_dir/fmriprep_24_0_wf/sub_32_wf/bold_task_bird_run_4_wf/bold_fit_wf/bold_hmc_wf/mcflirt".
250329-09:56:38,935 nipype.workflow INFO:
	 [Node] Executing "mcflirt" <nipype.interfaces.fsl.preprocess.MCFLIRT>
250329-09:56:39,124 nipype.workflow INFO:
	 [Node] Setting-up "fmriprep_24_0_wf.sub_32_wf.bold_task_bird_run_2_wf.bold_fit_wf.ds_coreg_boldref_wf.sources" in "/work_dir/fmriprep_24_0_wf/sub_32_wf/bold_task_bird_run_2_wf/bold_fit_wf/ds_coreg_boldref_wf/sources".
250329-09:56:39,126 nipype.workflow INFO:
	 [Node] Setting-up "fmriprep_24_0_wf.sub_32_wf.bold_task_bird_run_4_wf.bold_fit_wf.ds_coreg_boldref_wf.sources" in "/work_dir/fmriprep_24_0_wf/sub_32_wf/bold_task_bird_run_4_wf/bold_fit_wf/ds_coreg_boldref_wf/sources".
250329-09:56:39,129 nipype.workflow INFO:
	 [Node] Executing "sources" <fmriprep.interfaces.bids.BIDSURI>
250329-09:56:39,130 nipype.workflow INFO:
	 [Node] Finished "sources", elapsed time 0.000276s.
250329-09:56:39,133 nipype.workflow INFO:
	 [Node] Executing "sources" <fmriprep.interfaces.bids.BIDSURI>
250329-09:56:39,134 nipype.workflow INFO:
	 [Node] Finished "sources", elapsed time 0.000268s.
250329-09:56:40,430 nipype.workflow INFO:
	 [Node] Finished "copy_xform", elapsed time 68.037496s.
250329-09:56:44,1 nipype.workflow INFO:
	 [Node] Finished "gen_avg", elapsed time 225.511781s.
250329-09:56:45,117 nipype.workflow INFO:
	 [Node] Setting-up "fmriprep_24_0_wf.sub_32_wf.bold_task_bird_run_5_wf.bold_fit_wf.fmapref_buffer" in "/work_dir/fmriprep_24_0_wf/sub_32_wf/bold_task_bird_run_5_wf/bold_fit_wf/fmapref_buffer".
250329-09:56:45,125 nipype.workflow INFO:
	 [Node] Executing "fmapref_buffer" <nipype.interfaces.utility.wrappers.Function>
250329-09:56:45,136 nipype.workflow INFO:
	 [Node] Finished "fmapref_buffer", elapsed time 0.010049s.
250329-09:56:45,228 nipype.interface WARNING:
	 Changing /output/sub-32/func/sub-32_task-bird_run-5_desc-hmc_boldref.nii.gz dtype from uint16 to float32
250329-09:56:46,79 nipype.workflow INFO:
	 [Node] Setting-up "fmriprep_24_0_wf.sub_32_wf.bold_task_bird_run_5_wf.bold_fit_wf.bold_hmc_wf.mcflirt" in "/work_dir/fmriprep_24_0_wf/sub_32_wf/bold_task_bird_run_5_wf/bold_fit_wf/bold_hmc_wf/mcflirt".
250329-09:56:46,88 nipype.workflow INFO:
	 [Node] Executing "mcflirt" <nipype.interfaces.fsl.preprocess.MCFLIRT>
250329-09:56:47,277 nipype.workflow INFO:
	 [Node] Setting-up "fmriprep_24_0_wf.sub_32_wf.bold_task_bird_run_5_wf.bold_fit_wf.ds_coreg_boldref_wf.sources" in "/work_dir/fmriprep_24_0_wf/sub_32_wf/bold_task_bird_run_5_wf/bold_fit_wf/ds_coreg_boldref_wf/sources".
250329-09:56:47,280 nipype.workflow INFO:
	 [Node] Executing "sources" <fmriprep.interfaces.bids.BIDSURI>
250329-09:56:47,281 nipype.workflow INFO:
	 [Node] Finished "sources", elapsed time 0.000259s.
250329-09:56:55,253 nipype.workflow INFO:
	 [Node] Finished "copy_xform", elapsed time 69.768273s.
250329-09:57:09,348 nipype.workflow INFO:
	 [Node] Finished "copy_xform", elapsed time 70.161207s.
250329-09:57:09,767 nipype.workflow INFO:
	 [Node] Finished "copy_xform", elapsed time 72.24553s.
250329-09:57:11,21 nipype.workflow INFO:
	 [Node] Setting-up "fmriprep_24_0_wf.sub_32_wf.bold_task_bird_run_1_wf.bold_fit_wf.enhance_and_skullstrip_bold_wf.init_aff" in "/work_dir/fmriprep_24_0_wf/sub_32_wf/bold_task_bird_run_1_wf/bold_fit_wf/enhance_and_skullstrip_bold_wf/init_aff".
250329-09:57:11,36 nipype.workflow INFO:
	 [Node] Executing "init_aff" <nipype.interfaces.ants.utils.AI>
250329-09:57:16,583 nipype.workflow INFO:
	 [Node] Finished "copy_xform", elapsed time 67.269306s.
250329-09:58:05,658 nipype.workflow INFO:
	 [Node] Finished "_inu_n40", elapsed time 104.264168s.
250329-09:58:06,965 nipype.workflow INFO:
	 [Node] Setting-up "fmriprep_24_0_wf.sub_32_wf.anat_fit_wf.brain_extraction_wf.res_target" in "/work_dir/fmriprep_24_0_wf/sub_32_wf/anat_fit_wf/brain_extraction_wf/res_target".
250329-09:58:07,4 nipype.workflow INFO:
	 [Node] Setting-up "fmriprep_24_0_wf.sub_32_wf.bold_task_bird_run_2_wf.bold_fit_wf.enhance_and_skullstrip_bold_wf.init_aff" in "/work_dir/fmriprep_24_0_wf/sub_32_wf/bold_task_bird_run_2_wf/bold_fit_wf/enhance_and_skullstrip_bold_wf/init_aff".
250329-09:58:07,18 nipype.workflow INFO:
	 [Node] Setting-up "fmriprep_24_0_wf.sub_32_wf.anat_fit_wf.brain_extraction_wf.lap_target" in "/work_dir/fmriprep_24_0_wf/sub_32_wf/anat_fit_wf/brain_extraction_wf/lap_target".
250329-09:58:07,21 nipype.workflow INFO:
	 [Node] Executing "init_aff" <nipype.interfaces.ants.utils.AI>
250329-09:58:07,31 nipype.workflow INFO:
	 [Node] Executing "lap_target" <nipype.interfaces.ants.utils.ImageMath>
250329-09:58:07,34 nipype.workflow INFO:
	 [Node] Executing "res_target" <niworkflows.interfaces.nibabel.RegridToZooms>
250329-09:58:09,856 nipype.workflow INFO:
	 [Node] Finished "res_target", elapsed time 2.821264s.
250329-09:58:33,460 nipype.workflow INFO:
	 [Node] Finished "lap_target", elapsed time 25.794639s.
250329-09:58:35,691 nipype.workflow INFO:
	 [Node] Setting-up "fmriprep_24_0_wf.sub_32_wf.anat_fit_wf.brain_extraction_wf.mrg_target" in "/work_dir/fmriprep_24_0_wf/sub_32_wf/anat_fit_wf/brain_extraction_wf/mrg_target".
250329-09:58:35,785 nipype.workflow INFO:
	 [Node] Executing "mrg_target" <nipype.interfaces.utility.base.Merge>
250329-09:58:35,787 nipype.workflow INFO:
	 [Node] Finished "mrg_target", elapsed time 0.001369s.
250329-09:59:25,56 nipype.workflow INFO:
	 [Node] Finished "init_aff", elapsed time 133.440332s.
250329-09:59:26,971 nipype.workflow INFO:
	 [Node] Setting-up "fmriprep_24_0_wf.sub_32_wf.bold_task_bird_run_3_wf.bold_fit_wf.enhance_and_skullstrip_bold_wf.init_aff" in "/work_dir/fmriprep_24_0_wf/sub_32_wf/bold_task_bird_run_3_wf/bold_fit_wf/enhance_and_skullstrip_bold_wf/init_aff".
250329-09:59:26,976 nipype.workflow INFO:
	 [Node] Executing "init_aff" <nipype.interfaces.ants.utils.AI>
250329-10:00:30,154 nipype.workflow INFO:
	 [Node] Finished "init_aff", elapsed time 142.609191s.
250329-10:00:31,251 nipype.workflow INFO:
	 [Node] Setting-up "fmriprep_24_0_wf.sub_32_wf.bold_task_bird_run_4_wf.bold_fit_wf.enhance_and_skullstrip_bold_wf.init_aff" in "/work_dir/fmriprep_24_0_wf/sub_32_wf/bold_task_bird_run_4_wf/bold_fit_wf/enhance_and_skullstrip_bold_wf/init_aff".
250329-10:00:31,255 nipype.workflow INFO:
	 [Node] Executing "init_aff" <nipype.interfaces.ants.utils.AI>
250329-10:02:00,838 nipype.workflow INFO:
	 [Node] Finished "init_aff", elapsed time 153.440296s.
250329-10:02:03,295 nipype.workflow INFO:
	 [Node] Setting-up "fmriprep_24_0_wf.sub_32_wf.bold_task_bird_run_5_wf.bold_fit_wf.enhance_and_skullstrip_bold_wf.init_aff" in "/work_dir/fmriprep_24_0_wf/sub_32_wf/bold_task_bird_run_5_wf/bold_fit_wf/enhance_and_skullstrip_bold_wf/init_aff".
250329-10:02:03,299 nipype.workflow INFO:
	 [Node] Executing "init_aff" <nipype.interfaces.ants.utils.AI>
250329-10:02:15,80 nipype.workflow INFO:
	 [Node] Finished "mcflirt", elapsed time 350.872678s.
250329-10:02:18,258 nipype.workflow INFO:
	 [Node] Setting-up "fmriprep_24_0_wf.sub_32_wf.bold_task_bird_run_3_wf.bold_fit_wf.bold_hmc_wf.normalize_motion" in "/work_dir/fmriprep_24_0_wf/sub_32_wf/bold_task_bird_run_3_wf/bold_fit_wf/bold_hmc_wf/normalize_motion".
250329-10:02:18,626 nipype.workflow INFO:
	 [Node] Executing "normalize_motion" <niworkflows.interfaces.confounds.NormalizeMotionParams>
250329-10:02:18,645 nipype.workflow INFO:
	 [Node] Finished "normalize_motion", elapsed time 0.010504s.
250329-10:02:19,96 nipype.workflow INFO:
	 [Node] Setting-up "fmriprep_24_0_wf.sub_32_wf.bold_task_bird_run_3_wf.bold_confounds_wf.fdisp" in "/work_dir/fmriprep_24_0_wf/sub_32_wf/bold_task_bird_run_3_wf/bold_confounds_wf/fdisp".
250329-10:02:19,477 nipype.workflow INFO:
	 [Node] Executing "fdisp" <nipype.algorithms.confounds.FramewiseDisplacement>
250329-10:02:19,488 nipype.workflow INFO:
	 [Node] Finished "fdisp", elapsed time 0.009711s.
250329-10:02:26,214 nipype.workflow INFO:
	 [Node] Finished "mcflirt", elapsed time 348.454563s.
250329-10:02:26,229 nipype.workflow INFO:
	 [Node] Finished "mcflirt", elapsed time 357.223677s.
250329-10:02:27,50 nipype.workflow INFO:
	 [Node] Setting-up "fmriprep_24_0_wf.sub_32_wf.bold_task_bird_run_1_wf.bold_fit_wf.bold_hmc_wf.normalize_motion" in "/work_dir/fmriprep_24_0_wf/sub_32_wf/bold_task_bird_run_1_wf/bold_fit_wf/bold_hmc_wf/normalize_motion".
250329-10:02:27,64 nipype.workflow INFO:
	 [Node] Executing "normalize_motion" <niworkflows.interfaces.confounds.NormalizeMotionParams>
250329-10:02:27,69 nipype.workflow INFO:
	 [Node] Finished "normalize_motion", elapsed time 0.003987s.
250329-10:02:27,267 nipype.workflow INFO:
	 [Node] Setting-up "fmriprep_24_0_wf.sub_32_wf.bold_task_bird_run_2_wf.bold_fit_wf.bold_hmc_wf.normalize_motion" in "/work_dir/fmriprep_24_0_wf/sub_32_wf/bold_task_bird_run_2_wf/bold_fit_wf/bold_hmc_wf/normalize_motion".
250329-10:02:27,294 nipype.workflow INFO:
	 [Node] Executing "normalize_motion" <niworkflows.interfaces.confounds.NormalizeMotionParams>
250329-10:02:27,299 nipype.workflow INFO:
	 [Node] Finished "normalize_motion", elapsed time 0.003904s.
250329-10:02:29,17 nipype.workflow INFO:
	 [Node] Setting-up "fmriprep_24_0_wf.sub_32_wf.bold_task_bird_run_1_wf.bold_confounds_wf.fdisp" in "/work_dir/fmriprep_24_0_wf/sub_32_wf/bold_task_bird_run_1_wf/bold_confounds_wf/fdisp".
250329-10:02:29,23 nipype.workflow INFO:
	 [Node] Executing "fdisp" <nipype.algorithms.confounds.FramewiseDisplacement>
250329-10:02:29,27 nipype.workflow INFO:
	 [Node] Finished "fdisp", elapsed time 0.003003s.
250329-10:02:29,95 nipype.workflow INFO:
	 [Node] Finished "mcflirt", elapsed time 343.005989s.
250329-10:02:29,279 nipype.workflow INFO:
	 [Node] Setting-up "fmriprep_24_0_wf.sub_32_wf.bold_task_bird_run_2_wf.bold_confounds_wf.fdisp" in "/work_dir/fmriprep_24_0_wf/sub_32_wf/bold_task_bird_run_2_wf/bold_confounds_wf/fdisp".
250329-10:02:29,665 nipype.workflow INFO:
	 [Node] Executing "fdisp" <nipype.algorithms.confounds.FramewiseDisplacement>
250329-10:02:29,669 nipype.workflow INFO:
	 [Node] Finished "fdisp", elapsed time 0.0031s.
250329-10:02:31,235 nipype.workflow INFO:
	 [Node] Finished "mcflirt", elapsed time 352.299132s.
250329-10:02:31,422 nipype.workflow INFO:
	 [Node] Setting-up "fmriprep_24_0_wf.sub_32_wf.bold_task_bird_run_5_wf.bold_fit_wf.bold_hmc_wf.normalize_motion" in "/work_dir/fmriprep_24_0_wf/sub_32_wf/bold_task_bird_run_5_wf/bold_fit_wf/bold_hmc_wf/normalize_motion".
250329-10:02:31,526 nipype.workflow INFO:
	 [Node] Executing "normalize_motion" <niworkflows.interfaces.confounds.NormalizeMotionParams>
250329-10:02:31,531 nipype.workflow INFO:
	 [Node] Finished "normalize_motion", elapsed time 0.003952s.
250329-10:02:33,11 nipype.workflow INFO:
	 [Node] Setting-up "fmriprep_24_0_wf.sub_32_wf.bold_task_bird_run_4_wf.bold_fit_wf.bold_hmc_wf.normalize_motion" in "/work_dir/fmriprep_24_0_wf/sub_32_wf/bold_task_bird_run_4_wf/bold_fit_wf/bold_hmc_wf/normalize_motion".
250329-10:02:33,32 nipype.workflow INFO:
	 [Node] Executing "normalize_motion" <niworkflows.interfaces.confounds.NormalizeMotionParams>
250329-10:02:33,37 nipype.workflow INFO:
	 [Node] Finished "normalize_motion", elapsed time 0.00391s.
250329-10:02:33,215 nipype.workflow INFO:
	 [Node] Setting-up "fmriprep_24_0_wf.sub_32_wf.bold_task_bird_run_5_wf.bold_confounds_wf.fdisp" in "/work_dir/fmriprep_24_0_wf/sub_32_wf/bold_task_bird_run_5_wf/bold_confounds_wf/fdisp".
250329-10:02:33,221 nipype.workflow INFO:
	 [Node] Executing "fdisp" <nipype.algorithms.confounds.FramewiseDisplacement>
250329-10:02:33,224 nipype.workflow INFO:
	 [Node] Finished "fdisp", elapsed time 0.002973s.
250329-10:02:35,17 nipype.workflow INFO:
	 [Node] Setting-up "fmriprep_24_0_wf.sub_32_wf.bold_task_bird_run_4_wf.bold_confounds_wf.fdisp" in "/work_dir/fmriprep_24_0_wf/sub_32_wf/bold_task_bird_run_4_wf/bold_confounds_wf/fdisp".
250329-10:02:35,491 nipype.workflow INFO:
	 [Node] Executing "fdisp" <nipype.algorithms.confounds.FramewiseDisplacement>
250329-10:02:35,495 nipype.workflow INFO:
	 [Node] Finished "fdisp", elapsed time 0.003013s.
250329-10:02:37,240 nipype.workflow INFO:
	 [Node] Finished "mcflirt", elapsed time 361.105387s.
250329-10:02:39,287 nipype.workflow INFO:
	 [Node] Setting-up "fmriprep_24_0_wf.sub_32_wf.bold_task_bird_run_1_wf.bold_fit_wf.bold_hmc_wf.fsl2itk" in "/work_dir/fmriprep_24_0_wf/sub_32_wf/bold_task_bird_run_1_wf/bold_fit_wf/bold_hmc_wf/fsl2itk".
250329-10:02:39,418 nipype.workflow INFO:
	 [Node] Executing "fsl2itk" <niworkflows.interfaces.itk.MCFLIRT2ITK>
250329-10:02:39,418 nipype.interface WARNING:
	 Multithreading is deprecated. Remove the num_threads input.
250329-10:02:39,686 nipype.workflow INFO:
	 [Node] Finished "fsl2itk", elapsed time 0.268062s.
250329-10:02:41,185 nipype.workflow INFO:
	 [Node] Setting-up "fmriprep_24_0_wf.sub_32_wf.bold_task_bird_run_2_wf.bold_fit_wf.bold_hmc_wf.fsl2itk" in "/work_dir/fmriprep_24_0_wf/sub_32_wf/bold_task_bird_run_2_wf/bold_fit_wf/bold_hmc_wf/fsl2itk".
250329-10:02:41,314 nipype.workflow INFO:
	 [Node] Executing "fsl2itk" <niworkflows.interfaces.itk.MCFLIRT2ITK>
250329-10:02:41,315 nipype.interface WARNING:
	 Multithreading is deprecated. Remove the num_threads input.
250329-10:02:41,585 nipype.workflow INFO:
	 [Node] Finished "fsl2itk", elapsed time 0.270333s.
250329-10:02:43,60 nipype.workflow INFO:
	 [Node] Setting-up "fmriprep_24_0_wf.sub_32_wf.bold_task_bird_run_3_wf.bold_fit_wf.bold_hmc_wf.fsl2itk" in "/work_dir/fmriprep_24_0_wf/sub_32_wf/bold_task_bird_run_3_wf/bold_fit_wf/bold_hmc_wf/fsl2itk".
250329-10:02:43,106 nipype.workflow INFO:
	 [Node] Executing "fsl2itk" <niworkflows.interfaces.itk.MCFLIRT2ITK>
250329-10:02:43,107 nipype.interface WARNING:
	 Multithreading is deprecated. Remove the num_threads input.
250329-10:02:43,376 nipype.workflow INFO:
	 [Node] Finished "fsl2itk", elapsed time 0.269036s.
250329-10:02:45,49 nipype.workflow INFO:
	 [Node] Setting-up "fmriprep_24_0_wf.sub_32_wf.bold_task_bird_run_4_wf.bold_fit_wf.bold_hmc_wf.fsl2itk" in "/work_dir/fmriprep_24_0_wf/sub_32_wf/bold_task_bird_run_4_wf/bold_fit_wf/bold_hmc_wf/fsl2itk".
250329-10:02:45,93 nipype.workflow INFO:
	 [Node] Executing "fsl2itk" <niworkflows.interfaces.itk.MCFLIRT2ITK>
250329-10:02:45,94 nipype.interface WARNING:
	 Multithreading is deprecated. Remove the num_threads input.
250329-10:02:45,357 nipype.workflow INFO:
	 [Node] Finished "fsl2itk", elapsed time 0.262953s.
250329-10:02:47,53 nipype.workflow INFO:
	 [Node] Setting-up "fmriprep_24_0_wf.sub_32_wf.bold_task_bird_run_5_wf.bold_fit_wf.bold_hmc_wf.fsl2itk" in "/work_dir/fmriprep_24_0_wf/sub_32_wf/bold_task_bird_run_5_wf/bold_fit_wf/bold_hmc_wf/fsl2itk".
250329-10:02:47,96 nipype.workflow INFO:
	 [Node] Executing "fsl2itk" <niworkflows.interfaces.itk.MCFLIRT2ITK>
250329-10:02:47,97 nipype.interface WARNING:
	 Multithreading is deprecated. Remove the num_threads input.
250329-10:02:47,368 nipype.workflow INFO:
	 [Node] Finished "fsl2itk", elapsed time 0.271268s.
250329-10:02:48,339 nipype.workflow INFO:
	 [Node] Finished "init_aff", elapsed time 136.517579s.
250329-10:02:49,11 nipype.workflow INFO:
	 [Node] Setting-up "fmriprep_24_0_wf.sub_32_wf.bold_task_bird_run_6_wf.bold_fit_wf.enhance_and_skullstrip_bold_wf.init_aff" in "/work_dir/fmriprep_24_0_wf/sub_32_wf/bold_task_bird_run_6_wf/bold_fit_wf/enhance_and_skullstrip_bold_wf/init_aff".
250329-10:02:49,15 nipype.workflow INFO:
	 [Node] Executing "init_aff" <nipype.interfaces.ants.utils.AI>
250329-10:02:49,199 nipype.workflow INFO:
	 [Node] Setting-up "fmriprep_24_0_wf.sub_32_wf.bold_task_bird_run_6_wf.bold_fit_wf.bold_hmc_wf.fsl2itk" in "/work_dir/fmriprep_24_0_wf/sub_32_wf/bold_task_bird_run_6_wf/bold_fit_wf/bold_hmc_wf/fsl2itk".
250329-10:02:49,330 nipype.workflow INFO:
	 [Node] Executing "fsl2itk" <niworkflows.interfaces.itk.MCFLIRT2ITK>
250329-10:02:49,331 nipype.interface WARNING:
	 Multithreading is deprecated. Remove the num_threads input.
250329-10:02:49,600 nipype.workflow INFO:
	 [Node] Finished "fsl2itk", elapsed time 0.268708s.
250329-10:02:51,416 nipype.workflow INFO:
	 [Node] Setting-up "fmriprep_24_0_wf.sub_32_wf.bold_task_bird_run_6_wf.bold_fit_wf.bold_hmc_wf.normalize_motion" in "/work_dir/fmriprep_24_0_wf/sub_32_wf/bold_task_bird_run_6_wf/bold_fit_wf/bold_hmc_wf/normalize_motion".
250329-10:02:51,519 nipype.workflow INFO:
	 [Node] Executing "normalize_motion" <niworkflows.interfaces.confounds.NormalizeMotionParams>
250329-10:02:51,524 nipype.workflow INFO:
	 [Node] Finished "normalize_motion", elapsed time 0.003971s.
250329-10:02:53,12 nipype.workflow INFO:
	 [Node] Setting-up "fmriprep_24_0_wf.sub_32_wf.bold_task_bird_run_1_wf.bold_fit_wf.enhance_and_skullstrip_bold_wf.norm" in "/work_dir/fmriprep_24_0_wf/sub_32_wf/bold_task_bird_run_1_wf/bold_fit_wf/enhance_and_skullstrip_bold_wf/norm".
250329-10:02:53,22 nipype.workflow INFO:
	 [Node] Executing "norm" <niworkflows.interfaces.fixes.FixHeaderRegistration>
250329-10:02:55,208 nipype.workflow INFO:
	 [Node] Finished "norm", elapsed time 2.184761s.
250329-10:02:57,13 nipype.workflow INFO:
	 [Node] Setting-up "fmriprep_24_0_wf.sub_32_wf.bold_task_bird_run_2_wf.bold_fit_wf.enhance_and_skullstrip_bold_wf.norm" in "/work_dir/fmriprep_24_0_wf/sub_32_wf/bold_task_bird_run_2_wf/bold_fit_wf/enhance_and_skullstrip_bold_wf/norm".
250329-10:02:57,20 nipype.workflow INFO:
	 [Node] Executing "norm" <niworkflows.interfaces.fixes.FixHeaderRegistration>
250329-10:03:02,638 nipype.workflow INFO:
	 [Node] Finished "norm", elapsed time 5.278881s.
250329-10:03:03,13 nipype.workflow INFO:
	 [Node] Setting-up "fmriprep_24_0_wf.sub_32_wf.bold_task_bird_run_3_wf.bold_fit_wf.enhance_and_skullstrip_bold_wf.norm" in "/work_dir/fmriprep_24_0_wf/sub_32_wf/bold_task_bird_run_3_wf/bold_fit_wf/enhance_and_skullstrip_bold_wf/norm".
250329-10:03:03,21 nipype.workflow INFO:
	 [Node] Executing "norm" <niworkflows.interfaces.fixes.FixHeaderRegistration>
250329-10:03:04,345 nipype.workflow INFO:
	 [Node] Finished "norm", elapsed time 1.3232949999999999s.
250329-10:03:05,12 nipype.workflow INFO:
	 [Node] Setting-up "fmriprep_24_0_wf.sub_32_wf.bold_task_bird_run_4_wf.bold_fit_wf.enhance_and_skullstrip_bold_wf.norm" in "/work_dir/fmriprep_24_0_wf/sub_32_wf/bold_task_bird_run_4_wf/bold_fit_wf/enhance_and_skullstrip_bold_wf/norm".
250329-10:03:05,18 nipype.workflow INFO:
	 [Node] Executing "norm" <niworkflows.interfaces.fixes.FixHeaderRegistration>
250329-10:03:09,987 nipype.workflow INFO:
	 [Node] Finished "norm", elapsed time 4.967111s.
250329-10:03:11,13 nipype.workflow INFO:
	 [Node] Setting-up "fmriprep_24_0_wf.sub_32_wf.bold_task_bird_run_6_wf.bold_confounds_wf.fdisp" in "/work_dir/fmriprep_24_0_wf/sub_32_wf/bold_task_bird_run_6_wf/bold_confounds_wf/fdisp".
250329-10:03:11,226 nipype.workflow INFO:
	 [Node] Setting-up "fmriprep_24_0_wf.sub_32_wf.bold_task_bird_run_4_wf.bold_fit_wf.enhance_and_skullstrip_bold_wf.map_brainmask" in "/work_dir/fmriprep_24_0_wf/sub_32_wf/bold_task_bird_run_4_wf/bold_fit_wf/enhance_and_skullstrip_bold_wf/map_brainmask".
250329-10:03:11,230 nipype.workflow INFO:
	 [Node] Executing "map_brainmask" <niworkflows.interfaces.fixes.FixHeaderApplyTransforms>
250329-10:03:11,267 nipype.workflow INFO:
	 [Node] Setting-up "fmriprep_24_0_wf.sub_32_wf.bold_task_bird_run_1_wf.bold_fit_wf.enhance_and_skullstrip_bold_wf.map_brainmask" in "/work_dir/fmriprep_24_0_wf/sub_32_wf/bold_task_bird_run_1_wf/bold_fit_wf/enhance_and_skullstrip_bold_wf/map_brainmask".
250329-10:03:11,272 nipype.workflow INFO:
	 [Node] Setting-up "fmriprep_24_0_wf.sub_32_wf.bold_task_bird_run_3_wf.bold_fit_wf.enhance_and_skullstrip_bold_wf.map_brainmask" in "/work_dir/fmriprep_24_0_wf/sub_32_wf/bold_task_bird_run_3_wf/bold_fit_wf/enhance_and_skullstrip_bold_wf/map_brainmask".
250329-10:03:11,274 nipype.workflow INFO:
	 [Node] Executing "map_brainmask" <niworkflows.interfaces.fixes.FixHeaderApplyTransforms>
250329-10:03:11,276 nipype.workflow INFO:
	 [Node] Executing "map_brainmask" <niworkflows.interfaces.fixes.FixHeaderApplyTransforms>
250329-10:03:11,304 nipype.workflow INFO:
	 [Node] Setting-up "fmriprep_24_0_wf.sub_32_wf.bold_task_bird_run_2_wf.bold_fit_wf.enhance_and_skullstrip_bold_wf.map_brainmask" in "/work_dir/fmriprep_24_0_wf/sub_32_wf/bold_task_bird_run_2_wf/bold_fit_wf/enhance_and_skullstrip_bold_wf/map_brainmask".
250329-10:03:11,308 nipype.workflow INFO:
	 [Node] Executing "map_brainmask" <niworkflows.interfaces.fixes.FixHeaderApplyTransforms>
250329-10:03:11,867 nipype.workflow INFO:
	 [Node] Executing "fdisp" <nipype.algorithms.confounds.FramewiseDisplacement>
250329-10:03:11,871 nipype.workflow INFO:
	 [Node] Finished "fdisp", elapsed time 0.003043s.
250329-10:03:12,487 nipype.workflow INFO:
	 [Node] Finished "map_brainmask", elapsed time 0.781835s.
250329-10:03:12,511 nipype.workflow INFO:
	 [Node] Finished "map_brainmask", elapsed time 0.738269s.
250329-10:03:12,573 nipype.workflow INFO:
	 [Node] Finished "map_brainmask", elapsed time 0.931991s.
250329-10:03:12,639 nipype.workflow INFO:
	 [Node] Finished "map_brainmask", elapsed time 0.761981s.
250329-10:03:14,152 nipype.workflow INFO:
	 [Node] Setting-up "fmriprep_24_0_wf.sub_32_wf.anat_fit_wf.brain_extraction_wf.init_aff" in "/work_dir/fmriprep_24_0_wf/sub_32_wf/anat_fit_wf/brain_extraction_wf/init_aff".
250329-10:03:14,166 nipype.workflow INFO:
	 [Node] Executing "init_aff" <nipype.interfaces.ants.utils.AI>
250329-10:03:47,406 nipype.workflow INFO:
	 [Node] Finished "init_aff", elapsed time 103.435608s.
250329-10:03:49,20 nipype.workflow INFO:
	 [Node] Setting-up "fmriprep_24_0_wf.sub_32_wf.bold_task_bird_run_5_wf.bold_fit_wf.enhance_and_skullstrip_bold_wf.norm" in "/work_dir/fmriprep_24_0_wf/sub_32_wf/bold_task_bird_run_5_wf/bold_fit_wf/enhance_and_skullstrip_bold_wf/norm".
250329-10:03:49,26 nipype.workflow INFO:
	 [Node] Executing "norm" <niworkflows.interfaces.fixes.FixHeaderRegistration>
250329-10:03:50,509 nipype.workflow INFO:
	 [Node] Finished "norm", elapsed time 1.132528s.
250329-10:03:51,18 nipype.workflow INFO:
	 [Node] Setting-up "fmriprep_24_0_wf.sub_32_wf.bold_task_bird_run_5_wf.bold_fit_wf.enhance_and_skullstrip_bold_wf.map_brainmask" in "/work_dir/fmriprep_24_0_wf/sub_32_wf/bold_task_bird_run_5_wf/bold_fit_wf/enhance_and_skullstrip_bold_wf/map_brainmask".
250329-10:03:51,23 nipype.workflow INFO:
	 [Node] Executing "map_brainmask" <niworkflows.interfaces.fixes.FixHeaderApplyTransforms>
250329-10:03:51,25 nipype.workflow INFO:
	 [Node] Setting-up "fmriprep_24_0_wf.sub_32_wf.bold_task_bird_run_1_wf.bold_fit_wf.enhance_and_skullstrip_bold_wf.n4_correct" in "/work_dir/fmriprep_24_0_wf/sub_32_wf/bold_task_bird_run_1_wf/bold_fit_wf/enhance_and_skullstrip_bold_wf/n4_correct".
250329-10:03:51,26 nipype.workflow INFO:
	 [Node] Setting-up "fmriprep_24_0_wf.sub_32_wf.bold_task_bird_run_2_wf.bold_fit_wf.enhance_and_skullstrip_bold_wf.n4_correct" in "/work_dir/fmriprep_24_0_wf/sub_32_wf/bold_task_bird_run_2_wf/bold_fit_wf/enhance_and_skullstrip_bold_wf/n4_correct".
250329-10:03:51,28 nipype.workflow INFO:
	 [Node] Setting-up "fmriprep_24_0_wf.sub_32_wf.bold_task_bird_run_4_wf.bold_fit_wf.enhance_and_skullstrip_bold_wf.n4_correct" in "/work_dir/fmriprep_24_0_wf/sub_32_wf/bold_task_bird_run_4_wf/bold_fit_wf/enhance_and_skullstrip_bold_wf/n4_correct".
250329-10:03:51,28 nipype.workflow INFO:
	 [Node] Executing "n4_correct" <niworkflows.interfaces.fixes.FixN4BiasFieldCorrection>
250329-10:03:51,29 nipype.workflow INFO:
	 [Node] Executing "n4_correct" <niworkflows.interfaces.fixes.FixN4BiasFieldCorrection>
250329-10:03:51,34 nipype.workflow INFO:
	 [Node] Executing "n4_correct" <niworkflows.interfaces.fixes.FixN4BiasFieldCorrection>
250329-10:03:51,84 nipype.workflow INFO:
	 [Node] Setting-up "fmriprep_24_0_wf.sub_32_wf.bold_task_bird_run_3_wf.bold_fit_wf.enhance_and_skullstrip_bold_wf.n4_correct" in "/work_dir/fmriprep_24_0_wf/sub_32_wf/bold_task_bird_run_3_wf/bold_fit_wf/enhance_and_skullstrip_bold_wf/n4_correct".
250329-10:03:51,96 nipype.workflow INFO:
	 [Node] Executing "n4_correct" <niworkflows.interfaces.fixes.FixN4BiasFieldCorrection>
250329-10:03:52,586 nipype.workflow INFO:
	 [Node] Finished "map_brainmask", elapsed time 1.143299s.
250329-10:03:55,26 nipype.workflow INFO:
	 [Node] Finished "n4_correct", elapsed time 3.482814s.
250329-10:03:55,188 nipype.workflow INFO:
	 [Node] Setting-up "fmriprep_24_0_wf.sub_32_wf.bold_task_bird_run_5_wf.bold_fit_wf.enhance_and_skullstrip_bold_wf.n4_correct" in "/work_dir/fmriprep_24_0_wf/sub_32_wf/bold_task_bird_run_5_wf/bold_fit_wf/enhance_and_skullstrip_bold_wf/n4_correct".
250329-10:03:55,191 nipype.workflow INFO:
	 [Node] Executing "n4_correct" <niworkflows.interfaces.fixes.FixN4BiasFieldCorrection>
250329-10:03:56,419 nipype.workflow INFO:
	 [Node] Finished "n4_correct", elapsed time 5.383576s.
250329-10:03:57,21 nipype.workflow INFO:
	 [Node] Setting-up "fmriprep_24_0_wf.sub_32_wf.bold_task_bird_run_2_wf.bold_fit_wf.enhance_and_skullstrip_bold_wf.skullstrip_first_pass" in "/work_dir/fmriprep_24_0_wf/sub_32_wf/bold_task_bird_run_2_wf/bold_fit_wf/enhance_and_skullstrip_bold_wf/skullstrip_first_pass".
250329-10:03:57,25 nipype.workflow INFO:
	 [Node] Executing "skullstrip_first_pass" <nipype.interfaces.fsl.preprocess.BET>
250329-10:03:57,94 nipype.interface WARNING:
	 Changing /output/sub-32/func/sub-32_task-bird_run-2_desc-coreg_boldref.nii.gz dtype from uint16 to float32
250329-10:03:57,274 nipype.workflow INFO:
	 [Node] Finished "n4_correct", elapsed time 5.657849s.
250329-10:03:57,529 nipype.workflow INFO:
	 [Node] Setting-up "fmriprep_24_0_wf.sub_32_wf.bold_task_bird_run_4_wf.bold_fit_wf.enhance_and_skullstrip_bold_wf.skullstrip_first_pass" in "/work_dir/fmriprep_24_0_wf/sub_32_wf/bold_task_bird_run_4_wf/bold_fit_wf/enhance_and_skullstrip_bold_wf/skullstrip_first_pass".
250329-10:03:57,532 nipype.workflow INFO:
	 [Node] Executing "skullstrip_first_pass" <nipype.interfaces.fsl.preprocess.BET>
250329-10:03:57,608 nipype.interface WARNING:
	 Changing /output/sub-32/func/sub-32_task-bird_run-4_desc-coreg_boldref.nii.gz dtype from uint16 to float32
250329-10:03:57,907 nipype.workflow INFO:
	 [Node] Finished "n4_correct", elapsed time 6.312508s.
250329-10:03:59,80 nipype.interface WARNING:
	 Changing /output/sub-32/func/sub-32_task-bird_run-1_desc-coreg_boldref.nii.gz dtype from uint16 to float32
250329-10:03:59,184 nipype.workflow INFO:
	 [Node] Setting-up "fmriprep_24_0_wf.sub_32_wf.bold_task_bird_run_1_wf.bold_fit_wf.enhance_and_skullstrip_bold_wf.skullstrip_first_pass" in "/work_dir/fmriprep_24_0_wf/sub_32_wf/bold_task_bird_run_1_wf/bold_fit_wf/enhance_and_skullstrip_bold_wf/skullstrip_first_pass".
250329-10:03:59,206 nipype.workflow INFO:
	 [Node] Finished "skullstrip_first_pass", elapsed time 2.179954s.
250329-10:03:59,228 nipype.workflow INFO:
	 [Node] Finished "n4_correct", elapsed time 3.4426579999999998s.
250329-10:03:59,235 nipype.workflow INFO:
	 [Node] Executing "skullstrip_first_pass" <nipype.interfaces.fsl.preprocess.BET>
250329-10:03:59,502 nipype.workflow INFO:
	 [Node] Setting-up "fmriprep_24_0_wf.sub_32_wf.bold_task_bird_run_3_wf.bold_fit_wf.enhance_and_skullstrip_bold_wf.skullstrip_first_pass" in "/work_dir/fmriprep_24_0_wf/sub_32_wf/bold_task_bird_run_3_wf/bold_fit_wf/enhance_and_skullstrip_bold_wf/skullstrip_first_pass".
250329-10:03:59,505 nipype.workflow INFO:
	 [Node] Executing "skullstrip_first_pass" <nipype.interfaces.fsl.preprocess.BET>
250329-10:03:59,568 nipype.interface WARNING:
	 Changing /output/sub-32/func/sub-32_task-bird_run-3_desc-coreg_boldref.nii.gz dtype from uint16 to float32
250329-10:04:00,0 nipype.workflow INFO:
	 [Node] Setting-up "fmriprep_24_0_wf.sub_32_wf.bold_task_bird_run_2_wf.bold_fit_wf.ds_boldreg_wf.sources" in "/work_dir/fmriprep_24_0_wf/sub_32_wf/bold_task_bird_run_2_wf/bold_fit_wf/ds_boldreg_wf/sources".
250329-10:04:00,3 nipype.workflow INFO:
	 [Node] Executing "sources" <fmriprep.interfaces.bids.BIDSURI>
250329-10:04:00,4 nipype.workflow INFO:
	 [Node] Finished "sources", elapsed time 0.000279s.
250329-10:04:00,18 nipype.workflow INFO:
	 [Node] Setting-up "fmriprep_24_0_wf.sub_32_wf.bold_task_bird_run_4_wf.bold_fit_wf.ds_boldreg_wf.sources" in "/work_dir/fmriprep_24_0_wf/sub_32_wf/bold_task_bird_run_4_wf/bold_fit_wf/ds_boldreg_wf/sources".
250329-10:04:00,21 nipype.workflow INFO:
	 [Node] Executing "sources" <fmriprep.interfaces.bids.BIDSURI>
250329-10:04:00,22 nipype.workflow INFO:
	 [Node] Finished "sources", elapsed time 0.000258s.
250329-10:04:00,139 nipype.workflow INFO:
	 [Node] Finished "skullstrip_first_pass", elapsed time 2.605979s.
250329-10:04:01,24 nipype.workflow INFO:
	 [Node] Setting-up "fmriprep_24_0_wf.sub_32_wf.bold_task_bird_run_5_wf.bold_fit_wf.enhance_and_skullstrip_bold_wf.skullstrip_first_pass" in "/work_dir/fmriprep_24_0_wf/sub_32_wf/bold_task_bird_run_5_wf/bold_fit_wf/enhance_and_skullstrip_bold_wf/skullstrip_first_pass".
250329-10:04:01,27 nipype.workflow INFO:
	 [Node] Executing "skullstrip_first_pass" <nipype.interfaces.fsl.preprocess.BET>
250329-10:04:01,103 nipype.interface WARNING:
	 Changing /output/sub-32/func/sub-32_task-bird_run-5_desc-coreg_boldref.nii.gz dtype from uint16 to float32
250329-10:04:01,471 nipype.workflow INFO:
	 [Node] Finished "skullstrip_first_pass", elapsed time 2.234249s.
250329-10:04:01,597 nipype.workflow INFO:
	 [Node] Setting-up "fmriprep_24_0_wf.sub_32_wf.bold_task_bird_run_1_wf.bold_fit_wf.ds_boldreg_wf.sources" in "/work_dir/fmriprep_24_0_wf/sub_32_wf/bold_task_bird_run_1_wf/bold_fit_wf/ds_boldreg_wf/sources".
250329-10:04:01,605 nipype.workflow INFO:
	 [Node] Setting-up "fmriprep_24_0_wf.sub_32_wf.bold_task_bird_run_2_wf.bold_fit_wf.enhance_and_skullstrip_bold_wf.first_dilate" in "/work_dir/fmriprep_24_0_wf/sub_32_wf/bold_task_bird_run_2_wf/bold_fit_wf/enhance_and_skullstrip_bold_wf/first_dilate".
250329-10:04:01,605 nipype.workflow INFO:
	 [Node] Executing "sources" <fmriprep.interfaces.bids.BIDSURI>
250329-10:04:01,607 nipype.workflow INFO:
	 [Node] Setting-up "fmriprep_24_0_wf.sub_32_wf.bold_task_bird_run_3_wf.bold_fit_wf.ds_boldreg_wf.sources" in "/work_dir/fmriprep_24_0_wf/sub_32_wf/bold_task_bird_run_3_wf/bold_fit_wf/ds_boldreg_wf/sources".
250329-10:04:01,607 nipype.workflow INFO:
	 [Node] Finished "sources", elapsed time 0.000284s.
250329-10:04:01,609 nipype.workflow INFO:
	 [Node] Executing "first_dilate" <niworkflows.interfaces.nibabel.BinaryDilation>
250329-10:04:01,610 nipype.workflow INFO:
	 [Node] Executing "sources" <fmriprep.interfaces.bids.BIDSURI>
250329-10:04:01,610 nipype.workflow INFO:
	 [Node] Finished "sources", elapsed time 0.000256s.
250329-10:04:01,613 nipype.workflow INFO:
	 [Node] Setting-up "fmriprep_24_0_wf.sub_32_wf.bold_task_bird_run_4_wf.bold_fit_wf.enhance_and_skullstrip_bold_wf.first_dilate" in "/work_dir/fmriprep_24_0_wf/sub_32_wf/bold_task_bird_run_4_wf/bold_fit_wf/enhance_and_skullstrip_bold_wf/first_dilate".
250329-10:04:01,618 nipype.workflow INFO:
	 [Node] Executing "first_dilate" <niworkflows.interfaces.nibabel.BinaryDilation>
250329-10:04:01,693 nipype.workflow INFO:
	 [Node] Finished "skullstrip_first_pass", elapsed time 2.187019s.
250329-10:04:02,397 nipype.workflow INFO:
	 [Node] Finished "first_dilate", elapsed time 0.787262s.
250329-10:04:02,492 nipype.workflow INFO:
	 [Node] Finished "first_dilate", elapsed time 0.874115s.
250329-10:04:03,19 nipype.workflow INFO:
	 [Node] Setting-up "fmriprep_24_0_wf.sub_32_wf.bold_task_bird_run_1_wf.bold_fit_wf.enhance_and_skullstrip_bold_wf.first_dilate" in "/work_dir/fmriprep_24_0_wf/sub_32_wf/bold_task_bird_run_1_wf/bold_fit_wf/enhance_and_skullstrip_bold_wf/first_dilate".
250329-10:04:03,22 nipype.workflow INFO:
	 [Node] Executing "first_dilate" <niworkflows.interfaces.nibabel.BinaryDilation>
250329-10:04:03,36 nipype.workflow INFO:
	 [Node] Setting-up "fmriprep_24_0_wf.sub_32_wf.bold_task_bird_run_3_wf.bold_fit_wf.enhance_and_skullstrip_bold_wf.first_dilate" in "/work_dir/fmriprep_24_0_wf/sub_32_wf/bold_task_bird_run_3_wf/bold_fit_wf/enhance_and_skullstrip_bold_wf/first_dilate".
250329-10:04:03,38 nipype.workflow INFO:
	 [Node] Setting-up "fmriprep_24_0_wf.sub_32_wf.bold_task_bird_run_5_wf.bold_fit_wf.ds_boldreg_wf.sources" in "/work_dir/fmriprep_24_0_wf/sub_32_wf/bold_task_bird_run_5_wf/bold_fit_wf/ds_boldreg_wf/sources".
250329-10:04:03,42 nipype.workflow INFO:
	 [Node] Executing "sources" <fmriprep.interfaces.bids.BIDSURI>
250329-10:04:03,43 nipype.workflow INFO:
	 [Node] Finished "sources", elapsed time 0.000253s.
250329-10:04:03,46 nipype.workflow INFO:
	 [Node] Setting-up "fmriprep_24_0_wf.sub_32_wf.bold_task_bird_run_4_wf.bold_fit_wf.enhance_and_skullstrip_bold_wf.first_mask" in "/work_dir/fmriprep_24_0_wf/sub_32_wf/bold_task_bird_run_4_wf/bold_fit_wf/enhance_and_skullstrip_bold_wf/first_mask".
250329-10:04:03,47 nipype.workflow INFO:
	 [Node] Setting-up "fmriprep_24_0_wf.sub_32_wf.bold_task_bird_run_2_wf.bold_fit_wf.enhance_and_skullstrip_bold_wf.first_mask" in "/work_dir/fmriprep_24_0_wf/sub_32_wf/bold_task_bird_run_2_wf/bold_fit_wf/enhance_and_skullstrip_bold_wf/first_mask".
250329-10:04:03,153 nipype.workflow INFO:
	 [Node] Executing "first_mask" <niworkflows.interfaces.nibabel.ApplyMask>
250329-10:04:03,164 nipype.workflow INFO:
	 [Node] Executing "first_mask" <niworkflows.interfaces.nibabel.ApplyMask>
250329-10:04:03,206 nipype.workflow INFO:
	 [Node] Executing "first_dilate" <niworkflows.interfaces.nibabel.BinaryDilation>
250329-10:04:03,239 nipype.workflow INFO:
	 [Node] Finished "first_mask", elapsed time 0.08548s.
250329-10:04:03,257 nipype.workflow INFO:
	 [Node] Finished "first_mask", elapsed time 0.091796s.
250329-10:04:03,332 nipype.workflow INFO:
	 [Node] Finished "skullstrip_first_pass", elapsed time 2.3040760000000002s.
250329-10:04:03,993 nipype.workflow INFO:
	 [Node] Finished "first_dilate", elapsed time 0.970394s.
250329-10:04:04,77 nipype.workflow INFO:
	 [Node] Finished "first_dilate", elapsed time 0.870774s.
250329-10:04:05,381 nipype.workflow INFO:
	 [Node] Setting-up "fmriprep_24_0_wf.sub_32_wf.bold_task_bird_run_1_wf.bold_native_wf.boldref_bold" in "/work_dir/fmriprep_24_0_wf/sub_32_wf/bold_task_bird_run_1_wf/bold_native_wf/boldref_bold".
250329-10:04:05,389 nipype.workflow INFO:
	 [Node] Executing "boldref_bold" <fmriprep.interfaces.resampling.ResampleSeries>
250329-10:04:13,905 nipype.workflow INFO:
	 [Node] Finished "init_aff", elapsed time 59.737363s.
250329-10:04:15,862 nipype.workflow INFO:
	 [Node] Setting-up "fmriprep_24_0_wf.sub_32_wf.bold_task_bird_run_2_wf.bold_native_wf.boldref_bold" in "/work_dir/fmriprep_24_0_wf/sub_32_wf/bold_task_bird_run_2_wf/bold_native_wf/boldref_bold".
250329-10:04:15,875 nipype.workflow INFO:
	 [Node] Executing "boldref_bold" <fmriprep.interfaces.resampling.ResampleSeries>
250329-10:04:31,831 nipype.workflow INFO:
	 [Node] Finished "init_aff", elapsed time 102.534424s.
250329-10:04:33,222 nipype.workflow INFO:
	 [Node] Setting-up "fmriprep_24_0_wf.sub_32_wf.bold_task_bird_run_6_wf.bold_fit_wf.enhance_and_skullstrip_bold_wf.norm" in "/work_dir/fmriprep_24_0_wf/sub_32_wf/bold_task_bird_run_6_wf/bold_fit_wf/enhance_and_skullstrip_bold_wf/norm".
250329-10:04:33,228 nipype.workflow INFO:
	 [Node] Executing "norm" <niworkflows.interfaces.fixes.FixHeaderRegistration>
250329-10:04:38,486 nipype.workflow INFO:
	 [Node] Finished "norm", elapsed time 5.256964s.
250329-10:04:39,183 nipype.workflow INFO:
	 [Node] Setting-up "fmriprep_24_0_wf.sub_32_wf.bold_task_bird_run_6_wf.bold_fit_wf.enhance_and_skullstrip_bold_wf.map_brainmask" in "/work_dir/fmriprep_24_0_wf/sub_32_wf/bold_task_bird_run_6_wf/bold_fit_wf/enhance_and_skullstrip_bold_wf/map_brainmask".
250329-10:04:39,188 nipype.workflow INFO:
	 [Node] Executing "map_brainmask" <niworkflows.interfaces.fixes.FixHeaderApplyTransforms>
250329-10:04:39,197 nipype.workflow INFO:
	 [Node] Setting-up "fmriprep_24_0_wf.sub_32_wf.bold_task_bird_run_2_wf.bold_fit_wf.enhance_and_skullstrip_bold_wf.unifize" in "/work_dir/fmriprep_24_0_wf/sub_32_wf/bold_task_bird_run_2_wf/bold_fit_wf/enhance_and_skullstrip_bold_wf/unifize".
250329-10:04:39,199 nipype.workflow INFO:
	 [Node] Setting-up "fmriprep_24_0_wf.sub_32_wf.bold_task_bird_run_5_wf.bold_fit_wf.enhance_and_skullstrip_bold_wf.first_dilate" in "/work_dir/fmriprep_24_0_wf/sub_32_wf/bold_task_bird_run_5_wf/bold_fit_wf/enhance_and_skullstrip_bold_wf/first_dilate".
250329-10:04:39,203 nipype.workflow INFO:
	 [Node] Setting-up "fmriprep_24_0_wf.sub_32_wf.bold_task_bird_run_3_wf.bold_fit_wf.enhance_and_skullstrip_bold_wf.first_mask" in "/work_dir/fmriprep_24_0_wf/sub_32_wf/bold_task_bird_run_3_wf/bold_fit_wf/enhance_and_skullstrip_bold_wf/first_mask".
250329-10:04:39,206 nipype.workflow INFO:
	 [Node] Executing "first_mask" <niworkflows.interfaces.nibabel.ApplyMask>
250329-10:04:39,208 nipype.workflow INFO:
	 [Node] Setting-up "fmriprep_24_0_wf.sub_32_wf.bold_task_bird_run_1_wf.bold_fit_wf.enhance_and_skullstrip_bold_wf.first_mask" in "/work_dir/fmriprep_24_0_wf/sub_32_wf/bold_task_bird_run_1_wf/bold_fit_wf/enhance_and_skullstrip_bold_wf/first_mask".
250329-10:04:39,210 nipype.workflow INFO:
	 [Node] Executing "unifize" <nipype.interfaces.afni.utils.Unifize>
250329-10:04:39,211 nipype.workflow INFO:
	 [Node] Executing "first_mask" <niworkflows.interfaces.nibabel.ApplyMask>
250329-10:04:39,344 nipype.workflow INFO:
	 [Node] Setting-up "fmriprep_24_0_wf.sub_32_wf.bold_task_bird_run_4_wf.bold_fit_wf.enhance_and_skullstrip_bold_wf.unifize" in "/work_dir/fmriprep_24_0_wf/sub_32_wf/bold_task_bird_run_4_wf/bold_fit_wf/enhance_and_skullstrip_bold_wf/unifize".
250329-10:04:39,374 nipype.workflow INFO:
	 [Node] Executing "unifize" <nipype.interfaces.afni.utils.Unifize>
250329-10:04:39,377 nipype.workflow INFO:
	 [Node] Executing "first_dilate" <niworkflows.interfaces.nibabel.BinaryDilation>
250329-10:04:39,440 nipype.workflow INFO:
	 [Node] Finished "first_mask", elapsed time 0.228293s.
250329-10:04:39,468 nipype.workflow INFO:
	 [Node] Finished "first_mask", elapsed time 0.261523s.
250329-10:04:40,546 nipype.workflow INFO:
	 [Node] Finished "map_brainmask", elapsed time 1.357926s.
250329-10:04:40,861 nipype.workflow INFO:
	 [Node] Finished "first_dilate", elapsed time 1.48343s.
250329-10:04:41,738 nipype.workflow INFO:
	 [Node] Setting-up "fmriprep_24_0_wf.sub_32_wf.bold_task_bird_run_3_wf.bold_fit_wf.enhance_and_skullstrip_bold_wf.unifize" in "/work_dir/fmriprep_24_0_wf/sub_32_wf/bold_task_bird_run_3_wf/bold_fit_wf/enhance_and_skullstrip_bold_wf/unifize".
250329-10:04:41,742 nipype.workflow INFO:
	 [Node] Executing "unifize" <nipype.interfaces.afni.utils.Unifize>
250329-10:04:41,770 nipype.workflow INFO:
	 [Node] Setting-up "fmriprep_24_0_wf.sub_32_wf.bold_task_bird_run_1_wf.bold_fit_wf.enhance_and_skullstrip_bold_wf.unifize" in "/work_dir/fmriprep_24_0_wf/sub_32_wf/bold_task_bird_run_1_wf/bold_fit_wf/enhance_and_skullstrip_bold_wf/unifize".
250329-10:04:41,785 nipype.workflow INFO:
	 [Node] Executing "unifize" <nipype.interfaces.afni.utils.Unifize>
250329-10:04:43,198 nipype.workflow INFO:
	 [Node] Setting-up "fmriprep_24_0_wf.sub_32_wf.bold_task_bird_run_6_wf.bold_fit_wf.enhance_and_skullstrip_bold_wf.n4_correct" in "/work_dir/fmriprep_24_0_wf/sub_32_wf/bold_task_bird_run_6_wf/bold_fit_wf/enhance_and_skullstrip_bold_wf/n4_correct".
250329-10:04:43,201 nipype.workflow INFO:
	 [Node] Executing "n4_correct" <niworkflows.interfaces.fixes.FixN4BiasFieldCorrection>
250329-10:04:43,204 nipype.workflow INFO:
	 [Node] Setting-up "fmriprep_24_0_wf.sub_32_wf.bold_task_bird_run_5_wf.bold_fit_wf.enhance_and_skullstrip_bold_wf.first_mask" in "/work_dir/fmriprep_24_0_wf/sub_32_wf/bold_task_bird_run_5_wf/bold_fit_wf/enhance_and_skullstrip_bold_wf/first_mask".
250329-10:04:43,207 nipype.workflow INFO:
	 [Node] Executing "first_mask" <niworkflows.interfaces.nibabel.ApplyMask>
250329-10:04:43,335 nipype.workflow INFO:
	 [Node] Finished "first_mask", elapsed time 0.127251s.
250329-10:04:45,157 nipype.workflow INFO:
	 [Node] Setting-up "fmriprep_24_0_wf.sub_32_wf.bold_task_bird_run_5_wf.bold_fit_wf.enhance_and_skullstrip_bold_wf.unifize" in "/work_dir/fmriprep_24_0_wf/sub_32_wf/bold_task_bird_run_5_wf/bold_fit_wf/enhance_and_skullstrip_bold_wf/unifize".
250329-10:04:45,185 nipype.workflow INFO:
	 [Node] Executing "unifize" <nipype.interfaces.afni.utils.Unifize>
250329-10:04:48,876 nipype.workflow INFO:
	 [Node] Finished "n4_correct", elapsed time 5.673904s.
250329-10:04:51,54 nipype.workflow INFO:
	 [Node] Setting-up "fmriprep_24_0_wf.sub_32_wf.bold_task_bird_run_6_wf.bold_fit_wf.enhance_and_skullstrip_bold_wf.skullstrip_first_pass" in "/work_dir/fmriprep_24_0_wf/sub_32_wf/bold_task_bird_run_6_wf/bold_fit_wf/enhance_and_skullstrip_bold_wf/skullstrip_first_pass".
250329-10:04:51,57 nipype.workflow INFO:
	 [Node] Executing "skullstrip_first_pass" <nipype.interfaces.fsl.preprocess.BET>
250329-10:04:51,164 nipype.interface WARNING:
	 Changing /output/sub-32/func/sub-32_task-bird_run-6_desc-coreg_boldref.nii.gz dtype from uint16 to float32
250329-10:04:53,177 nipype.workflow INFO:
	 [Node] Setting-up "fmriprep_24_0_wf.sub_32_wf.bold_task_bird_run_6_wf.bold_fit_wf.ds_boldreg_wf.sources" in "/work_dir/fmriprep_24_0_wf/sub_32_wf/bold_task_bird_run_6_wf/bold_fit_wf/ds_boldreg_wf/sources".
250329-10:04:53,180 nipype.workflow INFO:
	 [Node] Executing "sources" <fmriprep.interfaces.bids.BIDSURI>
250329-10:04:53,181 nipype.workflow INFO:
	 [Node] Finished "sources", elapsed time 0.000243s.
250329-10:04:53,771 nipype.workflow INFO:
	 [Node] Finished "skullstrip_first_pass", elapsed time 2.712535s.
250329-10:04:55,52 nipype.workflow INFO:
	 [Node] Setting-up "fmriprep_24_0_wf.sub_32_wf.bold_task_bird_run_6_wf.bold_fit_wf.enhance_and_skullstrip_bold_wf.first_dilate" in "/work_dir/fmriprep_24_0_wf/sub_32_wf/bold_task_bird_run_6_wf/bold_fit_wf/enhance_and_skullstrip_bold_wf/first_dilate".
250329-10:04:55,55 nipype.workflow INFO:
	 [Node] Executing "first_dilate" <niworkflows.interfaces.nibabel.BinaryDilation>
250329-10:04:55,931 nipype.workflow INFO:
	 [Node] Finished "first_dilate", elapsed time 0.87528s.
250329-10:04:57,76 nipype.workflow INFO:
	 [Node] Setting-up "fmriprep_24_0_wf.sub_32_wf.bold_task_bird_run_6_wf.bold_fit_wf.enhance_and_skullstrip_bold_wf.first_mask" in "/work_dir/fmriprep_24_0_wf/sub_32_wf/bold_task_bird_run_6_wf/bold_fit_wf/enhance_and_skullstrip_bold_wf/first_mask".
250329-10:04:57,79 nipype.workflow INFO:
	 [Node] Executing "first_mask" <niworkflows.interfaces.nibabel.ApplyMask>
250329-10:04:57,233 nipype.workflow INFO:
	 [Node] Finished "first_mask", elapsed time 0.153441s.
250329-10:04:59,84 nipype.workflow INFO:
	 [Node] Setting-up "fmriprep_24_0_wf.sub_32_wf.bold_task_bird_run_6_wf.bold_fit_wf.enhance_and_skullstrip_bold_wf.unifize" in "/work_dir/fmriprep_24_0_wf/sub_32_wf/bold_task_bird_run_6_wf/bold_fit_wf/enhance_and_skullstrip_bold_wf/unifize".
250329-10:04:59,101 nipype.workflow INFO:
	 [Node] Executing "unifize" <nipype.interfaces.afni.utils.Unifize>
250329-10:05:12,336 nipype.workflow INFO:
	 [Node] Finished "boldref_bold", elapsed time 66.945243s.
250329-10:05:13,97 nipype.workflow INFO:
	 [Node] Setting-up "fmriprep_24_0_wf.sub_32_wf.bold_task_bird_run_1_wf.ds_bold_native_wf.ds_bold" in "/work_dir/fmriprep_24_0_wf/sub_32_wf/bold_task_bird_run_1_wf/ds_bold_native_wf/ds_bold".
250329-10:05:13,237 nipype.workflow INFO:
	 [Node] Executing "ds_bold" <fmriprep.interfaces.DerivativesDataSink>
250329-10:05:13,408 nipype.workflow INFO:
	 [Node] Setting-up "fmriprep_24_0_wf.sub_32_wf.bold_task_bird_run_3_wf.bold_native_wf.boldref_bold" in "/work_dir/fmriprep_24_0_wf/sub_32_wf/bold_task_bird_run_3_wf/bold_native_wf/boldref_bold".
250329-10:05:13,420 nipype.workflow INFO:
	 [Node] Executing "boldref_bold" <fmriprep.interfaces.resampling.ResampleSeries>
250329-10:05:20,482 nipype.workflow INFO:
	 [Node] Finished "boldref_bold", elapsed time 64.605391s.
250329-10:05:21,469 nipype.workflow INFO:
	 [Node] Setting-up "fmriprep_24_0_wf.sub_32_wf.bold_task_bird_run_4_wf.bold_native_wf.boldref_bold" in "/work_dir/fmriprep_24_0_wf/sub_32_wf/bold_task_bird_run_4_wf/bold_native_wf/boldref_bold".
250329-10:05:21,487 nipype.workflow INFO:
	 [Node] Executing "boldref_bold" <fmriprep.interfaces.resampling.ResampleSeries>
250329-10:05:25,722 nipype.workflow INFO:
	 [Node] Setting-up "fmriprep_24_0_wf.sub_32_wf.bold_task_bird_run_2_wf.ds_bold_native_wf.ds_bold" in "/work_dir/fmriprep_24_0_wf/sub_32_wf/bold_task_bird_run_2_wf/ds_bold_native_wf/ds_bold".
250329-10:05:25,900 nipype.workflow INFO:
	 [Node] Executing "ds_bold" <fmriprep.interfaces.DerivativesDataSink>
250329-10:06:33,215 nipype.workflow INFO:
	 [Node] Finished "ds_bold", elapsed time 79.976604s.
250329-10:06:34,965 nipype.workflow INFO:
	 [Node] Finished "boldref_bold", elapsed time 81.54312s.
250329-10:06:37,199 nipype.workflow INFO:
	 [Node] Setting-up "fmriprep_24_0_wf.sub_32_wf.bold_task_bird_run_3_wf.ds_bold_native_wf.ds_bold" in "/work_dir/fmriprep_24_0_wf/sub_32_wf/bold_task_bird_run_3_wf/ds_bold_native_wf/ds_bold".
250329-10:06:37,702 nipype.workflow INFO:
	 [Node] Setting-up "fmriprep_24_0_wf.sub_32_wf.bold_task_bird_run_5_wf.bold_native_wf.boldref_bold" in "/work_dir/fmriprep_24_0_wf/sub_32_wf/bold_task_bird_run_5_wf/bold_native_wf/boldref_bold".
250329-10:06:37,720 nipype.workflow INFO:
	 [Node] Executing "boldref_bold" <fmriprep.interfaces.resampling.ResampleSeries>
250329-10:06:37,726 nipype.workflow INFO:
	 [Node] Executing "ds_bold" <fmriprep.interfaces.DerivativesDataSink>
250329-10:06:39,532 nipype.workflow INFO:
	 [Node] Finished "ds_bold", elapsed time 73.630851s.
250329-10:06:41,684 nipype.workflow INFO:
	 [Node] Finished "boldref_bold", elapsed time 80.194901s.
250329-10:06:43,211 nipype.workflow INFO:
	 [Node] Setting-up "fmriprep_24_0_wf.sub_32_wf.bold_task_bird_run_4_wf.ds_bold_native_wf.ds_bold" in "/work_dir/fmriprep_24_0_wf/sub_32_wf/bold_task_bird_run_4_wf/ds_bold_native_wf/ds_bold".
250329-10:06:43,273 nipype.workflow INFO:
	 [Node] Executing "ds_bold" <fmriprep.interfaces.DerivativesDataSink>
250329-10:06:47,655 nipype.workflow INFO:
	 [Node] Setting-up "fmriprep_24_0_wf.sub_32_wf.bold_task_bird_run_6_wf.bold_native_wf.boldref_bold" in "/work_dir/fmriprep_24_0_wf/sub_32_wf/bold_task_bird_run_6_wf/bold_native_wf/boldref_bold".
250329-10:06:47,672 nipype.workflow INFO:
	 [Node] Executing "boldref_bold" <fmriprep.interfaces.resampling.ResampleSeries>
250329-10:07:57,734 nipype.workflow INFO:
	 [Node] Finished "ds_bold", elapsed time 74.459481s.
250329-10:08:08,189 nipype.workflow INFO:
	 [Node] Finished "boldref_bold", elapsed time 80.516224s.
250329-10:08:08,989 nipype.workflow INFO:
	 [Node] Finished "ds_bold", elapsed time 91.261969s.
250329-10:08:09,150 nipype.workflow INFO:
	 [Node] Setting-up "fmriprep_24_0_wf.sub_32_wf.bold_task_bird_run_6_wf.ds_bold_native_wf.ds_bold" in "/work_dir/fmriprep_24_0_wf/sub_32_wf/bold_task_bird_run_6_wf/ds_bold_native_wf/ds_bold".
250329-10:08:09,152 nipype.workflow INFO:
	 [Node] Setting-up "fmriprep_24_0_wf.sub_32_wf.anat_fit_wf.brain_extraction_wf.norm" in "/work_dir/fmriprep_24_0_wf/sub_32_wf/anat_fit_wf/brain_extraction_wf/norm".
250329-10:08:09,167 nipype.workflow INFO:
	 [Node] Executing "norm" <niworkflows.interfaces.fixes.FixHeaderRegistration>
250329-10:08:09,427 nipype.workflow INFO:
	 [Node] Executing "ds_bold" <fmriprep.interfaces.DerivativesDataSink>
250329-10:08:11,643 nipype.workflow INFO:
	 [Node] Finished "boldref_bold", elapsed time 93.921321s.
250329-10:08:16,306 nipype.workflow INFO:
	 [Node] Setting-up "fmriprep_24_0_wf.sub_32_wf.bold_task_bird_run_5_wf.ds_bold_native_wf.ds_bold" in "/work_dir/fmriprep_24_0_wf/sub_32_wf/bold_task_bird_run_5_wf/ds_bold_native_wf/ds_bold".
250329-10:08:16,691 nipype.workflow INFO:
	 [Node] Executing "ds_bold" <fmriprep.interfaces.DerivativesDataSink>
250329-10:09:29,495 nipype.workflow INFO:
	 [Node] Finished "ds_bold", elapsed time 80.066359s.
250329-10:09:30,591 nipype.workflow INFO:
	 [Node] Finished "ds_bold", elapsed time 73.89818s.
250329-10:13:24,848 nipype.workflow INFO:
	 [Node] Finished "unifize", elapsed time 519.66188s.
250329-10:13:25,241 nipype.workflow INFO:
	 [Node] Setting-up "fmriprep_24_0_wf.sub_32_wf.bold_task_bird_run_5_wf.bold_fit_wf.enhance_and_skullstrip_bold_wf.fixhdr_unifize" in "/work_dir/fmriprep_24_0_wf/sub_32_wf/bold_task_bird_run_5_wf/bold_fit_wf/enhance_and_skullstrip_bold_wf/fixhdr_unifize".
250329-10:13:25,244 nipype.workflow INFO:
	 [Node] Executing "fixhdr_unifize" <niworkflows.interfaces.header.CopyXForm>
250329-10:13:25,376 nipype.workflow INFO:
	 [Node] Finished "fixhdr_unifize", elapsed time 0.131274s.
250329-10:13:26,876 nipype.workflow INFO:
	 [Node] Finished "unifize", elapsed time 525.133382s.
250329-10:13:27,97 nipype.workflow INFO:
	 [Node] Setting-up "fmriprep_24_0_wf.sub_32_wf.bold_task_bird_run_3_wf.bold_fit_wf.enhance_and_skullstrip_bold_wf.fixhdr_unifize" in "/work_dir/fmriprep_24_0_wf/sub_32_wf/bold_task_bird_run_3_wf/bold_fit_wf/enhance_and_skullstrip_bold_wf/fixhdr_unifize".
250329-10:13:27,100 nipype.workflow INFO:
	 [Node] Executing "fixhdr_unifize" <niworkflows.interfaces.header.CopyXForm>
250329-10:13:27,108 nipype.workflow INFO:
	 [Node] Setting-up "fmriprep_24_0_wf.sub_32_wf.bold_task_bird_run_5_wf.bold_fit_wf.enhance_and_skullstrip_bold_wf.skullstrip_second_pass" in "/work_dir/fmriprep_24_0_wf/sub_32_wf/bold_task_bird_run_5_wf/bold_fit_wf/enhance_and_skullstrip_bold_wf/skullstrip_second_pass".
250329-10:13:27,111 nipype.workflow INFO:
	 [Node] Executing "skullstrip_second_pass" <nipype.interfaces.afni.preprocess.Automask>
250329-10:13:27,351 nipype.workflow INFO:
	 [Node] Finished "fixhdr_unifize", elapsed time 0.250547s.
250329-10:13:27,977 nipype.workflow INFO:
	 [Node] Finished "skullstrip_second_pass", elapsed time 0.864905s.
250329-10:13:29,136 nipype.workflow INFO:
	 [Node] Setting-up "fmriprep_24_0_wf.sub_32_wf.bold_task_bird_run_3_wf.bold_fit_wf.enhance_and_skullstrip_bold_wf.skullstrip_second_pass" in "/work_dir/fmriprep_24_0_wf/sub_32_wf/bold_task_bird_run_3_wf/bold_fit_wf/enhance_and_skullstrip_bold_wf/skullstrip_second_pass".
250329-10:13:29,139 nipype.workflow INFO:
	 [Node] Executing "skullstrip_second_pass" <nipype.interfaces.afni.preprocess.Automask>
250329-10:13:29,141 nipype.workflow INFO:
	 [Node] Setting-up "fmriprep_24_0_wf.sub_32_wf.bold_task_bird_run_5_wf.bold_fit_wf.enhance_and_skullstrip_bold_wf.fixhdr_skullstrip2" in "/work_dir/fmriprep_24_0_wf/sub_32_wf/bold_task_bird_run_5_wf/bold_fit_wf/enhance_and_skullstrip_bold_wf/fixhdr_skullstrip2".
250329-10:13:29,144 nipype.workflow INFO:
	 [Node] Executing "fixhdr_skullstrip2" <niworkflows.interfaces.header.CopyXForm>
250329-10:13:29,228 nipype.workflow INFO:
	 [Node] Finished "fixhdr_skullstrip2", elapsed time 0.083332s.
250329-10:13:29,865 nipype.workflow INFO:
	 [Node] Finished "skullstrip_second_pass", elapsed time 0.724948s.
250329-10:13:31,201 nipype.workflow INFO:
	 [Node] Setting-up "fmriprep_24_0_wf.sub_32_wf.bold_task_bird_run_3_wf.bold_fit_wf.enhance_and_skullstrip_bold_wf.fixhdr_skullstrip2" in "/work_dir/fmriprep_24_0_wf/sub_32_wf/bold_task_bird_run_3_wf/bold_fit_wf/enhance_and_skullstrip_bold_wf/fixhdr_skullstrip2".
250329-10:13:31,204 nipype.workflow INFO:
	 [Node] Executing "fixhdr_skullstrip2" <niworkflows.interfaces.header.CopyXForm>
250329-10:13:31,215 nipype.workflow INFO:
	 [Node] Setting-up "fmriprep_24_0_wf.sub_32_wf.bold_task_bird_run_5_wf.bold_fit_wf.enhance_and_skullstrip_bold_wf.combine_masks" in "/work_dir/fmriprep_24_0_wf/sub_32_wf/bold_task_bird_run_5_wf/bold_fit_wf/enhance_and_skullstrip_bold_wf/combine_masks".
250329-10:13:31,219 nipype.workflow INFO:
	 [Node] Executing "combine_masks" <nipype.interfaces.fsl.maths.BinaryMaths>
250329-10:13:31,289 nipype.workflow INFO:
	 [Node] Finished "fixhdr_skullstrip2", elapsed time 0.084113s.
250329-10:13:31,499 nipype.workflow INFO:
	 [Node] Finished "combine_masks", elapsed time 0.278755s.
250329-10:13:31,514 nipype.workflow INFO:
	 [Node] Finished "unifize", elapsed time 529.727523s.
250329-10:13:32,804 nipype.workflow INFO:
	 [Node] Finished "unifize", elapsed time 533.428455s.
250329-10:13:33,111 nipype.workflow INFO:
	 [Node] Setting-up "fmriprep_24_0_wf.sub_32_wf.bold_task_bird_run_1_wf.bold_fit_wf.enhance_and_skullstrip_bold_wf.fixhdr_unifize" in "/work_dir/fmriprep_24_0_wf/sub_32_wf/bold_task_bird_run_1_wf/bold_fit_wf/enhance_and_skullstrip_bold_wf/fixhdr_unifize".
250329-10:13:33,113 nipype.workflow INFO:
	 [Node] Setting-up "fmriprep_24_0_wf.sub_32_wf.bold_task_bird_run_4_wf.bold_fit_wf.enhance_and_skullstrip_bold_wf.fixhdr_unifize" in "/work_dir/fmriprep_24_0_wf/sub_32_wf/bold_task_bird_run_4_wf/bold_fit_wf/enhance_and_skullstrip_bold_wf/fixhdr_unifize".
250329-10:13:33,114 nipype.workflow INFO:
	 [Node] Setting-up "fmriprep_24_0_wf.sub_32_wf.bold_task_bird_run_5_wf.bold_fit_wf.enhance_and_skullstrip_bold_wf.apply_mask" in "/work_dir/fmriprep_24_0_wf/sub_32_wf/bold_task_bird_run_5_wf/bold_fit_wf/enhance_and_skullstrip_bold_wf/apply_mask".
250329-10:13:33,114 nipype.workflow INFO:
	 [Node] Setting-up "fmriprep_24_0_wf.sub_32_wf.bold_task_bird_run_3_wf.bold_fit_wf.enhance_and_skullstrip_bold_wf.combine_masks" in "/work_dir/fmriprep_24_0_wf/sub_32_wf/bold_task_bird_run_3_wf/bold_fit_wf/enhance_and_skullstrip_bold_wf/combine_masks".
250329-10:13:33,116 nipype.workflow INFO:
	 [Node] Executing "apply_mask" <niworkflows.interfaces.nibabel.ApplyMask>
250329-10:13:33,117 nipype.workflow INFO:
	 [Node] Executing "combine_masks" <nipype.interfaces.fsl.maths.BinaryMaths>
250329-10:13:33,209 nipype.workflow INFO:
	 [Node] Executing "fixhdr_unifize" <niworkflows.interfaces.header.CopyXForm>
250329-10:13:33,213 nipype.workflow INFO:
	 [Node] Executing "fixhdr_unifize" <niworkflows.interfaces.header.CopyXForm>
250329-10:13:33,240 nipype.interface WARNING:
	 Changing /output/sub-32/func/sub-32_task-bird_run-5_desc-brain_mask.nii.gz dtype from float32 to uint8
250329-10:13:33,241 nipype.workflow INFO:
	 [Node] Finished "apply_mask", elapsed time 0.124013s.
250329-10:13:33,355 nipype.workflow INFO:
	 [Node] Finished "fixhdr_unifize", elapsed time 0.140586s.
250329-10:13:33,364 nipype.workflow INFO:
	 [Node] Finished "combine_masks", elapsed time 0.245828s.
250329-10:13:33,410 nipype.workflow INFO:
	 [Node] Finished "fixhdr_unifize", elapsed time 0.199828s.
250329-10:13:35,92 nipype.workflow INFO:
	 [Node] Setting-up "fmriprep_24_0_wf.sub_32_wf.bold_task_bird_run_1_wf.bold_fit_wf.enhance_and_skullstrip_bold_wf.skullstrip_second_pass" in "/work_dir/fmriprep_24_0_wf/sub_32_wf/bold_task_bird_run_1_wf/bold_fit_wf/enhance_and_skullstrip_bold_wf/skullstrip_second_pass".
250329-10:13:35,94 nipype.workflow INFO:
	 [Node] Setting-up "fmriprep_24_0_wf.sub_32_wf.bold_task_bird_run_3_wf.bold_fit_wf.enhance_and_skullstrip_bold_wf.apply_mask" in "/work_dir/fmriprep_24_0_wf/sub_32_wf/bold_task_bird_run_3_wf/bold_fit_wf/enhance_and_skullstrip_bold_wf/apply_mask".
250329-10:13:35,95 nipype.workflow INFO:
	 [Node] Executing "skullstrip_second_pass" <nipype.interfaces.afni.preprocess.Automask>
250329-10:13:35,97 nipype.workflow INFO:
	 [Node] Executing "apply_mask" <niworkflows.interfaces.nibabel.ApplyMask>
250329-10:13:35,151 nipype.interface WARNING:
	 Changing /output/sub-32/func/sub-32_task-bird_run-3_desc-brain_mask.nii.gz dtype from float32 to uint8
250329-10:13:35,197 nipype.workflow INFO:
	 [Node] Finished "apply_mask", elapsed time 0.098801s.
250329-10:13:35,210 nipype.workflow INFO:
	 [Node] Setting-up "fmriprep_24_0_wf.sub_32_wf.bold_task_bird_run_4_wf.bold_fit_wf.enhance_and_skullstrip_bold_wf.skullstrip_second_pass" in "/work_dir/fmriprep_24_0_wf/sub_32_wf/bold_task_bird_run_4_wf/bold_fit_wf/enhance_and_skullstrip_bold_wf/skullstrip_second_pass".
250329-10:13:35,214 nipype.workflow INFO:
	 [Node] Executing "skullstrip_second_pass" <nipype.interfaces.afni.preprocess.Automask>
250329-10:13:35,447 nipype.workflow INFO:
	 [Node] Setting-up "fmriprep_24_0_wf.sub_32_wf.bold_task_bird_run_5_wf.bold_confounds_wf.dvars" in "/work_dir/fmriprep_24_0_wf/sub_32_wf/bold_task_bird_run_5_wf/bold_confounds_wf/dvars".
250329-10:13:35,451 nipype.workflow INFO:
	 [Node] Executing "dvars" <nipype.algorithms.confounds.ComputeDVARS>
250329-10:13:35,472 nipype.workflow INFO:
	 [Node] Setting-up "fmriprep_24_0_wf.sub_32_wf.bold_task_bird_run_5_wf.bold_confounds_wf.tcompcor" in "/work_dir/fmriprep_24_0_wf/sub_32_wf/bold_task_bird_run_5_wf/bold_confounds_wf/tcompcor".
250329-10:13:35,488 nipype.workflow INFO:
	 [Node] Executing "tcompcor" <niworkflows.interfaces.patches.RobustTCompCor>
250329-10:13:35,760 nipype.workflow INFO:
	 [Node] Finished "skullstrip_second_pass", elapsed time 0.664259s.
250329-10:13:35,981 nipype.workflow INFO:
	 [Node] Finished "skullstrip_second_pass", elapsed time 0.766661s.
250329-10:13:37,97 nipype.workflow INFO:
	 [Node] Setting-up "fmriprep_24_0_wf.sub_32_wf.bold_task_bird_run_4_wf.bold_fit_wf.enhance_and_skullstrip_bold_wf.fixhdr_skullstrip2" in "/work_dir/fmriprep_24_0_wf/sub_32_wf/bold_task_bird_run_4_wf/bold_fit_wf/enhance_and_skullstrip_bold_wf/fixhdr_skullstrip2".
250329-10:13:37,98 nipype.workflow INFO:
	 [Node] Setting-up "fmriprep_24_0_wf.sub_32_wf.bold_task_bird_run_1_wf.bold_fit_wf.enhance_and_skullstrip_bold_wf.fixhdr_skullstrip2" in "/work_dir/fmriprep_24_0_wf/sub_32_wf/bold_task_bird_run_1_wf/bold_fit_wf/enhance_and_skullstrip_bold_wf/fixhdr_skullstrip2".
250329-10:13:37,99 nipype.workflow INFO:
	 [Node] Setting-up "fmriprep_24_0_wf.sub_32_wf.bold_task_bird_run_3_wf.bold_confounds_wf.dvars" in "/work_dir/fmriprep_24_0_wf/sub_32_wf/bold_task_bird_run_3_wf/bold_confounds_wf/dvars".
250329-10:13:37,100 nipype.workflow INFO:
	 [Node] Executing "fixhdr_skullstrip2" <niworkflows.interfaces.header.CopyXForm>
250329-10:13:37,101 nipype.workflow INFO:
	 [Node] Setting-up "fmriprep_24_0_wf.sub_32_wf.bold_task_bird_run_3_wf.bold_confounds_wf.tcompcor" in "/work_dir/fmriprep_24_0_wf/sub_32_wf/bold_task_bird_run_3_wf/bold_confounds_wf/tcompcor".
250329-10:13:37,103 nipype.workflow INFO:
	 [Node] Executing "dvars" <nipype.algorithms.confounds.ComputeDVARS>
250329-10:13:37,108 nipype.workflow INFO:
	 [Node] Executing "tcompcor" <niworkflows.interfaces.patches.RobustTCompCor>
250329-10:13:37,183 nipype.workflow INFO:
	 [Node] Finished "fixhdr_skullstrip2", elapsed time 0.082311s.
250329-10:13:37,204 nipype.workflow INFO:
	 [Node] Executing "fixhdr_skullstrip2" <niworkflows.interfaces.header.CopyXForm>
250329-10:13:37,255 nipype.workflow INFO:
	 [Node] Finished "fixhdr_skullstrip2", elapsed time 0.049944s.
250329-10:13:39,348 nipype.workflow INFO:
	 [Node] Finished "unifize", elapsed time 540.136809s.
250329-10:13:39,504 nipype.workflow INFO:
	 [Node] Setting-up "fmriprep_24_0_wf.sub_32_wf.bold_task_bird_run_1_wf.bold_fit_wf.enhance_and_skullstrip_bold_wf.combine_masks" in "/work_dir/fmriprep_24_0_wf/sub_32_wf/bold_task_bird_run_1_wf/bold_fit_wf/enhance_and_skullstrip_bold_wf/combine_masks".
250329-10:13:39,508 nipype.workflow INFO:
	 [Node] Executing "combine_masks" <nipype.interfaces.fsl.maths.BinaryMaths>
250329-10:13:39,764 nipype.workflow INFO:
	 [Node] Setting-up "fmriprep_24_0_wf.sub_32_wf.bold_task_bird_run_4_wf.bold_fit_wf.enhance_and_skullstrip_bold_wf.combine_masks" in "/work_dir/fmriprep_24_0_wf/sub_32_wf/bold_task_bird_run_4_wf/bold_fit_wf/enhance_and_skullstrip_bold_wf/combine_masks".
250329-10:13:39,779 nipype.workflow INFO:
	 [Node] Executing "combine_masks" <nipype.interfaces.fsl.maths.BinaryMaths>
250329-10:13:39,956 nipype.workflow INFO:
	 [Node] Finished "combine_masks", elapsed time 0.447219s.
250329-10:13:40,311 nipype.workflow INFO:
	 [Node] Finished "combine_masks", elapsed time 0.531219s.
250329-10:13:41,83 nipype.workflow INFO:
	 [Node] Setting-up "fmriprep_24_0_wf.sub_32_wf.bold_task_bird_run_2_wf.bold_fit_wf.enhance_and_skullstrip_bold_wf.fixhdr_unifize" in "/work_dir/fmriprep_24_0_wf/sub_32_wf/bold_task_bird_run_2_wf/bold_fit_wf/enhance_and_skullstrip_bold_wf/fixhdr_unifize".
250329-10:13:41,86 nipype.workflow INFO:
	 [Node] Executing "fixhdr_unifize" <niworkflows.interfaces.header.CopyXForm>
250329-10:13:41,89 nipype.workflow INFO:
	 [Node] Setting-up "fmriprep_24_0_wf.sub_32_wf.bold_task_bird_run_1_wf.bold_fit_wf.enhance_and_skullstrip_bold_wf.apply_mask" in "/work_dir/fmriprep_24_0_wf/sub_32_wf/bold_task_bird_run_1_wf/bold_fit_wf/enhance_and_skullstrip_bold_wf/apply_mask".
250329-10:13:41,92 nipype.workflow INFO:
	 [Node] Executing "apply_mask" <niworkflows.interfaces.nibabel.ApplyMask>
250329-10:13:41,125 nipype.interface WARNING:
	 Changing /output/sub-32/func/sub-32_task-bird_run-1_desc-brain_mask.nii.gz dtype from float32 to uint8
250329-10:13:41,318 nipype.workflow INFO:
	 [Node] Finished "fixhdr_unifize", elapsed time 0.232011s.
250329-10:13:41,335 nipype.workflow INFO:
	 [Node] Finished "apply_mask", elapsed time 0.242166s.
250329-10:13:41,681 nipype.workflow INFO:
	 [Node] Setting-up "fmriprep_24_0_wf.sub_32_wf.bold_task_bird_run_4_wf.bold_fit_wf.enhance_and_skullstrip_bold_wf.apply_mask" in "/work_dir/fmriprep_24_0_wf/sub_32_wf/bold_task_bird_run_4_wf/bold_fit_wf/enhance_and_skullstrip_bold_wf/apply_mask".
250329-10:13:41,684 nipype.workflow INFO:
	 [Node] Executing "apply_mask" <niworkflows.interfaces.nibabel.ApplyMask>
250329-10:13:41,828 nipype.interface WARNING:
	 Changing /output/sub-32/func/sub-32_task-bird_run-4_desc-brain_mask.nii.gz dtype from float32 to uint8
250329-10:13:42,98 nipype.workflow INFO:
	 [Node] Finished "apply_mask", elapsed time 0.413795s.
250329-10:13:43,234 nipype.workflow INFO:
	 [Node] Setting-up "fmriprep_24_0_wf.sub_32_wf.bold_task_bird_run_2_wf.bold_fit_wf.enhance_and_skullstrip_bold_wf.skullstrip_second_pass" in "/work_dir/fmriprep_24_0_wf/sub_32_wf/bold_task_bird_run_2_wf/bold_fit_wf/enhance_and_skullstrip_bold_wf/skullstrip_second_pass".
250329-10:13:43,237 nipype.workflow INFO:
	 [Node] Executing "skullstrip_second_pass" <nipype.interfaces.afni.preprocess.Automask>
250329-10:13:43,245 nipype.workflow INFO:
	 [Node] Setting-up "fmriprep_24_0_wf.sub_32_wf.bold_task_bird_run_1_wf.bold_confounds_wf.dvars" in "/work_dir/fmriprep_24_0_wf/sub_32_wf/bold_task_bird_run_1_wf/bold_confounds_wf/dvars".
250329-10:13:43,247 nipype.workflow INFO:
	 [Node] Setting-up "fmriprep_24_0_wf.sub_32_wf.bold_task_bird_run_4_wf.bold_confounds_wf.dvars" in "/work_dir/fmriprep_24_0_wf/sub_32_wf/bold_task_bird_run_4_wf/bold_confounds_wf/dvars".
250329-10:13:43,249 nipype.workflow INFO:
	 [Node] Setting-up "fmriprep_24_0_wf.sub_32_wf.bold_task_bird_run_4_wf.bold_confounds_wf.tcompcor" in "/work_dir/fmriprep_24_0_wf/sub_32_wf/bold_task_bird_run_4_wf/bold_confounds_wf/tcompcor".
250329-10:13:43,253 nipype.workflow INFO:
	 [Node] Setting-up "fmriprep_24_0_wf.sub_32_wf.bold_task_bird_run_1_wf.bold_confounds_wf.tcompcor" in "/work_dir/fmriprep_24_0_wf/sub_32_wf/bold_task_bird_run_1_wf/bold_confounds_wf/tcompcor".
250329-10:13:43,432 nipype.workflow INFO:
	 [Node] Executing "tcompcor" <niworkflows.interfaces.patches.RobustTCompCor>
250329-10:13:43,500 nipype.workflow INFO:
	 [Node] Executing "dvars" <nipype.algorithms.confounds.ComputeDVARS>
250329-10:13:43,504 nipype.workflow INFO:
	 [Node] Executing "dvars" <nipype.algorithms.confounds.ComputeDVARS>
250329-10:13:44,353 nipype.workflow INFO:
	 [Node] Executing "tcompcor" <niworkflows.interfaces.patches.RobustTCompCor>
250329-10:13:44,933 nipype.workflow INFO:
	 [Node] Finished "skullstrip_second_pass", elapsed time 1.6953559999999999s.
250329-10:13:47,314 nipype.workflow INFO:
	 [Node] Setting-up "fmriprep_24_0_wf.sub_32_wf.bold_task_bird_run_2_wf.bold_fit_wf.enhance_and_skullstrip_bold_wf.fixhdr_skullstrip2" in "/work_dir/fmriprep_24_0_wf/sub_32_wf/bold_task_bird_run_2_wf/bold_fit_wf/enhance_and_skullstrip_bold_wf/fixhdr_skullstrip2".
250329-10:13:47,317 nipype.workflow INFO:
	 [Node] Executing "fixhdr_skullstrip2" <niworkflows.interfaces.header.CopyXForm>
250329-10:13:47,410 nipype.workflow INFO:
	 [Node] Finished "fixhdr_skullstrip2", elapsed time 0.092539s.
250329-10:13:49,43 nipype.workflow INFO:
	 [Node] Finished "unifize", elapsed time 529.941287s.
250329-10:13:49,495 nipype.workflow INFO:
	 [Node] Setting-up "fmriprep_24_0_wf.sub_32_wf.bold_task_bird_run_2_wf.bold_fit_wf.enhance_and_skullstrip_bold_wf.combine_masks" in "/work_dir/fmriprep_24_0_wf/sub_32_wf/bold_task_bird_run_2_wf/bold_fit_wf/enhance_and_skullstrip_bold_wf/combine_masks".
250329-10:13:49,499 nipype.workflow INFO:
	 [Node] Executing "combine_masks" <nipype.interfaces.fsl.maths.BinaryMaths>
250329-10:13:49,829 nipype.workflow INFO:
	 [Node] Finished "combine_masks", elapsed time 0.329025s.
250329-10:13:51,279 nipype.workflow INFO:
	 [Node] Setting-up "fmriprep_24_0_wf.sub_32_wf.bold_task_bird_run_6_wf.bold_fit_wf.enhance_and_skullstrip_bold_wf.fixhdr_unifize" in "/work_dir/fmriprep_24_0_wf/sub_32_wf/bold_task_bird_run_6_wf/bold_fit_wf/enhance_and_skullstrip_bold_wf/fixhdr_unifize".
250329-10:13:51,280 nipype.workflow INFO:
	 [Node] Setting-up "fmriprep_24_0_wf.sub_32_wf.bold_task_bird_run_2_wf.bold_fit_wf.enhance_and_skullstrip_bold_wf.apply_mask" in "/work_dir/fmriprep_24_0_wf/sub_32_wf/bold_task_bird_run_2_wf/bold_fit_wf/enhance_and_skullstrip_bold_wf/apply_mask".
250329-10:13:51,282 nipype.workflow INFO:
	 [Node] Executing "fixhdr_unifize" <niworkflows.interfaces.header.CopyXForm>
250329-10:13:51,282 nipype.workflow INFO:
	 [Node] Executing "apply_mask" <niworkflows.interfaces.nibabel.ApplyMask>
250329-10:13:51,363 nipype.interface WARNING:
	 Changing /output/sub-32/func/sub-32_task-bird_run-2_desc-brain_mask.nii.gz dtype from float32 to uint8
250329-10:13:51,474 nipype.workflow INFO:
	 [Node] Finished "apply_mask", elapsed time 0.190488s.
250329-10:13:51,490 nipype.workflow INFO:
	 [Node] Finished "fixhdr_unifize", elapsed time 0.206633s.
250329-10:13:51,876 nipype.workflow INFO:
	 [Node] Finished "tcompcor", elapsed time 16.386404s.
250329-10:13:52,140 nipype.workflow INFO:
	 [Node] Finished "tcompcor", elapsed time 15.031302s.
250329-10:13:53,286 nipype.workflow INFO:
	 [Node] Setting-up "fmriprep_24_0_wf.sub_32_wf.bold_task_bird_run_6_wf.bold_fit_wf.enhance_and_skullstrip_bold_wf.skullstrip_second_pass" in "/work_dir/fmriprep_24_0_wf/sub_32_wf/bold_task_bird_run_6_wf/bold_fit_wf/enhance_and_skullstrip_bold_wf/skullstrip_second_pass".
250329-10:13:53,287 nipype.workflow INFO:
	 [Node] Setting-up "fmriprep_24_0_wf.sub_32_wf.bold_task_bird_run_2_wf.bold_confounds_wf.dvars" in "/work_dir/fmriprep_24_0_wf/sub_32_wf/bold_task_bird_run_2_wf/bold_confounds_wf/dvars".
250329-10:13:53,289 nipype.workflow INFO:
	 [Node] Executing "skullstrip_second_pass" <nipype.interfaces.afni.preprocess.Automask>
250329-10:13:53,296 nipype.workflow INFO:
	 [Node] Setting-up "fmriprep_24_0_wf.sub_32_wf.bold_task_bird_run_2_wf.bold_confounds_wf.tcompcor" in "/work_dir/fmriprep_24_0_wf/sub_32_wf/bold_task_bird_run_2_wf/bold_confounds_wf/tcompcor".
250329-10:13:53,514 nipype.workflow INFO:
	 [Node] Executing "dvars" <nipype.algorithms.confounds.ComputeDVARS>
250329-10:13:53,689 nipype.workflow INFO:
	 [Node] Executing "tcompcor" <niworkflows.interfaces.patches.RobustTCompCor>
250329-10:13:54,372 nipype.workflow INFO:
	 [Node] Finished "skullstrip_second_pass", elapsed time 1.081901s.
250329-10:13:55,281 nipype.workflow INFO:
	 [Node] Setting-up "fmriprep_24_0_wf.sub_32_wf.bold_task_bird_run_6_wf.bold_fit_wf.enhance_and_skullstrip_bold_wf.fixhdr_skullstrip2" in "/work_dir/fmriprep_24_0_wf/sub_32_wf/bold_task_bird_run_6_wf/bold_fit_wf/enhance_and_skullstrip_bold_wf/fixhdr_skullstrip2".
250329-10:13:55,427 nipype.workflow INFO:
	 [Node] Executing "fixhdr_skullstrip2" <niworkflows.interfaces.header.CopyXForm>
250329-10:13:55,566 nipype.workflow INFO:
	 [Node] Finished "fixhdr_skullstrip2", elapsed time 0.131251s.
250329-10:13:55,728 nipype.workflow INFO:
	 [Node] Setting-up "fmriprep_24_0_wf.sub_32_wf.bold_task_bird_run_5_wf.bold_confounds_wf.tcc_metadata_filter" in "/work_dir/fmriprep_24_0_wf/sub_32_wf/bold_task_bird_run_5_wf/bold_confounds_wf/tcc_metadata_filter".
250329-10:13:55,741 nipype.workflow INFO:
	 [Node] Executing "tcc_metadata_filter" <fmriprep.interfaces.confounds.FilterDropped>
250329-10:13:55,776 nipype.workflow INFO:
	 [Node] Finished "tcc_metadata_filter", elapsed time 0.034084s.
250329-10:13:56,400 nipype.workflow INFO:
	 [Node] Setting-up "fmriprep_24_0_wf.sub_32_wf.bold_task_bird_run_3_wf.bold_confounds_wf.tcc_metadata_filter" in "/work_dir/fmriprep_24_0_wf/sub_32_wf/bold_task_bird_run_3_wf/bold_confounds_wf/tcc_metadata_filter".
250329-10:13:56,411 nipype.workflow INFO:
	 [Node] Executing "tcc_metadata_filter" <fmriprep.interfaces.confounds.FilterDropped>
250329-10:13:56,430 nipype.workflow INFO:
	 [Node] Finished "tcc_metadata_filter", elapsed time 0.018689s.
250329-10:13:57,300 nipype.workflow INFO:
	 [Node] Setting-up "fmriprep_24_0_wf.sub_32_wf.bold_task_bird_run_6_wf.bold_fit_wf.enhance_and_skullstrip_bold_wf.combine_masks" in "/work_dir/fmriprep_24_0_wf/sub_32_wf/bold_task_bird_run_6_wf/bold_fit_wf/enhance_and_skullstrip_bold_wf/combine_masks".
250329-10:13:57,304 nipype.workflow INFO:
	 [Node] Executing "combine_masks" <nipype.interfaces.fsl.maths.BinaryMaths>
250329-10:13:57,314 nipype.workflow INFO:
	 [Node] Setting-up "fmriprep_24_0_wf.sub_32_wf.bold_task_bird_run_3_wf.bold_confounds_wf.tcc_metadata_fmt" in "/work_dir/fmriprep_24_0_wf/sub_32_wf/bold_task_bird_run_3_wf/bold_confounds_wf/tcc_metadata_fmt".
250329-10:13:57,316 nipype.workflow INFO:
	 [Node] Setting-up "fmriprep_24_0_wf.sub_32_wf.bold_task_bird_run_5_wf.bold_confounds_wf.tcc_metadata_fmt" in "/work_dir/fmriprep_24_0_wf/sub_32_wf/bold_task_bird_run_5_wf/bold_confounds_wf/tcc_metadata_fmt".
250329-10:13:57,325 nipype.workflow INFO:
	 [Node] Executing "tcc_metadata_fmt" <niworkflows.interfaces.utility.TSV2JSON>
250329-10:13:57,349 nipype.workflow INFO:
	 [Node] Finished "tcc_metadata_fmt", elapsed time 0.023897s.
250329-10:13:57,650 nipype.workflow INFO:
	 [Node] Finished "combine_masks", elapsed time 0.345465s.
250329-10:13:58,997 nipype.workflow INFO:
	 [Node] Executing "tcc_metadata_fmt" <niworkflows.interfaces.utility.TSV2JSON>
250329-10:13:59,4 nipype.workflow INFO:
	 [Node] Finished "tcc_metadata_fmt", elapsed time 0.005977s.
250329-10:13:59,278 nipype.workflow INFO:
	 [Node] Setting-up "fmriprep_24_0_wf.sub_32_wf.bold_task_bird_run_6_wf.bold_fit_wf.enhance_and_skullstrip_bold_wf.apply_mask" in "/work_dir/fmriprep_24_0_wf/sub_32_wf/bold_task_bird_run_6_wf/bold_fit_wf/enhance_and_skullstrip_bold_wf/apply_mask".
250329-10:13:59,281 nipype.workflow INFO:
	 [Node] Executing "apply_mask" <niworkflows.interfaces.nibabel.ApplyMask>
250329-10:13:59,362 nipype.interface WARNING:
	 Changing /output/sub-32/func/sub-32_task-bird_run-6_desc-brain_mask.nii.gz dtype from float32 to uint8
250329-10:13:59,554 nipype.workflow INFO:
	 [Node] Finished "apply_mask", elapsed time 0.271755s.
250329-10:14:01,240 nipype.workflow INFO:
	 [Node] Finished "tcompcor", elapsed time 17.798332s.
250329-10:14:01,320 nipype.workflow INFO:
	 [Node] Setting-up "fmriprep_24_0_wf.sub_32_wf.bold_task_bird_run_6_wf.bold_confounds_wf.dvars" in "/work_dir/fmriprep_24_0_wf/sub_32_wf/bold_task_bird_run_6_wf/bold_confounds_wf/dvars".
250329-10:14:01,331 nipype.workflow INFO:
	 [Node] Setting-up "fmriprep_24_0_wf.sub_32_wf.bold_task_bird_run_6_wf.bold_confounds_wf.tcompcor" in "/work_dir/fmriprep_24_0_wf/sub_32_wf/bold_task_bird_run_6_wf/bold_confounds_wf/tcompcor".
250329-10:14:01,341 nipype.workflow INFO:
	 [Node] Executing "tcompcor" <niworkflows.interfaces.patches.RobustTCompCor>
250329-10:14:01,507 nipype.workflow INFO:
	 [Node] Executing "dvars" <nipype.algorithms.confounds.ComputeDVARS>
250329-10:14:04,969 nipype.workflow INFO:
	 [Node] Finished "tcompcor", elapsed time 20.614417s.
250329-10:14:05,782 nipype.workflow INFO:
	 [Node] Setting-up "fmriprep_24_0_wf.sub_32_wf.bold_task_bird_run_4_wf.bold_confounds_wf.tcc_metadata_filter" in "/work_dir/fmriprep_24_0_wf/sub_32_wf/bold_task_bird_run_4_wf/bold_confounds_wf/tcc_metadata_filter".
250329-10:14:05,804 nipype.workflow INFO:
	 [Node] Executing "tcc_metadata_filter" <fmriprep.interfaces.confounds.FilterDropped>
250329-10:14:05,824 nipype.workflow INFO:
	 [Node] Finished "tcc_metadata_filter", elapsed time 0.018458s.
250329-10:14:07,282 nipype.workflow INFO:
	 [Node] Setting-up "fmriprep_24_0_wf.sub_32_wf.bold_task_bird_run_4_wf.bold_confounds_wf.tcc_metadata_fmt" in "/work_dir/fmriprep_24_0_wf/sub_32_wf/bold_task_bird_run_4_wf/bold_confounds_wf/tcc_metadata_fmt".
250329-10:14:09,878 nipype.workflow INFO:
	 [Node] Setting-up "fmriprep_24_0_wf.sub_32_wf.bold_task_bird_run_1_wf.bold_confounds_wf.tcc_metadata_filter" in "/work_dir/fmriprep_24_0_wf/sub_32_wf/bold_task_bird_run_1_wf/bold_confounds_wf/tcc_metadata_filter".
250329-10:14:09,891 nipype.workflow INFO:
	 [Node] Executing "tcc_metadata_filter" <fmriprep.interfaces.confounds.FilterDropped>
250329-10:14:09,911 nipype.workflow INFO:
	 [Node] Finished "tcc_metadata_filter", elapsed time 0.018617s.
250329-10:14:09,958 nipype.workflow INFO:
	 [Node] Executing "tcc_metadata_fmt" <niworkflows.interfaces.utility.TSV2JSON>
250329-10:14:09,965 nipype.workflow INFO:
	 [Node] Finished "tcc_metadata_fmt", elapsed time 0.005979s.
250329-10:14:10,845 nipype.workflow INFO:
	 [Node] Finished "tcompcor", elapsed time 17.154685s.
250329-10:14:11,270 nipype.workflow INFO:
	 [Node] Setting-up "fmriprep_24_0_wf.sub_32_wf.bold_task_bird_run_1_wf.bold_confounds_wf.tcc_metadata_fmt" in "/work_dir/fmriprep_24_0_wf/sub_32_wf/bold_task_bird_run_1_wf/bold_confounds_wf/tcc_metadata_fmt".
250329-10:14:11,273 nipype.workflow INFO:
	 [Node] Executing "tcc_metadata_fmt" <niworkflows.interfaces.utility.TSV2JSON>
250329-10:14:11,279 nipype.workflow INFO:
	 [Node] Finished "tcc_metadata_fmt", elapsed time 0.005679s.
250329-10:14:13,188 nipype.workflow INFO:
	 [Node] Setting-up "fmriprep_24_0_wf.sub_32_wf.bold_task_bird_run_2_wf.bold_confounds_wf.tcc_metadata_filter" in "/work_dir/fmriprep_24_0_wf/sub_32_wf/bold_task_bird_run_2_wf/bold_confounds_wf/tcc_metadata_filter".
250329-10:14:13,197 nipype.workflow INFO:
	 [Node] Executing "tcc_metadata_filter" <fmriprep.interfaces.confounds.FilterDropped>
250329-10:14:13,216 nipype.workflow INFO:
	 [Node] Finished "tcc_metadata_filter", elapsed time 0.018489s.
250329-10:14:15,310 nipype.workflow INFO:
	 [Node] Setting-up "fmriprep_24_0_wf.sub_32_wf.bold_task_bird_run_2_wf.bold_confounds_wf.tcc_metadata_fmt" in "/work_dir/fmriprep_24_0_wf/sub_32_wf/bold_task_bird_run_2_wf/bold_confounds_wf/tcc_metadata_fmt".
250329-10:14:15,313 nipype.workflow INFO:
	 [Node] Executing "tcc_metadata_fmt" <niworkflows.interfaces.utility.TSV2JSON>
250329-10:14:15,319 nipype.workflow INFO:
	 [Node] Finished "tcc_metadata_fmt", elapsed time 0.005581s.
250329-10:14:16,414 nipype.workflow INFO:
	 [Node] Finished "tcompcor", elapsed time 15.072073s.
250329-10:14:17,443 nipype.workflow INFO:
	 [Node] Setting-up "fmriprep_24_0_wf.sub_32_wf.bold_task_bird_run_6_wf.bold_confounds_wf.tcc_metadata_filter" in "/work_dir/fmriprep_24_0_wf/sub_32_wf/bold_task_bird_run_6_wf/bold_confounds_wf/tcc_metadata_filter".
250329-10:14:17,446 nipype.workflow INFO:
	 [Node] Executing "tcc_metadata_filter" <fmriprep.interfaces.confounds.FilterDropped>
250329-10:14:17,452 nipype.workflow INFO:
	 [Node] Finished "tcc_metadata_filter", elapsed time 0.005273s.
250329-10:14:19,156 nipype.workflow INFO:
	 [Node] Setting-up "fmriprep_24_0_wf.sub_32_wf.bold_task_bird_run_6_wf.bold_confounds_wf.tcc_metadata_fmt" in "/work_dir/fmriprep_24_0_wf/sub_32_wf/bold_task_bird_run_6_wf/bold_confounds_wf/tcc_metadata_fmt".
250329-10:14:20,794 nipype.workflow INFO:
	 [Node] Executing "tcc_metadata_fmt" <niworkflows.interfaces.utility.TSV2JSON>
250329-10:14:20,801 nipype.workflow INFO:
	 [Node] Finished "tcc_metadata_fmt", elapsed time 0.005684s.
250329-10:14:24,514 nipype.workflow INFO:
	 [Node] Finished "dvars", elapsed time 49.062072s.
250329-10:14:31,368 nipype.workflow INFO:
	 [Node] Finished "dvars", elapsed time 54.263844s.
250329-10:14:36,868 nipype.workflow INFO:
	 [Node] Finished "dvars", elapsed time 53.362868s.
250329-10:14:36,908 nipype.workflow INFO:
	 [Node] Finished "dvars", elapsed time 53.407116s.
250329-10:14:41,724 nipype.workflow INFO:
	 [Node] Finished "dvars", elapsed time 48.208962s.
250329-10:14:45,876 nipype.workflow INFO:
	 [Node] Finished "dvars", elapsed time 44.367867s.
250329-10:14:52,135 nipype.workflow INFO:
	 [Node] Finished "autorecon1", elapsed time 1114.998149s.
250329-10:14:54,170 nipype.workflow INFO:
	 [Node] Setting-up "fmriprep_24_0_wf.sub_32_wf.anat_fit_wf.surface_recon_wf.fsnative2t1w_xfm" in "/work_dir/fmriprep_24_0_wf/sub_32_wf/anat_fit_wf/surface_recon_wf/fsnative2t1w_xfm".
250329-10:14:54,178 nipype.workflow INFO:
	 [Node] Executing "fsnative2t1w_xfm" <niworkflows.interfaces.freesurfer.PatchedRobustRegister>
250329-10:15:49,923 nipype.workflow INFO:
	 [Node] Finished "fsnative2t1w_xfm", elapsed time 55.744065s.
250329-10:21:51,378 nipype.workflow INFO:
	 [Node] Finished "norm", elapsed time 821.584817s.
250329-10:21:53,107 nipype.workflow INFO:
	 [Node] Setting-up "fmriprep_24_0_wf.sub_32_wf.anat_fit_wf.brain_extraction_wf.map_brainmask" in "/work_dir/fmriprep_24_0_wf/sub_32_wf/anat_fit_wf/brain_extraction_wf/map_brainmask".
250329-10:21:53,110 nipype.workflow INFO:
	 [Node] Setting-up "fmriprep_24_0_wf.sub_32_wf.anat_fit_wf.brain_extraction_wf.map_wmmask" in "/work_dir/fmriprep_24_0_wf/sub_32_wf/anat_fit_wf/brain_extraction_wf/map_wmmask".
250329-10:21:53,114 nipype.workflow INFO:
	 [Node] Executing "map_brainmask" <niworkflows.interfaces.fixes.FixHeaderApplyTransforms>
250329-10:21:53,117 nipype.workflow INFO:
	 [Node] Executing "map_wmmask" <niworkflows.interfaces.fixes.FixHeaderApplyTransforms>
250329-10:22:15,528 nipype.workflow INFO:
	 [Node] Finished "map_brainmask", elapsed time 22.161889s.
250329-10:22:15,661 nipype.workflow INFO:
	 [Node] Finished "map_wmmask", elapsed time 22.543397s.
250329-10:22:17,101 nipype.workflow INFO:
	 [Node] Setting-up "fmriprep_24_0_wf.sub_32_wf.anat_fit_wf.brain_extraction_wf.thr_brainmask" in "/work_dir/fmriprep_24_0_wf/sub_32_wf/anat_fit_wf/brain_extraction_wf/thr_brainmask".
250329-10:22:17,104 nipype.workflow INFO:
	 [Node] Executing "thr_brainmask" <nipype.interfaces.ants.utils.ThresholdImage>
250329-10:22:17,109 nipype.workflow INFO:
	 [Node] Setting-up "_inu_n4_final0" in "/work_dir/fmriprep_24_0_wf/sub_32_wf/anat_fit_wf/brain_extraction_wf/inu_n4_final/mapflow/_inu_n4_final0".
250329-10:22:17,111 nipype.workflow INFO:
	 [Node] Executing "_inu_n4_final0" <nipype.interfaces.ants.segmentation.N4BiasFieldCorrection>
250329-10:22:18,432 nipype.workflow INFO:
	 [Node] Finished "thr_brainmask", elapsed time 1.326927s.
250329-10:22:19,108 nipype.workflow INFO:
	 [Node] Setting-up "fmriprep_24_0_wf.sub_32_wf.anat_fit_wf.brain_extraction_wf.atropos_wf.dil_brainmask" in "/work_dir/fmriprep_24_0_wf/sub_32_wf/anat_fit_wf/brain_extraction_wf/atropos_wf/dil_brainmask".
250329-10:22:19,108 nipype.workflow INFO:
	 [Node] Setting-up "fmriprep_24_0_wf.sub_32_wf.anat_fit_wf.brain_extraction_wf.atropos_wf.03_pad_mask" in "/work_dir/fmriprep_24_0_wf/sub_32_wf/anat_fit_wf/brain_extraction_wf/atropos_wf/03_pad_mask".
250329-10:22:19,111 nipype.workflow INFO:
	 [Node] Executing "03_pad_mask" <nipype.interfaces.ants.utils.ImageMath>
250329-10:22:19,111 nipype.workflow INFO:
	 [Node] Executing "dil_brainmask" <nipype.interfaces.ants.utils.ImageMath>
250329-10:22:20,49 nipype.workflow INFO:
	 [Node] Finished "03_pad_mask", elapsed time 0.937524s.
250329-10:22:20,734 nipype.workflow INFO:
	 [Node] Finished "dil_brainmask", elapsed time 1.622382s.
250329-10:22:21,112 nipype.workflow INFO:
	 [Node] Setting-up "fmriprep_24_0_wf.sub_32_wf.anat_fit_wf.brain_extraction_wf.atropos_wf.get_brainmask" in "/work_dir/fmriprep_24_0_wf/sub_32_wf/anat_fit_wf/brain_extraction_wf/atropos_wf/get_brainmask".
250329-10:22:21,115 nipype.workflow INFO:
	 [Node] Executing "get_brainmask" <nipype.interfaces.ants.utils.ImageMath>
250329-10:22:22,865 nipype.workflow INFO:
	 [Node] Finished "get_brainmask", elapsed time 1.4887679999999999s.
250329-10:22:39,604 nipype.workflow INFO:
	 [Node] Finished "_inu_n4_final0", elapsed time 22.492216s.
250329-10:22:41,101 nipype.workflow INFO:
	 [Node] Setting-up "fmriprep_24_0_wf.sub_32_wf.anat_fit_wf.brain_extraction_wf.atropos_wf.01_atropos" in "/work_dir/fmriprep_24_0_wf/sub_32_wf/anat_fit_wf/brain_extraction_wf/atropos_wf/01_atropos".
250329-10:22:41,105 nipype.workflow INFO:
	 [Node] Setting-up "_apply_mask0" in "/work_dir/fmriprep_24_0_wf/sub_32_wf/anat_fit_wf/brain_extraction_wf/apply_mask/mapflow/_apply_mask0".
250329-10:22:41,106 nipype.workflow INFO:
	 [Node] Executing "01_atropos" <nipype.interfaces.ants.segmentation.Atropos>
250329-10:22:41,106 nipype.workflow INFO:
	 [Node] Executing "_apply_mask0" <niworkflows.interfaces.nibabel.ApplyMask>
250329-10:22:42,30 nipype.workflow INFO:
	 [Node] Finished "_apply_mask0", elapsed time 0.923022s.
250329-10:23:14,294 nipype.workflow INFO:
	 [Node] Finished "01_atropos", elapsed time 32.992416s.
250329-10:23:15,82 nipype.workflow INFO:
	 [Node] Setting-up "fmriprep_24_0_wf.sub_32_wf.anat_fit_wf.brain_extraction_wf.atropos_wf.02_pad_segm" in "/work_dir/fmriprep_24_0_wf/sub_32_wf/anat_fit_wf/brain_extraction_wf/atropos_wf/02_pad_segm".
250329-10:23:15,85 nipype.workflow INFO:
	 [Node] Executing "02_pad_segm" <nipype.interfaces.ants.utils.ImageMath>
250329-10:23:16,130 nipype.workflow INFO:
	 [Node] Finished "02_pad_segm", elapsed time 1.044257s.
250329-10:23:17,80 nipype.workflow INFO:
	 [Node] Setting-up "fmriprep_24_0_wf.sub_32_wf.anat_fit_wf.brain_extraction_wf.atropos_wf.04_sel_labels" in "/work_dir/fmriprep_24_0_wf/sub_32_wf/anat_fit_wf/brain_extraction_wf/atropos_wf/04_sel_labels".
250329-10:23:17,83 nipype.workflow INFO:
	 [Node] Executing "04_sel_labels" <nipype.interfaces.utility.wrappers.Function>
250329-10:23:17,507 nipype.workflow INFO:
	 [Node] Finished "04_sel_labels", elapsed time 0.423936s.
250329-10:23:19,945 nipype.workflow INFO:
	 [Node] Setting-up "fmriprep_24_0_wf.sub_32_wf.anat_fit_wf.brain_extraction_wf.atropos_wf.05_get_wm" in "/work_dir/fmriprep_24_0_wf/sub_32_wf/anat_fit_wf/brain_extraction_wf/atropos_wf/05_get_wm".
250329-10:23:19,945 nipype.workflow INFO:
	 [Node] Setting-up "fmriprep_24_0_wf.sub_32_wf.anat_fit_wf.brain_extraction_wf.atropos_wf.06_get_gm" in "/work_dir/fmriprep_24_0_wf/sub_32_wf/anat_fit_wf/brain_extraction_wf/atropos_wf/06_get_gm".
250329-10:23:19,946 nipype.workflow INFO:
	 [Node] Setting-up "fmriprep_24_0_wf.sub_32_wf.anat_fit_wf.brain_extraction_wf.atropos_wf.10_me_csf" in "/work_dir/fmriprep_24_0_wf/sub_32_wf/anat_fit_wf/brain_extraction_wf/atropos_wf/10_me_csf".
250329-10:23:19,946 nipype.workflow INFO:
	 [Node] Setting-up "fmriprep_24_0_wf.sub_32_wf.anat_fit_wf.brain_extraction_wf.atropos_wf.27_depad_csf" in "/work_dir/fmriprep_24_0_wf/sub_32_wf/anat_fit_wf/brain_extraction_wf/atropos_wf/27_depad_csf".
250329-10:23:19,947 nipype.workflow INFO:
	 [Node] Executing "05_get_wm" <nipype.interfaces.ants.utils.ImageMath>
250329-10:23:19,948 nipype.workflow INFO:
	 [Node] Executing "06_get_gm" <nipype.interfaces.ants.utils.ImageMath>
250329-10:23:19,949 nipype.workflow INFO:
	 [Node] Executing "10_me_csf" <nipype.interfaces.ants.utils.ImageMath>
250329-10:23:19,949 nipype.workflow INFO:
	 [Node] Executing "27_depad_csf" <nipype.interfaces.ants.utils.ImageMath>
250329-10:23:20,735 nipype.workflow INFO:
	 [Node] Finished "27_depad_csf", elapsed time 0.785101s.
250329-10:23:21,752 nipype.workflow INFO:
	 [Node] Finished "05_get_wm", elapsed time 1.8038910000000001s.
250329-10:23:21,762 nipype.workflow INFO:
	 [Node] Finished "06_get_gm", elapsed time 1.814166s.
250329-10:23:21,967 nipype.workflow INFO:
	 [Node] Setting-up "fmriprep_24_0_wf.sub_32_wf.anat_fit_wf.brain_extraction_wf.atropos_wf.09_relabel_wm" in "/work_dir/fmriprep_24_0_wf/sub_32_wf/anat_fit_wf/brain_extraction_wf/atropos_wf/09_relabel_wm".
250329-10:23:21,967 nipype.workflow INFO:
	 [Node] Setting-up "fmriprep_24_0_wf.sub_32_wf.anat_fit_wf.brain_extraction_wf.atropos_wf.07_fill_gm" in "/work_dir/fmriprep_24_0_wf/sub_32_wf/anat_fit_wf/brain_extraction_wf/atropos_wf/07_fill_gm".
250329-10:23:21,970 nipype.workflow INFO:
	 [Node] Executing "09_relabel_wm" <nipype.interfaces.ants.utils.MultiplyImages>
250329-10:23:21,970 nipype.workflow INFO:
	 [Node] Executing "07_fill_gm" <nipype.interfaces.ants.utils.ImageMath>
250329-10:23:22,847 nipype.workflow INFO:
	 [Node] Finished "09_relabel_wm", elapsed time 0.87687s.
250329-10:23:23,982 nipype.workflow INFO:
	 [Node] Setting-up "fmriprep_24_0_wf.sub_32_wf.anat_fit_wf.brain_extraction_wf.atropos_wf.26_depad_wm" in "/work_dir/fmriprep_24_0_wf/sub_32_wf/anat_fit_wf/brain_extraction_wf/atropos_wf/26_depad_wm".
250329-10:23:23,982 nipype.workflow INFO:
	 [Node] Setting-up "fmriprep_24_0_wf.sub_32_wf.anat_fit_wf.brain_extraction_wf.atropos_wf.apply_wm_prior" in "/work_dir/fmriprep_24_0_wf/sub_32_wf/anat_fit_wf/brain_extraction_wf/atropos_wf/apply_wm_prior".
250329-10:23:23,984 nipype.workflow INFO:
	 [Node] Executing "26_depad_wm" <nipype.interfaces.ants.utils.ImageMath>
250329-10:23:23,985 nipype.workflow INFO:
	 [Node] Executing "apply_wm_prior" <nipype.interfaces.utility.wrappers.Function>
250329-10:23:24,476 nipype.workflow INFO:
	 [Node] Finished "10_me_csf", elapsed time 4.526003s.
250329-10:23:24,745 nipype.workflow INFO:
	 [Node] Finished "apply_wm_prior", elapsed time 0.759289s.
250329-10:23:25,20 nipype.workflow INFO:
	 [Node] Finished "26_depad_wm", elapsed time 1.035104s.
250329-10:23:25,971 nipype.workflow INFO:
	 [Node] Setting-up "_inu_n4_final0" in "/work_dir/fmriprep_24_0_wf/sub_32_wf/anat_fit_wf/brain_extraction_wf/atropos_wf/inu_n4_final/mapflow/_inu_n4_final0".
250329-10:23:25,973 nipype.workflow INFO:
	 [Node] Executing "_inu_n4_final0" <nipype.interfaces.ants.segmentation.N4BiasFieldCorrection>
250329-10:23:34,798 nipype.workflow INFO:
	 [Node] Finished "07_fill_gm", elapsed time 12.827443s.
250329-10:23:35,969 nipype.workflow INFO:
	 [Node] Setting-up "fmriprep_24_0_wf.sub_32_wf.anat_fit_wf.brain_extraction_wf.atropos_wf.08_mult_gm" in "/work_dir/fmriprep_24_0_wf/sub_32_wf/anat_fit_wf/brain_extraction_wf/atropos_wf/08_mult_gm".
250329-10:23:35,972 nipype.workflow INFO:
	 [Node] Executing "08_mult_gm" <nipype.interfaces.ants.utils.MultiplyImages>
250329-10:23:37,151 nipype.workflow INFO:
	 [Node] Finished "08_mult_gm", elapsed time 1.178324s.
250329-10:23:37,955 nipype.workflow INFO:
	 [Node] Setting-up "fmriprep_24_0_wf.sub_32_wf.anat_fit_wf.brain_extraction_wf.atropos_wf.11_add_gm" in "/work_dir/fmriprep_24_0_wf/sub_32_wf/anat_fit_wf/brain_extraction_wf/atropos_wf/11_add_gm".
250329-10:23:37,959 nipype.workflow INFO:
	 [Node] Executing "11_add_gm" <nipype.interfaces.ants.utils.ImageMath>
250329-10:23:40,345 nipype.workflow INFO:
	 [Node] Finished "11_add_gm", elapsed time 2.161332s.
250329-10:23:41,955 nipype.workflow INFO:
	 [Node] Setting-up "fmriprep_24_0_wf.sub_32_wf.anat_fit_wf.brain_extraction_wf.atropos_wf.12_relabel_gm" in "/work_dir/fmriprep_24_0_wf/sub_32_wf/anat_fit_wf/brain_extraction_wf/atropos_wf/12_relabel_gm".
250329-10:23:41,958 nipype.workflow INFO:
	 [Node] Executing "12_relabel_gm" <nipype.interfaces.ants.utils.MultiplyImages>
250329-10:23:42,875 nipype.workflow INFO:
	 [Node] Finished "12_relabel_gm", elapsed time 0.916628s.
250329-10:23:43,956 nipype.workflow INFO:
	 [Node] Setting-up "fmriprep_24_0_wf.sub_32_wf.anat_fit_wf.brain_extraction_wf.atropos_wf.13_add_gm_wm" in "/work_dir/fmriprep_24_0_wf/sub_32_wf/anat_fit_wf/brain_extraction_wf/atropos_wf/13_add_gm_wm".
250329-10:23:43,956 nipype.workflow INFO:
	 [Node] Setting-up "fmriprep_24_0_wf.sub_32_wf.anat_fit_wf.brain_extraction_wf.atropos_wf.25_depad_gm" in "/work_dir/fmriprep_24_0_wf/sub_32_wf/anat_fit_wf/brain_extraction_wf/atropos_wf/25_depad_gm".
250329-10:23:43,959 nipype.workflow INFO:
	 [Node] Executing "25_depad_gm" <nipype.interfaces.ants.utils.ImageMath>
250329-10:23:43,959 nipype.workflow INFO:
	 [Node] Executing "13_add_gm_wm" <nipype.interfaces.ants.utils.ImageMath>
250329-10:23:45,296 nipype.workflow INFO:
	 [Node] Finished "25_depad_gm", elapsed time 1.086437s.
250329-10:23:45,980 nipype.workflow INFO:
	 [Node] Setting-up "fmriprep_24_0_wf.sub_32_wf.anat_fit_wf.brain_extraction_wf.atropos_wf.merge_tpms" in "/work_dir/fmriprep_24_0_wf/sub_32_wf/anat_fit_wf/brain_extraction_wf/atropos_wf/merge_tpms".
250329-10:23:45,984 nipype.workflow INFO:
	 [Node] Executing "merge_tpms" <nipype.interfaces.utility.base.Merge>
250329-10:23:45,985 nipype.workflow INFO:
	 [Node] Finished "merge_tpms", elapsed time 0.000234s.
250329-10:23:46,452 nipype.workflow INFO:
	 [Node] Finished "13_add_gm_wm", elapsed time 2.242915s.
250329-10:23:47,961 nipype.workflow INFO:
	 [Node] Setting-up "fmriprep_24_0_wf.sub_32_wf.anat_fit_wf.brain_extraction_wf.atropos_wf.14_sel_labels2" in "/work_dir/fmriprep_24_0_wf/sub_32_wf/anat_fit_wf/brain_extraction_wf/atropos_wf/14_sel_labels2".
250329-10:23:47,961 nipype.workflow INFO:
	 [Node] Setting-up "fmriprep_24_0_wf.sub_32_wf.anat_fit_wf.brain_extraction_wf.atropos_wf.24_depad_segm" in "/work_dir/fmriprep_24_0_wf/sub_32_wf/anat_fit_wf/brain_extraction_wf/atropos_wf/24_depad_segm".
250329-10:23:47,963 nipype.workflow INFO:
	 [Node] Executing "14_sel_labels2" <nipype.interfaces.utility.wrappers.Function>
250329-10:23:47,963 nipype.workflow INFO:
	 [Node] Executing "24_depad_segm" <nipype.interfaces.ants.utils.ImageMath>
250329-10:23:48,190 nipype.workflow INFO:
	 [Node] Finished "14_sel_labels2", elapsed time 0.226379s.
250329-10:23:48,407 nipype.workflow INFO:
	 [Node] Finished "_inu_n4_final0", elapsed time 22.432478s.
250329-10:23:49,185 nipype.workflow INFO:
	 [Node] Finished "24_depad_segm", elapsed time 0.988178s.
250329-10:23:49,958 nipype.workflow INFO:
	 [Node] Setting-up "fmriprep_24_0_wf.sub_32_wf.anat_fit_wf.brain_extraction_wf.atropos_wf.15_add_7" in "/work_dir/fmriprep_24_0_wf/sub_32_wf/anat_fit_wf/brain_extraction_wf/atropos_wf/15_add_7".
250329-10:23:49,961 nipype.workflow INFO:
	 [Node] Executing "15_add_7" <nipype.interfaces.ants.utils.ImageMath>
250329-10:23:51,716 nipype.workflow INFO:
	 [Node] Finished "15_add_7", elapsed time 1.753882s.
250329-10:23:51,957 nipype.workflow INFO:
	 [Node] Setting-up "fmriprep_24_0_wf.sub_32_wf.anat_fit_wf.brain_extraction_wf.atropos_wf.16_me_7" in "/work_dir/fmriprep_24_0_wf/sub_32_wf/anat_fit_wf/brain_extraction_wf/atropos_wf/16_me_7".
250329-10:23:51,960 nipype.workflow INFO:
	 [Node] Executing "16_me_7" <nipype.interfaces.ants.utils.ImageMath>
250329-10:23:55,704 nipype.workflow INFO:
	 [Node] Finished "16_me_7", elapsed time 3.560743s.
250329-10:23:55,955 nipype.workflow INFO:
	 [Node] Setting-up "fmriprep_24_0_wf.sub_32_wf.anat_fit_wf.brain_extraction_wf.atropos_wf.17_comp_7" in "/work_dir/fmriprep_24_0_wf/sub_32_wf/anat_fit_wf/brain_extraction_wf/atropos_wf/17_comp_7".
250329-10:23:55,958 nipype.workflow INFO:
	 [Node] Executing "17_comp_7" <nipype.interfaces.ants.utils.ImageMath>
250329-10:23:57,787 nipype.workflow INFO:
	 [Node] Finished "17_comp_7", elapsed time 1.828925s.
250329-10:23:57,957 nipype.workflow INFO:
	 [Node] Setting-up "fmriprep_24_0_wf.sub_32_wf.anat_fit_wf.brain_extraction_wf.atropos_wf.18_md_7" in "/work_dir/fmriprep_24_0_wf/sub_32_wf/anat_fit_wf/brain_extraction_wf/atropos_wf/18_md_7".
250329-10:23:57,959 nipype.workflow INFO:
	 [Node] Executing "18_md_7" <nipype.interfaces.ants.utils.ImageMath>
250329-10:23:59,923 nipype.workflow INFO:
	 [Node] Finished "18_md_7", elapsed time 1.96312s.
250329-10:24:01,949 nipype.workflow INFO:
	 [Node] Setting-up "fmriprep_24_0_wf.sub_32_wf.anat_fit_wf.brain_extraction_wf.atropos_wf.19_fill_7" in "/work_dir/fmriprep_24_0_wf/sub_32_wf/anat_fit_wf/brain_extraction_wf/atropos_wf/19_fill_7".
250329-10:24:01,951 nipype.workflow INFO:
	 [Node] Executing "19_fill_7" <nipype.interfaces.ants.utils.ImageMath>
250329-10:24:14,207 nipype.workflow INFO:
	 [Node] Finished "19_fill_7", elapsed time 12.255094s.
250329-10:24:15,958 nipype.workflow INFO:
	 [Node] Setting-up "fmriprep_24_0_wf.sub_32_wf.anat_fit_wf.brain_extraction_wf.atropos_wf.20_add_7_2" in "/work_dir/fmriprep_24_0_wf/sub_32_wf/anat_fit_wf/brain_extraction_wf/atropos_wf/20_add_7_2".
250329-10:24:15,962 nipype.workflow INFO:
	 [Node] Executing "20_add_7_2" <nipype.interfaces.ants.utils.ImageMath>
250329-10:24:17,958 nipype.workflow INFO:
	 [Node] Finished "20_add_7_2", elapsed time 1.995641s.
250329-10:24:19,951 nipype.workflow INFO:
	 [Node] Setting-up "fmriprep_24_0_wf.sub_32_wf.anat_fit_wf.brain_extraction_wf.atropos_wf.21_md_7_2" in "/work_dir/fmriprep_24_0_wf/sub_32_wf/anat_fit_wf/brain_extraction_wf/atropos_wf/21_md_7_2".
250329-10:24:19,954 nipype.workflow INFO:
	 [Node] Executing "21_md_7_2" <nipype.interfaces.ants.utils.ImageMath>
250329-10:24:22,18 nipype.workflow INFO:
	 [Node] Finished "21_md_7_2", elapsed time 2.063333s.
250329-10:24:23,956 nipype.workflow INFO:
	 [Node] Setting-up "fmriprep_24_0_wf.sub_32_wf.anat_fit_wf.brain_extraction_wf.atropos_wf.22_me_7_2" in "/work_dir/fmriprep_24_0_wf/sub_32_wf/anat_fit_wf/brain_extraction_wf/atropos_wf/22_me_7_2".
250329-10:24:23,958 nipype.workflow INFO:
	 [Node] Executing "22_me_7_2" <nipype.interfaces.ants.utils.ImageMath>
250329-10:24:27,549 nipype.workflow INFO:
	 [Node] Finished "22_me_7_2", elapsed time 3.589906s.
250329-10:24:27,958 nipype.workflow INFO:
	 [Node] Setting-up "fmriprep_24_0_wf.sub_32_wf.anat_fit_wf.brain_extraction_wf.atropos_wf.23_depad_mask" in "/work_dir/fmriprep_24_0_wf/sub_32_wf/anat_fit_wf/brain_extraction_wf/atropos_wf/23_depad_mask".
250329-10:24:27,960 nipype.workflow INFO:
	 [Node] Executing "23_depad_mask" <nipype.interfaces.ants.utils.ImageMath>
250329-10:24:28,795 nipype.workflow INFO:
	 [Node] Finished "23_depad_mask", elapsed time 0.833513s.
250329-10:24:29,956 nipype.workflow INFO:
	 [Node] Setting-up "fmriprep_24_0_wf.sub_32_wf.anat_fit_wf.brain_extraction_wf.atropos_wf.msk_conform" in "/work_dir/fmriprep_24_0_wf/sub_32_wf/anat_fit_wf/brain_extraction_wf/atropos_wf/msk_conform".
250329-10:24:29,960 nipype.workflow INFO:
	 [Node] Executing "msk_conform" <nipype.interfaces.utility.wrappers.Function>
250329-10:24:30,279 nipype.workflow INFO:
	 [Node] Finished "msk_conform", elapsed time 0.318455s.
250329-10:24:39,770 nipype.workflow INFO:
	 [Node] Setting-up "_apply_mask0" in "/work_dir/fmriprep_24_0_wf/sub_32_wf/anat_fit_wf/brain_extraction_wf/atropos_wf/apply_mask/mapflow/_apply_mask0".
250329-10:24:39,771 nipype.workflow INFO:
	 [Node] Executing "_apply_mask0" <niworkflows.interfaces.nibabel.ApplyMask>
250329-10:24:40,700 nipype.workflow INFO:
	 [Node] Finished "_apply_mask0", elapsed time 0.92808s.
250329-10:24:44,214 nipype.workflow INFO:
	 [Node] Setting-up "fmriprep_24_0_wf.sub_32_wf.anat_fit_wf.register_template_wf.trunc_mov" in "/work_dir/fmriprep_24_0_wf/sub_32_wf/anat_fit_wf/register_template_wf/_template_MNI152NLin2009cAsym/trunc_mov".
250329-10:24:44,217 nipype.workflow INFO:
	 [Node] Executing "trunc_mov" <nipype.interfaces.ants.utils.ImageMath>
250329-10:24:44,777 nipype.workflow INFO:
	 [Node] Setting-up "fmriprep_24_0_wf.sub_32_wf.anat_fit_wf.surface_recon_wf.skull_strip_extern" in "/work_dir/fmriprep_24_0_wf/sub_32_wf/anat_fit_wf/surface_recon_wf/skull_strip_extern".
250329-10:24:44,784 nipype.workflow INFO:
	 [Node] Executing "skull_strip_extern" <niworkflows.interfaces.freesurfer.FSInjectBrainExtracted>
250329-10:24:47,216 nipype.workflow INFO:
	 [Node] Finished "skull_strip_extern", elapsed time 2.43158s.
250329-10:24:48,542 nipype.workflow INFO:
	 [Node] Setting-up "fmriprep_24_0_wf.sub_32_wf.anat_fit_wf.surface_recon_wf.autorecon_resume_wf.gcareg" in "/work_dir/fmriprep_24_0_wf/sub_32_wf/anat_fit_wf/surface_recon_wf/autorecon_resume_wf/gcareg".
250329-10:24:48,545 nipype.workflow INFO:
	 [Node] Executing "gcareg" <smriprep.interfaces.freesurfer.ReconAll>
250329-10:24:48,547 nipype.interface INFO:
	 resume recon-all : recon-all -openmp 8 -subjid sub-32 -sd /output/sourcedata/freesurfer -gcareg
250329-10:24:48,547 nipype.interface INFO:
	 resume recon-all : recon-all -openmp 8 -subjid sub-32 -sd /output/sourcedata/freesurfer -gcareg
250329-10:24:51,449 nipype.workflow INFO:
	 [Node] Finished "trunc_mov", elapsed time 6.9369250000000005s.
250329-10:28:07,428 nipype.workflow INFO:
	 [Node] Finished "gcareg", elapsed time 198.88155s.
250329-10:28:09,302 nipype.workflow INFO:
	 [Node] Setting-up "fmriprep_24_0_wf.sub_32_wf.anat_fit_wf.surface_recon_wf.autorecon_resume_wf.autorecon2_vol" in "/work_dir/fmriprep_24_0_wf/sub_32_wf/anat_fit_wf/surface_recon_wf/autorecon_resume_wf/autorecon2_vol".
250329-10:28:09,306 nipype.workflow INFO:
	 [Node] Executing "autorecon2_vol" <smriprep.interfaces.freesurfer.ReconAll>
250329-10:28:09,307 nipype.interface INFO:
	 resume recon-all : recon-all -autorecon2-volonly -openmp 8 -subjid sub-32 -sd /output/sourcedata/freesurfer -nogcareg
250329-10:28:09,308 nipype.interface INFO:
	 resume recon-all : recon-all -autorecon2-volonly -openmp 8 -subjid sub-32 -sd /output/sourcedata/freesurfer -nogcareg
250329-12:20:12,325 nipype.workflow INFO:
	 [Node] Finished "autorecon2_vol", elapsed time 6723.017615s.
250329-12:20:14,862 nipype.workflow INFO:
	 [Node] Setting-up "_autorecon_surfs1" in "/work_dir/fmriprep_24_0_wf/sub_32_wf/anat_fit_wf/surface_recon_wf/autorecon_resume_wf/autorecon_surfs/mapflow/_autorecon_surfs1".
250329-12:20:14,866 nipype.workflow INFO:
	 [Node] Executing "_autorecon_surfs1" <smriprep.interfaces.freesurfer.ReconAll>
250329-12:20:14,867 nipype.interface INFO:
	 resume recon-all : recon-all -autorecon-hemi rh -noparcstats -noparcstats2 -noparcstats3 -nohyporelabel -nobalabels -rh-only -openmp 8 -subjid sub-32 -sd /output/sourcedata/freesurfer 
250329-12:20:14,868 nipype.interface INFO:
	 resume recon-all : recon-all -autorecon-hemi rh -noparcstats -noparcstats2 -noparcstats3 -nohyporelabel -nobalabels -rh-only -openmp 8 -subjid sub-32 -sd /output/sourcedata/freesurfer 
250329-12:20:14,950 nipype.workflow INFO:
	 [Node] Setting-up "_autorecon_surfs0" in "/work_dir/fmriprep_24_0_wf/sub_32_wf/anat_fit_wf/surface_recon_wf/autorecon_resume_wf/autorecon_surfs/mapflow/_autorecon_surfs0".
250329-12:20:14,953 nipype.workflow INFO:
	 [Node] Executing "_autorecon_surfs0" <smriprep.interfaces.freesurfer.ReconAll>
250329-12:20:14,954 nipype.interface INFO:
	 resume recon-all : recon-all -autorecon-hemi lh -noparcstats -noparcstats2 -noparcstats3 -nohyporelabel -nobalabels -lh-only -openmp 8 -subjid sub-32 -sd /output/sourcedata/freesurfer 
250329-12:20:14,955 nipype.interface INFO:
	 resume recon-all : recon-all -autorecon-hemi lh -noparcstats -noparcstats2 -noparcstats3 -nohyporelabel -nobalabels -lh-only -openmp 8 -subjid sub-32 -sd /output/sourcedata/freesurfer 
250329-13:16:09,45 nipype.workflow INFO:
	 [Node] Finished "_autorecon_surfs0", elapsed time 3354.090878s.
250329-13:17:50,650 nipype.workflow INFO:
	 [Node] Finished "_autorecon_surfs1", elapsed time 3455.783061s.
250329-13:17:51,511 nipype.workflow INFO:
	 [Node] Setting-up "_autorecon_surfs0" in "/work_dir/fmriprep_24_0_wf/sub_32_wf/anat_fit_wf/surface_recon_wf/autorecon_resume_wf/autorecon_surfs/mapflow/_autorecon_surfs0".
250329-13:17:51,513 nipype.workflow INFO:
	 [Node] Executing "_autorecon_surfs0" <smriprep.interfaces.freesurfer.ReconAll>
250329-13:17:51,515 nipype.interface INFO:
	 recon-all complete : Not running
250329-13:17:51,516 nipype.interface INFO:
	 recon-all complete : Not running
250329-13:17:51,602 nipype.workflow INFO:
	 [Node] Finished "_autorecon_surfs0", elapsed time 0.087709s.
250329-13:17:51,608 nipype.workflow INFO:
	 [Node] Setting-up "_autorecon_surfs1" in "/work_dir/fmriprep_24_0_wf/sub_32_wf/anat_fit_wf/surface_recon_wf/autorecon_resume_wf/autorecon_surfs/mapflow/_autorecon_surfs1".
250329-13:17:51,611 nipype.workflow INFO:
	 [Node] Executing "_autorecon_surfs1" <smriprep.interfaces.freesurfer.ReconAll>
250329-13:17:51,613 nipype.interface INFO:
	 recon-all complete : Not running
250329-13:17:51,613 nipype.interface INFO:
	 recon-all complete : Not running
250329-13:17:51,694 nipype.workflow INFO:
	 [Node] Finished "_autorecon_surfs1", elapsed time 0.08147s.
250329-13:17:53,183 nipype.workflow INFO:
	 [Node] Setting-up "fmriprep_24_0_wf.sub_32_wf.anat_fit_wf.surface_recon_wf.autorecon_resume_wf.cortribbon" in "/work_dir/fmriprep_24_0_wf/sub_32_wf/anat_fit_wf/surface_recon_wf/autorecon_resume_wf/cortribbon".
250329-13:17:53,187 nipype.workflow INFO:
	 [Node] Executing "cortribbon" <smriprep.interfaces.freesurfer.ReconAll>
250329-13:17:53,188 nipype.interface INFO:
	 resume recon-all : recon-all -parallel -subjid sub-32 -sd /output/sourcedata/freesurfer -cortribbon
250329-13:17:53,189 nipype.interface INFO:
	 resume recon-all : recon-all -parallel -subjid sub-32 -sd /output/sourcedata/freesurfer -cortribbon
250329-13:22:20,126 nipype.workflow INFO:
	 [Node] Finished "cortribbon", elapsed time 266.937396s.
250329-13:22:23,197 nipype.workflow INFO:
	 [Node] Setting-up "_parcstats0" in "/work_dir/fmriprep_24_0_wf/sub_32_wf/anat_fit_wf/surface_recon_wf/autorecon_resume_wf/parcstats/mapflow/_parcstats0".
250329-13:22:23,198 nipype.workflow INFO:
	 [Node] Setting-up "_parcstats1" in "/work_dir/fmriprep_24_0_wf/sub_32_wf/anat_fit_wf/surface_recon_wf/autorecon_resume_wf/parcstats/mapflow/_parcstats1".
250329-13:22:23,200 nipype.workflow INFO:
	 [Node] Executing "_parcstats0" <smriprep.interfaces.freesurfer.ReconAll>
250329-13:22:23,201 nipype.workflow INFO:
	 [Node] Executing "_parcstats1" <smriprep.interfaces.freesurfer.ReconAll>
250329-13:22:23,202 nipype.interface INFO:
	 resume recon-all : recon-all -autorecon-hemi lh -nohyporelabel -lh-only -openmp 8 -subjid sub-32 -sd /output/sourcedata/freesurfer -notessellate -nosmooth1 -noinflate1 -noqsphere -nofix -nowhite -nosmooth2 -noinflate2 -nocurvHK -nocurvstats -nosphere -nosurfreg -nojacobian_white -noavgcurv -nocortparc -nopial -nocortparc2 -nocortparc3 -nopctsurfcon
250329-13:22:23,202 nipype.interface INFO:
	 resume recon-all : recon-all -autorecon-hemi rh -nohyporelabel -rh-only -openmp 8 -subjid sub-32 -sd /output/sourcedata/freesurfer -notessellate -nosmooth1 -noinflate1 -noqsphere -nofix -nowhite -nosmooth2 -noinflate2 -nocurvHK -nocurvstats -nosphere -nosurfreg -nojacobian_white -noavgcurv -nocortparc -nopial -nocortparc2 -nocortparc3 -nopctsurfcon
250329-13:22:23,203 nipype.interface INFO:
	 resume recon-all : recon-all -autorecon-hemi lh -nohyporelabel -lh-only -openmp 8 -subjid sub-32 -sd /output/sourcedata/freesurfer -notessellate -nosmooth1 -noinflate1 -noqsphere -nofix -nowhite -nosmooth2 -noinflate2 -nocurvHK -nocurvstats -nosphere -nosurfreg -nojacobian_white -noavgcurv -nocortparc -nopial -nocortparc2 -nocortparc3 -nopctsurfcon
250329-13:22:23,203 nipype.interface INFO:
	 resume recon-all : recon-all -autorecon-hemi rh -nohyporelabel -rh-only -openmp 8 -subjid sub-32 -sd /output/sourcedata/freesurfer -notessellate -nosmooth1 -noinflate1 -noqsphere -nofix -nowhite -nosmooth2 -noinflate2 -nocurvHK -nocurvstats -nosphere -nosurfreg -nojacobian_white -noavgcurv -nocortparc -nopial -nocortparc2 -nocortparc3 -nopctsurfcon
250329-13:27:03,743 nipype.workflow INFO:
	 [Node] Finished "_parcstats1", elapsed time 280.541406s.
250329-13:27:06,24 nipype.workflow INFO:
	 [Node] Finished "_parcstats0", elapsed time 282.823105s.
250329-13:27:07,147 nipype.workflow INFO:
	 [Node] Setting-up "_parcstats0" in "/work_dir/fmriprep_24_0_wf/sub_32_wf/anat_fit_wf/surface_recon_wf/autorecon_resume_wf/parcstats/mapflow/_parcstats0".
250329-13:27:07,150 nipype.workflow INFO:
	 [Node] Executing "_parcstats0" <smriprep.interfaces.freesurfer.ReconAll>
250329-13:27:07,152 nipype.interface INFO:
	 recon-all complete : Not running
250329-13:27:07,153 nipype.interface INFO:
	 recon-all complete : Not running
250329-13:27:07,269 nipype.workflow INFO:
	 [Node] Finished "_parcstats0", elapsed time 0.117615s.
250329-13:27:07,275 nipype.workflow INFO:
	 [Node] Setting-up "_parcstats1" in "/work_dir/fmriprep_24_0_wf/sub_32_wf/anat_fit_wf/surface_recon_wf/autorecon_resume_wf/parcstats/mapflow/_parcstats1".
250329-13:27:07,277 nipype.workflow INFO:
	 [Node] Executing "_parcstats1" <smriprep.interfaces.freesurfer.ReconAll>
250329-13:27:07,279 nipype.interface INFO:
	 recon-all complete : Not running
250329-13:27:07,280 nipype.interface INFO:
	 recon-all complete : Not running
250329-13:27:07,389 nipype.workflow INFO:
	 [Node] Finished "_parcstats1", elapsed time 0.110407s.
250329-13:27:09,970 nipype.workflow INFO:
	 [Node] Setting-up "fmriprep_24_0_wf.sub_32_wf.anat_fit_wf.surface_recon_wf.autorecon_resume_wf.autorecon3" in "/work_dir/fmriprep_24_0_wf/sub_32_wf/anat_fit_wf/surface_recon_wf/autorecon_resume_wf/autorecon3".
250329-13:27:09,974 nipype.workflow INFO:
	 [Node] Executing "autorecon3" <smriprep.interfaces.freesurfer.ReconAll>
250329-13:27:09,976 nipype.interface INFO:
	 resume recon-all : recon-all -autorecon3 -openmp 8 -subjid sub-32 -sd /output/sourcedata/freesurfer -nosphere -nosurfreg -nojacobian_white -noavgcurv -nocortparc -nopial -noparcstats -nocortparc2 -noparcstats2 -nocortparc3 -noparcstats3 -nopctsurfcon -nocortribbon -nobalabels
250329-13:27:09,977 nipype.interface INFO:
	 resume recon-all : recon-all -autorecon3 -openmp 8 -subjid sub-32 -sd /output/sourcedata/freesurfer -nosphere -nosurfreg -nojacobian_white -noavgcurv -nocortparc -nopial -noparcstats -nocortparc2 -noparcstats2 -nocortparc3 -noparcstats3 -nopctsurfcon -nocortribbon -nobalabels
250329-13:33:32,64 nipype.workflow INFO:
	 [Node] Finished "autorecon3", elapsed time 382.089468s.
250329-13:33:33,162 nipype.workflow INFO:
	 [Node] Setting-up "fmriprep_24_0_wf.sub_32_wf.anat_fit_wf.surface_recon_wf.get_surfaces" in "/work_dir/fmriprep_24_0_wf/sub_32_wf/anat_fit_wf/surface_recon_wf/get_surfaces".
250329-13:33:34,9 nipype.workflow INFO:
	 [Node] Executing "get_surfaces" <nipype.interfaces.io.FreeSurferSource>
250329-13:33:34,21 nipype.workflow INFO:
	 [Node] Finished "get_surfaces", elapsed time 0.011773s.
250329-13:33:37,172 nipype.workflow INFO:
	 [Node] Setting-up "_midthickness0" in "/work_dir/fmriprep_24_0_wf/sub_32_wf/anat_fit_wf/surface_recon_wf/midthickness/mapflow/_midthickness0".
250329-13:33:37,176 nipype.workflow INFO:
	 [Node] Executing "_midthickness0" <smriprep.interfaces.freesurfer.MakeMidthickness>
250329-13:33:37,259 nipype.workflow INFO:
	 [Node] Setting-up "_midthickness1" in "/work_dir/fmriprep_24_0_wf/sub_32_wf/anat_fit_wf/surface_recon_wf/midthickness/mapflow/_midthickness1".
250329-13:33:37,262 nipype.workflow INFO:
	 [Node] Executing "_midthickness1" <smriprep.interfaces.freesurfer.MakeMidthickness>
250329-14:34:44,246 nipype.workflow INFO:
	 [Node] Finished "_midthickness0", elapsed time 3667.069083s.
250329-14:34:44,542 nipype.workflow INFO:
	 [Node] Finished "_midthickness1", elapsed time 3667.278992s.
250329-14:34:45,479 nipype.workflow INFO:
	 [Node] Setting-up "_midthickness0" in "/work_dir/fmriprep_24_0_wf/sub_32_wf/anat_fit_wf/surface_recon_wf/midthickness/mapflow/_midthickness0".
250329-14:34:45,480 nipype.workflow INFO:
	 [Node] Cached "_midthickness0" - collecting precomputed outputs
250329-14:34:45,481 nipype.workflow INFO:
	 [Node] "_midthickness0" found cached.
250329-14:34:45,482 nipype.workflow INFO:
	 [Node] Setting-up "_midthickness1" in "/work_dir/fmriprep_24_0_wf/sub_32_wf/anat_fit_wf/surface_recon_wf/midthickness/mapflow/_midthickness1".
250329-14:34:45,483 nipype.workflow INFO:
	 [Node] Cached "_midthickness1" - collecting precomputed outputs
250329-14:34:45,484 nipype.workflow INFO:
	 [Node] "_midthickness1" found cached.
250329-14:34:47,447 nipype.workflow INFO:
	 [Node] Setting-up "fmriprep_24_0_wf.sub_32_wf.anat_fit_wf.surface_recon_wf.save_midthickness" in "/work_dir/fmriprep_24_0_wf/sub_32_wf/anat_fit_wf/surface_recon_wf/save_midthickness".
250329-14:34:47,453 nipype.workflow INFO:
	 [Node] Executing "save_midthickness" <nipype.interfaces.io.DataSink>
250329-14:34:47,505 nipype.workflow INFO:
	 [Node] Finished "save_midthickness", elapsed time 0.051257s.
250329-14:34:49,446 nipype.workflow INFO:
	 [Node] Setting-up "fmriprep_24_0_wf.sub_32_wf.anat_fit_wf.surface_recon_wf.sync" in "/work_dir/fmriprep_24_0_wf/sub_32_wf/anat_fit_wf/surface_recon_wf/sync".
250329-14:34:49,449 nipype.workflow INFO:
	 [Node] Executing "sync" <nipype.interfaces.utility.wrappers.Function>
250329-14:34:49,450 nipype.workflow INFO:
	 [Node] Finished "sync", elapsed time 0.000802s.
250329-14:34:51,439 nipype.workflow INFO:
	 [Node] Setting-up "fmriprep_24_0_wf.sub_32_wf.anat_fit_wf.gifti_surface_wf.get_surfaces" in "/work_dir/fmriprep_24_0_wf/sub_32_wf/anat_fit_wf/gifti_surface_wf/get_surfaces".
250329-14:34:51,440 nipype.workflow INFO:
	 [Node] Setting-up "fmriprep_24_0_wf.sub_32_wf.anat_fit_wf.gifti_spheres_wf.get_surfaces" in "/work_dir/fmriprep_24_0_wf/sub_32_wf/anat_fit_wf/gifti_spheres_wf/get_surfaces".
250329-14:34:51,440 nipype.workflow INFO:
	 [Node] Setting-up "fmriprep_24_0_wf.sub_32_wf.anat_fit_wf.gifti_morphometrics_wf.get_surfaces" in "/work_dir/fmriprep_24_0_wf/sub_32_wf/anat_fit_wf/gifti_morphometrics_wf/get_surfaces".
250329-14:34:51,440 nipype.workflow INFO:
	 [Node] Setting-up "fmriprep_24_0_wf.sub_32_wf.anat_fit_wf.refinement_wf.segs_to_native_aseg.fs_datasource" in "/work_dir/fmriprep_24_0_wf/sub_32_wf/anat_fit_wf/refinement_wf/segs_to_native_aseg/fs_datasource".
250329-14:34:51,442 nipype.workflow INFO:
	 [Node] Setting-up "fmriprep_24_0_wf.sub_32_wf.anat_fit_wf.anat_reports_wf.recon_report" in "/work_dir/fmriprep_24_0_wf/sub_32_wf/anat_fit_wf/anat_reports_wf/recon_report".
250329-14:34:51,443 nipype.workflow INFO:
	 [Node] Executing "get_surfaces" <nipype.interfaces.io.FreeSurferSource>
250329-14:34:51,443 nipype.workflow INFO:
	 [Node] Executing "fs_datasource" <nipype.interfaces.io.FreeSurferSource>
250329-14:34:51,443 nipype.workflow INFO:
	 [Node] Executing "get_surfaces" <nipype.interfaces.utility.wrappers.Function>
250329-14:34:51,443 nipype.workflow INFO:
	 [Node] Executing "get_surfaces" <nipype.interfaces.utility.wrappers.Function>
250329-14:34:51,446 nipype.workflow INFO:
	 [Node] Setting-up "fmriprep_24_0_wf.sub_32_wf.bold_task_bird_run_3_wf.bold_fit_wf.bold_reg_wf.bbreg_wf.mri_coreg" in "/work_dir/fmriprep_24_0_wf/sub_32_wf/bold_task_bird_run_3_wf/bold_fit_wf/bold_reg_wf/bbreg_wf/mri_coreg".
250329-14:34:51,446 nipype.workflow INFO:
	 [Node] Executing "recon_report" <smriprep.interfaces.reports.FSSurfaceReport>
250329-14:34:51,446 nipype.workflow INFO:
	 [Node] Finished "get_surfaces", elapsed time 0.001681s.
250329-14:34:51,446 nipype.workflow INFO:
	 [Node] Finished "get_surfaces", elapsed time 0.002238s.
250329-14:34:51,450 nipype.workflow INFO:
	 [Node] Executing "mri_coreg" <fmriprep.interfaces.patches.MRICoreg>
250329-14:34:51,452 nipype.workflow INFO:
	 [Node] Setting-up "fmriprep_24_0_wf.sub_32_wf.bold_task_bird_run_1_wf.bold_fit_wf.bold_reg_wf.bbreg_wf.mri_coreg" in "/work_dir/fmriprep_24_0_wf/sub_32_wf/bold_task_bird_run_1_wf/bold_fit_wf/bold_reg_wf/bbreg_wf/mri_coreg".
250329-14:34:51,455 nipype.workflow INFO:
	 [Node] Finished "fs_datasource", elapsed time 0.011848s.
250329-14:34:51,456 nipype.workflow INFO:
	 [Node] Finished "get_surfaces", elapsed time 0.012035s.
250329-14:34:51,456 nipype.workflow INFO:
	 [Node] Executing "mri_coreg" <fmriprep.interfaces.patches.MRICoreg>
250329-14:34:51,519 nipype.workflow INFO:
	 [Node] Setting-up "fmriprep_24_0_wf.sub_32_wf.bold_task_bird_run_2_wf.bold_fit_wf.bold_reg_wf.bbreg_wf.mri_coreg" in "/work_dir/fmriprep_24_0_wf/sub_32_wf/bold_task_bird_run_2_wf/bold_fit_wf/bold_reg_wf/bbreg_wf/mri_coreg".
250329-14:34:51,523 nipype.workflow INFO:
	 [Node] Executing "mri_coreg" <fmriprep.interfaces.patches.MRICoreg>
250329-14:34:55,579 nipype.workflow INFO:
	 [Node] Setting-up "fmriprep_24_0_wf.sub_32_wf.anat_fit_wf.refinement_wf.segs_to_native_aseg.resample" in "/work_dir/fmriprep_24_0_wf/sub_32_wf/anat_fit_wf/refinement_wf/segs_to_native_aseg/resample".
250329-14:34:55,585 nipype.workflow INFO:
	 [Node] Executing "resample" <nipype.interfaces.freesurfer.preprocess.ApplyVolTransform>
250329-14:34:57,475 nipype.workflow INFO:
	 [Node] Setting-up "_fs2gii4" in "/work_dir/fmriprep_24_0_wf/sub_32_wf/anat_fit_wf/gifti_surface_wf/fs2gii/mapflow/_fs2gii4".
250329-14:34:57,475 nipype.workflow INFO:
	 [Node] Setting-up "_fs2gii5" in "/work_dir/fmriprep_24_0_wf/sub_32_wf/anat_fit_wf/gifti_surface_wf/fs2gii/mapflow/_fs2gii5".
250329-14:34:57,478 nipype.workflow INFO:
	 [Node] Executing "_fs2gii4" <nipype.interfaces.freesurfer.utils.MRIsConvert>
250329-14:34:57,482 nipype.workflow INFO:
	 [Node] Executing "_fs2gii5" <nipype.interfaces.freesurfer.utils.MRIsConvert>
250329-14:34:57,556 nipype.workflow INFO:
	 [Node] Setting-up "_fs2gii2" in "/work_dir/fmriprep_24_0_wf/sub_32_wf/anat_fit_wf/gifti_surface_wf/fs2gii/mapflow/_fs2gii2".
250329-14:34:57,558 nipype.workflow INFO:
	 [Node] Executing "_fs2gii2" <nipype.interfaces.freesurfer.utils.MRIsConvert>
250329-14:34:57,569 nipype.workflow INFO:
	 [Node] Setting-up "_fs2gii0" in "/work_dir/fmriprep_24_0_wf/sub_32_wf/anat_fit_wf/gifti_surface_wf/fs2gii/mapflow/_fs2gii0".
250329-14:34:57,571 nipype.workflow INFO:
	 [Node] Executing "_fs2gii0" <nipype.interfaces.freesurfer.utils.MRIsConvert>
250329-14:34:57,592 nipype.workflow INFO:
	 [Node] Setting-up "_fs2gii1" in "/work_dir/fmriprep_24_0_wf/sub_32_wf/anat_fit_wf/gifti_surface_wf/fs2gii/mapflow/_fs2gii1".
250329-14:34:57,593 nipype.workflow INFO:
	 [Node] Setting-up "_fs2gii3" in "/work_dir/fmriprep_24_0_wf/sub_32_wf/anat_fit_wf/gifti_surface_wf/fs2gii/mapflow/_fs2gii3".
250329-14:34:57,594 nipype.workflow INFO:
	 [Node] Executing "_fs2gii1" <nipype.interfaces.freesurfer.utils.MRIsConvert>
250329-14:34:57,595 nipype.workflow INFO:
	 [Node] Executing "_fs2gii3" <nipype.interfaces.freesurfer.utils.MRIsConvert>
250329-14:34:57,959 nipype.workflow INFO:
	 [Node] Finished "resample", elapsed time 2.372345s.
250329-14:34:59,477 nipype.workflow INFO:
	 [Node] Finished "_fs2gii4", elapsed time 1.9982790000000001s.
250329-14:34:59,667 nipype.workflow INFO:
	 [Node] Setting-up "fmriprep_24_0_wf.sub_32_wf.anat_fit_wf.refinement_wf.refine" in "/work_dir/fmriprep_24_0_wf/sub_32_wf/anat_fit_wf/refinement_wf/refine".
250329-14:34:59,670 nipype.workflow INFO:
	 [Node] Executing "refine" <niworkflows.interfaces.freesurfer.RefineBrainMask>
250329-14:34:59,702 nipype.workflow INFO:
	 [Node] Finished "_fs2gii2", elapsed time 2.142484s.
250329-14:34:59,872 nipype.workflow INFO:
	 [Node] Finished "_fs2gii0", elapsed time 2.299421s.
250329-14:34:59,961 nipype.workflow INFO:
	 [Node] Finished "_fs2gii1", elapsed time 2.366332s.
250329-14:35:00,375 nipype.workflow INFO:
	 [Node] Finished "_fs2gii5", elapsed time 2.892168s.
250329-14:35:00,456 nipype.workflow INFO:
	 [Node] Finished "_fs2gii3", elapsed time 2.859194s.
250329-14:35:01,474 nipype.workflow INFO:
	 [Node] Setting-up "_fs2gii0" in "/work_dir/fmriprep_24_0_wf/sub_32_wf/anat_fit_wf/gifti_spheres_wf/fs2gii/mapflow/_fs2gii0".
250329-14:35:01,476 nipype.workflow INFO:
	 [Node] Executing "_fs2gii0" <nipype.interfaces.freesurfer.utils.MRIsConvert>
250329-14:35:01,478 nipype.workflow INFO:
	 [Node] Setting-up "_fs2gii1" in "/work_dir/fmriprep_24_0_wf/sub_32_wf/anat_fit_wf/gifti_spheres_wf/fs2gii/mapflow/_fs2gii1".
250329-14:35:01,478 nipype.workflow INFO:
	 [Node] Setting-up "_fs2gii2" in "/work_dir/fmriprep_24_0_wf/sub_32_wf/anat_fit_wf/gifti_spheres_wf/fs2gii/mapflow/_fs2gii2".
250329-14:35:01,478 nipype.workflow INFO:
	 [Node] Setting-up "_fs2gii3" in "/work_dir/fmriprep_24_0_wf/sub_32_wf/anat_fit_wf/gifti_spheres_wf/fs2gii/mapflow/_fs2gii3".
250329-14:35:01,479 nipype.workflow INFO:
	 [Node] Setting-up "_fs2gii0" in "/work_dir/fmriprep_24_0_wf/sub_32_wf/anat_fit_wf/gifti_surface_wf/fs2gii/mapflow/_fs2gii0".
250329-14:35:01,480 nipype.workflow INFO:
	 [Node] Cached "_fs2gii0" - collecting precomputed outputs
250329-14:35:01,480 nipype.workflow INFO:
	 [Node] "_fs2gii0" found cached.
250329-14:35:01,480 nipype.workflow INFO:
	 [Node] Executing "_fs2gii2" <nipype.interfaces.freesurfer.utils.MRIsConvert>
250329-14:35:01,480 nipype.workflow INFO:
	 [Node] Executing "_fs2gii1" <nipype.interfaces.freesurfer.utils.MRIsConvert>
250329-14:35:01,480 nipype.workflow INFO:
	 [Node] Executing "_fs2gii3" <nipype.interfaces.freesurfer.utils.MRIsConvert>
250329-14:35:01,481 nipype.workflow INFO:
	 [Node] Setting-up "_fs2gii1" in "/work_dir/fmriprep_24_0_wf/sub_32_wf/anat_fit_wf/gifti_surface_wf/fs2gii/mapflow/_fs2gii1".
250329-14:35:01,482 nipype.workflow INFO:
	 [Node] Cached "_fs2gii1" - collecting precomputed outputs
250329-14:35:01,482 nipype.workflow INFO:
	 [Node] "_fs2gii1" found cached.
250329-14:35:01,482 nipype.workflow INFO:
	 [Node] Setting-up "_morphs2gii0" in "/work_dir/fmriprep_24_0_wf/sub_32_wf/anat_fit_wf/gifti_morphometrics_wf/morphs2gii/mapflow/_morphs2gii0".
250329-14:35:01,483 nipype.workflow INFO:
	 [Node] Setting-up "_fs2gii2" in "/work_dir/fmriprep_24_0_wf/sub_32_wf/anat_fit_wf/gifti_surface_wf/fs2gii/mapflow/_fs2gii2".
250329-14:35:01,484 nipype.workflow INFO:
	 [Node] Executing "_morphs2gii0" <smriprep.interfaces.freesurfer.MRIsConvertData>
250329-14:35:01,484 nipype.workflow INFO:
	 [Node] Cached "_fs2gii2" - collecting precomputed outputs
250329-14:35:01,485 nipype.workflow INFO:
	 [Node] "_fs2gii2" found cached.
250329-14:35:01,486 nipype.workflow INFO:
	 [Node] Setting-up "_fs2gii3" in "/work_dir/fmriprep_24_0_wf/sub_32_wf/anat_fit_wf/gifti_surface_wf/fs2gii/mapflow/_fs2gii3".
250329-14:35:01,486 nipype.workflow INFO:
	 [Node] Cached "_fs2gii3" - collecting precomputed outputs
250329-14:35:01,487 nipype.workflow INFO:
	 [Node] "_fs2gii3" found cached.
250329-14:35:01,487 nipype.workflow INFO:
	 [Node] Setting-up "_fs2gii4" in "/work_dir/fmriprep_24_0_wf/sub_32_wf/anat_fit_wf/gifti_surface_wf/fs2gii/mapflow/_fs2gii4".
250329-14:35:01,488 nipype.workflow INFO:
	 [Node] Cached "_fs2gii4" - collecting precomputed outputs
250329-14:35:01,488 nipype.workflow INFO:
	 [Node] "_fs2gii4" found cached.
250329-14:35:01,489 nipype.workflow INFO:
	 [Node] Setting-up "_fs2gii5" in "/work_dir/fmriprep_24_0_wf/sub_32_wf/anat_fit_wf/gifti_surface_wf/fs2gii/mapflow/_fs2gii5".
250329-14:35:01,490 nipype.workflow INFO:
	 [Node] Cached "_fs2gii5" - collecting precomputed outputs
250329-14:35:01,490 nipype.workflow INFO:
	 [Node] "_fs2gii5" found cached.
250329-14:35:03,15 nipype.workflow INFO:
	 [Node] Finished "_morphs2gii0", elapsed time 1.529966s.
250329-14:35:03,484 nipype.workflow INFO:
	 [Node] Finished "_fs2gii1", elapsed time 2.002797s.
250329-14:35:03,516 nipype.workflow INFO:
	 [Node] Setting-up "_morphs2gii1" in "/work_dir/fmriprep_24_0_wf/sub_32_wf/anat_fit_wf/gifti_morphometrics_wf/morphs2gii/mapflow/_morphs2gii1".
250329-14:35:03,518 nipype.workflow INFO:
	 [Node] Executing "_morphs2gii1" <smriprep.interfaces.freesurfer.MRIsConvertData>
250329-14:35:03,529 nipype.workflow INFO:
	 [Node] Setting-up "_morphs2gii2" in "/work_dir/fmriprep_24_0_wf/sub_32_wf/anat_fit_wf/gifti_morphometrics_wf/morphs2gii/mapflow/_morphs2gii2".
250329-14:35:03,532 nipype.workflow INFO:
	 [Node] Executing "_morphs2gii2" <smriprep.interfaces.freesurfer.MRIsConvertData>
250329-14:35:03,558 nipype.workflow INFO:
	 [Node] Finished "_fs2gii0", elapsed time 2.080626s.
250329-14:35:03,619 nipype.workflow INFO:
	 [Node] Finished "_fs2gii3", elapsed time 2.137971s.
250329-14:35:03,854 nipype.workflow INFO:
	 [Node] Finished "_fs2gii2", elapsed time 2.372428s.
250329-14:35:04,616 nipype.workflow INFO:
	 [Node] Finished "_morphs2gii1", elapsed time 1.096647s.
250329-14:35:04,633 nipype.workflow INFO:
	 [Node] Finished "_morphs2gii2", elapsed time 1.100871s.
250329-14:35:05,466 nipype.workflow INFO:
	 [Node] Setting-up "_morphs2gii3" in "/work_dir/fmriprep_24_0_wf/sub_32_wf/anat_fit_wf/gifti_morphometrics_wf/morphs2gii/mapflow/_morphs2gii3".
250329-14:35:05,469 nipype.workflow INFO:
	 [Node] Executing "_morphs2gii3" <smriprep.interfaces.freesurfer.MRIsConvertData>
250329-14:35:05,470 nipype.workflow INFO:
	 [Node] Setting-up "_fs2gii0" in "/work_dir/fmriprep_24_0_wf/sub_32_wf/anat_fit_wf/gifti_spheres_wf/fs2gii/mapflow/_fs2gii0".
250329-14:35:05,471 nipype.workflow INFO:
	 [Node] Cached "_fs2gii0" - collecting precomputed outputs
250329-14:35:05,472 nipype.workflow INFO:
	 [Node] "_fs2gii0" found cached.
250329-14:35:05,472 nipype.workflow INFO:
	 [Node] Setting-up "_fs2gii1" in "/work_dir/fmriprep_24_0_wf/sub_32_wf/anat_fit_wf/gifti_spheres_wf/fs2gii/mapflow/_fs2gii1".
250329-14:35:05,473 nipype.workflow INFO:
	 [Node] Cached "_fs2gii1" - collecting precomputed outputs
250329-14:35:05,473 nipype.workflow INFO:
	 [Node] "_fs2gii1" found cached.
250329-14:35:05,473 nipype.workflow INFO:
	 [Node] Setting-up "_fix_surfs0" in "/work_dir/fmriprep_24_0_wf/sub_32_wf/anat_fit_wf/gifti_surface_wf/fix_surfs/mapflow/_fix_surfs0".
250329-14:35:05,473 nipype.workflow INFO:
	 [Node] Setting-up "_fix_surfs3" in "/work_dir/fmriprep_24_0_wf/sub_32_wf/anat_fit_wf/gifti_surface_wf/fix_surfs/mapflow/_fix_surfs3".
250329-14:35:05,474 nipype.workflow INFO:
	 [Node] Setting-up "_fs2gii2" in "/work_dir/fmriprep_24_0_wf/sub_32_wf/anat_fit_wf/gifti_spheres_wf/fs2gii/mapflow/_fs2gii2".
250329-14:35:05,475 nipype.workflow INFO:
	 [Node] Executing "_fix_surfs3" <smriprep.interfaces.surf.NormalizeSurf>
250329-14:35:05,475 nipype.workflow INFO:
	 [Node] Cached "_fs2gii2" - collecting precomputed outputs
250329-14:35:05,475 nipype.workflow INFO:
	 [Node] "_fs2gii2" found cached.
250329-14:35:05,476 nipype.workflow INFO:
	 [Node] Setting-up "_fs2gii3" in "/work_dir/fmriprep_24_0_wf/sub_32_wf/anat_fit_wf/gifti_spheres_wf/fs2gii/mapflow/_fs2gii3".
250329-14:35:05,477 nipype.workflow INFO:
	 [Node] Cached "_fs2gii3" - collecting precomputed outputs
250329-14:35:05,477 nipype.workflow INFO:
	 [Node] Setting-up "_fix_surfs1" in "/work_dir/fmriprep_24_0_wf/sub_32_wf/anat_fit_wf/gifti_surface_wf/fix_surfs/mapflow/_fix_surfs1".
250329-14:35:05,477 nipype.workflow INFO:
	 [Node] "_fs2gii3" found cached.
250329-14:35:05,479 nipype.workflow INFO:
	 [Node] Executing "_fix_surfs1" <smriprep.interfaces.surf.NormalizeSurf>
250329-14:35:05,480 nipype.workflow INFO:
	 [Node] Executing "_fix_surfs0" <smriprep.interfaces.surf.NormalizeSurf>
250329-14:35:05,600 nipype.workflow INFO:
	 [Node] Setting-up "_fix_surfs2" in "/work_dir/fmriprep_24_0_wf/sub_32_wf/anat_fit_wf/gifti_surface_wf/fix_surfs/mapflow/_fix_surfs2".
250329-14:35:05,601 nipype.workflow INFO:
	 [Node] Executing "_fix_surfs2" <smriprep.interfaces.surf.NormalizeSurf>
250329-14:35:06,175 nipype.workflow INFO:
	 [Node] Finished "_fix_surfs3", elapsed time 0.698705s.
250329-14:35:06,369 nipype.workflow INFO:
	 [Node] Finished "_fix_surfs0", elapsed time 0.888501s.
250329-14:35:06,599 nipype.workflow INFO:
	 [Node] Finished "_morphs2gii3", elapsed time 1.129935s.
250329-14:35:06,621 nipype.workflow INFO:
	 [Node] Finished "_fix_surfs2", elapsed time 1.018653s.
250329-14:35:06,628 nipype.workflow INFO:
	 [Node] Finished "_fix_surfs1", elapsed time 1.14435s.
250329-14:35:07,484 nipype.workflow INFO:
	 [Node] Setting-up "_morphs2gii0" in "/work_dir/fmriprep_24_0_wf/sub_32_wf/anat_fit_wf/gifti_morphometrics_wf/morphs2gii/mapflow/_morphs2gii0".
250329-14:35:07,485 nipype.workflow INFO:
	 [Node] Cached "_morphs2gii0" - collecting precomputed outputs
250329-14:35:07,485 nipype.workflow INFO:
	 [Node] "_morphs2gii0" found cached.
250329-14:35:07,486 nipype.workflow INFO:
	 [Node] Setting-up "_morphs2gii1" in "/work_dir/fmriprep_24_0_wf/sub_32_wf/anat_fit_wf/gifti_morphometrics_wf/morphs2gii/mapflow/_morphs2gii1".
250329-14:35:07,487 nipype.workflow INFO:
	 [Node] Cached "_morphs2gii1" - collecting precomputed outputs
250329-14:35:07,487 nipype.workflow INFO:
	 [Node] "_morphs2gii1" found cached.
250329-14:35:07,488 nipype.workflow INFO:
	 [Node] Setting-up "_morphs2gii2" in "/work_dir/fmriprep_24_0_wf/sub_32_wf/anat_fit_wf/gifti_morphometrics_wf/morphs2gii/mapflow/_morphs2gii2".
250329-14:35:07,489 nipype.workflow INFO:
	 [Node] Cached "_morphs2gii2" - collecting precomputed outputs
250329-14:35:07,489 nipype.workflow INFO:
	 [Node] "_morphs2gii2" found cached.
250329-14:35:07,490 nipype.workflow INFO:
	 [Node] Setting-up "_morphs2gii3" in "/work_dir/fmriprep_24_0_wf/sub_32_wf/anat_fit_wf/gifti_morphometrics_wf/morphs2gii/mapflow/_morphs2gii3".
250329-14:35:07,491 nipype.workflow INFO:
	 [Node] Setting-up "_fix_surfs4" in "/work_dir/fmriprep_24_0_wf/sub_32_wf/anat_fit_wf/gifti_surface_wf/fix_surfs/mapflow/_fix_surfs4".
250329-14:35:07,491 nipype.workflow INFO:
	 [Node] Cached "_morphs2gii3" - collecting precomputed outputs
250329-14:35:07,491 nipype.workflow INFO:
	 [Node] "_morphs2gii3" found cached.
250329-14:35:07,492 nipype.workflow INFO:
	 [Node] Executing "_fix_surfs4" <smriprep.interfaces.surf.NormalizeSurf>
250329-14:35:07,534 nipype.workflow INFO:
	 [Node] Setting-up "_fix_surfs5" in "/work_dir/fmriprep_24_0_wf/sub_32_wf/anat_fit_wf/gifti_surface_wf/fix_surfs/mapflow/_fix_surfs5".
250329-14:35:07,535 nipype.workflow INFO:
	 [Node] Executing "_fix_surfs5" <smriprep.interfaces.surf.NormalizeSurf>
250329-14:35:08,187 nipype.workflow INFO:
	 [Node] Finished "_fix_surfs4", elapsed time 0.694274s.
250329-14:35:08,227 nipype.workflow INFO:
	 [Node] Finished "_fix_surfs5", elapsed time 0.69157s.
250329-14:35:09,479 nipype.workflow INFO:
	 [Node] Setting-up "_fix_surfs0" in "/work_dir/fmriprep_24_0_wf/sub_32_wf/anat_fit_wf/gifti_surface_wf/fix_surfs/mapflow/_fix_surfs0".
250329-14:35:09,480 nipype.workflow INFO:
	 [Node] Cached "_fix_surfs0" - collecting precomputed outputs
250329-14:35:09,480 nipype.workflow INFO:
	 [Node] "_fix_surfs0" found cached.
250329-14:35:09,481 nipype.workflow INFO:
	 [Node] Setting-up "_fix_surfs1" in "/work_dir/fmriprep_24_0_wf/sub_32_wf/anat_fit_wf/gifti_surface_wf/fix_surfs/mapflow/_fix_surfs1".
250329-14:35:09,481 nipype.workflow INFO:
	 [Node] Cached "_fix_surfs1" - collecting precomputed outputs
250329-14:35:09,481 nipype.workflow INFO:
	 [Node] "_fix_surfs1" found cached.
250329-14:35:09,482 nipype.workflow INFO:
	 [Node] Setting-up "_fix_surfs2" in "/work_dir/fmriprep_24_0_wf/sub_32_wf/anat_fit_wf/gifti_surface_wf/fix_surfs/mapflow/_fix_surfs2".
250329-14:35:09,483 nipype.workflow INFO:
	 [Node] Cached "_fix_surfs2" - collecting precomputed outputs
250329-14:35:09,483 nipype.workflow INFO:
	 [Node] "_fix_surfs2" found cached.
250329-14:35:09,484 nipype.workflow INFO:
	 [Node] Setting-up "_fix_surfs3" in "/work_dir/fmriprep_24_0_wf/sub_32_wf/anat_fit_wf/gifti_surface_wf/fix_surfs/mapflow/_fix_surfs3".
250329-14:35:09,484 nipype.workflow INFO:
	 [Node] Cached "_fix_surfs3" - collecting precomputed outputs
250329-14:35:09,485 nipype.workflow INFO:
	 [Node] "_fix_surfs3" found cached.
250329-14:35:09,485 nipype.workflow INFO:
	 [Node] Setting-up "_fix_surfs4" in "/work_dir/fmriprep_24_0_wf/sub_32_wf/anat_fit_wf/gifti_surface_wf/fix_surfs/mapflow/_fix_surfs4".
250329-14:35:09,486 nipype.workflow INFO:
	 [Node] Cached "_fix_surfs4" - collecting precomputed outputs
250329-14:35:09,486 nipype.workflow INFO:
	 [Node] "_fix_surfs4" found cached.
250329-14:35:09,487 nipype.workflow INFO:
	 [Node] Setting-up "_fix_surfs5" in "/work_dir/fmriprep_24_0_wf/sub_32_wf/anat_fit_wf/gifti_surface_wf/fix_surfs/mapflow/_fix_surfs5".
250329-14:35:09,488 nipype.workflow INFO:
	 [Node] Cached "_fix_surfs5" - collecting precomputed outputs
250329-14:35:09,488 nipype.workflow INFO:
	 [Node] "_fix_surfs5" found cached.
250329-14:35:09,652 nipype.workflow INFO:
	 [Node] Setting-up "_fix_surfs0" in "/work_dir/fmriprep_24_0_wf/sub_32_wf/anat_fit_wf/gifti_spheres_wf/fix_surfs/mapflow/_fix_surfs0".
250329-14:35:09,652 nipype.workflow INFO:
	 [Node] Setting-up "_fix_surfs1" in "/work_dir/fmriprep_24_0_wf/sub_32_wf/anat_fit_wf/gifti_spheres_wf/fix_surfs/mapflow/_fix_surfs1".
250329-14:35:09,653 nipype.workflow INFO:
	 [Node] Executing "_fix_surfs0" <smriprep.interfaces.surf.NormalizeSurf>
250329-14:35:09,653 nipype.workflow INFO:
	 [Node] Executing "_fix_surfs1" <smriprep.interfaces.surf.NormalizeSurf>
250329-14:35:09,662 nipype.workflow INFO:
	 [Node] Setting-up "_fix_surfs2" in "/work_dir/fmriprep_24_0_wf/sub_32_wf/anat_fit_wf/gifti_spheres_wf/fix_surfs/mapflow/_fix_surfs2".
250329-14:35:09,664 nipype.workflow INFO:
	 [Node] Executing "_fix_surfs2" <smriprep.interfaces.surf.NormalizeSurf>
250329-14:35:09,844 nipype.workflow INFO:
	 [Node] Setting-up "_fix_surfs3" in "/work_dir/fmriprep_24_0_wf/sub_32_wf/anat_fit_wf/gifti_spheres_wf/fix_surfs/mapflow/_fix_surfs3".
250329-14:35:09,846 nipype.workflow INFO:
	 [Node] Executing "_fix_surfs3" <smriprep.interfaces.surf.NormalizeSurf>
250329-14:35:10,347 nipype.workflow INFO:
	 [Node] Finished "_fix_surfs0", elapsed time 0.693096s.
250329-14:35:10,370 nipype.workflow INFO:
	 [Node] Finished "_fix_surfs1", elapsed time 0.715649s.
250329-14:35:10,534 nipype.workflow INFO:
	 [Node] Finished "_fix_surfs2", elapsed time 0.869721s.
250329-14:35:10,536 nipype.workflow INFO:
	 [Node] Finished "_fix_surfs3", elapsed time 0.689772s.
250329-14:35:11,486 nipype.workflow INFO:
	 [Node] Setting-up "_fix_surfs0" in "/work_dir/fmriprep_24_0_wf/sub_32_wf/anat_fit_wf/gifti_spheres_wf/fix_surfs/mapflow/_fix_surfs0".
250329-14:35:11,487 nipype.workflow INFO:
	 [Node] Cached "_fix_surfs0" - collecting precomputed outputs
250329-14:35:11,487 nipype.workflow INFO:
	 [Node] "_fix_surfs0" found cached.
250329-14:35:11,488 nipype.workflow INFO:
	 [Node] Setting-up "_fix_surfs1" in "/work_dir/fmriprep_24_0_wf/sub_32_wf/anat_fit_wf/gifti_spheres_wf/fix_surfs/mapflow/_fix_surfs1".
250329-14:35:11,488 nipype.workflow INFO:
	 [Node] Cached "_fix_surfs1" - collecting precomputed outputs
250329-14:35:11,488 nipype.workflow INFO:
	 [Node] "_fix_surfs1" found cached.
250329-14:35:11,489 nipype.workflow INFO:
	 [Node] Setting-up "_fix_surfs2" in "/work_dir/fmriprep_24_0_wf/sub_32_wf/anat_fit_wf/gifti_spheres_wf/fix_surfs/mapflow/_fix_surfs2".
250329-14:35:11,490 nipype.workflow INFO:
	 [Node] Cached "_fix_surfs2" - collecting precomputed outputs
250329-14:35:11,490 nipype.workflow INFO:
	 [Node] "_fix_surfs2" found cached.
250329-14:35:11,490 nipype.workflow INFO:
	 [Node] Setting-up "_fix_surfs3" in "/work_dir/fmriprep_24_0_wf/sub_32_wf/anat_fit_wf/gifti_spheres_wf/fix_surfs/mapflow/_fix_surfs3".
250329-14:35:11,491 nipype.workflow INFO:
	 [Node] Cached "_fix_surfs3" - collecting precomputed outputs
250329-14:35:11,491 nipype.workflow INFO:
	 [Node] "_fix_surfs3" found cached.
250329-14:35:14,474 nipype.workflow INFO:
	 [Node] Setting-up "_invert_sulc0" in "/work_dir/fmriprep_24_0_wf/sub_32_wf/anat_fit_wf/msm_sulc_wf/invert_sulc/mapflow/_invert_sulc0".
250329-14:35:14,474 nipype.workflow INFO:
	 [Node] Setting-up "_invert_sulc1" in "/work_dir/fmriprep_24_0_wf/sub_32_wf/anat_fit_wf/msm_sulc_wf/invert_sulc/mapflow/_invert_sulc1".
250329-14:35:14,476 nipype.workflow INFO:
	 [Node] Executing "_invert_sulc1" <smriprep.interfaces.gifti.MetricMath>
250329-14:35:14,476 nipype.workflow INFO:
	 [Node] Executing "_invert_sulc0" <smriprep.interfaces.gifti.MetricMath>
250329-14:35:14,518 nipype.workflow INFO:
	 [Node] Finished "_invert_sulc1", elapsed time 0.040863s.
250329-14:35:14,518 nipype.workflow INFO:
	 [Node] Finished "_invert_sulc0", elapsed time 0.041059s.
250329-14:35:15,935 nipype.workflow INFO:
	 [Node] Setting-up "_invert_sulc0" in "/work_dir/fmriprep_24_0_wf/sub_32_wf/anat_fit_wf/msm_sulc_wf/invert_sulc/mapflow/_invert_sulc0".
250329-14:35:15,936 nipype.workflow INFO:
	 [Node] Cached "_invert_sulc0" - collecting precomputed outputs
250329-14:35:15,937 nipype.workflow INFO:
	 [Node] "_invert_sulc0" found cached.
250329-14:35:15,937 nipype.workflow INFO:
	 [Node] Setting-up "_invert_sulc1" in "/work_dir/fmriprep_24_0_wf/sub_32_wf/anat_fit_wf/msm_sulc_wf/invert_sulc/mapflow/_invert_sulc1".
250329-14:35:15,938 nipype.workflow INFO:
	 [Node] Cached "_invert_sulc1" - collecting precomputed outputs
250329-14:35:15,938 nipype.workflow INFO:
	 [Node] "_invert_sulc1" found cached.
250329-14:35:16,804 nipype.workflow INFO:
	 [Node] Finished "recon_report", elapsed time 25.357659s.
250329-14:35:17,473 nipype.workflow INFO:
	 [Node] Setting-up "_create_wm_distvol1" in "/work_dir/fmriprep_24_0_wf/sub_32_wf/anat_fit_wf/anat_ribbon_wf/create_wm_distvol/mapflow/_create_wm_distvol1".
250329-14:35:17,474 nipype.workflow INFO:
	 [Node] Setting-up "_create_pial_distvol0" in "/work_dir/fmriprep_24_0_wf/sub_32_wf/anat_fit_wf/anat_ribbon_wf/create_pial_distvol/mapflow/_create_pial_distvol0".
250329-14:35:17,475 nipype.workflow INFO:
	 [Node] Setting-up "_create_pial_distvol1" in "/work_dir/fmriprep_24_0_wf/sub_32_wf/anat_fit_wf/anat_ribbon_wf/create_pial_distvol/mapflow/_create_pial_distvol1".
250329-14:35:17,476 nipype.workflow INFO:
	 [Node] Executing "_create_wm_distvol1" <smriprep.interfaces.workbench.CreateSignedDistanceVolume>
250329-14:35:17,476 nipype.workflow INFO:
	 [Node] Executing "_create_pial_distvol0" <smriprep.interfaces.workbench.CreateSignedDistanceVolume>
250329-14:35:17,477 nipype.workflow INFO:
	 [Node] Executing "_create_pial_distvol1" <smriprep.interfaces.workbench.CreateSignedDistanceVolume>
250329-14:35:17,483 nipype.workflow INFO:
	 [Node] Setting-up "_create_wm_distvol0" in "/work_dir/fmriprep_24_0_wf/sub_32_wf/anat_fit_wf/anat_ribbon_wf/create_wm_distvol/mapflow/_create_wm_distvol0".
250329-14:35:17,485 nipype.workflow INFO:
	 [Node] Executing "_create_wm_distvol0" <smriprep.interfaces.workbench.CreateSignedDistanceVolume>
250329-14:35:20,654 nipype.workflow INFO:
	 [Node] Setting-up "_project_unproject0" in "/work_dir/fmriprep_24_0_wf/sub_32_wf/anat_fit_wf/fsLR_reg_wf/project_unproject/mapflow/_project_unproject0".
250329-14:35:20,655 nipype.workflow INFO:
	 [Node] Setting-up "_project_unproject1" in "/work_dir/fmriprep_24_0_wf/sub_32_wf/anat_fit_wf/fsLR_reg_wf/project_unproject/mapflow/_project_unproject1".
250329-14:35:20,656 nipype.workflow INFO:
	 [Node] Executing "_project_unproject0" <smriprep.interfaces.workbench.SurfaceSphereProjectUnproject>
250329-14:35:20,656 nipype.workflow INFO:
	 [Node] Executing "_project_unproject1" <smriprep.interfaces.workbench.SurfaceSphereProjectUnproject>
250329-14:35:26,18 nipype.workflow INFO:
	 [Node] Finished "_project_unproject1", elapsed time 4.862435s.
250329-14:35:28,6 nipype.workflow INFO:
	 [Node] Finished "_project_unproject0", elapsed time 6.841346s.
250329-14:35:28,856 nipype.workflow INFO:
	 [Node] Setting-up "_project_unproject0" in "/work_dir/fmriprep_24_0_wf/sub_32_wf/anat_fit_wf/fsLR_reg_wf/project_unproject/mapflow/_project_unproject0".
250329-14:35:28,857 nipype.workflow INFO:
	 [Node] Cached "_project_unproject0" - collecting precomputed outputs
250329-14:35:28,857 nipype.workflow INFO:
	 [Node] "_project_unproject0" found cached.
250329-14:35:28,857 nipype.workflow INFO:
	 [Node] Setting-up "_project_unproject1" in "/work_dir/fmriprep_24_0_wf/sub_32_wf/anat_fit_wf/fsLR_reg_wf/project_unproject/mapflow/_project_unproject1".
250329-14:35:28,858 nipype.workflow INFO:
	 [Node] Cached "_project_unproject1" - collecting precomputed outputs
250329-14:35:28,858 nipype.workflow INFO:
	 [Node] "_project_unproject1" found cached.
250329-14:35:38,846 nipype.workflow INFO:
	 [Node] Setting-up "_regress_affine0" in "/work_dir/fmriprep_24_0_wf/sub_32_wf/anat_fit_wf/msm_sulc_wf/regress_affine/mapflow/_regress_affine0".
250329-14:35:38,848 nipype.workflow INFO:
	 [Node] Executing "_regress_affine0" <smriprep.interfaces.workbench.SurfaceAffineRegression>
250329-14:35:38,857 nipype.workflow INFO:
	 [Node] Setting-up "_regress_affine1" in "/work_dir/fmriprep_24_0_wf/sub_32_wf/anat_fit_wf/msm_sulc_wf/regress_affine/mapflow/_regress_affine1".
250329-14:35:38,859 nipype.workflow INFO:
	 [Node] Executing "_regress_affine1" <smriprep.interfaces.workbench.SurfaceAffineRegression>
250329-14:35:40,264 nipype.workflow INFO:
	 [Node] Finished "_regress_affine0", elapsed time 0.988333s.
250329-14:35:40,292 nipype.workflow INFO:
	 [Node] Finished "_regress_affine1", elapsed time 0.940121s.
250329-14:35:41,22 nipype.workflow INFO:
	 [Node] Setting-up "_regress_affine0" in "/work_dir/fmriprep_24_0_wf/sub_32_wf/anat_fit_wf/msm_sulc_wf/regress_affine/mapflow/_regress_affine0".
250329-14:35:41,23 nipype.workflow INFO:
	 [Node] Cached "_regress_affine0" - collecting precomputed outputs
250329-14:35:41,23 nipype.workflow INFO:
	 [Node] "_regress_affine0" found cached.
250329-14:35:41,24 nipype.workflow INFO:
	 [Node] Setting-up "_regress_affine1" in "/work_dir/fmriprep_24_0_wf/sub_32_wf/anat_fit_wf/msm_sulc_wf/regress_affine/mapflow/_regress_affine1".
250329-14:35:41,25 nipype.workflow INFO:
	 [Node] Cached "_regress_affine1" - collecting precomputed outputs
250329-14:35:41,25 nipype.workflow INFO:
	 [Node] "_regress_affine1" found cached.
250329-14:35:45,571 nipype.workflow INFO:
	 [Node] Setting-up "_apply_surface_affine0" in "/work_dir/fmriprep_24_0_wf/sub_32_wf/anat_fit_wf/msm_sulc_wf/apply_surface_affine/mapflow/_apply_surface_affine0".
250329-14:35:45,573 nipype.workflow INFO:
	 [Node] Executing "_apply_surface_affine0" <smriprep.interfaces.workbench.SurfaceApplyAffine>
250329-14:35:45,574 nipype.workflow INFO:
	 [Node] Setting-up "_apply_surface_affine1" in "/work_dir/fmriprep_24_0_wf/sub_32_wf/anat_fit_wf/msm_sulc_wf/apply_surface_affine/mapflow/_apply_surface_affine1".
250329-14:35:45,576 nipype.workflow INFO:
	 [Node] Executing "_apply_surface_affine1" <smriprep.interfaces.workbench.SurfaceApplyAffine>
250329-14:35:49,467 nipype.workflow INFO:
	 [Node] Finished "_apply_surface_affine0", elapsed time 3.100839s.
250329-14:35:50,125 nipype.workflow INFO:
	 [Node] Finished "_apply_surface_affine1", elapsed time 3.912501s.
250329-14:35:51,582 nipype.workflow INFO:
	 [Node] Setting-up "_apply_surface_affine0" in "/work_dir/fmriprep_24_0_wf/sub_32_wf/anat_fit_wf/msm_sulc_wf/apply_surface_affine/mapflow/_apply_surface_affine0".
250329-14:35:51,583 nipype.workflow INFO:
	 [Node] Cached "_apply_surface_affine0" - collecting precomputed outputs
250329-14:35:51,583 nipype.workflow INFO:
	 [Node] "_apply_surface_affine0" found cached.
250329-14:35:51,583 nipype.workflow INFO:
	 [Node] Setting-up "_apply_surface_affine1" in "/work_dir/fmriprep_24_0_wf/sub_32_wf/anat_fit_wf/msm_sulc_wf/apply_surface_affine/mapflow/_apply_surface_affine1".
250329-14:35:51,584 nipype.workflow INFO:
	 [Node] Cached "_apply_surface_affine1" - collecting precomputed outputs
250329-14:35:51,584 nipype.workflow INFO:
	 [Node] "_apply_surface_affine1" found cached.
250329-14:35:55,535 nipype.workflow INFO:
	 [Node] Setting-up "_modify_sphere0" in "/work_dir/fmriprep_24_0_wf/sub_32_wf/anat_fit_wf/msm_sulc_wf/modify_sphere/mapflow/_modify_sphere0".
250329-14:35:55,537 nipype.workflow INFO:
	 [Node] Executing "_modify_sphere0" <smriprep.interfaces.workbench.SurfaceModifySphere>
250329-14:35:55,546 nipype.workflow INFO:
	 [Node] Setting-up "_modify_sphere1" in "/work_dir/fmriprep_24_0_wf/sub_32_wf/anat_fit_wf/msm_sulc_wf/modify_sphere/mapflow/_modify_sphere1".
250329-14:35:55,548 nipype.workflow INFO:
	 [Node] Executing "_modify_sphere1" <smriprep.interfaces.workbench.SurfaceModifySphere>
250329-14:35:59,600 nipype.workflow INFO:
	 [Node] Finished "_modify_sphere1", elapsed time 3.4327389999999998s.
250329-14:36:00,335 nipype.workflow INFO:
	 [Node] Finished "_modify_sphere0", elapsed time 4.033893s.
250329-14:36:01,240 nipype.workflow INFO:
	 [Node] Setting-up "_modify_sphere0" in "/work_dir/fmriprep_24_0_wf/sub_32_wf/anat_fit_wf/msm_sulc_wf/modify_sphere/mapflow/_modify_sphere0".
250329-14:36:01,241 nipype.workflow INFO:
	 [Node] Cached "_modify_sphere0" - collecting precomputed outputs
250329-14:36:01,241 nipype.workflow INFO:
	 [Node] "_modify_sphere0" found cached.
250329-14:36:01,242 nipype.workflow INFO:
	 [Node] Setting-up "_modify_sphere1" in "/work_dir/fmriprep_24_0_wf/sub_32_wf/anat_fit_wf/msm_sulc_wf/modify_sphere/mapflow/_modify_sphere1".
250329-14:36:01,242 nipype.workflow INFO:
	 [Node] Cached "_modify_sphere1" - collecting precomputed outputs
250329-14:36:01,242 nipype.workflow INFO:
	 [Node] "_modify_sphere1" found cached.
250329-14:36:05,361 nipype.workflow INFO:
	 [Node] Setting-up "_msmsulc0" in "/work_dir/fmriprep_24_0_wf/sub_32_wf/anat_fit_wf/msm_sulc_wf/msmsulc/mapflow/_msmsulc0".
250329-14:36:05,363 nipype.workflow INFO:
	 [Node] Executing "_msmsulc0" <smriprep.interfaces.msm.MSM>
250329-14:36:05,367 nipype.workflow INFO:
	 [Node] Setting-up "_msmsulc1" in "/work_dir/fmriprep_24_0_wf/sub_32_wf/anat_fit_wf/msm_sulc_wf/msmsulc/mapflow/_msmsulc1".
250329-14:36:05,370 nipype.workflow INFO:
	 [Node] Executing "_msmsulc1" <smriprep.interfaces.msm.MSM>
250329-14:36:08,679 nipype.workflow INFO:
	 [Node] Finished "mri_coreg", elapsed time 77.221523s.
250329-14:36:11,195 nipype.workflow INFO:
	 [Node] Setting-up "fmriprep_24_0_wf.sub_32_wf.bold_task_bird_run_4_wf.bold_fit_wf.bold_reg_wf.bbreg_wf.mri_coreg" in "/work_dir/fmriprep_24_0_wf/sub_32_wf/bold_task_bird_run_4_wf/bold_fit_wf/bold_reg_wf/bbreg_wf/mri_coreg".
250329-14:36:11,199 nipype.workflow INFO:
	 [Node] Setting-up "fmriprep_24_0_wf.sub_32_wf.bold_task_bird_run_1_wf.bold_fit_wf.bold_reg_wf.bbreg_wf.bbregister" in "/work_dir/fmriprep_24_0_wf/sub_32_wf/bold_task_bird_run_1_wf/bold_fit_wf/bold_reg_wf/bbreg_wf/bbregister".
250329-14:36:11,201 nipype.workflow INFO:
	 [Node] Executing "mri_coreg" <fmriprep.interfaces.patches.MRICoreg>
250329-14:36:11,205 nipype.workflow INFO:
	 [Node] Executing "bbregister" <nipype.interfaces.freesurfer.preprocess.BBRegister>
250329-14:36:15,116 nipype.workflow INFO:
	 [Node] Finished "mri_coreg", elapsed time 83.664681s.
250329-14:36:17,213 nipype.workflow INFO:
	 [Node] Setting-up "fmriprep_24_0_wf.sub_32_wf.bold_task_bird_run_5_wf.bold_fit_wf.bold_reg_wf.bbreg_wf.mri_coreg" in "/work_dir/fmriprep_24_0_wf/sub_32_wf/bold_task_bird_run_5_wf/bold_fit_wf/bold_reg_wf/bbreg_wf/mri_coreg".
250329-14:36:17,217 nipype.workflow INFO:
	 [Node] Executing "mri_coreg" <fmriprep.interfaces.patches.MRICoreg>
250329-14:36:17,423 nipype.workflow INFO:
	 [Node] Finished "mri_coreg", elapsed time 85.898582s.
250329-14:36:18,795 nipype.workflow INFO:
	 [Node] Finished "refine", elapsed time 79.123873s.
250329-14:36:19,34 nipype.workflow INFO:
	 [Node] Setting-up "fmriprep_24_0_wf.sub_32_wf.bold_task_bird_run_6_wf.bold_fit_wf.bold_reg_wf.bbreg_wf.mri_coreg" in "/work_dir/fmriprep_24_0_wf/sub_32_wf/bold_task_bird_run_6_wf/bold_fit_wf/bold_reg_wf/bbreg_wf/mri_coreg".
250329-14:36:19,38 nipype.workflow INFO:
	 [Node] Executing "mri_coreg" <fmriprep.interfaces.patches.MRICoreg>
250329-14:36:21,21 nipype.workflow INFO:
	 [Node] Setting-up "fmriprep_24_0_wf.sub_32_wf.bold_task_bird_run_2_wf.bold_fit_wf.bold_reg_wf.bbreg_wf.bbregister" in "/work_dir/fmriprep_24_0_wf/sub_32_wf/bold_task_bird_run_2_wf/bold_fit_wf/bold_reg_wf/bbreg_wf/bbregister".
250329-14:36:21,27 nipype.workflow INFO:
	 [Node] Executing "bbregister" <nipype.interfaces.freesurfer.preprocess.BBRegister>
250329-14:36:56,732 nipype.workflow INFO:
	 [Node] Finished "_create_wm_distvol1", elapsed time 98.814039s.
250329-14:36:59,26 nipype.workflow INFO:
	 [Node] Setting-up "fmriprep_24_0_wf.sub_32_wf.bold_task_bird_run_3_wf.bold_fit_wf.bold_reg_wf.bbreg_wf.bbregister" in "/work_dir/fmriprep_24_0_wf/sub_32_wf/bold_task_bird_run_3_wf/bold_fit_wf/bold_reg_wf/bbreg_wf/bbregister".
250329-14:36:59,37 nipype.workflow INFO:
	 [Node] Executing "bbregister" <nipype.interfaces.freesurfer.preprocess.BBRegister>
250329-14:37:06,425 nipype.workflow INFO:
	 [Node] Finished "bbregister", elapsed time 55.219322s.
250329-14:37:07,567 nipype.workflow INFO:
	 [Node] Setting-up "fmriprep_24_0_wf.sub_32_wf.anat_fit_wf.applyrefined" in "/work_dir/fmriprep_24_0_wf/sub_32_wf/anat_fit_wf/applyrefined".
250329-14:37:07,604 nipype.workflow INFO:
	 [Node] Executing "applyrefined" <nipype.interfaces.fsl.maths.ApplyMask>
250329-14:37:11,404 nipype.workflow INFO:
	 [Node] Finished "applyrefined", elapsed time 3.798356s.
250329-14:37:13,194 nipype.workflow INFO:
	 [Node] Setting-up "fmriprep_24_0_wf.sub_32_wf.bold_task_bird_run_1_wf.bold_fit_wf.bold_reg_wf.bbreg_wf.compare_transforms" in "/work_dir/fmriprep_24_0_wf/sub_32_wf/bold_task_bird_run_1_wf/bold_fit_wf/bold_reg_wf/bbreg_wf/compare_transforms".
250329-14:37:13,197 nipype.workflow INFO:
	 [Node] Executing "compare_transforms" <nipype.interfaces.utility.wrappers.Function>
250329-14:37:13,209 nipype.workflow INFO:
	 [Node] Finished "compare_transforms", elapsed time 0.011738s.
250329-14:37:17,420 nipype.workflow INFO:
	 [Node] Finished "_create_pial_distvol0", elapsed time 119.454187s.
250329-14:37:18,630 nipype.workflow INFO:
	 [Node] Setting-up "fmriprep_24_0_wf.sub_32_wf.anat_fit_wf.fast" in "/work_dir/fmriprep_24_0_wf/sub_32_wf/anat_fit_wf/fast".
250329-14:37:18,633 nipype.workflow INFO:
	 [Node] Executing "fast" <nipype.interfaces.fsl.preprocess.FAST>
250329-14:37:19,14 nipype.workflow INFO:
	 [Node] Setting-up "fmriprep_24_0_wf.sub_32_wf.bold_task_bird_run_1_wf.bold_anat_wf.gen_ref" in "/work_dir/fmriprep_24_0_wf/sub_32_wf/bold_task_bird_run_1_wf/bold_anat_wf/gen_ref".
250329-14:37:19,19 nipype.workflow INFO:
	 [Node] Executing "gen_ref" <niworkflows.interfaces.nibabel.GenerateSamplingReference>
250329-14:37:24,810 nipype.workflow INFO:
	 [Node] Finished "_create_wm_distvol0", elapsed time 126.895421s.
250329-14:37:25,775 nipype.workflow INFO:
	 [Node] Finished "bbregister", elapsed time 64.746862s.
250329-14:37:28,149 nipype.workflow INFO:
	 [Node] Setting-up "fmriprep_24_0_wf.sub_32_wf.bold_task_bird_run_2_wf.bold_anat_wf.gen_ref" in "/work_dir/fmriprep_24_0_wf/sub_32_wf/bold_task_bird_run_2_wf/bold_anat_wf/gen_ref".
250329-14:37:28,152 nipype.workflow INFO:
	 [Node] Executing "gen_ref" <niworkflows.interfaces.nibabel.GenerateSamplingReference>
250329-14:37:28,155 nipype.workflow INFO:
	 [Node] Setting-up "_create_wm_distvol0" in "/work_dir/fmriprep_24_0_wf/sub_32_wf/anat_fit_wf/anat_ribbon_wf/create_wm_distvol/mapflow/_create_wm_distvol0".
250329-14:37:28,156 nipype.workflow INFO:
	 [Node] Cached "_create_wm_distvol0" - collecting precomputed outputs
250329-14:37:28,156 nipype.workflow INFO:
	 [Node] "_create_wm_distvol0" found cached.
250329-14:37:28,157 nipype.workflow INFO:
	 [Node] Setting-up "_create_wm_distvol1" in "/work_dir/fmriprep_24_0_wf/sub_32_wf/anat_fit_wf/anat_ribbon_wf/create_wm_distvol/mapflow/_create_wm_distvol1".
250329-14:37:28,158 nipype.workflow INFO:
	 [Node] Cached "_create_wm_distvol1" - collecting precomputed outputs
250329-14:37:28,158 nipype.workflow INFO:
	 [Node] "_create_wm_distvol1" found cached.
250329-14:37:29,352 nipype.workflow INFO:
	 [Node] Setting-up "fmriprep_24_0_wf.sub_32_wf.bold_task_bird_run_2_wf.bold_fit_wf.bold_reg_wf.bbreg_wf.compare_transforms" in "/work_dir/fmriprep_24_0_wf/sub_32_wf/bold_task_bird_run_2_wf/bold_fit_wf/bold_reg_wf/bbreg_wf/compare_transforms".
250329-14:37:29,355 nipype.workflow INFO:
	 [Node] Executing "compare_transforms" <nipype.interfaces.utility.wrappers.Function>
250329-14:37:29,366 nipype.workflow INFO:
	 [Node] Finished "compare_transforms", elapsed time 0.010363s.
250329-14:37:32,911 nipype.workflow INFO:
	 [Node] Setting-up "fmriprep_24_0_wf.sub_32_wf.bold_task_bird_run_3_wf.bold_anat_wf.gen_ref" in "/work_dir/fmriprep_24_0_wf/sub_32_wf/bold_task_bird_run_3_wf/bold_anat_wf/gen_ref".
250329-14:37:32,915 nipype.workflow INFO:
	 [Node] Executing "gen_ref" <niworkflows.interfaces.nibabel.GenerateSamplingReference>
250329-14:37:38,494 nipype.workflow INFO:
	 [Node] Finished "mri_coreg", elapsed time 87.292428s.
250329-14:37:39,163 nipype.workflow INFO:
	 [Node] Finished "gen_ref", elapsed time 20.143669s.
250329-14:37:39,361 nipype.workflow INFO:
	 [Node] Setting-up "fmriprep_24_0_wf.sub_32_wf.bold_task_bird_run_4_wf.bold_fit_wf.bold_reg_wf.bbreg_wf.bbregister" in "/work_dir/fmriprep_24_0_wf/sub_32_wf/bold_task_bird_run_4_wf/bold_fit_wf/bold_reg_wf/bbreg_wf/bbregister".
250329-14:37:39,368 nipype.workflow INFO:
	 [Node] Executing "bbregister" <nipype.interfaces.freesurfer.preprocess.BBRegister>
250329-14:37:39,385 nipype.workflow INFO:
	 [Node] Setting-up "fmriprep_24_0_wf.sub_32_wf.bold_task_bird_run_4_wf.bold_anat_wf.gen_ref" in "/work_dir/fmriprep_24_0_wf/sub_32_wf/bold_task_bird_run_4_wf/bold_anat_wf/gen_ref".
250329-14:37:39,389 nipype.workflow INFO:
	 [Node] Executing "gen_ref" <niworkflows.interfaces.nibabel.GenerateSamplingReference>
250329-14:37:39,391 nipype.workflow INFO:
	 [Node] Setting-up "fmriprep_24_0_wf.sub_32_wf.bold_task_bird_run_5_wf.bold_anat_wf.gen_ref" in "/work_dir/fmriprep_24_0_wf/sub_32_wf/bold_task_bird_run_5_wf/bold_anat_wf/gen_ref".
250329-14:37:39,395 nipype.workflow INFO:
	 [Node] Executing "gen_ref" <niworkflows.interfaces.nibabel.GenerateSamplingReference>
250329-14:37:39,402 nipype.workflow INFO:
	 [Node] Setting-up "fmriprep_24_0_wf.sub_32_wf.bold_task_bird_run_6_wf.bold_anat_wf.gen_ref" in "/work_dir/fmriprep_24_0_wf/sub_32_wf/bold_task_bird_run_6_wf/bold_anat_wf/gen_ref".
250329-14:37:39,406 nipype.workflow INFO:
	 [Node] Executing "gen_ref" <niworkflows.interfaces.nibabel.GenerateSamplingReference>
250329-14:37:42,875 nipype.workflow INFO:
	 [Node] Setting-up "fmriprep_24_0_wf.sub_32_wf.bold_task_bird_run_1_wf.bold_fit_wf.bold_reg_wf.bbreg_wf.concat_xfm" in "/work_dir/fmriprep_24_0_wf/sub_32_wf/bold_task_bird_run_1_wf/bold_fit_wf/bold_reg_wf/bbreg_wf/concat_xfm".
250329-14:37:42,878 nipype.workflow INFO:
	 [Node] Executing "concat_xfm" <niworkflows.interfaces.nitransforms.ConcatenateXFMs>
250329-14:37:42,881 nipype.workflow INFO:
	 [Node] Setting-up "fmriprep_24_0_wf.sub_32_wf.bold_task_bird_run_2_wf.bold_fit_wf.bold_reg_wf.bbreg_wf.concat_xfm" in "/work_dir/fmriprep_24_0_wf/sub_32_wf/bold_task_bird_run_2_wf/bold_fit_wf/bold_reg_wf/bbreg_wf/concat_xfm".
250329-14:37:42,883 nipype.workflow INFO:
	 [Node] Executing "concat_xfm" <niworkflows.interfaces.nitransforms.ConcatenateXFMs>
250329-14:37:42,884 nipype.workflow INFO:
	 [Node] Finished "concat_xfm", elapsed time 0.005303s.
250329-14:37:42,889 nipype.workflow INFO:
	 [Node] Finished "concat_xfm", elapsed time 0.005433s.
250329-14:37:47,331 nipype.workflow INFO:
	 [Node] Setting-up "fmriprep_24_0_wf.sub_32_wf.bold_task_bird_run_1_wf.bold_fit_wf.func_fit_reports_wf.t1w_boldref" in "/work_dir/fmriprep_24_0_wf/sub_32_wf/bold_task_bird_run_1_wf/bold_fit_wf/func_fit_reports_wf/t1w_boldref".
250329-14:37:47,336 nipype.workflow INFO:
	 [Node] Executing "t1w_boldref" <niworkflows.interfaces.fixes.FixHeaderApplyTransforms>
250329-14:37:47,909 nipype.workflow INFO:
	 [Node] Setting-up "fmriprep_24_0_wf.sub_32_wf.bold_task_bird_run_1_wf.bold_confounds_wf.t1w_mask_tfm" in "/work_dir/fmriprep_24_0_wf/sub_32_wf/bold_task_bird_run_1_wf/bold_confounds_wf/t1w_mask_tfm".
250329-14:37:47,911 nipype.workflow INFO:
	 [Node] Setting-up "fmriprep_24_0_wf.sub_32_wf.bold_task_bird_run_2_wf.bold_fit_wf.func_fit_reports_wf.t1w_boldref" in "/work_dir/fmriprep_24_0_wf/sub_32_wf/bold_task_bird_run_2_wf/bold_fit_wf/func_fit_reports_wf/t1w_boldref".
250329-14:37:47,914 nipype.workflow INFO:
	 [Node] Executing "t1w_mask_tfm" <niworkflows.interfaces.fixes.FixHeaderApplyTransforms>
250329-14:37:47,915 nipype.workflow INFO:
	 [Node] Executing "t1w_boldref" <niworkflows.interfaces.fixes.FixHeaderApplyTransforms>
250329-14:37:48,684 nipype.workflow INFO:
	 [Node] Setting-up "fmriprep_24_0_wf.sub_32_wf.bold_task_bird_run_2_wf.bold_confounds_wf.t1w_mask_tfm" in "/work_dir/fmriprep_24_0_wf/sub_32_wf/bold_task_bird_run_2_wf/bold_confounds_wf/t1w_mask_tfm".
250329-14:37:48,689 nipype.workflow INFO:
	 [Node] Executing "t1w_mask_tfm" <niworkflows.interfaces.fixes.FixHeaderApplyTransforms>
250329-14:37:51,316 nipype.workflow INFO:
	 [Node] Finished "_create_pial_distvol1", elapsed time 153.379761s.
250329-14:37:52,601 nipype.workflow INFO:
	 [Node] Finished "gen_ref", elapsed time 24.447931s.
250329-14:37:53,790 nipype.workflow INFO:
	 [Node] Setting-up "_create_pial_distvol0" in "/work_dir/fmriprep_24_0_wf/sub_32_wf/anat_fit_wf/anat_ribbon_wf/create_pial_distvol/mapflow/_create_pial_distvol0".
250329-14:37:53,791 nipype.workflow INFO:
	 [Node] Cached "_create_pial_distvol0" - collecting precomputed outputs
250329-14:37:53,791 nipype.workflow INFO:
	 [Node] "_create_pial_distvol0" found cached.
250329-14:37:53,792 nipype.workflow INFO:
	 [Node] Setting-up "_create_pial_distvol1" in "/work_dir/fmriprep_24_0_wf/sub_32_wf/anat_fit_wf/anat_ribbon_wf/create_pial_distvol/mapflow/_create_pial_distvol1".
250329-14:37:53,793 nipype.workflow INFO:
	 [Node] Cached "_create_pial_distvol1" - collecting precomputed outputs
250329-14:37:53,793 nipype.workflow INFO:
	 [Node] "_create_pial_distvol1" found cached.
250329-14:37:55,776 nipype.workflow INFO:
	 [Node] Setting-up "fmriprep_24_0_wf.sub_32_wf.anat_fit_wf.anat_ribbon_wf.make_ribbon" in "/work_dir/fmriprep_24_0_wf/sub_32_wf/anat_fit_wf/anat_ribbon_wf/make_ribbon".
250329-14:37:55,783 nipype.workflow INFO:
	 [Node] Executing "make_ribbon" <smriprep.interfaces.surf.MakeRibbon>
250329-14:37:57,353 nipype.workflow INFO:
	 [Node] Finished "mri_coreg", elapsed time 98.313844s.
250329-14:37:59,599 nipype.workflow INFO:
	 [Node] Setting-up "fmriprep_24_0_wf.sub_32_wf.bold_task_bird_run_6_wf.bold_fit_wf.bold_reg_wf.bbreg_wf.bbregister" in "/work_dir/fmriprep_24_0_wf/sub_32_wf/bold_task_bird_run_6_wf/bold_fit_wf/bold_reg_wf/bbreg_wf/bbregister".
250329-14:37:59,606 nipype.workflow INFO:
	 [Node] Executing "bbregister" <nipype.interfaces.freesurfer.preprocess.BBRegister>
250329-14:37:59,617 nipype.workflow INFO:
	 [Node] Setting-up "fmriprep_24_0_wf.sub_32_wf.anat_fit_wf.register_template_wf.registration" in "/work_dir/fmriprep_24_0_wf/sub_32_wf/anat_fit_wf/register_template_wf/_template_MNI152NLin2009cAsym/registration".
250329-14:37:59,624 nipype.workflow INFO:
	 [Node] Executing "registration" <niworkflows.interfaces.norm.SpatialNormalization>
250329-14:37:59,631 nipype.workflow INFO:
	 [Node] Finished "make_ribbon", elapsed time 3.847472s.
250329-14:37:59,869 nipype.workflow INFO:
	 [Node] Finished "gen_ref", elapsed time 20.473151s.
250329-14:38:00,132 nipype.workflow INFO:
	 [Node] Finished "gen_ref", elapsed time 27.217103s.
250329-14:38:01,377 nipype.workflow INFO:
	 [Node] Finished "t1w_boldref", elapsed time 13.461405s.
250329-14:38:03,567 nipype.workflow INFO:
	 [Node] Finished "gen_ref", elapsed time 24.160452s.
250329-14:38:04,53 nipype.workflow INFO:
	 [Node] Finished "gen_ref", elapsed time 24.651322s.
250329-14:38:04,668 nipype.workflow INFO:
	 [Node] Finished "t1w_boldref", elapsed time 17.331482s.
250329-14:38:06,305 nipype.workflow INFO:
	 [Node] Setting-up "fmriprep_24_0_wf.sub_32_wf.bold_task_bird_run_1_wf.bold_anat_wf.resample" in "/work_dir/fmriprep_24_0_wf/sub_32_wf/bold_task_bird_run_1_wf/bold_anat_wf/resample".
250329-14:38:06,322 nipype.workflow INFO:
	 [Node] Executing "resample" <fmriprep.interfaces.resampling.ResampleSeries>
250329-14:38:07,625 nipype.workflow INFO:
	 [Node] Finished "t1w_mask_tfm", elapsed time 18.934617s.
250329-14:38:08,432 nipype.workflow INFO:
	 [Node] Setting-up "fmriprep_24_0_wf.sub_32_wf.bold_task_bird_run_2_wf.bold_confounds_wf.union_mask" in "/work_dir/fmriprep_24_0_wf/sub_32_wf/bold_task_bird_run_2_wf/bold_confounds_wf/union_mask".
250329-14:38:08,435 nipype.workflow INFO:
	 [Node] Executing "union_mask" <nipype.interfaces.utility.wrappers.Function>
250329-14:38:08,512 nipype.workflow INFO:
	 [Node] Finished "t1w_mask_tfm", elapsed time 20.597247s.
250329-14:38:08,560 nipype.workflow INFO:
	 [Node] Finished "union_mask", elapsed time 0.12413s.
250329-14:38:10,400 nipype.workflow INFO:
	 [Node] Setting-up "fmriprep_24_0_wf.sub_32_wf.bold_task_bird_run_1_wf.bold_confounds_wf.union_mask" in "/work_dir/fmriprep_24_0_wf/sub_32_wf/bold_task_bird_run_1_wf/bold_confounds_wf/union_mask".
250329-14:38:10,404 nipype.workflow INFO:
	 [Node] Executing "union_mask" <nipype.interfaces.utility.wrappers.Function>
250329-14:38:10,436 nipype.workflow INFO:
	 [Node] Setting-up "fmriprep_24_0_wf.sub_32_wf.bold_task_bird_run_2_wf.bold_confounds_wf.dilated_mask" in "/work_dir/fmriprep_24_0_wf/sub_32_wf/bold_task_bird_run_2_wf/bold_confounds_wf/dilated_mask".
250329-14:38:10,438 nipype.workflow INFO:
	 [Node] Executing "dilated_mask" <niworkflows.interfaces.morphology.BinaryDilation>
250329-14:38:10,500 nipype.workflow INFO:
	 [Node] Finished "union_mask", elapsed time 0.095302s.
250329-14:38:10,676 nipype.workflow INFO:
	 [Node] Finished "dilated_mask", elapsed time 0.237057s.
250329-14:38:11,835 nipype.workflow INFO:
	 [Node] Finished "mri_coreg", elapsed time 114.616487s.
250329-14:38:12,200 nipype.workflow INFO:
	 [Node] Setting-up "fmriprep_24_0_wf.sub_32_wf.bold_task_bird_run_1_wf.bold_confounds_wf.dilated_mask" in "/work_dir/fmriprep_24_0_wf/sub_32_wf/bold_task_bird_run_1_wf/bold_confounds_wf/dilated_mask".
250329-14:38:12,202 nipype.workflow INFO:
	 [Node] Executing "dilated_mask" <niworkflows.interfaces.morphology.BinaryDilation>
250329-14:38:12,207 nipype.workflow INFO:
	 [Node] Setting-up "fmriprep_24_0_wf.sub_32_wf.bold_task_bird_run_2_wf.bold_confounds_wf.subtract_mask" in "/work_dir/fmriprep_24_0_wf/sub_32_wf/bold_task_bird_run_2_wf/bold_confounds_wf/subtract_mask".
250329-14:38:12,210 nipype.workflow INFO:
	 [Node] Executing "subtract_mask" <niworkflows.interfaces.morphology.BinarySubtraction>
250329-14:38:12,259 nipype.workflow INFO:
	 [Node] Finished "subtract_mask", elapsed time 0.048191s.
250329-14:38:12,408 nipype.workflow INFO:
	 [Node] Finished "dilated_mask", elapsed time 0.204979s.
250329-14:38:14,126 nipype.workflow INFO:
	 [Node] Setting-up "fmriprep_24_0_wf.sub_32_wf.bold_task_bird_run_5_wf.bold_fit_wf.bold_reg_wf.bbreg_wf.bbregister" in "/work_dir/fmriprep_24_0_wf/sub_32_wf/bold_task_bird_run_5_wf/bold_fit_wf/bold_reg_wf/bbreg_wf/bbregister".
250329-14:38:14,132 nipype.workflow INFO:
	 [Node] Executing "bbregister" <nipype.interfaces.freesurfer.preprocess.BBRegister>
250329-14:38:14,138 nipype.workflow INFO:
	 [Node] Setting-up "fmriprep_24_0_wf.sub_32_wf.bold_task_bird_run_2_wf.bold_anat_wf.resample" in "/work_dir/fmriprep_24_0_wf/sub_32_wf/bold_task_bird_run_2_wf/bold_anat_wf/resample".
250329-14:38:14,139 nipype.workflow INFO:
	 [Node] Setting-up "fmriprep_24_0_wf.sub_32_wf.bold_task_bird_run_1_wf.bold_confounds_wf.subtract_mask" in "/work_dir/fmriprep_24_0_wf/sub_32_wf/bold_task_bird_run_1_wf/bold_confounds_wf/subtract_mask".
250329-14:38:14,141 nipype.workflow INFO:
	 [Node] Executing "subtract_mask" <niworkflows.interfaces.morphology.BinarySubtraction>
250329-14:38:14,141 nipype.workflow INFO:
	 [Node] Executing "resample" <fmriprep.interfaces.resampling.ResampleSeries>
250329-14:38:14,195 nipype.workflow INFO:
	 [Node] Finished "subtract_mask", elapsed time 0.052953s.
250329-14:38:16,577 nipype.workflow INFO:
	 [Node] Setting-up "fmriprep_24_0_wf.sub_32_wf.bold_task_bird_run_1_wf.bold_confounds_wf.crowncompcor" in "/work_dir/fmriprep_24_0_wf/sub_32_wf/bold_task_bird_run_1_wf/bold_confounds_wf/crowncompcor".
250329-14:38:16,584 nipype.workflow INFO:
	 [Node] Executing "crowncompcor" <niworkflows.interfaces.patches.RobustACompCor>
250329-14:38:37,649 nipype.workflow INFO:
	 [Node] Finished "crowncompcor", elapsed time 21.028599s.
250329-14:38:38,363 nipype.workflow INFO:
	 [Node] Setting-up "fmriprep_24_0_wf.sub_32_wf.bold_task_bird_run_2_wf.bold_confounds_wf.crowncompcor" in "/work_dir/fmriprep_24_0_wf/sub_32_wf/bold_task_bird_run_2_wf/bold_confounds_wf/crowncompcor".
250329-14:38:38,436 nipype.workflow INFO:
	 [Node] Executing "crowncompcor" <niworkflows.interfaces.patches.RobustACompCor>
250329-14:38:43,891 nipype.workflow INFO:
	 [Node] Finished "bbregister", elapsed time 104.853228s.
250329-14:38:46,513 nipype.workflow INFO:
	 [Node] Setting-up "fmriprep_24_0_wf.sub_32_wf.bold_task_bird_run_1_wf.bold_confounds_wf.crowncc_metadata_fmt" in "/work_dir/fmriprep_24_0_wf/sub_32_wf/bold_task_bird_run_1_wf/bold_confounds_wf/crowncc_metadata_fmt".
250329-14:38:46,520 nipype.workflow INFO:
	 [Node] Executing "crowncc_metadata_fmt" <niworkflows.interfaces.utility.TSV2JSON>
250329-14:38:46,528 nipype.workflow INFO:
	 [Node] Finished "crowncc_metadata_fmt", elapsed time 0.007113s.
250329-14:38:48,316 nipype.workflow INFO:
	 [Node] Setting-up "fmriprep_24_0_wf.sub_32_wf.bold_task_bird_run_3_wf.bold_fit_wf.bold_reg_wf.bbreg_wf.compare_transforms" in "/work_dir/fmriprep_24_0_wf/sub_32_wf/bold_task_bird_run_3_wf/bold_fit_wf/bold_reg_wf/bbreg_wf/compare_transforms".
250329-14:38:48,319 nipype.workflow INFO:
	 [Node] Executing "compare_transforms" <nipype.interfaces.utility.wrappers.Function>
250329-14:38:48,349 nipype.workflow INFO:
	 [Node] Finished "compare_transforms", elapsed time 0.029436s.
250329-14:38:48,856 nipype.workflow INFO:
	 [Node] Finished "crowncompcor", elapsed time 10.418773999999999s.
250329-14:38:51,161 nipype.workflow INFO:
	 [Node] Setting-up "fmriprep_24_0_wf.sub_32_wf.bold_task_bird_run_2_wf.bold_confounds_wf.crowncc_metadata_fmt" in "/work_dir/fmriprep_24_0_wf/sub_32_wf/bold_task_bird_run_2_wf/bold_confounds_wf/crowncc_metadata_fmt".
250329-14:38:51,165 nipype.workflow INFO:
	 [Node] Executing "crowncc_metadata_fmt" <niworkflows.interfaces.utility.TSV2JSON>
250329-14:38:51,173 nipype.workflow INFO:
	 [Node] Finished "crowncc_metadata_fmt", elapsed time 0.007351s.
250329-14:38:54,123 nipype.workflow INFO:
	 [Node] Setting-up "fmriprep_24_0_wf.sub_32_wf.bold_task_bird_run_3_wf.bold_fit_wf.bold_reg_wf.bbreg_wf.concat_xfm" in "/work_dir/fmriprep_24_0_wf/sub_32_wf/bold_task_bird_run_3_wf/bold_fit_wf/bold_reg_wf/bbreg_wf/concat_xfm".
250329-14:38:54,125 nipype.workflow INFO:
	 [Node] Executing "concat_xfm" <niworkflows.interfaces.nitransforms.ConcatenateXFMs>
250329-14:38:54,131 nipype.workflow INFO:
	 [Node] Finished "concat_xfm", elapsed time 0.005265s.
250329-14:38:58,124 nipype.workflow INFO:
	 [Node] Setting-up "fmriprep_24_0_wf.sub_32_wf.bold_task_bird_run_3_wf.bold_fit_wf.func_fit_reports_wf.t1w_boldref" in "/work_dir/fmriprep_24_0_wf/sub_32_wf/bold_task_bird_run_3_wf/bold_fit_wf/func_fit_reports_wf/t1w_boldref".
250329-14:38:58,128 nipype.workflow INFO:
	 [Node] Executing "t1w_boldref" <niworkflows.interfaces.fixes.FixHeaderApplyTransforms>
250329-14:38:58,497 nipype.workflow INFO:
	 [Node] Setting-up "fmriprep_24_0_wf.sub_32_wf.bold_task_bird_run_3_wf.bold_confounds_wf.t1w_mask_tfm" in "/work_dir/fmriprep_24_0_wf/sub_32_wf/bold_task_bird_run_3_wf/bold_confounds_wf/t1w_mask_tfm".
250329-14:38:58,501 nipype.workflow INFO:
	 [Node] Executing "t1w_mask_tfm" <niworkflows.interfaces.fixes.FixHeaderApplyTransforms>
250329-14:39:04,655 nipype.workflow INFO:
	 [Node] Finished "resample", elapsed time 58.331913s.
250329-14:39:05,420 nipype.workflow INFO:
	 [Node] Finished "resample", elapsed time 51.277989s.
250329-14:39:07,867 nipype.workflow INFO:
	 [Node] Finished "t1w_boldref", elapsed time 9.738589s.
250329-14:39:08,723 nipype.workflow INFO:
	 [Node] Setting-up "fmriprep_24_0_wf.sub_32_wf.bold_task_bird_run_3_wf.bold_anat_wf.resample" in "/work_dir/fmriprep_24_0_wf/sub_32_wf/bold_task_bird_run_3_wf/bold_anat_wf/resample".
250329-14:39:08,728 nipype.workflow INFO:
	 [Node] Executing "resample" <fmriprep.interfaces.resampling.ResampleSeries>
250329-14:39:09,98 nipype.workflow INFO:
	 [Node] Finished "t1w_mask_tfm", elapsed time 10.596193s.
250329-14:39:10,240 nipype.workflow INFO:
	 [Node] Setting-up "fmriprep_24_0_wf.sub_32_wf.bold_task_bird_run_3_wf.bold_confounds_wf.union_mask" in "/work_dir/fmriprep_24_0_wf/sub_32_wf/bold_task_bird_run_3_wf/bold_confounds_wf/union_mask".
250329-14:39:10,243 nipype.workflow INFO:
	 [Node] Executing "union_mask" <nipype.interfaces.utility.wrappers.Function>
250329-14:39:10,329 nipype.workflow INFO:
	 [Node] Finished "union_mask", elapsed time 0.085148s.
250329-14:39:10,732 nipype.workflow INFO:
	 [Node] Finished "bbregister", elapsed time 91.363319s.
250329-14:39:12,415 nipype.workflow INFO:
	 [Node] Setting-up "fmriprep_24_0_wf.sub_32_wf.bold_task_bird_run_3_wf.bold_confounds_wf.dilated_mask" in "/work_dir/fmriprep_24_0_wf/sub_32_wf/bold_task_bird_run_3_wf/bold_confounds_wf/dilated_mask".
250329-14:39:12,417 nipype.workflow INFO:
	 [Node] Executing "dilated_mask" <niworkflows.interfaces.morphology.BinaryDilation>
250329-14:39:12,507 nipype.workflow INFO:
	 [Node] Finished "dilated_mask", elapsed time 0.089043s.
250329-14:39:14,32 nipype.workflow INFO:
	 [Node] Setting-up "fmriprep_24_0_wf.sub_32_wf.bold_task_bird_run_4_wf.bold_fit_wf.bold_reg_wf.bbreg_wf.compare_transforms" in "/work_dir/fmriprep_24_0_wf/sub_32_wf/bold_task_bird_run_4_wf/bold_fit_wf/bold_reg_wf/bbreg_wf/compare_transforms".
250329-14:39:14,35 nipype.workflow INFO:
	 [Node] Executing "compare_transforms" <nipype.interfaces.utility.wrappers.Function>
250329-14:39:14,43 nipype.workflow INFO:
	 [Node] Setting-up "fmriprep_24_0_wf.sub_32_wf.bold_task_bird_run_3_wf.bold_confounds_wf.subtract_mask" in "/work_dir/fmriprep_24_0_wf/sub_32_wf/bold_task_bird_run_3_wf/bold_confounds_wf/subtract_mask".
250329-14:39:14,45 nipype.workflow INFO:
	 [Node] Executing "subtract_mask" <niworkflows.interfaces.morphology.BinarySubtraction>
250329-14:39:14,131 nipype.workflow INFO:
	 [Node] Finished "subtract_mask", elapsed time 0.085076s.
250329-14:39:14,203 nipype.workflow INFO:
	 [Node] Finished "compare_transforms", elapsed time 0.167626s.
250329-14:39:17,332 nipype.workflow INFO:
	 [Node] Setting-up "fmriprep_24_0_wf.sub_32_wf.bold_task_bird_run_3_wf.bold_confounds_wf.crowncompcor" in "/work_dir/fmriprep_24_0_wf/sub_32_wf/bold_task_bird_run_3_wf/bold_confounds_wf/crowncompcor".
250329-14:39:17,548 nipype.workflow INFO:
	 [Node] Executing "crowncompcor" <niworkflows.interfaces.patches.RobustACompCor>
250329-14:39:20,116 nipype.workflow INFO:
	 [Node] Setting-up "fmriprep_24_0_wf.sub_32_wf.bold_task_bird_run_4_wf.bold_fit_wf.bold_reg_wf.bbreg_wf.concat_xfm" in "/work_dir/fmriprep_24_0_wf/sub_32_wf/bold_task_bird_run_4_wf/bold_fit_wf/bold_reg_wf/bbreg_wf/concat_xfm".
250329-14:39:20,119 nipype.workflow INFO:
	 [Node] Executing "concat_xfm" <niworkflows.interfaces.nitransforms.ConcatenateXFMs>
250329-14:39:20,125 nipype.workflow INFO:
	 [Node] Finished "concat_xfm", elapsed time 0.005765s.
250329-14:39:24,129 nipype.workflow INFO:
	 [Node] Setting-up "fmriprep_24_0_wf.sub_32_wf.bold_task_bird_run_4_wf.bold_fit_wf.func_fit_reports_wf.t1w_boldref" in "/work_dir/fmriprep_24_0_wf/sub_32_wf/bold_task_bird_run_4_wf/bold_fit_wf/func_fit_reports_wf/t1w_boldref".
250329-14:39:24,134 nipype.workflow INFO:
	 [Node] Executing "t1w_boldref" <niworkflows.interfaces.fixes.FixHeaderApplyTransforms>
250329-14:39:24,511 nipype.workflow INFO:
	 [Node] Setting-up "fmriprep_24_0_wf.sub_32_wf.bold_task_bird_run_4_wf.bold_confounds_wf.t1w_mask_tfm" in "/work_dir/fmriprep_24_0_wf/sub_32_wf/bold_task_bird_run_4_wf/bold_confounds_wf/t1w_mask_tfm".
250329-14:39:24,516 nipype.workflow INFO:
	 [Node] Executing "t1w_mask_tfm" <niworkflows.interfaces.fixes.FixHeaderApplyTransforms>
250329-14:39:28,180 nipype.workflow INFO:
	 [Node] Setting-up "fmriprep_24_0_wf.sub_32_wf.bold_task_bird_run_4_wf.bold_anat_wf.resample" in "/work_dir/fmriprep_24_0_wf/sub_32_wf/bold_task_bird_run_4_wf/bold_anat_wf/resample".
250329-14:39:28,184 nipype.workflow INFO:
	 [Node] Executing "resample" <fmriprep.interfaces.resampling.ResampleSeries>
250329-14:39:30,455 nipype.workflow INFO:
	 [Node] Finished "crowncompcor", elapsed time 12.88912s.
250329-14:39:31,684 nipype.workflow INFO:
	 [Node] Finished "t1w_boldref", elapsed time 7.549518s.
250329-14:39:32,127 nipype.workflow INFO:
	 [Node] Setting-up "fmriprep_24_0_wf.sub_32_wf.bold_task_bird_run_3_wf.bold_confounds_wf.crowncc_metadata_fmt" in "/work_dir/fmriprep_24_0_wf/sub_32_wf/bold_task_bird_run_3_wf/bold_confounds_wf/crowncc_metadata_fmt".
250329-14:39:32,130 nipype.workflow INFO:
	 [Node] Executing "crowncc_metadata_fmt" <niworkflows.interfaces.utility.TSV2JSON>
250329-14:39:32,139 nipype.workflow INFO:
	 [Node] Finished "crowncc_metadata_fmt", elapsed time 0.007644s.
250329-14:39:35,730 nipype.workflow INFO:
	 [Node] Finished "t1w_mask_tfm", elapsed time 11.213653s.
250329-14:39:36,304 nipype.workflow INFO:
	 [Node] Setting-up "fmriprep_24_0_wf.sub_32_wf.bold_task_bird_run_4_wf.bold_confounds_wf.union_mask" in "/work_dir/fmriprep_24_0_wf/sub_32_wf/bold_task_bird_run_4_wf/bold_confounds_wf/union_mask".
250329-14:39:36,307 nipype.workflow INFO:
	 [Node] Executing "union_mask" <nipype.interfaces.utility.wrappers.Function>
250329-14:39:36,456 nipype.workflow INFO:
	 [Node] Finished "union_mask", elapsed time 0.147776s.
250329-14:39:37,642 nipype.workflow INFO:
	 [Node] Finished "bbregister", elapsed time 83.508939s.
250329-14:39:38,568 nipype.workflow INFO:
	 [Node] Setting-up "fmriprep_24_0_wf.sub_32_wf.bold_task_bird_run_4_wf.bold_confounds_wf.dilated_mask" in "/work_dir/fmriprep_24_0_wf/sub_32_wf/bold_task_bird_run_4_wf/bold_confounds_wf/dilated_mask".
250329-14:39:38,570 nipype.workflow INFO:
	 [Node] Executing "dilated_mask" <niworkflows.interfaces.morphology.BinaryDilation>
250329-14:39:38,629 nipype.workflow INFO:
	 [Node] Finished "dilated_mask", elapsed time 0.058269s.
250329-14:39:40,269 nipype.workflow INFO:
	 [Node] Setting-up "fmriprep_24_0_wf.sub_32_wf.bold_task_bird_run_5_wf.bold_fit_wf.bold_reg_wf.bbreg_wf.compare_transforms" in "/work_dir/fmriprep_24_0_wf/sub_32_wf/bold_task_bird_run_5_wf/bold_fit_wf/bold_reg_wf/bbreg_wf/compare_transforms".
250329-14:39:40,272 nipype.workflow INFO:
	 [Node] Executing "compare_transforms" <nipype.interfaces.utility.wrappers.Function>
250329-14:39:40,287 nipype.workflow INFO:
	 [Node] Setting-up "fmriprep_24_0_wf.sub_32_wf.bold_task_bird_run_4_wf.bold_confounds_wf.subtract_mask" in "/work_dir/fmriprep_24_0_wf/sub_32_wf/bold_task_bird_run_4_wf/bold_confounds_wf/subtract_mask".
250329-14:39:40,290 nipype.workflow INFO:
	 [Node] Executing "subtract_mask" <niworkflows.interfaces.morphology.BinarySubtraction>
250329-14:39:40,362 nipype.workflow INFO:
	 [Node] Finished "subtract_mask", elapsed time 0.072023s.
250329-14:39:40,414 nipype.workflow INFO:
	 [Node] Finished "compare_transforms", elapsed time 0.141702s.
250329-14:39:42,942 nipype.workflow INFO:
	 [Node] Setting-up "fmriprep_24_0_wf.sub_32_wf.bold_task_bird_run_4_wf.bold_confounds_wf.crowncompcor" in "/work_dir/fmriprep_24_0_wf/sub_32_wf/bold_task_bird_run_4_wf/bold_confounds_wf/crowncompcor".
250329-14:39:42,947 nipype.workflow INFO:
	 [Node] Executing "crowncompcor" <niworkflows.interfaces.patches.RobustACompCor>
250329-14:39:46,126 nipype.workflow INFO:
	 [Node] Setting-up "fmriprep_24_0_wf.sub_32_wf.bold_task_bird_run_5_wf.bold_fit_wf.bold_reg_wf.bbreg_wf.concat_xfm" in "/work_dir/fmriprep_24_0_wf/sub_32_wf/bold_task_bird_run_5_wf/bold_fit_wf/bold_reg_wf/bbreg_wf/concat_xfm".
250329-14:39:46,129 nipype.workflow INFO:
	 [Node] Executing "concat_xfm" <niworkflows.interfaces.nitransforms.ConcatenateXFMs>
250329-14:39:46,135 nipype.workflow INFO:
	 [Node] Finished "concat_xfm", elapsed time 0.005637s.
250329-14:39:47,562 nipype.workflow INFO:
	 [Node] Finished "bbregister", elapsed time 107.955258s.
250329-14:39:50,126 nipype.workflow INFO:
	 [Node] Setting-up "fmriprep_24_0_wf.sub_32_wf.bold_task_bird_run_6_wf.bold_fit_wf.bold_reg_wf.bbreg_wf.compare_transforms" in "/work_dir/fmriprep_24_0_wf/sub_32_wf/bold_task_bird_run_6_wf/bold_fit_wf/bold_reg_wf/bbreg_wf/compare_transforms".
250329-14:39:50,128 nipype.workflow INFO:
	 [Node] Executing "compare_transforms" <nipype.interfaces.utility.wrappers.Function>
250329-14:39:50,136 nipype.workflow INFO:
	 [Node] Finished "compare_transforms", elapsed time 0.007068s.
250329-14:39:50,335 nipype.workflow INFO:
	 [Node] Setting-up "fmriprep_24_0_wf.sub_32_wf.bold_task_bird_run_5_wf.bold_fit_wf.func_fit_reports_wf.t1w_boldref" in "/work_dir/fmriprep_24_0_wf/sub_32_wf/bold_task_bird_run_5_wf/bold_fit_wf/func_fit_reports_wf/t1w_boldref".
250329-14:39:50,339 nipype.workflow INFO:
	 [Node] Executing "t1w_boldref" <niworkflows.interfaces.fixes.FixHeaderApplyTransforms>
250329-14:39:50,342 nipype.workflow INFO:
	 [Node] Setting-up "fmriprep_24_0_wf.sub_32_wf.bold_task_bird_run_5_wf.bold_confounds_wf.t1w_mask_tfm" in "/work_dir/fmriprep_24_0_wf/sub_32_wf/bold_task_bird_run_5_wf/bold_confounds_wf/t1w_mask_tfm".
250329-14:39:50,346 nipype.workflow INFO:
	 [Node] Executing "t1w_mask_tfm" <niworkflows.interfaces.fixes.FixHeaderApplyTransforms>
250329-14:39:51,927 nipype.workflow INFO:
	 [Node] Finished "resample", elapsed time 43.198352s.
250329-14:39:53,183 nipype.workflow INFO:
	 [Node] Finished "crowncompcor", elapsed time 10.234981s.
250329-14:39:54,566 nipype.workflow INFO:
	 [Node] Setting-up "fmriprep_24_0_wf.sub_32_wf.bold_task_bird_run_5_wf.bold_anat_wf.resample" in "/work_dir/fmriprep_24_0_wf/sub_32_wf/bold_task_bird_run_5_wf/bold_anat_wf/resample".
250329-14:39:54,570 nipype.workflow INFO:
	 [Node] Executing "resample" <fmriprep.interfaces.resampling.ResampleSeries>
250329-14:39:54,583 nipype.workflow INFO:
	 [Node] Setting-up "fmriprep_24_0_wf.sub_32_wf.bold_task_bird_run_4_wf.bold_confounds_wf.crowncc_metadata_fmt" in "/work_dir/fmriprep_24_0_wf/sub_32_wf/bold_task_bird_run_4_wf/bold_confounds_wf/crowncc_metadata_fmt".
250329-14:39:54,586 nipype.workflow INFO:
	 [Node] Executing "crowncc_metadata_fmt" <niworkflows.interfaces.utility.TSV2JSON>
250329-14:39:54,595 nipype.workflow INFO:
	 [Node] Finished "crowncc_metadata_fmt", elapsed time 0.008737s.
250329-14:39:56,256 nipype.workflow INFO:
	 [Node] Setting-up "fmriprep_24_0_wf.sub_32_wf.bold_task_bird_run_6_wf.bold_fit_wf.bold_reg_wf.bbreg_wf.concat_xfm" in "/work_dir/fmriprep_24_0_wf/sub_32_wf/bold_task_bird_run_6_wf/bold_fit_wf/bold_reg_wf/bbreg_wf/concat_xfm".
250329-14:39:56,259 nipype.workflow INFO:
	 [Node] Executing "concat_xfm" <niworkflows.interfaces.nitransforms.ConcatenateXFMs>
250329-14:39:56,265 nipype.workflow INFO:
	 [Node] Finished "concat_xfm", elapsed time 0.005351s.
250329-14:39:58,0 nipype.workflow INFO:
	 [Node] Finished "t1w_boldref", elapsed time 7.660074s.
250329-14:39:58,175 nipype.workflow INFO:
	 [Node] Finished "t1w_mask_tfm", elapsed time 7.827496s.
250329-14:39:59,959 nipype.workflow INFO:
	 [Node] Setting-up "fmriprep_24_0_wf.sub_32_wf.bold_task_bird_run_6_wf.bold_fit_wf.func_fit_reports_wf.t1w_boldref" in "/work_dir/fmriprep_24_0_wf/sub_32_wf/bold_task_bird_run_6_wf/bold_fit_wf/func_fit_reports_wf/t1w_boldref".
250329-14:39:59,964 nipype.workflow INFO:
	 [Node] Executing "t1w_boldref" <niworkflows.interfaces.fixes.FixHeaderApplyTransforms>
250329-14:40:00,202 nipype.workflow INFO:
	 [Node] Setting-up "fmriprep_24_0_wf.sub_32_wf.bold_task_bird_run_6_wf.bold_confounds_wf.t1w_mask_tfm" in "/work_dir/fmriprep_24_0_wf/sub_32_wf/bold_task_bird_run_6_wf/bold_confounds_wf/t1w_mask_tfm".
250329-14:40:00,207 nipype.workflow INFO:
	 [Node] Executing "t1w_mask_tfm" <niworkflows.interfaces.fixes.FixHeaderApplyTransforms>
250329-14:40:00,209 nipype.workflow INFO:
	 [Node] Setting-up "fmriprep_24_0_wf.sub_32_wf.bold_task_bird_run_5_wf.bold_confounds_wf.union_mask" in "/work_dir/fmriprep_24_0_wf/sub_32_wf/bold_task_bird_run_5_wf/bold_confounds_wf/union_mask".
250329-14:40:00,211 nipype.workflow INFO:
	 [Node] Executing "union_mask" <nipype.interfaces.utility.wrappers.Function>
250329-14:40:00,295 nipype.workflow INFO:
	 [Node] Finished "union_mask", elapsed time 0.083184s.
250329-14:40:02,495 nipype.workflow INFO:
	 [Node] Setting-up "fmriprep_24_0_wf.sub_32_wf.bold_task_bird_run_5_wf.bold_confounds_wf.dilated_mask" in "/work_dir/fmriprep_24_0_wf/sub_32_wf/bold_task_bird_run_5_wf/bold_confounds_wf/dilated_mask".
250329-14:40:02,497 nipype.workflow INFO:
	 [Node] Executing "dilated_mask" <niworkflows.interfaces.morphology.BinaryDilation>
250329-14:40:02,655 nipype.workflow INFO:
	 [Node] Finished "dilated_mask", elapsed time 0.157268s.
250329-14:40:04,476 nipype.workflow INFO:
	 [Node] Setting-up "fmriprep_24_0_wf.sub_32_wf.bold_task_bird_run_5_wf.bold_confounds_wf.subtract_mask" in "/work_dir/fmriprep_24_0_wf/sub_32_wf/bold_task_bird_run_5_wf/bold_confounds_wf/subtract_mask".
250329-14:40:04,478 nipype.workflow INFO:
	 [Node] Executing "subtract_mask" <niworkflows.interfaces.morphology.BinarySubtraction>
250329-14:40:04,538 nipype.workflow INFO:
	 [Node] Finished "subtract_mask", elapsed time 0.05892s.
250329-14:40:06,386 nipype.workflow INFO:
	 [Node] Setting-up "fmriprep_24_0_wf.sub_32_wf.bold_task_bird_run_5_wf.bold_confounds_wf.crowncompcor" in "/work_dir/fmriprep_24_0_wf/sub_32_wf/bold_task_bird_run_5_wf/bold_confounds_wf/crowncompcor".
250329-14:40:06,474 nipype.workflow INFO:
	 [Node] Executing "crowncompcor" <niworkflows.interfaces.patches.RobustACompCor>
250329-14:40:10,205 nipype.workflow INFO:
	 [Node] Finished "resample", elapsed time 42.019262s.
250329-14:40:11,673 nipype.workflow INFO:
	 [Node] Finished "t1w_boldref", elapsed time 11.708821s.
250329-14:40:12,9 nipype.workflow INFO:
	 [Node] Setting-up "fmriprep_24_0_wf.sub_32_wf.bold_task_bird_run_6_wf.bold_anat_wf.resample" in "/work_dir/fmriprep_24_0_wf/sub_32_wf/bold_task_bird_run_6_wf/bold_anat_wf/resample".
250329-14:40:12,13 nipype.workflow INFO:
	 [Node] Executing "resample" <fmriprep.interfaces.resampling.ResampleSeries>
250329-14:40:14,639 nipype.workflow INFO:
	 [Node] Finished "t1w_mask_tfm", elapsed time 14.431523s.
250329-14:40:16,69 nipype.workflow INFO:
	 [Node] Setting-up "fmriprep_24_0_wf.sub_32_wf.bold_task_bird_run_6_wf.bold_confounds_wf.union_mask" in "/work_dir/fmriprep_24_0_wf/sub_32_wf/bold_task_bird_run_6_wf/bold_confounds_wf/union_mask".
250329-14:40:16,72 nipype.workflow INFO:
	 [Node] Executing "union_mask" <nipype.interfaces.utility.wrappers.Function>
250329-14:40:16,159 nipype.workflow INFO:
	 [Node] Finished "union_mask", elapsed time 0.085845s.
250329-14:40:17,461 nipype.workflow INFO:
	 [Node] Finished "crowncompcor", elapsed time 10.986066s.
250329-14:40:18,280 nipype.workflow INFO:
	 [Node] Setting-up "fmriprep_24_0_wf.sub_32_wf.bold_task_bird_run_6_wf.bold_confounds_wf.dilated_mask" in "/work_dir/fmriprep_24_0_wf/sub_32_wf/bold_task_bird_run_6_wf/bold_confounds_wf/dilated_mask".
250329-14:40:18,282 nipype.workflow INFO:
	 [Node] Executing "dilated_mask" <niworkflows.interfaces.morphology.BinaryDilation>
250329-14:40:18,299 nipype.workflow INFO:
	 [Node] Setting-up "fmriprep_24_0_wf.sub_32_wf.bold_task_bird_run_5_wf.bold_confounds_wf.crowncc_metadata_fmt" in "/work_dir/fmriprep_24_0_wf/sub_32_wf/bold_task_bird_run_5_wf/bold_confounds_wf/crowncc_metadata_fmt".
250329-14:40:18,302 nipype.workflow INFO:
	 [Node] Executing "crowncc_metadata_fmt" <niworkflows.interfaces.utility.TSV2JSON>
250329-14:40:18,451 nipype.workflow INFO:
	 [Node] Finished "dilated_mask", elapsed time 0.167707s.
250329-14:40:19,227 nipype.workflow INFO:
	 [Node] Finished "crowncc_metadata_fmt", elapsed time 0.924395s.
250329-14:40:20,662 nipype.workflow INFO:
	 [Node] Setting-up "fmriprep_24_0_wf.sub_32_wf.bold_task_bird_run_6_wf.bold_confounds_wf.subtract_mask" in "/work_dir/fmriprep_24_0_wf/sub_32_wf/bold_task_bird_run_6_wf/bold_confounds_wf/subtract_mask".
250329-14:40:20,664 nipype.workflow INFO:
	 [Node] Executing "subtract_mask" <niworkflows.interfaces.morphology.BinarySubtraction>
250329-14:40:20,768 nipype.workflow INFO:
	 [Node] Finished "subtract_mask", elapsed time 0.10328s.
250329-14:40:22,335 nipype.workflow INFO:
	 [Node] Setting-up "fmriprep_24_0_wf.sub_32_wf.bold_task_bird_run_6_wf.bold_confounds_wf.crowncompcor" in "/work_dir/fmriprep_24_0_wf/sub_32_wf/bold_task_bird_run_6_wf/bold_confounds_wf/crowncompcor".
250329-14:40:22,340 nipype.workflow INFO:
	 [Node] Executing "crowncompcor" <niworkflows.interfaces.patches.RobustACompCor>
250329-14:40:32,550 nipype.workflow INFO:
	 [Node] Finished "crowncompcor", elapsed time 10.209813s.
250329-14:40:33,260 nipype.workflow INFO:
	 [Node] Finished "resample", elapsed time 38.688535s.
250329-14:40:33,995 nipype.workflow INFO:
	 [Node] Setting-up "fmriprep_24_0_wf.sub_32_wf.bold_task_bird_run_6_wf.bold_confounds_wf.crowncc_metadata_fmt" in "/work_dir/fmriprep_24_0_wf/sub_32_wf/bold_task_bird_run_6_wf/bold_confounds_wf/crowncc_metadata_fmt".
250329-14:40:33,997 nipype.workflow INFO:
	 [Node] Executing "crowncc_metadata_fmt" <niworkflows.interfaces.utility.TSV2JSON>
250329-14:40:34,5 nipype.workflow INFO:
	 [Node] Finished "crowncc_metadata_fmt", elapsed time 0.007338s.
250329-14:40:45,185 nipype.workflow INFO:
	 [Node] Finished "resample", elapsed time 33.170837s.
250329-14:40:46,668 nipype.workflow INFO:
	 [Node] Finished "fast", elapsed time 208.034109s.
250329-14:40:47,946 nipype.workflow INFO:
	 [Node] Setting-up "fmriprep_24_0_wf.sub_32_wf.anat_fit_wf.lut_t1w_dseg" in "/work_dir/fmriprep_24_0_wf/sub_32_wf/anat_fit_wf/lut_t1w_dseg".
250329-14:40:47,949 nipype.workflow INFO:
	 [Node] Executing "lut_t1w_dseg" <nipype.interfaces.utility.wrappers.Function>
250329-14:40:48,335 nipype.workflow INFO:
	 [Node] Finished "lut_t1w_dseg", elapsed time 0.385626s.
250329-14:40:57,69 nipype.workflow INFO:
	 [Node] Setting-up "fmriprep_24_0_wf.sub_32_wf.bold_task_bird_run_1_wf.bold_fit_wf.func_fit_reports_wf.t1w_wm" in "/work_dir/fmriprep_24_0_wf/sub_32_wf/bold_task_bird_run_1_wf/bold_fit_wf/func_fit_reports_wf/t1w_wm".
250329-14:40:57,69 nipype.workflow INFO:
	 [Node] Setting-up "fmriprep_24_0_wf.sub_32_wf.bold_task_bird_run_2_wf.bold_fit_wf.func_fit_reports_wf.t1w_wm" in "/work_dir/fmriprep_24_0_wf/sub_32_wf/bold_task_bird_run_2_wf/bold_fit_wf/func_fit_reports_wf/t1w_wm".
250329-14:40:57,71 nipype.workflow INFO:
	 [Node] Executing "t1w_wm" <nipype.interfaces.utility.wrappers.Function>
250329-14:40:57,72 nipype.workflow INFO:
	 [Node] Executing "t1w_wm" <nipype.interfaces.utility.wrappers.Function>
250329-14:40:57,72 nipype.workflow INFO:
	 [Node] Setting-up "fmriprep_24_0_wf.sub_32_wf.anat_fit_wf.anat_reports_wf.seg_rpt" in "/work_dir/fmriprep_24_0_wf/sub_32_wf/anat_fit_wf/anat_reports_wf/seg_rpt".
250329-14:40:57,79 nipype.workflow INFO:
	 [Node] Setting-up "fmriprep_24_0_wf.sub_32_wf.bold_task_bird_run_3_wf.bold_fit_wf.func_fit_reports_wf.t1w_wm" in "/work_dir/fmriprep_24_0_wf/sub_32_wf/bold_task_bird_run_3_wf/bold_fit_wf/func_fit_reports_wf/t1w_wm".
250329-14:40:57,79 nipype.workflow INFO:
	 [Node] Setting-up "fmriprep_24_0_wf.sub_32_wf.bold_task_bird_run_4_wf.bold_fit_wf.func_fit_reports_wf.t1w_wm" in "/work_dir/fmriprep_24_0_wf/sub_32_wf/bold_task_bird_run_4_wf/bold_fit_wf/func_fit_reports_wf/t1w_wm".
250329-14:40:57,79 nipype.workflow INFO:
	 [Node] Setting-up "fmriprep_24_0_wf.sub_32_wf.bold_task_bird_run_5_wf.bold_fit_wf.func_fit_reports_wf.t1w_wm" in "/work_dir/fmriprep_24_0_wf/sub_32_wf/bold_task_bird_run_5_wf/bold_fit_wf/func_fit_reports_wf/t1w_wm".
250329-14:40:57,82 nipype.workflow INFO:
	 [Node] Executing "t1w_wm" <nipype.interfaces.utility.wrappers.Function>
250329-14:40:57,82 nipype.workflow INFO:
	 [Node] Executing "t1w_wm" <nipype.interfaces.utility.wrappers.Function>
250329-14:40:57,82 nipype.workflow INFO:
	 [Node] Executing "t1w_wm" <nipype.interfaces.utility.wrappers.Function>
250329-14:40:57,84 nipype.workflow INFO:
	 [Node] Setting-up "fmriprep_24_0_wf.sub_32_wf.bold_task_bird_run_6_wf.bold_fit_wf.func_fit_reports_wf.t1w_wm" in "/work_dir/fmriprep_24_0_wf/sub_32_wf/bold_task_bird_run_6_wf/bold_fit_wf/func_fit_reports_wf/t1w_wm".
250329-14:40:57,85 nipype.workflow INFO:
	 [Node] Setting-up "fmriprep_24_0_wf.sub_32_wf.bold_task_bird_run_2_wf.bold_confounds_wf.acc_masks" in "/work_dir/fmriprep_24_0_wf/sub_32_wf/bold_task_bird_run_2_wf/bold_confounds_wf/acc_masks".
250329-14:40:57,87 nipype.workflow INFO:
	 [Node] Executing "t1w_wm" <nipype.interfaces.utility.wrappers.Function>
250329-14:40:57,89 nipype.workflow INFO:
	 [Node] Setting-up "fmriprep_24_0_wf.sub_32_wf.bold_task_bird_run_3_wf.bold_confounds_wf.acc_masks" in "/work_dir/fmriprep_24_0_wf/sub_32_wf/bold_task_bird_run_3_wf/bold_confounds_wf/acc_masks".
250329-14:40:57,89 nipype.workflow INFO:
	 [Node] Setting-up "fmriprep_24_0_wf.sub_32_wf.bold_task_bird_run_4_wf.bold_confounds_wf.acc_masks" in "/work_dir/fmriprep_24_0_wf/sub_32_wf/bold_task_bird_run_4_wf/bold_confounds_wf/acc_masks".
250329-14:40:57,93 nipype.workflow INFO:
	 [Node] Executing "seg_rpt" <niworkflows.interfaces.reportlets.masks.ROIsPlot>
250329-14:40:57,266 nipype.workflow INFO:
	 [Node] Executing "acc_masks" <fmriprep.interfaces.confounds.aCompCorMasks>
250329-14:40:57,374 nipype.workflow INFO:
	 [Node] Executing "acc_masks" <fmriprep.interfaces.confounds.aCompCorMasks>
250329-14:40:57,381 nipype.workflow INFO:
	 [Node] Executing "acc_masks" <fmriprep.interfaces.confounds.aCompCorMasks>
250329-14:40:57,475 nipype.workflow INFO:
	 [Node] Finished "t1w_wm", elapsed time 0.392446s.
250329-14:40:57,572 nipype.workflow INFO:
	 [Node] Finished "t1w_wm", elapsed time 0.484323s.
250329-14:40:57,594 nipype.workflow INFO:
	 [Node] Finished "t1w_wm", elapsed time 0.522027s.
250329-14:40:57,605 nipype.workflow INFO:
	 [Node] Finished "t1w_wm", elapsed time 0.523052s.
250329-14:40:57,695 nipype.workflow INFO:
	 [Node] Finished "t1w_wm", elapsed time 0.622922s.
250329-14:40:57,710 nipype.workflow INFO:
	 [Node] Finished "t1w_wm", elapsed time 0.627946s.
250329-14:40:58,703 nipype.workflow INFO:
	 [Node] Setting-up "fmriprep_24_0_wf.sub_32_wf.bold_task_bird_run_6_wf.bold_confounds_wf.acc_masks" in "/work_dir/fmriprep_24_0_wf/sub_32_wf/bold_task_bird_run_6_wf/bold_confounds_wf/acc_masks".
250329-14:40:59,24 nipype.workflow INFO:
	 [Node] Executing "acc_masks" <fmriprep.interfaces.confounds.aCompCorMasks>
250329-14:40:59,76 nipype.workflow INFO:
	 [Node] Setting-up "fmriprep_24_0_wf.sub_32_wf.bold_task_bird_run_5_wf.bold_confounds_wf.acc_masks" in "/work_dir/fmriprep_24_0_wf/sub_32_wf/bold_task_bird_run_5_wf/bold_confounds_wf/acc_masks".
250329-14:40:59,339 nipype.workflow INFO:
	 [Node] Setting-up "fmriprep_24_0_wf.sub_32_wf.bold_task_bird_run_1_wf.bold_fit_wf.func_fit_reports_wf.boldref_wm" in "/work_dir/fmriprep_24_0_wf/sub_32_wf/bold_task_bird_run_1_wf/bold_fit_wf/func_fit_reports_wf/boldref_wm".
250329-14:40:59,345 nipype.workflow INFO:
	 [Node] Executing "boldref_wm" <niworkflows.interfaces.fixes.FixHeaderApplyTransforms>
250329-14:40:59,351 nipype.workflow INFO:
	 [Node] Setting-up "fmriprep_24_0_wf.sub_32_wf.bold_task_bird_run_2_wf.bold_fit_wf.func_fit_reports_wf.boldref_wm" in "/work_dir/fmriprep_24_0_wf/sub_32_wf/bold_task_bird_run_2_wf/bold_fit_wf/func_fit_reports_wf/boldref_wm".
250329-14:40:59,356 nipype.workflow INFO:
	 [Node] Executing "boldref_wm" <niworkflows.interfaces.fixes.FixHeaderApplyTransforms>
250329-14:40:59,359 nipype.workflow INFO:
	 [Node] Setting-up "fmriprep_24_0_wf.sub_32_wf.bold_task_bird_run_3_wf.bold_fit_wf.func_fit_reports_wf.boldref_wm" in "/work_dir/fmriprep_24_0_wf/sub_32_wf/bold_task_bird_run_3_wf/bold_fit_wf/func_fit_reports_wf/boldref_wm".
250329-14:40:59,363 nipype.workflow INFO:
	 [Node] Executing "boldref_wm" <niworkflows.interfaces.fixes.FixHeaderApplyTransforms>
250329-14:40:59,366 nipype.workflow INFO:
	 [Node] Setting-up "fmriprep_24_0_wf.sub_32_wf.bold_task_bird_run_4_wf.bold_fit_wf.func_fit_reports_wf.boldref_wm" in "/work_dir/fmriprep_24_0_wf/sub_32_wf/bold_task_bird_run_4_wf/bold_fit_wf/func_fit_reports_wf/boldref_wm".
250329-14:40:59,370 nipype.workflow INFO:
	 [Node] Executing "boldref_wm" <niworkflows.interfaces.fixes.FixHeaderApplyTransforms>
250329-14:40:59,373 nipype.workflow INFO:
	 [Node] Setting-up "fmriprep_24_0_wf.sub_32_wf.bold_task_bird_run_5_wf.bold_fit_wf.func_fit_reports_wf.boldref_wm" in "/work_dir/fmriprep_24_0_wf/sub_32_wf/bold_task_bird_run_5_wf/bold_fit_wf/func_fit_reports_wf/boldref_wm".
250329-14:40:59,377 nipype.workflow INFO:
	 [Node] Executing "boldref_wm" <niworkflows.interfaces.fixes.FixHeaderApplyTransforms>
250329-14:40:59,380 nipype.workflow INFO:
	 [Node] Setting-up "fmriprep_24_0_wf.sub_32_wf.bold_task_bird_run_6_wf.bold_fit_wf.func_fit_reports_wf.boldref_wm" in "/work_dir/fmriprep_24_0_wf/sub_32_wf/bold_task_bird_run_6_wf/bold_fit_wf/func_fit_reports_wf/boldref_wm".
250329-14:40:59,384 nipype.workflow INFO:
	 [Node] Executing "boldref_wm" <niworkflows.interfaces.fixes.FixHeaderApplyTransforms>
250329-14:40:59,425 nipype.workflow INFO:
	 [Node] Executing "acc_masks" <fmriprep.interfaces.confounds.aCompCorMasks>
250329-14:41:00,329 nipype.workflow INFO:
	 [Node] Setting-up "fmriprep_24_0_wf.sub_32_wf.bold_task_bird_run_1_wf.bold_confounds_wf.acc_masks" in "/work_dir/fmriprep_24_0_wf/sub_32_wf/bold_task_bird_run_1_wf/bold_confounds_wf/acc_masks".
250329-14:41:00,428 nipype.workflow INFO:
	 [Node] Finished "boldref_wm", elapsed time 1.082154s.
250329-14:41:00,474 nipype.workflow INFO:
	 [Node] Executing "acc_masks" <fmriprep.interfaces.confounds.aCompCorMasks>
250329-14:41:00,643 nipype.workflow INFO:
	 [Node] Finished "boldref_wm", elapsed time 1.286212s.
250329-14:41:01,5 nipype.workflow INFO:
	 [Node] Finished "boldref_wm", elapsed time 1.64071s.
250329-14:41:01,20 nipype.workflow INFO:
	 [Node] Finished "boldref_wm", elapsed time 1.634876s.
250329-14:41:01,62 nipype.workflow INFO:
	 [Node] Finished "boldref_wm", elapsed time 1.6904379999999999s.
250329-14:41:01,202 nipype.workflow INFO:
	 [Node] Finished "boldref_wm", elapsed time 1.823677s.
250329-14:41:01,509 nipype.workflow INFO:
	 [Node] Setting-up "fmriprep_24_0_wf.sub_32_wf.bold_task_bird_run_2_wf.bold_fit_wf.func_fit_reports_wf.epi_t1_report" in "/work_dir/fmriprep_24_0_wf/sub_32_wf/bold_task_bird_run_2_wf/bold_fit_wf/func_fit_reports_wf/epi_t1_report".
250329-14:41:01,514 nipype.workflow INFO:
	 [Node] Executing "epi_t1_report" <nireports.interfaces.reporting.base.SimpleBeforeAfterRPT>
250329-14:41:01,515 nipype.interface INFO:
	 Report - setting before (/output/sub-32/func/sub-32_task-bird_run-2_desc-coreg_boldref.nii.gz) and after (/work_dir/fmriprep_24_0_wf/sub_32_wf/bold_task_bird_run_2_wf/bold_fit_wf/func_fit_reports_wf/t1w_boldref/sub-32_desc-preproc_T1w_trans.nii.gz) images
250329-14:41:01,515 nipype.interface INFO:
	 Generating visual report
250329-14:41:02,371 nipype.workflow INFO:
	 [Node] Setting-up "fmriprep_24_0_wf.sub_32_wf.bold_task_bird_run_1_wf.bold_fit_wf.func_fit_reports_wf.epi_t1_report" in "/work_dir/fmriprep_24_0_wf/sub_32_wf/bold_task_bird_run_1_wf/bold_fit_wf/func_fit_reports_wf/epi_t1_report".
250329-14:41:02,375 nipype.workflow INFO:
	 [Node] Executing "epi_t1_report" <nireports.interfaces.reporting.base.SimpleBeforeAfterRPT>
250329-14:41:02,376 nipype.interface INFO:
	 Report - setting before (/output/sub-32/func/sub-32_task-bird_run-1_desc-coreg_boldref.nii.gz) and after (/work_dir/fmriprep_24_0_wf/sub_32_wf/bold_task_bird_run_1_wf/bold_fit_wf/func_fit_reports_wf/t1w_boldref/sub-32_desc-preproc_T1w_trans.nii.gz) images
250329-14:41:02,376 nipype.interface INFO:
	 Generating visual report
250329-14:41:03,487 nipype.workflow INFO:
	 [Node] Setting-up "fmriprep_24_0_wf.sub_32_wf.bold_task_bird_run_4_wf.bold_fit_wf.func_fit_reports_wf.epi_t1_report" in "/work_dir/fmriprep_24_0_wf/sub_32_wf/bold_task_bird_run_4_wf/bold_fit_wf/func_fit_reports_wf/epi_t1_report".
250329-14:41:03,491 nipype.workflow INFO:
	 [Node] Executing "epi_t1_report" <nireports.interfaces.reporting.base.SimpleBeforeAfterRPT>
250329-14:41:03,491 nipype.interface INFO:
	 Report - setting before (/output/sub-32/func/sub-32_task-bird_run-4_desc-coreg_boldref.nii.gz) and after (/work_dir/fmriprep_24_0_wf/sub_32_wf/bold_task_bird_run_4_wf/bold_fit_wf/func_fit_reports_wf/t1w_boldref/sub-32_desc-preproc_T1w_trans.nii.gz) images
250329-14:41:03,491 nipype.interface INFO:
	 Generating visual report
250329-14:41:04,751 nipype.workflow INFO:
	 [Node] Setting-up "fmriprep_24_0_wf.sub_32_wf.bold_task_bird_run_5_wf.bold_fit_wf.func_fit_reports_wf.epi_t1_report" in "/work_dir/fmriprep_24_0_wf/sub_32_wf/bold_task_bird_run_5_wf/bold_fit_wf/func_fit_reports_wf/epi_t1_report".
250329-14:41:04,755 nipype.workflow INFO:
	 [Node] Executing "epi_t1_report" <nireports.interfaces.reporting.base.SimpleBeforeAfterRPT>
250329-14:41:04,756 nipype.interface INFO:
	 Report - setting before (/output/sub-32/func/sub-32_task-bird_run-5_desc-coreg_boldref.nii.gz) and after (/work_dir/fmriprep_24_0_wf/sub_32_wf/bold_task_bird_run_5_wf/bold_fit_wf/func_fit_reports_wf/t1w_boldref/sub-32_desc-preproc_T1w_trans.nii.gz) images
250329-14:41:04,756 nipype.interface INFO:
	 Generating visual report
250329-14:41:07,539 nipype.workflow INFO:
	 [Node] Setting-up "fmriprep_24_0_wf.sub_32_wf.bold_task_bird_run_3_wf.bold_fit_wf.func_fit_reports_wf.epi_t1_report" in "/work_dir/fmriprep_24_0_wf/sub_32_wf/bold_task_bird_run_3_wf/bold_fit_wf/func_fit_reports_wf/epi_t1_report".
250329-14:41:07,543 nipype.workflow INFO:
	 [Node] Executing "epi_t1_report" <nireports.interfaces.reporting.base.SimpleBeforeAfterRPT>
250329-14:41:07,544 nipype.interface INFO:
	 Report - setting before (/output/sub-32/func/sub-32_task-bird_run-3_desc-coreg_boldref.nii.gz) and after (/work_dir/fmriprep_24_0_wf/sub_32_wf/bold_task_bird_run_3_wf/bold_fit_wf/func_fit_reports_wf/t1w_boldref/sub-32_desc-preproc_T1w_trans.nii.gz) images
250329-14:41:07,544 nipype.interface INFO:
	 Generating visual report
250329-14:41:07,739 nipype.workflow INFO:
	 [Node] Finished "acc_masks", elapsed time 10.359981s.
250329-14:41:08,359 nipype.workflow INFO:
	 [Node] Finished "acc_masks", elapsed time 10.976752s.
250329-14:41:08,861 nipype.workflow INFO:
	 [Node] Setting-up "fmriprep_24_0_wf.sub_32_wf.bold_task_bird_run_6_wf.bold_fit_wf.func_fit_reports_wf.epi_t1_report" in "/work_dir/fmriprep_24_0_wf/sub_32_wf/bold_task_bird_run_6_wf/bold_fit_wf/func_fit_reports_wf/epi_t1_report".
250329-14:41:08,865 nipype.workflow INFO:
	 [Node] Executing "epi_t1_report" <nireports.interfaces.reporting.base.SimpleBeforeAfterRPT>
250329-14:41:08,866 nipype.interface INFO:
	 Report - setting before (/output/sub-32/func/sub-32_task-bird_run-6_desc-coreg_boldref.nii.gz) and after (/work_dir/fmriprep_24_0_wf/sub_32_wf/bold_task_bird_run_6_wf/bold_fit_wf/func_fit_reports_wf/t1w_boldref/sub-32_desc-preproc_T1w_trans.nii.gz) images
250329-14:41:08,866 nipype.interface INFO:
	 Generating visual report
250329-14:41:09,489 nipype.workflow INFO:
	 [Node] Finished "acc_masks", elapsed time 12.221172s.
250329-14:41:11,287 nipype.workflow INFO:
	 [Node] Setting-up "_acc_msk_tfm0" in "/work_dir/fmriprep_24_0_wf/sub_32_wf/bold_task_bird_run_2_wf/bold_confounds_wf/acc_msk_tfm/mapflow/_acc_msk_tfm0".
250329-14:41:11,289 nipype.workflow INFO:
	 [Node] Executing "_acc_msk_tfm0" <niworkflows.interfaces.fixes.FixHeaderApplyTransforms>
250329-14:41:11,297 nipype.workflow INFO:
	 [Node] Setting-up "_acc_msk_tfm1" in "/work_dir/fmriprep_24_0_wf/sub_32_wf/bold_task_bird_run_2_wf/bold_confounds_wf/acc_msk_tfm/mapflow/_acc_msk_tfm1".
250329-14:41:11,299 nipype.workflow INFO:
	 [Node] Executing "_acc_msk_tfm1" <niworkflows.interfaces.fixes.FixHeaderApplyTransforms>
250329-14:41:11,302 nipype.workflow INFO:
	 [Node] Setting-up "_acc_msk_tfm2" in "/work_dir/fmriprep_24_0_wf/sub_32_wf/bold_task_bird_run_2_wf/bold_confounds_wf/acc_msk_tfm/mapflow/_acc_msk_tfm2".
250329-14:41:11,303 nipype.workflow INFO:
	 [Node] Setting-up "_acc_msk_tfm0" in "/work_dir/fmriprep_24_0_wf/sub_32_wf/bold_task_bird_run_3_wf/bold_confounds_wf/acc_msk_tfm/mapflow/_acc_msk_tfm0".
250329-14:41:11,304 nipype.workflow INFO:
	 [Node] Executing "_acc_msk_tfm2" <niworkflows.interfaces.fixes.FixHeaderApplyTransforms>
250329-14:41:11,305 nipype.workflow INFO:
	 [Node] Executing "_acc_msk_tfm0" <niworkflows.interfaces.fixes.FixHeaderApplyTransforms>
250329-14:41:11,308 nipype.workflow INFO:
	 [Node] Setting-up "_acc_msk_tfm1" in "/work_dir/fmriprep_24_0_wf/sub_32_wf/bold_task_bird_run_3_wf/bold_confounds_wf/acc_msk_tfm/mapflow/_acc_msk_tfm1".
250329-14:41:11,311 nipype.workflow INFO:
	 [Node] Executing "_acc_msk_tfm1" <niworkflows.interfaces.fixes.FixHeaderApplyTransforms>
250329-14:41:11,314 nipype.workflow INFO:
	 [Node] Setting-up "_acc_msk_tfm2" in "/work_dir/fmriprep_24_0_wf/sub_32_wf/bold_task_bird_run_3_wf/bold_confounds_wf/acc_msk_tfm/mapflow/_acc_msk_tfm2".
250329-14:41:11,316 nipype.workflow INFO:
	 [Node] Executing "_acc_msk_tfm2" <niworkflows.interfaces.fixes.FixHeaderApplyTransforms>
250329-14:41:13,403 nipype.workflow INFO:
	 [Node] Setting-up "_acc_msk_tfm0" in "/work_dir/fmriprep_24_0_wf/sub_32_wf/bold_task_bird_run_4_wf/bold_confounds_wf/acc_msk_tfm/mapflow/_acc_msk_tfm0".
250329-14:41:13,406 nipype.workflow INFO:
	 [Node] Executing "_acc_msk_tfm0" <niworkflows.interfaces.fixes.FixHeaderApplyTransforms>
250329-14:41:13,409 nipype.workflow INFO:
	 [Node] Setting-up "_acc_msk_tfm1" in "/work_dir/fmriprep_24_0_wf/sub_32_wf/bold_task_bird_run_4_wf/bold_confounds_wf/acc_msk_tfm/mapflow/_acc_msk_tfm1".
250329-14:41:13,411 nipype.workflow INFO:
	 [Node] Executing "_acc_msk_tfm1" <niworkflows.interfaces.fixes.FixHeaderApplyTransforms>
250329-14:41:13,414 nipype.workflow INFO:
	 [Node] Setting-up "_acc_msk_tfm2" in "/work_dir/fmriprep_24_0_wf/sub_32_wf/bold_task_bird_run_4_wf/bold_confounds_wf/acc_msk_tfm/mapflow/_acc_msk_tfm2".
250329-14:41:13,417 nipype.workflow INFO:
	 [Node] Executing "_acc_msk_tfm2" <niworkflows.interfaces.fixes.FixHeaderApplyTransforms>
250329-14:41:14,604 nipype.workflow INFO:
	 [Node] Finished "acc_masks", elapsed time 15.178269s.
250329-14:41:15,840 nipype.workflow INFO:
	 [Node] Finished "acc_masks", elapsed time 15.365509s.
250329-14:41:16,168 nipype.workflow INFO:
	 [Node] Finished "_acc_msk_tfm2", elapsed time 4.851068s.
250329-14:41:16,202 nipype.workflow INFO:
	 [Node] Finished "_acc_msk_tfm1", elapsed time 4.890437s.
250329-14:41:16,328 nipype.workflow INFO:
	 [Node] Finished "_acc_msk_tfm1", elapsed time 5.027889s.
250329-14:41:16,352 nipype.workflow INFO:
	 [Node] Finished "_acc_msk_tfm0", elapsed time 5.045844s.
250329-14:41:16,392 nipype.workflow INFO:
	 [Node] Finished "_acc_msk_tfm0", elapsed time 5.101798s.
250329-14:41:16,953 nipype.workflow INFO:
	 [Node] Finished "_acc_msk_tfm2", elapsed time 5.64793s.
250329-14:41:17,513 nipype.workflow INFO:
	 [Node] Setting-up "_acc_msk_tfm0" in "/work_dir/fmriprep_24_0_wf/sub_32_wf/bold_task_bird_run_5_wf/bold_confounds_wf/acc_msk_tfm/mapflow/_acc_msk_tfm0".
250329-14:41:17,515 nipype.workflow INFO:
	 [Node] Executing "_acc_msk_tfm0" <niworkflows.interfaces.fixes.FixHeaderApplyTransforms>
250329-14:41:17,517 nipype.workflow INFO:
	 [Node] Setting-up "_acc_msk_tfm1" in "/work_dir/fmriprep_24_0_wf/sub_32_wf/bold_task_bird_run_5_wf/bold_confounds_wf/acc_msk_tfm/mapflow/_acc_msk_tfm1".
250329-14:41:17,520 nipype.workflow INFO:
	 [Node] Executing "_acc_msk_tfm1" <niworkflows.interfaces.fixes.FixHeaderApplyTransforms>
250329-14:41:17,521 nipype.workflow INFO:
	 [Node] Setting-up "_acc_msk_tfm2" in "/work_dir/fmriprep_24_0_wf/sub_32_wf/bold_task_bird_run_5_wf/bold_confounds_wf/acc_msk_tfm/mapflow/_acc_msk_tfm2".
250329-14:41:17,524 nipype.workflow INFO:
	 [Node] Executing "_acc_msk_tfm2" <niworkflows.interfaces.fixes.FixHeaderApplyTransforms>
250329-14:41:17,528 nipype.workflow INFO:
	 [Node] Setting-up "_acc_msk_tfm0" in "/work_dir/fmriprep_24_0_wf/sub_32_wf/bold_task_bird_run_3_wf/bold_confounds_wf/acc_msk_tfm/mapflow/_acc_msk_tfm0".
250329-14:41:17,529 nipype.workflow INFO:
	 [Node] Cached "_acc_msk_tfm0" - collecting precomputed outputs
250329-14:41:17,529 nipype.workflow INFO:
	 [Node] "_acc_msk_tfm0" found cached.
250329-14:41:17,530 nipype.workflow INFO:
	 [Node] Setting-up "_acc_msk_tfm1" in "/work_dir/fmriprep_24_0_wf/sub_32_wf/bold_task_bird_run_3_wf/bold_confounds_wf/acc_msk_tfm/mapflow/_acc_msk_tfm1".
250329-14:41:17,531 nipype.workflow INFO:
	 [Node] Cached "_acc_msk_tfm1" - collecting precomputed outputs
250329-14:41:17,532 nipype.workflow INFO:
	 [Node] "_acc_msk_tfm1" found cached.
250329-14:41:17,533 nipype.workflow INFO:
	 [Node] Setting-up "_acc_msk_tfm2" in "/work_dir/fmriprep_24_0_wf/sub_32_wf/bold_task_bird_run_3_wf/bold_confounds_wf/acc_msk_tfm/mapflow/_acc_msk_tfm2".
250329-14:41:17,546 nipype.workflow INFO:
	 [Node] Cached "_acc_msk_tfm2" - collecting precomputed outputs
250329-14:41:17,546 nipype.workflow INFO:
	 [Node] "_acc_msk_tfm2" found cached.
250329-14:41:17,587 nipype.workflow INFO:
	 [Node] Finished "acc_masks", elapsed time 18.562205s.
250329-14:41:17,594 nipype.workflow INFO:
	 [Node] Finished "_acc_msk_tfm1", elapsed time 4.181815s.
250329-14:41:17,888 nipype.workflow INFO:
	 [Node] Finished "_acc_msk_tfm2", elapsed time 4.470707s.
250329-14:41:18,837 nipype.workflow INFO:
	 [Node] Finished "_acc_msk_tfm0", elapsed time 5.430162s.
250329-14:41:19,642 nipype.workflow INFO:
	 [Node] Setting-up "_acc_msk_tfm0" in "/work_dir/fmriprep_24_0_wf/sub_32_wf/bold_task_bird_run_2_wf/bold_confounds_wf/acc_msk_tfm/mapflow/_acc_msk_tfm0".
250329-14:41:19,644 nipype.workflow INFO:
	 [Node] Cached "_acc_msk_tfm0" - collecting precomputed outputs
250329-14:41:19,644 nipype.workflow INFO:
	 [Node] "_acc_msk_tfm0" found cached.
250329-14:41:19,645 nipype.workflow INFO:
	 [Node] Setting-up "_acc_msk_tfm1" in "/work_dir/fmriprep_24_0_wf/sub_32_wf/bold_task_bird_run_2_wf/bold_confounds_wf/acc_msk_tfm/mapflow/_acc_msk_tfm1".
250329-14:41:19,646 nipype.workflow INFO:
	 [Node] Cached "_acc_msk_tfm1" - collecting precomputed outputs
250329-14:41:19,646 nipype.workflow INFO:
	 [Node] "_acc_msk_tfm1" found cached.
250329-14:41:19,647 nipype.workflow INFO:
	 [Node] Setting-up "_acc_msk_tfm2" in "/work_dir/fmriprep_24_0_wf/sub_32_wf/bold_task_bird_run_2_wf/bold_confounds_wf/acc_msk_tfm/mapflow/_acc_msk_tfm2".
250329-14:41:19,647 nipype.workflow INFO:
	 [Node] Setting-up "_acc_msk_tfm0" in "/work_dir/fmriprep_24_0_wf/sub_32_wf/bold_task_bird_run_4_wf/bold_confounds_wf/acc_msk_tfm/mapflow/_acc_msk_tfm0".
250329-14:41:19,648 nipype.workflow INFO:
	 [Node] Cached "_acc_msk_tfm2" - collecting precomputed outputs
250329-14:41:19,648 nipype.workflow INFO:
	 [Node] "_acc_msk_tfm2" found cached.
250329-14:41:19,648 nipype.workflow INFO:
	 [Node] Cached "_acc_msk_tfm0" - collecting precomputed outputs
250329-14:41:19,649 nipype.workflow INFO:
	 [Node] "_acc_msk_tfm0" found cached.
250329-14:41:19,650 nipype.workflow INFO:
	 [Node] Setting-up "_acc_msk_tfm1" in "/work_dir/fmriprep_24_0_wf/sub_32_wf/bold_task_bird_run_4_wf/bold_confounds_wf/acc_msk_tfm/mapflow/_acc_msk_tfm1".
250329-14:41:19,651 nipype.workflow INFO:
	 [Node] Cached "_acc_msk_tfm1" - collecting precomputed outputs
250329-14:41:19,651 nipype.workflow INFO:
	 [Node] "_acc_msk_tfm1" found cached.
250329-14:41:19,657 nipype.workflow INFO:
	 [Node] Setting-up "_acc_msk_tfm2" in "/work_dir/fmriprep_24_0_wf/sub_32_wf/bold_task_bird_run_4_wf/bold_confounds_wf/acc_msk_tfm/mapflow/_acc_msk_tfm2".
250329-14:41:19,658 nipype.workflow INFO:
	 [Node] Cached "_acc_msk_tfm2" - collecting precomputed outputs
250329-14:41:19,658 nipype.workflow INFO:
	 [Node] "_acc_msk_tfm2" found cached.
250329-14:41:19,711 nipype.workflow INFO:
	 [Node] Setting-up "_acc_msk_tfm0" in "/work_dir/fmriprep_24_0_wf/sub_32_wf/bold_task_bird_run_1_wf/bold_confounds_wf/acc_msk_tfm/mapflow/_acc_msk_tfm0".
250329-14:41:19,713 nipype.workflow INFO:
	 [Node] Executing "_acc_msk_tfm0" <niworkflows.interfaces.fixes.FixHeaderApplyTransforms>
250329-14:41:19,725 nipype.workflow INFO:
	 [Node] Setting-up "_acc_msk_tfm1" in "/work_dir/fmriprep_24_0_wf/sub_32_wf/bold_task_bird_run_1_wf/bold_confounds_wf/acc_msk_tfm/mapflow/_acc_msk_tfm1".
250329-14:41:19,727 nipype.workflow INFO:
	 [Node] Executing "_acc_msk_tfm1" <niworkflows.interfaces.fixes.FixHeaderApplyTransforms>
250329-14:41:19,729 nipype.workflow INFO:
	 [Node] Setting-up "_acc_msk_tfm2" in "/work_dir/fmriprep_24_0_wf/sub_32_wf/bold_task_bird_run_1_wf/bold_confounds_wf/acc_msk_tfm/mapflow/_acc_msk_tfm2".
250329-14:41:19,732 nipype.workflow INFO:
	 [Node] Executing "_acc_msk_tfm2" <niworkflows.interfaces.fixes.FixHeaderApplyTransforms>
250329-14:41:20,843 nipype.workflow INFO:
	 [Node] Finished "_acc_msk_tfm1", elapsed time 3.322236s.
250329-14:41:21,301 nipype.workflow INFO:
	 [Node] Finished "_acc_msk_tfm0", elapsed time 3.784866s.
250329-14:41:21,516 nipype.workflow INFO:
	 [Node] Setting-up "_acc_msk_tfm0" in "/work_dir/fmriprep_24_0_wf/sub_32_wf/bold_task_bird_run_6_wf/bold_confounds_wf/acc_msk_tfm/mapflow/_acc_msk_tfm0".
250329-14:41:21,518 nipype.workflow INFO:
	 [Node] Executing "_acc_msk_tfm0" <niworkflows.interfaces.fixes.FixHeaderApplyTransforms>
250329-14:41:21,529 nipype.workflow INFO:
	 [Node] Setting-up "_acc_msk_tfm1" in "/work_dir/fmriprep_24_0_wf/sub_32_wf/bold_task_bird_run_6_wf/bold_confounds_wf/acc_msk_tfm/mapflow/_acc_msk_tfm1".
250329-14:41:21,532 nipype.workflow INFO:
	 [Node] Executing "_acc_msk_tfm1" <niworkflows.interfaces.fixes.FixHeaderApplyTransforms>
250329-14:41:21,535 nipype.workflow INFO:
	 [Node] Setting-up "_acc_msk_tfm2" in "/work_dir/fmriprep_24_0_wf/sub_32_wf/bold_task_bird_run_6_wf/bold_confounds_wf/acc_msk_tfm/mapflow/_acc_msk_tfm2".
250329-14:41:21,537 nipype.workflow INFO:
	 [Node] Executing "_acc_msk_tfm2" <niworkflows.interfaces.fixes.FixHeaderApplyTransforms>
250329-14:41:21,540 nipype.workflow INFO:
	 [Node] Setting-up "_acc_msk_brain0" in "/work_dir/fmriprep_24_0_wf/sub_32_wf/bold_task_bird_run_3_wf/bold_confounds_wf/acc_msk_brain/mapflow/_acc_msk_brain0".
250329-14:41:21,541 nipype.workflow INFO:
	 [Node] Setting-up "_acc_msk_brain1" in "/work_dir/fmriprep_24_0_wf/sub_32_wf/bold_task_bird_run_3_wf/bold_confounds_wf/acc_msk_brain/mapflow/_acc_msk_brain1".
250329-14:41:21,542 nipype.workflow INFO:
	 [Node] Executing "_acc_msk_brain0" <niworkflows.interfaces.nibabel.ApplyMask>
250329-14:41:21,542 nipype.workflow INFO:
	 [Node] Executing "_acc_msk_brain1" <niworkflows.interfaces.nibabel.ApplyMask>
250329-14:41:21,553 nipype.workflow INFO:
	 [Node] Setting-up "_acc_msk_brain2" in "/work_dir/fmriprep_24_0_wf/sub_32_wf/bold_task_bird_run_3_wf/bold_confounds_wf/acc_msk_brain/mapflow/_acc_msk_brain2".
250329-14:41:21,555 nipype.workflow INFO:
	 [Node] Executing "_acc_msk_brain2" <niworkflows.interfaces.nibabel.ApplyMask>
250329-14:41:21,751 nipype.workflow INFO:
	 [Node] Finished "_acc_msk_tfm2", elapsed time 4.226077s.
250329-14:41:21,883 nipype.workflow INFO:
	 [Node] Finished "_acc_msk_brain2", elapsed time 0.327165s.
250329-14:41:21,888 nipype.workflow INFO:
	 [Node] Finished "_acc_msk_brain1", elapsed time 0.344882s.
250329-14:41:21,924 nipype.workflow INFO:
	 [Node] Finished "_acc_msk_brain0", elapsed time 0.381333s.
250329-14:41:23,277 nipype.workflow INFO:
	 [Node] Setting-up "_acc_msk_brain0" in "/work_dir/fmriprep_24_0_wf/sub_32_wf/bold_task_bird_run_3_wf/bold_confounds_wf/acc_msk_brain/mapflow/_acc_msk_brain0".
250329-14:41:23,278 nipype.workflow INFO:
	 [Node] Cached "_acc_msk_brain0" - collecting precomputed outputs
250329-14:41:23,278 nipype.workflow INFO:
	 [Node] "_acc_msk_brain0" found cached.
250329-14:41:23,279 nipype.workflow INFO:
	 [Node] Setting-up "_acc_msk_brain1" in "/work_dir/fmriprep_24_0_wf/sub_32_wf/bold_task_bird_run_3_wf/bold_confounds_wf/acc_msk_brain/mapflow/_acc_msk_brain1".
250329-14:41:23,279 nipype.workflow INFO:
	 [Node] Cached "_acc_msk_brain1" - collecting precomputed outputs
250329-14:41:23,280 nipype.workflow INFO:
	 [Node] "_acc_msk_brain1" found cached.
250329-14:41:23,280 nipype.workflow INFO:
	 [Node] Setting-up "_acc_msk_brain2" in "/work_dir/fmriprep_24_0_wf/sub_32_wf/bold_task_bird_run_3_wf/bold_confounds_wf/acc_msk_brain/mapflow/_acc_msk_brain2".
250329-14:41:23,281 nipype.workflow INFO:
	 [Node] Cached "_acc_msk_brain2" - collecting precomputed outputs
250329-14:41:23,281 nipype.workflow INFO:
	 [Node] "_acc_msk_brain2" found cached.
250329-14:41:23,283 nipype.workflow INFO:
	 [Node] Setting-up "_acc_msk_brain0" in "/work_dir/fmriprep_24_0_wf/sub_32_wf/bold_task_bird_run_2_wf/bold_confounds_wf/acc_msk_brain/mapflow/_acc_msk_brain0".
250329-14:41:23,284 nipype.workflow INFO:
	 [Node] Setting-up "_acc_msk_tfm0" in "/work_dir/fmriprep_24_0_wf/sub_32_wf/bold_task_bird_run_5_wf/bold_confounds_wf/acc_msk_tfm/mapflow/_acc_msk_tfm0".
250329-14:41:23,285 nipype.workflow INFO:
	 [Node] Executing "_acc_msk_brain0" <niworkflows.interfaces.nibabel.ApplyMask>
250329-14:41:23,285 nipype.workflow INFO:
	 [Node] Cached "_acc_msk_tfm0" - collecting precomputed outputs
250329-14:41:23,285 nipype.workflow INFO:
	 [Node] "_acc_msk_tfm0" found cached.
250329-14:41:23,286 nipype.workflow INFO:
	 [Node] Setting-up "_acc_msk_tfm1" in "/work_dir/fmriprep_24_0_wf/sub_32_wf/bold_task_bird_run_5_wf/bold_confounds_wf/acc_msk_tfm/mapflow/_acc_msk_tfm1".
250329-14:41:23,288 nipype.workflow INFO:
	 [Node] Cached "_acc_msk_tfm1" - collecting precomputed outputs
250329-14:41:23,288 nipype.workflow INFO:
	 [Node] "_acc_msk_tfm1" found cached.
250329-14:41:23,289 nipype.workflow INFO:
	 [Node] Setting-up "_acc_msk_tfm2" in "/work_dir/fmriprep_24_0_wf/sub_32_wf/bold_task_bird_run_5_wf/bold_confounds_wf/acc_msk_tfm/mapflow/_acc_msk_tfm2".
250329-14:41:23,299 nipype.workflow INFO:
	 [Node] Cached "_acc_msk_tfm2" - collecting precomputed outputs
250329-14:41:23,299 nipype.workflow INFO:
	 [Node] "_acc_msk_tfm2" found cached.
250329-14:41:23,300 nipype.workflow INFO:
	 [Node] Setting-up "_acc_msk_brain1" in "/work_dir/fmriprep_24_0_wf/sub_32_wf/bold_task_bird_run_2_wf/bold_confounds_wf/acc_msk_brain/mapflow/_acc_msk_brain1".
250329-14:41:23,302 nipype.workflow INFO:
	 [Node] Executing "_acc_msk_brain1" <niworkflows.interfaces.nibabel.ApplyMask>
250329-14:41:23,317 nipype.workflow INFO:
	 [Node] Setting-up "_acc_msk_brain2" in "/work_dir/fmriprep_24_0_wf/sub_32_wf/bold_task_bird_run_2_wf/bold_confounds_wf/acc_msk_brain/mapflow/_acc_msk_brain2".
250329-14:41:23,319 nipype.workflow INFO:
	 [Node] Executing "_acc_msk_brain2" <niworkflows.interfaces.nibabel.ApplyMask>
250329-14:41:23,321 nipype.workflow INFO:
	 [Node] Setting-up "_acc_msk_brain0" in "/work_dir/fmriprep_24_0_wf/sub_32_wf/bold_task_bird_run_4_wf/bold_confounds_wf/acc_msk_brain/mapflow/_acc_msk_brain0".
250329-14:41:23,323 nipype.workflow INFO:
	 [Node] Executing "_acc_msk_brain0" <niworkflows.interfaces.nibabel.ApplyMask>
250329-14:41:23,325 nipype.workflow INFO:
	 [Node] Setting-up "_acc_msk_brain1" in "/work_dir/fmriprep_24_0_wf/sub_32_wf/bold_task_bird_run_4_wf/bold_confounds_wf/acc_msk_brain/mapflow/_acc_msk_brain1".
250329-14:41:23,325 nipype.workflow INFO:
	 [Node] Setting-up "_acc_msk_brain2" in "/work_dir/fmriprep_24_0_wf/sub_32_wf/bold_task_bird_run_4_wf/bold_confounds_wf/acc_msk_brain/mapflow/_acc_msk_brain2".
250329-14:41:23,327 nipype.workflow INFO:
	 [Node] Executing "_acc_msk_brain1" <niworkflows.interfaces.nibabel.ApplyMask>
250329-14:41:23,327 nipype.workflow INFO:
	 [Node] Executing "_acc_msk_brain2" <niworkflows.interfaces.nibabel.ApplyMask>
250329-14:41:23,547 nipype.workflow INFO:
	 [Node] Finished "_acc_msk_brain1", elapsed time 0.244706s.
250329-14:41:23,559 nipype.workflow INFO:
	 [Node] Finished "_acc_msk_tfm1", elapsed time 3.830685s.
250329-14:41:23,577 nipype.workflow INFO:
	 [Node] Finished "_acc_msk_brain2", elapsed time 0.249598s.
250329-14:41:23,580 nipype.workflow INFO:
	 [Node] Finished "_acc_msk_tfm2", elapsed time 3.847141s.
250329-14:41:23,624 nipype.workflow INFO:
	 [Node] Finished "_acc_msk_brain0", elapsed time 0.338479s.
250329-14:41:23,723 nipype.workflow INFO:
	 [Node] Finished "_acc_msk_brain1", elapsed time 0.395465s.
250329-14:41:23,734 nipype.workflow INFO:
	 [Node] Finished "_acc_msk_brain2", elapsed time 0.414403s.
250329-14:41:23,773 nipype.workflow INFO:
	 [Node] Finished "_acc_msk_brain0", elapsed time 0.449452s.
250329-14:41:24,9 nipype.workflow INFO:
	 [Node] Finished "_acc_msk_tfm0", elapsed time 4.294872s.
250329-14:41:24,848 nipype.workflow INFO:
	 [Node] Finished "_acc_msk_tfm1", elapsed time 3.314859s.
250329-14:41:25,52 nipype.workflow INFO:
	 [Node] Finished "_acc_msk_tfm0", elapsed time 3.5332980000000003s.
250329-14:41:25,73 nipype.workflow INFO:
	 [Node] Finished "_acc_msk_tfm2", elapsed time 3.535182s.
250329-14:41:25,373 nipype.workflow INFO:
	 [Node] Setting-up "_acc_msk_tfm0" in "/work_dir/fmriprep_24_0_wf/sub_32_wf/bold_task_bird_run_1_wf/bold_confounds_wf/acc_msk_tfm/mapflow/_acc_msk_tfm0".
250329-14:41:25,374 nipype.workflow INFO:
	 [Node] Cached "_acc_msk_tfm0" - collecting precomputed outputs
250329-14:41:25,374 nipype.workflow INFO:
	 [Node] "_acc_msk_tfm0" found cached.
250329-14:41:25,375 nipype.workflow INFO:
	 [Node] Setting-up "_acc_msk_tfm1" in "/work_dir/fmriprep_24_0_wf/sub_32_wf/bold_task_bird_run_1_wf/bold_confounds_wf/acc_msk_tfm/mapflow/_acc_msk_tfm1".
250329-14:41:25,376 nipype.workflow INFO:
	 [Node] Cached "_acc_msk_tfm1" - collecting precomputed outputs
250329-14:41:25,376 nipype.workflow INFO:
	 [Node] "_acc_msk_tfm1" found cached.
250329-14:41:25,377 nipype.workflow INFO:
	 [Node] Setting-up "_acc_msk_tfm2" in "/work_dir/fmriprep_24_0_wf/sub_32_wf/bold_task_bird_run_1_wf/bold_confounds_wf/acc_msk_tfm/mapflow/_acc_msk_tfm2".
250329-14:41:25,378 nipype.workflow INFO:
	 [Node] Cached "_acc_msk_tfm2" - collecting precomputed outputs
250329-14:41:25,379 nipype.workflow INFO:
	 [Node] "_acc_msk_tfm2" found cached.
250329-14:41:25,384 nipype.workflow INFO:
	 [Node] Setting-up "_acc_msk_brain0" in "/work_dir/fmriprep_24_0_wf/sub_32_wf/bold_task_bird_run_2_wf/bold_confounds_wf/acc_msk_brain/mapflow/_acc_msk_brain0".
250329-14:41:25,385 nipype.workflow INFO:
	 [Node] Cached "_acc_msk_brain0" - collecting precomputed outputs
250329-14:41:25,385 nipype.workflow INFO:
	 [Node] "_acc_msk_brain0" found cached.
250329-14:41:25,386 nipype.workflow INFO:
	 [Node] Setting-up "_acc_msk_brain1" in "/work_dir/fmriprep_24_0_wf/sub_32_wf/bold_task_bird_run_2_wf/bold_confounds_wf/acc_msk_brain/mapflow/_acc_msk_brain1".
250329-14:41:25,387 nipype.workflow INFO:
	 [Node] Cached "_acc_msk_brain1" - collecting precomputed outputs
250329-14:41:25,387 nipype.workflow INFO:
	 [Node] "_acc_msk_brain1" found cached.
250329-14:41:25,387 nipype.workflow INFO:
	 [Node] Setting-up "_acc_msk_brain2" in "/work_dir/fmriprep_24_0_wf/sub_32_wf/bold_task_bird_run_2_wf/bold_confounds_wf/acc_msk_brain/mapflow/_acc_msk_brain2".
250329-14:41:25,388 nipype.workflow INFO:
	 [Node] Cached "_acc_msk_brain2" - collecting precomputed outputs
250329-14:41:25,388 nipype.workflow INFO:
	 [Node] "_acc_msk_brain2" found cached.
250329-14:41:25,396 nipype.workflow INFO:
	 [Node] Setting-up "_acc_msk_brain0" in "/work_dir/fmriprep_24_0_wf/sub_32_wf/bold_task_bird_run_4_wf/bold_confounds_wf/acc_msk_brain/mapflow/_acc_msk_brain0".
250329-14:41:25,396 nipype.workflow INFO:
	 [Node] Cached "_acc_msk_brain0" - collecting precomputed outputs
250329-14:41:25,397 nipype.workflow INFO:
	 [Node] "_acc_msk_brain0" found cached.
250329-14:41:25,397 nipype.workflow INFO:
	 [Node] Setting-up "_acc_msk_brain1" in "/work_dir/fmriprep_24_0_wf/sub_32_wf/bold_task_bird_run_4_wf/bold_confounds_wf/acc_msk_brain/mapflow/_acc_msk_brain1".
250329-14:41:25,398 nipype.workflow INFO:
	 [Node] Cached "_acc_msk_brain1" - collecting precomputed outputs
250329-14:41:25,398 nipype.workflow INFO:
	 [Node] "_acc_msk_brain1" found cached.
250329-14:41:25,399 nipype.workflow INFO:
	 [Node] Setting-up "_acc_msk_brain2" in "/work_dir/fmriprep_24_0_wf/sub_32_wf/bold_task_bird_run_4_wf/bold_confounds_wf/acc_msk_brain/mapflow/_acc_msk_brain2".
250329-14:41:25,400 nipype.workflow INFO:
	 [Node] Cached "_acc_msk_brain2" - collecting precomputed outputs
250329-14:41:25,400 nipype.workflow INFO:
	 [Node] "_acc_msk_brain2" found cached.
250329-14:41:27,185 nipype.workflow INFO:
	 [Node] Setting-up "_acc_msk_tfm0" in "/work_dir/fmriprep_24_0_wf/sub_32_wf/bold_task_bird_run_6_wf/bold_confounds_wf/acc_msk_tfm/mapflow/_acc_msk_tfm0".
250329-14:41:27,186 nipype.workflow INFO:
	 [Node] Cached "_acc_msk_tfm0" - collecting precomputed outputs
250329-14:41:27,187 nipype.workflow INFO:
	 [Node] "_acc_msk_tfm0" found cached.
250329-14:41:27,188 nipype.workflow INFO:
	 [Node] Setting-up "_acc_msk_tfm1" in "/work_dir/fmriprep_24_0_wf/sub_32_wf/bold_task_bird_run_6_wf/bold_confounds_wf/acc_msk_tfm/mapflow/_acc_msk_tfm1".
250329-14:41:27,189 nipype.workflow INFO:
	 [Node] Cached "_acc_msk_tfm1" - collecting precomputed outputs
250329-14:41:27,189 nipype.workflow INFO:
	 [Node] "_acc_msk_tfm1" found cached.
250329-14:41:27,190 nipype.workflow INFO:
	 [Node] Setting-up "_acc_msk_tfm2" in "/work_dir/fmriprep_24_0_wf/sub_32_wf/bold_task_bird_run_6_wf/bold_confounds_wf/acc_msk_tfm/mapflow/_acc_msk_tfm2".
250329-14:41:27,192 nipype.workflow INFO:
	 [Node] Cached "_acc_msk_tfm2" - collecting precomputed outputs
250329-14:41:27,192 nipype.workflow INFO:
	 [Node] "_acc_msk_tfm2" found cached.
250329-14:41:27,214 nipype.workflow INFO:
	 [Node] Setting-up "_acc_msk_brain0" in "/work_dir/fmriprep_24_0_wf/sub_32_wf/bold_task_bird_run_5_wf/bold_confounds_wf/acc_msk_brain/mapflow/_acc_msk_brain0".
250329-14:41:27,216 nipype.workflow INFO:
	 [Node] Executing "_acc_msk_brain0" <niworkflows.interfaces.nibabel.ApplyMask>
250329-14:41:27,225 nipype.workflow INFO:
	 [Node] Setting-up "_acc_msk_brain1" in "/work_dir/fmriprep_24_0_wf/sub_32_wf/bold_task_bird_run_5_wf/bold_confounds_wf/acc_msk_brain/mapflow/_acc_msk_brain1".
250329-14:41:27,227 nipype.workflow INFO:
	 [Node] Executing "_acc_msk_brain1" <niworkflows.interfaces.nibabel.ApplyMask>
250329-14:41:27,227 nipype.workflow INFO:
	 [Node] Setting-up "_acc_msk_brain2" in "/work_dir/fmriprep_24_0_wf/sub_32_wf/bold_task_bird_run_5_wf/bold_confounds_wf/acc_msk_brain/mapflow/_acc_msk_brain2".
250329-14:41:27,227 nipype.workflow INFO:
	 [Node] Setting-up "_acc_msk_bin0" in "/work_dir/fmriprep_24_0_wf/sub_32_wf/bold_task_bird_run_3_wf/bold_confounds_wf/acc_msk_bin/mapflow/_acc_msk_bin0".
250329-14:41:27,229 nipype.workflow INFO:
	 [Node] Executing "_acc_msk_brain2" <niworkflows.interfaces.nibabel.ApplyMask>
250329-14:41:27,229 nipype.workflow INFO:
	 [Node] Executing "_acc_msk_bin0" <niworkflows.interfaces.nibabel.Binarize>
250329-14:41:27,229 nipype.workflow INFO:
	 [Node] Setting-up "_acc_msk_bin1" in "/work_dir/fmriprep_24_0_wf/sub_32_wf/bold_task_bird_run_3_wf/bold_confounds_wf/acc_msk_bin/mapflow/_acc_msk_bin1".
250329-14:41:27,231 nipype.workflow INFO:
	 [Node] Executing "_acc_msk_bin1" <niworkflows.interfaces.nibabel.Binarize>
250329-14:41:27,233 nipype.workflow INFO:
	 [Node] Setting-up "_acc_msk_bin2" in "/work_dir/fmriprep_24_0_wf/sub_32_wf/bold_task_bird_run_3_wf/bold_confounds_wf/acc_msk_bin/mapflow/_acc_msk_bin2".
250329-14:41:27,235 nipype.workflow INFO:
	 [Node] Executing "_acc_msk_bin2" <niworkflows.interfaces.nibabel.Binarize>
250329-14:41:27,447 nipype.workflow INFO:
	 [Node] Finished "_acc_msk_brain2", elapsed time 0.217613s.
250329-14:41:27,521 nipype.workflow INFO:
	 [Node] Finished "_acc_msk_bin0", elapsed time 0.2916s.
250329-14:41:27,564 nipype.workflow INFO:
	 [Node] Finished "_acc_msk_bin2", elapsed time 0.328502s.
250329-14:41:27,564 nipype.workflow INFO:
	 [Node] Finished "_acc_msk_bin1", elapsed time 0.332831s.
250329-14:41:27,666 nipype.workflow INFO:
	 [Node] Finished "_acc_msk_brain1", elapsed time 0.438384s.
250329-14:41:27,695 nipype.workflow INFO:
	 [Node] Finished "_acc_msk_brain0", elapsed time 0.477828s.
250329-14:41:29,148 nipype.workflow INFO:
	 [Node] Setting-up "_acc_msk_brain0" in "/work_dir/fmriprep_24_0_wf/sub_32_wf/bold_task_bird_run_5_wf/bold_confounds_wf/acc_msk_brain/mapflow/_acc_msk_brain0".
250329-14:41:29,149 nipype.workflow INFO:
	 [Node] Cached "_acc_msk_brain0" - collecting precomputed outputs
250329-14:41:29,149 nipype.workflow INFO:
	 [Node] "_acc_msk_brain0" found cached.
250329-14:41:29,150 nipype.workflow INFO:
	 [Node] Setting-up "_acc_msk_brain1" in "/work_dir/fmriprep_24_0_wf/sub_32_wf/bold_task_bird_run_5_wf/bold_confounds_wf/acc_msk_brain/mapflow/_acc_msk_brain1".
250329-14:41:29,151 nipype.workflow INFO:
	 [Node] Cached "_acc_msk_brain1" - collecting precomputed outputs
250329-14:41:29,151 nipype.workflow INFO:
	 [Node] "_acc_msk_brain1" found cached.
250329-14:41:29,152 nipype.workflow INFO:
	 [Node] Setting-up "_acc_msk_brain2" in "/work_dir/fmriprep_24_0_wf/sub_32_wf/bold_task_bird_run_5_wf/bold_confounds_wf/acc_msk_brain/mapflow/_acc_msk_brain2".
250329-14:41:29,152 nipype.workflow INFO:
	 [Node] Cached "_acc_msk_brain2" - collecting precomputed outputs
250329-14:41:29,152 nipype.workflow INFO:
	 [Node] "_acc_msk_brain2" found cached.
250329-14:41:29,170 nipype.workflow INFO:
	 [Node] Setting-up "_acc_msk_bin0" in "/work_dir/fmriprep_24_0_wf/sub_32_wf/bold_task_bird_run_3_wf/bold_confounds_wf/acc_msk_bin/mapflow/_acc_msk_bin0".
250329-14:41:29,171 nipype.workflow INFO:
	 [Node] Cached "_acc_msk_bin0" - collecting precomputed outputs
250329-14:41:29,171 nipype.workflow INFO:
	 [Node] "_acc_msk_bin0" found cached.
250329-14:41:29,172 nipype.workflow INFO:
	 [Node] Setting-up "_acc_msk_bin1" in "/work_dir/fmriprep_24_0_wf/sub_32_wf/bold_task_bird_run_3_wf/bold_confounds_wf/acc_msk_bin/mapflow/_acc_msk_bin1".
250329-14:41:29,172 nipype.workflow INFO:
	 [Node] Cached "_acc_msk_bin1" - collecting precomputed outputs
250329-14:41:29,172 nipype.workflow INFO:
	 [Node] "_acc_msk_bin1" found cached.
250329-14:41:29,173 nipype.workflow INFO:
	 [Node] Setting-up "_acc_msk_bin2" in "/work_dir/fmriprep_24_0_wf/sub_32_wf/bold_task_bird_run_3_wf/bold_confounds_wf/acc_msk_bin/mapflow/_acc_msk_bin2".
250329-14:41:29,174 nipype.workflow INFO:
	 [Node] Cached "_acc_msk_bin2" - collecting precomputed outputs
250329-14:41:29,174 nipype.workflow INFO:
	 [Node] "_acc_msk_bin2" found cached.
250329-14:41:29,190 nipype.workflow INFO:
	 [Node] Setting-up "_acc_msk_brain0" in "/work_dir/fmriprep_24_0_wf/sub_32_wf/bold_task_bird_run_1_wf/bold_confounds_wf/acc_msk_brain/mapflow/_acc_msk_brain0".
250329-14:41:29,191 nipype.workflow INFO:
	 [Node] Setting-up "_acc_msk_brain1" in "/work_dir/fmriprep_24_0_wf/sub_32_wf/bold_task_bird_run_1_wf/bold_confounds_wf/acc_msk_brain/mapflow/_acc_msk_brain1".
250329-14:41:29,192 nipype.workflow INFO:
	 [Node] Executing "_acc_msk_brain0" <niworkflows.interfaces.nibabel.ApplyMask>
250329-14:41:29,193 nipype.workflow INFO:
	 [Node] Executing "_acc_msk_brain1" <niworkflows.interfaces.nibabel.ApplyMask>
250329-14:41:29,196 nipype.workflow INFO:
	 [Node] Setting-up "_acc_msk_brain2" in "/work_dir/fmriprep_24_0_wf/sub_32_wf/bold_task_bird_run_1_wf/bold_confounds_wf/acc_msk_brain/mapflow/_acc_msk_brain2".
250329-14:41:29,196 nipype.workflow INFO:
	 [Node] Setting-up "_acc_msk_bin0" in "/work_dir/fmriprep_24_0_wf/sub_32_wf/bold_task_bird_run_2_wf/bold_confounds_wf/acc_msk_bin/mapflow/_acc_msk_bin0".
250329-14:41:29,198 nipype.workflow INFO:
	 [Node] Executing "_acc_msk_bin0" <niworkflows.interfaces.nibabel.Binarize>
250329-14:41:29,198 nipype.workflow INFO:
	 [Node] Executing "_acc_msk_brain2" <niworkflows.interfaces.nibabel.ApplyMask>
250329-14:41:29,200 nipype.workflow INFO:
	 [Node] Setting-up "_acc_msk_bin1" in "/work_dir/fmriprep_24_0_wf/sub_32_wf/bold_task_bird_run_2_wf/bold_confounds_wf/acc_msk_bin/mapflow/_acc_msk_bin1".
250329-14:41:29,202 nipype.workflow INFO:
	 [Node] Executing "_acc_msk_bin1" <niworkflows.interfaces.nibabel.Binarize>
250329-14:41:29,204 nipype.workflow INFO:
	 [Node] Setting-up "_acc_msk_bin2" in "/work_dir/fmriprep_24_0_wf/sub_32_wf/bold_task_bird_run_2_wf/bold_confounds_wf/acc_msk_bin/mapflow/_acc_msk_bin2".
250329-14:41:29,204 nipype.workflow INFO:
	 [Node] Setting-up "_acc_msk_bin0" in "/work_dir/fmriprep_24_0_wf/sub_32_wf/bold_task_bird_run_4_wf/bold_confounds_wf/acc_msk_bin/mapflow/_acc_msk_bin0".
250329-14:41:29,204 nipype.workflow INFO:
	 [Node] Setting-up "_acc_msk_bin1" in "/work_dir/fmriprep_24_0_wf/sub_32_wf/bold_task_bird_run_4_wf/bold_confounds_wf/acc_msk_bin/mapflow/_acc_msk_bin1".
250329-14:41:29,206 nipype.workflow INFO:
	 [Node] Executing "_acc_msk_bin2" <niworkflows.interfaces.nibabel.Binarize>
250329-14:41:29,206 nipype.workflow INFO:
	 [Node] Executing "_acc_msk_bin0" <niworkflows.interfaces.nibabel.Binarize>
250329-14:41:29,206 nipype.workflow INFO:
	 [Node] Executing "_acc_msk_bin1" <niworkflows.interfaces.nibabel.Binarize>
250329-14:41:29,208 nipype.workflow INFO:
	 [Node] Setting-up "_acc_msk_bin2" in "/work_dir/fmriprep_24_0_wf/sub_32_wf/bold_task_bird_run_4_wf/bold_confounds_wf/acc_msk_bin/mapflow/_acc_msk_bin2".
250329-14:41:29,210 nipype.workflow INFO:
	 [Node] Executing "_acc_msk_bin2" <niworkflows.interfaces.nibabel.Binarize>
250329-14:41:29,391 nipype.workflow INFO:
	 [Node] Finished "_acc_msk_bin2", elapsed time 0.185073s.
250329-14:41:29,407 nipype.workflow INFO:
	 [Node] Finished "_acc_msk_bin2", elapsed time 0.183671s.
250329-14:41:29,435 nipype.workflow INFO:
	 [Node] Finished "_acc_msk_brain0", elapsed time 0.242571s.
250329-14:41:29,466 nipype.workflow INFO:
	 [Node] Finished "_acc_msk_bin1", elapsed time 0.263559s.
250329-14:41:29,485 nipype.workflow INFO:
	 [Node] Finished "_acc_msk_bin0", elapsed time 0.286135s.
250329-14:41:29,485 nipype.workflow INFO:
	 [Node] Finished "_acc_msk_bin0", elapsed time 0.27866s.
250329-14:41:29,490 nipype.workflow INFO:
	 [Node] Finished "_acc_msk_brain1", elapsed time 0.296283s.
250329-14:41:29,503 nipype.workflow INFO:
	 [Node] Finished "_acc_msk_bin1", elapsed time 0.296212s.
250329-14:41:29,556 nipype.workflow INFO:
	 [Node] Finished "_acc_msk_brain2", elapsed time 0.35706s.
250329-14:41:31,179 nipype.workflow INFO:
	 [Node] Setting-up "_acc_msk_bin0" in "/work_dir/fmriprep_24_0_wf/sub_32_wf/bold_task_bird_run_2_wf/bold_confounds_wf/acc_msk_bin/mapflow/_acc_msk_bin0".
250329-14:41:31,180 nipype.workflow INFO:
	 [Node] Setting-up "_acc_msk_bin0" in "/work_dir/fmriprep_24_0_wf/sub_32_wf/bold_task_bird_run_4_wf/bold_confounds_wf/acc_msk_bin/mapflow/_acc_msk_bin0".
250329-14:41:31,180 nipype.workflow INFO:
	 [Node] Cached "_acc_msk_bin0" - collecting precomputed outputs
250329-14:41:31,180 nipype.workflow INFO:
	 [Node] Cached "_acc_msk_bin0" - collecting precomputed outputs
250329-14:41:31,181 nipype.workflow INFO:
	 [Node] "_acc_msk_bin0" found cached.
250329-14:41:31,181 nipype.workflow INFO:
	 [Node] "_acc_msk_bin0" found cached.
250329-14:41:31,181 nipype.workflow INFO:
	 [Node] Setting-up "_acc_msk_bin1" in "/work_dir/fmriprep_24_0_wf/sub_32_wf/bold_task_bird_run_2_wf/bold_confounds_wf/acc_msk_bin/mapflow/_acc_msk_bin1".
250329-14:41:31,181 nipype.workflow INFO:
	 [Node] Setting-up "_acc_msk_bin1" in "/work_dir/fmriprep_24_0_wf/sub_32_wf/bold_task_bird_run_4_wf/bold_confounds_wf/acc_msk_bin/mapflow/_acc_msk_bin1".
250329-14:41:31,182 nipype.workflow INFO:
	 [Node] Cached "_acc_msk_bin1" - collecting precomputed outputs
250329-14:41:31,182 nipype.workflow INFO:
	 [Node] Cached "_acc_msk_bin1" - collecting precomputed outputs
250329-14:41:31,182 nipype.workflow INFO:
	 [Node] "_acc_msk_bin1" found cached.
250329-14:41:31,182 nipype.workflow INFO:
	 [Node] "_acc_msk_bin1" found cached.
250329-14:41:31,183 nipype.workflow INFO:
	 [Node] Setting-up "_acc_msk_bin2" in "/work_dir/fmriprep_24_0_wf/sub_32_wf/bold_task_bird_run_2_wf/bold_confounds_wf/acc_msk_bin/mapflow/_acc_msk_bin2".
250329-14:41:31,183 nipype.workflow INFO:
	 [Node] Setting-up "_acc_msk_bin2" in "/work_dir/fmriprep_24_0_wf/sub_32_wf/bold_task_bird_run_4_wf/bold_confounds_wf/acc_msk_bin/mapflow/_acc_msk_bin2".
250329-14:41:31,184 nipype.workflow INFO:
	 [Node] Cached "_acc_msk_bin2" - collecting precomputed outputs
250329-14:41:31,184 nipype.workflow INFO:
	 [Node] Cached "_acc_msk_bin2" - collecting precomputed outputs
250329-14:41:31,184 nipype.workflow INFO:
	 [Node] "_acc_msk_bin2" found cached.
250329-14:41:31,184 nipype.workflow INFO:
	 [Node] "_acc_msk_bin2" found cached.
250329-14:41:31,185 nipype.workflow INFO:
	 [Node] Setting-up "_acc_msk_brain0" in "/work_dir/fmriprep_24_0_wf/sub_32_wf/bold_task_bird_run_1_wf/bold_confounds_wf/acc_msk_brain/mapflow/_acc_msk_brain0".
250329-14:41:31,186 nipype.workflow INFO:
	 [Node] Cached "_acc_msk_brain0" - collecting precomputed outputs
250329-14:41:31,187 nipype.workflow INFO:
	 [Node] "_acc_msk_brain0" found cached.
250329-14:41:31,187 nipype.workflow INFO:
	 [Node] Setting-up "_acc_msk_brain1" in "/work_dir/fmriprep_24_0_wf/sub_32_wf/bold_task_bird_run_1_wf/bold_confounds_wf/acc_msk_brain/mapflow/_acc_msk_brain1".
250329-14:41:31,188 nipype.workflow INFO:
	 [Node] Cached "_acc_msk_brain1" - collecting precomputed outputs
250329-14:41:31,188 nipype.workflow INFO:
	 [Node] "_acc_msk_brain1" found cached.
250329-14:41:31,189 nipype.workflow INFO:
	 [Node] Setting-up "_acc_msk_brain2" in "/work_dir/fmriprep_24_0_wf/sub_32_wf/bold_task_bird_run_1_wf/bold_confounds_wf/acc_msk_brain/mapflow/_acc_msk_brain2".
250329-14:41:31,190 nipype.workflow INFO:
	 [Node] Cached "_acc_msk_brain2" - collecting precomputed outputs
250329-14:41:31,190 nipype.workflow INFO:
	 [Node] "_acc_msk_brain2" found cached.
250329-14:41:31,202 nipype.workflow INFO:
	 [Node] Setting-up "fmriprep_24_0_wf.sub_32_wf.bold_task_bird_run_3_wf.bold_confounds_wf.acompcor" in "/work_dir/fmriprep_24_0_wf/sub_32_wf/bold_task_bird_run_3_wf/bold_confounds_wf/acompcor".
250329-14:41:31,207 nipype.workflow INFO:
	 [Node] Executing "acompcor" <niworkflows.interfaces.patches.RobustACompCor>
250329-14:41:31,857 nipype.workflow INFO:
	 [Node] Setting-up "_acc_msk_brain0" in "/work_dir/fmriprep_24_0_wf/sub_32_wf/bold_task_bird_run_6_wf/bold_confounds_wf/acc_msk_brain/mapflow/_acc_msk_brain0".
250329-14:41:31,859 nipype.workflow INFO:
	 [Node] Executing "_acc_msk_brain0" <niworkflows.interfaces.nibabel.ApplyMask>
250329-14:41:31,868 nipype.workflow INFO:
	 [Node] Setting-up "_acc_msk_brain1" in "/work_dir/fmriprep_24_0_wf/sub_32_wf/bold_task_bird_run_6_wf/bold_confounds_wf/acc_msk_brain/mapflow/_acc_msk_brain1".
250329-14:41:31,870 nipype.workflow INFO:
	 [Node] Executing "_acc_msk_brain1" <niworkflows.interfaces.nibabel.ApplyMask>
250329-14:41:31,885 nipype.workflow INFO:
	 [Node] Setting-up "_acc_msk_brain2" in "/work_dir/fmriprep_24_0_wf/sub_32_wf/bold_task_bird_run_6_wf/bold_confounds_wf/acc_msk_brain/mapflow/_acc_msk_brain2".
250329-14:41:31,887 nipype.workflow INFO:
	 [Node] Executing "_acc_msk_brain2" <niworkflows.interfaces.nibabel.ApplyMask>
250329-14:41:32,124 nipype.workflow INFO:
	 [Node] Finished "_acc_msk_brain1", elapsed time 0.253324s.
250329-14:41:32,143 nipype.workflow INFO:
	 [Node] Finished "_acc_msk_brain2", elapsed time 0.245441s.
250329-14:41:32,176 nipype.workflow INFO:
	 [Node] Finished "_acc_msk_brain0", elapsed time 0.316445s.
250329-14:41:33,390 nipype.workflow INFO:
	 [Node] Setting-up "_acc_msk_brain0" in "/work_dir/fmriprep_24_0_wf/sub_32_wf/bold_task_bird_run_6_wf/bold_confounds_wf/acc_msk_brain/mapflow/_acc_msk_brain0".
250329-14:41:33,391 nipype.workflow INFO:
	 [Node] Cached "_acc_msk_brain0" - collecting precomputed outputs
250329-14:41:33,391 nipype.workflow INFO:
	 [Node] "_acc_msk_brain0" found cached.
250329-14:41:33,391 nipype.workflow INFO:
	 [Node] Setting-up "_acc_msk_brain1" in "/work_dir/fmriprep_24_0_wf/sub_32_wf/bold_task_bird_run_6_wf/bold_confounds_wf/acc_msk_brain/mapflow/_acc_msk_brain1".
250329-14:41:33,392 nipype.workflow INFO:
	 [Node] Cached "_acc_msk_brain1" - collecting precomputed outputs
250329-14:41:33,392 nipype.workflow INFO:
	 [Node] "_acc_msk_brain1" found cached.
250329-14:41:33,393 nipype.workflow INFO:
	 [Node] Setting-up "_acc_msk_brain2" in "/work_dir/fmriprep_24_0_wf/sub_32_wf/bold_task_bird_run_6_wf/bold_confounds_wf/acc_msk_brain/mapflow/_acc_msk_brain2".
250329-14:41:33,394 nipype.workflow INFO:
	 [Node] Cached "_acc_msk_brain2" - collecting precomputed outputs
250329-14:41:33,394 nipype.workflow INFO:
	 [Node] "_acc_msk_brain2" found cached.
250329-14:41:33,399 nipype.workflow INFO:
	 [Node] Setting-up "fmriprep_24_0_wf.sub_32_wf.bold_task_bird_run_2_wf.bold_confounds_wf.acompcor" in "/work_dir/fmriprep_24_0_wf/sub_32_wf/bold_task_bird_run_2_wf/bold_confounds_wf/acompcor".
250329-14:41:33,403 nipype.workflow INFO:
	 [Node] Executing "acompcor" <niworkflows.interfaces.patches.RobustACompCor>
250329-14:41:34,75 nipype.workflow INFO:
	 [Node] Setting-up "fmriprep_24_0_wf.sub_32_wf.bold_task_bird_run_4_wf.bold_confounds_wf.acompcor" in "/work_dir/fmriprep_24_0_wf/sub_32_wf/bold_task_bird_run_4_wf/bold_confounds_wf/acompcor".
250329-14:41:34,79 nipype.workflow INFO:
	 [Node] Executing "acompcor" <niworkflows.interfaces.patches.RobustACompCor>
250329-14:41:35,522 nipype.workflow INFO:
	 [Node] Setting-up "fmriprep_24_0_wf.sub_32_wf.bold_task_bird_run_3_wf.bold_confounds_wf.signals" in "/work_dir/fmriprep_24_0_wf/sub_32_wf/bold_task_bird_run_3_wf/bold_confounds_wf/signals".
250329-14:41:35,526 nipype.workflow INFO:
	 [Node] Executing "signals" <niworkflows.interfaces.images.SignalExtraction>
250329-14:41:35,531 nipype.workflow INFO:
	 [Node] Setting-up "_acc_msk_bin0" in "/work_dir/fmriprep_24_0_wf/sub_32_wf/bold_task_bird_run_5_wf/bold_confounds_wf/acc_msk_bin/mapflow/_acc_msk_bin0".
250329-14:41:35,532 nipype.workflow INFO:
	 [Node] Executing "_acc_msk_bin0" <niworkflows.interfaces.nibabel.Binarize>
250329-14:41:35,533 nipype.workflow INFO:
	 [Node] Setting-up "fmriprep_24_0_wf.sub_32_wf.bold_task_bird_run_3_wf.bold_confounds_wf.rois_plot" in "/work_dir/fmriprep_24_0_wf/sub_32_wf/bold_task_bird_run_3_wf/bold_confounds_wf/rois_plot".
250329-14:41:35,542 nipype.workflow INFO:
	 [Node] Setting-up "_acc_msk_bin1" in "/work_dir/fmriprep_24_0_wf/sub_32_wf/bold_task_bird_run_5_wf/bold_confounds_wf/acc_msk_bin/mapflow/_acc_msk_bin1".
250329-14:41:35,542 nipype.workflow INFO:
	 [Node] Executing "rois_plot" <niworkflows.interfaces.reportlets.masks.ROIsPlot>
250329-14:41:35,544 nipype.workflow INFO:
	 [Node] Executing "_acc_msk_bin1" <niworkflows.interfaces.nibabel.Binarize>
250329-14:41:35,546 nipype.workflow INFO:
	 [Node] Setting-up "_acc_msk_bin2" in "/work_dir/fmriprep_24_0_wf/sub_32_wf/bold_task_bird_run_5_wf/bold_confounds_wf/acc_msk_bin/mapflow/_acc_msk_bin2".
250329-14:41:35,548 nipype.workflow INFO:
	 [Node] Executing "_acc_msk_bin2" <niworkflows.interfaces.nibabel.Binarize>
250329-14:41:35,840 nipype.workflow INFO:
	 [Node] Finished "_acc_msk_bin1", elapsed time 0.296063s.
250329-14:41:35,842 nipype.workflow INFO:
	 [Node] Finished "_acc_msk_bin0", elapsed time 0.304927s.
250329-14:41:35,848 nipype.workflow INFO:
	 [Node] Finished "_acc_msk_bin2", elapsed time 0.299306s.
250329-14:41:36,229 nipype.workflow INFO:
	 [Node] Setting-up "fmriprep_24_0_wf.sub_32_wf.bold_task_bird_run_2_wf.bold_confounds_wf.signals" in "/work_dir/fmriprep_24_0_wf/sub_32_wf/bold_task_bird_run_2_wf/bold_confounds_wf/signals".
250329-14:41:36,233 nipype.workflow INFO:
	 [Node] Executing "signals" <niworkflows.interfaces.images.SignalExtraction>
250329-14:41:36,241 nipype.workflow INFO:
	 [Node] Setting-up "_acc_msk_bin0" in "/work_dir/fmriprep_24_0_wf/sub_32_wf/bold_task_bird_run_1_wf/bold_confounds_wf/acc_msk_bin/mapflow/_acc_msk_bin0".
250329-14:41:36,241 nipype.workflow INFO:
	 [Node] Setting-up "_acc_msk_bin1" in "/work_dir/fmriprep_24_0_wf/sub_32_wf/bold_task_bird_run_1_wf/bold_confounds_wf/acc_msk_bin/mapflow/_acc_msk_bin1".
250329-14:41:36,243 nipype.workflow INFO:
	 [Node] Executing "_acc_msk_bin0" <niworkflows.interfaces.nibabel.Binarize>
250329-14:41:36,243 nipype.workflow INFO:
	 [Node] Executing "_acc_msk_bin1" <niworkflows.interfaces.nibabel.Binarize>
250329-14:41:36,245 nipype.workflow INFO:
	 [Node] Setting-up "fmriprep_24_0_wf.sub_32_wf.bold_task_bird_run_2_wf.bold_confounds_wf.rois_plot" in "/work_dir/fmriprep_24_0_wf/sub_32_wf/bold_task_bird_run_2_wf/bold_confounds_wf/rois_plot".
250329-14:41:36,245 nipype.workflow INFO:
	 [Node] Setting-up "fmriprep_24_0_wf.sub_32_wf.bold_task_bird_run_4_wf.bold_confounds_wf.signals" in "/work_dir/fmriprep_24_0_wf/sub_32_wf/bold_task_bird_run_4_wf/bold_confounds_wf/signals".
250329-14:41:36,245 nipype.workflow INFO:
	 [Node] Setting-up "_acc_msk_bin2" in "/work_dir/fmriprep_24_0_wf/sub_32_wf/bold_task_bird_run_1_wf/bold_confounds_wf/acc_msk_bin/mapflow/_acc_msk_bin2".
250329-14:41:36,247 nipype.workflow INFO:
	 [Node] Executing "_acc_msk_bin2" <niworkflows.interfaces.nibabel.Binarize>
250329-14:41:36,248 nipype.workflow INFO:
	 [Node] Setting-up "fmriprep_24_0_wf.sub_32_wf.bold_task_bird_run_4_wf.bold_confounds_wf.rois_plot" in "/work_dir/fmriprep_24_0_wf/sub_32_wf/bold_task_bird_run_4_wf/bold_confounds_wf/rois_plot".
250329-14:41:36,259 nipype.workflow INFO:
	 [Node] Executing "rois_plot" <niworkflows.interfaces.reportlets.masks.ROIsPlot>
250329-14:41:36,263 nipype.workflow INFO:
	 [Node] Executing "rois_plot" <niworkflows.interfaces.reportlets.masks.ROIsPlot>
250329-14:41:36,363 nipype.workflow INFO:
	 [Node] Executing "signals" <niworkflows.interfaces.images.SignalExtraction>
250329-14:41:36,533 nipype.workflow INFO:
	 [Node] Finished "_acc_msk_bin0", elapsed time 0.289873s.
250329-14:41:36,584 nipype.workflow INFO:
	 [Node] Finished "_acc_msk_bin1", elapsed time 0.340641s.
250329-14:41:36,613 nipype.workflow INFO:
	 [Node] Finished "_acc_msk_bin2", elapsed time 0.365973s.
250329-14:41:38,151 nipype.workflow INFO:
	 [Node] Setting-up "_acc_msk_bin0" in "/work_dir/fmriprep_24_0_wf/sub_32_wf/bold_task_bird_run_1_wf/bold_confounds_wf/acc_msk_bin/mapflow/_acc_msk_bin0".
250329-14:41:38,152 nipype.workflow INFO:
	 [Node] Cached "_acc_msk_bin0" - collecting precomputed outputs
250329-14:41:38,152 nipype.workflow INFO:
	 [Node] "_acc_msk_bin0" found cached.
250329-14:41:38,153 nipype.workflow INFO:
	 [Node] Setting-up "_acc_msk_bin1" in "/work_dir/fmriprep_24_0_wf/sub_32_wf/bold_task_bird_run_1_wf/bold_confounds_wf/acc_msk_bin/mapflow/_acc_msk_bin1".
250329-14:41:38,154 nipype.workflow INFO:
	 [Node] Setting-up "_acc_msk_bin0" in "/work_dir/fmriprep_24_0_wf/sub_32_wf/bold_task_bird_run_5_wf/bold_confounds_wf/acc_msk_bin/mapflow/_acc_msk_bin0".
250329-14:41:38,154 nipype.workflow INFO:
	 [Node] Cached "_acc_msk_bin1" - collecting precomputed outputs
250329-14:41:38,154 nipype.workflow INFO:
	 [Node] "_acc_msk_bin1" found cached.
250329-14:41:38,154 nipype.workflow INFO:
	 [Node] Cached "_acc_msk_bin0" - collecting precomputed outputs
250329-14:41:38,154 nipype.workflow INFO:
	 [Node] "_acc_msk_bin0" found cached.
250329-14:41:38,155 nipype.workflow INFO:
	 [Node] Setting-up "_acc_msk_bin2" in "/work_dir/fmriprep_24_0_wf/sub_32_wf/bold_task_bird_run_1_wf/bold_confounds_wf/acc_msk_bin/mapflow/_acc_msk_bin2".
250329-14:41:38,155 nipype.workflow INFO:
	 [Node] Setting-up "_acc_msk_bin1" in "/work_dir/fmriprep_24_0_wf/sub_32_wf/bold_task_bird_run_5_wf/bold_confounds_wf/acc_msk_bin/mapflow/_acc_msk_bin1".
250329-14:41:38,155 nipype.workflow INFO:
	 [Node] Cached "_acc_msk_bin2" - collecting precomputed outputs
250329-14:41:38,155 nipype.workflow INFO:
	 [Node] "_acc_msk_bin2" found cached.
250329-14:41:38,156 nipype.workflow INFO:
	 [Node] Cached "_acc_msk_bin1" - collecting precomputed outputs
250329-14:41:38,156 nipype.workflow INFO:
	 [Node] "_acc_msk_bin1" found cached.
250329-14:41:38,157 nipype.workflow INFO:
	 [Node] Setting-up "_acc_msk_bin2" in "/work_dir/fmriprep_24_0_wf/sub_32_wf/bold_task_bird_run_5_wf/bold_confounds_wf/acc_msk_bin/mapflow/_acc_msk_bin2".
250329-14:41:38,158 nipype.workflow INFO:
	 [Node] Cached "_acc_msk_bin2" - collecting precomputed outputs
250329-14:41:38,158 nipype.workflow INFO:
	 [Node] "_acc_msk_bin2" found cached.
250329-14:41:38,162 nipype.workflow INFO:
	 [Node] Setting-up "_acc_msk_bin0" in "/work_dir/fmriprep_24_0_wf/sub_32_wf/bold_task_bird_run_6_wf/bold_confounds_wf/acc_msk_bin/mapflow/_acc_msk_bin0".
250329-14:41:38,164 nipype.workflow INFO:
	 [Node] Executing "_acc_msk_bin0" <niworkflows.interfaces.nibabel.Binarize>
250329-14:41:38,177 nipype.workflow INFO:
	 [Node] Setting-up "_acc_msk_bin1" in "/work_dir/fmriprep_24_0_wf/sub_32_wf/bold_task_bird_run_6_wf/bold_confounds_wf/acc_msk_bin/mapflow/_acc_msk_bin1".
250329-14:41:38,179 nipype.workflow INFO:
	 [Node] Executing "_acc_msk_bin1" <niworkflows.interfaces.nibabel.Binarize>
250329-14:41:38,192 nipype.workflow INFO:
	 [Node] Setting-up "_acc_msk_bin2" in "/work_dir/fmriprep_24_0_wf/sub_32_wf/bold_task_bird_run_6_wf/bold_confounds_wf/acc_msk_bin/mapflow/_acc_msk_bin2".
250329-14:41:38,194 nipype.workflow INFO:
	 [Node] Executing "_acc_msk_bin2" <niworkflows.interfaces.nibabel.Binarize>
250329-14:41:38,401 nipype.workflow INFO:
	 [Node] Finished "_acc_msk_bin1", elapsed time 0.221541s.
250329-14:41:38,424 nipype.workflow INFO:
	 [Node] Finished "_acc_msk_bin0", elapsed time 0.259602s.
250329-14:41:38,549 nipype.workflow INFO:
	 [Node] Finished "_acc_msk_bin2", elapsed time 0.354597s.
250329-14:41:40,354 nipype.workflow INFO:
	 [Node] Setting-up "fmriprep_24_0_wf.sub_32_wf.bold_task_bird_run_1_wf.bold_confounds_wf.acompcor" in "/work_dir/fmriprep_24_0_wf/sub_32_wf/bold_task_bird_run_1_wf/bold_confounds_wf/acompcor".
250329-14:41:40,358 nipype.workflow INFO:
	 [Node] Executing "acompcor" <niworkflows.interfaces.patches.RobustACompCor>
250329-14:41:40,361 nipype.workflow INFO:
	 [Node] Setting-up "_acc_msk_bin0" in "/work_dir/fmriprep_24_0_wf/sub_32_wf/bold_task_bird_run_6_wf/bold_confounds_wf/acc_msk_bin/mapflow/_acc_msk_bin0".
250329-14:41:40,361 nipype.workflow INFO:
	 [Node] Cached "_acc_msk_bin0" - collecting precomputed outputs
250329-14:41:40,362 nipype.workflow INFO:
	 [Node] "_acc_msk_bin0" found cached.
250329-14:41:40,362 nipype.workflow INFO:
	 [Node] Setting-up "_acc_msk_bin1" in "/work_dir/fmriprep_24_0_wf/sub_32_wf/bold_task_bird_run_6_wf/bold_confounds_wf/acc_msk_bin/mapflow/_acc_msk_bin1".
250329-14:41:40,363 nipype.workflow INFO:
	 [Node] Cached "_acc_msk_bin1" - collecting precomputed outputs
250329-14:41:40,363 nipype.workflow INFO:
	 [Node] "_acc_msk_bin1" found cached.
250329-14:41:40,364 nipype.workflow INFO:
	 [Node] Setting-up "_acc_msk_bin2" in "/work_dir/fmriprep_24_0_wf/sub_32_wf/bold_task_bird_run_6_wf/bold_confounds_wf/acc_msk_bin/mapflow/_acc_msk_bin2".
250329-14:41:40,365 nipype.workflow INFO:
	 [Node] Cached "_acc_msk_bin2" - collecting precomputed outputs
250329-14:41:40,365 nipype.workflow INFO:
	 [Node] "_acc_msk_bin2" found cached.
250329-14:41:40,946 nipype.workflow INFO:
	 [Node] Setting-up "fmriprep_24_0_wf.sub_32_wf.bold_task_bird_run_5_wf.bold_confounds_wf.acompcor" in "/work_dir/fmriprep_24_0_wf/sub_32_wf/bold_task_bird_run_5_wf/bold_confounds_wf/acompcor".
250329-14:41:40,950 nipype.workflow INFO:
	 [Node] Executing "acompcor" <niworkflows.interfaces.patches.RobustACompCor>
250329-14:41:44,107 nipype.workflow INFO:
	 [Node] Setting-up "fmriprep_24_0_wf.sub_32_wf.bold_task_bird_run_6_wf.bold_confounds_wf.acompcor" in "/work_dir/fmriprep_24_0_wf/sub_32_wf/bold_task_bird_run_6_wf/bold_confounds_wf/acompcor".
250329-14:41:44,112 nipype.workflow INFO:
	 [Node] Executing "acompcor" <niworkflows.interfaces.patches.RobustACompCor>
250329-14:41:45,700 nipype.workflow INFO:
	 [Node] Setting-up "fmriprep_24_0_wf.sub_32_wf.bold_task_bird_run_1_wf.bold_confounds_wf.signals" in "/work_dir/fmriprep_24_0_wf/sub_32_wf/bold_task_bird_run_1_wf/bold_confounds_wf/signals".
250329-14:41:45,703 nipype.workflow INFO:
	 [Node] Executing "signals" <niworkflows.interfaces.images.SignalExtraction>
250329-14:41:45,731 nipype.workflow INFO:
	 [Node] Setting-up "fmriprep_24_0_wf.sub_32_wf.bold_task_bird_run_5_wf.bold_confounds_wf.signals" in "/work_dir/fmriprep_24_0_wf/sub_32_wf/bold_task_bird_run_5_wf/bold_confounds_wf/signals".
250329-14:41:45,735 nipype.workflow INFO:
	 [Node] Executing "signals" <niworkflows.interfaces.images.SignalExtraction>
250329-14:41:45,748 nipype.workflow INFO:
	 [Node] Setting-up "fmriprep_24_0_wf.sub_32_wf.bold_task_bird_run_1_wf.bold_confounds_wf.rois_plot" in "/work_dir/fmriprep_24_0_wf/sub_32_wf/bold_task_bird_run_1_wf/bold_confounds_wf/rois_plot".
250329-14:41:45,753 nipype.workflow INFO:
	 [Node] Executing "rois_plot" <niworkflows.interfaces.reportlets.masks.ROIsPlot>
250329-14:41:47,575 nipype.workflow INFO:
	 [Node] Finished "acompcor", elapsed time 16.341504s.
250329-14:41:49,511 nipype.workflow INFO:
	 [Node] Setting-up "fmriprep_24_0_wf.sub_32_wf.bold_task_bird_run_3_wf.bold_confounds_wf.rename_acompcor" in "/work_dir/fmriprep_24_0_wf/sub_32_wf/bold_task_bird_run_3_wf/bold_confounds_wf/rename_acompcor".
250329-14:41:49,519 nipype.workflow INFO:
	 [Node] Executing "rename_acompcor" <fmriprep.interfaces.confounds.RenameACompCor>
250329-14:41:49,756 nipype.workflow INFO:
	 [Node] Finished "rename_acompcor", elapsed time 0.236951s.
250329-14:41:50,352 nipype.workflow INFO:
	 [Node] Finished "acompcor", elapsed time 16.272548s.
250329-14:41:52,896 nipype.workflow INFO:
	 [Node] Setting-up "fmriprep_24_0_wf.sub_32_wf.bold_task_bird_run_6_wf.bold_confounds_wf.signals" in "/work_dir/fmriprep_24_0_wf/sub_32_wf/bold_task_bird_run_6_wf/bold_confounds_wf/signals".
250329-14:41:52,899 nipype.workflow INFO:
	 [Node] Executing "signals" <niworkflows.interfaces.images.SignalExtraction>
250329-14:41:53,428 nipype.workflow INFO:
	 [Node] Setting-up "fmriprep_24_0_wf.sub_32_wf.bold_task_bird_run_4_wf.bold_confounds_wf.rename_acompcor" in "/work_dir/fmriprep_24_0_wf/sub_32_wf/bold_task_bird_run_4_wf/bold_confounds_wf/rename_acompcor".
250329-14:41:53,431 nipype.workflow INFO:
	 [Node] Executing "rename_acompcor" <fmriprep.interfaces.confounds.RenameACompCor>
250329-14:41:53,580 nipype.workflow INFO:
	 [Node] Finished "acompcor", elapsed time 20.175914s.
250329-14:41:53,593 nipype.workflow INFO:
	 [Node] Finished "rename_acompcor", elapsed time 0.161571s.
250329-14:41:54,428 nipype.workflow INFO:
	 [Node] Finished "signals", elapsed time 18.064395s.
250329-14:41:54,741 nipype.workflow INFO:
	 [Node] Setting-up "fmriprep_24_0_wf.sub_32_wf.bold_task_bird_run_2_wf.bold_confounds_wf.rename_acompcor" in "/work_dir/fmriprep_24_0_wf/sub_32_wf/bold_task_bird_run_2_wf/bold_confounds_wf/rename_acompcor".
250329-14:41:54,745 nipype.workflow INFO:
	 [Node] Executing "rename_acompcor" <fmriprep.interfaces.confounds.RenameACompCor>
250329-14:41:55,26 nipype.workflow INFO:
	 [Node] Finished "rename_acompcor", elapsed time 0.265217s.
250329-14:41:55,302 nipype.workflow INFO:
	 [Node] Finished "signals", elapsed time 19.775163s.
250329-14:41:56,541 nipype.workflow INFO:
	 [Node] Setting-up "fmriprep_24_0_wf.sub_32_wf.bold_task_bird_run_5_wf.bold_confounds_wf.rois_plot" in "/work_dir/fmriprep_24_0_wf/sub_32_wf/bold_task_bird_run_5_wf/bold_confounds_wf/rois_plot".
250329-14:41:56,545 nipype.workflow INFO:
	 [Node] Executing "rois_plot" <niworkflows.interfaces.reportlets.masks.ROIsPlot>
250329-14:41:56,846 nipype.workflow INFO:
	 [Node] Finished "signals", elapsed time 20.612136s.
250329-14:41:57,48 nipype.workflow INFO:
	 [Node] Setting-up "fmriprep_24_0_wf.sub_32_wf.bold_task_bird_run_2_wf.bold_confounds_wf.acc_metadata_filter" in "/work_dir/fmriprep_24_0_wf/sub_32_wf/bold_task_bird_run_2_wf/bold_confounds_wf/acc_metadata_filter".
250329-14:41:57,50 nipype.workflow INFO:
	 [Node] Executing "acc_metadata_filter" <fmriprep.interfaces.confounds.FilterDropped>
250329-14:41:57,51 nipype.workflow INFO:
	 [Node] Setting-up "fmriprep_24_0_wf.sub_32_wf.bold_task_bird_run_6_wf.bold_confounds_wf.rois_plot" in "/work_dir/fmriprep_24_0_wf/sub_32_wf/bold_task_bird_run_6_wf/bold_confounds_wf/rois_plot".
250329-14:41:57,56 nipype.workflow INFO:
	 [Node] Executing "rois_plot" <niworkflows.interfaces.reportlets.masks.ROIsPlot>
250329-14:41:57,56 nipype.workflow INFO:
	 [Node] Finished "acc_metadata_filter", elapsed time 0.005436s.
250329-14:41:57,59 nipype.workflow INFO:
	 [Node] Setting-up "fmriprep_24_0_wf.sub_32_wf.bold_task_bird_run_3_wf.bold_confounds_wf.acc_metadata_filter" in "/work_dir/fmriprep_24_0_wf/sub_32_wf/bold_task_bird_run_3_wf/bold_confounds_wf/acc_metadata_filter".
250329-14:41:57,61 nipype.workflow INFO:
	 [Node] Executing "acc_metadata_filter" <fmriprep.interfaces.confounds.FilterDropped>
250329-14:41:57,68 nipype.workflow INFO:
	 [Node] Finished "acc_metadata_filter", elapsed time 0.00617s.
250329-14:41:58,809 nipype.workflow INFO:
	 [Node] Finished "acompcor", elapsed time 18.450227s.
250329-14:42:01,20 nipype.workflow INFO:
	 [Node] Finished "seg_rpt", elapsed time 63.926882s.
250329-14:42:01,364 nipype.workflow INFO:
	 [Node] Setting-up "fmriprep_24_0_wf.sub_32_wf.bold_task_bird_run_4_wf.bold_confounds_wf.acc_metadata_filter" in "/work_dir/fmriprep_24_0_wf/sub_32_wf/bold_task_bird_run_4_wf/bold_confounds_wf/acc_metadata_filter".
250329-14:42:01,366 nipype.workflow INFO:
	 [Node] Executing "acc_metadata_filter" <fmriprep.interfaces.confounds.FilterDropped>
250329-14:42:01,371 nipype.workflow INFO:
	 [Node] Finished "acc_metadata_filter", elapsed time 0.004345s.
250329-14:42:01,639 nipype.workflow INFO:
	 [Node] Finished "acompcor", elapsed time 17.526484s.
250329-14:42:02,77 nipype.workflow INFO:
	 [Node] Setting-up "fmriprep_24_0_wf.sub_32_wf.bold_task_bird_run_3_wf.bold_confounds_wf.compcor_plot" in "/work_dir/fmriprep_24_0_wf/sub_32_wf/bold_task_bird_run_3_wf/bold_confounds_wf/compcor_plot".
250329-14:42:02,81 nipype.workflow INFO:
	 [Node] Executing "compcor_plot" <nireports.interfaces.nuisance.CompCorVariancePlot>
250329-14:42:03,263 nipype.workflow INFO:
	 [Node] Setting-up "fmriprep_24_0_wf.sub_32_wf.bold_task_bird_run_1_wf.bold_confounds_wf.rename_acompcor" in "/work_dir/fmriprep_24_0_wf/sub_32_wf/bold_task_bird_run_1_wf/bold_confounds_wf/rename_acompcor".
250329-14:42:03,265 nipype.workflow INFO:
	 [Node] Executing "rename_acompcor" <fmriprep.interfaces.confounds.RenameACompCor>
250329-14:42:03,446 nipype.workflow INFO:
	 [Node] Setting-up "fmriprep_24_0_wf.sub_32_wf.bold_task_bird_run_2_wf.bold_confounds_wf.compcor_plot" in "/work_dir/fmriprep_24_0_wf/sub_32_wf/bold_task_bird_run_2_wf/bold_confounds_wf/compcor_plot".
250329-14:42:03,467 nipype.workflow INFO:
	 [Node] Executing "compcor_plot" <nireports.interfaces.nuisance.CompCorVariancePlot>
250329-14:42:03,556 nipype.workflow INFO:
	 [Node] Finished "rename_acompcor", elapsed time 0.289525s.
250329-14:42:03,814 nipype.workflow INFO:
	 [Node] Finished "acompcor", elapsed time 22.86272s.
250329-14:42:03,893 nipype.workflow INFO:
	 [Node] Setting-up "fmriprep_24_0_wf.sub_32_wf.bold_task_bird_run_6_wf.bold_confounds_wf.rename_acompcor" in "/work_dir/fmriprep_24_0_wf/sub_32_wf/bold_task_bird_run_6_wf/bold_confounds_wf/rename_acompcor".
250329-14:42:03,913 nipype.workflow INFO:
	 [Node] Executing "rename_acompcor" <fmriprep.interfaces.confounds.RenameACompCor>
250329-14:42:04,167 nipype.workflow INFO:
	 [Node] Finished "rename_acompcor", elapsed time 0.253256s.
250329-14:42:04,273 nipype.workflow INFO:
	 [Node] Finished "compcor_plot", elapsed time 2.191502s.
250329-14:42:04,518 nipype.workflow INFO:
	 [Node] Setting-up "fmriprep_24_0_wf.sub_32_wf.bold_task_bird_run_4_wf.bold_confounds_wf.compcor_plot" in "/work_dir/fmriprep_24_0_wf/sub_32_wf/bold_task_bird_run_4_wf/bold_confounds_wf/compcor_plot".
250329-14:42:04,521 nipype.workflow INFO:
	 [Node] Executing "compcor_plot" <nireports.interfaces.nuisance.CompCorVariancePlot>
250329-14:42:04,525 nipype.workflow INFO:
	 [Node] Setting-up "fmriprep_24_0_wf.sub_32_wf.bold_task_bird_run_2_wf.bold_confounds_wf.acc_metadata_fmt" in "/work_dir/fmriprep_24_0_wf/sub_32_wf/bold_task_bird_run_2_wf/bold_confounds_wf/acc_metadata_fmt".
250329-14:42:04,528 nipype.workflow INFO:
	 [Node] Executing "acc_metadata_fmt" <niworkflows.interfaces.utility.TSV2JSON>
250329-14:42:04,555 nipype.workflow INFO:
	 [Node] Finished "acc_metadata_fmt", elapsed time 0.027096s.
250329-14:42:05,109 nipype.workflow INFO:
	 [Node] Finished "compcor_plot", elapsed time 1.640484s.
250329-14:42:05,362 nipype.workflow INFO:
	 [Node] Setting-up "fmriprep_24_0_wf.sub_32_wf.bold_task_bird_run_5_wf.bold_confounds_wf.rename_acompcor" in "/work_dir/fmriprep_24_0_wf/sub_32_wf/bold_task_bird_run_5_wf/bold_confounds_wf/rename_acompcor".
250329-14:42:05,365 nipype.workflow INFO:
	 [Node] Executing "rename_acompcor" <fmriprep.interfaces.confounds.RenameACompCor>
250329-14:42:05,541 nipype.workflow INFO:
	 [Node] Finished "rename_acompcor", elapsed time 0.175535s.
250329-14:42:06,142 nipype.workflow INFO:
	 [Node] Setting-up "fmriprep_24_0_wf.sub_32_wf.bold_task_bird_run_1_wf.bold_confounds_wf.acc_metadata_filter" in "/work_dir/fmriprep_24_0_wf/sub_32_wf/bold_task_bird_run_1_wf/bold_confounds_wf/acc_metadata_filter".
250329-14:42:06,144 nipype.workflow INFO:
	 [Node] Executing "acc_metadata_filter" <fmriprep.interfaces.confounds.FilterDropped>
250329-14:42:06,147 nipype.workflow INFO:
	 [Node] Setting-up "fmriprep_24_0_wf.sub_32_wf.bold_task_bird_run_6_wf.bold_confounds_wf.acc_metadata_filter" in "/work_dir/fmriprep_24_0_wf/sub_32_wf/bold_task_bird_run_6_wf/bold_confounds_wf/acc_metadata_filter".
250329-14:42:06,149 nipype.workflow INFO:
	 [Node] Executing "acc_metadata_filter" <fmriprep.interfaces.confounds.FilterDropped>
250329-14:42:06,150 nipype.workflow INFO:
	 [Node] Finished "acc_metadata_filter", elapsed time 0.004995s.
250329-14:42:06,154 nipype.workflow INFO:
	 [Node] Finished "acc_metadata_filter", elapsed time 0.004927s.
250329-14:42:06,771 nipype.workflow INFO:
	 [Node] Finished "compcor_plot", elapsed time 2.249836s.
250329-14:42:07,157 nipype.workflow INFO:
	 [Node] Setting-up "fmriprep_24_0_wf.sub_32_wf.bold_task_bird_run_6_wf.bold_confounds_wf.compcor_plot" in "/work_dir/fmriprep_24_0_wf/sub_32_wf/bold_task_bird_run_6_wf/bold_confounds_wf/compcor_plot".
250329-14:42:07,160 nipype.workflow INFO:
	 [Node] Executing "compcor_plot" <nireports.interfaces.nuisance.CompCorVariancePlot>
250329-14:42:07,176 nipype.workflow INFO:
	 [Node] Setting-up "fmriprep_24_0_wf.sub_32_wf.bold_task_bird_run_2_wf.bold_confounds_wf.model_expansion" in "/work_dir/fmriprep_24_0_wf/sub_32_wf/bold_task_bird_run_2_wf/bold_confounds_wf/model_expansion".
250329-14:42:07,179 nipype.workflow INFO:
	 [Node] Executing "model_expansion" <niworkflows.interfaces.confounds.ExpandModel>
250329-14:42:07,180 nipype.workflow INFO:
	 [Node] Setting-up "fmriprep_24_0_wf.sub_32_wf.bold_task_bird_run_1_wf.bold_confounds_wf.acc_metadata_fmt" in "/work_dir/fmriprep_24_0_wf/sub_32_wf/bold_task_bird_run_1_wf/bold_confounds_wf/acc_metadata_fmt".
250329-14:42:07,182 nipype.workflow INFO:
	 [Node] Executing "acc_metadata_fmt" <niworkflows.interfaces.utility.TSV2JSON>
250329-14:42:07,205 nipype.workflow INFO:
	 [Node] Finished "acc_metadata_fmt", elapsed time 0.022271s.
250329-14:42:07,631 nipype.workflow INFO:
	 [Node] Setting-up "fmriprep_24_0_wf.sub_32_wf.bold_task_bird_run_5_wf.bold_confounds_wf.acc_metadata_filter" in "/work_dir/fmriprep_24_0_wf/sub_32_wf/bold_task_bird_run_5_wf/bold_confounds_wf/acc_metadata_filter".
250329-14:42:07,633 nipype.workflow INFO:
	 [Node] Executing "acc_metadata_filter" <fmriprep.interfaces.confounds.FilterDropped>
250329-14:42:07,660 nipype.workflow INFO:
	 [Node] Finished "acc_metadata_filter", elapsed time 0.026422s.
250329-14:42:07,758 nipype.workflow INFO:
	 [Node] Finished "epi_t1_report", elapsed time 65.381907s.
250329-14:42:07,783 nipype.workflow INFO:
	 [Node] Finished "model_expansion", elapsed time 0.603314s.
250329-14:42:08,88 nipype.workflow INFO:
	 [Node] Setting-up "fmriprep_24_0_wf.sub_32_wf.bold_task_bird_run_5_wf.bold_confounds_wf.compcor_plot" in "/work_dir/fmriprep_24_0_wf/sub_32_wf/bold_task_bird_run_5_wf/bold_confounds_wf/compcor_plot".
250329-14:42:08,104 nipype.workflow INFO:
	 [Node] Executing "compcor_plot" <nireports.interfaces.nuisance.CompCorVariancePlot>
250329-14:42:08,130 nipype.workflow INFO:
	 [Node] Finished "signals", elapsed time 22.394025s.
250329-14:42:08,611 nipype.workflow INFO:
	 [Node] Finished "epi_t1_report", elapsed time 67.09654s.
250329-14:42:08,723 nipype.workflow INFO:
	 [Node] Setting-up "fmriprep_24_0_wf.sub_32_wf.bold_task_bird_run_1_wf.bold_confounds_wf.compcor_plot" in "/work_dir/fmriprep_24_0_wf/sub_32_wf/bold_task_bird_run_1_wf/bold_confounds_wf/compcor_plot".
250329-14:42:08,726 nipype.workflow INFO:
	 [Node] Executing "compcor_plot" <nireports.interfaces.nuisance.CompCorVariancePlot>
250329-14:42:08,884 nipype.workflow INFO:
	 [Node] Finished "compcor_plot", elapsed time 1.72349s.
250329-14:42:09,217 nipype.workflow INFO:
	 [Node] Setting-up "fmriprep_24_0_wf.sub_32_wf.bold_task_bird_run_1_wf.bold_fit_wf.func_fit_reports_wf.ds_epi_t1_report" in "/work_dir/fmriprep_24_0_wf/sub_32_wf/bold_task_bird_run_1_wf/bold_fit_wf/func_fit_reports_wf/ds_epi_t1_report".
250329-14:42:09,244 nipype.workflow INFO:
	 [Node] Executing "ds_epi_t1_report" <fmriprep.interfaces.DerivativesDataSink>
250329-14:42:09,338 nipype.workflow INFO:
	 [Node] Finished "ds_epi_t1_report", elapsed time 0.080062s.
250329-14:42:09,664 nipype.workflow INFO:
	 [Node] Finished "epi_t1_report", elapsed time 66.172873s.
250329-14:42:09,867 nipype.workflow INFO:
	 [Node] Finished "compcor_plot", elapsed time 1.762022s.
250329-14:42:10,379 nipype.workflow INFO:
	 [Node] Setting-up "fmriprep_24_0_wf.sub_32_wf.bold_task_bird_run_2_wf.bold_confounds_wf.conf_corr_plot" in "/work_dir/fmriprep_24_0_wf/sub_32_wf/bold_task_bird_run_2_wf/bold_confounds_wf/conf_corr_plot".
250329-14:42:10,388 nipype.workflow INFO:
	 [Node] Setting-up "fmriprep_24_0_wf.sub_32_wf.bold_task_bird_run_3_wf.bold_confounds_wf.acc_metadata_fmt" in "/work_dir/fmriprep_24_0_wf/sub_32_wf/bold_task_bird_run_3_wf/bold_confounds_wf/acc_metadata_fmt".
250329-14:42:10,391 nipype.workflow INFO:
	 [Node] Executing "acc_metadata_fmt" <niworkflows.interfaces.utility.TSV2JSON>
250329-14:42:10,397 nipype.workflow INFO:
	 [Node] Finished "acc_metadata_fmt", elapsed time 0.005803s.
250329-14:42:10,403 nipype.workflow INFO:
	 [Node] Setting-up "fmriprep_24_0_wf.sub_32_wf.bold_task_bird_run_3_wf.bold_confounds_wf.model_expansion" in "/work_dir/fmriprep_24_0_wf/sub_32_wf/bold_task_bird_run_3_wf/bold_confounds_wf/model_expansion".
250329-14:42:10,405 nipype.workflow INFO:
	 [Node] Executing "model_expansion" <niworkflows.interfaces.confounds.ExpandModel>
250329-14:42:10,414 nipype.workflow INFO:
	 [Node] Setting-up "fmriprep_24_0_wf.sub_32_wf.bold_task_bird_run_4_wf.bold_confounds_wf.acc_metadata_fmt" in "/work_dir/fmriprep_24_0_wf/sub_32_wf/bold_task_bird_run_4_wf/bold_confounds_wf/acc_metadata_fmt".
250329-14:42:10,421 nipype.workflow INFO:
	 [Node] Executing "acc_metadata_fmt" <niworkflows.interfaces.utility.TSV2JSON>
250329-14:42:10,439 nipype.workflow INFO:
	 [Node] Finished "acc_metadata_fmt", elapsed time 0.01739s.
250329-14:42:10,443 nipype.workflow INFO:
	 [Node] Executing "conf_corr_plot" <nireports.interfaces.nuisance.ConfoundsCorrelationPlot>
250329-14:42:10,725 nipype.workflow INFO:
	 [Node] Finished "compcor_plot", elapsed time 1.998608s.
250329-14:42:10,784 nipype.workflow INFO:
	 [Node] Finished "model_expansion", elapsed time 0.377443s.
250329-14:42:11,89 nipype.workflow INFO:
	 [Node] Finished "signals", elapsed time 18.188724s.
250329-14:42:11,144 nipype.workflow INFO:
	 [Node] Setting-up "fmriprep_24_0_wf.sub_32_wf.bold_task_bird_run_2_wf.bold_fit_wf.func_fit_reports_wf.ds_epi_t1_report" in "/work_dir/fmriprep_24_0_wf/sub_32_wf/bold_task_bird_run_2_wf/bold_fit_wf/func_fit_reports_wf/ds_epi_t1_report".
250329-14:42:11,149 nipype.workflow INFO:
	 [Node] Executing "ds_epi_t1_report" <fmriprep.interfaces.DerivativesDataSink>
250329-14:42:11,154 nipype.workflow INFO:
	 [Node] Setting-up "fmriprep_24_0_wf.sub_32_wf.bold_task_bird_run_4_wf.bold_fit_wf.func_fit_reports_wf.ds_epi_t1_report" in "/work_dir/fmriprep_24_0_wf/sub_32_wf/bold_task_bird_run_4_wf/bold_fit_wf/func_fit_reports_wf/ds_epi_t1_report".
250329-14:42:11,158 nipype.workflow INFO:
	 [Node] Executing "ds_epi_t1_report" <fmriprep.interfaces.DerivativesDataSink>
250329-14:42:11,164 nipype.workflow INFO:
	 [Node] Setting-up "fmriprep_24_0_wf.sub_32_wf.bold_task_bird_run_5_wf.bold_confounds_wf.acc_metadata_fmt" in "/work_dir/fmriprep_24_0_wf/sub_32_wf/bold_task_bird_run_5_wf/bold_confounds_wf/acc_metadata_fmt".
250329-14:42:11,164 nipype.workflow INFO:
	 [Node] Setting-up "fmriprep_24_0_wf.sub_32_wf.bold_task_bird_run_4_wf.bold_confounds_wf.model_expansion" in "/work_dir/fmriprep_24_0_wf/sub_32_wf/bold_task_bird_run_4_wf/bold_confounds_wf/model_expansion".
250329-14:42:11,166 nipype.workflow INFO:
	 [Node] Executing "model_expansion" <niworkflows.interfaces.confounds.ExpandModel>
250329-14:42:11,166 nipype.workflow INFO:
	 [Node] Executing "acc_metadata_fmt" <niworkflows.interfaces.utility.TSV2JSON>
250329-14:42:11,170 nipype.workflow INFO:
	 [Node] Setting-up "fmriprep_24_0_wf.sub_32_wf.bold_task_bird_run_4_wf.bold_confounds_wf.conf_corr_plot" in "/work_dir/fmriprep_24_0_wf/sub_32_wf/bold_task_bird_run_4_wf/bold_confounds_wf/conf_corr_plot".
250329-14:42:11,174 nipype.workflow INFO:
	 [Node] Finished "acc_metadata_fmt", elapsed time 0.007054s.
250329-14:42:11,176 nipype.workflow INFO:
	 [Node] Setting-up "fmriprep_24_0_wf.sub_32_wf.bold_task_bird_run_5_wf.bold_confounds_wf.model_expansion" in "/work_dir/fmriprep_24_0_wf/sub_32_wf/bold_task_bird_run_5_wf/bold_confounds_wf/model_expansion".
250329-14:42:11,178 nipype.workflow INFO:
	 [Node] Executing "model_expansion" <niworkflows.interfaces.confounds.ExpandModel>
250329-14:42:11,196 nipype.workflow INFO:
	 [Node] Executing "conf_corr_plot" <nireports.interfaces.nuisance.ConfoundsCorrelationPlot>
250329-14:42:11,213 nipype.workflow INFO:
	 [Node] Finished "ds_epi_t1_report", elapsed time 0.063766s.
250329-14:42:11,224 nipype.workflow INFO:
	 [Node] Finished "ds_epi_t1_report", elapsed time 0.064666s.
250329-14:42:11,401 nipype.workflow INFO:
	 [Node] Finished "model_expansion", elapsed time 0.234074s.
250329-14:42:11,588 nipype.workflow INFO:
	 [Node] Finished "model_expansion", elapsed time 0.409041s.
250329-14:42:11,684 nipype.workflow INFO:
	 [Node] Finished "signals", elapsed time 25.98005s.
250329-14:42:11,743 nipype.workflow INFO:
	 [Node] Setting-up "fmriprep_24_0_wf.sub_32_wf.bold_task_bird_run_3_wf.bold_confounds_wf.conf_corr_plot" in "/work_dir/fmriprep_24_0_wf/sub_32_wf/bold_task_bird_run_3_wf/bold_confounds_wf/conf_corr_plot".
250329-14:42:11,763 nipype.workflow INFO:
	 [Node] Executing "conf_corr_plot" <nireports.interfaces.nuisance.ConfoundsCorrelationPlot>
250329-14:42:13,417 nipype.workflow INFO:
	 [Node] Finished "conf_corr_plot", elapsed time 2.972311s.
250329-14:42:13,763 nipype.workflow INFO:
	 [Node] Setting-up "fmriprep_24_0_wf.sub_32_wf.bold_task_bird_run_5_wf.bold_confounds_wf.conf_corr_plot" in "/work_dir/fmriprep_24_0_wf/sub_32_wf/bold_task_bird_run_5_wf/bold_confounds_wf/conf_corr_plot".
250329-14:42:13,829 nipype.workflow INFO:
	 [Node] Executing "conf_corr_plot" <nireports.interfaces.nuisance.ConfoundsCorrelationPlot>
250329-14:42:14,139 nipype.workflow INFO:
	 [Node] Finished "conf_corr_plot", elapsed time 2.941698s.
250329-14:42:14,468 nipype.workflow INFO:
	 [Node] Setting-up "fmriprep_24_0_wf.sub_32_wf.bold_task_bird_run_6_wf.bold_confounds_wf.acc_metadata_fmt" in "/work_dir/fmriprep_24_0_wf/sub_32_wf/bold_task_bird_run_6_wf/bold_confounds_wf/acc_metadata_fmt".
250329-14:42:14,471 nipype.workflow INFO:
	 [Node] Executing "acc_metadata_fmt" <niworkflows.interfaces.utility.TSV2JSON>
250329-14:42:14,479 nipype.workflow INFO:
	 [Node] Finished "acc_metadata_fmt", elapsed time 0.007516s.
250329-14:42:14,641 nipype.workflow INFO:
	 [Node] Finished "conf_corr_plot", elapsed time 2.865114s.
250329-14:42:14,680 nipype.workflow INFO:
	 [Node] Finished "epi_t1_report", elapsed time 69.924345s.
250329-14:42:15,26 nipype.workflow INFO:
	 [Node] Finished "epi_t1_report", elapsed time 67.481985s.
250329-14:42:15,433 nipype.workflow INFO:
	 [Node] Finished "epi_t1_report", elapsed time 66.566841s.
250329-14:42:16,710 nipype.workflow INFO:
	 [Node] Finished "conf_corr_plot", elapsed time 2.879253s.
250329-14:42:16,976 nipype.workflow INFO:
	 [Node] Setting-up "fmriprep_24_0_wf.sub_32_wf.bold_task_bird_run_2_wf.bold_confounds_wf.spike_regressors" in "/work_dir/fmriprep_24_0_wf/sub_32_wf/bold_task_bird_run_2_wf/bold_confounds_wf/spike_regressors".
250329-14:42:16,979 nipype.workflow INFO:
	 [Node] Executing "spike_regressors" <niworkflows.interfaces.confounds.SpikeRegressors>
250329-14:42:17,189 nipype.workflow INFO:
	 [Node] Finished "spike_regressors", elapsed time 0.208992s.
250329-14:42:17,500 nipype.workflow INFO:
	 [Node] Setting-up "fmriprep_24_0_wf.sub_32_wf.bold_task_bird_run_3_wf.bold_confounds_wf.spike_regressors" in "/work_dir/fmriprep_24_0_wf/sub_32_wf/bold_task_bird_run_3_wf/bold_confounds_wf/spike_regressors".
250329-14:42:17,503 nipype.workflow INFO:
	 [Node] Executing "spike_regressors" <niworkflows.interfaces.confounds.SpikeRegressors>
250329-14:42:17,678 nipype.workflow INFO:
	 [Node] Finished "spike_regressors", elapsed time 0.174847s.
250329-14:42:18,111 nipype.workflow INFO:
	 [Node] Setting-up "fmriprep_24_0_wf.sub_32_wf.bold_task_bird_run_4_wf.bold_confounds_wf.spike_regressors" in "/work_dir/fmriprep_24_0_wf/sub_32_wf/bold_task_bird_run_4_wf/bold_confounds_wf/spike_regressors".
250329-14:42:18,114 nipype.workflow INFO:
	 [Node] Executing "spike_regressors" <niworkflows.interfaces.confounds.SpikeRegressors>
250329-14:42:18,267 nipype.workflow INFO:
	 [Node] Finished "spike_regressors", elapsed time 0.152335s.
250329-14:42:18,687 nipype.workflow INFO:
	 [Node] Setting-up "fmriprep_24_0_wf.sub_32_wf.bold_task_bird_run_5_wf.bold_confounds_wf.spike_regressors" in "/work_dir/fmriprep_24_0_wf/sub_32_wf/bold_task_bird_run_5_wf/bold_confounds_wf/spike_regressors".
250329-14:42:18,689 nipype.workflow INFO:
	 [Node] Executing "spike_regressors" <niworkflows.interfaces.confounds.SpikeRegressors>
250329-14:42:18,983 nipype.workflow INFO:
	 [Node] Finished "spike_regressors", elapsed time 0.292769s.
250329-14:42:19,195 nipype.workflow INFO:
	 [Node] Setting-up "fmriprep_24_0_wf.sub_32_wf.bold_task_bird_run_3_wf.bold_fit_wf.func_fit_reports_wf.ds_epi_t1_report" in "/work_dir/fmriprep_24_0_wf/sub_32_wf/bold_task_bird_run_3_wf/bold_fit_wf/func_fit_reports_wf/ds_epi_t1_report".
250329-14:42:19,200 nipype.workflow INFO:
	 [Node] Setting-up "fmriprep_24_0_wf.sub_32_wf.bold_task_bird_run_5_wf.bold_fit_wf.func_fit_reports_wf.ds_epi_t1_report" in "/work_dir/fmriprep_24_0_wf/sub_32_wf/bold_task_bird_run_5_wf/bold_fit_wf/func_fit_reports_wf/ds_epi_t1_report".
250329-14:42:19,203 nipype.workflow INFO:
	 [Node] Setting-up "fmriprep_24_0_wf.sub_32_wf.bold_task_bird_run_6_wf.bold_fit_wf.func_fit_reports_wf.ds_epi_t1_report" in "/work_dir/fmriprep_24_0_wf/sub_32_wf/bold_task_bird_run_6_wf/bold_fit_wf/func_fit_reports_wf/ds_epi_t1_report".
250329-14:42:19,204 nipype.workflow INFO:
	 [Node] Setting-up "fmriprep_24_0_wf.sub_32_wf.bold_task_bird_run_1_wf.bold_confounds_wf.model_expansion" in "/work_dir/fmriprep_24_0_wf/sub_32_wf/bold_task_bird_run_1_wf/bold_confounds_wf/model_expansion".
250329-14:42:19,205 nipype.workflow INFO:
	 [Node] Setting-up "fmriprep_24_0_wf.sub_32_wf.bold_task_bird_run_1_wf.bold_confounds_wf.conf_corr_plot" in "/work_dir/fmriprep_24_0_wf/sub_32_wf/bold_task_bird_run_1_wf/bold_confounds_wf/conf_corr_plot".
250329-14:42:19,205 nipype.workflow INFO:
	 [Node] Setting-up "fmriprep_24_0_wf.sub_32_wf.bold_task_bird_run_6_wf.bold_confounds_wf.model_expansion" in "/work_dir/fmriprep_24_0_wf/sub_32_wf/bold_task_bird_run_6_wf/bold_confounds_wf/model_expansion".
250329-14:42:19,205 nipype.workflow INFO:
	 [Node] Setting-up "fmriprep_24_0_wf.sub_32_wf.bold_task_bird_run_6_wf.bold_confounds_wf.conf_corr_plot" in "/work_dir/fmriprep_24_0_wf/sub_32_wf/bold_task_bird_run_6_wf/bold_confounds_wf/conf_corr_plot".
250329-14:42:19,207 nipype.workflow INFO:
	 [Node] Executing "model_expansion" <niworkflows.interfaces.confounds.ExpandModel>
250329-14:42:19,207 nipype.workflow INFO:
	 [Node] Executing "model_expansion" <niworkflows.interfaces.confounds.ExpandModel>
250329-14:42:19,217 nipype.workflow INFO:
	 [Node] Executing "conf_corr_plot" <nireports.interfaces.nuisance.ConfoundsCorrelationPlot>
250329-14:42:19,224 nipype.workflow INFO:
	 [Node] Executing "ds_epi_t1_report" <fmriprep.interfaces.DerivativesDataSink>
250329-14:42:19,240 nipype.workflow INFO:
	 [Node] Executing "conf_corr_plot" <nireports.interfaces.nuisance.ConfoundsCorrelationPlot>
250329-14:42:19,322 nipype.workflow INFO:
	 [Node] Finished "ds_epi_t1_report", elapsed time 0.09574s.
250329-14:42:19,530 nipype.workflow INFO:
	 [Node] Finished "model_expansion", elapsed time 0.32203s.
250329-14:42:19,751 nipype.workflow INFO:
	 [Node] Finished "model_expansion", elapsed time 0.544066s.
250329-14:42:20,274 nipype.workflow INFO:
	 [Node] Executing "ds_epi_t1_report" <fmriprep.interfaces.DerivativesDataSink>
250329-14:42:20,322 nipype.workflow INFO:
	 [Node] Finished "ds_epi_t1_report", elapsed time 0.047222s.
250329-14:42:20,369 nipype.workflow INFO:
	 [Node] Executing "ds_epi_t1_report" <fmriprep.interfaces.DerivativesDataSink>
250329-14:42:20,403 nipype.workflow INFO:
	 [Node] Finished "ds_epi_t1_report", elapsed time 0.032537s.
250329-14:42:21,655 nipype.workflow INFO:
	 [Node] Finished "conf_corr_plot", elapsed time 2.43788s.
250329-14:42:22,51 nipype.workflow INFO:
	 [Node] Finished "conf_corr_plot", elapsed time 2.810367s.
250329-14:42:24,343 nipype.workflow INFO:
	 [Node] Setting-up "fmriprep_24_0_wf.sub_32_wf.bold_task_bird_run_1_wf.bold_confounds_wf.spike_regressors" in "/work_dir/fmriprep_24_0_wf/sub_32_wf/bold_task_bird_run_1_wf/bold_confounds_wf/spike_regressors".
250329-14:42:24,346 nipype.workflow INFO:
	 [Node] Executing "spike_regressors" <niworkflows.interfaces.confounds.SpikeRegressors>
250329-14:42:24,644 nipype.workflow INFO:
	 [Node] Finished "spike_regressors", elapsed time 0.297939s.
250329-14:42:24,761 nipype.workflow INFO:
	 [Node] Setting-up "fmriprep_24_0_wf.sub_32_wf.bold_task_bird_run_6_wf.bold_confounds_wf.spike_regressors" in "/work_dir/fmriprep_24_0_wf/sub_32_wf/bold_task_bird_run_6_wf/bold_confounds_wf/spike_regressors".
250329-14:42:24,763 nipype.workflow INFO:
	 [Node] Executing "spike_regressors" <niworkflows.interfaces.confounds.SpikeRegressors>
250329-14:42:25,29 nipype.workflow INFO:
	 [Node] Finished "spike_regressors", elapsed time 0.265243s.
250329-14:42:28,895 nipype.workflow INFO:
	 [Node] Finished "rois_plot", elapsed time 52.63466s.
250329-14:42:30,600 nipype.workflow INFO:
	 [Node] Finished "rois_plot", elapsed time 55.056598s.
250329-14:42:31,465 nipype.workflow INFO:
	 [Node] Finished "rois_plot", elapsed time 55.201623s.
250329-14:42:35,2 nipype.workflow INFO:
	 [Node] Finished "rois_plot", elapsed time 49.241046s.
250329-14:42:36,989 nipype.workflow INFO:
	 [Node] Finished "rois_plot", elapsed time 40.443544s.
250329-14:42:37,203 nipype.workflow INFO:
	 [Node] Finished "rois_plot", elapsed time 40.146722s.
250329-15:16:45,668 nipype.workflow INFO:
	 [Node] Finished "registration", elapsed time 2326.043133s.
250329-15:16:46,177 nipype.workflow INFO:
	 [Node] Setting-up "fmriprep_24_0_wf.sub_32_wf.anat_fit_wf.register_template_wf.outputnode" in "/work_dir/fmriprep_24_0_wf/sub_32_wf/anat_fit_wf/register_template_wf/outputnode".
250329-15:16:46,181 nipype.workflow INFO:
	 [Node] Executing "outputnode" <nipype.interfaces.utility.base.IdentityInterface>
250329-15:16:46,182 nipype.workflow INFO:
	 [Node] Finished "outputnode", elapsed time 0.000415s.
250329-15:16:48,179 nipype.workflow INFO:
	 [Node] Setting-up "fmriprep_24_0_wf.sub_32_wf.anat_fit_wf.template_buffer" in "/work_dir/fmriprep_24_0_wf/sub_32_wf/anat_fit_wf/template_buffer".
250329-15:16:48,182 nipype.workflow INFO:
	 [Node] Executing "template_buffer" <nipype.interfaces.utility.base.Merge>
250329-15:16:48,183 nipype.workflow INFO:
	 [Node] Finished "template_buffer", elapsed time 0.000215s.
250329-15:16:50,177 nipype.workflow INFO:
	 [Node] Setting-up "fmriprep_24_0_wf.sub_32_wf.anat_fit_wf.anat2std_buffer" in "/work_dir/fmriprep_24_0_wf/sub_32_wf/anat_fit_wf/anat2std_buffer".
250329-15:16:50,177 nipype.workflow INFO:
	 [Node] Setting-up "fmriprep_24_0_wf.sub_32_wf.anat_fit_wf.std2anat_buffer" in "/work_dir/fmriprep_24_0_wf/sub_32_wf/anat_fit_wf/std2anat_buffer".
250329-15:16:50,180 nipype.workflow INFO:
	 [Node] Executing "anat2std_buffer" <nipype.interfaces.utility.base.Merge>
250329-15:16:50,180 nipype.workflow INFO:
	 [Node] Executing "std2anat_buffer" <nipype.interfaces.utility.base.Merge>
250329-15:16:50,181 nipype.workflow INFO:
	 [Node] Finished "anat2std_buffer", elapsed time 0.000223s.
250329-15:16:50,181 nipype.workflow INFO:
	 [Node] Finished "std2anat_buffer", elapsed time 0.000242s.
250329-15:16:54,175 nipype.workflow INFO:
	 [Node] Setting-up "fmriprep_24_0_wf.sub_32_wf.bold_task_bird_run_1_wf.carpetplot_wf.mrg_xfms" in "/work_dir/fmriprep_24_0_wf/sub_32_wf/bold_task_bird_run_1_wf/carpetplot_wf/mrg_xfms".
250329-15:16:54,175 nipype.workflow INFO:
	 [Node] Setting-up "fmriprep_24_0_wf.sub_32_wf.bold_task_bird_run_2_wf.carpetplot_wf.mrg_xfms" in "/work_dir/fmriprep_24_0_wf/sub_32_wf/bold_task_bird_run_2_wf/carpetplot_wf/mrg_xfms".
250329-15:16:54,176 nipype.workflow INFO:
	 [Node] Setting-up "fmriprep_24_0_wf.sub_32_wf.bold_task_bird_run_3_wf.carpetplot_wf.mrg_xfms" in "/work_dir/fmriprep_24_0_wf/sub_32_wf/bold_task_bird_run_3_wf/carpetplot_wf/mrg_xfms".
250329-15:16:54,176 nipype.workflow INFO:
	 [Node] Setting-up "fmriprep_24_0_wf.sub_32_wf.bold_task_bird_run_4_wf.carpetplot_wf.mrg_xfms" in "/work_dir/fmriprep_24_0_wf/sub_32_wf/bold_task_bird_run_4_wf/carpetplot_wf/mrg_xfms".
250329-15:16:54,177 nipype.workflow INFO:
	 [Node] Setting-up "fmriprep_24_0_wf.sub_32_wf.bold_task_bird_run_5_wf.carpetplot_wf.mrg_xfms" in "/work_dir/fmriprep_24_0_wf/sub_32_wf/bold_task_bird_run_5_wf/carpetplot_wf/mrg_xfms".
250329-15:16:54,177 nipype.workflow INFO:
	 [Node] Setting-up "fmriprep_24_0_wf.sub_32_wf.bold_task_bird_run_6_wf.carpetplot_wf.mrg_xfms" in "/work_dir/fmriprep_24_0_wf/sub_32_wf/bold_task_bird_run_6_wf/carpetplot_wf/mrg_xfms".
250329-15:16:54,179 nipype.workflow INFO:
	 [Node] Executing "mrg_xfms" <nipype.interfaces.utility.base.Merge>
250329-15:16:54,179 nipype.workflow INFO:
	 [Node] Executing "mrg_xfms" <nipype.interfaces.utility.base.Merge>
250329-15:16:54,179 nipype.workflow INFO:
	 [Node] Executing "mrg_xfms" <nipype.interfaces.utility.base.Merge>
250329-15:16:54,179 nipype.workflow INFO:
	 [Node] Executing "mrg_xfms" <nipype.interfaces.utility.base.Merge>
250329-15:16:54,180 nipype.workflow INFO:
	 [Node] Finished "mrg_xfms", elapsed time 0.000225s.
250329-15:16:54,180 nipype.workflow INFO:
	 [Node] Finished "mrg_xfms", elapsed time 0.000219s.
250329-15:16:54,180 nipype.workflow INFO:
	 [Node] Finished "mrg_xfms", elapsed time 0.000222s.
250329-15:16:54,180 nipype.workflow INFO:
	 [Node] Finished "mrg_xfms", elapsed time 0.000226s.
250329-15:16:54,186 nipype.workflow INFO:
	 [Node] Executing "mrg_xfms" <nipype.interfaces.utility.base.Merge>
250329-15:16:54,186 nipype.workflow INFO:
	 [Node] Executing "mrg_xfms" <nipype.interfaces.utility.base.Merge>
250329-15:16:54,187 nipype.workflow INFO:
	 [Node] Finished "mrg_xfms", elapsed time 0.000223s.
250329-15:16:54,187 nipype.workflow INFO:
	 [Node] Finished "mrg_xfms", elapsed time 0.000215s.
250329-15:16:56,184 nipype.workflow INFO:
	 [Node] Setting-up "fmriprep_24_0_wf.sub_32_wf.bold_task_bird_run_1_wf.carpetplot_wf.resample_parc" in "/work_dir/fmriprep_24_0_wf/sub_32_wf/bold_task_bird_run_1_wf/carpetplot_wf/resample_parc".
250329-15:16:56,184 nipype.workflow INFO:
	 [Node] Setting-up "fmriprep_24_0_wf.sub_32_wf.bold_task_bird_run_2_wf.carpetplot_wf.resample_parc" in "/work_dir/fmriprep_24_0_wf/sub_32_wf/bold_task_bird_run_2_wf/carpetplot_wf/resample_parc".
250329-15:16:56,185 nipype.workflow INFO:
	 [Node] Setting-up "fmriprep_24_0_wf.sub_32_wf.bold_task_bird_run_3_wf.carpetplot_wf.resample_parc" in "/work_dir/fmriprep_24_0_wf/sub_32_wf/bold_task_bird_run_3_wf/carpetplot_wf/resample_parc".
250329-15:16:56,186 nipype.workflow INFO:
	 [Node] Setting-up "fmriprep_24_0_wf.sub_32_wf.bold_task_bird_run_4_wf.carpetplot_wf.resample_parc" in "/work_dir/fmriprep_24_0_wf/sub_32_wf/bold_task_bird_run_4_wf/carpetplot_wf/resample_parc".
250329-15:16:56,187 nipype.workflow INFO:
	 [Node] Setting-up "fmriprep_24_0_wf.sub_32_wf.bold_task_bird_run_5_wf.carpetplot_wf.resample_parc" in "/work_dir/fmriprep_24_0_wf/sub_32_wf/bold_task_bird_run_5_wf/carpetplot_wf/resample_parc".
250329-15:16:56,189 nipype.workflow INFO:
	 [Node] Executing "resample_parc" <niworkflows.interfaces.fixes.FixHeaderApplyTransforms>
250329-15:16:56,189 nipype.workflow INFO:
	 [Node] Executing "resample_parc" <niworkflows.interfaces.fixes.FixHeaderApplyTransforms>
250329-15:16:56,190 nipype.workflow INFO:
	 [Node] Setting-up "fmriprep_24_0_wf.sub_32_wf.bold_task_bird_run_6_wf.carpetplot_wf.resample_parc" in "/work_dir/fmriprep_24_0_wf/sub_32_wf/bold_task_bird_run_6_wf/carpetplot_wf/resample_parc".
250329-15:16:56,190 nipype.workflow INFO:
	 [Node] Executing "resample_parc" <niworkflows.interfaces.fixes.FixHeaderApplyTransforms>
250329-15:16:56,191 nipype.workflow INFO:
	 [Node] Executing "resample_parc" <niworkflows.interfaces.fixes.FixHeaderApplyTransforms>
250329-15:16:56,192 nipype.workflow INFO:
	 [Node] Executing "resample_parc" <niworkflows.interfaces.fixes.FixHeaderApplyTransforms>
250329-15:16:56,194 nipype.workflow INFO:
	 [Node] Executing "resample_parc" <niworkflows.interfaces.fixes.FixHeaderApplyTransforms>
250329-15:17:02,273 nipype.workflow INFO:
	 [Node] Finished "resample_parc", elapsed time 6.083142s.
250329-15:17:02,276 nipype.workflow INFO:
	 [Node] Finished "resample_parc", elapsed time 6.086309s.
250329-15:17:02,349 nipype.workflow INFO:
	 [Node] Finished "resample_parc", elapsed time 6.157028s.
250329-15:17:02,377 nipype.workflow INFO:
	 [Node] Finished "resample_parc", elapsed time 6.18613s.
250329-15:17:02,386 nipype.workflow INFO:
	 [Node] Finished "resample_parc", elapsed time 6.192804s.
250329-15:17:02,413 nipype.workflow INFO:
	 [Node] Finished "resample_parc", elapsed time 6.217706s.
250329-15:17:04,181 nipype.workflow INFO:
	 [Node] Setting-up "fmriprep_24_0_wf.sub_32_wf.bold_task_bird_run_1_wf.carpetplot_wf.parcels" in "/work_dir/fmriprep_24_0_wf/sub_32_wf/bold_task_bird_run_1_wf/carpetplot_wf/parcels".
250329-15:17:04,181 nipype.workflow INFO:
	 [Node] Setting-up "fmriprep_24_0_wf.sub_32_wf.bold_task_bird_run_2_wf.carpetplot_wf.parcels" in "/work_dir/fmriprep_24_0_wf/sub_32_wf/bold_task_bird_run_2_wf/carpetplot_wf/parcels".
250329-15:17:04,182 nipype.workflow INFO:
	 [Node] Setting-up "fmriprep_24_0_wf.sub_32_wf.bold_task_bird_run_3_wf.carpetplot_wf.parcels" in "/work_dir/fmriprep_24_0_wf/sub_32_wf/bold_task_bird_run_3_wf/carpetplot_wf/parcels".
250329-15:17:04,183 nipype.workflow INFO:
	 [Node] Setting-up "fmriprep_24_0_wf.sub_32_wf.bold_task_bird_run_4_wf.carpetplot_wf.parcels" in "/work_dir/fmriprep_24_0_wf/sub_32_wf/bold_task_bird_run_4_wf/carpetplot_wf/parcels".
250329-15:17:04,183 nipype.workflow INFO:
	 [Node] Setting-up "fmriprep_24_0_wf.sub_32_wf.bold_task_bird_run_5_wf.carpetplot_wf.parcels" in "/work_dir/fmriprep_24_0_wf/sub_32_wf/bold_task_bird_run_5_wf/carpetplot_wf/parcels".
250329-15:17:04,183 nipype.workflow INFO:
	 [Node] Setting-up "fmriprep_24_0_wf.sub_32_wf.bold_task_bird_run_6_wf.carpetplot_wf.parcels" in "/work_dir/fmriprep_24_0_wf/sub_32_wf/bold_task_bird_run_6_wf/carpetplot_wf/parcels".
250329-15:17:04,185 nipype.workflow INFO:
	 [Node] Executing "parcels" <nipype.interfaces.utility.wrappers.Function>
250329-15:17:04,185 nipype.workflow INFO:
	 [Node] Executing "parcels" <nipype.interfaces.utility.wrappers.Function>
250329-15:17:04,186 nipype.workflow INFO:
	 [Node] Executing "parcels" <nipype.interfaces.utility.wrappers.Function>
250329-15:17:04,187 nipype.workflow INFO:
	 [Node] Executing "parcels" <nipype.interfaces.utility.wrappers.Function>
250329-15:17:04,188 nipype.workflow INFO:
	 [Node] Executing "parcels" <nipype.interfaces.utility.wrappers.Function>
250329-15:17:04,198 nipype.workflow INFO:
	 [Node] Executing "parcels" <nipype.interfaces.utility.wrappers.Function>
250329-15:17:04,259 nipype.workflow INFO:
	 [Node] Finished "parcels", elapsed time 0.071005s.
250329-15:17:04,260 nipype.workflow INFO:
	 [Node] Finished "parcels", elapsed time 0.073736s.
250329-15:17:04,263 nipype.workflow INFO:
	 [Node] Finished "parcels", elapsed time 0.076964s.
250329-15:17:04,264 nipype.workflow INFO:
	 [Node] Finished "parcels", elapsed time 0.078463s.
250329-15:17:04,273 nipype.workflow INFO:
	 [Node] Finished "parcels", elapsed time 0.073938s.
250329-15:17:04,273 nipype.workflow INFO:
	 [Node] Finished "parcels", elapsed time 0.084728s.
250329-15:17:06,182 nipype.workflow INFO:
	 [Node] Setting-up "fmriprep_24_0_wf.sub_32_wf.bold_task_bird_run_1_wf.carpetplot_wf.conf_plot" in "/work_dir/fmriprep_24_0_wf/sub_32_wf/bold_task_bird_run_1_wf/carpetplot_wf/conf_plot".
250329-15:17:06,184 nipype.workflow INFO:
	 [Node] Setting-up "fmriprep_24_0_wf.sub_32_wf.bold_task_bird_run_3_wf.carpetplot_wf.conf_plot" in "/work_dir/fmriprep_24_0_wf/sub_32_wf/bold_task_bird_run_3_wf/carpetplot_wf/conf_plot".
250329-15:17:06,186 nipype.workflow INFO:
	 [Node] Setting-up "fmriprep_24_0_wf.sub_32_wf.bold_task_bird_run_4_wf.carpetplot_wf.conf_plot" in "/work_dir/fmriprep_24_0_wf/sub_32_wf/bold_task_bird_run_4_wf/carpetplot_wf/conf_plot".
250329-15:17:06,186 nipype.workflow INFO:
	 [Node] Setting-up "fmriprep_24_0_wf.sub_32_wf.bold_task_bird_run_5_wf.carpetplot_wf.conf_plot" in "/work_dir/fmriprep_24_0_wf/sub_32_wf/bold_task_bird_run_5_wf/carpetplot_wf/conf_plot".
250329-15:17:06,186 nipype.workflow INFO:
	 [Node] Setting-up "fmriprep_24_0_wf.sub_32_wf.bold_task_bird_run_6_wf.carpetplot_wf.conf_plot" in "/work_dir/fmriprep_24_0_wf/sub_32_wf/bold_task_bird_run_6_wf/carpetplot_wf/conf_plot".
250329-15:17:06,188 nipype.workflow INFO:
	 [Node] Executing "conf_plot" <fmriprep.interfaces.confounds.FMRISummary>
250329-15:17:06,190 nipype.workflow INFO:
	 [Node] Executing "conf_plot" <fmriprep.interfaces.confounds.FMRISummary>
250329-15:17:06,191 nipype.workflow INFO:
	 [Node] Executing "conf_plot" <fmriprep.interfaces.confounds.FMRISummary>
250329-15:17:06,192 nipype.workflow INFO:
	 [Node] Executing "conf_plot" <fmriprep.interfaces.confounds.FMRISummary>
250329-15:17:06,193 nipype.workflow INFO:
	 [Node] Executing "conf_plot" <fmriprep.interfaces.confounds.FMRISummary>
250329-15:17:06,297 nipype.workflow INFO:
	 [Node] Setting-up "fmriprep_24_0_wf.sub_32_wf.bold_task_bird_run_2_wf.carpetplot_wf.conf_plot" in "/work_dir/fmriprep_24_0_wf/sub_32_wf/bold_task_bird_run_2_wf/carpetplot_wf/conf_plot".
250329-15:17:06,303 nipype.workflow INFO:
	 [Node] Executing "conf_plot" <fmriprep.interfaces.confounds.FMRISummary>
250329-15:17:15,574 nipype.workflow INFO:
	 [Node] Finished "conf_plot", elapsed time 9.38238s.
250329-15:17:15,604 nipype.workflow INFO:
	 [Node] Finished "conf_plot", elapsed time 9.410508s.
250329-15:17:15,760 nipype.workflow INFO:
	 [Node] Finished "conf_plot", elapsed time 9.456274s.
250329-15:17:15,874 nipype.workflow INFO:
	 [Node] Finished "conf_plot", elapsed time 9.681027s.
250329-15:17:15,878 nipype.workflow INFO:
	 [Node] Finished "conf_plot", elapsed time 9.689021s.
250329-15:17:15,891 nipype.workflow INFO:
	 [Node] Finished "conf_plot", elapsed time 9.69984s.
250329-15:57:56,993 nipype.workflow INFO:
	 [Node] Finished "_msmsulc0", elapsed time 4911.628715s.
250329-15:58:07,369 nipype.workflow INFO:
	 [Node] Finished "_msmsulc1", elapsed time 4921.998977s.
250329-15:58:08,357 nipype.workflow INFO:
	 [Node] Setting-up "_msmsulc0" in "/work_dir/fmriprep_24_0_wf/sub_32_wf/anat_fit_wf/msm_sulc_wf/msmsulc/mapflow/_msmsulc0".
250329-15:58:08,361 nipype.workflow INFO:
	 [Node] Cached "_msmsulc0" - collecting precomputed outputs
250329-15:58:08,361 nipype.workflow INFO:
	 [Node] "_msmsulc0" found cached.
250329-15:58:08,362 nipype.workflow INFO:
	 [Node] Setting-up "_msmsulc1" in "/work_dir/fmriprep_24_0_wf/sub_32_wf/anat_fit_wf/msm_sulc_wf/msmsulc/mapflow/_msmsulc1".
250329-15:58:08,366 nipype.workflow INFO:
	 [Node] Cached "_msmsulc1" - collecting precomputed outputs
250329-15:58:08,367 nipype.workflow INFO:
	 [Node] "_msmsulc1" found cached.
250329-15:58:16,294 nipype.workflow IMPORTANT:
	 fMRIPrep finished successfully!
250329-15:58:16,300 nipype.workflow IMPORTANT:
	 Works derived from this fMRIPrep execution should include the boilerplate text found in <OUTPUT_PATH>/logs/CITATION.md.
