You are using fMRIPrep-24.0.0, and a newer version of fMRIPrep is available: 25.0.0.
Please check out our documentation about how and when to upgrade:
https://fmriprep.readthedocs.io/en/latest/faq.html#upgrading
bids-validator@1.14.6
(node:39056) Warning: Closing directory handle on garbage collection
(Use `node --trace-warnings ...` to show where the warning was created)
	[33m1: [WARN] The recommended file /README is missing. See Section 03 (Modality agnostic files) of the BIDS specification. (code: 101 - README_FILE_MISSING)[39m

[36m	Please visit https://neurostars.org/search?q=README_FILE_MISSING for existing conversations about this issue.[39m

        [34m[4mSummary:[24m[39m                  [34m[4mAvailable Tasks:[24m[39m        [34m[4mAvailable Modalities:[39m[24m 
        681 Files, 46.44GB                                MRI                   
        34 - Subjects                                                           
        1 - Session                                                             


[36m	If you have any questions, please post on https://neurostars.org/tags/bids.[39m
250329-09:50:28,937 nipype.workflow IMPORTANT:
	 Running fMRIPrep version 24.0.0

         License NOTICE ##################################################
         fMRIPrep 24.0.0
         Copyright The NiPreps Developers.
         
         This product includes software developed by
         the NiPreps Community (https://nipreps.org/).
         
         Portions of this software were developed at the Department of
         Psychology at Stanford University, Stanford, CA, US.
         
         This software is also distributed as a Docker container image.
         The bootstrapping file for the image ("Dockerfile") is licensed
         under the MIT License.
         
         This software may be distributed through an add-on package called
         "Docker Wrapper" that is under the BSD 3-clause License.
         #################################################################
250329-09:50:28,972 nipype.workflow IMPORTANT:
	 Building fMRIPrep's workflow:
           * BIDS dataset path: /raw.
           * Participant list: ['31'].
           * Run identifier: 20250329-095007_f4846e93-cbe4-4d97-a767-cfbec8f8848e.
           * Output spaces: func.
           * Pre-run FreeSurfer's SUBJECTS_DIR: /output/sourcedata/freesurfer.
250329-09:50:29,764 nipype.workflow INFO:
	 ANAT Stage 1: Adding template workflow
250329-09:50:30,319 nipype.workflow INFO:
	 ANAT Stage 2: Preparing brain extraction workflow
250329-09:50:30,461 nipype.workflow INFO:
	 ANAT Stage 3: Preparing segmentation workflow
250329-09:50:30,469 nipype.workflow INFO:
	 ANAT Stage 4: Preparing normalization workflow for ['MNI152NLin2009cAsym']
250329-09:50:30,485 nipype.workflow INFO:
	 ANAT Stage 5: Preparing surface reconstruction workflow
250329-09:50:30,517 nipype.workflow INFO:
	 ANAT Stage 6: Preparing mask refinement workflow
250329-09:50:30,521 nipype.workflow INFO:
	 ANAT No T2w images provided - skipping Stage 7
250329-09:50:30,521 nipype.workflow INFO:
	 ANAT Stage 8: Creating GIFTI surfaces for ['white', 'pial', 'midthickness', 'sphere_reg', 'sphere']
250329-09:50:30,551 nipype.workflow INFO:
	 ANAT Stage 8: Creating GIFTI metrics for ['thickness', 'sulc']
250329-09:50:30,563 nipype.workflow INFO:
	 ANAT Stage 8a: Creating cortical ribbon mask
250329-09:50:30,568 nipype.workflow INFO:
	 ANAT Stage 9: Creating fsLR registration sphere
250329-09:50:30,575 nipype.workflow INFO:
	 ANAT Stage 10: Creating MSM-Sulc registration sphere
250329-09:50:30,811 nipype.workflow INFO:
	 No single-band-reference found for sub-31_task-bird_run-1_bold.nii.gz.
250329-09:50:30,922 nipype.workflow INFO:
	 Stage 1: Adding HMC boldref workflow
250329-09:50:30,934 nipype.workflow INFO:
	 Stage 2: Adding motion correction workflow
250329-09:50:30,947 nipype.workflow INFO:
	 Stage 3: Adding coregistration boldref workflow
250329-09:50:31,19 nipype.workflow IMPORTANT:
	 BOLD series will be slice-timing corrected to an offset of 0.959s.
250329-09:50:31,187 nipype.workflow INFO:
	 No single-band-reference found for sub-31_task-bird_run-2_bold.nii.gz.
250329-09:50:31,273 nipype.workflow INFO:
	 Stage 1: Adding HMC boldref workflow
250329-09:50:31,282 nipype.workflow INFO:
	 Stage 2: Adding motion correction workflow
250329-09:50:31,291 nipype.workflow INFO:
	 Stage 3: Adding coregistration boldref workflow
250329-09:50:31,354 nipype.workflow IMPORTANT:
	 BOLD series will be slice-timing corrected to an offset of 0.959s.
250329-09:50:31,511 nipype.workflow INFO:
	 No single-band-reference found for sub-31_task-bird_run-3_bold.nii.gz.
250329-09:50:31,597 nipype.workflow INFO:
	 Stage 1: Adding HMC boldref workflow
250329-09:50:31,607 nipype.workflow INFO:
	 Stage 2: Adding motion correction workflow
250329-09:50:31,614 nipype.workflow INFO:
	 Stage 3: Adding coregistration boldref workflow
250329-09:50:31,678 nipype.workflow IMPORTANT:
	 BOLD series will be slice-timing corrected to an offset of 0.959s.
250329-09:50:31,834 nipype.workflow INFO:
	 No single-band-reference found for sub-31_task-bird_run-4_bold.nii.gz.
250329-09:50:31,922 nipype.workflow INFO:
	 Stage 1: Adding HMC boldref workflow
250329-09:50:31,931 nipype.workflow INFO:
	 Stage 2: Adding motion correction workflow
250329-09:50:31,938 nipype.workflow INFO:
	 Stage 3: Adding coregistration boldref workflow
250329-09:50:32,1 nipype.workflow IMPORTANT:
	 BOLD series will be slice-timing corrected to an offset of 0.959s.
250329-09:50:32,157 nipype.workflow INFO:
	 No single-band-reference found for sub-31_task-bird_run-5_bold.nii.gz.
250329-09:50:32,244 nipype.workflow INFO:
	 Stage 1: Adding HMC boldref workflow
250329-09:50:32,253 nipype.workflow INFO:
	 Stage 2: Adding motion correction workflow
250329-09:50:32,260 nipype.workflow INFO:
	 Stage 3: Adding coregistration boldref workflow
250329-09:50:32,324 nipype.workflow IMPORTANT:
	 BOLD series will be slice-timing corrected to an offset of 0.96s.
250329-09:50:32,484 nipype.workflow INFO:
	 No single-band-reference found for sub-31_task-bird_run-6_bold.nii.gz.
250329-09:50:32,570 nipype.workflow INFO:
	 Stage 1: Adding HMC boldref workflow
250329-09:50:32,579 nipype.workflow INFO:
	 Stage 2: Adding motion correction workflow
250329-09:50:32,587 nipype.workflow INFO:
	 Stage 3: Adding coregistration boldref workflow
250329-09:50:32,649 nipype.workflow IMPORTANT:
	 BOLD series will be slice-timing corrected to an offset of 0.959s.
250329-09:50:38,203 nipype.workflow INFO:
	 fMRIPrep workflow graph with 1089 nodes built successfully.
250329-09:51:00,563 nipype.workflow IMPORTANT:
	 fMRIPrep started!
250329-09:51:22,126 nipype.workflow INFO:
	 [Node] Setting-up "fmriprep_24_0_wf.sub_31_wf.anat_fit_wf.brain_extraction_wf.full_wm" in "/work_dir/fmriprep_24_0_wf/sub_31_wf/anat_fit_wf/brain_extraction_wf/full_wm".
250329-09:51:22,134 nipype.workflow INFO:
	 [Node] Executing "full_wm" <nipype.interfaces.utility.wrappers.Function>
250329-09:51:22,685 nipype.workflow INFO:
	 [Node] Setting-up "fmriprep_24_0_wf.sub_31_wf.anat_fit_wf.brain_extraction_wf.res_tmpl" in "/work_dir/fmriprep_24_0_wf/sub_31_wf/anat_fit_wf/brain_extraction_wf/res_tmpl".
250329-09:51:22,688 nipype.workflow INFO:
	 [Node] Executing "res_tmpl" <niworkflows.interfaces.nibabel.RegridToZooms>
250329-09:51:23,851 nipype.workflow INFO:
	 [Node] Finished "full_wm", elapsed time 1.688693s.
250329-09:51:23,940 nipype.workflow INFO:
	 [Node] Setting-up "fmriprep_24_0_wf.sub_31_wf.anat_fit_wf.brain_extraction_wf.lap_tmpl" in "/work_dir/fmriprep_24_0_wf/sub_31_wf/anat_fit_wf/brain_extraction_wf/lap_tmpl".
250329-09:51:23,952 nipype.workflow INFO:
	 [Node] Executing "lap_tmpl" <nipype.interfaces.ants.utils.ImageMath>
250329-09:51:24,859 nipype.workflow INFO:
	 [Node] Setting-up "fmriprep_24_0_wf.sub_31_wf.bold_task_bird_run_1_wf.bold_fit_wf.hmc_boldref_wf.val_bold" in "/work_dir/fmriprep_24_0_wf/sub_31_wf/bold_task_bird_run_1_wf/bold_fit_wf/hmc_boldref_wf/val_bold".
250329-09:51:24,861 nipype.workflow INFO:
	 [Node] Executing "val_bold" <niworkflows.interfaces.header.ValidateImage>
250329-09:51:25,186 nipype.workflow INFO:
	 [Node] Finished "val_bold", elapsed time 0.292321s.
250329-09:51:25,203 nipype.workflow INFO:
	 [Node] Setting-up "fmriprep_24_0_wf.sub_31_wf.bold_task_bird_run_1_wf.bold_fit_wf.hmc_boldref_wf.get_dummy" in "/work_dir/fmriprep_24_0_wf/sub_31_wf/bold_task_bird_run_1_wf/bold_fit_wf/hmc_boldref_wf/get_dummy".
250329-09:51:25,205 nipype.workflow INFO:
	 [Node] Executing "get_dummy" <niworkflows.interfaces.bold.NonsteadyStatesDetector>
250329-09:51:25,584 nipype.workflow INFO:
	 [Node] Setting-up "fmriprep_24_0_wf.sub_31_wf.bold_task_bird_run_1_wf.bold_native_wf.bold_source" in "/work_dir/fmriprep_24_0_wf/sub_31_wf/bold_task_bird_run_1_wf/bold_native_wf/bold_source".
250329-09:51:25,586 nipype.workflow INFO:
	 [Node] Executing "bold_source" <nipype.interfaces.utility.base.Select>
250329-09:51:25,629 nipype.workflow INFO:
	 [Node] Finished "bold_source", elapsed time 0.000416s.
250329-09:51:25,928 nipype.workflow INFO:
	 [Node] Setting-up "fmriprep_24_0_wf.sub_31_wf.bold_task_bird_run_2_wf.bold_native_wf.bold_source" in "/work_dir/fmriprep_24_0_wf/sub_31_wf/bold_task_bird_run_2_wf/bold_native_wf/bold_source".
250329-09:51:25,931 nipype.workflow INFO:
	 [Node] Executing "bold_source" <nipype.interfaces.utility.base.Select>
250329-09:51:25,963 nipype.workflow INFO:
	 [Node] Finished "bold_source", elapsed time 0.000404s.
250329-09:51:26,304 nipype.workflow INFO:
	 [Node] Setting-up "fmriprep_24_0_wf.sub_31_wf.bold_task_bird_run_2_wf.bold_fit_wf.hmc_boldref_wf.val_bold" in "/work_dir/fmriprep_24_0_wf/sub_31_wf/bold_task_bird_run_2_wf/bold_fit_wf/hmc_boldref_wf/val_bold".
250329-09:51:26,306 nipype.workflow INFO:
	 [Node] Executing "val_bold" <niworkflows.interfaces.header.ValidateImage>
250329-09:51:26,338 nipype.workflow INFO:
	 [Node] Setting-up "fmriprep_24_0_wf.sub_31_wf.bold_task_bird_run_3_wf.bold_native_wf.bold_source" in "/work_dir/fmriprep_24_0_wf/sub_31_wf/bold_task_bird_run_3_wf/bold_native_wf/bold_source".
250329-09:51:26,340 nipype.workflow INFO:
	 [Node] Executing "bold_source" <nipype.interfaces.utility.base.Select>
250329-09:51:26,369 nipype.workflow INFO:
	 [Node] Finished "bold_source", elapsed time 0.000418s.
250329-09:51:26,374 nipype.workflow INFO:
	 [Node] Setting-up "fmriprep_24_0_wf.sub_31_wf.bold_task_bird_run_2_wf.bold_fit_wf.hmc_boldref_wf.get_dummy" in "/work_dir/fmriprep_24_0_wf/sub_31_wf/bold_task_bird_run_2_wf/bold_fit_wf/hmc_boldref_wf/get_dummy".
250329-09:51:26,375 nipype.workflow INFO:
	 [Node] Executing "get_dummy" <niworkflows.interfaces.bold.NonsteadyStatesDetector>
250329-09:51:26,582 nipype.workflow INFO:
	 [Node] Finished "val_bold", elapsed time 0.275607s.
250329-09:51:26,601 nipype.workflow INFO:
	 [Node] Setting-up "fmriprep_24_0_wf.sub_31_wf.bold_task_bird_run_4_wf.bold_native_wf.bold_source" in "/work_dir/fmriprep_24_0_wf/sub_31_wf/bold_task_bird_run_4_wf/bold_native_wf/bold_source".
250329-09:51:26,603 nipype.workflow INFO:
	 [Node] Executing "bold_source" <nipype.interfaces.utility.base.Select>
250329-09:51:26,604 nipype.workflow INFO:
	 [Node] Finished "bold_source", elapsed time 0.000353s.
250329-09:51:26,651 nipype.workflow INFO:
	 [Node] Setting-up "fmriprep_24_0_wf.sub_31_wf.bold_task_bird_run_3_wf.bold_fit_wf.hmc_boldref_wf.val_bold" in "/work_dir/fmriprep_24_0_wf/sub_31_wf/bold_task_bird_run_3_wf/bold_fit_wf/hmc_boldref_wf/val_bold".
250329-09:51:26,668 nipype.workflow INFO:
	 [Node] Executing "val_bold" <niworkflows.interfaces.header.ValidateImage>
250329-09:51:26,719 nipype.workflow INFO:
	 [Node] Setting-up "fmriprep_24_0_wf.sub_31_wf.bold_task_bird_run_3_wf.bold_fit_wf.hmc_boldref_wf.get_dummy" in "/work_dir/fmriprep_24_0_wf/sub_31_wf/bold_task_bird_run_3_wf/bold_fit_wf/hmc_boldref_wf/get_dummy".
250329-09:51:26,721 nipype.workflow INFO:
	 [Node] Executing "get_dummy" <niworkflows.interfaces.bold.NonsteadyStatesDetector>
250329-09:51:27,5 nipype.workflow INFO:
	 [Node] Finished "val_bold", elapsed time 0.291775s.
250329-09:51:27,52 nipype.workflow INFO:
	 [Node] Setting-up "fmriprep_24_0_wf.sub_31_wf.bold_task_bird_run_4_wf.bold_fit_wf.hmc_boldref_wf.val_bold" in "/work_dir/fmriprep_24_0_wf/sub_31_wf/bold_task_bird_run_4_wf/bold_fit_wf/hmc_boldref_wf/val_bold".
250329-09:51:27,53 nipype.workflow INFO:
	 [Node] Setting-up "fmriprep_24_0_wf.sub_31_wf.bold_task_bird_run_4_wf.bold_fit_wf.hmc_boldref_wf.get_dummy" in "/work_dir/fmriprep_24_0_wf/sub_31_wf/bold_task_bird_run_4_wf/bold_fit_wf/hmc_boldref_wf/get_dummy".
250329-09:51:27,54 nipype.workflow INFO:
	 [Node] Executing "val_bold" <niworkflows.interfaces.header.ValidateImage>
250329-09:51:27,55 nipype.workflow INFO:
	 [Node] Executing "get_dummy" <niworkflows.interfaces.bold.NonsteadyStatesDetector>
250329-09:51:27,380 nipype.workflow INFO:
	 [Node] Finished "val_bold", elapsed time 0.293089s.
250329-09:51:27,406 nipype.workflow INFO:
	 [Node] Setting-up "fmriprep_24_0_wf.sub_31_wf.bold_task_bird_run_5_wf.bold_fit_wf.hmc_boldref_wf.val_bold" in "/work_dir/fmriprep_24_0_wf/sub_31_wf/bold_task_bird_run_5_wf/bold_fit_wf/hmc_boldref_wf/val_bold".
250329-09:51:27,416 nipype.workflow INFO:
	 [Node] Executing "val_bold" <niworkflows.interfaces.header.ValidateImage>
250329-09:51:27,428 nipype.workflow INFO:
	 [Node] Setting-up "fmriprep_24_0_wf.sub_31_wf.bold_task_bird_run_5_wf.bold_fit_wf.hmc_boldref_wf.get_dummy" in "/work_dir/fmriprep_24_0_wf/sub_31_wf/bold_task_bird_run_5_wf/bold_fit_wf/hmc_boldref_wf/get_dummy".
250329-09:51:27,438 nipype.workflow INFO:
	 [Node] Executing "get_dummy" <niworkflows.interfaces.bold.NonsteadyStatesDetector>
250329-09:51:27,742 nipype.workflow INFO:
	 [Node] Finished "val_bold", elapsed time 0.295941s.
250329-09:51:28,429 nipype.workflow INFO:
	 [Node] Setting-up "fmriprep_24_0_wf.sub_31_wf.bold_task_bird_run_5_wf.bold_native_wf.bold_source" in "/work_dir/fmriprep_24_0_wf/sub_31_wf/bold_task_bird_run_5_wf/bold_native_wf/bold_source".
250329-09:51:28,431 nipype.workflow INFO:
	 [Node] Executing "bold_source" <nipype.interfaces.utility.base.Select>
250329-09:51:28,456 nipype.workflow INFO:
	 [Node] Finished "bold_source", elapsed time 0.000403s.
250329-09:51:28,794 nipype.workflow INFO:
	 [Node] Finished "res_tmpl", elapsed time 6.076064s.
250329-09:51:28,850 nipype.workflow INFO:
	 [Node] Setting-up "fmriprep_24_0_wf.sub_31_wf.bold_task_bird_run_6_wf.bold_fit_wf.hmc_boldref_wf.val_bold" in "/work_dir/fmriprep_24_0_wf/sub_31_wf/bold_task_bird_run_6_wf/bold_fit_wf/hmc_boldref_wf/val_bold".
250329-09:51:28,852 nipype.workflow INFO:
	 [Node] Executing "val_bold" <niworkflows.interfaces.header.ValidateImage>
250329-09:51:28,908 nipype.workflow INFO:
	 [Node] Setting-up "fmriprep_24_0_wf.sub_31_wf.bidssrc" in "/work_dir/fmriprep_24_0_wf/sub_31_wf/bidssrc".
250329-09:51:28,916 nipype.workflow INFO:
	 [Node] Executing "bidssrc" <niworkflows.interfaces.bids.BIDSDataGrabber>
250329-09:51:28,941 nipype.interface INFO:
	 No "t2w" images found for sub-31
250329-09:51:28,941 nipype.interface INFO:
	 No "flair" images found for sub-31
250329-09:51:28,941 nipype.interface INFO:
	 No "fmap" images found for sub-31
250329-09:51:28,941 nipype.interface INFO:
	 No "sbref" images found for sub-31
250329-09:51:28,942 nipype.interface INFO:
	 No "roi" images found for sub-31
250329-09:51:28,942 nipype.interface INFO:
	 No "pet" images found for sub-31
250329-09:51:28,942 nipype.interface INFO:
	 No "asl" images found for sub-31
250329-09:51:28,943 nipype.workflow INFO:
	 [Node] Finished "bidssrc", elapsed time 0.001265s.
250329-09:51:28,962 nipype.workflow INFO:
	 [Node] Setting-up "fmriprep_24_0_wf.sub_31_wf.bold_task_bird_run_6_wf.bold_fit_wf.hmc_boldref_wf.get_dummy" in "/work_dir/fmriprep_24_0_wf/sub_31_wf/bold_task_bird_run_6_wf/bold_fit_wf/hmc_boldref_wf/get_dummy".
250329-09:51:28,964 nipype.workflow INFO:
	 [Node] Executing "get_dummy" <niworkflows.interfaces.bold.NonsteadyStatesDetector>
250329-09:51:29,157 nipype.workflow INFO:
	 [Node] Finished "val_bold", elapsed time 0.304028s.
250329-09:51:30,220 nipype.workflow INFO:
	 [Node] Setting-up "fmriprep_24_0_wf.sub_31_wf.bold_task_bird_run_6_wf.bold_native_wf.bold_source" in "/work_dir/fmriprep_24_0_wf/sub_31_wf/bold_task_bird_run_6_wf/bold_native_wf/bold_source".
250329-09:51:30,223 nipype.workflow INFO:
	 [Node] Executing "bold_source" <nipype.interfaces.utility.base.Select>
250329-09:51:30,250 nipype.workflow INFO:
	 [Node] Finished "bold_source", elapsed time 0.000415s.
250329-09:51:32,234 nipype.workflow INFO:
	 [Node] Setting-up "fmriprep_24_0_wf.sub_31_wf.bold_task_bird_run_1_wf.bold_fit_wf.ds_hmc_boldref_wf.sources" in "/work_dir/fmriprep_24_0_wf/sub_31_wf/bold_task_bird_run_1_wf/bold_fit_wf/ds_hmc_boldref_wf/sources".
250329-09:51:32,243 nipype.workflow INFO:
	 [Node] Executing "sources" <fmriprep.interfaces.bids.BIDSURI>
250329-09:51:32,274 nipype.workflow INFO:
	 [Node] Finished "sources", elapsed time 0.000365s.
250329-09:51:32,361 nipype.workflow INFO:
	 [Node] Setting-up "fmriprep_24_0_wf.sub_31_wf.bold_task_bird_run_2_wf.bold_fit_wf.ds_boldmask_wf.sources" in "/work_dir/fmriprep_24_0_wf/sub_31_wf/bold_task_bird_run_2_wf/bold_fit_wf/ds_boldmask_wf/sources".
250329-09:51:32,363 nipype.workflow INFO:
	 [Node] Executing "sources" <fmriprep.interfaces.bids.BIDSURI>
250329-09:51:32,380 nipype.workflow INFO:
	 [Node] Finished "sources", elapsed time 0.000318s.
250329-09:51:32,488 nipype.workflow INFO:
	 [Node] Setting-up "fmriprep_24_0_wf.sub_31_wf.bold_task_bird_run_2_wf.ds_bold_native_wf.sources" in "/work_dir/fmriprep_24_0_wf/sub_31_wf/bold_task_bird_run_2_wf/ds_bold_native_wf/sources".
250329-09:51:32,501 nipype.workflow INFO:
	 [Node] Executing "sources" <fmriprep.interfaces.bids.BIDSURI>
250329-09:51:32,502 nipype.workflow INFO:
	 [Node] Finished "sources", elapsed time 0.000299s.
250329-09:51:32,779 nipype.workflow INFO:
	 [Node] Setting-up "fmriprep_24_0_wf.sub_31_wf.bold_task_bird_run_1_wf.bold_fit_wf.ds_boldmask_wf.sources" in "/work_dir/fmriprep_24_0_wf/sub_31_wf/bold_task_bird_run_1_wf/bold_fit_wf/ds_boldmask_wf/sources".
250329-09:51:32,789 nipype.workflow INFO:
	 [Node] Executing "sources" <fmriprep.interfaces.bids.BIDSURI>
250329-09:51:32,820 nipype.workflow INFO:
	 [Node] Finished "sources", elapsed time 0.000361s.
250329-09:51:33,163 nipype.workflow INFO:
	 [Node] Setting-up "fmriprep_24_0_wf.sub_31_wf.bold_task_bird_run_3_wf.bold_fit_wf.ds_hmc_wf.sources" in "/work_dir/fmriprep_24_0_wf/sub_31_wf/bold_task_bird_run_3_wf/bold_fit_wf/ds_hmc_wf/sources".
250329-09:51:33,169 nipype.workflow INFO:
	 [Node] Executing "sources" <fmriprep.interfaces.bids.BIDSURI>
250329-09:51:33,192 nipype.workflow INFO:
	 [Node] Finished "sources", elapsed time 0.000339s.
250329-09:51:33,816 nipype.workflow INFO:
	 [Node] Setting-up "fmriprep_24_0_wf.sub_31_wf.bold_task_bird_run_5_wf.bold_fit_wf.ds_hmc_boldref_wf.sources" in "/work_dir/fmriprep_24_0_wf/sub_31_wf/bold_task_bird_run_5_wf/bold_fit_wf/ds_hmc_boldref_wf/sources".
250329-09:51:33,818 nipype.workflow INFO:
	 [Node] Executing "sources" <fmriprep.interfaces.bids.BIDSURI>
250329-09:51:33,819 nipype.workflow INFO:
	 [Node] Finished "sources", elapsed time 0.000292s.
250329-09:51:33,890 nipype.workflow INFO:
	 [Node] Setting-up "fmriprep_24_0_wf.sub_31_wf.bold_task_bird_run_1_wf.bold_fit_wf.ds_hmc_wf.sources" in "/work_dir/fmriprep_24_0_wf/sub_31_wf/bold_task_bird_run_1_wf/bold_fit_wf/ds_hmc_wf/sources".
250329-09:51:33,896 nipype.workflow INFO:
	 [Node] Executing "sources" <fmriprep.interfaces.bids.BIDSURI>
250329-09:51:33,917 nipype.workflow INFO:
	 [Node] Finished "sources", elapsed time 0.000352s.
250329-09:51:34,42 nipype.workflow INFO:
	 [Node] Setting-up "fmriprep_24_0_wf.sub_31_wf.anat_fit_wf.anat_template_wf.anat_ref_dimensions" in "/work_dir/fmriprep_24_0_wf/sub_31_wf/anat_fit_wf/anat_template_wf/anat_ref_dimensions".
250329-09:51:34,45 nipype.workflow INFO:
	 [Node] Executing "anat_ref_dimensions" <niworkflows.interfaces.images.TemplateDimensions>
250329-09:51:34,49 nipype.workflow INFO:
	 [Node] Setting-up "fmriprep_24_0_wf.sub_31_wf.bold_task_bird_run_2_wf.bold_fit_wf.ds_hmc_wf.sources" in "/work_dir/fmriprep_24_0_wf/sub_31_wf/bold_task_bird_run_2_wf/bold_fit_wf/ds_hmc_wf/sources".
250329-09:51:34,55 nipype.workflow INFO:
	 [Node] Executing "sources" <fmriprep.interfaces.bids.BIDSURI>
250329-09:51:34,69 nipype.workflow INFO:
	 [Node] Finished "sources", elapsed time 0.000339s.
250329-09:51:34,271 nipype.workflow INFO:
	 [Node] Setting-up "fmriprep_24_0_wf.sub_31_wf.bold_task_bird_run_1_wf.ds_bold_native_wf.sources" in "/work_dir/fmriprep_24_0_wf/sub_31_wf/bold_task_bird_run_1_wf/ds_bold_native_wf/sources".
250329-09:51:34,276 nipype.workflow INFO:
	 [Node] Executing "sources" <fmriprep.interfaces.bids.BIDSURI>
250329-09:51:34,299 nipype.workflow INFO:
	 [Node] Finished "sources", elapsed time 0.000374s.
250329-09:51:34,310 nipype.workflow INFO:
	 [Node] Finished "anat_ref_dimensions", elapsed time 0.26334s.
250329-09:51:34,388 nipype.workflow INFO:
	 [Node] Setting-up "fmriprep_24_0_wf.sub_31_wf.bold_task_bird_run_2_wf.bold_fit_wf.ds_hmc_boldref_wf.sources" in "/work_dir/fmriprep_24_0_wf/sub_31_wf/bold_task_bird_run_2_wf/bold_fit_wf/ds_hmc_boldref_wf/sources".
250329-09:51:34,394 nipype.workflow INFO:
	 [Node] Executing "sources" <fmriprep.interfaces.bids.BIDSURI>
250329-09:51:34,415 nipype.workflow INFO:
	 [Node] Finished "sources", elapsed time 0.000349s.
250329-09:51:34,623 nipype.workflow INFO:
	 [Node] Setting-up "fmriprep_24_0_wf.sub_31_wf.bold_task_bird_run_4_wf.ds_bold_native_wf.sources" in "/work_dir/fmriprep_24_0_wf/sub_31_wf/bold_task_bird_run_4_wf/ds_bold_native_wf/sources".
250329-09:51:34,630 nipype.workflow INFO:
	 [Node] Executing "sources" <fmriprep.interfaces.bids.BIDSURI>
250329-09:51:34,632 nipype.workflow INFO:
	 [Node] Finished "sources", elapsed time 0.000305s.
250329-09:51:34,691 nipype.workflow INFO:
	 [Node] Setting-up "fmriprep_24_0_wf.sub_31_wf.bold_task_bird_run_3_wf.bold_fit_wf.ds_hmc_boldref_wf.sources" in "/work_dir/fmriprep_24_0_wf/sub_31_wf/bold_task_bird_run_3_wf/bold_fit_wf/ds_hmc_boldref_wf/sources".
250329-09:51:34,693 nipype.workflow INFO:
	 [Node] Executing "sources" <fmriprep.interfaces.bids.BIDSURI>
250329-09:51:34,734 nipype.workflow INFO:
	 [Node] Finished "sources", elapsed time 0.000356s.
250329-09:51:34,787 nipype.workflow INFO:
	 [Node] Setting-up "fmriprep_24_0_wf.sub_31_wf.bold_task_bird_run_3_wf.ds_bold_native_wf.sources" in "/work_dir/fmriprep_24_0_wf/sub_31_wf/bold_task_bird_run_3_wf/ds_bold_native_wf/sources".
250329-09:51:34,793 nipype.workflow INFO:
	 [Node] Executing "sources" <fmriprep.interfaces.bids.BIDSURI>
250329-09:51:34,799 nipype.workflow INFO:
	 [Node] Setting-up "fmriprep_24_0_wf.sub_31_wf.bold_task_bird_run_3_wf.bold_fit_wf.ds_boldmask_wf.sources" in "/work_dir/fmriprep_24_0_wf/sub_31_wf/bold_task_bird_run_3_wf/bold_fit_wf/ds_boldmask_wf/sources".
250329-09:51:34,806 nipype.workflow INFO:
	 [Node] Finished "sources", elapsed time 0.000358s.
250329-09:51:34,808 nipype.workflow INFO:
	 [Node] Executing "sources" <fmriprep.interfaces.bids.BIDSURI>
250329-09:51:34,831 nipype.workflow INFO:
	 [Node] Finished "sources", elapsed time 0.000371s.
250329-09:51:34,878 nipype.workflow INFO:
	 [Node] Setting-up "fmriprep_24_0_wf.sub_31_wf.bold_task_bird_run_4_wf.bold_fit_wf.ds_hmc_boldref_wf.sources" in "/work_dir/fmriprep_24_0_wf/sub_31_wf/bold_task_bird_run_4_wf/bold_fit_wf/ds_hmc_boldref_wf/sources".
250329-09:51:34,889 nipype.workflow INFO:
	 [Node] Executing "sources" <fmriprep.interfaces.bids.BIDSURI>
250329-09:51:34,891 nipype.workflow INFO:
	 [Node] Finished "sources", elapsed time 0.000281s.
250329-09:51:35,5 nipype.workflow INFO:
	 [Node] Setting-up "fmriprep_24_0_wf.sub_31_wf.bold_task_bird_run_4_wf.bold_fit_wf.ds_boldmask_wf.sources" in "/work_dir/fmriprep_24_0_wf/sub_31_wf/bold_task_bird_run_4_wf/bold_fit_wf/ds_boldmask_wf/sources".
250329-09:51:35,10 nipype.workflow INFO:
	 [Node] Executing "sources" <fmriprep.interfaces.bids.BIDSURI>
250329-09:51:35,31 nipype.workflow INFO:
	 [Node] Finished "sources", elapsed time 0.000352s.
250329-09:51:35,53 nipype.workflow INFO:
	 [Node] Setting-up "fmriprep_24_0_wf.sub_31_wf.bold_task_bird_run_5_wf.bold_fit_wf.ds_hmc_wf.sources" in "/work_dir/fmriprep_24_0_wf/sub_31_wf/bold_task_bird_run_5_wf/bold_fit_wf/ds_hmc_wf/sources".
250329-09:51:35,55 nipype.workflow INFO:
	 [Node] Executing "sources" <fmriprep.interfaces.bids.BIDSURI>
250329-09:51:35,57 nipype.workflow INFO:
	 [Node] Finished "sources", elapsed time 0.000275s.
250329-09:51:35,243 nipype.workflow INFO:
	 [Node] Setting-up "fmriprep_24_0_wf.sub_31_wf.bold_task_bird_run_4_wf.bold_fit_wf.ds_hmc_wf.sources" in "/work_dir/fmriprep_24_0_wf/sub_31_wf/bold_task_bird_run_4_wf/bold_fit_wf/ds_hmc_wf/sources".
250329-09:51:35,245 nipype.workflow INFO:
	 [Node] Executing "sources" <fmriprep.interfaces.bids.BIDSURI>
250329-09:51:35,268 nipype.workflow INFO:
	 [Node] Finished "sources", elapsed time 0.000376s.
250329-09:51:35,299 nipype.workflow INFO:
	 [Node] Setting-up "fmriprep_24_0_wf.sub_31_wf.bold_task_bird_run_1_wf.bold_native_wf.validate_bold" in "/work_dir/fmriprep_24_0_wf/sub_31_wf/bold_task_bird_run_1_wf/bold_native_wf/validate_bold".
250329-09:51:35,301 nipype.workflow INFO:
	 [Node] Executing "validate_bold" <niworkflows.interfaces.header.ValidateImage>
250329-09:51:35,441 nipype.workflow INFO:
	 [Node] Setting-up "fmriprep_24_0_wf.sub_31_wf.bold_task_bird_run_5_wf.bold_fit_wf.ds_boldmask_wf.sources" in "/work_dir/fmriprep_24_0_wf/sub_31_wf/bold_task_bird_run_5_wf/bold_fit_wf/ds_boldmask_wf/sources".
250329-09:51:35,443 nipype.workflow INFO:
	 [Node] Executing "sources" <fmriprep.interfaces.bids.BIDSURI>
250329-09:51:35,444 nipype.workflow INFO:
	 [Node] Finished "sources", elapsed time 0.00029s.
250329-09:51:35,533 nipype.workflow INFO:
	 [Node] Finished "validate_bold", elapsed time 0.230242s.
250329-09:51:35,614 nipype.workflow INFO:
	 [Node] Setting-up "fmriprep_24_0_wf.sub_31_wf.bold_task_bird_run_5_wf.ds_bold_native_wf.sources" in "/work_dir/fmriprep_24_0_wf/sub_31_wf/bold_task_bird_run_5_wf/ds_bold_native_wf/sources".
250329-09:51:35,617 nipype.workflow INFO:
	 [Node] Executing "sources" <fmriprep.interfaces.bids.BIDSURI>
250329-09:51:35,618 nipype.workflow INFO:
	 [Node] Finished "sources", elapsed time 0.000289s.
250329-09:51:35,840 nipype.workflow INFO:
	 [Node] Setting-up "fmriprep_24_0_wf.sub_31_wf.bold_task_bird_run_2_wf.bold_native_wf.validate_bold" in "/work_dir/fmriprep_24_0_wf/sub_31_wf/bold_task_bird_run_2_wf/bold_native_wf/validate_bold".
250329-09:51:35,843 nipype.workflow INFO:
	 [Node] Executing "validate_bold" <niworkflows.interfaces.header.ValidateImage>
250329-09:51:36,4 nipype.workflow INFO:
	 [Node] Finished "validate_bold", elapsed time 0.160699s.
250329-09:51:36,43 nipype.workflow INFO:
	 [Node] Finished "get_dummy", elapsed time 9.626945s.
250329-09:51:36,126 nipype.workflow INFO:
	 [Node] Setting-up "fmriprep_24_0_wf.sub_31_wf.bold_task_bird_run_6_wf.ds_bold_native_wf.sources" in "/work_dir/fmriprep_24_0_wf/sub_31_wf/bold_task_bird_run_6_wf/ds_bold_native_wf/sources".
250329-09:51:36,129 nipype.workflow INFO:
	 [Node] Executing "sources" <fmriprep.interfaces.bids.BIDSURI>
250329-09:51:36,157 nipype.workflow INFO:
	 [Node] Finished "sources", elapsed time 0.000365s.
250329-09:51:36,163 nipype.workflow INFO:
	 [Node] Setting-up "fmriprep_24_0_wf.sub_31_wf.bold_task_bird_run_3_wf.bold_native_wf.validate_bold" in "/work_dir/fmriprep_24_0_wf/sub_31_wf/bold_task_bird_run_3_wf/bold_native_wf/validate_bold".
250329-09:51:36,166 nipype.workflow INFO:
	 [Node] Executing "validate_bold" <niworkflows.interfaces.header.ValidateImage>
250329-09:51:36,262 nipype.workflow INFO:
	 [Node] Setting-up "fmriprep_24_0_wf.sub_31_wf.bold_task_bird_run_6_wf.bold_fit_wf.ds_hmc_wf.sources" in "/work_dir/fmriprep_24_0_wf/sub_31_wf/bold_task_bird_run_6_wf/bold_fit_wf/ds_hmc_wf/sources".
250329-09:51:36,265 nipype.workflow INFO:
	 [Node] Executing "sources" <fmriprep.interfaces.bids.BIDSURI>
250329-09:51:36,279 nipype.workflow INFO:
	 [Node] Finished "sources", elapsed time 0.000365s.
250329-09:51:36,304 nipype.workflow INFO:
	 [Node] Finished "validate_bold", elapsed time 0.137111s.
250329-09:51:36,443 nipype.workflow INFO:
	 [Node] Setting-up "fmriprep_24_0_wf.sub_31_wf.bold_task_bird_run_4_wf.bold_native_wf.validate_bold" in "/work_dir/fmriprep_24_0_wf/sub_31_wf/bold_task_bird_run_4_wf/bold_native_wf/validate_bold".
250329-09:51:36,446 nipype.workflow INFO:
	 [Node] Executing "validate_bold" <niworkflows.interfaces.header.ValidateImage>
250329-09:51:36,462 nipype.workflow INFO:
	 [Node] Setting-up "fmriprep_24_0_wf.sub_31_wf.bold_task_bird_run_6_wf.bold_fit_wf.ds_boldmask_wf.sources" in "/work_dir/fmriprep_24_0_wf/sub_31_wf/bold_task_bird_run_6_wf/bold_fit_wf/ds_boldmask_wf/sources".
250329-09:51:36,464 nipype.workflow INFO:
	 [Node] Executing "sources" <fmriprep.interfaces.bids.BIDSURI>
250329-09:51:36,466 nipype.workflow INFO:
	 [Node] Finished "sources", elapsed time 0.000274s.
250329-09:51:36,511 nipype.workflow INFO:
	 [Node] Finished "get_dummy", elapsed time 11.304984s.
250329-09:51:36,529 nipype.workflow INFO:
	 [Node] Setting-up "fmriprep_24_0_wf.sub_31_wf.bids_info" in "/work_dir/fmriprep_24_0_wf/sub_31_wf/bids_info".
250329-09:51:36,532 nipype.workflow INFO:
	 [Node] Executing "bids_info" <niworkflows.interfaces.bids.BIDSInfo>
250329-09:51:36,541 nipype.workflow INFO:
	 [Node] Finished "bids_info", elapsed time 0.008505s.
250329-09:51:36,577 nipype.workflow INFO:
	 [Node] Finished "validate_bold", elapsed time 0.130207s.
250329-09:51:36,714 nipype.workflow INFO:
	 [Node] Setting-up "fmriprep_24_0_wf.sub_31_wf.bold_task_bird_run_2_wf.bold_fit_wf.hmc_boldref_wf.gen_avg" in "/work_dir/fmriprep_24_0_wf/sub_31_wf/bold_task_bird_run_2_wf/bold_fit_wf/hmc_boldref_wf/gen_avg".
250329-09:51:36,722 nipype.workflow INFO:
	 [Node] Executing "gen_avg" <niworkflows.interfaces.images.RobustAverage>
250329-09:51:36,749 nipype.workflow INFO:
	 [Node] Setting-up "fmriprep_24_0_wf.sub_31_wf.bold_task_bird_run_6_wf.bold_fit_wf.ds_hmc_boldref_wf.sources" in "/work_dir/fmriprep_24_0_wf/sub_31_wf/bold_task_bird_run_6_wf/bold_fit_wf/ds_hmc_boldref_wf/sources".
250329-09:51:36,752 nipype.workflow INFO:
	 [Node] Executing "sources" <fmriprep.interfaces.bids.BIDSURI>
250329-09:51:36,773 nipype.workflow INFO:
	 [Node] Finished "sources", elapsed time 0.000362s.
250329-09:51:36,918 nipype.workflow INFO:
	 [Node] Finished "get_dummy", elapsed time 10.162803s.
250329-09:51:36,971 nipype.workflow INFO:
	 [Node] Finished "get_dummy", elapsed time 9.891395s.
250329-09:51:37,54 nipype.workflow INFO:
	 [Node] Finished "get_dummy", elapsed time 9.589802s.
250329-09:51:37,124 nipype.workflow INFO:
	 [Node] Setting-up "fmriprep_24_0_wf.sub_31_wf.bold_task_bird_run_5_wf.bold_native_wf.validate_bold" in "/work_dir/fmriprep_24_0_wf/sub_31_wf/bold_task_bird_run_5_wf/bold_native_wf/validate_bold".
250329-09:51:37,126 nipype.workflow INFO:
	 [Node] Executing "validate_bold" <niworkflows.interfaces.header.ValidateImage>
250329-09:51:37,132 nipype.workflow INFO:
	 [Node] Finished "get_dummy", elapsed time 8.16788s.
250329-09:51:37,206 nipype.workflow INFO:
	 [Node] Finished "validate_bold", elapsed time 0.079242s.
250329-09:51:37,306 nipype.workflow INFO:
	 [Node] Setting-up "fmriprep_24_0_wf.sub_31_wf.bold_task_bird_run_6_wf.bold_native_wf.validate_bold" in "/work_dir/fmriprep_24_0_wf/sub_31_wf/bold_task_bird_run_6_wf/bold_native_wf/validate_bold".
250329-09:51:37,309 nipype.workflow INFO:
	 [Node] Executing "validate_bold" <niworkflows.interfaces.header.ValidateImage>
250329-09:51:37,389 nipype.workflow INFO:
	 [Node] Finished "validate_bold", elapsed time 0.079154s.
250329-09:51:37,781 nipype.workflow INFO:
	 [Node] Setting-up "fmriprep_24_0_wf.sub_31_wf.anat_fit_wf.ds_t1w_mask_wf.raw_sources" in "/work_dir/fmriprep_24_0_wf/sub_31_wf/anat_fit_wf/ds_t1w_mask_wf/raw_sources".
250329-09:51:37,781 nipype.workflow INFO:
	 [Node] Setting-up "fmriprep_24_0_wf.sub_31_wf.anat_fit_wf.ds_ribbon_mask_wf.raw_sources" in "/work_dir/fmriprep_24_0_wf/sub_31_wf/anat_fit_wf/ds_ribbon_mask_wf/raw_sources".
250329-09:51:37,784 nipype.workflow INFO:
	 [Node] Executing "raw_sources" <nipype.interfaces.utility.wrappers.Function>
250329-09:51:37,785 nipype.workflow INFO:
	 [Node] Finished "raw_sources", elapsed time 0.000591s.
250329-09:51:37,789 nipype.workflow INFO:
	 [Node] Executing "raw_sources" <nipype.interfaces.utility.wrappers.Function>
250329-09:51:37,790 nipype.workflow INFO:
	 [Node] Finished "raw_sources", elapsed time 0.000557s.
250329-09:51:37,816 nipype.workflow INFO:
	 [Node] Setting-up "_denoise0" in "/work_dir/fmriprep_24_0_wf/sub_31_wf/anat_fit_wf/anat_template_wf/denoise/mapflow/_denoise0".
250329-09:51:37,818 nipype.workflow INFO:
	 [Node] Executing "_denoise0" <nipype.interfaces.ants.segmentation.DenoiseImage>
250329-09:51:38,645 nipype.workflow INFO:
	 [Node] Setting-up "fmriprep_24_0_wf.sub_31_wf.bold_task_bird_run_1_wf.bold_fit_wf.hmc_boldref_wf.gen_avg" in "/work_dir/fmriprep_24_0_wf/sub_31_wf/bold_task_bird_run_1_wf/bold_fit_wf/hmc_boldref_wf/gen_avg".
250329-09:51:38,652 nipype.workflow INFO:
	 [Node] Executing "gen_avg" <niworkflows.interfaces.images.RobustAverage>
250329-09:51:38,980 nipype.workflow INFO:
	 [Node] Setting-up "fmriprep_24_0_wf.sub_31_wf.bold_task_bird_run_3_wf.bold_fit_wf.hmc_boldref_wf.gen_avg" in "/work_dir/fmriprep_24_0_wf/sub_31_wf/bold_task_bird_run_3_wf/bold_fit_wf/hmc_boldref_wf/gen_avg".
250329-09:51:38,993 nipype.workflow INFO:
	 [Node] Executing "gen_avg" <niworkflows.interfaces.images.RobustAverage>
250329-09:51:39,175 nipype.workflow INFO:
	 [Node] Setting-up "fmriprep_24_0_wf.sub_31_wf.bold_task_bird_run_4_wf.bold_fit_wf.hmc_boldref_wf.gen_avg" in "/work_dir/fmriprep_24_0_wf/sub_31_wf/bold_task_bird_run_4_wf/bold_fit_wf/hmc_boldref_wf/gen_avg".
250329-09:51:39,194 nipype.workflow INFO:
	 [Node] Executing "gen_avg" <niworkflows.interfaces.images.RobustAverage>
250329-09:51:39,560 nipype.workflow INFO:
	 [Node] Setting-up "fmriprep_24_0_wf.sub_31_wf.bold_task_bird_run_5_wf.bold_fit_wf.hmc_boldref_wf.gen_avg" in "/work_dir/fmriprep_24_0_wf/sub_31_wf/bold_task_bird_run_5_wf/bold_fit_wf/hmc_boldref_wf/gen_avg".
250329-09:51:39,582 nipype.workflow INFO:
	 [Node] Executing "gen_avg" <niworkflows.interfaces.images.RobustAverage>
250329-09:51:40,120 nipype.workflow INFO:
	 [Node] Setting-up "fmriprep_24_0_wf.sub_31_wf.bold_task_bird_run_6_wf.bold_fit_wf.hmc_boldref_wf.gen_avg" in "/work_dir/fmriprep_24_0_wf/sub_31_wf/bold_task_bird_run_6_wf/bold_fit_wf/hmc_boldref_wf/gen_avg".
250329-09:51:40,141 nipype.workflow INFO:
	 [Node] Executing "gen_avg" <niworkflows.interfaces.images.RobustAverage>
250329-09:51:40,884 nipype.workflow INFO:
	 [Node] Setting-up "fmriprep_24_0_wf.sub_31_wf.anat_fit_wf.fs_isrunning" in "/work_dir/fmriprep_24_0_wf/sub_31_wf/anat_fit_wf/fs_isrunning".
250329-09:51:40,888 nipype.workflow INFO:
	 [Node] Executing "fs_isrunning" <nipype.interfaces.utility.wrappers.Function>
250329-09:51:40,889 nipype.workflow INFO:
	 [Node] Finished "fs_isrunning", elapsed time 0.000743s.
250329-09:51:43,884 nipype.interface INFO:
	 stderr 2025-03-29T09:51:43.884555:++ 3dvolreg: AFNI version=AFNI_24.1.14 (May 26 2024) [64-bit]
250329-09:51:43,884 nipype.interface INFO:
	 stderr 2025-03-29T09:51:43.884555:++ Authored by: RW Cox
250329-09:51:43,895 nipype.interface INFO:
	 stderr 2025-03-29T09:51:43.895791:** AFNI converts NIFTI_datatype=512 (UINT16) in file /work_dir/fmriprep_24_0_wf/sub_31_wf/bold_task_bird_run_2_wf/bold_fit_wf/hmc_boldref_wf/gen_avg/sub-31_task-bird_run-2_bold_sliced.nii.gz to FLOAT32
250329-09:51:43,896 nipype.interface INFO:
	 stderr 2025-03-29T09:51:43.896408:     Warnings of this type will be muted for this session.
250329-09:51:43,896 nipype.interface INFO:
	 stderr 2025-03-29T09:51:43.896408:     Set AFNI_NIFTI_TYPE_WARN to YES to see them all, NO to see none.
250329-09:51:43,906 nipype.interface INFO:
	 stderr 2025-03-29T09:51:43.906255:[7m*+ WARNING:[0m   If you are performing spatial transformations on an oblique dset,
250329-09:51:43,906 nipype.interface INFO:
	 stderr 2025-03-29T09:51:43.906255:  such as /work_dir/fmriprep_24_0_wf/sub_31_wf/bold_task_bird_run_2_wf/bold_fit_wf/hmc_boldref_wf/gen_avg/sub-31_task-bird_run-2_bold_sliced.nii.gz,
250329-09:51:43,906 nipype.interface INFO:
	 stderr 2025-03-29T09:51:43.906255:  or viewing/combining it with volumes of differing obliquity,
250329-09:51:43,906 nipype.interface INFO:
	 stderr 2025-03-29T09:51:43.906255:  you should consider running: 
250329-09:51:43,906 nipype.interface INFO:
	 stderr 2025-03-29T09:51:43.906255:     3dWarp -deoblique 
250329-09:51:43,906 nipype.interface INFO:
	 stderr 2025-03-29T09:51:43.906255:  on this and  other oblique datasets in the same session.
250329-09:51:43,906 nipype.interface INFO:
	 stderr 2025-03-29T09:51:43.906255: See 3dWarp -help for details.
250329-09:51:43,906 nipype.interface INFO:
	 stderr 2025-03-29T09:51:43.906255:++ Oblique dataset:/work_dir/fmriprep_24_0_wf/sub_31_wf/bold_task_bird_run_2_wf/bold_fit_wf/hmc_boldref_wf/gen_avg/sub-31_task-bird_run-2_bold_sliced.nii.gz is 1.412223 degrees from plumb.
250329-09:51:43,907 nipype.interface INFO:
	 stderr 2025-03-29T09:51:43.907035:++ Coarse del was 10, replaced with 6
250329-09:51:46,578 nipype.interface INFO:
	 stderr 2025-03-29T09:51:46.578791:++ 3dvolreg: AFNI version=AFNI_24.1.14 (May 26 2024) [64-bit]
250329-09:51:46,578 nipype.interface INFO:
	 stderr 2025-03-29T09:51:46.578791:++ Authored by: RW Cox
250329-09:51:46,582 nipype.interface INFO:
	 stderr 2025-03-29T09:51:46.582047:** AFNI converts NIFTI_datatype=512 (UINT16) in file /work_dir/fmriprep_24_0_wf/sub_31_wf/bold_task_bird_run_1_wf/bold_fit_wf/hmc_boldref_wf/gen_avg/sub-31_task-bird_run-1_bold_sliced.nii.gz to FLOAT32
250329-09:51:46,582 nipype.interface INFO:
	 stderr 2025-03-29T09:51:46.582515:     Warnings of this type will be muted for this session.
250329-09:51:46,582 nipype.interface INFO:
	 stderr 2025-03-29T09:51:46.582515:     Set AFNI_NIFTI_TYPE_WARN to YES to see them all, NO to see none.
250329-09:51:46,584 nipype.interface INFO:
	 stderr 2025-03-29T09:51:46.584760:[7m*+ WARNING:[0m   If you are performing spatial transformations on an oblique dset,
250329-09:51:46,584 nipype.interface INFO:
	 stderr 2025-03-29T09:51:46.584760:  such as /work_dir/fmriprep_24_0_wf/sub_31_wf/bold_task_bird_run_1_wf/bold_fit_wf/hmc_boldref_wf/gen_avg/sub-31_task-bird_run-1_bold_sliced.nii.gz,
250329-09:51:46,584 nipype.interface INFO:
	 stderr 2025-03-29T09:51:46.584760:  or viewing/combining it with volumes of differing obliquity,
250329-09:51:46,585 nipype.interface INFO:
	 stderr 2025-03-29T09:51:46.584760:  you should consider running: 
250329-09:51:46,585 nipype.interface INFO:
	 stderr 2025-03-29T09:51:46.584760:     3dWarp -deoblique 
250329-09:51:46,585 nipype.interface INFO:
	 stderr 2025-03-29T09:51:46.584760:  on this and  other oblique datasets in the same session.
250329-09:51:46,585 nipype.interface INFO:
	 stderr 2025-03-29T09:51:46.584760: See 3dWarp -help for details.
250329-09:51:46,585 nipype.interface INFO:
	 stderr 2025-03-29T09:51:46.584760:++ Oblique dataset:/work_dir/fmriprep_24_0_wf/sub_31_wf/bold_task_bird_run_1_wf/bold_fit_wf/hmc_boldref_wf/gen_avg/sub-31_task-bird_run-1_bold_sliced.nii.gz is 1.412223 degrees from plumb.
250329-09:51:46,585 nipype.interface INFO:
	 stderr 2025-03-29T09:51:46.584760:++ Coarse del was 10, replaced with 6
250329-09:51:47,247 nipype.interface INFO:
	 stderr 2025-03-29T09:51:47.247459:++ 3dvolreg: AFNI version=AFNI_24.1.14 (May 26 2024) [64-bit]
250329-09:51:47,247 nipype.interface INFO:
	 stderr 2025-03-29T09:51:47.247459:++ Authored by: RW Cox
250329-09:51:47,250 nipype.interface INFO:
	 stderr 2025-03-29T09:51:47.250713:** AFNI converts NIFTI_datatype=512 (UINT16) in file /work_dir/fmriprep_24_0_wf/sub_31_wf/bold_task_bird_run_5_wf/bold_fit_wf/hmc_boldref_wf/gen_avg/sub-31_task-bird_run-5_bold_sliced.nii.gz to FLOAT32
250329-09:51:47,251 nipype.interface INFO:
	 stderr 2025-03-29T09:51:47.251223:     Warnings of this type will be muted for this session.
250329-09:51:47,251 nipype.interface INFO:
	 stderr 2025-03-29T09:51:47.251223:     Set AFNI_NIFTI_TYPE_WARN to YES to see them all, NO to see none.
250329-09:51:47,253 nipype.interface INFO:
	 stderr 2025-03-29T09:51:47.253512:[7m*+ WARNING:[0m   If you are performing spatial transformations on an oblique dset,
250329-09:51:47,253 nipype.interface INFO:
	 stderr 2025-03-29T09:51:47.253512:  such as /work_dir/fmriprep_24_0_wf/sub_31_wf/bold_task_bird_run_5_wf/bold_fit_wf/hmc_boldref_wf/gen_avg/sub-31_task-bird_run-5_bold_sliced.nii.gz,
250329-09:51:47,253 nipype.interface INFO:
	 stderr 2025-03-29T09:51:47.253512:  or viewing/combining it with volumes of differing obliquity,
250329-09:51:47,253 nipype.interface INFO:
	 stderr 2025-03-29T09:51:47.253512:  you should consider running: 
250329-09:51:47,253 nipype.interface INFO:
	 stderr 2025-03-29T09:51:47.253512:     3dWarp -deoblique 
250329-09:51:47,253 nipype.interface INFO:
	 stderr 2025-03-29T09:51:47.253512:  on this and  other oblique datasets in the same session.
250329-09:51:47,254 nipype.interface INFO:
	 stderr 2025-03-29T09:51:47.253512: See 3dWarp -help for details.
250329-09:51:47,254 nipype.interface INFO:
	 stderr 2025-03-29T09:51:47.253512:++ Oblique dataset:/work_dir/fmriprep_24_0_wf/sub_31_wf/bold_task_bird_run_5_wf/bold_fit_wf/hmc_boldref_wf/gen_avg/sub-31_task-bird_run-5_bold_sliced.nii.gz is 1.412223 degrees from plumb.
250329-09:51:47,254 nipype.interface INFO:
	 stderr 2025-03-29T09:51:47.253512:++ Coarse del was 10, replaced with 6
250329-09:51:48,58 nipype.interface INFO:
	 stderr 2025-03-29T09:51:48.058325:++ 3dvolreg: AFNI version=AFNI_24.1.14 (May 26 2024) [64-bit]
250329-09:51:48,58 nipype.interface INFO:
	 stderr 2025-03-29T09:51:48.058573:++ Authored by: RW Cox
250329-09:51:48,61 nipype.interface INFO:
	 stderr 2025-03-29T09:51:48.061755:** AFNI converts NIFTI_datatype=512 (UINT16) in file /work_dir/fmriprep_24_0_wf/sub_31_wf/bold_task_bird_run_3_wf/bold_fit_wf/hmc_boldref_wf/gen_avg/sub-31_task-bird_run-3_bold_sliced.nii.gz to FLOAT32
250329-09:51:48,65 nipype.interface INFO:
	 stderr 2025-03-29T09:51:48.065511:     Warnings of this type will be muted for this session.
250329-09:51:48,65 nipype.interface INFO:
	 stderr 2025-03-29T09:51:48.065511:     Set AFNI_NIFTI_TYPE_WARN to YES to see them all, NO to see none.
250329-09:51:48,67 nipype.interface INFO:
	 stderr 2025-03-29T09:51:48.067648:[7m*+ WARNING:[0m   If you are performing spatial transformations on an oblique dset,
250329-09:51:48,67 nipype.interface INFO:
	 stderr 2025-03-29T09:51:48.067648:  such as /work_dir/fmriprep_24_0_wf/sub_31_wf/bold_task_bird_run_3_wf/bold_fit_wf/hmc_boldref_wf/gen_avg/sub-31_task-bird_run-3_bold_sliced.nii.gz,
250329-09:51:48,67 nipype.interface INFO:
	 stderr 2025-03-29T09:51:48.067648:  or viewing/combining it with volumes of differing obliquity,
250329-09:51:48,67 nipype.interface INFO:
	 stderr 2025-03-29T09:51:48.067648:  you should consider running: 
250329-09:51:48,67 nipype.interface INFO:
	 stderr 2025-03-29T09:51:48.067648:     3dWarp -deoblique 
250329-09:51:48,68 nipype.interface INFO:
	 stderr 2025-03-29T09:51:48.067648:  on this and  other oblique datasets in the same session.
250329-09:51:48,68 nipype.interface INFO:
	 stderr 2025-03-29T09:51:48.067648: See 3dWarp -help for details.
250329-09:51:48,68 nipype.interface INFO:
	 stderr 2025-03-29T09:51:48.067648:++ Oblique dataset:/work_dir/fmriprep_24_0_wf/sub_31_wf/bold_task_bird_run_3_wf/bold_fit_wf/hmc_boldref_wf/gen_avg/sub-31_task-bird_run-3_bold_sliced.nii.gz is 1.412223 degrees from plumb.
250329-09:51:48,68 nipype.interface INFO:
	 stderr 2025-03-29T09:51:48.067648:++ Coarse del was 10, replaced with 6
250329-09:51:48,229 nipype.interface INFO:
	 stderr 2025-03-29T09:51:48.229403:++ 3dvolreg: AFNI version=AFNI_24.1.14 (May 26 2024) [64-bit]
250329-09:51:48,229 nipype.interface INFO:
	 stderr 2025-03-29T09:51:48.229403:++ Authored by: RW Cox
250329-09:51:48,232 nipype.interface INFO:
	 stderr 2025-03-29T09:51:48.232614:** AFNI converts NIFTI_datatype=512 (UINT16) in file /work_dir/fmriprep_24_0_wf/sub_31_wf/bold_task_bird_run_4_wf/bold_fit_wf/hmc_boldref_wf/gen_avg/sub-31_task-bird_run-4_bold_sliced.nii.gz to FLOAT32
250329-09:51:48,233 nipype.interface INFO:
	 stderr 2025-03-29T09:51:48.233022:     Warnings of this type will be muted for this session.
250329-09:51:48,233 nipype.interface INFO:
	 stderr 2025-03-29T09:51:48.233022:     Set AFNI_NIFTI_TYPE_WARN to YES to see them all, NO to see none.
250329-09:51:48,234 nipype.interface INFO:
	 stderr 2025-03-29T09:51:48.234883:[7m*+ WARNING:[0m   If you are performing spatial transformations on an oblique dset,
250329-09:51:48,235 nipype.interface INFO:
	 stderr 2025-03-29T09:51:48.234883:  such as /work_dir/fmriprep_24_0_wf/sub_31_wf/bold_task_bird_run_4_wf/bold_fit_wf/hmc_boldref_wf/gen_avg/sub-31_task-bird_run-4_bold_sliced.nii.gz,
250329-09:51:48,235 nipype.interface INFO:
	 stderr 2025-03-29T09:51:48.234883:  or viewing/combining it with volumes of differing obliquity,
250329-09:51:48,235 nipype.interface INFO:
	 stderr 2025-03-29T09:51:48.234883:  you should consider running: 
250329-09:51:48,235 nipype.interface INFO:
	 stderr 2025-03-29T09:51:48.234883:     3dWarp -deoblique 
250329-09:51:48,235 nipype.interface INFO:
	 stderr 2025-03-29T09:51:48.234883:  on this and  other oblique datasets in the same session.
250329-09:51:48,235 nipype.interface INFO:
	 stderr 2025-03-29T09:51:48.234883: See 3dWarp -help for details.
250329-09:51:48,235 nipype.interface INFO:
	 stderr 2025-03-29T09:51:48.234883:++ Oblique dataset:/work_dir/fmriprep_24_0_wf/sub_31_wf/bold_task_bird_run_4_wf/bold_fit_wf/hmc_boldref_wf/gen_avg/sub-31_task-bird_run-4_bold_sliced.nii.gz is 1.412223 degrees from plumb.
250329-09:51:48,235 nipype.interface INFO:
	 stderr 2025-03-29T09:51:48.235490:++ Coarse del was 10, replaced with 6
250329-09:51:48,564 nipype.workflow INFO:
	 [Node] Setting-up "fmriprep_24_0_wf.sub_31_wf.bold_task_bird_run_2_wf.bold_native_wf.bold_stc_wf.slice_timing_correction" in "/work_dir/fmriprep_24_0_wf/sub_31_wf/bold_task_bird_run_2_wf/bold_native_wf/bold_stc_wf/slice_timing_correction".
250329-09:51:48,584 nipype.workflow INFO:
	 [Node] Executing "slice_timing_correction" <fmriprep.workflows.bold.stc.TShift>
250329-09:51:49,685 nipype.workflow INFO:
	 [Node] Setting-up "fmriprep_24_0_wf.sub_31_wf.bold_task_bird_run_4_wf.bold_native_wf.bold_stc_wf.slice_timing_correction" in "/work_dir/fmriprep_24_0_wf/sub_31_wf/bold_task_bird_run_4_wf/bold_native_wf/bold_stc_wf/slice_timing_correction".
250329-09:51:49,705 nipype.workflow INFO:
	 [Node] Executing "slice_timing_correction" <fmriprep.workflows.bold.stc.TShift>
250329-09:51:49,992 nipype.workflow INFO:
	 [Node] Setting-up "fmriprep_24_0_wf.sub_31_wf.bold_task_bird_run_1_wf.bold_native_wf.bold_stc_wf.slice_timing_correction" in "/work_dir/fmriprep_24_0_wf/sub_31_wf/bold_task_bird_run_1_wf/bold_native_wf/bold_stc_wf/slice_timing_correction".
250329-09:51:50,23 nipype.workflow INFO:
	 [Node] Executing "slice_timing_correction" <fmriprep.workflows.bold.stc.TShift>
250329-09:51:50,111 nipype.workflow INFO:
	 [Node] Setting-up "fmriprep_24_0_wf.sub_31_wf.bold_task_bird_run_3_wf.bold_native_wf.bold_stc_wf.slice_timing_correction" in "/work_dir/fmriprep_24_0_wf/sub_31_wf/bold_task_bird_run_3_wf/bold_native_wf/bold_stc_wf/slice_timing_correction".
250329-09:51:50,131 nipype.workflow INFO:
	 [Node] Executing "slice_timing_correction" <fmriprep.workflows.bold.stc.TShift>
250329-09:51:50,367 nipype.workflow INFO:
	 [Node] Setting-up "fmriprep_24_0_wf.sub_31_wf.bold_task_bird_run_6_wf.bold_native_wf.bold_stc_wf.slice_timing_correction" in "/work_dir/fmriprep_24_0_wf/sub_31_wf/bold_task_bird_run_6_wf/bold_native_wf/bold_stc_wf/slice_timing_correction".
250329-09:51:50,379 nipype.workflow INFO:
	 [Node] Executing "slice_timing_correction" <fmriprep.workflows.bold.stc.TShift>
250329-09:51:50,466 nipype.workflow INFO:
	 [Node] Setting-up "fmriprep_24_0_wf.sub_31_wf.bold_task_bird_run_5_wf.bold_native_wf.bold_stc_wf.slice_timing_correction" in "/work_dir/fmriprep_24_0_wf/sub_31_wf/bold_task_bird_run_5_wf/bold_native_wf/bold_stc_wf/slice_timing_correction".
250329-09:51:50,500 nipype.workflow INFO:
	 [Node] Executing "slice_timing_correction" <fmriprep.workflows.bold.stc.TShift>
250329-09:51:53,387 nipype.interface INFO:
	 stderr 2025-03-29T09:51:53.387790:++ 3dvolreg: AFNI version=AFNI_24.1.14 (May 26 2024) [64-bit]
250329-09:51:53,388 nipype.interface INFO:
	 stderr 2025-03-29T09:51:53.387790:++ Authored by: RW Cox
250329-09:51:53,391 nipype.interface INFO:
	 stderr 2025-03-29T09:51:53.390970:** AFNI converts NIFTI_datatype=512 (UINT16) in file /work_dir/fmriprep_24_0_wf/sub_31_wf/bold_task_bird_run_6_wf/bold_fit_wf/hmc_boldref_wf/gen_avg/sub-31_task-bird_run-6_bold_sliced.nii.gz to FLOAT32
250329-09:51:53,391 nipype.interface INFO:
	 stderr 2025-03-29T09:51:53.391500:     Warnings of this type will be muted for this session.
250329-09:51:53,391 nipype.interface INFO:
	 stderr 2025-03-29T09:51:53.391500:     Set AFNI_NIFTI_TYPE_WARN to YES to see them all, NO to see none.
250329-09:51:53,393 nipype.interface INFO:
	 stderr 2025-03-29T09:51:53.393751:[7m*+ WARNING:[0m   If you are performing spatial transformations on an oblique dset,
250329-09:51:53,393 nipype.interface INFO:
	 stderr 2025-03-29T09:51:53.393751:  such as /work_dir/fmriprep_24_0_wf/sub_31_wf/bold_task_bird_run_6_wf/bold_fit_wf/hmc_boldref_wf/gen_avg/sub-31_task-bird_run-6_bold_sliced.nii.gz,
250329-09:51:53,393 nipype.interface INFO:
	 stderr 2025-03-29T09:51:53.393751:  or viewing/combining it with volumes of differing obliquity,
250329-09:51:53,394 nipype.interface INFO:
	 stderr 2025-03-29T09:51:53.393751:  you should consider running: 
250329-09:51:53,394 nipype.interface INFO:
	 stderr 2025-03-29T09:51:53.393751:     3dWarp -deoblique 
250329-09:51:53,394 nipype.interface INFO:
	 stderr 2025-03-29T09:51:53.393751:  on this and  other oblique datasets in the same session.
250329-09:51:53,394 nipype.interface INFO:
	 stderr 2025-03-29T09:51:53.393751: See 3dWarp -help for details.
250329-09:51:53,394 nipype.interface INFO:
	 stderr 2025-03-29T09:51:53.393751:++ Oblique dataset:/work_dir/fmriprep_24_0_wf/sub_31_wf/bold_task_bird_run_6_wf/bold_fit_wf/hmc_boldref_wf/gen_avg/sub-31_task-bird_run-6_bold_sliced.nii.gz is 1.412223 degrees from plumb.
250329-09:51:53,394 nipype.interface INFO:
	 stderr 2025-03-29T09:51:53.393751:++ Coarse del was 10, replaced with 6
250329-09:51:55,674 nipype.workflow INFO:
	 [Node] Finished "lap_tmpl", elapsed time 30.881841s.
250329-09:51:57,848 nipype.workflow INFO:
	 [Node] Setting-up "fmriprep_24_0_wf.sub_31_wf.anat_fit_wf.brain_extraction_wf.mrg_tmpl" in "/work_dir/fmriprep_24_0_wf/sub_31_wf/anat_fit_wf/brain_extraction_wf/mrg_tmpl".
250329-09:51:57,940 nipype.workflow INFO:
	 [Node] Executing "mrg_tmpl" <nipype.interfaces.utility.base.Merge>
250329-09:51:57,942 nipype.workflow INFO:
	 [Node] Finished "mrg_tmpl", elapsed time 0.000241s.
250329-09:54:08,934 nipype.workflow INFO:
	 [Node] Finished "slice_timing_correction", elapsed time 138.554486s.
250329-09:54:09,661 nipype.workflow INFO:
	 [Node] Setting-up "fmriprep_24_0_wf.sub_31_wf.bold_task_bird_run_6_wf.bold_native_wf.bold_stc_wf.copy_xform" in "/work_dir/fmriprep_24_0_wf/sub_31_wf/bold_task_bird_run_6_wf/bold_native_wf/bold_stc_wf/copy_xform".
250329-09:54:12,618 nipype.workflow INFO:
	 [Node] Finished "slice_timing_correction", elapsed time 144.032535s.
250329-09:54:13,580 nipype.workflow INFO:
	 [Node] Executing "copy_xform" <niworkflows.interfaces.header.CopyXForm>
250329-09:54:13,599 nipype.workflow INFO:
	 [Node] Setting-up "fmriprep_24_0_wf.sub_31_wf.bold_task_bird_run_2_wf.bold_native_wf.bold_stc_wf.copy_xform" in "/work_dir/fmriprep_24_0_wf/sub_31_wf/bold_task_bird_run_2_wf/bold_native_wf/bold_stc_wf/copy_xform".
250329-09:54:17,230 nipype.workflow INFO:
	 [Node] Executing "copy_xform" <niworkflows.interfaces.header.CopyXForm>
250329-09:54:18,974 nipype.workflow INFO:
	 [Node] Finished "_denoise0", elapsed time 160.916559s.
250329-09:54:19,720 nipype.workflow INFO:
	 [Node] Setting-up "_anat_conform0" in "/work_dir/fmriprep_24_0_wf/sub_31_wf/anat_fit_wf/anat_template_wf/anat_conform/mapflow/_anat_conform0".
250329-09:54:19,722 nipype.workflow INFO:
	 [Node] Executing "_anat_conform0" <niworkflows.interfaces.images.Conform>
250329-09:54:19,864 nipype.workflow INFO:
	 [Node] Finished "_anat_conform0", elapsed time 0.141502s.
250329-09:54:21,681 nipype.workflow INFO:
	 [Node] Setting-up "fmriprep_24_0_wf.sub_31_wf.anat_fit_wf.anat_template_wf.get1st" in "/work_dir/fmriprep_24_0_wf/sub_31_wf/anat_fit_wf/anat_template_wf/get1st".
250329-09:54:21,689 nipype.workflow INFO:
	 [Node] Executing "get1st" <nipype.interfaces.utility.base.Select>
250329-09:54:21,690 nipype.workflow INFO:
	 [Node] Finished "get1st", elapsed time 0.000365s.
250329-09:54:24,57 nipype.workflow INFO:
	 [Node] Finished "slice_timing_correction", elapsed time 154.351694s.
250329-09:54:25,657 nipype.workflow INFO:
	 [Node] Setting-up "fmriprep_24_0_wf.sub_31_wf.bold_task_bird_run_4_wf.bold_native_wf.bold_stc_wf.copy_xform" in "/work_dir/fmriprep_24_0_wf/sub_31_wf/bold_task_bird_run_4_wf/bold_native_wf/bold_stc_wf/copy_xform".
250329-09:54:25,676 nipype.workflow INFO:
	 [Node] Setting-up "fmriprep_24_0_wf.sub_31_wf.anat_fit_wf.surface_recon_wf.fov_check" in "/work_dir/fmriprep_24_0_wf/sub_31_wf/anat_fit_wf/surface_recon_wf/fov_check".
250329-09:54:25,697 nipype.workflow INFO:
	 [Node] Executing "fov_check" <nipype.interfaces.utility.wrappers.Function>
250329-09:54:25,770 nipype.workflow INFO:
	 [Node] Setting-up "_truncate_images0" in "/work_dir/fmriprep_24_0_wf/sub_31_wf/anat_fit_wf/brain_extraction_wf/truncate_images/mapflow/_truncate_images0".
250329-09:54:25,779 nipype.workflow INFO:
	 [Node] Executing "_truncate_images0" <nipype.interfaces.ants.utils.ImageMath>
250329-09:54:26,721 nipype.workflow INFO:
	 [Node] Finished "fov_check", elapsed time 1.023205s.
250329-09:54:27,698 nipype.workflow INFO:
	 [Node] Setting-up "fmriprep_24_0_wf.sub_31_wf.anat_fit_wf.surface_recon_wf.recon_config" in "/work_dir/fmriprep_24_0_wf/sub_31_wf/anat_fit_wf/surface_recon_wf/recon_config".
250329-09:54:27,702 nipype.workflow INFO:
	 [Node] Executing "recon_config" <niworkflows.interfaces.freesurfer.FSDetectInputs>
250329-09:54:27,771 nipype.workflow INFO:
	 [Node] Finished "recon_config", elapsed time 0.06862s.
250329-09:54:30,982 nipype.workflow INFO:
	 [Node] Finished "slice_timing_correction", elapsed time 160.481672s.
250329-09:54:31,558 nipype.workflow INFO:
	 [Node] Finished "slice_timing_correction", elapsed time 161.426336s.
250329-09:54:31,650 nipype.workflow INFO:
	 [Node] Setting-up "fmriprep_24_0_wf.sub_31_wf.bold_task_bird_run_5_wf.bold_native_wf.bold_stc_wf.copy_xform" in "/work_dir/fmriprep_24_0_wf/sub_31_wf/bold_task_bird_run_5_wf/bold_native_wf/bold_stc_wf/copy_xform".
250329-09:54:32,201 nipype.workflow INFO:
	 [Node] Executing "copy_xform" <niworkflows.interfaces.header.CopyXForm>
250329-09:54:33,683 nipype.workflow INFO:
	 [Node] Setting-up "fmriprep_24_0_wf.sub_31_wf.bold_task_bird_run_3_wf.bold_native_wf.bold_stc_wf.copy_xform" in "/work_dir/fmriprep_24_0_wf/sub_31_wf/bold_task_bird_run_3_wf/bold_native_wf/bold_stc_wf/copy_xform".
250329-09:54:35,146 nipype.workflow INFO:
	 [Node] Setting-up "fmriprep_24_0_wf.sub_31_wf.anat_fit_wf.surface_recon_wf.autorecon1" in "/work_dir/fmriprep_24_0_wf/sub_31_wf/anat_fit_wf/surface_recon_wf/autorecon1".
250329-09:54:35,165 nipype.workflow INFO:
	 [Node] Executing "autorecon1" <smriprep.interfaces.freesurfer.ReconAll>
250329-09:54:36,905 nipype.workflow INFO:
	 [Node] Finished "_truncate_images0", elapsed time 10.430039s.
250329-09:54:37,768 nipype.workflow INFO:
	 [Node] Setting-up "_inu_n40" in "/work_dir/fmriprep_24_0_wf/sub_31_wf/anat_fit_wf/brain_extraction_wf/inu_n4/mapflow/_inu_n40".
250329-09:54:37,770 nipype.workflow INFO:
	 [Node] Executing "_inu_n40" <nipype.interfaces.ants.segmentation.N4BiasFieldCorrection>
250329-09:54:38,240 nipype.workflow INFO:
	 [Node] Executing "copy_xform" <niworkflows.interfaces.header.CopyXForm>
250329-09:54:41,191 nipype.workflow INFO:
	 [Node] Finished "slice_timing_correction", elapsed time 171.167557s.
250329-09:54:41,706 nipype.workflow INFO:
	 [Node] Setting-up "fmriprep_24_0_wf.sub_31_wf.bold_task_bird_run_1_wf.bold_native_wf.bold_stc_wf.copy_xform" in "/work_dir/fmriprep_24_0_wf/sub_31_wf/bold_task_bird_run_1_wf/bold_native_wf/bold_stc_wf/copy_xform".
250329-09:54:41,970 nipype.workflow INFO:
	 [Node] Executing "copy_xform" <niworkflows.interfaces.header.CopyXForm>
250329-09:54:46,253 nipype.workflow INFO:
	 [Node] Executing "copy_xform" <niworkflows.interfaces.header.CopyXForm>
250329-09:54:55,454 nipype.interface INFO:
	 stderr 2025-03-29T09:54:55.454141:++ Max displacement in automask = 0.30 (mm) at sub-brick 12
250329-09:54:55,454 nipype.interface INFO:
	 stderr 2025-03-29T09:54:55.454456:++ Max delta displ  in automask = 0.17 (mm) at sub-brick 11
250329-09:54:56,391 nipype.interface INFO:
	 stderr 2025-03-29T09:54:56.391598:++ Max displacement in automask = 0.20 (mm) at sub-brick 18
250329-09:54:56,391 nipype.interface INFO:
	 stderr 2025-03-29T09:54:56.391598:++ Max delta displ  in automask = 0.13 (mm) at sub-brick 9
250329-09:54:56,811 nipype.interface INFO:
	 stderr 2025-03-29T09:54:56.811676:++ Max displacement in automask = 0.29 (mm) at sub-brick 6
250329-09:54:56,811 nipype.interface INFO:
	 stderr 2025-03-29T09:54:56.811967:++ Max delta displ  in automask = 0.27 (mm) at sub-brick 5
250329-09:54:56,936 nipype.interface INFO:
	 stderr 2025-03-29T09:54:56.936216:++ Max displacement in automask = 0.21 (mm) at sub-brick 18
250329-09:54:56,936 nipype.interface INFO:
	 stderr 2025-03-29T09:54:56.936503:++ Max delta displ  in automask = 0.14 (mm) at sub-brick 17
250329-09:54:57,384 nipype.interface INFO:
	 stderr 2025-03-29T09:54:57.384258:++ Max displacement in automask = 0.13 (mm) at sub-brick 19
250329-09:54:57,384 nipype.interface INFO:
	 stderr 2025-03-29T09:54:57.384538:++ Max delta displ  in automask = 0.11 (mm) at sub-brick 6
250329-09:54:59,280 nipype.interface INFO:
	 stderr 2025-03-29T09:54:59.280464:++ Max displacement in automask = 0.12 (mm) at sub-brick 13
250329-09:54:59,280 nipype.interface INFO:
	 stderr 2025-03-29T09:54:59.280464:++ Max delta displ  in automask = 0.12 (mm) at sub-brick 7
250329-09:55:05,933 nipype.workflow INFO:
	 [Node] Finished "gen_avg", elapsed time 206.93841s.
250329-09:55:06,241 nipype.workflow INFO:
	 [Node] Finished "gen_avg", elapsed time 207.046418s.
250329-09:55:06,456 nipype.workflow INFO:
	 [Node] Finished "gen_avg", elapsed time 209.732848s.
250329-09:55:06,926 nipype.workflow INFO:
	 [Node] Finished "gen_avg", elapsed time 207.342948s.
250329-09:55:07,340 nipype.workflow INFO:
	 [Node] Finished "gen_avg", elapsed time 208.686585s.
250329-09:55:07,680 nipype.workflow INFO:
	 [Node] Setting-up "fmriprep_24_0_wf.sub_31_wf.bold_task_bird_run_2_wf.bold_fit_wf.fmapref_buffer" in "/work_dir/fmriprep_24_0_wf/sub_31_wf/bold_task_bird_run_2_wf/bold_fit_wf/fmapref_buffer".
250329-09:55:07,688 nipype.workflow INFO:
	 [Node] Executing "fmapref_buffer" <nipype.interfaces.utility.wrappers.Function>
250329-09:55:07,690 nipype.workflow INFO:
	 [Node] Finished "fmapref_buffer", elapsed time 0.000734s.
250329-09:55:07,761 nipype.interface WARNING:
	 Changing /output/sub-31/func/sub-31_task-bird_run-2_desc-hmc_boldref.nii.gz dtype from uint16 to float32
250329-09:55:08,313 nipype.workflow INFO:
	 [Node] Setting-up "fmriprep_24_0_wf.sub_31_wf.bold_task_bird_run_3_wf.bold_fit_wf.fmapref_buffer" in "/work_dir/fmriprep_24_0_wf/sub_31_wf/bold_task_bird_run_3_wf/bold_fit_wf/fmapref_buffer".
250329-09:55:08,316 nipype.workflow INFO:
	 [Node] Executing "fmapref_buffer" <nipype.interfaces.utility.wrappers.Function>
250329-09:55:08,317 nipype.workflow INFO:
	 [Node] Finished "fmapref_buffer", elapsed time 0.000828s.
250329-09:55:08,371 nipype.interface WARNING:
	 Changing /output/sub-31/func/sub-31_task-bird_run-3_desc-hmc_boldref.nii.gz dtype from uint16 to float32
250329-09:55:08,477 nipype.workflow INFO:
	 [Node] Setting-up "fmriprep_24_0_wf.sub_31_wf.bold_task_bird_run_2_wf.bold_fit_wf.bold_hmc_wf.mcflirt" in "/work_dir/fmriprep_24_0_wf/sub_31_wf/bold_task_bird_run_2_wf/bold_fit_wf/bold_hmc_wf/mcflirt".
250329-09:55:08,493 nipype.workflow INFO:
	 [Node] Executing "mcflirt" <nipype.interfaces.fsl.preprocess.MCFLIRT>
250329-09:55:08,939 nipype.workflow INFO:
	 [Node] Setting-up "fmriprep_24_0_wf.sub_31_wf.bold_task_bird_run_4_wf.bold_fit_wf.fmapref_buffer" in "/work_dir/fmriprep_24_0_wf/sub_31_wf/bold_task_bird_run_4_wf/bold_fit_wf/fmapref_buffer".
250329-09:55:09,146 nipype.interface WARNING:
	 Changing /output/sub-31/func/sub-31_task-bird_run-4_desc-hmc_boldref.nii.gz dtype from uint16 to float32
250329-09:55:09,181 nipype.workflow INFO:
	 [Node] Setting-up "fmriprep_24_0_wf.sub_31_wf.bold_task_bird_run_3_wf.bold_fit_wf.bold_hmc_wf.mcflirt" in "/work_dir/fmriprep_24_0_wf/sub_31_wf/bold_task_bird_run_3_wf/bold_fit_wf/bold_hmc_wf/mcflirt".
250329-09:55:09,212 nipype.workflow INFO:
	 [Node] Executing "fmapref_buffer" <nipype.interfaces.utility.wrappers.Function>
250329-09:55:09,215 nipype.workflow INFO:
	 [Node] Executing "mcflirt" <nipype.interfaces.fsl.preprocess.MCFLIRT>
250329-09:55:09,225 nipype.workflow INFO:
	 [Node] Finished "fmapref_buffer", elapsed time 0.012361s.
250329-09:55:09,279 nipype.workflow INFO:
	 [Node] Finished "gen_avg", elapsed time 209.137052s.
250329-09:55:09,746 nipype.workflow INFO:
	 [Node] Setting-up "fmriprep_24_0_wf.sub_31_wf.bold_task_bird_run_5_wf.bold_fit_wf.fmapref_buffer" in "/work_dir/fmriprep_24_0_wf/sub_31_wf/bold_task_bird_run_5_wf/bold_fit_wf/fmapref_buffer".
250329-09:55:09,753 nipype.workflow INFO:
	 [Node] Executing "fmapref_buffer" <nipype.interfaces.utility.wrappers.Function>
250329-09:55:09,754 nipype.workflow INFO:
	 [Node] Finished "fmapref_buffer", elapsed time 0.00072s.
250329-09:55:09,842 nipype.interface WARNING:
	 Changing /output/sub-31/func/sub-31_task-bird_run-5_desc-hmc_boldref.nii.gz dtype from uint16 to float32
250329-09:55:09,984 nipype.workflow INFO:
	 [Node] Setting-up "fmriprep_24_0_wf.sub_31_wf.bold_task_bird_run_4_wf.bold_fit_wf.bold_hmc_wf.mcflirt" in "/work_dir/fmriprep_24_0_wf/sub_31_wf/bold_task_bird_run_4_wf/bold_fit_wf/bold_hmc_wf/mcflirt".
250329-09:55:10,25 nipype.workflow INFO:
	 [Node] Executing "mcflirt" <nipype.interfaces.fsl.preprocess.MCFLIRT>
250329-09:55:10,614 nipype.workflow INFO:
	 [Node] Setting-up "fmriprep_24_0_wf.sub_31_wf.bold_task_bird_run_5_wf.bold_fit_wf.bold_hmc_wf.mcflirt" in "/work_dir/fmriprep_24_0_wf/sub_31_wf/bold_task_bird_run_5_wf/bold_fit_wf/bold_hmc_wf/mcflirt".
250329-09:55:10,622 nipype.workflow INFO:
	 [Node] Executing "mcflirt" <nipype.interfaces.fsl.preprocess.MCFLIRT>
250329-09:55:10,986 nipype.workflow INFO:
	 [Node] Setting-up "fmriprep_24_0_wf.sub_31_wf.bold_task_bird_run_1_wf.bold_fit_wf.fmapref_buffer" in "/work_dir/fmriprep_24_0_wf/sub_31_wf/bold_task_bird_run_1_wf/bold_fit_wf/fmapref_buffer".
250329-09:55:10,993 nipype.workflow INFO:
	 [Node] Executing "fmapref_buffer" <nipype.interfaces.utility.wrappers.Function>
250329-09:55:10,995 nipype.workflow INFO:
	 [Node] Finished "fmapref_buffer", elapsed time 0.00071s.
250329-09:55:11,98 nipype.interface WARNING:
	 Changing /output/sub-31/func/sub-31_task-bird_run-1_desc-hmc_boldref.nii.gz dtype from uint16 to float32
250329-09:55:11,976 nipype.workflow INFO:
	 [Node] Setting-up "fmriprep_24_0_wf.sub_31_wf.bold_task_bird_run_6_wf.bold_fit_wf.fmapref_buffer" in "/work_dir/fmriprep_24_0_wf/sub_31_wf/bold_task_bird_run_6_wf/bold_fit_wf/fmapref_buffer".
250329-09:55:11,978 nipype.workflow INFO:
	 [Node] Executing "fmapref_buffer" <nipype.interfaces.utility.wrappers.Function>
250329-09:55:11,980 nipype.workflow INFO:
	 [Node] Finished "fmapref_buffer", elapsed time 0.000807s.
250329-09:55:12,88 nipype.interface WARNING:
	 Changing /output/sub-31/func/sub-31_task-bird_run-6_desc-hmc_boldref.nii.gz dtype from uint16 to float32
250329-09:55:12,173 nipype.workflow INFO:
	 [Node] Setting-up "fmriprep_24_0_wf.sub_31_wf.bold_task_bird_run_1_wf.bold_fit_wf.bold_hmc_wf.mcflirt" in "/work_dir/fmriprep_24_0_wf/sub_31_wf/bold_task_bird_run_1_wf/bold_fit_wf/bold_hmc_wf/mcflirt".
250329-09:55:12,176 nipype.workflow INFO:
	 [Node] Executing "mcflirt" <nipype.interfaces.fsl.preprocess.MCFLIRT>
250329-09:55:12,961 nipype.workflow INFO:
	 [Node] Setting-up "fmriprep_24_0_wf.sub_31_wf.bold_task_bird_run_6_wf.bold_fit_wf.bold_hmc_wf.mcflirt" in "/work_dir/fmriprep_24_0_wf/sub_31_wf/bold_task_bird_run_6_wf/bold_fit_wf/bold_hmc_wf/mcflirt".
250329-09:55:12,962 nipype.workflow INFO:
	 [Node] Setting-up "fmriprep_24_0_wf.sub_31_wf.bold_task_bird_run_2_wf.bold_fit_wf.ds_coreg_boldref_wf.sources" in "/work_dir/fmriprep_24_0_wf/sub_31_wf/bold_task_bird_run_2_wf/bold_fit_wf/ds_coreg_boldref_wf/sources".
250329-09:55:12,963 nipype.workflow INFO:
	 [Node] Setting-up "fmriprep_24_0_wf.sub_31_wf.bold_task_bird_run_3_wf.bold_fit_wf.ds_coreg_boldref_wf.sources" in "/work_dir/fmriprep_24_0_wf/sub_31_wf/bold_task_bird_run_3_wf/bold_fit_wf/ds_coreg_boldref_wf/sources".
250329-09:55:12,965 nipype.workflow INFO:
	 [Node] Executing "sources" <fmriprep.interfaces.bids.BIDSURI>
250329-09:55:12,966 nipype.workflow INFO:
	 [Node] Executing "sources" <fmriprep.interfaces.bids.BIDSURI>
250329-09:55:12,966 nipype.workflow INFO:
	 [Node] Finished "sources", elapsed time 0.000263s.
250329-09:55:12,967 nipype.workflow INFO:
	 [Node] Finished "sources", elapsed time 0.00027s.
250329-09:55:12,969 nipype.workflow INFO:
	 [Node] Executing "mcflirt" <nipype.interfaces.fsl.preprocess.MCFLIRT>
250329-09:55:13,357 nipype.workflow INFO:
	 [Node] Setting-up "fmriprep_24_0_wf.sub_31_wf.bold_task_bird_run_1_wf.bold_fit_wf.ds_coreg_boldref_wf.sources" in "/work_dir/fmriprep_24_0_wf/sub_31_wf/bold_task_bird_run_1_wf/bold_fit_wf/ds_coreg_boldref_wf/sources".
250329-09:55:13,359 nipype.workflow INFO:
	 [Node] Setting-up "fmriprep_24_0_wf.sub_31_wf.bold_task_bird_run_4_wf.bold_fit_wf.ds_coreg_boldref_wf.sources" in "/work_dir/fmriprep_24_0_wf/sub_31_wf/bold_task_bird_run_4_wf/bold_fit_wf/ds_coreg_boldref_wf/sources".
250329-09:55:13,362 nipype.workflow INFO:
	 [Node] Setting-up "fmriprep_24_0_wf.sub_31_wf.bold_task_bird_run_6_wf.bold_fit_wf.ds_coreg_boldref_wf.sources" in "/work_dir/fmriprep_24_0_wf/sub_31_wf/bold_task_bird_run_6_wf/bold_fit_wf/ds_coreg_boldref_wf/sources".
250329-09:55:13,365 nipype.workflow INFO:
	 [Node] Setting-up "fmriprep_24_0_wf.sub_31_wf.bold_task_bird_run_5_wf.bold_fit_wf.ds_coreg_boldref_wf.sources" in "/work_dir/fmriprep_24_0_wf/sub_31_wf/bold_task_bird_run_5_wf/bold_fit_wf/ds_coreg_boldref_wf/sources".
250329-09:55:13,365 nipype.workflow INFO:
	 [Node] Executing "sources" <fmriprep.interfaces.bids.BIDSURI>
250329-09:55:13,366 nipype.workflow INFO:
	 [Node] Finished "sources", elapsed time 0.00028s.
250329-09:55:13,367 nipype.workflow INFO:
	 [Node] Executing "sources" <fmriprep.interfaces.bids.BIDSURI>
250329-09:55:13,368 nipype.workflow INFO:
	 [Node] Finished "sources", elapsed time 0.00024s.
250329-09:55:13,369 nipype.workflow INFO:
	 [Node] Executing "sources" <fmriprep.interfaces.bids.BIDSURI>
250329-09:55:13,370 nipype.workflow INFO:
	 [Node] Finished "sources", elapsed time 0.000271s.
250329-09:55:13,372 nipype.workflow INFO:
	 [Node] Executing "sources" <fmriprep.interfaces.bids.BIDSURI>
250329-09:55:13,373 nipype.workflow INFO:
	 [Node] Finished "sources", elapsed time 0.000271s.
250329-09:55:26,149 nipype.workflow INFO:
	 [Node] Finished "copy_xform", elapsed time 72.567401s.
250329-09:55:31,596 nipype.workflow INFO:
	 [Node] Finished "copy_xform", elapsed time 74.364876s.
250329-09:55:47,796 nipype.workflow INFO:
	 [Node] Finished "copy_xform", elapsed time 75.580987s.
250329-09:55:58,404 nipype.workflow INFO:
	 [Node] Finished "copy_xform", elapsed time 72.150162s.
250329-09:55:59,21 nipype.workflow INFO:
	 [Node] Finished "copy_xform", elapsed time 77.050174s.
250329-09:55:59,884 nipype.workflow INFO:
	 [Node] Finished "copy_xform", elapsed time 81.633056s.
250329-09:55:59,975 nipype.workflow INFO:
	 [Node] Setting-up "fmriprep_24_0_wf.sub_31_wf.bold_task_bird_run_1_wf.bold_fit_wf.enhance_and_skullstrip_bold_wf.init_aff" in "/work_dir/fmriprep_24_0_wf/sub_31_wf/bold_task_bird_run_1_wf/bold_fit_wf/enhance_and_skullstrip_bold_wf/init_aff".
250329-09:55:59,990 nipype.workflow INFO:
	 [Node] Executing "init_aff" <nipype.interfaces.ants.utils.AI>
250329-09:56:27,708 nipype.workflow INFO:
	 [Node] Finished "_inu_n40", elapsed time 109.270369s.
250329-09:56:29,180 nipype.workflow INFO:
	 [Node] Setting-up "fmriprep_24_0_wf.sub_31_wf.anat_fit_wf.brain_extraction_wf.res_target" in "/work_dir/fmriprep_24_0_wf/sub_31_wf/anat_fit_wf/brain_extraction_wf/res_target".
250329-09:56:29,243 nipype.workflow INFO:
	 [Node] Setting-up "fmriprep_24_0_wf.sub_31_wf.anat_fit_wf.brain_extraction_wf.lap_target" in "/work_dir/fmriprep_24_0_wf/sub_31_wf/anat_fit_wf/brain_extraction_wf/lap_target".
250329-09:56:29,255 nipype.workflow INFO:
	 [Node] Setting-up "fmriprep_24_0_wf.sub_31_wf.bold_task_bird_run_2_wf.bold_fit_wf.enhance_and_skullstrip_bold_wf.init_aff" in "/work_dir/fmriprep_24_0_wf/sub_31_wf/bold_task_bird_run_2_wf/bold_fit_wf/enhance_and_skullstrip_bold_wf/init_aff".
250329-09:56:29,257 nipype.workflow INFO:
	 [Node] Executing "lap_target" <nipype.interfaces.ants.utils.ImageMath>
250329-09:56:29,264 nipype.workflow INFO:
	 [Node] Executing "res_target" <niworkflows.interfaces.nibabel.RegridToZooms>
250329-09:56:29,269 nipype.workflow INFO:
	 [Node] Executing "init_aff" <nipype.interfaces.ants.utils.AI>
250329-09:56:30,899 nipype.workflow INFO:
	 [Node] Finished "res_target", elapsed time 1.634268s.
250329-09:56:56,362 nipype.workflow INFO:
	 [Node] Finished "lap_target", elapsed time 26.47498s.
250329-09:56:57,699 nipype.workflow INFO:
	 [Node] Setting-up "fmriprep_24_0_wf.sub_31_wf.anat_fit_wf.brain_extraction_wf.mrg_target" in "/work_dir/fmriprep_24_0_wf/sub_31_wf/anat_fit_wf/brain_extraction_wf/mrg_target".
250329-09:56:57,765 nipype.workflow INFO:
	 [Node] Executing "mrg_target" <nipype.interfaces.utility.base.Merge>
250329-09:56:57,767 nipype.workflow INFO:
	 [Node] Finished "mrg_target", elapsed time 0.000237s.
250329-09:58:18,734 nipype.workflow INFO:
	 [Node] Finished "init_aff", elapsed time 138.193594s.
250329-09:58:19,333 nipype.workflow INFO:
	 [Node] Setting-up "fmriprep_24_0_wf.sub_31_wf.bold_task_bird_run_3_wf.bold_fit_wf.enhance_and_skullstrip_bold_wf.init_aff" in "/work_dir/fmriprep_24_0_wf/sub_31_wf/bold_task_bird_run_3_wf/bold_fit_wf/enhance_and_skullstrip_bold_wf/init_aff".
250329-09:58:19,336 nipype.workflow INFO:
	 [Node] Executing "init_aff" <nipype.interfaces.ants.utils.AI>
250329-09:58:52,940 nipype.workflow INFO:
	 [Node] Finished "init_aff", elapsed time 143.052528s.
250329-09:58:53,533 nipype.workflow INFO:
	 [Node] Setting-up "fmriprep_24_0_wf.sub_31_wf.bold_task_bird_run_4_wf.bold_fit_wf.enhance_and_skullstrip_bold_wf.init_aff" in "/work_dir/fmriprep_24_0_wf/sub_31_wf/bold_task_bird_run_4_wf/bold_fit_wf/enhance_and_skullstrip_bold_wf/init_aff".
250329-09:58:53,537 nipype.workflow INFO:
	 [Node] Executing "init_aff" <nipype.interfaces.ants.utils.AI>
250329-10:00:50,468 nipype.workflow INFO:
	 [Node] Finished "init_aff", elapsed time 150.391523s.
250329-10:00:51,274 nipype.workflow INFO:
	 [Node] Setting-up "fmriprep_24_0_wf.sub_31_wf.bold_task_bird_run_5_wf.bold_fit_wf.enhance_and_skullstrip_bold_wf.init_aff" in "/work_dir/fmriprep_24_0_wf/sub_31_wf/bold_task_bird_run_5_wf/bold_fit_wf/enhance_and_skullstrip_bold_wf/init_aff".
250329-10:00:51,278 nipype.workflow INFO:
	 [Node] Executing "init_aff" <nipype.interfaces.ants.utils.AI>
250329-10:01:07,398 nipype.workflow INFO:
	 [Node] Finished "mcflirt", elapsed time 355.220192s.
250329-10:01:10,44 nipype.workflow INFO:
	 [Node] Setting-up "fmriprep_24_0_wf.sub_31_wf.bold_task_bird_run_1_wf.bold_fit_wf.bold_hmc_wf.normalize_motion" in "/work_dir/fmriprep_24_0_wf/sub_31_wf/bold_task_bird_run_1_wf/bold_fit_wf/bold_hmc_wf/normalize_motion".
250329-10:01:10,226 nipype.workflow INFO:
	 [Node] Executing "normalize_motion" <niworkflows.interfaces.confounds.NormalizeMotionParams>
250329-10:01:10,237 nipype.workflow INFO:
	 [Node] Finished "normalize_motion", elapsed time 0.01036s.
250329-10:01:11,494 nipype.workflow INFO:
	 [Node] Setting-up "fmriprep_24_0_wf.sub_31_wf.bold_task_bird_run_1_wf.bold_confounds_wf.fdisp" in "/work_dir/fmriprep_24_0_wf/sub_31_wf/bold_task_bird_run_1_wf/bold_confounds_wf/fdisp".
250329-10:01:11,504 nipype.workflow INFO:
	 [Node] Executing "fdisp" <nipype.algorithms.confounds.FramewiseDisplacement>
250329-10:01:11,508 nipype.workflow INFO:
	 [Node] Finished "fdisp", elapsed time 0.003069s.
250329-10:01:14,89 nipype.workflow INFO:
	 [Node] Finished "mcflirt", elapsed time 361.118491s.
250329-10:01:14,786 nipype.workflow INFO:
	 [Node] Finished "mcflirt", elapsed time 364.760147s.
250329-10:01:15,15 nipype.workflow INFO:
	 [Node] Finished "mcflirt", elapsed time 364.391966s.
250329-10:01:15,716 nipype.workflow INFO:
	 [Node] Setting-up "fmriprep_24_0_wf.sub_31_wf.bold_task_bird_run_4_wf.bold_fit_wf.bold_hmc_wf.normalize_motion" in "/work_dir/fmriprep_24_0_wf/sub_31_wf/bold_task_bird_run_4_wf/bold_fit_wf/bold_hmc_wf/normalize_motion".
250329-10:01:15,830 nipype.workflow INFO:
	 [Node] Executing "normalize_motion" <niworkflows.interfaces.confounds.NormalizeMotionParams>
250329-10:01:15,838 nipype.workflow INFO:
	 [Node] Finished "normalize_motion", elapsed time 0.007606s.
250329-10:01:15,957 nipype.workflow INFO:
	 [Node] Setting-up "fmriprep_24_0_wf.sub_31_wf.bold_task_bird_run_6_wf.bold_fit_wf.bold_hmc_wf.normalize_motion" in "/work_dir/fmriprep_24_0_wf/sub_31_wf/bold_task_bird_run_6_wf/bold_fit_wf/bold_hmc_wf/normalize_motion".
250329-10:01:16,210 nipype.workflow INFO:
	 [Node] Executing "normalize_motion" <niworkflows.interfaces.confounds.NormalizeMotionParams>
250329-10:01:16,214 nipype.workflow INFO:
	 [Node] Finished "normalize_motion", elapsed time 0.003945s.
250329-10:01:17,225 nipype.workflow INFO:
	 [Node] Setting-up "fmriprep_24_0_wf.sub_31_wf.bold_task_bird_run_5_wf.bold_fit_wf.bold_hmc_wf.normalize_motion" in "/work_dir/fmriprep_24_0_wf/sub_31_wf/bold_task_bird_run_5_wf/bold_fit_wf/bold_hmc_wf/normalize_motion".
250329-10:01:17,239 nipype.workflow INFO:
	 [Node] Executing "normalize_motion" <niworkflows.interfaces.confounds.NormalizeMotionParams>
250329-10:01:17,243 nipype.workflow INFO:
	 [Node] Finished "normalize_motion", elapsed time 0.003936s.
250329-10:01:17,446 nipype.workflow INFO:
	 [Node] Setting-up "fmriprep_24_0_wf.sub_31_wf.bold_task_bird_run_4_wf.bold_confounds_wf.fdisp" in "/work_dir/fmriprep_24_0_wf/sub_31_wf/bold_task_bird_run_4_wf/bold_confounds_wf/fdisp".
250329-10:01:17,679 nipype.workflow INFO:
	 [Node] Setting-up "fmriprep_24_0_wf.sub_31_wf.bold_task_bird_run_6_wf.bold_confounds_wf.fdisp" in "/work_dir/fmriprep_24_0_wf/sub_31_wf/bold_task_bird_run_6_wf/bold_confounds_wf/fdisp".
250329-10:01:17,684 nipype.workflow INFO:
	 [Node] Executing "fdisp" <nipype.algorithms.confounds.FramewiseDisplacement>
250329-10:01:17,688 nipype.workflow INFO:
	 [Node] Finished "fdisp", elapsed time 0.0031s.
250329-10:01:18,44 nipype.workflow INFO:
	 [Node] Executing "fdisp" <nipype.algorithms.confounds.FramewiseDisplacement>
250329-10:01:18,48 nipype.workflow INFO:
	 [Node] Finished "fdisp", elapsed time 0.00298s.
250329-10:01:18,175 nipype.workflow INFO:
	 [Node] Finished "mcflirt", elapsed time 368.958206s.
250329-10:01:19,161 nipype.workflow INFO:
	 [Node] Finished "mcflirt", elapsed time 370.667419s.
250329-10:01:19,236 nipype.workflow INFO:
	 [Node] Setting-up "fmriprep_24_0_wf.sub_31_wf.bold_task_bird_run_3_wf.bold_fit_wf.bold_hmc_wf.normalize_motion" in "/work_dir/fmriprep_24_0_wf/sub_31_wf/bold_task_bird_run_3_wf/bold_fit_wf/bold_hmc_wf/normalize_motion".
250329-10:01:19,260 nipype.workflow INFO:
	 [Node] Executing "normalize_motion" <niworkflows.interfaces.confounds.NormalizeMotionParams>
250329-10:01:19,264 nipype.workflow INFO:
	 [Node] Finished "normalize_motion", elapsed time 0.003858s.
250329-10:01:19,444 nipype.workflow INFO:
	 [Node] Setting-up "fmriprep_24_0_wf.sub_31_wf.bold_task_bird_run_5_wf.bold_confounds_wf.fdisp" in "/work_dir/fmriprep_24_0_wf/sub_31_wf/bold_task_bird_run_5_wf/bold_confounds_wf/fdisp".
250329-10:01:19,449 nipype.workflow INFO:
	 [Node] Executing "fdisp" <nipype.algorithms.confounds.FramewiseDisplacement>
250329-10:01:19,453 nipype.workflow INFO:
	 [Node] Finished "fdisp", elapsed time 0.003126s.
250329-10:01:21,415 nipype.workflow INFO:
	 [Node] Setting-up "fmriprep_24_0_wf.sub_31_wf.bold_task_bird_run_1_wf.bold_fit_wf.bold_hmc_wf.fsl2itk" in "/work_dir/fmriprep_24_0_wf/sub_31_wf/bold_task_bird_run_1_wf/bold_fit_wf/bold_hmc_wf/fsl2itk".
250329-10:01:21,543 nipype.workflow INFO:
	 [Node] Executing "fsl2itk" <niworkflows.interfaces.itk.MCFLIRT2ITK>
250329-10:01:21,544 nipype.interface WARNING:
	 Multithreading is deprecated. Remove the num_threads input.
250329-10:01:21,730 nipype.workflow INFO:
	 [Node] Finished "init_aff", elapsed time 147.33894s.
250329-10:01:21,816 nipype.workflow INFO:
	 [Node] Finished "fsl2itk", elapsed time 0.271526s.
250329-10:01:23,220 nipype.workflow INFO:
	 [Node] Setting-up "fmriprep_24_0_wf.sub_31_wf.bold_task_bird_run_2_wf.bold_fit_wf.bold_hmc_wf.normalize_motion" in "/work_dir/fmriprep_24_0_wf/sub_31_wf/bold_task_bird_run_2_wf/bold_fit_wf/bold_hmc_wf/normalize_motion".
250329-10:01:23,234 nipype.workflow INFO:
	 [Node] Executing "normalize_motion" <niworkflows.interfaces.confounds.NormalizeMotionParams>
250329-10:01:23,238 nipype.workflow INFO:
	 [Node] Finished "normalize_motion", elapsed time 0.004021s.
250329-10:01:23,259 nipype.workflow INFO:
	 [Node] Setting-up "fmriprep_24_0_wf.sub_31_wf.bold_task_bird_run_2_wf.bold_fit_wf.bold_hmc_wf.fsl2itk" in "/work_dir/fmriprep_24_0_wf/sub_31_wf/bold_task_bird_run_2_wf/bold_fit_wf/bold_hmc_wf/fsl2itk".
250329-10:01:23,304 nipype.workflow INFO:
	 [Node] Executing "fsl2itk" <niworkflows.interfaces.itk.MCFLIRT2ITK>
250329-10:01:23,305 nipype.interface WARNING:
	 Multithreading is deprecated. Remove the num_threads input.
250329-10:01:23,580 nipype.workflow INFO:
	 [Node] Finished "fsl2itk", elapsed time 0.275418s.
250329-10:01:23,604 nipype.workflow INFO:
	 [Node] Setting-up "fmriprep_24_0_wf.sub_31_wf.bold_task_bird_run_3_wf.bold_confounds_wf.fdisp" in "/work_dir/fmriprep_24_0_wf/sub_31_wf/bold_task_bird_run_3_wf/bold_confounds_wf/fdisp".
250329-10:01:23,609 nipype.workflow INFO:
	 [Node] Executing "fdisp" <nipype.algorithms.confounds.FramewiseDisplacement>
250329-10:01:23,612 nipype.workflow INFO:
	 [Node] Finished "fdisp", elapsed time 0.002936s.
250329-10:01:25,279 nipype.workflow INFO:
	 [Node] Setting-up "fmriprep_24_0_wf.sub_31_wf.bold_task_bird_run_4_wf.bold_fit_wf.bold_hmc_wf.fsl2itk" in "/work_dir/fmriprep_24_0_wf/sub_31_wf/bold_task_bird_run_4_wf/bold_fit_wf/bold_hmc_wf/fsl2itk".
250329-10:01:25,280 nipype.workflow INFO:
	 [Node] Setting-up "fmriprep_24_0_wf.sub_31_wf.bold_task_bird_run_3_wf.bold_fit_wf.bold_hmc_wf.fsl2itk" in "/work_dir/fmriprep_24_0_wf/sub_31_wf/bold_task_bird_run_3_wf/bold_fit_wf/bold_hmc_wf/fsl2itk".
250329-10:01:25,322 nipype.workflow INFO:
	 [Node] Executing "fsl2itk" <niworkflows.interfaces.itk.MCFLIRT2ITK>
250329-10:01:25,322 nipype.workflow INFO:
	 [Node] Executing "fsl2itk" <niworkflows.interfaces.itk.MCFLIRT2ITK>
250329-10:01:25,323 nipype.interface WARNING:
	 Multithreading is deprecated. Remove the num_threads input.
250329-10:01:25,323 nipype.interface WARNING:
	 Multithreading is deprecated. Remove the num_threads input.
250329-10:01:25,594 nipype.workflow INFO:
	 [Node] Finished "fsl2itk", elapsed time 0.270375s.
250329-10:01:25,595 nipype.workflow INFO:
	 [Node] Finished "fsl2itk", elapsed time 0.271443s.
250329-10:01:27,217 nipype.workflow INFO:
	 [Node] Setting-up "fmriprep_24_0_wf.sub_31_wf.bold_task_bird_run_6_wf.bold_fit_wf.enhance_and_skullstrip_bold_wf.init_aff" in "/work_dir/fmriprep_24_0_wf/sub_31_wf/bold_task_bird_run_6_wf/bold_fit_wf/enhance_and_skullstrip_bold_wf/init_aff".
250329-10:01:27,221 nipype.workflow INFO:
	 [Node] Executing "init_aff" <nipype.interfaces.ants.utils.AI>
250329-10:01:27,265 nipype.workflow INFO:
	 [Node] Setting-up "fmriprep_24_0_wf.sub_31_wf.bold_task_bird_run_5_wf.bold_fit_wf.bold_hmc_wf.fsl2itk" in "/work_dir/fmriprep_24_0_wf/sub_31_wf/bold_task_bird_run_5_wf/bold_fit_wf/bold_hmc_wf/fsl2itk".
250329-10:01:27,308 nipype.workflow INFO:
	 [Node] Executing "fsl2itk" <niworkflows.interfaces.itk.MCFLIRT2ITK>
250329-10:01:27,309 nipype.interface WARNING:
	 Multithreading is deprecated. Remove the num_threads input.
250329-10:01:27,578 nipype.workflow INFO:
	 [Node] Finished "fsl2itk", elapsed time 0.269582s.
250329-10:01:29,298 nipype.workflow INFO:
	 [Node] Setting-up "fmriprep_24_0_wf.sub_31_wf.bold_task_bird_run_6_wf.bold_fit_wf.bold_hmc_wf.fsl2itk" in "/work_dir/fmriprep_24_0_wf/sub_31_wf/bold_task_bird_run_6_wf/bold_fit_wf/bold_hmc_wf/fsl2itk".
250329-10:01:29,422 nipype.workflow INFO:
	 [Node] Executing "fsl2itk" <niworkflows.interfaces.itk.MCFLIRT2ITK>
250329-10:01:29,422 nipype.interface WARNING:
	 Multithreading is deprecated. Remove the num_threads input.
250329-10:01:29,687 nipype.workflow INFO:
	 [Node] Finished "fsl2itk", elapsed time 0.26401s.
250329-10:01:31,229 nipype.workflow INFO:
	 [Node] Setting-up "fmriprep_24_0_wf.sub_31_wf.bold_task_bird_run_1_wf.bold_fit_wf.enhance_and_skullstrip_bold_wf.norm" in "/work_dir/fmriprep_24_0_wf/sub_31_wf/bold_task_bird_run_1_wf/bold_fit_wf/enhance_and_skullstrip_bold_wf/norm".
250329-10:01:31,240 nipype.workflow INFO:
	 [Node] Executing "norm" <niworkflows.interfaces.fixes.FixHeaderRegistration>
250329-10:01:32,822 nipype.workflow INFO:
	 [Node] Finished "norm", elapsed time 1.5813700000000002s.
250329-10:01:33,224 nipype.workflow INFO:
	 [Node] Setting-up "fmriprep_24_0_wf.sub_31_wf.bold_task_bird_run_2_wf.bold_fit_wf.enhance_and_skullstrip_bold_wf.norm" in "/work_dir/fmriprep_24_0_wf/sub_31_wf/bold_task_bird_run_2_wf/bold_fit_wf/enhance_and_skullstrip_bold_wf/norm".
250329-10:01:33,241 nipype.workflow INFO:
	 [Node] Executing "norm" <niworkflows.interfaces.fixes.FixHeaderRegistration>
250329-10:01:34,953 nipype.workflow INFO:
	 [Node] Finished "norm", elapsed time 1.4563329999999999s.
250329-10:01:35,432 nipype.workflow INFO:
	 [Node] Setting-up "fmriprep_24_0_wf.sub_31_wf.bold_task_bird_run_2_wf.bold_confounds_wf.fdisp" in "/work_dir/fmriprep_24_0_wf/sub_31_wf/bold_task_bird_run_2_wf/bold_confounds_wf/fdisp".
250329-10:01:35,937 nipype.workflow INFO:
	 [Node] Executing "fdisp" <nipype.algorithms.confounds.FramewiseDisplacement>
250329-10:01:35,941 nipype.workflow INFO:
	 [Node] Finished "fdisp", elapsed time 0.003009s.
250329-10:01:36,427 nipype.workflow INFO:
	 [Node] Setting-up "fmriprep_24_0_wf.sub_31_wf.bold_task_bird_run_1_wf.bold_fit_wf.enhance_and_skullstrip_bold_wf.map_brainmask" in "/work_dir/fmriprep_24_0_wf/sub_31_wf/bold_task_bird_run_1_wf/bold_fit_wf/enhance_and_skullstrip_bold_wf/map_brainmask".
250329-10:01:36,432 nipype.workflow INFO:
	 [Node] Setting-up "fmriprep_24_0_wf.sub_31_wf.bold_task_bird_run_2_wf.bold_fit_wf.enhance_and_skullstrip_bold_wf.map_brainmask" in "/work_dir/fmriprep_24_0_wf/sub_31_wf/bold_task_bird_run_2_wf/bold_fit_wf/enhance_and_skullstrip_bold_wf/map_brainmask".
250329-10:01:36,436 nipype.workflow INFO:
	 [Node] Executing "map_brainmask" <niworkflows.interfaces.fixes.FixHeaderApplyTransforms>
250329-10:01:36,440 nipype.workflow INFO:
	 [Node] Executing "map_brainmask" <niworkflows.interfaces.fixes.FixHeaderApplyTransforms>
250329-10:01:37,168 nipype.workflow INFO:
	 [Node] Finished "map_brainmask", elapsed time 0.731342s.
250329-10:01:37,174 nipype.workflow INFO:
	 [Node] Finished "map_brainmask", elapsed time 0.733759s.
250329-10:01:39,260 nipype.workflow INFO:
	 [Node] Setting-up "fmriprep_24_0_wf.sub_31_wf.bold_task_bird_run_3_wf.bold_fit_wf.enhance_and_skullstrip_bold_wf.norm" in "/work_dir/fmriprep_24_0_wf/sub_31_wf/bold_task_bird_run_3_wf/bold_fit_wf/enhance_and_skullstrip_bold_wf/norm".
250329-10:01:39,266 nipype.workflow INFO:
	 [Node] Executing "norm" <niworkflows.interfaces.fixes.FixHeaderRegistration>
250329-10:01:46,24 nipype.workflow INFO:
	 [Node] Finished "norm", elapsed time 6.45404s.
250329-10:01:47,265 nipype.workflow INFO:
	 [Node] Setting-up "fmriprep_24_0_wf.sub_31_wf.bold_task_bird_run_4_wf.bold_fit_wf.enhance_and_skullstrip_bold_wf.norm" in "/work_dir/fmriprep_24_0_wf/sub_31_wf/bold_task_bird_run_4_wf/bold_fit_wf/enhance_and_skullstrip_bold_wf/norm".
250329-10:01:47,271 nipype.workflow INFO:
	 [Node] Executing "norm" <niworkflows.interfaces.fixes.FixHeaderRegistration>
250329-10:01:50,923 nipype.workflow INFO:
	 [Node] Finished "norm", elapsed time 3.317256s.
250329-10:01:51,228 nipype.workflow INFO:
	 [Node] Setting-up "fmriprep_24_0_wf.sub_31_wf.bold_task_bird_run_3_wf.bold_fit_wf.enhance_and_skullstrip_bold_wf.map_brainmask" in "/work_dir/fmriprep_24_0_wf/sub_31_wf/bold_task_bird_run_3_wf/bold_fit_wf/enhance_and_skullstrip_bold_wf/map_brainmask".
250329-10:01:51,232 nipype.workflow INFO:
	 [Node] Executing "map_brainmask" <niworkflows.interfaces.fixes.FixHeaderApplyTransforms>
250329-10:01:51,235 nipype.workflow INFO:
	 [Node] Setting-up "fmriprep_24_0_wf.sub_31_wf.bold_task_bird_run_4_wf.bold_fit_wf.enhance_and_skullstrip_bold_wf.map_brainmask" in "/work_dir/fmriprep_24_0_wf/sub_31_wf/bold_task_bird_run_4_wf/bold_fit_wf/enhance_and_skullstrip_bold_wf/map_brainmask".
250329-10:01:51,239 nipype.workflow INFO:
	 [Node] Executing "map_brainmask" <niworkflows.interfaces.fixes.FixHeaderApplyTransforms>
250329-10:01:52,383 nipype.workflow INFO:
	 [Node] Finished "map_brainmask", elapsed time 0.757586s.
250329-10:01:52,450 nipype.workflow INFO:
	 [Node] Finished "map_brainmask", elapsed time 0.722576s.
250329-10:01:53,804 nipype.workflow INFO:
	 [Node] Setting-up "fmriprep_24_0_wf.sub_31_wf.bold_task_bird_run_1_wf.bold_fit_wf.enhance_and_skullstrip_bold_wf.n4_correct" in "/work_dir/fmriprep_24_0_wf/sub_31_wf/bold_task_bird_run_1_wf/bold_fit_wf/enhance_and_skullstrip_bold_wf/n4_correct".
250329-10:01:53,807 nipype.workflow INFO:
	 [Node] Executing "n4_correct" <niworkflows.interfaces.fixes.FixN4BiasFieldCorrection>
250329-10:01:53,809 nipype.workflow INFO:
	 [Node] Setting-up "fmriprep_24_0_wf.sub_31_wf.bold_task_bird_run_2_wf.bold_fit_wf.enhance_and_skullstrip_bold_wf.n4_correct" in "/work_dir/fmriprep_24_0_wf/sub_31_wf/bold_task_bird_run_2_wf/bold_fit_wf/enhance_and_skullstrip_bold_wf/n4_correct".
250329-10:01:53,812 nipype.workflow INFO:
	 [Node] Executing "n4_correct" <niworkflows.interfaces.fixes.FixN4BiasFieldCorrection>
250329-10:01:55,227 nipype.workflow INFO:
	 [Node] Setting-up "fmriprep_24_0_wf.sub_31_wf.bold_task_bird_run_3_wf.bold_fit_wf.enhance_and_skullstrip_bold_wf.n4_correct" in "/work_dir/fmriprep_24_0_wf/sub_31_wf/bold_task_bird_run_3_wf/bold_fit_wf/enhance_and_skullstrip_bold_wf/n4_correct".
250329-10:01:55,237 nipype.workflow INFO:
	 [Node] Executing "n4_correct" <niworkflows.interfaces.fixes.FixN4BiasFieldCorrection>
250329-10:01:55,263 nipype.workflow INFO:
	 [Node] Setting-up "fmriprep_24_0_wf.sub_31_wf.bold_task_bird_run_4_wf.bold_fit_wf.enhance_and_skullstrip_bold_wf.n4_correct" in "/work_dir/fmriprep_24_0_wf/sub_31_wf/bold_task_bird_run_4_wf/bold_fit_wf/enhance_and_skullstrip_bold_wf/n4_correct".
250329-10:01:55,267 nipype.workflow INFO:
	 [Node] Executing "n4_correct" <niworkflows.interfaces.fixes.FixN4BiasFieldCorrection>
250329-10:01:59,669 nipype.workflow INFO:
	 [Node] Finished "n4_correct", elapsed time 5.59677s.
250329-10:02:00,6 nipype.workflow INFO:
	 [Node] Finished "n4_correct", elapsed time 5.820114s.
250329-10:02:00,531 nipype.workflow INFO:
	 [Node] Finished "n4_correct", elapsed time 5.293217s.
250329-10:02:01,229 nipype.workflow INFO:
	 [Node] Setting-up "fmriprep_24_0_wf.sub_31_wf.bold_task_bird_run_1_wf.bold_fit_wf.enhance_and_skullstrip_bold_wf.skullstrip_first_pass" in "/work_dir/fmriprep_24_0_wf/sub_31_wf/bold_task_bird_run_1_wf/bold_fit_wf/enhance_and_skullstrip_bold_wf/skullstrip_first_pass".
250329-10:02:01,232 nipype.workflow INFO:
	 [Node] Executing "skullstrip_first_pass" <nipype.interfaces.fsl.preprocess.BET>
250329-10:02:01,298 nipype.interface WARNING:
	 Changing /output/sub-31/func/sub-31_task-bird_run-1_desc-coreg_boldref.nii.gz dtype from uint16 to float32
250329-10:02:01,641 nipype.workflow INFO:
	 [Node] Finished "n4_correct", elapsed time 5.829495s.
250329-10:02:01,731 nipype.workflow INFO:
	 [Node] Setting-up "fmriprep_24_0_wf.sub_31_wf.bold_task_bird_run_2_wf.bold_fit_wf.enhance_and_skullstrip_bold_wf.skullstrip_first_pass" in "/work_dir/fmriprep_24_0_wf/sub_31_wf/bold_task_bird_run_2_wf/bold_fit_wf/enhance_and_skullstrip_bold_wf/skullstrip_first_pass".
250329-10:02:01,734 nipype.workflow INFO:
	 [Node] Executing "skullstrip_first_pass" <nipype.interfaces.fsl.preprocess.BET>
250329-10:02:01,803 nipype.interface WARNING:
	 Changing /output/sub-31/func/sub-31_task-bird_run-2_desc-coreg_boldref.nii.gz dtype from uint16 to float32
250329-10:02:02,397 nipype.interface WARNING:
	 Changing /output/sub-31/func/sub-31_task-bird_run-3_desc-coreg_boldref.nii.gz dtype from uint16 to float32
250329-10:02:02,442 nipype.workflow INFO:
	 [Node] Setting-up "fmriprep_24_0_wf.sub_31_wf.bold_task_bird_run_3_wf.bold_fit_wf.enhance_and_skullstrip_bold_wf.skullstrip_first_pass" in "/work_dir/fmriprep_24_0_wf/sub_31_wf/bold_task_bird_run_3_wf/bold_fit_wf/enhance_and_skullstrip_bold_wf/skullstrip_first_pass".
250329-10:02:02,520 nipype.workflow INFO:
	 [Node] Executing "skullstrip_first_pass" <nipype.interfaces.fsl.preprocess.BET>
250329-10:02:03,377 nipype.workflow INFO:
	 [Node] Setting-up "fmriprep_24_0_wf.sub_31_wf.bold_task_bird_run_4_wf.bold_fit_wf.enhance_and_skullstrip_bold_wf.skullstrip_first_pass" in "/work_dir/fmriprep_24_0_wf/sub_31_wf/bold_task_bird_run_4_wf/bold_fit_wf/enhance_and_skullstrip_bold_wf/skullstrip_first_pass".
250329-10:02:03,412 nipype.workflow INFO:
	 [Node] Executing "skullstrip_first_pass" <nipype.interfaces.fsl.preprocess.BET>
250329-10:02:03,467 nipype.interface WARNING:
	 Changing /output/sub-31/func/sub-31_task-bird_run-4_desc-coreg_boldref.nii.gz dtype from uint16 to float32
250329-10:02:03,911 nipype.workflow INFO:
	 [Node] Setting-up "fmriprep_24_0_wf.sub_31_wf.bold_task_bird_run_1_wf.bold_fit_wf.ds_boldreg_wf.sources" in "/work_dir/fmriprep_24_0_wf/sub_31_wf/bold_task_bird_run_1_wf/bold_fit_wf/ds_boldreg_wf/sources".
250329-10:02:03,914 nipype.workflow INFO:
	 [Node] Executing "sources" <fmriprep.interfaces.bids.BIDSURI>
250329-10:02:03,915 nipype.workflow INFO:
	 [Node] Finished "sources", elapsed time 0.000259s.
250329-10:02:03,918 nipype.workflow INFO:
	 [Node] Setting-up "fmriprep_24_0_wf.sub_31_wf.bold_task_bird_run_2_wf.bold_fit_wf.ds_boldreg_wf.sources" in "/work_dir/fmriprep_24_0_wf/sub_31_wf/bold_task_bird_run_2_wf/bold_fit_wf/ds_boldreg_wf/sources".
250329-10:02:03,919 nipype.workflow INFO:
	 [Node] Setting-up "fmriprep_24_0_wf.sub_31_wf.bold_task_bird_run_3_wf.bold_fit_wf.ds_boldreg_wf.sources" in "/work_dir/fmriprep_24_0_wf/sub_31_wf/bold_task_bird_run_3_wf/bold_fit_wf/ds_boldreg_wf/sources".
250329-10:02:03,921 nipype.workflow INFO:
	 [Node] Executing "sources" <fmriprep.interfaces.bids.BIDSURI>
250329-10:02:03,922 nipype.workflow INFO:
	 [Node] Finished "sources", elapsed time 0.000265s.
250329-10:02:03,922 nipype.workflow INFO:
	 [Node] Executing "sources" <fmriprep.interfaces.bids.BIDSURI>
250329-10:02:03,923 nipype.workflow INFO:
	 [Node] Finished "sources", elapsed time 0.000239s.
250329-10:02:04,0 nipype.workflow INFO:
	 [Node] Finished "skullstrip_first_pass", elapsed time 2.7661670000000003s.
250329-10:02:04,237 nipype.workflow INFO:
	 [Node] Finished "skullstrip_first_pass", elapsed time 2.502707s.
250329-10:02:05,138 nipype.workflow INFO:
	 [Node] Finished "skullstrip_first_pass", elapsed time 2.61681s.
250329-10:02:05,239 nipype.workflow INFO:
	 [Node] Setting-up "fmriprep_24_0_wf.sub_31_wf.bold_task_bird_run_1_wf.bold_fit_wf.enhance_and_skullstrip_bold_wf.first_dilate" in "/work_dir/fmriprep_24_0_wf/sub_31_wf/bold_task_bird_run_1_wf/bold_fit_wf/enhance_and_skullstrip_bold_wf/first_dilate".
250329-10:02:05,241 nipype.workflow INFO:
	 [Node] Setting-up "fmriprep_24_0_wf.sub_31_wf.bold_task_bird_run_4_wf.bold_fit_wf.ds_boldreg_wf.sources" in "/work_dir/fmriprep_24_0_wf/sub_31_wf/bold_task_bird_run_4_wf/bold_fit_wf/ds_boldreg_wf/sources".
250329-10:02:05,249 nipype.workflow INFO:
	 [Node] Setting-up "fmriprep_24_0_wf.sub_31_wf.bold_task_bird_run_2_wf.bold_fit_wf.enhance_and_skullstrip_bold_wf.first_dilate" in "/work_dir/fmriprep_24_0_wf/sub_31_wf/bold_task_bird_run_2_wf/bold_fit_wf/enhance_and_skullstrip_bold_wf/first_dilate".
250329-10:02:05,251 nipype.workflow INFO:
	 [Node] Executing "first_dilate" <niworkflows.interfaces.nibabel.BinaryDilation>
250329-10:02:05,253 nipype.workflow INFO:
	 [Node] Executing "sources" <fmriprep.interfaces.bids.BIDSURI>
250329-10:02:05,254 nipype.workflow INFO:
	 [Node] Finished "sources", elapsed time 0.000279s.
250329-10:02:05,352 nipype.workflow INFO:
	 [Node] Executing "first_dilate" <niworkflows.interfaces.nibabel.BinaryDilation>
250329-10:02:05,684 nipype.workflow INFO:
	 [Node] Finished "skullstrip_first_pass", elapsed time 2.270334s.
250329-10:02:06,84 nipype.workflow INFO:
	 [Node] Finished "first_dilate", elapsed time 0.832019s.
250329-10:02:06,410 nipype.workflow INFO:
	 [Node] Finished "first_dilate", elapsed time 1.057599s.
250329-10:02:07,239 nipype.workflow INFO:
	 [Node] Setting-up "fmriprep_24_0_wf.sub_31_wf.anat_fit_wf.brain_extraction_wf.init_aff" in "/work_dir/fmriprep_24_0_wf/sub_31_wf/anat_fit_wf/brain_extraction_wf/init_aff".
250329-10:02:07,250 nipype.workflow INFO:
	 [Node] Executing "init_aff" <nipype.interfaces.ants.utils.AI>
250329-10:02:31,639 nipype.workflow INFO:
	 [Node] Finished "init_aff", elapsed time 100.360186s.
250329-10:02:33,234 nipype.workflow INFO:
	 [Node] Setting-up "fmriprep_24_0_wf.sub_31_wf.bold_task_bird_run_5_wf.bold_fit_wf.enhance_and_skullstrip_bold_wf.norm" in "/work_dir/fmriprep_24_0_wf/sub_31_wf/bold_task_bird_run_5_wf/bold_fit_wf/enhance_and_skullstrip_bold_wf/norm".
250329-10:02:33,241 nipype.workflow INFO:
	 [Node] Executing "norm" <niworkflows.interfaces.fixes.FixHeaderRegistration>
250329-10:02:35,351 nipype.workflow INFO:
	 [Node] Finished "norm", elapsed time 1.81269s.
250329-10:02:37,227 nipype.workflow INFO:
	 [Node] Setting-up "fmriprep_24_0_wf.sub_31_wf.bold_task_bird_run_5_wf.bold_fit_wf.enhance_and_skullstrip_bold_wf.map_brainmask" in "/work_dir/fmriprep_24_0_wf/sub_31_wf/bold_task_bird_run_5_wf/bold_fit_wf/enhance_and_skullstrip_bold_wf/map_brainmask".
250329-10:02:37,231 nipype.workflow INFO:
	 [Node] Executing "map_brainmask" <niworkflows.interfaces.fixes.FixHeaderApplyTransforms>
250329-10:02:37,234 nipype.workflow INFO:
	 [Node] Setting-up "fmriprep_24_0_wf.sub_31_wf.bold_task_bird_run_1_wf.bold_fit_wf.enhance_and_skullstrip_bold_wf.first_mask" in "/work_dir/fmriprep_24_0_wf/sub_31_wf/bold_task_bird_run_1_wf/bold_fit_wf/enhance_and_skullstrip_bold_wf/first_mask".
250329-10:02:37,237 nipype.workflow INFO:
	 [Node] Executing "first_mask" <niworkflows.interfaces.nibabel.ApplyMask>
250329-10:02:37,240 nipype.workflow INFO:
	 [Node] Setting-up "fmriprep_24_0_wf.sub_31_wf.bold_task_bird_run_4_wf.bold_fit_wf.enhance_and_skullstrip_bold_wf.first_dilate" in "/work_dir/fmriprep_24_0_wf/sub_31_wf/bold_task_bird_run_4_wf/bold_fit_wf/enhance_and_skullstrip_bold_wf/first_dilate".
250329-10:02:37,240 nipype.workflow INFO:
	 [Node] Setting-up "fmriprep_24_0_wf.sub_31_wf.bold_task_bird_run_3_wf.bold_fit_wf.enhance_and_skullstrip_bold_wf.first_dilate" in "/work_dir/fmriprep_24_0_wf/sub_31_wf/bold_task_bird_run_3_wf/bold_fit_wf/enhance_and_skullstrip_bold_wf/first_dilate".
250329-10:02:37,242 nipype.workflow INFO:
	 [Node] Executing "first_dilate" <niworkflows.interfaces.nibabel.BinaryDilation>
250329-10:02:37,242 nipype.workflow INFO:
	 [Node] Executing "first_dilate" <niworkflows.interfaces.nibabel.BinaryDilation>
250329-10:02:37,245 nipype.workflow INFO:
	 [Node] Setting-up "fmriprep_24_0_wf.sub_31_wf.bold_task_bird_run_2_wf.bold_fit_wf.enhance_and_skullstrip_bold_wf.first_mask" in "/work_dir/fmriprep_24_0_wf/sub_31_wf/bold_task_bird_run_2_wf/bold_fit_wf/enhance_and_skullstrip_bold_wf/first_mask".
250329-10:02:37,355 nipype.workflow INFO:
	 [Node] Finished "first_mask", elapsed time 0.117016s.
250329-10:02:37,386 nipype.workflow INFO:
	 [Node] Executing "first_mask" <niworkflows.interfaces.nibabel.ApplyMask>
250329-10:02:37,485 nipype.workflow INFO:
	 [Node] Finished "first_mask", elapsed time 0.097855s.
250329-10:02:38,14 nipype.workflow INFO:
	 [Node] Finished "first_dilate", elapsed time 0.771071s.
250329-10:02:38,19 nipype.workflow INFO:
	 [Node] Finished "first_dilate", elapsed time 0.776453s.
250329-10:02:38,311 nipype.workflow INFO:
	 [Node] Finished "map_brainmask", elapsed time 0.705167s.
250329-10:02:39,902 nipype.workflow INFO:
	 [Node] Setting-up "fmriprep_24_0_wf.sub_31_wf.bold_task_bird_run_1_wf.bold_native_wf.boldref_bold" in "/work_dir/fmriprep_24_0_wf/sub_31_wf/bold_task_bird_run_1_wf/bold_native_wf/boldref_bold".
250329-10:02:39,911 nipype.workflow INFO:
	 [Node] Executing "boldref_bold" <fmriprep.interfaces.resampling.ResampleSeries>
250329-10:03:05,544 nipype.workflow INFO:
	 [Node] Finished "init_aff", elapsed time 98.321813s.
250329-10:03:07,232 nipype.workflow INFO:
	 [Node] Setting-up "fmriprep_24_0_wf.sub_31_wf.bold_task_bird_run_6_wf.bold_fit_wf.enhance_and_skullstrip_bold_wf.norm" in "/work_dir/fmriprep_24_0_wf/sub_31_wf/bold_task_bird_run_6_wf/bold_fit_wf/enhance_and_skullstrip_bold_wf/norm".
250329-10:03:07,238 nipype.workflow INFO:
	 [Node] Executing "norm" <niworkflows.interfaces.fixes.FixHeaderRegistration>
250329-10:03:07,776 nipype.workflow INFO:
	 [Node] Finished "init_aff", elapsed time 60.186723s.
250329-10:03:07,856 nipype.workflow INFO:
	 [Node] Finished "norm", elapsed time 0.616241s.
250329-10:03:09,227 nipype.workflow INFO:
	 [Node] Setting-up "fmriprep_24_0_wf.sub_31_wf.bold_task_bird_run_6_wf.bold_fit_wf.enhance_and_skullstrip_bold_wf.map_brainmask" in "/work_dir/fmriprep_24_0_wf/sub_31_wf/bold_task_bird_run_6_wf/bold_fit_wf/enhance_and_skullstrip_bold_wf/map_brainmask".
250329-10:03:09,227 nipype.workflow INFO:
	 [Node] Setting-up "fmriprep_24_0_wf.sub_31_wf.bold_task_bird_run_5_wf.bold_fit_wf.enhance_and_skullstrip_bold_wf.n4_correct" in "/work_dir/fmriprep_24_0_wf/sub_31_wf/bold_task_bird_run_5_wf/bold_fit_wf/enhance_and_skullstrip_bold_wf/n4_correct".
250329-10:03:09,230 nipype.workflow INFO:
	 [Node] Setting-up "fmriprep_24_0_wf.sub_31_wf.bold_task_bird_run_1_wf.bold_fit_wf.enhance_and_skullstrip_bold_wf.unifize" in "/work_dir/fmriprep_24_0_wf/sub_31_wf/bold_task_bird_run_1_wf/bold_fit_wf/enhance_and_skullstrip_bold_wf/unifize".
250329-10:03:09,231 nipype.workflow INFO:
	 [Node] Executing "n4_correct" <niworkflows.interfaces.fixes.FixN4BiasFieldCorrection>
250329-10:03:09,231 nipype.workflow INFO:
	 [Node] Executing "map_brainmask" <niworkflows.interfaces.fixes.FixHeaderApplyTransforms>
250329-10:03:09,234 nipype.workflow INFO:
	 [Node] Setting-up "fmriprep_24_0_wf.sub_31_wf.bold_task_bird_run_3_wf.bold_fit_wf.enhance_and_skullstrip_bold_wf.first_mask" in "/work_dir/fmriprep_24_0_wf/sub_31_wf/bold_task_bird_run_3_wf/bold_fit_wf/enhance_and_skullstrip_bold_wf/first_mask".
250329-10:03:09,235 nipype.workflow INFO:
	 [Node] Setting-up "fmriprep_24_0_wf.sub_31_wf.bold_task_bird_run_4_wf.bold_fit_wf.enhance_and_skullstrip_bold_wf.first_mask" in "/work_dir/fmriprep_24_0_wf/sub_31_wf/bold_task_bird_run_4_wf/bold_fit_wf/enhance_and_skullstrip_bold_wf/first_mask".
250329-10:03:09,237 nipype.workflow INFO:
	 [Node] Executing "first_mask" <niworkflows.interfaces.nibabel.ApplyMask>
250329-10:03:09,238 nipype.workflow INFO:
	 [Node] Executing "first_mask" <niworkflows.interfaces.nibabel.ApplyMask>
250329-10:03:09,239 nipype.workflow INFO:
	 [Node] Executing "unifize" <nipype.interfaces.afni.utils.Unifize>
250329-10:03:09,285 nipype.workflow INFO:
	 [Node] Setting-up "fmriprep_24_0_wf.sub_31_wf.bold_task_bird_run_2_wf.bold_fit_wf.enhance_and_skullstrip_bold_wf.unifize" in "/work_dir/fmriprep_24_0_wf/sub_31_wf/bold_task_bird_run_2_wf/bold_fit_wf/enhance_and_skullstrip_bold_wf/unifize".
250329-10:03:09,293 nipype.workflow INFO:
	 [Node] Executing "unifize" <nipype.interfaces.afni.utils.Unifize>
250329-10:03:09,330 nipype.workflow INFO:
	 [Node] Finished "first_mask", elapsed time 0.092203s.
250329-10:03:09,346 nipype.workflow INFO:
	 [Node] Finished "first_mask", elapsed time 0.10738s.
250329-10:03:09,489 nipype.workflow INFO:
	 [Node] Setting-up "fmriprep_24_0_wf.sub_31_wf.bold_task_bird_run_2_wf.bold_native_wf.boldref_bold" in "/work_dir/fmriprep_24_0_wf/sub_31_wf/bold_task_bird_run_2_wf/bold_native_wf/boldref_bold".
250329-10:03:09,494 nipype.workflow INFO:
	 [Node] Executing "boldref_bold" <fmriprep.interfaces.resampling.ResampleSeries>
250329-10:03:09,761 nipype.workflow INFO:
	 [Node] Finished "map_brainmask", elapsed time 0.529071s.
250329-10:03:11,472 nipype.workflow INFO:
	 [Node] Setting-up "fmriprep_24_0_wf.sub_31_wf.bold_task_bird_run_3_wf.bold_fit_wf.enhance_and_skullstrip_bold_wf.unifize" in "/work_dir/fmriprep_24_0_wf/sub_31_wf/bold_task_bird_run_3_wf/bold_fit_wf/enhance_and_skullstrip_bold_wf/unifize".
250329-10:03:11,481 nipype.workflow INFO:
	 [Node] Executing "unifize" <nipype.interfaces.afni.utils.Unifize>
250329-10:03:11,522 nipype.workflow INFO:
	 [Node] Setting-up "fmriprep_24_0_wf.sub_31_wf.bold_task_bird_run_4_wf.bold_fit_wf.enhance_and_skullstrip_bold_wf.unifize" in "/work_dir/fmriprep_24_0_wf/sub_31_wf/bold_task_bird_run_4_wf/bold_fit_wf/enhance_and_skullstrip_bold_wf/unifize".
250329-10:03:11,532 nipype.workflow INFO:
	 [Node] Executing "unifize" <nipype.interfaces.afni.utils.Unifize>
250329-10:03:13,334 nipype.workflow INFO:
	 [Node] Setting-up "fmriprep_24_0_wf.sub_31_wf.bold_task_bird_run_6_wf.bold_fit_wf.enhance_and_skullstrip_bold_wf.n4_correct" in "/work_dir/fmriprep_24_0_wf/sub_31_wf/bold_task_bird_run_6_wf/bold_fit_wf/enhance_and_skullstrip_bold_wf/n4_correct".
250329-10:03:13,337 nipype.workflow INFO:
	 [Node] Executing "n4_correct" <niworkflows.interfaces.fixes.FixN4BiasFieldCorrection>
250329-10:03:14,757 nipype.workflow INFO:
	 [Node] Finished "n4_correct", elapsed time 5.525561s.
250329-10:03:15,544 nipype.workflow INFO:
	 [Node] Setting-up "fmriprep_24_0_wf.sub_31_wf.bold_task_bird_run_5_wf.bold_fit_wf.enhance_and_skullstrip_bold_wf.skullstrip_first_pass" in "/work_dir/fmriprep_24_0_wf/sub_31_wf/bold_task_bird_run_5_wf/bold_fit_wf/enhance_and_skullstrip_bold_wf/skullstrip_first_pass".
250329-10:03:15,547 nipype.workflow INFO:
	 [Node] Executing "skullstrip_first_pass" <nipype.interfaces.fsl.preprocess.BET>
250329-10:03:15,723 nipype.interface WARNING:
	 Changing /output/sub-31/func/sub-31_task-bird_run-5_desc-coreg_boldref.nii.gz dtype from uint16 to float32
250329-10:03:17,511 nipype.workflow INFO:
	 [Node] Setting-up "fmriprep_24_0_wf.sub_31_wf.bold_task_bird_run_5_wf.bold_fit_wf.ds_boldreg_wf.sources" in "/work_dir/fmriprep_24_0_wf/sub_31_wf/bold_task_bird_run_5_wf/bold_fit_wf/ds_boldreg_wf/sources".
250329-10:03:17,514 nipype.workflow INFO:
	 [Node] Executing "sources" <fmriprep.interfaces.bids.BIDSURI>
250329-10:03:17,515 nipype.workflow INFO:
	 [Node] Finished "sources", elapsed time 0.000249s.
250329-10:03:19,12 nipype.workflow INFO:
	 [Node] Finished "n4_correct", elapsed time 5.674527s.
250329-10:03:19,424 nipype.workflow INFO:
	 [Node] Setting-up "fmriprep_24_0_wf.sub_31_wf.bold_task_bird_run_6_wf.bold_fit_wf.enhance_and_skullstrip_bold_wf.skullstrip_first_pass" in "/work_dir/fmriprep_24_0_wf/sub_31_wf/bold_task_bird_run_6_wf/bold_fit_wf/enhance_and_skullstrip_bold_wf/skullstrip_first_pass".
250329-10:03:19,508 nipype.workflow INFO:
	 [Node] Executing "skullstrip_first_pass" <nipype.interfaces.fsl.preprocess.BET>
250329-10:03:19,552 nipype.interface WARNING:
	 Changing /output/sub-31/func/sub-31_task-bird_run-6_desc-coreg_boldref.nii.gz dtype from uint16 to float32
250329-10:03:20,128 nipype.workflow INFO:
	 [Node] Finished "skullstrip_first_pass", elapsed time 4.579745s.
250329-10:03:21,424 nipype.workflow INFO:
	 [Node] Setting-up "fmriprep_24_0_wf.sub_31_wf.bold_task_bird_run_6_wf.bold_fit_wf.ds_boldreg_wf.sources" in "/work_dir/fmriprep_24_0_wf/sub_31_wf/bold_task_bird_run_6_wf/bold_fit_wf/ds_boldreg_wf/sources".
250329-10:03:21,427 nipype.workflow INFO:
	 [Node] Executing "sources" <fmriprep.interfaces.bids.BIDSURI>
250329-10:03:21,428 nipype.workflow INFO:
	 [Node] Finished "sources", elapsed time 0.000257s.
250329-10:03:21,428 nipype.workflow INFO:
	 [Node] Setting-up "fmriprep_24_0_wf.sub_31_wf.bold_task_bird_run_5_wf.bold_fit_wf.enhance_and_skullstrip_bold_wf.first_dilate" in "/work_dir/fmriprep_24_0_wf/sub_31_wf/bold_task_bird_run_5_wf/bold_fit_wf/enhance_and_skullstrip_bold_wf/first_dilate".
250329-10:03:21,431 nipype.workflow INFO:
	 [Node] Executing "first_dilate" <niworkflows.interfaces.nibabel.BinaryDilation>
250329-10:03:23,69 nipype.workflow INFO:
	 [Node] Finished "first_dilate", elapsed time 1.637119s.
250329-10:03:23,732 nipype.workflow INFO:
	 [Node] Finished "skullstrip_first_pass", elapsed time 4.222518s.
250329-10:03:25,448 nipype.workflow INFO:
	 [Node] Setting-up "fmriprep_24_0_wf.sub_31_wf.bold_task_bird_run_6_wf.bold_fit_wf.enhance_and_skullstrip_bold_wf.first_dilate" in "/work_dir/fmriprep_24_0_wf/sub_31_wf/bold_task_bird_run_6_wf/bold_fit_wf/enhance_and_skullstrip_bold_wf/first_dilate".
250329-10:03:25,449 nipype.workflow INFO:
	 [Node] Setting-up "fmriprep_24_0_wf.sub_31_wf.bold_task_bird_run_5_wf.bold_fit_wf.enhance_and_skullstrip_bold_wf.first_mask" in "/work_dir/fmriprep_24_0_wf/sub_31_wf/bold_task_bird_run_5_wf/bold_fit_wf/enhance_and_skullstrip_bold_wf/first_mask".
250329-10:03:25,451 nipype.workflow INFO:
	 [Node] Executing "first_dilate" <niworkflows.interfaces.nibabel.BinaryDilation>
250329-10:03:25,452 nipype.workflow INFO:
	 [Node] Executing "first_mask" <niworkflows.interfaces.nibabel.ApplyMask>
250329-10:03:25,726 nipype.workflow INFO:
	 [Node] Finished "first_mask", elapsed time 0.273827s.
250329-10:03:26,870 nipype.workflow INFO:
	 [Node] Finished "first_dilate", elapsed time 1.418855s.
250329-10:03:27,440 nipype.workflow INFO:
	 [Node] Setting-up "fmriprep_24_0_wf.sub_31_wf.bold_task_bird_run_6_wf.bold_fit_wf.enhance_and_skullstrip_bold_wf.first_mask" in "/work_dir/fmriprep_24_0_wf/sub_31_wf/bold_task_bird_run_6_wf/bold_fit_wf/enhance_and_skullstrip_bold_wf/first_mask".
250329-10:03:27,443 nipype.workflow INFO:
	 [Node] Executing "first_mask" <niworkflows.interfaces.nibabel.ApplyMask>
250329-10:03:27,573 nipype.workflow INFO:
	 [Node] Setting-up "fmriprep_24_0_wf.sub_31_wf.bold_task_bird_run_5_wf.bold_fit_wf.enhance_and_skullstrip_bold_wf.unifize" in "/work_dir/fmriprep_24_0_wf/sub_31_wf/bold_task_bird_run_5_wf/bold_fit_wf/enhance_and_skullstrip_bold_wf/unifize".
250329-10:03:27,585 nipype.workflow INFO:
	 [Node] Executing "unifize" <nipype.interfaces.afni.utils.Unifize>
250329-10:03:27,741 nipype.workflow INFO:
	 [Node] Finished "first_mask", elapsed time 0.297785s.
250329-10:03:29,653 nipype.workflow INFO:
	 [Node] Setting-up "fmriprep_24_0_wf.sub_31_wf.bold_task_bird_run_6_wf.bold_fit_wf.enhance_and_skullstrip_bold_wf.unifize" in "/work_dir/fmriprep_24_0_wf/sub_31_wf/bold_task_bird_run_6_wf/bold_fit_wf/enhance_and_skullstrip_bold_wf/unifize".
250329-10:03:29,669 nipype.workflow INFO:
	 [Node] Executing "unifize" <nipype.interfaces.afni.utils.Unifize>
250329-10:03:53,522 nipype.workflow INFO:
	 [Node] Finished "boldref_bold", elapsed time 73.609703s.
250329-10:03:55,268 nipype.workflow INFO:
	 [Node] Setting-up "fmriprep_24_0_wf.sub_31_wf.bold_task_bird_run_1_wf.ds_bold_native_wf.ds_bold" in "/work_dir/fmriprep_24_0_wf/sub_31_wf/bold_task_bird_run_1_wf/ds_bold_native_wf/ds_bold".
250329-10:03:55,402 nipype.workflow INFO:
	 [Node] Executing "ds_bold" <fmriprep.interfaces.DerivativesDataSink>
250329-10:03:57,688 nipype.workflow INFO:
	 [Node] Setting-up "fmriprep_24_0_wf.sub_31_wf.bold_task_bird_run_3_wf.bold_native_wf.boldref_bold" in "/work_dir/fmriprep_24_0_wf/sub_31_wf/bold_task_bird_run_3_wf/bold_native_wf/boldref_bold".
250329-10:03:57,705 nipype.workflow INFO:
	 [Node] Executing "boldref_bold" <fmriprep.interfaces.resampling.ResampleSeries>
250329-10:04:25,805 nipype.workflow INFO:
	 [Node] Finished "boldref_bold", elapsed time 76.310117s.
250329-10:04:27,797 nipype.workflow INFO:
	 [Node] Setting-up "fmriprep_24_0_wf.sub_31_wf.bold_task_bird_run_2_wf.ds_bold_native_wf.ds_bold" in "/work_dir/fmriprep_24_0_wf/sub_31_wf/bold_task_bird_run_2_wf/ds_bold_native_wf/ds_bold".
250329-10:04:28,67 nipype.workflow INFO:
	 [Node] Setting-up "fmriprep_24_0_wf.sub_31_wf.bold_task_bird_run_4_wf.bold_native_wf.boldref_bold" in "/work_dir/fmriprep_24_0_wf/sub_31_wf/bold_task_bird_run_4_wf/bold_native_wf/boldref_bold".
250329-10:04:28,87 nipype.workflow INFO:
	 [Node] Executing "boldref_bold" <fmriprep.interfaces.resampling.ResampleSeries>
250329-10:04:28,219 nipype.workflow INFO:
	 [Node] Executing "ds_bold" <fmriprep.interfaces.DerivativesDataSink>
250329-10:05:14,747 nipype.workflow INFO:
	 [Node] Finished "ds_bold", elapsed time 79.343987s.
250329-10:05:22,524 nipype.workflow INFO:
	 [Node] Finished "boldref_bold", elapsed time 84.817287s.
250329-10:05:23,406 nipype.workflow INFO:
	 [Node] Setting-up "fmriprep_24_0_wf.sub_31_wf.bold_task_bird_run_3_wf.ds_bold_native_wf.ds_bold" in "/work_dir/fmriprep_24_0_wf/sub_31_wf/bold_task_bird_run_3_wf/ds_bold_native_wf/ds_bold".
250329-10:05:23,447 nipype.workflow INFO:
	 [Node] Setting-up "fmriprep_24_0_wf.sub_31_wf.bold_task_bird_run_5_wf.bold_native_wf.boldref_bold" in "/work_dir/fmriprep_24_0_wf/sub_31_wf/bold_task_bird_run_5_wf/bold_native_wf/boldref_bold".
250329-10:05:23,460 nipype.workflow INFO:
	 [Node] Executing "boldref_bold" <fmriprep.interfaces.resampling.ResampleSeries>
250329-10:05:23,461 nipype.workflow INFO:
	 [Node] Executing "ds_bold" <fmriprep.interfaces.DerivativesDataSink>
250329-10:05:32,981 nipype.workflow INFO:
	 [Node] Finished "ds_bold", elapsed time 64.760377s.
250329-10:06:01,480 nipype.workflow INFO:
	 [Node] Finished "boldref_bold", elapsed time 93.391627s.
250329-10:06:03,407 nipype.workflow INFO:
	 [Node] Setting-up "fmriprep_24_0_wf.sub_31_wf.bold_task_bird_run_4_wf.ds_bold_native_wf.ds_bold" in "/work_dir/fmriprep_24_0_wf/sub_31_wf/bold_task_bird_run_4_wf/ds_bold_native_wf/ds_bold".
250329-10:06:03,460 nipype.workflow INFO:
	 [Node] Setting-up "fmriprep_24_0_wf.sub_31_wf.bold_task_bird_run_6_wf.bold_native_wf.boldref_bold" in "/work_dir/fmriprep_24_0_wf/sub_31_wf/bold_task_bird_run_6_wf/bold_native_wf/boldref_bold".
250329-10:06:03,466 nipype.workflow INFO:
	 [Node] Executing "boldref_bold" <fmriprep.interfaces.resampling.ResampleSeries>
250329-10:06:03,901 nipype.workflow INFO:
	 [Node] Executing "ds_bold" <fmriprep.interfaces.DerivativesDataSink>
250329-10:06:43,603 nipype.workflow INFO:
	 [Node] Finished "ds_bold", elapsed time 80.140879s.
250329-10:06:53,474 nipype.workflow INFO:
	 [Node] Finished "boldref_bold", elapsed time 90.012726s.
250329-10:06:55,413 nipype.workflow INFO:
	 [Node] Setting-up "fmriprep_24_0_wf.sub_31_wf.anat_fit_wf.brain_extraction_wf.norm" in "/work_dir/fmriprep_24_0_wf/sub_31_wf/anat_fit_wf/brain_extraction_wf/norm".
250329-10:06:55,419 nipype.workflow INFO:
	 [Node] Setting-up "fmriprep_24_0_wf.sub_31_wf.bold_task_bird_run_5_wf.ds_bold_native_wf.ds_bold" in "/work_dir/fmriprep_24_0_wf/sub_31_wf/bold_task_bird_run_5_wf/ds_bold_native_wf/ds_bold".
250329-10:06:55,429 nipype.workflow INFO:
	 [Node] Executing "norm" <niworkflows.interfaces.fixes.FixHeaderRegistration>
250329-10:06:55,921 nipype.workflow INFO:
	 [Node] Executing "ds_bold" <fmriprep.interfaces.DerivativesDataSink>
250329-10:07:21,455 nipype.workflow INFO:
	 [Node] Finished "ds_bold", elapsed time 77.552943s.
250329-10:07:30,702 nipype.workflow INFO:
	 [Node] Finished "boldref_bold", elapsed time 87.234539s.
250329-10:07:31,392 nipype.workflow INFO:
	 [Node] Setting-up "fmriprep_24_0_wf.sub_31_wf.bold_task_bird_run_6_wf.ds_bold_native_wf.ds_bold" in "/work_dir/fmriprep_24_0_wf/sub_31_wf/bold_task_bird_run_6_wf/ds_bold_native_wf/ds_bold".
250329-10:07:32,80 nipype.workflow INFO:
	 [Node] Executing "ds_bold" <fmriprep.interfaces.DerivativesDataSink>
250329-10:08:15,549 nipype.workflow INFO:
	 [Node] Finished "ds_bold", elapsed time 79.627234s.
250329-10:08:40,10 nipype.workflow INFO:
	 [Node] Finished "ds_bold", elapsed time 67.928927s.
250329-10:12:41,487 nipype.workflow INFO:
	 [Node] Finished "unifize", elapsed time 572.247267s.
250329-10:12:43,290 nipype.workflow INFO:
	 [Node] Setting-up "fmriprep_24_0_wf.sub_31_wf.bold_task_bird_run_1_wf.bold_fit_wf.enhance_and_skullstrip_bold_wf.fixhdr_unifize" in "/work_dir/fmriprep_24_0_wf/sub_31_wf/bold_task_bird_run_1_wf/bold_fit_wf/enhance_and_skullstrip_bold_wf/fixhdr_unifize".
250329-10:12:43,293 nipype.workflow INFO:
	 [Node] Executing "fixhdr_unifize" <niworkflows.interfaces.header.CopyXForm>
250329-10:12:43,485 nipype.workflow INFO:
	 [Node] Finished "fixhdr_unifize", elapsed time 0.191613s.
250329-10:12:45,323 nipype.workflow INFO:
	 [Node] Setting-up "fmriprep_24_0_wf.sub_31_wf.bold_task_bird_run_1_wf.bold_fit_wf.enhance_and_skullstrip_bold_wf.skullstrip_second_pass" in "/work_dir/fmriprep_24_0_wf/sub_31_wf/bold_task_bird_run_1_wf/bold_fit_wf/enhance_and_skullstrip_bold_wf/skullstrip_second_pass".
250329-10:12:45,326 nipype.workflow INFO:
	 [Node] Executing "skullstrip_second_pass" <nipype.interfaces.afni.preprocess.Automask>
250329-10:12:45,470 nipype.workflow INFO:
	 [Node] Finished "unifize", elapsed time 573.988412s.
250329-10:12:45,979 nipype.workflow INFO:
	 [Node] Finished "skullstrip_second_pass", elapsed time 0.652291s.
250329-10:12:47,342 nipype.workflow INFO:
	 [Node] Setting-up "fmriprep_24_0_wf.sub_31_wf.bold_task_bird_run_3_wf.bold_fit_wf.enhance_and_skullstrip_bold_wf.fixhdr_unifize" in "/work_dir/fmriprep_24_0_wf/sub_31_wf/bold_task_bird_run_3_wf/bold_fit_wf/enhance_and_skullstrip_bold_wf/fixhdr_unifize".
250329-10:12:47,342 nipype.workflow INFO:
	 [Node] Setting-up "fmriprep_24_0_wf.sub_31_wf.bold_task_bird_run_1_wf.bold_fit_wf.enhance_and_skullstrip_bold_wf.fixhdr_skullstrip2" in "/work_dir/fmriprep_24_0_wf/sub_31_wf/bold_task_bird_run_1_wf/bold_fit_wf/enhance_and_skullstrip_bold_wf/fixhdr_skullstrip2".
250329-10:12:47,345 nipype.workflow INFO:
	 [Node] Executing "fixhdr_skullstrip2" <niworkflows.interfaces.header.CopyXForm>
250329-10:12:47,429 nipype.workflow INFO:
	 [Node] Finished "fixhdr_skullstrip2", elapsed time 0.083483s.
250329-10:12:47,433 nipype.workflow INFO:
	 [Node] Executing "fixhdr_unifize" <niworkflows.interfaces.header.CopyXForm>
250329-10:12:47,601 nipype.workflow INFO:
	 [Node] Finished "fixhdr_unifize", elapsed time 0.168001s.
250329-10:12:49,377 nipype.workflow INFO:
	 [Node] Setting-up "fmriprep_24_0_wf.sub_31_wf.bold_task_bird_run_1_wf.bold_fit_wf.enhance_and_skullstrip_bold_wf.combine_masks" in "/work_dir/fmriprep_24_0_wf/sub_31_wf/bold_task_bird_run_1_wf/bold_fit_wf/enhance_and_skullstrip_bold_wf/combine_masks".
250329-10:12:49,381 nipype.workflow INFO:
	 [Node] Executing "combine_masks" <nipype.interfaces.fsl.maths.BinaryMaths>
250329-10:12:49,451 nipype.workflow INFO:
	 [Node] Setting-up "fmriprep_24_0_wf.sub_31_wf.bold_task_bird_run_3_wf.bold_fit_wf.enhance_and_skullstrip_bold_wf.skullstrip_second_pass" in "/work_dir/fmriprep_24_0_wf/sub_31_wf/bold_task_bird_run_3_wf/bold_fit_wf/enhance_and_skullstrip_bold_wf/skullstrip_second_pass".
250329-10:12:49,463 nipype.workflow INFO:
	 [Node] Executing "skullstrip_second_pass" <nipype.interfaces.afni.preprocess.Automask>
250329-10:12:49,626 nipype.workflow INFO:
	 [Node] Finished "combine_masks", elapsed time 0.24393s.
250329-10:12:50,103 nipype.workflow INFO:
	 [Node] Finished "skullstrip_second_pass", elapsed time 0.638232s.
250329-10:12:51,25 nipype.workflow INFO:
	 [Node] Finished "unifize", elapsed time 581.731162s.
250329-10:12:51,330 nipype.workflow INFO:
	 [Node] Setting-up "fmriprep_24_0_wf.sub_31_wf.bold_task_bird_run_2_wf.bold_fit_wf.enhance_and_skullstrip_bold_wf.fixhdr_unifize" in "/work_dir/fmriprep_24_0_wf/sub_31_wf/bold_task_bird_run_2_wf/bold_fit_wf/enhance_and_skullstrip_bold_wf/fixhdr_unifize".
250329-10:12:51,333 nipype.workflow INFO:
	 [Node] Executing "fixhdr_unifize" <niworkflows.interfaces.header.CopyXForm>
250329-10:12:51,337 nipype.workflow INFO:
	 [Node] Setting-up "fmriprep_24_0_wf.sub_31_wf.bold_task_bird_run_3_wf.bold_fit_wf.enhance_and_skullstrip_bold_wf.fixhdr_skullstrip2" in "/work_dir/fmriprep_24_0_wf/sub_31_wf/bold_task_bird_run_3_wf/bold_fit_wf/enhance_and_skullstrip_bold_wf/fixhdr_skullstrip2".
250329-10:12:51,346 nipype.workflow INFO:
	 [Node] Setting-up "fmriprep_24_0_wf.sub_31_wf.bold_task_bird_run_1_wf.bold_fit_wf.enhance_and_skullstrip_bold_wf.apply_mask" in "/work_dir/fmriprep_24_0_wf/sub_31_wf/bold_task_bird_run_1_wf/bold_fit_wf/enhance_and_skullstrip_bold_wf/apply_mask".
250329-10:12:51,348 nipype.workflow INFO:
	 [Node] Executing "apply_mask" <niworkflows.interfaces.nibabel.ApplyMask>
250329-10:12:51,381 nipype.interface WARNING:
	 Changing /output/sub-31/func/sub-31_task-bird_run-1_desc-brain_mask.nii.gz dtype from float32 to uint8
250329-10:12:51,485 nipype.workflow INFO:
	 [Node] Executing "fixhdr_skullstrip2" <niworkflows.interfaces.header.CopyXForm>
250329-10:12:51,527 nipype.workflow INFO:
	 [Node] Finished "fixhdr_unifize", elapsed time 0.1938s.
250329-10:12:51,544 nipype.workflow INFO:
	 [Node] Finished "apply_mask", elapsed time 0.195272s.
250329-10:12:51,592 nipype.workflow INFO:
	 [Node] Finished "fixhdr_skullstrip2", elapsed time 0.10518s.
250329-10:12:53,549 nipype.workflow INFO:
	 [Node] Setting-up "fmriprep_24_0_wf.sub_31_wf.bold_task_bird_run_2_wf.bold_fit_wf.enhance_and_skullstrip_bold_wf.skullstrip_second_pass" in "/work_dir/fmriprep_24_0_wf/sub_31_wf/bold_task_bird_run_2_wf/bold_fit_wf/enhance_and_skullstrip_bold_wf/skullstrip_second_pass".
250329-10:12:53,552 nipype.workflow INFO:
	 [Node] Executing "skullstrip_second_pass" <nipype.interfaces.afni.preprocess.Automask>
250329-10:12:53,568 nipype.workflow INFO:
	 [Node] Setting-up "fmriprep_24_0_wf.sub_31_wf.bold_task_bird_run_3_wf.bold_fit_wf.enhance_and_skullstrip_bold_wf.combine_masks" in "/work_dir/fmriprep_24_0_wf/sub_31_wf/bold_task_bird_run_3_wf/bold_fit_wf/enhance_and_skullstrip_bold_wf/combine_masks".
250329-10:12:53,572 nipype.workflow INFO:
	 [Node] Executing "combine_masks" <nipype.interfaces.fsl.maths.BinaryMaths>
250329-10:12:53,577 nipype.workflow INFO:
	 [Node] Setting-up "fmriprep_24_0_wf.sub_31_wf.bold_task_bird_run_1_wf.bold_confounds_wf.dvars" in "/work_dir/fmriprep_24_0_wf/sub_31_wf/bold_task_bird_run_1_wf/bold_confounds_wf/dvars".
250329-10:12:53,587 nipype.workflow INFO:
	 [Node] Setting-up "fmriprep_24_0_wf.sub_31_wf.bold_task_bird_run_1_wf.bold_confounds_wf.tcompcor" in "/work_dir/fmriprep_24_0_wf/sub_31_wf/bold_task_bird_run_1_wf/bold_confounds_wf/tcompcor".
250329-10:12:53,614 nipype.workflow INFO:
	 [Node] Executing "tcompcor" <niworkflows.interfaces.patches.RobustTCompCor>
250329-10:12:54,332 nipype.workflow INFO:
	 [Node] Executing "dvars" <nipype.algorithms.confounds.ComputeDVARS>
250329-10:12:54,417 nipype.workflow INFO:
	 [Node] Finished "combine_masks", elapsed time 0.844068s.
250329-10:12:54,750 nipype.workflow INFO:
	 [Node] Finished "unifize", elapsed time 583.217248s.
250329-10:12:54,936 nipype.workflow INFO:
	 [Node] Finished "skullstrip_second_pass", elapsed time 1.382607s.
250329-10:12:55,298 nipype.workflow INFO:
	 [Node] Setting-up "fmriprep_24_0_wf.sub_31_wf.bold_task_bird_run_4_wf.bold_fit_wf.enhance_and_skullstrip_bold_wf.fixhdr_unifize" in "/work_dir/fmriprep_24_0_wf/sub_31_wf/bold_task_bird_run_4_wf/bold_fit_wf/enhance_and_skullstrip_bold_wf/fixhdr_unifize".
250329-10:12:55,299 nipype.workflow INFO:
	 [Node] Setting-up "fmriprep_24_0_wf.sub_31_wf.bold_task_bird_run_2_wf.bold_fit_wf.enhance_and_skullstrip_bold_wf.fixhdr_skullstrip2" in "/work_dir/fmriprep_24_0_wf/sub_31_wf/bold_task_bird_run_2_wf/bold_fit_wf/enhance_and_skullstrip_bold_wf/fixhdr_skullstrip2".
250329-10:12:55,302 nipype.workflow INFO:
	 [Node] Executing "fixhdr_skullstrip2" <niworkflows.interfaces.header.CopyXForm>
250329-10:12:55,303 nipype.workflow INFO:
	 [Node] Setting-up "fmriprep_24_0_wf.sub_31_wf.bold_task_bird_run_3_wf.bold_fit_wf.enhance_and_skullstrip_bold_wf.apply_mask" in "/work_dir/fmriprep_24_0_wf/sub_31_wf/bold_task_bird_run_3_wf/bold_fit_wf/enhance_and_skullstrip_bold_wf/apply_mask".
250329-10:12:55,435 nipype.workflow INFO:
	 [Node] Executing "fixhdr_unifize" <niworkflows.interfaces.header.CopyXForm>
250329-10:12:55,445 nipype.workflow INFO:
	 [Node] Finished "fixhdr_skullstrip2", elapsed time 0.14264s.
250329-10:12:55,462 nipype.interface WARNING:
	 Changing /output/sub-31/func/sub-31_task-bird_run-3_desc-brain_mask.nii.gz dtype from float32 to uint8
250329-10:12:55,565 nipype.workflow INFO:
	 [Node] Executing "apply_mask" <niworkflows.interfaces.nibabel.ApplyMask>
250329-10:12:55,700 nipype.workflow INFO:
	 [Node] Finished "apply_mask", elapsed time 0.134101s.
250329-10:12:55,701 nipype.workflow INFO:
	 [Node] Finished "fixhdr_unifize", elapsed time 0.264866s.
250329-10:12:56,650 nipype.workflow INFO:
	 [Node] Finished "unifize", elapsed time 569.063756s.
250329-10:12:57,336 nipype.workflow INFO:
	 [Node] Setting-up "fmriprep_24_0_wf.sub_31_wf.bold_task_bird_run_5_wf.bold_fit_wf.enhance_and_skullstrip_bold_wf.fixhdr_unifize" in "/work_dir/fmriprep_24_0_wf/sub_31_wf/bold_task_bird_run_5_wf/bold_fit_wf/enhance_and_skullstrip_bold_wf/fixhdr_unifize".
250329-10:12:57,339 nipype.workflow INFO:
	 [Node] Executing "fixhdr_unifize" <niworkflows.interfaces.header.CopyXForm>
250329-10:12:57,349 nipype.workflow INFO:
	 [Node] Setting-up "fmriprep_24_0_wf.sub_31_wf.bold_task_bird_run_4_wf.bold_fit_wf.enhance_and_skullstrip_bold_wf.skullstrip_second_pass" in "/work_dir/fmriprep_24_0_wf/sub_31_wf/bold_task_bird_run_4_wf/bold_fit_wf/enhance_and_skullstrip_bold_wf/skullstrip_second_pass".
250329-10:12:57,350 nipype.workflow INFO:
	 [Node] Setting-up "fmriprep_24_0_wf.sub_31_wf.bold_task_bird_run_2_wf.bold_fit_wf.enhance_and_skullstrip_bold_wf.combine_masks" in "/work_dir/fmriprep_24_0_wf/sub_31_wf/bold_task_bird_run_2_wf/bold_fit_wf/enhance_and_skullstrip_bold_wf/combine_masks".
250329-10:12:57,352 nipype.workflow INFO:
	 [Node] Setting-up "fmriprep_24_0_wf.sub_31_wf.bold_task_bird_run_3_wf.bold_confounds_wf.dvars" in "/work_dir/fmriprep_24_0_wf/sub_31_wf/bold_task_bird_run_3_wf/bold_confounds_wf/dvars".
250329-10:12:57,353 nipype.workflow INFO:
	 [Node] Setting-up "fmriprep_24_0_wf.sub_31_wf.bold_task_bird_run_3_wf.bold_confounds_wf.tcompcor" in "/work_dir/fmriprep_24_0_wf/sub_31_wf/bold_task_bird_run_3_wf/bold_confounds_wf/tcompcor".
250329-10:12:57,353 nipype.workflow INFO:
	 [Node] Executing "skullstrip_second_pass" <nipype.interfaces.afni.preprocess.Automask>
250329-10:12:57,354 nipype.workflow INFO:
	 [Node] Executing "combine_masks" <nipype.interfaces.fsl.maths.BinaryMaths>
250329-10:12:57,358 nipype.workflow INFO:
	 [Node] Executing "dvars" <nipype.algorithms.confounds.ComputeDVARS>
250329-10:12:57,358 nipype.workflow INFO:
	 [Node] Executing "tcompcor" <niworkflows.interfaces.patches.RobustTCompCor>
250329-10:12:57,558 nipype.workflow INFO:
	 [Node] Finished "fixhdr_unifize", elapsed time 0.21796s.
250329-10:12:57,959 nipype.workflow INFO:
	 [Node] Finished "combine_masks", elapsed time 0.604188s.
250329-10:12:58,279 nipype.workflow INFO:
	 [Node] Finished "skullstrip_second_pass", elapsed time 0.925091s.
250329-10:12:58,601 nipype.workflow INFO:
	 [Node] Finished "autorecon1", elapsed time 1103.434651s.
250329-10:12:59,323 nipype.workflow INFO:
	 [Node] Setting-up "fmriprep_24_0_wf.sub_31_wf.anat_fit_wf.surface_recon_wf.fsnative2t1w_xfm" in "/work_dir/fmriprep_24_0_wf/sub_31_wf/anat_fit_wf/surface_recon_wf/fsnative2t1w_xfm".
250329-10:12:59,328 nipype.workflow INFO:
	 [Node] Executing "fsnative2t1w_xfm" <niworkflows.interfaces.freesurfer.PatchedRobustRegister>
250329-10:12:59,333 nipype.workflow INFO:
	 [Node] Setting-up "fmriprep_24_0_wf.sub_31_wf.bold_task_bird_run_5_wf.bold_fit_wf.enhance_and_skullstrip_bold_wf.skullstrip_second_pass" in "/work_dir/fmriprep_24_0_wf/sub_31_wf/bold_task_bird_run_5_wf/bold_fit_wf/enhance_and_skullstrip_bold_wf/skullstrip_second_pass".
250329-10:12:59,333 nipype.workflow INFO:
	 [Node] Setting-up "fmriprep_24_0_wf.sub_31_wf.bold_task_bird_run_4_wf.bold_fit_wf.enhance_and_skullstrip_bold_wf.fixhdr_skullstrip2" in "/work_dir/fmriprep_24_0_wf/sub_31_wf/bold_task_bird_run_4_wf/bold_fit_wf/enhance_and_skullstrip_bold_wf/fixhdr_skullstrip2".
250329-10:12:59,333 nipype.workflow INFO:
	 [Node] Setting-up "fmriprep_24_0_wf.sub_31_wf.bold_task_bird_run_2_wf.bold_fit_wf.enhance_and_skullstrip_bold_wf.apply_mask" in "/work_dir/fmriprep_24_0_wf/sub_31_wf/bold_task_bird_run_2_wf/bold_fit_wf/enhance_and_skullstrip_bold_wf/apply_mask".
250329-10:12:59,336 nipype.workflow INFO:
	 [Node] Executing "fixhdr_skullstrip2" <niworkflows.interfaces.header.CopyXForm>
250329-10:12:59,336 nipype.workflow INFO:
	 [Node] Executing "skullstrip_second_pass" <nipype.interfaces.afni.preprocess.Automask>
250329-10:12:59,336 nipype.workflow INFO:
	 [Node] Executing "apply_mask" <niworkflows.interfaces.nibabel.ApplyMask>
250329-10:12:59,414 nipype.interface WARNING:
	 Changing /output/sub-31/func/sub-31_task-bird_run-2_desc-brain_mask.nii.gz dtype from float32 to uint8
250329-10:12:59,426 nipype.workflow INFO:
	 [Node] Finished "fixhdr_skullstrip2", elapsed time 0.088925s.
250329-10:12:59,446 nipype.workflow INFO:
	 [Node] Finished "apply_mask", elapsed time 0.109293s.
250329-10:12:59,990 nipype.workflow INFO:
	 [Node] Finished "skullstrip_second_pass", elapsed time 0.652601s.
250329-10:13:01,549 nipype.workflow INFO:
	 [Node] Setting-up "fmriprep_24_0_wf.sub_31_wf.bold_task_bird_run_5_wf.bold_fit_wf.enhance_and_skullstrip_bold_wf.fixhdr_skullstrip2" in "/work_dir/fmriprep_24_0_wf/sub_31_wf/bold_task_bird_run_5_wf/bold_fit_wf/enhance_and_skullstrip_bold_wf/fixhdr_skullstrip2".
250329-10:13:01,552 nipype.workflow INFO:
	 [Node] Executing "fixhdr_skullstrip2" <niworkflows.interfaces.header.CopyXForm>
250329-10:13:01,562 nipype.workflow INFO:
	 [Node] Setting-up "fmriprep_24_0_wf.sub_31_wf.bold_task_bird_run_4_wf.bold_fit_wf.enhance_and_skullstrip_bold_wf.combine_masks" in "/work_dir/fmriprep_24_0_wf/sub_31_wf/bold_task_bird_run_4_wf/bold_fit_wf/enhance_and_skullstrip_bold_wf/combine_masks".
250329-10:13:01,565 nipype.workflow INFO:
	 [Node] Setting-up "fmriprep_24_0_wf.sub_31_wf.bold_task_bird_run_2_wf.bold_confounds_wf.tcompcor" in "/work_dir/fmriprep_24_0_wf/sub_31_wf/bold_task_bird_run_2_wf/bold_confounds_wf/tcompcor".
250329-10:13:01,569 nipype.workflow INFO:
	 [Node] Setting-up "fmriprep_24_0_wf.sub_31_wf.bold_task_bird_run_2_wf.bold_confounds_wf.dvars" in "/work_dir/fmriprep_24_0_wf/sub_31_wf/bold_task_bird_run_2_wf/bold_confounds_wf/dvars".
250329-10:13:01,569 nipype.workflow INFO:
	 [Node] Executing "combine_masks" <nipype.interfaces.fsl.maths.BinaryMaths>
250329-10:13:01,658 nipype.workflow INFO:
	 [Node] Finished "fixhdr_skullstrip2", elapsed time 0.104938s.
250329-10:13:01,736 nipype.workflow INFO:
	 [Node] Executing "tcompcor" <niworkflows.interfaces.patches.RobustTCompCor>
250329-10:13:02,119 nipype.workflow INFO:
	 [Node] Finished "combine_masks", elapsed time 0.549018s.
250329-10:13:02,252 nipype.workflow INFO:
	 [Node] Executing "dvars" <nipype.algorithms.confounds.ComputeDVARS>
250329-10:13:03,736 nipype.workflow INFO:
	 [Node] Setting-up "fmriprep_24_0_wf.sub_31_wf.bold_task_bird_run_4_wf.bold_fit_wf.enhance_and_skullstrip_bold_wf.apply_mask" in "/work_dir/fmriprep_24_0_wf/sub_31_wf/bold_task_bird_run_4_wf/bold_fit_wf/enhance_and_skullstrip_bold_wf/apply_mask".
250329-10:13:03,739 nipype.workflow INFO:
	 [Node] Executing "apply_mask" <niworkflows.interfaces.nibabel.ApplyMask>
250329-10:13:03,844 nipype.interface WARNING:
	 Changing /output/sub-31/func/sub-31_task-bird_run-4_desc-brain_mask.nii.gz dtype from float32 to uint8
250329-10:13:03,978 nipype.workflow INFO:
	 [Node] Setting-up "fmriprep_24_0_wf.sub_31_wf.bold_task_bird_run_5_wf.bold_fit_wf.enhance_and_skullstrip_bold_wf.combine_masks" in "/work_dir/fmriprep_24_0_wf/sub_31_wf/bold_task_bird_run_5_wf/bold_fit_wf/enhance_and_skullstrip_bold_wf/combine_masks".
250329-10:13:03,997 nipype.workflow INFO:
	 [Node] Executing "combine_masks" <nipype.interfaces.fsl.maths.BinaryMaths>
250329-10:13:04,27 nipype.workflow INFO:
	 [Node] Finished "apply_mask", elapsed time 0.286771s.
250329-10:13:04,342 nipype.workflow INFO:
	 [Node] Finished "combine_masks", elapsed time 0.344246s.
250329-10:13:05,581 nipype.workflow INFO:
	 [Node] Setting-up "fmriprep_24_0_wf.sub_31_wf.bold_task_bird_run_5_wf.bold_fit_wf.enhance_and_skullstrip_bold_wf.apply_mask" in "/work_dir/fmriprep_24_0_wf/sub_31_wf/bold_task_bird_run_5_wf/bold_fit_wf/enhance_and_skullstrip_bold_wf/apply_mask".
250329-10:13:05,583 nipype.workflow INFO:
	 [Node] Executing "apply_mask" <niworkflows.interfaces.nibabel.ApplyMask>
250329-10:13:05,707 nipype.interface WARNING:
	 Changing /output/sub-31/func/sub-31_task-bird_run-5_desc-brain_mask.nii.gz dtype from float32 to uint8
250329-10:13:05,875 nipype.workflow INFO:
	 [Node] Finished "apply_mask", elapsed time 0.29105s.
250329-10:13:06,362 nipype.workflow INFO:
	 [Node] Setting-up "fmriprep_24_0_wf.sub_31_wf.bold_task_bird_run_4_wf.bold_confounds_wf.dvars" in "/work_dir/fmriprep_24_0_wf/sub_31_wf/bold_task_bird_run_4_wf/bold_confounds_wf/dvars".
250329-10:13:06,364 nipype.workflow INFO:
	 [Node] Setting-up "fmriprep_24_0_wf.sub_31_wf.bold_task_bird_run_4_wf.bold_confounds_wf.tcompcor" in "/work_dir/fmriprep_24_0_wf/sub_31_wf/bold_task_bird_run_4_wf/bold_confounds_wf/tcompcor".
250329-10:13:06,520 nipype.workflow INFO:
	 [Node] Executing "tcompcor" <niworkflows.interfaces.patches.RobustTCompCor>
250329-10:13:07,744 nipype.workflow INFO:
	 [Node] Setting-up "fmriprep_24_0_wf.sub_31_wf.bold_task_bird_run_5_wf.bold_confounds_wf.dvars" in "/work_dir/fmriprep_24_0_wf/sub_31_wf/bold_task_bird_run_5_wf/bold_confounds_wf/dvars".
250329-10:13:07,758 nipype.workflow INFO:
	 [Node] Setting-up "fmriprep_24_0_wf.sub_31_wf.bold_task_bird_run_5_wf.bold_confounds_wf.tcompcor" in "/work_dir/fmriprep_24_0_wf/sub_31_wf/bold_task_bird_run_5_wf/bold_confounds_wf/tcompcor".
250329-10:13:08,226 nipype.workflow INFO:
	 [Node] Executing "tcompcor" <niworkflows.interfaces.patches.RobustTCompCor>
250329-10:13:08,423 nipype.workflow INFO:
	 [Node] Executing "dvars" <nipype.algorithms.confounds.ComputeDVARS>
250329-10:13:10,413 nipype.workflow INFO:
	 [Node] Finished "tcompcor", elapsed time 16.798415s.
250329-10:13:11,109 nipype.workflow INFO:
	 [Node] Executing "dvars" <nipype.algorithms.confounds.ComputeDVARS>
250329-10:13:13,273 nipype.workflow INFO:
	 [Node] Finished "tcompcor", elapsed time 15.913824s.
250329-10:13:13,939 nipype.workflow INFO:
	 [Node] Setting-up "fmriprep_24_0_wf.sub_31_wf.bold_task_bird_run_1_wf.bold_confounds_wf.tcc_metadata_filter" in "/work_dir/fmriprep_24_0_wf/sub_31_wf/bold_task_bird_run_1_wf/bold_confounds_wf/tcc_metadata_filter".
250329-10:13:13,943 nipype.workflow INFO:
	 [Node] Executing "tcc_metadata_filter" <fmriprep.interfaces.confounds.FilterDropped>
250329-10:13:13,972 nipype.workflow INFO:
	 [Node] Finished "tcc_metadata_filter", elapsed time 0.028407s.
250329-10:13:15,557 nipype.workflow INFO:
	 [Node] Setting-up "fmriprep_24_0_wf.sub_31_wf.bold_task_bird_run_1_wf.bold_confounds_wf.tcc_metadata_fmt" in "/work_dir/fmriprep_24_0_wf/sub_31_wf/bold_task_bird_run_1_wf/bold_confounds_wf/tcc_metadata_fmt".
250329-10:13:15,567 nipype.workflow INFO:
	 [Node] Executing "tcc_metadata_fmt" <niworkflows.interfaces.utility.TSV2JSON>
250329-10:13:15,575 nipype.workflow INFO:
	 [Node] Finished "tcc_metadata_fmt", elapsed time 0.007495s.
250329-10:13:16,213 nipype.workflow INFO:
	 [Node] Finished "unifize", elapsed time 586.542648s.
250329-10:13:17,559 nipype.workflow INFO:
	 [Node] Setting-up "fmriprep_24_0_wf.sub_31_wf.bold_task_bird_run_6_wf.bold_fit_wf.enhance_and_skullstrip_bold_wf.fixhdr_unifize" in "/work_dir/fmriprep_24_0_wf/sub_31_wf/bold_task_bird_run_6_wf/bold_fit_wf/enhance_and_skullstrip_bold_wf/fixhdr_unifize".
250329-10:13:17,562 nipype.workflow INFO:
	 [Node] Executing "fixhdr_unifize" <niworkflows.interfaces.header.CopyXForm>
250329-10:13:17,658 nipype.workflow INFO:
	 [Node] Setting-up "fmriprep_24_0_wf.sub_31_wf.bold_task_bird_run_3_wf.bold_confounds_wf.tcc_metadata_filter" in "/work_dir/fmriprep_24_0_wf/sub_31_wf/bold_task_bird_run_3_wf/bold_confounds_wf/tcc_metadata_filter".
250329-10:13:17,680 nipype.workflow INFO:
	 [Node] Executing "tcc_metadata_filter" <fmriprep.interfaces.confounds.FilterDropped>
250329-10:13:17,700 nipype.workflow INFO:
	 [Node] Finished "tcc_metadata_filter", elapsed time 0.018441s.
250329-10:13:17,862 nipype.workflow INFO:
	 [Node] Finished "fixhdr_unifize", elapsed time 0.298871s.
250329-10:13:19,279 nipype.workflow INFO:
	 [Node] Finished "tcompcor", elapsed time 17.54174s.
250329-10:13:19,459 nipype.workflow INFO:
	 [Node] Setting-up "fmriprep_24_0_wf.sub_31_wf.bold_task_bird_run_3_wf.bold_confounds_wf.tcc_metadata_fmt" in "/work_dir/fmriprep_24_0_wf/sub_31_wf/bold_task_bird_run_3_wf/bold_confounds_wf/tcc_metadata_fmt".
250329-10:13:19,569 nipype.workflow INFO:
	 [Node] Setting-up "fmriprep_24_0_wf.sub_31_wf.bold_task_bird_run_6_wf.bold_fit_wf.enhance_and_skullstrip_bold_wf.skullstrip_second_pass" in "/work_dir/fmriprep_24_0_wf/sub_31_wf/bold_task_bird_run_6_wf/bold_fit_wf/enhance_and_skullstrip_bold_wf/skullstrip_second_pass".
250329-10:13:19,572 nipype.workflow INFO:
	 [Node] Executing "skullstrip_second_pass" <nipype.interfaces.afni.preprocess.Automask>
250329-10:13:20,915 nipype.workflow INFO:
	 [Node] Finished "skullstrip_second_pass", elapsed time 1.341863s.
250329-10:13:21,492 nipype.workflow INFO:
	 [Node] Setting-up "fmriprep_24_0_wf.sub_31_wf.bold_task_bird_run_6_wf.bold_fit_wf.enhance_and_skullstrip_bold_wf.fixhdr_skullstrip2" in "/work_dir/fmriprep_24_0_wf/sub_31_wf/bold_task_bird_run_6_wf/bold_fit_wf/enhance_and_skullstrip_bold_wf/fixhdr_skullstrip2".
250329-10:13:21,499 nipype.workflow INFO:
	 [Node] Executing "fixhdr_skullstrip2" <niworkflows.interfaces.header.CopyXForm>
250329-10:13:21,684 nipype.workflow INFO:
	 [Node] Finished "fixhdr_skullstrip2", elapsed time 0.184187s.
250329-10:13:22,569 nipype.workflow INFO:
	 [Node] Executing "tcc_metadata_fmt" <niworkflows.interfaces.utility.TSV2JSON>
250329-10:13:22,576 nipype.workflow INFO:
	 [Node] Finished "tcc_metadata_fmt", elapsed time 0.005989s.
250329-10:13:23,506 nipype.workflow INFO:
	 [Node] Setting-up "fmriprep_24_0_wf.sub_31_wf.bold_task_bird_run_6_wf.bold_fit_wf.enhance_and_skullstrip_bold_wf.combine_masks" in "/work_dir/fmriprep_24_0_wf/sub_31_wf/bold_task_bird_run_6_wf/bold_fit_wf/enhance_and_skullstrip_bold_wf/combine_masks".
250329-10:13:23,510 nipype.workflow INFO:
	 [Node] Executing "combine_masks" <nipype.interfaces.fsl.maths.BinaryMaths>
250329-10:13:24,6 nipype.workflow INFO:
	 [Node] Finished "combine_masks", elapsed time 0.495232s.
250329-10:13:24,71 nipype.workflow INFO:
	 [Node] Setting-up "fmriprep_24_0_wf.sub_31_wf.bold_task_bird_run_2_wf.bold_confounds_wf.tcc_metadata_filter" in "/work_dir/fmriprep_24_0_wf/sub_31_wf/bold_task_bird_run_2_wf/bold_confounds_wf/tcc_metadata_filter".
250329-10:13:24,80 nipype.workflow INFO:
	 [Node] Executing "tcc_metadata_filter" <fmriprep.interfaces.confounds.FilterDropped>
250329-10:13:24,99 nipype.workflow INFO:
	 [Node] Finished "tcc_metadata_filter", elapsed time 0.018523s.
250329-10:13:25,483 nipype.workflow INFO:
	 [Node] Setting-up "fmriprep_24_0_wf.sub_31_wf.bold_task_bird_run_6_wf.bold_fit_wf.enhance_and_skullstrip_bold_wf.apply_mask" in "/work_dir/fmriprep_24_0_wf/sub_31_wf/bold_task_bird_run_6_wf/bold_fit_wf/enhance_and_skullstrip_bold_wf/apply_mask".
250329-10:13:25,486 nipype.workflow INFO:
	 [Node] Executing "apply_mask" <niworkflows.interfaces.nibabel.ApplyMask>
250329-10:13:25,624 nipype.interface WARNING:
	 Changing /output/sub-31/func/sub-31_task-bird_run-6_desc-brain_mask.nii.gz dtype from float32 to uint8
250329-10:13:25,768 nipype.workflow INFO:
	 [Node] Finished "apply_mask", elapsed time 0.281005s.
250329-10:13:25,844 nipype.workflow INFO:
	 [Node] Finished "tcompcor", elapsed time 19.323216s.
250329-10:13:26,250 nipype.workflow INFO:
	 [Node] Setting-up "fmriprep_24_0_wf.sub_31_wf.bold_task_bird_run_2_wf.bold_confounds_wf.tcc_metadata_fmt" in "/work_dir/fmriprep_24_0_wf/sub_31_wf/bold_task_bird_run_2_wf/bold_confounds_wf/tcc_metadata_fmt".
250329-10:13:27,4 nipype.workflow INFO:
	 [Node] Executing "tcc_metadata_fmt" <niworkflows.interfaces.utility.TSV2JSON>
250329-10:13:27,10 nipype.workflow INFO:
	 [Node] Finished "tcc_metadata_fmt", elapsed time 0.005705s.
250329-10:13:27,671 nipype.workflow INFO:
	 [Node] Setting-up "fmriprep_24_0_wf.sub_31_wf.bold_task_bird_run_6_wf.bold_confounds_wf.dvars" in "/work_dir/fmriprep_24_0_wf/sub_31_wf/bold_task_bird_run_6_wf/bold_confounds_wf/dvars".
250329-10:13:27,680 nipype.workflow INFO:
	 [Node] Executing "dvars" <nipype.algorithms.confounds.ComputeDVARS>
250329-10:13:27,680 nipype.workflow INFO:
	 [Node] Setting-up "fmriprep_24_0_wf.sub_31_wf.bold_task_bird_run_6_wf.bold_confounds_wf.tcompcor" in "/work_dir/fmriprep_24_0_wf/sub_31_wf/bold_task_bird_run_6_wf/bold_confounds_wf/tcompcor".
250329-10:13:27,878 nipype.workflow INFO:
	 [Node] Executing "tcompcor" <niworkflows.interfaces.patches.RobustTCompCor>
250329-10:13:28,391 nipype.workflow INFO:
	 [Node] Finished "tcompcor", elapsed time 20.163959s.
250329-10:13:29,481 nipype.workflow INFO:
	 [Node] Setting-up "fmriprep_24_0_wf.sub_31_wf.bold_task_bird_run_5_wf.bold_confounds_wf.tcc_metadata_filter" in "/work_dir/fmriprep_24_0_wf/sub_31_wf/bold_task_bird_run_5_wf/bold_confounds_wf/tcc_metadata_filter".
250329-10:13:29,484 nipype.workflow INFO:
	 [Node] Executing "tcc_metadata_filter" <fmriprep.interfaces.confounds.FilterDropped>
250329-10:13:29,490 nipype.workflow INFO:
	 [Node] Finished "tcc_metadata_filter", elapsed time 0.005124s.
250329-10:13:29,692 nipype.workflow INFO:
	 [Node] Setting-up "fmriprep_24_0_wf.sub_31_wf.bold_task_bird_run_4_wf.bold_confounds_wf.tcc_metadata_filter" in "/work_dir/fmriprep_24_0_wf/sub_31_wf/bold_task_bird_run_4_wf/bold_confounds_wf/tcc_metadata_filter".
250329-10:13:29,695 nipype.workflow INFO:
	 [Node] Executing "tcc_metadata_filter" <fmriprep.interfaces.confounds.FilterDropped>
250329-10:13:29,704 nipype.workflow INFO:
	 [Node] Finished "tcc_metadata_filter", elapsed time 0.008064s.
250329-10:13:31,488 nipype.workflow INFO:
	 [Node] Setting-up "fmriprep_24_0_wf.sub_31_wf.bold_task_bird_run_4_wf.bold_confounds_wf.tcc_metadata_fmt" in "/work_dir/fmriprep_24_0_wf/sub_31_wf/bold_task_bird_run_4_wf/bold_confounds_wf/tcc_metadata_fmt".
250329-10:13:31,491 nipype.workflow INFO:
	 [Node] Executing "tcc_metadata_fmt" <niworkflows.interfaces.utility.TSV2JSON>
250329-10:13:31,497 nipype.workflow INFO:
	 [Node] Finished "tcc_metadata_fmt", elapsed time 0.005481s.
250329-10:13:31,502 nipype.workflow INFO:
	 [Node] Setting-up "fmriprep_24_0_wf.sub_31_wf.bold_task_bird_run_5_wf.bold_confounds_wf.tcc_metadata_fmt" in "/work_dir/fmriprep_24_0_wf/sub_31_wf/bold_task_bird_run_5_wf/bold_confounds_wf/tcc_metadata_fmt".
250329-10:13:31,505 nipype.workflow INFO:
	 [Node] Executing "tcc_metadata_fmt" <niworkflows.interfaces.utility.TSV2JSON>
250329-10:13:31,511 nipype.workflow INFO:
	 [Node] Finished "tcc_metadata_fmt", elapsed time 0.005593s.
250329-10:13:46,986 nipype.workflow INFO:
	 [Node] Finished "tcompcor", elapsed time 19.10689s.
250329-10:13:50,262 nipype.workflow INFO:
	 [Node] Setting-up "fmriprep_24_0_wf.sub_31_wf.bold_task_bird_run_6_wf.bold_confounds_wf.tcc_metadata_filter" in "/work_dir/fmriprep_24_0_wf/sub_31_wf/bold_task_bird_run_6_wf/bold_confounds_wf/tcc_metadata_filter".
250329-10:13:50,284 nipype.workflow INFO:
	 [Node] Executing "tcc_metadata_filter" <fmriprep.interfaces.confounds.FilterDropped>
250329-10:13:50,302 nipype.workflow INFO:
	 [Node] Finished "tcc_metadata_filter", elapsed time 0.017753s.
250329-10:13:51,886 nipype.workflow INFO:
	 [Node] Setting-up "fmriprep_24_0_wf.sub_31_wf.bold_task_bird_run_6_wf.bold_confounds_wf.tcc_metadata_fmt" in "/work_dir/fmriprep_24_0_wf/sub_31_wf/bold_task_bird_run_6_wf/bold_confounds_wf/tcc_metadata_fmt".
250329-10:13:54,167 nipype.workflow INFO:
	 [Node] Finished "dvars", elapsed time 59.829786s.
250329-10:13:54,351 nipype.workflow INFO:
	 [Node] Executing "tcc_metadata_fmt" <niworkflows.interfaces.utility.TSV2JSON>
250329-10:13:54,376 nipype.workflow INFO:
	 [Node] Finished "tcc_metadata_fmt", elapsed time 0.023521s.
250329-10:13:59,338 nipype.workflow INFO:
	 [Node] Finished "dvars", elapsed time 61.9786s.
250329-10:14:01,88 nipype.workflow INFO:
	 [Node] Finished "dvars", elapsed time 58.835178s.
250329-10:14:04,479 nipype.workflow INFO:
	 [Node] Finished "dvars", elapsed time 56.054242s.
250329-10:14:08,181 nipype.workflow INFO:
	 [Node] Finished "dvars", elapsed time 57.07136s.
250329-10:14:15,562 nipype.workflow INFO:
	 [Node] Finished "fsnative2t1w_xfm", elapsed time 76.232227s.
250329-10:14:15,942 nipype.workflow INFO:
	 [Node] Finished "dvars", elapsed time 48.261205s.
250329-10:20:49,844 nipype.workflow INFO:
	 [Node] Finished "norm", elapsed time 834.413588s.
250329-10:20:51,293 nipype.workflow INFO:
	 [Node] Setting-up "fmriprep_24_0_wf.sub_31_wf.anat_fit_wf.brain_extraction_wf.map_brainmask" in "/work_dir/fmriprep_24_0_wf/sub_31_wf/anat_fit_wf/brain_extraction_wf/map_brainmask".
250329-10:20:51,295 nipype.workflow INFO:
	 [Node] Setting-up "fmriprep_24_0_wf.sub_31_wf.anat_fit_wf.brain_extraction_wf.map_wmmask" in "/work_dir/fmriprep_24_0_wf/sub_31_wf/anat_fit_wf/brain_extraction_wf/map_wmmask".
250329-10:20:51,300 nipype.workflow INFO:
	 [Node] Executing "map_brainmask" <niworkflows.interfaces.fixes.FixHeaderApplyTransforms>
250329-10:20:51,305 nipype.workflow INFO:
	 [Node] Executing "map_wmmask" <niworkflows.interfaces.fixes.FixHeaderApplyTransforms>
250329-10:21:14,528 nipype.workflow INFO:
	 [Node] Finished "map_brainmask", elapsed time 23.225605s.
250329-10:21:14,945 nipype.workflow INFO:
	 [Node] Finished "map_wmmask", elapsed time 23.639082s.
250329-10:21:15,295 nipype.workflow INFO:
	 [Node] Setting-up "fmriprep_24_0_wf.sub_31_wf.anat_fit_wf.brain_extraction_wf.thr_brainmask" in "/work_dir/fmriprep_24_0_wf/sub_31_wf/anat_fit_wf/brain_extraction_wf/thr_brainmask".
250329-10:21:15,298 nipype.workflow INFO:
	 [Node] Executing "thr_brainmask" <nipype.interfaces.ants.utils.ThresholdImage>
250329-10:21:15,303 nipype.workflow INFO:
	 [Node] Setting-up "_inu_n4_final0" in "/work_dir/fmriprep_24_0_wf/sub_31_wf/anat_fit_wf/brain_extraction_wf/inu_n4_final/mapflow/_inu_n4_final0".
250329-10:21:15,305 nipype.workflow INFO:
	 [Node] Executing "_inu_n4_final0" <nipype.interfaces.ants.segmentation.N4BiasFieldCorrection>
250329-10:21:16,776 nipype.workflow INFO:
	 [Node] Finished "thr_brainmask", elapsed time 1.255206s.
250329-10:21:17,311 nipype.workflow INFO:
	 [Node] Setting-up "fmriprep_24_0_wf.sub_31_wf.anat_fit_wf.brain_extraction_wf.atropos_wf.dil_brainmask" in "/work_dir/fmriprep_24_0_wf/sub_31_wf/anat_fit_wf/brain_extraction_wf/atropos_wf/dil_brainmask".
250329-10:21:17,314 nipype.workflow INFO:
	 [Node] Executing "dil_brainmask" <nipype.interfaces.ants.utils.ImageMath>
250329-10:21:17,316 nipype.workflow INFO:
	 [Node] Setting-up "fmriprep_24_0_wf.sub_31_wf.anat_fit_wf.brain_extraction_wf.atropos_wf.03_pad_mask" in "/work_dir/fmriprep_24_0_wf/sub_31_wf/anat_fit_wf/brain_extraction_wf/atropos_wf/03_pad_mask".
250329-10:21:17,320 nipype.workflow INFO:
	 [Node] Executing "03_pad_mask" <nipype.interfaces.ants.utils.ImageMath>
250329-10:21:18,239 nipype.workflow INFO:
	 [Node] Finished "03_pad_mask", elapsed time 0.918803s.
250329-10:21:18,970 nipype.workflow INFO:
	 [Node] Finished "dil_brainmask", elapsed time 1.6544590000000001s.
250329-10:21:19,314 nipype.workflow INFO:
	 [Node] Setting-up "fmriprep_24_0_wf.sub_31_wf.anat_fit_wf.brain_extraction_wf.atropos_wf.get_brainmask" in "/work_dir/fmriprep_24_0_wf/sub_31_wf/anat_fit_wf/brain_extraction_wf/atropos_wf/get_brainmask".
250329-10:21:19,317 nipype.workflow INFO:
	 [Node] Executing "get_brainmask" <nipype.interfaces.ants.utils.ImageMath>
250329-10:21:20,820 nipype.workflow INFO:
	 [Node] Finished "get_brainmask", elapsed time 1.502702s.
250329-10:21:38,92 nipype.workflow INFO:
	 [Node] Finished "_inu_n4_final0", elapsed time 22.551684s.
250329-10:21:39,295 nipype.workflow INFO:
	 [Node] Setting-up "fmriprep_24_0_wf.sub_31_wf.anat_fit_wf.brain_extraction_wf.atropos_wf.01_atropos" in "/work_dir/fmriprep_24_0_wf/sub_31_wf/anat_fit_wf/brain_extraction_wf/atropos_wf/01_atropos".
250329-10:21:39,298 nipype.workflow INFO:
	 [Node] Setting-up "_apply_mask0" in "/work_dir/fmriprep_24_0_wf/sub_31_wf/anat_fit_wf/brain_extraction_wf/apply_mask/mapflow/_apply_mask0".
250329-10:21:39,300 nipype.workflow INFO:
	 [Node] Executing "_apply_mask0" <niworkflows.interfaces.nibabel.ApplyMask>
250329-10:21:39,300 nipype.workflow INFO:
	 [Node] Executing "01_atropos" <nipype.interfaces.ants.segmentation.Atropos>
250329-10:21:40,261 nipype.workflow INFO:
	 [Node] Finished "_apply_mask0", elapsed time 0.960146s.
250329-10:22:16,119 nipype.workflow INFO:
	 [Node] Finished "01_atropos", elapsed time 36.817894s.
250329-10:22:17,296 nipype.workflow INFO:
	 [Node] Setting-up "fmriprep_24_0_wf.sub_31_wf.anat_fit_wf.brain_extraction_wf.atropos_wf.02_pad_segm" in "/work_dir/fmriprep_24_0_wf/sub_31_wf/anat_fit_wf/brain_extraction_wf/atropos_wf/02_pad_segm".
250329-10:22:17,299 nipype.workflow INFO:
	 [Node] Executing "02_pad_segm" <nipype.interfaces.ants.utils.ImageMath>
250329-10:22:18,335 nipype.workflow INFO:
	 [Node] Finished "02_pad_segm", elapsed time 1.035042s.
250329-10:22:19,297 nipype.workflow INFO:
	 [Node] Setting-up "fmriprep_24_0_wf.sub_31_wf.anat_fit_wf.brain_extraction_wf.atropos_wf.04_sel_labels" in "/work_dir/fmriprep_24_0_wf/sub_31_wf/anat_fit_wf/brain_extraction_wf/atropos_wf/04_sel_labels".
250329-10:22:19,299 nipype.workflow INFO:
	 [Node] Executing "04_sel_labels" <nipype.interfaces.utility.wrappers.Function>
250329-10:22:19,724 nipype.workflow INFO:
	 [Node] Finished "04_sel_labels", elapsed time 0.423562s.
250329-10:22:22,193 nipype.workflow INFO:
	 [Node] Setting-up "fmriprep_24_0_wf.sub_31_wf.anat_fit_wf.brain_extraction_wf.atropos_wf.05_get_wm" in "/work_dir/fmriprep_24_0_wf/sub_31_wf/anat_fit_wf/brain_extraction_wf/atropos_wf/05_get_wm".
250329-10:22:22,194 nipype.workflow INFO:
	 [Node] Setting-up "fmriprep_24_0_wf.sub_31_wf.anat_fit_wf.brain_extraction_wf.atropos_wf.06_get_gm" in "/work_dir/fmriprep_24_0_wf/sub_31_wf/anat_fit_wf/brain_extraction_wf/atropos_wf/06_get_gm".
250329-10:22:22,194 nipype.workflow INFO:
	 [Node] Setting-up "fmriprep_24_0_wf.sub_31_wf.anat_fit_wf.brain_extraction_wf.atropos_wf.10_me_csf" in "/work_dir/fmriprep_24_0_wf/sub_31_wf/anat_fit_wf/brain_extraction_wf/atropos_wf/10_me_csf".
250329-10:22:22,194 nipype.workflow INFO:
	 [Node] Setting-up "fmriprep_24_0_wf.sub_31_wf.anat_fit_wf.brain_extraction_wf.atropos_wf.27_depad_csf" in "/work_dir/fmriprep_24_0_wf/sub_31_wf/anat_fit_wf/brain_extraction_wf/atropos_wf/27_depad_csf".
250329-10:22:22,196 nipype.workflow INFO:
	 [Node] Executing "05_get_wm" <nipype.interfaces.ants.utils.ImageMath>
250329-10:22:22,196 nipype.workflow INFO:
	 [Node] Executing "06_get_gm" <nipype.interfaces.ants.utils.ImageMath>
250329-10:22:22,197 nipype.workflow INFO:
	 [Node] Executing "10_me_csf" <nipype.interfaces.ants.utils.ImageMath>
250329-10:22:22,197 nipype.workflow INFO:
	 [Node] Executing "27_depad_csf" <nipype.interfaces.ants.utils.ImageMath>
250329-10:22:23,253 nipype.workflow INFO:
	 [Node] Finished "27_depad_csf", elapsed time 0.798814s.
250329-10:22:24,40 nipype.workflow INFO:
	 [Node] Finished "06_get_gm", elapsed time 1.842715s.
250329-10:22:24,220 nipype.workflow INFO:
	 [Node] Setting-up "fmriprep_24_0_wf.sub_31_wf.anat_fit_wf.brain_extraction_wf.atropos_wf.07_fill_gm" in "/work_dir/fmriprep_24_0_wf/sub_31_wf/anat_fit_wf/brain_extraction_wf/atropos_wf/07_fill_gm".
250329-10:22:24,223 nipype.workflow INFO:
	 [Node] Executing "07_fill_gm" <nipype.interfaces.ants.utils.ImageMath>
250329-10:22:24,276 nipype.workflow INFO:
	 [Node] Finished "05_get_wm", elapsed time 1.822483s.
250329-10:22:26,214 nipype.workflow INFO:
	 [Node] Setting-up "fmriprep_24_0_wf.sub_31_wf.anat_fit_wf.brain_extraction_wf.atropos_wf.09_relabel_wm" in "/work_dir/fmriprep_24_0_wf/sub_31_wf/anat_fit_wf/brain_extraction_wf/atropos_wf/09_relabel_wm".
250329-10:22:26,215 nipype.workflow INFO:
	 [Node] Setting-up "fmriprep_24_0_wf.sub_31_wf.anat_fit_wf.brain_extraction_wf.atropos_wf.apply_wm_prior" in "/work_dir/fmriprep_24_0_wf/sub_31_wf/anat_fit_wf/brain_extraction_wf/atropos_wf/apply_wm_prior".
250329-10:22:26,218 nipype.workflow INFO:
	 [Node] Executing "09_relabel_wm" <nipype.interfaces.ants.utils.MultiplyImages>
250329-10:22:26,218 nipype.workflow INFO:
	 [Node] Executing "apply_wm_prior" <nipype.interfaces.utility.wrappers.Function>
250329-10:22:26,817 nipype.workflow INFO:
	 [Node] Finished "10_me_csf", elapsed time 4.415048s.
250329-10:22:27,37 nipype.workflow INFO:
	 [Node] Finished "apply_wm_prior", elapsed time 0.817817s.
250329-10:22:27,329 nipype.workflow INFO:
	 [Node] Finished "09_relabel_wm", elapsed time 0.900339s.
250329-10:22:28,214 nipype.workflow INFO:
	 [Node] Setting-up "fmriprep_24_0_wf.sub_31_wf.anat_fit_wf.brain_extraction_wf.atropos_wf.26_depad_wm" in "/work_dir/fmriprep_24_0_wf/sub_31_wf/anat_fit_wf/brain_extraction_wf/atropos_wf/26_depad_wm".
250329-10:22:28,217 nipype.workflow INFO:
	 [Node] Executing "26_depad_wm" <nipype.interfaces.ants.utils.ImageMath>
250329-10:22:28,221 nipype.workflow INFO:
	 [Node] Setting-up "_inu_n4_final0" in "/work_dir/fmriprep_24_0_wf/sub_31_wf/anat_fit_wf/brain_extraction_wf/atropos_wf/inu_n4_final/mapflow/_inu_n4_final0".
250329-10:22:28,223 nipype.workflow INFO:
	 [Node] Executing "_inu_n4_final0" <nipype.interfaces.ants.segmentation.N4BiasFieldCorrection>
250329-10:22:29,289 nipype.workflow INFO:
	 [Node] Finished "26_depad_wm", elapsed time 1.071202s.
250329-10:22:37,307 nipype.workflow INFO:
	 [Node] Finished "07_fill_gm", elapsed time 12.870577s.
250329-10:22:38,222 nipype.workflow INFO:
	 [Node] Setting-up "fmriprep_24_0_wf.sub_31_wf.anat_fit_wf.brain_extraction_wf.atropos_wf.08_mult_gm" in "/work_dir/fmriprep_24_0_wf/sub_31_wf/anat_fit_wf/brain_extraction_wf/atropos_wf/08_mult_gm".
250329-10:22:38,226 nipype.workflow INFO:
	 [Node] Executing "08_mult_gm" <nipype.interfaces.ants.utils.MultiplyImages>
250329-10:22:39,509 nipype.workflow INFO:
	 [Node] Finished "08_mult_gm", elapsed time 1.282908s.
250329-10:22:40,209 nipype.workflow INFO:
	 [Node] Setting-up "fmriprep_24_0_wf.sub_31_wf.anat_fit_wf.brain_extraction_wf.atropos_wf.11_add_gm" in "/work_dir/fmriprep_24_0_wf/sub_31_wf/anat_fit_wf/brain_extraction_wf/atropos_wf/11_add_gm".
250329-10:22:40,213 nipype.workflow INFO:
	 [Node] Executing "11_add_gm" <nipype.interfaces.ants.utils.ImageMath>
250329-10:22:42,421 nipype.workflow INFO:
	 [Node] Finished "11_add_gm", elapsed time 2.207041s.
250329-10:22:44,209 nipype.workflow INFO:
	 [Node] Setting-up "fmriprep_24_0_wf.sub_31_wf.anat_fit_wf.brain_extraction_wf.atropos_wf.12_relabel_gm" in "/work_dir/fmriprep_24_0_wf/sub_31_wf/anat_fit_wf/brain_extraction_wf/atropos_wf/12_relabel_gm".
250329-10:22:44,212 nipype.workflow INFO:
	 [Node] Executing "12_relabel_gm" <nipype.interfaces.ants.utils.MultiplyImages>
250329-10:22:45,143 nipype.workflow INFO:
	 [Node] Finished "12_relabel_gm", elapsed time 0.930587s.
250329-10:22:46,218 nipype.workflow INFO:
	 [Node] Setting-up "fmriprep_24_0_wf.sub_31_wf.anat_fit_wf.brain_extraction_wf.atropos_wf.13_add_gm_wm" in "/work_dir/fmriprep_24_0_wf/sub_31_wf/anat_fit_wf/brain_extraction_wf/atropos_wf/13_add_gm_wm".
250329-10:22:46,218 nipype.workflow INFO:
	 [Node] Setting-up "fmriprep_24_0_wf.sub_31_wf.anat_fit_wf.brain_extraction_wf.atropos_wf.25_depad_gm" in "/work_dir/fmriprep_24_0_wf/sub_31_wf/anat_fit_wf/brain_extraction_wf/atropos_wf/25_depad_gm".
250329-10:22:46,221 nipype.workflow INFO:
	 [Node] Executing "25_depad_gm" <nipype.interfaces.ants.utils.ImageMath>
250329-10:22:46,221 nipype.workflow INFO:
	 [Node] Executing "13_add_gm_wm" <nipype.interfaces.ants.utils.ImageMath>
250329-10:22:47,295 nipype.workflow INFO:
	 [Node] Finished "25_depad_gm", elapsed time 1.073603s.
250329-10:22:48,222 nipype.workflow INFO:
	 [Node] Setting-up "fmriprep_24_0_wf.sub_31_wf.anat_fit_wf.brain_extraction_wf.atropos_wf.merge_tpms" in "/work_dir/fmriprep_24_0_wf/sub_31_wf/anat_fit_wf/brain_extraction_wf/atropos_wf/merge_tpms".
250329-10:22:48,226 nipype.workflow INFO:
	 [Node] Executing "merge_tpms" <nipype.interfaces.utility.base.Merge>
250329-10:22:48,227 nipype.workflow INFO:
	 [Node] Finished "merge_tpms", elapsed time 0.000257s.
250329-10:22:48,636 nipype.workflow INFO:
	 [Node] Finished "13_add_gm_wm", elapsed time 2.244829s.
250329-10:22:50,213 nipype.workflow INFO:
	 [Node] Setting-up "fmriprep_24_0_wf.sub_31_wf.anat_fit_wf.brain_extraction_wf.atropos_wf.14_sel_labels2" in "/work_dir/fmriprep_24_0_wf/sub_31_wf/anat_fit_wf/brain_extraction_wf/atropos_wf/14_sel_labels2".
250329-10:22:50,213 nipype.workflow INFO:
	 [Node] Setting-up "fmriprep_24_0_wf.sub_31_wf.anat_fit_wf.brain_extraction_wf.atropos_wf.24_depad_segm" in "/work_dir/fmriprep_24_0_wf/sub_31_wf/anat_fit_wf/brain_extraction_wf/atropos_wf/24_depad_segm".
250329-10:22:50,215 nipype.workflow INFO:
	 [Node] Executing "14_sel_labels2" <nipype.interfaces.utility.wrappers.Function>
250329-10:22:50,215 nipype.workflow INFO:
	 [Node] Executing "24_depad_segm" <nipype.interfaces.ants.utils.ImageMath>
250329-10:22:50,449 nipype.workflow INFO:
	 [Node] Finished "14_sel_labels2", elapsed time 0.232485s.
250329-10:22:51,349 nipype.workflow INFO:
	 [Node] Finished "24_depad_segm", elapsed time 0.955212s.
250329-10:22:51,525 nipype.workflow INFO:
	 [Node] Finished "_inu_n4_final0", elapsed time 23.072048s.
250329-10:22:52,210 nipype.workflow INFO:
	 [Node] Setting-up "fmriprep_24_0_wf.sub_31_wf.anat_fit_wf.brain_extraction_wf.atropos_wf.15_add_7" in "/work_dir/fmriprep_24_0_wf/sub_31_wf/anat_fit_wf/brain_extraction_wf/atropos_wf/15_add_7".
250329-10:22:52,213 nipype.workflow INFO:
	 [Node] Executing "15_add_7" <nipype.interfaces.ants.utils.ImageMath>
250329-10:22:53,864 nipype.workflow INFO:
	 [Node] Finished "15_add_7", elapsed time 1.650443s.
250329-10:22:54,208 nipype.workflow INFO:
	 [Node] Setting-up "fmriprep_24_0_wf.sub_31_wf.anat_fit_wf.brain_extraction_wf.atropos_wf.16_me_7" in "/work_dir/fmriprep_24_0_wf/sub_31_wf/anat_fit_wf/brain_extraction_wf/atropos_wf/16_me_7".
250329-10:22:54,211 nipype.workflow INFO:
	 [Node] Executing "16_me_7" <nipype.interfaces.ants.utils.ImageMath>
250329-10:22:57,688 nipype.workflow INFO:
	 [Node] Finished "16_me_7", elapsed time 3.475895s.
250329-10:22:58,209 nipype.workflow INFO:
	 [Node] Setting-up "fmriprep_24_0_wf.sub_31_wf.anat_fit_wf.brain_extraction_wf.atropos_wf.17_comp_7" in "/work_dir/fmriprep_24_0_wf/sub_31_wf/anat_fit_wf/brain_extraction_wf/atropos_wf/17_comp_7".
250329-10:22:58,212 nipype.workflow INFO:
	 [Node] Executing "17_comp_7" <nipype.interfaces.ants.utils.ImageMath>
250329-10:23:00,56 nipype.workflow INFO:
	 [Node] Finished "17_comp_7", elapsed time 1.843153s.
250329-10:23:02,204 nipype.workflow INFO:
	 [Node] Setting-up "fmriprep_24_0_wf.sub_31_wf.anat_fit_wf.brain_extraction_wf.atropos_wf.18_md_7" in "/work_dir/fmriprep_24_0_wf/sub_31_wf/anat_fit_wf/brain_extraction_wf/atropos_wf/18_md_7".
250329-10:23:02,207 nipype.workflow INFO:
	 [Node] Executing "18_md_7" <nipype.interfaces.ants.utils.ImageMath>
250329-10:23:04,287 nipype.workflow INFO:
	 [Node] Finished "18_md_7", elapsed time 2.079163s.
250329-10:23:06,206 nipype.workflow INFO:
	 [Node] Setting-up "fmriprep_24_0_wf.sub_31_wf.anat_fit_wf.brain_extraction_wf.atropos_wf.19_fill_7" in "/work_dir/fmriprep_24_0_wf/sub_31_wf/anat_fit_wf/brain_extraction_wf/atropos_wf/19_fill_7".
250329-10:23:06,209 nipype.workflow INFO:
	 [Node] Executing "19_fill_7" <nipype.interfaces.ants.utils.ImageMath>
250329-10:23:18,226 nipype.workflow INFO:
	 [Node] Finished "19_fill_7", elapsed time 12.015986s.
250329-10:23:20,205 nipype.workflow INFO:
	 [Node] Setting-up "fmriprep_24_0_wf.sub_31_wf.anat_fit_wf.brain_extraction_wf.atropos_wf.20_add_7_2" in "/work_dir/fmriprep_24_0_wf/sub_31_wf/anat_fit_wf/brain_extraction_wf/atropos_wf/20_add_7_2".
250329-10:23:20,208 nipype.workflow INFO:
	 [Node] Executing "20_add_7_2" <nipype.interfaces.ants.utils.ImageMath>
250329-10:23:22,404 nipype.workflow INFO:
	 [Node] Finished "20_add_7_2", elapsed time 2.194478s.
250329-10:23:24,210 nipype.workflow INFO:
	 [Node] Setting-up "fmriprep_24_0_wf.sub_31_wf.anat_fit_wf.brain_extraction_wf.atropos_wf.21_md_7_2" in "/work_dir/fmriprep_24_0_wf/sub_31_wf/anat_fit_wf/brain_extraction_wf/atropos_wf/21_md_7_2".
250329-10:23:24,213 nipype.workflow INFO:
	 [Node] Executing "21_md_7_2" <nipype.interfaces.ants.utils.ImageMath>
250329-10:23:26,321 nipype.workflow INFO:
	 [Node] Finished "21_md_7_2", elapsed time 2.107352s.
250329-10:23:28,208 nipype.workflow INFO:
	 [Node] Setting-up "fmriprep_24_0_wf.sub_31_wf.anat_fit_wf.brain_extraction_wf.atropos_wf.22_me_7_2" in "/work_dir/fmriprep_24_0_wf/sub_31_wf/anat_fit_wf/brain_extraction_wf/atropos_wf/22_me_7_2".
250329-10:23:28,211 nipype.workflow INFO:
	 [Node] Executing "22_me_7_2" <nipype.interfaces.ants.utils.ImageMath>
250329-10:23:31,881 nipype.workflow INFO:
	 [Node] Finished "22_me_7_2", elapsed time 3.669236s.
250329-10:23:32,211 nipype.workflow INFO:
	 [Node] Setting-up "fmriprep_24_0_wf.sub_31_wf.anat_fit_wf.brain_extraction_wf.atropos_wf.23_depad_mask" in "/work_dir/fmriprep_24_0_wf/sub_31_wf/anat_fit_wf/brain_extraction_wf/atropos_wf/23_depad_mask".
250329-10:23:32,214 nipype.workflow INFO:
	 [Node] Executing "23_depad_mask" <nipype.interfaces.ants.utils.ImageMath>
250329-10:23:33,50 nipype.workflow INFO:
	 [Node] Finished "23_depad_mask", elapsed time 0.834733s.
250329-10:23:34,211 nipype.workflow INFO:
	 [Node] Setting-up "fmriprep_24_0_wf.sub_31_wf.anat_fit_wf.brain_extraction_wf.atropos_wf.msk_conform" in "/work_dir/fmriprep_24_0_wf/sub_31_wf/anat_fit_wf/brain_extraction_wf/atropos_wf/msk_conform".
250329-10:23:34,215 nipype.workflow INFO:
	 [Node] Executing "msk_conform" <nipype.interfaces.utility.wrappers.Function>
250329-10:23:34,531 nipype.workflow INFO:
	 [Node] Finished "msk_conform", elapsed time 0.316047s.
250329-10:23:43,973 nipype.workflow INFO:
	 [Node] Setting-up "_apply_mask0" in "/work_dir/fmriprep_24_0_wf/sub_31_wf/anat_fit_wf/brain_extraction_wf/atropos_wf/apply_mask/mapflow/_apply_mask0".
250329-10:23:43,975 nipype.workflow INFO:
	 [Node] Executing "_apply_mask0" <niworkflows.interfaces.nibabel.ApplyMask>
250329-10:23:44,948 nipype.workflow INFO:
	 [Node] Finished "_apply_mask0", elapsed time 0.973009s.
250329-10:23:49,633 nipype.workflow INFO:
	 [Node] Setting-up "fmriprep_24_0_wf.sub_31_wf.anat_fit_wf.register_template_wf.trunc_mov" in "/work_dir/fmriprep_24_0_wf/sub_31_wf/anat_fit_wf/register_template_wf/_template_MNI152NLin2009cAsym/trunc_mov".
250329-10:23:49,637 nipype.workflow INFO:
	 [Node] Executing "trunc_mov" <nipype.interfaces.ants.utils.ImageMath>
250329-10:23:50,631 nipype.workflow INFO:
	 [Node] Setting-up "fmriprep_24_0_wf.sub_31_wf.anat_fit_wf.surface_recon_wf.skull_strip_extern" in "/work_dir/fmriprep_24_0_wf/sub_31_wf/anat_fit_wf/surface_recon_wf/skull_strip_extern".
250329-10:23:50,637 nipype.workflow INFO:
	 [Node] Executing "skull_strip_extern" <niworkflows.interfaces.freesurfer.FSInjectBrainExtracted>
250329-10:23:52,798 nipype.workflow INFO:
	 [Node] Finished "skull_strip_extern", elapsed time 2.15936s.
250329-10:23:54,621 nipype.workflow INFO:
	 [Node] Setting-up "fmriprep_24_0_wf.sub_31_wf.anat_fit_wf.surface_recon_wf.autorecon_resume_wf.gcareg" in "/work_dir/fmriprep_24_0_wf/sub_31_wf/anat_fit_wf/surface_recon_wf/autorecon_resume_wf/gcareg".
250329-10:23:54,624 nipype.workflow INFO:
	 [Node] Executing "gcareg" <smriprep.interfaces.freesurfer.ReconAll>
250329-10:23:54,625 nipype.interface INFO:
	 resume recon-all : recon-all -openmp 8 -subjid sub-31 -sd /output/sourcedata/freesurfer -gcareg
250329-10:23:54,626 nipype.interface INFO:
	 resume recon-all : recon-all -openmp 8 -subjid sub-31 -sd /output/sourcedata/freesurfer -gcareg
250329-10:23:56,738 nipype.workflow INFO:
	 [Node] Finished "trunc_mov", elapsed time 6.87399s.
250329-10:26:21,235 nipype.workflow INFO:
	 [Node] Finished "gcareg", elapsed time 146.609645s.
250329-10:26:21,886 nipype.workflow INFO:
	 [Node] Setting-up "fmriprep_24_0_wf.sub_31_wf.anat_fit_wf.surface_recon_wf.autorecon_resume_wf.autorecon2_vol" in "/work_dir/fmriprep_24_0_wf/sub_31_wf/anat_fit_wf/surface_recon_wf/autorecon_resume_wf/autorecon2_vol".
250329-10:26:21,890 nipype.workflow INFO:
	 [Node] Executing "autorecon2_vol" <smriprep.interfaces.freesurfer.ReconAll>
250329-10:26:21,892 nipype.interface INFO:
	 resume recon-all : recon-all -autorecon2-volonly -openmp 8 -subjid sub-31 -sd /output/sourcedata/freesurfer -nogcareg
250329-10:26:21,892 nipype.interface INFO:
	 resume recon-all : recon-all -autorecon2-volonly -openmp 8 -subjid sub-31 -sd /output/sourcedata/freesurfer -nogcareg
250329-12:32:10,755 nipype.workflow INFO:
	 [Node] Finished "autorecon2_vol", elapsed time 7548.863236s.
250329-12:32:14,328 nipype.workflow INFO:
	 [Node] Setting-up "_autorecon_surfs0" in "/work_dir/fmriprep_24_0_wf/sub_31_wf/anat_fit_wf/surface_recon_wf/autorecon_resume_wf/autorecon_surfs/mapflow/_autorecon_surfs0".
250329-12:32:14,332 nipype.workflow INFO:
	 [Node] Executing "_autorecon_surfs0" <smriprep.interfaces.freesurfer.ReconAll>
250329-12:32:14,334 nipype.interface INFO:
	 resume recon-all : recon-all -autorecon-hemi lh -noparcstats -noparcstats2 -noparcstats3 -nohyporelabel -nobalabels -lh-only -openmp 8 -subjid sub-31 -sd /output/sourcedata/freesurfer 
250329-12:32:14,335 nipype.interface INFO:
	 resume recon-all : recon-all -autorecon-hemi lh -noparcstats -noparcstats2 -noparcstats3 -nohyporelabel -nobalabels -lh-only -openmp 8 -subjid sub-31 -sd /output/sourcedata/freesurfer 
250329-12:32:14,414 nipype.workflow INFO:
	 [Node] Setting-up "_autorecon_surfs1" in "/work_dir/fmriprep_24_0_wf/sub_31_wf/anat_fit_wf/surface_recon_wf/autorecon_resume_wf/autorecon_surfs/mapflow/_autorecon_surfs1".
250329-12:32:14,417 nipype.workflow INFO:
	 [Node] Executing "_autorecon_surfs1" <smriprep.interfaces.freesurfer.ReconAll>
250329-12:32:14,418 nipype.interface INFO:
	 resume recon-all : recon-all -autorecon-hemi rh -noparcstats -noparcstats2 -noparcstats3 -nohyporelabel -nobalabels -rh-only -openmp 8 -subjid sub-31 -sd /output/sourcedata/freesurfer 
250329-12:32:14,419 nipype.interface INFO:
	 resume recon-all : recon-all -autorecon-hemi rh -noparcstats -noparcstats2 -noparcstats3 -nohyporelabel -nobalabels -rh-only -openmp 8 -subjid sub-31 -sd /output/sourcedata/freesurfer 
250329-13:36:35,464 nipype.workflow INFO:
	 [Node] Finished "_autorecon_surfs1", elapsed time 3861.046562s.
250329-13:42:24,321 nipype.workflow INFO:
	 [Node] Finished "_autorecon_surfs0", elapsed time 4209.987594s.
250329-13:42:24,660 nipype.workflow INFO:
	 [Node] Setting-up "_autorecon_surfs0" in "/work_dir/fmriprep_24_0_wf/sub_31_wf/anat_fit_wf/surface_recon_wf/autorecon_resume_wf/autorecon_surfs/mapflow/_autorecon_surfs0".
250329-13:42:24,663 nipype.workflow INFO:
	 [Node] Executing "_autorecon_surfs0" <smriprep.interfaces.freesurfer.ReconAll>
250329-13:42:24,665 nipype.interface INFO:
	 recon-all complete : Not running
250329-13:42:24,665 nipype.interface INFO:
	 recon-all complete : Not running
250329-13:42:24,776 nipype.workflow INFO:
	 [Node] Finished "_autorecon_surfs0", elapsed time 0.111956s.
250329-13:42:24,782 nipype.workflow INFO:
	 [Node] Setting-up "_autorecon_surfs1" in "/work_dir/fmriprep_24_0_wf/sub_31_wf/anat_fit_wf/surface_recon_wf/autorecon_resume_wf/autorecon_surfs/mapflow/_autorecon_surfs1".
250329-13:42:24,785 nipype.workflow INFO:
	 [Node] Executing "_autorecon_surfs1" <smriprep.interfaces.freesurfer.ReconAll>
250329-13:42:24,786 nipype.interface INFO:
	 recon-all complete : Not running
250329-13:42:24,787 nipype.interface INFO:
	 recon-all complete : Not running
250329-13:42:24,889 nipype.workflow INFO:
	 [Node] Finished "_autorecon_surfs1", elapsed time 0.102785s.
250329-13:42:27,462 nipype.workflow INFO:
	 [Node] Setting-up "fmriprep_24_0_wf.sub_31_wf.anat_fit_wf.surface_recon_wf.autorecon_resume_wf.cortribbon" in "/work_dir/fmriprep_24_0_wf/sub_31_wf/anat_fit_wf/surface_recon_wf/autorecon_resume_wf/cortribbon".
250329-13:42:27,466 nipype.workflow INFO:
	 [Node] Executing "cortribbon" <smriprep.interfaces.freesurfer.ReconAll>
250329-13:42:27,468 nipype.interface INFO:
	 resume recon-all : recon-all -parallel -subjid sub-31 -sd /output/sourcedata/freesurfer -cortribbon
250329-13:42:27,468 nipype.interface INFO:
	 resume recon-all : recon-all -parallel -subjid sub-31 -sd /output/sourcedata/freesurfer -cortribbon
250329-13:48:02,59 nipype.workflow INFO:
	 [Node] Finished "cortribbon", elapsed time 334.591297s.
250329-13:48:04,663 nipype.workflow INFO:
	 [Node] Setting-up "_parcstats0" in "/work_dir/fmriprep_24_0_wf/sub_31_wf/anat_fit_wf/surface_recon_wf/autorecon_resume_wf/parcstats/mapflow/_parcstats0".
250329-13:48:04,667 nipype.workflow INFO:
	 [Node] Executing "_parcstats0" <smriprep.interfaces.freesurfer.ReconAll>
250329-13:48:04,668 nipype.workflow INFO:
	 [Node] Setting-up "_parcstats1" in "/work_dir/fmriprep_24_0_wf/sub_31_wf/anat_fit_wf/surface_recon_wf/autorecon_resume_wf/parcstats/mapflow/_parcstats1".
250329-13:48:04,669 nipype.interface INFO:
	 resume recon-all : recon-all -autorecon-hemi lh -nohyporelabel -lh-only -openmp 8 -subjid sub-31 -sd /output/sourcedata/freesurfer -notessellate -nosmooth1 -noinflate1 -noqsphere -nofix -nowhite -nosmooth2 -noinflate2 -nocurvHK -nocurvstats -nosphere -nosurfreg -nojacobian_white -noavgcurv -nocortparc -nopial -nocortparc2 -nocortparc3 -nopctsurfcon
250329-13:48:04,670 nipype.interface INFO:
	 resume recon-all : recon-all -autorecon-hemi lh -nohyporelabel -lh-only -openmp 8 -subjid sub-31 -sd /output/sourcedata/freesurfer -notessellate -nosmooth1 -noinflate1 -noqsphere -nofix -nowhite -nosmooth2 -noinflate2 -nocurvHK -nocurvstats -nosphere -nosurfreg -nojacobian_white -noavgcurv -nocortparc -nopial -nocortparc2 -nocortparc3 -nopctsurfcon
250329-13:48:04,671 nipype.workflow INFO:
	 [Node] Executing "_parcstats1" <smriprep.interfaces.freesurfer.ReconAll>
250329-13:48:04,673 nipype.interface INFO:
	 resume recon-all : recon-all -autorecon-hemi rh -nohyporelabel -rh-only -openmp 8 -subjid sub-31 -sd /output/sourcedata/freesurfer -notessellate -nosmooth1 -noinflate1 -noqsphere -nofix -nowhite -nosmooth2 -noinflate2 -nocurvHK -nocurvstats -nosphere -nosurfreg -nojacobian_white -noavgcurv -nocortparc -nopial -nocortparc2 -nocortparc3 -nopctsurfcon
250329-13:48:04,674 nipype.interface INFO:
	 resume recon-all : recon-all -autorecon-hemi rh -nohyporelabel -rh-only -openmp 8 -subjid sub-31 -sd /output/sourcedata/freesurfer -notessellate -nosmooth1 -noinflate1 -noqsphere -nofix -nowhite -nosmooth2 -noinflate2 -nocurvHK -nocurvstats -nosphere -nosurfreg -nojacobian_white -noavgcurv -nocortparc -nopial -nocortparc2 -nocortparc3 -nopctsurfcon
250329-13:53:26,714 nipype.workflow INFO:
	 [Node] Finished "_parcstats1", elapsed time 322.041332s.
250329-13:53:34,407 nipype.workflow INFO:
	 [Node] Finished "_parcstats0", elapsed time 329.738007s.
250329-13:53:34,871 nipype.workflow INFO:
	 [Node] Setting-up "_parcstats0" in "/work_dir/fmriprep_24_0_wf/sub_31_wf/anat_fit_wf/surface_recon_wf/autorecon_resume_wf/parcstats/mapflow/_parcstats0".
250329-13:53:34,874 nipype.workflow INFO:
	 [Node] Executing "_parcstats0" <smriprep.interfaces.freesurfer.ReconAll>
250329-13:53:34,876 nipype.interface INFO:
	 recon-all complete : Not running
250329-13:53:34,876 nipype.interface INFO:
	 recon-all complete : Not running
250329-13:53:34,972 nipype.workflow INFO:
	 [Node] Finished "_parcstats0", elapsed time 0.0968s.
250329-13:53:34,978 nipype.workflow INFO:
	 [Node] Setting-up "_parcstats1" in "/work_dir/fmriprep_24_0_wf/sub_31_wf/anat_fit_wf/surface_recon_wf/autorecon_resume_wf/parcstats/mapflow/_parcstats1".
250329-13:53:34,980 nipype.workflow INFO:
	 [Node] Executing "_parcstats1" <smriprep.interfaces.freesurfer.ReconAll>
250329-13:53:34,982 nipype.interface INFO:
	 recon-all complete : Not running
250329-13:53:34,983 nipype.interface INFO:
	 recon-all complete : Not running
250329-13:53:35,68 nipype.workflow INFO:
	 [Node] Finished "_parcstats1", elapsed time 0.086251s.
250329-13:53:36,697 nipype.workflow INFO:
	 [Node] Setting-up "fmriprep_24_0_wf.sub_31_wf.anat_fit_wf.surface_recon_wf.autorecon_resume_wf.autorecon3" in "/work_dir/fmriprep_24_0_wf/sub_31_wf/anat_fit_wf/surface_recon_wf/autorecon_resume_wf/autorecon3".
250329-13:53:36,700 nipype.workflow INFO:
	 [Node] Executing "autorecon3" <smriprep.interfaces.freesurfer.ReconAll>
250329-13:53:36,702 nipype.interface INFO:
	 resume recon-all : recon-all -autorecon3 -openmp 8 -subjid sub-31 -sd /output/sourcedata/freesurfer -nosphere -nosurfreg -nojacobian_white -noavgcurv -nocortparc -nopial -noparcstats -nocortparc2 -noparcstats2 -nocortparc3 -noparcstats3 -nopctsurfcon -nocortribbon -nobalabels
250329-13:53:36,703 nipype.interface INFO:
	 resume recon-all : recon-all -autorecon3 -openmp 8 -subjid sub-31 -sd /output/sourcedata/freesurfer -nosphere -nosurfreg -nojacobian_white -noavgcurv -nocortparc -nopial -noparcstats -nocortparc2 -noparcstats2 -nocortparc3 -noparcstats3 -nopctsurfcon -nocortribbon -nobalabels
250329-14:00:42,215 nipype.workflow INFO:
	 [Node] Finished "autorecon3", elapsed time 425.51345s.
250329-14:00:42,725 nipype.workflow INFO:
	 [Node] Setting-up "fmriprep_24_0_wf.sub_31_wf.anat_fit_wf.surface_recon_wf.get_surfaces" in "/work_dir/fmriprep_24_0_wf/sub_31_wf/anat_fit_wf/surface_recon_wf/get_surfaces".
250329-14:00:42,728 nipype.workflow INFO:
	 [Node] Executing "get_surfaces" <nipype.interfaces.io.FreeSurferSource>
250329-14:00:42,741 nipype.workflow INFO:
	 [Node] Finished "get_surfaces", elapsed time 0.012535s.
250329-14:00:46,716 nipype.workflow INFO:
	 [Node] Setting-up "_midthickness0" in "/work_dir/fmriprep_24_0_wf/sub_31_wf/anat_fit_wf/surface_recon_wf/midthickness/mapflow/_midthickness0".
250329-14:00:46,720 nipype.workflow INFO:
	 [Node] Executing "_midthickness0" <smriprep.interfaces.freesurfer.MakeMidthickness>
250329-14:00:46,804 nipype.workflow INFO:
	 [Node] Setting-up "_midthickness1" in "/work_dir/fmriprep_24_0_wf/sub_31_wf/anat_fit_wf/surface_recon_wf/midthickness/mapflow/_midthickness1".
250329-14:00:46,807 nipype.workflow INFO:
	 [Node] Executing "_midthickness1" <smriprep.interfaces.freesurfer.MakeMidthickness>
250329-15:10:50,327 nipype.workflow INFO:
	 [Node] Finished "_midthickness0", elapsed time 4203.605468s.
250329-15:11:00,390 nipype.workflow INFO:
	 [Node] Finished "_midthickness1", elapsed time 4213.581978s.
250329-15:11:01,111 nipype.workflow INFO:
	 [Node] Setting-up "_midthickness0" in "/work_dir/fmriprep_24_0_wf/sub_31_wf/anat_fit_wf/surface_recon_wf/midthickness/mapflow/_midthickness0".
250329-15:11:01,112 nipype.workflow INFO:
	 [Node] Cached "_midthickness0" - collecting precomputed outputs
250329-15:11:01,113 nipype.workflow INFO:
	 [Node] "_midthickness0" found cached.
250329-15:11:01,114 nipype.workflow INFO:
	 [Node] Setting-up "_midthickness1" in "/work_dir/fmriprep_24_0_wf/sub_31_wf/anat_fit_wf/surface_recon_wf/midthickness/mapflow/_midthickness1".
250329-15:11:01,115 nipype.workflow INFO:
	 [Node] Cached "_midthickness1" - collecting precomputed outputs
250329-15:11:01,115 nipype.workflow INFO:
	 [Node] "_midthickness1" found cached.
250329-15:11:03,18 nipype.workflow INFO:
	 [Node] Setting-up "fmriprep_24_0_wf.sub_31_wf.anat_fit_wf.surface_recon_wf.save_midthickness" in "/work_dir/fmriprep_24_0_wf/sub_31_wf/anat_fit_wf/surface_recon_wf/save_midthickness".
250329-15:11:03,23 nipype.workflow INFO:
	 [Node] Executing "save_midthickness" <nipype.interfaces.io.DataSink>
250329-15:11:03,84 nipype.workflow INFO:
	 [Node] Finished "save_midthickness", elapsed time 0.060234s.
250329-15:11:05,21 nipype.workflow INFO:
	 [Node] Setting-up "fmriprep_24_0_wf.sub_31_wf.anat_fit_wf.surface_recon_wf.sync" in "/work_dir/fmriprep_24_0_wf/sub_31_wf/anat_fit_wf/surface_recon_wf/sync".
250329-15:11:05,23 nipype.workflow INFO:
	 [Node] Executing "sync" <nipype.interfaces.utility.wrappers.Function>
250329-15:11:05,25 nipype.workflow INFO:
	 [Node] Finished "sync", elapsed time 0.000774s.
250329-15:11:07,15 nipype.workflow INFO:
	 [Node] Setting-up "fmriprep_24_0_wf.sub_31_wf.anat_fit_wf.gifti_surface_wf.get_surfaces" in "/work_dir/fmriprep_24_0_wf/sub_31_wf/anat_fit_wf/gifti_surface_wf/get_surfaces".
250329-15:11:07,15 nipype.workflow INFO:
	 [Node] Setting-up "fmriprep_24_0_wf.sub_31_wf.anat_fit_wf.gifti_spheres_wf.get_surfaces" in "/work_dir/fmriprep_24_0_wf/sub_31_wf/anat_fit_wf/gifti_spheres_wf/get_surfaces".
250329-15:11:07,16 nipype.workflow INFO:
	 [Node] Setting-up "fmriprep_24_0_wf.sub_31_wf.anat_fit_wf.gifti_morphometrics_wf.get_surfaces" in "/work_dir/fmriprep_24_0_wf/sub_31_wf/anat_fit_wf/gifti_morphometrics_wf/get_surfaces".
250329-15:11:07,17 nipype.workflow INFO:
	 [Node] Setting-up "fmriprep_24_0_wf.sub_31_wf.anat_fit_wf.refinement_wf.segs_to_native_aseg.fs_datasource" in "/work_dir/fmriprep_24_0_wf/sub_31_wf/anat_fit_wf/refinement_wf/segs_to_native_aseg/fs_datasource".
250329-15:11:07,19 nipype.workflow INFO:
	 [Node] Executing "get_surfaces" <nipype.interfaces.utility.wrappers.Function>
250329-15:11:07,19 nipype.workflow INFO:
	 [Node] Executing "get_surfaces" <nipype.interfaces.utility.wrappers.Function>
250329-15:11:07,19 nipype.workflow INFO:
	 [Node] Setting-up "fmriprep_24_0_wf.sub_31_wf.anat_fit_wf.anat_reports_wf.recon_report" in "/work_dir/fmriprep_24_0_wf/sub_31_wf/anat_fit_wf/anat_reports_wf/recon_report".
250329-15:11:07,20 nipype.workflow INFO:
	 [Node] Executing "get_surfaces" <nipype.interfaces.io.FreeSurferSource>
250329-15:11:07,20 nipype.workflow INFO:
	 [Node] Executing "fs_datasource" <nipype.interfaces.io.FreeSurferSource>
250329-15:11:07,21 nipype.workflow INFO:
	 [Node] Setting-up "fmriprep_24_0_wf.sub_31_wf.bold_task_bird_run_2_wf.bold_fit_wf.bold_reg_wf.bbreg_wf.mri_coreg" in "/work_dir/fmriprep_24_0_wf/sub_31_wf/bold_task_bird_run_2_wf/bold_fit_wf/bold_reg_wf/bbreg_wf/mri_coreg".
250329-15:11:07,21 nipype.workflow INFO:
	 [Node] Finished "get_surfaces", elapsed time 0.001713s.
250329-15:11:07,22 nipype.workflow INFO:
	 [Node] Finished "get_surfaces", elapsed time 0.002214s.
250329-15:11:07,23 nipype.workflow INFO:
	 [Node] Executing "recon_report" <smriprep.interfaces.reports.FSSurfaceReport>
250329-15:11:07,25 nipype.workflow INFO:
	 [Node] Executing "mri_coreg" <fmriprep.interfaces.patches.MRICoreg>
250329-15:11:07,32 nipype.workflow INFO:
	 [Node] Finished "fs_datasource", elapsed time 0.011884s.
250329-15:11:07,32 nipype.workflow INFO:
	 [Node] Finished "get_surfaces", elapsed time 0.011972s.
250329-15:11:07,88 nipype.workflow INFO:
	 [Node] Setting-up "fmriprep_24_0_wf.sub_31_wf.bold_task_bird_run_1_wf.bold_fit_wf.bold_reg_wf.bbreg_wf.mri_coreg" in "/work_dir/fmriprep_24_0_wf/sub_31_wf/bold_task_bird_run_1_wf/bold_fit_wf/bold_reg_wf/bbreg_wf/mri_coreg".
250329-15:11:07,90 nipype.workflow INFO:
	 [Node] Setting-up "fmriprep_24_0_wf.sub_31_wf.bold_task_bird_run_3_wf.bold_fit_wf.bold_reg_wf.bbreg_wf.mri_coreg" in "/work_dir/fmriprep_24_0_wf/sub_31_wf/bold_task_bird_run_3_wf/bold_fit_wf/bold_reg_wf/bbreg_wf/mri_coreg".
250329-15:11:07,93 nipype.workflow INFO:
	 [Node] Executing "mri_coreg" <fmriprep.interfaces.patches.MRICoreg>
250329-15:11:07,94 nipype.workflow INFO:
	 [Node] Executing "mri_coreg" <fmriprep.interfaces.patches.MRICoreg>
250329-15:11:11,138 nipype.workflow INFO:
	 [Node] Setting-up "fmriprep_24_0_wf.sub_31_wf.anat_fit_wf.refinement_wf.segs_to_native_aseg.resample" in "/work_dir/fmriprep_24_0_wf/sub_31_wf/anat_fit_wf/refinement_wf/segs_to_native_aseg/resample".
250329-15:11:11,144 nipype.workflow INFO:
	 [Node] Executing "resample" <nipype.interfaces.freesurfer.preprocess.ApplyVolTransform>
250329-15:11:13,60 nipype.workflow INFO:
	 [Node] Setting-up "_fs2gii3" in "/work_dir/fmriprep_24_0_wf/sub_31_wf/anat_fit_wf/gifti_surface_wf/fs2gii/mapflow/_fs2gii3".
250329-15:11:13,60 nipype.workflow INFO:
	 [Node] Setting-up "_fs2gii4" in "/work_dir/fmriprep_24_0_wf/sub_31_wf/anat_fit_wf/gifti_surface_wf/fs2gii/mapflow/_fs2gii4".
250329-15:11:13,60 nipype.workflow INFO:
	 [Node] Setting-up "_fs2gii5" in "/work_dir/fmriprep_24_0_wf/sub_31_wf/anat_fit_wf/gifti_surface_wf/fs2gii/mapflow/_fs2gii5".
250329-15:11:13,62 nipype.workflow INFO:
	 [Node] Executing "_fs2gii3" <nipype.interfaces.freesurfer.utils.MRIsConvert>
250329-15:11:13,62 nipype.workflow INFO:
	 [Node] Executing "_fs2gii5" <nipype.interfaces.freesurfer.utils.MRIsConvert>
250329-15:11:13,65 nipype.workflow INFO:
	 [Node] Executing "_fs2gii4" <nipype.interfaces.freesurfer.utils.MRIsConvert>
250329-15:11:13,130 nipype.workflow INFO:
	 [Node] Setting-up "_fs2gii1" in "/work_dir/fmriprep_24_0_wf/sub_31_wf/anat_fit_wf/gifti_surface_wf/fs2gii/mapflow/_fs2gii1".
250329-15:11:13,132 nipype.workflow INFO:
	 [Node] Executing "_fs2gii1" <nipype.interfaces.freesurfer.utils.MRIsConvert>
250329-15:11:13,141 nipype.workflow INFO:
	 [Node] Setting-up "_fs2gii2" in "/work_dir/fmriprep_24_0_wf/sub_31_wf/anat_fit_wf/gifti_surface_wf/fs2gii/mapflow/_fs2gii2".
250329-15:11:13,143 nipype.workflow INFO:
	 [Node] Executing "_fs2gii2" <nipype.interfaces.freesurfer.utils.MRIsConvert>
250329-15:11:13,158 nipype.workflow INFO:
	 [Node] Setting-up "_fs2gii0" in "/work_dir/fmriprep_24_0_wf/sub_31_wf/anat_fit_wf/gifti_surface_wf/fs2gii/mapflow/_fs2gii0".
250329-15:11:13,160 nipype.workflow INFO:
	 [Node] Executing "_fs2gii0" <nipype.interfaces.freesurfer.utils.MRIsConvert>
250329-15:11:13,992 nipype.workflow INFO:
	 [Node] Finished "resample", elapsed time 2.846171s.
250329-15:11:15,227 nipype.workflow INFO:
	 [Node] Setting-up "fmriprep_24_0_wf.sub_31_wf.anat_fit_wf.refinement_wf.refine" in "/work_dir/fmriprep_24_0_wf/sub_31_wf/anat_fit_wf/refinement_wf/refine".
250329-15:11:15,230 nipype.workflow INFO:
	 [Node] Executing "refine" <niworkflows.interfaces.freesurfer.RefineBrainMask>
250329-15:11:15,803 nipype.workflow INFO:
	 [Node] Finished "_fs2gii5", elapsed time 2.739337s.
250329-15:11:15,825 nipype.workflow INFO:
	 [Node] Finished "_fs2gii3", elapsed time 2.7615s.
250329-15:11:15,877 nipype.workflow INFO:
	 [Node] Finished "_fs2gii2", elapsed time 2.733161s.
250329-15:11:16,148 nipype.workflow INFO:
	 [Node] Finished "_fs2gii0", elapsed time 2.986707s.
250329-15:11:16,517 nipype.workflow INFO:
	 [Node] Finished "_fs2gii4", elapsed time 3.450431s.
250329-15:11:16,587 nipype.workflow INFO:
	 [Node] Finished "_fs2gii1", elapsed time 3.4538130000000002s.
250329-15:11:17,37 nipype.workflow INFO:
	 [Node] Setting-up "_fs2gii0" in "/work_dir/fmriprep_24_0_wf/sub_31_wf/anat_fit_wf/gifti_spheres_wf/fs2gii/mapflow/_fs2gii0".
250329-15:11:17,39 nipype.workflow INFO:
	 [Node] Executing "_fs2gii0" <nipype.interfaces.freesurfer.utils.MRIsConvert>
250329-15:11:17,40 nipype.workflow INFO:
	 [Node] Setting-up "_fs2gii1" in "/work_dir/fmriprep_24_0_wf/sub_31_wf/anat_fit_wf/gifti_spheres_wf/fs2gii/mapflow/_fs2gii1".
250329-15:11:17,41 nipype.workflow INFO:
	 [Node] Setting-up "_fs2gii2" in "/work_dir/fmriprep_24_0_wf/sub_31_wf/anat_fit_wf/gifti_spheres_wf/fs2gii/mapflow/_fs2gii2".
250329-15:11:17,41 nipype.workflow INFO:
	 [Node] Setting-up "_fs2gii3" in "/work_dir/fmriprep_24_0_wf/sub_31_wf/anat_fit_wf/gifti_spheres_wf/fs2gii/mapflow/_fs2gii3".
250329-15:11:17,41 nipype.workflow INFO:
	 [Node] Setting-up "_morphs2gii0" in "/work_dir/fmriprep_24_0_wf/sub_31_wf/anat_fit_wf/gifti_morphometrics_wf/morphs2gii/mapflow/_morphs2gii0".
250329-15:11:17,42 nipype.workflow INFO:
	 [Node] Executing "_fs2gii1" <nipype.interfaces.freesurfer.utils.MRIsConvert>
250329-15:11:17,43 nipype.workflow INFO:
	 [Node] Executing "_fs2gii2" <nipype.interfaces.freesurfer.utils.MRIsConvert>
250329-15:11:17,43 nipype.workflow INFO:
	 [Node] Executing "_fs2gii3" <nipype.interfaces.freesurfer.utils.MRIsConvert>
250329-15:11:17,43 nipype.workflow INFO:
	 [Node] Executing "_morphs2gii0" <smriprep.interfaces.freesurfer.MRIsConvertData>
250329-15:11:17,46 nipype.workflow INFO:
	 [Node] Setting-up "_fs2gii0" in "/work_dir/fmriprep_24_0_wf/sub_31_wf/anat_fit_wf/gifti_surface_wf/fs2gii/mapflow/_fs2gii0".
250329-15:11:17,47 nipype.workflow INFO:
	 [Node] Cached "_fs2gii0" - collecting precomputed outputs
250329-15:11:17,47 nipype.workflow INFO:
	 [Node] "_fs2gii0" found cached.
250329-15:11:17,48 nipype.workflow INFO:
	 [Node] Setting-up "_fs2gii1" in "/work_dir/fmriprep_24_0_wf/sub_31_wf/anat_fit_wf/gifti_surface_wf/fs2gii/mapflow/_fs2gii1".
250329-15:11:17,49 nipype.workflow INFO:
	 [Node] Cached "_fs2gii1" - collecting precomputed outputs
250329-15:11:17,49 nipype.workflow INFO:
	 [Node] "_fs2gii1" found cached.
250329-15:11:17,50 nipype.workflow INFO:
	 [Node] Setting-up "_fs2gii2" in "/work_dir/fmriprep_24_0_wf/sub_31_wf/anat_fit_wf/gifti_surface_wf/fs2gii/mapflow/_fs2gii2".
250329-15:11:17,51 nipype.workflow INFO:
	 [Node] Cached "_fs2gii2" - collecting precomputed outputs
250329-15:11:17,51 nipype.workflow INFO:
	 [Node] "_fs2gii2" found cached.
250329-15:11:17,52 nipype.workflow INFO:
	 [Node] Setting-up "_fs2gii3" in "/work_dir/fmriprep_24_0_wf/sub_31_wf/anat_fit_wf/gifti_surface_wf/fs2gii/mapflow/_fs2gii3".
250329-15:11:17,52 nipype.workflow INFO:
	 [Node] Cached "_fs2gii3" - collecting precomputed outputs
250329-15:11:17,53 nipype.workflow INFO:
	 [Node] "_fs2gii3" found cached.
250329-15:11:17,53 nipype.workflow INFO:
	 [Node] Setting-up "_fs2gii4" in "/work_dir/fmriprep_24_0_wf/sub_31_wf/anat_fit_wf/gifti_surface_wf/fs2gii/mapflow/_fs2gii4".
250329-15:11:17,54 nipype.workflow INFO:
	 [Node] Cached "_fs2gii4" - collecting precomputed outputs
250329-15:11:17,54 nipype.workflow INFO:
	 [Node] "_fs2gii4" found cached.
250329-15:11:17,55 nipype.workflow INFO:
	 [Node] Setting-up "_fs2gii5" in "/work_dir/fmriprep_24_0_wf/sub_31_wf/anat_fit_wf/gifti_surface_wf/fs2gii/mapflow/_fs2gii5".
250329-15:11:17,56 nipype.workflow INFO:
	 [Node] Cached "_fs2gii5" - collecting precomputed outputs
250329-15:11:17,56 nipype.workflow INFO:
	 [Node] "_fs2gii5" found cached.
250329-15:11:18,794 nipype.workflow INFO:
	 [Node] Finished "_morphs2gii0", elapsed time 1.750009s.
250329-15:11:19,166 nipype.workflow INFO:
	 [Node] Finished "_fs2gii3", elapsed time 2.122889s.
250329-15:11:19,242 nipype.workflow INFO:
	 [Node] Setting-up "_morphs2gii1" in "/work_dir/fmriprep_24_0_wf/sub_31_wf/anat_fit_wf/gifti_morphometrics_wf/morphs2gii/mapflow/_morphs2gii1".
250329-15:11:19,245 nipype.workflow INFO:
	 [Node] Executing "_morphs2gii1" <smriprep.interfaces.freesurfer.MRIsConvertData>
250329-15:11:19,253 nipype.workflow INFO:
	 [Node] Setting-up "_morphs2gii2" in "/work_dir/fmriprep_24_0_wf/sub_31_wf/anat_fit_wf/gifti_morphometrics_wf/morphs2gii/mapflow/_morphs2gii2".
250329-15:11:19,255 nipype.workflow INFO:
	 [Node] Executing "_morphs2gii2" <smriprep.interfaces.freesurfer.MRIsConvertData>
250329-15:11:19,356 nipype.workflow INFO:
	 [Node] Finished "_fs2gii0", elapsed time 2.316096s.
250329-15:11:19,719 nipype.workflow INFO:
	 [Node] Finished "_fs2gii2", elapsed time 2.675831s.
250329-15:11:19,747 nipype.workflow INFO:
	 [Node] Finished "_fs2gii1", elapsed time 2.704155s.
250329-15:11:20,512 nipype.workflow INFO:
	 [Node] Finished "_morphs2gii1", elapsed time 1.2660580000000001s.
250329-15:11:20,644 nipype.workflow INFO:
	 [Node] Finished "_morphs2gii2", elapsed time 1.3882539999999999s.
250329-15:11:21,52 nipype.workflow INFO:
	 [Node] Setting-up "_morphs2gii3" in "/work_dir/fmriprep_24_0_wf/sub_31_wf/anat_fit_wf/gifti_morphometrics_wf/morphs2gii/mapflow/_morphs2gii3".
250329-15:11:21,54 nipype.workflow INFO:
	 [Node] Executing "_morphs2gii3" <smriprep.interfaces.freesurfer.MRIsConvertData>
250329-15:11:21,56 nipype.workflow INFO:
	 [Node] Setting-up "_fs2gii0" in "/work_dir/fmriprep_24_0_wf/sub_31_wf/anat_fit_wf/gifti_spheres_wf/fs2gii/mapflow/_fs2gii0".
250329-15:11:21,57 nipype.workflow INFO:
	 [Node] Cached "_fs2gii0" - collecting precomputed outputs
250329-15:11:21,57 nipype.workflow INFO:
	 [Node] "_fs2gii0" found cached.
250329-15:11:21,59 nipype.workflow INFO:
	 [Node] Setting-up "_fs2gii1" in "/work_dir/fmriprep_24_0_wf/sub_31_wf/anat_fit_wf/gifti_spheres_wf/fs2gii/mapflow/_fs2gii1".
250329-15:11:21,59 nipype.workflow INFO:
	 [Node] Setting-up "_fix_surfs1" in "/work_dir/fmriprep_24_0_wf/sub_31_wf/anat_fit_wf/gifti_surface_wf/fix_surfs/mapflow/_fix_surfs1".
250329-15:11:21,60 nipype.workflow INFO:
	 [Node] Cached "_fs2gii1" - collecting precomputed outputs
250329-15:11:21,60 nipype.workflow INFO:
	 [Node] "_fs2gii1" found cached.
250329-15:11:21,61 nipype.workflow INFO:
	 [Node] Setting-up "_fs2gii2" in "/work_dir/fmriprep_24_0_wf/sub_31_wf/anat_fit_wf/gifti_spheres_wf/fs2gii/mapflow/_fs2gii2".
250329-15:11:21,61 nipype.workflow INFO:
	 [Node] Executing "_fix_surfs1" <smriprep.interfaces.surf.NormalizeSurf>
250329-15:11:21,62 nipype.workflow INFO:
	 [Node] Cached "_fs2gii2" - collecting precomputed outputs
250329-15:11:21,62 nipype.workflow INFO:
	 [Node] "_fs2gii2" found cached.
250329-15:11:21,63 nipype.workflow INFO:
	 [Node] Setting-up "_fs2gii3" in "/work_dir/fmriprep_24_0_wf/sub_31_wf/anat_fit_wf/gifti_spheres_wf/fs2gii/mapflow/_fs2gii3".
250329-15:11:21,64 nipype.workflow INFO:
	 [Node] Cached "_fs2gii3" - collecting precomputed outputs
250329-15:11:21,64 nipype.workflow INFO:
	 [Node] "_fs2gii3" found cached.
250329-15:11:21,152 nipype.workflow INFO:
	 [Node] Setting-up "_fix_surfs0" in "/work_dir/fmriprep_24_0_wf/sub_31_wf/anat_fit_wf/gifti_surface_wf/fix_surfs/mapflow/_fix_surfs0".
250329-15:11:21,156 nipype.workflow INFO:
	 [Node] Executing "_fix_surfs0" <smriprep.interfaces.surf.NormalizeSurf>
250329-15:11:21,174 nipype.workflow INFO:
	 [Node] Setting-up "_fix_surfs3" in "/work_dir/fmriprep_24_0_wf/sub_31_wf/anat_fit_wf/gifti_surface_wf/fix_surfs/mapflow/_fix_surfs3".
250329-15:11:21,176 nipype.workflow INFO:
	 [Node] Executing "_fix_surfs3" <smriprep.interfaces.surf.NormalizeSurf>
250329-15:11:21,186 nipype.workflow INFO:
	 [Node] Setting-up "_fix_surfs2" in "/work_dir/fmriprep_24_0_wf/sub_31_wf/anat_fit_wf/gifti_surface_wf/fix_surfs/mapflow/_fix_surfs2".
250329-15:11:21,188 nipype.workflow INFO:
	 [Node] Executing "_fix_surfs2" <smriprep.interfaces.surf.NormalizeSurf>
250329-15:11:22,48 nipype.workflow INFO:
	 [Node] Finished "_fix_surfs2", elapsed time 0.859097s.
250329-15:11:22,151 nipype.workflow INFO:
	 [Node] Finished "_fix_surfs1", elapsed time 1.088466s.
250329-15:11:22,174 nipype.workflow INFO:
	 [Node] Finished "_fix_surfs3", elapsed time 0.9973s.
250329-15:11:22,475 nipype.workflow INFO:
	 [Node] Finished "_fix_surfs0", elapsed time 1.318195s.
250329-15:11:22,752 nipype.workflow INFO:
	 [Node] Finished "_morphs2gii3", elapsed time 1.697254s.
250329-15:11:23,49 nipype.workflow INFO:
	 [Node] Setting-up "_morphs2gii0" in "/work_dir/fmriprep_24_0_wf/sub_31_wf/anat_fit_wf/gifti_morphometrics_wf/morphs2gii/mapflow/_morphs2gii0".
250329-15:11:23,50 nipype.workflow INFO:
	 [Node] Cached "_morphs2gii0" - collecting precomputed outputs
250329-15:11:23,50 nipype.workflow INFO:
	 [Node] "_morphs2gii0" found cached.
250329-15:11:23,51 nipype.workflow INFO:
	 [Node] Setting-up "_morphs2gii1" in "/work_dir/fmriprep_24_0_wf/sub_31_wf/anat_fit_wf/gifti_morphometrics_wf/morphs2gii/mapflow/_morphs2gii1".
250329-15:11:23,52 nipype.workflow INFO:
	 [Node] Cached "_morphs2gii1" - collecting precomputed outputs
250329-15:11:23,52 nipype.workflow INFO:
	 [Node] "_morphs2gii1" found cached.
250329-15:11:23,53 nipype.workflow INFO:
	 [Node] Setting-up "_morphs2gii2" in "/work_dir/fmriprep_24_0_wf/sub_31_wf/anat_fit_wf/gifti_morphometrics_wf/morphs2gii/mapflow/_morphs2gii2".
250329-15:11:23,53 nipype.workflow INFO:
	 [Node] Cached "_morphs2gii2" - collecting precomputed outputs
250329-15:11:23,54 nipype.workflow INFO:
	 [Node] "_morphs2gii2" found cached.
250329-15:11:23,55 nipype.workflow INFO:
	 [Node] Setting-up "_morphs2gii3" in "/work_dir/fmriprep_24_0_wf/sub_31_wf/anat_fit_wf/gifti_morphometrics_wf/morphs2gii/mapflow/_morphs2gii3".
250329-15:11:23,55 nipype.workflow INFO:
	 [Node] Cached "_morphs2gii3" - collecting precomputed outputs
250329-15:11:23,55 nipype.workflow INFO:
	 [Node] "_morphs2gii3" found cached.
250329-15:11:23,58 nipype.workflow INFO:
	 [Node] Setting-up "_fix_surfs4" in "/work_dir/fmriprep_24_0_wf/sub_31_wf/anat_fit_wf/gifti_surface_wf/fix_surfs/mapflow/_fix_surfs4".
250329-15:11:23,60 nipype.workflow INFO:
	 [Node] Executing "_fix_surfs4" <smriprep.interfaces.surf.NormalizeSurf>
250329-15:11:23,68 nipype.workflow INFO:
	 [Node] Setting-up "_fix_surfs5" in "/work_dir/fmriprep_24_0_wf/sub_31_wf/anat_fit_wf/gifti_surface_wf/fix_surfs/mapflow/_fix_surfs5".
250329-15:11:23,70 nipype.workflow INFO:
	 [Node] Executing "_fix_surfs5" <smriprep.interfaces.surf.NormalizeSurf>
250329-15:11:23,864 nipype.workflow INFO:
	 [Node] Finished "_fix_surfs4", elapsed time 0.803881s.
250329-15:11:23,870 nipype.workflow INFO:
	 [Node] Finished "_fix_surfs5", elapsed time 0.798953s.
250329-15:11:25,53 nipype.workflow INFO:
	 [Node] Setting-up "_fix_surfs0" in "/work_dir/fmriprep_24_0_wf/sub_31_wf/anat_fit_wf/gifti_surface_wf/fix_surfs/mapflow/_fix_surfs0".
250329-15:11:25,54 nipype.workflow INFO:
	 [Node] Cached "_fix_surfs0" - collecting precomputed outputs
250329-15:11:25,54 nipype.workflow INFO:
	 [Node] "_fix_surfs0" found cached.
250329-15:11:25,55 nipype.workflow INFO:
	 [Node] Setting-up "_fix_surfs1" in "/work_dir/fmriprep_24_0_wf/sub_31_wf/anat_fit_wf/gifti_surface_wf/fix_surfs/mapflow/_fix_surfs1".
250329-15:11:25,56 nipype.workflow INFO:
	 [Node] Cached "_fix_surfs1" - collecting precomputed outputs
250329-15:11:25,56 nipype.workflow INFO:
	 [Node] "_fix_surfs1" found cached.
250329-15:11:25,57 nipype.workflow INFO:
	 [Node] Setting-up "_fix_surfs2" in "/work_dir/fmriprep_24_0_wf/sub_31_wf/anat_fit_wf/gifti_surface_wf/fix_surfs/mapflow/_fix_surfs2".
250329-15:11:25,57 nipype.workflow INFO:
	 [Node] Cached "_fix_surfs2" - collecting precomputed outputs
250329-15:11:25,57 nipype.workflow INFO:
	 [Node] "_fix_surfs2" found cached.
250329-15:11:25,58 nipype.workflow INFO:
	 [Node] Setting-up "_fix_surfs3" in "/work_dir/fmriprep_24_0_wf/sub_31_wf/anat_fit_wf/gifti_surface_wf/fix_surfs/mapflow/_fix_surfs3".
250329-15:11:25,59 nipype.workflow INFO:
	 [Node] Cached "_fix_surfs3" - collecting precomputed outputs
250329-15:11:25,59 nipype.workflow INFO:
	 [Node] "_fix_surfs3" found cached.
250329-15:11:25,60 nipype.workflow INFO:
	 [Node] Setting-up "_fix_surfs4" in "/work_dir/fmriprep_24_0_wf/sub_31_wf/anat_fit_wf/gifti_surface_wf/fix_surfs/mapflow/_fix_surfs4".
250329-15:11:25,60 nipype.workflow INFO:
	 [Node] Cached "_fix_surfs4" - collecting precomputed outputs
250329-15:11:25,61 nipype.workflow INFO:
	 [Node] "_fix_surfs4" found cached.
250329-15:11:25,61 nipype.workflow INFO:
	 [Node] Setting-up "_fix_surfs5" in "/work_dir/fmriprep_24_0_wf/sub_31_wf/anat_fit_wf/gifti_surface_wf/fix_surfs/mapflow/_fix_surfs5".
250329-15:11:25,62 nipype.workflow INFO:
	 [Node] Cached "_fix_surfs5" - collecting precomputed outputs
250329-15:11:25,62 nipype.workflow INFO:
	 [Node] "_fix_surfs5" found cached.
250329-15:11:25,227 nipype.workflow INFO:
	 [Node] Setting-up "_fix_surfs3" in "/work_dir/fmriprep_24_0_wf/sub_31_wf/anat_fit_wf/gifti_spheres_wf/fix_surfs/mapflow/_fix_surfs3".
250329-15:11:25,228 nipype.workflow INFO:
	 [Node] Executing "_fix_surfs3" <smriprep.interfaces.surf.NormalizeSurf>
250329-15:11:25,232 nipype.workflow INFO:
	 [Node] Setting-up "_fix_surfs2" in "/work_dir/fmriprep_24_0_wf/sub_31_wf/anat_fit_wf/gifti_spheres_wf/fix_surfs/mapflow/_fix_surfs2".
250329-15:11:25,232 nipype.workflow INFO:
	 [Node] Setting-up "_fix_surfs1" in "/work_dir/fmriprep_24_0_wf/sub_31_wf/anat_fit_wf/gifti_spheres_wf/fix_surfs/mapflow/_fix_surfs1".
250329-15:11:25,233 nipype.workflow INFO:
	 [Node] Executing "_fix_surfs2" <smriprep.interfaces.surf.NormalizeSurf>
250329-15:11:25,234 nipype.workflow INFO:
	 [Node] Executing "_fix_surfs1" <smriprep.interfaces.surf.NormalizeSurf>
250329-15:11:25,274 nipype.workflow INFO:
	 [Node] Setting-up "_fix_surfs0" in "/work_dir/fmriprep_24_0_wf/sub_31_wf/anat_fit_wf/gifti_spheres_wf/fix_surfs/mapflow/_fix_surfs0".
250329-15:11:25,275 nipype.workflow INFO:
	 [Node] Executing "_fix_surfs0" <smriprep.interfaces.surf.NormalizeSurf>
250329-15:11:26,54 nipype.workflow INFO:
	 [Node] Finished "_fix_surfs1", elapsed time 0.819474s.
250329-15:11:26,80 nipype.workflow INFO:
	 [Node] Finished "_fix_surfs2", elapsed time 0.845425s.
250329-15:11:26,124 nipype.workflow INFO:
	 [Node] Finished "_fix_surfs0", elapsed time 0.84821s.
250329-15:11:26,159 nipype.workflow INFO:
	 [Node] Finished "_fix_surfs3", elapsed time 0.929965s.
250329-15:11:27,55 nipype.workflow INFO:
	 [Node] Setting-up "_fix_surfs0" in "/work_dir/fmriprep_24_0_wf/sub_31_wf/anat_fit_wf/gifti_spheres_wf/fix_surfs/mapflow/_fix_surfs0".
250329-15:11:27,56 nipype.workflow INFO:
	 [Node] Cached "_fix_surfs0" - collecting precomputed outputs
250329-15:11:27,56 nipype.workflow INFO:
	 [Node] "_fix_surfs0" found cached.
250329-15:11:27,57 nipype.workflow INFO:
	 [Node] Setting-up "_fix_surfs1" in "/work_dir/fmriprep_24_0_wf/sub_31_wf/anat_fit_wf/gifti_spheres_wf/fix_surfs/mapflow/_fix_surfs1".
250329-15:11:27,57 nipype.workflow INFO:
	 [Node] Cached "_fix_surfs1" - collecting precomputed outputs
250329-15:11:27,57 nipype.workflow INFO:
	 [Node] "_fix_surfs1" found cached.
250329-15:11:27,58 nipype.workflow INFO:
	 [Node] Setting-up "_fix_surfs2" in "/work_dir/fmriprep_24_0_wf/sub_31_wf/anat_fit_wf/gifti_spheres_wf/fix_surfs/mapflow/_fix_surfs2".
250329-15:11:27,59 nipype.workflow INFO:
	 [Node] Cached "_fix_surfs2" - collecting precomputed outputs
250329-15:11:27,59 nipype.workflow INFO:
	 [Node] "_fix_surfs2" found cached.
250329-15:11:27,59 nipype.workflow INFO:
	 [Node] Setting-up "_fix_surfs3" in "/work_dir/fmriprep_24_0_wf/sub_31_wf/anat_fit_wf/gifti_spheres_wf/fix_surfs/mapflow/_fix_surfs3".
250329-15:11:27,60 nipype.workflow INFO:
	 [Node] Cached "_fix_surfs3" - collecting precomputed outputs
250329-15:11:27,60 nipype.workflow INFO:
	 [Node] "_fix_surfs3" found cached.
250329-15:11:30,35 nipype.workflow INFO:
	 [Node] Setting-up "_invert_sulc0" in "/work_dir/fmriprep_24_0_wf/sub_31_wf/anat_fit_wf/msm_sulc_wf/invert_sulc/mapflow/_invert_sulc0".
250329-15:11:30,35 nipype.workflow INFO:
	 [Node] Setting-up "_invert_sulc1" in "/work_dir/fmriprep_24_0_wf/sub_31_wf/anat_fit_wf/msm_sulc_wf/invert_sulc/mapflow/_invert_sulc1".
250329-15:11:30,37 nipype.workflow INFO:
	 [Node] Executing "_invert_sulc1" <smriprep.interfaces.gifti.MetricMath>
250329-15:11:30,37 nipype.workflow INFO:
	 [Node] Executing "_invert_sulc0" <smriprep.interfaces.gifti.MetricMath>
250329-15:11:30,86 nipype.workflow INFO:
	 [Node] Finished "_invert_sulc1", elapsed time 0.04806s.
250329-15:11:30,86 nipype.workflow INFO:
	 [Node] Finished "_invert_sulc0", elapsed time 0.048391s.
250329-15:11:31,498 nipype.workflow INFO:
	 [Node] Setting-up "_invert_sulc0" in "/work_dir/fmriprep_24_0_wf/sub_31_wf/anat_fit_wf/msm_sulc_wf/invert_sulc/mapflow/_invert_sulc0".
250329-15:11:31,499 nipype.workflow INFO:
	 [Node] Cached "_invert_sulc0" - collecting precomputed outputs
250329-15:11:31,499 nipype.workflow INFO:
	 [Node] "_invert_sulc0" found cached.
250329-15:11:31,500 nipype.workflow INFO:
	 [Node] Setting-up "_invert_sulc1" in "/work_dir/fmriprep_24_0_wf/sub_31_wf/anat_fit_wf/msm_sulc_wf/invert_sulc/mapflow/_invert_sulc1".
250329-15:11:31,501 nipype.workflow INFO:
	 [Node] Cached "_invert_sulc1" - collecting precomputed outputs
250329-15:11:31,501 nipype.workflow INFO:
	 [Node] "_invert_sulc1" found cached.
250329-15:11:32,388 nipype.workflow INFO:
	 [Node] Finished "recon_report", elapsed time 25.364694s.
250329-15:11:33,84 nipype.workflow INFO:
	 [Node] Setting-up "_create_pial_distvol1" in "/work_dir/fmriprep_24_0_wf/sub_31_wf/anat_fit_wf/anat_ribbon_wf/create_pial_distvol/mapflow/_create_pial_distvol1".
250329-15:11:33,84 nipype.workflow INFO:
	 [Node] Setting-up "_create_wm_distvol1" in "/work_dir/fmriprep_24_0_wf/sub_31_wf/anat_fit_wf/anat_ribbon_wf/create_wm_distvol/mapflow/_create_wm_distvol1".
250329-15:11:33,86 nipype.workflow INFO:
	 [Node] Setting-up "_create_pial_distvol0" in "/work_dir/fmriprep_24_0_wf/sub_31_wf/anat_fit_wf/anat_ribbon_wf/create_pial_distvol/mapflow/_create_pial_distvol0".
250329-15:11:33,86 nipype.workflow INFO:
	 [Node] Executing "_create_pial_distvol1" <smriprep.interfaces.workbench.CreateSignedDistanceVolume>
250329-15:11:33,86 nipype.workflow INFO:
	 [Node] Executing "_create_wm_distvol1" <smriprep.interfaces.workbench.CreateSignedDistanceVolume>
250329-15:11:33,93 nipype.workflow INFO:
	 [Node] Executing "_create_pial_distvol0" <smriprep.interfaces.workbench.CreateSignedDistanceVolume>
250329-15:11:33,94 nipype.workflow INFO:
	 [Node] Setting-up "_create_wm_distvol0" in "/work_dir/fmriprep_24_0_wf/sub_31_wf/anat_fit_wf/anat_ribbon_wf/create_wm_distvol/mapflow/_create_wm_distvol0".
250329-15:11:33,96 nipype.workflow INFO:
	 [Node] Executing "_create_wm_distvol0" <smriprep.interfaces.workbench.CreateSignedDistanceVolume>
250329-15:11:36,207 nipype.workflow INFO:
	 [Node] Setting-up "_project_unproject0" in "/work_dir/fmriprep_24_0_wf/sub_31_wf/anat_fit_wf/fsLR_reg_wf/project_unproject/mapflow/_project_unproject0".
250329-15:11:36,209 nipype.workflow INFO:
	 [Node] Executing "_project_unproject0" <smriprep.interfaces.workbench.SurfaceSphereProjectUnproject>
250329-15:11:36,396 nipype.workflow INFO:
	 [Node] Setting-up "_project_unproject1" in "/work_dir/fmriprep_24_0_wf/sub_31_wf/anat_fit_wf/fsLR_reg_wf/project_unproject/mapflow/_project_unproject1".
250329-15:11:36,397 nipype.workflow INFO:
	 [Node] Executing "_project_unproject1" <smriprep.interfaces.workbench.SurfaceSphereProjectUnproject>
250329-15:11:46,169 nipype.workflow INFO:
	 [Node] Finished "_project_unproject1", elapsed time 9.224255s.
250329-15:11:46,190 nipype.workflow INFO:
	 [Node] Finished "_project_unproject0", elapsed time 9.413066s.
250329-15:11:46,572 nipype.workflow INFO:
	 [Node] Setting-up "_project_unproject0" in "/work_dir/fmriprep_24_0_wf/sub_31_wf/anat_fit_wf/fsLR_reg_wf/project_unproject/mapflow/_project_unproject0".
250329-15:11:46,573 nipype.workflow INFO:
	 [Node] Cached "_project_unproject0" - collecting precomputed outputs
250329-15:11:46,573 nipype.workflow INFO:
	 [Node] "_project_unproject0" found cached.
250329-15:11:46,573 nipype.workflow INFO:
	 [Node] Setting-up "_project_unproject1" in "/work_dir/fmriprep_24_0_wf/sub_31_wf/anat_fit_wf/fsLR_reg_wf/project_unproject/mapflow/_project_unproject1".
250329-15:11:46,574 nipype.workflow INFO:
	 [Node] Cached "_project_unproject1" - collecting precomputed outputs
250329-15:11:46,574 nipype.workflow INFO:
	 [Node] "_project_unproject1" found cached.
250329-15:11:56,412 nipype.workflow INFO:
	 [Node] Setting-up "_regress_affine0" in "/work_dir/fmriprep_24_0_wf/sub_31_wf/anat_fit_wf/msm_sulc_wf/regress_affine/mapflow/_regress_affine0".
250329-15:11:56,414 nipype.workflow INFO:
	 [Node] Executing "_regress_affine0" <smriprep.interfaces.workbench.SurfaceAffineRegression>
250329-15:11:56,420 nipype.workflow INFO:
	 [Node] Setting-up "_regress_affine1" in "/work_dir/fmriprep_24_0_wf/sub_31_wf/anat_fit_wf/msm_sulc_wf/regress_affine/mapflow/_regress_affine1".
250329-15:11:56,421 nipype.workflow INFO:
	 [Node] Executing "_regress_affine1" <smriprep.interfaces.workbench.SurfaceAffineRegression>
250329-15:11:58,494 nipype.workflow INFO:
	 [Node] Finished "_regress_affine0", elapsed time 1.606827s.
250329-15:11:58,706 nipype.workflow INFO:
	 [Node] Finished "_regress_affine1", elapsed time 1.779825s.
250329-15:12:00,744 nipype.workflow INFO:
	 [Node] Setting-up "_regress_affine0" in "/work_dir/fmriprep_24_0_wf/sub_31_wf/anat_fit_wf/msm_sulc_wf/regress_affine/mapflow/_regress_affine0".
250329-15:12:00,745 nipype.workflow INFO:
	 [Node] Cached "_regress_affine0" - collecting precomputed outputs
250329-15:12:00,745 nipype.workflow INFO:
	 [Node] "_regress_affine0" found cached.
250329-15:12:00,746 nipype.workflow INFO:
	 [Node] Setting-up "_regress_affine1" in "/work_dir/fmriprep_24_0_wf/sub_31_wf/anat_fit_wf/msm_sulc_wf/regress_affine/mapflow/_regress_affine1".
250329-15:12:00,747 nipype.workflow INFO:
	 [Node] Cached "_regress_affine1" - collecting precomputed outputs
250329-15:12:00,747 nipype.workflow INFO:
	 [Node] "_regress_affine1" found cached.
250329-15:12:04,730 nipype.workflow INFO:
	 [Node] Setting-up "_apply_surface_affine0" in "/work_dir/fmriprep_24_0_wf/sub_31_wf/anat_fit_wf/msm_sulc_wf/apply_surface_affine/mapflow/_apply_surface_affine0".
250329-15:12:04,732 nipype.workflow INFO:
	 [Node] Executing "_apply_surface_affine0" <smriprep.interfaces.workbench.SurfaceApplyAffine>
250329-15:12:04,732 nipype.workflow INFO:
	 [Node] Setting-up "_apply_surface_affine1" in "/work_dir/fmriprep_24_0_wf/sub_31_wf/anat_fit_wf/msm_sulc_wf/apply_surface_affine/mapflow/_apply_surface_affine1".
250329-15:12:04,734 nipype.workflow INFO:
	 [Node] Executing "_apply_surface_affine1" <smriprep.interfaces.workbench.SurfaceApplyAffine>
250329-15:12:08,782 nipype.workflow INFO:
	 [Node] Finished "_apply_surface_affine1", elapsed time 3.484226s.
250329-15:12:08,987 nipype.workflow INFO:
	 [Node] Finished "_apply_surface_affine0", elapsed time 3.746841s.
250329-15:12:10,742 nipype.workflow INFO:
	 [Node] Setting-up "_apply_surface_affine0" in "/work_dir/fmriprep_24_0_wf/sub_31_wf/anat_fit_wf/msm_sulc_wf/apply_surface_affine/mapflow/_apply_surface_affine0".
250329-15:12:10,743 nipype.workflow INFO:
	 [Node] Cached "_apply_surface_affine0" - collecting precomputed outputs
250329-15:12:10,744 nipype.workflow INFO:
	 [Node] "_apply_surface_affine0" found cached.
250329-15:12:10,744 nipype.workflow INFO:
	 [Node] Setting-up "_apply_surface_affine1" in "/work_dir/fmriprep_24_0_wf/sub_31_wf/anat_fit_wf/msm_sulc_wf/apply_surface_affine/mapflow/_apply_surface_affine1".
250329-15:12:10,745 nipype.workflow INFO:
	 [Node] Cached "_apply_surface_affine1" - collecting precomputed outputs
250329-15:12:10,745 nipype.workflow INFO:
	 [Node] "_apply_surface_affine1" found cached.
250329-15:12:14,745 nipype.workflow INFO:
	 [Node] Setting-up "_modify_sphere0" in "/work_dir/fmriprep_24_0_wf/sub_31_wf/anat_fit_wf/msm_sulc_wf/modify_sphere/mapflow/_modify_sphere0".
250329-15:12:14,746 nipype.workflow INFO:
	 [Node] Executing "_modify_sphere0" <smriprep.interfaces.workbench.SurfaceModifySphere>
250329-15:12:14,751 nipype.workflow INFO:
	 [Node] Setting-up "_modify_sphere1" in "/work_dir/fmriprep_24_0_wf/sub_31_wf/anat_fit_wf/msm_sulc_wf/modify_sphere/mapflow/_modify_sphere1".
250329-15:12:14,752 nipype.workflow INFO:
	 [Node] Executing "_modify_sphere1" <smriprep.interfaces.workbench.SurfaceModifySphere>
250329-15:12:18,584 nipype.workflow INFO:
	 [Node] Finished "_modify_sphere1", elapsed time 3.348253s.
250329-15:12:19,24 nipype.workflow INFO:
	 [Node] Finished "_modify_sphere0", elapsed time 3.7344s.
250329-15:12:20,739 nipype.workflow INFO:
	 [Node] Setting-up "_modify_sphere0" in "/work_dir/fmriprep_24_0_wf/sub_31_wf/anat_fit_wf/msm_sulc_wf/modify_sphere/mapflow/_modify_sphere0".
250329-15:12:20,740 nipype.workflow INFO:
	 [Node] Cached "_modify_sphere0" - collecting precomputed outputs
250329-15:12:20,740 nipype.workflow INFO:
	 [Node] "_modify_sphere0" found cached.
250329-15:12:20,741 nipype.workflow INFO:
	 [Node] Setting-up "_modify_sphere1" in "/work_dir/fmriprep_24_0_wf/sub_31_wf/anat_fit_wf/msm_sulc_wf/modify_sphere/mapflow/_modify_sphere1".
250329-15:12:20,742 nipype.workflow INFO:
	 [Node] Cached "_modify_sphere1" - collecting precomputed outputs
250329-15:12:20,742 nipype.workflow INFO:
	 [Node] "_modify_sphere1" found cached.
250329-15:12:24,730 nipype.workflow INFO:
	 [Node] Setting-up "_msmsulc0" in "/work_dir/fmriprep_24_0_wf/sub_31_wf/anat_fit_wf/msm_sulc_wf/msmsulc/mapflow/_msmsulc0".
250329-15:12:24,733 nipype.workflow INFO:
	 [Node] Executing "_msmsulc0" <smriprep.interfaces.msm.MSM>
250329-15:12:24,739 nipype.workflow INFO:
	 [Node] Setting-up "_msmsulc1" in "/work_dir/fmriprep_24_0_wf/sub_31_wf/anat_fit_wf/msm_sulc_wf/msmsulc/mapflow/_msmsulc1".
250329-15:12:24,741 nipype.workflow INFO:
	 [Node] Executing "_msmsulc1" <smriprep.interfaces.msm.MSM>
250329-15:12:25,133 nipype.workflow INFO:
	 [Node] Finished "refine", elapsed time 69.901416s.
250329-15:12:27,355 nipype.workflow INFO:
	 [Node] Setting-up "fmriprep_24_0_wf.sub_31_wf.anat_fit_wf.applyrefined" in "/work_dir/fmriprep_24_0_wf/sub_31_wf/anat_fit_wf/applyrefined".
250329-15:12:28,100 nipype.workflow INFO:
	 [Node] Finished "mri_coreg", elapsed time 81.006544s.
250329-15:12:30,70 nipype.workflow INFO:
	 [Node] Executing "applyrefined" <nipype.interfaces.fsl.maths.ApplyMask>
250329-15:12:30,206 nipype.workflow INFO:
	 [Node] Setting-up "fmriprep_24_0_wf.sub_31_wf.bold_task_bird_run_1_wf.bold_fit_wf.bold_reg_wf.bbreg_wf.bbregister" in "/work_dir/fmriprep_24_0_wf/sub_31_wf/bold_task_bird_run_1_wf/bold_fit_wf/bold_reg_wf/bbreg_wf/bbregister".
250329-15:12:30,213 nipype.workflow INFO:
	 [Node] Executing "bbregister" <nipype.interfaces.freesurfer.preprocess.BBRegister>
250329-15:12:30,400 nipype.workflow INFO:
	 [Node] Setting-up "fmriprep_24_0_wf.sub_31_wf.bold_task_bird_run_4_wf.bold_fit_wf.bold_reg_wf.bbreg_wf.mri_coreg" in "/work_dir/fmriprep_24_0_wf/sub_31_wf/bold_task_bird_run_4_wf/bold_fit_wf/bold_reg_wf/bbreg_wf/mri_coreg".
250329-15:12:30,411 nipype.workflow INFO:
	 [Node] Executing "mri_coreg" <fmriprep.interfaces.patches.MRICoreg>
250329-15:12:36,104 nipype.workflow INFO:
	 [Node] Finished "applyrefined", elapsed time 6.033375s.
250329-15:12:38,186 nipype.workflow INFO:
	 [Node] Setting-up "fmriprep_24_0_wf.sub_31_wf.anat_fit_wf.fast" in "/work_dir/fmriprep_24_0_wf/sub_31_wf/anat_fit_wf/fast".
250329-15:12:38,189 nipype.workflow INFO:
	 [Node] Executing "fast" <nipype.interfaces.fsl.preprocess.FAST>
250329-15:12:38,998 nipype.workflow INFO:
	 [Node] Finished "mri_coreg", elapsed time 91.902609s.
250329-15:12:40,191 nipype.workflow INFO:
	 [Node] Setting-up "fmriprep_24_0_wf.sub_31_wf.bold_task_bird_run_5_wf.bold_fit_wf.bold_reg_wf.bbreg_wf.mri_coreg" in "/work_dir/fmriprep_24_0_wf/sub_31_wf/bold_task_bird_run_5_wf/bold_fit_wf/bold_reg_wf/bbreg_wf/mri_coreg".
250329-15:12:40,195 nipype.workflow INFO:
	 [Node] Executing "mri_coreg" <fmriprep.interfaces.patches.MRICoreg>
250329-15:12:41,151 nipype.workflow INFO:
	 [Node] Finished "mri_coreg", elapsed time 94.124852s.
250329-15:12:42,16 nipype.workflow INFO:
	 [Node] Setting-up "fmriprep_24_0_wf.sub_31_wf.bold_task_bird_run_6_wf.bold_fit_wf.bold_reg_wf.bbreg_wf.mri_coreg" in "/work_dir/fmriprep_24_0_wf/sub_31_wf/bold_task_bird_run_6_wf/bold_fit_wf/bold_reg_wf/bbreg_wf/mri_coreg".
250329-15:12:42,20 nipype.workflow INFO:
	 [Node] Executing "mri_coreg" <fmriprep.interfaces.patches.MRICoreg>
250329-15:13:24,858 nipype.workflow INFO:
	 [Node] Finished "bbregister", elapsed time 54.644283s.
250329-15:13:25,994 nipype.workflow INFO:
	 [Node] Setting-up "fmriprep_24_0_wf.sub_31_wf.bold_task_bird_run_2_wf.bold_fit_wf.bold_reg_wf.bbreg_wf.bbregister" in "/work_dir/fmriprep_24_0_wf/sub_31_wf/bold_task_bird_run_2_wf/bold_fit_wf/bold_reg_wf/bbreg_wf/bbregister".
250329-15:13:26,0 nipype.workflow INFO:
	 [Node] Executing "bbregister" <nipype.interfaces.freesurfer.preprocess.BBRegister>
250329-15:13:31,909 nipype.workflow INFO:
	 [Node] Finished "_create_wm_distvol0", elapsed time 118.368054s.
250329-15:13:34,17 nipype.workflow INFO:
	 [Node] Setting-up "fmriprep_24_0_wf.sub_31_wf.bold_task_bird_run_3_wf.bold_fit_wf.bold_reg_wf.bbreg_wf.bbregister" in "/work_dir/fmriprep_24_0_wf/sub_31_wf/bold_task_bird_run_3_wf/bold_fit_wf/bold_reg_wf/bbreg_wf/bbregister".
250329-15:13:34,28 nipype.workflow INFO:
	 [Node] Executing "bbregister" <nipype.interfaces.freesurfer.preprocess.BBRegister>
250329-15:13:46,733 nipype.workflow INFO:
	 [Node] Finished "_create_pial_distvol1", elapsed time 133.188191s.
250329-15:13:49,104 nipype.workflow INFO:
	 [Node] Setting-up "fmriprep_24_0_wf.sub_31_wf.bold_task_bird_run_1_wf.bold_anat_wf.gen_ref" in "/work_dir/fmriprep_24_0_wf/sub_31_wf/bold_task_bird_run_1_wf/bold_anat_wf/gen_ref".
250329-15:13:49,108 nipype.workflow INFO:
	 [Node] Executing "gen_ref" <niworkflows.interfaces.nibabel.GenerateSamplingReference>
250329-15:13:56,308 nipype.workflow INFO:
	 [Node] Finished "_create_wm_distvol1", elapsed time 142.808749s.
250329-15:13:58,368 nipype.workflow INFO:
	 [Node] Setting-up "fmriprep_24_0_wf.sub_31_wf.bold_task_bird_run_1_wf.bold_fit_wf.bold_reg_wf.bbreg_wf.compare_transforms" in "/work_dir/fmriprep_24_0_wf/sub_31_wf/bold_task_bird_run_1_wf/bold_fit_wf/bold_reg_wf/bbreg_wf/compare_transforms".
250329-15:13:58,370 nipype.workflow INFO:
	 [Node] Executing "compare_transforms" <nipype.interfaces.utility.wrappers.Function>
250329-15:13:58,383 nipype.workflow INFO:
	 [Node] Finished "compare_transforms", elapsed time 0.011761s.
250329-15:14:01,201 nipype.workflow INFO:
	 [Node] Finished "mri_coreg", elapsed time 90.788797s.
250329-15:14:01,809 nipype.workflow INFO:
	 [Node] Setting-up "_create_wm_distvol0" in "/work_dir/fmriprep_24_0_wf/sub_31_wf/anat_fit_wf/anat_ribbon_wf/create_wm_distvol/mapflow/_create_wm_distvol0".
250329-15:14:01,810 nipype.workflow INFO:
	 [Node] Cached "_create_wm_distvol0" - collecting precomputed outputs
250329-15:14:01,810 nipype.workflow INFO:
	 [Node] "_create_wm_distvol0" found cached.
250329-15:14:01,811 nipype.workflow INFO:
	 [Node] Setting-up "_create_wm_distvol1" in "/work_dir/fmriprep_24_0_wf/sub_31_wf/anat_fit_wf/anat_ribbon_wf/create_wm_distvol/mapflow/_create_wm_distvol1".
250329-15:14:01,812 nipype.workflow INFO:
	 [Node] Cached "_create_wm_distvol1" - collecting precomputed outputs
250329-15:14:01,812 nipype.workflow INFO:
	 [Node] "_create_wm_distvol1" found cached.
250329-15:14:02,243 nipype.workflow INFO:
	 [Node] Setting-up "fmriprep_24_0_wf.sub_31_wf.bold_task_bird_run_4_wf.bold_fit_wf.bold_reg_wf.bbreg_wf.bbregister" in "/work_dir/fmriprep_24_0_wf/sub_31_wf/bold_task_bird_run_4_wf/bold_fit_wf/bold_reg_wf/bbreg_wf/bbregister".
250329-15:14:02,243 nipype.workflow INFO:
	 [Node] Setting-up "fmriprep_24_0_wf.sub_31_wf.bold_task_bird_run_2_wf.bold_anat_wf.gen_ref" in "/work_dir/fmriprep_24_0_wf/sub_31_wf/bold_task_bird_run_2_wf/bold_anat_wf/gen_ref".
250329-15:14:02,247 nipype.workflow INFO:
	 [Node] Executing "gen_ref" <niworkflows.interfaces.nibabel.GenerateSamplingReference>
250329-15:14:02,250 nipype.workflow INFO:
	 [Node] Setting-up "fmriprep_24_0_wf.sub_31_wf.bold_task_bird_run_3_wf.bold_anat_wf.gen_ref" in "/work_dir/fmriprep_24_0_wf/sub_31_wf/bold_task_bird_run_3_wf/bold_anat_wf/gen_ref".
250329-15:14:02,251 nipype.workflow INFO:
	 [Node] Setting-up "fmriprep_24_0_wf.sub_31_wf.bold_task_bird_run_4_wf.bold_anat_wf.gen_ref" in "/work_dir/fmriprep_24_0_wf/sub_31_wf/bold_task_bird_run_4_wf/bold_anat_wf/gen_ref".
250329-15:14:02,253 nipype.workflow INFO:
	 [Node] Executing "gen_ref" <niworkflows.interfaces.nibabel.GenerateSamplingReference>
250329-15:14:02,254 nipype.workflow INFO:
	 [Node] Setting-up "fmriprep_24_0_wf.sub_31_wf.bold_task_bird_run_5_wf.bold_anat_wf.gen_ref" in "/work_dir/fmriprep_24_0_wf/sub_31_wf/bold_task_bird_run_5_wf/bold_anat_wf/gen_ref".
250329-15:14:02,255 nipype.workflow INFO:
	 [Node] Setting-up "fmriprep_24_0_wf.sub_31_wf.bold_task_bird_run_6_wf.bold_anat_wf.gen_ref" in "/work_dir/fmriprep_24_0_wf/sub_31_wf/bold_task_bird_run_6_wf/bold_anat_wf/gen_ref".
250329-15:14:02,255 nipype.workflow INFO:
	 [Node] Executing "gen_ref" <niworkflows.interfaces.nibabel.GenerateSamplingReference>
250329-15:14:02,258 nipype.workflow INFO:
	 [Node] Executing "gen_ref" <niworkflows.interfaces.nibabel.GenerateSamplingReference>
250329-15:14:02,258 nipype.workflow INFO:
	 [Node] Executing "gen_ref" <niworkflows.interfaces.nibabel.GenerateSamplingReference>
250329-15:14:02,267 nipype.workflow INFO:
	 [Node] Executing "bbregister" <nipype.interfaces.freesurfer.preprocess.BBRegister>
250329-15:14:04,362 nipype.workflow INFO:
	 [Node] Setting-up "fmriprep_24_0_wf.sub_31_wf.bold_task_bird_run_1_wf.bold_fit_wf.bold_reg_wf.bbreg_wf.concat_xfm" in "/work_dir/fmriprep_24_0_wf/sub_31_wf/bold_task_bird_run_1_wf/bold_fit_wf/bold_reg_wf/bbreg_wf/concat_xfm".
250329-15:14:04,365 nipype.workflow INFO:
	 [Node] Executing "concat_xfm" <niworkflows.interfaces.nitransforms.ConcatenateXFMs>
250329-15:14:04,371 nipype.workflow INFO:
	 [Node] Finished "concat_xfm", elapsed time 0.005346s.
250329-15:14:08,359 nipype.workflow INFO:
	 [Node] Setting-up "fmriprep_24_0_wf.sub_31_wf.bold_task_bird_run_1_wf.bold_fit_wf.func_fit_reports_wf.t1w_boldref" in "/work_dir/fmriprep_24_0_wf/sub_31_wf/bold_task_bird_run_1_wf/bold_fit_wf/func_fit_reports_wf/t1w_boldref".
250329-15:14:08,364 nipype.workflow INFO:
	 [Node] Executing "t1w_boldref" <niworkflows.interfaces.fixes.FixHeaderApplyTransforms>
250329-15:14:08,945 nipype.workflow INFO:
	 [Node] Setting-up "fmriprep_24_0_wf.sub_31_wf.bold_task_bird_run_1_wf.bold_confounds_wf.t1w_mask_tfm" in "/work_dir/fmriprep_24_0_wf/sub_31_wf/bold_task_bird_run_1_wf/bold_confounds_wf/t1w_mask_tfm".
250329-15:14:08,950 nipype.workflow INFO:
	 [Node] Executing "t1w_mask_tfm" <niworkflows.interfaces.fixes.FixHeaderApplyTransforms>
250329-15:14:11,552 nipype.workflow INFO:
	 [Node] Finished "gen_ref", elapsed time 22.443805s.
250329-15:14:12,297 nipype.workflow INFO:
	 [Node] Finished "mri_coreg", elapsed time 90.262686s.
250329-15:14:14,355 nipype.workflow INFO:
	 [Node] Setting-up "fmriprep_24_0_wf.sub_31_wf.bold_task_bird_run_6_wf.bold_fit_wf.bold_reg_wf.bbreg_wf.bbregister" in "/work_dir/fmriprep_24_0_wf/sub_31_wf/bold_task_bird_run_6_wf/bold_fit_wf/bold_reg_wf/bbreg_wf/bbregister".
250329-15:14:14,356 nipype.workflow INFO:
	 [Node] Setting-up "fmriprep_24_0_wf.sub_31_wf.anat_fit_wf.register_template_wf.registration" in "/work_dir/fmriprep_24_0_wf/sub_31_wf/anat_fit_wf/register_template_wf/_template_MNI152NLin2009cAsym/registration".
250329-15:14:14,365 nipype.workflow INFO:
	 [Node] Executing "bbregister" <nipype.interfaces.freesurfer.preprocess.BBRegister>
250329-15:14:14,369 nipype.workflow INFO:
	 [Node] Executing "registration" <niworkflows.interfaces.norm.SpatialNormalization>
250329-15:14:18,80 nipype.workflow INFO:
	 [Node] Finished "gen_ref", elapsed time 15.821082s.
250329-15:14:18,115 nipype.workflow INFO:
	 [Node] Finished "gen_ref", elapsed time 15.867616s.
250329-15:14:18,513 nipype.workflow INFO:
	 [Node] Finished "gen_ref", elapsed time 16.258867s.
250329-15:14:18,855 nipype.workflow INFO:
	 [Node] Finished "gen_ref", elapsed time 16.599812s.
250329-15:14:19,576 nipype.workflow INFO:
	 [Node] Finished "gen_ref", elapsed time 17.317364s.
250329-15:14:19,878 nipype.workflow INFO:
	 [Node] Finished "t1w_boldref", elapsed time 11.513089s.
250329-15:14:20,921 nipype.workflow INFO:
	 [Node] Finished "t1w_mask_tfm", elapsed time 11.970008s.
250329-15:14:22,474 nipype.workflow INFO:
	 [Node] Setting-up "fmriprep_24_0_wf.sub_31_wf.bold_task_bird_run_1_wf.bold_confounds_wf.union_mask" in "/work_dir/fmriprep_24_0_wf/sub_31_wf/bold_task_bird_run_1_wf/bold_confounds_wf/union_mask".
250329-15:14:22,477 nipype.workflow INFO:
	 [Node] Executing "union_mask" <nipype.interfaces.utility.wrappers.Function>
250329-15:14:22,608 nipype.workflow INFO:
	 [Node] Finished "union_mask", elapsed time 0.130827s.
250329-15:14:24,359 nipype.workflow INFO:
	 [Node] Setting-up "fmriprep_24_0_wf.sub_31_wf.bold_task_bird_run_1_wf.bold_anat_wf.resample" in "/work_dir/fmriprep_24_0_wf/sub_31_wf/bold_task_bird_run_1_wf/bold_anat_wf/resample".
250329-15:14:24,364 nipype.workflow INFO:
	 [Node] Executing "resample" <fmriprep.interfaces.resampling.ResampleSeries>
250329-15:14:54,452 nipype.workflow INFO:
	 [Node] Finished "_create_pial_distvol0", elapsed time 200.902143s.
250329-15:14:54,760 nipype.workflow INFO:
	 [Node] Finished "mri_coreg", elapsed time 134.541784s.
250329-15:14:56,280 nipype.workflow INFO:
	 [Node] Setting-up "fmriprep_24_0_wf.sub_31_wf.bold_task_bird_run_5_wf.bold_fit_wf.bold_reg_wf.bbreg_wf.bbregister" in "/work_dir/fmriprep_24_0_wf/sub_31_wf/bold_task_bird_run_5_wf/bold_fit_wf/bold_reg_wf/bbreg_wf/bbregister".
250329-15:14:56,286 nipype.workflow INFO:
	 [Node] Executing "bbregister" <nipype.interfaces.freesurfer.preprocess.BBRegister>
250329-15:14:56,300 nipype.workflow INFO:
	 [Node] Setting-up "fmriprep_24_0_wf.sub_31_wf.bold_task_bird_run_1_wf.bold_confounds_wf.dilated_mask" in "/work_dir/fmriprep_24_0_wf/sub_31_wf/bold_task_bird_run_1_wf/bold_confounds_wf/dilated_mask".
250329-15:14:56,302 nipype.workflow INFO:
	 [Node] Executing "dilated_mask" <niworkflows.interfaces.morphology.BinaryDilation>
250329-15:14:56,311 nipype.workflow INFO:
	 [Node] Setting-up "_create_pial_distvol0" in "/work_dir/fmriprep_24_0_wf/sub_31_wf/anat_fit_wf/anat_ribbon_wf/create_pial_distvol/mapflow/_create_pial_distvol0".
250329-15:14:56,312 nipype.workflow INFO:
	 [Node] Cached "_create_pial_distvol0" - collecting precomputed outputs
250329-15:14:56,312 nipype.workflow INFO:
	 [Node] "_create_pial_distvol0" found cached.
250329-15:14:56,313 nipype.workflow INFO:
	 [Node] Setting-up "_create_pial_distvol1" in "/work_dir/fmriprep_24_0_wf/sub_31_wf/anat_fit_wf/anat_ribbon_wf/create_pial_distvol/mapflow/_create_pial_distvol1".
250329-15:14:56,314 nipype.workflow INFO:
	 [Node] Cached "_create_pial_distvol1" - collecting precomputed outputs
250329-15:14:56,314 nipype.workflow INFO:
	 [Node] "_create_pial_distvol1" found cached.
250329-15:14:56,538 nipype.workflow INFO:
	 [Node] Finished "dilated_mask", elapsed time 0.23467s.
250329-15:14:58,357 nipype.workflow INFO:
	 [Node] Setting-up "fmriprep_24_0_wf.sub_31_wf.anat_fit_wf.anat_ribbon_wf.make_ribbon" in "/work_dir/fmriprep_24_0_wf/sub_31_wf/anat_fit_wf/anat_ribbon_wf/make_ribbon".
250329-15:14:58,360 nipype.workflow INFO:
	 [Node] Setting-up "fmriprep_24_0_wf.sub_31_wf.bold_task_bird_run_1_wf.bold_confounds_wf.subtract_mask" in "/work_dir/fmriprep_24_0_wf/sub_31_wf/bold_task_bird_run_1_wf/bold_confounds_wf/subtract_mask".
250329-15:14:58,363 nipype.workflow INFO:
	 [Node] Executing "subtract_mask" <niworkflows.interfaces.morphology.BinarySubtraction>
250329-15:14:58,366 nipype.workflow INFO:
	 [Node] Executing "make_ribbon" <smriprep.interfaces.surf.MakeRibbon>
250329-15:14:58,397 nipype.workflow INFO:
	 [Node] Finished "subtract_mask", elapsed time 0.033526s.
250329-15:15:00,190 nipype.workflow INFO:
	 [Node] Setting-up "fmriprep_24_0_wf.sub_31_wf.bold_task_bird_run_1_wf.bold_confounds_wf.crowncompcor" in "/work_dir/fmriprep_24_0_wf/sub_31_wf/bold_task_bird_run_1_wf/bold_confounds_wf/crowncompcor".
250329-15:15:00,197 nipype.workflow INFO:
	 [Node] Executing "crowncompcor" <niworkflows.interfaces.patches.RobustACompCor>
250329-15:15:00,361 nipype.workflow INFO:
	 [Node] Finished "make_ribbon", elapsed time 1.994742s.
250329-15:15:11,828 nipype.workflow INFO:
	 [Node] Finished "crowncompcor", elapsed time 11.630614s.
250329-15:15:13,365 nipype.workflow INFO:
	 [Node] Setting-up "fmriprep_24_0_wf.sub_31_wf.bold_task_bird_run_1_wf.bold_confounds_wf.crowncc_metadata_fmt" in "/work_dir/fmriprep_24_0_wf/sub_31_wf/bold_task_bird_run_1_wf/bold_confounds_wf/crowncc_metadata_fmt".
250329-15:15:13,387 nipype.workflow INFO:
	 [Node] Executing "crowncc_metadata_fmt" <niworkflows.interfaces.utility.TSV2JSON>
250329-15:15:13,414 nipype.workflow INFO:
	 [Node] Finished "crowncc_metadata_fmt", elapsed time 0.025662s.
250329-15:15:27,791 nipype.workflow INFO:
	 [Node] Finished "resample", elapsed time 63.426501s.
250329-15:15:29,692 nipype.workflow INFO:
	 [Node] Finished "bbregister", elapsed time 115.663339s.
250329-15:15:30,122 nipype.workflow INFO:
	 [Node] Finished "bbregister", elapsed time 124.120424s.
250329-15:15:33,205 nipype.workflow INFO:
	 [Node] Setting-up "fmriprep_24_0_wf.sub_31_wf.bold_task_bird_run_2_wf.bold_fit_wf.bold_reg_wf.bbreg_wf.compare_transforms" in "/work_dir/fmriprep_24_0_wf/sub_31_wf/bold_task_bird_run_2_wf/bold_fit_wf/bold_reg_wf/bbreg_wf/compare_transforms".
250329-15:15:33,205 nipype.workflow INFO:
	 [Node] Setting-up "fmriprep_24_0_wf.sub_31_wf.bold_task_bird_run_3_wf.bold_fit_wf.bold_reg_wf.bbreg_wf.compare_transforms" in "/work_dir/fmriprep_24_0_wf/sub_31_wf/bold_task_bird_run_3_wf/bold_fit_wf/bold_reg_wf/bbreg_wf/compare_transforms".
250329-15:15:33,207 nipype.workflow INFO:
	 [Node] Executing "compare_transforms" <nipype.interfaces.utility.wrappers.Function>
250329-15:15:33,207 nipype.workflow INFO:
	 [Node] Executing "compare_transforms" <nipype.interfaces.utility.wrappers.Function>
250329-15:15:33,215 nipype.workflow INFO:
	 [Node] Finished "compare_transforms", elapsed time 0.007289s.
250329-15:15:33,218 nipype.workflow INFO:
	 [Node] Finished "compare_transforms", elapsed time 0.010291s.
250329-15:15:38,985 nipype.workflow INFO:
	 [Node] Setting-up "fmriprep_24_0_wf.sub_31_wf.bold_task_bird_run_2_wf.bold_fit_wf.bold_reg_wf.bbreg_wf.concat_xfm" in "/work_dir/fmriprep_24_0_wf/sub_31_wf/bold_task_bird_run_2_wf/bold_fit_wf/bold_reg_wf/bbreg_wf/concat_xfm".
250329-15:15:38,988 nipype.workflow INFO:
	 [Node] Executing "concat_xfm" <niworkflows.interfaces.nitransforms.ConcatenateXFMs>
250329-15:15:38,994 nipype.workflow INFO:
	 [Node] Finished "concat_xfm", elapsed time 0.005796s.
250329-15:15:38,995 nipype.workflow INFO:
	 [Node] Setting-up "fmriprep_24_0_wf.sub_31_wf.bold_task_bird_run_3_wf.bold_fit_wf.bold_reg_wf.bbreg_wf.concat_xfm" in "/work_dir/fmriprep_24_0_wf/sub_31_wf/bold_task_bird_run_3_wf/bold_fit_wf/bold_reg_wf/bbreg_wf/concat_xfm".
250329-15:15:38,997 nipype.workflow INFO:
	 [Node] Executing "concat_xfm" <niworkflows.interfaces.nitransforms.ConcatenateXFMs>
250329-15:15:39,3 nipype.workflow INFO:
	 [Node] Finished "concat_xfm", elapsed time 0.005119s.
250329-15:15:39,489 nipype.workflow INFO:
	 [Node] Finished "bbregister", elapsed time 97.221118s.
250329-15:15:43,19 nipype.workflow INFO:
	 [Node] Setting-up "fmriprep_24_0_wf.sub_31_wf.bold_task_bird_run_4_wf.bold_fit_wf.bold_reg_wf.bbreg_wf.compare_transforms" in "/work_dir/fmriprep_24_0_wf/sub_31_wf/bold_task_bird_run_4_wf/bold_fit_wf/bold_reg_wf/bbreg_wf/compare_transforms".
250329-15:15:43,21 nipype.workflow INFO:
	 [Node] Executing "compare_transforms" <nipype.interfaces.utility.wrappers.Function>
250329-15:15:43,29 nipype.workflow INFO:
	 [Node] Setting-up "fmriprep_24_0_wf.sub_31_wf.bold_task_bird_run_2_wf.bold_fit_wf.func_fit_reports_wf.t1w_boldref" in "/work_dir/fmriprep_24_0_wf/sub_31_wf/bold_task_bird_run_2_wf/bold_fit_wf/func_fit_reports_wf/t1w_boldref".
250329-15:15:43,34 nipype.workflow INFO:
	 [Node] Executing "t1w_boldref" <niworkflows.interfaces.fixes.FixHeaderApplyTransforms>
250329-15:15:43,109 nipype.workflow INFO:
	 [Node] Finished "compare_transforms", elapsed time 0.086854s.
250329-15:15:43,216 nipype.workflow INFO:
	 [Node] Setting-up "fmriprep_24_0_wf.sub_31_wf.bold_task_bird_run_2_wf.bold_confounds_wf.t1w_mask_tfm" in "/work_dir/fmriprep_24_0_wf/sub_31_wf/bold_task_bird_run_2_wf/bold_confounds_wf/t1w_mask_tfm".
250329-15:15:43,221 nipype.workflow INFO:
	 [Node] Setting-up "fmriprep_24_0_wf.sub_31_wf.bold_task_bird_run_3_wf.bold_fit_wf.func_fit_reports_wf.t1w_boldref" in "/work_dir/fmriprep_24_0_wf/sub_31_wf/bold_task_bird_run_3_wf/bold_fit_wf/func_fit_reports_wf/t1w_boldref".
250329-15:15:43,231 nipype.workflow INFO:
	 [Node] Executing "t1w_mask_tfm" <niworkflows.interfaces.fixes.FixHeaderApplyTransforms>
250329-15:15:43,232 nipype.workflow INFO:
	 [Node] Executing "t1w_boldref" <niworkflows.interfaces.fixes.FixHeaderApplyTransforms>
250329-15:15:43,495 nipype.workflow INFO:
	 [Node] Setting-up "fmriprep_24_0_wf.sub_31_wf.bold_task_bird_run_3_wf.bold_confounds_wf.t1w_mask_tfm" in "/work_dir/fmriprep_24_0_wf/sub_31_wf/bold_task_bird_run_3_wf/bold_confounds_wf/t1w_mask_tfm".
250329-15:15:43,500 nipype.workflow INFO:
	 [Node] Executing "t1w_mask_tfm" <niworkflows.interfaces.fixes.FixHeaderApplyTransforms>
250329-15:15:48,136 nipype.workflow INFO:
	 [Node] Setting-up "fmriprep_24_0_wf.sub_31_wf.bold_task_bird_run_2_wf.bold_anat_wf.resample" in "/work_dir/fmriprep_24_0_wf/sub_31_wf/bold_task_bird_run_2_wf/bold_anat_wf/resample".
250329-15:15:48,140 nipype.workflow INFO:
	 [Node] Executing "resample" <fmriprep.interfaces.resampling.ResampleSeries>
250329-15:15:49,379 nipype.workflow INFO:
	 [Node] Setting-up "fmriprep_24_0_wf.sub_31_wf.bold_task_bird_run_4_wf.bold_fit_wf.bold_reg_wf.bbreg_wf.concat_xfm" in "/work_dir/fmriprep_24_0_wf/sub_31_wf/bold_task_bird_run_4_wf/bold_fit_wf/bold_reg_wf/bbreg_wf/concat_xfm".
250329-15:15:49,381 nipype.workflow INFO:
	 [Node] Executing "concat_xfm" <niworkflows.interfaces.nitransforms.ConcatenateXFMs>
250329-15:15:49,388 nipype.workflow INFO:
	 [Node] Finished "concat_xfm", elapsed time 0.005825s.
250329-15:15:51,966 nipype.workflow INFO:
	 [Node] Finished "t1w_boldref", elapsed time 8.732925999999999s.
250329-15:15:52,752 nipype.workflow INFO:
	 [Node] Finished "t1w_boldref", elapsed time 9.71707s.
250329-15:15:53,193 nipype.workflow INFO:
	 [Node] Setting-up "fmriprep_24_0_wf.sub_31_wf.bold_task_bird_run_4_wf.bold_fit_wf.func_fit_reports_wf.t1w_boldref" in "/work_dir/fmriprep_24_0_wf/sub_31_wf/bold_task_bird_run_4_wf/bold_fit_wf/func_fit_reports_wf/t1w_boldref".
250329-15:15:53,198 nipype.workflow INFO:
	 [Node] Executing "t1w_boldref" <niworkflows.interfaces.fixes.FixHeaderApplyTransforms>
250329-15:15:53,623 nipype.workflow INFO:
	 [Node] Setting-up "fmriprep_24_0_wf.sub_31_wf.bold_task_bird_run_4_wf.bold_confounds_wf.t1w_mask_tfm" in "/work_dir/fmriprep_24_0_wf/sub_31_wf/bold_task_bird_run_4_wf/bold_confounds_wf/t1w_mask_tfm".
250329-15:15:53,627 nipype.workflow INFO:
	 [Node] Executing "t1w_mask_tfm" <niworkflows.interfaces.fixes.FixHeaderApplyTransforms>
250329-15:15:56,196 nipype.workflow INFO:
	 [Node] Finished "t1w_mask_tfm", elapsed time 12.695062s.
250329-15:15:57,111 nipype.workflow INFO:
	 [Node] Finished "t1w_mask_tfm", elapsed time 13.879425s.
250329-15:15:57,385 nipype.workflow INFO:
	 [Node] Setting-up "fmriprep_24_0_wf.sub_31_wf.bold_task_bird_run_3_wf.bold_confounds_wf.union_mask" in "/work_dir/fmriprep_24_0_wf/sub_31_wf/bold_task_bird_run_3_wf/bold_confounds_wf/union_mask".
250329-15:15:57,388 nipype.workflow INFO:
	 [Node] Executing "union_mask" <nipype.interfaces.utility.wrappers.Function>
250329-15:15:57,472 nipype.workflow INFO:
	 [Node] Finished "union_mask", elapsed time 0.083144s.
250329-15:15:59,487 nipype.workflow INFO:
	 [Node] Setting-up "fmriprep_24_0_wf.sub_31_wf.bold_task_bird_run_2_wf.bold_confounds_wf.union_mask" in "/work_dir/fmriprep_24_0_wf/sub_31_wf/bold_task_bird_run_2_wf/bold_confounds_wf/union_mask".
250329-15:15:59,491 nipype.workflow INFO:
	 [Node] Executing "union_mask" <nipype.interfaces.utility.wrappers.Function>
250329-15:15:59,496 nipype.workflow INFO:
	 [Node] Setting-up "fmriprep_24_0_wf.sub_31_wf.bold_task_bird_run_3_wf.bold_anat_wf.resample" in "/work_dir/fmriprep_24_0_wf/sub_31_wf/bold_task_bird_run_3_wf/bold_anat_wf/resample".
250329-15:15:59,500 nipype.workflow INFO:
	 [Node] Executing "resample" <fmriprep.interfaces.resampling.ResampleSeries>
250329-15:15:59,677 nipype.workflow INFO:
	 [Node] Finished "union_mask", elapsed time 0.185935s.
250329-15:16:01,647 nipype.workflow INFO:
	 [Node] Setting-up "fmriprep_24_0_wf.sub_31_wf.bold_task_bird_run_2_wf.bold_confounds_wf.dilated_mask" in "/work_dir/fmriprep_24_0_wf/sub_31_wf/bold_task_bird_run_2_wf/bold_confounds_wf/dilated_mask".
250329-15:16:01,649 nipype.workflow INFO:
	 [Node] Executing "dilated_mask" <niworkflows.interfaces.morphology.BinaryDilation>
250329-15:16:01,901 nipype.workflow INFO:
	 [Node] Finished "dilated_mask", elapsed time 0.251207s.
250329-15:16:03,273 nipype.workflow INFO:
	 [Node] Setting-up "fmriprep_24_0_wf.sub_31_wf.bold_task_bird_run_3_wf.bold_confounds_wf.dilated_mask" in "/work_dir/fmriprep_24_0_wf/sub_31_wf/bold_task_bird_run_3_wf/bold_confounds_wf/dilated_mask".
250329-15:16:03,275 nipype.workflow INFO:
	 [Node] Executing "dilated_mask" <niworkflows.interfaces.morphology.BinaryDilation>
250329-15:16:03,325 nipype.workflow INFO:
	 [Node] Finished "t1w_boldref", elapsed time 10.126345s.
250329-15:16:03,355 nipype.workflow INFO:
	 [Node] Finished "dilated_mask", elapsed time 0.079099s.
250329-15:16:05,559 nipype.workflow INFO:
	 [Node] Setting-up "fmriprep_24_0_wf.sub_31_wf.bold_task_bird_run_2_wf.bold_confounds_wf.subtract_mask" in "/work_dir/fmriprep_24_0_wf/sub_31_wf/bold_task_bird_run_2_wf/bold_confounds_wf/subtract_mask".
250329-15:16:05,562 nipype.workflow INFO:
	 [Node] Executing "subtract_mask" <niworkflows.interfaces.morphology.BinarySubtraction>
250329-15:16:05,590 nipype.workflow INFO:
	 [Node] Setting-up "fmriprep_24_0_wf.sub_31_wf.bold_task_bird_run_3_wf.bold_confounds_wf.subtract_mask" in "/work_dir/fmriprep_24_0_wf/sub_31_wf/bold_task_bird_run_3_wf/bold_confounds_wf/subtract_mask".
250329-15:16:05,593 nipype.workflow INFO:
	 [Node] Executing "subtract_mask" <niworkflows.interfaces.morphology.BinarySubtraction>
250329-15:16:05,653 nipype.workflow INFO:
	 [Node] Finished "subtract_mask", elapsed time 0.090412s.
250329-15:16:05,654 nipype.workflow INFO:
	 [Node] Finished "subtract_mask", elapsed time 0.060985s.
250329-15:16:05,882 nipype.workflow INFO:
	 [Node] Finished "t1w_mask_tfm", elapsed time 12.253889s.
250329-15:16:07,494 nipype.workflow INFO:
	 [Node] Setting-up "fmriprep_24_0_wf.sub_31_wf.bold_task_bird_run_4_wf.bold_confounds_wf.union_mask" in "/work_dir/fmriprep_24_0_wf/sub_31_wf/bold_task_bird_run_4_wf/bold_confounds_wf/union_mask".
250329-15:16:07,497 nipype.workflow INFO:
	 [Node] Executing "union_mask" <nipype.interfaces.utility.wrappers.Function>
250329-15:16:07,518 nipype.workflow INFO:
	 [Node] Setting-up "fmriprep_24_0_wf.sub_31_wf.bold_task_bird_run_2_wf.bold_confounds_wf.crowncompcor" in "/work_dir/fmriprep_24_0_wf/sub_31_wf/bold_task_bird_run_2_wf/bold_confounds_wf/crowncompcor".
250329-15:16:07,525 nipype.workflow INFO:
	 [Node] Setting-up "fmriprep_24_0_wf.sub_31_wf.bold_task_bird_run_3_wf.bold_confounds_wf.crowncompcor" in "/work_dir/fmriprep_24_0_wf/sub_31_wf/bold_task_bird_run_3_wf/bold_confounds_wf/crowncompcor".
250329-15:16:07,530 nipype.workflow INFO:
	 [Node] Executing "crowncompcor" <niworkflows.interfaces.patches.RobustACompCor>
250329-15:16:07,644 nipype.workflow INFO:
	 [Node] Finished "union_mask", elapsed time 0.146346s.
250329-15:16:07,720 nipype.workflow INFO:
	 [Node] Executing "crowncompcor" <niworkflows.interfaces.patches.RobustACompCor>
250329-15:16:09,478 nipype.workflow INFO:
	 [Node] Setting-up "fmriprep_24_0_wf.sub_31_wf.bold_task_bird_run_4_wf.bold_confounds_wf.dilated_mask" in "/work_dir/fmriprep_24_0_wf/sub_31_wf/bold_task_bird_run_4_wf/bold_confounds_wf/dilated_mask".
250329-15:16:09,480 nipype.workflow INFO:
	 [Node] Executing "dilated_mask" <niworkflows.interfaces.morphology.BinaryDilation>
250329-15:16:09,599 nipype.workflow INFO:
	 [Node] Finished "dilated_mask", elapsed time 0.118323s.
250329-15:16:11,332 nipype.workflow INFO:
	 [Node] Finished "bbregister", elapsed time 116.965455s.
250329-15:16:11,416 nipype.workflow INFO:
	 [Node] Setting-up "fmriprep_24_0_wf.sub_31_wf.bold_task_bird_run_4_wf.bold_confounds_wf.subtract_mask" in "/work_dir/fmriprep_24_0_wf/sub_31_wf/bold_task_bird_run_4_wf/bold_confounds_wf/subtract_mask".
250329-15:16:11,419 nipype.workflow INFO:
	 [Node] Executing "subtract_mask" <niworkflows.interfaces.morphology.BinarySubtraction>
250329-15:16:11,504 nipype.workflow INFO:
	 [Node] Finished "subtract_mask", elapsed time 0.084846s.
250329-15:16:14,569 nipype.workflow INFO:
	 [Node] Setting-up "fmriprep_24_0_wf.sub_31_wf.bold_task_bird_run_4_wf.bold_confounds_wf.crowncompcor" in "/work_dir/fmriprep_24_0_wf/sub_31_wf/bold_task_bird_run_4_wf/bold_confounds_wf/crowncompcor".
250329-15:16:14,575 nipype.workflow INFO:
	 [Node] Executing "crowncompcor" <niworkflows.interfaces.patches.RobustACompCor>
250329-15:16:15,918 nipype.workflow INFO:
	 [Node] Setting-up "fmriprep_24_0_wf.sub_31_wf.bold_task_bird_run_6_wf.bold_fit_wf.bold_reg_wf.bbreg_wf.compare_transforms" in "/work_dir/fmriprep_24_0_wf/sub_31_wf/bold_task_bird_run_6_wf/bold_fit_wf/bold_reg_wf/bbreg_wf/compare_transforms".
250329-15:16:15,921 nipype.workflow INFO:
	 [Node] Executing "compare_transforms" <nipype.interfaces.utility.wrappers.Function>
250329-15:16:15,934 nipype.workflow INFO:
	 [Node] Finished "compare_transforms", elapsed time 0.01219s.
250329-15:16:16,594 nipype.workflow INFO:
	 [Node] Finished "bbregister", elapsed time 80.307434s.
250329-15:16:18,81 nipype.workflow INFO:
	 [Node] Finished "fast", elapsed time 219.890583s.
250329-15:16:20,707 nipype.workflow INFO:
	 [Node] Setting-up "fmriprep_24_0_wf.sub_31_wf.bold_task_bird_run_5_wf.bold_fit_wf.bold_reg_wf.bbreg_wf.compare_transforms" in "/work_dir/fmriprep_24_0_wf/sub_31_wf/bold_task_bird_run_5_wf/bold_fit_wf/bold_reg_wf/bbreg_wf/compare_transforms".
250329-15:16:20,709 nipype.workflow INFO:
	 [Node] Executing "compare_transforms" <nipype.interfaces.utility.wrappers.Function>
250329-15:16:20,720 nipype.workflow INFO:
	 [Node] Finished "compare_transforms", elapsed time 0.010288s.
250329-15:16:21,718 nipype.workflow INFO:
	 [Node] Setting-up "fmriprep_24_0_wf.sub_31_wf.anat_fit_wf.lut_t1w_dseg" in "/work_dir/fmriprep_24_0_wf/sub_31_wf/anat_fit_wf/lut_t1w_dseg".
250329-15:16:21,721 nipype.workflow INFO:
	 [Node] Executing "lut_t1w_dseg" <nipype.interfaces.utility.wrappers.Function>
250329-15:16:22,724 nipype.workflow INFO:
	 [Node] Finished "lut_t1w_dseg", elapsed time 1.002973s.
250329-15:16:23,431 nipype.workflow INFO:
	 [Node] Finished "crowncompcor", elapsed time 15.900492s.
250329-15:16:23,737 nipype.workflow INFO:
	 [Node] Setting-up "fmriprep_24_0_wf.sub_31_wf.bold_task_bird_run_6_wf.bold_fit_wf.bold_reg_wf.bbreg_wf.concat_xfm" in "/work_dir/fmriprep_24_0_wf/sub_31_wf/bold_task_bird_run_6_wf/bold_fit_wf/bold_reg_wf/bbreg_wf/concat_xfm".
250329-15:16:23,739 nipype.workflow INFO:
	 [Node] Executing "concat_xfm" <niworkflows.interfaces.nitransforms.ConcatenateXFMs>
250329-15:16:23,746 nipype.workflow INFO:
	 [Node] Finished "concat_xfm", elapsed time 0.005355s.
250329-15:16:23,821 nipype.workflow INFO:
	 [Node] Finished "crowncompcor", elapsed time 16.099642s.
250329-15:16:27,538 nipype.workflow INFO:
	 [Node] Finished "crowncompcor", elapsed time 12.962501s.
250329-15:16:35,282 nipype.workflow INFO:
	 [Node] Setting-up "fmriprep_24_0_wf.sub_31_wf.bold_task_bird_run_1_wf.bold_confounds_wf.acc_masks" in "/work_dir/fmriprep_24_0_wf/sub_31_wf/bold_task_bird_run_1_wf/bold_confounds_wf/acc_masks".
250329-15:16:35,283 nipype.workflow INFO:
	 [Node] Setting-up "fmriprep_24_0_wf.sub_31_wf.bold_task_bird_run_2_wf.bold_confounds_wf.acc_masks" in "/work_dir/fmriprep_24_0_wf/sub_31_wf/bold_task_bird_run_2_wf/bold_confounds_wf/acc_masks".
250329-15:16:35,283 nipype.workflow INFO:
	 [Node] Setting-up "fmriprep_24_0_wf.sub_31_wf.bold_task_bird_run_3_wf.bold_confounds_wf.acc_masks" in "/work_dir/fmriprep_24_0_wf/sub_31_wf/bold_task_bird_run_3_wf/bold_confounds_wf/acc_masks".
250329-15:16:35,296 nipype.workflow INFO:
	 [Node] Setting-up "fmriprep_24_0_wf.sub_31_wf.bold_task_bird_run_4_wf.bold_confounds_wf.acc_masks" in "/work_dir/fmriprep_24_0_wf/sub_31_wf/bold_task_bird_run_4_wf/bold_confounds_wf/acc_masks".
250329-15:16:35,298 nipype.workflow INFO:
	 [Node] Setting-up "fmriprep_24_0_wf.sub_31_wf.bold_task_bird_run_6_wf.bold_confounds_wf.acc_masks" in "/work_dir/fmriprep_24_0_wf/sub_31_wf/bold_task_bird_run_6_wf/bold_confounds_wf/acc_masks".
250329-15:16:35,362 nipype.workflow INFO:
	 [Node] Executing "acc_masks" <fmriprep.interfaces.confounds.aCompCorMasks>
250329-15:16:35,429 nipype.workflow INFO:
	 [Node] Executing "acc_masks" <fmriprep.interfaces.confounds.aCompCorMasks>
250329-15:16:35,465 nipype.workflow INFO:
	 [Node] Executing "acc_masks" <fmriprep.interfaces.confounds.aCompCorMasks>
250329-15:16:35,467 nipype.workflow INFO:
	 [Node] Executing "acc_masks" <fmriprep.interfaces.confounds.aCompCorMasks>
250329-15:16:35,500 nipype.workflow INFO:
	 [Node] Executing "acc_masks" <fmriprep.interfaces.confounds.aCompCorMasks>
250329-15:16:35,673 nipype.workflow INFO:
	 [Node] Setting-up "fmriprep_24_0_wf.sub_31_wf.bold_task_bird_run_5_wf.bold_confounds_wf.acc_masks" in "/work_dir/fmriprep_24_0_wf/sub_31_wf/bold_task_bird_run_5_wf/bold_confounds_wf/acc_masks".
250329-15:16:35,811 nipype.workflow INFO:
	 [Node] Executing "acc_masks" <fmriprep.interfaces.confounds.aCompCorMasks>
250329-15:16:39,298 nipype.workflow INFO:
	 [Node] Finished "resample", elapsed time 51.157105s.
250329-15:16:39,821 nipype.workflow INFO:
	 [Node] Setting-up "fmriprep_24_0_wf.sub_31_wf.bold_task_bird_run_1_wf.bold_fit_wf.func_fit_reports_wf.t1w_wm" in "/work_dir/fmriprep_24_0_wf/sub_31_wf/bold_task_bird_run_1_wf/bold_fit_wf/func_fit_reports_wf/t1w_wm".
250329-15:16:39,821 nipype.workflow INFO:
	 [Node] Setting-up "fmriprep_24_0_wf.sub_31_wf.bold_task_bird_run_2_wf.bold_fit_wf.func_fit_reports_wf.t1w_wm" in "/work_dir/fmriprep_24_0_wf/sub_31_wf/bold_task_bird_run_2_wf/bold_fit_wf/func_fit_reports_wf/t1w_wm".
250329-15:16:39,823 nipype.workflow INFO:
	 [Node] Setting-up "fmriprep_24_0_wf.sub_31_wf.bold_task_bird_run_5_wf.bold_fit_wf.bold_reg_wf.bbreg_wf.concat_xfm" in "/work_dir/fmriprep_24_0_wf/sub_31_wf/bold_task_bird_run_5_wf/bold_fit_wf/bold_reg_wf/bbreg_wf/concat_xfm".
250329-15:16:39,824 nipype.workflow INFO:
	 [Node] Executing "t1w_wm" <nipype.interfaces.utility.wrappers.Function>
250329-15:16:39,824 nipype.workflow INFO:
	 [Node] Executing "t1w_wm" <nipype.interfaces.utility.wrappers.Function>
250329-15:16:39,827 nipype.workflow INFO:
	 [Node] Setting-up "fmriprep_24_0_wf.sub_31_wf.bold_task_bird_run_3_wf.bold_fit_wf.func_fit_reports_wf.t1w_wm" in "/work_dir/fmriprep_24_0_wf/sub_31_wf/bold_task_bird_run_3_wf/bold_fit_wf/func_fit_reports_wf/t1w_wm".
250329-15:16:39,829 nipype.workflow INFO:
	 [Node] Executing "t1w_wm" <nipype.interfaces.utility.wrappers.Function>
250329-15:16:39,832 nipype.workflow INFO:
	 [Node] Executing "concat_xfm" <niworkflows.interfaces.nitransforms.ConcatenateXFMs>
250329-15:16:39,838 nipype.workflow INFO:
	 [Node] Finished "concat_xfm", elapsed time 0.005753s.
250329-15:16:39,841 nipype.workflow INFO:
	 [Node] Setting-up "fmriprep_24_0_wf.sub_31_wf.anat_fit_wf.anat_reports_wf.seg_rpt" in "/work_dir/fmriprep_24_0_wf/sub_31_wf/anat_fit_wf/anat_reports_wf/seg_rpt".
250329-15:16:39,852 nipype.workflow INFO:
	 [Node] Setting-up "fmriprep_24_0_wf.sub_31_wf.bold_task_bird_run_4_wf.bold_fit_wf.func_fit_reports_wf.t1w_wm" in "/work_dir/fmriprep_24_0_wf/sub_31_wf/bold_task_bird_run_4_wf/bold_fit_wf/func_fit_reports_wf/t1w_wm".
250329-15:16:39,855 nipype.workflow INFO:
	 [Node] Executing "t1w_wm" <nipype.interfaces.utility.wrappers.Function>
250329-15:16:39,862 nipype.workflow INFO:
	 [Node] Executing "seg_rpt" <niworkflows.interfaces.reportlets.masks.ROIsPlot>
250329-15:16:39,872 nipype.workflow INFO:
	 [Node] Setting-up "fmriprep_24_0_wf.sub_31_wf.bold_task_bird_run_5_wf.bold_fit_wf.func_fit_reports_wf.t1w_wm" in "/work_dir/fmriprep_24_0_wf/sub_31_wf/bold_task_bird_run_5_wf/bold_fit_wf/func_fit_reports_wf/t1w_wm".
250329-15:16:39,874 nipype.workflow INFO:
	 [Node] Executing "t1w_wm" <nipype.interfaces.utility.wrappers.Function>
250329-15:16:39,883 nipype.workflow INFO:
	 [Node] Setting-up "fmriprep_24_0_wf.sub_31_wf.bold_task_bird_run_6_wf.bold_fit_wf.func_fit_reports_wf.t1w_wm" in "/work_dir/fmriprep_24_0_wf/sub_31_wf/bold_task_bird_run_6_wf/bold_fit_wf/func_fit_reports_wf/t1w_wm".
250329-15:16:39,885 nipype.workflow INFO:
	 [Node] Executing "t1w_wm" <nipype.interfaces.utility.wrappers.Function>
250329-15:16:40,348 nipype.workflow INFO:
	 [Node] Finished "t1w_wm", elapsed time 0.523682s.
250329-15:16:40,509 nipype.workflow INFO:
	 [Node] Finished "t1w_wm", elapsed time 0.633847s.
250329-15:16:40,652 nipype.workflow INFO:
	 [Node] Finished "t1w_wm", elapsed time 0.827159s.
250329-15:16:40,655 nipype.workflow INFO:
	 [Node] Finished "t1w_wm", elapsed time 0.824932s.
250329-15:16:40,662 nipype.workflow INFO:
	 [Node] Finished "t1w_wm", elapsed time 0.806822s.
250329-15:16:40,665 nipype.workflow INFO:
	 [Node] Finished "t1w_wm", elapsed time 0.779368s.
250329-15:16:42,79 nipype.workflow INFO:
	 [Node] Setting-up "fmriprep_24_0_wf.sub_31_wf.bold_task_bird_run_6_wf.bold_fit_wf.func_fit_reports_wf.t1w_boldref" in "/work_dir/fmriprep_24_0_wf/sub_31_wf/bold_task_bird_run_6_wf/bold_fit_wf/func_fit_reports_wf/t1w_boldref".
250329-15:16:42,84 nipype.workflow INFO:
	 [Node] Executing "t1w_boldref" <niworkflows.interfaces.fixes.FixHeaderApplyTransforms>
250329-15:16:42,471 nipype.workflow INFO:
	 [Node] Setting-up "fmriprep_24_0_wf.sub_31_wf.bold_task_bird_run_6_wf.bold_confounds_wf.t1w_mask_tfm" in "/work_dir/fmriprep_24_0_wf/sub_31_wf/bold_task_bird_run_6_wf/bold_confounds_wf/t1w_mask_tfm".
250329-15:16:42,476 nipype.workflow INFO:
	 [Node] Executing "t1w_mask_tfm" <niworkflows.interfaces.fixes.FixHeaderApplyTransforms>
250329-15:16:42,490 nipype.workflow INFO:
	 [Node] Setting-up "fmriprep_24_0_wf.sub_31_wf.bold_task_bird_run_1_wf.bold_fit_wf.func_fit_reports_wf.boldref_wm" in "/work_dir/fmriprep_24_0_wf/sub_31_wf/bold_task_bird_run_1_wf/bold_fit_wf/func_fit_reports_wf/boldref_wm".
250329-15:16:42,495 nipype.workflow INFO:
	 [Node] Executing "boldref_wm" <niworkflows.interfaces.fixes.FixHeaderApplyTransforms>
250329-15:16:42,497 nipype.workflow INFO:
	 [Node] Setting-up "fmriprep_24_0_wf.sub_31_wf.bold_task_bird_run_2_wf.bold_fit_wf.func_fit_reports_wf.boldref_wm" in "/work_dir/fmriprep_24_0_wf/sub_31_wf/bold_task_bird_run_2_wf/bold_fit_wf/func_fit_reports_wf/boldref_wm".
250329-15:16:42,498 nipype.workflow INFO:
	 [Node] Setting-up "fmriprep_24_0_wf.sub_31_wf.bold_task_bird_run_3_wf.bold_fit_wf.func_fit_reports_wf.boldref_wm" in "/work_dir/fmriprep_24_0_wf/sub_31_wf/bold_task_bird_run_3_wf/bold_fit_wf/func_fit_reports_wf/boldref_wm".
250329-15:16:42,501 nipype.workflow INFO:
	 [Node] Executing "boldref_wm" <niworkflows.interfaces.fixes.FixHeaderApplyTransforms>
250329-15:16:42,502 nipype.workflow INFO:
	 [Node] Executing "boldref_wm" <niworkflows.interfaces.fixes.FixHeaderApplyTransforms>
250329-15:16:42,505 nipype.workflow INFO:
	 [Node] Setting-up "fmriprep_24_0_wf.sub_31_wf.bold_task_bird_run_4_wf.bold_fit_wf.func_fit_reports_wf.boldref_wm" in "/work_dir/fmriprep_24_0_wf/sub_31_wf/bold_task_bird_run_4_wf/bold_fit_wf/func_fit_reports_wf/boldref_wm".
250329-15:16:42,509 nipype.workflow INFO:
	 [Node] Executing "boldref_wm" <niworkflows.interfaces.fixes.FixHeaderApplyTransforms>
250329-15:16:42,512 nipype.workflow INFO:
	 [Node] Setting-up "fmriprep_24_0_wf.sub_31_wf.bold_task_bird_run_6_wf.bold_fit_wf.func_fit_reports_wf.boldref_wm" in "/work_dir/fmriprep_24_0_wf/sub_31_wf/bold_task_bird_run_6_wf/bold_fit_wf/func_fit_reports_wf/boldref_wm".
250329-15:16:42,516 nipype.workflow INFO:
	 [Node] Executing "boldref_wm" <niworkflows.interfaces.fixes.FixHeaderApplyTransforms>
250329-15:16:43,773 nipype.workflow INFO:
	 [Node] Finished "boldref_wm", elapsed time 1.269411s.
250329-15:16:44,77 nipype.workflow INFO:
	 [Node] Finished "boldref_wm", elapsed time 1.5668570000000002s.
250329-15:16:44,95 nipype.workflow INFO:
	 [Node] Finished "boldref_wm", elapsed time 1.592864s.
250329-15:16:44,152 nipype.workflow INFO:
	 [Node] Finished "boldref_wm", elapsed time 1.6564269999999999s.
250329-15:16:44,157 nipype.workflow INFO:
	 [Node] Finished "boldref_wm", elapsed time 1.64018s.
250329-15:16:44,832 nipype.workflow INFO:
	 [Node] Finished "acc_masks", elapsed time 9.020793s.
250329-15:16:45,927 nipype.workflow INFO:
	 [Node] Setting-up "fmriprep_24_0_wf.sub_31_wf.bold_task_bird_run_5_wf.bold_fit_wf.func_fit_reports_wf.t1w_boldref" in "/work_dir/fmriprep_24_0_wf/sub_31_wf/bold_task_bird_run_5_wf/bold_fit_wf/func_fit_reports_wf/t1w_boldref".
250329-15:16:45,933 nipype.workflow INFO:
	 [Node] Executing "t1w_boldref" <niworkflows.interfaces.fixes.FixHeaderApplyTransforms>
250329-15:16:46,315 nipype.workflow INFO:
	 [Node] Setting-up "fmriprep_24_0_wf.sub_31_wf.bold_task_bird_run_5_wf.bold_confounds_wf.t1w_mask_tfm" in "/work_dir/fmriprep_24_0_wf/sub_31_wf/bold_task_bird_run_5_wf/bold_confounds_wf/t1w_mask_tfm".
250329-15:16:46,319 nipype.workflow INFO:
	 [Node] Executing "t1w_mask_tfm" <niworkflows.interfaces.fixes.FixHeaderApplyTransforms>
250329-15:16:46,320 nipype.workflow INFO:
	 [Node] Setting-up "fmriprep_24_0_wf.sub_31_wf.bold_task_bird_run_5_wf.bold_fit_wf.func_fit_reports_wf.boldref_wm" in "/work_dir/fmriprep_24_0_wf/sub_31_wf/bold_task_bird_run_5_wf/bold_fit_wf/func_fit_reports_wf/boldref_wm".
250329-15:16:46,324 nipype.workflow INFO:
	 [Node] Executing "boldref_wm" <niworkflows.interfaces.fixes.FixHeaderApplyTransforms>
250329-15:16:46,428 nipype.workflow INFO:
	 [Node] Finished "acc_masks", elapsed time 10.960614s.
250329-15:16:46,724 nipype.workflow INFO:
	 [Node] Setting-up "fmriprep_24_0_wf.sub_31_wf.bold_task_bird_run_3_wf.bold_fit_wf.func_fit_reports_wf.epi_t1_report" in "/work_dir/fmriprep_24_0_wf/sub_31_wf/bold_task_bird_run_3_wf/bold_fit_wf/func_fit_reports_wf/epi_t1_report".
250329-15:16:46,729 nipype.workflow INFO:
	 [Node] Executing "epi_t1_report" <nireports.interfaces.reporting.base.SimpleBeforeAfterRPT>
250329-15:16:46,729 nipype.interface INFO:
	 Report - setting before (/output/sub-31/func/sub-31_task-bird_run-3_desc-coreg_boldref.nii.gz) and after (/work_dir/fmriprep_24_0_wf/sub_31_wf/bold_task_bird_run_3_wf/bold_fit_wf/func_fit_reports_wf/t1w_boldref/sub-31_desc-preproc_T1w_trans.nii.gz) images
250329-15:16:46,730 nipype.interface INFO:
	 Generating visual report
250329-15:16:47,44 nipype.workflow INFO:
	 [Node] Finished "acc_masks", elapsed time 11.680736s.
250329-15:16:47,701 nipype.workflow INFO:
	 [Node] Finished "boldref_wm", elapsed time 1.375863s.
250329-15:16:47,933 nipype.workflow INFO:
	 [Node] Setting-up "fmriprep_24_0_wf.sub_31_wf.bold_task_bird_run_1_wf.bold_fit_wf.func_fit_reports_wf.epi_t1_report" in "/work_dir/fmriprep_24_0_wf/sub_31_wf/bold_task_bird_run_1_wf/bold_fit_wf/func_fit_reports_wf/epi_t1_report".
250329-15:16:47,937 nipype.workflow INFO:
	 [Node] Executing "epi_t1_report" <nireports.interfaces.reporting.base.SimpleBeforeAfterRPT>
250329-15:16:47,937 nipype.interface INFO:
	 Report - setting before (/output/sub-31/func/sub-31_task-bird_run-1_desc-coreg_boldref.nii.gz) and after (/work_dir/fmriprep_24_0_wf/sub_31_wf/bold_task_bird_run_1_wf/bold_fit_wf/func_fit_reports_wf/t1w_boldref/sub-31_desc-preproc_T1w_trans.nii.gz) images
250329-15:16:47,938 nipype.interface INFO:
	 Generating visual report
250329-15:16:48,90 nipype.workflow INFO:
	 [Node] Finished "acc_masks", elapsed time 12.589133s.
250329-15:16:48,512 nipype.workflow INFO:
	 [Node] Setting-up "fmriprep_24_0_wf.sub_31_wf.bold_task_bird_run_4_wf.bold_fit_wf.func_fit_reports_wf.epi_t1_report" in "/work_dir/fmriprep_24_0_wf/sub_31_wf/bold_task_bird_run_4_wf/bold_fit_wf/func_fit_reports_wf/epi_t1_report".
250329-15:16:48,516 nipype.workflow INFO:
	 [Node] Executing "epi_t1_report" <nireports.interfaces.reporting.base.SimpleBeforeAfterRPT>
250329-15:16:48,521 nipype.workflow INFO:
	 [Node] Setting-up "fmriprep_24_0_wf.sub_31_wf.bold_task_bird_run_2_wf.bold_confounds_wf.crowncc_metadata_fmt" in "/work_dir/fmriprep_24_0_wf/sub_31_wf/bold_task_bird_run_2_wf/bold_confounds_wf/crowncc_metadata_fmt".
250329-15:16:48,522 nipype.interface INFO:
	 Report - setting before (/output/sub-31/func/sub-31_task-bird_run-4_desc-coreg_boldref.nii.gz) and after (/work_dir/fmriprep_24_0_wf/sub_31_wf/bold_task_bird_run_4_wf/bold_fit_wf/func_fit_reports_wf/t1w_boldref/sub-31_desc-preproc_T1w_trans.nii.gz) images
250329-15:16:48,522 nipype.interface INFO:
	 Generating visual report
250329-15:16:48,536 nipype.workflow INFO:
	 [Node] Executing "crowncc_metadata_fmt" <niworkflows.interfaces.utility.TSV2JSON>
250329-15:16:48,548 nipype.workflow INFO:
	 [Node] Finished "crowncc_metadata_fmt", elapsed time 0.010801s.
250329-15:16:49,78 nipype.workflow INFO:
	 [Node] Finished "acc_masks", elapsed time 13.648088s.
250329-15:16:49,280 nipype.workflow INFO:
	 [Node] Setting-up "fmriprep_24_0_wf.sub_31_wf.bold_task_bird_run_2_wf.bold_fit_wf.func_fit_reports_wf.epi_t1_report" in "/work_dir/fmriprep_24_0_wf/sub_31_wf/bold_task_bird_run_2_wf/bold_fit_wf/func_fit_reports_wf/epi_t1_report".
250329-15:16:49,284 nipype.workflow INFO:
	 [Node] Executing "epi_t1_report" <nireports.interfaces.reporting.base.SimpleBeforeAfterRPT>
250329-15:16:49,284 nipype.interface INFO:
	 Report - setting before (/output/sub-31/func/sub-31_task-bird_run-2_desc-coreg_boldref.nii.gz) and after (/work_dir/fmriprep_24_0_wf/sub_31_wf/bold_task_bird_run_2_wf/bold_fit_wf/func_fit_reports_wf/t1w_boldref/sub-31_desc-preproc_T1w_trans.nii.gz) images
250329-15:16:49,284 nipype.interface INFO:
	 Generating visual report
250329-15:16:49,720 nipype.workflow INFO:
	 [Node] Finished "acc_masks", elapsed time 14.253603s.
250329-15:16:49,890 nipype.workflow INFO:
	 [Node] Setting-up "fmriprep_24_0_wf.sub_31_wf.bold_task_bird_run_3_wf.bold_confounds_wf.crowncc_metadata_fmt" in "/work_dir/fmriprep_24_0_wf/sub_31_wf/bold_task_bird_run_3_wf/bold_confounds_wf/crowncc_metadata_fmt".
250329-15:16:49,893 nipype.workflow INFO:
	 [Node] Executing "crowncc_metadata_fmt" <niworkflows.interfaces.utility.TSV2JSON>
250329-15:16:49,901 nipype.workflow INFO:
	 [Node] Setting-up "fmriprep_24_0_wf.sub_31_wf.bold_task_bird_run_4_wf.bold_confounds_wf.crowncc_metadata_fmt" in "/work_dir/fmriprep_24_0_wf/sub_31_wf/bold_task_bird_run_4_wf/bold_confounds_wf/crowncc_metadata_fmt".
250329-15:16:49,904 nipype.workflow INFO:
	 [Node] Executing "crowncc_metadata_fmt" <niworkflows.interfaces.utility.TSV2JSON>
250329-15:16:49,907 nipype.workflow INFO:
	 [Node] Setting-up "_acc_msk_tfm0" in "/work_dir/fmriprep_24_0_wf/sub_31_wf/bold_task_bird_run_5_wf/bold_confounds_wf/acc_msk_tfm/mapflow/_acc_msk_tfm0".
250329-15:16:49,910 nipype.workflow INFO:
	 [Node] Executing "_acc_msk_tfm0" <niworkflows.interfaces.fixes.FixHeaderApplyTransforms>
250329-15:16:49,914 nipype.workflow INFO:
	 [Node] Setting-up "_acc_msk_tfm1" in "/work_dir/fmriprep_24_0_wf/sub_31_wf/bold_task_bird_run_5_wf/bold_confounds_wf/acc_msk_tfm/mapflow/_acc_msk_tfm1".
250329-15:16:49,916 nipype.workflow INFO:
	 [Node] Executing "_acc_msk_tfm1" <niworkflows.interfaces.fixes.FixHeaderApplyTransforms>
250329-15:16:50,694 nipype.workflow INFO:
	 [Node] Finished "crowncc_metadata_fmt", elapsed time 0.789031s.
250329-15:16:50,965 nipype.workflow INFO:
	 [Node] Finished "crowncc_metadata_fmt", elapsed time 1.071483s.
250329-15:16:51,378 nipype.workflow INFO:
	 [Node] Finished "t1w_boldref", elapsed time 9.292947s.
250329-15:16:51,741 nipype.workflow INFO:
	 [Node] Setting-up "_acc_msk_tfm2" in "/work_dir/fmriprep_24_0_wf/sub_31_wf/bold_task_bird_run_5_wf/bold_confounds_wf/acc_msk_tfm/mapflow/_acc_msk_tfm2".
250329-15:16:51,744 nipype.workflow INFO:
	 [Node] Executing "_acc_msk_tfm2" <niworkflows.interfaces.fixes.FixHeaderApplyTransforms>
250329-15:16:51,747 nipype.workflow INFO:
	 [Node] Setting-up "_acc_msk_tfm0" in "/work_dir/fmriprep_24_0_wf/sub_31_wf/bold_task_bird_run_1_wf/bold_confounds_wf/acc_msk_tfm/mapflow/_acc_msk_tfm0".
250329-15:16:51,749 nipype.workflow INFO:
	 [Node] Executing "_acc_msk_tfm0" <niworkflows.interfaces.fixes.FixHeaderApplyTransforms>
250329-15:16:51,752 nipype.workflow INFO:
	 [Node] Setting-up "_acc_msk_tfm1" in "/work_dir/fmriprep_24_0_wf/sub_31_wf/bold_task_bird_run_1_wf/bold_confounds_wf/acc_msk_tfm/mapflow/_acc_msk_tfm1".
250329-15:16:51,755 nipype.workflow INFO:
	 [Node] Executing "_acc_msk_tfm1" <niworkflows.interfaces.fixes.FixHeaderApplyTransforms>
250329-15:16:54,21 nipype.workflow INFO:
	 [Node] Finished "_acc_msk_tfm0", elapsed time 4.110501s.
250329-15:16:54,664 nipype.workflow INFO:
	 [Node] Finished "_acc_msk_tfm1", elapsed time 4.7469339999999995s.
250329-15:16:54,742 nipype.workflow INFO:
	 [Node] Finished "t1w_boldref", elapsed time 8.808365s.
250329-15:16:55,393 nipype.workflow INFO:
	 [Node] Finished "_acc_msk_tfm1", elapsed time 3.637061s.
250329-15:16:55,411 nipype.workflow INFO:
	 [Node] Finished "_acc_msk_tfm2", elapsed time 3.666253s.
250329-15:16:55,565 nipype.workflow INFO:
	 [Node] Setting-up "_acc_msk_tfm2" in "/work_dir/fmriprep_24_0_wf/sub_31_wf/bold_task_bird_run_1_wf/bold_confounds_wf/acc_msk_tfm/mapflow/_acc_msk_tfm2".
250329-15:16:55,567 nipype.workflow INFO:
	 [Node] Setting-up "_acc_msk_tfm0" in "/work_dir/fmriprep_24_0_wf/sub_31_wf/bold_task_bird_run_3_wf/bold_confounds_wf/acc_msk_tfm/mapflow/_acc_msk_tfm0".
250329-15:16:55,568 nipype.workflow INFO:
	 [Node] Executing "_acc_msk_tfm2" <niworkflows.interfaces.fixes.FixHeaderApplyTransforms>
250329-15:16:55,569 nipype.workflow INFO:
	 [Node] Executing "_acc_msk_tfm0" <niworkflows.interfaces.fixes.FixHeaderApplyTransforms>
250329-15:16:56,96 nipype.workflow INFO:
	 [Node] Setting-up "fmriprep_24_0_wf.sub_31_wf.bold_task_bird_run_6_wf.bold_fit_wf.func_fit_reports_wf.epi_t1_report" in "/work_dir/fmriprep_24_0_wf/sub_31_wf/bold_task_bird_run_6_wf/bold_fit_wf/func_fit_reports_wf/epi_t1_report".
250329-15:16:56,100 nipype.workflow INFO:
	 [Node] Executing "epi_t1_report" <nireports.interfaces.reporting.base.SimpleBeforeAfterRPT>
250329-15:16:56,100 nipype.interface INFO:
	 Report - setting before (/output/sub-31/func/sub-31_task-bird_run-6_desc-coreg_boldref.nii.gz) and after (/work_dir/fmriprep_24_0_wf/sub_31_wf/bold_task_bird_run_6_wf/bold_fit_wf/func_fit_reports_wf/t1w_boldref/sub-31_desc-preproc_T1w_trans.nii.gz) images
250329-15:16:56,100 nipype.interface INFO:
	 Generating visual report
250329-15:16:56,423 nipype.workflow INFO:
	 [Node] Setting-up "fmriprep_24_0_wf.sub_31_wf.bold_task_bird_run_5_wf.bold_fit_wf.func_fit_reports_wf.epi_t1_report" in "/work_dir/fmriprep_24_0_wf/sub_31_wf/bold_task_bird_run_5_wf/bold_fit_wf/func_fit_reports_wf/epi_t1_report".
250329-15:16:56,427 nipype.workflow INFO:
	 [Node] Executing "epi_t1_report" <nireports.interfaces.reporting.base.SimpleBeforeAfterRPT>
250329-15:16:56,427 nipype.interface INFO:
	 Report - setting before (/output/sub-31/func/sub-31_task-bird_run-5_desc-coreg_boldref.nii.gz) and after (/work_dir/fmriprep_24_0_wf/sub_31_wf/bold_task_bird_run_5_wf/bold_fit_wf/func_fit_reports_wf/t1w_boldref/sub-31_desc-preproc_T1w_trans.nii.gz) images
250329-15:16:56,427 nipype.interface INFO:
	 Generating visual report
250329-15:16:56,698 nipype.workflow INFO:
	 [Node] Finished "_acc_msk_tfm0", elapsed time 4.947496s.
250329-15:16:56,840 nipype.workflow INFO:
	 [Node] Finished "resample", elapsed time 57.338762s.
250329-15:16:57,874 nipype.workflow INFO:
	 [Node] Setting-up "_acc_msk_tfm0" in "/work_dir/fmriprep_24_0_wf/sub_31_wf/bold_task_bird_run_5_wf/bold_confounds_wf/acc_msk_tfm/mapflow/_acc_msk_tfm0".
250329-15:16:57,876 nipype.workflow INFO:
	 [Node] Cached "_acc_msk_tfm0" - collecting precomputed outputs
250329-15:16:57,876 nipype.workflow INFO:
	 [Node] "_acc_msk_tfm0" found cached.
250329-15:16:57,877 nipype.workflow INFO:
	 [Node] Setting-up "_acc_msk_tfm1" in "/work_dir/fmriprep_24_0_wf/sub_31_wf/bold_task_bird_run_5_wf/bold_confounds_wf/acc_msk_tfm/mapflow/_acc_msk_tfm1".
250329-15:16:57,878 nipype.workflow INFO:
	 [Node] Setting-up "fmriprep_24_0_wf.sub_31_wf.bold_task_bird_run_4_wf.bold_anat_wf.resample" in "/work_dir/fmriprep_24_0_wf/sub_31_wf/bold_task_bird_run_4_wf/bold_anat_wf/resample".
250329-15:16:57,878 nipype.workflow INFO:
	 [Node] Cached "_acc_msk_tfm1" - collecting precomputed outputs
250329-15:16:57,878 nipype.workflow INFO:
	 [Node] "_acc_msk_tfm1" found cached.
250329-15:16:57,879 nipype.workflow INFO:
	 [Node] Setting-up "_acc_msk_tfm2" in "/work_dir/fmriprep_24_0_wf/sub_31_wf/bold_task_bird_run_5_wf/bold_confounds_wf/acc_msk_tfm/mapflow/_acc_msk_tfm2".
250329-15:16:57,879 nipype.workflow INFO:
	 [Node] Setting-up "_acc_msk_tfm1" in "/work_dir/fmriprep_24_0_wf/sub_31_wf/bold_task_bird_run_3_wf/bold_confounds_wf/acc_msk_tfm/mapflow/_acc_msk_tfm1".
250329-15:16:57,882 nipype.workflow INFO:
	 [Node] Executing "_acc_msk_tfm1" <niworkflows.interfaces.fixes.FixHeaderApplyTransforms>
250329-15:16:57,882 nipype.workflow INFO:
	 [Node] Executing "resample" <fmriprep.interfaces.resampling.ResampleSeries>
250329-15:16:57,887 nipype.workflow INFO:
	 [Node] Setting-up "_acc_msk_tfm2" in "/work_dir/fmriprep_24_0_wf/sub_31_wf/bold_task_bird_run_3_wf/bold_confounds_wf/acc_msk_tfm/mapflow/_acc_msk_tfm2".
250329-15:16:57,890 nipype.workflow INFO:
	 [Node] Executing "_acc_msk_tfm2" <niworkflows.interfaces.fixes.FixHeaderApplyTransforms>
250329-15:16:57,880 nipype.workflow INFO:
	 [Node] Cached "_acc_msk_tfm2" - collecting precomputed outputs
250329-15:16:57,895 nipype.workflow INFO:
	 [Node] "_acc_msk_tfm2" found cached.
250329-15:16:58,727 nipype.workflow INFO:
	 [Node] Finished "t1w_mask_tfm", elapsed time 16.249519s.
250329-15:16:59,185 nipype.workflow INFO:
	 [Node] Finished "_acc_msk_tfm2", elapsed time 3.616172s.
250329-15:17:00,53 nipype.workflow INFO:
	 [Node] Setting-up "_acc_msk_tfm0" in "/work_dir/fmriprep_24_0_wf/sub_31_wf/bold_task_bird_run_1_wf/bold_confounds_wf/acc_msk_tfm/mapflow/_acc_msk_tfm0".
250329-15:17:00,54 nipype.workflow INFO:
	 [Node] Cached "_acc_msk_tfm0" - collecting precomputed outputs
250329-15:17:00,54 nipype.workflow INFO:
	 [Node] "_acc_msk_tfm0" found cached.
250329-15:17:00,55 nipype.workflow INFO:
	 [Node] Setting-up "_acc_msk_tfm1" in "/work_dir/fmriprep_24_0_wf/sub_31_wf/bold_task_bird_run_1_wf/bold_confounds_wf/acc_msk_tfm/mapflow/_acc_msk_tfm1".
250329-15:17:00,57 nipype.workflow INFO:
	 [Node] Cached "_acc_msk_tfm1" - collecting precomputed outputs
250329-15:17:00,57 nipype.workflow INFO:
	 [Node] "_acc_msk_tfm1" found cached.
250329-15:17:00,58 nipype.workflow INFO:
	 [Node] Setting-up "_acc_msk_tfm2" in "/work_dir/fmriprep_24_0_wf/sub_31_wf/bold_task_bird_run_1_wf/bold_confounds_wf/acc_msk_tfm/mapflow/_acc_msk_tfm2".
250329-15:17:00,59 nipype.workflow INFO:
	 [Node] Cached "_acc_msk_tfm2" - collecting precomputed outputs
250329-15:17:00,59 nipype.workflow INFO:
	 [Node] "_acc_msk_tfm2" found cached.
250329-15:17:00,73 nipype.workflow INFO:
	 [Node] Setting-up "fmriprep_24_0_wf.sub_31_wf.bold_task_bird_run_6_wf.bold_confounds_wf.union_mask" in "/work_dir/fmriprep_24_0_wf/sub_31_wf/bold_task_bird_run_6_wf/bold_confounds_wf/union_mask".
250329-15:17:00,76 nipype.workflow INFO:
	 [Node] Executing "union_mask" <nipype.interfaces.utility.wrappers.Function>
250329-15:17:00,103 nipype.workflow INFO:
	 [Node] Setting-up "_acc_msk_tfm0" in "/work_dir/fmriprep_24_0_wf/sub_31_wf/bold_task_bird_run_4_wf/bold_confounds_wf/acc_msk_tfm/mapflow/_acc_msk_tfm0".
250329-15:17:00,105 nipype.workflow INFO:
	 [Node] Executing "_acc_msk_tfm0" <niworkflows.interfaces.fixes.FixHeaderApplyTransforms>
250329-15:17:00,211 nipype.workflow INFO:
	 [Node] Finished "union_mask", elapsed time 0.134432s.
250329-15:17:00,330 nipype.workflow INFO:
	 [Node] Finished "t1w_mask_tfm", elapsed time 14.003279s.
250329-15:17:01,715 nipype.workflow INFO:
	 [Node] Finished "_acc_msk_tfm0", elapsed time 6.144428s.
250329-15:17:01,799 nipype.workflow INFO:
	 [Node] Setting-up "fmriprep_24_0_wf.sub_31_wf.bold_task_bird_run_5_wf.bold_confounds_wf.union_mask" in "/work_dir/fmriprep_24_0_wf/sub_31_wf/bold_task_bird_run_5_wf/bold_confounds_wf/union_mask".
250329-15:17:01,802 nipype.workflow INFO:
	 [Node] Executing "union_mask" <nipype.interfaces.utility.wrappers.Function>
250329-15:17:01,812 nipype.workflow INFO:
	 [Node] Setting-up "fmriprep_24_0_wf.sub_31_wf.bold_task_bird_run_6_wf.bold_confounds_wf.dilated_mask" in "/work_dir/fmriprep_24_0_wf/sub_31_wf/bold_task_bird_run_6_wf/bold_confounds_wf/dilated_mask".
250329-15:17:01,814 nipype.workflow INFO:
	 [Node] Executing "dilated_mask" <niworkflows.interfaces.morphology.BinaryDilation>
250329-15:17:01,816 nipype.workflow INFO:
	 [Node] Setting-up "_acc_msk_tfm1" in "/work_dir/fmriprep_24_0_wf/sub_31_wf/bold_task_bird_run_4_wf/bold_confounds_wf/acc_msk_tfm/mapflow/_acc_msk_tfm1".
250329-15:17:01,819 nipype.workflow INFO:
	 [Node] Executing "_acc_msk_tfm1" <niworkflows.interfaces.fixes.FixHeaderApplyTransforms>
250329-15:17:02,3 nipype.workflow INFO:
	 [Node] Finished "union_mask", elapsed time 0.199998s.
250329-15:17:02,94 nipype.workflow INFO:
	 [Node] Finished "dilated_mask", elapsed time 0.279239s.
250329-15:17:02,471 nipype.workflow INFO:
	 [Node] Finished "_acc_msk_tfm2", elapsed time 4.580071s.
250329-15:17:02,486 nipype.workflow INFO:
	 [Node] Finished "_acc_msk_tfm1", elapsed time 4.603232s.
250329-15:17:03,958 nipype.workflow INFO:
	 [Node] Setting-up "_acc_msk_tfm0" in "/work_dir/fmriprep_24_0_wf/sub_31_wf/bold_task_bird_run_3_wf/bold_confounds_wf/acc_msk_tfm/mapflow/_acc_msk_tfm0".
250329-15:17:03,960 nipype.workflow INFO:
	 [Node] Cached "_acc_msk_tfm0" - collecting precomputed outputs
250329-15:17:03,960 nipype.workflow INFO:
	 [Node] "_acc_msk_tfm0" found cached.
250329-15:17:03,961 nipype.workflow INFO:
	 [Node] Setting-up "_acc_msk_tfm1" in "/work_dir/fmriprep_24_0_wf/sub_31_wf/bold_task_bird_run_3_wf/bold_confounds_wf/acc_msk_tfm/mapflow/_acc_msk_tfm1".
250329-15:17:03,962 nipype.workflow INFO:
	 [Node] Cached "_acc_msk_tfm1" - collecting precomputed outputs
250329-15:17:03,962 nipype.workflow INFO:
	 [Node] "_acc_msk_tfm1" found cached.
250329-15:17:03,963 nipype.workflow INFO:
	 [Node] Setting-up "_acc_msk_tfm2" in "/work_dir/fmriprep_24_0_wf/sub_31_wf/bold_task_bird_run_3_wf/bold_confounds_wf/acc_msk_tfm/mapflow/_acc_msk_tfm2".
250329-15:17:03,964 nipype.workflow INFO:
	 [Node] Cached "_acc_msk_tfm2" - collecting precomputed outputs
250329-15:17:03,964 nipype.workflow INFO:
	 [Node] "_acc_msk_tfm2" found cached.
250329-15:17:03,966 nipype.workflow INFO:
	 [Node] Setting-up "fmriprep_24_0_wf.sub_31_wf.bold_task_bird_run_5_wf.bold_confounds_wf.dilated_mask" in "/work_dir/fmriprep_24_0_wf/sub_31_wf/bold_task_bird_run_5_wf/bold_confounds_wf/dilated_mask".
250329-15:17:03,968 nipype.workflow INFO:
	 [Node] Executing "dilated_mask" <niworkflows.interfaces.morphology.BinaryDilation>
250329-15:17:03,978 nipype.workflow INFO:
	 [Node] Setting-up "fmriprep_24_0_wf.sub_31_wf.bold_task_bird_run_6_wf.bold_confounds_wf.subtract_mask" in "/work_dir/fmriprep_24_0_wf/sub_31_wf/bold_task_bird_run_6_wf/bold_confounds_wf/subtract_mask".
250329-15:17:03,978 nipype.workflow INFO:
	 [Node] Setting-up "_acc_msk_tfm2" in "/work_dir/fmriprep_24_0_wf/sub_31_wf/bold_task_bird_run_4_wf/bold_confounds_wf/acc_msk_tfm/mapflow/_acc_msk_tfm2".
250329-15:17:03,981 nipype.workflow INFO:
	 [Node] Executing "_acc_msk_tfm2" <niworkflows.interfaces.fixes.FixHeaderApplyTransforms>
250329-15:17:03,981 nipype.workflow INFO:
	 [Node] Executing "subtract_mask" <niworkflows.interfaces.morphology.BinarySubtraction>
250329-15:17:03,997 nipype.workflow INFO:
	 [Node] Setting-up "_acc_msk_tfm0" in "/work_dir/fmriprep_24_0_wf/sub_31_wf/bold_task_bird_run_6_wf/bold_confounds_wf/acc_msk_tfm/mapflow/_acc_msk_tfm0".
250329-15:17:04,0 nipype.workflow INFO:
	 [Node] Executing "_acc_msk_tfm0" <niworkflows.interfaces.fixes.FixHeaderApplyTransforms>
250329-15:17:04,57 nipype.workflow INFO:
	 [Node] Finished "subtract_mask", elapsed time 0.075582s.
250329-15:17:04,161 nipype.workflow INFO:
	 [Node] Finished "dilated_mask", elapsed time 0.1929s.
250329-15:17:04,406 nipype.workflow INFO:
	 [Node] Finished "_acc_msk_tfm0", elapsed time 4.3003540000000005s.
250329-15:17:05,893 nipype.workflow INFO:
	 [Node] Setting-up "fmriprep_24_0_wf.sub_31_wf.bold_task_bird_run_5_wf.bold_confounds_wf.subtract_mask" in "/work_dir/fmriprep_24_0_wf/sub_31_wf/bold_task_bird_run_5_wf/bold_confounds_wf/subtract_mask".
250329-15:17:05,896 nipype.workflow INFO:
	 [Node] Executing "subtract_mask" <niworkflows.interfaces.morphology.BinarySubtraction>
250329-15:17:05,900 nipype.workflow INFO:
	 [Node] Setting-up "fmriprep_24_0_wf.sub_31_wf.bold_task_bird_run_6_wf.bold_confounds_wf.crowncompcor" in "/work_dir/fmriprep_24_0_wf/sub_31_wf/bold_task_bird_run_6_wf/bold_confounds_wf/crowncompcor".
250329-15:17:05,912 nipype.workflow INFO:
	 [Node] Setting-up "_acc_msk_tfm1" in "/work_dir/fmriprep_24_0_wf/sub_31_wf/bold_task_bird_run_6_wf/bold_confounds_wf/acc_msk_tfm/mapflow/_acc_msk_tfm1".
250329-15:17:05,914 nipype.workflow INFO:
	 [Node] Setting-up "_acc_msk_tfm2" in "/work_dir/fmriprep_24_0_wf/sub_31_wf/bold_task_bird_run_6_wf/bold_confounds_wf/acc_msk_tfm/mapflow/_acc_msk_tfm2".
250329-15:17:05,915 nipype.workflow INFO:
	 [Node] Executing "_acc_msk_tfm1" <niworkflows.interfaces.fixes.FixHeaderApplyTransforms>
250329-15:17:05,916 nipype.workflow INFO:
	 [Node] Executing "_acc_msk_tfm2" <niworkflows.interfaces.fixes.FixHeaderApplyTransforms>
250329-15:17:05,955 nipype.workflow INFO:
	 [Node] Finished "subtract_mask", elapsed time 0.0582s.
250329-15:17:06,141 nipype.workflow INFO:
	 [Node] Finished "_acc_msk_tfm1", elapsed time 4.321925s.
250329-15:17:06,207 nipype.workflow INFO:
	 [Node] Executing "crowncompcor" <niworkflows.interfaces.patches.RobustACompCor>
250329-15:17:07,885 nipype.workflow INFO:
	 [Node] Finished "_acc_msk_tfm0", elapsed time 3.884024s.
250329-15:17:08,65 nipype.workflow INFO:
	 [Node] Setting-up "fmriprep_24_0_wf.sub_31_wf.bold_task_bird_run_5_wf.bold_confounds_wf.crowncompcor" in "/work_dir/fmriprep_24_0_wf/sub_31_wf/bold_task_bird_run_5_wf/bold_confounds_wf/crowncompcor".
250329-15:17:08,65 nipype.workflow INFO:
	 [Node] Setting-up "_acc_msk_tfm0" in "/work_dir/fmriprep_24_0_wf/sub_31_wf/bold_task_bird_run_2_wf/bold_confounds_wf/acc_msk_tfm/mapflow/_acc_msk_tfm0".
250329-15:17:08,68 nipype.workflow INFO:
	 [Node] Executing "_acc_msk_tfm0" <niworkflows.interfaces.fixes.FixHeaderApplyTransforms>
250329-15:17:08,423 nipype.workflow INFO:
	 [Node] Finished "_acc_msk_tfm2", elapsed time 4.442088s.
250329-15:17:08,456 nipype.workflow INFO:
	 [Node] Executing "crowncompcor" <niworkflows.interfaces.patches.RobustACompCor>
250329-15:17:09,726 nipype.workflow INFO:
	 [Node] Finished "_acc_msk_tfm1", elapsed time 3.810113s.
250329-15:17:10,76 nipype.workflow INFO:
	 [Node] Setting-up "_acc_msk_tfm0" in "/work_dir/fmriprep_24_0_wf/sub_31_wf/bold_task_bird_run_4_wf/bold_confounds_wf/acc_msk_tfm/mapflow/_acc_msk_tfm0".
250329-15:17:10,77 nipype.workflow INFO:
	 [Node] Cached "_acc_msk_tfm0" - collecting precomputed outputs
250329-15:17:10,78 nipype.workflow INFO:
	 [Node] "_acc_msk_tfm0" found cached.
250329-15:17:10,78 nipype.workflow INFO:
	 [Node] Setting-up "_acc_msk_tfm1" in "/work_dir/fmriprep_24_0_wf/sub_31_wf/bold_task_bird_run_2_wf/bold_confounds_wf/acc_msk_tfm/mapflow/_acc_msk_tfm1".
250329-15:17:10,79 nipype.workflow INFO:
	 [Node] Setting-up "_acc_msk_tfm1" in "/work_dir/fmriprep_24_0_wf/sub_31_wf/bold_task_bird_run_4_wf/bold_confounds_wf/acc_msk_tfm/mapflow/_acc_msk_tfm1".
250329-15:17:10,80 nipype.workflow INFO:
	 [Node] Cached "_acc_msk_tfm1" - collecting precomputed outputs
250329-15:17:10,80 nipype.workflow INFO:
	 [Node] "_acc_msk_tfm1" found cached.
250329-15:17:10,81 nipype.workflow INFO:
	 [Node] Executing "_acc_msk_tfm1" <niworkflows.interfaces.fixes.FixHeaderApplyTransforms>
250329-15:17:10,81 nipype.workflow INFO:
	 [Node] Setting-up "_acc_msk_tfm2" in "/work_dir/fmriprep_24_0_wf/sub_31_wf/bold_task_bird_run_4_wf/bold_confounds_wf/acc_msk_tfm/mapflow/_acc_msk_tfm2".
250329-15:17:10,89 nipype.workflow INFO:
	 [Node] Cached "_acc_msk_tfm2" - collecting precomputed outputs
250329-15:17:10,89 nipype.workflow INFO:
	 [Node] "_acc_msk_tfm2" found cached.
250329-15:17:11,553 nipype.workflow INFO:
	 [Node] Finished "_acc_msk_tfm2", elapsed time 5.636241s.
250329-15:17:12,139 nipype.workflow INFO:
	 [Node] Setting-up "_acc_msk_tfm2" in "/work_dir/fmriprep_24_0_wf/sub_31_wf/bold_task_bird_run_2_wf/bold_confounds_wf/acc_msk_tfm/mapflow/_acc_msk_tfm2".
250329-15:17:12,142 nipype.workflow INFO:
	 [Node] Executing "_acc_msk_tfm2" <niworkflows.interfaces.fixes.FixHeaderApplyTransforms>
250329-15:17:12,154 nipype.workflow INFO:
	 [Node] Setting-up "_acc_msk_brain0" in "/work_dir/fmriprep_24_0_wf/sub_31_wf/bold_task_bird_run_5_wf/bold_confounds_wf/acc_msk_brain/mapflow/_acc_msk_brain0".
250329-15:17:12,156 nipype.workflow INFO:
	 [Node] Executing "_acc_msk_brain0" <niworkflows.interfaces.nibabel.ApplyMask>
250329-15:17:12,666 nipype.workflow INFO:
	 [Node] Finished "_acc_msk_brain0", elapsed time 0.509097s.
250329-15:17:13,818 nipype.workflow INFO:
	 [Node] Finished "_acc_msk_tfm0", elapsed time 5.749027s.
250329-15:17:13,963 nipype.workflow INFO:
	 [Node] Setting-up "_acc_msk_tfm0" in "/work_dir/fmriprep_24_0_wf/sub_31_wf/bold_task_bird_run_6_wf/bold_confounds_wf/acc_msk_tfm/mapflow/_acc_msk_tfm0".
250329-15:17:13,964 nipype.workflow INFO:
	 [Node] Cached "_acc_msk_tfm0" - collecting precomputed outputs
250329-15:17:13,964 nipype.workflow INFO:
	 [Node] "_acc_msk_tfm0" found cached.
250329-15:17:13,964 nipype.workflow INFO:
	 [Node] Setting-up "_acc_msk_brain1" in "/work_dir/fmriprep_24_0_wf/sub_31_wf/bold_task_bird_run_5_wf/bold_confounds_wf/acc_msk_brain/mapflow/_acc_msk_brain1".
250329-15:17:13,965 nipype.workflow INFO:
	 [Node] Setting-up "_acc_msk_tfm1" in "/work_dir/fmriprep_24_0_wf/sub_31_wf/bold_task_bird_run_6_wf/bold_confounds_wf/acc_msk_tfm/mapflow/_acc_msk_tfm1".
250329-15:17:13,966 nipype.workflow INFO:
	 [Node] Executing "_acc_msk_brain1" <niworkflows.interfaces.nibabel.ApplyMask>
250329-15:17:13,966 nipype.workflow INFO:
	 [Node] Cached "_acc_msk_tfm1" - collecting precomputed outputs
250329-15:17:13,967 nipype.workflow INFO:
	 [Node] "_acc_msk_tfm1" found cached.
250329-15:17:13,968 nipype.workflow INFO:
	 [Node] Setting-up "_acc_msk_tfm2" in "/work_dir/fmriprep_24_0_wf/sub_31_wf/bold_task_bird_run_6_wf/bold_confounds_wf/acc_msk_tfm/mapflow/_acc_msk_tfm2".
250329-15:17:13,979 nipype.workflow INFO:
	 [Node] Cached "_acc_msk_tfm2" - collecting precomputed outputs
250329-15:17:13,979 nipype.workflow INFO:
	 [Node] "_acc_msk_tfm2" found cached.
250329-15:17:14,414 nipype.workflow INFO:
	 [Node] Finished "_acc_msk_brain1", elapsed time 0.447612s.
250329-15:17:15,684 nipype.workflow INFO:
	 [Node] Finished "_acc_msk_tfm1", elapsed time 5.602752s.
250329-15:17:16,291 nipype.workflow INFO:
	 [Node] Setting-up "_acc_msk_brain2" in "/work_dir/fmriprep_24_0_wf/sub_31_wf/bold_task_bird_run_5_wf/bold_confounds_wf/acc_msk_brain/mapflow/_acc_msk_brain2".
250329-15:17:16,293 nipype.workflow INFO:
	 [Node] Executing "_acc_msk_brain2" <niworkflows.interfaces.nibabel.ApplyMask>
250329-15:17:16,341 nipype.workflow INFO:
	 [Node] Setting-up "_acc_msk_brain0" in "/work_dir/fmriprep_24_0_wf/sub_31_wf/bold_task_bird_run_1_wf/bold_confounds_wf/acc_msk_brain/mapflow/_acc_msk_brain0".
250329-15:17:16,343 nipype.workflow INFO:
	 [Node] Executing "_acc_msk_brain0" <niworkflows.interfaces.nibabel.ApplyMask>
250329-15:17:16,352 nipype.workflow INFO:
	 [Node] Setting-up "_acc_msk_brain1" in "/work_dir/fmriprep_24_0_wf/sub_31_wf/bold_task_bird_run_1_wf/bold_confounds_wf/acc_msk_brain/mapflow/_acc_msk_brain1".
250329-15:17:16,353 nipype.workflow INFO:
	 [Node] Executing "_acc_msk_brain1" <niworkflows.interfaces.nibabel.ApplyMask>
250329-15:17:16,869 nipype.workflow INFO:
	 [Node] Finished "_acc_msk_brain2", elapsed time 0.575564s.
250329-15:17:16,911 nipype.workflow INFO:
	 [Node] Finished "_acc_msk_brain1", elapsed time 0.557071s.
250329-15:17:17,27 nipype.workflow INFO:
	 [Node] Finished "_acc_msk_brain0", elapsed time 0.683673s.
250329-15:17:17,322 nipype.workflow INFO:
	 [Node] Finished "_acc_msk_tfm2", elapsed time 5.178965s.
250329-15:17:18,19 nipype.workflow INFO:
	 [Node] Setting-up "_acc_msk_brain0" in "/work_dir/fmriprep_24_0_wf/sub_31_wf/bold_task_bird_run_5_wf/bold_confounds_wf/acc_msk_brain/mapflow/_acc_msk_brain0".
250329-15:17:18,20 nipype.workflow INFO:
	 [Node] Cached "_acc_msk_brain0" - collecting precomputed outputs
250329-15:17:18,20 nipype.workflow INFO:
	 [Node] "_acc_msk_brain0" found cached.
250329-15:17:18,21 nipype.workflow INFO:
	 [Node] Setting-up "_acc_msk_brain1" in "/work_dir/fmriprep_24_0_wf/sub_31_wf/bold_task_bird_run_5_wf/bold_confounds_wf/acc_msk_brain/mapflow/_acc_msk_brain1".
250329-15:17:18,22 nipype.workflow INFO:
	 [Node] Cached "_acc_msk_brain1" - collecting precomputed outputs
250329-15:17:18,22 nipype.workflow INFO:
	 [Node] "_acc_msk_brain1" found cached.
250329-15:17:18,22 nipype.workflow INFO:
	 [Node] Setting-up "_acc_msk_brain2" in "/work_dir/fmriprep_24_0_wf/sub_31_wf/bold_task_bird_run_5_wf/bold_confounds_wf/acc_msk_brain/mapflow/_acc_msk_brain2".
250329-15:17:18,23 nipype.workflow INFO:
	 [Node] Cached "_acc_msk_brain2" - collecting precomputed outputs
250329-15:17:18,23 nipype.workflow INFO:
	 [Node] "_acc_msk_brain2" found cached.
250329-15:17:18,26 nipype.workflow INFO:
	 [Node] Setting-up "_acc_msk_brain2" in "/work_dir/fmriprep_24_0_wf/sub_31_wf/bold_task_bird_run_1_wf/bold_confounds_wf/acc_msk_brain/mapflow/_acc_msk_brain2".
250329-15:17:18,28 nipype.workflow INFO:
	 [Node] Executing "_acc_msk_brain2" <niworkflows.interfaces.nibabel.ApplyMask>
250329-15:17:18,37 nipype.workflow INFO:
	 [Node] Setting-up "_acc_msk_brain0" in "/work_dir/fmriprep_24_0_wf/sub_31_wf/bold_task_bird_run_3_wf/bold_confounds_wf/acc_msk_brain/mapflow/_acc_msk_brain0".
250329-15:17:18,39 nipype.workflow INFO:
	 [Node] Executing "_acc_msk_brain0" <niworkflows.interfaces.nibabel.ApplyMask>
250329-15:17:18,49 nipype.workflow INFO:
	 [Node] Setting-up "_acc_msk_brain1" in "/work_dir/fmriprep_24_0_wf/sub_31_wf/bold_task_bird_run_3_wf/bold_confounds_wf/acc_msk_brain/mapflow/_acc_msk_brain1".
250329-15:17:18,51 nipype.workflow INFO:
	 [Node] Executing "_acc_msk_brain1" <niworkflows.interfaces.nibabel.ApplyMask>
250329-15:17:18,305 nipype.workflow INFO:
	 [Node] Finished "_acc_msk_brain2", elapsed time 0.276352s.
250329-15:17:18,403 nipype.workflow INFO:
	 [Node] Finished "_acc_msk_brain1", elapsed time 0.351095s.
250329-15:17:18,727 nipype.workflow INFO:
	 [Node] Finished "_acc_msk_brain0", elapsed time 0.686999s.
250329-15:17:19,987 nipype.workflow INFO:
	 [Node] Setting-up "_acc_msk_tfm0" in "/work_dir/fmriprep_24_0_wf/sub_31_wf/bold_task_bird_run_2_wf/bold_confounds_wf/acc_msk_tfm/mapflow/_acc_msk_tfm0".
250329-15:17:19,989 nipype.workflow INFO:
	 [Node] Cached "_acc_msk_tfm0" - collecting precomputed outputs
250329-15:17:19,989 nipype.workflow INFO:
	 [Node] "_acc_msk_tfm0" found cached.
250329-15:17:19,990 nipype.workflow INFO:
	 [Node] Setting-up "_acc_msk_tfm1" in "/work_dir/fmriprep_24_0_wf/sub_31_wf/bold_task_bird_run_2_wf/bold_confounds_wf/acc_msk_tfm/mapflow/_acc_msk_tfm1".
250329-15:17:19,991 nipype.workflow INFO:
	 [Node] Cached "_acc_msk_tfm1" - collecting precomputed outputs
250329-15:17:19,991 nipype.workflow INFO:
	 [Node] "_acc_msk_tfm1" found cached.
250329-15:17:19,994 nipype.workflow INFO:
	 [Node] Setting-up "_acc_msk_tfm2" in "/work_dir/fmriprep_24_0_wf/sub_31_wf/bold_task_bird_run_2_wf/bold_confounds_wf/acc_msk_tfm/mapflow/_acc_msk_tfm2".
250329-15:17:19,995 nipype.workflow INFO:
	 [Node] Cached "_acc_msk_tfm2" - collecting precomputed outputs
250329-15:17:19,995 nipype.workflow INFO:
	 [Node] "_acc_msk_tfm2" found cached.
250329-15:17:19,997 nipype.workflow INFO:
	 [Node] Setting-up "_acc_msk_brain0" in "/work_dir/fmriprep_24_0_wf/sub_31_wf/bold_task_bird_run_1_wf/bold_confounds_wf/acc_msk_brain/mapflow/_acc_msk_brain0".
250329-15:17:19,998 nipype.workflow INFO:
	 [Node] Cached "_acc_msk_brain0" - collecting precomputed outputs
250329-15:17:19,998 nipype.workflow INFO:
	 [Node] "_acc_msk_brain0" found cached.
250329-15:17:19,999 nipype.workflow INFO:
	 [Node] Setting-up "_acc_msk_brain1" in "/work_dir/fmriprep_24_0_wf/sub_31_wf/bold_task_bird_run_1_wf/bold_confounds_wf/acc_msk_brain/mapflow/_acc_msk_brain1".
250329-15:17:20,0 nipype.workflow INFO:
	 [Node] Cached "_acc_msk_brain1" - collecting precomputed outputs
250329-15:17:20,0 nipype.workflow INFO:
	 [Node] "_acc_msk_brain1" found cached.
250329-15:17:20,0 nipype.workflow INFO:
	 [Node] Setting-up "_acc_msk_brain2" in "/work_dir/fmriprep_24_0_wf/sub_31_wf/bold_task_bird_run_1_wf/bold_confounds_wf/acc_msk_brain/mapflow/_acc_msk_brain2".
250329-15:17:20,1 nipype.workflow INFO:
	 [Node] Cached "_acc_msk_brain2" - collecting precomputed outputs
250329-15:17:20,1 nipype.workflow INFO:
	 [Node] "_acc_msk_brain2" found cached.
250329-15:17:20,25 nipype.workflow INFO:
	 [Node] Setting-up "_acc_msk_brain2" in "/work_dir/fmriprep_24_0_wf/sub_31_wf/bold_task_bird_run_3_wf/bold_confounds_wf/acc_msk_brain/mapflow/_acc_msk_brain2".
250329-15:17:20,26 nipype.workflow INFO:
	 [Node] Executing "_acc_msk_brain2" <niworkflows.interfaces.nibabel.ApplyMask>
250329-15:17:20,37 nipype.workflow INFO:
	 [Node] Setting-up "_acc_msk_brain0" in "/work_dir/fmriprep_24_0_wf/sub_31_wf/bold_task_bird_run_4_wf/bold_confounds_wf/acc_msk_brain/mapflow/_acc_msk_brain0".
250329-15:17:20,39 nipype.workflow INFO:
	 [Node] Executing "_acc_msk_brain0" <niworkflows.interfaces.nibabel.ApplyMask>
250329-15:17:20,57 nipype.workflow INFO:
	 [Node] Setting-up "_acc_msk_brain1" in "/work_dir/fmriprep_24_0_wf/sub_31_wf/bold_task_bird_run_4_wf/bold_confounds_wf/acc_msk_brain/mapflow/_acc_msk_brain1".
250329-15:17:20,59 nipype.workflow INFO:
	 [Node] Executing "_acc_msk_brain1" <niworkflows.interfaces.nibabel.ApplyMask>
250329-15:17:20,420 nipype.workflow INFO:
	 [Node] Finished "_acc_msk_brain2", elapsed time 0.370769s.
250329-15:17:20,457 nipype.workflow INFO:
	 [Node] Finished "_acc_msk_brain1", elapsed time 0.358445s.
250329-15:17:20,512 nipype.workflow INFO:
	 [Node] Finished "_acc_msk_brain0", elapsed time 0.473186s.
250329-15:17:22,8 nipype.workflow INFO:
	 [Node] Setting-up "_acc_msk_brain0" in "/work_dir/fmriprep_24_0_wf/sub_31_wf/bold_task_bird_run_3_wf/bold_confounds_wf/acc_msk_brain/mapflow/_acc_msk_brain0".
250329-15:17:22,9 nipype.workflow INFO:
	 [Node] Cached "_acc_msk_brain0" - collecting precomputed outputs
250329-15:17:22,9 nipype.workflow INFO:
	 [Node] "_acc_msk_brain0" found cached.
250329-15:17:22,9 nipype.workflow INFO:
	 [Node] Setting-up "_acc_msk_brain1" in "/work_dir/fmriprep_24_0_wf/sub_31_wf/bold_task_bird_run_3_wf/bold_confounds_wf/acc_msk_brain/mapflow/_acc_msk_brain1".
250329-15:17:22,10 nipype.workflow INFO:
	 [Node] Cached "_acc_msk_brain1" - collecting precomputed outputs
250329-15:17:22,10 nipype.workflow INFO:
	 [Node] "_acc_msk_brain1" found cached.
250329-15:17:22,11 nipype.workflow INFO:
	 [Node] Setting-up "_acc_msk_brain2" in "/work_dir/fmriprep_24_0_wf/sub_31_wf/bold_task_bird_run_3_wf/bold_confounds_wf/acc_msk_brain/mapflow/_acc_msk_brain2".
250329-15:17:22,12 nipype.workflow INFO:
	 [Node] Cached "_acc_msk_brain2" - collecting precomputed outputs
250329-15:17:22,12 nipype.workflow INFO:
	 [Node] "_acc_msk_brain2" found cached.
250329-15:17:22,34 nipype.workflow INFO:
	 [Node] Setting-up "_acc_msk_brain2" in "/work_dir/fmriprep_24_0_wf/sub_31_wf/bold_task_bird_run_4_wf/bold_confounds_wf/acc_msk_brain/mapflow/_acc_msk_brain2".
250329-15:17:22,35 nipype.workflow INFO:
	 [Node] Executing "_acc_msk_brain2" <niworkflows.interfaces.nibabel.ApplyMask>
250329-15:17:22,55 nipype.workflow INFO:
	 [Node] Setting-up "_acc_msk_brain0" in "/work_dir/fmriprep_24_0_wf/sub_31_wf/bold_task_bird_run_6_wf/bold_confounds_wf/acc_msk_brain/mapflow/_acc_msk_brain0".
250329-15:17:22,57 nipype.workflow INFO:
	 [Node] Executing "_acc_msk_brain0" <niworkflows.interfaces.nibabel.ApplyMask>
250329-15:17:22,71 nipype.workflow INFO:
	 [Node] Setting-up "_acc_msk_brain1" in "/work_dir/fmriprep_24_0_wf/sub_31_wf/bold_task_bird_run_6_wf/bold_confounds_wf/acc_msk_brain/mapflow/_acc_msk_brain1".
250329-15:17:22,73 nipype.workflow INFO:
	 [Node] Executing "_acc_msk_brain1" <niworkflows.interfaces.nibabel.ApplyMask>
250329-15:17:22,77 nipype.workflow INFO:
	 [Node] Setting-up "_acc_msk_brain2" in "/work_dir/fmriprep_24_0_wf/sub_31_wf/bold_task_bird_run_6_wf/bold_confounds_wf/acc_msk_brain/mapflow/_acc_msk_brain2".
250329-15:17:22,78 nipype.workflow INFO:
	 [Node] Executing "_acc_msk_brain2" <niworkflows.interfaces.nibabel.ApplyMask>
250329-15:17:22,402 nipype.workflow INFO:
	 [Node] Finished "_acc_msk_brain2", elapsed time 0.323014s.
250329-15:17:22,469 nipype.workflow INFO:
	 [Node] Finished "_acc_msk_brain2", elapsed time 0.433259s.
250329-15:17:22,513 nipype.workflow INFO:
	 [Node] Finished "_acc_msk_brain1", elapsed time 0.439849s.
250329-15:17:22,619 nipype.workflow INFO:
	 [Node] Finished "_acc_msk_brain0", elapsed time 0.561166s.
250329-15:17:23,918 nipype.workflow INFO:
	 [Node] Setting-up "_acc_msk_brain0" in "/work_dir/fmriprep_24_0_wf/sub_31_wf/bold_task_bird_run_4_wf/bold_confounds_wf/acc_msk_brain/mapflow/_acc_msk_brain0".
250329-15:17:23,919 nipype.workflow INFO:
	 [Node] Cached "_acc_msk_brain0" - collecting precomputed outputs
250329-15:17:23,919 nipype.workflow INFO:
	 [Node] "_acc_msk_brain0" found cached.
250329-15:17:23,920 nipype.workflow INFO:
	 [Node] Setting-up "_acc_msk_brain1" in "/work_dir/fmriprep_24_0_wf/sub_31_wf/bold_task_bird_run_4_wf/bold_confounds_wf/acc_msk_brain/mapflow/_acc_msk_brain1".
250329-15:17:23,921 nipype.workflow INFO:
	 [Node] Cached "_acc_msk_brain1" - collecting precomputed outputs
250329-15:17:23,921 nipype.workflow INFO:
	 [Node] "_acc_msk_brain1" found cached.
250329-15:17:23,921 nipype.workflow INFO:
	 [Node] Setting-up "_acc_msk_brain2" in "/work_dir/fmriprep_24_0_wf/sub_31_wf/bold_task_bird_run_4_wf/bold_confounds_wf/acc_msk_brain/mapflow/_acc_msk_brain2".
250329-15:17:23,922 nipype.workflow INFO:
	 [Node] Cached "_acc_msk_brain2" - collecting precomputed outputs
250329-15:17:23,922 nipype.workflow INFO:
	 [Node] "_acc_msk_brain2" found cached.
250329-15:17:23,930 nipype.workflow INFO:
	 [Node] Setting-up "_acc_msk_brain0" in "/work_dir/fmriprep_24_0_wf/sub_31_wf/bold_task_bird_run_6_wf/bold_confounds_wf/acc_msk_brain/mapflow/_acc_msk_brain0".
250329-15:17:23,931 nipype.workflow INFO:
	 [Node] Cached "_acc_msk_brain0" - collecting precomputed outputs
250329-15:17:23,931 nipype.workflow INFO:
	 [Node] "_acc_msk_brain0" found cached.
250329-15:17:23,932 nipype.workflow INFO:
	 [Node] Setting-up "_acc_msk_brain1" in "/work_dir/fmriprep_24_0_wf/sub_31_wf/bold_task_bird_run_6_wf/bold_confounds_wf/acc_msk_brain/mapflow/_acc_msk_brain1".
250329-15:17:23,932 nipype.workflow INFO:
	 [Node] Cached "_acc_msk_brain1" - collecting precomputed outputs
250329-15:17:23,933 nipype.workflow INFO:
	 [Node] "_acc_msk_brain1" found cached.
250329-15:17:23,933 nipype.workflow INFO:
	 [Node] Setting-up "_acc_msk_brain2" in "/work_dir/fmriprep_24_0_wf/sub_31_wf/bold_task_bird_run_6_wf/bold_confounds_wf/acc_msk_brain/mapflow/_acc_msk_brain2".
250329-15:17:23,934 nipype.workflow INFO:
	 [Node] Cached "_acc_msk_brain2" - collecting precomputed outputs
250329-15:17:23,934 nipype.workflow INFO:
	 [Node] "_acc_msk_brain2" found cached.
250329-15:17:23,947 nipype.workflow INFO:
	 [Node] Setting-up "_acc_msk_bin0" in "/work_dir/fmriprep_24_0_wf/sub_31_wf/bold_task_bird_run_5_wf/bold_confounds_wf/acc_msk_bin/mapflow/_acc_msk_bin0".
250329-15:17:23,948 nipype.workflow INFO:
	 [Node] Executing "_acc_msk_bin0" <niworkflows.interfaces.nibabel.Binarize>
250329-15:17:23,980 nipype.workflow INFO:
	 [Node] Setting-up "_acc_msk_bin1" in "/work_dir/fmriprep_24_0_wf/sub_31_wf/bold_task_bird_run_5_wf/bold_confounds_wf/acc_msk_bin/mapflow/_acc_msk_bin1".
250329-15:17:23,982 nipype.workflow INFO:
	 [Node] Executing "_acc_msk_bin1" <niworkflows.interfaces.nibabel.Binarize>
250329-15:17:24,3 nipype.workflow INFO:
	 [Node] Setting-up "_acc_msk_bin2" in "/work_dir/fmriprep_24_0_wf/sub_31_wf/bold_task_bird_run_5_wf/bold_confounds_wf/acc_msk_bin/mapflow/_acc_msk_bin2".
250329-15:17:24,5 nipype.workflow INFO:
	 [Node] Executing "_acc_msk_bin2" <niworkflows.interfaces.nibabel.Binarize>
250329-15:17:24,170 nipype.workflow INFO:
	 [Node] Finished "_acc_msk_bin1", elapsed time 0.187422s.
250329-15:17:24,193 nipype.workflow INFO:
	 [Node] Finished "_acc_msk_bin0", elapsed time 0.243909s.
250329-15:17:24,260 nipype.workflow INFO:
	 [Node] Finished "_acc_msk_bin2", elapsed time 0.255005s.
250329-15:17:25,774 nipype.workflow INFO:
	 [Node] Setting-up "_acc_msk_bin0" in "/work_dir/fmriprep_24_0_wf/sub_31_wf/bold_task_bird_run_5_wf/bold_confounds_wf/acc_msk_bin/mapflow/_acc_msk_bin0".
250329-15:17:25,775 nipype.workflow INFO:
	 [Node] Cached "_acc_msk_bin0" - collecting precomputed outputs
250329-15:17:25,775 nipype.workflow INFO:
	 [Node] "_acc_msk_bin0" found cached.
250329-15:17:25,776 nipype.workflow INFO:
	 [Node] Setting-up "_acc_msk_bin1" in "/work_dir/fmriprep_24_0_wf/sub_31_wf/bold_task_bird_run_5_wf/bold_confounds_wf/acc_msk_bin/mapflow/_acc_msk_bin1".
250329-15:17:25,776 nipype.workflow INFO:
	 [Node] Cached "_acc_msk_bin1" - collecting precomputed outputs
250329-15:17:25,776 nipype.workflow INFO:
	 [Node] "_acc_msk_bin1" found cached.
250329-15:17:25,777 nipype.workflow INFO:
	 [Node] Setting-up "_acc_msk_bin2" in "/work_dir/fmriprep_24_0_wf/sub_31_wf/bold_task_bird_run_5_wf/bold_confounds_wf/acc_msk_bin/mapflow/_acc_msk_bin2".
250329-15:17:25,778 nipype.workflow INFO:
	 [Node] Cached "_acc_msk_bin2" - collecting precomputed outputs
250329-15:17:25,778 nipype.workflow INFO:
	 [Node] "_acc_msk_bin2" found cached.
250329-15:17:25,791 nipype.workflow INFO:
	 [Node] Setting-up "_acc_msk_brain0" in "/work_dir/fmriprep_24_0_wf/sub_31_wf/bold_task_bird_run_2_wf/bold_confounds_wf/acc_msk_brain/mapflow/_acc_msk_brain0".
250329-15:17:25,793 nipype.workflow INFO:
	 [Node] Executing "_acc_msk_brain0" <niworkflows.interfaces.nibabel.ApplyMask>
250329-15:17:25,818 nipype.workflow INFO:
	 [Node] Setting-up "_acc_msk_brain1" in "/work_dir/fmriprep_24_0_wf/sub_31_wf/bold_task_bird_run_2_wf/bold_confounds_wf/acc_msk_brain/mapflow/_acc_msk_brain1".
250329-15:17:25,819 nipype.workflow INFO:
	 [Node] Executing "_acc_msk_brain1" <niworkflows.interfaces.nibabel.ApplyMask>
250329-15:17:25,829 nipype.workflow INFO:
	 [Node] Setting-up "_acc_msk_brain2" in "/work_dir/fmriprep_24_0_wf/sub_31_wf/bold_task_bird_run_2_wf/bold_confounds_wf/acc_msk_brain/mapflow/_acc_msk_brain2".
250329-15:17:25,831 nipype.workflow INFO:
	 [Node] Executing "_acc_msk_brain2" <niworkflows.interfaces.nibabel.ApplyMask>
250329-15:17:25,834 nipype.workflow INFO:
	 [Node] Setting-up "_acc_msk_bin0" in "/work_dir/fmriprep_24_0_wf/sub_31_wf/bold_task_bird_run_1_wf/bold_confounds_wf/acc_msk_bin/mapflow/_acc_msk_bin0".
250329-15:17:25,836 nipype.workflow INFO:
	 [Node] Executing "_acc_msk_bin0" <niworkflows.interfaces.nibabel.Binarize>
250329-15:17:26,133 nipype.workflow INFO:
	 [Node] Finished "_acc_msk_brain1", elapsed time 0.312459s.
250329-15:17:26,133 nipype.workflow INFO:
	 [Node] Finished "_acc_msk_bin0", elapsed time 0.29697s.
250329-15:17:26,179 nipype.workflow INFO:
	 [Node] Finished "_acc_msk_brain2", elapsed time 0.347541s.
250329-15:17:26,223 nipype.workflow INFO:
	 [Node] Finished "_acc_msk_brain0", elapsed time 0.42915s.
250329-15:17:27,881 nipype.workflow INFO:
	 [Node] Setting-up "fmriprep_24_0_wf.sub_31_wf.bold_task_bird_run_5_wf.bold_confounds_wf.acompcor" in "/work_dir/fmriprep_24_0_wf/sub_31_wf/bold_task_bird_run_5_wf/bold_confounds_wf/acompcor".
250329-15:17:27,884 nipype.workflow INFO:
	 [Node] Setting-up "_acc_msk_brain0" in "/work_dir/fmriprep_24_0_wf/sub_31_wf/bold_task_bird_run_2_wf/bold_confounds_wf/acc_msk_brain/mapflow/_acc_msk_brain0".
250329-15:17:27,885 nipype.workflow INFO:
	 [Node] Cached "_acc_msk_brain0" - collecting precomputed outputs
250329-15:17:27,885 nipype.workflow INFO:
	 [Node] "_acc_msk_brain0" found cached.
250329-15:17:27,885 nipype.workflow INFO:
	 [Node] Setting-up "_acc_msk_brain1" in "/work_dir/fmriprep_24_0_wf/sub_31_wf/bold_task_bird_run_2_wf/bold_confounds_wf/acc_msk_brain/mapflow/_acc_msk_brain1".
250329-15:17:27,886 nipype.workflow INFO:
	 [Node] Cached "_acc_msk_brain1" - collecting precomputed outputs
250329-15:17:27,886 nipype.workflow INFO:
	 [Node] "_acc_msk_brain1" found cached.
250329-15:17:27,887 nipype.workflow INFO:
	 [Node] Executing "acompcor" <niworkflows.interfaces.patches.RobustACompCor>
250329-15:17:27,887 nipype.workflow INFO:
	 [Node] Setting-up "_acc_msk_brain2" in "/work_dir/fmriprep_24_0_wf/sub_31_wf/bold_task_bird_run_2_wf/bold_confounds_wf/acc_msk_brain/mapflow/_acc_msk_brain2".
250329-15:17:27,888 nipype.workflow INFO:
	 [Node] Cached "_acc_msk_brain2" - collecting precomputed outputs
250329-15:17:27,888 nipype.workflow INFO:
	 [Node] "_acc_msk_brain2" found cached.
250329-15:17:28,392 nipype.workflow INFO:
	 [Node] Finished "crowncompcor", elapsed time 19.926175s.
250329-15:17:29,429 nipype.workflow INFO:
	 [Node] Setting-up "_acc_msk_bin1" in "/work_dir/fmriprep_24_0_wf/sub_31_wf/bold_task_bird_run_1_wf/bold_confounds_wf/acc_msk_bin/mapflow/_acc_msk_bin1".
250329-15:17:29,431 nipype.workflow INFO:
	 [Node] Executing "_acc_msk_bin1" <niworkflows.interfaces.nibabel.Binarize>
250329-15:17:29,437 nipype.workflow INFO:
	 [Node] Setting-up "_acc_msk_bin2" in "/work_dir/fmriprep_24_0_wf/sub_31_wf/bold_task_bird_run_1_wf/bold_confounds_wf/acc_msk_bin/mapflow/_acc_msk_bin2".
250329-15:17:29,438 nipype.workflow INFO:
	 [Node] Executing "_acc_msk_bin2" <niworkflows.interfaces.nibabel.Binarize>
250329-15:17:29,447 nipype.workflow INFO:
	 [Node] Setting-up "_acc_msk_bin0" in "/work_dir/fmriprep_24_0_wf/sub_31_wf/bold_task_bird_run_3_wf/bold_confounds_wf/acc_msk_bin/mapflow/_acc_msk_bin0".
250329-15:17:29,449 nipype.workflow INFO:
	 [Node] Executing "_acc_msk_bin0" <niworkflows.interfaces.nibabel.Binarize>
250329-15:17:29,623 nipype.workflow INFO:
	 [Node] Finished "_acc_msk_bin2", elapsed time 0.184265s.
250329-15:17:29,720 nipype.workflow INFO:
	 [Node] Finished "_acc_msk_bin1", elapsed time 0.288868s.
250329-15:17:29,784 nipype.workflow INFO:
	 [Node] Finished "_acc_msk_bin0", elapsed time 0.335043s.
250329-15:17:29,914 nipype.workflow INFO:
	 [Node] Setting-up "fmriprep_24_0_wf.sub_31_wf.bold_task_bird_run_5_wf.bold_confounds_wf.signals" in "/work_dir/fmriprep_24_0_wf/sub_31_wf/bold_task_bird_run_5_wf/bold_confounds_wf/signals".
250329-15:17:29,921 nipype.workflow INFO:
	 [Node] Executing "signals" <niworkflows.interfaces.images.SignalExtraction>
250329-15:17:29,922 nipype.workflow INFO:
	 [Node] Setting-up "fmriprep_24_0_wf.sub_31_wf.bold_task_bird_run_5_wf.bold_confounds_wf.crowncc_metadata_fmt" in "/work_dir/fmriprep_24_0_wf/sub_31_wf/bold_task_bird_run_5_wf/bold_confounds_wf/crowncc_metadata_fmt".
250329-15:17:29,925 nipype.workflow INFO:
	 [Node] Executing "crowncc_metadata_fmt" <niworkflows.interfaces.utility.TSV2JSON>
250329-15:17:29,932 nipype.workflow INFO:
	 [Node] Finished "crowncc_metadata_fmt", elapsed time 0.006083s.
250329-15:17:30,220 nipype.workflow INFO:
	 [Node] Finished "crowncompcor", elapsed time 24.01227s.
250329-15:17:32,143 nipype.workflow INFO:
	 [Node] Setting-up "fmriprep_24_0_wf.sub_31_wf.bold_task_bird_run_6_wf.bold_confounds_wf.crowncc_metadata_fmt" in "/work_dir/fmriprep_24_0_wf/sub_31_wf/bold_task_bird_run_6_wf/bold_confounds_wf/crowncc_metadata_fmt".
250329-15:17:32,145 nipype.workflow INFO:
	 [Node] Setting-up "_acc_msk_bin0" in "/work_dir/fmriprep_24_0_wf/sub_31_wf/bold_task_bird_run_1_wf/bold_confounds_wf/acc_msk_bin/mapflow/_acc_msk_bin0".
250329-15:17:32,145 nipype.workflow INFO:
	 [Node] Executing "crowncc_metadata_fmt" <niworkflows.interfaces.utility.TSV2JSON>
250329-15:17:32,145 nipype.workflow INFO:
	 [Node] Cached "_acc_msk_bin0" - collecting precomputed outputs
250329-15:17:32,145 nipype.workflow INFO:
	 [Node] "_acc_msk_bin0" found cached.
250329-15:17:32,146 nipype.workflow INFO:
	 [Node] Setting-up "fmriprep_24_0_wf.sub_31_wf.bold_task_bird_run_5_wf.bold_confounds_wf.rois_plot" in "/work_dir/fmriprep_24_0_wf/sub_31_wf/bold_task_bird_run_5_wf/bold_confounds_wf/rois_plot".
250329-15:17:32,146 nipype.workflow INFO:
	 [Node] Setting-up "_acc_msk_bin1" in "/work_dir/fmriprep_24_0_wf/sub_31_wf/bold_task_bird_run_1_wf/bold_confounds_wf/acc_msk_bin/mapflow/_acc_msk_bin1".
250329-15:17:32,147 nipype.workflow INFO:
	 [Node] Cached "_acc_msk_bin1" - collecting precomputed outputs
250329-15:17:32,147 nipype.workflow INFO:
	 [Node] "_acc_msk_bin1" found cached.
250329-15:17:32,148 nipype.workflow INFO:
	 [Node] Setting-up "_acc_msk_bin2" in "/work_dir/fmriprep_24_0_wf/sub_31_wf/bold_task_bird_run_1_wf/bold_confounds_wf/acc_msk_bin/mapflow/_acc_msk_bin2".
250329-15:17:32,148 nipype.workflow INFO:
	 [Node] Setting-up "_acc_msk_bin1" in "/work_dir/fmriprep_24_0_wf/sub_31_wf/bold_task_bird_run_3_wf/bold_confounds_wf/acc_msk_bin/mapflow/_acc_msk_bin1".
250329-15:17:32,148 nipype.workflow INFO:
	 [Node] Cached "_acc_msk_bin2" - collecting precomputed outputs
250329-15:17:32,149 nipype.workflow INFO:
	 [Node] "_acc_msk_bin2" found cached.
250329-15:17:32,149 nipype.workflow INFO:
	 [Node] Executing "_acc_msk_bin1" <niworkflows.interfaces.nibabel.Binarize>
250329-15:17:32,151 nipype.workflow INFO:
	 [Node] Setting-up "_acc_msk_bin2" in "/work_dir/fmriprep_24_0_wf/sub_31_wf/bold_task_bird_run_3_wf/bold_confounds_wf/acc_msk_bin/mapflow/_acc_msk_bin2".
250329-15:17:32,153 nipype.workflow INFO:
	 [Node] Executing "_acc_msk_bin2" <niworkflows.interfaces.nibabel.Binarize>
250329-15:17:32,163 nipype.workflow INFO:
	 [Node] Finished "crowncc_metadata_fmt", elapsed time 0.017102s.
250329-15:17:32,195 nipype.workflow INFO:
	 [Node] Executing "rois_plot" <niworkflows.interfaces.reportlets.masks.ROIsPlot>
250329-15:17:32,358 nipype.workflow INFO:
	 [Node] Finished "_acc_msk_bin1", elapsed time 0.207848s.
250329-15:17:32,363 nipype.workflow INFO:
	 [Node] Finished "_acc_msk_bin2", elapsed time 0.20989s.
250329-15:17:34,47 nipype.workflow INFO:
	 [Node] Setting-up "_acc_msk_bin0" in "/work_dir/fmriprep_24_0_wf/sub_31_wf/bold_task_bird_run_3_wf/bold_confounds_wf/acc_msk_bin/mapflow/_acc_msk_bin0".
250329-15:17:34,48 nipype.workflow INFO:
	 [Node] Cached "_acc_msk_bin0" - collecting precomputed outputs
250329-15:17:34,48 nipype.workflow INFO:
	 [Node] "_acc_msk_bin0" found cached.
250329-15:17:34,49 nipype.workflow INFO:
	 [Node] Setting-up "_acc_msk_bin1" in "/work_dir/fmriprep_24_0_wf/sub_31_wf/bold_task_bird_run_3_wf/bold_confounds_wf/acc_msk_bin/mapflow/_acc_msk_bin1".
250329-15:17:34,50 nipype.workflow INFO:
	 [Node] Cached "_acc_msk_bin1" - collecting precomputed outputs
250329-15:17:34,50 nipype.workflow INFO:
	 [Node] "_acc_msk_bin1" found cached.
250329-15:17:34,51 nipype.workflow INFO:
	 [Node] Setting-up "fmriprep_24_0_wf.sub_31_wf.bold_task_bird_run_1_wf.bold_confounds_wf.acompcor" in "/work_dir/fmriprep_24_0_wf/sub_31_wf/bold_task_bird_run_1_wf/bold_confounds_wf/acompcor".
250329-15:17:34,52 nipype.workflow INFO:
	 [Node] Setting-up "_acc_msk_bin2" in "/work_dir/fmriprep_24_0_wf/sub_31_wf/bold_task_bird_run_3_wf/bold_confounds_wf/acc_msk_bin/mapflow/_acc_msk_bin2".
250329-15:17:34,53 nipype.workflow INFO:
	 [Node] Cached "_acc_msk_bin2" - collecting precomputed outputs
250329-15:17:34,53 nipype.workflow INFO:
	 [Node] "_acc_msk_bin2" found cached.
250329-15:17:34,117 nipype.workflow INFO:
	 [Node] Executing "acompcor" <niworkflows.interfaces.patches.RobustACompCor>
250329-15:17:35,219 nipype.workflow INFO:
	 [Node] Setting-up "_acc_msk_bin0" in "/work_dir/fmriprep_24_0_wf/sub_31_wf/bold_task_bird_run_4_wf/bold_confounds_wf/acc_msk_bin/mapflow/_acc_msk_bin0".
250329-15:17:35,220 nipype.workflow INFO:
	 [Node] Executing "_acc_msk_bin0" <niworkflows.interfaces.nibabel.Binarize>
250329-15:17:35,222 nipype.workflow INFO:
	 [Node] Setting-up "_acc_msk_bin1" in "/work_dir/fmriprep_24_0_wf/sub_31_wf/bold_task_bird_run_4_wf/bold_confounds_wf/acc_msk_bin/mapflow/_acc_msk_bin1".
250329-15:17:35,223 nipype.workflow INFO:
	 [Node] Executing "_acc_msk_bin1" <niworkflows.interfaces.nibabel.Binarize>
250329-15:17:35,603 nipype.workflow INFO:
	 [Node] Finished "_acc_msk_bin1", elapsed time 0.358628s.
250329-15:17:35,646 nipype.workflow INFO:
	 [Node] Finished "_acc_msk_bin0", elapsed time 0.425082s.
250329-15:17:36,22 nipype.workflow INFO:
	 [Node] Setting-up "fmriprep_24_0_wf.sub_31_wf.bold_task_bird_run_3_wf.bold_confounds_wf.acompcor" in "/work_dir/fmriprep_24_0_wf/sub_31_wf/bold_task_bird_run_3_wf/bold_confounds_wf/acompcor".
250329-15:17:36,26 nipype.workflow INFO:
	 [Node] Executing "acompcor" <niworkflows.interfaces.patches.RobustACompCor>
250329-15:17:39,344 nipype.workflow INFO:
	 [Node] Setting-up "fmriprep_24_0_wf.sub_31_wf.bold_task_bird_run_1_wf.bold_confounds_wf.signals" in "/work_dir/fmriprep_24_0_wf/sub_31_wf/bold_task_bird_run_1_wf/bold_confounds_wf/signals".
250329-15:17:39,348 nipype.workflow INFO:
	 [Node] Executing "signals" <niworkflows.interfaces.images.SignalExtraction>
250329-15:17:39,372 nipype.workflow INFO:
	 [Node] Setting-up "fmriprep_24_0_wf.sub_31_wf.bold_task_bird_run_1_wf.bold_confounds_wf.rois_plot" in "/work_dir/fmriprep_24_0_wf/sub_31_wf/bold_task_bird_run_1_wf/bold_confounds_wf/rois_plot".
250329-15:17:39,432 nipype.workflow INFO:
	 [Node] Executing "rois_plot" <niworkflows.interfaces.reportlets.masks.ROIsPlot>
250329-15:17:42,152 nipype.workflow INFO:
	 [Node] Finished "acompcor", elapsed time 14.264459s.
250329-15:17:43,485 nipype.workflow INFO:
	 [Node] Finished "signals", elapsed time 13.562859s.
250329-15:17:44,13 nipype.workflow INFO:
	 [Node] Setting-up "fmriprep_24_0_wf.sub_31_wf.bold_task_bird_run_3_wf.bold_confounds_wf.signals" in "/work_dir/fmriprep_24_0_wf/sub_31_wf/bold_task_bird_run_3_wf/bold_confounds_wf/signals".
250329-15:17:44,17 nipype.workflow INFO:
	 [Node] Executing "signals" <niworkflows.interfaces.images.SignalExtraction>
250329-15:17:49,272 nipype.workflow INFO:
	 [Node] Finished "acompcor", elapsed time 15.15457s.
250329-15:17:49,369 nipype.workflow INFO:
	 [Node] Finished "seg_rpt", elapsed time 69.505918s.
250329-15:17:49,813 nipype.workflow INFO:
	 [Node] Setting-up "fmriprep_24_0_wf.sub_31_wf.bold_task_bird_run_5_wf.bold_confounds_wf.rename_acompcor" in "/work_dir/fmriprep_24_0_wf/sub_31_wf/bold_task_bird_run_5_wf/bold_confounds_wf/rename_acompcor".
250329-15:17:49,816 nipype.workflow INFO:
	 [Node] Executing "rename_acompcor" <fmriprep.interfaces.confounds.RenameACompCor>
250329-15:17:50,88 nipype.workflow INFO:
	 [Node] Finished "rename_acompcor", elapsed time 0.271862s.
250329-15:17:50,832 nipype.workflow INFO:
	 [Node] Finished "epi_t1_report", elapsed time 61.547946s.
250329-15:17:51,24 nipype.workflow INFO:
	 [Node] Finished "acompcor", elapsed time 14.997513s.
250329-15:17:51,142 nipype.workflow INFO:
	 [Node] Setting-up "fmriprep_24_0_wf.sub_31_wf.bold_task_bird_run_1_wf.bold_confounds_wf.rename_acompcor" in "/work_dir/fmriprep_24_0_wf/sub_31_wf/bold_task_bird_run_1_wf/bold_confounds_wf/rename_acompcor".
250329-15:17:51,145 nipype.workflow INFO:
	 [Node] Executing "rename_acompcor" <fmriprep.interfaces.confounds.RenameACompCor>
250329-15:17:51,219 nipype.workflow INFO:
	 [Node] Setting-up "fmriprep_24_0_wf.sub_31_wf.bold_task_bird_run_3_wf.bold_confounds_wf.rois_plot" in "/work_dir/fmriprep_24_0_wf/sub_31_wf/bold_task_bird_run_3_wf/bold_confounds_wf/rois_plot".
250329-15:17:51,224 nipype.workflow INFO:
	 [Node] Executing "rois_plot" <niworkflows.interfaces.reportlets.masks.ROIsPlot>
250329-15:17:51,343 nipype.workflow INFO:
	 [Node] Finished "rename_acompcor", elapsed time 0.192429s.
250329-15:17:51,376 nipype.workflow INFO:
	 [Node] Finished "epi_t1_report", elapsed time 64.642259s.
250329-15:17:51,795 nipype.workflow INFO:
	 [Node] Setting-up "fmriprep_24_0_wf.sub_31_wf.bold_task_bird_run_2_wf.bold_fit_wf.func_fit_reports_wf.ds_epi_t1_report" in "/work_dir/fmriprep_24_0_wf/sub_31_wf/bold_task_bird_run_2_wf/bold_fit_wf/func_fit_reports_wf/ds_epi_t1_report".
250329-15:17:51,805 nipype.workflow INFO:
	 [Node] Setting-up "fmriprep_24_0_wf.sub_31_wf.bold_task_bird_run_3_wf.bold_fit_wf.func_fit_reports_wf.ds_epi_t1_report" in "/work_dir/fmriprep_24_0_wf/sub_31_wf/bold_task_bird_run_3_wf/bold_fit_wf/func_fit_reports_wf/ds_epi_t1_report".
250329-15:17:51,808 nipype.workflow INFO:
	 [Node] Setting-up "fmriprep_24_0_wf.sub_31_wf.bold_task_bird_run_3_wf.bold_confounds_wf.rename_acompcor" in "/work_dir/fmriprep_24_0_wf/sub_31_wf/bold_task_bird_run_3_wf/bold_confounds_wf/rename_acompcor".
250329-15:17:51,810 nipype.workflow INFO:
	 [Node] Executing "rename_acompcor" <fmriprep.interfaces.confounds.RenameACompCor>
250329-15:17:51,810 nipype.workflow INFO:
	 [Node] Executing "ds_epi_t1_report" <fmriprep.interfaces.DerivativesDataSink>
250329-15:17:51,865 nipype.workflow INFO:
	 [Node] Finished "ds_epi_t1_report", elapsed time 0.053836s.
250329-15:17:52,128 nipype.workflow INFO:
	 [Node] Finished "rename_acompcor", elapsed time 0.317048s.
250329-15:17:52,241 nipype.workflow INFO:
	 [Node] Executing "ds_epi_t1_report" <fmriprep.interfaces.DerivativesDataSink>
250329-15:17:52,288 nipype.workflow INFO:
	 [Node] Finished "ds_epi_t1_report", elapsed time 0.032485s.
250329-15:17:52,519 nipype.workflow INFO:
	 [Node] Finished "epi_t1_report", elapsed time 64.580972s.
250329-15:17:53,151 nipype.workflow INFO:
	 [Node] Setting-up "fmriprep_24_0_wf.sub_31_wf.bold_task_bird_run_1_wf.bold_confounds_wf.acc_metadata_filter" in "/work_dir/fmriprep_24_0_wf/sub_31_wf/bold_task_bird_run_1_wf/bold_confounds_wf/acc_metadata_filter".
250329-15:17:53,153 nipype.workflow INFO:
	 [Node] Executing "acc_metadata_filter" <fmriprep.interfaces.confounds.FilterDropped>
250329-15:17:53,160 nipype.workflow INFO:
	 [Node] Finished "acc_metadata_filter", elapsed time 0.006503s.
250329-15:17:53,169 nipype.workflow INFO:
	 [Node] Setting-up "fmriprep_24_0_wf.sub_31_wf.bold_task_bird_run_5_wf.bold_confounds_wf.acc_metadata_filter" in "/work_dir/fmriprep_24_0_wf/sub_31_wf/bold_task_bird_run_5_wf/bold_confounds_wf/acc_metadata_filter".
250329-15:17:53,171 nipype.workflow INFO:
	 [Node] Executing "acc_metadata_filter" <fmriprep.interfaces.confounds.FilterDropped>
250329-15:17:53,177 nipype.workflow INFO:
	 [Node] Finished "acc_metadata_filter", elapsed time 0.00592s.
250329-15:17:53,655 nipype.workflow INFO:
	 [Node] Setting-up "fmriprep_24_0_wf.sub_31_wf.bold_task_bird_run_1_wf.bold_fit_wf.func_fit_reports_wf.ds_epi_t1_report" in "/work_dir/fmriprep_24_0_wf/sub_31_wf/bold_task_bird_run_1_wf/bold_fit_wf/func_fit_reports_wf/ds_epi_t1_report".
250329-15:17:53,666 nipype.workflow INFO:
	 [Node] Setting-up "fmriprep_24_0_wf.sub_31_wf.bold_task_bird_run_3_wf.bold_confounds_wf.acc_metadata_filter" in "/work_dir/fmriprep_24_0_wf/sub_31_wf/bold_task_bird_run_3_wf/bold_confounds_wf/acc_metadata_filter".
250329-15:17:53,669 nipype.workflow INFO:
	 [Node] Executing "acc_metadata_filter" <fmriprep.interfaces.confounds.FilterDropped>
250329-15:17:53,675 nipype.workflow INFO:
	 [Node] Finished "acc_metadata_filter", elapsed time 0.005512s.
250329-15:17:54,408 nipype.workflow INFO:
	 [Node] Setting-up "fmriprep_24_0_wf.sub_31_wf.bold_task_bird_run_1_wf.bold_confounds_wf.acc_metadata_fmt" in "/work_dir/fmriprep_24_0_wf/sub_31_wf/bold_task_bird_run_1_wf/bold_confounds_wf/acc_metadata_fmt".
250329-15:17:54,414 nipype.workflow INFO:
	 [Node] Executing "acc_metadata_fmt" <niworkflows.interfaces.utility.TSV2JSON>
250329-15:17:54,449 nipype.workflow INFO:
	 [Node] Finished "acc_metadata_fmt", elapsed time 0.018209s.
250329-15:17:54,549 nipype.workflow INFO:
	 [Node] Finished "signals", elapsed time 15.20005s.
250329-15:17:55,106 nipype.workflow INFO:
	 [Node] Setting-up "fmriprep_24_0_wf.sub_31_wf.bold_task_bird_run_1_wf.bold_confounds_wf.compcor_plot" in "/work_dir/fmriprep_24_0_wf/sub_31_wf/bold_task_bird_run_1_wf/bold_confounds_wf/compcor_plot".
250329-15:17:55,114 nipype.workflow INFO:
	 [Node] Executing "compcor_plot" <nireports.interfaces.nuisance.CompCorVariancePlot>
250329-15:17:55,579 nipype.workflow INFO:
	 [Node] Setting-up "fmriprep_24_0_wf.sub_31_wf.bold_task_bird_run_5_wf.bold_confounds_wf.compcor_plot" in "/work_dir/fmriprep_24_0_wf/sub_31_wf/bold_task_bird_run_5_wf/bold_confounds_wf/compcor_plot".
250329-15:17:55,585 nipype.workflow INFO:
	 [Node] Executing "compcor_plot" <nireports.interfaces.nuisance.CompCorVariancePlot>
250329-15:17:55,725 nipype.workflow INFO:
	 [Node] Setting-up "fmriprep_24_0_wf.sub_31_wf.bold_task_bird_run_3_wf.bold_confounds_wf.compcor_plot" in "/work_dir/fmriprep_24_0_wf/sub_31_wf/bold_task_bird_run_3_wf/bold_confounds_wf/compcor_plot".
250329-15:17:55,727 nipype.workflow INFO:
	 [Node] Executing "compcor_plot" <nireports.interfaces.nuisance.CompCorVariancePlot>
250329-15:17:56,299 nipype.workflow INFO:
	 [Node] Finished "compcor_plot", elapsed time 1.184473s.
250329-15:17:56,687 nipype.workflow INFO:
	 [Node] Setting-up "fmriprep_24_0_wf.sub_31_wf.bold_task_bird_run_3_wf.bold_confounds_wf.acc_metadata_fmt" in "/work_dir/fmriprep_24_0_wf/sub_31_wf/bold_task_bird_run_3_wf/bold_confounds_wf/acc_metadata_fmt".
250329-15:17:56,707 nipype.workflow INFO:
	 [Node] Setting-up "fmriprep_24_0_wf.sub_31_wf.bold_task_bird_run_5_wf.bold_confounds_wf.acc_metadata_fmt" in "/work_dir/fmriprep_24_0_wf/sub_31_wf/bold_task_bird_run_5_wf/bold_confounds_wf/acc_metadata_fmt".
250329-15:17:56,709 nipype.workflow INFO:
	 [Node] Executing "acc_metadata_fmt" <niworkflows.interfaces.utility.TSV2JSON>
250329-15:17:56,718 nipype.workflow INFO:
	 [Node] Setting-up "fmriprep_24_0_wf.sub_31_wf.bold_task_bird_run_5_wf.bold_confounds_wf.model_expansion" in "/work_dir/fmriprep_24_0_wf/sub_31_wf/bold_task_bird_run_5_wf/bold_confounds_wf/model_expansion".
250329-15:17:56,738 nipype.workflow INFO:
	 [Node] Finished "acc_metadata_fmt", elapsed time 0.028133s.
250329-15:17:57,34 nipype.workflow INFO:
	 [Node] Executing "model_expansion" <niworkflows.interfaces.confounds.ExpandModel>
250329-15:17:57,100 nipype.workflow INFO:
	 [Node] Executing "ds_epi_t1_report" <fmriprep.interfaces.DerivativesDataSink>
250329-15:17:57,147 nipype.workflow INFO:
	 [Node] Finished "ds_epi_t1_report", elapsed time 0.033784s.
250329-15:17:57,186 nipype.workflow INFO:
	 [Node] Finished "compcor_plot", elapsed time 1.458166s.
250329-15:17:57,204 nipype.workflow INFO:
	 [Node] Finished "compcor_plot", elapsed time 1.618449s.
250329-15:17:57,427 nipype.workflow INFO:
	 [Node] Finished "model_expansion", elapsed time 0.391669s.
250329-15:17:57,787 nipype.workflow INFO:
	 [Node] Finished "signals", elapsed time 13.769283s.
250329-15:17:57,830 nipype.workflow INFO:
	 [Node] Finished "epi_t1_report", elapsed time 69.307582s.
250329-15:17:57,989 nipype.workflow INFO:
	 [Node] Setting-up "fmriprep_24_0_wf.sub_31_wf.bold_task_bird_run_1_wf.bold_confounds_wf.model_expansion" in "/work_dir/fmriprep_24_0_wf/sub_31_wf/bold_task_bird_run_1_wf/bold_confounds_wf/model_expansion".
250329-15:17:57,991 nipype.workflow INFO:
	 [Node] Setting-up "fmriprep_24_0_wf.sub_31_wf.bold_task_bird_run_1_wf.bold_confounds_wf.conf_corr_plot" in "/work_dir/fmriprep_24_0_wf/sub_31_wf/bold_task_bird_run_1_wf/bold_confounds_wf/conf_corr_plot".
250329-15:17:57,996 nipype.workflow INFO:
	 [Node] Executing "model_expansion" <niworkflows.interfaces.confounds.ExpandModel>
250329-15:17:58,84 nipype.workflow INFO:
	 [Node] Executing "conf_corr_plot" <nireports.interfaces.nuisance.ConfoundsCorrelationPlot>
250329-15:17:58,561 nipype.workflow INFO:
	 [Node] Finished "model_expansion", elapsed time 0.564381s.
250329-15:17:58,578 nipype.workflow INFO:
	 [Node] Executing "acc_metadata_fmt" <niworkflows.interfaces.utility.TSV2JSON>
250329-15:17:58,600 nipype.workflow INFO:
	 [Node] Finished "acc_metadata_fmt", elapsed time 0.021239s.
250329-15:17:59,452 nipype.workflow INFO:
	 [Node] Finished "epi_t1_report", elapsed time 63.351153s.
250329-15:17:59,761 nipype.workflow INFO:
	 [Node] Finished "conf_corr_plot", elapsed time 1.676755s.
250329-15:18:00,185 nipype.workflow INFO:
	 [Node] Setting-up "fmriprep_24_0_wf.sub_31_wf.bold_task_bird_run_5_wf.bold_confounds_wf.spike_regressors" in "/work_dir/fmriprep_24_0_wf/sub_31_wf/bold_task_bird_run_5_wf/bold_confounds_wf/spike_regressors".
250329-15:18:00,187 nipype.workflow INFO:
	 [Node] Setting-up "_acc_msk_bin2" in "/work_dir/fmriprep_24_0_wf/sub_31_wf/bold_task_bird_run_4_wf/bold_confounds_wf/acc_msk_bin/mapflow/_acc_msk_bin2".
250329-15:18:00,189 nipype.workflow INFO:
	 [Node] Executing "spike_regressors" <niworkflows.interfaces.confounds.SpikeRegressors>
250329-15:18:00,189 nipype.workflow INFO:
	 [Node] Executing "_acc_msk_bin2" <niworkflows.interfaces.nibabel.Binarize>
250329-15:18:00,197 nipype.workflow INFO:
	 [Node] Setting-up "_acc_msk_bin0" in "/work_dir/fmriprep_24_0_wf/sub_31_wf/bold_task_bird_run_6_wf/bold_confounds_wf/acc_msk_bin/mapflow/_acc_msk_bin0".
250329-15:18:00,199 nipype.workflow INFO:
	 [Node] Executing "_acc_msk_bin0" <niworkflows.interfaces.nibabel.Binarize>
250329-15:18:00,326 nipype.workflow INFO:
	 [Node] Finished "_acc_msk_bin2", elapsed time 0.136402s.
250329-15:18:00,445 nipype.workflow INFO:
	 [Node] Finished "_acc_msk_bin0", elapsed time 0.245238s.
250329-15:18:00,478 nipype.workflow INFO:
	 [Node] Finished "spike_regressors", elapsed time 0.288565s.
250329-15:18:00,610 nipype.workflow INFO:
	 [Node] Setting-up "fmriprep_24_0_wf.sub_31_wf.bold_task_bird_run_4_wf.bold_fit_wf.func_fit_reports_wf.ds_epi_t1_report" in "/work_dir/fmriprep_24_0_wf/sub_31_wf/bold_task_bird_run_4_wf/bold_fit_wf/func_fit_reports_wf/ds_epi_t1_report".
250329-15:18:00,612 nipype.workflow INFO:
	 [Node] Setting-up "fmriprep_24_0_wf.sub_31_wf.bold_task_bird_run_6_wf.bold_fit_wf.func_fit_reports_wf.ds_epi_t1_report" in "/work_dir/fmriprep_24_0_wf/sub_31_wf/bold_task_bird_run_6_wf/bold_fit_wf/func_fit_reports_wf/ds_epi_t1_report".
250329-15:18:00,616 nipype.workflow INFO:
	 [Node] Executing "ds_epi_t1_report" <fmriprep.interfaces.DerivativesDataSink>
250329-15:18:00,643 nipype.workflow INFO:
	 [Node] Finished "ds_epi_t1_report", elapsed time 0.02578s.
250329-15:18:01,391 nipype.workflow INFO:
	 [Node] Setting-up "fmriprep_24_0_wf.sub_31_wf.bold_task_bird_run_1_wf.bold_confounds_wf.spike_regressors" in "/work_dir/fmriprep_24_0_wf/sub_31_wf/bold_task_bird_run_1_wf/bold_confounds_wf/spike_regressors".
250329-15:18:01,394 nipype.workflow INFO:
	 [Node] Executing "spike_regressors" <niworkflows.interfaces.confounds.SpikeRegressors>
250329-15:18:01,403 nipype.workflow INFO:
	 [Node] Setting-up "fmriprep_24_0_wf.sub_31_wf.bold_task_bird_run_5_wf.bold_confounds_wf.conf_corr_plot" in "/work_dir/fmriprep_24_0_wf/sub_31_wf/bold_task_bird_run_5_wf/bold_confounds_wf/conf_corr_plot".
250329-15:18:01,423 nipype.workflow INFO:
	 [Node] Executing "ds_epi_t1_report" <fmriprep.interfaces.DerivativesDataSink>
250329-15:18:01,455 nipype.workflow INFO:
	 [Node] Finished "ds_epi_t1_report", elapsed time 0.030742s.
250329-15:18:01,579 nipype.workflow INFO:
	 [Node] Executing "conf_corr_plot" <nireports.interfaces.nuisance.ConfoundsCorrelationPlot>
250329-15:18:01,666 nipype.workflow INFO:
	 [Node] Finished "spike_regressors", elapsed time 0.27011s.
250329-15:18:02,769 nipype.workflow INFO:
	 [Node] Finished "conf_corr_plot", elapsed time 1.189401s.
250329-15:18:03,396 nipype.workflow INFO:
	 [Node] Setting-up "_acc_msk_bin1" in "/work_dir/fmriprep_24_0_wf/sub_31_wf/bold_task_bird_run_6_wf/bold_confounds_wf/acc_msk_bin/mapflow/_acc_msk_bin1".
250329-15:18:03,397 nipype.workflow INFO:
	 [Node] Executing "_acc_msk_bin1" <niworkflows.interfaces.nibabel.Binarize>
250329-15:18:03,417 nipype.workflow INFO:
	 [Node] Setting-up "_acc_msk_bin2" in "/work_dir/fmriprep_24_0_wf/sub_31_wf/bold_task_bird_run_6_wf/bold_confounds_wf/acc_msk_bin/mapflow/_acc_msk_bin2".
250329-15:18:03,418 nipype.workflow INFO:
	 [Node] Executing "_acc_msk_bin2" <niworkflows.interfaces.nibabel.Binarize>
250329-15:18:03,432 nipype.workflow INFO:
	 [Node] Setting-up "_acc_msk_bin0" in "/work_dir/fmriprep_24_0_wf/sub_31_wf/bold_task_bird_run_2_wf/bold_confounds_wf/acc_msk_bin/mapflow/_acc_msk_bin0".
250329-15:18:03,434 nipype.workflow INFO:
	 [Node] Executing "_acc_msk_bin0" <niworkflows.interfaces.nibabel.Binarize>
250329-15:18:03,554 nipype.workflow INFO:
	 [Node] Finished "epi_t1_report", elapsed time 67.12661s.
250329-15:18:03,595 nipype.workflow INFO:
	 [Node] Finished "_acc_msk_bin0", elapsed time 0.161092s.
250329-15:18:03,631 nipype.workflow INFO:
	 [Node] Finished "_acc_msk_bin1", elapsed time 0.232394s.
250329-15:18:03,681 nipype.workflow INFO:
	 [Node] Finished "_acc_msk_bin2", elapsed time 0.261388s.
250329-15:18:03,744 nipype.workflow INFO:
	 [Node] Setting-up "fmriprep_24_0_wf.sub_31_wf.bold_task_bird_run_3_wf.bold_confounds_wf.model_expansion" in "/work_dir/fmriprep_24_0_wf/sub_31_wf/bold_task_bird_run_3_wf/bold_confounds_wf/model_expansion".
250329-15:18:03,745 nipype.workflow INFO:
	 [Node] Setting-up "_acc_msk_bin0" in "/work_dir/fmriprep_24_0_wf/sub_31_wf/bold_task_bird_run_4_wf/bold_confounds_wf/acc_msk_bin/mapflow/_acc_msk_bin0".
250329-15:18:03,746 nipype.workflow INFO:
	 [Node] Cached "_acc_msk_bin0" - collecting precomputed outputs
250329-15:18:03,746 nipype.workflow INFO:
	 [Node] "_acc_msk_bin0" found cached.
250329-15:18:03,747 nipype.workflow INFO:
	 [Node] Executing "model_expansion" <niworkflows.interfaces.confounds.ExpandModel>
250329-15:18:03,747 nipype.workflow INFO:
	 [Node] Setting-up "_acc_msk_bin1" in "/work_dir/fmriprep_24_0_wf/sub_31_wf/bold_task_bird_run_4_wf/bold_confounds_wf/acc_msk_bin/mapflow/_acc_msk_bin1".
250329-15:18:03,748 nipype.workflow INFO:
	 [Node] Cached "_acc_msk_bin1" - collecting precomputed outputs
250329-15:18:03,748 nipype.workflow INFO:
	 [Node] "_acc_msk_bin1" found cached.
250329-15:18:03,748 nipype.workflow INFO:
	 [Node] Setting-up "_acc_msk_bin2" in "/work_dir/fmriprep_24_0_wf/sub_31_wf/bold_task_bird_run_4_wf/bold_confounds_wf/acc_msk_bin/mapflow/_acc_msk_bin2".
250329-15:18:03,749 nipype.workflow INFO:
	 [Node] Cached "_acc_msk_bin2" - collecting precomputed outputs
250329-15:18:03,749 nipype.workflow INFO:
	 [Node] "_acc_msk_bin2" found cached.
250329-15:18:03,757 nipype.workflow INFO:
	 [Node] Setting-up "fmriprep_24_0_wf.sub_31_wf.bold_task_bird_run_3_wf.bold_confounds_wf.conf_corr_plot" in "/work_dir/fmriprep_24_0_wf/sub_31_wf/bold_task_bird_run_3_wf/bold_confounds_wf/conf_corr_plot".
250329-15:18:03,788 nipype.workflow INFO:
	 [Node] Executing "conf_corr_plot" <nireports.interfaces.nuisance.ConfoundsCorrelationPlot>
250329-15:18:04,94 nipype.workflow INFO:
	 [Node] Finished "model_expansion", elapsed time 0.346596s.
250329-15:18:05,440 nipype.workflow INFO:
	 [Node] Finished "conf_corr_plot", elapsed time 1.650932s.
250329-15:18:05,725 nipype.workflow INFO:
	 [Node] Setting-up "_acc_msk_bin1" in "/work_dir/fmriprep_24_0_wf/sub_31_wf/bold_task_bird_run_2_wf/bold_confounds_wf/acc_msk_bin/mapflow/_acc_msk_bin1".
250329-15:18:05,727 nipype.workflow INFO:
	 [Node] Executing "_acc_msk_bin1" <niworkflows.interfaces.nibabel.Binarize>
250329-15:18:05,739 nipype.workflow INFO:
	 [Node] Setting-up "_acc_msk_bin2" in "/work_dir/fmriprep_24_0_wf/sub_31_wf/bold_task_bird_run_2_wf/bold_confounds_wf/acc_msk_bin/mapflow/_acc_msk_bin2".
250329-15:18:05,741 nipype.workflow INFO:
	 [Node] Executing "_acc_msk_bin2" <niworkflows.interfaces.nibabel.Binarize>
250329-15:18:05,775 nipype.workflow INFO:
	 [Node] Finished "resample", elapsed time 67.891974s.
250329-15:18:05,914 nipype.workflow INFO:
	 [Node] Finished "_acc_msk_bin2", elapsed time 0.172678s.
250329-15:18:05,919 nipype.workflow INFO:
	 [Node] Finished "_acc_msk_bin1", elapsed time 0.191011s.
250329-15:18:06,68 nipype.workflow INFO:
	 [Node] Setting-up "fmriprep_24_0_wf.sub_31_wf.bold_task_bird_run_5_wf.bold_fit_wf.func_fit_reports_wf.ds_epi_t1_report" in "/work_dir/fmriprep_24_0_wf/sub_31_wf/bold_task_bird_run_5_wf/bold_fit_wf/func_fit_reports_wf/ds_epi_t1_report".
250329-15:18:06,80 nipype.workflow INFO:
	 [Node] Executing "ds_epi_t1_report" <fmriprep.interfaces.DerivativesDataSink>
250329-15:18:06,111 nipype.workflow INFO:
	 [Node] Finished "ds_epi_t1_report", elapsed time 0.030443s.
250329-15:18:06,240 nipype.workflow INFO:
	 [Node] Setting-up "fmriprep_24_0_wf.sub_31_wf.bold_task_bird_run_5_wf.bold_anat_wf.resample" in "/work_dir/fmriprep_24_0_wf/sub_31_wf/bold_task_bird_run_5_wf/bold_anat_wf/resample".
250329-15:18:06,244 nipype.workflow INFO:
	 [Node] Executing "resample" <fmriprep.interfaces.resampling.ResampleSeries>
250329-15:18:08,140 nipype.workflow INFO:
	 [Node] Setting-up "fmriprep_24_0_wf.sub_31_wf.bold_task_bird_run_6_wf.bold_anat_wf.resample" in "/work_dir/fmriprep_24_0_wf/sub_31_wf/bold_task_bird_run_6_wf/bold_anat_wf/resample".
250329-15:18:08,144 nipype.workflow INFO:
	 [Node] Executing "resample" <fmriprep.interfaces.resampling.ResampleSeries>
250329-15:18:08,146 nipype.workflow INFO:
	 [Node] Setting-up "_acc_msk_bin0" in "/work_dir/fmriprep_24_0_wf/sub_31_wf/bold_task_bird_run_2_wf/bold_confounds_wf/acc_msk_bin/mapflow/_acc_msk_bin0".
250329-15:18:08,147 nipype.workflow INFO:
	 [Node] Setting-up "fmriprep_24_0_wf.sub_31_wf.bold_task_bird_run_4_wf.bold_confounds_wf.acompcor" in "/work_dir/fmriprep_24_0_wf/sub_31_wf/bold_task_bird_run_4_wf/bold_confounds_wf/acompcor".
250329-15:18:08,147 nipype.workflow INFO:
	 [Node] Cached "_acc_msk_bin0" - collecting precomputed outputs
250329-15:18:08,147 nipype.workflow INFO:
	 [Node] "_acc_msk_bin0" found cached.
250329-15:18:08,148 nipype.workflow INFO:
	 [Node] Setting-up "_acc_msk_bin1" in "/work_dir/fmriprep_24_0_wf/sub_31_wf/bold_task_bird_run_2_wf/bold_confounds_wf/acc_msk_bin/mapflow/_acc_msk_bin1".
250329-15:18:08,149 nipype.workflow INFO:
	 [Node] Cached "_acc_msk_bin1" - collecting precomputed outputs
250329-15:18:08,149 nipype.workflow INFO:
	 [Node] "_acc_msk_bin1" found cached.
250329-15:18:08,150 nipype.workflow INFO:
	 [Node] Setting-up "_acc_msk_bin2" in "/work_dir/fmriprep_24_0_wf/sub_31_wf/bold_task_bird_run_2_wf/bold_confounds_wf/acc_msk_bin/mapflow/_acc_msk_bin2".
250329-15:18:08,150 nipype.workflow INFO:
	 [Node] Cached "_acc_msk_bin2" - collecting precomputed outputs
250329-15:18:08,150 nipype.workflow INFO:
	 [Node] "_acc_msk_bin2" found cached.
250329-15:18:08,151 nipype.workflow INFO:
	 [Node] Executing "acompcor" <niworkflows.interfaces.patches.RobustACompCor>
250329-15:18:08,153 nipype.workflow INFO:
	 [Node] Setting-up "_acc_msk_bin0" in "/work_dir/fmriprep_24_0_wf/sub_31_wf/bold_task_bird_run_6_wf/bold_confounds_wf/acc_msk_bin/mapflow/_acc_msk_bin0".
250329-15:18:08,154 nipype.workflow INFO:
	 [Node] Cached "_acc_msk_bin0" - collecting precomputed outputs
250329-15:18:08,154 nipype.workflow INFO:
	 [Node] "_acc_msk_bin0" found cached.
250329-15:18:08,155 nipype.workflow INFO:
	 [Node] Setting-up "_acc_msk_bin1" in "/work_dir/fmriprep_24_0_wf/sub_31_wf/bold_task_bird_run_6_wf/bold_confounds_wf/acc_msk_bin/mapflow/_acc_msk_bin1".
250329-15:18:08,156 nipype.workflow INFO:
	 [Node] Cached "_acc_msk_bin1" - collecting precomputed outputs
250329-15:18:08,156 nipype.workflow INFO:
	 [Node] "_acc_msk_bin1" found cached.
250329-15:18:08,157 nipype.workflow INFO:
	 [Node] Setting-up "_acc_msk_bin2" in "/work_dir/fmriprep_24_0_wf/sub_31_wf/bold_task_bird_run_6_wf/bold_confounds_wf/acc_msk_bin/mapflow/_acc_msk_bin2".
250329-15:18:08,157 nipype.workflow INFO:
	 [Node] Cached "_acc_msk_bin2" - collecting precomputed outputs
250329-15:18:08,158 nipype.workflow INFO:
	 [Node] "_acc_msk_bin2" found cached.
250329-15:18:10,38 nipype.workflow INFO:
	 [Node] Setting-up "fmriprep_24_0_wf.sub_31_wf.bold_task_bird_run_2_wf.bold_confounds_wf.acompcor" in "/work_dir/fmriprep_24_0_wf/sub_31_wf/bold_task_bird_run_2_wf/bold_confounds_wf/acompcor".
250329-15:18:10,42 nipype.workflow INFO:
	 [Node] Executing "acompcor" <niworkflows.interfaces.patches.RobustACompCor>
250329-15:18:10,757 nipype.workflow INFO:
	 [Node] Setting-up "fmriprep_24_0_wf.sub_31_wf.bold_task_bird_run_6_wf.bold_confounds_wf.acompcor" in "/work_dir/fmriprep_24_0_wf/sub_31_wf/bold_task_bird_run_6_wf/bold_confounds_wf/acompcor".
250329-15:18:10,762 nipype.workflow INFO:
	 [Node] Executing "acompcor" <niworkflows.interfaces.patches.RobustACompCor>
250329-15:18:13,727 nipype.workflow INFO:
	 [Node] Finished "rois_plot", elapsed time 41.530963s.
250329-15:18:17,1 nipype.workflow INFO:
	 [Node] Setting-up "fmriprep_24_0_wf.sub_31_wf.bold_task_bird_run_2_wf.bold_confounds_wf.signals" in "/work_dir/fmriprep_24_0_wf/sub_31_wf/bold_task_bird_run_2_wf/bold_confounds_wf/signals".
250329-15:18:17,5 nipype.workflow INFO:
	 [Node] Executing "signals" <niworkflows.interfaces.images.SignalExtraction>
250329-15:18:18,900 nipype.workflow INFO:
	 [Node] Finished "acompcor", elapsed time 10.747612s.
250329-15:18:19,783 nipype.workflow INFO:
	 [Node] Setting-up "fmriprep_24_0_wf.sub_31_wf.bold_task_bird_run_4_wf.bold_confounds_wf.rename_acompcor" in "/work_dir/fmriprep_24_0_wf/sub_31_wf/bold_task_bird_run_4_wf/bold_confounds_wf/rename_acompcor".
250329-15:18:19,785 nipype.workflow INFO:
	 [Node] Executing "rename_acompcor" <fmriprep.interfaces.confounds.RenameACompCor>
250329-15:18:20,161 nipype.workflow INFO:
	 [Node] Finished "rename_acompcor", elapsed time 0.37494s.
250329-15:18:22,118 nipype.workflow INFO:
	 [Node] Setting-up "fmriprep_24_0_wf.sub_31_wf.bold_task_bird_run_4_wf.bold_confounds_wf.signals" in "/work_dir/fmriprep_24_0_wf/sub_31_wf/bold_task_bird_run_4_wf/bold_confounds_wf/signals".
250329-15:18:22,208 nipype.workflow INFO:
	 [Node] Executing "signals" <niworkflows.interfaces.images.SignalExtraction>
250329-15:18:22,232 nipype.workflow INFO:
	 [Node] Finished "acompcor", elapsed time 11.468843s.
250329-15:18:22,436 nipype.workflow INFO:
	 [Node] Finished "rois_plot", elapsed time 43.003022s.
250329-15:18:23,814 nipype.workflow INFO:
	 [Node] Setting-up "fmriprep_24_0_wf.sub_31_wf.bold_task_bird_run_6_wf.bold_confounds_wf.rename_acompcor" in "/work_dir/fmriprep_24_0_wf/sub_31_wf/bold_task_bird_run_6_wf/bold_confounds_wf/rename_acompcor".
250329-15:18:23,817 nipype.workflow INFO:
	 [Node] Executing "rename_acompcor" <fmriprep.interfaces.confounds.RenameACompCor>
250329-15:18:23,824 nipype.workflow INFO:
	 [Node] Setting-up "fmriprep_24_0_wf.sub_31_wf.bold_task_bird_run_6_wf.bold_confounds_wf.signals" in "/work_dir/fmriprep_24_0_wf/sub_31_wf/bold_task_bird_run_6_wf/bold_confounds_wf/signals".
250329-15:18:23,827 nipype.workflow INFO:
	 [Node] Executing "signals" <niworkflows.interfaces.images.SignalExtraction>
250329-15:18:24,223 nipype.workflow INFO:
	 [Node] Finished "rename_acompcor", elapsed time 0.405227s.
250329-15:18:25,675 nipype.workflow INFO:
	 [Node] Setting-up "fmriprep_24_0_wf.sub_31_wf.bold_task_bird_run_2_wf.bold_confounds_wf.rois_plot" in "/work_dir/fmriprep_24_0_wf/sub_31_wf/bold_task_bird_run_2_wf/bold_confounds_wf/rois_plot".
250329-15:18:25,680 nipype.workflow INFO:
	 [Node] Executing "rois_plot" <niworkflows.interfaces.reportlets.masks.ROIsPlot>
250329-15:18:25,852 nipype.workflow INFO:
	 [Node] Finished "acompcor", elapsed time 15.808914s.
250329-15:18:27,718 nipype.workflow INFO:
	 [Node] Setting-up "fmriprep_24_0_wf.sub_31_wf.bold_task_bird_run_2_wf.bold_confounds_wf.rename_acompcor" in "/work_dir/fmriprep_24_0_wf/sub_31_wf/bold_task_bird_run_2_wf/bold_confounds_wf/rename_acompcor".
250329-15:18:27,721 nipype.workflow INFO:
	 [Node] Executing "rename_acompcor" <fmriprep.interfaces.confounds.RenameACompCor>
250329-15:18:28,36 nipype.workflow INFO:
	 [Node] Finished "rename_acompcor", elapsed time 0.313534s.
250329-15:18:31,93 nipype.workflow INFO:
	 [Node] Setting-up "fmriprep_24_0_wf.sub_31_wf.bold_task_bird_run_4_wf.bold_confounds_wf.rois_plot" in "/work_dir/fmriprep_24_0_wf/sub_31_wf/bold_task_bird_run_4_wf/bold_confounds_wf/rois_plot".
250329-15:18:31,104 nipype.workflow INFO:
	 [Node] Executing "rois_plot" <niworkflows.interfaces.reportlets.masks.ROIsPlot>
250329-15:18:38,612 nipype.workflow INFO:
	 [Node] Finished "rois_plot", elapsed time 47.387458s.
250329-15:18:39,332 nipype.workflow INFO:
	 [Node] Finished "signals", elapsed time 22.325811s.
250329-15:18:39,737 nipype.workflow INFO:
	 [Node] Setting-up "fmriprep_24_0_wf.sub_31_wf.bold_task_bird_run_6_wf.bold_confounds_wf.rois_plot" in "/work_dir/fmriprep_24_0_wf/sub_31_wf/bold_task_bird_run_6_wf/bold_confounds_wf/rois_plot".
250329-15:18:39,869 nipype.workflow INFO:
	 [Node] Executing "rois_plot" <niworkflows.interfaces.reportlets.masks.ROIsPlot>
250329-15:18:39,984 nipype.workflow INFO:
	 [Node] Finished "signals", elapsed time 16.155435s.
250329-15:18:39,993 nipype.workflow INFO:
	 [Node] Finished "signals", elapsed time 17.783872s.
250329-15:18:41,441 nipype.workflow INFO:
	 [Node] Setting-up "fmriprep_24_0_wf.sub_31_wf.bold_task_bird_run_2_wf.bold_confounds_wf.acc_metadata_filter" in "/work_dir/fmriprep_24_0_wf/sub_31_wf/bold_task_bird_run_2_wf/bold_confounds_wf/acc_metadata_filter".
250329-15:18:41,443 nipype.workflow INFO:
	 [Node] Executing "acc_metadata_filter" <fmriprep.interfaces.confounds.FilterDropped>
250329-15:18:41,449 nipype.workflow INFO:
	 [Node] Finished "acc_metadata_filter", elapsed time 0.004697s.
250329-15:18:41,906 nipype.workflow INFO:
	 [Node] Setting-up "fmriprep_24_0_wf.sub_31_wf.bold_task_bird_run_4_wf.bold_confounds_wf.acc_metadata_filter" in "/work_dir/fmriprep_24_0_wf/sub_31_wf/bold_task_bird_run_4_wf/bold_confounds_wf/acc_metadata_filter".
250329-15:18:41,908 nipype.workflow INFO:
	 [Node] Executing "acc_metadata_filter" <fmriprep.interfaces.confounds.FilterDropped>
250329-15:18:41,914 nipype.workflow INFO:
	 [Node] Finished "acc_metadata_filter", elapsed time 0.004918s.
250329-15:18:42,598 nipype.workflow INFO:
	 [Node] Setting-up "fmriprep_24_0_wf.sub_31_wf.bold_task_bird_run_6_wf.bold_confounds_wf.acc_metadata_filter" in "/work_dir/fmriprep_24_0_wf/sub_31_wf/bold_task_bird_run_6_wf/bold_confounds_wf/acc_metadata_filter".
250329-15:18:42,600 nipype.workflow INFO:
	 [Node] Executing "acc_metadata_filter" <fmriprep.interfaces.confounds.FilterDropped>
250329-15:18:42,605 nipype.workflow INFO:
	 [Node] Finished "acc_metadata_filter", elapsed time 0.004764s.
250329-15:18:44,521 nipype.workflow INFO:
	 [Node] Setting-up "fmriprep_24_0_wf.sub_31_wf.bold_task_bird_run_2_wf.bold_confounds_wf.compcor_plot" in "/work_dir/fmriprep_24_0_wf/sub_31_wf/bold_task_bird_run_2_wf/bold_confounds_wf/compcor_plot".
250329-15:18:44,524 nipype.workflow INFO:
	 [Node] Executing "compcor_plot" <nireports.interfaces.nuisance.CompCorVariancePlot>
250329-15:18:44,946 nipype.workflow INFO:
	 [Node] Setting-up "fmriprep_24_0_wf.sub_31_wf.bold_task_bird_run_4_wf.bold_confounds_wf.compcor_plot" in "/work_dir/fmriprep_24_0_wf/sub_31_wf/bold_task_bird_run_4_wf/bold_confounds_wf/compcor_plot".
250329-15:18:44,948 nipype.workflow INFO:
	 [Node] Executing "compcor_plot" <nireports.interfaces.nuisance.CompCorVariancePlot>
250329-15:18:45,577 nipype.workflow INFO:
	 [Node] Setting-up "fmriprep_24_0_wf.sub_31_wf.bold_task_bird_run_6_wf.bold_confounds_wf.compcor_plot" in "/work_dir/fmriprep_24_0_wf/sub_31_wf/bold_task_bird_run_6_wf/bold_confounds_wf/compcor_plot".
250329-15:18:45,579 nipype.workflow INFO:
	 [Node] Executing "compcor_plot" <nireports.interfaces.nuisance.CompCorVariancePlot>
250329-15:18:45,606 nipype.workflow INFO:
	 [Node] Finished "compcor_plot", elapsed time 1.081229s.
250329-15:18:45,817 nipype.workflow INFO:
	 [Node] Finished "compcor_plot", elapsed time 0.867782s.
250329-15:18:46,604 nipype.workflow INFO:
	 [Node] Finished "compcor_plot", elapsed time 1.024046s.
250329-15:18:47,891 nipype.workflow INFO:
	 [Node] Setting-up "fmriprep_24_0_wf.sub_31_wf.bold_task_bird_run_2_wf.bold_confounds_wf.acc_metadata_fmt" in "/work_dir/fmriprep_24_0_wf/sub_31_wf/bold_task_bird_run_2_wf/bold_confounds_wf/acc_metadata_fmt".
250329-15:18:47,894 nipype.workflow INFO:
	 [Node] Executing "acc_metadata_fmt" <niworkflows.interfaces.utility.TSV2JSON>
250329-15:18:47,905 nipype.workflow INFO:
	 [Node] Setting-up "fmriprep_24_0_wf.sub_31_wf.bold_task_bird_run_2_wf.bold_confounds_wf.model_expansion" in "/work_dir/fmriprep_24_0_wf/sub_31_wf/bold_task_bird_run_2_wf/bold_confounds_wf/model_expansion".
250329-15:18:47,906 nipype.workflow INFO:
	 [Node] Finished "acc_metadata_fmt", elapsed time 0.011402s.
250329-15:18:47,911 nipype.workflow INFO:
	 [Node] Executing "model_expansion" <niworkflows.interfaces.confounds.ExpandModel>
250329-15:18:48,250 nipype.workflow INFO:
	 [Node] Finished "model_expansion", elapsed time 0.338823s.
250329-15:18:48,387 nipype.workflow INFO:
	 [Node] Setting-up "fmriprep_24_0_wf.sub_31_wf.bold_task_bird_run_2_wf.bold_confounds_wf.conf_corr_plot" in "/work_dir/fmriprep_24_0_wf/sub_31_wf/bold_task_bird_run_2_wf/bold_confounds_wf/conf_corr_plot".
250329-15:18:48,401 nipype.workflow INFO:
	 [Node] Executing "conf_corr_plot" <nireports.interfaces.nuisance.ConfoundsCorrelationPlot>
250329-15:18:49,451 nipype.workflow INFO:
	 [Node] Finished "conf_corr_plot", elapsed time 1.049507s.
250329-15:18:50,41 nipype.workflow INFO:
	 [Node] Setting-up "fmriprep_24_0_wf.sub_31_wf.bold_task_bird_run_4_wf.bold_confounds_wf.acc_metadata_fmt" in "/work_dir/fmriprep_24_0_wf/sub_31_wf/bold_task_bird_run_4_wf/bold_confounds_wf/acc_metadata_fmt".
250329-15:18:50,43 nipype.workflow INFO:
	 [Node] Executing "acc_metadata_fmt" <niworkflows.interfaces.utility.TSV2JSON>
250329-15:18:50,49 nipype.workflow INFO:
	 [Node] Setting-up "fmriprep_24_0_wf.sub_31_wf.bold_task_bird_run_4_wf.bold_confounds_wf.conf_corr_plot" in "/work_dir/fmriprep_24_0_wf/sub_31_wf/bold_task_bird_run_4_wf/bold_confounds_wf/conf_corr_plot".
250329-15:18:50,57 nipype.workflow INFO:
	 [Node] Setting-up "fmriprep_24_0_wf.sub_31_wf.bold_task_bird_run_4_wf.bold_confounds_wf.model_expansion" in "/work_dir/fmriprep_24_0_wf/sub_31_wf/bold_task_bird_run_4_wf/bold_confounds_wf/model_expansion".
250329-15:18:50,77 nipype.workflow INFO:
	 [Node] Finished "acc_metadata_fmt", elapsed time 0.032934s.
250329-15:18:50,85 nipype.workflow INFO:
	 [Node] Executing "conf_corr_plot" <nireports.interfaces.nuisance.ConfoundsCorrelationPlot>
250329-15:18:51,307 nipype.workflow INFO:
	 [Node] Finished "conf_corr_plot", elapsed time 1.220426s.
250329-15:18:51,624 nipype.workflow INFO:
	 [Node] Executing "model_expansion" <niworkflows.interfaces.confounds.ExpandModel>
250329-15:18:52,50 nipype.workflow INFO:
	 [Node] Finished "model_expansion", elapsed time 0.424985s.
250329-15:18:52,141 nipype.workflow INFO:
	 [Node] Setting-up "fmriprep_24_0_wf.sub_31_wf.bold_task_bird_run_6_wf.bold_confounds_wf.acc_metadata_fmt" in "/work_dir/fmriprep_24_0_wf/sub_31_wf/bold_task_bird_run_6_wf/bold_confounds_wf/acc_metadata_fmt".
250329-15:18:52,142 nipype.workflow INFO:
	 [Node] Setting-up "fmriprep_24_0_wf.sub_31_wf.bold_task_bird_run_6_wf.bold_confounds_wf.model_expansion" in "/work_dir/fmriprep_24_0_wf/sub_31_wf/bold_task_bird_run_6_wf/bold_confounds_wf/model_expansion".
250329-15:18:52,144 nipype.workflow INFO:
	 [Node] Executing "acc_metadata_fmt" <niworkflows.interfaces.utility.TSV2JSON>
250329-15:18:52,144 nipype.workflow INFO:
	 [Node] Executing "model_expansion" <niworkflows.interfaces.confounds.ExpandModel>
250329-15:18:52,152 nipype.workflow INFO:
	 [Node] Finished "acc_metadata_fmt", elapsed time 0.007793s.
250329-15:18:52,524 nipype.workflow INFO:
	 [Node] Finished "model_expansion", elapsed time 0.378928s.
250329-15:18:53,951 nipype.workflow INFO:
	 [Node] Setting-up "fmriprep_24_0_wf.sub_31_wf.bold_task_bird_run_6_wf.bold_confounds_wf.conf_corr_plot" in "/work_dir/fmriprep_24_0_wf/sub_31_wf/bold_task_bird_run_6_wf/bold_confounds_wf/conf_corr_plot".
250329-15:18:53,975 nipype.workflow INFO:
	 [Node] Executing "conf_corr_plot" <nireports.interfaces.nuisance.ConfoundsCorrelationPlot>
250329-15:18:55,354 nipype.workflow INFO:
	 [Node] Setting-up "fmriprep_24_0_wf.sub_31_wf.bold_task_bird_run_2_wf.bold_confounds_wf.spike_regressors" in "/work_dir/fmriprep_24_0_wf/sub_31_wf/bold_task_bird_run_2_wf/bold_confounds_wf/spike_regressors".
250329-15:18:55,357 nipype.workflow INFO:
	 [Node] Executing "spike_regressors" <niworkflows.interfaces.confounds.SpikeRegressors>
250329-15:18:55,590 nipype.workflow INFO:
	 [Node] Finished "spike_regressors", elapsed time 0.232059s.
250329-15:18:55,718 nipype.workflow INFO:
	 [Node] Finished "conf_corr_plot", elapsed time 1.742575s.
250329-15:18:55,948 nipype.workflow INFO:
	 [Node] Setting-up "fmriprep_24_0_wf.sub_31_wf.bold_task_bird_run_3_wf.bold_confounds_wf.spike_regressors" in "/work_dir/fmriprep_24_0_wf/sub_31_wf/bold_task_bird_run_3_wf/bold_confounds_wf/spike_regressors".
250329-15:18:55,950 nipype.workflow INFO:
	 [Node] Executing "spike_regressors" <niworkflows.interfaces.confounds.SpikeRegressors>
250329-15:18:56,159 nipype.workflow INFO:
	 [Node] Finished "spike_regressors", elapsed time 0.207779s.
250329-15:18:56,731 nipype.workflow INFO:
	 [Node] Setting-up "fmriprep_24_0_wf.sub_31_wf.bold_task_bird_run_4_wf.bold_confounds_wf.spike_regressors" in "/work_dir/fmriprep_24_0_wf/sub_31_wf/bold_task_bird_run_4_wf/bold_confounds_wf/spike_regressors".
250329-15:18:56,733 nipype.workflow INFO:
	 [Node] Executing "spike_regressors" <niworkflows.interfaces.confounds.SpikeRegressors>
250329-15:18:56,953 nipype.workflow INFO:
	 [Node] Finished "spike_regressors", elapsed time 0.218742s.
250329-15:18:57,420 nipype.workflow INFO:
	 [Node] Setting-up "fmriprep_24_0_wf.sub_31_wf.bold_task_bird_run_6_wf.bold_confounds_wf.spike_regressors" in "/work_dir/fmriprep_24_0_wf/sub_31_wf/bold_task_bird_run_6_wf/bold_confounds_wf/spike_regressors".
250329-15:18:57,423 nipype.workflow INFO:
	 [Node] Executing "spike_regressors" <niworkflows.interfaces.confounds.SpikeRegressors>
250329-15:18:57,657 nipype.workflow INFO:
	 [Node] Finished "spike_regressors", elapsed time 0.233736s.
250329-15:18:59,321 nipype.workflow INFO:
	 [Node] Finished "resample", elapsed time 51.175981s.
250329-15:18:59,455 nipype.workflow INFO:
	 [Node] Finished "resample", elapsed time 53.210356s.
250329-15:19:01,47 nipype.workflow INFO:
	 [Node] Finished "rois_plot", elapsed time 29.942422s.
250329-15:19:02,473 nipype.workflow INFO:
	 [Node] Finished "rois_plot", elapsed time 36.792319s.
250329-15:19:06,490 nipype.workflow INFO:
	 [Node] Finished "rois_plot", elapsed time 26.620417s.
250329-15:53:37,875 nipype.workflow INFO:
	 [Node] Finished "registration", elapsed time 2363.505504s.
250329-15:53:38,538 nipype.workflow INFO:
	 [Node] Setting-up "fmriprep_24_0_wf.sub_31_wf.anat_fit_wf.register_template_wf.outputnode" in "/work_dir/fmriprep_24_0_wf/sub_31_wf/anat_fit_wf/register_template_wf/outputnode".
250329-15:53:38,542 nipype.workflow INFO:
	 [Node] Executing "outputnode" <nipype.interfaces.utility.base.IdentityInterface>
250329-15:53:38,543 nipype.workflow INFO:
	 [Node] Finished "outputnode", elapsed time 0.000425s.
250329-15:53:40,539 nipype.workflow INFO:
	 [Node] Setting-up "fmriprep_24_0_wf.sub_31_wf.anat_fit_wf.template_buffer" in "/work_dir/fmriprep_24_0_wf/sub_31_wf/anat_fit_wf/template_buffer".
250329-15:53:40,543 nipype.workflow INFO:
	 [Node] Executing "template_buffer" <nipype.interfaces.utility.base.Merge>
250329-15:53:40,544 nipype.workflow INFO:
	 [Node] Finished "template_buffer", elapsed time 0.000228s.
250329-15:53:42,535 nipype.workflow INFO:
	 [Node] Setting-up "fmriprep_24_0_wf.sub_31_wf.anat_fit_wf.anat2std_buffer" in "/work_dir/fmriprep_24_0_wf/sub_31_wf/anat_fit_wf/anat2std_buffer".
250329-15:53:42,535 nipype.workflow INFO:
	 [Node] Setting-up "fmriprep_24_0_wf.sub_31_wf.anat_fit_wf.std2anat_buffer" in "/work_dir/fmriprep_24_0_wf/sub_31_wf/anat_fit_wf/std2anat_buffer".
250329-15:53:42,539 nipype.workflow INFO:
	 [Node] Executing "anat2std_buffer" <nipype.interfaces.utility.base.Merge>
250329-15:53:42,539 nipype.workflow INFO:
	 [Node] Executing "std2anat_buffer" <nipype.interfaces.utility.base.Merge>
250329-15:53:42,540 nipype.workflow INFO:
	 [Node] Finished "anat2std_buffer", elapsed time 0.000221s.
250329-15:53:42,540 nipype.workflow INFO:
	 [Node] Finished "std2anat_buffer", elapsed time 0.000208s.
250329-15:53:46,537 nipype.workflow INFO:
	 [Node] Setting-up "fmriprep_24_0_wf.sub_31_wf.bold_task_bird_run_1_wf.carpetplot_wf.mrg_xfms" in "/work_dir/fmriprep_24_0_wf/sub_31_wf/bold_task_bird_run_1_wf/carpetplot_wf/mrg_xfms".
250329-15:53:46,537 nipype.workflow INFO:
	 [Node] Setting-up "fmriprep_24_0_wf.sub_31_wf.bold_task_bird_run_2_wf.carpetplot_wf.mrg_xfms" in "/work_dir/fmriprep_24_0_wf/sub_31_wf/bold_task_bird_run_2_wf/carpetplot_wf/mrg_xfms".
250329-15:53:46,537 nipype.workflow INFO:
	 [Node] Setting-up "fmriprep_24_0_wf.sub_31_wf.bold_task_bird_run_3_wf.carpetplot_wf.mrg_xfms" in "/work_dir/fmriprep_24_0_wf/sub_31_wf/bold_task_bird_run_3_wf/carpetplot_wf/mrg_xfms".
250329-15:53:46,538 nipype.workflow INFO:
	 [Node] Setting-up "fmriprep_24_0_wf.sub_31_wf.bold_task_bird_run_4_wf.carpetplot_wf.mrg_xfms" in "/work_dir/fmriprep_24_0_wf/sub_31_wf/bold_task_bird_run_4_wf/carpetplot_wf/mrg_xfms".
250329-15:53:46,539 nipype.workflow INFO:
	 [Node] Setting-up "fmriprep_24_0_wf.sub_31_wf.bold_task_bird_run_5_wf.carpetplot_wf.mrg_xfms" in "/work_dir/fmriprep_24_0_wf/sub_31_wf/bold_task_bird_run_5_wf/carpetplot_wf/mrg_xfms".
250329-15:53:46,540 nipype.workflow INFO:
	 [Node] Executing "mrg_xfms" <nipype.interfaces.utility.base.Merge>
250329-15:53:46,541 nipype.workflow INFO:
	 [Node] Executing "mrg_xfms" <nipype.interfaces.utility.base.Merge>
250329-15:53:46,541 nipype.workflow INFO:
	 [Node] Finished "mrg_xfms", elapsed time 0.000207s.
250329-15:53:46,542 nipype.workflow INFO:
	 [Node] Finished "mrg_xfms", elapsed time 0.000208s.
250329-15:53:46,543 nipype.workflow INFO:
	 [Node] Setting-up "fmriprep_24_0_wf.sub_31_wf.bold_task_bird_run_6_wf.carpetplot_wf.mrg_xfms" in "/work_dir/fmriprep_24_0_wf/sub_31_wf/bold_task_bird_run_6_wf/carpetplot_wf/mrg_xfms".
250329-15:53:46,546 nipype.workflow INFO:
	 [Node] Executing "mrg_xfms" <nipype.interfaces.utility.base.Merge>
250329-15:53:46,547 nipype.workflow INFO:
	 [Node] Executing "mrg_xfms" <nipype.interfaces.utility.base.Merge>
250329-15:53:46,547 nipype.workflow INFO:
	 [Node] Finished "mrg_xfms", elapsed time 0.000195s.
250329-15:53:46,548 nipype.workflow INFO:
	 [Node] Executing "mrg_xfms" <nipype.interfaces.utility.base.Merge>
250329-15:53:46,548 nipype.workflow INFO:
	 [Node] Finished "mrg_xfms", elapsed time 0.000202s.
250329-15:53:46,548 nipype.workflow INFO:
	 [Node] Finished "mrg_xfms", elapsed time 0.000212s.
250329-15:53:46,552 nipype.workflow INFO:
	 [Node] Executing "mrg_xfms" <nipype.interfaces.utility.base.Merge>
250329-15:53:46,553 nipype.workflow INFO:
	 [Node] Finished "mrg_xfms", elapsed time 0.000209s.
250329-15:53:48,544 nipype.workflow INFO:
	 [Node] Setting-up "fmriprep_24_0_wf.sub_31_wf.bold_task_bird_run_1_wf.carpetplot_wf.resample_parc" in "/work_dir/fmriprep_24_0_wf/sub_31_wf/bold_task_bird_run_1_wf/carpetplot_wf/resample_parc".
250329-15:53:48,545 nipype.workflow INFO:
	 [Node] Setting-up "fmriprep_24_0_wf.sub_31_wf.bold_task_bird_run_2_wf.carpetplot_wf.resample_parc" in "/work_dir/fmriprep_24_0_wf/sub_31_wf/bold_task_bird_run_2_wf/carpetplot_wf/resample_parc".
250329-15:53:48,546 nipype.workflow INFO:
	 [Node] Setting-up "fmriprep_24_0_wf.sub_31_wf.bold_task_bird_run_3_wf.carpetplot_wf.resample_parc" in "/work_dir/fmriprep_24_0_wf/sub_31_wf/bold_task_bird_run_3_wf/carpetplot_wf/resample_parc".
250329-15:53:48,546 nipype.workflow INFO:
	 [Node] Setting-up "fmriprep_24_0_wf.sub_31_wf.bold_task_bird_run_4_wf.carpetplot_wf.resample_parc" in "/work_dir/fmriprep_24_0_wf/sub_31_wf/bold_task_bird_run_4_wf/carpetplot_wf/resample_parc".
250329-15:53:48,547 nipype.workflow INFO:
	 [Node] Setting-up "fmriprep_24_0_wf.sub_31_wf.bold_task_bird_run_5_wf.carpetplot_wf.resample_parc" in "/work_dir/fmriprep_24_0_wf/sub_31_wf/bold_task_bird_run_5_wf/carpetplot_wf/resample_parc".
250329-15:53:48,549 nipype.workflow INFO:
	 [Node] Executing "resample_parc" <niworkflows.interfaces.fixes.FixHeaderApplyTransforms>
250329-15:53:48,550 nipype.workflow INFO:
	 [Node] Setting-up "fmriprep_24_0_wf.sub_31_wf.bold_task_bird_run_6_wf.carpetplot_wf.resample_parc" in "/work_dir/fmriprep_24_0_wf/sub_31_wf/bold_task_bird_run_6_wf/carpetplot_wf/resample_parc".
250329-15:53:48,550 nipype.workflow INFO:
	 [Node] Executing "resample_parc" <niworkflows.interfaces.fixes.FixHeaderApplyTransforms>
250329-15:53:48,551 nipype.workflow INFO:
	 [Node] Executing "resample_parc" <niworkflows.interfaces.fixes.FixHeaderApplyTransforms>
250329-15:53:48,551 nipype.workflow INFO:
	 [Node] Executing "resample_parc" <niworkflows.interfaces.fixes.FixHeaderApplyTransforms>
250329-15:53:48,552 nipype.workflow INFO:
	 [Node] Executing "resample_parc" <niworkflows.interfaces.fixes.FixHeaderApplyTransforms>
250329-15:53:48,555 nipype.workflow INFO:
	 [Node] Executing "resample_parc" <niworkflows.interfaces.fixes.FixHeaderApplyTransforms>
250329-15:53:55,186 nipype.workflow INFO:
	 [Node] Finished "resample_parc", elapsed time 6.634211s.
250329-15:53:55,189 nipype.workflow INFO:
	 [Node] Finished "resample_parc", elapsed time 6.636518s.
250329-15:53:55,193 nipype.workflow INFO:
	 [Node] Finished "resample_parc", elapsed time 6.642845s.
250329-15:53:55,204 nipype.workflow INFO:
	 [Node] Finished "resample_parc", elapsed time 6.651436s.
250329-15:53:55,375 nipype.workflow INFO:
	 [Node] Finished "resample_parc", elapsed time 6.819624s.
250329-15:53:55,561 nipype.workflow INFO:
	 [Node] Finished "resample_parc", elapsed time 7.010746s.
250329-15:53:56,549 nipype.workflow INFO:
	 [Node] Setting-up "fmriprep_24_0_wf.sub_31_wf.bold_task_bird_run_1_wf.carpetplot_wf.parcels" in "/work_dir/fmriprep_24_0_wf/sub_31_wf/bold_task_bird_run_1_wf/carpetplot_wf/parcels".
250329-15:53:56,550 nipype.workflow INFO:
	 [Node] Setting-up "fmriprep_24_0_wf.sub_31_wf.bold_task_bird_run_2_wf.carpetplot_wf.parcels" in "/work_dir/fmriprep_24_0_wf/sub_31_wf/bold_task_bird_run_2_wf/carpetplot_wf/parcels".
250329-15:53:56,550 nipype.workflow INFO:
	 [Node] Setting-up "fmriprep_24_0_wf.sub_31_wf.bold_task_bird_run_3_wf.carpetplot_wf.parcels" in "/work_dir/fmriprep_24_0_wf/sub_31_wf/bold_task_bird_run_3_wf/carpetplot_wf/parcels".
250329-15:53:56,552 nipype.workflow INFO:
	 [Node] Setting-up "fmriprep_24_0_wf.sub_31_wf.bold_task_bird_run_4_wf.carpetplot_wf.parcels" in "/work_dir/fmriprep_24_0_wf/sub_31_wf/bold_task_bird_run_4_wf/carpetplot_wf/parcels".
250329-15:53:56,552 nipype.workflow INFO:
	 [Node] Setting-up "fmriprep_24_0_wf.sub_31_wf.bold_task_bird_run_5_wf.carpetplot_wf.parcels" in "/work_dir/fmriprep_24_0_wf/sub_31_wf/bold_task_bird_run_5_wf/carpetplot_wf/parcels".
250329-15:53:56,553 nipype.workflow INFO:
	 [Node] Executing "parcels" <nipype.interfaces.utility.wrappers.Function>
250329-15:53:56,553 nipype.workflow INFO:
	 [Node] Setting-up "fmriprep_24_0_wf.sub_31_wf.bold_task_bird_run_6_wf.carpetplot_wf.parcels" in "/work_dir/fmriprep_24_0_wf/sub_31_wf/bold_task_bird_run_6_wf/carpetplot_wf/parcels".
250329-15:53:56,554 nipype.workflow INFO:
	 [Node] Executing "parcels" <nipype.interfaces.utility.wrappers.Function>
250329-15:53:56,555 nipype.workflow INFO:
	 [Node] Executing "parcels" <nipype.interfaces.utility.wrappers.Function>
250329-15:53:56,556 nipype.workflow INFO:
	 [Node] Executing "parcels" <nipype.interfaces.utility.wrappers.Function>
250329-15:53:56,556 nipype.workflow INFO:
	 [Node] Executing "parcels" <nipype.interfaces.utility.wrappers.Function>
250329-15:53:56,557 nipype.workflow INFO:
	 [Node] Executing "parcels" <nipype.interfaces.utility.wrappers.Function>
250329-15:53:56,628 nipype.workflow INFO:
	 [Node] Finished "parcels", elapsed time 0.072712s.
250329-15:53:56,629 nipype.workflow INFO:
	 [Node] Finished "parcels", elapsed time 0.072454s.
250329-15:53:56,630 nipype.workflow INFO:
	 [Node] Finished "parcels", elapsed time 0.072011s.
250329-15:53:56,630 nipype.workflow INFO:
	 [Node] Finished "parcels", elapsed time 0.072963s.
250329-15:53:56,631 nipype.workflow INFO:
	 [Node] Finished "parcels", elapsed time 0.07611s.
250329-15:53:56,632 nipype.workflow INFO:
	 [Node] Finished "parcels", elapsed time 0.078678s.
250329-15:53:58,549 nipype.workflow INFO:
	 [Node] Setting-up "fmriprep_24_0_wf.sub_31_wf.bold_task_bird_run_1_wf.carpetplot_wf.conf_plot" in "/work_dir/fmriprep_24_0_wf/sub_31_wf/bold_task_bird_run_1_wf/carpetplot_wf/conf_plot".
250329-15:53:58,549 nipype.workflow INFO:
	 [Node] Setting-up "fmriprep_24_0_wf.sub_31_wf.bold_task_bird_run_2_wf.carpetplot_wf.conf_plot" in "/work_dir/fmriprep_24_0_wf/sub_31_wf/bold_task_bird_run_2_wf/carpetplot_wf/conf_plot".
250329-15:53:58,549 nipype.workflow INFO:
	 [Node] Setting-up "fmriprep_24_0_wf.sub_31_wf.bold_task_bird_run_3_wf.carpetplot_wf.conf_plot" in "/work_dir/fmriprep_24_0_wf/sub_31_wf/bold_task_bird_run_3_wf/carpetplot_wf/conf_plot".
250329-15:53:58,549 nipype.workflow INFO:
	 [Node] Setting-up "fmriprep_24_0_wf.sub_31_wf.bold_task_bird_run_4_wf.carpetplot_wf.conf_plot" in "/work_dir/fmriprep_24_0_wf/sub_31_wf/bold_task_bird_run_4_wf/carpetplot_wf/conf_plot".
250329-15:53:58,550 nipype.workflow INFO:
	 [Node] Setting-up "fmriprep_24_0_wf.sub_31_wf.bold_task_bird_run_5_wf.carpetplot_wf.conf_plot" in "/work_dir/fmriprep_24_0_wf/sub_31_wf/bold_task_bird_run_5_wf/carpetplot_wf/conf_plot".
250329-15:53:58,550 nipype.workflow INFO:
	 [Node] Setting-up "fmriprep_24_0_wf.sub_31_wf.bold_task_bird_run_6_wf.carpetplot_wf.conf_plot" in "/work_dir/fmriprep_24_0_wf/sub_31_wf/bold_task_bird_run_6_wf/carpetplot_wf/conf_plot".
250329-15:53:58,555 nipype.workflow INFO:
	 [Node] Executing "conf_plot" <fmriprep.interfaces.confounds.FMRISummary>
250329-15:53:58,555 nipype.workflow INFO:
	 [Node] Executing "conf_plot" <fmriprep.interfaces.confounds.FMRISummary>
250329-15:53:58,555 nipype.workflow INFO:
	 [Node] Executing "conf_plot" <fmriprep.interfaces.confounds.FMRISummary>
250329-15:53:58,555 nipype.workflow INFO:
	 [Node] Executing "conf_plot" <fmriprep.interfaces.confounds.FMRISummary>
250329-15:53:58,556 nipype.workflow INFO:
	 [Node] Executing "conf_plot" <fmriprep.interfaces.confounds.FMRISummary>
250329-15:53:58,556 nipype.workflow INFO:
	 [Node] Executing "conf_plot" <fmriprep.interfaces.confounds.FMRISummary>
250329-15:54:08,376 nipype.workflow INFO:
	 [Node] Finished "conf_plot", elapsed time 9.820202s.
250329-15:54:08,453 nipype.workflow INFO:
	 [Node] Finished "conf_plot", elapsed time 9.897007s.
250329-15:54:08,463 nipype.workflow INFO:
	 [Node] Finished "conf_plot", elapsed time 9.906254s.
250329-15:54:08,542 nipype.workflow INFO:
	 [Node] Finished "conf_plot", elapsed time 9.985011s.
250329-15:54:08,606 nipype.workflow INFO:
	 [Node] Finished "conf_plot", elapsed time 10.050283s.
250329-15:54:08,682 nipype.workflow INFO:
	 [Node] Finished "conf_plot", elapsed time 10.125538s.
250329-16:34:10,520 nipype.workflow INFO:
	 [Node] Finished "_msmsulc0", elapsed time 4905.786952s.
250329-16:35:29,686 nipype.workflow INFO:
	 [Node] Finished "_msmsulc1", elapsed time 4984.944557s.
250329-16:35:30,711 nipype.workflow INFO:
	 [Node] Setting-up "_msmsulc0" in "/work_dir/fmriprep_24_0_wf/sub_31_wf/anat_fit_wf/msm_sulc_wf/msmsulc/mapflow/_msmsulc0".
250329-16:35:30,715 nipype.workflow INFO:
	 [Node] Cached "_msmsulc0" - collecting precomputed outputs
250329-16:35:30,715 nipype.workflow INFO:
	 [Node] "_msmsulc0" found cached.
250329-16:35:30,716 nipype.workflow INFO:
	 [Node] Setting-up "_msmsulc1" in "/work_dir/fmriprep_24_0_wf/sub_31_wf/anat_fit_wf/msm_sulc_wf/msmsulc/mapflow/_msmsulc1".
250329-16:35:30,720 nipype.workflow INFO:
	 [Node] Cached "_msmsulc1" - collecting precomputed outputs
250329-16:35:30,720 nipype.workflow INFO:
	 [Node] "_msmsulc1" found cached.
250329-16:35:38,642 nipype.workflow IMPORTANT:
	 fMRIPrep finished successfully!
250329-16:35:38,648 nipype.workflow IMPORTANT:
	 Works derived from this fMRIPrep execution should include the boilerplate text found in <OUTPUT_PATH>/logs/CITATION.md.
