You are using fMRIPrep-24.0.0, and a newer version of fMRIPrep is available: 25.0.0.
Please check out our documentation about how and when to upgrade:
https://fmriprep.readthedocs.io/en/latest/faq.html#upgrading
bids-validator@1.14.6
(node:370900) Warning: Closing directory handle on garbage collection
(Use `node --trace-warnings ...` to show where the warning was created)
	[33m1: [WARN] The recommended file /README is missing. See Section 03 (Modality agnostic files) of the BIDS specification. (code: 101 - README_FILE_MISSING)[39m

[36m	Please visit https://neurostars.org/search?q=README_FILE_MISSING for existing conversations about this issue.[39m

        [34m[4mSummary:[24m[39m                  [34m[4mAvailable Tasks:[24m[39m        [34m[4mAvailable Modalities:[39m[24m 
        681 Files, 46.44GB                                MRI                   
        34 - Subjects                                                           
        1 - Session                                                             


[36m	If you have any questions, please post on https://neurostars.org/tags/bids.[39m
250329-10:06:23,883 nipype.workflow IMPORTANT:
	 Running fMRIPrep version 24.0.0

         License NOTICE ##################################################
         fMRIPrep 24.0.0
         Copyright The NiPreps Developers.
         
         This product includes software developed by
         the NiPreps Community (https://nipreps.org/).
         
         Portions of this software were developed at the Department of
         Psychology at Stanford University, Stanford, CA, US.
         
         This software is also distributed as a Docker container image.
         The bootstrapping file for the image ("Dockerfile") is licensed
         under the MIT License.
         
         This software may be distributed through an add-on package called
         "Docker Wrapper" that is under the BSD 3-clause License.
         #################################################################
250329-10:06:23,913 nipype.workflow IMPORTANT:
	 Building fMRIPrep's workflow:
           * BIDS dataset path: /raw.
           * Participant list: ['36'].
           * Run identifier: 20250329-100602_f66306ea-3f7f-4537-b24b-ea6b5f11c866.
           * Output spaces: func.
           * Pre-run FreeSurfer's SUBJECTS_DIR: /output/sourcedata/freesurfer.
250329-10:06:25,212 nipype.workflow INFO:
	 ANAT Stage 1: Adding template workflow
250329-10:06:25,747 nipype.workflow INFO:
	 ANAT Stage 2: Preparing brain extraction workflow
250329-10:06:25,866 nipype.workflow INFO:
	 ANAT Stage 3: Preparing segmentation workflow
250329-10:06:25,872 nipype.workflow INFO:
	 ANAT Stage 4: Preparing normalization workflow for ['MNI152NLin2009cAsym']
250329-10:06:25,957 nipype.workflow INFO:
	 ANAT Stage 5: Preparing surface reconstruction workflow
250329-10:06:25,983 nipype.workflow INFO:
	 ANAT Stage 6: Preparing mask refinement workflow
250329-10:06:25,987 nipype.workflow INFO:
	 ANAT No T2w images provided - skipping Stage 7
250329-10:06:25,987 nipype.workflow INFO:
	 ANAT Stage 8: Creating GIFTI surfaces for ['white', 'pial', 'midthickness', 'sphere_reg', 'sphere']
250329-10:06:26,12 nipype.workflow INFO:
	 ANAT Stage 8: Creating GIFTI metrics for ['thickness', 'sulc']
250329-10:06:26,22 nipype.workflow INFO:
	 ANAT Stage 8a: Creating cortical ribbon mask
250329-10:06:26,26 nipype.workflow INFO:
	 ANAT Stage 9: Creating fsLR registration sphere
250329-10:06:26,32 nipype.workflow INFO:
	 ANAT Stage 10: Creating MSM-Sulc registration sphere
250329-10:06:26,228 nipype.workflow INFO:
	 No single-band-reference found for sub-36_task-bird_run-1_bold.nii.gz.
250329-10:06:26,319 nipype.workflow INFO:
	 Stage 1: Adding HMC boldref workflow
250329-10:06:26,329 nipype.workflow INFO:
	 Stage 2: Adding motion correction workflow
250329-10:06:26,340 nipype.workflow INFO:
	 Stage 3: Adding coregistration boldref workflow
250329-10:06:26,403 nipype.workflow IMPORTANT:
	 BOLD series will be slice-timing corrected to an offset of 0.96s.
250329-10:06:26,664 nipype.workflow INFO:
	 No single-band-reference found for sub-36_task-bird_run-2_bold.nii.gz.
250329-10:06:26,734 nipype.workflow INFO:
	 Stage 1: Adding HMC boldref workflow
250329-10:06:26,742 nipype.workflow INFO:
	 Stage 2: Adding motion correction workflow
250329-10:06:26,749 nipype.workflow INFO:
	 Stage 3: Adding coregistration boldref workflow
250329-10:06:26,803 nipype.workflow IMPORTANT:
	 BOLD series will be slice-timing corrected to an offset of 0.959s.
250329-10:06:26,932 nipype.workflow INFO:
	 No single-band-reference found for sub-36_task-bird_run-3_bold.nii.gz.
250329-10:06:27,2 nipype.workflow INFO:
	 Stage 1: Adding HMC boldref workflow
250329-10:06:27,10 nipype.workflow INFO:
	 Stage 2: Adding motion correction workflow
250329-10:06:27,16 nipype.workflow INFO:
	 Stage 3: Adding coregistration boldref workflow
250329-10:06:27,72 nipype.workflow IMPORTANT:
	 BOLD series will be slice-timing corrected to an offset of 0.959s.
250329-10:06:27,200 nipype.workflow INFO:
	 No single-band-reference found for sub-36_task-bird_run-4_bold.nii.gz.
250329-10:06:27,271 nipype.workflow INFO:
	 Stage 1: Adding HMC boldref workflow
250329-10:06:27,279 nipype.workflow INFO:
	 Stage 2: Adding motion correction workflow
250329-10:06:27,285 nipype.workflow INFO:
	 Stage 3: Adding coregistration boldref workflow
250329-10:06:27,339 nipype.workflow IMPORTANT:
	 BOLD series will be slice-timing corrected to an offset of 0.96s.
250329-10:06:27,468 nipype.workflow INFO:
	 No single-band-reference found for sub-36_task-bird_run-5_bold.nii.gz.
250329-10:06:27,537 nipype.workflow INFO:
	 Stage 1: Adding HMC boldref workflow
250329-10:06:27,545 nipype.workflow INFO:
	 Stage 2: Adding motion correction workflow
250329-10:06:27,551 nipype.workflow INFO:
	 Stage 3: Adding coregistration boldref workflow
250329-10:06:27,606 nipype.workflow IMPORTANT:
	 BOLD series will be slice-timing corrected to an offset of 0.96s.
250329-10:06:27,736 nipype.workflow INFO:
	 No single-band-reference found for sub-36_task-bird_run-6_bold.nii.gz.
250329-10:06:27,805 nipype.workflow INFO:
	 Stage 1: Adding HMC boldref workflow
250329-10:06:27,813 nipype.workflow INFO:
	 Stage 2: Adding motion correction workflow
250329-10:06:27,819 nipype.workflow INFO:
	 Stage 3: Adding coregistration boldref workflow
250329-10:06:27,873 nipype.workflow IMPORTANT:
	 BOLD series will be slice-timing corrected to an offset of 0.96s.
250329-10:06:33,27 nipype.workflow INFO:
	 fMRIPrep workflow graph with 1089 nodes built successfully.
250329-10:06:52,612 nipype.workflow IMPORTANT:
	 fMRIPrep started!
250329-10:07:11,847 nipype.workflow INFO:
	 [Node] Setting-up "fmriprep_24_0_wf.sub_36_wf.anat_fit_wf.brain_extraction_wf.full_wm" in "/work_dir/fmriprep_24_0_wf/sub_36_wf/anat_fit_wf/brain_extraction_wf/full_wm".
250329-10:07:11,862 nipype.workflow INFO:
	 [Node] Executing "full_wm" <nipype.interfaces.utility.wrappers.Function>
250329-10:07:11,896 nipype.workflow INFO:
	 [Node] Setting-up "fmriprep_24_0_wf.sub_36_wf.anat_fit_wf.brain_extraction_wf.res_tmpl" in "/work_dir/fmriprep_24_0_wf/sub_36_wf/anat_fit_wf/brain_extraction_wf/res_tmpl".
250329-10:07:11,905 nipype.workflow INFO:
	 [Node] Executing "res_tmpl" <niworkflows.interfaces.nibabel.RegridToZooms>
250329-10:07:13,647 nipype.workflow INFO:
	 [Node] Finished "full_wm", elapsed time 1.772904s.
250329-10:07:13,905 nipype.workflow INFO:
	 [Node] Setting-up "fmriprep_24_0_wf.sub_36_wf.anat_fit_wf.brain_extraction_wf.lap_tmpl" in "/work_dir/fmriprep_24_0_wf/sub_36_wf/anat_fit_wf/brain_extraction_wf/lap_tmpl".
250329-10:07:13,910 nipype.workflow INFO:
	 [Node] Executing "lap_tmpl" <nipype.interfaces.ants.utils.ImageMath>
250329-10:07:14,89 nipype.workflow INFO:
	 [Node] Setting-up "fmriprep_24_0_wf.sub_36_wf.bold_task_bird_run_1_wf.bold_fit_wf.hmc_boldref_wf.val_bold" in "/work_dir/fmriprep_24_0_wf/sub_36_wf/bold_task_bird_run_1_wf/bold_fit_wf/hmc_boldref_wf/val_bold".
250329-10:07:14,100 nipype.workflow INFO:
	 [Node] Executing "val_bold" <niworkflows.interfaces.header.ValidateImage>
250329-10:07:14,337 nipype.workflow INFO:
	 [Node] Finished "val_bold", elapsed time 0.236329s.
250329-10:07:14,946 nipype.workflow INFO:
	 [Node] Setting-up "fmriprep_24_0_wf.sub_36_wf.bold_task_bird_run_1_wf.bold_fit_wf.hmc_boldref_wf.get_dummy" in "/work_dir/fmriprep_24_0_wf/sub_36_wf/bold_task_bird_run_1_wf/bold_fit_wf/hmc_boldref_wf/get_dummy".
250329-10:07:14,948 nipype.workflow INFO:
	 [Node] Executing "get_dummy" <niworkflows.interfaces.bold.NonsteadyStatesDetector>
250329-10:07:15,297 nipype.workflow INFO:
	 [Node] Setting-up "fmriprep_24_0_wf.sub_36_wf.bidssrc" in "/work_dir/fmriprep_24_0_wf/sub_36_wf/bidssrc".
250329-10:07:15,306 nipype.workflow INFO:
	 [Node] Executing "bidssrc" <niworkflows.interfaces.bids.BIDSDataGrabber>
250329-10:07:15,343 nipype.interface INFO:
	 No "t2w" images found for sub-36
250329-10:07:15,344 nipype.interface INFO:
	 No "flair" images found for sub-36
250329-10:07:15,344 nipype.interface INFO:
	 No "fmap" images found for sub-36
250329-10:07:15,344 nipype.interface INFO:
	 No "sbref" images found for sub-36
250329-10:07:15,344 nipype.interface INFO:
	 No "roi" images found for sub-36
250329-10:07:15,344 nipype.interface INFO:
	 No "pet" images found for sub-36
250329-10:07:15,344 nipype.interface INFO:
	 No "asl" images found for sub-36
250329-10:07:15,345 nipype.workflow INFO:
	 [Node] Finished "bidssrc", elapsed time 0.001119s.
250329-10:07:15,400 nipype.workflow INFO:
	 [Node] Setting-up "fmriprep_24_0_wf.sub_36_wf.bold_task_bird_run_1_wf.bold_fit_wf.ds_boldmask_wf.sources" in "/work_dir/fmriprep_24_0_wf/sub_36_wf/bold_task_bird_run_1_wf/bold_fit_wf/ds_boldmask_wf/sources".
250329-10:07:15,402 nipype.workflow INFO:
	 [Node] Setting-up "fmriprep_24_0_wf.sub_36_wf.bold_task_bird_run_1_wf.bold_native_wf.bold_source" in "/work_dir/fmriprep_24_0_wf/sub_36_wf/bold_task_bird_run_1_wf/bold_native_wf/bold_source".
250329-10:07:15,410 nipype.workflow INFO:
	 [Node] Executing "bold_source" <nipype.interfaces.utility.base.Select>
250329-10:07:15,414 nipype.workflow INFO:
	 [Node] Executing "sources" <fmriprep.interfaces.bids.BIDSURI>
250329-10:07:15,416 nipype.workflow INFO:
	 [Node] Finished "sources", elapsed time 0.000251s.
250329-10:07:15,422 nipype.workflow INFO:
	 [Node] Finished "bold_source", elapsed time 0.00038s.
250329-10:07:15,432 nipype.workflow INFO:
	 [Node] Setting-up "fmriprep_24_0_wf.sub_36_wf.bold_task_bird_run_1_wf.ds_bold_native_wf.sources" in "/work_dir/fmriprep_24_0_wf/sub_36_wf/bold_task_bird_run_1_wf/ds_bold_native_wf/sources".
250329-10:07:15,454 nipype.workflow INFO:
	 [Node] Executing "sources" <fmriprep.interfaces.bids.BIDSURI>
250329-10:07:15,455 nipype.workflow INFO:
	 [Node] Finished "sources", elapsed time 0.000246s.
250329-10:07:15,469 nipype.workflow INFO:
	 [Node] Setting-up "fmriprep_24_0_wf.sub_36_wf.bold_task_bird_run_2_wf.bold_fit_wf.ds_hmc_boldref_wf.sources" in "/work_dir/fmriprep_24_0_wf/sub_36_wf/bold_task_bird_run_2_wf/bold_fit_wf/ds_hmc_boldref_wf/sources".
250329-10:07:15,484 nipype.workflow INFO:
	 [Node] Executing "sources" <fmriprep.interfaces.bids.BIDSURI>
250329-10:07:15,485 nipype.workflow INFO:
	 [Node] Finished "sources", elapsed time 0.000271s.
250329-10:07:15,500 nipype.workflow INFO:
	 [Node] Setting-up "fmriprep_24_0_wf.sub_36_wf.bold_task_bird_run_2_wf.bold_fit_wf.ds_hmc_wf.sources" in "/work_dir/fmriprep_24_0_wf/sub_36_wf/bold_task_bird_run_2_wf/bold_fit_wf/ds_hmc_wf/sources".
250329-10:07:15,525 nipype.workflow INFO:
	 [Node] Executing "sources" <fmriprep.interfaces.bids.BIDSURI>
250329-10:07:15,526 nipype.workflow INFO:
	 [Node] Finished "sources", elapsed time 0.000228s.
250329-10:07:15,562 nipype.workflow INFO:
	 [Node] Setting-up "fmriprep_24_0_wf.sub_36_wf.bold_task_bird_run_2_wf.bold_fit_wf.ds_boldmask_wf.sources" in "/work_dir/fmriprep_24_0_wf/sub_36_wf/bold_task_bird_run_2_wf/bold_fit_wf/ds_boldmask_wf/sources".
250329-10:07:15,584 nipype.workflow INFO:
	 [Node] Executing "sources" <fmriprep.interfaces.bids.BIDSURI>
250329-10:07:15,585 nipype.workflow INFO:
	 [Node] Finished "sources", elapsed time 0.000231s.
250329-10:07:15,605 nipype.workflow INFO:
	 [Node] Setting-up "fmriprep_24_0_wf.sub_36_wf.bold_task_bird_run_2_wf.bold_native_wf.bold_source" in "/work_dir/fmriprep_24_0_wf/sub_36_wf/bold_task_bird_run_2_wf/bold_native_wf/bold_source".
250329-10:07:15,607 nipype.workflow INFO:
	 [Node] Executing "bold_source" <nipype.interfaces.utility.base.Select>
250329-10:07:15,607 nipype.workflow INFO:
	 [Node] Finished "bold_source", elapsed time 0.000263s.
250329-10:07:15,625 nipype.workflow INFO:
	 [Node] Setting-up "fmriprep_24_0_wf.sub_36_wf.bold_task_bird_run_2_wf.ds_bold_native_wf.sources" in "/work_dir/fmriprep_24_0_wf/sub_36_wf/bold_task_bird_run_2_wf/ds_bold_native_wf/sources".
250329-10:07:15,649 nipype.workflow INFO:
	 [Node] Executing "sources" <fmriprep.interfaces.bids.BIDSURI>
250329-10:07:15,651 nipype.workflow INFO:
	 [Node] Finished "sources", elapsed time 0.00038s.
250329-10:07:15,671 nipype.workflow INFO:
	 [Node] Setting-up "fmriprep_24_0_wf.sub_36_wf.bold_task_bird_run_3_wf.bold_fit_wf.ds_hmc_boldref_wf.sources" in "/work_dir/fmriprep_24_0_wf/sub_36_wf/bold_task_bird_run_3_wf/bold_fit_wf/ds_hmc_boldref_wf/sources".
250329-10:07:15,692 nipype.workflow INFO:
	 [Node] Executing "sources" <fmriprep.interfaces.bids.BIDSURI>
250329-10:07:15,693 nipype.workflow INFO:
	 [Node] Finished "sources", elapsed time 0.000218s.
250329-10:07:15,706 nipype.workflow INFO:
	 [Node] Setting-up "fmriprep_24_0_wf.sub_36_wf.bold_task_bird_run_3_wf.bold_fit_wf.ds_hmc_wf.sources" in "/work_dir/fmriprep_24_0_wf/sub_36_wf/bold_task_bird_run_3_wf/bold_fit_wf/ds_hmc_wf/sources".
250329-10:07:15,750 nipype.workflow INFO:
	 [Node] Executing "sources" <fmriprep.interfaces.bids.BIDSURI>
250329-10:07:15,751 nipype.workflow INFO:
	 [Node] Finished "sources", elapsed time 0.000222s.
250329-10:07:15,775 nipype.workflow INFO:
	 [Node] Setting-up "fmriprep_24_0_wf.sub_36_wf.bold_task_bird_run_3_wf.bold_native_wf.bold_source" in "/work_dir/fmriprep_24_0_wf/sub_36_wf/bold_task_bird_run_3_wf/bold_native_wf/bold_source".
250329-10:07:15,777 nipype.workflow INFO:
	 [Node] Executing "bold_source" <nipype.interfaces.utility.base.Select>
250329-10:07:15,778 nipype.workflow INFO:
	 [Node] Finished "bold_source", elapsed time 0.000255s.
250329-10:07:15,809 nipype.workflow INFO:
	 [Node] Setting-up "fmriprep_24_0_wf.sub_36_wf.bold_task_bird_run_3_wf.ds_bold_native_wf.sources" in "/work_dir/fmriprep_24_0_wf/sub_36_wf/bold_task_bird_run_3_wf/ds_bold_native_wf/sources".
250329-10:07:15,827 nipype.workflow INFO:
	 [Node] Executing "sources" <fmriprep.interfaces.bids.BIDSURI>
250329-10:07:15,828 nipype.workflow INFO:
	 [Node] Finished "sources", elapsed time 0.000223s.
250329-10:07:15,859 nipype.workflow INFO:
	 [Node] Setting-up "fmriprep_24_0_wf.sub_36_wf.bold_task_bird_run_4_wf.bold_fit_wf.hmc_boldref_wf.val_bold" in "/work_dir/fmriprep_24_0_wf/sub_36_wf/bold_task_bird_run_4_wf/bold_fit_wf/hmc_boldref_wf/val_bold".
250329-10:07:15,860 nipype.workflow INFO:
	 [Node] Executing "val_bold" <niworkflows.interfaces.header.ValidateImage>
250329-10:07:16,170 nipype.workflow INFO:
	 [Node] Finished "val_bold", elapsed time 0.309273s.
250329-10:07:16,218 nipype.workflow INFO:
	 [Node] Setting-up "fmriprep_24_0_wf.sub_36_wf.bold_task_bird_run_4_wf.bold_fit_wf.ds_hmc_boldref_wf.sources" in "/work_dir/fmriprep_24_0_wf/sub_36_wf/bold_task_bird_run_4_wf/bold_fit_wf/ds_hmc_boldref_wf/sources".
250329-10:07:16,248 nipype.workflow INFO:
	 [Node] Setting-up "fmriprep_24_0_wf.sub_36_wf.bold_task_bird_run_2_wf.bold_fit_wf.hmc_boldref_wf.get_dummy" in "/work_dir/fmriprep_24_0_wf/sub_36_wf/bold_task_bird_run_2_wf/bold_fit_wf/hmc_boldref_wf/get_dummy".
250329-10:07:16,253 nipype.workflow INFO:
	 [Node] Executing "sources" <fmriprep.interfaces.bids.BIDSURI>
250329-10:07:16,254 nipype.workflow INFO:
	 [Node] Finished "sources", elapsed time 0.000232s.
250329-10:07:16,255 nipype.workflow INFO:
	 [Node] Executing "get_dummy" <niworkflows.interfaces.bold.NonsteadyStatesDetector>
250329-10:07:16,272 nipype.workflow INFO:
	 [Node] Setting-up "fmriprep_24_0_wf.sub_36_wf.bold_task_bird_run_4_wf.bold_fit_wf.ds_hmc_wf.sources" in "/work_dir/fmriprep_24_0_wf/sub_36_wf/bold_task_bird_run_4_wf/bold_fit_wf/ds_hmc_wf/sources".
250329-10:07:16,277 nipype.workflow INFO:
	 [Node] Setting-up "fmriprep_24_0_wf.sub_36_wf.bold_task_bird_run_2_wf.bold_fit_wf.hmc_boldref_wf.val_bold" in "/work_dir/fmriprep_24_0_wf/sub_36_wf/bold_task_bird_run_2_wf/bold_fit_wf/hmc_boldref_wf/val_bold".
250329-10:07:16,288 nipype.workflow INFO:
	 [Node] Executing "val_bold" <niworkflows.interfaces.header.ValidateImage>
250329-10:07:16,289 nipype.workflow INFO:
	 [Node] Executing "sources" <fmriprep.interfaces.bids.BIDSURI>
250329-10:07:16,290 nipype.workflow INFO:
	 [Node] Finished "sources", elapsed time 0.000205s.
250329-10:07:16,307 nipype.workflow INFO:
	 [Node] Setting-up "fmriprep_24_0_wf.sub_36_wf.bold_task_bird_run_4_wf.bold_native_wf.bold_source" in "/work_dir/fmriprep_24_0_wf/sub_36_wf/bold_task_bird_run_4_wf/bold_native_wf/bold_source".
250329-10:07:16,309 nipype.workflow INFO:
	 [Node] Executing "bold_source" <nipype.interfaces.utility.base.Select>
250329-10:07:16,310 nipype.workflow INFO:
	 [Node] Finished "bold_source", elapsed time 0.000405s.
250329-10:07:16,328 nipype.workflow INFO:
	 [Node] Setting-up "fmriprep_24_0_wf.sub_36_wf.bold_task_bird_run_4_wf.ds_bold_native_wf.sources" in "/work_dir/fmriprep_24_0_wf/sub_36_wf/bold_task_bird_run_4_wf/ds_bold_native_wf/sources".
250329-10:07:16,348 nipype.workflow INFO:
	 [Node] Executing "sources" <fmriprep.interfaces.bids.BIDSURI>
250329-10:07:16,349 nipype.workflow INFO:
	 [Node] Finished "sources", elapsed time 0.000215s.
250329-10:07:16,366 nipype.workflow INFO:
	 [Node] Setting-up "fmriprep_24_0_wf.sub_36_wf.bold_task_bird_run_3_wf.bold_fit_wf.hmc_boldref_wf.get_dummy" in "/work_dir/fmriprep_24_0_wf/sub_36_wf/bold_task_bird_run_3_wf/bold_fit_wf/hmc_boldref_wf/get_dummy".
250329-10:07:16,368 nipype.workflow INFO:
	 [Node] Executing "get_dummy" <niworkflows.interfaces.bold.NonsteadyStatesDetector>
250329-10:07:16,382 nipype.workflow INFO:
	 [Node] Setting-up "fmriprep_24_0_wf.sub_36_wf.bold_task_bird_run_5_wf.bold_fit_wf.hmc_boldref_wf.val_bold" in "/work_dir/fmriprep_24_0_wf/sub_36_wf/bold_task_bird_run_5_wf/bold_fit_wf/hmc_boldref_wf/val_bold".
250329-10:07:16,383 nipype.workflow INFO:
	 [Node] Executing "val_bold" <niworkflows.interfaces.header.ValidateImage>
250329-10:07:16,445 nipype.workflow INFO:
	 [Node] Finished "val_bold", elapsed time 0.061086s.
250329-10:07:16,486 nipype.workflow INFO:
	 [Node] Setting-up "fmriprep_24_0_wf.sub_36_wf.bold_task_bird_run_3_wf.bold_fit_wf.hmc_boldref_wf.val_bold" in "/work_dir/fmriprep_24_0_wf/sub_36_wf/bold_task_bird_run_3_wf/bold_fit_wf/hmc_boldref_wf/val_bold".
250329-10:07:16,496 nipype.workflow INFO:
	 [Node] Executing "val_bold" <niworkflows.interfaces.header.ValidateImage>
250329-10:07:16,572 nipype.workflow INFO:
	 [Node] Finished "val_bold", elapsed time 0.245108s.
250329-10:07:16,735 nipype.workflow INFO:
	 [Node] Setting-up "fmriprep_24_0_wf.sub_36_wf.bold_task_bird_run_4_wf.bold_fit_wf.hmc_boldref_wf.get_dummy" in "/work_dir/fmriprep_24_0_wf/sub_36_wf/bold_task_bird_run_4_wf/bold_fit_wf/hmc_boldref_wf/get_dummy".
250329-10:07:16,749 nipype.workflow INFO:
	 [Node] Executing "get_dummy" <niworkflows.interfaces.bold.NonsteadyStatesDetector>
250329-10:07:16,796 nipype.workflow INFO:
	 [Node] Finished "val_bold", elapsed time 0.283545s.
250329-10:07:17,14 nipype.workflow INFO:
	 [Node] Setting-up "fmriprep_24_0_wf.sub_36_wf.bold_task_bird_run_5_wf.bold_fit_wf.hmc_boldref_wf.get_dummy" in "/work_dir/fmriprep_24_0_wf/sub_36_wf/bold_task_bird_run_5_wf/bold_fit_wf/hmc_boldref_wf/get_dummy".
250329-10:07:17,16 nipype.workflow INFO:
	 [Node] Executing "get_dummy" <niworkflows.interfaces.bold.NonsteadyStatesDetector>
250329-10:07:17,55 nipype.workflow INFO:
	 [Node] Finished "res_tmpl", elapsed time 5.132522s.
250329-10:07:17,314 nipype.workflow INFO:
	 [Node] Setting-up "fmriprep_24_0_wf.sub_36_wf.bold_task_bird_run_5_wf.bold_fit_wf.ds_hmc_wf.sources" in "/work_dir/fmriprep_24_0_wf/sub_36_wf/bold_task_bird_run_5_wf/bold_fit_wf/ds_hmc_wf/sources".
250329-10:07:17,316 nipype.workflow INFO:
	 [Node] Setting-up "fmriprep_24_0_wf.sub_36_wf.bold_task_bird_run_5_wf.bold_native_wf.bold_source" in "/work_dir/fmriprep_24_0_wf/sub_36_wf/bold_task_bird_run_5_wf/bold_native_wf/bold_source".
250329-10:07:17,318 nipype.workflow INFO:
	 [Node] Executing "bold_source" <nipype.interfaces.utility.base.Select>
250329-10:07:17,325 nipype.workflow INFO:
	 [Node] Setting-up "fmriprep_24_0_wf.sub_36_wf.bold_task_bird_run_6_wf.bold_fit_wf.hmc_boldref_wf.get_dummy" in "/work_dir/fmriprep_24_0_wf/sub_36_wf/bold_task_bird_run_6_wf/bold_fit_wf/hmc_boldref_wf/get_dummy".
250329-10:07:17,327 nipype.workflow INFO:
	 [Node] Executing "get_dummy" <niworkflows.interfaces.bold.NonsteadyStatesDetector>
250329-10:07:17,340 nipype.workflow INFO:
	 [Node] Finished "bold_source", elapsed time 0.000376s.
250329-10:07:17,344 nipype.workflow INFO:
	 [Node] Executing "sources" <fmriprep.interfaces.bids.BIDSURI>
250329-10:07:17,345 nipype.workflow INFO:
	 [Node] Finished "sources", elapsed time 0.000219s.
250329-10:07:17,351 nipype.workflow INFO:
	 [Node] Setting-up "fmriprep_24_0_wf.sub_36_wf.bold_task_bird_run_6_wf.bold_native_wf.bold_source" in "/work_dir/fmriprep_24_0_wf/sub_36_wf/bold_task_bird_run_6_wf/bold_native_wf/bold_source".
250329-10:07:17,353 nipype.workflow INFO:
	 [Node] Executing "bold_source" <nipype.interfaces.utility.base.Select>
250329-10:07:17,374 nipype.workflow INFO:
	 [Node] Finished "bold_source", elapsed time 0.00038s.
250329-10:07:18,2 nipype.workflow INFO:
	 [Node] Setting-up "fmriprep_24_0_wf.sub_36_wf.bold_task_bird_run_6_wf.bold_fit_wf.hmc_boldref_wf.val_bold" in "/work_dir/fmriprep_24_0_wf/sub_36_wf/bold_task_bird_run_6_wf/bold_fit_wf/hmc_boldref_wf/val_bold".
250329-10:07:18,14 nipype.workflow INFO:
	 [Node] Setting-up "fmriprep_24_0_wf.sub_36_wf.bold_task_bird_run_1_wf.bold_fit_wf.ds_hmc_boldref_wf.sources" in "/work_dir/fmriprep_24_0_wf/sub_36_wf/bold_task_bird_run_1_wf/bold_fit_wf/ds_hmc_boldref_wf/sources".
250329-10:07:18,18 nipype.workflow INFO:
	 [Node] Executing "val_bold" <niworkflows.interfaces.header.ValidateImage>
250329-10:07:18,34 nipype.workflow INFO:
	 [Node] Executing "sources" <fmriprep.interfaces.bids.BIDSURI>
250329-10:07:18,35 nipype.workflow INFO:
	 [Node] Finished "sources", elapsed time 0.00028s.
250329-10:07:18,220 nipype.workflow INFO:
	 [Node] Finished "val_bold", elapsed time 0.184887s.
250329-10:07:18,862 nipype.workflow INFO:
	 [Node] Setting-up "fmriprep_24_0_wf.sub_36_wf.anat_fit_wf.anat_template_wf.anat_ref_dimensions" in "/work_dir/fmriprep_24_0_wf/sub_36_wf/anat_fit_wf/anat_template_wf/anat_ref_dimensions".
250329-10:07:19,865 nipype.workflow INFO:
	 [Node] Setting-up "fmriprep_24_0_wf.sub_36_wf.bold_task_bird_run_1_wf.bold_native_wf.validate_bold" in "/work_dir/fmriprep_24_0_wf/sub_36_wf/bold_task_bird_run_1_wf/bold_native_wf/validate_bold".
250329-10:07:19,867 nipype.workflow INFO:
	 [Node] Executing "validate_bold" <niworkflows.interfaces.header.ValidateImage>
250329-10:07:19,991 nipype.workflow INFO:
	 [Node] Finished "validate_bold", elapsed time 0.123254s.
250329-10:07:20,478 nipype.workflow INFO:
	 [Node] Setting-up "fmriprep_24_0_wf.sub_36_wf.bold_task_bird_run_2_wf.bold_native_wf.validate_bold" in "/work_dir/fmriprep_24_0_wf/sub_36_wf/bold_task_bird_run_2_wf/bold_native_wf/validate_bold".
250329-10:07:20,480 nipype.workflow INFO:
	 [Node] Executing "validate_bold" <niworkflows.interfaces.header.ValidateImage>
250329-10:07:20,553 nipype.workflow INFO:
	 [Node] Finished "get_dummy", elapsed time 5.592341s.
250329-10:07:20,594 nipype.workflow INFO:
	 [Node] Setting-up "fmriprep_24_0_wf.sub_36_wf.bold_task_bird_run_3_wf.bold_native_wf.validate_bold" in "/work_dir/fmriprep_24_0_wf/sub_36_wf/bold_task_bird_run_3_wf/bold_native_wf/validate_bold".
250329-10:07:20,597 nipype.workflow INFO:
	 [Node] Executing "validate_bold" <niworkflows.interfaces.header.ValidateImage>
250329-10:07:20,651 nipype.workflow INFO:
	 [Node] Finished "validate_bold", elapsed time 0.170022s.
250329-10:07:20,661 nipype.workflow INFO:
	 [Node] Setting-up "fmriprep_24_0_wf.sub_36_wf.bold_task_bird_run_3_wf.bold_fit_wf.ds_boldmask_wf.sources" in "/work_dir/fmriprep_24_0_wf/sub_36_wf/bold_task_bird_run_3_wf/bold_fit_wf/ds_boldmask_wf/sources".
250329-10:07:20,677 nipype.workflow INFO:
	 [Node] Executing "sources" <fmriprep.interfaces.bids.BIDSURI>
250329-10:07:20,692 nipype.workflow INFO:
	 [Node] Finished "sources", elapsed time 0.000353s.
250329-10:07:20,803 nipype.workflow INFO:
	 [Node] Finished "validate_bold", elapsed time 0.168654s.
250329-10:07:21,120 nipype.workflow INFO:
	 [Node] Setting-up "fmriprep_24_0_wf.sub_36_wf.bold_task_bird_run_4_wf.bold_native_wf.validate_bold" in "/work_dir/fmriprep_24_0_wf/sub_36_wf/bold_task_bird_run_4_wf/bold_native_wf/validate_bold".
250329-10:07:21,122 nipype.workflow INFO:
	 [Node] Executing "validate_bold" <niworkflows.interfaces.header.ValidateImage>
250329-10:07:21,270 nipype.workflow INFO:
	 [Node] Finished "validate_bold", elapsed time 0.126932s.
250329-10:07:21,366 nipype.workflow INFO:
	 [Node] Setting-up "fmriprep_24_0_wf.sub_36_wf.bold_task_bird_run_4_wf.bold_fit_wf.ds_boldmask_wf.sources" in "/work_dir/fmriprep_24_0_wf/sub_36_wf/bold_task_bird_run_4_wf/bold_fit_wf/ds_boldmask_wf/sources".
250329-10:07:21,398 nipype.workflow INFO:
	 [Node] Executing "sources" <fmriprep.interfaces.bids.BIDSURI>
250329-10:07:21,421 nipype.workflow INFO:
	 [Node] Finished "sources", elapsed time 0.000349s.
250329-10:07:21,690 nipype.workflow INFO:
	 [Node] Setting-up "fmriprep_24_0_wf.sub_36_wf.bold_task_bird_run_1_wf.bold_fit_wf.ds_hmc_wf.sources" in "/work_dir/fmriprep_24_0_wf/sub_36_wf/bold_task_bird_run_1_wf/bold_fit_wf/ds_hmc_wf/sources".
250329-10:07:21,717 nipype.workflow INFO:
	 [Node] Executing "sources" <fmriprep.interfaces.bids.BIDSURI>
250329-10:07:21,740 nipype.workflow INFO:
	 [Node] Finished "sources", elapsed time 0.000326s.
250329-10:07:21,775 nipype.workflow INFO:
	 [Node] Setting-up "fmriprep_24_0_wf.sub_36_wf.bold_task_bird_run_1_wf.bold_fit_wf.hmc_boldref_wf.gen_avg" in "/work_dir/fmriprep_24_0_wf/sub_36_wf/bold_task_bird_run_1_wf/bold_fit_wf/hmc_boldref_wf/gen_avg".
250329-10:07:21,797 nipype.workflow INFO:
	 [Node] Setting-up "fmriprep_24_0_wf.sub_36_wf.bold_task_bird_run_5_wf.bold_fit_wf.ds_boldmask_wf.sources" in "/work_dir/fmriprep_24_0_wf/sub_36_wf/bold_task_bird_run_5_wf/bold_fit_wf/ds_boldmask_wf/sources".
250329-10:07:21,821 nipype.workflow INFO:
	 [Node] Executing "sources" <fmriprep.interfaces.bids.BIDSURI>
250329-10:07:21,821 nipype.workflow INFO:
	 [Node] Executing "gen_avg" <niworkflows.interfaces.images.RobustAverage>
250329-10:07:21,835 nipype.workflow INFO:
	 [Node] Finished "sources", elapsed time 0.000329s.
250329-10:07:22,215 nipype.workflow INFO:
	 [Node] Setting-up "fmriprep_24_0_wf.sub_36_wf.bold_task_bird_run_6_wf.ds_bold_native_wf.sources" in "/work_dir/fmriprep_24_0_wf/sub_36_wf/bold_task_bird_run_6_wf/ds_bold_native_wf/sources".
250329-10:07:22,216 nipype.workflow INFO:
	 [Node] Setting-up "fmriprep_24_0_wf.sub_36_wf.bids_info" in "/work_dir/fmriprep_24_0_wf/sub_36_wf/bids_info".
250329-10:07:22,220 nipype.workflow INFO:
	 [Node] Executing "bids_info" <niworkflows.interfaces.bids.BIDSInfo>
250329-10:07:22,223 nipype.workflow INFO:
	 [Node] Executing "sources" <fmriprep.interfaces.bids.BIDSURI>
250329-10:07:22,240 nipype.workflow INFO:
	 [Node] Finished "bids_info", elapsed time 0.019664s.
250329-10:07:22,241 nipype.workflow INFO:
	 [Node] Finished "sources", elapsed time 0.000345s.
250329-10:07:22,282 nipype.workflow INFO:
	 [Node] Setting-up "fmriprep_24_0_wf.sub_36_wf.bold_task_bird_run_5_wf.bold_fit_wf.ds_hmc_boldref_wf.sources" in "/work_dir/fmriprep_24_0_wf/sub_36_wf/bold_task_bird_run_5_wf/bold_fit_wf/ds_hmc_boldref_wf/sources".
250329-10:07:22,309 nipype.workflow INFO:
	 [Node] Executing "sources" <fmriprep.interfaces.bids.BIDSURI>
250329-10:07:22,318 nipype.workflow INFO:
	 [Node] Setting-up "fmriprep_24_0_wf.sub_36_wf.bold_task_bird_run_6_wf.bold_fit_wf.ds_boldmask_wf.sources" in "/work_dir/fmriprep_24_0_wf/sub_36_wf/bold_task_bird_run_6_wf/bold_fit_wf/ds_boldmask_wf/sources".
250329-10:07:22,324 nipype.workflow INFO:
	 [Node] Finished "sources", elapsed time 0.000371s.
250329-10:07:22,339 nipype.workflow INFO:
	 [Node] Executing "sources" <fmriprep.interfaces.bids.BIDSURI>
250329-10:07:22,359 nipype.workflow INFO:
	 [Node] Finished "sources", elapsed time 0.000361s.
250329-10:07:22,378 nipype.workflow INFO:
	 [Node] Setting-up "fmriprep_24_0_wf.sub_36_wf.bold_task_bird_run_6_wf.bold_fit_wf.ds_hmc_boldref_wf.sources" in "/work_dir/fmriprep_24_0_wf/sub_36_wf/bold_task_bird_run_6_wf/bold_fit_wf/ds_hmc_boldref_wf/sources".
250329-10:07:22,400 nipype.workflow INFO:
	 [Node] Executing "sources" <fmriprep.interfaces.bids.BIDSURI>
250329-10:07:22,417 nipype.workflow INFO:
	 [Node] Finished "sources", elapsed time 0.000388s.
250329-10:07:22,470 nipype.workflow INFO:
	 [Node] Setting-up "fmriprep_24_0_wf.sub_36_wf.bold_task_bird_run_5_wf.ds_bold_native_wf.sources" in "/work_dir/fmriprep_24_0_wf/sub_36_wf/bold_task_bird_run_5_wf/ds_bold_native_wf/sources".
250329-10:07:22,491 nipype.workflow INFO:
	 [Node] Executing "sources" <fmriprep.interfaces.bids.BIDSURI>
250329-10:07:22,505 nipype.workflow INFO:
	 [Node] Finished "sources", elapsed time 0.000385s.
250329-10:07:22,686 nipype.workflow INFO:
	 [Node] Setting-up "fmriprep_24_0_wf.sub_36_wf.bold_task_bird_run_5_wf.bold_native_wf.validate_bold" in "/work_dir/fmriprep_24_0_wf/sub_36_wf/bold_task_bird_run_5_wf/bold_native_wf/validate_bold".
250329-10:07:22,689 nipype.workflow INFO:
	 [Node] Executing "validate_bold" <niworkflows.interfaces.header.ValidateImage>
250329-10:07:22,704 nipype.workflow INFO:
	 [Node] Executing "anat_ref_dimensions" <niworkflows.interfaces.images.TemplateDimensions>
250329-10:07:22,807 nipype.workflow INFO:
	 [Node] Finished "anat_ref_dimensions", elapsed time 0.102924s.
250329-10:07:22,851 nipype.workflow INFO:
	 [Node] Finished "validate_bold", elapsed time 0.130254s.
250329-10:07:22,883 nipype.workflow INFO:
	 [Node] Finished "get_dummy", elapsed time 6.627427s.
250329-10:07:22,944 nipype.workflow INFO:
	 [Node] Setting-up "fmriprep_24_0_wf.sub_36_wf.bold_task_bird_run_6_wf.bold_fit_wf.ds_hmc_wf.sources" in "/work_dir/fmriprep_24_0_wf/sub_36_wf/bold_task_bird_run_6_wf/bold_fit_wf/ds_hmc_wf/sources".
250329-10:07:22,985 nipype.workflow INFO:
	 [Node] Setting-up "fmriprep_24_0_wf.sub_36_wf.bold_task_bird_run_6_wf.bold_native_wf.validate_bold" in "/work_dir/fmriprep_24_0_wf/sub_36_wf/bold_task_bird_run_6_wf/bold_native_wf/validate_bold".
250329-10:07:22,988 nipype.workflow INFO:
	 [Node] Executing "validate_bold" <niworkflows.interfaces.header.ValidateImage>
250329-10:07:22,991 nipype.workflow INFO:
	 [Node] Executing "sources" <fmriprep.interfaces.bids.BIDSURI>
250329-10:07:22,992 nipype.workflow INFO:
	 [Node] Finished "sources", elapsed time 0.000254s.
250329-10:07:23,60 nipype.workflow INFO:
	 [Node] Finished "validate_bold", elapsed time 0.065139s.
250329-10:07:23,378 nipype.workflow INFO:
	 [Node] Finished "get_dummy", elapsed time 6.613477s.
250329-10:07:23,488 nipype.workflow INFO:
	 [Node] Finished "get_dummy", elapsed time 7.104963s.
250329-10:07:23,774 nipype.workflow INFO:
	 [Node] Setting-up "fmriprep_24_0_wf.sub_36_wf.bold_task_bird_run_2_wf.bold_fit_wf.hmc_boldref_wf.gen_avg" in "/work_dir/fmriprep_24_0_wf/sub_36_wf/bold_task_bird_run_2_wf/bold_fit_wf/hmc_boldref_wf/gen_avg".
250329-10:07:23,787 nipype.workflow INFO:
	 [Node] Executing "gen_avg" <niworkflows.interfaces.images.RobustAverage>
250329-10:07:24,52 nipype.workflow INFO:
	 [Node] Finished "get_dummy", elapsed time 7.015951s.
250329-10:07:24,154 nipype.workflow INFO:
	 [Node] Setting-up "fmriprep_24_0_wf.sub_36_wf.anat_fit_wf.fs_isrunning" in "/work_dir/fmriprep_24_0_wf/sub_36_wf/anat_fit_wf/fs_isrunning".
250329-10:07:24,158 nipype.workflow INFO:
	 [Node] Setting-up "fmriprep_24_0_wf.sub_36_wf.anat_fit_wf.ds_t1w_mask_wf.raw_sources" in "/work_dir/fmriprep_24_0_wf/sub_36_wf/anat_fit_wf/ds_t1w_mask_wf/raw_sources".
250329-10:07:24,159 nipype.workflow INFO:
	 [Node] Setting-up "fmriprep_24_0_wf.sub_36_wf.anat_fit_wf.ds_ribbon_mask_wf.raw_sources" in "/work_dir/fmriprep_24_0_wf/sub_36_wf/anat_fit_wf/ds_ribbon_mask_wf/raw_sources".
250329-10:07:24,173 nipype.workflow INFO:
	 [Node] Executing "raw_sources" <nipype.interfaces.utility.wrappers.Function>
250329-10:07:24,176 nipype.workflow INFO:
	 [Node] Finished "raw_sources", elapsed time 0.002589s.
250329-10:07:24,201 nipype.workflow INFO:
	 [Node] Setting-up "_denoise0" in "/work_dir/fmriprep_24_0_wf/sub_36_wf/anat_fit_wf/anat_template_wf/denoise/mapflow/_denoise0".
250329-10:07:24,202 nipype.workflow INFO:
	 [Node] Executing "_denoise0" <nipype.interfaces.ants.segmentation.DenoiseImage>
250329-10:07:24,315 nipype.workflow INFO:
	 [Node] Executing "raw_sources" <nipype.interfaces.utility.wrappers.Function>
250329-10:07:24,321 nipype.workflow INFO:
	 [Node] Finished "raw_sources", elapsed time 0.001096s.
250329-10:07:24,438 nipype.workflow INFO:
	 [Node] Finished "get_dummy", elapsed time 7.110642s.
250329-10:07:25,661 nipype.workflow INFO:
	 [Node] Setting-up "fmriprep_24_0_wf.sub_36_wf.bold_task_bird_run_3_wf.bold_fit_wf.hmc_boldref_wf.gen_avg" in "/work_dir/fmriprep_24_0_wf/sub_36_wf/bold_task_bird_run_3_wf/bold_fit_wf/hmc_boldref_wf/gen_avg".
250329-10:07:25,667 nipype.workflow INFO:
	 [Node] Executing "gen_avg" <niworkflows.interfaces.images.RobustAverage>
250329-10:07:25,907 nipype.workflow INFO:
	 [Node] Setting-up "fmriprep_24_0_wf.sub_36_wf.bold_task_bird_run_4_wf.bold_fit_wf.hmc_boldref_wf.gen_avg" in "/work_dir/fmriprep_24_0_wf/sub_36_wf/bold_task_bird_run_4_wf/bold_fit_wf/hmc_boldref_wf/gen_avg".
250329-10:07:25,924 nipype.workflow INFO:
	 [Node] Executing "gen_avg" <niworkflows.interfaces.images.RobustAverage>
250329-10:07:26,402 nipype.workflow INFO:
	 [Node] Setting-up "fmriprep_24_0_wf.sub_36_wf.bold_task_bird_run_5_wf.bold_fit_wf.hmc_boldref_wf.gen_avg" in "/work_dir/fmriprep_24_0_wf/sub_36_wf/bold_task_bird_run_5_wf/bold_fit_wf/hmc_boldref_wf/gen_avg".
250329-10:07:26,409 nipype.workflow INFO:
	 [Node] Executing "gen_avg" <niworkflows.interfaces.images.RobustAverage>
250329-10:07:26,474 nipype.workflow INFO:
	 [Node] Executing "fs_isrunning" <nipype.interfaces.utility.wrappers.Function>
250329-10:07:26,494 nipype.workflow INFO:
	 [Node] Finished "fs_isrunning", elapsed time 0.000802s.
250329-10:07:26,559 nipype.interface INFO:
	 stderr 2025-03-29T10:07:26.559768:++ 3dvolreg: AFNI version=AFNI_24.1.14 (May 26 2024) [64-bit]
250329-10:07:26,560 nipype.interface INFO:
	 stderr 2025-03-29T10:07:26.559768:++ Authored by: RW Cox
250329-10:07:26,573 nipype.interface INFO:
	 stderr 2025-03-29T10:07:26.573303:** AFNI converts NIFTI_datatype=512 (UINT16) in file /work_dir/fmriprep_24_0_wf/sub_36_wf/bold_task_bird_run_1_wf/bold_fit_wf/hmc_boldref_wf/gen_avg/sub-36_task-bird_run-1_bold_sliced.nii.gz to FLOAT32
250329-10:07:26,573 nipype.interface INFO:
	 stderr 2025-03-29T10:07:26.573785:     Warnings of this type will be muted for this session.
250329-10:07:26,573 nipype.interface INFO:
	 stderr 2025-03-29T10:07:26.573785:     Set AFNI_NIFTI_TYPE_WARN to YES to see them all, NO to see none.
250329-10:07:26,583 nipype.interface INFO:
	 stderr 2025-03-29T10:07:26.583349:[7m*+ WARNING:[0m   If you are performing spatial transformations on an oblique dset,
250329-10:07:26,583 nipype.interface INFO:
	 stderr 2025-03-29T10:07:26.583349:  such as /work_dir/fmriprep_24_0_wf/sub_36_wf/bold_task_bird_run_1_wf/bold_fit_wf/hmc_boldref_wf/gen_avg/sub-36_task-bird_run-1_bold_sliced.nii.gz,
250329-10:07:26,583 nipype.interface INFO:
	 stderr 2025-03-29T10:07:26.583349:  or viewing/combining it with volumes of differing obliquity,
250329-10:07:26,583 nipype.interface INFO:
	 stderr 2025-03-29T10:07:26.583349:  you should consider running: 
250329-10:07:26,583 nipype.interface INFO:
	 stderr 2025-03-29T10:07:26.583349:     3dWarp -deoblique 
250329-10:07:26,583 nipype.interface INFO:
	 stderr 2025-03-29T10:07:26.583349:  on this and  other oblique datasets in the same session.
250329-10:07:26,583 nipype.interface INFO:
	 stderr 2025-03-29T10:07:26.583349: See 3dWarp -help for details.
250329-10:07:26,583 nipype.interface INFO:
	 stderr 2025-03-29T10:07:26.583349:++ Oblique dataset:/work_dir/fmriprep_24_0_wf/sub_36_wf/bold_task_bird_run_1_wf/bold_fit_wf/hmc_boldref_wf/gen_avg/sub-36_task-bird_run-1_bold_sliced.nii.gz is 5.114122 degrees from plumb.
250329-10:07:26,584 nipype.interface INFO:
	 stderr 2025-03-29T10:07:26.584016:++ Coarse del was 10, replaced with 6
250329-10:07:26,687 nipype.workflow INFO:
	 [Node] Setting-up "fmriprep_24_0_wf.sub_36_wf.bold_task_bird_run_6_wf.bold_fit_wf.hmc_boldref_wf.gen_avg" in "/work_dir/fmriprep_24_0_wf/sub_36_wf/bold_task_bird_run_6_wf/bold_fit_wf/hmc_boldref_wf/gen_avg".
250329-10:07:26,726 nipype.workflow INFO:
	 [Node] Executing "gen_avg" <niworkflows.interfaces.images.RobustAverage>
250329-10:07:29,549 nipype.interface INFO:
	 stderr 2025-03-29T10:07:29.549599:++ 3dvolreg: AFNI version=AFNI_24.1.14 (May 26 2024) [64-bit]
250329-10:07:29,549 nipype.interface INFO:
	 stderr 2025-03-29T10:07:29.549865:++ Authored by: RW Cox
250329-10:07:29,563 nipype.interface INFO:
	 stderr 2025-03-29T10:07:29.563552:** AFNI converts NIFTI_datatype=512 (UINT16) in file /work_dir/fmriprep_24_0_wf/sub_36_wf/bold_task_bird_run_2_wf/bold_fit_wf/hmc_boldref_wf/gen_avg/sub-36_task-bird_run-2_bold_sliced.nii.gz to FLOAT32
250329-10:07:29,564 nipype.interface INFO:
	 stderr 2025-03-29T10:07:29.564793:     Warnings of this type will be muted for this session.
250329-10:07:29,564 nipype.interface INFO:
	 stderr 2025-03-29T10:07:29.564793:     Set AFNI_NIFTI_TYPE_WARN to YES to see them all, NO to see none.
250329-10:07:29,569 nipype.interface INFO:
	 stderr 2025-03-29T10:07:29.569058:[7m*+ WARNING:[0m   If you are performing spatial transformations on an oblique dset,
250329-10:07:29,569 nipype.interface INFO:
	 stderr 2025-03-29T10:07:29.569058:  such as /work_dir/fmriprep_24_0_wf/sub_36_wf/bold_task_bird_run_2_wf/bold_fit_wf/hmc_boldref_wf/gen_avg/sub-36_task-bird_run-2_bold_sliced.nii.gz,
250329-10:07:29,569 nipype.interface INFO:
	 stderr 2025-03-29T10:07:29.569058:  or viewing/combining it with volumes of differing obliquity,
250329-10:07:29,569 nipype.interface INFO:
	 stderr 2025-03-29T10:07:29.569058:  you should consider running: 
250329-10:07:29,569 nipype.interface INFO:
	 stderr 2025-03-29T10:07:29.569058:     3dWarp -deoblique 
250329-10:07:29,569 nipype.interface INFO:
	 stderr 2025-03-29T10:07:29.569058:  on this and  other oblique datasets in the same session.
250329-10:07:29,569 nipype.interface INFO:
	 stderr 2025-03-29T10:07:29.569058: See 3dWarp -help for details.
250329-10:07:29,569 nipype.interface INFO:
	 stderr 2025-03-29T10:07:29.569523:++ Oblique dataset:/work_dir/fmriprep_24_0_wf/sub_36_wf/bold_task_bird_run_2_wf/bold_fit_wf/hmc_boldref_wf/gen_avg/sub-36_task-bird_run-2_bold_sliced.nii.gz is 5.114122 degrees from plumb.
250329-10:07:29,569 nipype.interface INFO:
	 stderr 2025-03-29T10:07:29.569642:++ Coarse del was 10, replaced with 6
250329-10:07:32,199 nipype.workflow INFO:
	 [Node] Setting-up "fmriprep_24_0_wf.sub_36_wf.bold_task_bird_run_1_wf.bold_native_wf.bold_stc_wf.slice_timing_correction" in "/work_dir/fmriprep_24_0_wf/sub_36_wf/bold_task_bird_run_1_wf/bold_native_wf/bold_stc_wf/slice_timing_correction".
250329-10:07:32,225 nipype.workflow INFO:
	 [Node] Executing "slice_timing_correction" <fmriprep.workflows.bold.stc.TShift>
250329-10:07:33,86 nipype.interface INFO:
	 stderr 2025-03-29T10:07:33.086366:++ 3dvolreg: AFNI version=AFNI_24.1.14 (May 26 2024) [64-bit]
250329-10:07:33,86 nipype.interface INFO:
	 stderr 2025-03-29T10:07:33.086627:++ Authored by: RW Cox
250329-10:07:33,91 nipype.interface INFO:
	 stderr 2025-03-29T10:07:33.091921:** AFNI converts NIFTI_datatype=512 (UINT16) in file /work_dir/fmriprep_24_0_wf/sub_36_wf/bold_task_bird_run_4_wf/bold_fit_wf/hmc_boldref_wf/gen_avg/sub-36_task-bird_run-4_bold_sliced.nii.gz to FLOAT32
250329-10:07:33,92 nipype.interface INFO:
	 stderr 2025-03-29T10:07:33.092407:     Warnings of this type will be muted for this session.
250329-10:07:33,92 nipype.interface INFO:
	 stderr 2025-03-29T10:07:33.092407:     Set AFNI_NIFTI_TYPE_WARN to YES to see them all, NO to see none.
250329-10:07:33,94 nipype.interface INFO:
	 stderr 2025-03-29T10:07:33.094835:[7m*+ WARNING:[0m   If you are performing spatial transformations on an oblique dset,
250329-10:07:33,94 nipype.interface INFO:
	 stderr 2025-03-29T10:07:33.094835:  such as /work_dir/fmriprep_24_0_wf/sub_36_wf/bold_task_bird_run_4_wf/bold_fit_wf/hmc_boldref_wf/gen_avg/sub-36_task-bird_run-4_bold_sliced.nii.gz,
250329-10:07:33,95 nipype.interface INFO:
	 stderr 2025-03-29T10:07:33.094835:  or viewing/combining it with volumes of differing obliquity,
250329-10:07:33,95 nipype.interface INFO:
	 stderr 2025-03-29T10:07:33.094835:  you should consider running: 
250329-10:07:33,95 nipype.interface INFO:
	 stderr 2025-03-29T10:07:33.094835:     3dWarp -deoblique 
250329-10:07:33,95 nipype.interface INFO:
	 stderr 2025-03-29T10:07:33.094835:  on this and  other oblique datasets in the same session.
250329-10:07:33,95 nipype.interface INFO:
	 stderr 2025-03-29T10:07:33.094835: See 3dWarp -help for details.
250329-10:07:33,95 nipype.interface INFO:
	 stderr 2025-03-29T10:07:33.094835:++ Oblique dataset:/work_dir/fmriprep_24_0_wf/sub_36_wf/bold_task_bird_run_4_wf/bold_fit_wf/hmc_boldref_wf/gen_avg/sub-36_task-bird_run-4_bold_sliced.nii.gz is 5.114122 degrees from plumb.
250329-10:07:33,95 nipype.interface INFO:
	 stderr 2025-03-29T10:07:33.094835:++ Coarse del was 10, replaced with 6
250329-10:07:34,766 nipype.interface INFO:
	 stderr 2025-03-29T10:07:34.766878:++ 3dvolreg: AFNI version=AFNI_24.1.14 (May 26 2024) [64-bit]
250329-10:07:34,767 nipype.interface INFO:
	 stderr 2025-03-29T10:07:34.766878:++ Authored by: RW Cox
250329-10:07:34,770 nipype.interface INFO:
	 stderr 2025-03-29T10:07:34.770617:** AFNI converts NIFTI_datatype=512 (UINT16) in file /work_dir/fmriprep_24_0_wf/sub_36_wf/bold_task_bird_run_3_wf/bold_fit_wf/hmc_boldref_wf/gen_avg/sub-36_task-bird_run-3_bold_sliced.nii.gz to FLOAT32
250329-10:07:34,771 nipype.interface INFO:
	 stderr 2025-03-29T10:07:34.771245:     Warnings of this type will be muted for this session.
250329-10:07:34,771 nipype.interface INFO:
	 stderr 2025-03-29T10:07:34.771245:     Set AFNI_NIFTI_TYPE_WARN to YES to see them all, NO to see none.
250329-10:07:34,773 nipype.interface INFO:
	 stderr 2025-03-29T10:07:34.773407:[7m*+ WARNING:[0m   If you are performing spatial transformations on an oblique dset,
250329-10:07:34,773 nipype.interface INFO:
	 stderr 2025-03-29T10:07:34.773407:  such as /work_dir/fmriprep_24_0_wf/sub_36_wf/bold_task_bird_run_3_wf/bold_fit_wf/hmc_boldref_wf/gen_avg/sub-36_task-bird_run-3_bold_sliced.nii.gz,
250329-10:07:34,773 nipype.interface INFO:
	 stderr 2025-03-29T10:07:34.773407:  or viewing/combining it with volumes of differing obliquity,
250329-10:07:34,773 nipype.interface INFO:
	 stderr 2025-03-29T10:07:34.773407:  you should consider running: 
250329-10:07:34,773 nipype.interface INFO:
	 stderr 2025-03-29T10:07:34.773407:     3dWarp -deoblique 
250329-10:07:34,773 nipype.interface INFO:
	 stderr 2025-03-29T10:07:34.773407:  on this and  other oblique datasets in the same session.
250329-10:07:34,773 nipype.interface INFO:
	 stderr 2025-03-29T10:07:34.773407: See 3dWarp -help for details.
250329-10:07:34,773 nipype.interface INFO:
	 stderr 2025-03-29T10:07:34.773407:++ Oblique dataset:/work_dir/fmriprep_24_0_wf/sub_36_wf/bold_task_bird_run_3_wf/bold_fit_wf/hmc_boldref_wf/gen_avg/sub-36_task-bird_run-3_bold_sliced.nii.gz is 5.114122 degrees from plumb.
250329-10:07:34,773 nipype.interface INFO:
	 stderr 2025-03-29T10:07:34.773407:++ Coarse del was 10, replaced with 6
250329-10:07:34,901 nipype.interface INFO:
	 stderr 2025-03-29T10:07:34.901356:++ 3dvolreg: AFNI version=AFNI_24.1.14 (May 26 2024) [64-bit]
250329-10:07:34,901 nipype.interface INFO:
	 stderr 2025-03-29T10:07:34.901626:++ Authored by: RW Cox
250329-10:07:34,920 nipype.interface INFO:
	 stderr 2025-03-29T10:07:34.920483:** AFNI converts NIFTI_datatype=512 (UINT16) in file /work_dir/fmriprep_24_0_wf/sub_36_wf/bold_task_bird_run_5_wf/bold_fit_wf/hmc_boldref_wf/gen_avg/sub-36_task-bird_run-5_bold_sliced.nii.gz to FLOAT32
250329-10:07:34,921 nipype.interface INFO:
	 stderr 2025-03-29T10:07:34.921640:     Warnings of this type will be muted for this session.
250329-10:07:34,921 nipype.interface INFO:
	 stderr 2025-03-29T10:07:34.921640:     Set AFNI_NIFTI_TYPE_WARN to YES to see them all, NO to see none.
250329-10:07:34,925 nipype.interface INFO:
	 stderr 2025-03-29T10:07:34.925270:[7m*+ WARNING:[0m   If you are performing spatial transformations on an oblique dset,
250329-10:07:34,925 nipype.interface INFO:
	 stderr 2025-03-29T10:07:34.925270:  such as /work_dir/fmriprep_24_0_wf/sub_36_wf/bold_task_bird_run_5_wf/bold_fit_wf/hmc_boldref_wf/gen_avg/sub-36_task-bird_run-5_bold_sliced.nii.gz,
250329-10:07:34,925 nipype.interface INFO:
	 stderr 2025-03-29T10:07:34.925270:  or viewing/combining it with volumes of differing obliquity,
250329-10:07:34,925 nipype.interface INFO:
	 stderr 2025-03-29T10:07:34.925270:  you should consider running: 
250329-10:07:34,925 nipype.interface INFO:
	 stderr 2025-03-29T10:07:34.925270:     3dWarp -deoblique 
250329-10:07:34,925 nipype.interface INFO:
	 stderr 2025-03-29T10:07:34.925270:  on this and  other oblique datasets in the same session.
250329-10:07:34,925 nipype.interface INFO:
	 stderr 2025-03-29T10:07:34.925270: See 3dWarp -help for details.
250329-10:07:34,925 nipype.interface INFO:
	 stderr 2025-03-29T10:07:34.925701:++ Oblique dataset:/work_dir/fmriprep_24_0_wf/sub_36_wf/bold_task_bird_run_5_wf/bold_fit_wf/hmc_boldref_wf/gen_avg/sub-36_task-bird_run-5_bold_sliced.nii.gz is 5.114122 degrees from plumb.
250329-10:07:34,925 nipype.interface INFO:
	 stderr 2025-03-29T10:07:34.925817:++ Coarse del was 10, replaced with 6
250329-10:07:35,21 nipype.workflow INFO:
	 [Node] Finished "lap_tmpl", elapsed time 20.112843s.
250329-10:07:35,382 nipype.workflow INFO:
	 [Node] Setting-up "fmriprep_24_0_wf.sub_36_wf.bold_task_bird_run_6_wf.bold_native_wf.bold_stc_wf.slice_timing_correction" in "/work_dir/fmriprep_24_0_wf/sub_36_wf/bold_task_bird_run_6_wf/bold_native_wf/bold_stc_wf/slice_timing_correction".
250329-10:07:35,404 nipype.workflow INFO:
	 [Node] Executing "slice_timing_correction" <fmriprep.workflows.bold.stc.TShift>
250329-10:07:35,681 nipype.workflow INFO:
	 [Node] Setting-up "fmriprep_24_0_wf.sub_36_wf.bold_task_bird_run_4_wf.bold_native_wf.bold_stc_wf.slice_timing_correction" in "/work_dir/fmriprep_24_0_wf/sub_36_wf/bold_task_bird_run_4_wf/bold_native_wf/bold_stc_wf/slice_timing_correction".
250329-10:07:35,726 nipype.workflow INFO:
	 [Node] Executing "slice_timing_correction" <fmriprep.workflows.bold.stc.TShift>
250329-10:07:36,123 nipype.workflow INFO:
	 [Node] Setting-up "fmriprep_24_0_wf.sub_36_wf.bold_task_bird_run_5_wf.bold_native_wf.bold_stc_wf.slice_timing_correction" in "/work_dir/fmriprep_24_0_wf/sub_36_wf/bold_task_bird_run_5_wf/bold_native_wf/bold_stc_wf/slice_timing_correction".
250329-10:07:36,153 nipype.workflow INFO:
	 [Node] Executing "slice_timing_correction" <fmriprep.workflows.bold.stc.TShift>
250329-10:07:37,100 nipype.workflow INFO:
	 [Node] Setting-up "fmriprep_24_0_wf.sub_36_wf.anat_fit_wf.brain_extraction_wf.mrg_tmpl" in "/work_dir/fmriprep_24_0_wf/sub_36_wf/anat_fit_wf/brain_extraction_wf/mrg_tmpl".
250329-10:07:37,178 nipype.workflow INFO:
	 [Node] Executing "mrg_tmpl" <nipype.interfaces.utility.base.Merge>
250329-10:07:37,179 nipype.workflow INFO:
	 [Node] Finished "mrg_tmpl", elapsed time 0.000211s.
250329-10:07:37,237 nipype.workflow INFO:
	 [Node] Setting-up "fmriprep_24_0_wf.sub_36_wf.bold_task_bird_run_2_wf.bold_native_wf.bold_stc_wf.slice_timing_correction" in "/work_dir/fmriprep_24_0_wf/sub_36_wf/bold_task_bird_run_2_wf/bold_native_wf/bold_stc_wf/slice_timing_correction".
250329-10:07:37,256 nipype.workflow INFO:
	 [Node] Executing "slice_timing_correction" <fmriprep.workflows.bold.stc.TShift>
250329-10:07:37,993 nipype.interface INFO:
	 stderr 2025-03-29T10:07:37.993076:++ 3dvolreg: AFNI version=AFNI_24.1.14 (May 26 2024) [64-bit]
250329-10:07:37,993 nipype.interface INFO:
	 stderr 2025-03-29T10:07:37.993374:++ Authored by: RW Cox
250329-10:07:37,997 nipype.interface INFO:
	 stderr 2025-03-29T10:07:37.997288:** AFNI converts NIFTI_datatype=512 (UINT16) in file /work_dir/fmriprep_24_0_wf/sub_36_wf/bold_task_bird_run_6_wf/bold_fit_wf/hmc_boldref_wf/gen_avg/sub-36_task-bird_run-6_bold_sliced.nii.gz to FLOAT32
250329-10:07:37,998 nipype.interface INFO:
	 stderr 2025-03-29T10:07:37.998034:     Warnings of this type will be muted for this session.
250329-10:07:37,998 nipype.interface INFO:
	 stderr 2025-03-29T10:07:37.998034:     Set AFNI_NIFTI_TYPE_WARN to YES to see them all, NO to see none.
250329-10:07:38,1 nipype.interface INFO:
	 stderr 2025-03-29T10:07:38.001071:[7m*+ WARNING:[0m   If you are performing spatial transformations on an oblique dset,
250329-10:07:38,1 nipype.interface INFO:
	 stderr 2025-03-29T10:07:38.001071:  such as /work_dir/fmriprep_24_0_wf/sub_36_wf/bold_task_bird_run_6_wf/bold_fit_wf/hmc_boldref_wf/gen_avg/sub-36_task-bird_run-6_bold_sliced.nii.gz,
250329-10:07:38,1 nipype.interface INFO:
	 stderr 2025-03-29T10:07:38.001071:  or viewing/combining it with volumes of differing obliquity,
250329-10:07:38,1 nipype.interface INFO:
	 stderr 2025-03-29T10:07:38.001071:  you should consider running: 
250329-10:07:38,1 nipype.interface INFO:
	 stderr 2025-03-29T10:07:38.001071:     3dWarp -deoblique 
250329-10:07:38,1 nipype.interface INFO:
	 stderr 2025-03-29T10:07:38.001071:  on this and  other oblique datasets in the same session.
250329-10:07:38,1 nipype.interface INFO:
	 stderr 2025-03-29T10:07:38.001071: See 3dWarp -help for details.
250329-10:07:38,1 nipype.interface INFO:
	 stderr 2025-03-29T10:07:38.001545:++ Oblique dataset:/work_dir/fmriprep_24_0_wf/sub_36_wf/bold_task_bird_run_6_wf/bold_fit_wf/hmc_boldref_wf/gen_avg/sub-36_task-bird_run-6_bold_sliced.nii.gz is 5.114122 degrees from plumb.
250329-10:07:38,1 nipype.interface INFO:
	 stderr 2025-03-29T10:07:38.001671:++ Coarse del was 10, replaced with 6
250329-10:07:42,87 nipype.workflow INFO:
	 [Node] Setting-up "fmriprep_24_0_wf.sub_36_wf.bold_task_bird_run_3_wf.bold_native_wf.bold_stc_wf.slice_timing_correction" in "/work_dir/fmriprep_24_0_wf/sub_36_wf/bold_task_bird_run_3_wf/bold_native_wf/bold_stc_wf/slice_timing_correction".
250329-10:07:42,104 nipype.workflow INFO:
	 [Node] Executing "slice_timing_correction" <fmriprep.workflows.bold.stc.TShift>
250329-10:09:38,610 nipype.workflow INFO:
	 [Node] Finished "slice_timing_correction", elapsed time 122.455353s.
250329-10:09:40,619 nipype.workflow INFO:
	 [Node] Setting-up "fmriprep_24_0_wf.sub_36_wf.bold_task_bird_run_5_wf.bold_native_wf.bold_stc_wf.copy_xform" in "/work_dir/fmriprep_24_0_wf/sub_36_wf/bold_task_bird_run_5_wf/bold_native_wf/bold_stc_wf/copy_xform".
250329-10:09:42,771 nipype.workflow INFO:
	 [Node] Finished "slice_timing_correction", elapsed time 127.36536s.
250329-10:09:44,97 nipype.workflow INFO:
	 [Node] Executing "copy_xform" <niworkflows.interfaces.header.CopyXForm>
250329-10:09:44,636 nipype.workflow INFO:
	 [Node] Finished "slice_timing_correction", elapsed time 132.382452s.
250329-10:09:44,695 nipype.workflow INFO:
	 [Node] Finished "_denoise0", elapsed time 140.121235s.
250329-10:09:44,792 nipype.workflow INFO:
	 [Node] Setting-up "fmriprep_24_0_wf.sub_36_wf.bold_task_bird_run_6_wf.bold_native_wf.bold_stc_wf.copy_xform" in "/work_dir/fmriprep_24_0_wf/sub_36_wf/bold_task_bird_run_6_wf/bold_native_wf/bold_stc_wf/copy_xform".
250329-10:09:45,877 nipype.workflow INFO:
	 [Node] Finished "slice_timing_correction", elapsed time 130.149239s.
250329-10:09:46,447 nipype.workflow INFO:
	 [Node] Finished "slice_timing_correction", elapsed time 129.190015s.
250329-10:09:46,469 nipype.workflow INFO:
	 [Node] Setting-up "_anat_conform0" in "/work_dir/fmriprep_24_0_wf/sub_36_wf/anat_fit_wf/anat_template_wf/anat_conform/mapflow/_anat_conform0".
250329-10:09:46,470 nipype.workflow INFO:
	 [Node] Executing "_anat_conform0" <niworkflows.interfaces.images.Conform>
250329-10:09:46,489 nipype.workflow INFO:
	 [Node] Setting-up "fmriprep_24_0_wf.sub_36_wf.bold_task_bird_run_1_wf.bold_native_wf.bold_stc_wf.copy_xform" in "/work_dir/fmriprep_24_0_wf/sub_36_wf/bold_task_bird_run_1_wf/bold_native_wf/bold_stc_wf/copy_xform".
250329-10:09:46,489 nipype.workflow INFO:
	 [Node] Setting-up "fmriprep_24_0_wf.sub_36_wf.bold_task_bird_run_4_wf.bold_native_wf.bold_stc_wf.copy_xform" in "/work_dir/fmriprep_24_0_wf/sub_36_wf/bold_task_bird_run_4_wf/bold_native_wf/bold_stc_wf/copy_xform".
250329-10:09:46,566 nipype.workflow INFO:
	 [Node] Finished "_anat_conform0", elapsed time 0.095653s.
250329-10:09:48,784 nipype.workflow INFO:
	 [Node] Setting-up "fmriprep_24_0_wf.sub_36_wf.anat_fit_wf.anat_template_wf.get1st" in "/work_dir/fmriprep_24_0_wf/sub_36_wf/anat_fit_wf/anat_template_wf/get1st".
250329-10:09:48,789 nipype.workflow INFO:
	 [Node] Setting-up "fmriprep_24_0_wf.sub_36_wf.bold_task_bird_run_2_wf.bold_native_wf.bold_stc_wf.copy_xform" in "/work_dir/fmriprep_24_0_wf/sub_36_wf/bold_task_bird_run_2_wf/bold_native_wf/bold_stc_wf/copy_xform".
250329-10:09:48,791 nipype.workflow INFO:
	 [Node] Executing "get1st" <nipype.interfaces.utility.base.Select>
250329-10:09:48,792 nipype.workflow INFO:
	 [Node] Finished "get1st", elapsed time 0.000291s.
250329-10:09:49,350 nipype.workflow INFO:
	 [Node] Executing "copy_xform" <niworkflows.interfaces.header.CopyXForm>
250329-10:09:50,832 nipype.workflow INFO:
	 [Node] Finished "slice_timing_correction", elapsed time 128.726752s.
250329-10:09:51,320 nipype.workflow INFO:
	 [Node] Executing "copy_xform" <niworkflows.interfaces.header.CopyXForm>
250329-10:09:51,564 nipype.workflow INFO:
	 [Node] Executing "copy_xform" <niworkflows.interfaces.header.CopyXForm>
250329-10:09:51,761 nipype.workflow INFO:
	 [Node] Executing "copy_xform" <niworkflows.interfaces.header.CopyXForm>
250329-10:09:52,678 nipype.workflow INFO:
	 [Node] Setting-up "fmriprep_24_0_wf.sub_36_wf.bold_task_bird_run_3_wf.bold_native_wf.bold_stc_wf.copy_xform" in "/work_dir/fmriprep_24_0_wf/sub_36_wf/bold_task_bird_run_3_wf/bold_native_wf/bold_stc_wf/copy_xform".
250329-10:09:52,688 nipype.workflow INFO:
	 [Node] Setting-up "fmriprep_24_0_wf.sub_36_wf.anat_fit_wf.surface_recon_wf.fov_check" in "/work_dir/fmriprep_24_0_wf/sub_36_wf/anat_fit_wf/surface_recon_wf/fov_check".
250329-10:09:52,702 nipype.workflow INFO:
	 [Node] Executing "fov_check" <nipype.interfaces.utility.wrappers.Function>
250329-10:09:52,780 nipype.workflow INFO:
	 [Node] Setting-up "_truncate_images0" in "/work_dir/fmriprep_24_0_wf/sub_36_wf/anat_fit_wf/brain_extraction_wf/truncate_images/mapflow/_truncate_images0".
250329-10:09:52,781 nipype.workflow INFO:
	 [Node] Executing "_truncate_images0" <nipype.interfaces.ants.utils.ImageMath>
250329-10:09:53,547 nipype.workflow INFO:
	 [Node] Finished "fov_check", elapsed time 0.844242s.
250329-10:09:54,698 nipype.workflow INFO:
	 [Node] Setting-up "fmriprep_24_0_wf.sub_36_wf.anat_fit_wf.surface_recon_wf.recon_config" in "/work_dir/fmriprep_24_0_wf/sub_36_wf/anat_fit_wf/surface_recon_wf/recon_config".
250329-10:09:56,114 nipype.interface INFO:
	 stderr 2025-03-29T10:09:56.114584:++ Max displacement in automask = 0.08 (mm) at sub-brick 18
250329-10:09:56,114 nipype.interface INFO:
	 stderr 2025-03-29T10:09:56.114880:++ Max delta displ  in automask = 0.09 (mm) at sub-brick 8
250329-10:09:56,145 nipype.interface INFO:
	 stderr 2025-03-29T10:09:56.145603:++ Max displacement in automask = 0.14 (mm) at sub-brick 19
250329-10:09:56,145 nipype.interface INFO:
	 stderr 2025-03-29T10:09:56.145911:++ Max delta displ  in automask = 0.07 (mm) at sub-brick 2
250329-10:09:58,42 nipype.workflow INFO:
	 [Node] Executing "recon_config" <niworkflows.interfaces.freesurfer.FSDetectInputs>
250329-10:09:58,161 nipype.workflow INFO:
	 [Node] Finished "recon_config", elapsed time 0.118032s.
250329-10:10:00,23 nipype.workflow INFO:
	 [Node] Executing "copy_xform" <niworkflows.interfaces.header.CopyXForm>
250329-10:10:02,577 nipype.interface INFO:
	 stderr 2025-03-29T10:10:02.577599:++ Max displacement in automask = 0.09 (mm) at sub-brick 8
250329-10:10:02,577 nipype.interface INFO:
	 stderr 2025-03-29T10:10:02.577930:++ Max delta displ  in automask = 0.09 (mm) at sub-brick 9
250329-10:10:03,32 nipype.interface INFO:
	 stderr 2025-03-29T10:10:03.032894:++ Max displacement in automask = 0.14 (mm) at sub-brick 16
250329-10:10:03,33 nipype.interface INFO:
	 stderr 2025-03-29T10:10:03.032894:++ Max delta displ  in automask = 0.08 (mm) at sub-brick 16
250329-10:10:03,342 nipype.workflow INFO:
	 [Node] Finished "gen_avg", elapsed time 161.507427s.
250329-10:10:03,771 nipype.workflow INFO:
	 [Node] Finished "gen_avg", elapsed time 159.981098s.
250329-10:10:04,49 nipype.workflow INFO:
	 [Node] Setting-up "fmriprep_24_0_wf.sub_36_wf.anat_fit_wf.surface_recon_wf.autorecon1" in "/work_dir/fmriprep_24_0_wf/sub_36_wf/anat_fit_wf/surface_recon_wf/autorecon1".
250329-10:10:04,69 nipype.workflow INFO:
	 [Node] Executing "autorecon1" <smriprep.interfaces.freesurfer.ReconAll>
250329-10:10:04,245 nipype.interface INFO:
	 stderr 2025-03-29T10:10:04.245241:++ Max displacement in automask = 0.07 (mm) at sub-brick 14
250329-10:10:04,245 nipype.interface INFO:
	 stderr 2025-03-29T10:10:04.245648:++ Max delta displ  in automask = 0.07 (mm) at sub-brick 11
250329-10:10:04,609 nipype.interface INFO:
	 stderr 2025-03-29T10:10:04.609486:++ Max displacement in automask = 0.10 (mm) at sub-brick 16
250329-10:10:04,609 nipype.interface INFO:
	 stderr 2025-03-29T10:10:04.609802:++ Max delta displ  in automask = 0.08 (mm) at sub-brick 16
250329-10:10:04,657 nipype.workflow INFO:
	 [Node] Setting-up "fmriprep_24_0_wf.sub_36_wf.bold_task_bird_run_1_wf.bold_fit_wf.fmapref_buffer" in "/work_dir/fmriprep_24_0_wf/sub_36_wf/bold_task_bird_run_1_wf/bold_fit_wf/fmapref_buffer".
250329-10:10:04,664 nipype.workflow INFO:
	 [Node] Executing "fmapref_buffer" <nipype.interfaces.utility.wrappers.Function>
250329-10:10:04,672 nipype.workflow INFO:
	 [Node] Finished "fmapref_buffer", elapsed time 0.007741s.
250329-10:10:04,754 nipype.interface WARNING:
	 Changing /output/sub-36/func/sub-36_task-bird_run-1_desc-hmc_boldref.nii.gz dtype from uint16 to float32
250329-10:10:05,604 nipype.workflow INFO:
	 [Node] Setting-up "fmriprep_24_0_wf.sub_36_wf.bold_task_bird_run_2_wf.bold_fit_wf.fmapref_buffer" in "/work_dir/fmriprep_24_0_wf/sub_36_wf/bold_task_bird_run_2_wf/bold_fit_wf/fmapref_buffer".
250329-10:10:05,606 nipype.workflow INFO:
	 [Node] Executing "fmapref_buffer" <nipype.interfaces.utility.wrappers.Function>
250329-10:10:05,608 nipype.workflow INFO:
	 [Node] Finished "fmapref_buffer", elapsed time 0.001224s.
250329-10:10:05,708 nipype.interface WARNING:
	 Changing /output/sub-36/func/sub-36_task-bird_run-2_desc-hmc_boldref.nii.gz dtype from uint16 to float32
250329-10:10:05,767 nipype.workflow INFO:
	 [Node] Setting-up "fmriprep_24_0_wf.sub_36_wf.bold_task_bird_run_1_wf.bold_fit_wf.bold_hmc_wf.mcflirt" in "/work_dir/fmriprep_24_0_wf/sub_36_wf/bold_task_bird_run_1_wf/bold_fit_wf/bold_hmc_wf/mcflirt".
250329-10:10:05,771 nipype.workflow INFO:
	 [Node] Executing "mcflirt" <nipype.interfaces.fsl.preprocess.MCFLIRT>
250329-10:10:06,717 nipype.workflow INFO:
	 [Node] Setting-up "fmriprep_24_0_wf.sub_36_wf.bold_task_bird_run_2_wf.bold_fit_wf.bold_hmc_wf.mcflirt" in "/work_dir/fmriprep_24_0_wf/sub_36_wf/bold_task_bird_run_2_wf/bold_fit_wf/bold_hmc_wf/mcflirt".
250329-10:10:06,724 nipype.workflow INFO:
	 [Node] Executing "mcflirt" <nipype.interfaces.fsl.preprocess.MCFLIRT>
250329-10:10:07,15 nipype.workflow INFO:
	 [Node] Setting-up "fmriprep_24_0_wf.sub_36_wf.bold_task_bird_run_2_wf.bold_fit_wf.ds_coreg_boldref_wf.sources" in "/work_dir/fmriprep_24_0_wf/sub_36_wf/bold_task_bird_run_2_wf/bold_fit_wf/ds_coreg_boldref_wf/sources".
250329-10:10:07,40 nipype.workflow INFO:
	 [Node] Executing "sources" <fmriprep.interfaces.bids.BIDSURI>
250329-10:10:07,42 nipype.workflow INFO:
	 [Node] Finished "sources", elapsed time 0.000249s.
250329-10:10:07,50 nipype.workflow INFO:
	 [Node] Setting-up "fmriprep_24_0_wf.sub_36_wf.bold_task_bird_run_1_wf.bold_fit_wf.enhance_and_skullstrip_bold_wf.init_aff" in "/work_dir/fmriprep_24_0_wf/sub_36_wf/bold_task_bird_run_1_wf/bold_fit_wf/enhance_and_skullstrip_bold_wf/init_aff".
250329-10:10:07,62 nipype.workflow INFO:
	 [Node] Executing "init_aff" <nipype.interfaces.ants.utils.AI>
250329-10:10:08,180 nipype.workflow INFO:
	 [Node] Finished "gen_avg", elapsed time 161.453117s.
250329-10:10:08,724 nipype.workflow INFO:
	 [Node] Finished "gen_avg", elapsed time 163.056279s.
250329-10:10:09,0 nipype.workflow INFO:
	 [Node] Setting-up "fmriprep_24_0_wf.sub_36_wf.bold_task_bird_run_6_wf.bold_fit_wf.fmapref_buffer" in "/work_dir/fmriprep_24_0_wf/sub_36_wf/bold_task_bird_run_6_wf/bold_fit_wf/fmapref_buffer".
250329-10:10:09,7 nipype.workflow INFO:
	 [Node] Executing "fmapref_buffer" <nipype.interfaces.utility.wrappers.Function>
250329-10:10:09,11 nipype.workflow INFO:
	 [Node] Finished "fmapref_buffer", elapsed time 0.002706s.
250329-10:10:09,111 nipype.interface WARNING:
	 Changing /output/sub-36/func/sub-36_task-bird_run-6_desc-hmc_boldref.nii.gz dtype from uint16 to float32
250329-10:10:09,602 nipype.workflow INFO:
	 [Node] Setting-up "fmriprep_24_0_wf.sub_36_wf.bold_task_bird_run_1_wf.bold_fit_wf.ds_coreg_boldref_wf.sources" in "/work_dir/fmriprep_24_0_wf/sub_36_wf/bold_task_bird_run_1_wf/bold_fit_wf/ds_coreg_boldref_wf/sources".
250329-10:10:09,637 nipype.workflow INFO:
	 [Node] Executing "sources" <fmriprep.interfaces.bids.BIDSURI>
250329-10:10:09,638 nipype.workflow INFO:
	 [Node] Finished "sources", elapsed time 0.00026s.
250329-10:10:10,21 nipype.workflow INFO:
	 [Node] Setting-up "fmriprep_24_0_wf.sub_36_wf.bold_task_bird_run_6_wf.bold_fit_wf.bold_hmc_wf.mcflirt" in "/work_dir/fmriprep_24_0_wf/sub_36_wf/bold_task_bird_run_6_wf/bold_fit_wf/bold_hmc_wf/mcflirt".
250329-10:10:10,28 nipype.workflow INFO:
	 [Node] Executing "mcflirt" <nipype.interfaces.fsl.preprocess.MCFLIRT>
250329-10:10:10,250 nipype.workflow INFO:
	 [Node] Finished "_truncate_images0", elapsed time 16.664169s.
250329-10:10:11,1 nipype.workflow INFO:
	 [Node] Setting-up "fmriprep_24_0_wf.sub_36_wf.bold_task_bird_run_3_wf.bold_fit_wf.fmapref_buffer" in "/work_dir/fmriprep_24_0_wf/sub_36_wf/bold_task_bird_run_3_wf/bold_fit_wf/fmapref_buffer".
250329-10:10:11,7 nipype.workflow INFO:
	 [Node] Executing "fmapref_buffer" <nipype.interfaces.utility.wrappers.Function>
250329-10:10:11,10 nipype.workflow INFO:
	 [Node] Finished "fmapref_buffer", elapsed time 0.001791s.
250329-10:10:11,80 nipype.interface WARNING:
	 Changing /output/sub-36/func/sub-36_task-bird_run-3_desc-hmc_boldref.nii.gz dtype from uint16 to float32
250329-10:10:11,745 nipype.workflow INFO:
	 [Node] Setting-up "fmriprep_24_0_wf.sub_36_wf.bold_task_bird_run_6_wf.bold_fit_wf.ds_coreg_boldref_wf.sources" in "/work_dir/fmriprep_24_0_wf/sub_36_wf/bold_task_bird_run_6_wf/bold_fit_wf/ds_coreg_boldref_wf/sources".
250329-10:10:11,786 nipype.workflow INFO:
	 [Node] Executing "sources" <fmriprep.interfaces.bids.BIDSURI>
250329-10:10:11,787 nipype.workflow INFO:
	 [Node] Finished "sources", elapsed time 0.000248s.
250329-10:10:11,838 nipype.workflow INFO:
	 [Node] Setting-up "fmriprep_24_0_wf.sub_36_wf.bold_task_bird_run_3_wf.bold_fit_wf.bold_hmc_wf.mcflirt" in "/work_dir/fmriprep_24_0_wf/sub_36_wf/bold_task_bird_run_3_wf/bold_fit_wf/bold_hmc_wf/mcflirt".
250329-10:10:11,845 nipype.workflow INFO:
	 [Node] Executing "mcflirt" <nipype.interfaces.fsl.preprocess.MCFLIRT>
250329-10:10:12,188 nipype.workflow INFO:
	 [Node] Finished "gen_avg", elapsed time 166.263279s.
250329-10:10:12,661 nipype.workflow INFO:
	 [Node] Finished "gen_avg", elapsed time 166.25098500000001s.
250329-10:10:13,282 nipype.workflow INFO:
	 [Node] Setting-up "fmriprep_24_0_wf.sub_36_wf.bold_task_bird_run_4_wf.bold_fit_wf.fmapref_buffer" in "/work_dir/fmriprep_24_0_wf/sub_36_wf/bold_task_bird_run_4_wf/bold_fit_wf/fmapref_buffer".
250329-10:10:13,288 nipype.workflow INFO:
	 [Node] Executing "fmapref_buffer" <nipype.interfaces.utility.wrappers.Function>
250329-10:10:13,290 nipype.workflow INFO:
	 [Node] Finished "fmapref_buffer", elapsed time 0.000662s.
250329-10:10:13,382 nipype.interface WARNING:
	 Changing /output/sub-36/func/sub-36_task-bird_run-4_desc-hmc_boldref.nii.gz dtype from uint16 to float32
250329-10:10:14,390 nipype.workflow INFO:
	 [Node] Setting-up "fmriprep_24_0_wf.sub_36_wf.bold_task_bird_run_4_wf.bold_fit_wf.bold_hmc_wf.mcflirt" in "/work_dir/fmriprep_24_0_wf/sub_36_wf/bold_task_bird_run_4_wf/bold_fit_wf/bold_hmc_wf/mcflirt".
250329-10:10:14,410 nipype.workflow INFO:
	 [Node] Executing "mcflirt" <nipype.interfaces.fsl.preprocess.MCFLIRT>
250329-10:10:15,176 nipype.workflow INFO:
	 [Node] Setting-up "fmriprep_24_0_wf.sub_36_wf.bold_task_bird_run_5_wf.bold_fit_wf.fmapref_buffer" in "/work_dir/fmriprep_24_0_wf/sub_36_wf/bold_task_bird_run_5_wf/bold_fit_wf/fmapref_buffer".
250329-10:10:15,183 nipype.workflow INFO:
	 [Node] Executing "fmapref_buffer" <nipype.interfaces.utility.wrappers.Function>
250329-10:10:15,184 nipype.workflow INFO:
	 [Node] Finished "fmapref_buffer", elapsed time 0.000686s.
250329-10:10:15,274 nipype.interface WARNING:
	 Changing /output/sub-36/func/sub-36_task-bird_run-5_desc-hmc_boldref.nii.gz dtype from uint16 to float32
250329-10:10:16,196 nipype.workflow INFO:
	 [Node] Setting-up "fmriprep_24_0_wf.sub_36_wf.bold_task_bird_run_4_wf.bold_fit_wf.ds_coreg_boldref_wf.sources" in "/work_dir/fmriprep_24_0_wf/sub_36_wf/bold_task_bird_run_4_wf/bold_fit_wf/ds_coreg_boldref_wf/sources".
250329-10:10:16,215 nipype.workflow INFO:
	 [Node] Executing "sources" <fmriprep.interfaces.bids.BIDSURI>
250329-10:10:16,216 nipype.workflow INFO:
	 [Node] Finished "sources", elapsed time 0.00025s.
250329-10:10:16,390 nipype.workflow INFO:
	 [Node] Setting-up "fmriprep_24_0_wf.sub_36_wf.bold_task_bird_run_5_wf.bold_fit_wf.bold_hmc_wf.mcflirt" in "/work_dir/fmriprep_24_0_wf/sub_36_wf/bold_task_bird_run_5_wf/bold_fit_wf/bold_hmc_wf/mcflirt".
250329-10:10:16,398 nipype.workflow INFO:
	 [Node] Executing "mcflirt" <nipype.interfaces.fsl.preprocess.MCFLIRT>
250329-10:10:19,88 nipype.workflow INFO:
	 [Node] Setting-up "fmriprep_24_0_wf.sub_36_wf.bold_task_bird_run_3_wf.bold_fit_wf.ds_coreg_boldref_wf.sources" in "/work_dir/fmriprep_24_0_wf/sub_36_wf/bold_task_bird_run_3_wf/bold_fit_wf/ds_coreg_boldref_wf/sources".
250329-10:10:19,135 nipype.workflow INFO:
	 [Node] Executing "sources" <fmriprep.interfaces.bids.BIDSURI>
250329-10:10:19,136 nipype.workflow INFO:
	 [Node] Finished "sources", elapsed time 0.000244s.
250329-10:10:21,482 nipype.workflow INFO:
	 [Node] Setting-up "fmriprep_24_0_wf.sub_36_wf.bold_task_bird_run_5_wf.bold_fit_wf.ds_coreg_boldref_wf.sources" in "/work_dir/fmriprep_24_0_wf/sub_36_wf/bold_task_bird_run_5_wf/bold_fit_wf/ds_coreg_boldref_wf/sources".
250329-10:10:21,518 nipype.workflow INFO:
	 [Node] Executing "sources" <fmriprep.interfaces.bids.BIDSURI>
250329-10:10:21,519 nipype.workflow INFO:
	 [Node] Finished "sources", elapsed time 0.000251s.
250329-10:10:45,185 nipype.workflow INFO:
	 [Node] Finished "copy_xform", elapsed time 61.083869s.
250329-10:10:55,987 nipype.workflow INFO:
	 [Node] Finished "copy_xform", elapsed time 66.625159s.
250329-10:10:57,814 nipype.workflow INFO:
	 [Node] Finished "copy_xform", elapsed time 66.249718s.
250329-10:11:00,489 nipype.workflow INFO:
	 [Node] Finished "copy_xform", elapsed time 68.727455s.
250329-10:11:00,853 nipype.workflow INFO:
	 [Node] Finished "copy_xform", elapsed time 69.531966s.
250329-10:11:01,54 nipype.workflow INFO:
	 [Node] Setting-up "fmriprep_24_0_wf.sub_36_wf.bold_task_bird_run_2_wf.bold_fit_wf.enhance_and_skullstrip_bold_wf.init_aff" in "/work_dir/fmriprep_24_0_wf/sub_36_wf/bold_task_bird_run_2_wf/bold_fit_wf/enhance_and_skullstrip_bold_wf/init_aff".
250329-10:11:01,58 nipype.workflow INFO:
	 [Node] Executing "init_aff" <nipype.interfaces.ants.utils.AI>
250329-10:11:15,306 nipype.workflow INFO:
	 [Node] Finished "copy_xform", elapsed time 75.27923s.
250329-10:12:01,948 nipype.workflow INFO:
	 [Node] Finished "init_aff", elapsed time 114.162246s.
250329-10:12:02,826 nipype.workflow INFO:
	 [Node] Setting-up "fmriprep_24_0_wf.sub_36_wf.bold_task_bird_run_3_wf.bold_fit_wf.enhance_and_skullstrip_bold_wf.init_aff" in "/work_dir/fmriprep_24_0_wf/sub_36_wf/bold_task_bird_run_3_wf/bold_fit_wf/enhance_and_skullstrip_bold_wf/init_aff".
250329-10:12:02,829 nipype.workflow INFO:
	 [Node] Executing "init_aff" <nipype.interfaces.ants.utils.AI>
250329-10:13:07,340 nipype.workflow INFO:
	 [Node] Finished "init_aff", elapsed time 125.739219s.
250329-10:13:08,924 nipype.workflow INFO:
	 [Node] Setting-up "fmriprep_24_0_wf.sub_36_wf.bold_task_bird_run_4_wf.bold_fit_wf.enhance_and_skullstrip_bold_wf.init_aff" in "/work_dir/fmriprep_24_0_wf/sub_36_wf/bold_task_bird_run_4_wf/bold_fit_wf/enhance_and_skullstrip_bold_wf/init_aff".
250329-10:13:08,927 nipype.workflow INFO:
	 [Node] Executing "init_aff" <nipype.interfaces.ants.utils.AI>
250329-10:14:09,124 nipype.workflow INFO:
	 [Node] Finished "init_aff", elapsed time 126.100079s.
250329-10:14:11,149 nipype.workflow INFO:
	 [Node] Setting-up "fmriprep_24_0_wf.sub_36_wf.bold_task_bird_run_5_wf.bold_fit_wf.enhance_and_skullstrip_bold_wf.init_aff" in "/work_dir/fmriprep_24_0_wf/sub_36_wf/bold_task_bird_run_5_wf/bold_fit_wf/enhance_and_skullstrip_bold_wf/init_aff".
250329-10:14:11,152 nipype.workflow INFO:
	 [Node] Executing "init_aff" <nipype.interfaces.ants.utils.AI>
250329-10:15:11,680 nipype.workflow INFO:
	 [Node] Finished "init_aff", elapsed time 121.974004s.
250329-10:15:13,298 nipype.workflow INFO:
	 [Node] Setting-up "fmriprep_24_0_wf.sub_36_wf.bold_task_bird_run_6_wf.bold_fit_wf.enhance_and_skullstrip_bold_wf.init_aff" in "/work_dir/fmriprep_24_0_wf/sub_36_wf/bold_task_bird_run_6_wf/bold_fit_wf/enhance_and_skullstrip_bold_wf/init_aff".
250329-10:15:13,302 nipype.workflow INFO:
	 [Node] Executing "init_aff" <nipype.interfaces.ants.utils.AI>
250329-10:15:23,576 nipype.workflow INFO:
	 [Node] Finished "mcflirt", elapsed time 307.177706s.
250329-10:15:24,227 nipype.workflow INFO:
	 [Node] Finished "mcflirt", elapsed time 317.501928s.
250329-10:15:24,602 nipype.workflow INFO:
	 [Node] Finished "mcflirt", elapsed time 310.191593s.
250329-10:15:25,65 nipype.workflow INFO:
	 [Node] Setting-up "fmriprep_24_0_wf.sub_36_wf.bold_task_bird_run_5_wf.bold_fit_wf.bold_hmc_wf.normalize_motion" in "/work_dir/fmriprep_24_0_wf/sub_36_wf/bold_task_bird_run_5_wf/bold_fit_wf/bold_hmc_wf/normalize_motion".
250329-10:15:25,77 nipype.workflow INFO:
	 [Node] Executing "normalize_motion" <niworkflows.interfaces.confounds.NormalizeMotionParams>
250329-10:15:25,94 nipype.workflow INFO:
	 [Node] Finished "normalize_motion", elapsed time 0.016473s.
250329-10:15:25,382 nipype.workflow INFO:
	 [Node] Setting-up "fmriprep_24_0_wf.sub_36_wf.bold_task_bird_run_2_wf.bold_fit_wf.bold_hmc_wf.normalize_motion" in "/work_dir/fmriprep_24_0_wf/sub_36_wf/bold_task_bird_run_2_wf/bold_fit_wf/bold_hmc_wf/normalize_motion".
250329-10:15:25,489 nipype.workflow INFO:
	 [Node] Executing "normalize_motion" <niworkflows.interfaces.confounds.NormalizeMotionParams>
250329-10:15:25,493 nipype.workflow INFO:
	 [Node] Finished "normalize_motion", elapsed time 0.003533s.
250329-10:15:27,50 nipype.workflow INFO:
	 [Node] Setting-up "fmriprep_24_0_wf.sub_36_wf.bold_task_bird_run_2_wf.bold_confounds_wf.fdisp" in "/work_dir/fmriprep_24_0_wf/sub_36_wf/bold_task_bird_run_2_wf/bold_confounds_wf/fdisp".
250329-10:15:27,294 nipype.workflow INFO:
	 [Node] Setting-up "fmriprep_24_0_wf.sub_36_wf.bold_task_bird_run_5_wf.bold_confounds_wf.fdisp" in "/work_dir/fmriprep_24_0_wf/sub_36_wf/bold_task_bird_run_5_wf/bold_confounds_wf/fdisp".
250329-10:15:27,298 nipype.workflow INFO:
	 [Node] Executing "fdisp" <nipype.algorithms.confounds.FramewiseDisplacement>
250329-10:15:27,302 nipype.workflow INFO:
	 [Node] Finished "fdisp", elapsed time 0.002585s.
250329-10:15:27,517 nipype.workflow INFO:
	 [Node] Setting-up "fmriprep_24_0_wf.sub_36_wf.bold_task_bird_run_4_wf.bold_fit_wf.bold_hmc_wf.normalize_motion" in "/work_dir/fmriprep_24_0_wf/sub_36_wf/bold_task_bird_run_4_wf/bold_fit_wf/bold_hmc_wf/normalize_motion".
250329-10:15:27,684 nipype.workflow INFO:
	 [Node] Executing "normalize_motion" <niworkflows.interfaces.confounds.NormalizeMotionParams>
250329-10:15:27,718 nipype.workflow INFO:
	 [Node] Finished "normalize_motion", elapsed time 0.022013s.
250329-10:15:27,738 nipype.workflow INFO:
	 [Node] Executing "fdisp" <nipype.algorithms.confounds.FramewiseDisplacement>
250329-10:15:27,741 nipype.workflow INFO:
	 [Node] Finished "fdisp", elapsed time 0.002521s.
250329-10:15:28,332 nipype.workflow INFO:
	 [Node] Finished "mcflirt", elapsed time 316.486213s.
250329-10:15:28,838 nipype.workflow INFO:
	 [Node] Setting-up "fmriprep_24_0_wf.sub_36_wf.bold_task_bird_run_3_wf.bold_fit_wf.bold_hmc_wf.normalize_motion" in "/work_dir/fmriprep_24_0_wf/sub_36_wf/bold_task_bird_run_3_wf/bold_fit_wf/bold_hmc_wf/normalize_motion".
250329-10:15:28,856 nipype.workflow INFO:
	 [Node] Executing "normalize_motion" <niworkflows.interfaces.confounds.NormalizeMotionParams>
250329-10:15:28,872 nipype.workflow INFO:
	 [Node] Finished "normalize_motion", elapsed time 0.015121s.
250329-10:15:29,71 nipype.workflow INFO:
	 [Node] Setting-up "fmriprep_24_0_wf.sub_36_wf.bold_task_bird_run_4_wf.bold_confounds_wf.fdisp" in "/work_dir/fmriprep_24_0_wf/sub_36_wf/bold_task_bird_run_4_wf/bold_confounds_wf/fdisp".
250329-10:15:29,454 nipype.workflow INFO:
	 [Node] Executing "fdisp" <nipype.algorithms.confounds.FramewiseDisplacement>
250329-10:15:29,457 nipype.workflow INFO:
	 [Node] Finished "fdisp", elapsed time 0.002538s.
250329-10:15:30,541 nipype.workflow INFO:
	 [Node] Finished "mcflirt", elapsed time 324.7691s.
250329-10:15:30,751 nipype.workflow INFO:
	 [Node] Finished "mcflirt", elapsed time 320.721368s.
250329-10:15:31,77 nipype.workflow INFO:
	 [Node] Setting-up "fmriprep_24_0_wf.sub_36_wf.bold_task_bird_run_3_wf.bold_confounds_wf.fdisp" in "/work_dir/fmriprep_24_0_wf/sub_36_wf/bold_task_bird_run_3_wf/bold_confounds_wf/fdisp".
250329-10:15:31,83 nipype.workflow INFO:
	 [Node] Executing "fdisp" <nipype.algorithms.confounds.FramewiseDisplacement>
250329-10:15:31,86 nipype.workflow INFO:
	 [Node] Finished "fdisp", elapsed time 0.002514s.
250329-10:15:31,197 nipype.workflow INFO:
	 [Node] Setting-up "fmriprep_24_0_wf.sub_36_wf.bold_task_bird_run_1_wf.bold_fit_wf.bold_hmc_wf.normalize_motion" in "/work_dir/fmriprep_24_0_wf/sub_36_wf/bold_task_bird_run_1_wf/bold_fit_wf/bold_hmc_wf/normalize_motion".
250329-10:15:31,282 nipype.workflow INFO:
	 [Node] Executing "normalize_motion" <niworkflows.interfaces.confounds.NormalizeMotionParams>
250329-10:15:31,286 nipype.workflow INFO:
	 [Node] Finished "normalize_motion", elapsed time 0.00328s.
250329-10:15:32,879 nipype.workflow INFO:
	 [Node] Setting-up "fmriprep_24_0_wf.sub_36_wf.bold_task_bird_run_1_wf.bold_fit_wf.bold_hmc_wf.fsl2itk" in "/work_dir/fmriprep_24_0_wf/sub_36_wf/bold_task_bird_run_1_wf/bold_fit_wf/bold_hmc_wf/fsl2itk".
250329-10:15:32,913 nipype.workflow INFO:
	 [Node] Executing "fsl2itk" <niworkflows.interfaces.itk.MCFLIRT2ITK>
250329-10:15:32,914 nipype.interface WARNING:
	 Multithreading is deprecated. Remove the num_threads input.
250329-10:15:33,160 nipype.workflow INFO:
	 [Node] Finished "fsl2itk", elapsed time 0.245946s.
250329-10:15:34,989 nipype.workflow INFO:
	 [Node] Setting-up "fmriprep_24_0_wf.sub_36_wf.bold_task_bird_run_2_wf.bold_fit_wf.bold_hmc_wf.fsl2itk" in "/work_dir/fmriprep_24_0_wf/sub_36_wf/bold_task_bird_run_2_wf/bold_fit_wf/bold_hmc_wf/fsl2itk".
250329-10:15:35,26 nipype.workflow INFO:
	 [Node] Executing "fsl2itk" <niworkflows.interfaces.itk.MCFLIRT2ITK>
250329-10:15:35,26 nipype.interface WARNING:
	 Multithreading is deprecated. Remove the num_threads input.
250329-10:15:35,256 nipype.workflow INFO:
	 [Node] Finished "fsl2itk", elapsed time 0.229524s.
250329-10:15:37,49 nipype.workflow INFO:
	 [Node] Setting-up "fmriprep_24_0_wf.sub_36_wf.bold_task_bird_run_3_wf.bold_fit_wf.bold_hmc_wf.fsl2itk" in "/work_dir/fmriprep_24_0_wf/sub_36_wf/bold_task_bird_run_3_wf/bold_fit_wf/bold_hmc_wf/fsl2itk".
250329-10:15:37,152 nipype.workflow INFO:
	 [Node] Executing "fsl2itk" <niworkflows.interfaces.itk.MCFLIRT2ITK>
250329-10:15:37,153 nipype.interface WARNING:
	 Multithreading is deprecated. Remove the num_threads input.
250329-10:15:37,384 nipype.workflow INFO:
	 [Node] Finished "fsl2itk", elapsed time 0.231033s.
250329-10:15:39,216 nipype.workflow INFO:
	 [Node] Setting-up "fmriprep_24_0_wf.sub_36_wf.bold_task_bird_run_4_wf.bold_fit_wf.bold_hmc_wf.fsl2itk" in "/work_dir/fmriprep_24_0_wf/sub_36_wf/bold_task_bird_run_4_wf/bold_fit_wf/bold_hmc_wf/fsl2itk".
250329-10:15:39,324 nipype.workflow INFO:
	 [Node] Executing "fsl2itk" <niworkflows.interfaces.itk.MCFLIRT2ITK>
250329-10:15:39,325 nipype.interface WARNING:
	 Multithreading is deprecated. Remove the num_threads input.
250329-10:15:39,573 nipype.workflow INFO:
	 [Node] Finished "fsl2itk", elapsed time 0.247858s.
250329-10:15:40,885 nipype.workflow INFO:
	 [Node] Setting-up "fmriprep_24_0_wf.sub_36_wf.bold_task_bird_run_5_wf.bold_fit_wf.bold_hmc_wf.fsl2itk" in "/work_dir/fmriprep_24_0_wf/sub_36_wf/bold_task_bird_run_5_wf/bold_fit_wf/bold_hmc_wf/fsl2itk".
250329-10:15:40,922 nipype.workflow INFO:
	 [Node] Executing "fsl2itk" <niworkflows.interfaces.itk.MCFLIRT2ITK>
250329-10:15:40,923 nipype.interface WARNING:
	 Multithreading is deprecated. Remove the num_threads input.
250329-10:15:41,157 nipype.workflow INFO:
	 [Node] Finished "fsl2itk", elapsed time 0.233897s.
250329-10:15:42,882 nipype.workflow INFO:
	 [Node] Setting-up "fmriprep_24_0_wf.sub_36_wf.bold_task_bird_run_6_wf.bold_fit_wf.bold_hmc_wf.fsl2itk" in "/work_dir/fmriprep_24_0_wf/sub_36_wf/bold_task_bird_run_6_wf/bold_fit_wf/bold_hmc_wf/fsl2itk".
250329-10:15:42,919 nipype.workflow INFO:
	 [Node] Executing "fsl2itk" <niworkflows.interfaces.itk.MCFLIRT2ITK>
250329-10:15:42,920 nipype.interface WARNING:
	 Multithreading is deprecated. Remove the num_threads input.
250329-10:15:43,167 nipype.workflow INFO:
	 [Node] Finished "fsl2itk", elapsed time 0.24704s.
250329-10:15:44,843 nipype.workflow INFO:
	 [Node] Setting-up "fmriprep_24_0_wf.sub_36_wf.bold_task_bird_run_6_wf.bold_fit_wf.bold_hmc_wf.normalize_motion" in "/work_dir/fmriprep_24_0_wf/sub_36_wf/bold_task_bird_run_6_wf/bold_fit_wf/bold_hmc_wf/normalize_motion".
250329-10:15:44,857 nipype.workflow INFO:
	 [Node] Executing "normalize_motion" <niworkflows.interfaces.confounds.NormalizeMotionParams>
250329-10:15:44,861 nipype.workflow INFO:
	 [Node] Finished "normalize_motion", elapsed time 0.003176s.
250329-10:15:45,275 nipype.workflow INFO:
	 [Node] Setting-up "fmriprep_24_0_wf.sub_36_wf.bold_task_bird_run_1_wf.bold_confounds_wf.fdisp" in "/work_dir/fmriprep_24_0_wf/sub_36_wf/bold_task_bird_run_1_wf/bold_confounds_wf/fdisp".
250329-10:15:45,279 nipype.workflow INFO:
	 [Node] Executing "fdisp" <nipype.algorithms.confounds.FramewiseDisplacement>
250329-10:15:45,282 nipype.workflow INFO:
	 [Node] Finished "fdisp", elapsed time 0.002592s.
250329-10:15:46,845 nipype.workflow INFO:
	 [Node] Setting-up "fmriprep_24_0_wf.sub_36_wf.bold_task_bird_run_1_wf.bold_fit_wf.enhance_and_skullstrip_bold_wf.norm" in "/work_dir/fmriprep_24_0_wf/sub_36_wf/bold_task_bird_run_1_wf/bold_fit_wf/enhance_and_skullstrip_bold_wf/norm".
250329-10:15:46,850 nipype.workflow INFO:
	 [Node] Executing "norm" <niworkflows.interfaces.fixes.FixHeaderRegistration>
250329-10:15:50,833 nipype.workflow INFO:
	 [Node] Finished "norm", elapsed time 3.603634s.
250329-10:15:52,840 nipype.workflow INFO:
	 [Node] Setting-up "fmriprep_24_0_wf.sub_36_wf.bold_task_bird_run_2_wf.bold_fit_wf.enhance_and_skullstrip_bold_wf.norm" in "/work_dir/fmriprep_24_0_wf/sub_36_wf/bold_task_bird_run_2_wf/bold_fit_wf/enhance_and_skullstrip_bold_wf/norm".
250329-10:15:52,845 nipype.workflow INFO:
	 [Node] Executing "norm" <niworkflows.interfaces.fixes.FixHeaderRegistration>
250329-10:15:56,434 nipype.workflow INFO:
	 [Node] Finished "norm", elapsed time 3.271199s.
250329-10:15:56,600 nipype.workflow INFO:
	 [Node] Finished "init_aff", elapsed time 104.955634s.
250329-10:15:56,853 nipype.workflow INFO:
	 [Node] Setting-up "fmriprep_24_0_wf.sub_36_wf.bold_task_bird_run_3_wf.bold_fit_wf.enhance_and_skullstrip_bold_wf.norm" in "/work_dir/fmriprep_24_0_wf/sub_36_wf/bold_task_bird_run_3_wf/bold_fit_wf/enhance_and_skullstrip_bold_wf/norm".
250329-10:15:56,854 nipype.workflow INFO:
	 [Node] Setting-up "fmriprep_24_0_wf.sub_36_wf.bold_task_bird_run_4_wf.bold_fit_wf.enhance_and_skullstrip_bold_wf.norm" in "/work_dir/fmriprep_24_0_wf/sub_36_wf/bold_task_bird_run_4_wf/bold_fit_wf/enhance_and_skullstrip_bold_wf/norm".
250329-10:15:56,858 nipype.workflow INFO:
	 [Node] Executing "norm" <niworkflows.interfaces.fixes.FixHeaderRegistration>
250329-10:15:56,859 nipype.workflow INFO:
	 [Node] Executing "norm" <niworkflows.interfaces.fixes.FixHeaderRegistration>
250329-10:15:59,974 nipype.workflow INFO:
	 [Node] Finished "norm", elapsed time 3.113458s.
250329-10:16:00,94 nipype.workflow INFO:
	 [Node] Finished "norm", elapsed time 3.234514s.
250329-10:16:00,835 nipype.workflow INFO:
	 [Node] Setting-up "fmriprep_24_0_wf.sub_36_wf.bold_task_bird_run_5_wf.bold_fit_wf.enhance_and_skullstrip_bold_wf.norm" in "/work_dir/fmriprep_24_0_wf/sub_36_wf/bold_task_bird_run_5_wf/bold_fit_wf/enhance_and_skullstrip_bold_wf/norm".
250329-10:16:00,840 nipype.workflow INFO:
	 [Node] Executing "norm" <niworkflows.interfaces.fixes.FixHeaderRegistration>
250329-10:16:00,845 nipype.workflow INFO:
	 [Node] Setting-up "fmriprep_24_0_wf.sub_36_wf.bold_task_bird_run_6_wf.bold_confounds_wf.fdisp" in "/work_dir/fmriprep_24_0_wf/sub_36_wf/bold_task_bird_run_6_wf/bold_confounds_wf/fdisp".
250329-10:16:01,55 nipype.workflow INFO:
	 [Node] Setting-up "fmriprep_24_0_wf.sub_36_wf.bold_task_bird_run_4_wf.bold_fit_wf.enhance_and_skullstrip_bold_wf.map_brainmask" in "/work_dir/fmriprep_24_0_wf/sub_36_wf/bold_task_bird_run_4_wf/bold_fit_wf/enhance_and_skullstrip_bold_wf/map_brainmask".
250329-10:16:01,59 nipype.workflow INFO:
	 [Node] Executing "map_brainmask" <niworkflows.interfaces.fixes.FixHeaderApplyTransforms>
250329-10:16:01,87 nipype.workflow INFO:
	 [Node] Setting-up "fmriprep_24_0_wf.sub_36_wf.bold_task_bird_run_3_wf.bold_fit_wf.enhance_and_skullstrip_bold_wf.map_brainmask" in "/work_dir/fmriprep_24_0_wf/sub_36_wf/bold_task_bird_run_3_wf/bold_fit_wf/enhance_and_skullstrip_bold_wf/map_brainmask".
250329-10:16:01,92 nipype.workflow INFO:
	 [Node] Executing "map_brainmask" <niworkflows.interfaces.fixes.FixHeaderApplyTransforms>
250329-10:16:01,98 nipype.workflow INFO:
	 [Node] Setting-up "fmriprep_24_0_wf.sub_36_wf.bold_task_bird_run_1_wf.bold_fit_wf.enhance_and_skullstrip_bold_wf.map_brainmask" in "/work_dir/fmriprep_24_0_wf/sub_36_wf/bold_task_bird_run_1_wf/bold_fit_wf/enhance_and_skullstrip_bold_wf/map_brainmask".
250329-10:16:01,102 nipype.workflow INFO:
	 [Node] Executing "map_brainmask" <niworkflows.interfaces.fixes.FixHeaderApplyTransforms>
250329-10:16:01,99 nipype.workflow INFO:
	 [Node] Setting-up "fmriprep_24_0_wf.sub_36_wf.bold_task_bird_run_2_wf.bold_fit_wf.enhance_and_skullstrip_bold_wf.map_brainmask" in "/work_dir/fmriprep_24_0_wf/sub_36_wf/bold_task_bird_run_2_wf/bold_fit_wf/enhance_and_skullstrip_bold_wf/map_brainmask".
250329-10:16:01,111 nipype.workflow INFO:
	 [Node] Executing "map_brainmask" <niworkflows.interfaces.fixes.FixHeaderApplyTransforms>
250329-10:16:01,409 nipype.workflow INFO:
	 [Node] Executing "fdisp" <nipype.algorithms.confounds.FramewiseDisplacement>
250329-10:16:01,413 nipype.workflow INFO:
	 [Node] Finished "fdisp", elapsed time 0.002598s.
250329-10:16:02,105 nipype.workflow INFO:
	 [Node] Finished "map_brainmask", elapsed time 0.640399s.
250329-10:16:02,125 nipype.workflow INFO:
	 [Node] Finished "map_brainmask", elapsed time 0.636649s.
250329-10:16:02,141 nipype.workflow INFO:
	 [Node] Finished "map_brainmask", elapsed time 0.678003s.
250329-10:16:02,179 nipype.workflow INFO:
	 [Node] Finished "map_brainmask", elapsed time 0.719082s.
250329-10:16:04,55 nipype.workflow INFO:
	 [Node] Setting-up "_inu_n40" in "/work_dir/fmriprep_24_0_wf/sub_36_wf/anat_fit_wf/brain_extraction_wf/inu_n4/mapflow/_inu_n40".
250329-10:16:04,57 nipype.workflow INFO:
	 [Node] Executing "_inu_n40" <nipype.interfaces.ants.segmentation.N4BiasFieldCorrection>
250329-10:16:06,250 nipype.workflow INFO:
	 [Node] Finished "norm", elapsed time 5.408248s.
250329-10:16:06,860 nipype.workflow INFO:
	 [Node] Setting-up "fmriprep_24_0_wf.sub_36_wf.bold_task_bird_run_5_wf.bold_fit_wf.enhance_and_skullstrip_bold_wf.map_brainmask" in "/work_dir/fmriprep_24_0_wf/sub_36_wf/bold_task_bird_run_5_wf/bold_fit_wf/enhance_and_skullstrip_bold_wf/map_brainmask".
250329-10:16:06,863 nipype.workflow INFO:
	 [Node] Executing "map_brainmask" <niworkflows.interfaces.fixes.FixHeaderApplyTransforms>
250329-10:16:06,867 nipype.workflow INFO:
	 [Node] Setting-up "fmriprep_24_0_wf.sub_36_wf.bold_task_bird_run_1_wf.bold_fit_wf.enhance_and_skullstrip_bold_wf.n4_correct" in "/work_dir/fmriprep_24_0_wf/sub_36_wf/bold_task_bird_run_1_wf/bold_fit_wf/enhance_and_skullstrip_bold_wf/n4_correct".
250329-10:16:06,871 nipype.workflow INFO:
	 [Node] Setting-up "fmriprep_24_0_wf.sub_36_wf.bold_task_bird_run_4_wf.bold_fit_wf.enhance_and_skullstrip_bold_wf.n4_correct" in "/work_dir/fmriprep_24_0_wf/sub_36_wf/bold_task_bird_run_4_wf/bold_fit_wf/enhance_and_skullstrip_bold_wf/n4_correct".
250329-10:16:06,872 nipype.workflow INFO:
	 [Node] Setting-up "fmriprep_24_0_wf.sub_36_wf.bold_task_bird_run_3_wf.bold_fit_wf.enhance_and_skullstrip_bold_wf.n4_correct" in "/work_dir/fmriprep_24_0_wf/sub_36_wf/bold_task_bird_run_3_wf/bold_fit_wf/enhance_and_skullstrip_bold_wf/n4_correct".
250329-10:16:06,873 nipype.workflow INFO:
	 [Node] Executing "n4_correct" <niworkflows.interfaces.fixes.FixN4BiasFieldCorrection>
250329-10:16:06,874 nipype.workflow INFO:
	 [Node] Setting-up "fmriprep_24_0_wf.sub_36_wf.bold_task_bird_run_2_wf.bold_fit_wf.enhance_and_skullstrip_bold_wf.n4_correct" in "/work_dir/fmriprep_24_0_wf/sub_36_wf/bold_task_bird_run_2_wf/bold_fit_wf/enhance_and_skullstrip_bold_wf/n4_correct".
250329-10:16:06,875 nipype.workflow INFO:
	 [Node] Executing "n4_correct" <niworkflows.interfaces.fixes.FixN4BiasFieldCorrection>
250329-10:16:06,876 nipype.workflow INFO:
	 [Node] Executing "n4_correct" <niworkflows.interfaces.fixes.FixN4BiasFieldCorrection>
250329-10:16:06,878 nipype.workflow INFO:
	 [Node] Executing "n4_correct" <niworkflows.interfaces.fixes.FixN4BiasFieldCorrection>
250329-10:16:08,334 nipype.workflow INFO:
	 [Node] Finished "map_brainmask", elapsed time 0.903024s.
250329-10:16:11,132 nipype.workflow INFO:
	 [Node] Setting-up "fmriprep_24_0_wf.sub_36_wf.bold_task_bird_run_5_wf.bold_fit_wf.enhance_and_skullstrip_bold_wf.n4_correct" in "/work_dir/fmriprep_24_0_wf/sub_36_wf/bold_task_bird_run_5_wf/bold_fit_wf/enhance_and_skullstrip_bold_wf/n4_correct".
250329-10:16:11,135 nipype.workflow INFO:
	 [Node] Executing "n4_correct" <niworkflows.interfaces.fixes.FixN4BiasFieldCorrection>
250329-10:16:13,33 nipype.workflow INFO:
	 [Node] Finished "n4_correct", elapsed time 6.155909s.
250329-10:16:13,37 nipype.workflow INFO:
	 [Node] Finished "n4_correct", elapsed time 6.161479s.
250329-10:16:13,674 nipype.workflow INFO:
	 [Node] Finished "n4_correct", elapsed time 6.1938130000000005s.
250329-10:16:13,708 nipype.workflow INFO:
	 [Node] Finished "n4_correct", elapsed time 6.82887s.
250329-10:16:14,901 nipype.workflow INFO:
	 [Node] Setting-up "fmriprep_24_0_wf.sub_36_wf.bold_task_bird_run_1_wf.bold_fit_wf.enhance_and_skullstrip_bold_wf.skullstrip_first_pass" in "/work_dir/fmriprep_24_0_wf/sub_36_wf/bold_task_bird_run_1_wf/bold_fit_wf/enhance_and_skullstrip_bold_wf/skullstrip_first_pass".
250329-10:16:14,957 nipype.interface WARNING:
	 Changing /output/sub-36/func/sub-36_task-bird_run-1_desc-coreg_boldref.nii.gz dtype from uint16 to float32
250329-10:16:14,962 nipype.workflow INFO:
	 [Node] Executing "skullstrip_first_pass" <nipype.interfaces.fsl.preprocess.BET>
250329-10:16:15,444 nipype.workflow INFO:
	 [Node] Setting-up "fmriprep_24_0_wf.sub_36_wf.bold_task_bird_run_2_wf.bold_fit_wf.enhance_and_skullstrip_bold_wf.skullstrip_first_pass" in "/work_dir/fmriprep_24_0_wf/sub_36_wf/bold_task_bird_run_2_wf/bold_fit_wf/enhance_and_skullstrip_bold_wf/skullstrip_first_pass".
250329-10:16:15,447 nipype.workflow INFO:
	 [Node] Executing "skullstrip_first_pass" <nipype.interfaces.fsl.preprocess.BET>
250329-10:16:15,580 nipype.interface WARNING:
	 Changing /output/sub-36/func/sub-36_task-bird_run-2_desc-coreg_boldref.nii.gz dtype from uint16 to float32
250329-10:16:16,78 nipype.workflow INFO:
	 [Node] Setting-up "fmriprep_24_0_wf.sub_36_wf.bold_task_bird_run_3_wf.bold_fit_wf.enhance_and_skullstrip_bold_wf.skullstrip_first_pass" in "/work_dir/fmriprep_24_0_wf/sub_36_wf/bold_task_bird_run_3_wf/bold_fit_wf/enhance_and_skullstrip_bold_wf/skullstrip_first_pass".
250329-10:16:16,81 nipype.workflow INFO:
	 [Node] Executing "skullstrip_first_pass" <nipype.interfaces.fsl.preprocess.BET>
250329-10:16:16,134 nipype.interface WARNING:
	 Changing /output/sub-36/func/sub-36_task-bird_run-3_desc-coreg_boldref.nii.gz dtype from uint16 to float32
250329-10:16:16,763 nipype.workflow INFO:
	 [Node] Setting-up "fmriprep_24_0_wf.sub_36_wf.bold_task_bird_run_4_wf.bold_fit_wf.enhance_and_skullstrip_bold_wf.skullstrip_first_pass" in "/work_dir/fmriprep_24_0_wf/sub_36_wf/bold_task_bird_run_4_wf/bold_fit_wf/enhance_and_skullstrip_bold_wf/skullstrip_first_pass".
250329-10:16:16,812 nipype.interface WARNING:
	 Changing /output/sub-36/func/sub-36_task-bird_run-4_desc-coreg_boldref.nii.gz dtype from uint16 to float32
250329-10:16:16,818 nipype.workflow INFO:
	 [Node] Executing "skullstrip_first_pass" <nipype.interfaces.fsl.preprocess.BET>
250329-10:16:17,206 nipype.workflow INFO:
	 [Node] Finished "n4_correct", elapsed time 5.595791s.
250329-10:16:17,336 nipype.workflow INFO:
	 [Node] Finished "skullstrip_first_pass", elapsed time 2.37242s.
250329-10:16:17,767 nipype.workflow INFO:
	 [Node] Setting-up "fmriprep_24_0_wf.sub_36_wf.bold_task_bird_run_5_wf.bold_fit_wf.enhance_and_skullstrip_bold_wf.skullstrip_first_pass" in "/work_dir/fmriprep_24_0_wf/sub_36_wf/bold_task_bird_run_5_wf/bold_fit_wf/enhance_and_skullstrip_bold_wf/skullstrip_first_pass".
250329-10:16:17,772 nipype.workflow INFO:
	 [Node] Executing "skullstrip_first_pass" <nipype.interfaces.fsl.preprocess.BET>
250329-10:16:17,860 nipype.interface WARNING:
	 Changing /output/sub-36/func/sub-36_task-bird_run-5_desc-coreg_boldref.nii.gz dtype from uint16 to float32
250329-10:16:18,319 nipype.workflow INFO:
	 [Node] Finished "skullstrip_first_pass", elapsed time 2.870607s.
250329-10:16:18,335 nipype.workflow INFO:
	 [Node] Setting-up "fmriprep_24_0_wf.sub_36_wf.bold_task_bird_run_1_wf.bold_fit_wf.ds_boldreg_wf.sources" in "/work_dir/fmriprep_24_0_wf/sub_36_wf/bold_task_bird_run_1_wf/bold_fit_wf/ds_boldreg_wf/sources".
250329-10:16:18,335 nipype.workflow INFO:
	 [Node] Setting-up "fmriprep_24_0_wf.sub_36_wf.bold_task_bird_run_2_wf.bold_fit_wf.ds_boldreg_wf.sources" in "/work_dir/fmriprep_24_0_wf/sub_36_wf/bold_task_bird_run_2_wf/bold_fit_wf/ds_boldreg_wf/sources".
250329-10:16:18,337 nipype.workflow INFO:
	 [Node] Executing "sources" <fmriprep.interfaces.bids.BIDSURI>
250329-10:16:18,338 nipype.workflow INFO:
	 [Node] Executing "sources" <fmriprep.interfaces.bids.BIDSURI>
250329-10:16:18,338 nipype.workflow INFO:
	 [Node] Finished "sources", elapsed time 0.000221s.
250329-10:16:18,339 nipype.workflow INFO:
	 [Node] Finished "sources", elapsed time 0.000217s.
250329-10:16:18,341 nipype.workflow INFO:
	 [Node] Setting-up "fmriprep_24_0_wf.sub_36_wf.bold_task_bird_run_3_wf.bold_fit_wf.ds_boldreg_wf.sources" in "/work_dir/fmriprep_24_0_wf/sub_36_wf/bold_task_bird_run_3_wf/bold_fit_wf/ds_boldreg_wf/sources".
250329-10:16:18,344 nipype.workflow INFO:
	 [Node] Executing "sources" <fmriprep.interfaces.bids.BIDSURI>
250329-10:16:18,345 nipype.workflow INFO:
	 [Node] Finished "sources", elapsed time 0.000219s.
250329-10:16:18,489 nipype.workflow INFO:
	 [Node] Finished "skullstrip_first_pass", elapsed time 2.406716s.
250329-10:16:19,73 nipype.workflow INFO:
	 [Node] Finished "skullstrip_first_pass", elapsed time 2.253708s.
250329-10:16:19,619 nipype.workflow INFO:
	 [Node] Setting-up "fmriprep_24_0_wf.sub_36_wf.bold_task_bird_run_2_wf.bold_fit_wf.enhance_and_skullstrip_bold_wf.first_dilate" in "/work_dir/fmriprep_24_0_wf/sub_36_wf/bold_task_bird_run_2_wf/bold_fit_wf/enhance_and_skullstrip_bold_wf/first_dilate".
250329-10:16:19,620 nipype.workflow INFO:
	 [Node] Setting-up "fmriprep_24_0_wf.sub_36_wf.bold_task_bird_run_4_wf.bold_fit_wf.enhance_and_skullstrip_bold_wf.first_dilate" in "/work_dir/fmriprep_24_0_wf/sub_36_wf/bold_task_bird_run_4_wf/bold_fit_wf/enhance_and_skullstrip_bold_wf/first_dilate".
250329-10:16:19,620 nipype.workflow INFO:
	 [Node] Setting-up "fmriprep_24_0_wf.sub_36_wf.bold_task_bird_run_3_wf.bold_fit_wf.enhance_and_skullstrip_bold_wf.first_dilate" in "/work_dir/fmriprep_24_0_wf/sub_36_wf/bold_task_bird_run_3_wf/bold_fit_wf/enhance_and_skullstrip_bold_wf/first_dilate".
250329-10:16:19,621 nipype.workflow INFO:
	 [Node] Setting-up "fmriprep_24_0_wf.sub_36_wf.bold_task_bird_run_4_wf.bold_fit_wf.ds_boldreg_wf.sources" in "/work_dir/fmriprep_24_0_wf/sub_36_wf/bold_task_bird_run_4_wf/bold_fit_wf/ds_boldreg_wf/sources".
250329-10:16:19,622 nipype.workflow INFO:
	 [Node] Executing "first_dilate" <niworkflows.interfaces.nibabel.BinaryDilation>
250329-10:16:19,622 nipype.workflow INFO:
	 [Node] Executing "first_dilate" <niworkflows.interfaces.nibabel.BinaryDilation>
250329-10:16:19,622 nipype.workflow INFO:
	 [Node] Executing "first_dilate" <niworkflows.interfaces.nibabel.BinaryDilation>
250329-10:16:19,623 nipype.workflow INFO:
	 [Node] Setting-up "fmriprep_24_0_wf.sub_36_wf.bold_task_bird_run_5_wf.bold_fit_wf.ds_boldreg_wf.sources" in "/work_dir/fmriprep_24_0_wf/sub_36_wf/bold_task_bird_run_5_wf/bold_fit_wf/ds_boldreg_wf/sources".
250329-10:16:19,625 nipype.workflow INFO:
	 [Node] Setting-up "fmriprep_24_0_wf.sub_36_wf.bold_task_bird_run_1_wf.bold_fit_wf.enhance_and_skullstrip_bold_wf.first_dilate" in "/work_dir/fmriprep_24_0_wf/sub_36_wf/bold_task_bird_run_1_wf/bold_fit_wf/enhance_and_skullstrip_bold_wf/first_dilate".
250329-10:16:19,625 nipype.workflow INFO:
	 [Node] Executing "sources" <fmriprep.interfaces.bids.BIDSURI>
250329-10:16:19,626 nipype.workflow INFO:
	 [Node] Finished "sources", elapsed time 0.000235s.
250329-10:16:19,627 nipype.workflow INFO:
	 [Node] Executing "first_dilate" <niworkflows.interfaces.nibabel.BinaryDilation>
250329-10:16:19,629 nipype.workflow INFO:
	 [Node] Executing "sources" <fmriprep.interfaces.bids.BIDSURI>
250329-10:16:19,629 nipype.workflow INFO:
	 [Node] Finished "sources", elapsed time 0.000232s.
250329-10:16:19,929 nipype.workflow INFO:
	 [Node] Finished "skullstrip_first_pass", elapsed time 2.156149s.
250329-10:16:20,344 nipype.workflow INFO:
	 [Node] Finished "first_dilate", elapsed time 0.721713s.
250329-10:16:20,367 nipype.workflow INFO:
	 [Node] Finished "first_dilate", elapsed time 0.743304s.
250329-10:16:20,539 nipype.workflow INFO:
	 [Node] Finished "first_dilate", elapsed time 0.911818s.
250329-10:16:20,558 nipype.workflow INFO:
	 [Node] Finished "first_dilate", elapsed time 0.934828s.
250329-10:16:21,655 nipype.workflow INFO:
	 [Node] Setting-up "fmriprep_24_0_wf.sub_36_wf.bold_task_bird_run_1_wf.bold_native_wf.boldref_bold" in "/work_dir/fmriprep_24_0_wf/sub_36_wf/bold_task_bird_run_1_wf/bold_native_wf/boldref_bold".
250329-10:16:21,671 nipype.workflow INFO:
	 [Node] Executing "boldref_bold" <fmriprep.interfaces.resampling.ResampleSeries>
250329-10:16:44,422 nipype.workflow INFO:
	 [Node] Finished "init_aff", elapsed time 90.630392s.
250329-10:16:45,474 nipype.workflow INFO:
	 [Node] Setting-up "fmriprep_24_0_wf.sub_36_wf.bold_task_bird_run_6_wf.bold_fit_wf.enhance_and_skullstrip_bold_wf.norm" in "/work_dir/fmriprep_24_0_wf/sub_36_wf/bold_task_bird_run_6_wf/bold_fit_wf/enhance_and_skullstrip_bold_wf/norm".
250329-10:16:45,481 nipype.workflow INFO:
	 [Node] Executing "norm" <niworkflows.interfaces.fixes.FixHeaderRegistration>
250329-10:16:46,103 nipype.workflow INFO:
	 [Node] Finished "norm", elapsed time 0.620799s.
250329-10:16:47,472 nipype.workflow INFO:
	 [Node] Setting-up "fmriprep_24_0_wf.sub_36_wf.bold_task_bird_run_6_wf.bold_fit_wf.enhance_and_skullstrip_bold_wf.map_brainmask" in "/work_dir/fmriprep_24_0_wf/sub_36_wf/bold_task_bird_run_6_wf/bold_fit_wf/enhance_and_skullstrip_bold_wf/map_brainmask".
250329-10:16:47,476 nipype.workflow INFO:
	 [Node] Executing "map_brainmask" <niworkflows.interfaces.fixes.FixHeaderApplyTransforms>
250329-10:16:47,488 nipype.workflow INFO:
	 [Node] Setting-up "fmriprep_24_0_wf.sub_36_wf.bold_task_bird_run_5_wf.bold_fit_wf.enhance_and_skullstrip_bold_wf.first_dilate" in "/work_dir/fmriprep_24_0_wf/sub_36_wf/bold_task_bird_run_5_wf/bold_fit_wf/enhance_and_skullstrip_bold_wf/first_dilate".
250329-10:16:47,489 nipype.workflow INFO:
	 [Node] Setting-up "fmriprep_24_0_wf.sub_36_wf.bold_task_bird_run_3_wf.bold_fit_wf.enhance_and_skullstrip_bold_wf.first_mask" in "/work_dir/fmriprep_24_0_wf/sub_36_wf/bold_task_bird_run_3_wf/bold_fit_wf/enhance_and_skullstrip_bold_wf/first_mask".
250329-10:16:47,489 nipype.workflow INFO:
	 [Node] Setting-up "fmriprep_24_0_wf.sub_36_wf.bold_task_bird_run_1_wf.bold_fit_wf.enhance_and_skullstrip_bold_wf.first_mask" in "/work_dir/fmriprep_24_0_wf/sub_36_wf/bold_task_bird_run_1_wf/bold_fit_wf/enhance_and_skullstrip_bold_wf/first_mask".
250329-10:16:47,489 nipype.workflow INFO:
	 [Node] Setting-up "fmriprep_24_0_wf.sub_36_wf.bold_task_bird_run_4_wf.bold_fit_wf.enhance_and_skullstrip_bold_wf.first_mask" in "/work_dir/fmriprep_24_0_wf/sub_36_wf/bold_task_bird_run_4_wf/bold_fit_wf/enhance_and_skullstrip_bold_wf/first_mask".
250329-10:16:47,492 nipype.workflow INFO:
	 [Node] Executing "first_mask" <niworkflows.interfaces.nibabel.ApplyMask>
250329-10:16:47,492 nipype.workflow INFO:
	 [Node] Executing "first_mask" <niworkflows.interfaces.nibabel.ApplyMask>
250329-10:16:47,494 nipype.workflow INFO:
	 [Node] Setting-up "fmriprep_24_0_wf.sub_36_wf.bold_task_bird_run_2_wf.bold_fit_wf.enhance_and_skullstrip_bold_wf.first_mask" in "/work_dir/fmriprep_24_0_wf/sub_36_wf/bold_task_bird_run_2_wf/bold_fit_wf/enhance_and_skullstrip_bold_wf/first_mask".
250329-10:16:47,497 nipype.workflow INFO:
	 [Node] Executing "first_mask" <niworkflows.interfaces.nibabel.ApplyMask>
250329-10:16:47,501 nipype.workflow INFO:
	 [Node] Executing "first_mask" <niworkflows.interfaces.nibabel.ApplyMask>
250329-10:16:47,618 nipype.workflow INFO:
	 [Node] Executing "first_dilate" <niworkflows.interfaces.nibabel.BinaryDilation>
250329-10:16:47,629 nipype.workflow INFO:
	 [Node] Finished "first_mask", elapsed time 0.1372s.
250329-10:16:47,637 nipype.workflow INFO:
	 [Node] Finished "first_mask", elapsed time 0.144696s.
250329-10:16:47,648 nipype.workflow INFO:
	 [Node] Finished "first_mask", elapsed time 0.150817s.
250329-10:16:47,661 nipype.workflow INFO:
	 [Node] Finished "first_mask", elapsed time 0.159675s.
250329-10:16:48,48 nipype.workflow INFO:
	 [Node] Finished "map_brainmask", elapsed time 0.570997s.
250329-10:16:48,424 nipype.workflow INFO:
	 [Node] Finished "first_dilate", elapsed time 0.805872s.
250329-10:16:51,874 nipype.workflow INFO:
	 [Node] Setting-up "fmriprep_24_0_wf.sub_36_wf.bold_task_bird_run_2_wf.bold_native_wf.boldref_bold" in "/work_dir/fmriprep_24_0_wf/sub_36_wf/bold_task_bird_run_2_wf/bold_native_wf/boldref_bold".
250329-10:16:51,880 nipype.workflow INFO:
	 [Node] Executing "boldref_bold" <fmriprep.interfaces.resampling.ResampleSeries>
250329-10:16:58,478 nipype.workflow INFO:
	 [Node] Finished "_inu_n40", elapsed time 54.022886s.
250329-10:16:59,537 nipype.workflow INFO:
	 [Node] Setting-up "fmriprep_24_0_wf.sub_36_wf.bold_task_bird_run_6_wf.bold_fit_wf.enhance_and_skullstrip_bold_wf.n4_correct" in "/work_dir/fmriprep_24_0_wf/sub_36_wf/bold_task_bird_run_6_wf/bold_fit_wf/enhance_and_skullstrip_bold_wf/n4_correct".
250329-10:16:59,540 nipype.workflow INFO:
	 [Node] Executing "n4_correct" <niworkflows.interfaces.fixes.FixN4BiasFieldCorrection>
250329-10:16:59,546 nipype.workflow INFO:
	 [Node] Setting-up "fmriprep_24_0_wf.sub_36_wf.anat_fit_wf.brain_extraction_wf.lap_target" in "/work_dir/fmriprep_24_0_wf/sub_36_wf/anat_fit_wf/brain_extraction_wf/lap_target".
250329-10:16:59,546 nipype.workflow INFO:
	 [Node] Setting-up "fmriprep_24_0_wf.sub_36_wf.bold_task_bird_run_2_wf.bold_fit_wf.enhance_and_skullstrip_bold_wf.unifize" in "/work_dir/fmriprep_24_0_wf/sub_36_wf/bold_task_bird_run_2_wf/bold_fit_wf/enhance_and_skullstrip_bold_wf/unifize".
250329-10:16:59,548 nipype.workflow INFO:
	 [Node] Setting-up "fmriprep_24_0_wf.sub_36_wf.bold_task_bird_run_4_wf.bold_fit_wf.enhance_and_skullstrip_bold_wf.unifize" in "/work_dir/fmriprep_24_0_wf/sub_36_wf/bold_task_bird_run_4_wf/bold_fit_wf/enhance_and_skullstrip_bold_wf/unifize".
250329-10:16:59,549 nipype.workflow INFO:
	 [Node] Executing "lap_target" <nipype.interfaces.ants.utils.ImageMath>
250329-10:16:59,555 nipype.workflow INFO:
	 [Node] Setting-up "fmriprep_24_0_wf.sub_36_wf.bold_task_bird_run_5_wf.bold_fit_wf.enhance_and_skullstrip_bold_wf.first_mask" in "/work_dir/fmriprep_24_0_wf/sub_36_wf/bold_task_bird_run_5_wf/bold_fit_wf/enhance_and_skullstrip_bold_wf/first_mask".
250329-10:16:59,558 nipype.workflow INFO:
	 [Node] Executing "first_mask" <niworkflows.interfaces.nibabel.ApplyMask>
250329-10:16:59,561 nipype.workflow INFO:
	 [Node] Executing "unifize" <nipype.interfaces.afni.utils.Unifize>
250329-10:16:59,561 nipype.workflow INFO:
	 [Node] Setting-up "fmriprep_24_0_wf.sub_36_wf.anat_fit_wf.brain_extraction_wf.res_target" in "/work_dir/fmriprep_24_0_wf/sub_36_wf/anat_fit_wf/brain_extraction_wf/res_target".
250329-10:16:59,563 nipype.workflow INFO:
	 [Node] Executing "res_target" <niworkflows.interfaces.nibabel.RegridToZooms>
250329-10:16:59,563 nipype.workflow INFO:
	 [Node] Executing "unifize" <nipype.interfaces.afni.utils.Unifize>
250329-10:16:59,645 nipype.workflow INFO:
	 [Node] Setting-up "fmriprep_24_0_wf.sub_36_wf.bold_task_bird_run_1_wf.bold_fit_wf.enhance_and_skullstrip_bold_wf.unifize" in "/work_dir/fmriprep_24_0_wf/sub_36_wf/bold_task_bird_run_1_wf/bold_fit_wf/enhance_and_skullstrip_bold_wf/unifize".
250329-10:16:59,658 nipype.workflow INFO:
	 [Node] Setting-up "fmriprep_24_0_wf.sub_36_wf.bold_task_bird_run_3_wf.bold_fit_wf.enhance_and_skullstrip_bold_wf.unifize" in "/work_dir/fmriprep_24_0_wf/sub_36_wf/bold_task_bird_run_3_wf/bold_fit_wf/enhance_and_skullstrip_bold_wf/unifize".
250329-10:16:59,684 nipype.workflow INFO:
	 [Node] Executing "unifize" <nipype.interfaces.afni.utils.Unifize>
250329-10:16:59,689 nipype.workflow INFO:
	 [Node] Executing "unifize" <nipype.interfaces.afni.utils.Unifize>
250329-10:16:59,729 nipype.workflow INFO:
	 [Node] Finished "first_mask", elapsed time 0.170877s.
250329-10:17:01,421 nipype.workflow INFO:
	 [Node] Finished "res_target", elapsed time 1.8572060000000001s.
250329-10:17:01,838 nipype.workflow INFO:
	 [Node] Setting-up "fmriprep_24_0_wf.sub_36_wf.bold_task_bird_run_5_wf.bold_fit_wf.enhance_and_skullstrip_bold_wf.unifize" in "/work_dir/fmriprep_24_0_wf/sub_36_wf/bold_task_bird_run_5_wf/bold_fit_wf/enhance_and_skullstrip_bold_wf/unifize".
250329-10:17:01,851 nipype.workflow INFO:
	 [Node] Executing "unifize" <nipype.interfaces.afni.utils.Unifize>
250329-10:17:05,272 nipype.workflow INFO:
	 [Node] Finished "n4_correct", elapsed time 5.731327s.
250329-10:17:07,822 nipype.workflow INFO:
	 [Node] Setting-up "fmriprep_24_0_wf.sub_36_wf.bold_task_bird_run_6_wf.bold_fit_wf.enhance_and_skullstrip_bold_wf.skullstrip_first_pass" in "/work_dir/fmriprep_24_0_wf/sub_36_wf/bold_task_bird_run_6_wf/bold_fit_wf/enhance_and_skullstrip_bold_wf/skullstrip_first_pass".
250329-10:17:07,825 nipype.workflow INFO:
	 [Node] Executing "skullstrip_first_pass" <nipype.interfaces.fsl.preprocess.BET>
250329-10:17:07,980 nipype.interface WARNING:
	 Changing /output/sub-36/func/sub-36_task-bird_run-6_desc-coreg_boldref.nii.gz dtype from uint16 to float32
250329-10:17:09,652 nipype.workflow INFO:
	 [Node] Setting-up "fmriprep_24_0_wf.sub_36_wf.bold_task_bird_run_6_wf.bold_fit_wf.ds_boldreg_wf.sources" in "/work_dir/fmriprep_24_0_wf/sub_36_wf/bold_task_bird_run_6_wf/bold_fit_wf/ds_boldreg_wf/sources".
250329-10:17:09,656 nipype.workflow INFO:
	 [Node] Executing "sources" <fmriprep.interfaces.bids.BIDSURI>
250329-10:17:09,656 nipype.workflow INFO:
	 [Node] Finished "sources", elapsed time 0.000227s.
250329-10:17:11,805 nipype.workflow INFO:
	 [Node] Finished "skullstrip_first_pass", elapsed time 3.979244s.
250329-10:17:13,651 nipype.workflow INFO:
	 [Node] Setting-up "fmriprep_24_0_wf.sub_36_wf.bold_task_bird_run_6_wf.bold_fit_wf.enhance_and_skullstrip_bold_wf.first_dilate" in "/work_dir/fmriprep_24_0_wf/sub_36_wf/bold_task_bird_run_6_wf/bold_fit_wf/enhance_and_skullstrip_bold_wf/first_dilate".
250329-10:17:13,653 nipype.workflow INFO:
	 [Node] Executing "first_dilate" <niworkflows.interfaces.nibabel.BinaryDilation>
250329-10:17:14,808 nipype.workflow INFO:
	 [Node] Finished "first_dilate", elapsed time 1.154453s.
250329-10:17:15,654 nipype.workflow INFO:
	 [Node] Setting-up "fmriprep_24_0_wf.sub_36_wf.bold_task_bird_run_6_wf.bold_fit_wf.enhance_and_skullstrip_bold_wf.first_mask" in "/work_dir/fmriprep_24_0_wf/sub_36_wf/bold_task_bird_run_6_wf/bold_fit_wf/enhance_and_skullstrip_bold_wf/first_mask".
250329-10:17:15,656 nipype.workflow INFO:
	 [Node] Executing "first_mask" <niworkflows.interfaces.nibabel.ApplyMask>
250329-10:17:15,816 nipype.workflow INFO:
	 [Node] Finished "first_mask", elapsed time 0.159179s.
250329-10:17:17,695 nipype.workflow INFO:
	 [Node] Setting-up "fmriprep_24_0_wf.sub_36_wf.bold_task_bird_run_6_wf.bold_fit_wf.enhance_and_skullstrip_bold_wf.unifize" in "/work_dir/fmriprep_24_0_wf/sub_36_wf/bold_task_bird_run_6_wf/bold_fit_wf/enhance_and_skullstrip_bold_wf/unifize".
250329-10:17:17,710 nipype.workflow INFO:
	 [Node] Executing "unifize" <nipype.interfaces.afni.utils.Unifize>
250329-10:17:18,5 nipype.workflow INFO:
	 [Node] Finished "lap_target", elapsed time 18.455147s.
250329-10:17:19,657 nipype.workflow INFO:
	 [Node] Setting-up "fmriprep_24_0_wf.sub_36_wf.anat_fit_wf.brain_extraction_wf.mrg_target" in "/work_dir/fmriprep_24_0_wf/sub_36_wf/anat_fit_wf/brain_extraction_wf/mrg_target".
250329-10:17:19,660 nipype.workflow INFO:
	 [Node] Executing "mrg_target" <nipype.interfaces.utility.base.Merge>
250329-10:17:19,661 nipype.workflow INFO:
	 [Node] Finished "mrg_target", elapsed time 0.000214s.
250329-10:17:19,913 nipype.workflow INFO:
	 [Node] Finished "boldref_bold", elapsed time 58.241204s.
250329-10:17:21,468 nipype.workflow INFO:
	 [Node] Setting-up "fmriprep_24_0_wf.sub_36_wf.anat_fit_wf.brain_extraction_wf.init_aff" in "/work_dir/fmriprep_24_0_wf/sub_36_wf/anat_fit_wf/brain_extraction_wf/init_aff".
250329-10:17:21,470 nipype.workflow INFO:
	 [Node] Setting-up "fmriprep_24_0_wf.sub_36_wf.bold_task_bird_run_1_wf.ds_bold_native_wf.ds_bold" in "/work_dir/fmriprep_24_0_wf/sub_36_wf/bold_task_bird_run_1_wf/ds_bold_native_wf/ds_bold".
250329-10:17:21,486 nipype.workflow INFO:
	 [Node] Executing "init_aff" <nipype.interfaces.ants.utils.AI>
250329-10:17:21,585 nipype.workflow INFO:
	 [Node] Executing "ds_bold" <fmriprep.interfaces.DerivativesDataSink>
250329-10:17:46,557 nipype.workflow INFO:
	 [Node] Finished "boldref_bold", elapsed time 54.67491s.
250329-10:17:47,658 nipype.workflow INFO:
	 [Node] Setting-up "fmriprep_24_0_wf.sub_36_wf.bold_task_bird_run_2_wf.ds_bold_native_wf.ds_bold" in "/work_dir/fmriprep_24_0_wf/sub_36_wf/bold_task_bird_run_2_wf/ds_bold_native_wf/ds_bold".
250329-10:17:47,713 nipype.workflow INFO:
	 [Node] Setting-up "fmriprep_24_0_wf.sub_36_wf.bold_task_bird_run_3_wf.bold_native_wf.boldref_bold" in "/work_dir/fmriprep_24_0_wf/sub_36_wf/bold_task_bird_run_3_wf/bold_native_wf/boldref_bold".
250329-10:17:47,726 nipype.workflow INFO:
	 [Node] Executing "boldref_bold" <fmriprep.interfaces.resampling.ResampleSeries>
250329-10:17:47,734 nipype.workflow INFO:
	 [Node] Executing "ds_bold" <fmriprep.interfaces.DerivativesDataSink>
250329-10:18:13,188 nipype.workflow INFO:
	 [Node] Finished "init_aff", elapsed time 51.003535s.
250329-10:18:13,812 nipype.workflow INFO:
	 [Node] Setting-up "fmriprep_24_0_wf.sub_36_wf.bold_task_bird_run_4_wf.bold_native_wf.boldref_bold" in "/work_dir/fmriprep_24_0_wf/sub_36_wf/bold_task_bird_run_4_wf/bold_native_wf/boldref_bold".
250329-10:18:13,827 nipype.workflow INFO:
	 [Node] Executing "boldref_bold" <fmriprep.interfaces.resampling.ResampleSeries>
250329-10:18:28,671 nipype.workflow INFO:
	 [Node] Finished "ds_bold", elapsed time 67.084044s.
250329-10:18:58,198 nipype.workflow INFO:
	 [Node] Finished "ds_bold", elapsed time 70.462344s.
250329-10:19:01,429 nipype.workflow INFO:
	 [Node] Finished "boldref_bold", elapsed time 73.701542s.
250329-10:19:04,85 nipype.workflow INFO:
	 [Node] Setting-up "fmriprep_24_0_wf.sub_36_wf.bold_task_bird_run_5_wf.bold_native_wf.boldref_bold" in "/work_dir/fmriprep_24_0_wf/sub_36_wf/bold_task_bird_run_5_wf/bold_native_wf/boldref_bold".
250329-10:19:04,91 nipype.workflow INFO:
	 [Node] Executing "boldref_bold" <fmriprep.interfaces.resampling.ResampleSeries>
250329-10:19:05,792 nipype.workflow INFO:
	 [Node] Setting-up "fmriprep_24_0_wf.sub_36_wf.bold_task_bird_run_3_wf.ds_bold_native_wf.ds_bold" in "/work_dir/fmriprep_24_0_wf/sub_36_wf/bold_task_bird_run_3_wf/ds_bold_native_wf/ds_bold".
250329-10:19:06,170 nipype.workflow INFO:
	 [Node] Executing "ds_bold" <fmriprep.interfaces.DerivativesDataSink>
250329-10:19:19,738 nipype.workflow INFO:
	 [Node] Finished "boldref_bold", elapsed time 65.891881s.
250329-10:19:25,984 nipype.workflow INFO:
	 [Node] Setting-up "fmriprep_24_0_wf.sub_36_wf.bold_task_bird_run_6_wf.bold_native_wf.boldref_bold" in "/work_dir/fmriprep_24_0_wf/sub_36_wf/bold_task_bird_run_6_wf/bold_native_wf/boldref_bold".
250329-10:19:26,6 nipype.workflow INFO:
	 [Node] Executing "boldref_bold" <fmriprep.interfaces.resampling.ResampleSeries>
250329-10:19:26,191 nipype.workflow INFO:
	 [Node] Setting-up "fmriprep_24_0_wf.sub_36_wf.bold_task_bird_run_4_wf.ds_bold_native_wf.ds_bold" in "/work_dir/fmriprep_24_0_wf/sub_36_wf/bold_task_bird_run_4_wf/ds_bold_native_wf/ds_bold".
250329-10:19:27,290 nipype.workflow INFO:
	 [Node] Executing "ds_bold" <fmriprep.interfaces.DerivativesDataSink>
250329-10:20:16,11 nipype.workflow INFO:
	 [Node] Finished "ds_bold", elapsed time 69.840358s.
250329-10:20:16,38 nipype.workflow INFO:
	 [Node] Finished "boldref_bold", elapsed time 71.945778s.
250329-10:20:17,536 nipype.workflow INFO:
	 [Node] Setting-up "fmriprep_24_0_wf.sub_36_wf.anat_fit_wf.brain_extraction_wf.norm" in "/work_dir/fmriprep_24_0_wf/sub_36_wf/anat_fit_wf/brain_extraction_wf/norm".
250329-10:20:17,545 nipype.workflow INFO:
	 [Node] Executing "norm" <niworkflows.interfaces.fixes.FixHeaderRegistration>
250329-10:20:17,549 nipype.workflow INFO:
	 [Node] Setting-up "fmriprep_24_0_wf.sub_36_wf.bold_task_bird_run_5_wf.ds_bold_native_wf.ds_bold" in "/work_dir/fmriprep_24_0_wf/sub_36_wf/bold_task_bird_run_5_wf/ds_bold_native_wf/ds_bold".
250329-10:20:17,646 nipype.workflow INFO:
	 [Node] Executing "ds_bold" <fmriprep.interfaces.DerivativesDataSink>
250329-10:20:27,351 nipype.workflow INFO:
	 [Node] Finished "ds_bold", elapsed time 60.059887s.
250329-10:20:32,210 nipype.workflow INFO:
	 [Node] Finished "boldref_bold", elapsed time 66.202856s.
250329-10:20:33,690 nipype.workflow INFO:
	 [Node] Setting-up "fmriprep_24_0_wf.sub_36_wf.bold_task_bird_run_6_wf.ds_bold_native_wf.ds_bold" in "/work_dir/fmriprep_24_0_wf/sub_36_wf/bold_task_bird_run_6_wf/ds_bold_native_wf/ds_bold".
250329-10:20:34,122 nipype.workflow INFO:
	 [Node] Executing "ds_bold" <fmriprep.interfaces.DerivativesDataSink>
250329-10:21:23,523 nipype.workflow INFO:
	 [Node] Finished "ds_bold", elapsed time 65.875708s.
250329-10:21:40,76 nipype.workflow INFO:
	 [Node] Finished "ds_bold", elapsed time 65.953828s.
250329-10:25:35,159 nipype.workflow INFO:
	 [Node] Finished "unifize", elapsed time 515.5949s.
250329-10:25:35,206 nipype.workflow INFO:
	 [Node] Finished "unifize", elapsed time 513.353649s.
250329-10:25:35,579 nipype.workflow INFO:
	 [Node] Setting-up "fmriprep_24_0_wf.sub_36_wf.bold_task_bird_run_4_wf.bold_fit_wf.enhance_and_skullstrip_bold_wf.fixhdr_unifize" in "/work_dir/fmriprep_24_0_wf/sub_36_wf/bold_task_bird_run_4_wf/bold_fit_wf/enhance_and_skullstrip_bold_wf/fixhdr_unifize".
250329-10:25:35,582 nipype.workflow INFO:
	 [Node] Setting-up "fmriprep_24_0_wf.sub_36_wf.bold_task_bird_run_5_wf.bold_fit_wf.enhance_and_skullstrip_bold_wf.fixhdr_unifize" in "/work_dir/fmriprep_24_0_wf/sub_36_wf/bold_task_bird_run_5_wf/bold_fit_wf/enhance_and_skullstrip_bold_wf/fixhdr_unifize".
250329-10:25:35,584 nipype.workflow INFO:
	 [Node] Executing "fixhdr_unifize" <niworkflows.interfaces.header.CopyXForm>
250329-10:25:35,664 nipype.workflow INFO:
	 [Node] Executing "fixhdr_unifize" <niworkflows.interfaces.header.CopyXForm>
250329-10:25:35,760 nipype.workflow INFO:
	 [Node] Finished "fixhdr_unifize", elapsed time 0.175011s.
250329-10:25:35,852 nipype.workflow INFO:
	 [Node] Finished "fixhdr_unifize", elapsed time 0.187041s.
250329-10:25:37,804 nipype.workflow INFO:
	 [Node] Setting-up "fmriprep_24_0_wf.sub_36_wf.bold_task_bird_run_4_wf.bold_fit_wf.enhance_and_skullstrip_bold_wf.skullstrip_second_pass" in "/work_dir/fmriprep_24_0_wf/sub_36_wf/bold_task_bird_run_4_wf/bold_fit_wf/enhance_and_skullstrip_bold_wf/skullstrip_second_pass".
250329-10:25:37,807 nipype.workflow INFO:
	 [Node] Executing "skullstrip_second_pass" <nipype.interfaces.afni.preprocess.Automask>
250329-10:25:37,900 nipype.workflow INFO:
	 [Node] Setting-up "fmriprep_24_0_wf.sub_36_wf.bold_task_bird_run_5_wf.bold_fit_wf.enhance_and_skullstrip_bold_wf.skullstrip_second_pass" in "/work_dir/fmriprep_24_0_wf/sub_36_wf/bold_task_bird_run_5_wf/bold_fit_wf/enhance_and_skullstrip_bold_wf/skullstrip_second_pass".
250329-10:25:37,904 nipype.workflow INFO:
	 [Node] Executing "skullstrip_second_pass" <nipype.interfaces.afni.preprocess.Automask>
250329-10:25:37,977 nipype.workflow INFO:
	 [Node] Finished "unifize", elapsed time 518.415811s.
250329-10:25:38,594 nipype.workflow INFO:
	 [Node] Finished "skullstrip_second_pass", elapsed time 0.689473s.
250329-10:25:38,684 nipype.workflow INFO:
	 [Node] Finished "skullstrip_second_pass", elapsed time 0.876086s.
250329-10:25:39,62 nipype.workflow INFO:
	 [Node] Finished "unifize", elapsed time 519.371604s.
250329-10:25:39,193 nipype.workflow INFO:
	 [Node] Finished "unifize", elapsed time 519.507961s.
250329-10:25:39,559 nipype.workflow INFO:
	 [Node] Setting-up "fmriprep_24_0_wf.sub_36_wf.bold_task_bird_run_1_wf.bold_fit_wf.enhance_and_skullstrip_bold_wf.fixhdr_unifize" in "/work_dir/fmriprep_24_0_wf/sub_36_wf/bold_task_bird_run_1_wf/bold_fit_wf/enhance_and_skullstrip_bold_wf/fixhdr_unifize".
250329-10:25:39,619 nipype.workflow INFO:
	 [Node] Executing "fixhdr_unifize" <niworkflows.interfaces.header.CopyXForm>
250329-10:25:39,560 nipype.workflow INFO:
	 [Node] Setting-up "fmriprep_24_0_wf.sub_36_wf.bold_task_bird_run_2_wf.bold_fit_wf.enhance_and_skullstrip_bold_wf.fixhdr_unifize" in "/work_dir/fmriprep_24_0_wf/sub_36_wf/bold_task_bird_run_2_wf/bold_fit_wf/enhance_and_skullstrip_bold_wf/fixhdr_unifize".
250329-10:25:39,561 nipype.workflow INFO:
	 [Node] Setting-up "fmriprep_24_0_wf.sub_36_wf.bold_task_bird_run_3_wf.bold_fit_wf.enhance_and_skullstrip_bold_wf.fixhdr_unifize" in "/work_dir/fmriprep_24_0_wf/sub_36_wf/bold_task_bird_run_3_wf/bold_fit_wf/enhance_and_skullstrip_bold_wf/fixhdr_unifize".
250329-10:25:39,562 nipype.workflow INFO:
	 [Node] Setting-up "fmriprep_24_0_wf.sub_36_wf.bold_task_bird_run_4_wf.bold_fit_wf.enhance_and_skullstrip_bold_wf.fixhdr_skullstrip2" in "/work_dir/fmriprep_24_0_wf/sub_36_wf/bold_task_bird_run_4_wf/bold_fit_wf/enhance_and_skullstrip_bold_wf/fixhdr_skullstrip2".
250329-10:25:39,626 nipype.workflow INFO:
	 [Node] Executing "fixhdr_unifize" <niworkflows.interfaces.header.CopyXForm>
250329-10:25:39,627 nipype.workflow INFO:
	 [Node] Executing "fixhdr_skullstrip2" <niworkflows.interfaces.header.CopyXForm>
250329-10:25:39,563 nipype.workflow INFO:
	 [Node] Setting-up "fmriprep_24_0_wf.sub_36_wf.bold_task_bird_run_5_wf.bold_fit_wf.enhance_and_skullstrip_bold_wf.fixhdr_skullstrip2" in "/work_dir/fmriprep_24_0_wf/sub_36_wf/bold_task_bird_run_5_wf/bold_fit_wf/enhance_and_skullstrip_bold_wf/fixhdr_skullstrip2".
250329-10:25:39,634 nipype.workflow INFO:
	 [Node] Executing "fixhdr_skullstrip2" <niworkflows.interfaces.header.CopyXForm>
250329-10:25:39,697 nipype.workflow INFO:
	 [Node] Executing "fixhdr_unifize" <niworkflows.interfaces.header.CopyXForm>
250329-10:25:39,707 nipype.workflow INFO:
	 [Node] Finished "fixhdr_skullstrip2", elapsed time 0.079229s.
250329-10:25:39,716 nipype.workflow INFO:
	 [Node] Finished "fixhdr_skullstrip2", elapsed time 0.081445s.
250329-10:25:39,762 nipype.workflow INFO:
	 [Node] Finished "fixhdr_unifize", elapsed time 0.134912s.
250329-10:25:39,765 nipype.workflow INFO:
	 [Node] Finished "fixhdr_unifize", elapsed time 0.144676s.
250329-10:25:39,870 nipype.workflow INFO:
	 [Node] Finished "fixhdr_unifize", elapsed time 0.171975s.
250329-10:25:41,533 nipype.workflow INFO:
	 [Node] Setting-up "fmriprep_24_0_wf.sub_36_wf.bold_task_bird_run_2_wf.bold_fit_wf.enhance_and_skullstrip_bold_wf.skullstrip_second_pass" in "/work_dir/fmriprep_24_0_wf/sub_36_wf/bold_task_bird_run_2_wf/bold_fit_wf/enhance_and_skullstrip_bold_wf/skullstrip_second_pass".
250329-10:25:41,536 nipype.workflow INFO:
	 [Node] Executing "skullstrip_second_pass" <nipype.interfaces.afni.preprocess.Automask>
250329-10:25:41,550 nipype.workflow INFO:
	 [Node] Setting-up "fmriprep_24_0_wf.sub_36_wf.bold_task_bird_run_5_wf.bold_fit_wf.enhance_and_skullstrip_bold_wf.combine_masks" in "/work_dir/fmriprep_24_0_wf/sub_36_wf/bold_task_bird_run_5_wf/bold_fit_wf/enhance_and_skullstrip_bold_wf/combine_masks".
250329-10:25:41,554 nipype.workflow INFO:
	 [Node] Executing "combine_masks" <nipype.interfaces.fsl.maths.BinaryMaths>
250329-10:25:41,573 nipype.workflow INFO:
	 [Node] Setting-up "fmriprep_24_0_wf.sub_36_wf.bold_task_bird_run_1_wf.bold_fit_wf.enhance_and_skullstrip_bold_wf.skullstrip_second_pass" in "/work_dir/fmriprep_24_0_wf/sub_36_wf/bold_task_bird_run_1_wf/bold_fit_wf/enhance_and_skullstrip_bold_wf/skullstrip_second_pass".
250329-10:25:41,576 nipype.workflow INFO:
	 [Node] Executing "skullstrip_second_pass" <nipype.interfaces.afni.preprocess.Automask>
250329-10:25:41,621 nipype.workflow INFO:
	 [Node] Setting-up "fmriprep_24_0_wf.sub_36_wf.bold_task_bird_run_3_wf.bold_fit_wf.enhance_and_skullstrip_bold_wf.skullstrip_second_pass" in "/work_dir/fmriprep_24_0_wf/sub_36_wf/bold_task_bird_run_3_wf/bold_fit_wf/enhance_and_skullstrip_bold_wf/skullstrip_second_pass".
250329-10:25:41,636 nipype.workflow INFO:
	 [Node] Executing "skullstrip_second_pass" <nipype.interfaces.afni.preprocess.Automask>
250329-10:25:41,681 nipype.workflow INFO:
	 [Node] Setting-up "fmriprep_24_0_wf.sub_36_wf.bold_task_bird_run_4_wf.bold_fit_wf.enhance_and_skullstrip_bold_wf.combine_masks" in "/work_dir/fmriprep_24_0_wf/sub_36_wf/bold_task_bird_run_4_wf/bold_fit_wf/enhance_and_skullstrip_bold_wf/combine_masks".
250329-10:25:41,695 nipype.workflow INFO:
	 [Node] Executing "combine_masks" <nipype.interfaces.fsl.maths.BinaryMaths>
250329-10:25:41,800 nipype.workflow INFO:
	 [Node] Finished "combine_masks", elapsed time 0.246067s.
250329-10:25:42,109 nipype.workflow INFO:
	 [Node] Finished "skullstrip_second_pass", elapsed time 0.531926s.
250329-10:25:42,156 nipype.workflow INFO:
	 [Node] Finished "combine_masks", elapsed time 0.459478s.
250329-10:25:42,227 nipype.workflow INFO:
	 [Node] Finished "skullstrip_second_pass", elapsed time 0.690019s.
250329-10:25:42,299 nipype.workflow INFO:
	 [Node] Finished "skullstrip_second_pass", elapsed time 0.66182s.
250329-10:25:43,521 nipype.workflow INFO:
	 [Node] Setting-up "fmriprep_24_0_wf.sub_36_wf.bold_task_bird_run_1_wf.bold_fit_wf.enhance_and_skullstrip_bold_wf.fixhdr_skullstrip2" in "/work_dir/fmriprep_24_0_wf/sub_36_wf/bold_task_bird_run_1_wf/bold_fit_wf/enhance_and_skullstrip_bold_wf/fixhdr_skullstrip2".
250329-10:25:43,522 nipype.workflow INFO:
	 [Node] Setting-up "fmriprep_24_0_wf.sub_36_wf.bold_task_bird_run_2_wf.bold_fit_wf.enhance_and_skullstrip_bold_wf.fixhdr_skullstrip2" in "/work_dir/fmriprep_24_0_wf/sub_36_wf/bold_task_bird_run_2_wf/bold_fit_wf/enhance_and_skullstrip_bold_wf/fixhdr_skullstrip2".
250329-10:25:43,524 nipype.workflow INFO:
	 [Node] Executing "fixhdr_skullstrip2" <niworkflows.interfaces.header.CopyXForm>
250329-10:25:43,524 nipype.workflow INFO:
	 [Node] Executing "fixhdr_skullstrip2" <niworkflows.interfaces.header.CopyXForm>
250329-10:25:43,536 nipype.workflow INFO:
	 [Node] Setting-up "fmriprep_24_0_wf.sub_36_wf.bold_task_bird_run_3_wf.bold_fit_wf.enhance_and_skullstrip_bold_wf.fixhdr_skullstrip2" in "/work_dir/fmriprep_24_0_wf/sub_36_wf/bold_task_bird_run_3_wf/bold_fit_wf/enhance_and_skullstrip_bold_wf/fixhdr_skullstrip2".
250329-10:25:43,540 nipype.workflow INFO:
	 [Node] Executing "fixhdr_skullstrip2" <niworkflows.interfaces.header.CopyXForm>
250329-10:25:43,547 nipype.workflow INFO:
	 [Node] Setting-up "fmriprep_24_0_wf.sub_36_wf.bold_task_bird_run_4_wf.bold_fit_wf.enhance_and_skullstrip_bold_wf.apply_mask" in "/work_dir/fmriprep_24_0_wf/sub_36_wf/bold_task_bird_run_4_wf/bold_fit_wf/enhance_and_skullstrip_bold_wf/apply_mask".
250329-10:25:43,550 nipype.workflow INFO:
	 [Node] Executing "apply_mask" <niworkflows.interfaces.nibabel.ApplyMask>
250329-10:25:43,603 nipype.workflow INFO:
	 [Node] Finished "fixhdr_skullstrip2", elapsed time 0.07849s.
250329-10:25:43,603 nipype.interface WARNING:
	 Changing /output/sub-36/func/sub-36_task-bird_run-4_desc-brain_mask.nii.gz dtype from float32 to uint8
250329-10:25:43,612 nipype.workflow INFO:
	 [Node] Finished "fixhdr_skullstrip2", elapsed time 0.07146s.
250329-10:25:43,631 nipype.workflow INFO:
	 [Node] Finished "fixhdr_skullstrip2", elapsed time 0.105618s.
250329-10:25:43,718 nipype.workflow INFO:
	 [Node] Finished "apply_mask", elapsed time 0.167278s.
250329-10:25:43,760 nipype.workflow INFO:
	 [Node] Finished "unifize", elapsed time 506.049033s.
250329-10:25:43,912 nipype.workflow INFO:
	 [Node] Setting-up "fmriprep_24_0_wf.sub_36_wf.bold_task_bird_run_5_wf.bold_fit_wf.enhance_and_skullstrip_bold_wf.apply_mask" in "/work_dir/fmriprep_24_0_wf/sub_36_wf/bold_task_bird_run_5_wf/bold_fit_wf/enhance_and_skullstrip_bold_wf/apply_mask".
250329-10:25:43,961 nipype.interface WARNING:
	 Changing /output/sub-36/func/sub-36_task-bird_run-5_desc-brain_mask.nii.gz dtype from float32 to uint8
250329-10:25:44,2 nipype.workflow INFO:
	 [Node] Executing "apply_mask" <niworkflows.interfaces.nibabel.ApplyMask>
250329-10:25:44,89 nipype.workflow INFO:
	 [Node] Finished "apply_mask", elapsed time 0.086149s.
250329-10:25:45,536 nipype.workflow INFO:
	 [Node] Setting-up "fmriprep_24_0_wf.sub_36_wf.bold_task_bird_run_6_wf.bold_fit_wf.enhance_and_skullstrip_bold_wf.fixhdr_unifize" in "/work_dir/fmriprep_24_0_wf/sub_36_wf/bold_task_bird_run_6_wf/bold_fit_wf/enhance_and_skullstrip_bold_wf/fixhdr_unifize".
250329-10:25:45,536 nipype.workflow INFO:
	 [Node] Setting-up "fmriprep_24_0_wf.sub_36_wf.bold_task_bird_run_1_wf.bold_fit_wf.enhance_and_skullstrip_bold_wf.combine_masks" in "/work_dir/fmriprep_24_0_wf/sub_36_wf/bold_task_bird_run_1_wf/bold_fit_wf/enhance_and_skullstrip_bold_wf/combine_masks".
250329-10:25:45,539 nipype.workflow INFO:
	 [Node] Executing "fixhdr_unifize" <niworkflows.interfaces.header.CopyXForm>
250329-10:25:45,539 nipype.workflow INFO:
	 [Node] Executing "combine_masks" <nipype.interfaces.fsl.maths.BinaryMaths>
250329-10:25:45,542 nipype.workflow INFO:
	 [Node] Setting-up "fmriprep_24_0_wf.sub_36_wf.bold_task_bird_run_3_wf.bold_fit_wf.enhance_and_skullstrip_bold_wf.combine_masks" in "/work_dir/fmriprep_24_0_wf/sub_36_wf/bold_task_bird_run_3_wf/bold_fit_wf/enhance_and_skullstrip_bold_wf/combine_masks".
250329-10:25:45,542 nipype.workflow INFO:
	 [Node] Setting-up "fmriprep_24_0_wf.sub_36_wf.bold_task_bird_run_2_wf.bold_fit_wf.enhance_and_skullstrip_bold_wf.combine_masks" in "/work_dir/fmriprep_24_0_wf/sub_36_wf/bold_task_bird_run_2_wf/bold_fit_wf/enhance_and_skullstrip_bold_wf/combine_masks".
250329-10:25:45,545 nipype.workflow INFO:
	 [Node] Setting-up "fmriprep_24_0_wf.sub_36_wf.bold_task_bird_run_4_wf.bold_confounds_wf.tcompcor" in "/work_dir/fmriprep_24_0_wf/sub_36_wf/bold_task_bird_run_4_wf/bold_confounds_wf/tcompcor".
250329-10:25:45,545 nipype.workflow INFO:
	 [Node] Executing "combine_masks" <nipype.interfaces.fsl.maths.BinaryMaths>
250329-10:25:45,546 nipype.workflow INFO:
	 [Node] Executing "combine_masks" <nipype.interfaces.fsl.maths.BinaryMaths>
250329-10:25:45,547 nipype.workflow INFO:
	 [Node] Setting-up "fmriprep_24_0_wf.sub_36_wf.bold_task_bird_run_4_wf.bold_confounds_wf.dvars" in "/work_dir/fmriprep_24_0_wf/sub_36_wf/bold_task_bird_run_4_wf/bold_confounds_wf/dvars".
250329-10:25:45,550 nipype.workflow INFO:
	 [Node] Executing "dvars" <nipype.algorithms.confounds.ComputeDVARS>
250329-10:25:45,561 nipype.workflow INFO:
	 [Node] Setting-up "fmriprep_24_0_wf.sub_36_wf.bold_task_bird_run_5_wf.bold_confounds_wf.dvars" in "/work_dir/fmriprep_24_0_wf/sub_36_wf/bold_task_bird_run_5_wf/bold_confounds_wf/dvars".
250329-10:25:45,562 nipype.workflow INFO:
	 [Node] Setting-up "fmriprep_24_0_wf.sub_36_wf.bold_task_bird_run_5_wf.bold_confounds_wf.tcompcor" in "/work_dir/fmriprep_24_0_wf/sub_36_wf/bold_task_bird_run_5_wf/bold_confounds_wf/tcompcor".
250329-10:25:45,702 nipype.workflow INFO:
	 [Node] Executing "tcompcor" <niworkflows.interfaces.patches.RobustTCompCor>
250329-10:25:45,730 nipype.workflow INFO:
	 [Node] Finished "fixhdr_unifize", elapsed time 0.190719s.
250329-10:25:45,792 nipype.workflow INFO:
	 [Node] Executing "dvars" <nipype.algorithms.confounds.ComputeDVARS>
250329-10:25:45,805 nipype.workflow INFO:
	 [Node] Finished "combine_masks", elapsed time 0.258954s.
250329-10:25:45,883 nipype.workflow INFO:
	 [Node] Finished "combine_masks", elapsed time 0.336374s.
250329-10:25:45,941 nipype.workflow INFO:
	 [Node] Executing "tcompcor" <niworkflows.interfaces.patches.RobustTCompCor>
250329-10:25:46,153 nipype.workflow INFO:
	 [Node] Finished "combine_masks", elapsed time 0.612836s.
250329-10:25:47,819 nipype.workflow INFO:
	 [Node] Setting-up "fmriprep_24_0_wf.sub_36_wf.bold_task_bird_run_6_wf.bold_fit_wf.enhance_and_skullstrip_bold_wf.skullstrip_second_pass" in "/work_dir/fmriprep_24_0_wf/sub_36_wf/bold_task_bird_run_6_wf/bold_fit_wf/enhance_and_skullstrip_bold_wf/skullstrip_second_pass".
250329-10:25:47,822 nipype.workflow INFO:
	 [Node] Executing "skullstrip_second_pass" <nipype.interfaces.afni.preprocess.Automask>
250329-10:25:47,833 nipype.workflow INFO:
	 [Node] Setting-up "fmriprep_24_0_wf.sub_36_wf.bold_task_bird_run_1_wf.bold_fit_wf.enhance_and_skullstrip_bold_wf.apply_mask" in "/work_dir/fmriprep_24_0_wf/sub_36_wf/bold_task_bird_run_1_wf/bold_fit_wf/enhance_and_skullstrip_bold_wf/apply_mask".
250329-10:25:47,924 nipype.interface WARNING:
	 Changing /output/sub-36/func/sub-36_task-bird_run-1_desc-brain_mask.nii.gz dtype from float32 to uint8
250329-10:25:47,994 nipype.workflow INFO:
	 [Node] Executing "apply_mask" <niworkflows.interfaces.nibabel.ApplyMask>
250329-10:25:48,107 nipype.workflow INFO:
	 [Node] Finished "apply_mask", elapsed time 0.113026s.
250329-10:25:48,325 nipype.workflow INFO:
	 [Node] Setting-up "fmriprep_24_0_wf.sub_36_wf.bold_task_bird_run_2_wf.bold_fit_wf.enhance_and_skullstrip_bold_wf.apply_mask" in "/work_dir/fmriprep_24_0_wf/sub_36_wf/bold_task_bird_run_2_wf/bold_fit_wf/enhance_and_skullstrip_bold_wf/apply_mask".
250329-10:25:48,388 nipype.interface WARNING:
	 Changing /output/sub-36/func/sub-36_task-bird_run-2_desc-brain_mask.nii.gz dtype from float32 to uint8
250329-10:25:48,530 nipype.workflow INFO:
	 [Node] Executing "apply_mask" <niworkflows.interfaces.nibabel.ApplyMask>
250329-10:25:48,550 nipype.workflow INFO:
	 [Node] Finished "skullstrip_second_pass", elapsed time 0.726754s.
250329-10:25:48,632 nipype.workflow INFO:
	 [Node] Finished "apply_mask", elapsed time 0.1012s.
250329-10:25:49,26 nipype.workflow INFO:
	 [Node] Setting-up "fmriprep_24_0_wf.sub_36_wf.bold_task_bird_run_3_wf.bold_fit_wf.enhance_and_skullstrip_bold_wf.apply_mask" in "/work_dir/fmriprep_24_0_wf/sub_36_wf/bold_task_bird_run_3_wf/bold_fit_wf/enhance_and_skullstrip_bold_wf/apply_mask".
250329-10:25:49,28 nipype.workflow INFO:
	 [Node] Executing "apply_mask" <niworkflows.interfaces.nibabel.ApplyMask>
250329-10:25:49,102 nipype.interface WARNING:
	 Changing /output/sub-36/func/sub-36_task-bird_run-3_desc-brain_mask.nii.gz dtype from float32 to uint8
250329-10:25:49,117 nipype.workflow INFO:
	 [Node] Finished "apply_mask", elapsed time 0.088576s.
250329-10:25:49,693 nipype.workflow INFO:
	 [Node] Setting-up "fmriprep_24_0_wf.sub_36_wf.bold_task_bird_run_6_wf.bold_fit_wf.enhance_and_skullstrip_bold_wf.fixhdr_skullstrip2" in "/work_dir/fmriprep_24_0_wf/sub_36_wf/bold_task_bird_run_6_wf/bold_fit_wf/enhance_and_skullstrip_bold_wf/fixhdr_skullstrip2".
250329-10:25:49,696 nipype.workflow INFO:
	 [Node] Executing "fixhdr_skullstrip2" <niworkflows.interfaces.header.CopyXForm>
250329-10:25:49,710 nipype.workflow INFO:
	 [Node] Setting-up "fmriprep_24_0_wf.sub_36_wf.bold_task_bird_run_1_wf.bold_confounds_wf.tcompcor" in "/work_dir/fmriprep_24_0_wf/sub_36_wf/bold_task_bird_run_1_wf/bold_confounds_wf/tcompcor".
250329-10:25:49,712 nipype.workflow INFO:
	 [Node] Setting-up "fmriprep_24_0_wf.sub_36_wf.bold_task_bird_run_1_wf.bold_confounds_wf.dvars" in "/work_dir/fmriprep_24_0_wf/sub_36_wf/bold_task_bird_run_1_wf/bold_confounds_wf/dvars".
250329-10:25:49,716 nipype.workflow INFO:
	 [Node] Setting-up "fmriprep_24_0_wf.sub_36_wf.bold_task_bird_run_2_wf.bold_confounds_wf.dvars" in "/work_dir/fmriprep_24_0_wf/sub_36_wf/bold_task_bird_run_2_wf/bold_confounds_wf/dvars".
250329-10:25:49,729 nipype.workflow INFO:
	 [Node] Setting-up "fmriprep_24_0_wf.sub_36_wf.bold_task_bird_run_2_wf.bold_confounds_wf.tcompcor" in "/work_dir/fmriprep_24_0_wf/sub_36_wf/bold_task_bird_run_2_wf/bold_confounds_wf/tcompcor".
250329-10:25:49,734 nipype.workflow INFO:
	 [Node] Setting-up "fmriprep_24_0_wf.sub_36_wf.bold_task_bird_run_3_wf.bold_confounds_wf.dvars" in "/work_dir/fmriprep_24_0_wf/sub_36_wf/bold_task_bird_run_3_wf/bold_confounds_wf/dvars".
250329-10:25:49,741 nipype.workflow INFO:
	 [Node] Setting-up "fmriprep_24_0_wf.sub_36_wf.bold_task_bird_run_3_wf.bold_confounds_wf.tcompcor" in "/work_dir/fmriprep_24_0_wf/sub_36_wf/bold_task_bird_run_3_wf/bold_confounds_wf/tcompcor".
250329-10:25:49,822 nipype.workflow INFO:
	 [Node] Finished "fixhdr_skullstrip2", elapsed time 0.125189s.
250329-10:25:49,891 nipype.workflow INFO:
	 [Node] Executing "tcompcor" <niworkflows.interfaces.patches.RobustTCompCor>
250329-10:25:49,901 nipype.workflow INFO:
	 [Node] Executing "tcompcor" <niworkflows.interfaces.patches.RobustTCompCor>
250329-10:25:50,61 nipype.workflow INFO:
	 [Node] Executing "dvars" <nipype.algorithms.confounds.ComputeDVARS>
250329-10:25:50,68 nipype.workflow INFO:
	 [Node] Executing "tcompcor" <niworkflows.interfaces.patches.RobustTCompCor>
250329-10:25:52,128 nipype.workflow INFO:
	 [Node] Setting-up "fmriprep_24_0_wf.sub_36_wf.bold_task_bird_run_6_wf.bold_fit_wf.enhance_and_skullstrip_bold_wf.combine_masks" in "/work_dir/fmriprep_24_0_wf/sub_36_wf/bold_task_bird_run_6_wf/bold_fit_wf/enhance_and_skullstrip_bold_wf/combine_masks".
250329-10:25:52,131 nipype.workflow INFO:
	 [Node] Executing "combine_masks" <nipype.interfaces.fsl.maths.BinaryMaths>
250329-10:25:52,576 nipype.workflow INFO:
	 [Node] Finished "combine_masks", elapsed time 0.443972s.
250329-10:25:54,273 nipype.workflow INFO:
	 [Node] Setting-up "fmriprep_24_0_wf.sub_36_wf.bold_task_bird_run_6_wf.bold_fit_wf.enhance_and_skullstrip_bold_wf.apply_mask" in "/work_dir/fmriprep_24_0_wf/sub_36_wf/bold_task_bird_run_6_wf/bold_fit_wf/enhance_and_skullstrip_bold_wf/apply_mask".
250329-10:25:54,276 nipype.workflow INFO:
	 [Node] Executing "apply_mask" <niworkflows.interfaces.nibabel.ApplyMask>
250329-10:25:54,389 nipype.interface WARNING:
	 Changing /output/sub-36/func/sub-36_task-bird_run-6_desc-brain_mask.nii.gz dtype from float32 to uint8
250329-10:25:54,549 nipype.workflow INFO:
	 [Node] Finished "apply_mask", elapsed time 0.272147s.
250329-10:25:54,722 nipype.workflow INFO:
	 [Node] Executing "dvars" <nipype.algorithms.confounds.ComputeDVARS>
250329-10:25:55,906 nipype.workflow INFO:
	 [Node] Setting-up "fmriprep_24_0_wf.sub_36_wf.bold_task_bird_run_6_wf.bold_confounds_wf.dvars" in "/work_dir/fmriprep_24_0_wf/sub_36_wf/bold_task_bird_run_6_wf/bold_confounds_wf/dvars".
250329-10:25:55,910 nipype.workflow INFO:
	 [Node] Executing "dvars" <nipype.algorithms.confounds.ComputeDVARS>
250329-10:25:55,932 nipype.workflow INFO:
	 [Node] Setting-up "fmriprep_24_0_wf.sub_36_wf.bold_task_bird_run_6_wf.bold_confounds_wf.tcompcor" in "/work_dir/fmriprep_24_0_wf/sub_36_wf/bold_task_bird_run_6_wf/bold_confounds_wf/tcompcor".
250329-10:25:56,130 nipype.workflow INFO:
	 [Node] Executing "tcompcor" <niworkflows.interfaces.patches.RobustTCompCor>
250329-10:25:56,268 nipype.workflow INFO:
	 [Node] Executing "dvars" <nipype.algorithms.confounds.ComputeDVARS>
250329-10:26:03,826 nipype.workflow INFO:
	 [Node] Finished "tcompcor", elapsed time 18.122637s.
250329-10:26:04,469 nipype.workflow INFO:
	 [Node] Finished "autorecon1", elapsed time 960.397996s.
250329-10:26:05,475 nipype.workflow INFO:
	 [Node] Finished "tcompcor", elapsed time 19.533327s.
250329-10:26:06,140 nipype.workflow INFO:
	 [Node] Setting-up "fmriprep_24_0_wf.sub_36_wf.bold_task_bird_run_4_wf.bold_confounds_wf.tcc_metadata_filter" in "/work_dir/fmriprep_24_0_wf/sub_36_wf/bold_task_bird_run_4_wf/bold_confounds_wf/tcc_metadata_filter".
250329-10:26:06,143 nipype.workflow INFO:
	 [Node] Executing "tcc_metadata_filter" <fmriprep.interfaces.confounds.FilterDropped>
250329-10:26:06,160 nipype.workflow INFO:
	 [Node] Finished "tcc_metadata_filter", elapsed time 0.015492s.
250329-10:26:08,130 nipype.workflow INFO:
	 [Node] Setting-up "fmriprep_24_0_wf.sub_36_wf.bold_task_bird_run_5_wf.bold_confounds_wf.tcc_metadata_filter" in "/work_dir/fmriprep_24_0_wf/sub_36_wf/bold_task_bird_run_5_wf/bold_confounds_wf/tcc_metadata_filter".
250329-10:26:08,133 nipype.workflow INFO:
	 [Node] Executing "tcc_metadata_filter" <fmriprep.interfaces.confounds.FilterDropped>
250329-10:26:08,140 nipype.workflow INFO:
	 [Node] Setting-up "fmriprep_24_0_wf.sub_36_wf.bold_task_bird_run_4_wf.bold_confounds_wf.tcc_metadata_fmt" in "/work_dir/fmriprep_24_0_wf/sub_36_wf/bold_task_bird_run_4_wf/bold_confounds_wf/tcc_metadata_fmt".
250329-10:26:08,143 nipype.workflow INFO:
	 [Node] Executing "tcc_metadata_fmt" <niworkflows.interfaces.utility.TSV2JSON>
250329-10:26:08,150 nipype.workflow INFO:
	 [Node] Finished "tcc_metadata_filter", elapsed time 0.016207s.
250329-10:26:08,156 nipype.workflow INFO:
	 [Node] Finished "tcc_metadata_fmt", elapsed time 0.01276s.
250329-10:26:08,294 nipype.workflow INFO:
	 [Node] Setting-up "fmriprep_24_0_wf.sub_36_wf.anat_fit_wf.surface_recon_wf.fsnative2t1w_xfm" in "/work_dir/fmriprep_24_0_wf/sub_36_wf/anat_fit_wf/surface_recon_wf/fsnative2t1w_xfm".
250329-10:26:08,314 nipype.workflow INFO:
	 [Node] Executing "fsnative2t1w_xfm" <niworkflows.interfaces.freesurfer.PatchedRobustRegister>
250329-10:26:10,136 nipype.workflow INFO:
	 [Node] Setting-up "fmriprep_24_0_wf.sub_36_wf.bold_task_bird_run_5_wf.bold_confounds_wf.tcc_metadata_fmt" in "/work_dir/fmriprep_24_0_wf/sub_36_wf/bold_task_bird_run_5_wf/bold_confounds_wf/tcc_metadata_fmt".
250329-10:26:10,138 nipype.workflow INFO:
	 [Node] Executing "tcc_metadata_fmt" <niworkflows.interfaces.utility.TSV2JSON>
250329-10:26:10,161 nipype.workflow INFO:
	 [Node] Finished "tcc_metadata_fmt", elapsed time 0.022631s.
250329-10:26:12,94 nipype.workflow INFO:
	 [Node] Finished "tcompcor", elapsed time 22.024916s.
250329-10:26:12,617 nipype.workflow INFO:
	 [Node] Finished "tcompcor", elapsed time 22.725309s.
250329-10:26:13,631 nipype.workflow INFO:
	 [Node] Finished "tcompcor", elapsed time 23.729883s.
250329-10:26:13,881 nipype.workflow INFO:
	 [Node] Setting-up "fmriprep_24_0_wf.sub_36_wf.bold_task_bird_run_2_wf.bold_confounds_wf.tcc_metadata_filter" in "/work_dir/fmriprep_24_0_wf/sub_36_wf/bold_task_bird_run_2_wf/bold_confounds_wf/tcc_metadata_filter".
250329-10:26:13,884 nipype.workflow INFO:
	 [Node] Executing "tcc_metadata_filter" <fmriprep.interfaces.confounds.FilterDropped>
250329-10:26:13,898 nipype.workflow INFO:
	 [Node] Finished "tcc_metadata_filter", elapsed time 0.013231s.
250329-10:26:15,213 nipype.workflow INFO:
	 [Node] Finished "tcompcor", elapsed time 19.081754s.
250329-10:26:15,887 nipype.workflow INFO:
	 [Node] Setting-up "fmriprep_24_0_wf.sub_36_wf.bold_task_bird_run_6_wf.bold_confounds_wf.tcc_metadata_filter" in "/work_dir/fmriprep_24_0_wf/sub_36_wf/bold_task_bird_run_6_wf/bold_confounds_wf/tcc_metadata_filter".
250329-10:26:15,890 nipype.workflow INFO:
	 [Node] Executing "tcc_metadata_filter" <fmriprep.interfaces.confounds.FilterDropped>
250329-10:26:15,899 nipype.workflow INFO:
	 [Node] Finished "tcc_metadata_filter", elapsed time 0.009077s.
250329-10:26:15,913 nipype.workflow INFO:
	 [Node] Setting-up "fmriprep_24_0_wf.sub_36_wf.bold_task_bird_run_2_wf.bold_confounds_wf.tcc_metadata_fmt" in "/work_dir/fmriprep_24_0_wf/sub_36_wf/bold_task_bird_run_2_wf/bold_confounds_wf/tcc_metadata_fmt".
250329-10:26:16,295 nipype.workflow INFO:
	 [Node] Setting-up "fmriprep_24_0_wf.sub_36_wf.bold_task_bird_run_3_wf.bold_confounds_wf.tcc_metadata_filter" in "/work_dir/fmriprep_24_0_wf/sub_36_wf/bold_task_bird_run_3_wf/bold_confounds_wf/tcc_metadata_filter".
250329-10:26:16,304 nipype.workflow INFO:
	 [Node] Executing "tcc_metadata_filter" <fmriprep.interfaces.confounds.FilterDropped>
250329-10:26:16,324 nipype.workflow INFO:
	 [Node] Finished "tcc_metadata_filter", elapsed time 0.018623s.
250329-10:26:17,894 nipype.workflow INFO:
	 [Node] Setting-up "fmriprep_24_0_wf.sub_36_wf.bold_task_bird_run_3_wf.bold_confounds_wf.tcc_metadata_fmt" in "/work_dir/fmriprep_24_0_wf/sub_36_wf/bold_task_bird_run_3_wf/bold_confounds_wf/tcc_metadata_fmt".
250329-10:26:17,906 nipype.workflow INFO:
	 [Node] Setting-up "fmriprep_24_0_wf.sub_36_wf.bold_task_bird_run_6_wf.bold_confounds_wf.tcc_metadata_fmt" in "/work_dir/fmriprep_24_0_wf/sub_36_wf/bold_task_bird_run_6_wf/bold_confounds_wf/tcc_metadata_fmt".
250329-10:26:18,172 nipype.workflow INFO:
	 [Node] Executing "tcc_metadata_fmt" <niworkflows.interfaces.utility.TSV2JSON>
250329-10:26:18,178 nipype.workflow INFO:
	 [Node] Finished "tcc_metadata_fmt", elapsed time 0.005527s.
250329-10:26:18,322 nipype.workflow INFO:
	 [Node] Setting-up "fmriprep_24_0_wf.sub_36_wf.bold_task_bird_run_1_wf.bold_confounds_wf.tcc_metadata_filter" in "/work_dir/fmriprep_24_0_wf/sub_36_wf/bold_task_bird_run_1_wf/bold_confounds_wf/tcc_metadata_filter".
250329-10:26:18,330 nipype.workflow INFO:
	 [Node] Executing "tcc_metadata_filter" <fmriprep.interfaces.confounds.FilterDropped>
250329-10:26:18,337 nipype.workflow INFO:
	 [Node] Finished "tcc_metadata_filter", elapsed time 0.005351s.
250329-10:26:20,4 nipype.workflow INFO:
	 [Node] Setting-up "fmriprep_24_0_wf.sub_36_wf.bold_task_bird_run_1_wf.bold_confounds_wf.tcc_metadata_fmt" in "/work_dir/fmriprep_24_0_wf/sub_36_wf/bold_task_bird_run_1_wf/bold_confounds_wf/tcc_metadata_fmt".
250329-10:26:20,403 nipype.workflow INFO:
	 [Node] Executing "tcc_metadata_fmt" <niworkflows.interfaces.utility.TSV2JSON>
250329-10:26:20,409 nipype.workflow INFO:
	 [Node] Finished "tcc_metadata_fmt", elapsed time 0.005267s.
250329-10:26:22,785 nipype.workflow INFO:
	 [Node] Executing "tcc_metadata_fmt" <niworkflows.interfaces.utility.TSV2JSON>
250329-10:26:22,791 nipype.workflow INFO:
	 [Node] Finished "tcc_metadata_fmt", elapsed time 0.005219s.
250329-10:26:24,588 nipype.workflow INFO:
	 [Node] Executing "tcc_metadata_fmt" <niworkflows.interfaces.utility.TSV2JSON>
250329-10:26:24,594 nipype.workflow INFO:
	 [Node] Finished "tcc_metadata_fmt", elapsed time 0.005103s.
250329-10:26:46,438 nipype.workflow INFO:
	 [Node] Finished "dvars", elapsed time 60.644345s.
250329-10:26:49,579 nipype.workflow INFO:
	 [Node] Finished "dvars", elapsed time 64.027832s.
250329-10:26:51,9 nipype.workflow INFO:
	 [Node] Finished "dvars", elapsed time 60.947613s.
250329-10:26:52,388 nipype.workflow INFO:
	 [Node] Finished "dvars", elapsed time 57.664838s.
250329-10:26:54,83 nipype.workflow INFO:
	 [Node] Finished "dvars", elapsed time 58.17281s.
250329-10:26:54,735 nipype.workflow INFO:
	 [Node] Finished "dvars", elapsed time 58.466093s.
250329-10:27:19,676 nipype.workflow INFO:
	 [Node] Finished "fsnative2t1w_xfm", elapsed time 71.360151s.
250329-10:31:54,356 nipype.workflow INFO:
	 [Node] Finished "norm", elapsed time 696.809989s.
250329-10:31:55,680 nipype.workflow INFO:
	 [Node] Setting-up "fmriprep_24_0_wf.sub_36_wf.anat_fit_wf.brain_extraction_wf.map_brainmask" in "/work_dir/fmriprep_24_0_wf/sub_36_wf/anat_fit_wf/brain_extraction_wf/map_brainmask".
250329-10:31:55,680 nipype.workflow INFO:
	 [Node] Setting-up "fmriprep_24_0_wf.sub_36_wf.anat_fit_wf.brain_extraction_wf.map_wmmask" in "/work_dir/fmriprep_24_0_wf/sub_36_wf/anat_fit_wf/brain_extraction_wf/map_wmmask".
250329-10:31:55,685 nipype.workflow INFO:
	 [Node] Executing "map_brainmask" <niworkflows.interfaces.fixes.FixHeaderApplyTransforms>
250329-10:31:55,685 nipype.workflow INFO:
	 [Node] Executing "map_wmmask" <niworkflows.interfaces.fixes.FixHeaderApplyTransforms>
250329-10:32:14,904 nipype.workflow INFO:
	 [Node] Finished "map_brainmask", elapsed time 19.218076s.
250329-10:32:15,349 nipype.workflow INFO:
	 [Node] Finished "map_wmmask", elapsed time 19.663704s.
250329-10:32:15,674 nipype.workflow INFO:
	 [Node] Setting-up "fmriprep_24_0_wf.sub_36_wf.anat_fit_wf.brain_extraction_wf.thr_brainmask" in "/work_dir/fmriprep_24_0_wf/sub_36_wf/anat_fit_wf/brain_extraction_wf/thr_brainmask".
250329-10:32:15,676 nipype.workflow INFO:
	 [Node] Executing "thr_brainmask" <nipype.interfaces.ants.utils.ThresholdImage>
250329-10:32:15,680 nipype.workflow INFO:
	 [Node] Setting-up "_inu_n4_final0" in "/work_dir/fmriprep_24_0_wf/sub_36_wf/anat_fit_wf/brain_extraction_wf/inu_n4_final/mapflow/_inu_n4_final0".
250329-10:32:15,681 nipype.workflow INFO:
	 [Node] Executing "_inu_n4_final0" <nipype.interfaces.ants.segmentation.N4BiasFieldCorrection>
250329-10:32:16,682 nipype.workflow INFO:
	 [Node] Finished "thr_brainmask", elapsed time 1.004781s.
250329-10:32:17,686 nipype.workflow INFO:
	 [Node] Setting-up "fmriprep_24_0_wf.sub_36_wf.anat_fit_wf.brain_extraction_wf.atropos_wf.dil_brainmask" in "/work_dir/fmriprep_24_0_wf/sub_36_wf/anat_fit_wf/brain_extraction_wf/atropos_wf/dil_brainmask".
250329-10:32:17,686 nipype.workflow INFO:
	 [Node] Setting-up "fmriprep_24_0_wf.sub_36_wf.anat_fit_wf.brain_extraction_wf.atropos_wf.03_pad_mask" in "/work_dir/fmriprep_24_0_wf/sub_36_wf/anat_fit_wf/brain_extraction_wf/atropos_wf/03_pad_mask".
250329-10:32:17,688 nipype.workflow INFO:
	 [Node] Executing "03_pad_mask" <nipype.interfaces.ants.utils.ImageMath>
250329-10:32:17,688 nipype.workflow INFO:
	 [Node] Executing "dil_brainmask" <nipype.interfaces.ants.utils.ImageMath>
250329-10:32:18,825 nipype.workflow INFO:
	 [Node] Finished "03_pad_mask", elapsed time 0.852698s.
250329-10:32:19,34 nipype.workflow INFO:
	 [Node] Finished "dil_brainmask", elapsed time 1.344711s.
250329-10:32:19,682 nipype.workflow INFO:
	 [Node] Setting-up "fmriprep_24_0_wf.sub_36_wf.anat_fit_wf.brain_extraction_wf.atropos_wf.get_brainmask" in "/work_dir/fmriprep_24_0_wf/sub_36_wf/anat_fit_wf/brain_extraction_wf/atropos_wf/get_brainmask".
250329-10:32:19,685 nipype.workflow INFO:
	 [Node] Executing "get_brainmask" <nipype.interfaces.ants.utils.ImageMath>
250329-10:32:21,111 nipype.workflow INFO:
	 [Node] Finished "get_brainmask", elapsed time 1.228107s.
250329-10:32:34,66 nipype.workflow INFO:
	 [Node] Finished "_inu_n4_final0", elapsed time 18.383902s.
250329-10:32:35,684 nipype.workflow INFO:
	 [Node] Setting-up "fmriprep_24_0_wf.sub_36_wf.anat_fit_wf.brain_extraction_wf.atropos_wf.01_atropos" in "/work_dir/fmriprep_24_0_wf/sub_36_wf/anat_fit_wf/brain_extraction_wf/atropos_wf/01_atropos".
250329-10:32:35,687 nipype.workflow INFO:
	 [Node] Setting-up "_apply_mask0" in "/work_dir/fmriprep_24_0_wf/sub_36_wf/anat_fit_wf/brain_extraction_wf/apply_mask/mapflow/_apply_mask0".
250329-10:32:35,687 nipype.workflow INFO:
	 [Node] Executing "01_atropos" <nipype.interfaces.ants.segmentation.Atropos>
250329-10:32:35,688 nipype.workflow INFO:
	 [Node] Executing "_apply_mask0" <niworkflows.interfaces.nibabel.ApplyMask>
250329-10:32:36,514 nipype.workflow INFO:
	 [Node] Finished "_apply_mask0", elapsed time 0.825816s.
250329-10:33:07,792 nipype.workflow INFO:
	 [Node] Finished "01_atropos", elapsed time 31.874968s.
250329-10:33:09,680 nipype.workflow INFO:
	 [Node] Setting-up "fmriprep_24_0_wf.sub_36_wf.anat_fit_wf.brain_extraction_wf.atropos_wf.02_pad_segm" in "/work_dir/fmriprep_24_0_wf/sub_36_wf/anat_fit_wf/brain_extraction_wf/atropos_wf/02_pad_segm".
250329-10:33:09,683 nipype.workflow INFO:
	 [Node] Executing "02_pad_segm" <nipype.interfaces.ants.utils.ImageMath>
250329-10:33:10,837 nipype.workflow INFO:
	 [Node] Finished "02_pad_segm", elapsed time 0.871874s.
250329-10:33:11,672 nipype.workflow INFO:
	 [Node] Setting-up "fmriprep_24_0_wf.sub_36_wf.anat_fit_wf.brain_extraction_wf.atropos_wf.04_sel_labels" in "/work_dir/fmriprep_24_0_wf/sub_36_wf/anat_fit_wf/brain_extraction_wf/atropos_wf/04_sel_labels".
250329-10:33:11,674 nipype.workflow INFO:
	 [Node] Executing "04_sel_labels" <nipype.interfaces.utility.wrappers.Function>
250329-10:33:12,11 nipype.workflow INFO:
	 [Node] Finished "04_sel_labels", elapsed time 0.335598s.
250329-10:33:14,287 nipype.workflow INFO:
	 [Node] Setting-up "fmriprep_24_0_wf.sub_36_wf.anat_fit_wf.brain_extraction_wf.atropos_wf.05_get_wm" in "/work_dir/fmriprep_24_0_wf/sub_36_wf/anat_fit_wf/brain_extraction_wf/atropos_wf/05_get_wm".
250329-10:33:14,287 nipype.workflow INFO:
	 [Node] Setting-up "fmriprep_24_0_wf.sub_36_wf.anat_fit_wf.brain_extraction_wf.atropos_wf.06_get_gm" in "/work_dir/fmriprep_24_0_wf/sub_36_wf/anat_fit_wf/brain_extraction_wf/atropos_wf/06_get_gm".
250329-10:33:14,287 nipype.workflow INFO:
	 [Node] Setting-up "fmriprep_24_0_wf.sub_36_wf.anat_fit_wf.brain_extraction_wf.atropos_wf.10_me_csf" in "/work_dir/fmriprep_24_0_wf/sub_36_wf/anat_fit_wf/brain_extraction_wf/atropos_wf/10_me_csf".
250329-10:33:14,287 nipype.workflow INFO:
	 [Node] Setting-up "fmriprep_24_0_wf.sub_36_wf.anat_fit_wf.brain_extraction_wf.atropos_wf.27_depad_csf" in "/work_dir/fmriprep_24_0_wf/sub_36_wf/anat_fit_wf/brain_extraction_wf/atropos_wf/27_depad_csf".
250329-10:33:14,289 nipype.workflow INFO:
	 [Node] Executing "06_get_gm" <nipype.interfaces.ants.utils.ImageMath>
250329-10:33:14,289 nipype.workflow INFO:
	 [Node] Executing "05_get_wm" <nipype.interfaces.ants.utils.ImageMath>
250329-10:33:14,289 nipype.workflow INFO:
	 [Node] Executing "10_me_csf" <nipype.interfaces.ants.utils.ImageMath>
250329-10:33:14,289 nipype.workflow INFO:
	 [Node] Executing "27_depad_csf" <nipype.interfaces.ants.utils.ImageMath>
250329-10:33:15,262 nipype.workflow INFO:
	 [Node] Finished "27_depad_csf", elapsed time 0.724697s.
250329-10:33:16,23 nipype.workflow INFO:
	 [Node] Finished "05_get_wm", elapsed time 1.438487s.
250329-10:33:16,26 nipype.workflow INFO:
	 [Node] Finished "06_get_gm", elapsed time 1.493427s.
250329-10:33:16,307 nipype.workflow INFO:
	 [Node] Setting-up "fmriprep_24_0_wf.sub_36_wf.anat_fit_wf.brain_extraction_wf.atropos_wf.09_relabel_wm" in "/work_dir/fmriprep_24_0_wf/sub_36_wf/anat_fit_wf/brain_extraction_wf/atropos_wf/09_relabel_wm".
250329-10:33:16,307 nipype.workflow INFO:
	 [Node] Setting-up "fmriprep_24_0_wf.sub_36_wf.anat_fit_wf.brain_extraction_wf.atropos_wf.07_fill_gm" in "/work_dir/fmriprep_24_0_wf/sub_36_wf/anat_fit_wf/brain_extraction_wf/atropos_wf/07_fill_gm".
250329-10:33:16,309 nipype.workflow INFO:
	 [Node] Executing "09_relabel_wm" <nipype.interfaces.ants.utils.MultiplyImages>
250329-10:33:16,309 nipype.workflow INFO:
	 [Node] Executing "07_fill_gm" <nipype.interfaces.ants.utils.ImageMath>
250329-10:33:17,44 nipype.workflow INFO:
	 [Node] Finished "09_relabel_wm", elapsed time 0.734193s.
250329-10:33:18,204 nipype.workflow INFO:
	 [Node] Finished "10_me_csf", elapsed time 3.913396s.
250329-10:33:18,305 nipype.workflow INFO:
	 [Node] Setting-up "fmriprep_24_0_wf.sub_36_wf.anat_fit_wf.brain_extraction_wf.atropos_wf.26_depad_wm" in "/work_dir/fmriprep_24_0_wf/sub_36_wf/anat_fit_wf/brain_extraction_wf/atropos_wf/26_depad_wm".
250329-10:33:18,306 nipype.workflow INFO:
	 [Node] Setting-up "fmriprep_24_0_wf.sub_36_wf.anat_fit_wf.brain_extraction_wf.atropos_wf.apply_wm_prior" in "/work_dir/fmriprep_24_0_wf/sub_36_wf/anat_fit_wf/brain_extraction_wf/atropos_wf/apply_wm_prior".
250329-10:33:18,308 nipype.workflow INFO:
	 [Node] Executing "26_depad_wm" <nipype.interfaces.ants.utils.ImageMath>
250329-10:33:18,309 nipype.workflow INFO:
	 [Node] Executing "apply_wm_prior" <nipype.interfaces.utility.wrappers.Function>
250329-10:33:19,60 nipype.workflow INFO:
	 [Node] Finished "apply_wm_prior", elapsed time 0.750123s.
250329-10:33:19,159 nipype.workflow INFO:
	 [Node] Finished "26_depad_wm", elapsed time 0.850763s.
250329-10:33:20,312 nipype.workflow INFO:
	 [Node] Setting-up "_inu_n4_final0" in "/work_dir/fmriprep_24_0_wf/sub_36_wf/anat_fit_wf/brain_extraction_wf/atropos_wf/inu_n4_final/mapflow/_inu_n4_final0".
250329-10:33:20,314 nipype.workflow INFO:
	 [Node] Executing "_inu_n4_final0" <nipype.interfaces.ants.segmentation.N4BiasFieldCorrection>
250329-10:33:26,419 nipype.workflow INFO:
	 [Node] Finished "07_fill_gm", elapsed time 10.108602s.
250329-10:33:28,317 nipype.workflow INFO:
	 [Node] Setting-up "fmriprep_24_0_wf.sub_36_wf.anat_fit_wf.brain_extraction_wf.atropos_wf.08_mult_gm" in "/work_dir/fmriprep_24_0_wf/sub_36_wf/anat_fit_wf/brain_extraction_wf/atropos_wf/08_mult_gm".
250329-10:33:28,320 nipype.workflow INFO:
	 [Node] Executing "08_mult_gm" <nipype.interfaces.ants.utils.MultiplyImages>
250329-10:33:29,360 nipype.workflow INFO:
	 [Node] Finished "08_mult_gm", elapsed time 1.039572s.
250329-10:33:30,321 nipype.workflow INFO:
	 [Node] Setting-up "fmriprep_24_0_wf.sub_36_wf.anat_fit_wf.brain_extraction_wf.atropos_wf.11_add_gm" in "/work_dir/fmriprep_24_0_wf/sub_36_wf/anat_fit_wf/brain_extraction_wf/atropos_wf/11_add_gm".
250329-10:33:30,324 nipype.workflow INFO:
	 [Node] Executing "11_add_gm" <nipype.interfaces.ants.utils.ImageMath>
250329-10:33:32,237 nipype.workflow INFO:
	 [Node] Finished "11_add_gm", elapsed time 1.912285s.
250329-10:33:34,303 nipype.workflow INFO:
	 [Node] Setting-up "fmriprep_24_0_wf.sub_36_wf.anat_fit_wf.brain_extraction_wf.atropos_wf.12_relabel_gm" in "/work_dir/fmriprep_24_0_wf/sub_36_wf/anat_fit_wf/brain_extraction_wf/atropos_wf/12_relabel_gm".
250329-10:33:34,306 nipype.workflow INFO:
	 [Node] Executing "12_relabel_gm" <nipype.interfaces.ants.utils.MultiplyImages>
250329-10:33:35,85 nipype.workflow INFO:
	 [Node] Finished "12_relabel_gm", elapsed time 0.779032s.
250329-10:33:36,305 nipype.workflow INFO:
	 [Node] Setting-up "fmriprep_24_0_wf.sub_36_wf.anat_fit_wf.brain_extraction_wf.atropos_wf.13_add_gm_wm" in "/work_dir/fmriprep_24_0_wf/sub_36_wf/anat_fit_wf/brain_extraction_wf/atropos_wf/13_add_gm_wm".
250329-10:33:36,305 nipype.workflow INFO:
	 [Node] Setting-up "fmriprep_24_0_wf.sub_36_wf.anat_fit_wf.brain_extraction_wf.atropos_wf.25_depad_gm" in "/work_dir/fmriprep_24_0_wf/sub_36_wf/anat_fit_wf/brain_extraction_wf/atropos_wf/25_depad_gm".
250329-10:33:36,307 nipype.workflow INFO:
	 [Node] Executing "25_depad_gm" <nipype.interfaces.ants.utils.ImageMath>
250329-10:33:36,308 nipype.workflow INFO:
	 [Node] Executing "13_add_gm_wm" <nipype.interfaces.ants.utils.ImageMath>
250329-10:33:37,346 nipype.workflow INFO:
	 [Node] Finished "25_depad_gm", elapsed time 0.856491s.
250329-10:33:38,177 nipype.workflow INFO:
	 [Node] Finished "13_add_gm_wm", elapsed time 1.868931s.
250329-10:33:38,299 nipype.workflow INFO:
	 [Node] Setting-up "fmriprep_24_0_wf.sub_36_wf.anat_fit_wf.brain_extraction_wf.atropos_wf.merge_tpms" in "/work_dir/fmriprep_24_0_wf/sub_36_wf/anat_fit_wf/brain_extraction_wf/atropos_wf/merge_tpms".
250329-10:33:38,302 nipype.workflow INFO:
	 [Node] Executing "merge_tpms" <nipype.interfaces.utility.base.Merge>
250329-10:33:38,302 nipype.workflow INFO:
	 [Node] Finished "merge_tpms", elapsed time 0.0002s.
250329-10:33:39,178 nipype.workflow INFO:
	 [Node] Finished "_inu_n4_final0", elapsed time 18.863116s.
250329-10:33:40,297 nipype.workflow INFO:
	 [Node] Setting-up "fmriprep_24_0_wf.sub_36_wf.anat_fit_wf.brain_extraction_wf.atropos_wf.14_sel_labels2" in "/work_dir/fmriprep_24_0_wf/sub_36_wf/anat_fit_wf/brain_extraction_wf/atropos_wf/14_sel_labels2".
250329-10:33:40,298 nipype.workflow INFO:
	 [Node] Setting-up "fmriprep_24_0_wf.sub_36_wf.anat_fit_wf.brain_extraction_wf.atropos_wf.24_depad_segm" in "/work_dir/fmriprep_24_0_wf/sub_36_wf/anat_fit_wf/brain_extraction_wf/atropos_wf/24_depad_segm".
250329-10:33:40,300 nipype.workflow INFO:
	 [Node] Executing "14_sel_labels2" <nipype.interfaces.utility.wrappers.Function>
250329-10:33:40,300 nipype.workflow INFO:
	 [Node] Executing "24_depad_segm" <nipype.interfaces.ants.utils.ImageMath>
250329-10:33:40,481 nipype.workflow INFO:
	 [Node] Finished "14_sel_labels2", elapsed time 0.180745s.
250329-10:33:41,207 nipype.workflow INFO:
	 [Node] Finished "24_depad_segm", elapsed time 0.746716s.
250329-10:33:42,296 nipype.workflow INFO:
	 [Node] Setting-up "fmriprep_24_0_wf.sub_36_wf.anat_fit_wf.brain_extraction_wf.atropos_wf.15_add_7" in "/work_dir/fmriprep_24_0_wf/sub_36_wf/anat_fit_wf/brain_extraction_wf/atropos_wf/15_add_7".
250329-10:33:42,298 nipype.workflow INFO:
	 [Node] Executing "15_add_7" <nipype.interfaces.ants.utils.ImageMath>
250329-10:33:43,677 nipype.workflow INFO:
	 [Node] Finished "15_add_7", elapsed time 1.377747s.
250329-10:33:44,295 nipype.workflow INFO:
	 [Node] Setting-up "fmriprep_24_0_wf.sub_36_wf.anat_fit_wf.brain_extraction_wf.atropos_wf.16_me_7" in "/work_dir/fmriprep_24_0_wf/sub_36_wf/anat_fit_wf/brain_extraction_wf/atropos_wf/16_me_7".
250329-10:33:44,297 nipype.workflow INFO:
	 [Node] Executing "16_me_7" <nipype.interfaces.ants.utils.ImageMath>
250329-10:33:47,322 nipype.workflow INFO:
	 [Node] Finished "16_me_7", elapsed time 2.861867s.
250329-10:33:48,298 nipype.workflow INFO:
	 [Node] Setting-up "fmriprep_24_0_wf.sub_36_wf.anat_fit_wf.brain_extraction_wf.atropos_wf.17_comp_7" in "/work_dir/fmriprep_24_0_wf/sub_36_wf/anat_fit_wf/brain_extraction_wf/atropos_wf/17_comp_7".
250329-10:33:48,301 nipype.workflow INFO:
	 [Node] Executing "17_comp_7" <nipype.interfaces.ants.utils.ImageMath>
250329-10:33:49,842 nipype.workflow INFO:
	 [Node] Finished "17_comp_7", elapsed time 1.5406339999999998s.
250329-10:33:50,309 nipype.workflow INFO:
	 [Node] Setting-up "fmriprep_24_0_wf.sub_36_wf.anat_fit_wf.brain_extraction_wf.atropos_wf.18_md_7" in "/work_dir/fmriprep_24_0_wf/sub_36_wf/anat_fit_wf/brain_extraction_wf/atropos_wf/18_md_7".
250329-10:33:50,312 nipype.workflow INFO:
	 [Node] Executing "18_md_7" <nipype.interfaces.ants.utils.ImageMath>
250329-10:33:51,964 nipype.workflow INFO:
	 [Node] Finished "18_md_7", elapsed time 1.651736s.
250329-10:33:52,306 nipype.workflow INFO:
	 [Node] Setting-up "fmriprep_24_0_wf.sub_36_wf.anat_fit_wf.brain_extraction_wf.atropos_wf.19_fill_7" in "/work_dir/fmriprep_24_0_wf/sub_36_wf/anat_fit_wf/brain_extraction_wf/atropos_wf/19_fill_7".
250329-10:33:52,309 nipype.workflow INFO:
	 [Node] Executing "19_fill_7" <nipype.interfaces.ants.utils.ImageMath>
250329-10:34:02,138 nipype.workflow INFO:
	 [Node] Finished "19_fill_7", elapsed time 9.82842s.
250329-10:34:04,309 nipype.workflow INFO:
	 [Node] Setting-up "fmriprep_24_0_wf.sub_36_wf.anat_fit_wf.brain_extraction_wf.atropos_wf.20_add_7_2" in "/work_dir/fmriprep_24_0_wf/sub_36_wf/anat_fit_wf/brain_extraction_wf/atropos_wf/20_add_7_2".
250329-10:34:04,311 nipype.workflow INFO:
	 [Node] Executing "20_add_7_2" <nipype.interfaces.ants.utils.ImageMath>
250329-10:34:06,13 nipype.workflow INFO:
	 [Node] Finished "20_add_7_2", elapsed time 1.70055s.
250329-10:34:06,307 nipype.workflow INFO:
	 [Node] Setting-up "fmriprep_24_0_wf.sub_36_wf.anat_fit_wf.brain_extraction_wf.atropos_wf.21_md_7_2" in "/work_dir/fmriprep_24_0_wf/sub_36_wf/anat_fit_wf/brain_extraction_wf/atropos_wf/21_md_7_2".
250329-10:34:06,310 nipype.workflow INFO:
	 [Node] Executing "21_md_7_2" <nipype.interfaces.ants.utils.ImageMath>
250329-10:34:07,987 nipype.workflow INFO:
	 [Node] Finished "21_md_7_2", elapsed time 1.676858s.
250329-10:34:08,296 nipype.workflow INFO:
	 [Node] Setting-up "fmriprep_24_0_wf.sub_36_wf.anat_fit_wf.brain_extraction_wf.atropos_wf.22_me_7_2" in "/work_dir/fmriprep_24_0_wf/sub_36_wf/anat_fit_wf/brain_extraction_wf/atropos_wf/22_me_7_2".
250329-10:34:08,298 nipype.workflow INFO:
	 [Node] Executing "22_me_7_2" <nipype.interfaces.ants.utils.ImageMath>
250329-10:34:11,216 nipype.workflow INFO:
	 [Node] Finished "22_me_7_2", elapsed time 2.916887s.
250329-10:34:12,297 nipype.workflow INFO:
	 [Node] Setting-up "fmriprep_24_0_wf.sub_36_wf.anat_fit_wf.brain_extraction_wf.atropos_wf.23_depad_mask" in "/work_dir/fmriprep_24_0_wf/sub_36_wf/anat_fit_wf/brain_extraction_wf/atropos_wf/23_depad_mask".
250329-10:34:12,299 nipype.workflow INFO:
	 [Node] Executing "23_depad_mask" <nipype.interfaces.ants.utils.ImageMath>
250329-10:34:12,990 nipype.workflow INFO:
	 [Node] Finished "23_depad_mask", elapsed time 0.690527s.
250329-10:34:14,296 nipype.workflow INFO:
	 [Node] Setting-up "fmriprep_24_0_wf.sub_36_wf.anat_fit_wf.brain_extraction_wf.atropos_wf.msk_conform" in "/work_dir/fmriprep_24_0_wf/sub_36_wf/anat_fit_wf/brain_extraction_wf/atropos_wf/msk_conform".
250329-10:34:14,299 nipype.workflow INFO:
	 [Node] Executing "msk_conform" <nipype.interfaces.utility.wrappers.Function>
250329-10:34:14,559 nipype.workflow INFO:
	 [Node] Finished "msk_conform", elapsed time 0.259043s.
250329-10:34:22,912 nipype.workflow INFO:
	 [Node] Setting-up "_apply_mask0" in "/work_dir/fmriprep_24_0_wf/sub_36_wf/anat_fit_wf/brain_extraction_wf/atropos_wf/apply_mask/mapflow/_apply_mask0".
250329-10:34:22,913 nipype.workflow INFO:
	 [Node] Executing "_apply_mask0" <niworkflows.interfaces.nibabel.ApplyMask>
250329-10:34:23,730 nipype.workflow INFO:
	 [Node] Finished "_apply_mask0", elapsed time 0.816741s.
250329-10:34:27,512 nipype.workflow INFO:
	 [Node] Setting-up "fmriprep_24_0_wf.sub_36_wf.anat_fit_wf.register_template_wf.trunc_mov" in "/work_dir/fmriprep_24_0_wf/sub_36_wf/anat_fit_wf/register_template_wf/_template_MNI152NLin2009cAsym/trunc_mov".
250329-10:34:27,514 nipype.workflow INFO:
	 [Node] Executing "trunc_mov" <nipype.interfaces.ants.utils.ImageMath>
250329-10:34:27,699 nipype.workflow INFO:
	 [Node] Setting-up "fmriprep_24_0_wf.sub_36_wf.anat_fit_wf.surface_recon_wf.skull_strip_extern" in "/work_dir/fmriprep_24_0_wf/sub_36_wf/anat_fit_wf/surface_recon_wf/skull_strip_extern".
250329-10:34:27,703 nipype.workflow INFO:
	 [Node] Executing "skull_strip_extern" <niworkflows.interfaces.freesurfer.FSInjectBrainExtracted>
250329-10:34:29,227 nipype.workflow INFO:
	 [Node] Finished "skull_strip_extern", elapsed time 1.5238770000000001s.
250329-10:34:29,697 nipype.workflow INFO:
	 [Node] Setting-up "fmriprep_24_0_wf.sub_36_wf.anat_fit_wf.surface_recon_wf.autorecon_resume_wf.gcareg" in "/work_dir/fmriprep_24_0_wf/sub_36_wf/anat_fit_wf/surface_recon_wf/autorecon_resume_wf/gcareg".
250329-10:34:29,700 nipype.workflow INFO:
	 [Node] Executing "gcareg" <smriprep.interfaces.freesurfer.ReconAll>
250329-10:34:29,701 nipype.interface INFO:
	 resume recon-all : recon-all -openmp 8 -subjid sub-36 -sd /output/sourcedata/freesurfer -gcareg
250329-10:34:29,701 nipype.interface INFO:
	 resume recon-all : recon-all -openmp 8 -subjid sub-36 -sd /output/sourcedata/freesurfer -gcareg
250329-10:34:33,164 nipype.workflow INFO:
	 [Node] Finished "trunc_mov", elapsed time 5.648452s.
250329-10:36:54,730 nipype.workflow INFO:
	 [Node] Finished "gcareg", elapsed time 145.029588s.
250329-10:36:55,699 nipype.workflow INFO:
	 [Node] Setting-up "fmriprep_24_0_wf.sub_36_wf.anat_fit_wf.surface_recon_wf.autorecon_resume_wf.autorecon2_vol" in "/work_dir/fmriprep_24_0_wf/sub_36_wf/anat_fit_wf/surface_recon_wf/autorecon_resume_wf/autorecon2_vol".
250329-10:36:55,708 nipype.workflow INFO:
	 [Node] Executing "autorecon2_vol" <smriprep.interfaces.freesurfer.ReconAll>
250329-10:36:55,709 nipype.interface INFO:
	 resume recon-all : recon-all -autorecon2-volonly -openmp 8 -subjid sub-36 -sd /output/sourcedata/freesurfer -nogcareg
250329-10:36:55,710 nipype.interface INFO:
	 resume recon-all : recon-all -autorecon2-volonly -openmp 8 -subjid sub-36 -sd /output/sourcedata/freesurfer -nogcareg
250329-12:35:11,979 nipype.workflow INFO:
	 [Node] Finished "autorecon2_vol", elapsed time 7096.270535s.
250329-12:35:16,249 nipype.workflow INFO:
	 [Node] Setting-up "_autorecon_surfs0" in "/work_dir/fmriprep_24_0_wf/sub_36_wf/anat_fit_wf/surface_recon_wf/autorecon_resume_wf/autorecon_surfs/mapflow/_autorecon_surfs0".
250329-12:35:16,250 nipype.workflow INFO:
	 [Node] Setting-up "_autorecon_surfs1" in "/work_dir/fmriprep_24_0_wf/sub_36_wf/anat_fit_wf/surface_recon_wf/autorecon_resume_wf/autorecon_surfs/mapflow/_autorecon_surfs1".
250329-12:35:16,251 nipype.workflow INFO:
	 [Node] Executing "_autorecon_surfs0" <smriprep.interfaces.freesurfer.ReconAll>
250329-12:35:16,252 nipype.workflow INFO:
	 [Node] Executing "_autorecon_surfs1" <smriprep.interfaces.freesurfer.ReconAll>
250329-12:35:16,252 nipype.interface INFO:
	 resume recon-all : recon-all -autorecon-hemi lh -noparcstats -noparcstats2 -noparcstats3 -nohyporelabel -nobalabels -lh-only -openmp 8 -subjid sub-36 -sd /output/sourcedata/freesurfer 
250329-12:35:16,253 nipype.interface INFO:
	 resume recon-all : recon-all -autorecon-hemi rh -noparcstats -noparcstats2 -noparcstats3 -nohyporelabel -nobalabels -rh-only -openmp 8 -subjid sub-36 -sd /output/sourcedata/freesurfer 
250329-12:35:16,253 nipype.interface INFO:
	 resume recon-all : recon-all -autorecon-hemi lh -noparcstats -noparcstats2 -noparcstats3 -nohyporelabel -nobalabels -lh-only -openmp 8 -subjid sub-36 -sd /output/sourcedata/freesurfer 
250329-12:35:16,254 nipype.interface INFO:
	 resume recon-all : recon-all -autorecon-hemi rh -noparcstats -noparcstats2 -noparcstats3 -nohyporelabel -nobalabels -rh-only -openmp 8 -subjid sub-36 -sd /output/sourcedata/freesurfer 
250329-13:27:23,261 nipype.workflow INFO:
	 [Node] Finished "_autorecon_surfs1", elapsed time 3127.00834s.
250329-13:27:47,675 nipype.workflow INFO:
	 [Node] Finished "_autorecon_surfs0", elapsed time 3151.422659s.
250329-13:27:49,235 nipype.workflow INFO:
	 [Node] Setting-up "_autorecon_surfs0" in "/work_dir/fmriprep_24_0_wf/sub_36_wf/anat_fit_wf/surface_recon_wf/autorecon_resume_wf/autorecon_surfs/mapflow/_autorecon_surfs0".
250329-13:27:49,237 nipype.workflow INFO:
	 [Node] Executing "_autorecon_surfs0" <smriprep.interfaces.freesurfer.ReconAll>
250329-13:27:49,239 nipype.interface INFO:
	 recon-all complete : Not running
250329-13:27:49,239 nipype.interface INFO:
	 recon-all complete : Not running
250329-13:27:49,326 nipype.workflow INFO:
	 [Node] Finished "_autorecon_surfs0", elapsed time 0.088303s.
250329-13:27:49,332 nipype.workflow INFO:
	 [Node] Setting-up "_autorecon_surfs1" in "/work_dir/fmriprep_24_0_wf/sub_36_wf/anat_fit_wf/surface_recon_wf/autorecon_resume_wf/autorecon_surfs/mapflow/_autorecon_surfs1".
250329-13:27:49,334 nipype.workflow INFO:
	 [Node] Executing "_autorecon_surfs1" <smriprep.interfaces.freesurfer.ReconAll>
250329-13:27:49,335 nipype.interface INFO:
	 recon-all complete : Not running
250329-13:27:49,336 nipype.interface INFO:
	 recon-all complete : Not running
250329-13:27:49,416 nipype.workflow INFO:
	 [Node] Finished "_autorecon_surfs1", elapsed time 0.081244s.
250329-13:27:50,497 nipype.workflow INFO:
	 [Node] Setting-up "fmriprep_24_0_wf.sub_36_wf.anat_fit_wf.surface_recon_wf.autorecon_resume_wf.cortribbon" in "/work_dir/fmriprep_24_0_wf/sub_36_wf/anat_fit_wf/surface_recon_wf/autorecon_resume_wf/cortribbon".
250329-13:27:50,500 nipype.workflow INFO:
	 [Node] Executing "cortribbon" <smriprep.interfaces.freesurfer.ReconAll>
250329-13:27:50,501 nipype.interface INFO:
	 resume recon-all : recon-all -parallel -subjid sub-36 -sd /output/sourcedata/freesurfer -cortribbon
250329-13:27:50,501 nipype.interface INFO:
	 resume recon-all : recon-all -parallel -subjid sub-36 -sd /output/sourcedata/freesurfer -cortribbon
250329-13:32:28,702 nipype.workflow INFO:
	 [Node] Finished "cortribbon", elapsed time 278.20158s.
250329-13:32:32,508 nipype.workflow INFO:
	 [Node] Setting-up "_parcstats0" in "/work_dir/fmriprep_24_0_wf/sub_36_wf/anat_fit_wf/surface_recon_wf/autorecon_resume_wf/parcstats/mapflow/_parcstats0".
250329-13:32:32,511 nipype.workflow INFO:
	 [Node] Executing "_parcstats0" <smriprep.interfaces.freesurfer.ReconAll>
250329-13:32:32,512 nipype.interface INFO:
	 resume recon-all : recon-all -autorecon-hemi lh -nohyporelabel -lh-only -openmp 8 -subjid sub-36 -sd /output/sourcedata/freesurfer -notessellate -nosmooth1 -noinflate1 -noqsphere -nofix -nowhite -nosmooth2 -noinflate2 -nocurvHK -nocurvstats -nosphere -nosurfreg -nojacobian_white -noavgcurv -nocortparc -nopial -nocortparc2 -nocortparc3 -nopctsurfcon
250329-13:32:32,513 nipype.interface INFO:
	 resume recon-all : recon-all -autorecon-hemi lh -nohyporelabel -lh-only -openmp 8 -subjid sub-36 -sd /output/sourcedata/freesurfer -notessellate -nosmooth1 -noinflate1 -noqsphere -nofix -nowhite -nosmooth2 -noinflate2 -nocurvHK -nocurvstats -nosphere -nosurfreg -nojacobian_white -noavgcurv -nocortparc -nopial -nocortparc2 -nocortparc3 -nopctsurfcon
250329-13:32:32,582 nipype.workflow INFO:
	 [Node] Setting-up "_parcstats1" in "/work_dir/fmriprep_24_0_wf/sub_36_wf/anat_fit_wf/surface_recon_wf/autorecon_resume_wf/parcstats/mapflow/_parcstats1".
250329-13:32:32,585 nipype.workflow INFO:
	 [Node] Executing "_parcstats1" <smriprep.interfaces.freesurfer.ReconAll>
250329-13:32:32,586 nipype.interface INFO:
	 resume recon-all : recon-all -autorecon-hemi rh -nohyporelabel -rh-only -openmp 8 -subjid sub-36 -sd /output/sourcedata/freesurfer -notessellate -nosmooth1 -noinflate1 -noqsphere -nofix -nowhite -nosmooth2 -noinflate2 -nocurvHK -nocurvstats -nosphere -nosurfreg -nojacobian_white -noavgcurv -nocortparc -nopial -nocortparc2 -nocortparc3 -nopctsurfcon
250329-13:32:32,587 nipype.interface INFO:
	 resume recon-all : recon-all -autorecon-hemi rh -nohyporelabel -rh-only -openmp 8 -subjid sub-36 -sd /output/sourcedata/freesurfer -notessellate -nosmooth1 -noinflate1 -noqsphere -nofix -nowhite -nosmooth2 -noinflate2 -nocurvHK -nocurvstats -nosphere -nosurfreg -nojacobian_white -noavgcurv -nocortparc -nopial -nocortparc2 -nocortparc3 -nopctsurfcon
250329-13:37:23,46 nipype.workflow INFO:
	 [Node] Finished "_parcstats1", elapsed time 290.460289s.
250329-13:37:27,237 nipype.workflow INFO:
	 [Node] Finished "_parcstats0", elapsed time 294.725132s.
250329-13:37:28,550 nipype.workflow INFO:
	 [Node] Setting-up "_parcstats0" in "/work_dir/fmriprep_24_0_wf/sub_36_wf/anat_fit_wf/surface_recon_wf/autorecon_resume_wf/parcstats/mapflow/_parcstats0".
250329-13:37:28,553 nipype.workflow INFO:
	 [Node] Executing "_parcstats0" <smriprep.interfaces.freesurfer.ReconAll>
250329-13:37:28,554 nipype.interface INFO:
	 recon-all complete : Not running
250329-13:37:28,555 nipype.interface INFO:
	 recon-all complete : Not running
250329-13:37:28,686 nipype.workflow INFO:
	 [Node] Finished "_parcstats0", elapsed time 0.13203s.
250329-13:37:28,691 nipype.workflow INFO:
	 [Node] Setting-up "_parcstats1" in "/work_dir/fmriprep_24_0_wf/sub_36_wf/anat_fit_wf/surface_recon_wf/autorecon_resume_wf/parcstats/mapflow/_parcstats1".
250329-13:37:28,693 nipype.workflow INFO:
	 [Node] Executing "_parcstats1" <smriprep.interfaces.freesurfer.ReconAll>
250329-13:37:28,694 nipype.interface INFO:
	 recon-all complete : Not running
250329-13:37:28,695 nipype.interface INFO:
	 recon-all complete : Not running
250329-13:37:28,813 nipype.workflow INFO:
	 [Node] Finished "_parcstats1", elapsed time 0.118585s.
250329-13:37:30,557 nipype.workflow INFO:
	 [Node] Setting-up "fmriprep_24_0_wf.sub_36_wf.anat_fit_wf.surface_recon_wf.autorecon_resume_wf.autorecon3" in "/work_dir/fmriprep_24_0_wf/sub_36_wf/anat_fit_wf/surface_recon_wf/autorecon_resume_wf/autorecon3".
250329-13:37:30,559 nipype.workflow INFO:
	 [Node] Executing "autorecon3" <smriprep.interfaces.freesurfer.ReconAll>
250329-13:37:30,561 nipype.interface INFO:
	 resume recon-all : recon-all -autorecon3 -openmp 8 -subjid sub-36 -sd /output/sourcedata/freesurfer -nosphere -nosurfreg -nojacobian_white -noavgcurv -nocortparc -nopial -noparcstats -nocortparc2 -noparcstats2 -nocortparc3 -noparcstats3 -nopctsurfcon -nocortribbon -nobalabels
250329-13:37:30,562 nipype.interface INFO:
	 resume recon-all : recon-all -autorecon3 -openmp 8 -subjid sub-36 -sd /output/sourcedata/freesurfer -nosphere -nosurfreg -nojacobian_white -noavgcurv -nocortparc -nopial -noparcstats -nocortparc2 -noparcstats2 -nocortparc3 -noparcstats3 -nopctsurfcon -nocortribbon -nobalabels
250329-13:44:01,61 nipype.workflow INFO:
	 [Node] Finished "autorecon3", elapsed time 390.500569s.
250329-13:44:02,580 nipype.workflow INFO:
	 [Node] Setting-up "fmriprep_24_0_wf.sub_36_wf.anat_fit_wf.surface_recon_wf.get_surfaces" in "/work_dir/fmriprep_24_0_wf/sub_36_wf/anat_fit_wf/surface_recon_wf/get_surfaces".
250329-13:44:02,726 nipype.workflow INFO:
	 [Node] Executing "get_surfaces" <nipype.interfaces.io.FreeSurferSource>
250329-13:44:02,737 nipype.workflow INFO:
	 [Node] Finished "get_surfaces", elapsed time 0.009944s.
250329-13:44:06,644 nipype.workflow INFO:
	 [Node] Setting-up "_midthickness1" in "/work_dir/fmriprep_24_0_wf/sub_36_wf/anat_fit_wf/surface_recon_wf/midthickness/mapflow/_midthickness1".
250329-13:44:06,645 nipype.workflow INFO:
	 [Node] Setting-up "_midthickness0" in "/work_dir/fmriprep_24_0_wf/sub_36_wf/anat_fit_wf/surface_recon_wf/midthickness/mapflow/_midthickness0".
250329-13:44:06,647 nipype.workflow INFO:
	 [Node] Executing "_midthickness1" <smriprep.interfaces.freesurfer.MakeMidthickness>
250329-13:44:06,648 nipype.workflow INFO:
	 [Node] Executing "_midthickness0" <smriprep.interfaces.freesurfer.MakeMidthickness>
250329-14:44:57,591 nipype.workflow INFO:
	 [Node] Finished "_midthickness0", elapsed time 3650.943115s.
250329-14:44:57,738 nipype.workflow INFO:
	 [Node] Finished "_midthickness1", elapsed time 3651.090175s.
250329-14:44:58,865 nipype.workflow INFO:
	 [Node] Setting-up "_midthickness0" in "/work_dir/fmriprep_24_0_wf/sub_36_wf/anat_fit_wf/surface_recon_wf/midthickness/mapflow/_midthickness0".
250329-14:44:58,867 nipype.workflow INFO:
	 [Node] Cached "_midthickness0" - collecting precomputed outputs
250329-14:44:58,867 nipype.workflow INFO:
	 [Node] "_midthickness0" found cached.
250329-14:44:58,868 nipype.workflow INFO:
	 [Node] Setting-up "_midthickness1" in "/work_dir/fmriprep_24_0_wf/sub_36_wf/anat_fit_wf/surface_recon_wf/midthickness/mapflow/_midthickness1".
250329-14:44:58,870 nipype.workflow INFO:
	 [Node] Cached "_midthickness1" - collecting precomputed outputs
250329-14:44:58,870 nipype.workflow INFO:
	 [Node] "_midthickness1" found cached.
250329-14:45:00,857 nipype.workflow INFO:
	 [Node] Setting-up "fmriprep_24_0_wf.sub_36_wf.anat_fit_wf.surface_recon_wf.save_midthickness" in "/work_dir/fmriprep_24_0_wf/sub_36_wf/anat_fit_wf/surface_recon_wf/save_midthickness".
250329-14:45:00,934 nipype.workflow INFO:
	 [Node] Executing "save_midthickness" <nipype.interfaces.io.DataSink>
250329-14:45:00,986 nipype.workflow INFO:
	 [Node] Finished "save_midthickness", elapsed time 0.051702s.
250329-14:45:02,856 nipype.workflow INFO:
	 [Node] Setting-up "fmriprep_24_0_wf.sub_36_wf.anat_fit_wf.surface_recon_wf.sync" in "/work_dir/fmriprep_24_0_wf/sub_36_wf/anat_fit_wf/surface_recon_wf/sync".
250329-14:45:02,858 nipype.workflow INFO:
	 [Node] Executing "sync" <nipype.interfaces.utility.wrappers.Function>
250329-14:45:02,860 nipype.workflow INFO:
	 [Node] Finished "sync", elapsed time 0.000685s.
250329-14:45:04,857 nipype.workflow INFO:
	 [Node] Setting-up "fmriprep_24_0_wf.sub_36_wf.anat_fit_wf.gifti_surface_wf.get_surfaces" in "/work_dir/fmriprep_24_0_wf/sub_36_wf/anat_fit_wf/gifti_surface_wf/get_surfaces".
250329-14:45:04,857 nipype.workflow INFO:
	 [Node] Setting-up "fmriprep_24_0_wf.sub_36_wf.anat_fit_wf.gifti_spheres_wf.get_surfaces" in "/work_dir/fmriprep_24_0_wf/sub_36_wf/anat_fit_wf/gifti_spheres_wf/get_surfaces".
250329-14:45:04,858 nipype.workflow INFO:
	 [Node] Setting-up "fmriprep_24_0_wf.sub_36_wf.anat_fit_wf.gifti_morphometrics_wf.get_surfaces" in "/work_dir/fmriprep_24_0_wf/sub_36_wf/anat_fit_wf/gifti_morphometrics_wf/get_surfaces".
250329-14:45:04,858 nipype.workflow INFO:
	 [Node] Setting-up "fmriprep_24_0_wf.sub_36_wf.anat_fit_wf.refinement_wf.segs_to_native_aseg.fs_datasource" in "/work_dir/fmriprep_24_0_wf/sub_36_wf/anat_fit_wf/refinement_wf/segs_to_native_aseg/fs_datasource".
250329-14:45:04,861 nipype.workflow INFO:
	 [Node] Executing "get_surfaces" <nipype.interfaces.utility.wrappers.Function>
250329-14:45:04,861 nipype.workflow INFO:
	 [Node] Executing "get_surfaces" <nipype.interfaces.io.FreeSurferSource>
250329-14:45:04,861 nipype.workflow INFO:
	 [Node] Executing "get_surfaces" <nipype.interfaces.utility.wrappers.Function>
250329-14:45:04,862 nipype.workflow INFO:
	 [Node] Executing "fs_datasource" <nipype.interfaces.io.FreeSurferSource>
250329-14:45:04,864 nipype.workflow INFO:
	 [Node] Finished "get_surfaces", elapsed time 0.001436s.
250329-14:45:04,864 nipype.workflow INFO:
	 [Node] Finished "get_surfaces", elapsed time 0.001917s.
250329-14:45:04,865 nipype.workflow INFO:
	 [Node] Setting-up "fmriprep_24_0_wf.sub_36_wf.bold_task_bird_run_1_wf.bold_fit_wf.bold_reg_wf.bbreg_wf.mri_coreg" in "/work_dir/fmriprep_24_0_wf/sub_36_wf/bold_task_bird_run_1_wf/bold_fit_wf/bold_reg_wf/bbreg_wf/mri_coreg".
250329-14:45:04,869 nipype.workflow INFO:
	 [Node] Executing "mri_coreg" <fmriprep.interfaces.patches.MRICoreg>
250329-14:45:04,872 nipype.workflow INFO:
	 [Node] Finished "get_surfaces", elapsed time 0.01004s.
250329-14:45:04,872 nipype.workflow INFO:
	 [Node] Finished "fs_datasource", elapsed time 0.010203s.
250329-14:45:04,921 nipype.workflow INFO:
	 [Node] Setting-up "fmriprep_24_0_wf.sub_36_wf.bold_task_bird_run_3_wf.bold_fit_wf.bold_reg_wf.bbreg_wf.mri_coreg" in "/work_dir/fmriprep_24_0_wf/sub_36_wf/bold_task_bird_run_3_wf/bold_fit_wf/bold_reg_wf/bbreg_wf/mri_coreg".
250329-14:45:04,923 nipype.workflow INFO:
	 [Node] Setting-up "fmriprep_24_0_wf.sub_36_wf.bold_task_bird_run_2_wf.bold_fit_wf.bold_reg_wf.bbreg_wf.mri_coreg" in "/work_dir/fmriprep_24_0_wf/sub_36_wf/bold_task_bird_run_2_wf/bold_fit_wf/bold_reg_wf/bbreg_wf/mri_coreg".
250329-14:45:04,925 nipype.workflow INFO:
	 [Node] Executing "mri_coreg" <fmriprep.interfaces.patches.MRICoreg>
250329-14:45:04,926 nipype.workflow INFO:
	 [Node] Executing "mri_coreg" <fmriprep.interfaces.patches.MRICoreg>
250329-14:45:05,430 nipype.workflow INFO:
	 [Node] Setting-up "fmriprep_24_0_wf.sub_36_wf.anat_fit_wf.anat_reports_wf.recon_report" in "/work_dir/fmriprep_24_0_wf/sub_36_wf/anat_fit_wf/anat_reports_wf/recon_report".
250329-14:45:05,433 nipype.workflow INFO:
	 [Node] Executing "recon_report" <smriprep.interfaces.reports.FSSurfaceReport>
250329-14:45:08,893 nipype.workflow INFO:
	 [Node] Setting-up "fmriprep_24_0_wf.sub_36_wf.anat_fit_wf.refinement_wf.segs_to_native_aseg.resample" in "/work_dir/fmriprep_24_0_wf/sub_36_wf/anat_fit_wf/refinement_wf/segs_to_native_aseg/resample".
250329-14:45:08,899 nipype.workflow INFO:
	 [Node] Executing "resample" <nipype.interfaces.freesurfer.preprocess.ApplyVolTransform>
250329-14:45:10,869 nipype.workflow INFO:
	 [Node] Setting-up "_fs2gii1" in "/work_dir/fmriprep_24_0_wf/sub_36_wf/anat_fit_wf/gifti_surface_wf/fs2gii/mapflow/_fs2gii1".
250329-14:45:10,871 nipype.workflow INFO:
	 [Node] Setting-up "_fs2gii3" in "/work_dir/fmriprep_24_0_wf/sub_36_wf/anat_fit_wf/gifti_surface_wf/fs2gii/mapflow/_fs2gii3".
250329-14:45:10,872 nipype.workflow INFO:
	 [Node] Executing "_fs2gii1" <nipype.interfaces.freesurfer.utils.MRIsConvert>
250329-14:45:10,873 nipype.workflow INFO:
	 [Node] Executing "_fs2gii3" <nipype.interfaces.freesurfer.utils.MRIsConvert>
250329-14:45:10,874 nipype.workflow INFO:
	 [Node] Setting-up "_fs2gii4" in "/work_dir/fmriprep_24_0_wf/sub_36_wf/anat_fit_wf/gifti_surface_wf/fs2gii/mapflow/_fs2gii4".
250329-14:45:10,874 nipype.workflow INFO:
	 [Node] Setting-up "_fs2gii5" in "/work_dir/fmriprep_24_0_wf/sub_36_wf/anat_fit_wf/gifti_surface_wf/fs2gii/mapflow/_fs2gii5".
250329-14:45:10,876 nipype.workflow INFO:
	 [Node] Executing "_fs2gii4" <nipype.interfaces.freesurfer.utils.MRIsConvert>
250329-14:45:10,876 nipype.workflow INFO:
	 [Node] Executing "_fs2gii5" <nipype.interfaces.freesurfer.utils.MRIsConvert>
250329-14:45:10,935 nipype.workflow INFO:
	 [Node] Setting-up "_fs2gii2" in "/work_dir/fmriprep_24_0_wf/sub_36_wf/anat_fit_wf/gifti_surface_wf/fs2gii/mapflow/_fs2gii2".
250329-14:45:10,937 nipype.workflow INFO:
	 [Node] Setting-up "_fs2gii0" in "/work_dir/fmriprep_24_0_wf/sub_36_wf/anat_fit_wf/gifti_surface_wf/fs2gii/mapflow/_fs2gii0".
250329-14:45:10,937 nipype.workflow INFO:
	 [Node] Executing "_fs2gii2" <nipype.interfaces.freesurfer.utils.MRIsConvert>
250329-14:45:10,948 nipype.workflow INFO:
	 [Node] Executing "_fs2gii0" <nipype.interfaces.freesurfer.utils.MRIsConvert>
250329-14:45:11,475 nipype.workflow INFO:
	 [Node] Finished "resample", elapsed time 2.574744s.
250329-14:45:13,82 nipype.workflow INFO:
	 [Node] Finished "_fs2gii2", elapsed time 2.144263s.
250329-14:45:13,455 nipype.workflow INFO:
	 [Node] Finished "_fs2gii3", elapsed time 2.58149s.
250329-14:45:13,501 nipype.workflow INFO:
	 [Node] Setting-up "fmriprep_24_0_wf.sub_36_wf.anat_fit_wf.refinement_wf.refine" in "/work_dir/fmriprep_24_0_wf/sub_36_wf/anat_fit_wf/refinement_wf/refine".
250329-14:45:13,504 nipype.workflow INFO:
	 [Node] Executing "refine" <niworkflows.interfaces.freesurfer.RefineBrainMask>
250329-14:45:13,664 nipype.workflow INFO:
	 [Node] Finished "_fs2gii1", elapsed time 2.79145s.
250329-14:45:13,678 nipype.workflow INFO:
	 [Node] Finished "_fs2gii5", elapsed time 2.801169s.
250329-14:45:13,751 nipype.workflow INFO:
	 [Node] Finished "_fs2gii4", elapsed time 2.874762s.
250329-14:45:14,102 nipype.workflow INFO:
	 [Node] Finished "_fs2gii0", elapsed time 3.150683s.
250329-14:45:14,866 nipype.workflow INFO:
	 [Node] Setting-up "_fs2gii0" in "/work_dir/fmriprep_24_0_wf/sub_36_wf/anat_fit_wf/gifti_surface_wf/fs2gii/mapflow/_fs2gii0".
250329-14:45:14,866 nipype.workflow INFO:
	 [Node] Setting-up "_fs2gii0" in "/work_dir/fmriprep_24_0_wf/sub_36_wf/anat_fit_wf/gifti_spheres_wf/fs2gii/mapflow/_fs2gii0".
250329-14:45:14,867 nipype.workflow INFO:
	 [Node] Cached "_fs2gii0" - collecting precomputed outputs
250329-14:45:14,867 nipype.workflow INFO:
	 [Node] "_fs2gii0" found cached.
250329-14:45:14,868 nipype.workflow INFO:
	 [Node] Executing "_fs2gii0" <nipype.interfaces.freesurfer.utils.MRIsConvert>
250329-14:45:14,868 nipype.workflow INFO:
	 [Node] Setting-up "_fs2gii1" in "/work_dir/fmriprep_24_0_wf/sub_36_wf/anat_fit_wf/gifti_surface_wf/fs2gii/mapflow/_fs2gii1".
250329-14:45:14,869 nipype.workflow INFO:
	 [Node] Cached "_fs2gii1" - collecting precomputed outputs
250329-14:45:14,869 nipype.workflow INFO:
	 [Node] "_fs2gii1" found cached.
250329-14:45:14,870 nipype.workflow INFO:
	 [Node] Setting-up "_fs2gii2" in "/work_dir/fmriprep_24_0_wf/sub_36_wf/anat_fit_wf/gifti_surface_wf/fs2gii/mapflow/_fs2gii2".
250329-14:45:14,871 nipype.workflow INFO:
	 [Node] Cached "_fs2gii2" - collecting precomputed outputs
250329-14:45:14,871 nipype.workflow INFO:
	 [Node] "_fs2gii2" found cached.
250329-14:45:14,871 nipype.workflow INFO:
	 [Node] Setting-up "_fs2gii1" in "/work_dir/fmriprep_24_0_wf/sub_36_wf/anat_fit_wf/gifti_spheres_wf/fs2gii/mapflow/_fs2gii1".
250329-14:45:14,871 nipype.workflow INFO:
	 [Node] Setting-up "_fs2gii2" in "/work_dir/fmriprep_24_0_wf/sub_36_wf/anat_fit_wf/gifti_spheres_wf/fs2gii/mapflow/_fs2gii2".
250329-14:45:14,872 nipype.workflow INFO:
	 [Node] Setting-up "_fs2gii3" in "/work_dir/fmriprep_24_0_wf/sub_36_wf/anat_fit_wf/gifti_surface_wf/fs2gii/mapflow/_fs2gii3".
250329-14:45:14,872 nipype.workflow INFO:
	 [Node] Cached "_fs2gii3" - collecting precomputed outputs
250329-14:45:14,872 nipype.workflow INFO:
	 [Node] "_fs2gii3" found cached.
250329-14:45:14,872 nipype.workflow INFO:
	 [Node] Executing "_fs2gii1" <nipype.interfaces.freesurfer.utils.MRIsConvert>
250329-14:45:14,872 nipype.workflow INFO:
	 [Node] Executing "_fs2gii2" <nipype.interfaces.freesurfer.utils.MRIsConvert>
250329-14:45:14,873 nipype.workflow INFO:
	 [Node] Setting-up "_fs2gii4" in "/work_dir/fmriprep_24_0_wf/sub_36_wf/anat_fit_wf/gifti_surface_wf/fs2gii/mapflow/_fs2gii4".
250329-14:45:14,874 nipype.workflow INFO:
	 [Node] Cached "_fs2gii4" - collecting precomputed outputs
250329-14:45:14,874 nipype.workflow INFO:
	 [Node] "_fs2gii4" found cached.
250329-14:45:14,874 nipype.workflow INFO:
	 [Node] Setting-up "_fs2gii3" in "/work_dir/fmriprep_24_0_wf/sub_36_wf/anat_fit_wf/gifti_spheres_wf/fs2gii/mapflow/_fs2gii3".
250329-14:45:14,874 nipype.workflow INFO:
	 [Node] Setting-up "_morphs2gii0" in "/work_dir/fmriprep_24_0_wf/sub_36_wf/anat_fit_wf/gifti_morphometrics_wf/morphs2gii/mapflow/_morphs2gii0".
250329-14:45:14,875 nipype.workflow INFO:
	 [Node] Setting-up "_fs2gii5" in "/work_dir/fmriprep_24_0_wf/sub_36_wf/anat_fit_wf/gifti_surface_wf/fs2gii/mapflow/_fs2gii5".
250329-14:45:14,876 nipype.workflow INFO:
	 [Node] Cached "_fs2gii5" - collecting precomputed outputs
250329-14:45:14,876 nipype.workflow INFO:
	 [Node] "_fs2gii5" found cached.
250329-14:45:14,876 nipype.workflow INFO:
	 [Node] Executing "_morphs2gii0" <smriprep.interfaces.freesurfer.MRIsConvertData>
250329-14:45:14,876 nipype.workflow INFO:
	 [Node] Executing "_fs2gii3" <nipype.interfaces.freesurfer.utils.MRIsConvert>
250329-14:45:16,658 nipype.workflow INFO:
	 [Node] Finished "_morphs2gii0", elapsed time 1.7813750000000002s.
250329-14:45:16,996 nipype.workflow INFO:
	 [Node] Setting-up "_morphs2gii1" in "/work_dir/fmriprep_24_0_wf/sub_36_wf/anat_fit_wf/gifti_morphometrics_wf/morphs2gii/mapflow/_morphs2gii1".
250329-14:45:16,998 nipype.workflow INFO:
	 [Node] Executing "_morphs2gii1" <smriprep.interfaces.freesurfer.MRIsConvertData>
250329-14:45:17,92 nipype.workflow INFO:
	 [Node] Finished "_fs2gii1", elapsed time 2.219011s.
250329-14:45:17,174 nipype.workflow INFO:
	 [Node] Finished "_fs2gii2", elapsed time 2.30028s.
250329-14:45:17,734 nipype.workflow INFO:
	 [Node] Finished "_fs2gii3", elapsed time 2.857386s.
250329-14:45:17,991 nipype.workflow INFO:
	 [Node] Finished "_fs2gii0", elapsed time 3.121556s.
250329-14:45:18,280 nipype.workflow INFO:
	 [Node] Finished "_morphs2gii1", elapsed time 1.281088s.
250329-14:45:18,871 nipype.workflow INFO:
	 [Node] Setting-up "_morphs2gii2" in "/work_dir/fmriprep_24_0_wf/sub_36_wf/anat_fit_wf/gifti_morphometrics_wf/morphs2gii/mapflow/_morphs2gii2".
250329-14:45:18,872 nipype.workflow INFO:
	 [Node] Setting-up "_fs2gii0" in "/work_dir/fmriprep_24_0_wf/sub_36_wf/anat_fit_wf/gifti_spheres_wf/fs2gii/mapflow/_fs2gii0".
250329-14:45:18,873 nipype.workflow INFO:
	 [Node] Cached "_fs2gii0" - collecting precomputed outputs
250329-14:45:18,873 nipype.workflow INFO:
	 [Node] "_fs2gii0" found cached.
250329-14:45:18,873 nipype.workflow INFO:
	 [Node] Executing "_morphs2gii2" <smriprep.interfaces.freesurfer.MRIsConvertData>
250329-14:45:18,874 nipype.workflow INFO:
	 [Node] Setting-up "_fs2gii1" in "/work_dir/fmriprep_24_0_wf/sub_36_wf/anat_fit_wf/gifti_spheres_wf/fs2gii/mapflow/_fs2gii1".
250329-14:45:18,875 nipype.workflow INFO:
	 [Node] Cached "_fs2gii1" - collecting precomputed outputs
250329-14:45:18,875 nipype.workflow INFO:
	 [Node] "_fs2gii1" found cached.
250329-14:45:18,875 nipype.workflow INFO:
	 [Node] Setting-up "_morphs2gii3" in "/work_dir/fmriprep_24_0_wf/sub_36_wf/anat_fit_wf/gifti_morphometrics_wf/morphs2gii/mapflow/_morphs2gii3".
250329-14:45:18,876 nipype.workflow INFO:
	 [Node] Setting-up "_fs2gii2" in "/work_dir/fmriprep_24_0_wf/sub_36_wf/anat_fit_wf/gifti_spheres_wf/fs2gii/mapflow/_fs2gii2".
250329-14:45:18,876 nipype.workflow INFO:
	 [Node] Cached "_fs2gii2" - collecting precomputed outputs
250329-14:45:18,876 nipype.workflow INFO:
	 [Node] "_fs2gii2" found cached.
250329-14:45:18,877 nipype.workflow INFO:
	 [Node] Executing "_morphs2gii3" <smriprep.interfaces.freesurfer.MRIsConvertData>
250329-14:45:18,877 nipype.workflow INFO:
	 [Node] Setting-up "_fs2gii3" in "/work_dir/fmriprep_24_0_wf/sub_36_wf/anat_fit_wf/gifti_spheres_wf/fs2gii/mapflow/_fs2gii3".
250329-14:45:18,878 nipype.workflow INFO:
	 [Node] Cached "_fs2gii3" - collecting precomputed outputs
250329-14:45:18,878 nipype.workflow INFO:
	 [Node] "_fs2gii3" found cached.
250329-14:45:18,881 nipype.workflow INFO:
	 [Node] Setting-up "_fix_surfs1" in "/work_dir/fmriprep_24_0_wf/sub_36_wf/anat_fit_wf/gifti_surface_wf/fix_surfs/mapflow/_fix_surfs1".
250329-14:45:18,881 nipype.workflow INFO:
	 [Node] Setting-up "_fix_surfs0" in "/work_dir/fmriprep_24_0_wf/sub_36_wf/anat_fit_wf/gifti_surface_wf/fix_surfs/mapflow/_fix_surfs0".
250329-14:45:18,882 nipype.workflow INFO:
	 [Node] Executing "_fix_surfs1" <smriprep.interfaces.surf.NormalizeSurf>
250329-14:45:18,882 nipype.workflow INFO:
	 [Node] Executing "_fix_surfs0" <smriprep.interfaces.surf.NormalizeSurf>
250329-14:45:19,21 nipype.workflow INFO:
	 [Node] Setting-up "_fix_surfs2" in "/work_dir/fmriprep_24_0_wf/sub_36_wf/anat_fit_wf/gifti_surface_wf/fix_surfs/mapflow/_fix_surfs2".
250329-14:45:19,23 nipype.workflow INFO:
	 [Node] Executing "_fix_surfs2" <smriprep.interfaces.surf.NormalizeSurf>
250329-14:45:19,549 nipype.workflow INFO:
	 [Node] Finished "_fix_surfs0", elapsed time 0.666368s.
250329-14:45:19,980 nipype.workflow INFO:
	 [Node] Finished "_fix_surfs1", elapsed time 1.097769s.
250329-14:45:20,178 nipype.workflow INFO:
	 [Node] Finished "_morphs2gii2", elapsed time 1.30372s.
250329-14:45:20,193 nipype.workflow INFO:
	 [Node] Finished "_fix_surfs2", elapsed time 1.169766s.
250329-14:45:20,710 nipype.workflow INFO:
	 [Node] Finished "_morphs2gii3", elapsed time 1.8326120000000001s.
250329-14:45:20,869 nipype.workflow INFO:
	 [Node] Setting-up "_fix_surfs3" in "/work_dir/fmriprep_24_0_wf/sub_36_wf/anat_fit_wf/gifti_surface_wf/fix_surfs/mapflow/_fix_surfs3".
250329-14:45:20,871 nipype.workflow INFO:
	 [Node] Executing "_fix_surfs3" <smriprep.interfaces.surf.NormalizeSurf>
250329-14:45:20,872 nipype.workflow INFO:
	 [Node] Setting-up "_fix_surfs5" in "/work_dir/fmriprep_24_0_wf/sub_36_wf/anat_fit_wf/gifti_surface_wf/fix_surfs/mapflow/_fix_surfs5".
250329-14:45:20,874 nipype.workflow INFO:
	 [Node] Executing "_fix_surfs5" <smriprep.interfaces.surf.NormalizeSurf>
250329-14:45:20,932 nipype.workflow INFO:
	 [Node] Setting-up "_fix_surfs4" in "/work_dir/fmriprep_24_0_wf/sub_36_wf/anat_fit_wf/gifti_surface_wf/fix_surfs/mapflow/_fix_surfs4".
250329-14:45:20,934 nipype.workflow INFO:
	 [Node] Executing "_fix_surfs4" <smriprep.interfaces.surf.NormalizeSurf>
250329-14:45:21,528 nipype.workflow INFO:
	 [Node] Finished "_fix_surfs5", elapsed time 0.653741s.
250329-14:45:21,535 nipype.workflow INFO:
	 [Node] Finished "_fix_surfs3", elapsed time 0.662637s.
250329-14:45:21,618 nipype.workflow INFO:
	 [Node] Finished "_fix_surfs4", elapsed time 0.68313s.
250329-14:45:22,873 nipype.workflow INFO:
	 [Node] Setting-up "_fix_surfs0" in "/work_dir/fmriprep_24_0_wf/sub_36_wf/anat_fit_wf/gifti_spheres_wf/fix_surfs/mapflow/_fix_surfs0".
250329-14:45:22,874 nipype.workflow INFO:
	 [Node] Executing "_fix_surfs0" <smriprep.interfaces.surf.NormalizeSurf>
250329-14:45:22,878 nipype.workflow INFO:
	 [Node] Setting-up "_fix_surfs1" in "/work_dir/fmriprep_24_0_wf/sub_36_wf/anat_fit_wf/gifti_spheres_wf/fix_surfs/mapflow/_fix_surfs1".
250329-14:45:22,879 nipype.workflow INFO:
	 [Node] Executing "_fix_surfs1" <smriprep.interfaces.surf.NormalizeSurf>
250329-14:45:22,882 nipype.workflow INFO:
	 [Node] Setting-up "_fix_surfs0" in "/work_dir/fmriprep_24_0_wf/sub_36_wf/anat_fit_wf/gifti_surface_wf/fix_surfs/mapflow/_fix_surfs0".
250329-14:45:22,882 nipype.workflow INFO:
	 [Node] Cached "_fix_surfs0" - collecting precomputed outputs
250329-14:45:22,883 nipype.workflow INFO:
	 [Node] "_fix_surfs0" found cached.
250329-14:45:22,883 nipype.workflow INFO:
	 [Node] Setting-up "_fix_surfs1" in "/work_dir/fmriprep_24_0_wf/sub_36_wf/anat_fit_wf/gifti_surface_wf/fix_surfs/mapflow/_fix_surfs1".
250329-14:45:22,884 nipype.workflow INFO:
	 [Node] Cached "_fix_surfs1" - collecting precomputed outputs
250329-14:45:22,884 nipype.workflow INFO:
	 [Node] "_fix_surfs1" found cached.
250329-14:45:22,885 nipype.workflow INFO:
	 [Node] Setting-up "_fix_surfs2" in "/work_dir/fmriprep_24_0_wf/sub_36_wf/anat_fit_wf/gifti_surface_wf/fix_surfs/mapflow/_fix_surfs2".
250329-14:45:22,885 nipype.workflow INFO:
	 [Node] Cached "_fix_surfs2" - collecting precomputed outputs
250329-14:45:22,885 nipype.workflow INFO:
	 [Node] "_fix_surfs2" found cached.
250329-14:45:22,886 nipype.workflow INFO:
	 [Node] Setting-up "_fix_surfs3" in "/work_dir/fmriprep_24_0_wf/sub_36_wf/anat_fit_wf/gifti_surface_wf/fix_surfs/mapflow/_fix_surfs3".
250329-14:45:22,887 nipype.workflow INFO:
	 [Node] Cached "_fix_surfs3" - collecting precomputed outputs
250329-14:45:22,887 nipype.workflow INFO:
	 [Node] "_fix_surfs3" found cached.
250329-14:45:22,887 nipype.workflow INFO:
	 [Node] Setting-up "_fix_surfs4" in "/work_dir/fmriprep_24_0_wf/sub_36_wf/anat_fit_wf/gifti_surface_wf/fix_surfs/mapflow/_fix_surfs4".
250329-14:45:22,888 nipype.workflow INFO:
	 [Node] Cached "_fix_surfs4" - collecting precomputed outputs
250329-14:45:22,888 nipype.workflow INFO:
	 [Node] "_fix_surfs4" found cached.
250329-14:45:22,889 nipype.workflow INFO:
	 [Node] Setting-up "_fix_surfs5" in "/work_dir/fmriprep_24_0_wf/sub_36_wf/anat_fit_wf/gifti_surface_wf/fix_surfs/mapflow/_fix_surfs5".
250329-14:45:22,889 nipype.workflow INFO:
	 [Node] Cached "_fix_surfs5" - collecting precomputed outputs
250329-14:45:22,889 nipype.workflow INFO:
	 [Node] "_fix_surfs5" found cached.
250329-14:45:22,992 nipype.workflow INFO:
	 [Node] Setting-up "_fix_surfs2" in "/work_dir/fmriprep_24_0_wf/sub_36_wf/anat_fit_wf/gifti_spheres_wf/fix_surfs/mapflow/_fix_surfs2".
250329-14:45:22,993 nipype.workflow INFO:
	 [Node] Executing "_fix_surfs2" <smriprep.interfaces.surf.NormalizeSurf>
250329-14:45:23,298 nipype.workflow INFO:
	 [Node] Setting-up "_fix_surfs3" in "/work_dir/fmriprep_24_0_wf/sub_36_wf/anat_fit_wf/gifti_spheres_wf/fix_surfs/mapflow/_fix_surfs3".
250329-14:45:23,299 nipype.workflow INFO:
	 [Node] Executing "_fix_surfs3" <smriprep.interfaces.surf.NormalizeSurf>
250329-14:45:23,544 nipype.workflow INFO:
	 [Node] Finished "_fix_surfs1", elapsed time 0.664421s.
250329-14:45:23,625 nipype.workflow INFO:
	 [Node] Finished "_fix_surfs0", elapsed time 0.749684s.
250329-14:45:24,33 nipype.workflow INFO:
	 [Node] Finished "_fix_surfs2", elapsed time 1.039526s.
250329-14:45:24,137 nipype.workflow INFO:
	 [Node] Finished "_fix_surfs3", elapsed time 0.8364s.
250329-14:45:24,225 nipype.workflow INFO:
	 [Node] Setting-up "_morphs2gii0" in "/work_dir/fmriprep_24_0_wf/sub_36_wf/anat_fit_wf/gifti_morphometrics_wf/morphs2gii/mapflow/_morphs2gii0".
250329-14:45:24,226 nipype.workflow INFO:
	 [Node] Cached "_morphs2gii0" - collecting precomputed outputs
250329-14:45:24,226 nipype.workflow INFO:
	 [Node] "_morphs2gii0" found cached.
250329-14:45:24,227 nipype.workflow INFO:
	 [Node] Setting-up "_morphs2gii1" in "/work_dir/fmriprep_24_0_wf/sub_36_wf/anat_fit_wf/gifti_morphometrics_wf/morphs2gii/mapflow/_morphs2gii1".
250329-14:45:24,228 nipype.workflow INFO:
	 [Node] Cached "_morphs2gii1" - collecting precomputed outputs
250329-14:45:24,228 nipype.workflow INFO:
	 [Node] "_morphs2gii1" found cached.
250329-14:45:24,229 nipype.workflow INFO:
	 [Node] Setting-up "_morphs2gii2" in "/work_dir/fmriprep_24_0_wf/sub_36_wf/anat_fit_wf/gifti_morphometrics_wf/morphs2gii/mapflow/_morphs2gii2".
250329-14:45:24,230 nipype.workflow INFO:
	 [Node] Cached "_morphs2gii2" - collecting precomputed outputs
250329-14:45:24,230 nipype.workflow INFO:
	 [Node] "_morphs2gii2" found cached.
250329-14:45:24,231 nipype.workflow INFO:
	 [Node] Setting-up "_morphs2gii3" in "/work_dir/fmriprep_24_0_wf/sub_36_wf/anat_fit_wf/gifti_morphometrics_wf/morphs2gii/mapflow/_morphs2gii3".
250329-14:45:24,232 nipype.workflow INFO:
	 [Node] Cached "_morphs2gii3" - collecting precomputed outputs
250329-14:45:24,232 nipype.workflow INFO:
	 [Node] "_morphs2gii3" found cached.
250329-14:45:24,994 nipype.workflow INFO:
	 [Node] Setting-up "_fix_surfs0" in "/work_dir/fmriprep_24_0_wf/sub_36_wf/anat_fit_wf/gifti_spheres_wf/fix_surfs/mapflow/_fix_surfs0".
250329-14:45:24,995 nipype.workflow INFO:
	 [Node] Cached "_fix_surfs0" - collecting precomputed outputs
250329-14:45:24,995 nipype.workflow INFO:
	 [Node] "_fix_surfs0" found cached.
250329-14:45:24,996 nipype.workflow INFO:
	 [Node] Setting-up "_fix_surfs1" in "/work_dir/fmriprep_24_0_wf/sub_36_wf/anat_fit_wf/gifti_spheres_wf/fix_surfs/mapflow/_fix_surfs1".
250329-14:45:24,996 nipype.workflow INFO:
	 [Node] Cached "_fix_surfs1" - collecting precomputed outputs
250329-14:45:24,997 nipype.workflow INFO:
	 [Node] "_fix_surfs1" found cached.
250329-14:45:24,997 nipype.workflow INFO:
	 [Node] Setting-up "_fix_surfs2" in "/work_dir/fmriprep_24_0_wf/sub_36_wf/anat_fit_wf/gifti_spheres_wf/fix_surfs/mapflow/_fix_surfs2".
250329-14:45:24,998 nipype.workflow INFO:
	 [Node] Cached "_fix_surfs2" - collecting precomputed outputs
250329-14:45:24,998 nipype.workflow INFO:
	 [Node] "_fix_surfs2" found cached.
250329-14:45:24,998 nipype.workflow INFO:
	 [Node] Setting-up "_fix_surfs3" in "/work_dir/fmriprep_24_0_wf/sub_36_wf/anat_fit_wf/gifti_spheres_wf/fix_surfs/mapflow/_fix_surfs3".
250329-14:45:24,999 nipype.workflow INFO:
	 [Node] Cached "_fix_surfs3" - collecting precomputed outputs
250329-14:45:24,999 nipype.workflow INFO:
	 [Node] "_fix_surfs3" found cached.
250329-14:45:28,226 nipype.workflow INFO:
	 [Node] Finished "recon_report", elapsed time 22.792166s.
250329-14:45:29,850 nipype.workflow INFO:
	 [Node] Setting-up "_invert_sulc0" in "/work_dir/fmriprep_24_0_wf/sub_36_wf/anat_fit_wf/msm_sulc_wf/invert_sulc/mapflow/_invert_sulc0".
250329-14:45:29,850 nipype.workflow INFO:
	 [Node] Setting-up "_invert_sulc1" in "/work_dir/fmriprep_24_0_wf/sub_36_wf/anat_fit_wf/msm_sulc_wf/invert_sulc/mapflow/_invert_sulc1".
250329-14:45:29,851 nipype.workflow INFO:
	 [Node] Executing "_invert_sulc0" <smriprep.interfaces.gifti.MetricMath>
250329-14:45:29,852 nipype.workflow INFO:
	 [Node] Executing "_invert_sulc1" <smriprep.interfaces.gifti.MetricMath>
250329-14:45:29,892 nipype.workflow INFO:
	 [Node] Finished "_invert_sulc0", elapsed time 0.040017s.
250329-14:45:29,893 nipype.workflow INFO:
	 [Node] Finished "_invert_sulc1", elapsed time 0.040257s.
250329-14:45:31,441 nipype.workflow INFO:
	 [Node] Setting-up "_create_wm_distvol0" in "/work_dir/fmriprep_24_0_wf/sub_36_wf/anat_fit_wf/anat_ribbon_wf/create_wm_distvol/mapflow/_create_wm_distvol0".
250329-14:45:31,443 nipype.workflow INFO:
	 [Node] Setting-up "_create_pial_distvol0" in "/work_dir/fmriprep_24_0_wf/sub_36_wf/anat_fit_wf/anat_ribbon_wf/create_pial_distvol/mapflow/_create_pial_distvol0".
250329-14:45:31,445 nipype.workflow INFO:
	 [Node] Executing "_create_pial_distvol0" <smriprep.interfaces.workbench.CreateSignedDistanceVolume>
250329-14:45:31,447 nipype.workflow INFO:
	 [Node] Setting-up "_create_pial_distvol1" in "/work_dir/fmriprep_24_0_wf/sub_36_wf/anat_fit_wf/anat_ribbon_wf/create_pial_distvol/mapflow/_create_pial_distvol1".
250329-14:45:31,447 nipype.workflow INFO:
	 [Node] Executing "_create_wm_distvol0" <smriprep.interfaces.workbench.CreateSignedDistanceVolume>
250329-14:45:31,448 nipype.workflow INFO:
	 [Node] Executing "_create_pial_distvol1" <smriprep.interfaces.workbench.CreateSignedDistanceVolume>
250329-14:45:31,449 nipype.workflow INFO:
	 [Node] Setting-up "_create_wm_distvol1" in "/work_dir/fmriprep_24_0_wf/sub_36_wf/anat_fit_wf/anat_ribbon_wf/create_wm_distvol/mapflow/_create_wm_distvol1".
250329-14:45:31,451 nipype.workflow INFO:
	 [Node] Executing "_create_wm_distvol1" <smriprep.interfaces.workbench.CreateSignedDistanceVolume>
250329-14:45:32,152 nipype.workflow INFO:
	 [Node] Setting-up "_invert_sulc0" in "/work_dir/fmriprep_24_0_wf/sub_36_wf/anat_fit_wf/msm_sulc_wf/invert_sulc/mapflow/_invert_sulc0".
250329-14:45:32,153 nipype.workflow INFO:
	 [Node] Cached "_invert_sulc0" - collecting precomputed outputs
250329-14:45:32,153 nipype.workflow INFO:
	 [Node] "_invert_sulc0" found cached.
250329-14:45:32,154 nipype.workflow INFO:
	 [Node] Setting-up "_invert_sulc1" in "/work_dir/fmriprep_24_0_wf/sub_36_wf/anat_fit_wf/msm_sulc_wf/invert_sulc/mapflow/_invert_sulc1".
250329-14:45:32,154 nipype.workflow INFO:
	 [Node] Cached "_invert_sulc1" - collecting precomputed outputs
250329-14:45:32,154 nipype.workflow INFO:
	 [Node] "_invert_sulc1" found cached.
250329-14:45:35,943 nipype.workflow INFO:
	 [Node] Setting-up "_project_unproject0" in "/work_dir/fmriprep_24_0_wf/sub_36_wf/anat_fit_wf/fsLR_reg_wf/project_unproject/mapflow/_project_unproject0".
250329-14:45:35,945 nipype.workflow INFO:
	 [Node] Executing "_project_unproject0" <smriprep.interfaces.workbench.SurfaceSphereProjectUnproject>
250329-14:45:35,946 nipype.workflow INFO:
	 [Node] Setting-up "_project_unproject1" in "/work_dir/fmriprep_24_0_wf/sub_36_wf/anat_fit_wf/fsLR_reg_wf/project_unproject/mapflow/_project_unproject1".
250329-14:45:35,948 nipype.workflow INFO:
	 [Node] Executing "_project_unproject1" <smriprep.interfaces.workbench.SurfaceSphereProjectUnproject>
250329-14:45:41,367 nipype.workflow INFO:
	 [Node] Finished "_project_unproject1", elapsed time 4.905037s.
250329-14:45:42,941 nipype.workflow INFO:
	 [Node] Finished "_project_unproject0", elapsed time 6.433831s.
250329-14:45:44,321 nipype.workflow INFO:
	 [Node] Setting-up "_project_unproject0" in "/work_dir/fmriprep_24_0_wf/sub_36_wf/anat_fit_wf/fsLR_reg_wf/project_unproject/mapflow/_project_unproject0".
250329-14:45:44,321 nipype.workflow INFO:
	 [Node] Cached "_project_unproject0" - collecting precomputed outputs
250329-14:45:44,322 nipype.workflow INFO:
	 [Node] "_project_unproject0" found cached.
250329-14:45:44,322 nipype.workflow INFO:
	 [Node] Setting-up "_project_unproject1" in "/work_dir/fmriprep_24_0_wf/sub_36_wf/anat_fit_wf/fsLR_reg_wf/project_unproject/mapflow/_project_unproject1".
250329-14:45:44,323 nipype.workflow INFO:
	 [Node] Cached "_project_unproject1" - collecting precomputed outputs
250329-14:45:44,323 nipype.workflow INFO:
	 [Node] "_project_unproject1" found cached.
250329-14:45:54,721 nipype.workflow INFO:
	 [Node] Setting-up "_regress_affine0" in "/work_dir/fmriprep_24_0_wf/sub_36_wf/anat_fit_wf/msm_sulc_wf/regress_affine/mapflow/_regress_affine0".
250329-14:45:54,723 nipype.workflow INFO:
	 [Node] Executing "_regress_affine0" <smriprep.interfaces.workbench.SurfaceAffineRegression>
250329-14:45:54,731 nipype.workflow INFO:
	 [Node] Setting-up "_regress_affine1" in "/work_dir/fmriprep_24_0_wf/sub_36_wf/anat_fit_wf/msm_sulc_wf/regress_affine/mapflow/_regress_affine1".
250329-14:45:54,733 nipype.workflow INFO:
	 [Node] Executing "_regress_affine1" <smriprep.interfaces.workbench.SurfaceAffineRegression>
250329-14:45:57,570 nipype.workflow INFO:
	 [Node] Finished "_regress_affine0", elapsed time 2.057108s.
250329-14:45:57,965 nipype.workflow INFO:
	 [Node] Finished "_regress_affine1", elapsed time 2.273988s.
250329-14:46:00,734 nipype.workflow INFO:
	 [Node] Setting-up "_regress_affine0" in "/work_dir/fmriprep_24_0_wf/sub_36_wf/anat_fit_wf/msm_sulc_wf/regress_affine/mapflow/_regress_affine0".
250329-14:46:00,734 nipype.workflow INFO:
	 [Node] Cached "_regress_affine0" - collecting precomputed outputs
250329-14:46:00,734 nipype.workflow INFO:
	 [Node] "_regress_affine0" found cached.
250329-14:46:00,735 nipype.workflow INFO:
	 [Node] Setting-up "_regress_affine1" in "/work_dir/fmriprep_24_0_wf/sub_36_wf/anat_fit_wf/msm_sulc_wf/regress_affine/mapflow/_regress_affine1".
250329-14:46:00,736 nipype.workflow INFO:
	 [Node] Cached "_regress_affine1" - collecting precomputed outputs
250329-14:46:00,736 nipype.workflow INFO:
	 [Node] "_regress_affine1" found cached.
250329-14:46:04,700 nipype.workflow INFO:
	 [Node] Setting-up "_apply_surface_affine0" in "/work_dir/fmriprep_24_0_wf/sub_36_wf/anat_fit_wf/msm_sulc_wf/apply_surface_affine/mapflow/_apply_surface_affine0".
250329-14:46:04,702 nipype.workflow INFO:
	 [Node] Executing "_apply_surface_affine0" <smriprep.interfaces.workbench.SurfaceApplyAffine>
250329-14:46:04,712 nipype.workflow INFO:
	 [Node] Setting-up "_apply_surface_affine1" in "/work_dir/fmriprep_24_0_wf/sub_36_wf/anat_fit_wf/msm_sulc_wf/apply_surface_affine/mapflow/_apply_surface_affine1".
250329-14:46:04,714 nipype.workflow INFO:
	 [Node] Executing "_apply_surface_affine1" <smriprep.interfaces.workbench.SurfaceApplyAffine>
250329-14:46:09,545 nipype.workflow INFO:
	 [Node] Finished "_apply_surface_affine1", elapsed time 3.961551s.
250329-14:46:09,842 nipype.workflow INFO:
	 [Node] Finished "_apply_surface_affine0", elapsed time 4.341957s.
250329-14:46:10,703 nipype.workflow INFO:
	 [Node] Setting-up "_apply_surface_affine0" in "/work_dir/fmriprep_24_0_wf/sub_36_wf/anat_fit_wf/msm_sulc_wf/apply_surface_affine/mapflow/_apply_surface_affine0".
250329-14:46:10,704 nipype.workflow INFO:
	 [Node] Cached "_apply_surface_affine0" - collecting precomputed outputs
250329-14:46:10,704 nipype.workflow INFO:
	 [Node] "_apply_surface_affine0" found cached.
250329-14:46:10,704 nipype.workflow INFO:
	 [Node] Setting-up "_apply_surface_affine1" in "/work_dir/fmriprep_24_0_wf/sub_36_wf/anat_fit_wf/msm_sulc_wf/apply_surface_affine/mapflow/_apply_surface_affine1".
250329-14:46:10,705 nipype.workflow INFO:
	 [Node] Cached "_apply_surface_affine1" - collecting precomputed outputs
250329-14:46:10,705 nipype.workflow INFO:
	 [Node] "_apply_surface_affine1" found cached.
250329-14:46:13,381 nipype.workflow INFO:
	 [Node] Finished "mri_coreg", elapsed time 68.454798s.
250329-14:46:14,574 nipype.workflow INFO:
	 [Node] Setting-up "fmriprep_24_0_wf.sub_36_wf.bold_task_bird_run_4_wf.bold_fit_wf.bold_reg_wf.bbreg_wf.mri_coreg" in "/work_dir/fmriprep_24_0_wf/sub_36_wf/bold_task_bird_run_4_wf/bold_fit_wf/bold_reg_wf/bbreg_wf/mri_coreg".
250329-14:46:14,577 nipype.workflow INFO:
	 [Node] Executing "mri_coreg" <fmriprep.interfaces.patches.MRICoreg>
250329-14:46:14,586 nipype.workflow INFO:
	 [Node] Setting-up "_modify_sphere0" in "/work_dir/fmriprep_24_0_wf/sub_36_wf/anat_fit_wf/msm_sulc_wf/modify_sphere/mapflow/_modify_sphere0".
250329-14:46:14,586 nipype.workflow INFO:
	 [Node] Setting-up "_modify_sphere1" in "/work_dir/fmriprep_24_0_wf/sub_36_wf/anat_fit_wf/msm_sulc_wf/modify_sphere/mapflow/_modify_sphere1".
250329-14:46:14,587 nipype.workflow INFO:
	 [Node] Executing "_modify_sphere0" <smriprep.interfaces.workbench.SurfaceModifySphere>
250329-14:46:14,588 nipype.workflow INFO:
	 [Node] Executing "_modify_sphere1" <smriprep.interfaces.workbench.SurfaceModifySphere>
250329-14:46:14,787 nipype.workflow INFO:
	 [Node] Setting-up "fmriprep_24_0_wf.sub_36_wf.bold_task_bird_run_3_wf.bold_fit_wf.bold_reg_wf.bbreg_wf.bbregister" in "/work_dir/fmriprep_24_0_wf/sub_36_wf/bold_task_bird_run_3_wf/bold_fit_wf/bold_reg_wf/bbreg_wf/bbregister".
250329-14:46:14,813 nipype.workflow INFO:
	 [Node] Executing "bbregister" <nipype.interfaces.freesurfer.preprocess.BBRegister>
250329-14:46:18,383 nipype.workflow INFO:
	 [Node] Finished "_modify_sphere0", elapsed time 3.143301s.
250329-14:46:18,395 nipype.workflow INFO:
	 [Node] Finished "_modify_sphere1", elapsed time 3.08683s.
250329-14:46:18,477 nipype.workflow INFO:
	 [Node] Finished "mri_coreg", elapsed time 73.607854s.
250329-14:46:20,529 nipype.workflow INFO:
	 [Node] Setting-up "_modify_sphere0" in "/work_dir/fmriprep_24_0_wf/sub_36_wf/anat_fit_wf/msm_sulc_wf/modify_sphere/mapflow/_modify_sphere0".
250329-14:46:20,530 nipype.workflow INFO:
	 [Node] Cached "_modify_sphere0" - collecting precomputed outputs
250329-14:46:20,530 nipype.workflow INFO:
	 [Node] "_modify_sphere0" found cached.
250329-14:46:20,531 nipype.workflow INFO:
	 [Node] Setting-up "_modify_sphere1" in "/work_dir/fmriprep_24_0_wf/sub_36_wf/anat_fit_wf/msm_sulc_wf/modify_sphere/mapflow/_modify_sphere1".
250329-14:46:20,531 nipype.workflow INFO:
	 [Node] Cached "_modify_sphere1" - collecting precomputed outputs
250329-14:46:20,531 nipype.workflow INFO:
	 [Node] "_modify_sphere1" found cached.
250329-14:46:20,625 nipype.workflow INFO:
	 [Node] Setting-up "fmriprep_24_0_wf.sub_36_wf.bold_task_bird_run_5_wf.bold_fit_wf.bold_reg_wf.bbreg_wf.mri_coreg" in "/work_dir/fmriprep_24_0_wf/sub_36_wf/bold_task_bird_run_5_wf/bold_fit_wf/bold_reg_wf/bbreg_wf/mri_coreg".
250329-14:46:20,629 nipype.workflow INFO:
	 [Node] Executing "mri_coreg" <fmriprep.interfaces.patches.MRICoreg>
250329-14:46:20,651 nipype.workflow INFO:
	 [Node] Setting-up "fmriprep_24_0_wf.sub_36_wf.bold_task_bird_run_1_wf.bold_fit_wf.bold_reg_wf.bbreg_wf.bbregister" in "/work_dir/fmriprep_24_0_wf/sub_36_wf/bold_task_bird_run_1_wf/bold_fit_wf/bold_reg_wf/bbreg_wf/bbregister".
250329-14:46:20,660 nipype.workflow INFO:
	 [Node] Executing "bbregister" <nipype.interfaces.freesurfer.preprocess.BBRegister>
250329-14:46:20,792 nipype.workflow INFO:
	 [Node] Finished "mri_coreg", elapsed time 75.864639s.
250329-14:46:22,337 nipype.workflow INFO:
	 [Node] Setting-up "fmriprep_24_0_wf.sub_36_wf.bold_task_bird_run_6_wf.bold_fit_wf.bold_reg_wf.bbreg_wf.mri_coreg" in "/work_dir/fmriprep_24_0_wf/sub_36_wf/bold_task_bird_run_6_wf/bold_fit_wf/bold_reg_wf/bbreg_wf/mri_coreg".
250329-14:46:22,340 nipype.workflow INFO:
	 [Node] Executing "mri_coreg" <fmriprep.interfaces.patches.MRICoreg>
250329-14:46:22,344 nipype.workflow INFO:
	 [Node] Setting-up "fmriprep_24_0_wf.sub_36_wf.bold_task_bird_run_2_wf.bold_fit_wf.bold_reg_wf.bbreg_wf.bbregister" in "/work_dir/fmriprep_24_0_wf/sub_36_wf/bold_task_bird_run_2_wf/bold_fit_wf/bold_reg_wf/bbreg_wf/bbregister".
250329-14:46:22,353 nipype.workflow INFO:
	 [Node] Executing "bbregister" <nipype.interfaces.freesurfer.preprocess.BBRegister>
250329-14:46:32,38 nipype.workflow INFO:
	 [Node] Finished "refine", elapsed time 78.533407s.
250329-14:46:34,335 nipype.workflow INFO:
	 [Node] Setting-up "fmriprep_24_0_wf.sub_36_wf.anat_fit_wf.applyrefined" in "/work_dir/fmriprep_24_0_wf/sub_36_wf/anat_fit_wf/applyrefined".
250329-14:46:34,338 nipype.workflow INFO:
	 [Node] Executing "applyrefined" <nipype.interfaces.fsl.maths.ApplyMask>
250329-14:46:37,773 nipype.workflow INFO:
	 [Node] Finished "applyrefined", elapsed time 3.433712s.
250329-14:46:39,634 nipype.workflow INFO:
	 [Node] Setting-up "fmriprep_24_0_wf.sub_36_wf.anat_fit_wf.fast" in "/work_dir/fmriprep_24_0_wf/sub_36_wf/anat_fit_wf/fast".
250329-14:46:39,637 nipype.workflow INFO:
	 [Node] Executing "fast" <nipype.interfaces.fsl.preprocess.FAST>
250329-14:47:07,7 nipype.workflow INFO:
	 [Node] Finished "bbregister", elapsed time 46.345961s.
250329-14:47:08,548 nipype.workflow INFO:
	 [Node] Setting-up "fmriprep_24_0_wf.sub_36_wf.bold_task_bird_run_1_wf.bold_anat_wf.gen_ref" in "/work_dir/fmriprep_24_0_wf/sub_36_wf/bold_task_bird_run_1_wf/bold_anat_wf/gen_ref".
250329-14:47:08,552 nipype.workflow INFO:
	 [Node] Executing "gen_ref" <niworkflows.interfaces.nibabel.GenerateSamplingReference>
250329-14:47:12,628 nipype.workflow INFO:
	 [Node] Finished "bbregister", elapsed time 57.814127s.
250329-14:47:14,967 nipype.workflow INFO:
	 [Node] Finished "bbregister", elapsed time 52.612658s.
250329-14:47:15,120 nipype.workflow INFO:
	 [Node] Setting-up "fmriprep_24_0_wf.sub_36_wf.bold_task_bird_run_1_wf.bold_fit_wf.bold_reg_wf.bbreg_wf.compare_transforms" in "/work_dir/fmriprep_24_0_wf/sub_36_wf/bold_task_bird_run_1_wf/bold_fit_wf/bold_reg_wf/bbreg_wf/compare_transforms".
250329-14:47:15,122 nipype.workflow INFO:
	 [Node] Executing "compare_transforms" <nipype.interfaces.utility.wrappers.Function>
250329-14:47:15,133 nipype.workflow INFO:
	 [Node] Finished "compare_transforms", elapsed time 0.009883s.
250329-14:47:15,673 nipype.workflow INFO:
	 [Node] Finished "gen_ref", elapsed time 7.120161s.
250329-14:47:16,771 nipype.workflow INFO:
	 [Node] Finished "_create_wm_distvol0", elapsed time 104.90603s.
250329-14:47:16,948 nipype.workflow INFO:
	 [Node] Setting-up "fmriprep_24_0_wf.sub_36_wf.bold_task_bird_run_3_wf.bold_fit_wf.bold_reg_wf.bbreg_wf.compare_transforms" in "/work_dir/fmriprep_24_0_wf/sub_36_wf/bold_task_bird_run_3_wf/bold_fit_wf/bold_reg_wf/bbreg_wf/compare_transforms".
250329-14:47:16,951 nipype.workflow INFO:
	 [Node] Executing "compare_transforms" <nipype.interfaces.utility.wrappers.Function>
250329-14:47:16,970 nipype.workflow INFO:
	 [Node] Finished "compare_transforms", elapsed time 0.018894s.
250329-14:47:17,668 nipype.workflow INFO:
	 [Node] Setting-up "fmriprep_24_0_wf.sub_36_wf.bold_task_bird_run_2_wf.bold_anat_wf.gen_ref" in "/work_dir/fmriprep_24_0_wf/sub_36_wf/bold_task_bird_run_2_wf/bold_anat_wf/gen_ref".
250329-14:47:17,672 nipype.workflow INFO:
	 [Node] Executing "gen_ref" <niworkflows.interfaces.nibabel.GenerateSamplingReference>
250329-14:47:17,682 nipype.workflow INFO:
	 [Node] Setting-up "fmriprep_24_0_wf.sub_36_wf.bold_task_bird_run_3_wf.bold_anat_wf.gen_ref" in "/work_dir/fmriprep_24_0_wf/sub_36_wf/bold_task_bird_run_3_wf/bold_anat_wf/gen_ref".
250329-14:47:17,685 nipype.workflow INFO:
	 [Node] Executing "gen_ref" <niworkflows.interfaces.nibabel.GenerateSamplingReference>
250329-14:47:18,340 nipype.workflow INFO:
	 [Node] Setting-up "fmriprep_24_0_wf.sub_36_wf.bold_task_bird_run_2_wf.bold_fit_wf.bold_reg_wf.bbreg_wf.compare_transforms" in "/work_dir/fmriprep_24_0_wf/sub_36_wf/bold_task_bird_run_2_wf/bold_fit_wf/bold_reg_wf/bbreg_wf/compare_transforms".
250329-14:47:18,342 nipype.workflow INFO:
	 [Node] Executing "compare_transforms" <nipype.interfaces.utility.wrappers.Function>
250329-14:47:18,352 nipype.workflow INFO:
	 [Node] Finished "compare_transforms", elapsed time 0.00929s.
250329-14:47:19,120 nipype.workflow INFO:
	 [Node] Setting-up "fmriprep_24_0_wf.sub_36_wf.bold_task_bird_run_4_wf.bold_anat_wf.gen_ref" in "/work_dir/fmriprep_24_0_wf/sub_36_wf/bold_task_bird_run_4_wf/bold_anat_wf/gen_ref".
250329-14:47:19,123 nipype.workflow INFO:
	 [Node] Executing "gen_ref" <niworkflows.interfaces.nibabel.GenerateSamplingReference>
250329-14:47:21,726 nipype.workflow INFO:
	 [Node] Setting-up "fmriprep_24_0_wf.sub_36_wf.bold_task_bird_run_5_wf.bold_anat_wf.gen_ref" in "/work_dir/fmriprep_24_0_wf/sub_36_wf/bold_task_bird_run_5_wf/bold_anat_wf/gen_ref".
250329-14:47:21,729 nipype.workflow INFO:
	 [Node] Executing "gen_ref" <niworkflows.interfaces.nibabel.GenerateSamplingReference>
250329-14:47:22,455 nipype.workflow INFO:
	 [Node] Finished "_create_wm_distvol1", elapsed time 110.554838s.
250329-14:47:24,719 nipype.workflow INFO:
	 [Node] Setting-up "_create_wm_distvol0" in "/work_dir/fmriprep_24_0_wf/sub_36_wf/anat_fit_wf/anat_ribbon_wf/create_wm_distvol/mapflow/_create_wm_distvol0".
250329-14:47:24,720 nipype.workflow INFO:
	 [Node] Cached "_create_wm_distvol0" - collecting precomputed outputs
250329-14:47:24,720 nipype.workflow INFO:
	 [Node] "_create_wm_distvol0" found cached.
250329-14:47:24,721 nipype.workflow INFO:
	 [Node] Setting-up "_create_wm_distvol1" in "/work_dir/fmriprep_24_0_wf/sub_36_wf/anat_fit_wf/anat_ribbon_wf/create_wm_distvol/mapflow/_create_wm_distvol1".
250329-14:47:24,722 nipype.workflow INFO:
	 [Node] Cached "_create_wm_distvol1" - collecting precomputed outputs
250329-14:47:24,722 nipype.workflow INFO:
	 [Node] "_create_wm_distvol1" found cached.
250329-14:47:26,716 nipype.workflow INFO:
	 [Node] Setting-up "fmriprep_24_0_wf.sub_36_wf.bold_task_bird_run_6_wf.bold_anat_wf.gen_ref" in "/work_dir/fmriprep_24_0_wf/sub_36_wf/bold_task_bird_run_6_wf/bold_anat_wf/gen_ref".
250329-14:47:26,719 nipype.workflow INFO:
	 [Node] Executing "gen_ref" <niworkflows.interfaces.nibabel.GenerateSamplingReference>
250329-14:47:32,398 nipype.workflow INFO:
	 [Node] Finished "gen_ref", elapsed time 14.725752s.
250329-14:47:34,584 nipype.workflow INFO:
	 [Node] Finished "gen_ref", elapsed time 16.897573s.
250329-14:47:37,564 nipype.workflow INFO:
	 [Node] Finished "mri_coreg", elapsed time 76.933885s.
250329-14:47:37,569 nipype.workflow INFO:
	 [Node] Finished "gen_ref", elapsed time 15.83889s.
250329-14:47:37,603 nipype.workflow INFO:
	 [Node] Finished "gen_ref", elapsed time 18.478902s.
250329-14:47:38,799 nipype.workflow INFO:
	 [Node] Setting-up "_msmsulc0" in "/work_dir/fmriprep_24_0_wf/sub_36_wf/anat_fit_wf/msm_sulc_wf/msmsulc/mapflow/_msmsulc0".
250329-14:47:38,801 nipype.workflow INFO:
	 [Node] Executing "_msmsulc0" <smriprep.interfaces.msm.MSM>
250329-14:47:39,299 nipype.workflow INFO:
	 [Node] Setting-up "fmriprep_24_0_wf.sub_36_wf.bold_task_bird_run_5_wf.bold_fit_wf.bold_reg_wf.bbreg_wf.bbregister" in "/work_dir/fmriprep_24_0_wf/sub_36_wf/bold_task_bird_run_5_wf/bold_fit_wf/bold_reg_wf/bbreg_wf/bbregister".
250329-14:47:39,304 nipype.workflow INFO:
	 [Node] Executing "bbregister" <nipype.interfaces.freesurfer.preprocess.BBRegister>
250329-14:47:39,307 nipype.workflow INFO:
	 [Node] Setting-up "fmriprep_24_0_wf.sub_36_wf.anat_fit_wf.register_template_wf.registration" in "/work_dir/fmriprep_24_0_wf/sub_36_wf/anat_fit_wf/register_template_wf/_template_MNI152NLin2009cAsym/registration".
250329-14:47:39,312 nipype.workflow INFO:
	 [Node] Setting-up "fmriprep_24_0_wf.sub_36_wf.bold_task_bird_run_1_wf.bold_fit_wf.bold_reg_wf.bbreg_wf.concat_xfm" in "/work_dir/fmriprep_24_0_wf/sub_36_wf/bold_task_bird_run_1_wf/bold_fit_wf/bold_reg_wf/bbreg_wf/concat_xfm".
250329-14:47:39,313 nipype.workflow INFO:
	 [Node] Setting-up "fmriprep_24_0_wf.sub_36_wf.bold_task_bird_run_2_wf.bold_fit_wf.bold_reg_wf.bbreg_wf.concat_xfm" in "/work_dir/fmriprep_24_0_wf/sub_36_wf/bold_task_bird_run_2_wf/bold_fit_wf/bold_reg_wf/bbreg_wf/concat_xfm".
250329-14:47:39,314 nipype.workflow INFO:
	 [Node] Executing "registration" <niworkflows.interfaces.norm.SpatialNormalization>
250329-14:47:39,315 nipype.workflow INFO:
	 [Node] Executing "concat_xfm" <niworkflows.interfaces.nitransforms.ConcatenateXFMs>
250329-14:47:39,315 nipype.workflow INFO:
	 [Node] Executing "concat_xfm" <niworkflows.interfaces.nitransforms.ConcatenateXFMs>
250329-14:47:39,321 nipype.workflow INFO:
	 [Node] Finished "concat_xfm", elapsed time 0.004703s.
250329-14:47:39,520 nipype.workflow INFO:
	 [Node] Finished "concat_xfm", elapsed time 0.204575s.
250329-14:47:41,588 nipype.workflow INFO:
	 [Node] Setting-up "fmriprep_24_0_wf.sub_36_wf.bold_task_bird_run_3_wf.bold_fit_wf.bold_reg_wf.bbreg_wf.concat_xfm" in "/work_dir/fmriprep_24_0_wf/sub_36_wf/bold_task_bird_run_3_wf/bold_fit_wf/bold_reg_wf/bbreg_wf/concat_xfm".
250329-14:47:41,591 nipype.workflow INFO:
	 [Node] Executing "concat_xfm" <niworkflows.interfaces.nitransforms.ConcatenateXFMs>
250329-14:47:41,596 nipype.workflow INFO:
	 [Node] Finished "concat_xfm", elapsed time 0.004717s.
250329-14:47:42,912 nipype.workflow INFO:
	 [Node] Setting-up "_msmsulc1" in "/work_dir/fmriprep_24_0_wf/sub_36_wf/anat_fit_wf/msm_sulc_wf/msmsulc/mapflow/_msmsulc1".
250329-14:47:42,914 nipype.workflow INFO:
	 [Node] Executing "_msmsulc1" <smriprep.interfaces.msm.MSM>
250329-14:47:44,153 nipype.workflow INFO:
	 [Node] Setting-up "fmriprep_24_0_wf.sub_36_wf.bold_task_bird_run_1_wf.bold_fit_wf.func_fit_reports_wf.t1w_boldref" in "/work_dir/fmriprep_24_0_wf/sub_36_wf/bold_task_bird_run_1_wf/bold_fit_wf/func_fit_reports_wf/t1w_boldref".
250329-14:47:44,158 nipype.workflow INFO:
	 [Node] Executing "t1w_boldref" <niworkflows.interfaces.fixes.FixHeaderApplyTransforms>
250329-14:47:45,816 nipype.workflow INFO:
	 [Node] Finished "mri_coreg", elapsed time 91.238051s.
250329-14:47:46,280 nipype.workflow INFO:
	 [Node] Finished "gen_ref", elapsed time 19.560037s.
250329-14:47:47,504 nipype.workflow INFO:
	 [Node] Setting-up "fmriprep_24_0_wf.sub_36_wf.bold_task_bird_run_4_wf.bold_fit_wf.bold_reg_wf.bbreg_wf.bbregister" in "/work_dir/fmriprep_24_0_wf/sub_36_wf/bold_task_bird_run_4_wf/bold_fit_wf/bold_reg_wf/bbreg_wf/bbregister".
250329-14:47:47,508 nipype.workflow INFO:
	 [Node] Executing "bbregister" <nipype.interfaces.freesurfer.preprocess.BBRegister>
250329-14:47:48,113 nipype.workflow INFO:
	 [Node] Setting-up "fmriprep_24_0_wf.sub_36_wf.bold_task_bird_run_1_wf.bold_confounds_wf.t1w_mask_tfm" in "/work_dir/fmriprep_24_0_wf/sub_36_wf/bold_task_bird_run_1_wf/bold_confounds_wf/t1w_mask_tfm".
250329-14:47:48,118 nipype.workflow INFO:
	 [Node] Executing "t1w_mask_tfm" <niworkflows.interfaces.fixes.FixHeaderApplyTransforms>
250329-14:47:48,120 nipype.workflow INFO:
	 [Node] Setting-up "fmriprep_24_0_wf.sub_36_wf.bold_task_bird_run_2_wf.bold_fit_wf.func_fit_reports_wf.t1w_boldref" in "/work_dir/fmriprep_24_0_wf/sub_36_wf/bold_task_bird_run_2_wf/bold_fit_wf/func_fit_reports_wf/t1w_boldref".
250329-14:47:48,124 nipype.workflow INFO:
	 [Node] Executing "t1w_boldref" <niworkflows.interfaces.fixes.FixHeaderApplyTransforms>
250329-14:47:48,729 nipype.workflow INFO:
	 [Node] Setting-up "fmriprep_24_0_wf.sub_36_wf.bold_task_bird_run_2_wf.bold_confounds_wf.t1w_mask_tfm" in "/work_dir/fmriprep_24_0_wf/sub_36_wf/bold_task_bird_run_2_wf/bold_confounds_wf/t1w_mask_tfm".
250329-14:47:48,733 nipype.workflow INFO:
	 [Node] Executing "t1w_mask_tfm" <niworkflows.interfaces.fixes.FixHeaderApplyTransforms>
250329-14:47:48,742 nipype.workflow INFO:
	 [Node] Setting-up "fmriprep_24_0_wf.sub_36_wf.bold_task_bird_run_3_wf.bold_fit_wf.func_fit_reports_wf.t1w_boldref" in "/work_dir/fmriprep_24_0_wf/sub_36_wf/bold_task_bird_run_3_wf/bold_fit_wf/func_fit_reports_wf/t1w_boldref".
250329-14:47:48,746 nipype.workflow INFO:
	 [Node] Executing "t1w_boldref" <niworkflows.interfaces.fixes.FixHeaderApplyTransforms>
250329-14:47:49,362 nipype.workflow INFO:
	 [Node] Setting-up "fmriprep_24_0_wf.sub_36_wf.bold_task_bird_run_3_wf.bold_confounds_wf.t1w_mask_tfm" in "/work_dir/fmriprep_24_0_wf/sub_36_wf/bold_task_bird_run_3_wf/bold_confounds_wf/t1w_mask_tfm".
250329-14:47:49,366 nipype.workflow INFO:
	 [Node] Executing "t1w_mask_tfm" <niworkflows.interfaces.fixes.FixHeaderApplyTransforms>
250329-14:47:53,800 nipype.workflow INFO:
	 [Node] Finished "t1w_boldref", elapsed time 9.641177s.
250329-14:47:56,110 nipype.workflow INFO:
	 [Node] Finished "_create_pial_distvol1", elapsed time 144.17231s.
250329-14:48:01,675 nipype.workflow INFO:
	 [Node] Finished "mri_coreg", elapsed time 99.333344s.
250329-14:48:02,221 nipype.workflow INFO:
	 [Node] Finished "_create_pial_distvol0", elapsed time 150.346836s.
250329-14:48:02,284 nipype.workflow INFO:
	 [Node] Setting-up "fmriprep_24_0_wf.sub_36_wf.bold_task_bird_run_6_wf.bold_fit_wf.bold_reg_wf.bbreg_wf.bbregister" in "/work_dir/fmriprep_24_0_wf/sub_36_wf/bold_task_bird_run_6_wf/bold_fit_wf/bold_reg_wf/bbreg_wf/bbregister".
250329-14:48:02,289 nipype.workflow INFO:
	 [Node] Executing "bbregister" <nipype.interfaces.freesurfer.preprocess.BBRegister>
250329-14:48:02,292 nipype.workflow INFO:
	 [Node] Setting-up "fmriprep_24_0_wf.sub_36_wf.bold_task_bird_run_1_wf.bold_anat_wf.resample" in "/work_dir/fmriprep_24_0_wf/sub_36_wf/bold_task_bird_run_1_wf/bold_anat_wf/resample".
250329-14:48:02,296 nipype.workflow INFO:
	 [Node] Executing "resample" <fmriprep.interfaces.resampling.ResampleSeries>
250329-14:48:02,359 nipype.workflow INFO:
	 [Node] Finished "t1w_boldref", elapsed time 13.612495s.
250329-14:48:02,643 nipype.workflow INFO:
	 [Node] Finished "t1w_boldref", elapsed time 13.779107s.
250329-14:48:03,106 nipype.workflow INFO:
	 [Node] Finished "t1w_mask_tfm", elapsed time 14.986525s.
250329-14:48:03,649 nipype.workflow INFO:
	 [Node] Finished "t1w_mask_tfm", elapsed time 14.282256s.
250329-14:48:03,963 nipype.workflow INFO:
	 [Node] Finished "t1w_mask_tfm", elapsed time 15.22896s.
250329-14:48:04,276 nipype.workflow INFO:
	 [Node] Setting-up "_create_pial_distvol0" in "/work_dir/fmriprep_24_0_wf/sub_36_wf/anat_fit_wf/anat_ribbon_wf/create_pial_distvol/mapflow/_create_pial_distvol0".
250329-14:48:04,277 nipype.workflow INFO:
	 [Node] Cached "_create_pial_distvol0" - collecting precomputed outputs
250329-14:48:04,278 nipype.workflow INFO:
	 [Node] "_create_pial_distvol0" found cached.
250329-14:48:04,278 nipype.workflow INFO:
	 [Node] Setting-up "_create_pial_distvol1" in "/work_dir/fmriprep_24_0_wf/sub_36_wf/anat_fit_wf/anat_ribbon_wf/create_pial_distvol/mapflow/_create_pial_distvol1".
250329-14:48:04,279 nipype.workflow INFO:
	 [Node] Cached "_create_pial_distvol1" - collecting precomputed outputs
250329-14:48:04,279 nipype.workflow INFO:
	 [Node] "_create_pial_distvol1" found cached.
250329-14:48:04,293 nipype.workflow INFO:
	 [Node] Setting-up "fmriprep_24_0_wf.sub_36_wf.bold_task_bird_run_1_wf.bold_confounds_wf.union_mask" in "/work_dir/fmriprep_24_0_wf/sub_36_wf/bold_task_bird_run_1_wf/bold_confounds_wf/union_mask".
250329-14:48:04,296 nipype.workflow INFO:
	 [Node] Executing "union_mask" <nipype.interfaces.utility.wrappers.Function>
250329-14:48:04,298 nipype.workflow INFO:
	 [Node] Setting-up "fmriprep_24_0_wf.sub_36_wf.bold_task_bird_run_3_wf.bold_confounds_wf.union_mask" in "/work_dir/fmriprep_24_0_wf/sub_36_wf/bold_task_bird_run_3_wf/bold_confounds_wf/union_mask".
250329-14:48:04,301 nipype.workflow INFO:
	 [Node] Executing "union_mask" <nipype.interfaces.utility.wrappers.Function>
250329-14:48:04,387 nipype.workflow INFO:
	 [Node] Finished "union_mask", elapsed time 0.085931s.
250329-14:48:04,392 nipype.workflow INFO:
	 [Node] Finished "union_mask", elapsed time 0.09585s.
250329-14:48:06,354 nipype.workflow INFO:
	 [Node] Setting-up "fmriprep_24_0_wf.sub_36_wf.bold_task_bird_run_2_wf.bold_confounds_wf.union_mask" in "/work_dir/fmriprep_24_0_wf/sub_36_wf/bold_task_bird_run_2_wf/bold_confounds_wf/union_mask".
250329-14:48:06,357 nipype.workflow INFO:
	 [Node] Executing "union_mask" <nipype.interfaces.utility.wrappers.Function>
250329-14:48:06,362 nipype.workflow INFO:
	 [Node] Setting-up "fmriprep_24_0_wf.sub_36_wf.bold_task_bird_run_1_wf.bold_confounds_wf.dilated_mask" in "/work_dir/fmriprep_24_0_wf/sub_36_wf/bold_task_bird_run_1_wf/bold_confounds_wf/dilated_mask".
250329-14:48:06,362 nipype.workflow INFO:
	 [Node] Setting-up "fmriprep_24_0_wf.sub_36_wf.bold_task_bird_run_3_wf.bold_confounds_wf.dilated_mask" in "/work_dir/fmriprep_24_0_wf/sub_36_wf/bold_task_bird_run_3_wf/bold_confounds_wf/dilated_mask".
250329-14:48:06,364 nipype.workflow INFO:
	 [Node] Executing "dilated_mask" <niworkflows.interfaces.morphology.BinaryDilation>
250329-14:48:06,364 nipype.workflow INFO:
	 [Node] Executing "dilated_mask" <niworkflows.interfaces.morphology.BinaryDilation>
250329-14:48:06,483 nipype.workflow INFO:
	 [Node] Finished "union_mask", elapsed time 0.125527s.
250329-14:48:06,498 nipype.workflow INFO:
	 [Node] Finished "dilated_mask", elapsed time 0.133239s.
250329-14:48:06,551 nipype.workflow INFO:
	 [Node] Finished "dilated_mask", elapsed time 0.186276s.
250329-14:48:06,631 nipype.workflow INFO:
	 [Node] Setting-up "fmriprep_24_0_wf.sub_36_wf.anat_fit_wf.anat_ribbon_wf.make_ribbon" in "/work_dir/fmriprep_24_0_wf/sub_36_wf/anat_fit_wf/anat_ribbon_wf/make_ribbon".
250329-14:48:06,634 nipype.workflow INFO:
	 [Node] Executing "make_ribbon" <smriprep.interfaces.surf.MakeRibbon>
250329-14:48:07,505 nipype.workflow INFO:
	 [Node] Finished "make_ribbon", elapsed time 0.869802s.
250329-14:48:11,646 nipype.workflow INFO:
	 [Node] Setting-up "fmriprep_24_0_wf.sub_36_wf.bold_task_bird_run_2_wf.bold_anat_wf.resample" in "/work_dir/fmriprep_24_0_wf/sub_36_wf/bold_task_bird_run_2_wf/bold_anat_wf/resample".
250329-14:48:11,649 nipype.workflow INFO:
	 [Node] Executing "resample" <fmriprep.interfaces.resampling.ResampleSeries>
250329-14:48:11,672 nipype.workflow INFO:
	 [Node] Setting-up "fmriprep_24_0_wf.sub_36_wf.bold_task_bird_run_2_wf.bold_confounds_wf.dilated_mask" in "/work_dir/fmriprep_24_0_wf/sub_36_wf/bold_task_bird_run_2_wf/bold_confounds_wf/dilated_mask".
250329-14:48:11,674 nipype.workflow INFO:
	 [Node] Executing "dilated_mask" <niworkflows.interfaces.morphology.BinaryDilation>
250329-14:48:11,684 nipype.workflow INFO:
	 [Node] Setting-up "fmriprep_24_0_wf.sub_36_wf.bold_task_bird_run_1_wf.bold_confounds_wf.subtract_mask" in "/work_dir/fmriprep_24_0_wf/sub_36_wf/bold_task_bird_run_1_wf/bold_confounds_wf/subtract_mask".
250329-14:48:11,686 nipype.workflow INFO:
	 [Node] Executing "subtract_mask" <niworkflows.interfaces.morphology.BinarySubtraction>
250329-14:48:11,756 nipype.workflow INFO:
	 [Node] Finished "subtract_mask", elapsed time 0.069575s.
250329-14:48:11,969 nipype.workflow INFO:
	 [Node] Finished "dilated_mask", elapsed time 0.293546s.
250329-14:48:14,281 nipype.workflow INFO:
	 [Node] Setting-up "fmriprep_24_0_wf.sub_36_wf.bold_task_bird_run_2_wf.bold_confounds_wf.subtract_mask" in "/work_dir/fmriprep_24_0_wf/sub_36_wf/bold_task_bird_run_2_wf/bold_confounds_wf/subtract_mask".
250329-14:48:14,281 nipype.workflow INFO:
	 [Node] Setting-up "fmriprep_24_0_wf.sub_36_wf.bold_task_bird_run_3_wf.bold_confounds_wf.subtract_mask" in "/work_dir/fmriprep_24_0_wf/sub_36_wf/bold_task_bird_run_3_wf/bold_confounds_wf/subtract_mask".
250329-14:48:14,283 nipype.workflow INFO:
	 [Node] Executing "subtract_mask" <niworkflows.interfaces.morphology.BinarySubtraction>
250329-14:48:14,284 nipype.workflow INFO:
	 [Node] Executing "subtract_mask" <niworkflows.interfaces.morphology.BinarySubtraction>
250329-14:48:14,352 nipype.workflow INFO:
	 [Node] Finished "subtract_mask", elapsed time 0.068191s.
250329-14:48:14,389 nipype.workflow INFO:
	 [Node] Finished "subtract_mask", elapsed time 0.105353s.
250329-14:48:16,281 nipype.workflow INFO:
	 [Node] Setting-up "fmriprep_24_0_wf.sub_36_wf.bold_task_bird_run_1_wf.bold_confounds_wf.crowncompcor" in "/work_dir/fmriprep_24_0_wf/sub_36_wf/bold_task_bird_run_1_wf/bold_confounds_wf/crowncompcor".
250329-14:48:16,313 nipype.workflow INFO:
	 [Node] Setting-up "fmriprep_24_0_wf.sub_36_wf.bold_task_bird_run_2_wf.bold_confounds_wf.crowncompcor" in "/work_dir/fmriprep_24_0_wf/sub_36_wf/bold_task_bird_run_2_wf/bold_confounds_wf/crowncompcor".
250329-14:48:16,319 nipype.workflow INFO:
	 [Node] Executing "crowncompcor" <niworkflows.interfaces.patches.RobustACompCor>
250329-14:48:16,335 nipype.workflow INFO:
	 [Node] Executing "crowncompcor" <niworkflows.interfaces.patches.RobustACompCor>
250329-14:48:34,767 nipype.workflow INFO:
	 [Node] Finished "crowncompcor", elapsed time 18.431411s.
250329-14:48:35,564 nipype.workflow INFO:
	 [Node] Finished "crowncompcor", elapsed time 19.245002s.
250329-14:48:36,278 nipype.workflow INFO:
	 [Node] Setting-up "fmriprep_24_0_wf.sub_36_wf.bold_task_bird_run_3_wf.bold_confounds_wf.crowncompcor" in "/work_dir/fmriprep_24_0_wf/sub_36_wf/bold_task_bird_run_3_wf/bold_confounds_wf/crowncompcor".
250329-14:48:36,283 nipype.workflow INFO:
	 [Node] Executing "crowncompcor" <niworkflows.interfaces.patches.RobustACompCor>
250329-14:48:36,315 nipype.workflow INFO:
	 [Node] Setting-up "fmriprep_24_0_wf.sub_36_wf.bold_task_bird_run_1_wf.bold_confounds_wf.crowncc_metadata_fmt" in "/work_dir/fmriprep_24_0_wf/sub_36_wf/bold_task_bird_run_1_wf/bold_confounds_wf/crowncc_metadata_fmt".
250329-14:48:36,323 nipype.workflow INFO:
	 [Node] Executing "crowncc_metadata_fmt" <niworkflows.interfaces.utility.TSV2JSON>
250329-14:48:37,365 nipype.workflow INFO:
	 [Node] Finished "crowncc_metadata_fmt", elapsed time 1.041192s.
250329-14:48:38,227 nipype.workflow INFO:
	 [Node] Setting-up "fmriprep_24_0_wf.sub_36_wf.bold_task_bird_run_2_wf.bold_confounds_wf.crowncc_metadata_fmt" in "/work_dir/fmriprep_24_0_wf/sub_36_wf/bold_task_bird_run_2_wf/bold_confounds_wf/crowncc_metadata_fmt".
250329-14:48:38,229 nipype.workflow INFO:
	 [Node] Executing "crowncc_metadata_fmt" <niworkflows.interfaces.utility.TSV2JSON>
250329-14:48:38,236 nipype.workflow INFO:
	 [Node] Finished "crowncc_metadata_fmt", elapsed time 0.005725s.
250329-14:48:48,152 nipype.workflow INFO:
	 [Node] Finished "crowncompcor", elapsed time 11.868211s.
250329-14:48:50,109 nipype.workflow INFO:
	 [Node] Setting-up "fmriprep_24_0_wf.sub_36_wf.bold_task_bird_run_3_wf.bold_confounds_wf.crowncc_metadata_fmt" in "/work_dir/fmriprep_24_0_wf/sub_36_wf/bold_task_bird_run_3_wf/bold_confounds_wf/crowncc_metadata_fmt".
250329-14:48:50,112 nipype.workflow INFO:
	 [Node] Executing "crowncc_metadata_fmt" <niworkflows.interfaces.utility.TSV2JSON>
250329-14:48:50,136 nipype.workflow INFO:
	 [Node] Finished "crowncc_metadata_fmt", elapsed time 0.023932s.
250329-14:48:58,933 nipype.workflow INFO:
	 [Node] Finished "resample", elapsed time 56.636231s.
250329-14:49:00,114 nipype.workflow INFO:
	 [Node] Setting-up "fmriprep_24_0_wf.sub_36_wf.bold_task_bird_run_3_wf.bold_anat_wf.resample" in "/work_dir/fmriprep_24_0_wf/sub_36_wf/bold_task_bird_run_3_wf/bold_anat_wf/resample".
250329-14:49:00,117 nipype.workflow INFO:
	 [Node] Executing "resample" <fmriprep.interfaces.resampling.ResampleSeries>
250329-14:49:01,240 nipype.workflow INFO:
	 [Node] Finished "bbregister", elapsed time 81.935191s.
250329-14:49:03,293 nipype.workflow INFO:
	 [Node] Finished "resample", elapsed time 51.642657s.
250329-14:49:04,17 nipype.workflow INFO:
	 [Node] Setting-up "fmriprep_24_0_wf.sub_36_wf.bold_task_bird_run_5_wf.bold_fit_wf.bold_reg_wf.bbreg_wf.compare_transforms" in "/work_dir/fmriprep_24_0_wf/sub_36_wf/bold_task_bird_run_5_wf/bold_fit_wf/bold_reg_wf/bbreg_wf/compare_transforms".
250329-14:49:04,19 nipype.workflow INFO:
	 [Node] Executing "compare_transforms" <nipype.interfaces.utility.wrappers.Function>
250329-14:49:04,47 nipype.workflow INFO:
	 [Node] Finished "compare_transforms", elapsed time 0.0266s.
250329-14:49:10,202 nipype.workflow INFO:
	 [Node] Setting-up "fmriprep_24_0_wf.sub_36_wf.bold_task_bird_run_5_wf.bold_fit_wf.bold_reg_wf.bbreg_wf.concat_xfm" in "/work_dir/fmriprep_24_0_wf/sub_36_wf/bold_task_bird_run_5_wf/bold_fit_wf/bold_reg_wf/bbreg_wf/concat_xfm".
250329-14:49:10,204 nipype.workflow INFO:
	 [Node] Executing "concat_xfm" <niworkflows.interfaces.nitransforms.ConcatenateXFMs>
250329-14:49:10,210 nipype.workflow INFO:
	 [Node] Finished "concat_xfm", elapsed time 0.005066s.
250329-14:49:14,362 nipype.workflow INFO:
	 [Node] Setting-up "fmriprep_24_0_wf.sub_36_wf.bold_task_bird_run_5_wf.bold_fit_wf.func_fit_reports_wf.t1w_boldref" in "/work_dir/fmriprep_24_0_wf/sub_36_wf/bold_task_bird_run_5_wf/bold_fit_wf/func_fit_reports_wf/t1w_boldref".
250329-14:49:14,365 nipype.workflow INFO:
	 [Node] Executing "t1w_boldref" <niworkflows.interfaces.fixes.FixHeaderApplyTransforms>
250329-14:49:15,12 nipype.workflow INFO:
	 [Node] Setting-up "fmriprep_24_0_wf.sub_36_wf.bold_task_bird_run_5_wf.bold_confounds_wf.t1w_mask_tfm" in "/work_dir/fmriprep_24_0_wf/sub_36_wf/bold_task_bird_run_5_wf/bold_confounds_wf/t1w_mask_tfm".
250329-14:49:15,16 nipype.workflow INFO:
	 [Node] Executing "t1w_mask_tfm" <niworkflows.interfaces.fixes.FixHeaderApplyTransforms>
250329-14:49:18,291 nipype.workflow INFO:
	 [Node] Setting-up "fmriprep_24_0_wf.sub_36_wf.bold_task_bird_run_5_wf.bold_anat_wf.resample" in "/work_dir/fmriprep_24_0_wf/sub_36_wf/bold_task_bird_run_5_wf/bold_anat_wf/resample".
250329-14:49:18,294 nipype.workflow INFO:
	 [Node] Executing "resample" <fmriprep.interfaces.resampling.ResampleSeries>
250329-14:49:20,724 nipype.workflow INFO:
	 [Node] Finished "t1w_boldref", elapsed time 6.357987s.
250329-14:49:22,353 nipype.workflow INFO:
	 [Node] Finished "t1w_mask_tfm", elapsed time 7.336879s.
250329-14:49:24,387 nipype.workflow INFO:
	 [Node] Setting-up "fmriprep_24_0_wf.sub_36_wf.bold_task_bird_run_5_wf.bold_confounds_wf.union_mask" in "/work_dir/fmriprep_24_0_wf/sub_36_wf/bold_task_bird_run_5_wf/bold_confounds_wf/union_mask".
250329-14:49:24,390 nipype.workflow INFO:
	 [Node] Executing "union_mask" <nipype.interfaces.utility.wrappers.Function>
250329-14:49:24,521 nipype.workflow INFO:
	 [Node] Finished "union_mask", elapsed time 0.13s.
250329-14:49:26,353 nipype.workflow INFO:
	 [Node] Setting-up "fmriprep_24_0_wf.sub_36_wf.bold_task_bird_run_5_wf.bold_confounds_wf.dilated_mask" in "/work_dir/fmriprep_24_0_wf/sub_36_wf/bold_task_bird_run_5_wf/bold_confounds_wf/dilated_mask".
250329-14:49:26,355 nipype.workflow INFO:
	 [Node] Executing "dilated_mask" <niworkflows.interfaces.morphology.BinaryDilation>
250329-14:49:26,500 nipype.workflow INFO:
	 [Node] Finished "dilated_mask", elapsed time 0.144533s.
250329-14:49:28,319 nipype.workflow INFO:
	 [Node] Setting-up "fmriprep_24_0_wf.sub_36_wf.bold_task_bird_run_5_wf.bold_confounds_wf.subtract_mask" in "/work_dir/fmriprep_24_0_wf/sub_36_wf/bold_task_bird_run_5_wf/bold_confounds_wf/subtract_mask".
250329-14:49:28,322 nipype.workflow INFO:
	 [Node] Executing "subtract_mask" <niworkflows.interfaces.morphology.BinarySubtraction>
250329-14:49:28,376 nipype.workflow INFO:
	 [Node] Finished "subtract_mask", elapsed time 0.053107s.
250329-14:49:29,504 nipype.workflow INFO:
	 [Node] Finished "bbregister", elapsed time 87.214328s.
250329-14:49:31,133 nipype.workflow INFO:
	 [Node] Setting-up "fmriprep_24_0_wf.sub_36_wf.bold_task_bird_run_5_wf.bold_confounds_wf.crowncompcor" in "/work_dir/fmriprep_24_0_wf/sub_36_wf/bold_task_bird_run_5_wf/bold_confounds_wf/crowncompcor".
250329-14:49:31,137 nipype.workflow INFO:
	 [Node] Executing "crowncompcor" <niworkflows.interfaces.patches.RobustACompCor>
250329-14:49:32,299 nipype.workflow INFO:
	 [Node] Setting-up "fmriprep_24_0_wf.sub_36_wf.bold_task_bird_run_6_wf.bold_fit_wf.bold_reg_wf.bbreg_wf.compare_transforms" in "/work_dir/fmriprep_24_0_wf/sub_36_wf/bold_task_bird_run_6_wf/bold_fit_wf/bold_reg_wf/bbreg_wf/compare_transforms".
250329-14:49:32,301 nipype.workflow INFO:
	 [Node] Executing "compare_transforms" <nipype.interfaces.utility.wrappers.Function>
250329-14:49:32,310 nipype.workflow INFO:
	 [Node] Finished "compare_transforms", elapsed time 0.008786s.
250329-14:49:35,269 nipype.workflow INFO:
	 [Node] Finished "bbregister", elapsed time 107.759958s.
250329-14:49:38,305 nipype.workflow INFO:
	 [Node] Setting-up "fmriprep_24_0_wf.sub_36_wf.bold_task_bird_run_4_wf.bold_fit_wf.bold_reg_wf.bbreg_wf.compare_transforms" in "/work_dir/fmriprep_24_0_wf/sub_36_wf/bold_task_bird_run_4_wf/bold_fit_wf/bold_reg_wf/bbreg_wf/compare_transforms".
250329-14:49:38,308 nipype.workflow INFO:
	 [Node] Executing "compare_transforms" <nipype.interfaces.utility.wrappers.Function>
250329-14:49:38,318 nipype.workflow INFO:
	 [Node] Finished "compare_transforms", elapsed time 0.009496s.
250329-14:49:38,324 nipype.workflow INFO:
	 [Node] Setting-up "fmriprep_24_0_wf.sub_36_wf.bold_task_bird_run_6_wf.bold_fit_wf.bold_reg_wf.bbreg_wf.concat_xfm" in "/work_dir/fmriprep_24_0_wf/sub_36_wf/bold_task_bird_run_6_wf/bold_fit_wf/bold_reg_wf/bbreg_wf/concat_xfm".
250329-14:49:38,327 nipype.workflow INFO:
	 [Node] Executing "concat_xfm" <niworkflows.interfaces.nitransforms.ConcatenateXFMs>
250329-14:49:38,332 nipype.workflow INFO:
	 [Node] Finished "concat_xfm", elapsed time 0.004866s.
250329-14:49:40,457 nipype.workflow INFO:
	 [Node] Finished "crowncompcor", elapsed time 9.31925s.
250329-14:49:42,458 nipype.workflow INFO:
	 [Node] Setting-up "fmriprep_24_0_wf.sub_36_wf.bold_task_bird_run_6_wf.bold_fit_wf.func_fit_reports_wf.t1w_boldref" in "/work_dir/fmriprep_24_0_wf/sub_36_wf/bold_task_bird_run_6_wf/bold_fit_wf/func_fit_reports_wf/t1w_boldref".
250329-14:49:42,462 nipype.workflow INFO:
	 [Node] Executing "t1w_boldref" <niworkflows.interfaces.fixes.FixHeaderApplyTransforms>
250329-14:49:42,568 nipype.workflow INFO:
	 [Node] Finished "resample", elapsed time 42.450221s.
250329-14:49:42,675 nipype.workflow INFO:
	 [Node] Setting-up "fmriprep_24_0_wf.sub_36_wf.bold_task_bird_run_6_wf.bold_confounds_wf.t1w_mask_tfm" in "/work_dir/fmriprep_24_0_wf/sub_36_wf/bold_task_bird_run_6_wf/bold_confounds_wf/t1w_mask_tfm".
250329-14:49:42,678 nipype.workflow INFO:
	 [Node] Executing "t1w_mask_tfm" <niworkflows.interfaces.fixes.FixHeaderApplyTransforms>
250329-14:49:42,685 nipype.workflow INFO:
	 [Node] Setting-up "fmriprep_24_0_wf.sub_36_wf.bold_task_bird_run_5_wf.bold_confounds_wf.crowncc_metadata_fmt" in "/work_dir/fmriprep_24_0_wf/sub_36_wf/bold_task_bird_run_5_wf/bold_confounds_wf/crowncc_metadata_fmt".
250329-14:49:42,688 nipype.workflow INFO:
	 [Node] Executing "crowncc_metadata_fmt" <niworkflows.interfaces.utility.TSV2JSON>
250329-14:49:42,696 nipype.workflow INFO:
	 [Node] Finished "crowncc_metadata_fmt", elapsed time 0.006439s.
250329-14:49:44,0 nipype.workflow INFO:
	 [Node] Setting-up "fmriprep_24_0_wf.sub_36_wf.bold_task_bird_run_4_wf.bold_fit_wf.bold_reg_wf.bbreg_wf.concat_xfm" in "/work_dir/fmriprep_24_0_wf/sub_36_wf/bold_task_bird_run_4_wf/bold_fit_wf/bold_reg_wf/bbreg_wf/concat_xfm".
250329-14:49:44,2 nipype.workflow INFO:
	 [Node] Executing "concat_xfm" <niworkflows.interfaces.nitransforms.ConcatenateXFMs>
250329-14:49:44,8 nipype.workflow INFO:
	 [Node] Finished "concat_xfm", elapsed time 0.004916s.
250329-14:49:46,629 nipype.workflow INFO:
	 [Node] Setting-up "fmriprep_24_0_wf.sub_36_wf.bold_task_bird_run_6_wf.bold_anat_wf.resample" in "/work_dir/fmriprep_24_0_wf/sub_36_wf/bold_task_bird_run_6_wf/bold_anat_wf/resample".
250329-14:49:46,632 nipype.workflow INFO:
	 [Node] Executing "resample" <fmriprep.interfaces.resampling.ResampleSeries>
250329-14:49:47,298 nipype.workflow INFO:
	 [Node] Finished "t1w_boldref", elapsed time 4.237548s.
250329-14:49:48,21 nipype.workflow INFO:
	 [Node] Setting-up "fmriprep_24_0_wf.sub_36_wf.bold_task_bird_run_4_wf.bold_fit_wf.func_fit_reports_wf.t1w_boldref" in "/work_dir/fmriprep_24_0_wf/sub_36_wf/bold_task_bird_run_4_wf/bold_fit_wf/func_fit_reports_wf/t1w_boldref".
250329-14:49:48,24 nipype.workflow INFO:
	 [Node] Executing "t1w_boldref" <niworkflows.interfaces.fixes.FixHeaderApplyTransforms>
250329-14:49:48,252 nipype.workflow INFO:
	 [Node] Setting-up "fmriprep_24_0_wf.sub_36_wf.bold_task_bird_run_4_wf.bold_confounds_wf.t1w_mask_tfm" in "/work_dir/fmriprep_24_0_wf/sub_36_wf/bold_task_bird_run_4_wf/bold_confounds_wf/t1w_mask_tfm".
250329-14:49:48,255 nipype.workflow INFO:
	 [Node] Executing "t1w_mask_tfm" <niworkflows.interfaces.fixes.FixHeaderApplyTransforms>
250329-14:49:48,968 nipype.workflow INFO:
	 [Node] Finished "t1w_mask_tfm", elapsed time 6.288419s.
250329-14:49:50,559 nipype.workflow INFO:
	 [Node] Setting-up "fmriprep_24_0_wf.sub_36_wf.bold_task_bird_run_6_wf.bold_confounds_wf.union_mask" in "/work_dir/fmriprep_24_0_wf/sub_36_wf/bold_task_bird_run_6_wf/bold_confounds_wf/union_mask".
250329-14:49:50,561 nipype.workflow INFO:
	 [Node] Executing "union_mask" <nipype.interfaces.utility.wrappers.Function>
250329-14:49:50,640 nipype.workflow INFO:
	 [Node] Finished "union_mask", elapsed time 0.077931s.
250329-14:49:52,178 nipype.workflow INFO:
	 [Node] Setting-up "fmriprep_24_0_wf.sub_36_wf.bold_task_bird_run_6_wf.bold_confounds_wf.dilated_mask" in "/work_dir/fmriprep_24_0_wf/sub_36_wf/bold_task_bird_run_6_wf/bold_confounds_wf/dilated_mask".
250329-14:49:52,180 nipype.workflow INFO:
	 [Node] Executing "dilated_mask" <niworkflows.interfaces.morphology.BinaryDilation>
250329-14:49:52,325 nipype.workflow INFO:
	 [Node] Finished "dilated_mask", elapsed time 0.144083s.
250329-14:49:54,296 nipype.workflow INFO:
	 [Node] Setting-up "fmriprep_24_0_wf.sub_36_wf.bold_task_bird_run_6_wf.bold_confounds_wf.subtract_mask" in "/work_dir/fmriprep_24_0_wf/sub_36_wf/bold_task_bird_run_6_wf/bold_confounds_wf/subtract_mask".
250329-14:49:54,299 nipype.workflow INFO:
	 [Node] Executing "subtract_mask" <niworkflows.interfaces.morphology.BinarySubtraction>
250329-14:49:54,376 nipype.workflow INFO:
	 [Node] Finished "subtract_mask", elapsed time 0.058409s.
250329-14:49:54,437 nipype.workflow INFO:
	 [Node] Finished "t1w_boldref", elapsed time 6.411989s.
250329-14:49:54,995 nipype.workflow INFO:
	 [Node] Finished "t1w_mask_tfm", elapsed time 6.739018s.
250329-14:49:55,106 nipype.workflow INFO:
	 [Node] Finished "fast", elapsed time 195.468517s.
250329-14:49:56,286 nipype.workflow INFO:
	 [Node] Setting-up "fmriprep_24_0_wf.sub_36_wf.anat_fit_wf.lut_t1w_dseg" in "/work_dir/fmriprep_24_0_wf/sub_36_wf/anat_fit_wf/lut_t1w_dseg".
250329-14:49:56,289 nipype.workflow INFO:
	 [Node] Executing "lut_t1w_dseg" <nipype.interfaces.utility.wrappers.Function>
250329-14:49:56,793 nipype.workflow INFO:
	 [Node] Setting-up "fmriprep_24_0_wf.sub_36_wf.bold_task_bird_run_4_wf.bold_confounds_wf.union_mask" in "/work_dir/fmriprep_24_0_wf/sub_36_wf/bold_task_bird_run_4_wf/bold_confounds_wf/union_mask".
250329-14:49:56,796 nipype.workflow INFO:
	 [Node] Executing "union_mask" <nipype.interfaces.utility.wrappers.Function>
250329-14:49:56,806 nipype.workflow INFO:
	 [Node] Setting-up "fmriprep_24_0_wf.sub_36_wf.bold_task_bird_run_6_wf.bold_confounds_wf.crowncompcor" in "/work_dir/fmriprep_24_0_wf/sub_36_wf/bold_task_bird_run_6_wf/bold_confounds_wf/crowncompcor".
250329-14:49:56,811 nipype.workflow INFO:
	 [Node] Executing "crowncompcor" <niworkflows.interfaces.patches.RobustACompCor>
250329-14:49:56,910 nipype.workflow INFO:
	 [Node] Finished "union_mask", elapsed time 0.113116s.
250329-14:49:56,935 nipype.workflow INFO:
	 [Node] Finished "lut_t1w_dseg", elapsed time 0.646008s.
250329-14:49:57,280 nipype.workflow INFO:
	 [Node] Finished "resample", elapsed time 38.984182s.
250329-14:50:05,465 nipype.workflow INFO:
	 [Node] Finished "crowncompcor", elapsed time 8.653488s.
250329-14:50:06,732 nipype.workflow INFO:
	 [Node] Setting-up "fmriprep_24_0_wf.sub_36_wf.bold_task_bird_run_4_wf.bold_anat_wf.resample" in "/work_dir/fmriprep_24_0_wf/sub_36_wf/bold_task_bird_run_4_wf/bold_anat_wf/resample".
250329-14:50:06,733 nipype.workflow INFO:
	 [Node] Setting-up "fmriprep_24_0_wf.sub_36_wf.bold_task_bird_run_4_wf.bold_confounds_wf.dilated_mask" in "/work_dir/fmriprep_24_0_wf/sub_36_wf/bold_task_bird_run_4_wf/bold_confounds_wf/dilated_mask".
250329-14:50:06,735 nipype.workflow INFO:
	 [Node] Executing "dilated_mask" <niworkflows.interfaces.morphology.BinaryDilation>
250329-14:50:06,737 nipype.workflow INFO:
	 [Node] Executing "resample" <fmriprep.interfaces.resampling.ResampleSeries>
250329-14:50:06,902 nipype.workflow INFO:
	 [Node] Finished "dilated_mask", elapsed time 0.166057s.
250329-14:50:06,956 nipype.workflow INFO:
	 [Node] Setting-up "fmriprep_24_0_wf.sub_36_wf.anat_fit_wf.anat_reports_wf.seg_rpt" in "/work_dir/fmriprep_24_0_wf/sub_36_wf/anat_fit_wf/anat_reports_wf/seg_rpt".
250329-14:50:06,960 nipype.workflow INFO:
	 [Node] Setting-up "fmriprep_24_0_wf.sub_36_wf.bold_task_bird_run_1_wf.bold_fit_wf.func_fit_reports_wf.t1w_wm" in "/work_dir/fmriprep_24_0_wf/sub_36_wf/bold_task_bird_run_1_wf/bold_fit_wf/func_fit_reports_wf/t1w_wm".
250329-14:50:06,962 nipype.workflow INFO:
	 [Node] Executing "seg_rpt" <niworkflows.interfaces.reportlets.masks.ROIsPlot>
250329-14:50:06,962 nipype.workflow INFO:
	 [Node] Executing "t1w_wm" <nipype.interfaces.utility.wrappers.Function>
250329-14:50:06,966 nipype.workflow INFO:
	 [Node] Setting-up "fmriprep_24_0_wf.sub_36_wf.bold_task_bird_run_2_wf.bold_fit_wf.func_fit_reports_wf.t1w_wm" in "/work_dir/fmriprep_24_0_wf/sub_36_wf/bold_task_bird_run_2_wf/bold_fit_wf/func_fit_reports_wf/t1w_wm".
250329-14:50:06,968 nipype.workflow INFO:
	 [Node] Executing "t1w_wm" <nipype.interfaces.utility.wrappers.Function>
250329-14:50:06,978 nipype.workflow INFO:
	 [Node] Setting-up "fmriprep_24_0_wf.sub_36_wf.bold_task_bird_run_3_wf.bold_fit_wf.func_fit_reports_wf.t1w_wm" in "/work_dir/fmriprep_24_0_wf/sub_36_wf/bold_task_bird_run_3_wf/bold_fit_wf/func_fit_reports_wf/t1w_wm".
250329-14:50:06,980 nipype.workflow INFO:
	 [Node] Executing "t1w_wm" <nipype.interfaces.utility.wrappers.Function>
250329-14:50:06,986 nipype.workflow INFO:
	 [Node] Setting-up "fmriprep_24_0_wf.sub_36_wf.bold_task_bird_run_4_wf.bold_fit_wf.func_fit_reports_wf.t1w_wm" in "/work_dir/fmriprep_24_0_wf/sub_36_wf/bold_task_bird_run_4_wf/bold_fit_wf/func_fit_reports_wf/t1w_wm".
250329-14:50:06,988 nipype.workflow INFO:
	 [Node] Executing "t1w_wm" <nipype.interfaces.utility.wrappers.Function>
250329-14:50:07,285 nipype.workflow INFO:
	 [Node] Finished "t1w_wm", elapsed time 0.322201s.
250329-14:50:07,295 nipype.workflow INFO:
	 [Node] Finished "t1w_wm", elapsed time 0.31395s.
250329-14:50:07,305 nipype.workflow INFO:
	 [Node] Finished "t1w_wm", elapsed time 0.33683s.
250329-14:50:07,318 nipype.workflow INFO:
	 [Node] Finished "t1w_wm", elapsed time 0.328819s.
250329-14:50:08,995 nipype.workflow INFO:
	 [Node] Setting-up "fmriprep_24_0_wf.sub_36_wf.bold_task_bird_run_5_wf.bold_fit_wf.func_fit_reports_wf.t1w_wm" in "/work_dir/fmriprep_24_0_wf/sub_36_wf/bold_task_bird_run_5_wf/bold_fit_wf/func_fit_reports_wf/t1w_wm".
250329-14:50:08,998 nipype.workflow INFO:
	 [Node] Executing "t1w_wm" <nipype.interfaces.utility.wrappers.Function>
250329-14:50:09,16 nipype.workflow INFO:
	 [Node] Setting-up "fmriprep_24_0_wf.sub_36_wf.bold_task_bird_run_6_wf.bold_fit_wf.func_fit_reports_wf.t1w_wm" in "/work_dir/fmriprep_24_0_wf/sub_36_wf/bold_task_bird_run_6_wf/bold_fit_wf/func_fit_reports_wf/t1w_wm".
250329-14:50:09,18 nipype.workflow INFO:
	 [Node] Executing "t1w_wm" <nipype.interfaces.utility.wrappers.Function>
250329-14:50:09,307 nipype.workflow INFO:
	 [Node] Setting-up "fmriprep_24_0_wf.sub_36_wf.bold_task_bird_run_2_wf.bold_confounds_wf.acc_masks" in "/work_dir/fmriprep_24_0_wf/sub_36_wf/bold_task_bird_run_2_wf/bold_confounds_wf/acc_masks".
250329-14:50:09,318 nipype.workflow INFO:
	 [Node] Finished "t1w_wm", elapsed time 0.29897s.
250329-14:50:09,333 nipype.workflow INFO:
	 [Node] Finished "t1w_wm", elapsed time 0.334333s.
250329-14:50:09,373 nipype.workflow INFO:
	 [Node] Executing "acc_masks" <fmriprep.interfaces.confounds.aCompCorMasks>
250329-14:50:10,668 nipype.workflow INFO:
	 [Node] Setting-up "fmriprep_24_0_wf.sub_36_wf.bold_task_bird_run_3_wf.bold_confounds_wf.acc_masks" in "/work_dir/fmriprep_24_0_wf/sub_36_wf/bold_task_bird_run_3_wf/bold_confounds_wf/acc_masks".
250329-14:50:10,787 nipype.workflow INFO:
	 [Node] Executing "acc_masks" <fmriprep.interfaces.confounds.aCompCorMasks>
250329-14:50:10,871 nipype.workflow INFO:
	 [Node] Setting-up "fmriprep_24_0_wf.sub_36_wf.bold_task_bird_run_1_wf.bold_confounds_wf.acc_masks" in "/work_dir/fmriprep_24_0_wf/sub_36_wf/bold_task_bird_run_1_wf/bold_confounds_wf/acc_masks".
250329-14:50:11,7 nipype.workflow INFO:
	 [Node] Executing "acc_masks" <fmriprep.interfaces.confounds.aCompCorMasks>
250329-14:50:11,155 nipype.workflow INFO:
	 [Node] Setting-up "fmriprep_24_0_wf.sub_36_wf.bold_task_bird_run_4_wf.bold_confounds_wf.acc_masks" in "/work_dir/fmriprep_24_0_wf/sub_36_wf/bold_task_bird_run_4_wf/bold_confounds_wf/acc_masks".
250329-14:50:11,197 nipype.workflow INFO:
	 [Node] Setting-up "fmriprep_24_0_wf.sub_36_wf.bold_task_bird_run_5_wf.bold_confounds_wf.acc_masks" in "/work_dir/fmriprep_24_0_wf/sub_36_wf/bold_task_bird_run_5_wf/bold_confounds_wf/acc_masks".
250329-14:50:11,284 nipype.workflow INFO:
	 [Node] Executing "acc_masks" <fmriprep.interfaces.confounds.aCompCorMasks>
250329-14:50:11,322 nipype.workflow INFO:
	 [Node] Executing "acc_masks" <fmriprep.interfaces.confounds.aCompCorMasks>
250329-14:50:19,922 nipype.workflow INFO:
	 [Node] Finished "acc_masks", elapsed time 10.548179s.
250329-14:50:24,625 nipype.workflow INFO:
	 [Node] Setting-up "fmriprep_24_0_wf.sub_36_wf.bold_task_bird_run_6_wf.bold_confounds_wf.acc_masks" in "/work_dir/fmriprep_24_0_wf/sub_36_wf/bold_task_bird_run_6_wf/bold_confounds_wf/acc_masks".
250329-14:50:24,900 nipype.workflow INFO:
	 [Node] Executing "acc_masks" <fmriprep.interfaces.confounds.aCompCorMasks>
250329-14:50:25,38 nipype.workflow INFO:
	 [Node] Finished "acc_masks", elapsed time 14.250291s.
250329-14:50:25,493 nipype.workflow INFO:
	 [Node] Finished "acc_masks", elapsed time 14.484912s.
250329-14:50:25,601 nipype.workflow INFO:
	 [Node] Finished "acc_masks", elapsed time 14.277562s.
250329-14:50:25,676 nipype.workflow INFO:
	 [Node] Finished "acc_masks", elapsed time 14.392031s.
250329-14:50:27,190 nipype.workflow INFO:
	 [Node] Setting-up "fmriprep_24_0_wf.sub_36_wf.bold_task_bird_run_1_wf.bold_fit_wf.func_fit_reports_wf.boldref_wm" in "/work_dir/fmriprep_24_0_wf/sub_36_wf/bold_task_bird_run_1_wf/bold_fit_wf/func_fit_reports_wf/boldref_wm".
250329-14:50:27,194 nipype.workflow INFO:
	 [Node] Executing "boldref_wm" <niworkflows.interfaces.fixes.FixHeaderApplyTransforms>
250329-14:50:27,196 nipype.workflow INFO:
	 [Node] Setting-up "fmriprep_24_0_wf.sub_36_wf.bold_task_bird_run_2_wf.bold_fit_wf.func_fit_reports_wf.boldref_wm" in "/work_dir/fmriprep_24_0_wf/sub_36_wf/bold_task_bird_run_2_wf/bold_fit_wf/func_fit_reports_wf/boldref_wm".
250329-14:50:27,199 nipype.workflow INFO:
	 [Node] Executing "boldref_wm" <niworkflows.interfaces.fixes.FixHeaderApplyTransforms>
250329-14:50:27,202 nipype.workflow INFO:
	 [Node] Setting-up "fmriprep_24_0_wf.sub_36_wf.bold_task_bird_run_3_wf.bold_fit_wf.func_fit_reports_wf.boldref_wm" in "/work_dir/fmriprep_24_0_wf/sub_36_wf/bold_task_bird_run_3_wf/bold_fit_wf/func_fit_reports_wf/boldref_wm".
250329-14:50:27,205 nipype.workflow INFO:
	 [Node] Executing "boldref_wm" <niworkflows.interfaces.fixes.FixHeaderApplyTransforms>
250329-14:50:27,207 nipype.workflow INFO:
	 [Node] Setting-up "fmriprep_24_0_wf.sub_36_wf.bold_task_bird_run_4_wf.bold_fit_wf.func_fit_reports_wf.boldref_wm" in "/work_dir/fmriprep_24_0_wf/sub_36_wf/bold_task_bird_run_4_wf/bold_fit_wf/func_fit_reports_wf/boldref_wm".
250329-14:50:27,211 nipype.workflow INFO:
	 [Node] Executing "boldref_wm" <niworkflows.interfaces.fixes.FixHeaderApplyTransforms>
250329-14:50:28,222 nipype.workflow INFO:
	 [Node] Finished "boldref_wm", elapsed time 1.027173s.
250329-14:50:28,331 nipype.workflow INFO:
	 [Node] Finished "boldref_wm", elapsed time 1.125457s.
250329-14:50:28,355 nipype.workflow INFO:
	 [Node] Finished "boldref_wm", elapsed time 1.155046s.
250329-14:50:28,394 nipype.workflow INFO:
	 [Node] Finished "boldref_wm", elapsed time 1.182813s.
250329-14:50:29,168 nipype.workflow INFO:
	 [Node] Setting-up "fmriprep_24_0_wf.sub_36_wf.bold_task_bird_run_5_wf.bold_fit_wf.func_fit_reports_wf.boldref_wm" in "/work_dir/fmriprep_24_0_wf/sub_36_wf/bold_task_bird_run_5_wf/bold_fit_wf/func_fit_reports_wf/boldref_wm".
250329-14:50:29,168 nipype.workflow INFO:
	 [Node] Setting-up "fmriprep_24_0_wf.sub_36_wf.bold_task_bird_run_6_wf.bold_fit_wf.func_fit_reports_wf.boldref_wm" in "/work_dir/fmriprep_24_0_wf/sub_36_wf/bold_task_bird_run_6_wf/bold_fit_wf/func_fit_reports_wf/boldref_wm".
250329-14:50:29,172 nipype.workflow INFO:
	 [Node] Executing "boldref_wm" <niworkflows.interfaces.fixes.FixHeaderApplyTransforms>
250329-14:50:29,172 nipype.workflow INFO:
	 [Node] Executing "boldref_wm" <niworkflows.interfaces.fixes.FixHeaderApplyTransforms>
250329-14:50:29,174 nipype.workflow INFO:
	 [Node] Setting-up "fmriprep_24_0_wf.sub_36_wf.bold_task_bird_run_1_wf.bold_fit_wf.func_fit_reports_wf.epi_t1_report" in "/work_dir/fmriprep_24_0_wf/sub_36_wf/bold_task_bird_run_1_wf/bold_fit_wf/func_fit_reports_wf/epi_t1_report".
250329-14:50:29,177 nipype.workflow INFO:
	 [Node] Executing "epi_t1_report" <nireports.interfaces.reporting.base.SimpleBeforeAfterRPT>
250329-14:50:29,178 nipype.interface INFO:
	 Report - setting before (/output/sub-36/func/sub-36_task-bird_run-1_desc-coreg_boldref.nii.gz) and after (/work_dir/fmriprep_24_0_wf/sub_36_wf/bold_task_bird_run_1_wf/bold_fit_wf/func_fit_reports_wf/t1w_boldref/sub-36_desc-preproc_T1w_trans.nii.gz) images
250329-14:50:29,178 nipype.interface INFO:
	 Generating visual report
250329-14:50:29,985 nipype.workflow INFO:
	 [Node] Finished "boldref_wm", elapsed time 0.813075s.
250329-14:50:30,211 nipype.workflow INFO:
	 [Node] Finished "boldref_wm", elapsed time 1.037811s.
250329-14:50:31,34 nipype.workflow INFO:
	 [Node] Setting-up "fmriprep_24_0_wf.sub_36_wf.bold_task_bird_run_2_wf.bold_fit_wf.func_fit_reports_wf.epi_t1_report" in "/work_dir/fmriprep_24_0_wf/sub_36_wf/bold_task_bird_run_2_wf/bold_fit_wf/func_fit_reports_wf/epi_t1_report".
250329-14:50:31,37 nipype.workflow INFO:
	 [Node] Executing "epi_t1_report" <nireports.interfaces.reporting.base.SimpleBeforeAfterRPT>
250329-14:50:31,38 nipype.interface INFO:
	 Report - setting before (/output/sub-36/func/sub-36_task-bird_run-2_desc-coreg_boldref.nii.gz) and after (/work_dir/fmriprep_24_0_wf/sub_36_wf/bold_task_bird_run_2_wf/bold_fit_wf/func_fit_reports_wf/t1w_boldref/sub-36_desc-preproc_T1w_trans.nii.gz) images
250329-14:50:31,38 nipype.interface INFO:
	 Generating visual report
250329-14:50:31,565 nipype.workflow INFO:
	 [Node] Finished "resample", elapsed time 44.932141s.
250329-14:50:32,55 nipype.workflow INFO:
	 [Node] Setting-up "fmriprep_24_0_wf.sub_36_wf.bold_task_bird_run_4_wf.bold_fit_wf.func_fit_reports_wf.epi_t1_report" in "/work_dir/fmriprep_24_0_wf/sub_36_wf/bold_task_bird_run_4_wf/bold_fit_wf/func_fit_reports_wf/epi_t1_report".
250329-14:50:32,59 nipype.workflow INFO:
	 [Node] Executing "epi_t1_report" <nireports.interfaces.reporting.base.SimpleBeforeAfterRPT>
250329-14:50:32,60 nipype.interface INFO:
	 Report - setting before (/output/sub-36/func/sub-36_task-bird_run-4_desc-coreg_boldref.nii.gz) and after (/work_dir/fmriprep_24_0_wf/sub_36_wf/bold_task_bird_run_4_wf/bold_fit_wf/func_fit_reports_wf/t1w_boldref/sub-36_desc-preproc_T1w_trans.nii.gz) images
250329-14:50:32,60 nipype.interface INFO:
	 Generating visual report
250329-14:50:33,68 nipype.workflow INFO:
	 [Node] Setting-up "fmriprep_24_0_wf.sub_36_wf.bold_task_bird_run_3_wf.bold_fit_wf.func_fit_reports_wf.epi_t1_report" in "/work_dir/fmriprep_24_0_wf/sub_36_wf/bold_task_bird_run_3_wf/bold_fit_wf/func_fit_reports_wf/epi_t1_report".
250329-14:50:33,72 nipype.workflow INFO:
	 [Node] Executing "epi_t1_report" <nireports.interfaces.reporting.base.SimpleBeforeAfterRPT>
250329-14:50:33,72 nipype.interface INFO:
	 Report - setting before (/output/sub-36/func/sub-36_task-bird_run-3_desc-coreg_boldref.nii.gz) and after (/work_dir/fmriprep_24_0_wf/sub_36_wf/bold_task_bird_run_3_wf/bold_fit_wf/func_fit_reports_wf/t1w_boldref/sub-36_desc-preproc_T1w_trans.nii.gz) images
250329-14:50:33,72 nipype.interface INFO:
	 Generating visual report
250329-14:50:33,177 nipype.workflow INFO:
	 [Node] Setting-up "fmriprep_24_0_wf.sub_36_wf.bold_task_bird_run_4_wf.bold_confounds_wf.subtract_mask" in "/work_dir/fmriprep_24_0_wf/sub_36_wf/bold_task_bird_run_4_wf/bold_confounds_wf/subtract_mask".
250329-14:50:33,179 nipype.workflow INFO:
	 [Node] Executing "subtract_mask" <niworkflows.interfaces.morphology.BinarySubtraction>
250329-14:50:33,185 nipype.workflow INFO:
	 [Node] Setting-up "_acc_msk_tfm0" in "/work_dir/fmriprep_24_0_wf/sub_36_wf/bold_task_bird_run_2_wf/bold_confounds_wf/acc_msk_tfm/mapflow/_acc_msk_tfm0".
250329-14:50:33,185 nipype.workflow INFO:
	 [Node] Setting-up "_acc_msk_tfm1" in "/work_dir/fmriprep_24_0_wf/sub_36_wf/bold_task_bird_run_2_wf/bold_confounds_wf/acc_msk_tfm/mapflow/_acc_msk_tfm1".
250329-14:50:33,185 nipype.workflow INFO:
	 [Node] Setting-up "_acc_msk_tfm2" in "/work_dir/fmriprep_24_0_wf/sub_36_wf/bold_task_bird_run_2_wf/bold_confounds_wf/acc_msk_tfm/mapflow/_acc_msk_tfm2".
250329-14:50:33,186 nipype.workflow INFO:
	 [Node] Setting-up "_acc_msk_tfm0" in "/work_dir/fmriprep_24_0_wf/sub_36_wf/bold_task_bird_run_1_wf/bold_confounds_wf/acc_msk_tfm/mapflow/_acc_msk_tfm0".
250329-14:50:33,189 nipype.workflow INFO:
	 [Node] Executing "_acc_msk_tfm0" <niworkflows.interfaces.fixes.FixHeaderApplyTransforms>
250329-14:50:33,189 nipype.workflow INFO:
	 [Node] Executing "_acc_msk_tfm1" <niworkflows.interfaces.fixes.FixHeaderApplyTransforms>
250329-14:50:33,189 nipype.workflow INFO:
	 [Node] Executing "_acc_msk_tfm0" <niworkflows.interfaces.fixes.FixHeaderApplyTransforms>
250329-14:50:33,192 nipype.workflow INFO:
	 [Node] Executing "_acc_msk_tfm2" <niworkflows.interfaces.fixes.FixHeaderApplyTransforms>
250329-14:50:33,194 nipype.workflow INFO:
	 [Node] Setting-up "fmriprep_24_0_wf.sub_36_wf.bold_task_bird_run_6_wf.bold_confounds_wf.crowncc_metadata_fmt" in "/work_dir/fmriprep_24_0_wf/sub_36_wf/bold_task_bird_run_6_wf/bold_confounds_wf/crowncc_metadata_fmt".
250329-14:50:33,199 nipype.workflow INFO:
	 [Node] Executing "crowncc_metadata_fmt" <niworkflows.interfaces.utility.TSV2JSON>
250329-14:50:33,221 nipype.workflow INFO:
	 [Node] Finished "crowncc_metadata_fmt", elapsed time 0.021225s.
250329-14:50:33,310 nipype.workflow INFO:
	 [Node] Finished "subtract_mask", elapsed time 0.130317s.
250329-14:50:33,691 nipype.workflow INFO:
	 [Node] Setting-up "fmriprep_24_0_wf.sub_36_wf.bold_task_bird_run_5_wf.bold_fit_wf.func_fit_reports_wf.epi_t1_report" in "/work_dir/fmriprep_24_0_wf/sub_36_wf/bold_task_bird_run_5_wf/bold_fit_wf/func_fit_reports_wf/epi_t1_report".
250329-14:50:33,695 nipype.workflow INFO:
	 [Node] Executing "epi_t1_report" <nireports.interfaces.reporting.base.SimpleBeforeAfterRPT>
250329-14:50:33,695 nipype.interface INFO:
	 Report - setting before (/output/sub-36/func/sub-36_task-bird_run-5_desc-coreg_boldref.nii.gz) and after (/work_dir/fmriprep_24_0_wf/sub_36_wf/bold_task_bird_run_5_wf/bold_fit_wf/func_fit_reports_wf/t1w_boldref/sub-36_desc-preproc_T1w_trans.nii.gz) images
250329-14:50:33,695 nipype.interface INFO:
	 Generating visual report
250329-14:50:33,786 nipype.workflow INFO:
	 [Node] Finished "acc_masks", elapsed time 8.88504s.
250329-14:50:35,300 nipype.workflow INFO:
	 [Node] Setting-up "fmriprep_24_0_wf.sub_36_wf.bold_task_bird_run_4_wf.bold_confounds_wf.crowncompcor" in "/work_dir/fmriprep_24_0_wf/sub_36_wf/bold_task_bird_run_4_wf/bold_confounds_wf/crowncompcor".
250329-14:50:35,304 nipype.workflow INFO:
	 [Node] Executing "crowncompcor" <niworkflows.interfaces.patches.RobustACompCor>
250329-14:50:35,308 nipype.workflow INFO:
	 [Node] Setting-up "_acc_msk_tfm1" in "/work_dir/fmriprep_24_0_wf/sub_36_wf/bold_task_bird_run_1_wf/bold_confounds_wf/acc_msk_tfm/mapflow/_acc_msk_tfm1".
250329-14:50:35,310 nipype.workflow INFO:
	 [Node] Executing "_acc_msk_tfm1" <niworkflows.interfaces.fixes.FixHeaderApplyTransforms>
250329-14:50:35,324 nipype.workflow INFO:
	 [Node] Setting-up "_acc_msk_tfm2" in "/work_dir/fmriprep_24_0_wf/sub_36_wf/bold_task_bird_run_1_wf/bold_confounds_wf/acc_msk_tfm/mapflow/_acc_msk_tfm2".
250329-14:50:35,327 nipype.workflow INFO:
	 [Node] Executing "_acc_msk_tfm2" <niworkflows.interfaces.fixes.FixHeaderApplyTransforms>
250329-14:50:36,994 nipype.workflow INFO:
	 [Node] Finished "_acc_msk_tfm0", elapsed time 3.80378s.
250329-14:50:37,105 nipype.workflow INFO:
	 [Node] Finished "_acc_msk_tfm1", elapsed time 3.9154489999999997s.
250329-14:50:37,313 nipype.workflow INFO:
	 [Node] Setting-up "fmriprep_24_0_wf.sub_36_wf.bold_task_bird_run_6_wf.bold_fit_wf.func_fit_reports_wf.epi_t1_report" in "/work_dir/fmriprep_24_0_wf/sub_36_wf/bold_task_bird_run_6_wf/bold_fit_wf/func_fit_reports_wf/epi_t1_report".
250329-14:50:37,317 nipype.workflow INFO:
	 [Node] Executing "epi_t1_report" <nireports.interfaces.reporting.base.SimpleBeforeAfterRPT>
250329-14:50:37,317 nipype.interface INFO:
	 Report - setting before (/output/sub-36/func/sub-36_task-bird_run-6_desc-coreg_boldref.nii.gz) and after (/work_dir/fmriprep_24_0_wf/sub_36_wf/bold_task_bird_run_6_wf/bold_fit_wf/func_fit_reports_wf/t1w_boldref/sub-36_desc-preproc_T1w_trans.nii.gz) images
250329-14:50:37,317 nipype.interface INFO:
	 Generating visual report
250329-14:50:37,409 nipype.workflow INFO:
	 [Node] Finished "_acc_msk_tfm2", elapsed time 4.215784s.
250329-14:50:37,462 nipype.workflow INFO:
	 [Node] Finished "_acc_msk_tfm0", elapsed time 4.271733s.
250329-14:50:38,822 nipype.workflow INFO:
	 [Node] Finished "_acc_msk_tfm2", elapsed time 3.494337s.
250329-14:50:39,202 nipype.workflow INFO:
	 [Node] Setting-up "_acc_msk_tfm0" in "/work_dir/fmriprep_24_0_wf/sub_36_wf/bold_task_bird_run_2_wf/bold_confounds_wf/acc_msk_tfm/mapflow/_acc_msk_tfm0".
250329-14:50:39,203 nipype.workflow INFO:
	 [Node] Cached "_acc_msk_tfm0" - collecting precomputed outputs
250329-14:50:39,204 nipype.workflow INFO:
	 [Node] "_acc_msk_tfm0" found cached.
250329-14:50:39,205 nipype.workflow INFO:
	 [Node] Setting-up "_acc_msk_tfm1" in "/work_dir/fmriprep_24_0_wf/sub_36_wf/bold_task_bird_run_2_wf/bold_confounds_wf/acc_msk_tfm/mapflow/_acc_msk_tfm1".
250329-14:50:39,206 nipype.workflow INFO:
	 [Node] Cached "_acc_msk_tfm1" - collecting precomputed outputs
250329-14:50:39,206 nipype.workflow INFO:
	 [Node] "_acc_msk_tfm1" found cached.
250329-14:50:39,207 nipype.workflow INFO:
	 [Node] Setting-up "_acc_msk_tfm2" in "/work_dir/fmriprep_24_0_wf/sub_36_wf/bold_task_bird_run_2_wf/bold_confounds_wf/acc_msk_tfm/mapflow/_acc_msk_tfm2".
250329-14:50:39,208 nipype.workflow INFO:
	 [Node] Cached "_acc_msk_tfm2" - collecting precomputed outputs
250329-14:50:39,208 nipype.workflow INFO:
	 [Node] "_acc_msk_tfm2" found cached.
250329-14:50:39,222 nipype.workflow INFO:
	 [Node] Setting-up "_acc_msk_tfm0" in "/work_dir/fmriprep_24_0_wf/sub_36_wf/bold_task_bird_run_3_wf/bold_confounds_wf/acc_msk_tfm/mapflow/_acc_msk_tfm0".
250329-14:50:39,222 nipype.workflow INFO:
	 [Node] Setting-up "_acc_msk_tfm1" in "/work_dir/fmriprep_24_0_wf/sub_36_wf/bold_task_bird_run_3_wf/bold_confounds_wf/acc_msk_tfm/mapflow/_acc_msk_tfm1".
250329-14:50:39,224 nipype.workflow INFO:
	 [Node] Executing "_acc_msk_tfm0" <niworkflows.interfaces.fixes.FixHeaderApplyTransforms>
250329-14:50:39,224 nipype.workflow INFO:
	 [Node] Executing "_acc_msk_tfm1" <niworkflows.interfaces.fixes.FixHeaderApplyTransforms>
250329-14:50:39,226 nipype.workflow INFO:
	 [Node] Setting-up "_acc_msk_tfm2" in "/work_dir/fmriprep_24_0_wf/sub_36_wf/bold_task_bird_run_3_wf/bold_confounds_wf/acc_msk_tfm/mapflow/_acc_msk_tfm2".
250329-14:50:39,228 nipype.workflow INFO:
	 [Node] Executing "_acc_msk_tfm2" <niworkflows.interfaces.fixes.FixHeaderApplyTransforms>
250329-14:50:39,633 nipype.workflow INFO:
	 [Node] Finished "_acc_msk_tfm1", elapsed time 4.322052s.
250329-14:50:41,319 nipype.workflow INFO:
	 [Node] Setting-up "_acc_msk_tfm0" in "/work_dir/fmriprep_24_0_wf/sub_36_wf/bold_task_bird_run_1_wf/bold_confounds_wf/acc_msk_tfm/mapflow/_acc_msk_tfm0".
250329-14:50:41,320 nipype.workflow INFO:
	 [Node] Cached "_acc_msk_tfm0" - collecting precomputed outputs
250329-14:50:41,321 nipype.workflow INFO:
	 [Node] "_acc_msk_tfm0" found cached.
250329-14:50:41,322 nipype.workflow INFO:
	 [Node] Setting-up "_acc_msk_tfm1" in "/work_dir/fmriprep_24_0_wf/sub_36_wf/bold_task_bird_run_1_wf/bold_confounds_wf/acc_msk_tfm/mapflow/_acc_msk_tfm1".
250329-14:50:41,322 nipype.workflow INFO:
	 [Node] Cached "_acc_msk_tfm1" - collecting precomputed outputs
250329-14:50:41,323 nipype.workflow INFO:
	 [Node] "_acc_msk_tfm1" found cached.
250329-14:50:41,323 nipype.workflow INFO:
	 [Node] Setting-up "_acc_msk_tfm2" in "/work_dir/fmriprep_24_0_wf/sub_36_wf/bold_task_bird_run_1_wf/bold_confounds_wf/acc_msk_tfm/mapflow/_acc_msk_tfm2".
250329-14:50:41,324 nipype.workflow INFO:
	 [Node] Cached "_acc_msk_tfm2" - collecting precomputed outputs
250329-14:50:41,324 nipype.workflow INFO:
	 [Node] "_acc_msk_tfm2" found cached.
250329-14:50:41,348 nipype.workflow INFO:
	 [Node] Setting-up "_acc_msk_tfm0" in "/work_dir/fmriprep_24_0_wf/sub_36_wf/bold_task_bird_run_4_wf/bold_confounds_wf/acc_msk_tfm/mapflow/_acc_msk_tfm0".
250329-14:50:41,350 nipype.workflow INFO:
	 [Node] Executing "_acc_msk_tfm0" <niworkflows.interfaces.fixes.FixHeaderApplyTransforms>
250329-14:50:41,366 nipype.workflow INFO:
	 [Node] Setting-up "_acc_msk_tfm1" in "/work_dir/fmriprep_24_0_wf/sub_36_wf/bold_task_bird_run_4_wf/bold_confounds_wf/acc_msk_tfm/mapflow/_acc_msk_tfm1".
250329-14:50:41,368 nipype.workflow INFO:
	 [Node] Executing "_acc_msk_tfm1" <niworkflows.interfaces.fixes.FixHeaderApplyTransforms>
250329-14:50:43,85 nipype.workflow INFO:
	 [Node] Finished "_acc_msk_tfm1", elapsed time 3.86s.
250329-14:50:43,378 nipype.workflow INFO:
	 [Node] Setting-up "_acc_msk_tfm2" in "/work_dir/fmriprep_24_0_wf/sub_36_wf/bold_task_bird_run_4_wf/bold_confounds_wf/acc_msk_tfm/mapflow/_acc_msk_tfm2".
250329-14:50:43,380 nipype.workflow INFO:
	 [Node] Executing "_acc_msk_tfm2" <niworkflows.interfaces.fixes.FixHeaderApplyTransforms>
250329-14:50:43,566 nipype.workflow INFO:
	 [Node] Finished "_acc_msk_tfm0", elapsed time 4.341421s.
250329-14:50:43,706 nipype.workflow INFO:
	 [Node] Finished "_acc_msk_tfm2", elapsed time 4.477415s.
250329-14:50:44,83 nipype.workflow INFO:
	 [Node] Finished "_acc_msk_tfm1", elapsed time 2.714178s.
250329-14:50:45,556 nipype.workflow INFO:
	 [Node] Setting-up "_acc_msk_tfm0" in "/work_dir/fmriprep_24_0_wf/sub_36_wf/bold_task_bird_run_3_wf/bold_confounds_wf/acc_msk_tfm/mapflow/_acc_msk_tfm0".
250329-14:50:45,557 nipype.workflow INFO:
	 [Node] Cached "_acc_msk_tfm0" - collecting precomputed outputs
250329-14:50:45,558 nipype.workflow INFO:
	 [Node] "_acc_msk_tfm0" found cached.
250329-14:50:45,559 nipype.workflow INFO:
	 [Node] Setting-up "_acc_msk_tfm1" in "/work_dir/fmriprep_24_0_wf/sub_36_wf/bold_task_bird_run_3_wf/bold_confounds_wf/acc_msk_tfm/mapflow/_acc_msk_tfm1".
250329-14:50:45,560 nipype.workflow INFO:
	 [Node] Cached "_acc_msk_tfm1" - collecting precomputed outputs
250329-14:50:45,560 nipype.workflow INFO:
	 [Node] "_acc_msk_tfm1" found cached.
250329-14:50:45,561 nipype.workflow INFO:
	 [Node] Setting-up "_acc_msk_tfm2" in "/work_dir/fmriprep_24_0_wf/sub_36_wf/bold_task_bird_run_3_wf/bold_confounds_wf/acc_msk_tfm/mapflow/_acc_msk_tfm2".
250329-14:50:45,562 nipype.workflow INFO:
	 [Node] Cached "_acc_msk_tfm2" - collecting precomputed outputs
250329-14:50:45,562 nipype.workflow INFO:
	 [Node] "_acc_msk_tfm2" found cached.
250329-14:50:45,564 nipype.workflow INFO:
	 [Node] Setting-up "_acc_msk_tfm0" in "/work_dir/fmriprep_24_0_wf/sub_36_wf/bold_task_bird_run_5_wf/bold_confounds_wf/acc_msk_tfm/mapflow/_acc_msk_tfm0".
250329-14:50:45,566 nipype.workflow INFO:
	 [Node] Executing "_acc_msk_tfm0" <niworkflows.interfaces.fixes.FixHeaderApplyTransforms>
250329-14:50:45,568 nipype.workflow INFO:
	 [Node] Setting-up "_acc_msk_tfm1" in "/work_dir/fmriprep_24_0_wf/sub_36_wf/bold_task_bird_run_5_wf/bold_confounds_wf/acc_msk_tfm/mapflow/_acc_msk_tfm1".
250329-14:50:45,570 nipype.workflow INFO:
	 [Node] Executing "_acc_msk_tfm1" <niworkflows.interfaces.fixes.FixHeaderApplyTransforms>
250329-14:50:45,572 nipype.workflow INFO:
	 [Node] Setting-up "_acc_msk_tfm2" in "/work_dir/fmriprep_24_0_wf/sub_36_wf/bold_task_bird_run_5_wf/bold_confounds_wf/acc_msk_tfm/mapflow/_acc_msk_tfm2".
250329-14:50:45,574 nipype.workflow INFO:
	 [Node] Executing "_acc_msk_tfm2" <niworkflows.interfaces.fixes.FixHeaderApplyTransforms>
250329-14:50:45,634 nipype.workflow INFO:
	 [Node] Finished "_acc_msk_tfm0", elapsed time 4.282896s.
250329-14:50:46,186 nipype.workflow INFO:
	 [Node] Finished "_acc_msk_tfm2", elapsed time 2.805718s.
250329-14:50:47,183 nipype.workflow INFO:
	 [Node] Setting-up "_acc_msk_tfm0" in "/work_dir/fmriprep_24_0_wf/sub_36_wf/bold_task_bird_run_4_wf/bold_confounds_wf/acc_msk_tfm/mapflow/_acc_msk_tfm0".
250329-14:50:47,184 nipype.workflow INFO:
	 [Node] Cached "_acc_msk_tfm0" - collecting precomputed outputs
250329-14:50:47,184 nipype.workflow INFO:
	 [Node] "_acc_msk_tfm0" found cached.
250329-14:50:47,185 nipype.workflow INFO:
	 [Node] Setting-up "_acc_msk_tfm1" in "/work_dir/fmriprep_24_0_wf/sub_36_wf/bold_task_bird_run_4_wf/bold_confounds_wf/acc_msk_tfm/mapflow/_acc_msk_tfm1".
250329-14:50:47,187 nipype.workflow INFO:
	 [Node] Cached "_acc_msk_tfm1" - collecting precomputed outputs
250329-14:50:47,187 nipype.workflow INFO:
	 [Node] "_acc_msk_tfm1" found cached.
250329-14:50:47,188 nipype.workflow INFO:
	 [Node] Setting-up "_acc_msk_tfm2" in "/work_dir/fmriprep_24_0_wf/sub_36_wf/bold_task_bird_run_4_wf/bold_confounds_wf/acc_msk_tfm/mapflow/_acc_msk_tfm2".
250329-14:50:47,189 nipype.workflow INFO:
	 [Node] Cached "_acc_msk_tfm2" - collecting precomputed outputs
250329-14:50:47,189 nipype.workflow INFO:
	 [Node] "_acc_msk_tfm2" found cached.
250329-14:50:47,211 nipype.workflow INFO:
	 [Node] Setting-up "_acc_msk_tfm0" in "/work_dir/fmriprep_24_0_wf/sub_36_wf/bold_task_bird_run_6_wf/bold_confounds_wf/acc_msk_tfm/mapflow/_acc_msk_tfm0".
250329-14:50:47,213 nipype.workflow INFO:
	 [Node] Executing "_acc_msk_tfm0" <niworkflows.interfaces.fixes.FixHeaderApplyTransforms>
250329-14:50:47,223 nipype.workflow INFO:
	 [Node] Setting-up "_acc_msk_tfm1" in "/work_dir/fmriprep_24_0_wf/sub_36_wf/bold_task_bird_run_6_wf/bold_confounds_wf/acc_msk_tfm/mapflow/_acc_msk_tfm1".
250329-14:50:47,226 nipype.workflow INFO:
	 [Node] Executing "_acc_msk_tfm1" <niworkflows.interfaces.fixes.FixHeaderApplyTransforms>
250329-14:50:47,630 nipype.workflow INFO:
	 [Node] Finished "_acc_msk_tfm1", elapsed time 2.059054s.
250329-14:50:48,860 nipype.workflow INFO:
	 [Node] Finished "_acc_msk_tfm2", elapsed time 3.2856389999999998s.
250329-14:50:49,523 nipype.workflow INFO:
	 [Node] Setting-up "_acc_msk_tfm2" in "/work_dir/fmriprep_24_0_wf/sub_36_wf/bold_task_bird_run_6_wf/bold_confounds_wf/acc_msk_tfm/mapflow/_acc_msk_tfm2".
250329-14:50:49,525 nipype.workflow INFO:
	 [Node] Executing "_acc_msk_tfm2" <niworkflows.interfaces.fixes.FixHeaderApplyTransforms>
250329-14:50:49,528 nipype.workflow INFO:
	 [Node] Setting-up "_acc_msk_brain0" in "/work_dir/fmriprep_24_0_wf/sub_36_wf/bold_task_bird_run_2_wf/bold_confounds_wf/acc_msk_brain/mapflow/_acc_msk_brain0".
250329-14:50:49,529 nipype.workflow INFO:
	 [Node] Executing "_acc_msk_brain0" <niworkflows.interfaces.nibabel.ApplyMask>
250329-14:50:49,970 nipype.workflow INFO:
	 [Node] Finished "crowncompcor", elapsed time 14.664838s.
250329-14:50:49,984 nipype.workflow INFO:
	 [Node] Finished "_acc_msk_brain0", elapsed time 0.454333s.
250329-14:50:50,642 nipype.workflow INFO:
	 [Node] Finished "_acc_msk_tfm0", elapsed time 5.074774s.
250329-14:50:51,322 nipype.workflow INFO:
	 [Node] Setting-up "_acc_msk_tfm0" in "/work_dir/fmriprep_24_0_wf/sub_36_wf/bold_task_bird_run_5_wf/bold_confounds_wf/acc_msk_tfm/mapflow/_acc_msk_tfm0".
250329-14:50:51,323 nipype.workflow INFO:
	 [Node] Cached "_acc_msk_tfm0" - collecting precomputed outputs
250329-14:50:51,324 nipype.workflow INFO:
	 [Node] "_acc_msk_tfm0" found cached.
250329-14:50:51,324 nipype.workflow INFO:
	 [Node] Setting-up "_acc_msk_tfm1" in "/work_dir/fmriprep_24_0_wf/sub_36_wf/bold_task_bird_run_5_wf/bold_confounds_wf/acc_msk_tfm/mapflow/_acc_msk_tfm1".
250329-14:50:51,325 nipype.workflow INFO:
	 [Node] Cached "_acc_msk_tfm1" - collecting precomputed outputs
250329-14:50:51,325 nipype.workflow INFO:
	 [Node] "_acc_msk_tfm1" found cached.
250329-14:50:51,326 nipype.workflow INFO:
	 [Node] Setting-up "_acc_msk_tfm2" in "/work_dir/fmriprep_24_0_wf/sub_36_wf/bold_task_bird_run_5_wf/bold_confounds_wf/acc_msk_tfm/mapflow/_acc_msk_tfm2".
250329-14:50:51,327 nipype.workflow INFO:
	 [Node] Cached "_acc_msk_tfm2" - collecting precomputed outputs
250329-14:50:51,327 nipype.workflow INFO:
	 [Node] "_acc_msk_tfm2" found cached.
250329-14:50:51,335 nipype.workflow INFO:
	 [Node] Setting-up "fmriprep_24_0_wf.sub_36_wf.bold_task_bird_run_4_wf.bold_confounds_wf.crowncc_metadata_fmt" in "/work_dir/fmriprep_24_0_wf/sub_36_wf/bold_task_bird_run_4_wf/bold_confounds_wf/crowncc_metadata_fmt".
250329-14:50:51,337 nipype.workflow INFO:
	 [Node] Executing "crowncc_metadata_fmt" <niworkflows.interfaces.utility.TSV2JSON>
250329-14:50:51,338 nipype.workflow INFO:
	 [Node] Setting-up "_acc_msk_brain1" in "/work_dir/fmriprep_24_0_wf/sub_36_wf/bold_task_bird_run_2_wf/bold_confounds_wf/acc_msk_brain/mapflow/_acc_msk_brain1".
250329-14:50:51,338 nipype.workflow INFO:
	 [Node] Setting-up "_acc_msk_brain2" in "/work_dir/fmriprep_24_0_wf/sub_36_wf/bold_task_bird_run_2_wf/bold_confounds_wf/acc_msk_brain/mapflow/_acc_msk_brain2".
250329-14:50:51,339 nipype.workflow INFO:
	 [Node] Executing "_acc_msk_brain1" <niworkflows.interfaces.nibabel.ApplyMask>
250329-14:50:51,340 nipype.workflow INFO:
	 [Node] Executing "_acc_msk_brain2" <niworkflows.interfaces.nibabel.ApplyMask>
250329-14:50:51,345 nipype.workflow INFO:
	 [Node] Finished "crowncc_metadata_fmt", elapsed time 0.006861s.
250329-14:50:51,485 nipype.workflow INFO:
	 [Node] Finished "_acc_msk_tfm1", elapsed time 4.258845s.
250329-14:50:51,503 nipype.workflow INFO:
	 [Node] Finished "_acc_msk_brain2", elapsed time 0.162345s.
250329-14:50:51,564 nipype.workflow INFO:
	 [Node] Finished "_acc_msk_brain1", elapsed time 0.224095s.
250329-14:50:51,770 nipype.workflow INFO:
	 [Node] Finished "_acc_msk_tfm0", elapsed time 4.555998s.
250329-14:50:52,858 nipype.workflow INFO:
	 [Node] Finished "_acc_msk_tfm2", elapsed time 3.331594s.
250329-14:50:53,456 nipype.workflow INFO:
	 [Node] Setting-up "_acc_msk_brain0" in "/work_dir/fmriprep_24_0_wf/sub_36_wf/bold_task_bird_run_2_wf/bold_confounds_wf/acc_msk_brain/mapflow/_acc_msk_brain0".
250329-14:50:53,457 nipype.workflow INFO:
	 [Node] Cached "_acc_msk_brain0" - collecting precomputed outputs
250329-14:50:53,457 nipype.workflow INFO:
	 [Node] "_acc_msk_brain0" found cached.
250329-14:50:53,458 nipype.workflow INFO:
	 [Node] Setting-up "_acc_msk_brain1" in "/work_dir/fmriprep_24_0_wf/sub_36_wf/bold_task_bird_run_2_wf/bold_confounds_wf/acc_msk_brain/mapflow/_acc_msk_brain1".
250329-14:50:53,459 nipype.workflow INFO:
	 [Node] Cached "_acc_msk_brain1" - collecting precomputed outputs
250329-14:50:53,459 nipype.workflow INFO:
	 [Node] "_acc_msk_brain1" found cached.
250329-14:50:53,459 nipype.workflow INFO:
	 [Node] Setting-up "_acc_msk_brain2" in "/work_dir/fmriprep_24_0_wf/sub_36_wf/bold_task_bird_run_2_wf/bold_confounds_wf/acc_msk_brain/mapflow/_acc_msk_brain2".
250329-14:50:53,460 nipype.workflow INFO:
	 [Node] Cached "_acc_msk_brain2" - collecting precomputed outputs
250329-14:50:53,460 nipype.workflow INFO:
	 [Node] "_acc_msk_brain2" found cached.
250329-14:50:53,463 nipype.workflow INFO:
	 [Node] Setting-up "_acc_msk_brain0" in "/work_dir/fmriprep_24_0_wf/sub_36_wf/bold_task_bird_run_1_wf/bold_confounds_wf/acc_msk_brain/mapflow/_acc_msk_brain0".
250329-14:50:53,464 nipype.workflow INFO:
	 [Node] Setting-up "_acc_msk_brain1" in "/work_dir/fmriprep_24_0_wf/sub_36_wf/bold_task_bird_run_1_wf/bold_confounds_wf/acc_msk_brain/mapflow/_acc_msk_brain1".
250329-14:50:53,465 nipype.workflow INFO:
	 [Node] Executing "_acc_msk_brain0" <niworkflows.interfaces.nibabel.ApplyMask>
250329-14:50:53,465 nipype.workflow INFO:
	 [Node] Setting-up "_acc_msk_brain2" in "/work_dir/fmriprep_24_0_wf/sub_36_wf/bold_task_bird_run_1_wf/bold_confounds_wf/acc_msk_brain/mapflow/_acc_msk_brain2".
250329-14:50:53,465 nipype.workflow INFO:
	 [Node] Executing "_acc_msk_brain1" <niworkflows.interfaces.nibabel.ApplyMask>
250329-14:50:53,466 nipype.workflow INFO:
	 [Node] Executing "_acc_msk_brain2" <niworkflows.interfaces.nibabel.ApplyMask>
250329-14:50:53,481 nipype.workflow INFO:
	 [Node] Setting-up "_acc_msk_brain0" in "/work_dir/fmriprep_24_0_wf/sub_36_wf/bold_task_bird_run_3_wf/bold_confounds_wf/acc_msk_brain/mapflow/_acc_msk_brain0".
250329-14:50:53,481 nipype.workflow INFO:
	 [Node] Setting-up "_acc_msk_brain1" in "/work_dir/fmriprep_24_0_wf/sub_36_wf/bold_task_bird_run_3_wf/bold_confounds_wf/acc_msk_brain/mapflow/_acc_msk_brain1".
250329-14:50:53,482 nipype.workflow INFO:
	 [Node] Executing "_acc_msk_brain0" <niworkflows.interfaces.nibabel.ApplyMask>
250329-14:50:53,483 nipype.workflow INFO:
	 [Node] Executing "_acc_msk_brain1" <niworkflows.interfaces.nibabel.ApplyMask>
250329-14:50:53,790 nipype.workflow INFO:
	 [Node] Finished "_acc_msk_brain1", elapsed time 0.324388s.
250329-14:50:53,797 nipype.workflow INFO:
	 [Node] Finished "_acc_msk_brain1", elapsed time 0.313257s.
250329-14:50:53,802 nipype.workflow INFO:
	 [Node] Finished "_acc_msk_brain0", elapsed time 0.336716s.
250329-14:50:53,808 nipype.workflow INFO:
	 [Node] Finished "_acc_msk_brain2", elapsed time 0.295612s.
250329-14:50:53,874 nipype.workflow INFO:
	 [Node] Finished "_acc_msk_brain0", elapsed time 0.391286s.
250329-14:50:55,120 nipype.workflow INFO:
	 [Node] Setting-up "_acc_msk_tfm0" in "/work_dir/fmriprep_24_0_wf/sub_36_wf/bold_task_bird_run_6_wf/bold_confounds_wf/acc_msk_tfm/mapflow/_acc_msk_tfm0".
250329-14:50:55,121 nipype.workflow INFO:
	 [Node] Cached "_acc_msk_tfm0" - collecting precomputed outputs
250329-14:50:55,121 nipype.workflow INFO:
	 [Node] "_acc_msk_tfm0" found cached.
250329-14:50:55,123 nipype.workflow INFO:
	 [Node] Setting-up "_acc_msk_tfm1" in "/work_dir/fmriprep_24_0_wf/sub_36_wf/bold_task_bird_run_6_wf/bold_confounds_wf/acc_msk_tfm/mapflow/_acc_msk_tfm1".
250329-14:50:55,123 nipype.workflow INFO:
	 [Node] Cached "_acc_msk_tfm1" - collecting precomputed outputs
250329-14:50:55,123 nipype.workflow INFO:
	 [Node] "_acc_msk_tfm1" found cached.
250329-14:50:55,124 nipype.workflow INFO:
	 [Node] Setting-up "_acc_msk_tfm2" in "/work_dir/fmriprep_24_0_wf/sub_36_wf/bold_task_bird_run_6_wf/bold_confounds_wf/acc_msk_tfm/mapflow/_acc_msk_tfm2".
250329-14:50:55,125 nipype.workflow INFO:
	 [Node] Cached "_acc_msk_tfm2" - collecting precomputed outputs
250329-14:50:55,125 nipype.workflow INFO:
	 [Node] "_acc_msk_tfm2" found cached.
250329-14:50:55,127 nipype.workflow INFO:
	 [Node] Setting-up "_acc_msk_brain0" in "/work_dir/fmriprep_24_0_wf/sub_36_wf/bold_task_bird_run_1_wf/bold_confounds_wf/acc_msk_brain/mapflow/_acc_msk_brain0".
250329-14:50:55,128 nipype.workflow INFO:
	 [Node] Cached "_acc_msk_brain0" - collecting precomputed outputs
250329-14:50:55,128 nipype.workflow INFO:
	 [Node] "_acc_msk_brain0" found cached.
250329-14:50:55,129 nipype.workflow INFO:
	 [Node] Setting-up "_acc_msk_brain1" in "/work_dir/fmriprep_24_0_wf/sub_36_wf/bold_task_bird_run_1_wf/bold_confounds_wf/acc_msk_brain/mapflow/_acc_msk_brain1".
250329-14:50:55,129 nipype.workflow INFO:
	 [Node] Cached "_acc_msk_brain1" - collecting precomputed outputs
250329-14:50:55,129 nipype.workflow INFO:
	 [Node] "_acc_msk_brain1" found cached.
250329-14:50:55,130 nipype.workflow INFO:
	 [Node] Setting-up "_acc_msk_brain2" in "/work_dir/fmriprep_24_0_wf/sub_36_wf/bold_task_bird_run_1_wf/bold_confounds_wf/acc_msk_brain/mapflow/_acc_msk_brain2".
250329-14:50:55,131 nipype.workflow INFO:
	 [Node] Cached "_acc_msk_brain2" - collecting precomputed outputs
250329-14:50:55,131 nipype.workflow INFO:
	 [Node] "_acc_msk_brain2" found cached.
250329-14:50:55,154 nipype.workflow INFO:
	 [Node] Setting-up "_acc_msk_brain2" in "/work_dir/fmriprep_24_0_wf/sub_36_wf/bold_task_bird_run_3_wf/bold_confounds_wf/acc_msk_brain/mapflow/_acc_msk_brain2".
250329-14:50:55,156 nipype.workflow INFO:
	 [Node] Executing "_acc_msk_brain2" <niworkflows.interfaces.nibabel.ApplyMask>
250329-14:50:55,175 nipype.workflow INFO:
	 [Node] Setting-up "_acc_msk_brain0" in "/work_dir/fmriprep_24_0_wf/sub_36_wf/bold_task_bird_run_4_wf/bold_confounds_wf/acc_msk_brain/mapflow/_acc_msk_brain0".
250329-14:50:55,177 nipype.workflow INFO:
	 [Node] Executing "_acc_msk_brain0" <niworkflows.interfaces.nibabel.ApplyMask>
250329-14:50:55,180 nipype.workflow INFO:
	 [Node] Setting-up "_acc_msk_brain1" in "/work_dir/fmriprep_24_0_wf/sub_36_wf/bold_task_bird_run_4_wf/bold_confounds_wf/acc_msk_brain/mapflow/_acc_msk_brain1".
250329-14:50:55,181 nipype.workflow INFO:
	 [Node] Executing "_acc_msk_brain1" <niworkflows.interfaces.nibabel.ApplyMask>
250329-14:50:55,184 nipype.workflow INFO:
	 [Node] Setting-up "_acc_msk_brain2" in "/work_dir/fmriprep_24_0_wf/sub_36_wf/bold_task_bird_run_4_wf/bold_confounds_wf/acc_msk_brain/mapflow/_acc_msk_brain2".
250329-14:50:55,184 nipype.workflow INFO:
	 [Node] Setting-up "_acc_msk_brain0" in "/work_dir/fmriprep_24_0_wf/sub_36_wf/bold_task_bird_run_5_wf/bold_confounds_wf/acc_msk_brain/mapflow/_acc_msk_brain0".
250329-14:50:55,185 nipype.workflow INFO:
	 [Node] Executing "_acc_msk_brain2" <niworkflows.interfaces.nibabel.ApplyMask>
250329-14:50:55,186 nipype.workflow INFO:
	 [Node] Executing "_acc_msk_brain0" <niworkflows.interfaces.nibabel.ApplyMask>
250329-14:50:55,383 nipype.workflow INFO:
	 [Node] Finished "_acc_msk_brain2", elapsed time 0.226764s.
250329-14:50:55,412 nipype.workflow INFO:
	 [Node] Finished "_acc_msk_brain0", elapsed time 0.226208s.
250329-14:50:55,461 nipype.workflow INFO:
	 [Node] Finished "_acc_msk_brain2", elapsed time 0.27454s.
250329-14:50:55,510 nipype.workflow INFO:
	 [Node] Finished "_acc_msk_brain1", elapsed time 0.328155s.
250329-14:50:55,584 nipype.workflow INFO:
	 [Node] Finished "_acc_msk_brain0", elapsed time 0.406285s.
250329-14:50:56,492 nipype.workflow INFO:
	 [Node] Finished "seg_rpt", elapsed time 49.529222s.
250329-14:50:57,760 nipype.workflow INFO:
	 [Node] Setting-up "_acc_msk_brain0" in "/work_dir/fmriprep_24_0_wf/sub_36_wf/bold_task_bird_run_3_wf/bold_confounds_wf/acc_msk_brain/mapflow/_acc_msk_brain0".
250329-14:50:57,761 nipype.workflow INFO:
	 [Node] Cached "_acc_msk_brain0" - collecting precomputed outputs
250329-14:50:57,761 nipype.workflow INFO:
	 [Node] "_acc_msk_brain0" found cached.
250329-14:50:57,762 nipype.workflow INFO:
	 [Node] Setting-up "_acc_msk_brain1" in "/work_dir/fmriprep_24_0_wf/sub_36_wf/bold_task_bird_run_3_wf/bold_confounds_wf/acc_msk_brain/mapflow/_acc_msk_brain1".
250329-14:50:57,763 nipype.workflow INFO:
	 [Node] Cached "_acc_msk_brain1" - collecting precomputed outputs
250329-14:50:57,763 nipype.workflow INFO:
	 [Node] "_acc_msk_brain1" found cached.
250329-14:50:57,763 nipype.workflow INFO:
	 [Node] Setting-up "_acc_msk_brain2" in "/work_dir/fmriprep_24_0_wf/sub_36_wf/bold_task_bird_run_3_wf/bold_confounds_wf/acc_msk_brain/mapflow/_acc_msk_brain2".
250329-14:50:57,764 nipype.workflow INFO:
	 [Node] Cached "_acc_msk_brain2" - collecting precomputed outputs
250329-14:50:57,764 nipype.workflow INFO:
	 [Node] "_acc_msk_brain2" found cached.
250329-14:50:57,773 nipype.workflow INFO:
	 [Node] Setting-up "_acc_msk_brain0" in "/work_dir/fmriprep_24_0_wf/sub_36_wf/bold_task_bird_run_4_wf/bold_confounds_wf/acc_msk_brain/mapflow/_acc_msk_brain0".
250329-14:50:57,774 nipype.workflow INFO:
	 [Node] Cached "_acc_msk_brain0" - collecting precomputed outputs
250329-14:50:57,774 nipype.workflow INFO:
	 [Node] "_acc_msk_brain0" found cached.
250329-14:50:57,774 nipype.workflow INFO:
	 [Node] Setting-up "_acc_msk_brain1" in "/work_dir/fmriprep_24_0_wf/sub_36_wf/bold_task_bird_run_4_wf/bold_confounds_wf/acc_msk_brain/mapflow/_acc_msk_brain1".
250329-14:50:57,775 nipype.workflow INFO:
	 [Node] Cached "_acc_msk_brain1" - collecting precomputed outputs
250329-14:50:57,775 nipype.workflow INFO:
	 [Node] "_acc_msk_brain1" found cached.
250329-14:50:57,776 nipype.workflow INFO:
	 [Node] Setting-up "_acc_msk_brain2" in "/work_dir/fmriprep_24_0_wf/sub_36_wf/bold_task_bird_run_4_wf/bold_confounds_wf/acc_msk_brain/mapflow/_acc_msk_brain2".
250329-14:50:57,777 nipype.workflow INFO:
	 [Node] Cached "_acc_msk_brain2" - collecting precomputed outputs
250329-14:50:57,777 nipype.workflow INFO:
	 [Node] "_acc_msk_brain2" found cached.
250329-14:50:57,834 nipype.workflow INFO:
	 [Node] Setting-up "_acc_msk_brain1" in "/work_dir/fmriprep_24_0_wf/sub_36_wf/bold_task_bird_run_5_wf/bold_confounds_wf/acc_msk_brain/mapflow/_acc_msk_brain1".
250329-14:50:57,835 nipype.workflow INFO:
	 [Node] Setting-up "_acc_msk_brain2" in "/work_dir/fmriprep_24_0_wf/sub_36_wf/bold_task_bird_run_5_wf/bold_confounds_wf/acc_msk_brain/mapflow/_acc_msk_brain2".
250329-14:50:57,836 nipype.workflow INFO:
	 [Node] Executing "_acc_msk_brain1" <niworkflows.interfaces.nibabel.ApplyMask>
250329-14:50:57,836 nipype.workflow INFO:
	 [Node] Executing "_acc_msk_brain2" <niworkflows.interfaces.nibabel.ApplyMask>
250329-14:50:57,847 nipype.workflow INFO:
	 [Node] Setting-up "_acc_msk_bin0" in "/work_dir/fmriprep_24_0_wf/sub_36_wf/bold_task_bird_run_2_wf/bold_confounds_wf/acc_msk_bin/mapflow/_acc_msk_bin0".
250329-14:50:57,848 nipype.workflow INFO:
	 [Node] Executing "_acc_msk_bin0" <niworkflows.interfaces.nibabel.Binarize>
250329-14:50:57,858 nipype.workflow INFO:
	 [Node] Setting-up "_acc_msk_bin1" in "/work_dir/fmriprep_24_0_wf/sub_36_wf/bold_task_bird_run_2_wf/bold_confounds_wf/acc_msk_bin/mapflow/_acc_msk_bin1".
250329-14:50:57,859 nipype.workflow INFO:
	 [Node] Executing "_acc_msk_bin1" <niworkflows.interfaces.nibabel.Binarize>
250329-14:50:57,863 nipype.workflow INFO:
	 [Node] Setting-up "_acc_msk_bin2" in "/work_dir/fmriprep_24_0_wf/sub_36_wf/bold_task_bird_run_2_wf/bold_confounds_wf/acc_msk_bin/mapflow/_acc_msk_bin2".
250329-14:50:57,864 nipype.workflow INFO:
	 [Node] Executing "_acc_msk_bin2" <niworkflows.interfaces.nibabel.Binarize>
250329-14:50:58,92 nipype.workflow INFO:
	 [Node] Finished "_acc_msk_brain2", elapsed time 0.255579s.
250329-14:50:58,95 nipype.workflow INFO:
	 [Node] Finished "_acc_msk_bin1", elapsed time 0.234664s.
250329-14:50:58,110 nipype.workflow INFO:
	 [Node] Finished "_acc_msk_bin0", elapsed time 0.261329s.
250329-14:50:58,130 nipype.workflow INFO:
	 [Node] Finished "_acc_msk_bin2", elapsed time 0.264833s.
250329-14:50:58,136 nipype.workflow INFO:
	 [Node] Finished "_acc_msk_brain1", elapsed time 0.279392s.
250329-14:50:58,670 nipype.workflow INFO:
	 [Node] Finished "resample", elapsed time 51.930963s.
250329-14:50:59,79 nipype.workflow INFO:
	 [Node] Setting-up "_acc_msk_brain0" in "/work_dir/fmriprep_24_0_wf/sub_36_wf/bold_task_bird_run_5_wf/bold_confounds_wf/acc_msk_brain/mapflow/_acc_msk_brain0".
250329-14:50:59,80 nipype.workflow INFO:
	 [Node] Cached "_acc_msk_brain0" - collecting precomputed outputs
250329-14:50:59,80 nipype.workflow INFO:
	 [Node] "_acc_msk_brain0" found cached.
250329-14:50:59,81 nipype.workflow INFO:
	 [Node] Setting-up "_acc_msk_brain1" in "/work_dir/fmriprep_24_0_wf/sub_36_wf/bold_task_bird_run_5_wf/bold_confounds_wf/acc_msk_brain/mapflow/_acc_msk_brain1".
250329-14:50:59,81 nipype.workflow INFO:
	 [Node] Cached "_acc_msk_brain1" - collecting precomputed outputs
250329-14:50:59,81 nipype.workflow INFO:
	 [Node] "_acc_msk_brain1" found cached.
250329-14:50:59,82 nipype.workflow INFO:
	 [Node] Setting-up "_acc_msk_brain2" in "/work_dir/fmriprep_24_0_wf/sub_36_wf/bold_task_bird_run_5_wf/bold_confounds_wf/acc_msk_brain/mapflow/_acc_msk_brain2".
250329-14:50:59,83 nipype.workflow INFO:
	 [Node] Cached "_acc_msk_brain2" - collecting precomputed outputs
250329-14:50:59,83 nipype.workflow INFO:
	 [Node] "_acc_msk_brain2" found cached.
250329-14:50:59,89 nipype.workflow INFO:
	 [Node] Setting-up "_acc_msk_bin0" in "/work_dir/fmriprep_24_0_wf/sub_36_wf/bold_task_bird_run_2_wf/bold_confounds_wf/acc_msk_bin/mapflow/_acc_msk_bin0".
250329-14:50:59,90 nipype.workflow INFO:
	 [Node] Cached "_acc_msk_bin0" - collecting precomputed outputs
250329-14:50:59,90 nipype.workflow INFO:
	 [Node] "_acc_msk_bin0" found cached.
250329-14:50:59,91 nipype.workflow INFO:
	 [Node] Setting-up "_acc_msk_bin1" in "/work_dir/fmriprep_24_0_wf/sub_36_wf/bold_task_bird_run_2_wf/bold_confounds_wf/acc_msk_bin/mapflow/_acc_msk_bin1".
250329-14:50:59,91 nipype.workflow INFO:
	 [Node] Cached "_acc_msk_bin1" - collecting precomputed outputs
250329-14:50:59,91 nipype.workflow INFO:
	 [Node] "_acc_msk_bin1" found cached.
250329-14:50:59,92 nipype.workflow INFO:
	 [Node] Setting-up "_acc_msk_bin2" in "/work_dir/fmriprep_24_0_wf/sub_36_wf/bold_task_bird_run_2_wf/bold_confounds_wf/acc_msk_bin/mapflow/_acc_msk_bin2".
250329-14:50:59,92 nipype.workflow INFO:
	 [Node] Cached "_acc_msk_bin2" - collecting precomputed outputs
250329-14:50:59,93 nipype.workflow INFO:
	 [Node] "_acc_msk_bin2" found cached.
250329-14:50:59,112 nipype.workflow INFO:
	 [Node] Setting-up "_acc_msk_brain0" in "/work_dir/fmriprep_24_0_wf/sub_36_wf/bold_task_bird_run_6_wf/bold_confounds_wf/acc_msk_brain/mapflow/_acc_msk_brain0".
250329-14:50:59,113 nipype.workflow INFO:
	 [Node] Executing "_acc_msk_brain0" <niworkflows.interfaces.nibabel.ApplyMask>
250329-14:50:59,125 nipype.workflow INFO:
	 [Node] Setting-up "_acc_msk_brain1" in "/work_dir/fmriprep_24_0_wf/sub_36_wf/bold_task_bird_run_6_wf/bold_confounds_wf/acc_msk_brain/mapflow/_acc_msk_brain1".
250329-14:50:59,127 nipype.workflow INFO:
	 [Node] Executing "_acc_msk_brain1" <niworkflows.interfaces.nibabel.ApplyMask>
250329-14:50:59,132 nipype.workflow INFO:
	 [Node] Setting-up "_acc_msk_brain2" in "/work_dir/fmriprep_24_0_wf/sub_36_wf/bold_task_bird_run_6_wf/bold_confounds_wf/acc_msk_brain/mapflow/_acc_msk_brain2".
250329-14:50:59,132 nipype.workflow INFO:
	 [Node] Setting-up "_acc_msk_bin0" in "/work_dir/fmriprep_24_0_wf/sub_36_wf/bold_task_bird_run_1_wf/bold_confounds_wf/acc_msk_bin/mapflow/_acc_msk_bin0".
250329-14:50:59,134 nipype.workflow INFO:
	 [Node] Executing "_acc_msk_brain2" <niworkflows.interfaces.nibabel.ApplyMask>
250329-14:50:59,134 nipype.workflow INFO:
	 [Node] Executing "_acc_msk_bin0" <niworkflows.interfaces.nibabel.Binarize>
250329-14:50:59,136 nipype.workflow INFO:
	 [Node] Setting-up "_acc_msk_bin1" in "/work_dir/fmriprep_24_0_wf/sub_36_wf/bold_task_bird_run_1_wf/bold_confounds_wf/acc_msk_bin/mapflow/_acc_msk_bin1".
250329-14:50:59,136 nipype.workflow INFO:
	 [Node] Setting-up "_acc_msk_bin2" in "/work_dir/fmriprep_24_0_wf/sub_36_wf/bold_task_bird_run_1_wf/bold_confounds_wf/acc_msk_bin/mapflow/_acc_msk_bin2".
250329-14:50:59,137 nipype.workflow INFO:
	 [Node] Executing "_acc_msk_bin1" <niworkflows.interfaces.nibabel.Binarize>
250329-14:50:59,137 nipype.workflow INFO:
	 [Node] Executing "_acc_msk_bin2" <niworkflows.interfaces.nibabel.Binarize>
250329-14:50:59,235 nipype.workflow INFO:
	 [Node] Finished "_acc_msk_brain0", elapsed time 0.120548s.
250329-14:50:59,253 nipype.workflow INFO:
	 [Node] Finished "_acc_msk_bin0", elapsed time 0.119078s.
250329-14:50:59,272 nipype.workflow INFO:
	 [Node] Finished "_acc_msk_bin2", elapsed time 0.134303s.
250329-14:50:59,360 nipype.workflow INFO:
	 [Node] Finished "_acc_msk_brain1", elapsed time 0.233079s.
250329-14:50:59,369 nipype.workflow INFO:
	 [Node] Finished "_acc_msk_brain2", elapsed time 0.234813s.
250329-14:50:59,380 nipype.workflow INFO:
	 [Node] Finished "_acc_msk_bin1", elapsed time 0.242149s.
250329-14:51:01,149 nipype.workflow INFO:
	 [Node] Setting-up "_acc_msk_brain0" in "/work_dir/fmriprep_24_0_wf/sub_36_wf/bold_task_bird_run_6_wf/bold_confounds_wf/acc_msk_brain/mapflow/_acc_msk_brain0".
250329-14:51:01,150 nipype.workflow INFO:
	 [Node] Cached "_acc_msk_brain0" - collecting precomputed outputs
250329-14:51:01,150 nipype.workflow INFO:
	 [Node] "_acc_msk_brain0" found cached.
250329-14:51:01,151 nipype.workflow INFO:
	 [Node] Setting-up "_acc_msk_brain1" in "/work_dir/fmriprep_24_0_wf/sub_36_wf/bold_task_bird_run_6_wf/bold_confounds_wf/acc_msk_brain/mapflow/_acc_msk_brain1".
250329-14:51:01,151 nipype.workflow INFO:
	 [Node] Cached "_acc_msk_brain1" - collecting precomputed outputs
250329-14:51:01,152 nipype.workflow INFO:
	 [Node] "_acc_msk_brain1" found cached.
250329-14:51:01,152 nipype.workflow INFO:
	 [Node] Setting-up "_acc_msk_brain2" in "/work_dir/fmriprep_24_0_wf/sub_36_wf/bold_task_bird_run_6_wf/bold_confounds_wf/acc_msk_brain/mapflow/_acc_msk_brain2".
250329-14:51:01,153 nipype.workflow INFO:
	 [Node] Cached "_acc_msk_brain2" - collecting precomputed outputs
250329-14:51:01,153 nipype.workflow INFO:
	 [Node] "_acc_msk_brain2" found cached.
250329-14:51:01,163 nipype.workflow INFO:
	 [Node] Setting-up "_acc_msk_bin0" in "/work_dir/fmriprep_24_0_wf/sub_36_wf/bold_task_bird_run_1_wf/bold_confounds_wf/acc_msk_bin/mapflow/_acc_msk_bin0".
250329-14:51:01,163 nipype.workflow INFO:
	 [Node] Cached "_acc_msk_bin0" - collecting precomputed outputs
250329-14:51:01,163 nipype.workflow INFO:
	 [Node] "_acc_msk_bin0" found cached.
250329-14:51:01,164 nipype.workflow INFO:
	 [Node] Setting-up "_acc_msk_bin1" in "/work_dir/fmriprep_24_0_wf/sub_36_wf/bold_task_bird_run_1_wf/bold_confounds_wf/acc_msk_bin/mapflow/_acc_msk_bin1".
250329-14:51:01,165 nipype.workflow INFO:
	 [Node] Cached "_acc_msk_bin1" - collecting precomputed outputs
250329-14:51:01,165 nipype.workflow INFO:
	 [Node] "_acc_msk_bin1" found cached.
250329-14:51:01,165 nipype.workflow INFO:
	 [Node] Setting-up "_acc_msk_bin2" in "/work_dir/fmriprep_24_0_wf/sub_36_wf/bold_task_bird_run_1_wf/bold_confounds_wf/acc_msk_bin/mapflow/_acc_msk_bin2".
250329-14:51:01,166 nipype.workflow INFO:
	 [Node] Cached "_acc_msk_bin2" - collecting precomputed outputs
250329-14:51:01,166 nipype.workflow INFO:
	 [Node] "_acc_msk_bin2" found cached.
250329-14:51:01,171 nipype.workflow INFO:
	 [Node] Setting-up "fmriprep_24_0_wf.sub_36_wf.bold_task_bird_run_2_wf.bold_confounds_wf.acompcor" in "/work_dir/fmriprep_24_0_wf/sub_36_wf/bold_task_bird_run_2_wf/bold_confounds_wf/acompcor".
250329-14:51:01,243 nipype.workflow INFO:
	 [Node] Executing "acompcor" <niworkflows.interfaces.patches.RobustACompCor>
250329-14:51:01,960 nipype.workflow INFO:
	 [Node] Setting-up "_acc_msk_bin0" in "/work_dir/fmriprep_24_0_wf/sub_36_wf/bold_task_bird_run_3_wf/bold_confounds_wf/acc_msk_bin/mapflow/_acc_msk_bin0".
250329-14:51:01,962 nipype.workflow INFO:
	 [Node] Executing "_acc_msk_bin0" <niworkflows.interfaces.nibabel.Binarize>
250329-14:51:01,974 nipype.workflow INFO:
	 [Node] Setting-up "_acc_msk_bin1" in "/work_dir/fmriprep_24_0_wf/sub_36_wf/bold_task_bird_run_3_wf/bold_confounds_wf/acc_msk_bin/mapflow/_acc_msk_bin1".
250329-14:51:01,974 nipype.workflow INFO:
	 [Node] Setting-up "_acc_msk_bin2" in "/work_dir/fmriprep_24_0_wf/sub_36_wf/bold_task_bird_run_3_wf/bold_confounds_wf/acc_msk_bin/mapflow/_acc_msk_bin2".
250329-14:51:01,975 nipype.workflow INFO:
	 [Node] Executing "_acc_msk_bin1" <niworkflows.interfaces.nibabel.Binarize>
250329-14:51:01,976 nipype.workflow INFO:
	 [Node] Executing "_acc_msk_bin2" <niworkflows.interfaces.nibabel.Binarize>
250329-14:51:01,986 nipype.workflow INFO:
	 [Node] Setting-up "_acc_msk_bin0" in "/work_dir/fmriprep_24_0_wf/sub_36_wf/bold_task_bird_run_4_wf/bold_confounds_wf/acc_msk_bin/mapflow/_acc_msk_bin0".
250329-14:51:01,986 nipype.workflow INFO:
	 [Node] Setting-up "_acc_msk_bin1" in "/work_dir/fmriprep_24_0_wf/sub_36_wf/bold_task_bird_run_4_wf/bold_confounds_wf/acc_msk_bin/mapflow/_acc_msk_bin1".
250329-14:51:01,987 nipype.workflow INFO:
	 [Node] Executing "_acc_msk_bin0" <niworkflows.interfaces.nibabel.Binarize>
250329-14:51:01,988 nipype.workflow INFO:
	 [Node] Executing "_acc_msk_bin1" <niworkflows.interfaces.nibabel.Binarize>
250329-14:51:02,5 nipype.workflow INFO:
	 [Node] Setting-up "_acc_msk_bin2" in "/work_dir/fmriprep_24_0_wf/sub_36_wf/bold_task_bird_run_4_wf/bold_confounds_wf/acc_msk_bin/mapflow/_acc_msk_bin2".
250329-14:51:02,7 nipype.workflow INFO:
	 [Node] Executing "_acc_msk_bin2" <niworkflows.interfaces.nibabel.Binarize>
250329-14:51:02,88 nipype.workflow INFO:
	 [Node] Finished "_acc_msk_bin1", elapsed time 0.098785s.
250329-14:51:02,170 nipype.workflow INFO:
	 [Node] Finished "_acc_msk_bin1", elapsed time 0.181032s.
250329-14:51:02,176 nipype.workflow INFO:
	 [Node] Finished "_acc_msk_bin2", elapsed time 0.199696s.
250329-14:51:02,186 nipype.workflow INFO:
	 [Node] Finished "_acc_msk_bin0", elapsed time 0.223237s.
250329-14:51:02,192 nipype.workflow INFO:
	 [Node] Finished "_acc_msk_bin2", elapsed time 0.184794s.
250329-14:51:02,206 nipype.workflow INFO:
	 [Node] Finished "_acc_msk_bin0", elapsed time 0.218261s.
250329-14:51:03,200 nipype.workflow INFO:
	 [Node] Setting-up "_acc_msk_bin0" in "/work_dir/fmriprep_24_0_wf/sub_36_wf/bold_task_bird_run_3_wf/bold_confounds_wf/acc_msk_bin/mapflow/_acc_msk_bin0".
250329-14:51:03,200 nipype.workflow INFO:
	 [Node] Cached "_acc_msk_bin0" - collecting precomputed outputs
250329-14:51:03,201 nipype.workflow INFO:
	 [Node] "_acc_msk_bin0" found cached.
250329-14:51:03,201 nipype.workflow INFO:
	 [Node] Setting-up "_acc_msk_bin1" in "/work_dir/fmriprep_24_0_wf/sub_36_wf/bold_task_bird_run_3_wf/bold_confounds_wf/acc_msk_bin/mapflow/_acc_msk_bin1".
250329-14:51:03,202 nipype.workflow INFO:
	 [Node] Cached "_acc_msk_bin1" - collecting precomputed outputs
250329-14:51:03,202 nipype.workflow INFO:
	 [Node] "_acc_msk_bin1" found cached.
250329-14:51:03,203 nipype.workflow INFO:
	 [Node] Setting-up "_acc_msk_bin2" in "/work_dir/fmriprep_24_0_wf/sub_36_wf/bold_task_bird_run_3_wf/bold_confounds_wf/acc_msk_bin/mapflow/_acc_msk_bin2".
250329-14:51:03,203 nipype.workflow INFO:
	 [Node] Cached "_acc_msk_bin2" - collecting precomputed outputs
250329-14:51:03,204 nipype.workflow INFO:
	 [Node] "_acc_msk_bin2" found cached.
250329-14:51:03,223 nipype.workflow INFO:
	 [Node] Setting-up "_acc_msk_bin0" in "/work_dir/fmriprep_24_0_wf/sub_36_wf/bold_task_bird_run_4_wf/bold_confounds_wf/acc_msk_bin/mapflow/_acc_msk_bin0".
250329-14:51:03,224 nipype.workflow INFO:
	 [Node] Cached "_acc_msk_bin0" - collecting precomputed outputs
250329-14:51:03,224 nipype.workflow INFO:
	 [Node] "_acc_msk_bin0" found cached.
250329-14:51:03,224 nipype.workflow INFO:
	 [Node] Setting-up "_acc_msk_bin1" in "/work_dir/fmriprep_24_0_wf/sub_36_wf/bold_task_bird_run_4_wf/bold_confounds_wf/acc_msk_bin/mapflow/_acc_msk_bin1".
250329-14:51:03,225 nipype.workflow INFO:
	 [Node] Cached "_acc_msk_bin1" - collecting precomputed outputs
250329-14:51:03,225 nipype.workflow INFO:
	 [Node] "_acc_msk_bin1" found cached.
250329-14:51:03,226 nipype.workflow INFO:
	 [Node] Setting-up "_acc_msk_bin2" in "/work_dir/fmriprep_24_0_wf/sub_36_wf/bold_task_bird_run_4_wf/bold_confounds_wf/acc_msk_bin/mapflow/_acc_msk_bin2".
250329-14:51:03,226 nipype.workflow INFO:
	 [Node] Cached "_acc_msk_bin2" - collecting precomputed outputs
250329-14:51:03,226 nipype.workflow INFO:
	 [Node] "_acc_msk_bin2" found cached.
250329-14:51:03,242 nipype.workflow INFO:
	 [Node] Setting-up "fmriprep_24_0_wf.sub_36_wf.bold_task_bird_run_1_wf.bold_confounds_wf.acompcor" in "/work_dir/fmriprep_24_0_wf/sub_36_wf/bold_task_bird_run_1_wf/bold_confounds_wf/acompcor".
250329-14:51:03,246 nipype.workflow INFO:
	 [Node] Executing "acompcor" <niworkflows.interfaces.patches.RobustACompCor>
250329-14:51:04,366 nipype.workflow INFO:
	 [Node] Setting-up "_acc_msk_bin0" in "/work_dir/fmriprep_24_0_wf/sub_36_wf/bold_task_bird_run_5_wf/bold_confounds_wf/acc_msk_bin/mapflow/_acc_msk_bin0".
250329-14:51:04,366 nipype.workflow INFO:
	 [Node] Setting-up "_acc_msk_bin1" in "/work_dir/fmriprep_24_0_wf/sub_36_wf/bold_task_bird_run_5_wf/bold_confounds_wf/acc_msk_bin/mapflow/_acc_msk_bin1".
250329-14:51:04,367 nipype.workflow INFO:
	 [Node] Executing "_acc_msk_bin1" <niworkflows.interfaces.nibabel.Binarize>
250329-14:51:04,368 nipype.workflow INFO:
	 [Node] Executing "_acc_msk_bin0" <niworkflows.interfaces.nibabel.Binarize>
250329-14:51:04,368 nipype.workflow INFO:
	 [Node] Setting-up "fmriprep_24_0_wf.sub_36_wf.bold_task_bird_run_2_wf.bold_confounds_wf.signals" in "/work_dir/fmriprep_24_0_wf/sub_36_wf/bold_task_bird_run_2_wf/bold_confounds_wf/signals".
250329-14:51:04,371 nipype.workflow INFO:
	 [Node] Setting-up "_acc_msk_bin2" in "/work_dir/fmriprep_24_0_wf/sub_36_wf/bold_task_bird_run_5_wf/bold_confounds_wf/acc_msk_bin/mapflow/_acc_msk_bin2".
250329-14:51:04,372 nipype.workflow INFO:
	 [Node] Executing "_acc_msk_bin2" <niworkflows.interfaces.nibabel.Binarize>
250329-14:51:04,373 nipype.workflow INFO:
	 [Node] Executing "signals" <niworkflows.interfaces.images.SignalExtraction>
250329-14:51:04,374 nipype.workflow INFO:
	 [Node] Setting-up "fmriprep_24_0_wf.sub_36_wf.bold_task_bird_run_2_wf.bold_confounds_wf.rois_plot" in "/work_dir/fmriprep_24_0_wf/sub_36_wf/bold_task_bird_run_2_wf/bold_confounds_wf/rois_plot".
250329-14:51:04,383 nipype.workflow INFO:
	 [Node] Executing "rois_plot" <niworkflows.interfaces.reportlets.masks.ROIsPlot>
250329-14:51:04,609 nipype.workflow INFO:
	 [Node] Finished "_acc_msk_bin1", elapsed time 0.24075s.
250329-14:51:04,613 nipype.workflow INFO:
	 [Node] Finished "_acc_msk_bin2", elapsed time 0.24s.
250329-14:51:04,615 nipype.workflow INFO:
	 [Node] Finished "_acc_msk_bin0", elapsed time 0.246453s.
250329-14:51:05,403 nipype.workflow INFO:
	 [Node] Setting-up "fmriprep_24_0_wf.sub_36_wf.bold_task_bird_run_3_wf.bold_confounds_wf.acompcor" in "/work_dir/fmriprep_24_0_wf/sub_36_wf/bold_task_bird_run_3_wf/bold_confounds_wf/acompcor".
250329-14:51:05,406 nipype.workflow INFO:
	 [Node] Executing "acompcor" <niworkflows.interfaces.patches.RobustACompCor>
250329-14:51:05,408 nipype.workflow INFO:
	 [Node] Setting-up "_acc_msk_bin0" in "/work_dir/fmriprep_24_0_wf/sub_36_wf/bold_task_bird_run_5_wf/bold_confounds_wf/acc_msk_bin/mapflow/_acc_msk_bin0".
250329-14:51:05,409 nipype.workflow INFO:
	 [Node] Cached "_acc_msk_bin0" - collecting precomputed outputs
250329-14:51:05,409 nipype.workflow INFO:
	 [Node] "_acc_msk_bin0" found cached.
250329-14:51:05,410 nipype.workflow INFO:
	 [Node] Setting-up "_acc_msk_bin1" in "/work_dir/fmriprep_24_0_wf/sub_36_wf/bold_task_bird_run_5_wf/bold_confounds_wf/acc_msk_bin/mapflow/_acc_msk_bin1".
250329-14:51:05,410 nipype.workflow INFO:
	 [Node] Cached "_acc_msk_bin1" - collecting precomputed outputs
250329-14:51:05,410 nipype.workflow INFO:
	 [Node] "_acc_msk_bin1" found cached.
250329-14:51:05,411 nipype.workflow INFO:
	 [Node] Setting-up "_acc_msk_bin2" in "/work_dir/fmriprep_24_0_wf/sub_36_wf/bold_task_bird_run_5_wf/bold_confounds_wf/acc_msk_bin/mapflow/_acc_msk_bin2".
250329-14:51:05,412 nipype.workflow INFO:
	 [Node] Cached "_acc_msk_bin2" - collecting precomputed outputs
250329-14:51:05,412 nipype.workflow INFO:
	 [Node] "_acc_msk_bin2" found cached.
250329-14:51:05,835 nipype.workflow INFO:
	 [Node] Setting-up "fmriprep_24_0_wf.sub_36_wf.bold_task_bird_run_4_wf.bold_confounds_wf.acompcor" in "/work_dir/fmriprep_24_0_wf/sub_36_wf/bold_task_bird_run_4_wf/bold_confounds_wf/acompcor".
250329-14:51:05,983 nipype.workflow INFO:
	 [Node] Executing "acompcor" <niworkflows.interfaces.patches.RobustACompCor>
250329-14:51:07,375 nipype.workflow INFO:
	 [Node] Setting-up "fmriprep_24_0_wf.sub_36_wf.bold_task_bird_run_1_wf.bold_confounds_wf.signals" in "/work_dir/fmriprep_24_0_wf/sub_36_wf/bold_task_bird_run_1_wf/bold_confounds_wf/signals".
250329-14:51:07,378 nipype.workflow INFO:
	 [Node] Executing "signals" <niworkflows.interfaces.images.SignalExtraction>
250329-14:51:07,381 nipype.workflow INFO:
	 [Node] Setting-up "_acc_msk_bin0" in "/work_dir/fmriprep_24_0_wf/sub_36_wf/bold_task_bird_run_6_wf/bold_confounds_wf/acc_msk_bin/mapflow/_acc_msk_bin0".
250329-14:51:07,382 nipype.workflow INFO:
	 [Node] Executing "_acc_msk_bin0" <niworkflows.interfaces.nibabel.Binarize>
250329-14:51:07,385 nipype.workflow INFO:
	 [Node] Setting-up "_acc_msk_bin1" in "/work_dir/fmriprep_24_0_wf/sub_36_wf/bold_task_bird_run_6_wf/bold_confounds_wf/acc_msk_bin/mapflow/_acc_msk_bin1".
250329-14:51:07,386 nipype.workflow INFO:
	 [Node] Setting-up "_acc_msk_bin2" in "/work_dir/fmriprep_24_0_wf/sub_36_wf/bold_task_bird_run_6_wf/bold_confounds_wf/acc_msk_bin/mapflow/_acc_msk_bin2".
250329-14:51:07,386 nipype.workflow INFO:
	 [Node] Executing "_acc_msk_bin1" <niworkflows.interfaces.nibabel.Binarize>
250329-14:51:07,387 nipype.workflow INFO:
	 [Node] Executing "_acc_msk_bin2" <niworkflows.interfaces.nibabel.Binarize>
250329-14:51:07,410 nipype.workflow INFO:
	 [Node] Setting-up "fmriprep_24_0_wf.sub_36_wf.bold_task_bird_run_1_wf.bold_confounds_wf.rois_plot" in "/work_dir/fmriprep_24_0_wf/sub_36_wf/bold_task_bird_run_1_wf/bold_confounds_wf/rois_plot".
250329-14:51:07,421 nipype.workflow INFO:
	 [Node] Executing "rois_plot" <niworkflows.interfaces.reportlets.masks.ROIsPlot>
250329-14:51:07,622 nipype.workflow INFO:
	 [Node] Finished "_acc_msk_bin2", elapsed time 0.233554s.
250329-14:51:07,685 nipype.workflow INFO:
	 [Node] Finished "_acc_msk_bin1", elapsed time 0.29758s.
250329-14:51:07,729 nipype.workflow INFO:
	 [Node] Finished "_acc_msk_bin0", elapsed time 0.34621s.
250329-14:51:08,104 nipype.workflow INFO:
	 [Node] Setting-up "fmriprep_24_0_wf.sub_36_wf.bold_task_bird_run_5_wf.bold_confounds_wf.acompcor" in "/work_dir/fmriprep_24_0_wf/sub_36_wf/bold_task_bird_run_5_wf/bold_confounds_wf/acompcor".
250329-14:51:08,108 nipype.workflow INFO:
	 [Node] Executing "acompcor" <niworkflows.interfaces.patches.RobustACompCor>
250329-14:51:09,204 nipype.workflow INFO:
	 [Node] Setting-up "fmriprep_24_0_wf.sub_36_wf.bold_task_bird_run_3_wf.bold_confounds_wf.signals" in "/work_dir/fmriprep_24_0_wf/sub_36_wf/bold_task_bird_run_3_wf/bold_confounds_wf/signals".
250329-14:51:09,204 nipype.workflow INFO:
	 [Node] Setting-up "fmriprep_24_0_wf.sub_36_wf.bold_task_bird_run_4_wf.bold_confounds_wf.signals" in "/work_dir/fmriprep_24_0_wf/sub_36_wf/bold_task_bird_run_4_wf/bold_confounds_wf/signals".
250329-14:51:09,207 nipype.workflow INFO:
	 [Node] Executing "signals" <niworkflows.interfaces.images.SignalExtraction>
250329-14:51:09,208 nipype.workflow INFO:
	 [Node] Setting-up "fmriprep_24_0_wf.sub_36_wf.bold_task_bird_run_3_wf.bold_confounds_wf.rois_plot" in "/work_dir/fmriprep_24_0_wf/sub_36_wf/bold_task_bird_run_3_wf/bold_confounds_wf/rois_plot".
250329-14:51:09,211 nipype.workflow INFO:
	 [Node] Executing "rois_plot" <niworkflows.interfaces.reportlets.masks.ROIsPlot>
250329-14:51:09,277 nipype.workflow INFO:
	 [Node] Executing "signals" <niworkflows.interfaces.images.SignalExtraction>
250329-14:51:10,59 nipype.workflow INFO:
	 [Node] Setting-up "fmriprep_24_0_wf.sub_36_wf.bold_task_bird_run_5_wf.bold_confounds_wf.signals" in "/work_dir/fmriprep_24_0_wf/sub_36_wf/bold_task_bird_run_5_wf/bold_confounds_wf/signals".
250329-14:51:10,60 nipype.workflow INFO:
	 [Node] Setting-up "_acc_msk_bin0" in "/work_dir/fmriprep_24_0_wf/sub_36_wf/bold_task_bird_run_6_wf/bold_confounds_wf/acc_msk_bin/mapflow/_acc_msk_bin0".
250329-14:51:10,61 nipype.workflow INFO:
	 [Node] Cached "_acc_msk_bin0" - collecting precomputed outputs
250329-14:51:10,61 nipype.workflow INFO:
	 [Node] "_acc_msk_bin0" found cached.
250329-14:51:10,62 nipype.workflow INFO:
	 [Node] Setting-up "_acc_msk_bin1" in "/work_dir/fmriprep_24_0_wf/sub_36_wf/bold_task_bird_run_6_wf/bold_confounds_wf/acc_msk_bin/mapflow/_acc_msk_bin1".
250329-14:51:10,62 nipype.workflow INFO:
	 [Node] Executing "signals" <niworkflows.interfaces.images.SignalExtraction>
250329-14:51:10,63 nipype.workflow INFO:
	 [Node] Cached "_acc_msk_bin1" - collecting precomputed outputs
250329-14:51:10,63 nipype.workflow INFO:
	 [Node] "_acc_msk_bin1" found cached.
250329-14:51:10,63 nipype.workflow INFO:
	 [Node] Setting-up "_acc_msk_bin2" in "/work_dir/fmriprep_24_0_wf/sub_36_wf/bold_task_bird_run_6_wf/bold_confounds_wf/acc_msk_bin/mapflow/_acc_msk_bin2".
250329-14:51:10,64 nipype.workflow INFO:
	 [Node] Cached "_acc_msk_bin2" - collecting precomputed outputs
250329-14:51:10,64 nipype.workflow INFO:
	 [Node] "_acc_msk_bin2" found cached.
250329-14:51:10,77 nipype.workflow INFO:
	 [Node] Setting-up "fmriprep_24_0_wf.sub_36_wf.bold_task_bird_run_5_wf.bold_confounds_wf.rois_plot" in "/work_dir/fmriprep_24_0_wf/sub_36_wf/bold_task_bird_run_5_wf/bold_confounds_wf/rois_plot".
250329-14:51:10,81 nipype.workflow INFO:
	 [Node] Executing "rois_plot" <niworkflows.interfaces.reportlets.masks.ROIsPlot>
250329-14:51:11,717 nipype.workflow INFO:
	 [Node] Setting-up "fmriprep_24_0_wf.sub_36_wf.bold_task_bird_run_4_wf.bold_confounds_wf.rois_plot" in "/work_dir/fmriprep_24_0_wf/sub_36_wf/bold_task_bird_run_4_wf/bold_confounds_wf/rois_plot".
250329-14:51:11,763 nipype.workflow INFO:
	 [Node] Finished "acompcor", elapsed time 10.518983s.
250329-14:51:12,13 nipype.workflow INFO:
	 [Node] Executing "rois_plot" <niworkflows.interfaces.reportlets.masks.ROIsPlot>
250329-14:51:12,193 nipype.workflow INFO:
	 [Node] Setting-up "fmriprep_24_0_wf.sub_36_wf.bold_task_bird_run_6_wf.bold_confounds_wf.acompcor" in "/work_dir/fmriprep_24_0_wf/sub_36_wf/bold_task_bird_run_6_wf/bold_confounds_wf/acompcor".
250329-14:51:12,197 nipype.workflow INFO:
	 [Node] Executing "acompcor" <niworkflows.interfaces.patches.RobustACompCor>
250329-14:51:17,886 nipype.workflow INFO:
	 [Node] Finished "acompcor", elapsed time 14.640057s.
250329-14:51:19,859 nipype.workflow INFO:
	 [Node] Setting-up "fmriprep_24_0_wf.sub_36_wf.bold_task_bird_run_2_wf.bold_confounds_wf.rename_acompcor" in "/work_dir/fmriprep_24_0_wf/sub_36_wf/bold_task_bird_run_2_wf/bold_confounds_wf/rename_acompcor".
250329-14:51:19,868 nipype.workflow INFO:
	 [Node] Executing "rename_acompcor" <fmriprep.interfaces.confounds.RenameACompCor>
250329-14:51:20,197 nipype.workflow INFO:
	 [Node] Finished "rename_acompcor", elapsed time 0.328491s.
250329-14:51:20,776 nipype.workflow INFO:
	 [Node] Finished "acompcor", elapsed time 15.362975s.
250329-14:51:20,848 nipype.workflow INFO:
	 [Node] Finished "signals", elapsed time 16.474297s.
250329-14:51:20,981 nipype.workflow INFO:
	 [Node] Finished "acompcor", elapsed time 14.997868s.
250329-14:51:22,181 nipype.workflow INFO:
	 [Node] Setting-up "fmriprep_24_0_wf.sub_36_wf.bold_task_bird_run_1_wf.bold_confounds_wf.rename_acompcor" in "/work_dir/fmriprep_24_0_wf/sub_36_wf/bold_task_bird_run_1_wf/bold_confounds_wf/rename_acompcor".
250329-14:51:22,188 nipype.workflow INFO:
	 [Node] Executing "rename_acompcor" <fmriprep.interfaces.confounds.RenameACompCor>
250329-14:51:22,587 nipype.workflow INFO:
	 [Node] Finished "rename_acompcor", elapsed time 0.398241s.
250329-14:51:22,691 nipype.workflow INFO:
	 [Node] Setting-up "fmriprep_24_0_wf.sub_36_wf.bold_task_bird_run_3_wf.bold_confounds_wf.rename_acompcor" in "/work_dir/fmriprep_24_0_wf/sub_36_wf/bold_task_bird_run_3_wf/bold_confounds_wf/rename_acompcor".
250329-14:51:22,694 nipype.workflow INFO:
	 [Node] Executing "rename_acompcor" <fmriprep.interfaces.confounds.RenameACompCor>
250329-14:51:22,697 nipype.workflow INFO:
	 [Node] Setting-up "fmriprep_24_0_wf.sub_36_wf.bold_task_bird_run_4_wf.bold_confounds_wf.rename_acompcor" in "/work_dir/fmriprep_24_0_wf/sub_36_wf/bold_task_bird_run_4_wf/bold_confounds_wf/rename_acompcor".
250329-14:51:22,699 nipype.workflow INFO:
	 [Node] Executing "rename_acompcor" <fmriprep.interfaces.confounds.RenameACompCor>
250329-14:51:22,708 nipype.workflow INFO:
	 [Node] Setting-up "fmriprep_24_0_wf.sub_36_wf.bold_task_bird_run_6_wf.bold_confounds_wf.signals" in "/work_dir/fmriprep_24_0_wf/sub_36_wf/bold_task_bird_run_6_wf/bold_confounds_wf/signals".
250329-14:51:22,711 nipype.workflow INFO:
	 [Node] Executing "signals" <niworkflows.interfaces.images.SignalExtraction>
250329-14:51:22,959 nipype.workflow INFO:
	 [Node] Finished "rename_acompcor", elapsed time 0.25572s.
250329-14:51:23,171 nipype.workflow INFO:
	 [Node] Finished "rename_acompcor", elapsed time 0.47105s.
250329-14:51:24,297 nipype.workflow INFO:
	 [Node] Finished "epi_t1_report", elapsed time 53.258985s.
250329-14:51:24,761 nipype.workflow INFO:
	 [Node] Finished "epi_t1_report", elapsed time 55.583202s.
250329-14:51:24,985 nipype.workflow INFO:
	 [Node] Finished "signals", elapsed time 17.606196s.
250329-14:51:25,786 nipype.workflow INFO:
	 [Node] Setting-up "fmriprep_24_0_wf.sub_36_wf.bold_task_bird_run_6_wf.bold_confounds_wf.rois_plot" in "/work_dir/fmriprep_24_0_wf/sub_36_wf/bold_task_bird_run_6_wf/bold_confounds_wf/rois_plot".
250329-14:51:25,790 nipype.workflow INFO:
	 [Node] Executing "rois_plot" <niworkflows.interfaces.reportlets.masks.ROIsPlot>
250329-14:51:26,649 nipype.workflow INFO:
	 [Node] Setting-up "fmriprep_24_0_wf.sub_36_wf.bold_task_bird_run_1_wf.bold_fit_wf.func_fit_reports_wf.ds_epi_t1_report" in "/work_dir/fmriprep_24_0_wf/sub_36_wf/bold_task_bird_run_1_wf/bold_fit_wf/func_fit_reports_wf/ds_epi_t1_report".
250329-14:51:26,671 nipype.workflow INFO:
	 [Node] Setting-up "fmriprep_24_0_wf.sub_36_wf.bold_task_bird_run_2_wf.bold_fit_wf.func_fit_reports_wf.ds_epi_t1_report" in "/work_dir/fmriprep_24_0_wf/sub_36_wf/bold_task_bird_run_2_wf/bold_fit_wf/func_fit_reports_wf/ds_epi_t1_report".
250329-14:51:26,673 nipype.workflow INFO:
	 [Node] Setting-up "fmriprep_24_0_wf.sub_36_wf.bold_task_bird_run_1_wf.bold_confounds_wf.acc_metadata_filter" in "/work_dir/fmriprep_24_0_wf/sub_36_wf/bold_task_bird_run_1_wf/bold_confounds_wf/acc_metadata_filter".
250329-14:51:26,675 nipype.workflow INFO:
	 [Node] Executing "acc_metadata_filter" <fmriprep.interfaces.confounds.FilterDropped>
250329-14:51:26,683 nipype.workflow INFO:
	 [Node] Executing "ds_epi_t1_report" <fmriprep.interfaces.DerivativesDataSink>
250329-14:51:26,689 nipype.workflow INFO:
	 [Node] Finished "acc_metadata_filter", elapsed time 0.012731s.
250329-14:51:26,756 nipype.workflow INFO:
	 [Node] Finished "ds_epi_t1_report", elapsed time 0.072795s.
250329-14:51:27,82 nipype.workflow INFO:
	 [Node] Executing "ds_epi_t1_report" <fmriprep.interfaces.DerivativesDataSink>
250329-14:51:27,113 nipype.workflow INFO:
	 [Node] Finished "signals", elapsed time 17.905418s.
250329-14:51:27,151 nipype.workflow INFO:
	 [Node] Finished "ds_epi_t1_report", elapsed time 0.067426s.
250329-14:51:27,767 nipype.workflow INFO:
	 [Node] Setting-up "fmriprep_24_0_wf.sub_36_wf.bold_task_bird_run_2_wf.bold_confounds_wf.acc_metadata_filter" in "/work_dir/fmriprep_24_0_wf/sub_36_wf/bold_task_bird_run_2_wf/bold_confounds_wf/acc_metadata_filter".
250329-14:51:27,769 nipype.workflow INFO:
	 [Node] Executing "acc_metadata_filter" <fmriprep.interfaces.confounds.FilterDropped>
250329-14:51:27,774 nipype.workflow INFO:
	 [Node] Finished "acc_metadata_filter", elapsed time 0.004642s.
250329-14:51:27,788 nipype.workflow INFO:
	 [Node] Finished "acompcor", elapsed time 19.679645999999998s.
250329-14:51:28,285 nipype.workflow INFO:
	 [Node] Finished "signals", elapsed time 19.007094s.
250329-14:51:28,392 nipype.workflow INFO:
	 [Node] Finished "signals", elapsed time 18.32907s.
250329-14:51:28,814 nipype.workflow INFO:
	 [Node] Finished "acompcor", elapsed time 16.615577000000002s.
250329-14:51:28,866 nipype.workflow INFO:
	 [Node] Setting-up "fmriprep_24_0_wf.sub_36_wf.bold_task_bird_run_3_wf.bold_confounds_wf.acc_metadata_filter" in "/work_dir/fmriprep_24_0_wf/sub_36_wf/bold_task_bird_run_3_wf/bold_confounds_wf/acc_metadata_filter".
250329-14:51:28,867 nipype.workflow INFO:
	 [Node] Setting-up "fmriprep_24_0_wf.sub_36_wf.bold_task_bird_run_4_wf.bold_confounds_wf.acc_metadata_filter" in "/work_dir/fmriprep_24_0_wf/sub_36_wf/bold_task_bird_run_4_wf/bold_confounds_wf/acc_metadata_filter".
250329-14:51:28,868 nipype.workflow INFO:
	 [Node] Executing "acc_metadata_filter" <fmriprep.interfaces.confounds.FilterDropped>
250329-14:51:28,869 nipype.workflow INFO:
	 [Node] Executing "acc_metadata_filter" <fmriprep.interfaces.confounds.FilterDropped>
250329-14:51:28,874 nipype.workflow INFO:
	 [Node] Finished "acc_metadata_filter", elapsed time 0.005003s.
250329-14:51:28,875 nipype.workflow INFO:
	 [Node] Finished "acc_metadata_filter", elapsed time 0.005857s.
250329-14:51:29,39 nipype.workflow INFO:
	 [Node] Finished "epi_t1_report", elapsed time 55.966974s.
250329-14:51:29,370 nipype.workflow INFO:
	 [Node] Setting-up "fmriprep_24_0_wf.sub_36_wf.bold_task_bird_run_5_wf.bold_confounds_wf.rename_acompcor" in "/work_dir/fmriprep_24_0_wf/sub_36_wf/bold_task_bird_run_5_wf/bold_confounds_wf/rename_acompcor".
250329-14:51:29,372 nipype.workflow INFO:
	 [Node] Executing "rename_acompcor" <fmriprep.interfaces.confounds.RenameACompCor>
250329-14:51:29,381 nipype.workflow INFO:
	 [Node] Setting-up "fmriprep_24_0_wf.sub_36_wf.bold_task_bird_run_6_wf.bold_confounds_wf.rename_acompcor" in "/work_dir/fmriprep_24_0_wf/sub_36_wf/bold_task_bird_run_6_wf/bold_confounds_wf/rename_acompcor".
250329-14:51:29,383 nipype.workflow INFO:
	 [Node] Executing "rename_acompcor" <fmriprep.interfaces.confounds.RenameACompCor>
250329-14:51:29,610 nipype.workflow INFO:
	 [Node] Finished "rename_acompcor", elapsed time 0.225881s.
250329-14:51:29,691 nipype.workflow INFO:
	 [Node] Finished "rename_acompcor", elapsed time 0.318293s.
250329-14:51:29,888 nipype.workflow INFO:
	 [Node] Finished "epi_t1_report", elapsed time 57.828096s.
250329-14:51:31,744 nipype.workflow INFO:
	 [Node] Setting-up "fmriprep_24_0_wf.sub_36_wf.bold_task_bird_run_3_wf.bold_confounds_wf.compcor_plot" in "/work_dir/fmriprep_24_0_wf/sub_36_wf/bold_task_bird_run_3_wf/bold_confounds_wf/compcor_plot".
250329-14:51:31,747 nipype.workflow INFO:
	 [Node] Setting-up "fmriprep_24_0_wf.sub_36_wf.bold_task_bird_run_4_wf.bold_confounds_wf.compcor_plot" in "/work_dir/fmriprep_24_0_wf/sub_36_wf/bold_task_bird_run_4_wf/bold_confounds_wf/compcor_plot".
250329-14:51:31,750 nipype.workflow INFO:
	 [Node] Executing "compcor_plot" <nireports.interfaces.nuisance.CompCorVariancePlot>
250329-14:51:31,753 nipype.workflow INFO:
	 [Node] Executing "compcor_plot" <nireports.interfaces.nuisance.CompCorVariancePlot>
250329-14:51:31,770 nipype.workflow INFO:
	 [Node] Setting-up "fmriprep_24_0_wf.sub_36_wf.bold_task_bird_run_1_wf.bold_confounds_wf.model_expansion" in "/work_dir/fmriprep_24_0_wf/sub_36_wf/bold_task_bird_run_1_wf/bold_confounds_wf/model_expansion".
250329-14:51:31,776 nipype.workflow INFO:
	 [Node] Setting-up "fmriprep_24_0_wf.sub_36_wf.bold_task_bird_run_1_wf.bold_confounds_wf.conf_corr_plot" in "/work_dir/fmriprep_24_0_wf/sub_36_wf/bold_task_bird_run_1_wf/bold_confounds_wf/conf_corr_plot".
250329-14:51:31,781 nipype.workflow INFO:
	 [Node] Executing "model_expansion" <niworkflows.interfaces.confounds.ExpandModel>
250329-14:51:31,782 nipype.workflow INFO:
	 [Node] Setting-up "fmriprep_24_0_wf.sub_36_wf.bold_task_bird_run_2_wf.bold_confounds_wf.acc_metadata_fmt" in "/work_dir/fmriprep_24_0_wf/sub_36_wf/bold_task_bird_run_2_wf/bold_confounds_wf/acc_metadata_fmt".
250329-14:51:31,783 nipype.workflow INFO:
	 [Node] Setting-up "fmriprep_24_0_wf.sub_36_wf.bold_task_bird_run_1_wf.bold_confounds_wf.acc_metadata_fmt" in "/work_dir/fmriprep_24_0_wf/sub_36_wf/bold_task_bird_run_1_wf/bold_confounds_wf/acc_metadata_fmt".
250329-14:51:31,784 nipype.workflow INFO:
	 [Node] Executing "acc_metadata_fmt" <niworkflows.interfaces.utility.TSV2JSON>
250329-14:51:31,785 nipype.workflow INFO:
	 [Node] Executing "acc_metadata_fmt" <niworkflows.interfaces.utility.TSV2JSON>
250329-14:51:31,786 nipype.workflow INFO:
	 [Node] Setting-up "fmriprep_24_0_wf.sub_36_wf.bold_task_bird_run_2_wf.bold_confounds_wf.model_expansion" in "/work_dir/fmriprep_24_0_wf/sub_36_wf/bold_task_bird_run_2_wf/bold_confounds_wf/model_expansion".
250329-14:51:31,796 nipype.workflow INFO:
	 [Node] Executing "model_expansion" <niworkflows.interfaces.confounds.ExpandModel>
250329-14:51:31,805 nipype.workflow INFO:
	 [Node] Finished "acc_metadata_fmt", elapsed time 0.020292s.
250329-14:51:31,808 nipype.workflow INFO:
	 [Node] Finished "acc_metadata_fmt", elapsed time 0.022216s.
250329-14:51:31,855 nipype.workflow INFO:
	 [Node] Executing "conf_corr_plot" <nireports.interfaces.nuisance.ConfoundsCorrelationPlot>
250329-14:51:32,456 nipype.workflow INFO:
	 [Node] Finished "model_expansion", elapsed time 0.659022s.
250329-14:51:32,604 nipype.workflow INFO:
	 [Node] Finished "model_expansion", elapsed time 0.821834s.
250329-14:51:32,746 nipype.workflow INFO:
	 [Node] Setting-up "fmriprep_24_0_wf.sub_36_wf.bold_task_bird_run_3_wf.bold_fit_wf.func_fit_reports_wf.ds_epi_t1_report" in "/work_dir/fmriprep_24_0_wf/sub_36_wf/bold_task_bird_run_3_wf/bold_fit_wf/func_fit_reports_wf/ds_epi_t1_report".
250329-14:51:32,755 nipype.workflow INFO:
	 [Node] Setting-up "fmriprep_24_0_wf.sub_36_wf.bold_task_bird_run_4_wf.bold_fit_wf.func_fit_reports_wf.ds_epi_t1_report" in "/work_dir/fmriprep_24_0_wf/sub_36_wf/bold_task_bird_run_4_wf/bold_fit_wf/func_fit_reports_wf/ds_epi_t1_report".
250329-14:51:32,762 nipype.workflow INFO:
	 [Node] Setting-up "fmriprep_24_0_wf.sub_36_wf.bold_task_bird_run_5_wf.bold_confounds_wf.acc_metadata_filter" in "/work_dir/fmriprep_24_0_wf/sub_36_wf/bold_task_bird_run_5_wf/bold_confounds_wf/acc_metadata_filter".
250329-14:51:32,764 nipype.workflow INFO:
	 [Node] Executing "acc_metadata_filter" <fmriprep.interfaces.confounds.FilterDropped>
250329-14:51:32,770 nipype.workflow INFO:
	 [Node] Finished "acc_metadata_filter", elapsed time 0.005877s.
250329-14:51:32,822 nipype.workflow INFO:
	 [Node] Setting-up "fmriprep_24_0_wf.sub_36_wf.bold_task_bird_run_2_wf.bold_confounds_wf.compcor_plot" in "/work_dir/fmriprep_24_0_wf/sub_36_wf/bold_task_bird_run_2_wf/bold_confounds_wf/compcor_plot".
250329-14:51:32,824 nipype.workflow INFO:
	 [Node] Executing "compcor_plot" <nireports.interfaces.nuisance.CompCorVariancePlot>
250329-14:51:32,952 nipype.workflow INFO:
	 [Node] Setting-up "fmriprep_24_0_wf.sub_36_wf.bold_task_bird_run_1_wf.bold_confounds_wf.compcor_plot" in "/work_dir/fmriprep_24_0_wf/sub_36_wf/bold_task_bird_run_1_wf/bold_confounds_wf/compcor_plot".
250329-14:51:32,955 nipype.workflow INFO:
	 [Node] Executing "compcor_plot" <nireports.interfaces.nuisance.CompCorVariancePlot>
250329-14:51:33,826 nipype.workflow INFO:
	 [Node] Finished "compcor_plot", elapsed time 2.072597s.
250329-14:51:33,864 nipype.workflow INFO:
	 [Node] Finished "compcor_plot", elapsed time 2.113565s.
250329-14:51:33,965 nipype.workflow INFO:
	 [Node] Executing "ds_epi_t1_report" <fmriprep.interfaces.DerivativesDataSink>
250329-14:51:34,21 nipype.workflow INFO:
	 [Node] Finished "ds_epi_t1_report", elapsed time 0.035369s.
250329-14:51:34,426 nipype.workflow INFO:
	 [Node] Finished "compcor_plot", elapsed time 1.600861s.
250329-14:51:34,446 nipype.workflow INFO:
	 [Node] Finished "compcor_plot", elapsed time 1.490035s.
250329-14:51:34,538 nipype.workflow INFO:
	 [Node] Setting-up "fmriprep_24_0_wf.sub_36_wf.bold_task_bird_run_6_wf.bold_confounds_wf.acc_metadata_filter" in "/work_dir/fmriprep_24_0_wf/sub_36_wf/bold_task_bird_run_6_wf/bold_confounds_wf/acc_metadata_filter".
250329-14:51:34,540 nipype.workflow INFO:
	 [Node] Executing "acc_metadata_filter" <fmriprep.interfaces.confounds.FilterDropped>
250329-14:51:34,547 nipype.workflow INFO:
	 [Node] Finished "acc_metadata_filter", elapsed time 0.006374s.
250329-14:51:34,778 nipype.workflow INFO:
	 [Node] Finished "conf_corr_plot", elapsed time 2.922481s.
250329-14:51:35,164 nipype.workflow INFO:
	 [Node] Executing "ds_epi_t1_report" <fmriprep.interfaces.DerivativesDataSink>
250329-14:51:35,207 nipype.workflow INFO:
	 [Node] Finished "ds_epi_t1_report", elapsed time 0.042721s.
250329-14:51:35,315 nipype.workflow INFO:
	 [Node] Finished "signals", elapsed time 12.602991s.
250329-14:51:35,337 nipype.workflow INFO:
	 [Node] Setting-up "fmriprep_24_0_wf.sub_36_wf.bold_task_bird_run_5_wf.bold_confounds_wf.compcor_plot" in "/work_dir/fmriprep_24_0_wf/sub_36_wf/bold_task_bird_run_5_wf/bold_confounds_wf/compcor_plot".
250329-14:51:35,339 nipype.workflow INFO:
	 [Node] Executing "compcor_plot" <nireports.interfaces.nuisance.CompCorVariancePlot>
250329-14:51:35,360 nipype.workflow INFO:
	 [Node] Setting-up "fmriprep_24_0_wf.sub_36_wf.bold_task_bird_run_2_wf.bold_confounds_wf.conf_corr_plot" in "/work_dir/fmriprep_24_0_wf/sub_36_wf/bold_task_bird_run_2_wf/bold_confounds_wf/conf_corr_plot".
250329-14:51:35,367 nipype.workflow INFO:
	 [Node] Setting-up "fmriprep_24_0_wf.sub_36_wf.bold_task_bird_run_3_wf.bold_confounds_wf.conf_corr_plot" in "/work_dir/fmriprep_24_0_wf/sub_36_wf/bold_task_bird_run_3_wf/bold_confounds_wf/conf_corr_plot".
250329-14:51:35,367 nipype.workflow INFO:
	 [Node] Setting-up "fmriprep_24_0_wf.sub_36_wf.bold_task_bird_run_4_wf.bold_confounds_wf.model_expansion" in "/work_dir/fmriprep_24_0_wf/sub_36_wf/bold_task_bird_run_4_wf/bold_confounds_wf/model_expansion".
250329-14:51:35,367 nipype.workflow INFO:
	 [Node] Setting-up "fmriprep_24_0_wf.sub_36_wf.bold_task_bird_run_4_wf.bold_confounds_wf.acc_metadata_fmt" in "/work_dir/fmriprep_24_0_wf/sub_36_wf/bold_task_bird_run_4_wf/bold_confounds_wf/acc_metadata_fmt".
250329-14:51:35,369 nipype.workflow INFO:
	 [Node] Executing "model_expansion" <niworkflows.interfaces.confounds.ExpandModel>
250329-14:51:35,370 nipype.workflow INFO:
	 [Node] Executing "acc_metadata_fmt" <niworkflows.interfaces.utility.TSV2JSON>
250329-14:51:35,372 nipype.workflow INFO:
	 [Node] Setting-up "fmriprep_24_0_wf.sub_36_wf.bold_task_bird_run_3_wf.bold_confounds_wf.acc_metadata_fmt" in "/work_dir/fmriprep_24_0_wf/sub_36_wf/bold_task_bird_run_3_wf/bold_confounds_wf/acc_metadata_fmt".
250329-14:51:35,374 nipype.workflow INFO:
	 [Node] Setting-up "fmriprep_24_0_wf.sub_36_wf.bold_task_bird_run_5_wf.bold_confounds_wf.model_expansion" in "/work_dir/fmriprep_24_0_wf/sub_36_wf/bold_task_bird_run_5_wf/bold_confounds_wf/model_expansion".
250329-14:51:35,376 nipype.workflow INFO:
	 [Node] Executing "model_expansion" <niworkflows.interfaces.confounds.ExpandModel>
250329-14:51:35,379 nipype.workflow INFO:
	 [Node] Setting-up "fmriprep_24_0_wf.sub_36_wf.bold_task_bird_run_5_wf.bold_confounds_wf.acc_metadata_fmt" in "/work_dir/fmriprep_24_0_wf/sub_36_wf/bold_task_bird_run_5_wf/bold_confounds_wf/acc_metadata_fmt".
250329-14:51:35,379 nipype.workflow INFO:
	 [Node] Finished "acc_metadata_fmt", elapsed time 0.008386s.
250329-14:51:35,379 nipype.workflow INFO:
	 [Node] Setting-up "fmriprep_24_0_wf.sub_36_wf.bold_task_bird_run_3_wf.bold_confounds_wf.model_expansion" in "/work_dir/fmriprep_24_0_wf/sub_36_wf/bold_task_bird_run_3_wf/bold_confounds_wf/model_expansion".
250329-14:51:35,381 nipype.workflow INFO:
	 [Node] Executing "acc_metadata_fmt" <niworkflows.interfaces.utility.TSV2JSON>
250329-14:51:35,381 nipype.workflow INFO:
	 [Node] Executing "model_expansion" <niworkflows.interfaces.confounds.ExpandModel>
250329-14:51:35,390 nipype.workflow INFO:
	 [Node] Executing "acc_metadata_fmt" <niworkflows.interfaces.utility.TSV2JSON>
250329-14:51:35,402 nipype.workflow INFO:
	 [Node] Executing "conf_corr_plot" <nireports.interfaces.nuisance.ConfoundsCorrelationPlot>
250329-14:51:35,405 nipype.workflow INFO:
	 [Node] Executing "conf_corr_plot" <nireports.interfaces.nuisance.ConfoundsCorrelationPlot>
250329-14:51:35,409 nipype.workflow INFO:
	 [Node] Finished "acc_metadata_fmt", elapsed time 0.027698s.
250329-14:51:35,419 nipype.workflow INFO:
	 [Node] Finished "acc_metadata_fmt", elapsed time 0.029077s.
250329-14:51:35,833 nipype.workflow INFO:
	 [Node] Finished "epi_t1_report", elapsed time 62.137386s.
250329-14:51:35,871 nipype.workflow INFO:
	 [Node] Finished "model_expansion", elapsed time 0.501479s.
250329-14:51:35,953 nipype.workflow INFO:
	 [Node] Setting-up "fmriprep_24_0_wf.sub_36_wf.bold_task_bird_run_4_wf.bold_confounds_wf.conf_corr_plot" in "/work_dir/fmriprep_24_0_wf/sub_36_wf/bold_task_bird_run_4_wf/bold_confounds_wf/conf_corr_plot".
250329-14:51:35,988 nipype.workflow INFO:
	 [Node] Executing "conf_corr_plot" <nireports.interfaces.nuisance.ConfoundsCorrelationPlot>
250329-14:51:35,997 nipype.workflow INFO:
	 [Node] Finished "model_expansion", elapsed time 0.620113s.
250329-14:51:36,13 nipype.workflow INFO:
	 [Node] Finished "model_expansion", elapsed time 0.631069s.
250329-14:51:36,312 nipype.workflow INFO:
	 [Node] Setting-up "fmriprep_24_0_wf.sub_36_wf.bold_task_bird_run_6_wf.bold_confounds_wf.compcor_plot" in "/work_dir/fmriprep_24_0_wf/sub_36_wf/bold_task_bird_run_6_wf/bold_confounds_wf/compcor_plot".
250329-14:51:36,314 nipype.workflow INFO:
	 [Node] Executing "compcor_plot" <nireports.interfaces.nuisance.CompCorVariancePlot>
250329-14:51:36,713 nipype.workflow INFO:
	 [Node] Finished "compcor_plot", elapsed time 1.37323s.
250329-14:51:37,174 nipype.workflow INFO:
	 [Node] Setting-up "fmriprep_24_0_wf.sub_36_wf.bold_task_bird_run_5_wf.bold_fit_wf.func_fit_reports_wf.ds_epi_t1_report" in "/work_dir/fmriprep_24_0_wf/sub_36_wf/bold_task_bird_run_5_wf/bold_fit_wf/func_fit_reports_wf/ds_epi_t1_report".
250329-14:51:37,177 nipype.workflow INFO:
	 [Node] Executing "ds_epi_t1_report" <fmriprep.interfaces.DerivativesDataSink>
250329-14:51:37,197 nipype.workflow INFO:
	 [Node] Finished "compcor_plot", elapsed time 0.881611s.
250329-14:51:37,226 nipype.workflow INFO:
	 [Node] Finished "ds_epi_t1_report", elapsed time 0.042045s.
250329-14:51:37,469 nipype.workflow INFO:
	 [Node] Finished "conf_corr_plot", elapsed time 2.062841s.
250329-14:51:37,701 nipype.workflow INFO:
	 [Node] Setting-up "fmriprep_24_0_wf.sub_36_wf.bold_task_bird_run_5_wf.bold_confounds_wf.conf_corr_plot" in "/work_dir/fmriprep_24_0_wf/sub_36_wf/bold_task_bird_run_5_wf/bold_confounds_wf/conf_corr_plot".
250329-14:51:37,714 nipype.workflow INFO:
	 [Node] Executing "conf_corr_plot" <nireports.interfaces.nuisance.ConfoundsCorrelationPlot>
250329-14:51:37,722 nipype.workflow INFO:
	 [Node] Setting-up "fmriprep_24_0_wf.sub_36_wf.bold_task_bird_run_6_wf.bold_confounds_wf.acc_metadata_fmt" in "/work_dir/fmriprep_24_0_wf/sub_36_wf/bold_task_bird_run_6_wf/bold_confounds_wf/acc_metadata_fmt".
250329-14:51:37,728 nipype.workflow INFO:
	 [Node] Executing "acc_metadata_fmt" <niworkflows.interfaces.utility.TSV2JSON>
250329-14:51:37,746 nipype.workflow INFO:
	 [Node] Finished "acc_metadata_fmt", elapsed time 0.017155s.
250329-14:51:38,114 nipype.workflow INFO:
	 [Node] Finished "conf_corr_plot", elapsed time 2.71096s.
250329-14:51:38,480 nipype.workflow INFO:
	 [Node] Finished "conf_corr_plot", elapsed time 2.491573s.
250329-14:51:39,280 nipype.workflow INFO:
	 [Node] Finished "conf_corr_plot", elapsed time 1.565069s.
250329-14:51:39,336 nipype.workflow INFO:
	 [Node] Finished "epi_t1_report", elapsed time 62.018368s.
250329-14:51:39,720 nipype.workflow INFO:
	 [Node] Setting-up "fmriprep_24_0_wf.sub_36_wf.bold_task_bird_run_1_wf.bold_confounds_wf.spike_regressors" in "/work_dir/fmriprep_24_0_wf/sub_36_wf/bold_task_bird_run_1_wf/bold_confounds_wf/spike_regressors".
250329-14:51:39,722 nipype.workflow INFO:
	 [Node] Executing "spike_regressors" <niworkflows.interfaces.confounds.SpikeRegressors>
250329-14:51:39,948 nipype.workflow INFO:
	 [Node] Finished "spike_regressors", elapsed time 0.22517s.
250329-14:51:40,766 nipype.workflow INFO:
	 [Node] Setting-up "fmriprep_24_0_wf.sub_36_wf.bold_task_bird_run_2_wf.bold_confounds_wf.spike_regressors" in "/work_dir/fmriprep_24_0_wf/sub_36_wf/bold_task_bird_run_2_wf/bold_confounds_wf/spike_regressors".
250329-14:51:40,768 nipype.workflow INFO:
	 [Node] Executing "spike_regressors" <niworkflows.interfaces.confounds.SpikeRegressors>
250329-14:51:41,88 nipype.workflow INFO:
	 [Node] Finished "spike_regressors", elapsed time 0.318276s.
250329-14:51:41,271 nipype.workflow INFO:
	 [Node] Setting-up "fmriprep_24_0_wf.sub_36_wf.bold_task_bird_run_3_wf.bold_confounds_wf.spike_regressors" in "/work_dir/fmriprep_24_0_wf/sub_36_wf/bold_task_bird_run_3_wf/bold_confounds_wf/spike_regressors".
250329-14:51:41,274 nipype.workflow INFO:
	 [Node] Executing "spike_regressors" <niworkflows.interfaces.confounds.SpikeRegressors>
250329-14:51:41,548 nipype.workflow INFO:
	 [Node] Finished "spike_regressors", elapsed time 0.273528s.
250329-14:51:42,127 nipype.workflow INFO:
	 [Node] Setting-up "fmriprep_24_0_wf.sub_36_wf.bold_task_bird_run_4_wf.bold_confounds_wf.spike_regressors" in "/work_dir/fmriprep_24_0_wf/sub_36_wf/bold_task_bird_run_4_wf/bold_confounds_wf/spike_regressors".
250329-14:51:42,130 nipype.workflow INFO:
	 [Node] Executing "spike_regressors" <niworkflows.interfaces.confounds.SpikeRegressors>
250329-14:51:42,419 nipype.workflow INFO:
	 [Node] Finished "spike_regressors", elapsed time 0.288175s.
250329-14:51:42,990 nipype.workflow INFO:
	 [Node] Setting-up "fmriprep_24_0_wf.sub_36_wf.bold_task_bird_run_5_wf.bold_confounds_wf.spike_regressors" in "/work_dir/fmriprep_24_0_wf/sub_36_wf/bold_task_bird_run_5_wf/bold_confounds_wf/spike_regressors".
250329-14:51:42,993 nipype.workflow INFO:
	 [Node] Executing "spike_regressors" <niworkflows.interfaces.confounds.SpikeRegressors>
250329-14:51:43,387 nipype.workflow INFO:
	 [Node] Finished "spike_regressors", elapsed time 0.392684s.
250329-14:51:43,577 nipype.workflow INFO:
	 [Node] Setting-up "fmriprep_24_0_wf.sub_36_wf.bold_task_bird_run_6_wf.bold_fit_wf.func_fit_reports_wf.ds_epi_t1_report" in "/work_dir/fmriprep_24_0_wf/sub_36_wf/bold_task_bird_run_6_wf/bold_fit_wf/func_fit_reports_wf/ds_epi_t1_report".
250329-14:51:43,580 nipype.workflow INFO:
	 [Node] Executing "ds_epi_t1_report" <fmriprep.interfaces.DerivativesDataSink>
250329-14:51:43,583 nipype.workflow INFO:
	 [Node] Setting-up "fmriprep_24_0_wf.sub_36_wf.bold_task_bird_run_6_wf.bold_confounds_wf.conf_corr_plot" in "/work_dir/fmriprep_24_0_wf/sub_36_wf/bold_task_bird_run_6_wf/bold_confounds_wf/conf_corr_plot".
250329-14:51:43,585 nipype.workflow INFO:
	 [Node] Setting-up "fmriprep_24_0_wf.sub_36_wf.bold_task_bird_run_6_wf.bold_confounds_wf.model_expansion" in "/work_dir/fmriprep_24_0_wf/sub_36_wf/bold_task_bird_run_6_wf/bold_confounds_wf/model_expansion".
250329-14:51:43,587 nipype.workflow INFO:
	 [Node] Executing "model_expansion" <niworkflows.interfaces.confounds.ExpandModel>
250329-14:51:43,607 nipype.workflow INFO:
	 [Node] Executing "conf_corr_plot" <nireports.interfaces.nuisance.ConfoundsCorrelationPlot>
250329-14:51:43,612 nipype.workflow INFO:
	 [Node] Finished "ds_epi_t1_report", elapsed time 0.030734s.
250329-14:51:44,68 nipype.workflow INFO:
	 [Node] Finished "model_expansion", elapsed time 0.480129s.
250329-14:51:46,16 nipype.workflow INFO:
	 [Node] Finished "conf_corr_plot", elapsed time 2.4075860000000002s.
250329-14:51:49,749 nipype.workflow INFO:
	 [Node] Setting-up "fmriprep_24_0_wf.sub_36_wf.bold_task_bird_run_6_wf.bold_confounds_wf.spike_regressors" in "/work_dir/fmriprep_24_0_wf/sub_36_wf/bold_task_bird_run_6_wf/bold_confounds_wf/spike_regressors".
250329-14:51:49,752 nipype.workflow INFO:
	 [Node] Executing "spike_regressors" <niworkflows.interfaces.confounds.SpikeRegressors>
250329-14:51:49,985 nipype.workflow INFO:
	 [Node] Finished "spike_regressors", elapsed time 0.232805s.
250329-14:51:53,751 nipype.workflow INFO:
	 [Node] Finished "rois_plot", elapsed time 49.36749s.
250329-14:51:56,883 nipype.workflow INFO:
	 [Node] Finished "rois_plot", elapsed time 49.460532s.
250329-14:51:57,454 nipype.workflow INFO:
	 [Node] Finished "rois_plot", elapsed time 48.242093s.
250329-14:51:57,923 nipype.workflow INFO:
	 [Node] Finished "rois_plot", elapsed time 45.909455s.
250329-14:51:58,107 nipype.workflow INFO:
	 [Node] Finished "rois_plot", elapsed time 48.024979s.
250329-14:51:59,612 nipype.workflow INFO:
	 [Node] Finished "rois_plot", elapsed time 33.821901s.
250329-15:19:55,848 nipype.workflow INFO:
	 [Node] Finished "registration", elapsed time 1936.533854s.
250329-15:19:57,151 nipype.workflow INFO:
	 [Node] Setting-up "fmriprep_24_0_wf.sub_36_wf.anat_fit_wf.register_template_wf.outputnode" in "/work_dir/fmriprep_24_0_wf/sub_36_wf/anat_fit_wf/register_template_wf/outputnode".
250329-15:19:57,155 nipype.workflow INFO:
	 [Node] Executing "outputnode" <nipype.interfaces.utility.base.IdentityInterface>
250329-15:19:57,156 nipype.workflow INFO:
	 [Node] Finished "outputnode", elapsed time 0.000351s.
250329-15:19:59,153 nipype.workflow INFO:
	 [Node] Setting-up "fmriprep_24_0_wf.sub_36_wf.anat_fit_wf.template_buffer" in "/work_dir/fmriprep_24_0_wf/sub_36_wf/anat_fit_wf/template_buffer".
250329-15:19:59,156 nipype.workflow INFO:
	 [Node] Executing "template_buffer" <nipype.interfaces.utility.base.Merge>
250329-15:19:59,157 nipype.workflow INFO:
	 [Node] Finished "template_buffer", elapsed time 0.000195s.
250329-15:20:01,169 nipype.workflow INFO:
	 [Node] Setting-up "fmriprep_24_0_wf.sub_36_wf.anat_fit_wf.anat2std_buffer" in "/work_dir/fmriprep_24_0_wf/sub_36_wf/anat_fit_wf/anat2std_buffer".
250329-15:20:01,169 nipype.workflow INFO:
	 [Node] Setting-up "fmriprep_24_0_wf.sub_36_wf.anat_fit_wf.std2anat_buffer" in "/work_dir/fmriprep_24_0_wf/sub_36_wf/anat_fit_wf/std2anat_buffer".
250329-15:20:01,172 nipype.workflow INFO:
	 [Node] Executing "anat2std_buffer" <nipype.interfaces.utility.base.Merge>
250329-15:20:01,172 nipype.workflow INFO:
	 [Node] Executing "std2anat_buffer" <nipype.interfaces.utility.base.Merge>
250329-15:20:01,172 nipype.workflow INFO:
	 [Node] Finished "anat2std_buffer", elapsed time 0.000183s.
250329-15:20:01,172 nipype.workflow INFO:
	 [Node] Finished "std2anat_buffer", elapsed time 0.00018s.
250329-15:20:05,156 nipype.workflow INFO:
	 [Node] Setting-up "fmriprep_24_0_wf.sub_36_wf.bold_task_bird_run_1_wf.carpetplot_wf.mrg_xfms" in "/work_dir/fmriprep_24_0_wf/sub_36_wf/bold_task_bird_run_1_wf/carpetplot_wf/mrg_xfms".
250329-15:20:05,157 nipype.workflow INFO:
	 [Node] Setting-up "fmriprep_24_0_wf.sub_36_wf.bold_task_bird_run_2_wf.carpetplot_wf.mrg_xfms" in "/work_dir/fmriprep_24_0_wf/sub_36_wf/bold_task_bird_run_2_wf/carpetplot_wf/mrg_xfms".
250329-15:20:05,157 nipype.workflow INFO:
	 [Node] Setting-up "fmriprep_24_0_wf.sub_36_wf.bold_task_bird_run_3_wf.carpetplot_wf.mrg_xfms" in "/work_dir/fmriprep_24_0_wf/sub_36_wf/bold_task_bird_run_3_wf/carpetplot_wf/mrg_xfms".
250329-15:20:05,158 nipype.workflow INFO:
	 [Node] Setting-up "fmriprep_24_0_wf.sub_36_wf.bold_task_bird_run_4_wf.carpetplot_wf.mrg_xfms" in "/work_dir/fmriprep_24_0_wf/sub_36_wf/bold_task_bird_run_4_wf/carpetplot_wf/mrg_xfms".
250329-15:20:05,158 nipype.workflow INFO:
	 [Node] Setting-up "fmriprep_24_0_wf.sub_36_wf.bold_task_bird_run_5_wf.carpetplot_wf.mrg_xfms" in "/work_dir/fmriprep_24_0_wf/sub_36_wf/bold_task_bird_run_5_wf/carpetplot_wf/mrg_xfms".
250329-15:20:05,159 nipype.workflow INFO:
	 [Node] Setting-up "fmriprep_24_0_wf.sub_36_wf.bold_task_bird_run_6_wf.carpetplot_wf.mrg_xfms" in "/work_dir/fmriprep_24_0_wf/sub_36_wf/bold_task_bird_run_6_wf/carpetplot_wf/mrg_xfms".
250329-15:20:05,161 nipype.workflow INFO:
	 [Node] Executing "mrg_xfms" <nipype.interfaces.utility.base.Merge>
250329-15:20:05,161 nipype.workflow INFO:
	 [Node] Executing "mrg_xfms" <nipype.interfaces.utility.base.Merge>
250329-15:20:05,161 nipype.workflow INFO:
	 [Node] Finished "mrg_xfms", elapsed time 0.000183s.
250329-15:20:05,162 nipype.workflow INFO:
	 [Node] Finished "mrg_xfms", elapsed time 0.00019s.
250329-15:20:05,162 nipype.workflow INFO:
	 [Node] Executing "mrg_xfms" <nipype.interfaces.utility.base.Merge>
250329-15:20:05,163 nipype.workflow INFO:
	 [Node] Executing "mrg_xfms" <nipype.interfaces.utility.base.Merge>
250329-15:20:05,163 nipype.workflow INFO:
	 [Node] Finished "mrg_xfms", elapsed time 0.000185s.
250329-15:20:05,163 nipype.workflow INFO:
	 [Node] Finished "mrg_xfms", elapsed time 0.000187s.
250329-15:20:05,164 nipype.workflow INFO:
	 [Node] Executing "mrg_xfms" <nipype.interfaces.utility.base.Merge>
250329-15:20:05,165 nipype.workflow INFO:
	 [Node] Executing "mrg_xfms" <nipype.interfaces.utility.base.Merge>
250329-15:20:05,165 nipype.workflow INFO:
	 [Node] Finished "mrg_xfms", elapsed time 0.000174s.
250329-15:20:05,165 nipype.workflow INFO:
	 [Node] Finished "mrg_xfms", elapsed time 0.000186s.
250329-15:20:07,156 nipype.workflow INFO:
	 [Node] Setting-up "fmriprep_24_0_wf.sub_36_wf.bold_task_bird_run_1_wf.carpetplot_wf.resample_parc" in "/work_dir/fmriprep_24_0_wf/sub_36_wf/bold_task_bird_run_1_wf/carpetplot_wf/resample_parc".
250329-15:20:07,156 nipype.workflow INFO:
	 [Node] Setting-up "fmriprep_24_0_wf.sub_36_wf.bold_task_bird_run_2_wf.carpetplot_wf.resample_parc" in "/work_dir/fmriprep_24_0_wf/sub_36_wf/bold_task_bird_run_2_wf/carpetplot_wf/resample_parc".
250329-15:20:07,157 nipype.workflow INFO:
	 [Node] Setting-up "fmriprep_24_0_wf.sub_36_wf.bold_task_bird_run_3_wf.carpetplot_wf.resample_parc" in "/work_dir/fmriprep_24_0_wf/sub_36_wf/bold_task_bird_run_3_wf/carpetplot_wf/resample_parc".
250329-15:20:07,158 nipype.workflow INFO:
	 [Node] Setting-up "fmriprep_24_0_wf.sub_36_wf.bold_task_bird_run_4_wf.carpetplot_wf.resample_parc" in "/work_dir/fmriprep_24_0_wf/sub_36_wf/bold_task_bird_run_4_wf/carpetplot_wf/resample_parc".
250329-15:20:07,158 nipype.workflow INFO:
	 [Node] Setting-up "fmriprep_24_0_wf.sub_36_wf.bold_task_bird_run_5_wf.carpetplot_wf.resample_parc" in "/work_dir/fmriprep_24_0_wf/sub_36_wf/bold_task_bird_run_5_wf/carpetplot_wf/resample_parc".
250329-15:20:07,159 nipype.workflow INFO:
	 [Node] Setting-up "fmriprep_24_0_wf.sub_36_wf.bold_task_bird_run_6_wf.carpetplot_wf.resample_parc" in "/work_dir/fmriprep_24_0_wf/sub_36_wf/bold_task_bird_run_6_wf/carpetplot_wf/resample_parc".
250329-15:20:07,162 nipype.workflow INFO:
	 [Node] Executing "resample_parc" <niworkflows.interfaces.fixes.FixHeaderApplyTransforms>
250329-15:20:07,163 nipype.workflow INFO:
	 [Node] Executing "resample_parc" <niworkflows.interfaces.fixes.FixHeaderApplyTransforms>
250329-15:20:07,163 nipype.workflow INFO:
	 [Node] Executing "resample_parc" <niworkflows.interfaces.fixes.FixHeaderApplyTransforms>
250329-15:20:07,163 nipype.workflow INFO:
	 [Node] Executing "resample_parc" <niworkflows.interfaces.fixes.FixHeaderApplyTransforms>
250329-15:20:07,163 nipype.workflow INFO:
	 [Node] Executing "resample_parc" <niworkflows.interfaces.fixes.FixHeaderApplyTransforms>
250329-15:20:07,163 nipype.workflow INFO:
	 [Node] Executing "resample_parc" <niworkflows.interfaces.fixes.FixHeaderApplyTransforms>
250329-15:20:12,725 nipype.workflow INFO:
	 [Node] Finished "resample_parc", elapsed time 5.5614989999999995s.
250329-15:20:12,725 nipype.workflow INFO:
	 [Node] Finished "resample_parc", elapsed time 5.562013s.
250329-15:20:12,770 nipype.workflow INFO:
	 [Node] Finished "resample_parc", elapsed time 5.606249s.
250329-15:20:12,776 nipype.workflow INFO:
	 [Node] Finished "resample_parc", elapsed time 5.61155s.
250329-15:20:12,816 nipype.workflow INFO:
	 [Node] Finished "resample_parc", elapsed time 5.653047s.
250329-15:20:13,97 nipype.workflow INFO:
	 [Node] Finished "resample_parc", elapsed time 5.93288s.
250329-15:20:13,162 nipype.workflow INFO:
	 [Node] Setting-up "fmriprep_24_0_wf.sub_36_wf.bold_task_bird_run_1_wf.carpetplot_wf.parcels" in "/work_dir/fmriprep_24_0_wf/sub_36_wf/bold_task_bird_run_1_wf/carpetplot_wf/parcels".
250329-15:20:13,163 nipype.workflow INFO:
	 [Node] Setting-up "fmriprep_24_0_wf.sub_36_wf.bold_task_bird_run_2_wf.carpetplot_wf.parcels" in "/work_dir/fmriprep_24_0_wf/sub_36_wf/bold_task_bird_run_2_wf/carpetplot_wf/parcels".
250329-15:20:13,163 nipype.workflow INFO:
	 [Node] Setting-up "fmriprep_24_0_wf.sub_36_wf.bold_task_bird_run_3_wf.carpetplot_wf.parcels" in "/work_dir/fmriprep_24_0_wf/sub_36_wf/bold_task_bird_run_3_wf/carpetplot_wf/parcels".
250329-15:20:13,163 nipype.workflow INFO:
	 [Node] Setting-up "fmriprep_24_0_wf.sub_36_wf.bold_task_bird_run_4_wf.carpetplot_wf.parcels" in "/work_dir/fmriprep_24_0_wf/sub_36_wf/bold_task_bird_run_4_wf/carpetplot_wf/parcels".
250329-15:20:13,164 nipype.workflow INFO:
	 [Node] Setting-up "fmriprep_24_0_wf.sub_36_wf.bold_task_bird_run_5_wf.carpetplot_wf.parcels" in "/work_dir/fmriprep_24_0_wf/sub_36_wf/bold_task_bird_run_5_wf/carpetplot_wf/parcels".
250329-15:20:13,166 nipype.workflow INFO:
	 [Node] Executing "parcels" <nipype.interfaces.utility.wrappers.Function>
250329-15:20:13,166 nipype.workflow INFO:
	 [Node] Executing "parcels" <nipype.interfaces.utility.wrappers.Function>
250329-15:20:13,166 nipype.workflow INFO:
	 [Node] Executing "parcels" <nipype.interfaces.utility.wrappers.Function>
250329-15:20:13,167 nipype.workflow INFO:
	 [Node] Executing "parcels" <nipype.interfaces.utility.wrappers.Function>
250329-15:20:13,167 nipype.workflow INFO:
	 [Node] Executing "parcels" <nipype.interfaces.utility.wrappers.Function>
250329-15:20:13,231 nipype.workflow INFO:
	 [Node] Finished "parcels", elapsed time 0.063054s.
250329-15:20:13,232 nipype.workflow INFO:
	 [Node] Finished "parcels", elapsed time 0.065276s.
250329-15:20:13,233 nipype.workflow INFO:
	 [Node] Finished "parcels", elapsed time 0.066212s.
250329-15:20:13,235 nipype.workflow INFO:
	 [Node] Finished "parcels", elapsed time 0.067858s.
250329-15:20:13,237 nipype.workflow INFO:
	 [Node] Finished "parcels", elapsed time 0.070215s.
250329-15:20:15,161 nipype.workflow INFO:
	 [Node] Setting-up "fmriprep_24_0_wf.sub_36_wf.bold_task_bird_run_6_wf.carpetplot_wf.parcels" in "/work_dir/fmriprep_24_0_wf/sub_36_wf/bold_task_bird_run_6_wf/carpetplot_wf/parcels".
250329-15:20:15,161 nipype.workflow INFO:
	 [Node] Setting-up "fmriprep_24_0_wf.sub_36_wf.bold_task_bird_run_1_wf.carpetplot_wf.conf_plot" in "/work_dir/fmriprep_24_0_wf/sub_36_wf/bold_task_bird_run_1_wf/carpetplot_wf/conf_plot".
250329-15:20:15,163 nipype.workflow INFO:
	 [Node] Setting-up "fmriprep_24_0_wf.sub_36_wf.bold_task_bird_run_2_wf.carpetplot_wf.conf_plot" in "/work_dir/fmriprep_24_0_wf/sub_36_wf/bold_task_bird_run_2_wf/carpetplot_wf/conf_plot".
250329-15:20:15,163 nipype.workflow INFO:
	 [Node] Setting-up "fmriprep_24_0_wf.sub_36_wf.bold_task_bird_run_3_wf.carpetplot_wf.conf_plot" in "/work_dir/fmriprep_24_0_wf/sub_36_wf/bold_task_bird_run_3_wf/carpetplot_wf/conf_plot".
250329-15:20:15,164 nipype.workflow INFO:
	 [Node] Setting-up "fmriprep_24_0_wf.sub_36_wf.bold_task_bird_run_4_wf.carpetplot_wf.conf_plot" in "/work_dir/fmriprep_24_0_wf/sub_36_wf/bold_task_bird_run_4_wf/carpetplot_wf/conf_plot".
250329-15:20:15,165 nipype.workflow INFO:
	 [Node] Executing "parcels" <nipype.interfaces.utility.wrappers.Function>
250329-15:20:15,167 nipype.workflow INFO:
	 [Node] Executing "conf_plot" <fmriprep.interfaces.confounds.FMRISummary>
250329-15:20:15,167 nipype.workflow INFO:
	 [Node] Executing "conf_plot" <fmriprep.interfaces.confounds.FMRISummary>
250329-15:20:15,168 nipype.workflow INFO:
	 [Node] Executing "conf_plot" <fmriprep.interfaces.confounds.FMRISummary>
250329-15:20:15,177 nipype.workflow INFO:
	 [Node] Executing "conf_plot" <fmriprep.interfaces.confounds.FMRISummary>
250329-15:20:15,231 nipype.workflow INFO:
	 [Node] Finished "parcels", elapsed time 0.064582s.
250329-15:20:15,270 nipype.workflow INFO:
	 [Node] Setting-up "fmriprep_24_0_wf.sub_36_wf.bold_task_bird_run_5_wf.carpetplot_wf.conf_plot" in "/work_dir/fmriprep_24_0_wf/sub_36_wf/bold_task_bird_run_5_wf/carpetplot_wf/conf_plot".
250329-15:20:15,276 nipype.workflow INFO:
	 [Node] Executing "conf_plot" <fmriprep.interfaces.confounds.FMRISummary>
250329-15:20:17,177 nipype.workflow INFO:
	 [Node] Setting-up "fmriprep_24_0_wf.sub_36_wf.bold_task_bird_run_6_wf.carpetplot_wf.conf_plot" in "/work_dir/fmriprep_24_0_wf/sub_36_wf/bold_task_bird_run_6_wf/carpetplot_wf/conf_plot".
250329-15:20:17,181 nipype.workflow INFO:
	 [Node] Executing "conf_plot" <fmriprep.interfaces.confounds.FMRISummary>
250329-15:20:24,21 nipype.workflow INFO:
	 [Node] Finished "conf_plot", elapsed time 8.852942s.
250329-15:20:24,309 nipype.workflow INFO:
	 [Node] Finished "conf_plot", elapsed time 9.141876s.
250329-15:20:24,319 nipype.workflow INFO:
	 [Node] Finished "conf_plot", elapsed time 9.04229s.
250329-15:20:24,403 nipype.workflow INFO:
	 [Node] Finished "conf_plot", elapsed time 9.225432s.
250329-15:20:25,42 nipype.workflow INFO:
	 [Node] Finished "conf_plot", elapsed time 9.87411s.
250329-15:20:26,398 nipype.workflow INFO:
	 [Node] Finished "conf_plot", elapsed time 9.216021s.
250329-15:56:15,233 nipype.workflow INFO:
	 [Node] Finished "_msmsulc1", elapsed time 4112.319s.
250329-15:56:16,11 nipype.workflow INFO:
	 [Node] Finished "_msmsulc0", elapsed time 4117.208909s.
250329-15:56:17,311 nipype.workflow INFO:
	 [Node] Setting-up "_msmsulc0" in "/work_dir/fmriprep_24_0_wf/sub_36_wf/anat_fit_wf/msm_sulc_wf/msmsulc/mapflow/_msmsulc0".
250329-15:56:17,314 nipype.workflow INFO:
	 [Node] Cached "_msmsulc0" - collecting precomputed outputs
250329-15:56:17,314 nipype.workflow INFO:
	 [Node] "_msmsulc0" found cached.
250329-15:56:17,315 nipype.workflow INFO:
	 [Node] Setting-up "_msmsulc1" in "/work_dir/fmriprep_24_0_wf/sub_36_wf/anat_fit_wf/msm_sulc_wf/msmsulc/mapflow/_msmsulc1".
250329-15:56:17,318 nipype.workflow INFO:
	 [Node] Cached "_msmsulc1" - collecting precomputed outputs
250329-15:56:17,319 nipype.workflow INFO:
	 [Node] "_msmsulc1" found cached.
250329-15:56:25,251 nipype.workflow IMPORTANT:
	 fMRIPrep finished successfully!
250329-15:56:25,256 nipype.workflow IMPORTANT:
	 Works derived from this fMRIPrep execution should include the boilerplate text found in <OUTPUT_PATH>/logs/CITATION.md.
