You are using fMRIPrep-24.0.0, and a newer version of fMRIPrep is available: 25.0.0.
Please check out our documentation about how and when to upgrade:
https://fmriprep.readthedocs.io/en/latest/faq.html#upgrading
bids-validator@1.14.6
(node:4170979) Warning: Closing directory handle on garbage collection
(Use `node --trace-warnings ...` to show where the warning was created)
	[33m1: [WARN] The recommended file /README is missing. See Section 03 (Modality agnostic files) of the BIDS specification. (code: 101 - README_FILE_MISSING)[39m

[36m	Please visit https://neurostars.org/search?q=README_FILE_MISSING for existing conversations about this issue.[39m

        [34m[4mSummary:[24m[39m                  [34m[4mAvailable Tasks:[24m[39m        [34m[4mAvailable Modalities:[39m[24m 
        681 Files, 46.44GB                                MRI                   
        34 - Subjects                                                           
        1 - Session                                                             


[36m	If you have any questions, please post on https://neurostars.org/tags/bids.[39m
250329-09:52:56,44 nipype.workflow IMPORTANT:
	 Running fMRIPrep version 24.0.0

         License NOTICE ##################################################
         fMRIPrep 24.0.0
         Copyright The NiPreps Developers.
         
         This product includes software developed by
         the NiPreps Community (https://nipreps.org/).
         
         Portions of this software were developed at the Department of
         Psychology at Stanford University, Stanford, CA, US.
         
         This software is also distributed as a Docker container image.
         The bootstrapping file for the image ("Dockerfile") is licensed
         under the MIT License.
         
         This software may be distributed through an add-on package called
         "Docker Wrapper" that is under the BSD 3-clause License.
         #################################################################
250329-09:52:56,79 nipype.workflow IMPORTANT:
	 Building fMRIPrep's workflow:
           * BIDS dataset path: /raw.
           * Participant list: ['34'].
           * Run identifier: 20250329-095232_1bb8f760-ef9d-49d6-8ee4-be11055484b6.
           * Output spaces: func.
           * Pre-run FreeSurfer's SUBJECTS_DIR: /output/sourcedata/freesurfer.
250329-09:52:56,885 nipype.workflow INFO:
	 ANAT Stage 1: Adding template workflow
250329-09:52:57,483 nipype.workflow INFO:
	 ANAT Stage 2: Preparing brain extraction workflow
250329-09:52:57,633 nipype.workflow INFO:
	 ANAT Stage 3: Preparing segmentation workflow
250329-09:52:57,641 nipype.workflow INFO:
	 ANAT Stage 4: Preparing normalization workflow for ['MNI152NLin2009cAsym']
250329-09:52:57,658 nipype.workflow INFO:
	 ANAT Stage 5: Preparing surface reconstruction workflow
250329-09:52:57,691 nipype.workflow INFO:
	 ANAT Stage 6: Preparing mask refinement workflow
250329-09:52:57,696 nipype.workflow INFO:
	 ANAT No T2w images provided - skipping Stage 7
250329-09:52:57,696 nipype.workflow INFO:
	 ANAT Stage 8: Creating GIFTI surfaces for ['white', 'pial', 'midthickness', 'sphere_reg', 'sphere']
250329-09:52:57,726 nipype.workflow INFO:
	 ANAT Stage 8: Creating GIFTI metrics for ['thickness', 'sulc']
250329-09:52:57,738 nipype.workflow INFO:
	 ANAT Stage 8a: Creating cortical ribbon mask
250329-09:52:57,744 nipype.workflow INFO:
	 ANAT Stage 9: Creating fsLR registration sphere
250329-09:52:57,751 nipype.workflow INFO:
	 ANAT Stage 10: Creating MSM-Sulc registration sphere
250329-09:52:57,991 nipype.workflow INFO:
	 No single-band-reference found for sub-34_task-bird_run-1_bold.nii.gz.
250329-09:52:58,106 nipype.workflow INFO:
	 Stage 1: Adding HMC boldref workflow
250329-09:52:58,118 nipype.workflow INFO:
	 Stage 2: Adding motion correction workflow
250329-09:52:58,132 nipype.workflow INFO:
	 Stage 3: Adding coregistration boldref workflow
250329-09:52:58,208 nipype.workflow IMPORTANT:
	 BOLD series will be slice-timing corrected to an offset of 0.959s.
250329-09:52:58,382 nipype.workflow INFO:
	 No single-band-reference found for sub-34_task-bird_run-2_bold.nii.gz.
250329-09:52:58,470 nipype.workflow INFO:
	 Stage 1: Adding HMC boldref workflow
250329-09:52:58,479 nipype.workflow INFO:
	 Stage 2: Adding motion correction workflow
250329-09:52:58,489 nipype.workflow INFO:
	 Stage 3: Adding coregistration boldref workflow
250329-09:52:58,556 nipype.workflow IMPORTANT:
	 BOLD series will be slice-timing corrected to an offset of 0.959s.
250329-09:52:58,718 nipype.workflow INFO:
	 No single-band-reference found for sub-34_task-bird_run-3_bold.nii.gz.
250329-09:52:58,806 nipype.workflow INFO:
	 Stage 1: Adding HMC boldref workflow
250329-09:52:58,816 nipype.workflow INFO:
	 Stage 2: Adding motion correction workflow
250329-09:52:58,823 nipype.workflow INFO:
	 Stage 3: Adding coregistration boldref workflow
250329-09:52:58,897 nipype.workflow IMPORTANT:
	 BOLD series will be slice-timing corrected to an offset of 0.959s.
250329-09:52:59,58 nipype.workflow INFO:
	 No single-band-reference found for sub-34_task-bird_run-4_bold.nii.gz.
250329-09:52:59,148 nipype.workflow INFO:
	 Stage 1: Adding HMC boldref workflow
250329-09:52:59,157 nipype.workflow INFO:
	 Stage 2: Adding motion correction workflow
250329-09:52:59,164 nipype.workflow INFO:
	 Stage 3: Adding coregistration boldref workflow
250329-09:52:59,230 nipype.workflow IMPORTANT:
	 BOLD series will be slice-timing corrected to an offset of 0.959s.
250329-09:52:59,391 nipype.workflow INFO:
	 No single-band-reference found for sub-34_task-bird_run-5_bold.nii.gz.
250329-09:52:59,479 nipype.workflow INFO:
	 Stage 1: Adding HMC boldref workflow
250329-09:52:59,489 nipype.workflow INFO:
	 Stage 2: Adding motion correction workflow
250329-09:52:59,496 nipype.workflow INFO:
	 Stage 3: Adding coregistration boldref workflow
250329-09:52:59,565 nipype.workflow IMPORTANT:
	 BOLD series will be slice-timing corrected to an offset of 0.959s.
250329-09:52:59,726 nipype.workflow INFO:
	 No single-band-reference found for sub-34_task-bird_run-6_bold.nii.gz.
250329-09:52:59,814 nipype.workflow INFO:
	 Stage 1: Adding HMC boldref workflow
250329-09:52:59,823 nipype.workflow INFO:
	 Stage 2: Adding motion correction workflow
250329-09:52:59,831 nipype.workflow INFO:
	 Stage 3: Adding coregistration boldref workflow
250329-09:52:59,896 nipype.workflow IMPORTANT:
	 BOLD series will be slice-timing corrected to an offset of 0.959s.
250329-09:53:05,836 nipype.workflow INFO:
	 fMRIPrep workflow graph with 1089 nodes built successfully.
250329-09:53:29,165 nipype.workflow IMPORTANT:
	 fMRIPrep started!
250329-09:53:53,17 nipype.workflow INFO:
	 [Node] Setting-up "fmriprep_24_0_wf.sub_34_wf.anat_fit_wf.brain_extraction_wf.full_wm" in "/work_dir/fmriprep_24_0_wf/sub_34_wf/anat_fit_wf/brain_extraction_wf/full_wm".
250329-09:53:53,30 nipype.workflow INFO:
	 [Node] Executing "full_wm" <nipype.interfaces.utility.wrappers.Function>
250329-09:53:53,471 nipype.workflow INFO:
	 [Node] Setting-up "fmriprep_24_0_wf.sub_34_wf.anat_fit_wf.brain_extraction_wf.res_tmpl" in "/work_dir/fmriprep_24_0_wf/sub_34_wf/anat_fit_wf/brain_extraction_wf/res_tmpl".
250329-09:53:53,474 nipype.workflow INFO:
	 [Node] Executing "res_tmpl" <niworkflows.interfaces.nibabel.RegridToZooms>
250329-09:53:53,826 nipype.workflow INFO:
	 [Node] Setting-up "fmriprep_24_0_wf.sub_34_wf.anat_fit_wf.brain_extraction_wf.lap_tmpl" in "/work_dir/fmriprep_24_0_wf/sub_34_wf/anat_fit_wf/brain_extraction_wf/lap_tmpl".
250329-09:53:53,839 nipype.workflow INFO:
	 [Node] Executing "lap_tmpl" <nipype.interfaces.ants.utils.ImageMath>
250329-09:53:54,377 nipype.workflow INFO:
	 [Node] Setting-up "fmriprep_24_0_wf.sub_34_wf.bold_task_bird_run_1_wf.bold_native_wf.bold_source" in "/work_dir/fmriprep_24_0_wf/sub_34_wf/bold_task_bird_run_1_wf/bold_native_wf/bold_source".
250329-09:53:54,379 nipype.workflow INFO:
	 [Node] Executing "bold_source" <nipype.interfaces.utility.base.Select>
250329-09:53:54,403 nipype.workflow INFO:
	 [Node] Finished "bold_source", elapsed time 0.000411s.
250329-09:53:54,437 nipype.workflow INFO:
	 [Node] Setting-up "fmriprep_24_0_wf.sub_34_wf.bold_task_bird_run_1_wf.bold_fit_wf.hmc_boldref_wf.get_dummy" in "/work_dir/fmriprep_24_0_wf/sub_34_wf/bold_task_bird_run_1_wf/bold_fit_wf/hmc_boldref_wf/get_dummy".
250329-09:53:54,440 nipype.workflow INFO:
	 [Node] Executing "get_dummy" <niworkflows.interfaces.bold.NonsteadyStatesDetector>
250329-09:53:54,520 nipype.workflow INFO:
	 [Node] Setting-up "fmriprep_24_0_wf.sub_34_wf.bold_task_bird_run_1_wf.bold_fit_wf.hmc_boldref_wf.val_bold" in "/work_dir/fmriprep_24_0_wf/sub_34_wf/bold_task_bird_run_1_wf/bold_fit_wf/hmc_boldref_wf/val_bold".
250329-09:53:54,522 nipype.workflow INFO:
	 [Node] Executing "val_bold" <niworkflows.interfaces.header.ValidateImage>
250329-09:53:54,876 nipype.workflow INFO:
	 [Node] Finished "val_bold", elapsed time 0.320516s.
250329-09:53:55,37 nipype.workflow INFO:
	 [Node] Setting-up "fmriprep_24_0_wf.sub_34_wf.bold_task_bird_run_2_wf.bold_native_wf.bold_source" in "/work_dir/fmriprep_24_0_wf/sub_34_wf/bold_task_bird_run_2_wf/bold_native_wf/bold_source".
250329-09:53:55,39 nipype.workflow INFO:
	 [Node] Executing "bold_source" <nipype.interfaces.utility.base.Select>
250329-09:53:55,65 nipype.workflow INFO:
	 [Node] Finished "bold_source", elapsed time 0.000409s.
250329-09:53:55,174 nipype.workflow INFO:
	 [Node] Setting-up "fmriprep_24_0_wf.sub_34_wf.bold_task_bird_run_2_wf.bold_fit_wf.hmc_boldref_wf.val_bold" in "/work_dir/fmriprep_24_0_wf/sub_34_wf/bold_task_bird_run_2_wf/bold_fit_wf/hmc_boldref_wf/val_bold".
250329-09:53:55,176 nipype.workflow INFO:
	 [Node] Executing "val_bold" <niworkflows.interfaces.header.ValidateImage>
250329-09:53:55,355 nipype.workflow INFO:
	 [Node] Finished "val_bold", elapsed time 0.158409s.
250329-09:53:55,359 nipype.workflow INFO:
	 [Node] Setting-up "fmriprep_24_0_wf.sub_34_wf.bold_task_bird_run_3_wf.bold_fit_wf.hmc_boldref_wf.val_bold" in "/work_dir/fmriprep_24_0_wf/sub_34_wf/bold_task_bird_run_3_wf/bold_fit_wf/hmc_boldref_wf/val_bold".
250329-09:53:55,360 nipype.workflow INFO:
	 [Node] Setting-up "fmriprep_24_0_wf.sub_34_wf.bold_task_bird_run_2_wf.bold_fit_wf.hmc_boldref_wf.get_dummy" in "/work_dir/fmriprep_24_0_wf/sub_34_wf/bold_task_bird_run_2_wf/bold_fit_wf/hmc_boldref_wf/get_dummy".
250329-09:53:55,361 nipype.workflow INFO:
	 [Node] Executing "val_bold" <niworkflows.interfaces.header.ValidateImage>
250329-09:53:55,362 nipype.workflow INFO:
	 [Node] Executing "get_dummy" <niworkflows.interfaces.bold.NonsteadyStatesDetector>
250329-09:53:55,426 nipype.workflow INFO:
	 [Node] Finished "full_wm", elapsed time 2.358686s.
250329-09:53:55,450 nipype.workflow INFO:
	 [Node] Finished "val_bold", elapsed time 0.088867s.
250329-09:53:55,864 nipype.workflow INFO:
	 [Node] Setting-up "fmriprep_24_0_wf.sub_34_wf.bold_task_bird_run_3_wf.bold_native_wf.bold_source" in "/work_dir/fmriprep_24_0_wf/sub_34_wf/bold_task_bird_run_3_wf/bold_native_wf/bold_source".
250329-09:53:55,883 nipype.workflow INFO:
	 [Node] Executing "bold_source" <nipype.interfaces.utility.base.Select>
250329-09:53:55,906 nipype.workflow INFO:
	 [Node] Finished "bold_source", elapsed time 0.000415s.
250329-09:53:56,45 nipype.workflow INFO:
	 [Node] Setting-up "fmriprep_24_0_wf.sub_34_wf.bold_task_bird_run_4_wf.bold_native_wf.bold_source" in "/work_dir/fmriprep_24_0_wf/sub_34_wf/bold_task_bird_run_4_wf/bold_native_wf/bold_source".
250329-09:53:56,67 nipype.workflow INFO:
	 [Node] Executing "bold_source" <nipype.interfaces.utility.base.Select>
250329-09:53:56,85 nipype.workflow INFO:
	 [Node] Finished "bold_source", elapsed time 0.000411s.
250329-09:53:56,287 nipype.workflow INFO:
	 [Node] Setting-up "fmriprep_24_0_wf.sub_34_wf.bold_task_bird_run_3_wf.bold_fit_wf.hmc_boldref_wf.get_dummy" in "/work_dir/fmriprep_24_0_wf/sub_34_wf/bold_task_bird_run_3_wf/bold_fit_wf/hmc_boldref_wf/get_dummy".
250329-09:53:56,289 nipype.workflow INFO:
	 [Node] Executing "get_dummy" <niworkflows.interfaces.bold.NonsteadyStatesDetector>
250329-09:53:56,632 nipype.workflow INFO:
	 [Node] Setting-up "fmriprep_24_0_wf.sub_34_wf.bold_task_bird_run_4_wf.bold_fit_wf.hmc_boldref_wf.val_bold" in "/work_dir/fmriprep_24_0_wf/sub_34_wf/bold_task_bird_run_4_wf/bold_fit_wf/hmc_boldref_wf/val_bold".
250329-09:53:56,634 nipype.workflow INFO:
	 [Node] Executing "val_bold" <niworkflows.interfaces.header.ValidateImage>
250329-09:53:56,720 nipype.workflow INFO:
	 [Node] Setting-up "fmriprep_24_0_wf.sub_34_wf.bold_task_bird_run_4_wf.bold_fit_wf.hmc_boldref_wf.get_dummy" in "/work_dir/fmriprep_24_0_wf/sub_34_wf/bold_task_bird_run_4_wf/bold_fit_wf/hmc_boldref_wf/get_dummy".
250329-09:53:56,722 nipype.workflow INFO:
	 [Node] Executing "get_dummy" <niworkflows.interfaces.bold.NonsteadyStatesDetector>
250329-09:53:56,917 nipype.workflow INFO:
	 [Node] Setting-up "fmriprep_24_0_wf.sub_34_wf.bold_task_bird_run_5_wf.bold_native_wf.bold_source" in "/work_dir/fmriprep_24_0_wf/sub_34_wf/bold_task_bird_run_5_wf/bold_native_wf/bold_source".
250329-09:53:56,919 nipype.workflow INFO:
	 [Node] Executing "bold_source" <nipype.interfaces.utility.base.Select>
250329-09:53:56,941 nipype.workflow INFO:
	 [Node] Finished "bold_source", elapsed time 0.000425s.
250329-09:53:56,949 nipype.workflow INFO:
	 [Node] Finished "val_bold", elapsed time 0.280965s.
250329-09:53:57,629 nipype.workflow INFO:
	 [Node] Setting-up "fmriprep_24_0_wf.sub_34_wf.bold_task_bird_run_5_wf.bold_fit_wf.hmc_boldref_wf.val_bold" in "/work_dir/fmriprep_24_0_wf/sub_34_wf/bold_task_bird_run_5_wf/bold_fit_wf/hmc_boldref_wf/val_bold".
250329-09:53:57,646 nipype.workflow INFO:
	 [Node] Executing "val_bold" <niworkflows.interfaces.header.ValidateImage>
250329-09:53:57,699 nipype.workflow INFO:
	 [Node] Setting-up "fmriprep_24_0_wf.sub_34_wf.bold_task_bird_run_5_wf.bold_fit_wf.hmc_boldref_wf.get_dummy" in "/work_dir/fmriprep_24_0_wf/sub_34_wf/bold_task_bird_run_5_wf/bold_fit_wf/hmc_boldref_wf/get_dummy".
250329-09:53:57,701 nipype.workflow INFO:
	 [Node] Executing "get_dummy" <niworkflows.interfaces.bold.NonsteadyStatesDetector>
250329-09:53:57,913 nipype.workflow INFO:
	 [Node] Finished "val_bold", elapsed time 0.24998s.
250329-09:53:58,559 nipype.workflow INFO:
	 [Node] Setting-up "fmriprep_24_0_wf.sub_34_wf.bold_task_bird_run_6_wf.bold_fit_wf.hmc_boldref_wf.val_bold" in "/work_dir/fmriprep_24_0_wf/sub_34_wf/bold_task_bird_run_6_wf/bold_fit_wf/hmc_boldref_wf/val_bold".
250329-09:53:58,562 nipype.workflow INFO:
	 [Node] Executing "val_bold" <niworkflows.interfaces.header.ValidateImage>
250329-09:53:58,848 nipype.workflow INFO:
	 [Node] Finished "val_bold", elapsed time 0.284556s.
250329-09:53:59,37 nipype.workflow INFO:
	 [Node] Setting-up "fmriprep_24_0_wf.sub_34_wf.bold_task_bird_run_6_wf.bold_fit_wf.hmc_boldref_wf.get_dummy" in "/work_dir/fmriprep_24_0_wf/sub_34_wf/bold_task_bird_run_6_wf/bold_fit_wf/hmc_boldref_wf/get_dummy".
250329-09:53:59,39 nipype.workflow INFO:
	 [Node] Executing "get_dummy" <niworkflows.interfaces.bold.NonsteadyStatesDetector>
250329-09:54:00,453 nipype.workflow INFO:
	 [Node] Finished "res_tmpl", elapsed time 6.943894s.
250329-09:54:01,290 nipype.workflow INFO:
	 [Node] Setting-up "fmriprep_24_0_wf.sub_34_wf.bold_task_bird_run_4_wf.ds_bold_native_wf.sources" in "/work_dir/fmriprep_24_0_wf/sub_34_wf/bold_task_bird_run_4_wf/ds_bold_native_wf/sources".
250329-09:54:01,293 nipype.workflow INFO:
	 [Node] Executing "sources" <fmriprep.interfaces.bids.BIDSURI>
250329-09:54:01,294 nipype.workflow INFO:
	 [Node] Finished "sources", elapsed time 0.000286s.
250329-09:54:01,531 nipype.workflow INFO:
	 [Node] Setting-up "fmriprep_24_0_wf.sub_34_wf.bold_task_bird_run_3_wf.bold_fit_wf.ds_hmc_wf.sources" in "/work_dir/fmriprep_24_0_wf/sub_34_wf/bold_task_bird_run_3_wf/bold_fit_wf/ds_hmc_wf/sources".
250329-09:54:01,534 nipype.workflow INFO:
	 [Node] Executing "sources" <fmriprep.interfaces.bids.BIDSURI>
250329-09:54:01,535 nipype.workflow INFO:
	 [Node] Finished "sources", elapsed time 0.000298s.
250329-09:54:01,543 nipype.workflow INFO:
	 [Node] Setting-up "fmriprep_24_0_wf.sub_34_wf.bold_task_bird_run_4_wf.bold_fit_wf.ds_hmc_wf.sources" in "/work_dir/fmriprep_24_0_wf/sub_34_wf/bold_task_bird_run_4_wf/bold_fit_wf/ds_hmc_wf/sources".
250329-09:54:01,546 nipype.workflow INFO:
	 [Node] Executing "sources" <fmriprep.interfaces.bids.BIDSURI>
250329-09:54:01,550 nipype.workflow INFO:
	 [Node] Setting-up "fmriprep_24_0_wf.sub_34_wf.bold_task_bird_run_2_wf.bold_fit_wf.ds_hmc_wf.sources" in "/work_dir/fmriprep_24_0_wf/sub_34_wf/bold_task_bird_run_2_wf/bold_fit_wf/ds_hmc_wf/sources".
250329-09:54:01,552 nipype.workflow INFO:
	 [Node] Executing "sources" <fmriprep.interfaces.bids.BIDSURI>
250329-09:54:01,553 nipype.workflow INFO:
	 [Node] Finished "sources", elapsed time 0.000276s.
250329-09:54:01,569 nipype.workflow INFO:
	 [Node] Finished "sources", elapsed time 0.000357s.
250329-09:54:01,624 nipype.workflow INFO:
	 [Node] Setting-up "fmriprep_24_0_wf.sub_34_wf.bidssrc" in "/work_dir/fmriprep_24_0_wf/sub_34_wf/bidssrc".
250329-09:54:01,639 nipype.workflow INFO:
	 [Node] Executing "bidssrc" <niworkflows.interfaces.bids.BIDSDataGrabber>
250329-09:54:01,673 nipype.interface INFO:
	 No "t2w" images found for sub-34
250329-09:54:01,673 nipype.interface INFO:
	 No "flair" images found for sub-34
250329-09:54:01,674 nipype.interface INFO:
	 No "fmap" images found for sub-34
250329-09:54:01,674 nipype.interface INFO:
	 No "sbref" images found for sub-34
250329-09:54:01,674 nipype.interface INFO:
	 No "roi" images found for sub-34
250329-09:54:01,674 nipype.interface INFO:
	 No "pet" images found for sub-34
250329-09:54:01,674 nipype.interface INFO:
	 No "asl" images found for sub-34
250329-09:54:01,675 nipype.workflow INFO:
	 [Node] Finished "bidssrc", elapsed time 0.001275s.
250329-09:54:01,995 nipype.workflow INFO:
	 [Node] Setting-up "fmriprep_24_0_wf.sub_34_wf.bold_task_bird_run_1_wf.ds_bold_native_wf.sources" in "/work_dir/fmriprep_24_0_wf/sub_34_wf/bold_task_bird_run_1_wf/ds_bold_native_wf/sources".
250329-09:54:01,998 nipype.workflow INFO:
	 [Node] Executing "sources" <fmriprep.interfaces.bids.BIDSURI>
250329-09:54:01,999 nipype.workflow INFO:
	 [Node] Finished "sources", elapsed time 0.000298s.
250329-09:54:02,710 nipype.workflow INFO:
	 [Node] Setting-up "fmriprep_24_0_wf.sub_34_wf.bold_task_bird_run_2_wf.ds_bold_native_wf.sources" in "/work_dir/fmriprep_24_0_wf/sub_34_wf/bold_task_bird_run_2_wf/ds_bold_native_wf/sources".
250329-09:54:02,721 nipype.workflow INFO:
	 [Node] Executing "sources" <fmriprep.interfaces.bids.BIDSURI>
250329-09:54:02,722 nipype.workflow INFO:
	 [Node] Finished "sources", elapsed time 0.000294s.
250329-09:54:02,743 nipype.workflow INFO:
	 [Node] Setting-up "fmriprep_24_0_wf.sub_34_wf.bold_task_bird_run_2_wf.bold_fit_wf.ds_hmc_boldref_wf.sources" in "/work_dir/fmriprep_24_0_wf/sub_34_wf/bold_task_bird_run_2_wf/bold_fit_wf/ds_hmc_boldref_wf/sources".
250329-09:54:02,755 nipype.workflow INFO:
	 [Node] Executing "sources" <fmriprep.interfaces.bids.BIDSURI>
250329-09:54:02,771 nipype.workflow INFO:
	 [Node] Finished "sources", elapsed time 0.000348s.
250329-09:54:02,780 nipype.workflow INFO:
	 [Node] Setting-up "fmriprep_24_0_wf.sub_34_wf.bold_task_bird_run_3_wf.ds_bold_native_wf.sources" in "/work_dir/fmriprep_24_0_wf/sub_34_wf/bold_task_bird_run_3_wf/ds_bold_native_wf/sources".
250329-09:54:02,783 nipype.workflow INFO:
	 [Node] Executing "sources" <fmriprep.interfaces.bids.BIDSURI>
250329-09:54:02,806 nipype.workflow INFO:
	 [Node] Finished "sources", elapsed time 0.000362s.
250329-09:54:02,876 nipype.workflow INFO:
	 [Node] Setting-up "fmriprep_24_0_wf.sub_34_wf.bold_task_bird_run_6_wf.bold_native_wf.bold_source" in "/work_dir/fmriprep_24_0_wf/sub_34_wf/bold_task_bird_run_6_wf/bold_native_wf/bold_source".
250329-09:54:02,878 nipype.workflow INFO:
	 [Node] Executing "bold_source" <nipype.interfaces.utility.base.Select>
250329-09:54:02,879 nipype.workflow INFO:
	 [Node] Finished "bold_source", elapsed time 0.000494s.
250329-09:54:02,882 nipype.workflow INFO:
	 [Node] Setting-up "fmriprep_24_0_wf.sub_34_wf.bold_task_bird_run_6_wf.ds_bold_native_wf.sources" in "/work_dir/fmriprep_24_0_wf/sub_34_wf/bold_task_bird_run_6_wf/ds_bold_native_wf/sources".
250329-09:54:02,889 nipype.workflow INFO:
	 [Node] Executing "sources" <fmriprep.interfaces.bids.BIDSURI>
250329-09:54:02,890 nipype.workflow INFO:
	 [Node] Finished "sources", elapsed time 0.000284s.
250329-09:54:03,113 nipype.workflow INFO:
	 [Node] Setting-up "fmriprep_24_0_wf.sub_34_wf.bold_task_bird_run_1_wf.bold_fit_wf.ds_hmc_boldref_wf.sources" in "/work_dir/fmriprep_24_0_wf/sub_34_wf/bold_task_bird_run_1_wf/bold_fit_wf/ds_hmc_boldref_wf/sources".
250329-09:54:03,123 nipype.workflow INFO:
	 [Node] Executing "sources" <fmriprep.interfaces.bids.BIDSURI>
250329-09:54:03,144 nipype.workflow INFO:
	 [Node] Finished "sources", elapsed time 0.000371s.
250329-09:54:03,317 nipype.workflow INFO:
	 [Node] Setting-up "fmriprep_24_0_wf.sub_34_wf.bold_task_bird_run_4_wf.bold_fit_wf.ds_boldmask_wf.sources" in "/work_dir/fmriprep_24_0_wf/sub_34_wf/bold_task_bird_run_4_wf/bold_fit_wf/ds_boldmask_wf/sources".
250329-09:54:03,331 nipype.workflow INFO:
	 [Node] Executing "sources" <fmriprep.interfaces.bids.BIDSURI>
250329-09:54:03,354 nipype.workflow INFO:
	 [Node] Finished "sources", elapsed time 0.000368s.
250329-09:54:03,425 nipype.workflow INFO:
	 [Node] Setting-up "fmriprep_24_0_wf.sub_34_wf.bids_info" in "/work_dir/fmriprep_24_0_wf/sub_34_wf/bids_info".
250329-09:54:03,428 nipype.workflow INFO:
	 [Node] Executing "bids_info" <niworkflows.interfaces.bids.BIDSInfo>
250329-09:54:03,430 nipype.workflow INFO:
	 [Node] Setting-up "fmriprep_24_0_wf.sub_34_wf.anat_fit_wf.anat_template_wf.anat_ref_dimensions" in "/work_dir/fmriprep_24_0_wf/sub_34_wf/anat_fit_wf/anat_template_wf/anat_ref_dimensions".
250329-09:54:03,433 nipype.workflow INFO:
	 [Node] Executing "anat_ref_dimensions" <niworkflows.interfaces.images.TemplateDimensions>
250329-09:54:03,448 nipype.workflow INFO:
	 [Node] Finished "bids_info", elapsed time 0.019554s.
250329-09:54:03,717 nipype.workflow INFO:
	 [Node] Setting-up "fmriprep_24_0_wf.sub_34_wf.bold_task_bird_run_1_wf.bold_fit_wf.ds_hmc_wf.sources" in "/work_dir/fmriprep_24_0_wf/sub_34_wf/bold_task_bird_run_1_wf/bold_fit_wf/ds_hmc_wf/sources".
250329-09:54:03,720 nipype.workflow INFO:
	 [Node] Executing "sources" <fmriprep.interfaces.bids.BIDSURI>
250329-09:54:03,755 nipype.workflow INFO:
	 [Node] Finished "sources", elapsed time 0.000366s.
250329-09:54:03,889 nipype.workflow INFO:
	 [Node] Finished "anat_ref_dimensions", elapsed time 0.454973s.
250329-09:54:04,73 nipype.workflow INFO:
	 [Node] Setting-up "fmriprep_24_0_wf.sub_34_wf.bold_task_bird_run_1_wf.bold_fit_wf.ds_boldmask_wf.sources" in "/work_dir/fmriprep_24_0_wf/sub_34_wf/bold_task_bird_run_1_wf/bold_fit_wf/ds_boldmask_wf/sources".
250329-09:54:04,77 nipype.workflow INFO:
	 [Node] Executing "sources" <fmriprep.interfaces.bids.BIDSURI>
250329-09:54:04,100 nipype.workflow INFO:
	 [Node] Finished "sources", elapsed time 0.000362s.
250329-09:54:04,111 nipype.workflow INFO:
	 [Node] Setting-up "fmriprep_24_0_wf.sub_34_wf.bold_task_bird_run_2_wf.bold_fit_wf.ds_boldmask_wf.sources" in "/work_dir/fmriprep_24_0_wf/sub_34_wf/bold_task_bird_run_2_wf/bold_fit_wf/ds_boldmask_wf/sources".
250329-09:54:04,114 nipype.workflow INFO:
	 [Node] Executing "sources" <fmriprep.interfaces.bids.BIDSURI>
250329-09:54:04,139 nipype.workflow INFO:
	 [Node] Finished "sources", elapsed time 0.000353s.
250329-09:54:04,216 nipype.workflow INFO:
	 [Node] Setting-up "fmriprep_24_0_wf.sub_34_wf.bold_task_bird_run_6_wf.bold_fit_wf.ds_hmc_boldref_wf.sources" in "/work_dir/fmriprep_24_0_wf/sub_34_wf/bold_task_bird_run_6_wf/bold_fit_wf/ds_hmc_boldref_wf/sources".
250329-09:54:04,219 nipype.workflow INFO:
	 [Node] Executing "sources" <fmriprep.interfaces.bids.BIDSURI>
250329-09:54:04,220 nipype.workflow INFO:
	 [Node] Finished "sources", elapsed time 0.000285s.
250329-09:54:04,226 nipype.workflow INFO:
	 [Node] Setting-up "fmriprep_24_0_wf.sub_34_wf.bold_task_bird_run_3_wf.bold_fit_wf.ds_hmc_boldref_wf.sources" in "/work_dir/fmriprep_24_0_wf/sub_34_wf/bold_task_bird_run_3_wf/bold_fit_wf/ds_hmc_boldref_wf/sources".
250329-09:54:04,229 nipype.workflow INFO:
	 [Node] Executing "sources" <fmriprep.interfaces.bids.BIDSURI>
250329-09:54:04,230 nipype.workflow INFO:
	 [Node] Finished "sources", elapsed time 0.000296s.
250329-09:54:04,350 nipype.workflow INFO:
	 [Node] Setting-up "fmriprep_24_0_wf.sub_34_wf.bold_task_bird_run_1_wf.bold_native_wf.validate_bold" in "/work_dir/fmriprep_24_0_wf/sub_34_wf/bold_task_bird_run_1_wf/bold_native_wf/validate_bold".
250329-09:54:04,352 nipype.workflow INFO:
	 [Node] Executing "validate_bold" <niworkflows.interfaces.header.ValidateImage>
250329-09:54:04,513 nipype.workflow INFO:
	 [Node] Finished "validate_bold", elapsed time 0.159777s.
250329-09:54:04,539 nipype.workflow INFO:
	 [Node] Setting-up "fmriprep_24_0_wf.sub_34_wf.bold_task_bird_run_5_wf.bold_fit_wf.ds_hmc_boldref_wf.sources" in "/work_dir/fmriprep_24_0_wf/sub_34_wf/bold_task_bird_run_5_wf/bold_fit_wf/ds_hmc_boldref_wf/sources".
250329-09:54:04,542 nipype.workflow INFO:
	 [Node] Executing "sources" <fmriprep.interfaces.bids.BIDSURI>
250329-09:54:04,563 nipype.workflow INFO:
	 [Node] Setting-up "fmriprep_24_0_wf.sub_34_wf.bold_task_bird_run_4_wf.bold_fit_wf.ds_hmc_boldref_wf.sources" in "/work_dir/fmriprep_24_0_wf/sub_34_wf/bold_task_bird_run_4_wf/bold_fit_wf/ds_hmc_boldref_wf/sources".
250329-09:54:04,565 nipype.workflow INFO:
	 [Node] Finished "sources", elapsed time 0.00036s.
250329-09:54:04,566 nipype.workflow INFO:
	 [Node] Executing "sources" <fmriprep.interfaces.bids.BIDSURI>
250329-09:54:04,567 nipype.workflow INFO:
	 [Node] Finished "sources", elapsed time 0.000277s.
250329-09:54:04,601 nipype.workflow INFO:
	 [Node] Setting-up "fmriprep_24_0_wf.sub_34_wf.bold_task_bird_run_3_wf.bold_fit_wf.ds_boldmask_wf.sources" in "/work_dir/fmriprep_24_0_wf/sub_34_wf/bold_task_bird_run_3_wf/bold_fit_wf/ds_boldmask_wf/sources".
250329-09:54:04,614 nipype.workflow INFO:
	 [Node] Executing "sources" <fmriprep.interfaces.bids.BIDSURI>
250329-09:54:04,637 nipype.workflow INFO:
	 [Node] Finished "sources", elapsed time 0.000379s.
250329-09:54:04,716 nipype.workflow INFO:
	 [Node] Setting-up "fmriprep_24_0_wf.sub_34_wf.bold_task_bird_run_5_wf.bold_fit_wf.ds_boldmask_wf.sources" in "/work_dir/fmriprep_24_0_wf/sub_34_wf/bold_task_bird_run_5_wf/bold_fit_wf/ds_boldmask_wf/sources".
250329-09:54:04,719 nipype.workflow INFO:
	 [Node] Executing "sources" <fmriprep.interfaces.bids.BIDSURI>
250329-09:54:04,753 nipype.workflow INFO:
	 [Node] Finished "sources", elapsed time 0.000356s.
250329-09:54:04,766 nipype.workflow INFO:
	 [Node] Setting-up "fmriprep_24_0_wf.sub_34_wf.bold_task_bird_run_2_wf.bold_native_wf.validate_bold" in "/work_dir/fmriprep_24_0_wf/sub_34_wf/bold_task_bird_run_2_wf/bold_native_wf/validate_bold".
250329-09:54:04,768 nipype.workflow INFO:
	 [Node] Executing "validate_bold" <niworkflows.interfaces.header.ValidateImage>
250329-09:54:04,955 nipype.workflow INFO:
	 [Node] Finished "validate_bold", elapsed time 0.186464s.
250329-09:54:05,118 nipype.workflow INFO:
	 [Node] Setting-up "fmriprep_24_0_wf.sub_34_wf.bold_task_bird_run_6_wf.bold_fit_wf.ds_hmc_wf.sources" in "/work_dir/fmriprep_24_0_wf/sub_34_wf/bold_task_bird_run_6_wf/bold_fit_wf/ds_hmc_wf/sources".
250329-09:54:05,132 nipype.workflow INFO:
	 [Node] Executing "sources" <fmriprep.interfaces.bids.BIDSURI>
250329-09:54:05,167 nipype.workflow INFO:
	 [Node] Finished "sources", elapsed time 0.000368s.
250329-09:54:05,178 nipype.workflow INFO:
	 [Node] Setting-up "fmriprep_24_0_wf.sub_34_wf.bold_task_bird_run_3_wf.bold_native_wf.validate_bold" in "/work_dir/fmriprep_24_0_wf/sub_34_wf/bold_task_bird_run_3_wf/bold_native_wf/validate_bold".
250329-09:54:05,180 nipype.workflow INFO:
	 [Node] Executing "validate_bold" <niworkflows.interfaces.header.ValidateImage>
250329-09:54:05,235 nipype.workflow INFO:
	 [Node] Setting-up "fmriprep_24_0_wf.sub_34_wf.bold_task_bird_run_5_wf.ds_bold_native_wf.sources" in "/work_dir/fmriprep_24_0_wf/sub_34_wf/bold_task_bird_run_5_wf/ds_bold_native_wf/sources".
250329-09:54:05,238 nipype.workflow INFO:
	 [Node] Executing "sources" <fmriprep.interfaces.bids.BIDSURI>
250329-09:54:05,239 nipype.workflow INFO:
	 [Node] Finished "sources", elapsed time 0.00029s.
250329-09:54:05,305 nipype.workflow INFO:
	 [Node] Finished "validate_bold", elapsed time 0.123642s.
250329-09:54:05,393 nipype.workflow INFO:
	 [Node] Setting-up "fmriprep_24_0_wf.sub_34_wf.bold_task_bird_run_5_wf.bold_fit_wf.ds_hmc_wf.sources" in "/work_dir/fmriprep_24_0_wf/sub_34_wf/bold_task_bird_run_5_wf/bold_fit_wf/ds_hmc_wf/sources".
250329-09:54:05,406 nipype.workflow INFO:
	 [Node] Executing "sources" <fmriprep.interfaces.bids.BIDSURI>
250329-09:54:05,429 nipype.workflow INFO:
	 [Node] Finished "sources", elapsed time 0.000367s.
250329-09:54:05,531 nipype.workflow INFO:
	 [Node] Finished "get_dummy", elapsed time 10.140342s.
250329-09:54:05,747 nipype.workflow INFO:
	 [Node] Setting-up "fmriprep_24_0_wf.sub_34_wf.bold_task_bird_run_4_wf.bold_native_wf.validate_bold" in "/work_dir/fmriprep_24_0_wf/sub_34_wf/bold_task_bird_run_4_wf/bold_native_wf/validate_bold".
250329-09:54:05,749 nipype.workflow INFO:
	 [Node] Executing "validate_bold" <niworkflows.interfaces.header.ValidateImage>
250329-09:54:05,830 nipype.workflow INFO:
	 [Node] Finished "validate_bold", elapsed time 0.080048s.
250329-09:54:05,951 nipype.workflow INFO:
	 [Node] Setting-up "fmriprep_24_0_wf.sub_34_wf.bold_task_bird_run_6_wf.bold_fit_wf.ds_boldmask_wf.sources" in "/work_dir/fmriprep_24_0_wf/sub_34_wf/bold_task_bird_run_6_wf/bold_fit_wf/ds_boldmask_wf/sources".
250329-09:54:05,953 nipype.workflow INFO:
	 [Node] Executing "sources" <fmriprep.interfaces.bids.BIDSURI>
250329-09:54:05,955 nipype.workflow INFO:
	 [Node] Finished "sources", elapsed time 0.000283s.
250329-09:54:05,991 nipype.workflow INFO:
	 [Node] Setting-up "fmriprep_24_0_wf.sub_34_wf.bold_task_bird_run_5_wf.bold_native_wf.validate_bold" in "/work_dir/fmriprep_24_0_wf/sub_34_wf/bold_task_bird_run_5_wf/bold_native_wf/validate_bold".
250329-09:54:05,993 nipype.workflow INFO:
	 [Node] Executing "validate_bold" <niworkflows.interfaces.header.ValidateImage>
250329-09:54:06,75 nipype.workflow INFO:
	 [Node] Finished "validate_bold", elapsed time 0.080644s.
250329-09:54:06,127 nipype.workflow INFO:
	 [Node] Finished "get_dummy", elapsed time 11.671687s.
250329-09:54:06,199 nipype.workflow INFO:
	 [Node] Setting-up "fmriprep_24_0_wf.sub_34_wf.bold_task_bird_run_6_wf.bold_native_wf.validate_bold" in "/work_dir/fmriprep_24_0_wf/sub_34_wf/bold_task_bird_run_6_wf/bold_native_wf/validate_bold".
250329-09:54:06,201 nipype.workflow INFO:
	 [Node] Executing "validate_bold" <niworkflows.interfaces.header.ValidateImage>
250329-09:54:06,282 nipype.workflow INFO:
	 [Node] Finished "validate_bold", elapsed time 0.079676s.
250329-09:54:06,934 nipype.workflow INFO:
	 [Node] Finished "get_dummy", elapsed time 7.874426s.
250329-09:54:06,942 nipype.workflow INFO:
	 [Node] Setting-up "fmriprep_24_0_wf.sub_34_wf.anat_fit_wf.fs_isrunning" in "/work_dir/fmriprep_24_0_wf/sub_34_wf/anat_fit_wf/fs_isrunning".
250329-09:54:06,945 nipype.workflow INFO:
	 [Node] Setting-up "fmriprep_24_0_wf.sub_34_wf.anat_fit_wf.ds_t1w_mask_wf.raw_sources" in "/work_dir/fmriprep_24_0_wf/sub_34_wf/anat_fit_wf/ds_t1w_mask_wf/raw_sources".
250329-09:54:06,946 nipype.workflow INFO:
	 [Node] Setting-up "fmriprep_24_0_wf.sub_34_wf.anat_fit_wf.ds_ribbon_mask_wf.raw_sources" in "/work_dir/fmriprep_24_0_wf/sub_34_wf/anat_fit_wf/ds_ribbon_mask_wf/raw_sources".
250329-09:54:06,959 nipype.workflow INFO:
	 [Node] Executing "raw_sources" <nipype.interfaces.utility.wrappers.Function>
250329-09:54:06,961 nipype.workflow INFO:
	 [Node] Executing "raw_sources" <nipype.interfaces.utility.wrappers.Function>
250329-09:54:06,962 nipype.workflow INFO:
	 [Node] Finished "raw_sources", elapsed time 0.000613s.
250329-09:54:06,965 nipype.workflow INFO:
	 [Node] Finished "raw_sources", elapsed time 0.005282s.
250329-09:54:06,982 nipype.workflow INFO:
	 [Node] Setting-up "_denoise0" in "/work_dir/fmriprep_24_0_wf/sub_34_wf/anat_fit_wf/anat_template_wf/denoise/mapflow/_denoise0".
250329-09:54:06,984 nipype.workflow INFO:
	 [Node] Executing "_denoise0" <nipype.interfaces.ants.segmentation.DenoiseImage>
250329-09:54:07,213 nipype.workflow INFO:
	 [Node] Finished "get_dummy", elapsed time 9.488806s.
250329-09:54:07,330 nipype.workflow INFO:
	 [Node] Finished "get_dummy", elapsed time 10.56844s.
250329-09:54:07,406 nipype.workflow INFO:
	 [Node] Setting-up "fmriprep_24_0_wf.sub_34_wf.bold_task_bird_run_1_wf.bold_fit_wf.hmc_boldref_wf.gen_avg" in "/work_dir/fmriprep_24_0_wf/sub_34_wf/bold_task_bird_run_1_wf/bold_fit_wf/hmc_boldref_wf/gen_avg".
250329-09:54:07,414 nipype.workflow INFO:
	 [Node] Executing "gen_avg" <niworkflows.interfaces.images.RobustAverage>
250329-09:54:07,430 nipype.workflow INFO:
	 [Node] Finished "get_dummy", elapsed time 11.109756s.
250329-09:54:07,604 nipype.workflow INFO:
	 [Node] Setting-up "fmriprep_24_0_wf.sub_34_wf.bold_task_bird_run_2_wf.bold_fit_wf.hmc_boldref_wf.gen_avg" in "/work_dir/fmriprep_24_0_wf/sub_34_wf/bold_task_bird_run_2_wf/bold_fit_wf/hmc_boldref_wf/gen_avg".
250329-09:54:07,617 nipype.workflow INFO:
	 [Node] Executing "gen_avg" <niworkflows.interfaces.images.RobustAverage>
250329-09:54:07,800 nipype.workflow INFO:
	 [Node] Setting-up "fmriprep_24_0_wf.sub_34_wf.bold_task_bird_run_6_wf.bold_fit_wf.hmc_boldref_wf.gen_avg" in "/work_dir/fmriprep_24_0_wf/sub_34_wf/bold_task_bird_run_6_wf/bold_fit_wf/hmc_boldref_wf/gen_avg".
250329-09:54:07,808 nipype.workflow INFO:
	 [Node] Executing "gen_avg" <niworkflows.interfaces.images.RobustAverage>
250329-09:54:08,918 nipype.workflow INFO:
	 [Node] Executing "fs_isrunning" <nipype.interfaces.utility.wrappers.Function>
250329-09:54:08,920 nipype.workflow INFO:
	 [Node] Finished "fs_isrunning", elapsed time 0.000784s.
250329-09:54:09,659 nipype.workflow INFO:
	 [Node] Setting-up "fmriprep_24_0_wf.sub_34_wf.bold_task_bird_run_3_wf.bold_fit_wf.hmc_boldref_wf.gen_avg" in "/work_dir/fmriprep_24_0_wf/sub_34_wf/bold_task_bird_run_3_wf/bold_fit_wf/hmc_boldref_wf/gen_avg".
250329-09:54:09,680 nipype.workflow INFO:
	 [Node] Executing "gen_avg" <niworkflows.interfaces.images.RobustAverage>
250329-09:54:09,876 nipype.workflow INFO:
	 [Node] Setting-up "fmriprep_24_0_wf.sub_34_wf.bold_task_bird_run_4_wf.bold_fit_wf.hmc_boldref_wf.gen_avg" in "/work_dir/fmriprep_24_0_wf/sub_34_wf/bold_task_bird_run_4_wf/bold_fit_wf/hmc_boldref_wf/gen_avg".
250329-09:54:09,895 nipype.workflow INFO:
	 [Node] Executing "gen_avg" <niworkflows.interfaces.images.RobustAverage>
250329-09:54:10,75 nipype.workflow INFO:
	 [Node] Setting-up "fmriprep_24_0_wf.sub_34_wf.bold_task_bird_run_5_wf.bold_fit_wf.hmc_boldref_wf.gen_avg" in "/work_dir/fmriprep_24_0_wf/sub_34_wf/bold_task_bird_run_5_wf/bold_fit_wf/hmc_boldref_wf/gen_avg".
250329-09:54:10,88 nipype.workflow INFO:
	 [Node] Executing "gen_avg" <niworkflows.interfaces.images.RobustAverage>
250329-09:54:11,902 nipype.interface INFO:
	 stderr 2025-03-29T09:54:11.902504:++ 3dvolreg: AFNI version=AFNI_24.1.14 (May 26 2024) [64-bit]
250329-09:54:11,902 nipype.interface INFO:
	 stderr 2025-03-29T09:54:11.902504:++ Authored by: RW Cox
250329-09:54:11,916 nipype.interface INFO:
	 stderr 2025-03-29T09:54:11.916736:** AFNI converts NIFTI_datatype=512 (UINT16) in file /work_dir/fmriprep_24_0_wf/sub_34_wf/bold_task_bird_run_1_wf/bold_fit_wf/hmc_boldref_wf/gen_avg/sub-34_task-bird_run-1_bold_sliced.nii.gz to FLOAT32
250329-09:54:11,916 nipype.interface INFO:
	 stderr 2025-03-29T09:54:11.916736:     Warnings of this type will be muted for this session.
250329-09:54:11,917 nipype.interface INFO:
	 stderr 2025-03-29T09:54:11.916736:     Set AFNI_NIFTI_TYPE_WARN to YES to see them all, NO to see none.
250329-09:54:11,924 nipype.interface INFO:
	 stderr 2025-03-29T09:54:11.924848:[7m*+ WARNING:[0m   If you are performing spatial transformations on an oblique dset,
250329-09:54:11,925 nipype.interface INFO:
	 stderr 2025-03-29T09:54:11.924848:  such as /work_dir/fmriprep_24_0_wf/sub_34_wf/bold_task_bird_run_1_wf/bold_fit_wf/hmc_boldref_wf/gen_avg/sub-34_task-bird_run-1_bold_sliced.nii.gz,
250329-09:54:11,925 nipype.interface INFO:
	 stderr 2025-03-29T09:54:11.924848:  or viewing/combining it with volumes of differing obliquity,
250329-09:54:11,925 nipype.interface INFO:
	 stderr 2025-03-29T09:54:11.924848:  you should consider running: 
250329-09:54:11,925 nipype.interface INFO:
	 stderr 2025-03-29T09:54:11.924848:     3dWarp -deoblique 
250329-09:54:11,925 nipype.interface INFO:
	 stderr 2025-03-29T09:54:11.924848:  on this and  other oblique datasets in the same session.
250329-09:54:11,925 nipype.interface INFO:
	 stderr 2025-03-29T09:54:11.924848: See 3dWarp -help for details.
250329-09:54:11,925 nipype.interface INFO:
	 stderr 2025-03-29T09:54:11.924848:++ Oblique dataset:/work_dir/fmriprep_24_0_wf/sub_34_wf/bold_task_bird_run_1_wf/bold_fit_wf/hmc_boldref_wf/gen_avg/sub-34_task-bird_run-1_bold_sliced.nii.gz is 7.371928 degrees from plumb.
250329-09:54:11,925 nipype.interface INFO:
	 stderr 2025-03-29T09:54:11.925472:++ Coarse del was 10, replaced with 6
250329-09:54:17,89 nipype.workflow INFO:
	 [Node] Setting-up "fmriprep_24_0_wf.sub_34_wf.bold_task_bird_run_1_wf.bold_native_wf.bold_stc_wf.slice_timing_correction" in "/work_dir/fmriprep_24_0_wf/sub_34_wf/bold_task_bird_run_1_wf/bold_native_wf/bold_stc_wf/slice_timing_correction".
250329-09:54:17,109 nipype.workflow INFO:
	 [Node] Executing "slice_timing_correction" <fmriprep.workflows.bold.stc.TShift>
250329-09:54:17,342 nipype.workflow INFO:
	 [Node] Setting-up "fmriprep_24_0_wf.sub_34_wf.bold_task_bird_run_2_wf.bold_native_wf.bold_stc_wf.slice_timing_correction" in "/work_dir/fmriprep_24_0_wf/sub_34_wf/bold_task_bird_run_2_wf/bold_native_wf/bold_stc_wf/slice_timing_correction".
250329-09:54:17,356 nipype.workflow INFO:
	 [Node] Executing "slice_timing_correction" <fmriprep.workflows.bold.stc.TShift>
250329-09:54:17,527 nipype.interface INFO:
	 stderr 2025-03-29T09:54:17.527019:++ 3dvolreg: AFNI version=AFNI_24.1.14 (May 26 2024) [64-bit]
250329-09:54:17,527 nipype.interface INFO:
	 stderr 2025-03-29T09:54:17.527019:++ Authored by: RW Cox
250329-09:54:17,539 nipype.interface INFO:
	 stderr 2025-03-29T09:54:17.539654:** AFNI converts NIFTI_datatype=512 (UINT16) in file /work_dir/fmriprep_24_0_wf/sub_34_wf/bold_task_bird_run_2_wf/bold_fit_wf/hmc_boldref_wf/gen_avg/sub-34_task-bird_run-2_bold_sliced.nii.gz to FLOAT32
250329-09:54:17,540 nipype.interface INFO:
	 stderr 2025-03-29T09:54:17.540141:     Warnings of this type will be muted for this session.
250329-09:54:17,540 nipype.interface INFO:
	 stderr 2025-03-29T09:54:17.540141:     Set AFNI_NIFTI_TYPE_WARN to YES to see them all, NO to see none.
250329-09:54:17,542 nipype.interface INFO:
	 stderr 2025-03-29T09:54:17.542535:[7m*+ WARNING:[0m   If you are performing spatial transformations on an oblique dset,
250329-09:54:17,542 nipype.interface INFO:
	 stderr 2025-03-29T09:54:17.542535:  such as /work_dir/fmriprep_24_0_wf/sub_34_wf/bold_task_bird_run_2_wf/bold_fit_wf/hmc_boldref_wf/gen_avg/sub-34_task-bird_run-2_bold_sliced.nii.gz,
250329-09:54:17,542 nipype.interface INFO:
	 stderr 2025-03-29T09:54:17.542535:  or viewing/combining it with volumes of differing obliquity,
250329-09:54:17,542 nipype.interface INFO:
	 stderr 2025-03-29T09:54:17.542535:  you should consider running: 
250329-09:54:17,542 nipype.interface INFO:
	 stderr 2025-03-29T09:54:17.542535:     3dWarp -deoblique 
250329-09:54:17,542 nipype.interface INFO:
	 stderr 2025-03-29T09:54:17.542535:  on this and  other oblique datasets in the same session.
250329-09:54:17,542 nipype.interface INFO:
	 stderr 2025-03-29T09:54:17.542535: See 3dWarp -help for details.
250329-09:54:17,543 nipype.interface INFO:
	 stderr 2025-03-29T09:54:17.542535:++ Oblique dataset:/work_dir/fmriprep_24_0_wf/sub_34_wf/bold_task_bird_run_2_wf/bold_fit_wf/hmc_boldref_wf/gen_avg/sub-34_task-bird_run-2_bold_sliced.nii.gz is 7.371928 degrees from plumb.
250329-09:54:17,543 nipype.interface INFO:
	 stderr 2025-03-29T09:54:17.543109:++ Coarse del was 10, replaced with 6
250329-09:54:17,891 nipype.workflow INFO:
	 [Node] Setting-up "fmriprep_24_0_wf.sub_34_wf.bold_task_bird_run_6_wf.bold_native_wf.bold_stc_wf.slice_timing_correction" in "/work_dir/fmriprep_24_0_wf/sub_34_wf/bold_task_bird_run_6_wf/bold_native_wf/bold_stc_wf/slice_timing_correction".
250329-09:54:17,943 nipype.workflow INFO:
	 [Node] Executing "slice_timing_correction" <fmriprep.workflows.bold.stc.TShift>
250329-09:54:18,154 nipype.interface INFO:
	 stderr 2025-03-29T09:54:18.154760:++ 3dvolreg: AFNI version=AFNI_24.1.14 (May 26 2024) [64-bit]
250329-09:54:18,155 nipype.interface INFO:
	 stderr 2025-03-29T09:54:18.154760:++ Authored by: RW Cox
250329-09:54:18,158 nipype.interface INFO:
	 stderr 2025-03-29T09:54:18.158175:** AFNI converts NIFTI_datatype=512 (UINT16) in file /work_dir/fmriprep_24_0_wf/sub_34_wf/bold_task_bird_run_6_wf/bold_fit_wf/hmc_boldref_wf/gen_avg/sub-34_task-bird_run-6_bold_sliced.nii.gz to FLOAT32
250329-09:54:18,158 nipype.interface INFO:
	 stderr 2025-03-29T09:54:18.158744:     Warnings of this type will be muted for this session.
250329-09:54:18,158 nipype.interface INFO:
	 stderr 2025-03-29T09:54:18.158744:     Set AFNI_NIFTI_TYPE_WARN to YES to see them all, NO to see none.
250329-09:54:18,161 nipype.interface INFO:
	 stderr 2025-03-29T09:54:18.161268:[7m*+ WARNING:[0m   If you are performing spatial transformations on an oblique dset,
250329-09:54:18,161 nipype.interface INFO:
	 stderr 2025-03-29T09:54:18.161268:  such as /work_dir/fmriprep_24_0_wf/sub_34_wf/bold_task_bird_run_6_wf/bold_fit_wf/hmc_boldref_wf/gen_avg/sub-34_task-bird_run-6_bold_sliced.nii.gz,
250329-09:54:18,161 nipype.interface INFO:
	 stderr 2025-03-29T09:54:18.161268:  or viewing/combining it with volumes of differing obliquity,
250329-09:54:18,161 nipype.interface INFO:
	 stderr 2025-03-29T09:54:18.161268:  you should consider running: 
250329-09:54:18,161 nipype.interface INFO:
	 stderr 2025-03-29T09:54:18.161268:     3dWarp -deoblique 
250329-09:54:18,161 nipype.interface INFO:
	 stderr 2025-03-29T09:54:18.161268:  on this and  other oblique datasets in the same session.
250329-09:54:18,161 nipype.interface INFO:
	 stderr 2025-03-29T09:54:18.161268: See 3dWarp -help for details.
250329-09:54:18,161 nipype.interface INFO:
	 stderr 2025-03-29T09:54:18.161268:++ Oblique dataset:/work_dir/fmriprep_24_0_wf/sub_34_wf/bold_task_bird_run_6_wf/bold_fit_wf/hmc_boldref_wf/gen_avg/sub-34_task-bird_run-6_bold_sliced.nii.gz is 7.371928 degrees from plumb.
250329-09:54:18,161 nipype.interface INFO:
	 stderr 2025-03-29T09:54:18.161268:++ Coarse del was 10, replaced with 6
250329-09:54:19,424 nipype.workflow INFO:
	 [Node] Setting-up "fmriprep_24_0_wf.sub_34_wf.bold_task_bird_run_3_wf.bold_native_wf.bold_stc_wf.slice_timing_correction" in "/work_dir/fmriprep_24_0_wf/sub_34_wf/bold_task_bird_run_3_wf/bold_native_wf/bold_stc_wf/slice_timing_correction".
250329-09:54:19,467 nipype.workflow INFO:
	 [Node] Executing "slice_timing_correction" <fmriprep.workflows.bold.stc.TShift>
250329-09:54:19,881 nipype.workflow INFO:
	 [Node] Setting-up "fmriprep_24_0_wf.sub_34_wf.bold_task_bird_run_5_wf.bold_native_wf.bold_stc_wf.slice_timing_correction" in "/work_dir/fmriprep_24_0_wf/sub_34_wf/bold_task_bird_run_5_wf/bold_native_wf/bold_stc_wf/slice_timing_correction".
250329-09:54:19,922 nipype.workflow INFO:
	 [Node] Setting-up "fmriprep_24_0_wf.sub_34_wf.bold_task_bird_run_4_wf.bold_native_wf.bold_stc_wf.slice_timing_correction" in "/work_dir/fmriprep_24_0_wf/sub_34_wf/bold_task_bird_run_4_wf/bold_native_wf/bold_stc_wf/slice_timing_correction".
250329-09:54:19,937 nipype.workflow INFO:
	 [Node] Executing "slice_timing_correction" <fmriprep.workflows.bold.stc.TShift>
250329-09:54:19,981 nipype.workflow INFO:
	 [Node] Executing "slice_timing_correction" <fmriprep.workflows.bold.stc.TShift>
250329-09:54:21,407 nipype.interface INFO:
	 stderr 2025-03-29T09:54:21.407904:++ 3dvolreg: AFNI version=AFNI_24.1.14 (May 26 2024) [64-bit]
250329-09:54:21,408 nipype.interface INFO:
	 stderr 2025-03-29T09:54:21.408222:++ Authored by: RW Cox
250329-09:54:21,411 nipype.interface INFO:
	 stderr 2025-03-29T09:54:21.411753:** AFNI converts NIFTI_datatype=512 (UINT16) in file /work_dir/fmriprep_24_0_wf/sub_34_wf/bold_task_bird_run_3_wf/bold_fit_wf/hmc_boldref_wf/gen_avg/sub-34_task-bird_run-3_bold_sliced.nii.gz to FLOAT32
250329-09:54:21,412 nipype.interface INFO:
	 stderr 2025-03-29T09:54:21.412573:     Warnings of this type will be muted for this session.
250329-09:54:21,412 nipype.interface INFO:
	 stderr 2025-03-29T09:54:21.412573:     Set AFNI_NIFTI_TYPE_WARN to YES to see them all, NO to see none.
250329-09:54:21,415 nipype.interface INFO:
	 stderr 2025-03-29T09:54:21.415414:[7m*+ WARNING:[0m   If you are performing spatial transformations on an oblique dset,
250329-09:54:21,415 nipype.interface INFO:
	 stderr 2025-03-29T09:54:21.415414:  such as /work_dir/fmriprep_24_0_wf/sub_34_wf/bold_task_bird_run_3_wf/bold_fit_wf/hmc_boldref_wf/gen_avg/sub-34_task-bird_run-3_bold_sliced.nii.gz,
250329-09:54:21,415 nipype.interface INFO:
	 stderr 2025-03-29T09:54:21.415414:  or viewing/combining it with volumes of differing obliquity,
250329-09:54:21,415 nipype.interface INFO:
	 stderr 2025-03-29T09:54:21.415414:  you should consider running: 
250329-09:54:21,415 nipype.interface INFO:
	 stderr 2025-03-29T09:54:21.415414:     3dWarp -deoblique 
250329-09:54:21,415 nipype.interface INFO:
	 stderr 2025-03-29T09:54:21.415414:  on this and  other oblique datasets in the same session.
250329-09:54:21,415 nipype.interface INFO:
	 stderr 2025-03-29T09:54:21.415414: See 3dWarp -help for details.
250329-09:54:21,415 nipype.interface INFO:
	 stderr 2025-03-29T09:54:21.415414:++ Oblique dataset:/work_dir/fmriprep_24_0_wf/sub_34_wf/bold_task_bird_run_3_wf/bold_fit_wf/hmc_boldref_wf/gen_avg/sub-34_task-bird_run-3_bold_sliced.nii.gz is 7.371928 degrees from plumb.
250329-09:54:21,415 nipype.interface INFO:
	 stderr 2025-03-29T09:54:21.415414:++ Coarse del was 10, replaced with 6
250329-09:54:22,455 nipype.interface INFO:
	 stderr 2025-03-29T09:54:22.455272:++ 3dvolreg: AFNI version=AFNI_24.1.14 (May 26 2024) [64-bit]
250329-09:54:22,455 nipype.interface INFO:
	 stderr 2025-03-29T09:54:22.455272:++ Authored by: RW Cox
250329-09:54:22,458 nipype.interface INFO:
	 stderr 2025-03-29T09:54:22.458641:** AFNI converts NIFTI_datatype=512 (UINT16) in file /work_dir/fmriprep_24_0_wf/sub_34_wf/bold_task_bird_run_4_wf/bold_fit_wf/hmc_boldref_wf/gen_avg/sub-34_task-bird_run-4_bold_sliced.nii.gz to FLOAT32
250329-09:54:22,459 nipype.interface INFO:
	 stderr 2025-03-29T09:54:22.459327:     Warnings of this type will be muted for this session.
250329-09:54:22,459 nipype.interface INFO:
	 stderr 2025-03-29T09:54:22.459327:     Set AFNI_NIFTI_TYPE_WARN to YES to see them all, NO to see none.
250329-09:54:22,461 nipype.interface INFO:
	 stderr 2025-03-29T09:54:22.461749:[7m*+ WARNING:[0m   If you are performing spatial transformations on an oblique dset,
250329-09:54:22,461 nipype.interface INFO:
	 stderr 2025-03-29T09:54:22.461749:  such as /work_dir/fmriprep_24_0_wf/sub_34_wf/bold_task_bird_run_4_wf/bold_fit_wf/hmc_boldref_wf/gen_avg/sub-34_task-bird_run-4_bold_sliced.nii.gz,
250329-09:54:22,461 nipype.interface INFO:
	 stderr 2025-03-29T09:54:22.461749:  or viewing/combining it with volumes of differing obliquity,
250329-09:54:22,462 nipype.interface INFO:
	 stderr 2025-03-29T09:54:22.461749:  you should consider running: 
250329-09:54:22,462 nipype.interface INFO:
	 stderr 2025-03-29T09:54:22.461749:     3dWarp -deoblique 
250329-09:54:22,462 nipype.interface INFO:
	 stderr 2025-03-29T09:54:22.461749:  on this and  other oblique datasets in the same session.
250329-09:54:22,462 nipype.interface INFO:
	 stderr 2025-03-29T09:54:22.461749: See 3dWarp -help for details.
250329-09:54:22,462 nipype.interface INFO:
	 stderr 2025-03-29T09:54:22.461749:++ Oblique dataset:/work_dir/fmriprep_24_0_wf/sub_34_wf/bold_task_bird_run_4_wf/bold_fit_wf/hmc_boldref_wf/gen_avg/sub-34_task-bird_run-4_bold_sliced.nii.gz is 7.371928 degrees from plumb.
250329-09:54:22,462 nipype.interface INFO:
	 stderr 2025-03-29T09:54:22.461749:++ Coarse del was 10, replaced with 6
250329-09:54:23,422 nipype.interface INFO:
	 stderr 2025-03-29T09:54:23.422498:++ 3dvolreg: AFNI version=AFNI_24.1.14 (May 26 2024) [64-bit]
250329-09:54:23,422 nipype.interface INFO:
	 stderr 2025-03-29T09:54:23.422498:++ Authored by: RW Cox
250329-09:54:23,425 nipype.interface INFO:
	 stderr 2025-03-29T09:54:23.425852:** AFNI converts NIFTI_datatype=512 (UINT16) in file /work_dir/fmriprep_24_0_wf/sub_34_wf/bold_task_bird_run_5_wf/bold_fit_wf/hmc_boldref_wf/gen_avg/sub-34_task-bird_run-5_bold_sliced.nii.gz to FLOAT32
250329-09:54:23,426 nipype.interface INFO:
	 stderr 2025-03-29T09:54:23.426466:     Warnings of this type will be muted for this session.
250329-09:54:23,426 nipype.interface INFO:
	 stderr 2025-03-29T09:54:23.426466:     Set AFNI_NIFTI_TYPE_WARN to YES to see them all, NO to see none.
250329-09:54:23,428 nipype.interface INFO:
	 stderr 2025-03-29T09:54:23.428749:[7m*+ WARNING:[0m   If you are performing spatial transformations on an oblique dset,
250329-09:54:23,428 nipype.interface INFO:
	 stderr 2025-03-29T09:54:23.428749:  such as /work_dir/fmriprep_24_0_wf/sub_34_wf/bold_task_bird_run_5_wf/bold_fit_wf/hmc_boldref_wf/gen_avg/sub-34_task-bird_run-5_bold_sliced.nii.gz,
250329-09:54:23,428 nipype.interface INFO:
	 stderr 2025-03-29T09:54:23.428749:  or viewing/combining it with volumes of differing obliquity,
250329-09:54:23,429 nipype.interface INFO:
	 stderr 2025-03-29T09:54:23.428749:  you should consider running: 
250329-09:54:23,429 nipype.interface INFO:
	 stderr 2025-03-29T09:54:23.428749:     3dWarp -deoblique 
250329-09:54:23,429 nipype.interface INFO:
	 stderr 2025-03-29T09:54:23.428749:  on this and  other oblique datasets in the same session.
250329-09:54:23,429 nipype.interface INFO:
	 stderr 2025-03-29T09:54:23.428749: See 3dWarp -help for details.
250329-09:54:23,429 nipype.interface INFO:
	 stderr 2025-03-29T09:54:23.428749:++ Oblique dataset:/work_dir/fmriprep_24_0_wf/sub_34_wf/bold_task_bird_run_5_wf/bold_fit_wf/hmc_boldref_wf/gen_avg/sub-34_task-bird_run-5_bold_sliced.nii.gz is 7.371928 degrees from plumb.
250329-09:54:23,429 nipype.interface INFO:
	 stderr 2025-03-29T09:54:23.428749:++ Coarse del was 10, replaced with 6
250329-09:54:34,582 nipype.workflow INFO:
	 [Node] Finished "lap_tmpl", elapsed time 39.680456s.
250329-09:54:35,927 nipype.workflow INFO:
	 [Node] Setting-up "fmriprep_24_0_wf.sub_34_wf.anat_fit_wf.brain_extraction_wf.mrg_tmpl" in "/work_dir/fmriprep_24_0_wf/sub_34_wf/anat_fit_wf/brain_extraction_wf/mrg_tmpl".
250329-09:54:36,2 nipype.workflow INFO:
	 [Node] Executing "mrg_tmpl" <nipype.interfaces.utility.base.Merge>
250329-09:54:36,3 nipype.workflow INFO:
	 [Node] Finished "mrg_tmpl", elapsed time 0.000243s.
250329-09:54:38,126 nipype.interface INFO:
	 stderr 2025-03-29T09:54:38.126060:++ Max displacement in automask = 0.26 (mm) at sub-brick 1
250329-09:54:38,126 nipype.interface INFO:
	 stderr 2025-03-29T09:54:38.126349:++ Max delta displ  in automask = 0.26 (mm) at sub-brick 1
250329-09:54:39,833 nipype.workflow INFO:
	 [Node] Finished "gen_avg", elapsed time 32.418732s.
250329-09:54:41,762 nipype.workflow INFO:
	 [Node] Setting-up "fmriprep_24_0_wf.sub_34_wf.bold_task_bird_run_1_wf.bold_fit_wf.fmapref_buffer" in "/work_dir/fmriprep_24_0_wf/sub_34_wf/bold_task_bird_run_1_wf/bold_fit_wf/fmapref_buffer".
250329-09:54:41,774 nipype.workflow INFO:
	 [Node] Executing "fmapref_buffer" <nipype.interfaces.utility.wrappers.Function>
250329-09:54:41,776 nipype.workflow INFO:
	 [Node] Finished "fmapref_buffer", elapsed time 0.000759s.
250329-09:54:41,948 nipype.interface WARNING:
	 Changing /output/sub-34/func/sub-34_task-bird_run-1_desc-hmc_boldref.nii.gz dtype from uint16 to float32
250329-09:54:43,492 nipype.workflow INFO:
	 [Node] Setting-up "fmriprep_24_0_wf.sub_34_wf.bold_task_bird_run_1_wf.bold_fit_wf.bold_hmc_wf.mcflirt" in "/work_dir/fmriprep_24_0_wf/sub_34_wf/bold_task_bird_run_1_wf/bold_fit_wf/bold_hmc_wf/mcflirt".
250329-09:54:43,540 nipype.workflow INFO:
	 [Node] Executing "mcflirt" <nipype.interfaces.fsl.preprocess.MCFLIRT>
250329-09:54:43,793 nipype.workflow INFO:
	 [Node] Setting-up "fmriprep_24_0_wf.sub_34_wf.bold_task_bird_run_1_wf.bold_fit_wf.ds_coreg_boldref_wf.sources" in "/work_dir/fmriprep_24_0_wf/sub_34_wf/bold_task_bird_run_1_wf/bold_fit_wf/ds_coreg_boldref_wf/sources".
250329-09:54:43,796 nipype.workflow INFO:
	 [Node] Executing "sources" <fmriprep.interfaces.bids.BIDSURI>
250329-09:54:43,797 nipype.workflow INFO:
	 [Node] Finished "sources", elapsed time 0.000248s.
250329-09:54:43,840 nipype.workflow INFO:
	 [Node] Setting-up "fmriprep_24_0_wf.sub_34_wf.bold_task_bird_run_1_wf.bold_fit_wf.enhance_and_skullstrip_bold_wf.init_aff" in "/work_dir/fmriprep_24_0_wf/sub_34_wf/bold_task_bird_run_1_wf/bold_fit_wf/enhance_and_skullstrip_bold_wf/init_aff".
250329-09:54:43,857 nipype.workflow INFO:
	 [Node] Executing "init_aff" <nipype.interfaces.ants.utils.AI>
250329-09:57:02,192 nipype.workflow INFO:
	 [Node] Finished "init_aff", elapsed time 137.434752s.
250329-09:57:03,698 nipype.workflow INFO:
	 [Node] Setting-up "fmriprep_24_0_wf.sub_34_wf.bold_task_bird_run_1_wf.bold_fit_wf.enhance_and_skullstrip_bold_wf.norm" in "/work_dir/fmriprep_24_0_wf/sub_34_wf/bold_task_bird_run_1_wf/bold_fit_wf/enhance_and_skullstrip_bold_wf/norm".
250329-09:57:03,705 nipype.workflow INFO:
	 [Node] Executing "norm" <niworkflows.interfaces.fixes.FixHeaderRegistration>
250329-09:57:08,903 nipype.workflow INFO:
	 [Node] Finished "norm", elapsed time 4.6100010000000005s.
250329-09:57:09,897 nipype.workflow INFO:
	 [Node] Setting-up "fmriprep_24_0_wf.sub_34_wf.bold_task_bird_run_1_wf.bold_fit_wf.enhance_and_skullstrip_bold_wf.map_brainmask" in "/work_dir/fmriprep_24_0_wf/sub_34_wf/bold_task_bird_run_1_wf/bold_fit_wf/enhance_and_skullstrip_bold_wf/map_brainmask".
250329-09:57:09,910 nipype.workflow INFO:
	 [Node] Executing "map_brainmask" <niworkflows.interfaces.fixes.FixHeaderApplyTransforms>
250329-09:57:13,322 nipype.workflow INFO:
	 [Node] Finished "map_brainmask", elapsed time 2.506222s.
250329-09:57:17,955 nipype.workflow INFO:
	 [Node] Setting-up "fmriprep_24_0_wf.sub_34_wf.bold_task_bird_run_1_wf.bold_fit_wf.enhance_and_skullstrip_bold_wf.n4_correct" in "/work_dir/fmriprep_24_0_wf/sub_34_wf/bold_task_bird_run_1_wf/bold_fit_wf/enhance_and_skullstrip_bold_wf/n4_correct".
250329-09:57:17,977 nipype.workflow INFO:
	 [Node] Executing "n4_correct" <niworkflows.interfaces.fixes.FixN4BiasFieldCorrection>
250329-09:57:32,784 nipype.workflow INFO:
	 [Node] Finished "slice_timing_correction", elapsed time 192.846526s.
250329-09:57:33,722 nipype.workflow INFO:
	 [Node] Setting-up "fmriprep_24_0_wf.sub_34_wf.bold_task_bird_run_5_wf.bold_native_wf.bold_stc_wf.copy_xform" in "/work_dir/fmriprep_24_0_wf/sub_34_wf/bold_task_bird_run_5_wf/bold_native_wf/bold_stc_wf/copy_xform".
250329-09:57:33,764 nipype.workflow INFO:
	 [Node] Finished "slice_timing_correction", elapsed time 194.295896s.
250329-09:57:34,78 nipype.workflow INFO:
	 [Node] Finished "slice_timing_correction", elapsed time 196.968732s.
250329-09:57:34,585 nipype.workflow INFO:
	 [Node] Finished "slice_timing_correction", elapsed time 196.64002s.
250329-09:57:35,671 nipype.workflow INFO:
	 [Node] Setting-up "fmriprep_24_0_wf.sub_34_wf.bold_task_bird_run_3_wf.bold_native_wf.bold_stc_wf.copy_xform" in "/work_dir/fmriprep_24_0_wf/sub_34_wf/bold_task_bird_run_3_wf/bold_native_wf/bold_stc_wf/copy_xform".
250329-09:57:35,679 nipype.workflow INFO:
	 [Node] Setting-up "fmriprep_24_0_wf.sub_34_wf.bold_task_bird_run_6_wf.bold_native_wf.bold_stc_wf.copy_xform" in "/work_dir/fmriprep_24_0_wf/sub_34_wf/bold_task_bird_run_6_wf/bold_native_wf/bold_stc_wf/copy_xform".
250329-09:57:35,682 nipype.workflow INFO:
	 [Node] Setting-up "fmriprep_24_0_wf.sub_34_wf.bold_task_bird_run_1_wf.bold_native_wf.bold_stc_wf.copy_xform" in "/work_dir/fmriprep_24_0_wf/sub_34_wf/bold_task_bird_run_1_wf/bold_native_wf/bold_stc_wf/copy_xform".
250329-09:57:37,634 nipype.workflow INFO:
	 [Node] Finished "_denoise0", elapsed time 210.342038s.
250329-09:57:37,677 nipype.workflow INFO:
	 [Node] Executing "copy_xform" <niworkflows.interfaces.header.CopyXForm>
250329-09:57:37,868 nipype.workflow INFO:
	 [Node] Finished "slice_timing_correction", elapsed time 200.511204s.
250329-09:57:39,689 nipype.workflow INFO:
	 [Node] Setting-up "_anat_conform0" in "/work_dir/fmriprep_24_0_wf/sub_34_wf/anat_fit_wf/anat_template_wf/anat_conform/mapflow/_anat_conform0".
250329-09:57:39,690 nipype.workflow INFO:
	 [Node] Executing "_anat_conform0" <niworkflows.interfaces.images.Conform>
250329-09:57:39,708 nipype.workflow INFO:
	 [Node] Setting-up "fmriprep_24_0_wf.sub_34_wf.bold_task_bird_run_2_wf.bold_native_wf.bold_stc_wf.copy_xform" in "/work_dir/fmriprep_24_0_wf/sub_34_wf/bold_task_bird_run_2_wf/bold_native_wf/bold_stc_wf/copy_xform".
250329-09:57:39,847 nipype.workflow INFO:
	 [Node] Finished "_anat_conform0", elapsed time 0.155508s.
250329-09:57:40,109 nipype.workflow INFO:
	 [Node] Finished "n4_correct", elapsed time 21.271684s.
250329-09:57:40,362 nipype.workflow INFO:
	 [Node] Finished "slice_timing_correction", elapsed time 200.379664s.
250329-09:57:40,798 nipype.workflow INFO:
	 [Node] Executing "copy_xform" <niworkflows.interfaces.header.CopyXForm>
250329-09:57:41,682 nipype.workflow INFO:
	 [Node] Setting-up "fmriprep_24_0_wf.sub_34_wf.anat_fit_wf.anat_template_wf.get1st" in "/work_dir/fmriprep_24_0_wf/sub_34_wf/anat_fit_wf/anat_template_wf/get1st".
250329-09:57:41,689 nipype.workflow INFO:
	 [Node] Executing "get1st" <nipype.interfaces.utility.base.Select>
250329-09:57:41,689 nipype.workflow INFO:
	 [Node] Setting-up "fmriprep_24_0_wf.sub_34_wf.bold_task_bird_run_4_wf.bold_native_wf.bold_stc_wf.copy_xform" in "/work_dir/fmriprep_24_0_wf/sub_34_wf/bold_task_bird_run_4_wf/bold_native_wf/bold_stc_wf/copy_xform".
250329-09:57:41,690 nipype.workflow INFO:
	 [Node] Finished "get1st", elapsed time 0.00034s.
250329-09:57:41,800 nipype.interface WARNING:
	 Changing /output/sub-34/func/sub-34_task-bird_run-1_desc-coreg_boldref.nii.gz dtype from uint16 to float32
250329-09:57:41,850 nipype.workflow INFO:
	 [Node] Setting-up "fmriprep_24_0_wf.sub_34_wf.bold_task_bird_run_1_wf.bold_fit_wf.enhance_and_skullstrip_bold_wf.skullstrip_first_pass" in "/work_dir/fmriprep_24_0_wf/sub_34_wf/bold_task_bird_run_1_wf/bold_fit_wf/enhance_and_skullstrip_bold_wf/skullstrip_first_pass".
250329-09:57:41,920 nipype.workflow INFO:
	 [Node] Executing "skullstrip_first_pass" <nipype.interfaces.fsl.preprocess.BET>
250329-09:57:43,440 nipype.workflow INFO:
	 [Node] Executing "copy_xform" <niworkflows.interfaces.header.CopyXForm>
250329-09:57:44,34 nipype.workflow INFO:
	 [Node] Setting-up "fmriprep_24_0_wf.sub_34_wf.bold_task_bird_run_1_wf.bold_fit_wf.ds_boldreg_wf.sources" in "/work_dir/fmriprep_24_0_wf/sub_34_wf/bold_task_bird_run_1_wf/bold_fit_wf/ds_boldreg_wf/sources".
250329-09:57:44,37 nipype.workflow INFO:
	 [Node] Executing "sources" <fmriprep.interfaces.bids.BIDSURI>
250329-09:57:44,39 nipype.workflow INFO:
	 [Node] Finished "sources", elapsed time 0.000267s.
250329-09:57:44,311 nipype.workflow INFO:
	 [Node] Executing "copy_xform" <niworkflows.interfaces.header.CopyXForm>
250329-09:57:44,876 nipype.workflow INFO:
	 [Node] Executing "copy_xform" <niworkflows.interfaces.header.CopyXForm>
250329-09:57:45,665 nipype.workflow INFO:
	 [Node] Setting-up "_truncate_images0" in "/work_dir/fmriprep_24_0_wf/sub_34_wf/anat_fit_wf/brain_extraction_wf/truncate_images/mapflow/_truncate_images0".
250329-09:57:45,667 nipype.workflow INFO:
	 [Node] Executing "_truncate_images0" <nipype.interfaces.ants.utils.ImageMath>
250329-09:57:45,679 nipype.workflow INFO:
	 [Node] Setting-up "fmriprep_24_0_wf.sub_34_wf.anat_fit_wf.surface_recon_wf.fov_check" in "/work_dir/fmriprep_24_0_wf/sub_34_wf/anat_fit_wf/surface_recon_wf/fov_check".
250329-09:57:45,682 nipype.workflow INFO:
	 [Node] Executing "fov_check" <nipype.interfaces.utility.wrappers.Function>
250329-09:57:46,191 nipype.workflow INFO:
	 [Node] Finished "skullstrip_first_pass", elapsed time 4.26977s.
250329-09:57:46,696 nipype.workflow INFO:
	 [Node] Finished "fov_check", elapsed time 1.013331s.
250329-09:57:46,870 nipype.interface INFO:
	 stderr 2025-03-29T09:57:46.870345:++ Max displacement in automask = 0.45 (mm) at sub-brick 3
250329-09:57:46,880 nipype.interface INFO:
	 stderr 2025-03-29T09:57:46.880752:++ Max delta displ  in automask = 0.53 (mm) at sub-brick 15
250329-09:57:47,671 nipype.workflow INFO:
	 [Node] Setting-up "fmriprep_24_0_wf.sub_34_wf.bold_task_bird_run_1_wf.bold_fit_wf.enhance_and_skullstrip_bold_wf.first_dilate" in "/work_dir/fmriprep_24_0_wf/sub_34_wf/bold_task_bird_run_1_wf/bold_fit_wf/enhance_and_skullstrip_bold_wf/first_dilate".
250329-09:57:47,851 nipype.workflow INFO:
	 [Node] Executing "first_dilate" <niworkflows.interfaces.nibabel.BinaryDilation>
250329-09:57:47,980 nipype.workflow INFO:
	 [Node] Setting-up "fmriprep_24_0_wf.sub_34_wf.anat_fit_wf.surface_recon_wf.recon_config" in "/work_dir/fmriprep_24_0_wf/sub_34_wf/anat_fit_wf/surface_recon_wf/recon_config".
250329-09:57:47,989 nipype.workflow INFO:
	 [Node] Executing "recon_config" <niworkflows.interfaces.freesurfer.FSDetectInputs>
250329-09:57:48,124 nipype.workflow INFO:
	 [Node] Finished "recon_config", elapsed time 0.134559s.
250329-09:57:48,926 nipype.workflow INFO:
	 [Node] Finished "first_dilate", elapsed time 1.073802s.
250329-09:57:49,666 nipype.workflow INFO:
	 [Node] Setting-up "fmriprep_24_0_wf.sub_34_wf.bold_task_bird_run_1_wf.bold_fit_wf.enhance_and_skullstrip_bold_wf.first_mask" in "/work_dir/fmriprep_24_0_wf/sub_34_wf/bold_task_bird_run_1_wf/bold_fit_wf/enhance_and_skullstrip_bold_wf/first_mask".
250329-09:57:49,871 nipype.workflow INFO:
	 [Node] Executing "first_mask" <niworkflows.interfaces.nibabel.ApplyMask>
250329-09:57:50,76 nipype.workflow INFO:
	 [Node] Finished "first_mask", elapsed time 0.203418s.
250329-09:57:50,386 nipype.workflow INFO:
	 [Node] Executing "copy_xform" <niworkflows.interfaces.header.CopyXForm>
250329-09:57:51,757 nipype.interface INFO:
	 stderr 2025-03-29T09:57:51.757327:++ Max displacement in automask = 0.53 (mm) at sub-brick 8
250329-09:57:51,757 nipype.interface INFO:
	 stderr 2025-03-29T09:57:51.757327:++ Max delta displ  in automask = 0.46 (mm) at sub-brick 8
250329-09:57:51,796 nipype.workflow INFO:
	 [Node] Setting-up "fmriprep_24_0_wf.sub_34_wf.bold_task_bird_run_1_wf.bold_fit_wf.enhance_and_skullstrip_bold_wf.unifize" in "/work_dir/fmriprep_24_0_wf/sub_34_wf/bold_task_bird_run_1_wf/bold_fit_wf/enhance_and_skullstrip_bold_wf/unifize".
250329-09:57:51,812 nipype.workflow INFO:
	 [Node] Executing "unifize" <nipype.interfaces.afni.utils.Unifize>
250329-09:57:52,316 nipype.workflow INFO:
	 [Node] Setting-up "fmriprep_24_0_wf.sub_34_wf.anat_fit_wf.surface_recon_wf.autorecon1" in "/work_dir/fmriprep_24_0_wf/sub_34_wf/anat_fit_wf/surface_recon_wf/autorecon1".
250329-09:57:52,341 nipype.workflow INFO:
	 [Node] Executing "autorecon1" <smriprep.interfaces.freesurfer.ReconAll>
250329-09:57:53,60 nipype.interface INFO:
	 stderr 2025-03-29T09:57:53.060373:++ Max displacement in automask = 0.41 (mm) at sub-brick 13
250329-09:57:53,60 nipype.interface INFO:
	 stderr 2025-03-29T09:57:53.060701:++ Max delta displ  in automask = 0.35 (mm) at sub-brick 9
250329-09:57:54,518 nipype.interface INFO:
	 stderr 2025-03-29T09:57:54.518355:++ Max displacement in automask = 0.40 (mm) at sub-brick 15
250329-09:57:54,518 nipype.interface INFO:
	 stderr 2025-03-29T09:57:54.518656:++ Max delta displ  in automask = 0.40 (mm) at sub-brick 11
250329-09:57:54,860 nipype.interface INFO:
	 stderr 2025-03-29T09:57:54.860275:++ Max displacement in automask = 0.66 (mm) at sub-brick 8
250329-09:57:54,860 nipype.interface INFO:
	 stderr 2025-03-29T09:57:54.860573:++ Max delta displ  in automask = 0.49 (mm) at sub-brick 8
250329-09:57:56,227 nipype.workflow INFO:
	 [Node] Finished "gen_avg", elapsed time 228.419023s.
250329-09:57:57,89 nipype.workflow INFO:
	 [Node] Finished "_truncate_images0", elapsed time 11.420869s.
250329-09:57:57,696 nipype.workflow INFO:
	 [Node] Setting-up "fmriprep_24_0_wf.sub_34_wf.bold_task_bird_run_6_wf.bold_fit_wf.fmapref_buffer" in "/work_dir/fmriprep_24_0_wf/sub_34_wf/bold_task_bird_run_6_wf/bold_fit_wf/fmapref_buffer".
250329-09:57:57,704 nipype.workflow INFO:
	 [Node] Executing "fmapref_buffer" <nipype.interfaces.utility.wrappers.Function>
250329-09:57:57,706 nipype.workflow INFO:
	 [Node] Finished "fmapref_buffer", elapsed time 0.000712s.
250329-09:57:57,822 nipype.interface WARNING:
	 Changing /output/sub-34/func/sub-34_task-bird_run-6_desc-hmc_boldref.nii.gz dtype from uint16 to float32
250329-09:57:58,484 nipype.workflow INFO:
	 [Node] Setting-up "fmriprep_24_0_wf.sub_34_wf.bold_task_bird_run_6_wf.bold_fit_wf.bold_hmc_wf.mcflirt" in "/work_dir/fmriprep_24_0_wf/sub_34_wf/bold_task_bird_run_6_wf/bold_fit_wf/bold_hmc_wf/mcflirt".
250329-09:57:58,499 nipype.workflow INFO:
	 [Node] Setting-up "_inu_n40" in "/work_dir/fmriprep_24_0_wf/sub_34_wf/anat_fit_wf/brain_extraction_wf/inu_n4/mapflow/_inu_n40".
250329-09:57:58,501 nipype.workflow INFO:
	 [Node] Executing "_inu_n40" <nipype.interfaces.ants.segmentation.N4BiasFieldCorrection>
250329-09:57:58,504 nipype.workflow INFO:
	 [Node] Executing "mcflirt" <nipype.interfaces.fsl.preprocess.MCFLIRT>
250329-09:57:59,691 nipype.workflow INFO:
	 [Node] Setting-up "fmriprep_24_0_wf.sub_34_wf.bold_task_bird_run_6_wf.bold_fit_wf.ds_coreg_boldref_wf.sources" in "/work_dir/fmriprep_24_0_wf/sub_34_wf/bold_task_bird_run_6_wf/bold_fit_wf/ds_coreg_boldref_wf/sources".
250329-09:57:59,694 nipype.workflow INFO:
	 [Node] Executing "sources" <fmriprep.interfaces.bids.BIDSURI>
250329-09:57:59,695 nipype.workflow INFO:
	 [Node] Finished "sources", elapsed time 0.000276s.
250329-09:58:00,215 nipype.workflow INFO:
	 [Node] Finished "gen_avg", elapsed time 232.596659s.
250329-09:58:01,94 nipype.workflow INFO:
	 [Node] Finished "gen_avg", elapsed time 231.198352s.
250329-09:58:01,663 nipype.workflow INFO:
	 [Node] Setting-up "fmriprep_24_0_wf.sub_34_wf.bold_task_bird_run_2_wf.bold_fit_wf.fmapref_buffer" in "/work_dir/fmriprep_24_0_wf/sub_34_wf/bold_task_bird_run_2_wf/bold_fit_wf/fmapref_buffer".
250329-09:58:01,670 nipype.workflow INFO:
	 [Node] Executing "fmapref_buffer" <nipype.interfaces.utility.wrappers.Function>
250329-09:58:01,677 nipype.workflow INFO:
	 [Node] Finished "fmapref_buffer", elapsed time 0.006058s.
250329-09:58:01,814 nipype.interface WARNING:
	 Changing /output/sub-34/func/sub-34_task-bird_run-2_desc-hmc_boldref.nii.gz dtype from uint16 to float32
250329-09:58:02,560 nipype.workflow INFO:
	 [Node] Finished "gen_avg", elapsed time 232.878836s.
250329-09:58:02,697 nipype.workflow INFO:
	 [Node] Setting-up "fmriprep_24_0_wf.sub_34_wf.bold_task_bird_run_4_wf.bold_fit_wf.fmapref_buffer" in "/work_dir/fmriprep_24_0_wf/sub_34_wf/bold_task_bird_run_4_wf/bold_fit_wf/fmapref_buffer".
250329-09:58:02,704 nipype.workflow INFO:
	 [Node] Executing "fmapref_buffer" <nipype.interfaces.utility.wrappers.Function>
250329-09:58:02,706 nipype.workflow INFO:
	 [Node] Finished "fmapref_buffer", elapsed time 0.000777s.
250329-09:58:02,807 nipype.interface WARNING:
	 Changing /output/sub-34/func/sub-34_task-bird_run-4_desc-hmc_boldref.nii.gz dtype from uint16 to float32
250329-09:58:02,854 nipype.workflow INFO:
	 [Node] Setting-up "fmriprep_24_0_wf.sub_34_wf.bold_task_bird_run_2_wf.bold_fit_wf.bold_hmc_wf.mcflirt" in "/work_dir/fmriprep_24_0_wf/sub_34_wf/bold_task_bird_run_2_wf/bold_fit_wf/bold_hmc_wf/mcflirt".
250329-09:58:02,868 nipype.workflow INFO:
	 [Node] Executing "mcflirt" <nipype.interfaces.fsl.preprocess.MCFLIRT>
250329-09:58:03,578 nipype.workflow INFO:
	 [Node] Setting-up "fmriprep_24_0_wf.sub_34_wf.bold_task_bird_run_4_wf.bold_fit_wf.bold_hmc_wf.mcflirt" in "/work_dir/fmriprep_24_0_wf/sub_34_wf/bold_task_bird_run_4_wf/bold_fit_wf/bold_hmc_wf/mcflirt".
250329-09:58:03,587 nipype.workflow INFO:
	 [Node] Executing "mcflirt" <nipype.interfaces.fsl.preprocess.MCFLIRT>
250329-09:58:03,899 nipype.workflow INFO:
	 [Node] Setting-up "fmriprep_24_0_wf.sub_34_wf.bold_task_bird_run_3_wf.bold_fit_wf.fmapref_buffer" in "/work_dir/fmriprep_24_0_wf/sub_34_wf/bold_task_bird_run_3_wf/bold_fit_wf/fmapref_buffer".
250329-09:58:03,906 nipype.workflow INFO:
	 [Node] Executing "fmapref_buffer" <nipype.interfaces.utility.wrappers.Function>
250329-09:58:03,907 nipype.workflow INFO:
	 [Node] Finished "fmapref_buffer", elapsed time 0.000675s.
250329-09:58:04,23 nipype.interface WARNING:
	 Changing /output/sub-34/func/sub-34_task-bird_run-3_desc-hmc_boldref.nii.gz dtype from uint16 to float32
250329-09:58:05,443 nipype.workflow INFO:
	 [Node] Setting-up "fmriprep_24_0_wf.sub_34_wf.bold_task_bird_run_3_wf.bold_fit_wf.bold_hmc_wf.mcflirt" in "/work_dir/fmriprep_24_0_wf/sub_34_wf/bold_task_bird_run_3_wf/bold_fit_wf/bold_hmc_wf/mcflirt".
250329-09:58:05,455 nipype.workflow INFO:
	 [Node] Setting-up "fmriprep_24_0_wf.sub_34_wf.bold_task_bird_run_4_wf.bold_fit_wf.ds_coreg_boldref_wf.sources" in "/work_dir/fmriprep_24_0_wf/sub_34_wf/bold_task_bird_run_4_wf/bold_fit_wf/ds_coreg_boldref_wf/sources".
250329-09:58:05,458 nipype.workflow INFO:
	 [Node] Executing "sources" <fmriprep.interfaces.bids.BIDSURI>
250329-09:58:05,459 nipype.workflow INFO:
	 [Node] Finished "sources", elapsed time 0.000246s.
250329-09:58:05,464 nipype.workflow INFO:
	 [Node] Executing "mcflirt" <nipype.interfaces.fsl.preprocess.MCFLIRT>
250329-09:58:06,183 nipype.workflow INFO:
	 [Node] Finished "gen_avg", elapsed time 236.093641s.
250329-09:58:08,182 nipype.workflow INFO:
	 [Node] Setting-up "fmriprep_24_0_wf.sub_34_wf.bold_task_bird_run_5_wf.bold_fit_wf.fmapref_buffer" in "/work_dir/fmriprep_24_0_wf/sub_34_wf/bold_task_bird_run_5_wf/bold_fit_wf/fmapref_buffer".
250329-09:58:08,185 nipype.workflow INFO:
	 [Node] Executing "fmapref_buffer" <nipype.interfaces.utility.wrappers.Function>
250329-09:58:08,186 nipype.workflow INFO:
	 [Node] Finished "fmapref_buffer", elapsed time 0.00081s.
250329-09:58:08,365 nipype.interface WARNING:
	 Changing /output/sub-34/func/sub-34_task-bird_run-5_desc-hmc_boldref.nii.gz dtype from uint16 to float32
250329-09:58:09,596 nipype.workflow INFO:
	 [Node] Setting-up "fmriprep_24_0_wf.sub_34_wf.bold_task_bird_run_5_wf.bold_fit_wf.bold_hmc_wf.mcflirt" in "/work_dir/fmriprep_24_0_wf/sub_34_wf/bold_task_bird_run_5_wf/bold_fit_wf/bold_hmc_wf/mcflirt".
250329-09:58:09,604 nipype.workflow INFO:
	 [Node] Executing "mcflirt" <nipype.interfaces.fsl.preprocess.MCFLIRT>
250329-09:58:09,948 nipype.workflow INFO:
	 [Node] Setting-up "fmriprep_24_0_wf.sub_34_wf.bold_task_bird_run_2_wf.bold_fit_wf.ds_coreg_boldref_wf.sources" in "/work_dir/fmriprep_24_0_wf/sub_34_wf/bold_task_bird_run_2_wf/bold_fit_wf/ds_coreg_boldref_wf/sources".
250329-09:58:09,951 nipype.workflow INFO:
	 [Node] Executing "sources" <fmriprep.interfaces.bids.BIDSURI>
250329-09:58:09,953 nipype.workflow INFO:
	 [Node] Finished "sources", elapsed time 0.000266s.
250329-09:58:10,399 nipype.workflow INFO:
	 [Node] Setting-up "fmriprep_24_0_wf.sub_34_wf.bold_task_bird_run_5_wf.bold_fit_wf.ds_coreg_boldref_wf.sources" in "/work_dir/fmriprep_24_0_wf/sub_34_wf/bold_task_bird_run_5_wf/bold_fit_wf/ds_coreg_boldref_wf/sources".
250329-09:58:10,402 nipype.workflow INFO:
	 [Node] Executing "sources" <fmriprep.interfaces.bids.BIDSURI>
250329-09:58:10,403 nipype.workflow INFO:
	 [Node] Finished "sources", elapsed time 0.000283s.
250329-09:58:11,464 nipype.workflow INFO:
	 [Node] Setting-up "fmriprep_24_0_wf.sub_34_wf.bold_task_bird_run_3_wf.bold_fit_wf.ds_coreg_boldref_wf.sources" in "/work_dir/fmriprep_24_0_wf/sub_34_wf/bold_task_bird_run_3_wf/bold_fit_wf/ds_coreg_boldref_wf/sources".
250329-09:58:11,480 nipype.workflow INFO:
	 [Node] Executing "sources" <fmriprep.interfaces.bids.BIDSURI>
250329-09:58:11,481 nipype.workflow INFO:
	 [Node] Finished "sources", elapsed time 0.000269s.
250329-09:59:00,254 nipype.workflow INFO:
	 [Node] Finished "copy_xform", elapsed time 82.576738s.
250329-09:59:12,286 nipype.workflow INFO:
	 [Node] Finished "copy_xform", elapsed time 87.408398s.
250329-09:59:14,321 nipype.workflow INFO:
	 [Node] Finished "copy_xform", elapsed time 93.52147s.
250329-09:59:16,895 nipype.workflow INFO:
	 [Node] Finished "copy_xform", elapsed time 92.58247s.
250329-09:59:19,932 nipype.workflow INFO:
	 [Node] Finished "copy_xform", elapsed time 89.544856s.
250329-09:59:22,20 nipype.workflow INFO:
	 [Node] Setting-up "fmriprep_24_0_wf.sub_34_wf.bold_task_bird_run_2_wf.bold_fit_wf.enhance_and_skullstrip_bold_wf.init_aff" in "/work_dir/fmriprep_24_0_wf/sub_34_wf/bold_task_bird_run_2_wf/bold_fit_wf/enhance_and_skullstrip_bold_wf/init_aff".
250329-09:59:22,24 nipype.workflow INFO:
	 [Node] Executing "init_aff" <nipype.interfaces.ants.utils.AI>
250329-09:59:22,976 nipype.workflow INFO:
	 [Node] Finished "copy_xform", elapsed time 99.535152s.
250329-09:59:31,868 nipype.workflow INFO:
	 [Node] Finished "_inu_n40", elapsed time 92.716396s.
250329-09:59:34,218 nipype.workflow INFO:
	 [Node] Setting-up "fmriprep_24_0_wf.sub_34_wf.bold_task_bird_run_3_wf.bold_fit_wf.enhance_and_skullstrip_bold_wf.init_aff" in "/work_dir/fmriprep_24_0_wf/sub_34_wf/bold_task_bird_run_3_wf/bold_fit_wf/enhance_and_skullstrip_bold_wf/init_aff".
250329-09:59:34,222 nipype.workflow INFO:
	 [Node] Executing "init_aff" <nipype.interfaces.ants.utils.AI>
250329-09:59:34,386 nipype.workflow INFO:
	 [Node] Setting-up "fmriprep_24_0_wf.sub_34_wf.anat_fit_wf.brain_extraction_wf.res_target" in "/work_dir/fmriprep_24_0_wf/sub_34_wf/anat_fit_wf/brain_extraction_wf/res_target".
250329-09:59:34,389 nipype.workflow INFO:
	 [Node] Executing "res_target" <niworkflows.interfaces.nibabel.RegridToZooms>
250329-09:59:36,724 nipype.workflow INFO:
	 [Node] Finished "res_target", elapsed time 2.33486s.
250329-09:59:38,59 nipype.workflow INFO:
	 [Node] Setting-up "fmriprep_24_0_wf.sub_34_wf.anat_fit_wf.brain_extraction_wf.lap_target" in "/work_dir/fmriprep_24_0_wf/sub_34_wf/anat_fit_wf/brain_extraction_wf/lap_target".
250329-09:59:38,62 nipype.workflow INFO:
	 [Node] Executing "lap_target" <nipype.interfaces.ants.utils.ImageMath>
250329-10:00:05,466 nipype.workflow INFO:
	 [Node] Finished "lap_target", elapsed time 27.402798s.
250329-10:00:06,12 nipype.workflow INFO:
	 [Node] Setting-up "fmriprep_24_0_wf.sub_34_wf.anat_fit_wf.brain_extraction_wf.mrg_target" in "/work_dir/fmriprep_24_0_wf/sub_34_wf/anat_fit_wf/brain_extraction_wf/mrg_target".
250329-10:00:06,16 nipype.workflow INFO:
	 [Node] Executing "mrg_target" <nipype.interfaces.utility.base.Merge>
250329-10:00:06,17 nipype.workflow INFO:
	 [Node] Finished "mrg_target", elapsed time 0.000239s.
250329-10:01:27,206 nipype.workflow INFO:
	 [Node] Finished "init_aff", elapsed time 125.180929s.
250329-10:01:28,218 nipype.workflow INFO:
	 [Node] Setting-up "fmriprep_24_0_wf.sub_34_wf.bold_task_bird_run_4_wf.bold_fit_wf.enhance_and_skullstrip_bold_wf.init_aff" in "/work_dir/fmriprep_24_0_wf/sub_34_wf/bold_task_bird_run_4_wf/bold_fit_wf/enhance_and_skullstrip_bold_wf/init_aff".
250329-10:01:28,224 nipype.workflow INFO:
	 [Node] Executing "init_aff" <nipype.interfaces.ants.utils.AI>
250329-10:01:39,764 nipype.workflow INFO:
	 [Node] Finished "init_aff", elapsed time 124.824931s.
250329-10:01:42,103 nipype.workflow INFO:
	 [Node] Setting-up "fmriprep_24_0_wf.sub_34_wf.bold_task_bird_run_5_wf.bold_fit_wf.enhance_and_skullstrip_bold_wf.init_aff" in "/work_dir/fmriprep_24_0_wf/sub_34_wf/bold_task_bird_run_5_wf/bold_fit_wf/enhance_and_skullstrip_bold_wf/init_aff".
250329-10:01:42,107 nipype.workflow INFO:
	 [Node] Executing "init_aff" <nipype.interfaces.ants.utils.AI>
250329-10:03:24,107 nipype.workflow INFO:
	 [Node] Finished "mcflirt", elapsed time 520.566653s.
250329-10:03:26,436 nipype.workflow INFO:
	 [Node] Setting-up "fmriprep_24_0_wf.sub_34_wf.bold_task_bird_run_1_wf.bold_fit_wf.bold_hmc_wf.normalize_motion" in "/work_dir/fmriprep_24_0_wf/sub_34_wf/bold_task_bird_run_1_wf/bold_fit_wf/bold_hmc_wf/normalize_motion".
250329-10:03:26,482 nipype.workflow INFO:
	 [Node] Executing "normalize_motion" <niworkflows.interfaces.confounds.NormalizeMotionParams>
250329-10:03:26,511 nipype.workflow INFO:
	 [Node] Finished "normalize_motion", elapsed time 0.027431s.
250329-10:03:28,127 nipype.workflow INFO:
	 [Node] Setting-up "fmriprep_24_0_wf.sub_34_wf.bold_task_bird_run_1_wf.bold_confounds_wf.fdisp" in "/work_dir/fmriprep_24_0_wf/sub_34_wf/bold_task_bird_run_1_wf/bold_confounds_wf/fdisp".
250329-10:03:28,738 nipype.workflow INFO:
	 [Node] Executing "fdisp" <nipype.algorithms.confounds.FramewiseDisplacement>
250329-10:03:28,742 nipype.workflow INFO:
	 [Node] Finished "fdisp", elapsed time 0.003054s.
250329-10:03:34,74 nipype.workflow INFO:
	 [Node] Finished "init_aff", elapsed time 125.265095s.
250329-10:03:36,355 nipype.workflow INFO:
	 [Node] Setting-up "fmriprep_24_0_wf.sub_34_wf.bold_task_bird_run_1_wf.bold_fit_wf.bold_hmc_wf.fsl2itk" in "/work_dir/fmriprep_24_0_wf/sub_34_wf/bold_task_bird_run_1_wf/bold_fit_wf/bold_hmc_wf/fsl2itk".
250329-10:03:36,463 nipype.workflow INFO:
	 [Node] Executing "fsl2itk" <niworkflows.interfaces.itk.MCFLIRT2ITK>
250329-10:03:36,464 nipype.interface WARNING:
	 Multithreading is deprecated. Remove the num_threads input.
250329-10:03:36,818 nipype.workflow INFO:
	 [Node] Finished "fsl2itk", elapsed time 0.354051s.
250329-10:03:37,936 nipype.workflow INFO:
	 [Node] Setting-up "fmriprep_24_0_wf.sub_34_wf.bold_task_bird_run_6_wf.bold_fit_wf.enhance_and_skullstrip_bold_wf.init_aff" in "/work_dir/fmriprep_24_0_wf/sub_34_wf/bold_task_bird_run_6_wf/bold_fit_wf/enhance_and_skullstrip_bold_wf/init_aff".
250329-10:03:37,940 nipype.workflow INFO:
	 [Node] Executing "init_aff" <nipype.interfaces.ants.utils.AI>
250329-10:03:52,768 nipype.workflow INFO:
	 [Node] Finished "init_aff", elapsed time 129.922923s.
250329-10:03:53,938 nipype.workflow INFO:
	 [Node] Setting-up "fmriprep_24_0_wf.sub_34_wf.bold_task_bird_run_2_wf.bold_fit_wf.enhance_and_skullstrip_bold_wf.norm" in "/work_dir/fmriprep_24_0_wf/sub_34_wf/bold_task_bird_run_2_wf/bold_fit_wf/enhance_and_skullstrip_bold_wf/norm".
250329-10:03:53,964 nipype.workflow INFO:
	 [Node] Executing "norm" <niworkflows.interfaces.fixes.FixHeaderRegistration>
250329-10:03:57,566 nipype.workflow INFO:
	 [Node] Finished "norm", elapsed time 2.9994899999999998s.
250329-10:03:58,106 nipype.workflow INFO:
	 [Node] Setting-up "fmriprep_24_0_wf.sub_34_wf.bold_task_bird_run_3_wf.bold_fit_wf.enhance_and_skullstrip_bold_wf.norm" in "/work_dir/fmriprep_24_0_wf/sub_34_wf/bold_task_bird_run_3_wf/bold_fit_wf/enhance_and_skullstrip_bold_wf/norm".
250329-10:03:58,120 nipype.workflow INFO:
	 [Node] Setting-up "fmriprep_24_0_wf.sub_34_wf.bold_task_bird_run_2_wf.bold_fit_wf.enhance_and_skullstrip_bold_wf.map_brainmask" in "/work_dir/fmriprep_24_0_wf/sub_34_wf/bold_task_bird_run_2_wf/bold_fit_wf/enhance_and_skullstrip_bold_wf/map_brainmask".
250329-10:03:58,125 nipype.workflow INFO:
	 [Node] Executing "norm" <niworkflows.interfaces.fixes.FixHeaderRegistration>
250329-10:03:58,129 nipype.workflow INFO:
	 [Node] Executing "map_brainmask" <niworkflows.interfaces.fixes.FixHeaderApplyTransforms>
250329-10:03:59,630 nipype.workflow INFO:
	 [Node] Finished "map_brainmask", elapsed time 0.96921s.
250329-10:03:59,904 nipype.workflow INFO:
	 [Node] Finished "norm", elapsed time 1.1097s.
250329-10:04:02,82 nipype.workflow INFO:
	 [Node] Setting-up "fmriprep_24_0_wf.sub_34_wf.bold_task_bird_run_2_wf.bold_fit_wf.enhance_and_skullstrip_bold_wf.n4_correct" in "/work_dir/fmriprep_24_0_wf/sub_34_wf/bold_task_bird_run_2_wf/bold_fit_wf/enhance_and_skullstrip_bold_wf/n4_correct".
250329-10:04:02,91 nipype.workflow INFO:
	 [Node] Executing "n4_correct" <niworkflows.interfaces.fixes.FixN4BiasFieldCorrection>
250329-10:04:02,136 nipype.workflow INFO:
	 [Node] Setting-up "fmriprep_24_0_wf.sub_34_wf.bold_task_bird_run_4_wf.bold_fit_wf.enhance_and_skullstrip_bold_wf.norm" in "/work_dir/fmriprep_24_0_wf/sub_34_wf/bold_task_bird_run_4_wf/bold_fit_wf/enhance_and_skullstrip_bold_wf/norm".
250329-10:04:02,149 nipype.workflow INFO:
	 [Node] Setting-up "fmriprep_24_0_wf.sub_34_wf.bold_task_bird_run_3_wf.bold_fit_wf.enhance_and_skullstrip_bold_wf.map_brainmask" in "/work_dir/fmriprep_24_0_wf/sub_34_wf/bold_task_bird_run_3_wf/bold_fit_wf/enhance_and_skullstrip_bold_wf/map_brainmask".
250329-10:04:02,154 nipype.workflow INFO:
	 [Node] Executing "map_brainmask" <niworkflows.interfaces.fixes.FixHeaderApplyTransforms>
250329-10:04:02,168 nipype.workflow INFO:
	 [Node] Executing "norm" <niworkflows.interfaces.fixes.FixHeaderRegistration>
250329-10:04:04,624 nipype.workflow INFO:
	 [Node] Finished "map_brainmask", elapsed time 1.599583s.
250329-10:04:05,357 nipype.workflow INFO:
	 [Node] Finished "norm", elapsed time 2.432789s.
250329-10:04:06,115 nipype.workflow INFO:
	 [Node] Setting-up "fmriprep_24_0_wf.sub_34_wf.bold_task_bird_run_5_wf.bold_fit_wf.enhance_and_skullstrip_bold_wf.norm" in "/work_dir/fmriprep_24_0_wf/sub_34_wf/bold_task_bird_run_5_wf/bold_fit_wf/enhance_and_skullstrip_bold_wf/norm".
250329-10:04:06,121 nipype.workflow INFO:
	 [Node] Executing "norm" <niworkflows.interfaces.fixes.FixHeaderRegistration>
250329-10:04:06,137 nipype.workflow INFO:
	 [Node] Setting-up "fmriprep_24_0_wf.sub_34_wf.bold_task_bird_run_4_wf.bold_fit_wf.enhance_and_skullstrip_bold_wf.map_brainmask" in "/work_dir/fmriprep_24_0_wf/sub_34_wf/bold_task_bird_run_4_wf/bold_fit_wf/enhance_and_skullstrip_bold_wf/map_brainmask".
250329-10:04:06,141 nipype.workflow INFO:
	 [Node] Executing "map_brainmask" <niworkflows.interfaces.fixes.FixHeaderApplyTransforms>
250329-10:04:08,557 nipype.workflow INFO:
	 [Node] Finished "map_brainmask", elapsed time 1.733863s.
250329-10:04:11,108 nipype.workflow INFO:
	 [Node] Finished "norm", elapsed time 4.302051s.
250329-10:04:12,85 nipype.workflow INFO:
	 [Node] Setting-up "fmriprep_24_0_wf.sub_34_wf.bold_task_bird_run_5_wf.bold_fit_wf.enhance_and_skullstrip_bold_wf.map_brainmask" in "/work_dir/fmriprep_24_0_wf/sub_34_wf/bold_task_bird_run_5_wf/bold_fit_wf/enhance_and_skullstrip_bold_wf/map_brainmask".
250329-10:04:12,90 nipype.workflow INFO:
	 [Node] Executing "map_brainmask" <niworkflows.interfaces.fixes.FixHeaderApplyTransforms>
250329-10:04:12,105 nipype.workflow INFO:
	 [Node] Setting-up "fmriprep_24_0_wf.sub_34_wf.bold_task_bird_run_3_wf.bold_fit_wf.enhance_and_skullstrip_bold_wf.n4_correct" in "/work_dir/fmriprep_24_0_wf/sub_34_wf/bold_task_bird_run_3_wf/bold_fit_wf/enhance_and_skullstrip_bold_wf/n4_correct".
250329-10:04:12,106 nipype.workflow INFO:
	 [Node] Setting-up "fmriprep_24_0_wf.sub_34_wf.bold_task_bird_run_4_wf.bold_fit_wf.enhance_and_skullstrip_bold_wf.n4_correct" in "/work_dir/fmriprep_24_0_wf/sub_34_wf/bold_task_bird_run_4_wf/bold_fit_wf/enhance_and_skullstrip_bold_wf/n4_correct".
250329-10:04:12,108 nipype.workflow INFO:
	 [Node] Executing "n4_correct" <niworkflows.interfaces.fixes.FixN4BiasFieldCorrection>
250329-10:04:12,109 nipype.workflow INFO:
	 [Node] Executing "n4_correct" <niworkflows.interfaces.fixes.FixN4BiasFieldCorrection>
250329-10:04:14,71 nipype.workflow INFO:
	 [Node] Finished "n4_correct", elapsed time 11.296641s.
250329-10:04:14,385 nipype.workflow INFO:
	 [Node] Finished "map_brainmask", elapsed time 1.5010210000000002s.
250329-10:04:17,7 nipype.workflow INFO:
	 [Node] Setting-up "fmriprep_24_0_wf.sub_34_wf.bold_task_bird_run_2_wf.bold_fit_wf.enhance_and_skullstrip_bold_wf.skullstrip_first_pass" in "/work_dir/fmriprep_24_0_wf/sub_34_wf/bold_task_bird_run_2_wf/bold_fit_wf/enhance_and_skullstrip_bold_wf/skullstrip_first_pass".
250329-10:04:17,10 nipype.workflow INFO:
	 [Node] Executing "skullstrip_first_pass" <nipype.interfaces.fsl.preprocess.BET>
250329-10:04:17,113 nipype.interface WARNING:
	 Changing /output/sub-34/func/sub-34_task-bird_run-2_desc-coreg_boldref.nii.gz dtype from uint16 to float32
250329-10:04:18,393 nipype.workflow INFO:
	 [Node] Setting-up "fmriprep_24_0_wf.sub_34_wf.bold_task_bird_run_5_wf.bold_fit_wf.enhance_and_skullstrip_bold_wf.n4_correct" in "/work_dir/fmriprep_24_0_wf/sub_34_wf/bold_task_bird_run_5_wf/bold_fit_wf/enhance_and_skullstrip_bold_wf/n4_correct".
250329-10:04:18,397 nipype.workflow INFO:
	 [Node] Executing "n4_correct" <niworkflows.interfaces.fixes.FixN4BiasFieldCorrection>
250329-10:04:18,672 nipype.workflow INFO:
	 [Node] Finished "n4_correct", elapsed time 5.846885s.
250329-10:04:20,850 nipype.interface WARNING:
	 Changing /output/sub-34/func/sub-34_task-bird_run-3_desc-coreg_boldref.nii.gz dtype from uint16 to float32
250329-10:04:20,939 nipype.workflow INFO:
	 [Node] Setting-up "fmriprep_24_0_wf.sub_34_wf.bold_task_bird_run_3_wf.bold_fit_wf.enhance_and_skullstrip_bold_wf.skullstrip_first_pass" in "/work_dir/fmriprep_24_0_wf/sub_34_wf/bold_task_bird_run_3_wf/bold_fit_wf/enhance_and_skullstrip_bold_wf/skullstrip_first_pass".
250329-10:04:20,942 nipype.workflow INFO:
	 [Node] Executing "skullstrip_first_pass" <nipype.interfaces.fsl.preprocess.BET>
250329-10:04:20,995 nipype.workflow INFO:
	 [Node] Finished "skullstrip_first_pass", elapsed time 3.9844850000000003s.
250329-10:04:22,431 nipype.workflow INFO:
	 [Node] Setting-up "fmriprep_24_0_wf.sub_34_wf.bold_task_bird_run_3_wf.bold_fit_wf.ds_boldreg_wf.sources" in "/work_dir/fmriprep_24_0_wf/sub_34_wf/bold_task_bird_run_3_wf/bold_fit_wf/ds_boldreg_wf/sources".
250329-10:04:22,434 nipype.workflow INFO:
	 [Node] Executing "sources" <fmriprep.interfaces.bids.BIDSURI>
250329-10:04:22,435 nipype.workflow INFO:
	 [Node] Finished "sources", elapsed time 0.000264s.
250329-10:04:22,436 nipype.workflow INFO:
	 [Node] Setting-up "fmriprep_24_0_wf.sub_34_wf.bold_task_bird_run_2_wf.bold_fit_wf.enhance_and_skullstrip_bold_wf.first_dilate" in "/work_dir/fmriprep_24_0_wf/sub_34_wf/bold_task_bird_run_2_wf/bold_fit_wf/enhance_and_skullstrip_bold_wf/first_dilate".
250329-10:04:22,438 nipype.workflow INFO:
	 [Node] Executing "first_dilate" <niworkflows.interfaces.nibabel.BinaryDilation>
250329-10:04:22,869 nipype.workflow INFO:
	 [Node] Setting-up "fmriprep_24_0_wf.sub_34_wf.bold_task_bird_run_2_wf.bold_fit_wf.ds_boldreg_wf.sources" in "/work_dir/fmriprep_24_0_wf/sub_34_wf/bold_task_bird_run_2_wf/bold_fit_wf/ds_boldreg_wf/sources".
250329-10:04:22,872 nipype.workflow INFO:
	 [Node] Executing "sources" <fmriprep.interfaces.bids.BIDSURI>
250329-10:04:22,873 nipype.workflow INFO:
	 [Node] Finished "sources", elapsed time 0.000254s.
250329-10:04:23,828 nipype.workflow INFO:
	 [Node] Finished "first_dilate", elapsed time 1.388959s.
250329-10:04:24,418 nipype.workflow INFO:
	 [Node] Setting-up "fmriprep_24_0_wf.sub_34_wf.bold_task_bird_run_2_wf.bold_fit_wf.enhance_and_skullstrip_bold_wf.first_mask" in "/work_dir/fmriprep_24_0_wf/sub_34_wf/bold_task_bird_run_2_wf/bold_fit_wf/enhance_and_skullstrip_bold_wf/first_mask".
250329-10:04:24,623 nipype.workflow INFO:
	 [Node] Executing "first_mask" <niworkflows.interfaces.nibabel.ApplyMask>
250329-10:04:24,824 nipype.workflow INFO:
	 [Node] Finished "skullstrip_first_pass", elapsed time 3.8809050000000003s.
250329-10:04:24,845 nipype.workflow INFO:
	 [Node] Finished "first_mask", elapsed time 0.221354s.
250329-10:04:25,111 nipype.workflow INFO:
	 [Node] Finished "n4_correct", elapsed time 12.236372s.
250329-10:04:26,362 nipype.workflow INFO:
	 [Node] Setting-up "fmriprep_24_0_wf.sub_34_wf.bold_task_bird_run_4_wf.bold_fit_wf.enhance_and_skullstrip_bold_wf.skullstrip_first_pass" in "/work_dir/fmriprep_24_0_wf/sub_34_wf/bold_task_bird_run_4_wf/bold_fit_wf/enhance_and_skullstrip_bold_wf/skullstrip_first_pass".
250329-10:04:26,475 nipype.workflow INFO:
	 [Node] Executing "skullstrip_first_pass" <nipype.interfaces.fsl.preprocess.BET>
250329-10:04:26,485 nipype.interface WARNING:
	 Changing /output/sub-34/func/sub-34_task-bird_run-4_desc-coreg_boldref.nii.gz dtype from uint16 to float32
250329-10:04:27,411 nipype.workflow INFO:
	 [Node] Setting-up "fmriprep_24_0_wf.sub_34_wf.anat_fit_wf.brain_extraction_wf.init_aff" in "/work_dir/fmriprep_24_0_wf/sub_34_wf/anat_fit_wf/brain_extraction_wf/init_aff".
250329-10:04:27,420 nipype.workflow INFO:
	 [Node] Executing "init_aff" <nipype.interfaces.ants.utils.AI>
250329-10:04:28,560 nipype.workflow INFO:
	 [Node] Finished "n4_correct", elapsed time 10.158821s.
250329-10:04:29,242 nipype.workflow INFO:
	 [Node] Finished "skullstrip_first_pass", elapsed time 2.765408s.
250329-10:04:30,623 nipype.interface WARNING:
	 Changing /output/sub-34/func/sub-34_task-bird_run-5_desc-coreg_boldref.nii.gz dtype from uint16 to float32
250329-10:04:30,660 nipype.workflow INFO:
	 [Node] Setting-up "fmriprep_24_0_wf.sub_34_wf.bold_task_bird_run_5_wf.bold_fit_wf.enhance_and_skullstrip_bold_wf.skullstrip_first_pass" in "/work_dir/fmriprep_24_0_wf/sub_34_wf/bold_task_bird_run_5_wf/bold_fit_wf/enhance_and_skullstrip_bold_wf/skullstrip_first_pass".
250329-10:04:30,737 nipype.workflow INFO:
	 [Node] Executing "skullstrip_first_pass" <nipype.interfaces.fsl.preprocess.BET>
250329-10:04:31,338 nipype.workflow INFO:
	 [Node] Setting-up "fmriprep_24_0_wf.sub_34_wf.bold_task_bird_run_3_wf.bold_fit_wf.enhance_and_skullstrip_bold_wf.first_dilate" in "/work_dir/fmriprep_24_0_wf/sub_34_wf/bold_task_bird_run_3_wf/bold_fit_wf/enhance_and_skullstrip_bold_wf/first_dilate".
250329-10:04:31,526 nipype.workflow INFO:
	 [Node] Executing "first_dilate" <niworkflows.interfaces.nibabel.BinaryDilation>
250329-10:04:33,911 nipype.workflow INFO:
	 [Node] Finished "first_dilate", elapsed time 2.383958s.
250329-10:04:34,750 nipype.workflow INFO:
	 [Node] Setting-up "fmriprep_24_0_wf.sub_34_wf.bold_task_bird_run_4_wf.bold_fit_wf.enhance_and_skullstrip_bold_wf.first_dilate" in "/work_dir/fmriprep_24_0_wf/sub_34_wf/bold_task_bird_run_4_wf/bold_fit_wf/enhance_and_skullstrip_bold_wf/first_dilate".
250329-10:04:34,753 nipype.workflow INFO:
	 [Node] Executing "first_dilate" <niworkflows.interfaces.nibabel.BinaryDilation>
250329-10:04:36,357 nipype.workflow INFO:
	 [Node] Finished "skullstrip_first_pass", elapsed time 5.618137s.
250329-10:04:36,662 nipype.workflow INFO:
	 [Node] Finished "first_dilate", elapsed time 1.9054790000000001s.
250329-10:04:38,298 nipype.workflow INFO:
	 [Node] Setting-up "fmriprep_24_0_wf.sub_34_wf.bold_task_bird_run_4_wf.bold_fit_wf.ds_boldreg_wf.sources" in "/work_dir/fmriprep_24_0_wf/sub_34_wf/bold_task_bird_run_4_wf/bold_fit_wf/ds_boldreg_wf/sources".
250329-10:04:38,301 nipype.workflow INFO:
	 [Node] Executing "sources" <fmriprep.interfaces.bids.BIDSURI>
250329-10:04:38,302 nipype.workflow INFO:
	 [Node] Finished "sources", elapsed time 0.000272s.
250329-10:04:38,305 nipype.workflow INFO:
	 [Node] Setting-up "fmriprep_24_0_wf.sub_34_wf.bold_task_bird_run_5_wf.bold_fit_wf.enhance_and_skullstrip_bold_wf.first_dilate" in "/work_dir/fmriprep_24_0_wf/sub_34_wf/bold_task_bird_run_5_wf/bold_fit_wf/enhance_and_skullstrip_bold_wf/first_dilate".
250329-10:04:38,638 nipype.workflow INFO:
	 [Node] Executing "first_dilate" <niworkflows.interfaces.nibabel.BinaryDilation>
250329-10:04:40,273 nipype.workflow INFO:
	 [Node] Setting-up "fmriprep_24_0_wf.sub_34_wf.bold_task_bird_run_5_wf.bold_fit_wf.ds_boldreg_wf.sources" in "/work_dir/fmriprep_24_0_wf/sub_34_wf/bold_task_bird_run_5_wf/bold_fit_wf/ds_boldreg_wf/sources".
250329-10:04:40,276 nipype.workflow INFO:
	 [Node] Executing "sources" <fmriprep.interfaces.bids.BIDSURI>
250329-10:04:40,277 nipype.workflow INFO:
	 [Node] Finished "sources", elapsed time 0.000263s.
250329-10:04:40,396 nipype.workflow INFO:
	 [Node] Finished "first_dilate", elapsed time 1.7564060000000001s.
250329-10:04:42,472 nipype.workflow INFO:
	 [Node] Setting-up "fmriprep_24_0_wf.sub_34_wf.bold_task_bird_run_4_wf.bold_fit_wf.enhance_and_skullstrip_bold_wf.first_mask" in "/work_dir/fmriprep_24_0_wf/sub_34_wf/bold_task_bird_run_4_wf/bold_fit_wf/enhance_and_skullstrip_bold_wf/first_mask".
250329-10:04:42,473 nipype.workflow INFO:
	 [Node] Setting-up "fmriprep_24_0_wf.sub_34_wf.bold_task_bird_run_3_wf.bold_fit_wf.enhance_and_skullstrip_bold_wf.first_mask" in "/work_dir/fmriprep_24_0_wf/sub_34_wf/bold_task_bird_run_3_wf/bold_fit_wf/enhance_and_skullstrip_bold_wf/first_mask".
250329-10:04:42,475 nipype.workflow INFO:
	 [Node] Executing "first_mask" <niworkflows.interfaces.nibabel.ApplyMask>
250329-10:04:42,594 nipype.workflow INFO:
	 [Node] Finished "first_mask", elapsed time 0.11827s.
250329-10:04:42,648 nipype.workflow INFO:
	 [Node] Executing "first_mask" <niworkflows.interfaces.nibabel.ApplyMask>
250329-10:04:42,817 nipype.workflow INFO:
	 [Node] Finished "first_mask", elapsed time 0.16851s.
250329-10:04:44,352 nipype.workflow INFO:
	 [Node] Setting-up "fmriprep_24_0_wf.sub_34_wf.bold_task_bird_run_5_wf.bold_fit_wf.enhance_and_skullstrip_bold_wf.first_mask" in "/work_dir/fmriprep_24_0_wf/sub_34_wf/bold_task_bird_run_5_wf/bold_fit_wf/enhance_and_skullstrip_bold_wf/first_mask".
250329-10:04:44,359 nipype.workflow INFO:
	 [Node] Setting-up "fmriprep_24_0_wf.sub_34_wf.bold_task_bird_run_2_wf.bold_fit_wf.enhance_and_skullstrip_bold_wf.unifize" in "/work_dir/fmriprep_24_0_wf/sub_34_wf/bold_task_bird_run_2_wf/bold_fit_wf/enhance_and_skullstrip_bold_wf/unifize".
250329-10:04:44,369 nipype.workflow INFO:
	 [Node] Executing "unifize" <nipype.interfaces.afni.utils.Unifize>
250329-10:04:44,475 nipype.workflow INFO:
	 [Node] Executing "first_mask" <niworkflows.interfaces.nibabel.ApplyMask>
250329-10:04:44,583 nipype.workflow INFO:
	 [Node] Finished "first_mask", elapsed time 0.106797s.
250329-10:04:46,745 nipype.workflow INFO:
	 [Node] Setting-up "fmriprep_24_0_wf.sub_34_wf.bold_task_bird_run_3_wf.bold_fit_wf.enhance_and_skullstrip_bold_wf.unifize" in "/work_dir/fmriprep_24_0_wf/sub_34_wf/bold_task_bird_run_3_wf/bold_fit_wf/enhance_and_skullstrip_bold_wf/unifize".
250329-10:04:46,767 nipype.workflow INFO:
	 [Node] Executing "unifize" <nipype.interfaces.afni.utils.Unifize>
250329-10:05:39,650 nipype.workflow INFO:
	 [Node] Finished "init_aff", elapsed time 71.558266s.
250329-10:05:40,894 nipype.workflow INFO:
	 [Node] Setting-up "fmriprep_24_0_wf.sub_34_wf.bold_task_bird_run_1_wf.bold_native_wf.boldref_bold" in "/work_dir/fmriprep_24_0_wf/sub_34_wf/bold_task_bird_run_1_wf/bold_native_wf/boldref_bold".
250329-10:05:40,912 nipype.workflow INFO:
	 [Node] Executing "boldref_bold" <fmriprep.interfaces.resampling.ResampleSeries>
250329-10:05:41,762 nipype.workflow INFO:
	 [Node] Finished "init_aff", elapsed time 123.821692s.
250329-10:05:42,394 nipype.workflow INFO:
	 [Node] Setting-up "fmriprep_24_0_wf.sub_34_wf.bold_task_bird_run_6_wf.bold_fit_wf.enhance_and_skullstrip_bold_wf.norm" in "/work_dir/fmriprep_24_0_wf/sub_34_wf/bold_task_bird_run_6_wf/bold_fit_wf/enhance_and_skullstrip_bold_wf/norm".
250329-10:05:42,403 nipype.workflow INFO:
	 [Node] Executing "norm" <niworkflows.interfaces.fixes.FixHeaderRegistration>
250329-10:05:43,668 nipype.workflow INFO:
	 [Node] Finished "mcflirt", elapsed time 454.062674s.
250329-10:05:44,391 nipype.workflow INFO:
	 [Node] Setting-up "fmriprep_24_0_wf.sub_34_wf.bold_task_bird_run_5_wf.bold_fit_wf.bold_hmc_wf.normalize_motion" in "/work_dir/fmriprep_24_0_wf/sub_34_wf/bold_task_bird_run_5_wf/bold_fit_wf/bold_hmc_wf/normalize_motion".
250329-10:05:44,420 nipype.workflow INFO:
	 [Node] Executing "normalize_motion" <niworkflows.interfaces.confounds.NormalizeMotionParams>
250329-10:05:44,425 nipype.workflow INFO:
	 [Node] Finished "normalize_motion", elapsed time 0.00412s.
250329-10:05:44,580 nipype.workflow INFO:
	 [Node] Finished "norm", elapsed time 2.176329s.
250329-10:05:45,461 nipype.workflow INFO:
	 [Node] Finished "mcflirt", elapsed time 461.872713s.
250329-10:05:46,359 nipype.workflow INFO:
	 [Node] Setting-up "fmriprep_24_0_wf.sub_34_wf.bold_task_bird_run_4_wf.bold_fit_wf.bold_hmc_wf.fsl2itk" in "/work_dir/fmriprep_24_0_wf/sub_34_wf/bold_task_bird_run_4_wf/bold_fit_wf/bold_hmc_wf/fsl2itk".
250329-10:05:46,477 nipype.workflow INFO:
	 [Node] Executing "fsl2itk" <niworkflows.interfaces.itk.MCFLIRT2ITK>
250329-10:05:46,478 nipype.interface WARNING:
	 Multithreading is deprecated. Remove the num_threads input.
250329-10:05:46,814 nipype.workflow INFO:
	 [Node] Setting-up "fmriprep_24_0_wf.sub_34_wf.bold_task_bird_run_5_wf.bold_confounds_wf.fdisp" in "/work_dir/fmriprep_24_0_wf/sub_34_wf/bold_task_bird_run_5_wf/bold_confounds_wf/fdisp".
250329-10:05:47,39 nipype.workflow INFO:
	 [Node] Finished "fsl2itk", elapsed time 0.560732s.
250329-10:05:47,87 nipype.workflow INFO:
	 [Node] Setting-up "fmriprep_24_0_wf.sub_34_wf.bold_task_bird_run_4_wf.bold_fit_wf.bold_hmc_wf.normalize_motion" in "/work_dir/fmriprep_24_0_wf/sub_34_wf/bold_task_bird_run_4_wf/bold_fit_wf/bold_hmc_wf/normalize_motion".
250329-10:05:47,115 nipype.workflow INFO:
	 [Node] Executing "normalize_motion" <niworkflows.interfaces.confounds.NormalizeMotionParams>
250329-10:05:47,119 nipype.workflow INFO:
	 [Node] Finished "normalize_motion", elapsed time 0.003953s.
250329-10:05:47,584 nipype.workflow INFO:
	 [Node] Executing "fdisp" <nipype.algorithms.confounds.FramewiseDisplacement>
250329-10:05:47,588 nipype.workflow INFO:
	 [Node] Finished "fdisp", elapsed time 0.002992s.
250329-10:05:48,528 nipype.workflow INFO:
	 [Node] Setting-up "fmriprep_24_0_wf.sub_34_wf.bold_task_bird_run_5_wf.bold_fit_wf.bold_hmc_wf.fsl2itk" in "/work_dir/fmriprep_24_0_wf/sub_34_wf/bold_task_bird_run_5_wf/bold_fit_wf/bold_hmc_wf/fsl2itk".
250329-10:05:48,643 nipype.workflow INFO:
	 [Node] Executing "fsl2itk" <niworkflows.interfaces.itk.MCFLIRT2ITK>
250329-10:05:48,662 nipype.interface WARNING:
	 Multithreading is deprecated. Remove the num_threads input.
250329-10:05:48,757 nipype.workflow INFO:
	 [Node] Setting-up "fmriprep_24_0_wf.sub_34_wf.bold_task_bird_run_4_wf.bold_confounds_wf.fdisp" in "/work_dir/fmriprep_24_0_wf/sub_34_wf/bold_task_bird_run_4_wf/bold_confounds_wf/fdisp".
250329-10:05:49,210 nipype.workflow INFO:
	 [Node] Setting-up "fmriprep_24_0_wf.sub_34_wf.bold_task_bird_run_6_wf.bold_fit_wf.enhance_and_skullstrip_bold_wf.map_brainmask" in "/work_dir/fmriprep_24_0_wf/sub_34_wf/bold_task_bird_run_6_wf/bold_fit_wf/enhance_and_skullstrip_bold_wf/map_brainmask".
250329-10:05:49,214 nipype.workflow INFO:
	 [Node] Executing "map_brainmask" <niworkflows.interfaces.fixes.FixHeaderApplyTransforms>
250329-10:05:49,503 nipype.workflow INFO:
	 [Node] Finished "fsl2itk", elapsed time 0.841448s.
250329-10:05:49,874 nipype.workflow INFO:
	 [Node] Executing "fdisp" <nipype.algorithms.confounds.FramewiseDisplacement>
250329-10:05:49,878 nipype.workflow INFO:
	 [Node] Finished "fdisp", elapsed time 0.002983s.
250329-10:05:50,476 nipype.workflow INFO:
	 [Node] Finished "map_brainmask", elapsed time 1.260666s.
250329-10:05:51,139 nipype.workflow INFO:
	 [Node] Setting-up "fmriprep_24_0_wf.sub_34_wf.bold_task_bird_run_4_wf.bold_fit_wf.enhance_and_skullstrip_bold_wf.unifize" in "/work_dir/fmriprep_24_0_wf/sub_34_wf/bold_task_bird_run_4_wf/bold_fit_wf/enhance_and_skullstrip_bold_wf/unifize".
250329-10:05:51,149 nipype.workflow INFO:
	 [Node] Executing "unifize" <nipype.interfaces.afni.utils.Unifize>
250329-10:05:51,288 nipype.workflow INFO:
	 [Node] Setting-up "fmriprep_24_0_wf.sub_34_wf.bold_task_bird_run_4_wf.bold_native_wf.boldref_bold" in "/work_dir/fmriprep_24_0_wf/sub_34_wf/bold_task_bird_run_4_wf/bold_native_wf/boldref_bold".
250329-10:05:51,300 nipype.workflow INFO:
	 [Node] Executing "boldref_bold" <fmriprep.interfaces.resampling.ResampleSeries>
250329-10:05:53,89 nipype.workflow INFO:
	 [Node] Setting-up "fmriprep_24_0_wf.sub_34_wf.bold_task_bird_run_5_wf.bold_fit_wf.enhance_and_skullstrip_bold_wf.unifize" in "/work_dir/fmriprep_24_0_wf/sub_34_wf/bold_task_bird_run_5_wf/bold_fit_wf/enhance_and_skullstrip_bold_wf/unifize".
250329-10:05:53,129 nipype.workflow INFO:
	 [Node] Executing "unifize" <nipype.interfaces.afni.utils.Unifize>
250329-10:05:57,505 nipype.workflow INFO:
	 [Node] Finished "mcflirt", elapsed time 472.039095s.
250329-10:05:58,842 nipype.workflow INFO:
	 [Node] Finished "mcflirt", elapsed time 480.336598s.
250329-10:05:59,5 nipype.workflow INFO:
	 [Node] Finished "mcflirt", elapsed time 476.135257s.
250329-10:05:59,530 nipype.workflow INFO:
	 [Node] Setting-up "fmriprep_24_0_wf.sub_34_wf.bold_task_bird_run_3_wf.bold_fit_wf.bold_hmc_wf.normalize_motion" in "/work_dir/fmriprep_24_0_wf/sub_34_wf/bold_task_bird_run_3_wf/bold_fit_wf/bold_hmc_wf/normalize_motion".
250329-10:05:59,558 nipype.workflow INFO:
	 [Node] Executing "normalize_motion" <niworkflows.interfaces.confounds.NormalizeMotionParams>
250329-10:05:59,563 nipype.workflow INFO:
	 [Node] Finished "normalize_motion", elapsed time 0.004267s.
250329-10:06:00,620 nipype.workflow INFO:
	 [Node] Setting-up "fmriprep_24_0_wf.sub_34_wf.bold_task_bird_run_2_wf.bold_fit_wf.bold_hmc_wf.normalize_motion" in "/work_dir/fmriprep_24_0_wf/sub_34_wf/bold_task_bird_run_2_wf/bold_fit_wf/bold_hmc_wf/normalize_motion".
250329-10:06:00,657 nipype.workflow INFO:
	 [Node] Executing "normalize_motion" <niworkflows.interfaces.confounds.NormalizeMotionParams>
250329-10:06:00,662 nipype.workflow INFO:
	 [Node] Finished "normalize_motion", elapsed time 0.003905s.
250329-10:06:01,162 nipype.workflow INFO:
	 [Node] Setting-up "fmriprep_24_0_wf.sub_34_wf.bold_task_bird_run_6_wf.bold_fit_wf.bold_hmc_wf.normalize_motion" in "/work_dir/fmriprep_24_0_wf/sub_34_wf/bold_task_bird_run_6_wf/bold_fit_wf/bold_hmc_wf/normalize_motion".
250329-10:06:01,190 nipype.workflow INFO:
	 [Node] Executing "normalize_motion" <niworkflows.interfaces.confounds.NormalizeMotionParams>
250329-10:06:01,195 nipype.workflow INFO:
	 [Node] Finished "normalize_motion", elapsed time 0.004196s.
250329-10:06:01,603 nipype.workflow INFO:
	 [Node] Setting-up "fmriprep_24_0_wf.sub_34_wf.bold_task_bird_run_3_wf.bold_confounds_wf.fdisp" in "/work_dir/fmriprep_24_0_wf/sub_34_wf/bold_task_bird_run_3_wf/bold_confounds_wf/fdisp".
250329-10:06:02,521 nipype.workflow INFO:
	 [Node] Setting-up "fmriprep_24_0_wf.sub_34_wf.bold_task_bird_run_2_wf.bold_confounds_wf.fdisp" in "/work_dir/fmriprep_24_0_wf/sub_34_wf/bold_task_bird_run_2_wf/bold_confounds_wf/fdisp".
250329-10:06:02,577 nipype.workflow INFO:
	 [Node] Executing "fdisp" <nipype.algorithms.confounds.FramewiseDisplacement>
250329-10:06:02,580 nipype.workflow INFO:
	 [Node] Finished "fdisp", elapsed time 0.002978s.
250329-10:06:03,619 nipype.workflow INFO:
	 [Node] Executing "fdisp" <nipype.algorithms.confounds.FramewiseDisplacement>
250329-10:06:03,623 nipype.workflow INFO:
	 [Node] Finished "fdisp", elapsed time 0.003013s.
250329-10:06:04,19 nipype.workflow INFO:
	 [Node] Setting-up "fmriprep_24_0_wf.sub_34_wf.bold_task_bird_run_6_wf.bold_confounds_wf.fdisp" in "/work_dir/fmriprep_24_0_wf/sub_34_wf/bold_task_bird_run_6_wf/bold_confounds_wf/fdisp".
250329-10:06:04,983 nipype.workflow INFO:
	 [Node] Executing "fdisp" <nipype.algorithms.confounds.FramewiseDisplacement>
250329-10:06:04,987 nipype.workflow INFO:
	 [Node] Finished "fdisp", elapsed time 0.003052s.
250329-10:06:05,233 nipype.workflow INFO:
	 [Node] Setting-up "fmriprep_24_0_wf.sub_34_wf.bold_task_bird_run_6_wf.bold_fit_wf.enhance_and_skullstrip_bold_wf.n4_correct" in "/work_dir/fmriprep_24_0_wf/sub_34_wf/bold_task_bird_run_6_wf/bold_fit_wf/enhance_and_skullstrip_bold_wf/n4_correct".
250329-10:06:05,243 nipype.workflow INFO:
	 [Node] Executing "n4_correct" <niworkflows.interfaces.fixes.FixN4BiasFieldCorrection>
250329-10:06:13,363 nipype.workflow INFO:
	 [Node] Finished "n4_correct", elapsed time 8.118956s.
250329-10:06:14,525 nipype.workflow INFO:
	 [Node] Setting-up "fmriprep_24_0_wf.sub_34_wf.bold_task_bird_run_6_wf.bold_fit_wf.enhance_and_skullstrip_bold_wf.skullstrip_first_pass" in "/work_dir/fmriprep_24_0_wf/sub_34_wf/bold_task_bird_run_6_wf/bold_fit_wf/enhance_and_skullstrip_bold_wf/skullstrip_first_pass".
250329-10:06:14,529 nipype.workflow INFO:
	 [Node] Executing "skullstrip_first_pass" <nipype.interfaces.fsl.preprocess.BET>
250329-10:06:14,713 nipype.interface WARNING:
	 Changing /output/sub-34/func/sub-34_task-bird_run-6_desc-coreg_boldref.nii.gz dtype from uint16 to float32
250329-10:06:16,574 nipype.workflow INFO:
	 [Node] Setting-up "fmriprep_24_0_wf.sub_34_wf.bold_task_bird_run_6_wf.bold_fit_wf.ds_boldreg_wf.sources" in "/work_dir/fmriprep_24_0_wf/sub_34_wf/bold_task_bird_run_6_wf/bold_fit_wf/ds_boldreg_wf/sources".
250329-10:06:16,577 nipype.workflow INFO:
	 [Node] Executing "sources" <fmriprep.interfaces.bids.BIDSURI>
250329-10:06:16,578 nipype.workflow INFO:
	 [Node] Finished "sources", elapsed time 0.000255s.
250329-10:06:19,552 nipype.workflow INFO:
	 [Node] Finished "skullstrip_first_pass", elapsed time 5.021626s.
250329-10:06:20,533 nipype.workflow INFO:
	 [Node] Setting-up "fmriprep_24_0_wf.sub_34_wf.bold_task_bird_run_6_wf.bold_fit_wf.enhance_and_skullstrip_bold_wf.first_dilate" in "/work_dir/fmriprep_24_0_wf/sub_34_wf/bold_task_bird_run_6_wf/bold_fit_wf/enhance_and_skullstrip_bold_wf/first_dilate".
250329-10:06:20,536 nipype.workflow INFO:
	 [Node] Executing "first_dilate" <niworkflows.interfaces.nibabel.BinaryDilation>
250329-10:06:22,635 nipype.workflow INFO:
	 [Node] Finished "first_dilate", elapsed time 2.098584s.
250329-10:06:24,605 nipype.workflow INFO:
	 [Node] Setting-up "fmriprep_24_0_wf.sub_34_wf.bold_task_bird_run_6_wf.bold_fit_wf.enhance_and_skullstrip_bold_wf.first_mask" in "/work_dir/fmriprep_24_0_wf/sub_34_wf/bold_task_bird_run_6_wf/bold_fit_wf/enhance_and_skullstrip_bold_wf/first_mask".
250329-10:06:24,778 nipype.workflow INFO:
	 [Node] Executing "first_mask" <niworkflows.interfaces.nibabel.ApplyMask>
250329-10:06:24,969 nipype.workflow INFO:
	 [Node] Finished "first_mask", elapsed time 0.18978s.
250329-10:06:26,467 nipype.workflow INFO:
	 [Node] Setting-up "fmriprep_24_0_wf.sub_34_wf.bold_task_bird_run_6_wf.bold_fit_wf.enhance_and_skullstrip_bold_wf.unifize" in "/work_dir/fmriprep_24_0_wf/sub_34_wf/bold_task_bird_run_6_wf/bold_fit_wf/enhance_and_skullstrip_bold_wf/unifize".
250329-10:06:26,498 nipype.workflow INFO:
	 [Node] Executing "unifize" <nipype.interfaces.afni.utils.Unifize>
250329-10:06:59,556 nipype.workflow INFO:
	 [Node] Finished "boldref_bold", elapsed time 78.642648s.
250329-10:07:00,246 nipype.workflow INFO:
	 [Node] Setting-up "fmriprep_24_0_wf.sub_34_wf.bold_task_bird_run_1_wf.ds_bold_native_wf.ds_bold" in "/work_dir/fmriprep_24_0_wf/sub_34_wf/bold_task_bird_run_1_wf/ds_bold_native_wf/ds_bold".
250329-10:07:00,353 nipype.workflow INFO:
	 [Node] Setting-up "fmriprep_24_0_wf.sub_34_wf.bold_task_bird_run_2_wf.bold_fit_wf.bold_hmc_wf.fsl2itk" in "/work_dir/fmriprep_24_0_wf/sub_34_wf/bold_task_bird_run_2_wf/bold_fit_wf/bold_hmc_wf/fsl2itk".
250329-10:07:00,443 nipype.workflow INFO:
	 [Node] Executing "ds_bold" <fmriprep.interfaces.DerivativesDataSink>
250329-10:07:00,456 nipype.workflow INFO:
	 [Node] Executing "fsl2itk" <niworkflows.interfaces.itk.MCFLIRT2ITK>
250329-10:07:00,457 nipype.interface WARNING:
	 Multithreading is deprecated. Remove the num_threads input.
250329-10:07:00,729 nipype.workflow INFO:
	 [Node] Finished "fsl2itk", elapsed time 0.271716s.
250329-10:07:02,772 nipype.workflow INFO:
	 [Node] Setting-up "fmriprep_24_0_wf.sub_34_wf.bold_task_bird_run_3_wf.bold_fit_wf.bold_hmc_wf.fsl2itk" in "/work_dir/fmriprep_24_0_wf/sub_34_wf/bold_task_bird_run_3_wf/bold_fit_wf/bold_hmc_wf/fsl2itk".
250329-10:07:02,810 nipype.workflow INFO:
	 [Node] Executing "fsl2itk" <niworkflows.interfaces.itk.MCFLIRT2ITK>
250329-10:07:02,811 nipype.interface WARNING:
	 Multithreading is deprecated. Remove the num_threads input.
250329-10:07:03,87 nipype.workflow INFO:
	 [Node] Finished "fsl2itk", elapsed time 0.275524s.
250329-10:07:04,410 nipype.workflow INFO:
	 [Node] Setting-up "fmriprep_24_0_wf.sub_34_wf.bold_task_bird_run_6_wf.bold_fit_wf.bold_hmc_wf.fsl2itk" in "/work_dir/fmriprep_24_0_wf/sub_34_wf/bold_task_bird_run_6_wf/bold_fit_wf/bold_hmc_wf/fsl2itk".
250329-10:07:04,478 nipype.workflow INFO:
	 [Node] Executing "fsl2itk" <niworkflows.interfaces.itk.MCFLIRT2ITK>
250329-10:07:04,479 nipype.interface WARNING:
	 Multithreading is deprecated. Remove the num_threads input.
250329-10:07:04,930 nipype.workflow INFO:
	 [Node] Finished "fsl2itk", elapsed time 0.450821s.
250329-10:07:05,499 nipype.workflow INFO:
	 [Node] Finished "boldref_bold", elapsed time 74.197764s.
250329-10:07:06,636 nipype.workflow INFO:
	 [Node] Setting-up "fmriprep_24_0_wf.sub_34_wf.bold_task_bird_run_4_wf.ds_bold_native_wf.ds_bold" in "/work_dir/fmriprep_24_0_wf/sub_34_wf/bold_task_bird_run_4_wf/ds_bold_native_wf/ds_bold".
250329-10:07:06,698 nipype.workflow INFO:
	 [Node] Executing "ds_bold" <fmriprep.interfaces.DerivativesDataSink>
250329-10:07:07,44 nipype.workflow INFO:
	 [Node] Setting-up "fmriprep_24_0_wf.sub_34_wf.bold_task_bird_run_3_wf.bold_native_wf.boldref_bold" in "/work_dir/fmriprep_24_0_wf/sub_34_wf/bold_task_bird_run_3_wf/bold_native_wf/boldref_bold".
250329-10:07:07,63 nipype.workflow INFO:
	 [Node] Executing "boldref_bold" <fmriprep.interfaces.resampling.ResampleSeries>
250329-10:07:07,463 nipype.workflow INFO:
	 [Node] Setting-up "fmriprep_24_0_wf.sub_34_wf.bold_task_bird_run_2_wf.bold_native_wf.boldref_bold" in "/work_dir/fmriprep_24_0_wf/sub_34_wf/bold_task_bird_run_2_wf/bold_native_wf/boldref_bold".
250329-10:07:07,481 nipype.workflow INFO:
	 [Node] Executing "boldref_bold" <fmriprep.interfaces.resampling.ResampleSeries>
250329-10:08:17,239 nipype.workflow INFO:
	 [Node] Finished "ds_bold", elapsed time 76.794925s.
250329-10:08:21,199 nipype.workflow INFO:
	 [Node] Finished "ds_bold", elapsed time 74.499823s.
250329-10:08:33,351 nipype.workflow INFO:
	 [Node] Finished "boldref_bold", elapsed time 86.287281s.
250329-10:08:34,428 nipype.workflow INFO:
	 [Node] Setting-up "fmriprep_24_0_wf.sub_34_wf.bold_task_bird_run_3_wf.ds_bold_native_wf.ds_bold" in "/work_dir/fmriprep_24_0_wf/sub_34_wf/bold_task_bird_run_3_wf/ds_bold_native_wf/ds_bold".
250329-10:08:34,941 nipype.workflow INFO:
	 [Node] Executing "ds_bold" <fmriprep.interfaces.DerivativesDataSink>
250329-10:08:35,43 nipype.workflow INFO:
	 [Node] Setting-up "fmriprep_24_0_wf.sub_34_wf.bold_task_bird_run_5_wf.bold_native_wf.boldref_bold" in "/work_dir/fmriprep_24_0_wf/sub_34_wf/bold_task_bird_run_5_wf/bold_native_wf/boldref_bold".
250329-10:08:35,56 nipype.workflow INFO:
	 [Node] Executing "boldref_bold" <fmriprep.interfaces.resampling.ResampleSeries>
250329-10:08:36,373 nipype.workflow INFO:
	 [Node] Finished "boldref_bold", elapsed time 88.890718s.
250329-10:08:38,485 nipype.workflow INFO:
	 [Node] Setting-up "fmriprep_24_0_wf.sub_34_wf.bold_task_bird_run_2_wf.ds_bold_native_wf.ds_bold" in "/work_dir/fmriprep_24_0_wf/sub_34_wf/bold_task_bird_run_2_wf/ds_bold_native_wf/ds_bold".
250329-10:08:38,615 nipype.workflow INFO:
	 [Node] Setting-up "fmriprep_24_0_wf.sub_34_wf.bold_task_bird_run_6_wf.bold_native_wf.boldref_bold" in "/work_dir/fmriprep_24_0_wf/sub_34_wf/bold_task_bird_run_6_wf/bold_native_wf/boldref_bold".
250329-10:08:38,620 nipype.workflow INFO:
	 [Node] Executing "boldref_bold" <fmriprep.interfaces.resampling.ResampleSeries>
250329-10:08:38,632 nipype.workflow INFO:
	 [Node] Executing "ds_bold" <fmriprep.interfaces.DerivativesDataSink>
250329-10:09:51,394 nipype.workflow INFO:
	 [Node] Finished "ds_bold", elapsed time 76.452345s.
250329-10:09:56,459 nipype.workflow INFO:
	 [Node] Finished "ds_bold", elapsed time 77.825419s.
250329-10:09:59,53 nipype.workflow INFO:
	 [Node] Finished "boldref_bold", elapsed time 83.996348s.
250329-10:10:00,417 nipype.workflow INFO:
	 [Node] Setting-up "fmriprep_24_0_wf.sub_34_wf.bold_task_bird_run_5_wf.ds_bold_native_wf.ds_bold" in "/work_dir/fmriprep_24_0_wf/sub_34_wf/bold_task_bird_run_5_wf/ds_bold_native_wf/ds_bold".
250329-10:10:00,419 nipype.workflow INFO:
	 [Node] Setting-up "fmriprep_24_0_wf.sub_34_wf.anat_fit_wf.brain_extraction_wf.norm" in "/work_dir/fmriprep_24_0_wf/sub_34_wf/anat_fit_wf/brain_extraction_wf/norm".
250329-10:10:00,437 nipype.workflow INFO:
	 [Node] Executing "norm" <niworkflows.interfaces.fixes.FixHeaderRegistration>
250329-10:10:00,711 nipype.workflow INFO:
	 [Node] Executing "ds_bold" <fmriprep.interfaces.DerivativesDataSink>
250329-10:10:07,121 nipype.workflow INFO:
	 [Node] Finished "boldref_bold", elapsed time 88.499724s.
250329-10:10:08,414 nipype.workflow INFO:
	 [Node] Setting-up "fmriprep_24_0_wf.sub_34_wf.bold_task_bird_run_6_wf.ds_bold_native_wf.ds_bold" in "/work_dir/fmriprep_24_0_wf/sub_34_wf/bold_task_bird_run_6_wf/ds_bold_native_wf/ds_bold".
250329-10:10:08,915 nipype.workflow INFO:
	 [Node] Executing "ds_bold" <fmriprep.interfaces.DerivativesDataSink>
250329-10:11:16,725 nipype.workflow INFO:
	 [Node] Finished "ds_bold", elapsed time 76.013355s.
250329-10:11:20,874 nipype.workflow INFO:
	 [Node] Finished "unifize", elapsed time 809.061273s.
250329-10:11:22,303 nipype.workflow INFO:
	 [Node] Setting-up "fmriprep_24_0_wf.sub_34_wf.bold_task_bird_run_1_wf.bold_fit_wf.enhance_and_skullstrip_bold_wf.fixhdr_unifize" in "/work_dir/fmriprep_24_0_wf/sub_34_wf/bold_task_bird_run_1_wf/bold_fit_wf/enhance_and_skullstrip_bold_wf/fixhdr_unifize".
250329-10:11:22,306 nipype.workflow INFO:
	 [Node] Executing "fixhdr_unifize" <niworkflows.interfaces.header.CopyXForm>
250329-10:11:22,489 nipype.workflow INFO:
	 [Node] Finished "fixhdr_unifize", elapsed time 0.182579s.
250329-10:11:24,521 nipype.workflow INFO:
	 [Node] Setting-up "fmriprep_24_0_wf.sub_34_wf.bold_task_bird_run_1_wf.bold_fit_wf.enhance_and_skullstrip_bold_wf.skullstrip_second_pass" in "/work_dir/fmriprep_24_0_wf/sub_34_wf/bold_task_bird_run_1_wf/bold_fit_wf/enhance_and_skullstrip_bold_wf/skullstrip_second_pass".
250329-10:11:24,525 nipype.workflow INFO:
	 [Node] Executing "skullstrip_second_pass" <nipype.interfaces.afni.preprocess.Automask>
250329-10:11:25,514 nipype.workflow INFO:
	 [Node] Finished "skullstrip_second_pass", elapsed time 0.988642s.
250329-10:11:26,514 nipype.workflow INFO:
	 [Node] Setting-up "fmriprep_24_0_wf.sub_34_wf.bold_task_bird_run_1_wf.bold_fit_wf.enhance_and_skullstrip_bold_wf.fixhdr_skullstrip2" in "/work_dir/fmriprep_24_0_wf/sub_34_wf/bold_task_bird_run_1_wf/bold_fit_wf/enhance_and_skullstrip_bold_wf/fixhdr_skullstrip2".
250329-10:11:26,517 nipype.workflow INFO:
	 [Node] Executing "fixhdr_skullstrip2" <niworkflows.interfaces.header.CopyXForm>
250329-10:11:26,587 nipype.workflow INFO:
	 [Node] Finished "ds_bold", elapsed time 77.670149s.
250329-10:11:26,599 nipype.workflow INFO:
	 [Node] Finished "fixhdr_skullstrip2", elapsed time 0.080481s.
250329-10:11:28,246 nipype.workflow INFO:
	 [Node] Setting-up "fmriprep_24_0_wf.sub_34_wf.bold_task_bird_run_1_wf.bold_fit_wf.enhance_and_skullstrip_bold_wf.combine_masks" in "/work_dir/fmriprep_24_0_wf/sub_34_wf/bold_task_bird_run_1_wf/bold_fit_wf/enhance_and_skullstrip_bold_wf/combine_masks".
250329-10:11:28,256 nipype.workflow INFO:
	 [Node] Executing "combine_masks" <nipype.interfaces.fsl.maths.BinaryMaths>
250329-10:11:28,404 nipype.workflow INFO:
	 [Node] Finished "combine_masks", elapsed time 0.146959s.
250329-10:11:30,272 nipype.workflow INFO:
	 [Node] Setting-up "fmriprep_24_0_wf.sub_34_wf.bold_task_bird_run_1_wf.bold_fit_wf.enhance_and_skullstrip_bold_wf.apply_mask" in "/work_dir/fmriprep_24_0_wf/sub_34_wf/bold_task_bird_run_1_wf/bold_fit_wf/enhance_and_skullstrip_bold_wf/apply_mask".
250329-10:11:30,275 nipype.workflow INFO:
	 [Node] Executing "apply_mask" <niworkflows.interfaces.nibabel.ApplyMask>
250329-10:11:30,358 nipype.interface WARNING:
	 Changing /output/sub-34/func/sub-34_task-bird_run-1_desc-brain_mask.nii.gz dtype from float32 to uint8
250329-10:11:30,429 nipype.workflow INFO:
	 [Node] Finished "apply_mask", elapsed time 0.153481s.
250329-10:11:32,454 nipype.workflow INFO:
	 [Node] Setting-up "fmriprep_24_0_wf.sub_34_wf.bold_task_bird_run_1_wf.bold_confounds_wf.dvars" in "/work_dir/fmriprep_24_0_wf/sub_34_wf/bold_task_bird_run_1_wf/bold_confounds_wf/dvars".
250329-10:11:32,468 nipype.workflow INFO:
	 [Node] Setting-up "fmriprep_24_0_wf.sub_34_wf.bold_task_bird_run_1_wf.bold_confounds_wf.tcompcor" in "/work_dir/fmriprep_24_0_wf/sub_34_wf/bold_task_bird_run_1_wf/bold_confounds_wf/tcompcor".
250329-10:11:32,975 nipype.workflow INFO:
	 [Node] Executing "tcompcor" <niworkflows.interfaces.patches.RobustTCompCor>
250329-10:11:32,989 nipype.workflow INFO:
	 [Node] Executing "dvars" <nipype.algorithms.confounds.ComputeDVARS>
250329-10:11:50,203 nipype.workflow INFO:
	 [Node] Finished "tcompcor", elapsed time 17.226709s.
250329-10:11:52,547 nipype.workflow INFO:
	 [Node] Setting-up "fmriprep_24_0_wf.sub_34_wf.bold_task_bird_run_1_wf.bold_confounds_wf.tcc_metadata_filter" in "/work_dir/fmriprep_24_0_wf/sub_34_wf/bold_task_bird_run_1_wf/bold_confounds_wf/tcc_metadata_filter".
250329-10:11:52,551 nipype.workflow INFO:
	 [Node] Executing "tcc_metadata_filter" <fmriprep.interfaces.confounds.FilterDropped>
250329-10:11:52,569 nipype.workflow INFO:
	 [Node] Finished "tcc_metadata_filter", elapsed time 0.018027s.
250329-10:11:54,382 nipype.workflow INFO:
	 [Node] Setting-up "fmriprep_24_0_wf.sub_34_wf.bold_task_bird_run_1_wf.bold_confounds_wf.tcc_metadata_fmt" in "/work_dir/fmriprep_24_0_wf/sub_34_wf/bold_task_bird_run_1_wf/bold_confounds_wf/tcc_metadata_fmt".
250329-10:11:56,949 nipype.workflow INFO:
	 [Node] Executing "tcc_metadata_fmt" <niworkflows.interfaces.utility.TSV2JSON>
250329-10:11:56,958 nipype.workflow INFO:
	 [Node] Finished "tcc_metadata_fmt", elapsed time 0.007971s.
250329-10:12:32,666 nipype.workflow INFO:
	 [Node] Finished "dvars", elapsed time 59.675616s.
250329-10:15:20,162 nipype.workflow INFO:
	 [Node] Finished "unifize", elapsed time 633.39316s.
250329-10:15:22,415 nipype.workflow INFO:
	 [Node] Setting-up "fmriprep_24_0_wf.sub_34_wf.bold_task_bird_run_3_wf.bold_fit_wf.enhance_and_skullstrip_bold_wf.fixhdr_unifize" in "/work_dir/fmriprep_24_0_wf/sub_34_wf/bold_task_bird_run_3_wf/bold_fit_wf/enhance_and_skullstrip_bold_wf/fixhdr_unifize".
250329-10:15:22,525 nipype.workflow INFO:
	 [Node] Executing "fixhdr_unifize" <niworkflows.interfaces.header.CopyXForm>
250329-10:15:22,662 nipype.workflow INFO:
	 [Node] Finished "fixhdr_unifize", elapsed time 0.136444s.
250329-10:15:22,941 nipype.workflow INFO:
	 [Node] Finished "unifize", elapsed time 638.570532s.
250329-10:15:24,368 nipype.workflow INFO:
	 [Node] Setting-up "fmriprep_24_0_wf.sub_34_wf.bold_task_bird_run_2_wf.bold_fit_wf.enhance_and_skullstrip_bold_wf.fixhdr_unifize" in "/work_dir/fmriprep_24_0_wf/sub_34_wf/bold_task_bird_run_2_wf/bold_fit_wf/enhance_and_skullstrip_bold_wf/fixhdr_unifize".
250329-10:15:24,371 nipype.workflow INFO:
	 [Node] Executing "fixhdr_unifize" <niworkflows.interfaces.header.CopyXForm>
250329-10:15:24,452 nipype.workflow INFO:
	 [Node] Setting-up "fmriprep_24_0_wf.sub_34_wf.bold_task_bird_run_3_wf.bold_fit_wf.enhance_and_skullstrip_bold_wf.skullstrip_second_pass" in "/work_dir/fmriprep_24_0_wf/sub_34_wf/bold_task_bird_run_3_wf/bold_fit_wf/enhance_and_skullstrip_bold_wf/skullstrip_second_pass".
250329-10:15:24,459 nipype.workflow INFO:
	 [Node] Executing "skullstrip_second_pass" <nipype.interfaces.afni.preprocess.Automask>
250329-10:15:24,664 nipype.workflow INFO:
	 [Node] Finished "fixhdr_unifize", elapsed time 0.292478s.
250329-10:15:25,280 nipype.workflow INFO:
	 [Node] Finished "skullstrip_second_pass", elapsed time 0.806778s.
250329-10:15:26,421 nipype.workflow INFO:
	 [Node] Setting-up "fmriprep_24_0_wf.sub_34_wf.bold_task_bird_run_2_wf.bold_fit_wf.enhance_and_skullstrip_bold_wf.skullstrip_second_pass" in "/work_dir/fmriprep_24_0_wf/sub_34_wf/bold_task_bird_run_2_wf/bold_fit_wf/enhance_and_skullstrip_bold_wf/skullstrip_second_pass".
250329-10:15:26,422 nipype.workflow INFO:
	 [Node] Setting-up "fmriprep_24_0_wf.sub_34_wf.bold_task_bird_run_3_wf.bold_fit_wf.enhance_and_skullstrip_bold_wf.fixhdr_skullstrip2" in "/work_dir/fmriprep_24_0_wf/sub_34_wf/bold_task_bird_run_3_wf/bold_fit_wf/enhance_and_skullstrip_bold_wf/fixhdr_skullstrip2".
250329-10:15:26,424 nipype.workflow INFO:
	 [Node] Executing "skullstrip_second_pass" <nipype.interfaces.afni.preprocess.Automask>
250329-10:15:26,426 nipype.workflow INFO:
	 [Node] Executing "fixhdr_skullstrip2" <niworkflows.interfaces.header.CopyXForm>
250329-10:15:26,510 nipype.workflow INFO:
	 [Node] Finished "fixhdr_skullstrip2", elapsed time 0.083484s.
250329-10:15:27,202 nipype.workflow INFO:
	 [Node] Finished "skullstrip_second_pass", elapsed time 0.77677s.
250329-10:15:28,272 nipype.workflow INFO:
	 [Node] Setting-up "fmriprep_24_0_wf.sub_34_wf.bold_task_bird_run_2_wf.bold_fit_wf.enhance_and_skullstrip_bold_wf.fixhdr_skullstrip2" in "/work_dir/fmriprep_24_0_wf/sub_34_wf/bold_task_bird_run_2_wf/bold_fit_wf/enhance_and_skullstrip_bold_wf/fixhdr_skullstrip2".
250329-10:15:28,275 nipype.workflow INFO:
	 [Node] Executing "fixhdr_skullstrip2" <niworkflows.interfaces.header.CopyXForm>
250329-10:15:28,284 nipype.workflow INFO:
	 [Node] Setting-up "fmriprep_24_0_wf.sub_34_wf.bold_task_bird_run_3_wf.bold_fit_wf.enhance_and_skullstrip_bold_wf.combine_masks" in "/work_dir/fmriprep_24_0_wf/sub_34_wf/bold_task_bird_run_3_wf/bold_fit_wf/enhance_and_skullstrip_bold_wf/combine_masks".
250329-10:15:28,288 nipype.workflow INFO:
	 [Node] Executing "combine_masks" <nipype.interfaces.fsl.maths.BinaryMaths>
250329-10:15:28,342 nipype.workflow INFO:
	 [Node] Finished "fixhdr_skullstrip2", elapsed time 0.065889s.
250329-10:15:28,634 nipype.workflow INFO:
	 [Node] Finished "combine_masks", elapsed time 0.345869s.
250329-10:15:30,298 nipype.workflow INFO:
	 [Node] Setting-up "fmriprep_24_0_wf.sub_34_wf.bold_task_bird_run_3_wf.bold_fit_wf.enhance_and_skullstrip_bold_wf.apply_mask" in "/work_dir/fmriprep_24_0_wf/sub_34_wf/bold_task_bird_run_3_wf/bold_fit_wf/enhance_and_skullstrip_bold_wf/apply_mask".
250329-10:15:30,301 nipype.workflow INFO:
	 [Node] Executing "apply_mask" <niworkflows.interfaces.nibabel.ApplyMask>
250329-10:15:30,372 nipype.interface WARNING:
	 Changing /output/sub-34/func/sub-34_task-bird_run-3_desc-brain_mask.nii.gz dtype from float32 to uint8
250329-10:15:30,464 nipype.workflow INFO:
	 [Node] Setting-up "fmriprep_24_0_wf.sub_34_wf.bold_task_bird_run_2_wf.bold_fit_wf.enhance_and_skullstrip_bold_wf.combine_masks" in "/work_dir/fmriprep_24_0_wf/sub_34_wf/bold_task_bird_run_2_wf/bold_fit_wf/enhance_and_skullstrip_bold_wf/combine_masks".
250329-10:15:30,475 nipype.workflow INFO:
	 [Node] Executing "combine_masks" <nipype.interfaces.fsl.maths.BinaryMaths>
250329-10:15:30,500 nipype.workflow INFO:
	 [Node] Finished "apply_mask", elapsed time 0.197945s.
250329-10:15:30,993 nipype.workflow INFO:
	 [Node] Finished "combine_masks", elapsed time 0.516697s.
250329-10:15:32,427 nipype.workflow INFO:
	 [Node] Setting-up "fmriprep_24_0_wf.sub_34_wf.bold_task_bird_run_2_wf.bold_fit_wf.enhance_and_skullstrip_bold_wf.apply_mask" in "/work_dir/fmriprep_24_0_wf/sub_34_wf/bold_task_bird_run_2_wf/bold_fit_wf/enhance_and_skullstrip_bold_wf/apply_mask".
250329-10:15:32,430 nipype.workflow INFO:
	 [Node] Executing "apply_mask" <niworkflows.interfaces.nibabel.ApplyMask>
250329-10:15:32,544 nipype.interface WARNING:
	 Changing /output/sub-34/func/sub-34_task-bird_run-2_desc-brain_mask.nii.gz dtype from float32 to uint8
250329-10:15:32,641 nipype.workflow INFO:
	 [Node] Finished "apply_mask", elapsed time 0.210376s.
250329-10:15:32,918 nipype.workflow INFO:
	 [Node] Setting-up "fmriprep_24_0_wf.sub_34_wf.bold_task_bird_run_3_wf.bold_confounds_wf.dvars" in "/work_dir/fmriprep_24_0_wf/sub_34_wf/bold_task_bird_run_3_wf/bold_confounds_wf/dvars".
250329-10:15:32,922 nipype.workflow INFO:
	 [Node] Executing "dvars" <nipype.algorithms.confounds.ComputeDVARS>
250329-10:15:32,936 nipype.workflow INFO:
	 [Node] Setting-up "fmriprep_24_0_wf.sub_34_wf.bold_task_bird_run_3_wf.bold_confounds_wf.tcompcor" in "/work_dir/fmriprep_24_0_wf/sub_34_wf/bold_task_bird_run_3_wf/bold_confounds_wf/tcompcor".
250329-10:15:32,942 nipype.workflow INFO:
	 [Node] Executing "tcompcor" <niworkflows.interfaces.patches.RobustTCompCor>
250329-10:15:34,443 nipype.workflow INFO:
	 [Node] Setting-up "fmriprep_24_0_wf.sub_34_wf.bold_task_bird_run_2_wf.bold_confounds_wf.dvars" in "/work_dir/fmriprep_24_0_wf/sub_34_wf/bold_task_bird_run_2_wf/bold_confounds_wf/dvars".
250329-10:15:34,447 nipype.workflow INFO:
	 [Node] Executing "dvars" <nipype.algorithms.confounds.ComputeDVARS>
250329-10:15:34,463 nipype.workflow INFO:
	 [Node] Setting-up "fmriprep_24_0_wf.sub_34_wf.bold_task_bird_run_2_wf.bold_confounds_wf.tcompcor" in "/work_dir/fmriprep_24_0_wf/sub_34_wf/bold_task_bird_run_2_wf/bold_confounds_wf/tcompcor".
250329-10:15:34,467 nipype.workflow INFO:
	 [Node] Executing "tcompcor" <niworkflows.interfaces.patches.RobustTCompCor>
250329-10:15:49,511 nipype.workflow INFO:
	 [Node] Finished "tcompcor", elapsed time 16.567424s.
250329-10:15:53,667 nipype.workflow INFO:
	 [Node] Finished "tcompcor", elapsed time 19.198162s.
250329-10:15:54,466 nipype.workflow INFO:
	 [Node] Setting-up "fmriprep_24_0_wf.sub_34_wf.bold_task_bird_run_2_wf.bold_confounds_wf.tcc_metadata_filter" in "/work_dir/fmriprep_24_0_wf/sub_34_wf/bold_task_bird_run_2_wf/bold_confounds_wf/tcc_metadata_filter".
250329-10:15:54,470 nipype.workflow INFO:
	 [Node] Executing "tcc_metadata_filter" <fmriprep.interfaces.confounds.FilterDropped>
250329-10:15:54,476 nipype.workflow INFO:
	 [Node] Finished "tcc_metadata_filter", elapsed time 0.005353s.
250329-10:15:56,287 nipype.workflow INFO:
	 [Node] Setting-up "fmriprep_24_0_wf.sub_34_wf.bold_task_bird_run_3_wf.bold_confounds_wf.tcc_metadata_filter" in "/work_dir/fmriprep_24_0_wf/sub_34_wf/bold_task_bird_run_3_wf/bold_confounds_wf/tcc_metadata_filter".
250329-10:15:56,291 nipype.workflow INFO:
	 [Node] Executing "tcc_metadata_filter" <fmriprep.interfaces.confounds.FilterDropped>
250329-10:15:56,297 nipype.workflow INFO:
	 [Node] Finished "tcc_metadata_filter", elapsed time 0.005398s.
250329-10:15:56,419 nipype.workflow INFO:
	 [Node] Setting-up "fmriprep_24_0_wf.sub_34_wf.bold_task_bird_run_2_wf.bold_confounds_wf.tcc_metadata_fmt" in "/work_dir/fmriprep_24_0_wf/sub_34_wf/bold_task_bird_run_2_wf/bold_confounds_wf/tcc_metadata_fmt".
250329-10:15:58,501 nipype.workflow INFO:
	 [Node] Executing "tcc_metadata_fmt" <niworkflows.interfaces.utility.TSV2JSON>
250329-10:15:58,508 nipype.workflow INFO:
	 [Node] Finished "tcc_metadata_fmt", elapsed time 0.005699s.
250329-10:15:58,595 nipype.workflow INFO:
	 [Node] Setting-up "fmriprep_24_0_wf.sub_34_wf.bold_task_bird_run_3_wf.bold_confounds_wf.tcc_metadata_fmt" in "/work_dir/fmriprep_24_0_wf/sub_34_wf/bold_task_bird_run_3_wf/bold_confounds_wf/tcc_metadata_fmt".
250329-10:16:00,430 nipype.workflow INFO:
	 [Node] Executing "tcc_metadata_fmt" <niworkflows.interfaces.utility.TSV2JSON>
250329-10:16:00,436 nipype.workflow INFO:
	 [Node] Finished "tcc_metadata_fmt", elapsed time 0.00579s.
250329-10:16:05,697 nipype.workflow INFO:
	 [Node] Finished "unifize", elapsed time 614.546846s.
250329-10:16:06,501 nipype.workflow INFO:
	 [Node] Setting-up "fmriprep_24_0_wf.sub_34_wf.bold_task_bird_run_4_wf.bold_fit_wf.enhance_and_skullstrip_bold_wf.fixhdr_unifize" in "/work_dir/fmriprep_24_0_wf/sub_34_wf/bold_task_bird_run_4_wf/bold_fit_wf/enhance_and_skullstrip_bold_wf/fixhdr_unifize".
250329-10:16:06,504 nipype.workflow INFO:
	 [Node] Executing "fixhdr_unifize" <niworkflows.interfaces.header.CopyXForm>
250329-10:16:06,615 nipype.workflow INFO:
	 [Node] Finished "fixhdr_unifize", elapsed time 0.110716s.
250329-10:16:08,428 nipype.workflow INFO:
	 [Node] Finished "unifize", elapsed time 581.930008s.
250329-10:16:08,547 nipype.workflow INFO:
	 [Node] Setting-up "fmriprep_24_0_wf.sub_34_wf.bold_task_bird_run_4_wf.bold_fit_wf.enhance_and_skullstrip_bold_wf.skullstrip_second_pass" in "/work_dir/fmriprep_24_0_wf/sub_34_wf/bold_task_bird_run_4_wf/bold_fit_wf/enhance_and_skullstrip_bold_wf/skullstrip_second_pass".
250329-10:16:08,550 nipype.workflow INFO:
	 [Node] Executing "skullstrip_second_pass" <nipype.interfaces.afni.preprocess.Automask>
250329-10:16:09,261 nipype.workflow INFO:
	 [Node] Finished "skullstrip_second_pass", elapsed time 0.711118s.
250329-10:16:10,347 nipype.workflow INFO:
	 [Node] Setting-up "fmriprep_24_0_wf.sub_34_wf.bold_task_bird_run_6_wf.bold_fit_wf.enhance_and_skullstrip_bold_wf.fixhdr_unifize" in "/work_dir/fmriprep_24_0_wf/sub_34_wf/bold_task_bird_run_6_wf/bold_fit_wf/enhance_and_skullstrip_bold_wf/fixhdr_unifize".
250329-10:16:10,347 nipype.workflow INFO:
	 [Node] Setting-up "fmriprep_24_0_wf.sub_34_wf.bold_task_bird_run_4_wf.bold_fit_wf.enhance_and_skullstrip_bold_wf.fixhdr_skullstrip2" in "/work_dir/fmriprep_24_0_wf/sub_34_wf/bold_task_bird_run_4_wf/bold_fit_wf/enhance_and_skullstrip_bold_wf/fixhdr_skullstrip2".
250329-10:16:10,350 nipype.workflow INFO:
	 [Node] Executing "fixhdr_skullstrip2" <niworkflows.interfaces.header.CopyXForm>
250329-10:16:10,400 nipype.workflow INFO:
	 [Node] Executing "fixhdr_unifize" <niworkflows.interfaces.header.CopyXForm>
250329-10:16:10,431 nipype.workflow INFO:
	 [Node] Finished "fixhdr_skullstrip2", elapsed time 0.080287s.
250329-10:16:10,543 nipype.workflow INFO:
	 [Node] Finished "fixhdr_unifize", elapsed time 0.142356s.
250329-10:16:12,378 nipype.workflow INFO:
	 [Node] Setting-up "fmriprep_24_0_wf.sub_34_wf.bold_task_bird_run_6_wf.bold_fit_wf.enhance_and_skullstrip_bold_wf.skullstrip_second_pass" in "/work_dir/fmriprep_24_0_wf/sub_34_wf/bold_task_bird_run_6_wf/bold_fit_wf/enhance_and_skullstrip_bold_wf/skullstrip_second_pass".
250329-10:16:12,382 nipype.workflow INFO:
	 [Node] Executing "skullstrip_second_pass" <nipype.interfaces.afni.preprocess.Automask>
250329-10:16:12,390 nipype.workflow INFO:
	 [Node] Setting-up "fmriprep_24_0_wf.sub_34_wf.bold_task_bird_run_4_wf.bold_fit_wf.enhance_and_skullstrip_bold_wf.combine_masks" in "/work_dir/fmriprep_24_0_wf/sub_34_wf/bold_task_bird_run_4_wf/bold_fit_wf/enhance_and_skullstrip_bold_wf/combine_masks".
250329-10:16:12,394 nipype.workflow INFO:
	 [Node] Executing "combine_masks" <nipype.interfaces.fsl.maths.BinaryMaths>
250329-10:16:12,611 nipype.workflow INFO:
	 [Node] Finished "combine_masks", elapsed time 0.215773s.
250329-10:16:13,401 nipype.workflow INFO:
	 [Node] Finished "skullstrip_second_pass", elapsed time 1.018432s.
250329-10:16:13,507 nipype.workflow INFO:
	 [Node] Finished "unifize", elapsed time 620.376917s.
250329-10:16:14,373 nipype.workflow INFO:
	 [Node] Setting-up "fmriprep_24_0_wf.sub_34_wf.bold_task_bird_run_5_wf.bold_fit_wf.enhance_and_skullstrip_bold_wf.fixhdr_unifize" in "/work_dir/fmriprep_24_0_wf/sub_34_wf/bold_task_bird_run_5_wf/bold_fit_wf/enhance_and_skullstrip_bold_wf/fixhdr_unifize".
250329-10:16:14,378 nipype.workflow INFO:
	 [Node] Setting-up "fmriprep_24_0_wf.sub_34_wf.bold_task_bird_run_6_wf.bold_fit_wf.enhance_and_skullstrip_bold_wf.fixhdr_skullstrip2" in "/work_dir/fmriprep_24_0_wf/sub_34_wf/bold_task_bird_run_6_wf/bold_fit_wf/enhance_and_skullstrip_bold_wf/fixhdr_skullstrip2".
250329-10:16:14,381 nipype.workflow INFO:
	 [Node] Executing "fixhdr_skullstrip2" <niworkflows.interfaces.header.CopyXForm>
250329-10:16:14,386 nipype.workflow INFO:
	 [Node] Setting-up "fmriprep_24_0_wf.sub_34_wf.bold_task_bird_run_4_wf.bold_fit_wf.enhance_and_skullstrip_bold_wf.apply_mask" in "/work_dir/fmriprep_24_0_wf/sub_34_wf/bold_task_bird_run_4_wf/bold_fit_wf/enhance_and_skullstrip_bold_wf/apply_mask".
250329-10:16:14,389 nipype.workflow INFO:
	 [Node] Executing "apply_mask" <niworkflows.interfaces.nibabel.ApplyMask>
250329-10:16:14,444 nipype.interface WARNING:
	 Changing /output/sub-34/func/sub-34_task-bird_run-4_desc-brain_mask.nii.gz dtype from float32 to uint8
250329-10:16:14,464 nipype.workflow INFO:
	 [Node] Finished "fixhdr_skullstrip2", elapsed time 0.082121s.
250329-10:16:14,475 nipype.workflow INFO:
	 [Node] Executing "fixhdr_unifize" <niworkflows.interfaces.header.CopyXForm>
250329-10:16:14,598 nipype.workflow INFO:
	 [Node] Finished "apply_mask", elapsed time 0.208191s.
250329-10:16:14,678 nipype.workflow INFO:
	 [Node] Finished "fixhdr_unifize", elapsed time 0.202551s.
250329-10:16:16,281 nipype.workflow INFO:
	 [Node] Setting-up "fmriprep_24_0_wf.sub_34_wf.bold_task_bird_run_5_wf.bold_fit_wf.enhance_and_skullstrip_bold_wf.skullstrip_second_pass" in "/work_dir/fmriprep_24_0_wf/sub_34_wf/bold_task_bird_run_5_wf/bold_fit_wf/enhance_and_skullstrip_bold_wf/skullstrip_second_pass".
250329-10:16:16,285 nipype.workflow INFO:
	 [Node] Executing "skullstrip_second_pass" <nipype.interfaces.afni.preprocess.Automask>
250329-10:16:16,293 nipype.workflow INFO:
	 [Node] Setting-up "fmriprep_24_0_wf.sub_34_wf.bold_task_bird_run_6_wf.bold_fit_wf.enhance_and_skullstrip_bold_wf.combine_masks" in "/work_dir/fmriprep_24_0_wf/sub_34_wf/bold_task_bird_run_6_wf/bold_fit_wf/enhance_and_skullstrip_bold_wf/combine_masks".
250329-10:16:16,297 nipype.workflow INFO:
	 [Node] Setting-up "fmriprep_24_0_wf.sub_34_wf.bold_task_bird_run_4_wf.bold_confounds_wf.tcompcor" in "/work_dir/fmriprep_24_0_wf/sub_34_wf/bold_task_bird_run_4_wf/bold_confounds_wf/tcompcor".
250329-10:16:16,301 nipype.workflow INFO:
	 [Node] Setting-up "fmriprep_24_0_wf.sub_34_wf.bold_task_bird_run_4_wf.bold_confounds_wf.dvars" in "/work_dir/fmriprep_24_0_wf/sub_34_wf/bold_task_bird_run_4_wf/bold_confounds_wf/dvars".
250329-10:16:16,303 nipype.workflow INFO:
	 [Node] Executing "tcompcor" <niworkflows.interfaces.patches.RobustTCompCor>
250329-10:16:16,303 nipype.workflow INFO:
	 [Node] Executing "combine_masks" <nipype.interfaces.fsl.maths.BinaryMaths>
250329-10:16:16,478 nipype.workflow INFO:
	 [Node] Executing "dvars" <nipype.algorithms.confounds.ComputeDVARS>
250329-10:16:16,714 nipype.workflow INFO:
	 [Node] Finished "combine_masks", elapsed time 0.409224s.
250329-10:16:17,191 nipype.workflow INFO:
	 [Node] Finished "skullstrip_second_pass", elapsed time 0.905792s.
250329-10:16:18,464 nipype.workflow INFO:
	 [Node] Setting-up "fmriprep_24_0_wf.sub_34_wf.bold_task_bird_run_5_wf.bold_fit_wf.enhance_and_skullstrip_bold_wf.fixhdr_skullstrip2" in "/work_dir/fmriprep_24_0_wf/sub_34_wf/bold_task_bird_run_5_wf/bold_fit_wf/enhance_and_skullstrip_bold_wf/fixhdr_skullstrip2".
250329-10:16:18,467 nipype.workflow INFO:
	 [Node] Executing "fixhdr_skullstrip2" <niworkflows.interfaces.header.CopyXForm>
250329-10:16:18,469 nipype.workflow INFO:
	 [Node] Setting-up "fmriprep_24_0_wf.sub_34_wf.bold_task_bird_run_6_wf.bold_fit_wf.enhance_and_skullstrip_bold_wf.apply_mask" in "/work_dir/fmriprep_24_0_wf/sub_34_wf/bold_task_bird_run_6_wf/bold_fit_wf/enhance_and_skullstrip_bold_wf/apply_mask".
250329-10:16:18,471 nipype.workflow INFO:
	 [Node] Executing "apply_mask" <niworkflows.interfaces.nibabel.ApplyMask>
250329-10:16:18,550 nipype.interface WARNING:
	 Changing /output/sub-34/func/sub-34_task-bird_run-6_desc-brain_mask.nii.gz dtype from float32 to uint8
250329-10:16:18,620 nipype.workflow INFO:
	 [Node] Finished "fixhdr_skullstrip2", elapsed time 0.152802s.
250329-10:16:18,713 nipype.workflow INFO:
	 [Node] Finished "apply_mask", elapsed time 0.240631s.
250329-10:16:20,462 nipype.workflow INFO:
	 [Node] Setting-up "fmriprep_24_0_wf.sub_34_wf.bold_task_bird_run_5_wf.bold_fit_wf.enhance_and_skullstrip_bold_wf.combine_masks" in "/work_dir/fmriprep_24_0_wf/sub_34_wf/bold_task_bird_run_5_wf/bold_fit_wf/enhance_and_skullstrip_bold_wf/combine_masks".
250329-10:16:20,466 nipype.workflow INFO:
	 [Node] Executing "combine_masks" <nipype.interfaces.fsl.maths.BinaryMaths>
250329-10:16:20,477 nipype.workflow INFO:
	 [Node] Setting-up "fmriprep_24_0_wf.sub_34_wf.bold_task_bird_run_6_wf.bold_confounds_wf.tcompcor" in "/work_dir/fmriprep_24_0_wf/sub_34_wf/bold_task_bird_run_6_wf/bold_confounds_wf/tcompcor".
250329-10:16:20,483 nipype.workflow INFO:
	 [Node] Setting-up "fmriprep_24_0_wf.sub_34_wf.bold_task_bird_run_6_wf.bold_confounds_wf.dvars" in "/work_dir/fmriprep_24_0_wf/sub_34_wf/bold_task_bird_run_6_wf/bold_confounds_wf/dvars".
250329-10:16:20,483 nipype.workflow INFO:
	 [Node] Executing "tcompcor" <niworkflows.interfaces.patches.RobustTCompCor>
250329-10:16:20,495 nipype.workflow INFO:
	 [Node] Executing "dvars" <nipype.algorithms.confounds.ComputeDVARS>
250329-10:16:20,900 nipype.workflow INFO:
	 [Node] Finished "combine_masks", elapsed time 0.420445s.
250329-10:16:22,565 nipype.workflow INFO:
	 [Node] Setting-up "fmriprep_24_0_wf.sub_34_wf.bold_task_bird_run_5_wf.bold_fit_wf.enhance_and_skullstrip_bold_wf.apply_mask" in "/work_dir/fmriprep_24_0_wf/sub_34_wf/bold_task_bird_run_5_wf/bold_fit_wf/enhance_and_skullstrip_bold_wf/apply_mask".
250329-10:16:22,567 nipype.workflow INFO:
	 [Node] Executing "apply_mask" <niworkflows.interfaces.nibabel.ApplyMask>
250329-10:16:22,635 nipype.interface WARNING:
	 Changing /output/sub-34/func/sub-34_task-bird_run-5_desc-brain_mask.nii.gz dtype from float32 to uint8
250329-10:16:22,896 nipype.workflow INFO:
	 [Node] Finished "apply_mask", elapsed time 0.327575s.
250329-10:16:24,595 nipype.workflow INFO:
	 [Node] Setting-up "fmriprep_24_0_wf.sub_34_wf.bold_task_bird_run_5_wf.bold_confounds_wf.dvars" in "/work_dir/fmriprep_24_0_wf/sub_34_wf/bold_task_bird_run_5_wf/bold_confounds_wf/dvars".
250329-10:16:24,599 nipype.workflow INFO:
	 [Node] Executing "dvars" <nipype.algorithms.confounds.ComputeDVARS>
250329-10:16:24,608 nipype.workflow INFO:
	 [Node] Setting-up "fmriprep_24_0_wf.sub_34_wf.bold_task_bird_run_5_wf.bold_confounds_wf.tcompcor" in "/work_dir/fmriprep_24_0_wf/sub_34_wf/bold_task_bird_run_5_wf/bold_confounds_wf/tcompcor".
250329-10:16:24,613 nipype.workflow INFO:
	 [Node] Executing "tcompcor" <niworkflows.interfaces.patches.RobustTCompCor>
250329-10:16:31,978 nipype.workflow INFO:
	 [Node] Finished "dvars", elapsed time 57.52932s.
250329-10:16:33,331 nipype.workflow INFO:
	 [Node] Finished "tcompcor", elapsed time 17.02795s.
250329-10:16:34,520 nipype.workflow INFO:
	 [Node] Setting-up "fmriprep_24_0_wf.sub_34_wf.bold_task_bird_run_4_wf.bold_confounds_wf.tcc_metadata_filter" in "/work_dir/fmriprep_24_0_wf/sub_34_wf/bold_task_bird_run_4_wf/bold_confounds_wf/tcc_metadata_filter".
250329-10:16:34,522 nipype.workflow INFO:
	 [Node] Executing "tcc_metadata_filter" <fmriprep.interfaces.confounds.FilterDropped>
250329-10:16:34,527 nipype.workflow INFO:
	 [Node] Finished "tcc_metadata_filter", elapsed time 0.003681s.
250329-10:16:36,432 nipype.workflow INFO:
	 [Node] Setting-up "fmriprep_24_0_wf.sub_34_wf.bold_task_bird_run_4_wf.bold_confounds_wf.tcc_metadata_fmt" in "/work_dir/fmriprep_24_0_wf/sub_34_wf/bold_task_bird_run_4_wf/bold_confounds_wf/tcc_metadata_fmt".
250329-10:16:36,443 nipype.workflow INFO:
	 [Node] Executing "tcc_metadata_fmt" <niworkflows.interfaces.utility.TSV2JSON>
250329-10:16:36,448 nipype.workflow INFO:
	 [Node] Finished "tcc_metadata_fmt", elapsed time 0.004827s.
250329-10:16:38,523 nipype.workflow INFO:
	 [Node] Finished "dvars", elapsed time 65.600051s.
250329-10:16:38,542 nipype.workflow INFO:
	 [Node] Finished "tcompcor", elapsed time 18.058099s.
250329-10:16:40,795 nipype.workflow INFO:
	 [Node] Setting-up "fmriprep_24_0_wf.sub_34_wf.bold_task_bird_run_6_wf.bold_confounds_wf.tcc_metadata_filter" in "/work_dir/fmriprep_24_0_wf/sub_34_wf/bold_task_bird_run_6_wf/bold_confounds_wf/tcc_metadata_filter".
250329-10:16:40,799 nipype.workflow INFO:
	 [Node] Executing "tcc_metadata_filter" <fmriprep.interfaces.confounds.FilterDropped>
250329-10:16:40,804 nipype.workflow INFO:
	 [Node] Finished "tcc_metadata_filter", elapsed time 0.004539s.
250329-10:16:41,121 nipype.workflow INFO:
	 [Node] Finished "tcompcor", elapsed time 16.506839s.
250329-10:16:42,384 nipype.workflow INFO:
	 [Node] Setting-up "fmriprep_24_0_wf.sub_34_wf.bold_task_bird_run_5_wf.bold_confounds_wf.tcc_metadata_filter" in "/work_dir/fmriprep_24_0_wf/sub_34_wf/bold_task_bird_run_5_wf/bold_confounds_wf/tcc_metadata_filter".
250329-10:16:42,388 nipype.workflow INFO:
	 [Node] Executing "tcc_metadata_filter" <fmriprep.interfaces.confounds.FilterDropped>
250329-10:16:42,390 nipype.workflow INFO:
	 [Node] Setting-up "fmriprep_24_0_wf.sub_34_wf.bold_task_bird_run_6_wf.bold_confounds_wf.tcc_metadata_fmt" in "/work_dir/fmriprep_24_0_wf/sub_34_wf/bold_task_bird_run_6_wf/bold_confounds_wf/tcc_metadata_fmt".
250329-10:16:42,393 nipype.workflow INFO:
	 [Node] Finished "tcc_metadata_filter", elapsed time 0.00452s.
250329-10:16:42,393 nipype.workflow INFO:
	 [Node] Executing "tcc_metadata_fmt" <niworkflows.interfaces.utility.TSV2JSON>
250329-10:16:42,399 nipype.workflow INFO:
	 [Node] Finished "tcc_metadata_fmt", elapsed time 0.005624s.
250329-10:16:44,448 nipype.workflow INFO:
	 [Node] Setting-up "fmriprep_24_0_wf.sub_34_wf.bold_task_bird_run_5_wf.bold_confounds_wf.tcc_metadata_fmt" in "/work_dir/fmriprep_24_0_wf/sub_34_wf/bold_task_bird_run_5_wf/bold_confounds_wf/tcc_metadata_fmt".
250329-10:16:45,844 nipype.workflow INFO:
	 [Node] Executing "tcc_metadata_fmt" <niworkflows.interfaces.utility.TSV2JSON>
250329-10:16:45,851 nipype.workflow INFO:
	 [Node] Finished "tcc_metadata_fmt", elapsed time 0.005694s.
250329-10:17:07,104 nipype.workflow INFO:
	 [Node] Finished "dvars", elapsed time 50.624806s.
250329-10:17:12,662 nipype.workflow INFO:
	 [Node] Finished "dvars", elapsed time 52.165214s.
250329-10:17:14,389 nipype.workflow INFO:
	 [Node] Finished "dvars", elapsed time 49.78926s.
250329-10:18:05,406 nipype.workflow INFO:
	 [Node] Finished "autorecon1", elapsed time 1213.063785s.
250329-10:18:06,341 nipype.workflow INFO:
	 [Node] Setting-up "fmriprep_24_0_wf.sub_34_wf.anat_fit_wf.surface_recon_wf.fsnative2t1w_xfm" in "/work_dir/fmriprep_24_0_wf/sub_34_wf/anat_fit_wf/surface_recon_wf/fsnative2t1w_xfm".
250329-10:18:06,349 nipype.workflow INFO:
	 [Node] Executing "fsnative2t1w_xfm" <niworkflows.interfaces.freesurfer.PatchedRobustRegister>
250329-10:19:19,916 nipype.workflow INFO:
	 [Node] Finished "fsnative2t1w_xfm", elapsed time 73.565588s.
250329-10:23:40,398 nipype.workflow INFO:
	 [Node] Finished "norm", elapsed time 819.959435s.
250329-10:23:42,312 nipype.workflow INFO:
	 [Node] Setting-up "fmriprep_24_0_wf.sub_34_wf.anat_fit_wf.brain_extraction_wf.map_brainmask" in "/work_dir/fmriprep_24_0_wf/sub_34_wf/anat_fit_wf/brain_extraction_wf/map_brainmask".
250329-10:23:42,312 nipype.workflow INFO:
	 [Node] Setting-up "fmriprep_24_0_wf.sub_34_wf.anat_fit_wf.brain_extraction_wf.map_wmmask" in "/work_dir/fmriprep_24_0_wf/sub_34_wf/anat_fit_wf/brain_extraction_wf/map_wmmask".
250329-10:23:42,319 nipype.workflow INFO:
	 [Node] Executing "map_wmmask" <niworkflows.interfaces.fixes.FixHeaderApplyTransforms>
250329-10:23:42,319 nipype.workflow INFO:
	 [Node] Executing "map_brainmask" <niworkflows.interfaces.fixes.FixHeaderApplyTransforms>
250329-10:24:07,387 nipype.workflow INFO:
	 [Node] Finished "map_brainmask", elapsed time 25.067035s.
250329-10:24:07,749 nipype.workflow INFO:
	 [Node] Finished "map_wmmask", elapsed time 25.42899s.
250329-10:24:08,312 nipype.workflow INFO:
	 [Node] Setting-up "fmriprep_24_0_wf.sub_34_wf.anat_fit_wf.brain_extraction_wf.thr_brainmask" in "/work_dir/fmriprep_24_0_wf/sub_34_wf/anat_fit_wf/brain_extraction_wf/thr_brainmask".
250329-10:24:08,314 nipype.workflow INFO:
	 [Node] Executing "thr_brainmask" <nipype.interfaces.ants.utils.ThresholdImage>
250329-10:24:08,319 nipype.workflow INFO:
	 [Node] Setting-up "_inu_n4_final0" in "/work_dir/fmriprep_24_0_wf/sub_34_wf/anat_fit_wf/brain_extraction_wf/inu_n4_final/mapflow/_inu_n4_final0".
250329-10:24:08,321 nipype.workflow INFO:
	 [Node] Executing "_inu_n4_final0" <nipype.interfaces.ants.segmentation.N4BiasFieldCorrection>
250329-10:24:09,507 nipype.workflow INFO:
	 [Node] Finished "thr_brainmask", elapsed time 1.191764s.
250329-10:24:10,311 nipype.workflow INFO:
	 [Node] Setting-up "fmriprep_24_0_wf.sub_34_wf.anat_fit_wf.brain_extraction_wf.atropos_wf.dil_brainmask" in "/work_dir/fmriprep_24_0_wf/sub_34_wf/anat_fit_wf/brain_extraction_wf/atropos_wf/dil_brainmask".
250329-10:24:10,313 nipype.workflow INFO:
	 [Node] Setting-up "fmriprep_24_0_wf.sub_34_wf.anat_fit_wf.brain_extraction_wf.atropos_wf.03_pad_mask" in "/work_dir/fmriprep_24_0_wf/sub_34_wf/anat_fit_wf/brain_extraction_wf/atropos_wf/03_pad_mask".
250329-10:24:10,316 nipype.workflow INFO:
	 [Node] Executing "dil_brainmask" <nipype.interfaces.ants.utils.ImageMath>
250329-10:24:10,318 nipype.workflow INFO:
	 [Node] Executing "03_pad_mask" <nipype.interfaces.ants.utils.ImageMath>
250329-10:24:11,471 nipype.workflow INFO:
	 [Node] Finished "03_pad_mask", elapsed time 0.929265s.
250329-10:24:12,24 nipype.workflow INFO:
	 [Node] Finished "dil_brainmask", elapsed time 1.7073420000000001s.
250329-10:24:12,313 nipype.workflow INFO:
	 [Node] Setting-up "fmriprep_24_0_wf.sub_34_wf.anat_fit_wf.brain_extraction_wf.atropos_wf.get_brainmask" in "/work_dir/fmriprep_24_0_wf/sub_34_wf/anat_fit_wf/brain_extraction_wf/atropos_wf/get_brainmask".
250329-10:24:12,316 nipype.workflow INFO:
	 [Node] Executing "get_brainmask" <nipype.interfaces.ants.utils.ImageMath>
250329-10:24:13,837 nipype.workflow INFO:
	 [Node] Finished "get_brainmask", elapsed time 1.520076s.
250329-10:24:31,142 nipype.workflow INFO:
	 [Node] Finished "_inu_n4_final0", elapsed time 22.819589s.
250329-10:24:32,322 nipype.workflow INFO:
	 [Node] Setting-up "fmriprep_24_0_wf.sub_34_wf.anat_fit_wf.brain_extraction_wf.atropos_wf.01_atropos" in "/work_dir/fmriprep_24_0_wf/sub_34_wf/anat_fit_wf/brain_extraction_wf/atropos_wf/01_atropos".
250329-10:24:32,325 nipype.workflow INFO:
	 [Node] Setting-up "_apply_mask0" in "/work_dir/fmriprep_24_0_wf/sub_34_wf/anat_fit_wf/brain_extraction_wf/apply_mask/mapflow/_apply_mask0".
250329-10:24:32,326 nipype.workflow INFO:
	 [Node] Executing "01_atropos" <nipype.interfaces.ants.segmentation.Atropos>
250329-10:24:32,327 nipype.workflow INFO:
	 [Node] Executing "_apply_mask0" <niworkflows.interfaces.nibabel.ApplyMask>
250329-10:24:33,328 nipype.workflow INFO:
	 [Node] Finished "_apply_mask0", elapsed time 1.000164s.
250329-10:25:11,465 nipype.workflow INFO:
	 [Node] Finished "01_atropos", elapsed time 39.137389s.
250329-10:25:12,314 nipype.workflow INFO:
	 [Node] Setting-up "fmriprep_24_0_wf.sub_34_wf.anat_fit_wf.brain_extraction_wf.atropos_wf.02_pad_segm" in "/work_dir/fmriprep_24_0_wf/sub_34_wf/anat_fit_wf/brain_extraction_wf/atropos_wf/02_pad_segm".
250329-10:25:12,317 nipype.workflow INFO:
	 [Node] Executing "02_pad_segm" <nipype.interfaces.ants.utils.ImageMath>
250329-10:25:13,381 nipype.workflow INFO:
	 [Node] Finished "02_pad_segm", elapsed time 1.06323s.
250329-10:25:14,313 nipype.workflow INFO:
	 [Node] Setting-up "fmriprep_24_0_wf.sub_34_wf.anat_fit_wf.brain_extraction_wf.atropos_wf.04_sel_labels" in "/work_dir/fmriprep_24_0_wf/sub_34_wf/anat_fit_wf/brain_extraction_wf/atropos_wf/04_sel_labels".
250329-10:25:14,315 nipype.workflow INFO:
	 [Node] Executing "04_sel_labels" <nipype.interfaces.utility.wrappers.Function>
250329-10:25:14,731 nipype.workflow INFO:
	 [Node] Finished "04_sel_labels", elapsed time 0.414922s.
250329-10:25:17,388 nipype.workflow INFO:
	 [Node] Setting-up "fmriprep_24_0_wf.sub_34_wf.anat_fit_wf.brain_extraction_wf.atropos_wf.05_get_wm" in "/work_dir/fmriprep_24_0_wf/sub_34_wf/anat_fit_wf/brain_extraction_wf/atropos_wf/05_get_wm".
250329-10:25:17,388 nipype.workflow INFO:
	 [Node] Setting-up "fmriprep_24_0_wf.sub_34_wf.anat_fit_wf.brain_extraction_wf.atropos_wf.06_get_gm" in "/work_dir/fmriprep_24_0_wf/sub_34_wf/anat_fit_wf/brain_extraction_wf/atropos_wf/06_get_gm".
250329-10:25:17,389 nipype.workflow INFO:
	 [Node] Setting-up "fmriprep_24_0_wf.sub_34_wf.anat_fit_wf.brain_extraction_wf.atropos_wf.10_me_csf" in "/work_dir/fmriprep_24_0_wf/sub_34_wf/anat_fit_wf/brain_extraction_wf/atropos_wf/10_me_csf".
250329-10:25:17,389 nipype.workflow INFO:
	 [Node] Setting-up "fmriprep_24_0_wf.sub_34_wf.anat_fit_wf.brain_extraction_wf.atropos_wf.27_depad_csf" in "/work_dir/fmriprep_24_0_wf/sub_34_wf/anat_fit_wf/brain_extraction_wf/atropos_wf/27_depad_csf".
250329-10:25:17,391 nipype.workflow INFO:
	 [Node] Executing "05_get_wm" <nipype.interfaces.ants.utils.ImageMath>
250329-10:25:17,391 nipype.workflow INFO:
	 [Node] Executing "06_get_gm" <nipype.interfaces.ants.utils.ImageMath>
250329-10:25:17,391 nipype.workflow INFO:
	 [Node] Executing "10_me_csf" <nipype.interfaces.ants.utils.ImageMath>
250329-10:25:17,392 nipype.workflow INFO:
	 [Node] Executing "27_depad_csf" <nipype.interfaces.ants.utils.ImageMath>
250329-10:25:18,191 nipype.workflow INFO:
	 [Node] Finished "27_depad_csf", elapsed time 0.798482s.
250329-10:25:19,234 nipype.workflow INFO:
	 [Node] Finished "06_get_gm", elapsed time 1.842863s.
250329-10:25:19,363 nipype.workflow INFO:
	 [Node] Finished "05_get_wm", elapsed time 1.704211s.
250329-10:25:21,388 nipype.workflow INFO:
	 [Node] Setting-up "fmriprep_24_0_wf.sub_34_wf.anat_fit_wf.brain_extraction_wf.atropos_wf.09_relabel_wm" in "/work_dir/fmriprep_24_0_wf/sub_34_wf/anat_fit_wf/brain_extraction_wf/atropos_wf/09_relabel_wm".
250329-10:25:21,389 nipype.workflow INFO:
	 [Node] Setting-up "fmriprep_24_0_wf.sub_34_wf.anat_fit_wf.brain_extraction_wf.atropos_wf.apply_wm_prior" in "/work_dir/fmriprep_24_0_wf/sub_34_wf/anat_fit_wf/brain_extraction_wf/atropos_wf/apply_wm_prior".
250329-10:25:21,389 nipype.workflow INFO:
	 [Node] Setting-up "fmriprep_24_0_wf.sub_34_wf.anat_fit_wf.brain_extraction_wf.atropos_wf.07_fill_gm" in "/work_dir/fmriprep_24_0_wf/sub_34_wf/anat_fit_wf/brain_extraction_wf/atropos_wf/07_fill_gm".
250329-10:25:21,391 nipype.workflow INFO:
	 [Node] Executing "09_relabel_wm" <nipype.interfaces.ants.utils.MultiplyImages>
250329-10:25:21,392 nipype.workflow INFO:
	 [Node] Executing "07_fill_gm" <nipype.interfaces.ants.utils.ImageMath>
250329-10:25:21,392 nipype.workflow INFO:
	 [Node] Executing "apply_wm_prior" <nipype.interfaces.utility.wrappers.Function>
250329-10:25:22,269 nipype.workflow INFO:
	 [Node] Finished "apply_wm_prior", elapsed time 0.876026s.
250329-10:25:22,334 nipype.workflow INFO:
	 [Node] Finished "10_me_csf", elapsed time 4.680593s.
250329-10:25:22,524 nipype.workflow INFO:
	 [Node] Finished "09_relabel_wm", elapsed time 0.86194s.
250329-10:25:23,389 nipype.workflow INFO:
	 [Node] Setting-up "fmriprep_24_0_wf.sub_34_wf.anat_fit_wf.brain_extraction_wf.atropos_wf.26_depad_wm" in "/work_dir/fmriprep_24_0_wf/sub_34_wf/anat_fit_wf/brain_extraction_wf/atropos_wf/26_depad_wm".
250329-10:25:23,392 nipype.workflow INFO:
	 [Node] Executing "26_depad_wm" <nipype.interfaces.ants.utils.ImageMath>
250329-10:25:23,396 nipype.workflow INFO:
	 [Node] Setting-up "_inu_n4_final0" in "/work_dir/fmriprep_24_0_wf/sub_34_wf/anat_fit_wf/brain_extraction_wf/atropos_wf/inu_n4_final/mapflow/_inu_n4_final0".
250329-10:25:23,398 nipype.workflow INFO:
	 [Node] Executing "_inu_n4_final0" <nipype.interfaces.ants.segmentation.N4BiasFieldCorrection>
250329-10:25:24,381 nipype.workflow INFO:
	 [Node] Finished "26_depad_wm", elapsed time 0.988743s.
250329-10:25:33,995 nipype.workflow INFO:
	 [Node] Finished "07_fill_gm", elapsed time 12.602815s.
250329-10:25:35,399 nipype.workflow INFO:
	 [Node] Setting-up "fmriprep_24_0_wf.sub_34_wf.anat_fit_wf.brain_extraction_wf.atropos_wf.08_mult_gm" in "/work_dir/fmriprep_24_0_wf/sub_34_wf/anat_fit_wf/brain_extraction_wf/atropos_wf/08_mult_gm".
250329-10:25:35,403 nipype.workflow INFO:
	 [Node] Executing "08_mult_gm" <nipype.interfaces.ants.utils.MultiplyImages>
250329-10:25:36,523 nipype.workflow INFO:
	 [Node] Finished "08_mult_gm", elapsed time 1.120088s.
250329-10:25:37,384 nipype.workflow INFO:
	 [Node] Setting-up "fmriprep_24_0_wf.sub_34_wf.anat_fit_wf.brain_extraction_wf.atropos_wf.11_add_gm" in "/work_dir/fmriprep_24_0_wf/sub_34_wf/anat_fit_wf/brain_extraction_wf/atropos_wf/11_add_gm".
250329-10:25:37,387 nipype.workflow INFO:
	 [Node] Executing "11_add_gm" <nipype.interfaces.ants.utils.ImageMath>
250329-10:25:39,486 nipype.workflow INFO:
	 [Node] Finished "11_add_gm", elapsed time 2.098366s.
250329-10:25:41,386 nipype.workflow INFO:
	 [Node] Setting-up "fmriprep_24_0_wf.sub_34_wf.anat_fit_wf.brain_extraction_wf.atropos_wf.12_relabel_gm" in "/work_dir/fmriprep_24_0_wf/sub_34_wf/anat_fit_wf/brain_extraction_wf/atropos_wf/12_relabel_gm".
250329-10:25:41,389 nipype.workflow INFO:
	 [Node] Executing "12_relabel_gm" <nipype.interfaces.ants.utils.MultiplyImages>
250329-10:25:42,271 nipype.workflow INFO:
	 [Node] Finished "12_relabel_gm", elapsed time 0.881372s.
250329-10:25:43,387 nipype.workflow INFO:
	 [Node] Setting-up "fmriprep_24_0_wf.sub_34_wf.anat_fit_wf.brain_extraction_wf.atropos_wf.13_add_gm_wm" in "/work_dir/fmriprep_24_0_wf/sub_34_wf/anat_fit_wf/brain_extraction_wf/atropos_wf/13_add_gm_wm".
250329-10:25:43,387 nipype.workflow INFO:
	 [Node] Setting-up "fmriprep_24_0_wf.sub_34_wf.anat_fit_wf.brain_extraction_wf.atropos_wf.25_depad_gm" in "/work_dir/fmriprep_24_0_wf/sub_34_wf/anat_fit_wf/brain_extraction_wf/atropos_wf/25_depad_gm".
250329-10:25:43,389 nipype.workflow INFO:
	 [Node] Executing "25_depad_gm" <nipype.interfaces.ants.utils.ImageMath>
250329-10:25:43,390 nipype.workflow INFO:
	 [Node] Executing "13_add_gm_wm" <nipype.interfaces.ants.utils.ImageMath>
250329-10:25:44,460 nipype.workflow INFO:
	 [Node] Finished "25_depad_gm", elapsed time 1.069938s.
250329-10:25:45,391 nipype.workflow INFO:
	 [Node] Setting-up "fmriprep_24_0_wf.sub_34_wf.anat_fit_wf.brain_extraction_wf.atropos_wf.merge_tpms" in "/work_dir/fmriprep_24_0_wf/sub_34_wf/anat_fit_wf/brain_extraction_wf/atropos_wf/merge_tpms".
250329-10:25:45,395 nipype.workflow INFO:
	 [Node] Executing "merge_tpms" <nipype.interfaces.utility.base.Merge>
250329-10:25:45,396 nipype.workflow INFO:
	 [Node] Finished "merge_tpms", elapsed time 0.000248s.
250329-10:25:45,838 nipype.workflow INFO:
	 [Node] Finished "13_add_gm_wm", elapsed time 2.208616s.
250329-10:25:47,388 nipype.workflow INFO:
	 [Node] Setting-up "fmriprep_24_0_wf.sub_34_wf.anat_fit_wf.brain_extraction_wf.atropos_wf.14_sel_labels2" in "/work_dir/fmriprep_24_0_wf/sub_34_wf/anat_fit_wf/brain_extraction_wf/atropos_wf/14_sel_labels2".
250329-10:25:47,388 nipype.workflow INFO:
	 [Node] Setting-up "fmriprep_24_0_wf.sub_34_wf.anat_fit_wf.brain_extraction_wf.atropos_wf.24_depad_segm" in "/work_dir/fmriprep_24_0_wf/sub_34_wf/anat_fit_wf/brain_extraction_wf/atropos_wf/24_depad_segm".
250329-10:25:47,390 nipype.workflow INFO:
	 [Node] Executing "14_sel_labels2" <nipype.interfaces.utility.wrappers.Function>
250329-10:25:47,390 nipype.workflow INFO:
	 [Node] Executing "24_depad_segm" <nipype.interfaces.ants.utils.ImageMath>
250329-10:25:47,478 nipype.workflow INFO:
	 [Node] Finished "_inu_n4_final0", elapsed time 23.82041s.
250329-10:25:47,606 nipype.workflow INFO:
	 [Node] Finished "14_sel_labels2", elapsed time 0.214954s.
250329-10:25:48,317 nipype.workflow INFO:
	 [Node] Finished "24_depad_segm", elapsed time 0.925959s.
250329-10:25:49,388 nipype.workflow INFO:
	 [Node] Setting-up "fmriprep_24_0_wf.sub_34_wf.anat_fit_wf.brain_extraction_wf.atropos_wf.15_add_7" in "/work_dir/fmriprep_24_0_wf/sub_34_wf/anat_fit_wf/brain_extraction_wf/atropos_wf/15_add_7".
250329-10:25:49,391 nipype.workflow INFO:
	 [Node] Executing "15_add_7" <nipype.interfaces.ants.utils.ImageMath>
250329-10:25:51,179 nipype.workflow INFO:
	 [Node] Finished "15_add_7", elapsed time 1.7869920000000001s.
250329-10:25:51,386 nipype.workflow INFO:
	 [Node] Setting-up "fmriprep_24_0_wf.sub_34_wf.anat_fit_wf.brain_extraction_wf.atropos_wf.16_me_7" in "/work_dir/fmriprep_24_0_wf/sub_34_wf/anat_fit_wf/brain_extraction_wf/atropos_wf/16_me_7".
250329-10:25:51,389 nipype.workflow INFO:
	 [Node] Executing "16_me_7" <nipype.interfaces.ants.utils.ImageMath>
250329-10:25:54,965 nipype.workflow INFO:
	 [Node] Finished "16_me_7", elapsed time 3.364807s.
250329-10:25:55,386 nipype.workflow INFO:
	 [Node] Setting-up "fmriprep_24_0_wf.sub_34_wf.anat_fit_wf.brain_extraction_wf.atropos_wf.17_comp_7" in "/work_dir/fmriprep_24_0_wf/sub_34_wf/anat_fit_wf/brain_extraction_wf/atropos_wf/17_comp_7".
250329-10:25:55,389 nipype.workflow INFO:
	 [Node] Executing "17_comp_7" <nipype.interfaces.ants.utils.ImageMath>
250329-10:25:57,499 nipype.workflow INFO:
	 [Node] Finished "17_comp_7", elapsed time 1.896587s.
250329-10:25:59,386 nipype.workflow INFO:
	 [Node] Setting-up "fmriprep_24_0_wf.sub_34_wf.anat_fit_wf.brain_extraction_wf.atropos_wf.18_md_7" in "/work_dir/fmriprep_24_0_wf/sub_34_wf/anat_fit_wf/brain_extraction_wf/atropos_wf/18_md_7".
250329-10:25:59,389 nipype.workflow INFO:
	 [Node] Executing "18_md_7" <nipype.interfaces.ants.utils.ImageMath>
250329-10:26:01,416 nipype.workflow INFO:
	 [Node] Finished "18_md_7", elapsed time 2.026033s.
250329-10:26:03,389 nipype.workflow INFO:
	 [Node] Setting-up "fmriprep_24_0_wf.sub_34_wf.anat_fit_wf.brain_extraction_wf.atropos_wf.19_fill_7" in "/work_dir/fmriprep_24_0_wf/sub_34_wf/anat_fit_wf/brain_extraction_wf/atropos_wf/19_fill_7".
250329-10:26:03,392 nipype.workflow INFO:
	 [Node] Executing "19_fill_7" <nipype.interfaces.ants.utils.ImageMath>
250329-10:26:15,580 nipype.workflow INFO:
	 [Node] Finished "19_fill_7", elapsed time 12.187514s.
250329-10:26:17,387 nipype.workflow INFO:
	 [Node] Setting-up "fmriprep_24_0_wf.sub_34_wf.anat_fit_wf.brain_extraction_wf.atropos_wf.20_add_7_2" in "/work_dir/fmriprep_24_0_wf/sub_34_wf/anat_fit_wf/brain_extraction_wf/atropos_wf/20_add_7_2".
250329-10:26:17,390 nipype.workflow INFO:
	 [Node] Executing "20_add_7_2" <nipype.interfaces.ants.utils.ImageMath>
250329-10:26:19,390 nipype.workflow INFO:
	 [Node] Finished "20_add_7_2", elapsed time 1.999359s.
250329-10:26:21,387 nipype.workflow INFO:
	 [Node] Setting-up "fmriprep_24_0_wf.sub_34_wf.anat_fit_wf.brain_extraction_wf.atropos_wf.21_md_7_2" in "/work_dir/fmriprep_24_0_wf/sub_34_wf/anat_fit_wf/brain_extraction_wf/atropos_wf/21_md_7_2".
250329-10:26:21,390 nipype.workflow INFO:
	 [Node] Executing "21_md_7_2" <nipype.interfaces.ants.utils.ImageMath>
250329-10:26:23,429 nipype.workflow INFO:
	 [Node] Finished "21_md_7_2", elapsed time 2.038128s.
250329-10:26:25,386 nipype.workflow INFO:
	 [Node] Setting-up "fmriprep_24_0_wf.sub_34_wf.anat_fit_wf.brain_extraction_wf.atropos_wf.22_me_7_2" in "/work_dir/fmriprep_24_0_wf/sub_34_wf/anat_fit_wf/brain_extraction_wf/atropos_wf/22_me_7_2".
250329-10:26:25,389 nipype.workflow INFO:
	 [Node] Executing "22_me_7_2" <nipype.interfaces.ants.utils.ImageMath>
250329-10:26:28,761 nipype.workflow INFO:
	 [Node] Finished "22_me_7_2", elapsed time 3.371849s.
250329-10:26:29,387 nipype.workflow INFO:
	 [Node] Setting-up "fmriprep_24_0_wf.sub_34_wf.anat_fit_wf.brain_extraction_wf.atropos_wf.23_depad_mask" in "/work_dir/fmriprep_24_0_wf/sub_34_wf/anat_fit_wf/brain_extraction_wf/atropos_wf/23_depad_mask".
250329-10:26:29,389 nipype.workflow INFO:
	 [Node] Executing "23_depad_mask" <nipype.interfaces.ants.utils.ImageMath>
250329-10:26:30,313 nipype.workflow INFO:
	 [Node] Finished "23_depad_mask", elapsed time 0.923345s.
250329-10:26:31,386 nipype.workflow INFO:
	 [Node] Setting-up "fmriprep_24_0_wf.sub_34_wf.anat_fit_wf.brain_extraction_wf.atropos_wf.msk_conform" in "/work_dir/fmriprep_24_0_wf/sub_34_wf/anat_fit_wf/brain_extraction_wf/atropos_wf/msk_conform".
250329-10:26:31,390 nipype.workflow INFO:
	 [Node] Executing "msk_conform" <nipype.interfaces.utility.wrappers.Function>
250329-10:26:31,709 nipype.workflow INFO:
	 [Node] Finished "msk_conform", elapsed time 0.318611s.
250329-10:26:41,336 nipype.workflow INFO:
	 [Node] Setting-up "_apply_mask0" in "/work_dir/fmriprep_24_0_wf/sub_34_wf/anat_fit_wf/brain_extraction_wf/atropos_wf/apply_mask/mapflow/_apply_mask0".
250329-10:26:41,337 nipype.workflow INFO:
	 [Node] Executing "_apply_mask0" <niworkflows.interfaces.nibabel.ApplyMask>
250329-10:26:42,344 nipype.workflow INFO:
	 [Node] Finished "_apply_mask0", elapsed time 1.006096s.
250329-10:26:46,740 nipype.workflow INFO:
	 [Node] Setting-up "fmriprep_24_0_wf.sub_34_wf.anat_fit_wf.register_template_wf.trunc_mov" in "/work_dir/fmriprep_24_0_wf/sub_34_wf/anat_fit_wf/register_template_wf/_template_MNI152NLin2009cAsym/trunc_mov".
250329-10:26:46,743 nipype.workflow INFO:
	 [Node] Executing "trunc_mov" <nipype.interfaces.ants.utils.ImageMath>
250329-10:26:47,797 nipype.workflow INFO:
	 [Node] Setting-up "fmriprep_24_0_wf.sub_34_wf.anat_fit_wf.surface_recon_wf.skull_strip_extern" in "/work_dir/fmriprep_24_0_wf/sub_34_wf/anat_fit_wf/surface_recon_wf/skull_strip_extern".
250329-10:26:47,804 nipype.workflow INFO:
	 [Node] Executing "skull_strip_extern" <niworkflows.interfaces.freesurfer.FSInjectBrainExtracted>
250329-10:26:50,883 nipype.workflow INFO:
	 [Node] Finished "skull_strip_extern", elapsed time 3.078029s.
250329-10:26:52,918 nipype.workflow INFO:
	 [Node] Setting-up "fmriprep_24_0_wf.sub_34_wf.anat_fit_wf.surface_recon_wf.autorecon_resume_wf.gcareg" in "/work_dir/fmriprep_24_0_wf/sub_34_wf/anat_fit_wf/surface_recon_wf/autorecon_resume_wf/gcareg".
250329-10:26:52,921 nipype.workflow INFO:
	 [Node] Executing "gcareg" <smriprep.interfaces.freesurfer.ReconAll>
250329-10:26:52,922 nipype.interface INFO:
	 resume recon-all : recon-all -openmp 8 -subjid sub-34 -sd /output/sourcedata/freesurfer -gcareg
250329-10:26:52,923 nipype.interface INFO:
	 resume recon-all : recon-all -openmp 8 -subjid sub-34 -sd /output/sourcedata/freesurfer -gcareg
250329-10:26:53,745 nipype.workflow INFO:
	 [Node] Finished "trunc_mov", elapsed time 7.001514s.
250329-10:29:24,115 nipype.workflow INFO:
	 [Node] Finished "gcareg", elapsed time 151.193179s.
250329-10:29:24,927 nipype.workflow INFO:
	 [Node] Setting-up "fmriprep_24_0_wf.sub_34_wf.anat_fit_wf.surface_recon_wf.autorecon_resume_wf.autorecon2_vol" in "/work_dir/fmriprep_24_0_wf/sub_34_wf/anat_fit_wf/surface_recon_wf/autorecon_resume_wf/autorecon2_vol".
250329-10:29:24,931 nipype.workflow INFO:
	 [Node] Executing "autorecon2_vol" <smriprep.interfaces.freesurfer.ReconAll>
250329-10:29:24,933 nipype.interface INFO:
	 resume recon-all : recon-all -autorecon2-volonly -openmp 8 -subjid sub-34 -sd /output/sourcedata/freesurfer -nogcareg
250329-10:29:24,933 nipype.interface INFO:
	 resume recon-all : recon-all -autorecon2-volonly -openmp 8 -subjid sub-34 -sd /output/sourcedata/freesurfer -nogcareg
250329-12:39:14,816 nipype.workflow INFO:
	 [Node] Finished "autorecon2_vol", elapsed time 7789.883405s.
250329-12:39:17,519 nipype.workflow INFO:
	 [Node] Setting-up "_autorecon_surfs1" in "/work_dir/fmriprep_24_0_wf/sub_34_wf/anat_fit_wf/surface_recon_wf/autorecon_resume_wf/autorecon_surfs/mapflow/_autorecon_surfs1".
250329-12:39:17,523 nipype.workflow INFO:
	 [Node] Executing "_autorecon_surfs1" <smriprep.interfaces.freesurfer.ReconAll>
250329-12:39:17,524 nipype.interface INFO:
	 resume recon-all : recon-all -autorecon-hemi rh -noparcstats -noparcstats2 -noparcstats3 -nohyporelabel -nobalabels -rh-only -openmp 8 -subjid sub-34 -sd /output/sourcedata/freesurfer 
250329-12:39:17,525 nipype.interface INFO:
	 resume recon-all : recon-all -autorecon-hemi rh -noparcstats -noparcstats2 -noparcstats3 -nohyporelabel -nobalabels -rh-only -openmp 8 -subjid sub-34 -sd /output/sourcedata/freesurfer 
250329-12:39:18,397 nipype.workflow INFO:
	 [Node] Setting-up "_autorecon_surfs0" in "/work_dir/fmriprep_24_0_wf/sub_34_wf/anat_fit_wf/surface_recon_wf/autorecon_resume_wf/autorecon_surfs/mapflow/_autorecon_surfs0".
250329-12:39:18,400 nipype.workflow INFO:
	 [Node] Executing "_autorecon_surfs0" <smriprep.interfaces.freesurfer.ReconAll>
250329-12:39:18,402 nipype.interface INFO:
	 resume recon-all : recon-all -autorecon-hemi lh -noparcstats -noparcstats2 -noparcstats3 -nohyporelabel -nobalabels -lh-only -openmp 8 -subjid sub-34 -sd /output/sourcedata/freesurfer 
250329-12:39:18,403 nipype.interface INFO:
	 resume recon-all : recon-all -autorecon-hemi lh -noparcstats -noparcstats2 -noparcstats3 -nohyporelabel -nobalabels -lh-only -openmp 8 -subjid sub-34 -sd /output/sourcedata/freesurfer 
250329-13:58:13,803 nipype.workflow INFO:
	 [Node] Finished "_autorecon_surfs0", elapsed time 4735.401758s.
250329-13:59:12,42 nipype.workflow INFO:
	 [Node] Finished "_autorecon_surfs1", elapsed time 4794.518493s.
250329-13:59:13,900 nipype.workflow INFO:
	 [Node] Setting-up "_autorecon_surfs0" in "/work_dir/fmriprep_24_0_wf/sub_34_wf/anat_fit_wf/surface_recon_wf/autorecon_resume_wf/autorecon_surfs/mapflow/_autorecon_surfs0".
250329-13:59:13,903 nipype.workflow INFO:
	 [Node] Executing "_autorecon_surfs0" <smriprep.interfaces.freesurfer.ReconAll>
250329-13:59:13,904 nipype.interface INFO:
	 recon-all complete : Not running
250329-13:59:13,905 nipype.interface INFO:
	 recon-all complete : Not running
250329-13:59:14,44 nipype.workflow INFO:
	 [Node] Finished "_autorecon_surfs0", elapsed time 0.139792s.
250329-13:59:14,50 nipype.workflow INFO:
	 [Node] Setting-up "_autorecon_surfs1" in "/work_dir/fmriprep_24_0_wf/sub_34_wf/anat_fit_wf/surface_recon_wf/autorecon_resume_wf/autorecon_surfs/mapflow/_autorecon_surfs1".
250329-13:59:14,52 nipype.workflow INFO:
	 [Node] Executing "_autorecon_surfs1" <smriprep.interfaces.freesurfer.ReconAll>
250329-13:59:14,54 nipype.interface INFO:
	 recon-all complete : Not running
250329-13:59:14,55 nipype.interface INFO:
	 recon-all complete : Not running
250329-13:59:14,201 nipype.workflow INFO:
	 [Node] Finished "_autorecon_surfs1", elapsed time 0.147138s.
250329-13:59:15,885 nipype.workflow INFO:
	 [Node] Setting-up "fmriprep_24_0_wf.sub_34_wf.anat_fit_wf.surface_recon_wf.autorecon_resume_wf.cortribbon" in "/work_dir/fmriprep_24_0_wf/sub_34_wf/anat_fit_wf/surface_recon_wf/autorecon_resume_wf/cortribbon".
250329-13:59:15,889 nipype.workflow INFO:
	 [Node] Executing "cortribbon" <smriprep.interfaces.freesurfer.ReconAll>
250329-13:59:15,891 nipype.interface INFO:
	 resume recon-all : recon-all -parallel -subjid sub-34 -sd /output/sourcedata/freesurfer -cortribbon
250329-13:59:15,891 nipype.interface INFO:
	 resume recon-all : recon-all -parallel -subjid sub-34 -sd /output/sourcedata/freesurfer -cortribbon
250329-14:12:01,401 nipype.workflow INFO:
	 [Node] Finished "cortribbon", elapsed time 765.510626s.
250329-14:12:03,944 nipype.workflow INFO:
	 [Node] Setting-up "_parcstats0" in "/work_dir/fmriprep_24_0_wf/sub_34_wf/anat_fit_wf/surface_recon_wf/autorecon_resume_wf/parcstats/mapflow/_parcstats0".
250329-14:12:03,944 nipype.workflow INFO:
	 [Node] Setting-up "_parcstats1" in "/work_dir/fmriprep_24_0_wf/sub_34_wf/anat_fit_wf/surface_recon_wf/autorecon_resume_wf/parcstats/mapflow/_parcstats1".
250329-14:12:03,948 nipype.workflow INFO:
	 [Node] Executing "_parcstats0" <smriprep.interfaces.freesurfer.ReconAll>
250329-14:12:03,949 nipype.workflow INFO:
	 [Node] Executing "_parcstats1" <smriprep.interfaces.freesurfer.ReconAll>
250329-14:12:03,950 nipype.interface INFO:
	 resume recon-all : recon-all -autorecon-hemi lh -nohyporelabel -lh-only -openmp 8 -subjid sub-34 -sd /output/sourcedata/freesurfer -notessellate -nosmooth1 -noinflate1 -noqsphere -nofix -nowhite -nosmooth2 -noinflate2 -nocurvHK -nocurvstats -nosphere -nosurfreg -nojacobian_white -noavgcurv -nocortparc -nopial -nocortparc2 -nocortparc3 -nopctsurfcon
250329-14:12:03,951 nipype.interface INFO:
	 resume recon-all : recon-all -autorecon-hemi rh -nohyporelabel -rh-only -openmp 8 -subjid sub-34 -sd /output/sourcedata/freesurfer -notessellate -nosmooth1 -noinflate1 -noqsphere -nofix -nowhite -nosmooth2 -noinflate2 -nocurvHK -nocurvstats -nosphere -nosurfreg -nojacobian_white -noavgcurv -nocortparc -nopial -nocortparc2 -nocortparc3 -nopctsurfcon
250329-14:12:03,951 nipype.interface INFO:
	 resume recon-all : recon-all -autorecon-hemi lh -nohyporelabel -lh-only -openmp 8 -subjid sub-34 -sd /output/sourcedata/freesurfer -notessellate -nosmooth1 -noinflate1 -noqsphere -nofix -nowhite -nosmooth2 -noinflate2 -nocurvHK -nocurvstats -nosphere -nosurfreg -nojacobian_white -noavgcurv -nocortparc -nopial -nocortparc2 -nocortparc3 -nopctsurfcon
250329-14:12:03,952 nipype.interface INFO:
	 resume recon-all : recon-all -autorecon-hemi rh -nohyporelabel -rh-only -openmp 8 -subjid sub-34 -sd /output/sourcedata/freesurfer -notessellate -nosmooth1 -noinflate1 -noqsphere -nofix -nowhite -nosmooth2 -noinflate2 -nocurvHK -nocurvstats -nosphere -nosurfreg -nojacobian_white -noavgcurv -nocortparc -nopial -nocortparc2 -nocortparc3 -nopctsurfcon
250329-14:18:32,540 nipype.workflow INFO:
	 [Node] Finished "_parcstats1", elapsed time 388.589577s.
250329-14:18:39,227 nipype.workflow INFO:
	 [Node] Finished "_parcstats0", elapsed time 395.27692s.
250329-14:18:40,157 nipype.workflow INFO:
	 [Node] Setting-up "_parcstats0" in "/work_dir/fmriprep_24_0_wf/sub_34_wf/anat_fit_wf/surface_recon_wf/autorecon_resume_wf/parcstats/mapflow/_parcstats0".
250329-14:18:40,160 nipype.workflow INFO:
	 [Node] Executing "_parcstats0" <smriprep.interfaces.freesurfer.ReconAll>
250329-14:18:40,161 nipype.interface INFO:
	 recon-all complete : Not running
250329-14:18:40,162 nipype.interface INFO:
	 recon-all complete : Not running
250329-14:18:40,290 nipype.workflow INFO:
	 [Node] Finished "_parcstats0", elapsed time 0.129654s.
250329-14:18:40,297 nipype.workflow INFO:
	 [Node] Setting-up "_parcstats1" in "/work_dir/fmriprep_24_0_wf/sub_34_wf/anat_fit_wf/surface_recon_wf/autorecon_resume_wf/parcstats/mapflow/_parcstats1".
250329-14:18:40,299 nipype.workflow INFO:
	 [Node] Executing "_parcstats1" <smriprep.interfaces.freesurfer.ReconAll>
250329-14:18:40,301 nipype.interface INFO:
	 recon-all complete : Not running
250329-14:18:40,302 nipype.interface INFO:
	 recon-all complete : Not running
250329-14:18:40,430 nipype.workflow INFO:
	 [Node] Finished "_parcstats1", elapsed time 0.129715s.
250329-14:18:41,975 nipype.workflow INFO:
	 [Node] Setting-up "fmriprep_24_0_wf.sub_34_wf.anat_fit_wf.surface_recon_wf.autorecon_resume_wf.autorecon3" in "/work_dir/fmriprep_24_0_wf/sub_34_wf/anat_fit_wf/surface_recon_wf/autorecon_resume_wf/autorecon3".
250329-14:18:41,979 nipype.workflow INFO:
	 [Node] Executing "autorecon3" <smriprep.interfaces.freesurfer.ReconAll>
250329-14:18:41,981 nipype.interface INFO:
	 resume recon-all : recon-all -autorecon3 -openmp 8 -subjid sub-34 -sd /output/sourcedata/freesurfer -nosphere -nosurfreg -nojacobian_white -noavgcurv -nocortparc -nopial -noparcstats -nocortparc2 -noparcstats2 -nocortparc3 -noparcstats3 -nopctsurfcon -nocortribbon -nobalabels
250329-14:18:41,982 nipype.interface INFO:
	 resume recon-all : recon-all -autorecon3 -openmp 8 -subjid sub-34 -sd /output/sourcedata/freesurfer -nosphere -nosurfreg -nojacobian_white -noavgcurv -nocortparc -nopial -noparcstats -nocortparc2 -noparcstats2 -nocortparc3 -noparcstats3 -nopctsurfcon -nocortribbon -nobalabels
250329-14:26:53,825 nipype.workflow INFO:
	 [Node] Finished "autorecon3", elapsed time 491.845469s.
250329-14:26:56,9 nipype.workflow INFO:
	 [Node] Setting-up "fmriprep_24_0_wf.sub_34_wf.anat_fit_wf.surface_recon_wf.get_surfaces" in "/work_dir/fmriprep_24_0_wf/sub_34_wf/anat_fit_wf/surface_recon_wf/get_surfaces".
250329-14:26:56,460 nipype.workflow INFO:
	 [Node] Executing "get_surfaces" <nipype.interfaces.io.FreeSurferSource>
250329-14:26:56,472 nipype.workflow INFO:
	 [Node] Finished "get_surfaces", elapsed time 0.011765s.
250329-14:27:00,183 nipype.workflow INFO:
	 [Node] Setting-up "_midthickness0" in "/work_dir/fmriprep_24_0_wf/sub_34_wf/anat_fit_wf/surface_recon_wf/midthickness/mapflow/_midthickness0".
250329-14:27:00,188 nipype.workflow INFO:
	 [Node] Executing "_midthickness0" <smriprep.interfaces.freesurfer.MakeMidthickness>
250329-14:27:00,427 nipype.workflow INFO:
	 [Node] Setting-up "_midthickness1" in "/work_dir/fmriprep_24_0_wf/sub_34_wf/anat_fit_wf/surface_recon_wf/midthickness/mapflow/_midthickness1".
250329-14:27:00,431 nipype.workflow INFO:
	 [Node] Executing "_midthickness1" <smriprep.interfaces.freesurfer.MakeMidthickness>
250329-15:54:17,320 nipype.workflow INFO:
	 [Node] Finished "_midthickness1", elapsed time 5236.888215s.
250329-15:54:18,286 nipype.workflow INFO:
	 [Node] Finished "_midthickness0", elapsed time 5238.097863s.
250329-15:54:20,386 nipype.workflow INFO:
	 [Node] Setting-up "_midthickness0" in "/work_dir/fmriprep_24_0_wf/sub_34_wf/anat_fit_wf/surface_recon_wf/midthickness/mapflow/_midthickness0".
250329-15:54:20,389 nipype.workflow INFO:
	 [Node] Cached "_midthickness0" - collecting precomputed outputs
250329-15:54:20,389 nipype.workflow INFO:
	 [Node] "_midthickness0" found cached.
250329-15:54:20,390 nipype.workflow INFO:
	 [Node] Setting-up "_midthickness1" in "/work_dir/fmriprep_24_0_wf/sub_34_wf/anat_fit_wf/surface_recon_wf/midthickness/mapflow/_midthickness1".
250329-15:54:20,392 nipype.workflow INFO:
	 [Node] Cached "_midthickness1" - collecting precomputed outputs
250329-15:54:20,392 nipype.workflow INFO:
	 [Node] "_midthickness1" found cached.
250329-15:54:22,382 nipype.workflow INFO:
	 [Node] Setting-up "fmriprep_24_0_wf.sub_34_wf.anat_fit_wf.surface_recon_wf.save_midthickness" in "/work_dir/fmriprep_24_0_wf/sub_34_wf/anat_fit_wf/surface_recon_wf/save_midthickness".
250329-15:54:22,673 nipype.workflow INFO:
	 [Node] Executing "save_midthickness" <nipype.interfaces.io.DataSink>
250329-15:54:22,744 nipype.workflow INFO:
	 [Node] Finished "save_midthickness", elapsed time 0.070468s.
250329-15:54:24,389 nipype.workflow INFO:
	 [Node] Setting-up "fmriprep_24_0_wf.sub_34_wf.anat_fit_wf.surface_recon_wf.sync" in "/work_dir/fmriprep_24_0_wf/sub_34_wf/anat_fit_wf/surface_recon_wf/sync".
250329-15:54:24,391 nipype.workflow INFO:
	 [Node] Executing "sync" <nipype.interfaces.utility.wrappers.Function>
250329-15:54:24,393 nipype.workflow INFO:
	 [Node] Finished "sync", elapsed time 0.000827s.
250329-15:54:26,382 nipype.workflow INFO:
	 [Node] Setting-up "fmriprep_24_0_wf.sub_34_wf.anat_fit_wf.gifti_surface_wf.get_surfaces" in "/work_dir/fmriprep_24_0_wf/sub_34_wf/anat_fit_wf/gifti_surface_wf/get_surfaces".
250329-15:54:26,382 nipype.workflow INFO:
	 [Node] Setting-up "fmriprep_24_0_wf.sub_34_wf.anat_fit_wf.gifti_spheres_wf.get_surfaces" in "/work_dir/fmriprep_24_0_wf/sub_34_wf/anat_fit_wf/gifti_spheres_wf/get_surfaces".
250329-15:54:26,383 nipype.workflow INFO:
	 [Node] Setting-up "fmriprep_24_0_wf.sub_34_wf.anat_fit_wf.gifti_morphometrics_wf.get_surfaces" in "/work_dir/fmriprep_24_0_wf/sub_34_wf/anat_fit_wf/gifti_morphometrics_wf/get_surfaces".
250329-15:54:26,383 nipype.workflow INFO:
	 [Node] Setting-up "fmriprep_24_0_wf.sub_34_wf.anat_fit_wf.refinement_wf.segs_to_native_aseg.fs_datasource" in "/work_dir/fmriprep_24_0_wf/sub_34_wf/anat_fit_wf/refinement_wf/segs_to_native_aseg/fs_datasource".
250329-15:54:26,386 nipype.workflow INFO:
	 [Node] Setting-up "fmriprep_24_0_wf.sub_34_wf.anat_fit_wf.anat_reports_wf.recon_report" in "/work_dir/fmriprep_24_0_wf/sub_34_wf/anat_fit_wf/anat_reports_wf/recon_report".
250329-15:54:26,386 nipype.workflow INFO:
	 [Node] Executing "get_surfaces" <nipype.interfaces.utility.wrappers.Function>
250329-15:54:26,386 nipype.workflow INFO:
	 [Node] Executing "get_surfaces" <nipype.interfaces.utility.wrappers.Function>
250329-15:54:26,386 nipype.workflow INFO:
	 [Node] Executing "get_surfaces" <nipype.interfaces.io.FreeSurferSource>
250329-15:54:26,387 nipype.workflow INFO:
	 [Node] Executing "fs_datasource" <nipype.interfaces.io.FreeSurferSource>
250329-15:54:26,389 nipype.workflow INFO:
	 [Node] Finished "get_surfaces", elapsed time 0.001607s.
250329-15:54:26,389 nipype.workflow INFO:
	 [Node] Finished "get_surfaces", elapsed time 0.002134s.
250329-15:54:26,389 nipype.workflow INFO:
	 [Node] Executing "recon_report" <smriprep.interfaces.reports.FSSurfaceReport>
250329-15:54:26,392 nipype.workflow INFO:
	 [Node] Setting-up "fmriprep_24_0_wf.sub_34_wf.bold_task_bird_run_1_wf.bold_fit_wf.bold_reg_wf.bbreg_wf.mri_coreg" in "/work_dir/fmriprep_24_0_wf/sub_34_wf/bold_task_bird_run_1_wf/bold_fit_wf/bold_reg_wf/bbreg_wf/mri_coreg".
250329-15:54:26,396 nipype.workflow INFO:
	 [Node] Executing "mri_coreg" <fmriprep.interfaces.patches.MRICoreg>
250329-15:54:26,399 nipype.workflow INFO:
	 [Node] Finished "get_surfaces", elapsed time 0.012155s.
250329-15:54:26,399 nipype.workflow INFO:
	 [Node] Finished "fs_datasource", elapsed time 0.012131s.
250329-15:54:26,461 nipype.workflow INFO:
	 [Node] Setting-up "fmriprep_24_0_wf.sub_34_wf.bold_task_bird_run_3_wf.bold_fit_wf.bold_reg_wf.bbreg_wf.mri_coreg" in "/work_dir/fmriprep_24_0_wf/sub_34_wf/bold_task_bird_run_3_wf/bold_fit_wf/bold_reg_wf/bbreg_wf/mri_coreg".
250329-15:54:26,462 nipype.workflow INFO:
	 [Node] Setting-up "fmriprep_24_0_wf.sub_34_wf.bold_task_bird_run_2_wf.bold_fit_wf.bold_reg_wf.bbreg_wf.mri_coreg" in "/work_dir/fmriprep_24_0_wf/sub_34_wf/bold_task_bird_run_2_wf/bold_fit_wf/bold_reg_wf/bbreg_wf/mri_coreg".
250329-15:54:26,466 nipype.workflow INFO:
	 [Node] Executing "mri_coreg" <fmriprep.interfaces.patches.MRICoreg>
250329-15:54:26,466 nipype.workflow INFO:
	 [Node] Executing "mri_coreg" <fmriprep.interfaces.patches.MRICoreg>
250329-15:54:30,493 nipype.workflow INFO:
	 [Node] Setting-up "fmriprep_24_0_wf.sub_34_wf.anat_fit_wf.refinement_wf.segs_to_native_aseg.resample" in "/work_dir/fmriprep_24_0_wf/sub_34_wf/anat_fit_wf/refinement_wf/segs_to_native_aseg/resample".
250329-15:54:30,500 nipype.workflow INFO:
	 [Node] Executing "resample" <nipype.interfaces.freesurfer.preprocess.ApplyVolTransform>
250329-15:54:32,395 nipype.workflow INFO:
	 [Node] Setting-up "_fs2gii2" in "/work_dir/fmriprep_24_0_wf/sub_34_wf/anat_fit_wf/gifti_surface_wf/fs2gii/mapflow/_fs2gii2".
250329-15:54:32,398 nipype.workflow INFO:
	 [Node] Executing "_fs2gii2" <nipype.interfaces.freesurfer.utils.MRIsConvert>
250329-15:54:32,401 nipype.workflow INFO:
	 [Node] Setting-up "_fs2gii3" in "/work_dir/fmriprep_24_0_wf/sub_34_wf/anat_fit_wf/gifti_surface_wf/fs2gii/mapflow/_fs2gii3".
250329-15:54:32,403 nipype.workflow INFO:
	 [Node] Executing "_fs2gii3" <nipype.interfaces.freesurfer.utils.MRIsConvert>
250329-15:54:32,407 nipype.workflow INFO:
	 [Node] Setting-up "_fs2gii5" in "/work_dir/fmriprep_24_0_wf/sub_34_wf/anat_fit_wf/gifti_surface_wf/fs2gii/mapflow/_fs2gii5".
250329-15:54:32,409 nipype.workflow INFO:
	 [Node] Executing "_fs2gii5" <nipype.interfaces.freesurfer.utils.MRIsConvert>
250329-15:54:32,469 nipype.workflow INFO:
	 [Node] Setting-up "_fs2gii1" in "/work_dir/fmriprep_24_0_wf/sub_34_wf/anat_fit_wf/gifti_surface_wf/fs2gii/mapflow/_fs2gii1".
250329-15:54:32,471 nipype.workflow INFO:
	 [Node] Executing "_fs2gii1" <nipype.interfaces.freesurfer.utils.MRIsConvert>
250329-15:54:32,495 nipype.workflow INFO:
	 [Node] Setting-up "_fs2gii0" in "/work_dir/fmriprep_24_0_wf/sub_34_wf/anat_fit_wf/gifti_surface_wf/fs2gii/mapflow/_fs2gii0".
250329-15:54:32,497 nipype.workflow INFO:
	 [Node] Executing "_fs2gii0" <nipype.interfaces.freesurfer.utils.MRIsConvert>
250329-15:54:32,512 nipype.workflow INFO:
	 [Node] Setting-up "_fs2gii4" in "/work_dir/fmriprep_24_0_wf/sub_34_wf/anat_fit_wf/gifti_surface_wf/fs2gii/mapflow/_fs2gii4".
250329-15:54:32,514 nipype.workflow INFO:
	 [Node] Executing "_fs2gii4" <nipype.interfaces.freesurfer.utils.MRIsConvert>
250329-15:54:33,428 nipype.workflow INFO:
	 [Node] Finished "resample", elapsed time 2.926554s.
250329-15:54:35,483 nipype.workflow INFO:
	 [Node] Finished "_fs2gii2", elapsed time 3.083982s.
250329-15:54:35,582 nipype.workflow INFO:
	 [Node] Finished "_fs2gii4", elapsed time 3.067001s.
250329-15:54:35,662 nipype.workflow INFO:
	 [Node] Finished "_fs2gii0", elapsed time 3.164572s.
250329-15:54:35,702 nipype.workflow INFO:
	 [Node] Finished "_fs2gii5", elapsed time 3.291864s.
250329-15:54:35,748 nipype.workflow INFO:
	 [Node] Finished "_fs2gii1", elapsed time 3.275461s.
250329-15:54:36,66 nipype.workflow INFO:
	 [Node] Setting-up "fmriprep_24_0_wf.sub_34_wf.anat_fit_wf.refinement_wf.refine" in "/work_dir/fmriprep_24_0_wf/sub_34_wf/anat_fit_wf/refinement_wf/refine".
250329-15:54:36,70 nipype.workflow INFO:
	 [Node] Executing "refine" <niworkflows.interfaces.freesurfer.RefineBrainMask>
250329-15:54:36,333 nipype.workflow INFO:
	 [Node] Finished "_fs2gii3", elapsed time 3.929144s.
250329-15:54:36,393 nipype.workflow INFO:
	 [Node] Setting-up "_fs2gii0" in "/work_dir/fmriprep_24_0_wf/sub_34_wf/anat_fit_wf/gifti_spheres_wf/fs2gii/mapflow/_fs2gii0".
250329-15:54:36,394 nipype.workflow INFO:
	 [Node] Setting-up "_fs2gii1" in "/work_dir/fmriprep_24_0_wf/sub_34_wf/anat_fit_wf/gifti_spheres_wf/fs2gii/mapflow/_fs2gii1".
250329-15:54:36,395 nipype.workflow INFO:
	 [Node] Executing "_fs2gii0" <nipype.interfaces.freesurfer.utils.MRIsConvert>
250329-15:54:36,396 nipype.workflow INFO:
	 [Node] Executing "_fs2gii1" <nipype.interfaces.freesurfer.utils.MRIsConvert>
250329-15:54:36,398 nipype.workflow INFO:
	 [Node] Setting-up "_fs2gii2" in "/work_dir/fmriprep_24_0_wf/sub_34_wf/anat_fit_wf/gifti_spheres_wf/fs2gii/mapflow/_fs2gii2".
250329-15:54:36,398 nipype.workflow INFO:
	 [Node] Setting-up "_fs2gii3" in "/work_dir/fmriprep_24_0_wf/sub_34_wf/anat_fit_wf/gifti_spheres_wf/fs2gii/mapflow/_fs2gii3".
250329-15:54:36,398 nipype.workflow INFO:
	 [Node] Setting-up "_morphs2gii0" in "/work_dir/fmriprep_24_0_wf/sub_34_wf/anat_fit_wf/gifti_morphometrics_wf/morphs2gii/mapflow/_morphs2gii0".
250329-15:54:36,400 nipype.workflow INFO:
	 [Node] Executing "_fs2gii3" <nipype.interfaces.freesurfer.utils.MRIsConvert>
250329-15:54:36,400 nipype.workflow INFO:
	 [Node] Executing "_fs2gii2" <nipype.interfaces.freesurfer.utils.MRIsConvert>
250329-15:54:36,400 nipype.workflow INFO:
	 [Node] Executing "_morphs2gii0" <smriprep.interfaces.freesurfer.MRIsConvertData>
250329-15:54:38,316 nipype.workflow INFO:
	 [Node] Finished "_morphs2gii0", elapsed time 1.914965s.
250329-15:54:38,556 nipype.workflow INFO:
	 [Node] Setting-up "_fs2gii0" in "/work_dir/fmriprep_24_0_wf/sub_34_wf/anat_fit_wf/gifti_surface_wf/fs2gii/mapflow/_fs2gii0".
250329-15:54:38,557 nipype.workflow INFO:
	 [Node] Cached "_fs2gii0" - collecting precomputed outputs
250329-15:54:38,557 nipype.workflow INFO:
	 [Node] "_fs2gii0" found cached.
250329-15:54:38,558 nipype.workflow INFO:
	 [Node] Setting-up "_fs2gii1" in "/work_dir/fmriprep_24_0_wf/sub_34_wf/anat_fit_wf/gifti_surface_wf/fs2gii/mapflow/_fs2gii1".
250329-15:54:38,559 nipype.workflow INFO:
	 [Node] Cached "_fs2gii1" - collecting precomputed outputs
250329-15:54:38,559 nipype.workflow INFO:
	 [Node] "_fs2gii1" found cached.
250329-15:54:38,560 nipype.workflow INFO:
	 [Node] Setting-up "_fs2gii2" in "/work_dir/fmriprep_24_0_wf/sub_34_wf/anat_fit_wf/gifti_surface_wf/fs2gii/mapflow/_fs2gii2".
250329-15:54:38,560 nipype.workflow INFO:
	 [Node] Cached "_fs2gii2" - collecting precomputed outputs
250329-15:54:38,561 nipype.workflow INFO:
	 [Node] "_fs2gii2" found cached.
250329-15:54:38,561 nipype.workflow INFO:
	 [Node] Setting-up "_fs2gii3" in "/work_dir/fmriprep_24_0_wf/sub_34_wf/anat_fit_wf/gifti_surface_wf/fs2gii/mapflow/_fs2gii3".
250329-15:54:38,562 nipype.workflow INFO:
	 [Node] Cached "_fs2gii3" - collecting precomputed outputs
250329-15:54:38,562 nipype.workflow INFO:
	 [Node] "_fs2gii3" found cached.
250329-15:54:38,563 nipype.workflow INFO:
	 [Node] Setting-up "_fs2gii4" in "/work_dir/fmriprep_24_0_wf/sub_34_wf/anat_fit_wf/gifti_surface_wf/fs2gii/mapflow/_fs2gii4".
250329-15:54:38,564 nipype.workflow INFO:
	 [Node] Cached "_fs2gii4" - collecting precomputed outputs
250329-15:54:38,564 nipype.workflow INFO:
	 [Node] "_fs2gii4" found cached.
250329-15:54:38,565 nipype.workflow INFO:
	 [Node] Setting-up "_fs2gii5" in "/work_dir/fmriprep_24_0_wf/sub_34_wf/anat_fit_wf/gifti_surface_wf/fs2gii/mapflow/_fs2gii5".
250329-15:54:38,566 nipype.workflow INFO:
	 [Node] Cached "_fs2gii5" - collecting precomputed outputs
250329-15:54:38,566 nipype.workflow INFO:
	 [Node] "_fs2gii5" found cached.
250329-15:54:39,14 nipype.workflow INFO:
	 [Node] Finished "_fs2gii3", elapsed time 2.61334s.
250329-15:54:39,87 nipype.workflow INFO:
	 [Node] Finished "_fs2gii2", elapsed time 2.686237s.
250329-15:54:39,141 nipype.workflow INFO:
	 [Node] Finished "_fs2gii0", elapsed time 2.7447559999999998s.
250329-15:54:39,600 nipype.workflow INFO:
	 [Node] Finished "_fs2gii1", elapsed time 3.203105s.
250329-15:54:40,402 nipype.workflow INFO:
	 [Node] Setting-up "_fs2gii0" in "/work_dir/fmriprep_24_0_wf/sub_34_wf/anat_fit_wf/gifti_spheres_wf/fs2gii/mapflow/_fs2gii0".
250329-15:54:40,403 nipype.workflow INFO:
	 [Node] Cached "_fs2gii0" - collecting precomputed outputs
250329-15:54:40,403 nipype.workflow INFO:
	 [Node] "_fs2gii0" found cached.
250329-15:54:40,404 nipype.workflow INFO:
	 [Node] Setting-up "_fs2gii1" in "/work_dir/fmriprep_24_0_wf/sub_34_wf/anat_fit_wf/gifti_spheres_wf/fs2gii/mapflow/_fs2gii1".
250329-15:54:40,405 nipype.workflow INFO:
	 [Node] Cached "_fs2gii1" - collecting precomputed outputs
250329-15:54:40,405 nipype.workflow INFO:
	 [Node] "_fs2gii1" found cached.
250329-15:54:40,406 nipype.workflow INFO:
	 [Node] Setting-up "_fs2gii2" in "/work_dir/fmriprep_24_0_wf/sub_34_wf/anat_fit_wf/gifti_spheres_wf/fs2gii/mapflow/_fs2gii2".
250329-15:54:40,407 nipype.workflow INFO:
	 [Node] Cached "_fs2gii2" - collecting precomputed outputs
250329-15:54:40,407 nipype.workflow INFO:
	 [Node] "_fs2gii2" found cached.
250329-15:54:40,408 nipype.workflow INFO:
	 [Node] Setting-up "_fs2gii3" in "/work_dir/fmriprep_24_0_wf/sub_34_wf/anat_fit_wf/gifti_spheres_wf/fs2gii/mapflow/_fs2gii3".
250329-15:54:40,409 nipype.workflow INFO:
	 [Node] Setting-up "_morphs2gii1" in "/work_dir/fmriprep_24_0_wf/sub_34_wf/anat_fit_wf/gifti_morphometrics_wf/morphs2gii/mapflow/_morphs2gii1".
250329-15:54:40,409 nipype.workflow INFO:
	 [Node] Cached "_fs2gii3" - collecting precomputed outputs
250329-15:54:40,409 nipype.workflow INFO:
	 [Node] "_fs2gii3" found cached.
250329-15:54:40,411 nipype.workflow INFO:
	 [Node] Executing "_morphs2gii1" <smriprep.interfaces.freesurfer.MRIsConvertData>
250329-15:54:40,411 nipype.workflow INFO:
	 [Node] Setting-up "_morphs2gii2" in "/work_dir/fmriprep_24_0_wf/sub_34_wf/anat_fit_wf/gifti_morphometrics_wf/morphs2gii/mapflow/_morphs2gii2".
250329-15:54:40,411 nipype.workflow INFO:
	 [Node] Setting-up "_morphs2gii3" in "/work_dir/fmriprep_24_0_wf/sub_34_wf/anat_fit_wf/gifti_morphometrics_wf/morphs2gii/mapflow/_morphs2gii3".
250329-15:54:40,413 nipype.workflow INFO:
	 [Node] Executing "_morphs2gii3" <smriprep.interfaces.freesurfer.MRIsConvertData>
250329-15:54:40,413 nipype.workflow INFO:
	 [Node] Executing "_morphs2gii2" <smriprep.interfaces.freesurfer.MRIsConvertData>
250329-15:54:41,916 nipype.workflow INFO:
	 [Node] Finished "_morphs2gii1", elapsed time 1.503857s.
250329-15:54:41,925 nipype.workflow INFO:
	 [Node] Finished "_morphs2gii2", elapsed time 1.511073s.
250329-15:54:41,942 nipype.workflow INFO:
	 [Node] Finished "_morphs2gii3", elapsed time 1.528098s.
250329-15:54:42,404 nipype.workflow INFO:
	 [Node] Setting-up "_morphs2gii0" in "/work_dir/fmriprep_24_0_wf/sub_34_wf/anat_fit_wf/gifti_morphometrics_wf/morphs2gii/mapflow/_morphs2gii0".
250329-15:54:42,405 nipype.workflow INFO:
	 [Node] Cached "_morphs2gii0" - collecting precomputed outputs
250329-15:54:42,405 nipype.workflow INFO:
	 [Node] "_morphs2gii0" found cached.
250329-15:54:42,406 nipype.workflow INFO:
	 [Node] Setting-up "_morphs2gii1" in "/work_dir/fmriprep_24_0_wf/sub_34_wf/anat_fit_wf/gifti_morphometrics_wf/morphs2gii/mapflow/_morphs2gii1".
250329-15:54:42,407 nipype.workflow INFO:
	 [Node] Cached "_morphs2gii1" - collecting precomputed outputs
250329-15:54:42,407 nipype.workflow INFO:
	 [Node] "_morphs2gii1" found cached.
250329-15:54:42,408 nipype.workflow INFO:
	 [Node] Setting-up "_morphs2gii2" in "/work_dir/fmriprep_24_0_wf/sub_34_wf/anat_fit_wf/gifti_morphometrics_wf/morphs2gii/mapflow/_morphs2gii2".
250329-15:54:42,408 nipype.workflow INFO:
	 [Node] Cached "_morphs2gii2" - collecting precomputed outputs
250329-15:54:42,408 nipype.workflow INFO:
	 [Node] "_morphs2gii2" found cached.
250329-15:54:42,409 nipype.workflow INFO:
	 [Node] Setting-up "_morphs2gii3" in "/work_dir/fmriprep_24_0_wf/sub_34_wf/anat_fit_wf/gifti_morphometrics_wf/morphs2gii/mapflow/_morphs2gii3".
250329-15:54:42,410 nipype.workflow INFO:
	 [Node] Cached "_morphs2gii3" - collecting precomputed outputs
250329-15:54:42,410 nipype.workflow INFO:
	 [Node] "_morphs2gii3" found cached.
250329-15:54:42,411 nipype.workflow INFO:
	 [Node] Setting-up "_fix_surfs0" in "/work_dir/fmriprep_24_0_wf/sub_34_wf/anat_fit_wf/gifti_surface_wf/fix_surfs/mapflow/_fix_surfs0".
250329-15:54:42,413 nipype.workflow INFO:
	 [Node] Executing "_fix_surfs0" <smriprep.interfaces.surf.NormalizeSurf>
250329-15:54:42,423 nipype.workflow INFO:
	 [Node] Setting-up "_fix_surfs3" in "/work_dir/fmriprep_24_0_wf/sub_34_wf/anat_fit_wf/gifti_surface_wf/fix_surfs/mapflow/_fix_surfs3".
250329-15:54:42,425 nipype.workflow INFO:
	 [Node] Executing "_fix_surfs3" <smriprep.interfaces.surf.NormalizeSurf>
250329-15:54:42,428 nipype.workflow INFO:
	 [Node] Setting-up "_fix_surfs4" in "/work_dir/fmriprep_24_0_wf/sub_34_wf/anat_fit_wf/gifti_surface_wf/fix_surfs/mapflow/_fix_surfs4".
250329-15:54:42,430 nipype.workflow INFO:
	 [Node] Executing "_fix_surfs4" <smriprep.interfaces.surf.NormalizeSurf>
250329-15:54:42,483 nipype.workflow INFO:
	 [Node] Setting-up "_fix_surfs2" in "/work_dir/fmriprep_24_0_wf/sub_34_wf/anat_fit_wf/gifti_surface_wf/fix_surfs/mapflow/_fix_surfs2".
250329-15:54:42,494 nipype.workflow INFO:
	 [Node] Executing "_fix_surfs2" <smriprep.interfaces.surf.NormalizeSurf>
250329-15:54:42,541 nipype.workflow INFO:
	 [Node] Setting-up "_fix_surfs1" in "/work_dir/fmriprep_24_0_wf/sub_34_wf/anat_fit_wf/gifti_surface_wf/fix_surfs/mapflow/_fix_surfs1".
250329-15:54:42,543 nipype.workflow INFO:
	 [Node] Executing "_fix_surfs1" <smriprep.interfaces.surf.NormalizeSurf>
250329-15:54:43,288 nipype.workflow INFO:
	 [Node] Finished "_fix_surfs3", elapsed time 0.862082s.
250329-15:54:43,394 nipype.workflow INFO:
	 [Node] Finished "_fix_surfs0", elapsed time 0.980971s.
250329-15:54:43,559 nipype.workflow INFO:
	 [Node] Finished "_fix_surfs2", elapsed time 1.063389s.
250329-15:54:43,649 nipype.workflow INFO:
	 [Node] Finished "_fix_surfs4", elapsed time 1.218242s.
250329-15:54:43,765 nipype.workflow INFO:
	 [Node] Finished "_fix_surfs1", elapsed time 1.221416s.
250329-15:54:44,585 nipype.workflow INFO:
	 [Node] Setting-up "_fix_surfs0" in "/work_dir/fmriprep_24_0_wf/sub_34_wf/anat_fit_wf/gifti_spheres_wf/fix_surfs/mapflow/_fix_surfs0".
250329-15:54:44,586 nipype.workflow INFO:
	 [Node] Executing "_fix_surfs0" <smriprep.interfaces.surf.NormalizeSurf>
250329-15:54:44,592 nipype.workflow INFO:
	 [Node] Setting-up "_fix_surfs5" in "/work_dir/fmriprep_24_0_wf/sub_34_wf/anat_fit_wf/gifti_surface_wf/fix_surfs/mapflow/_fix_surfs5".
250329-15:54:44,597 nipype.workflow INFO:
	 [Node] Setting-up "_fix_surfs2" in "/work_dir/fmriprep_24_0_wf/sub_34_wf/anat_fit_wf/gifti_spheres_wf/fix_surfs/mapflow/_fix_surfs2".
250329-15:54:44,598 nipype.workflow INFO:
	 [Node] Setting-up "_fix_surfs3" in "/work_dir/fmriprep_24_0_wf/sub_34_wf/anat_fit_wf/gifti_spheres_wf/fix_surfs/mapflow/_fix_surfs3".
250329-15:54:44,599 nipype.workflow INFO:
	 [Node] Executing "_fix_surfs2" <smriprep.interfaces.surf.NormalizeSurf>
250329-15:54:44,599 nipype.workflow INFO:
	 [Node] Executing "_fix_surfs3" <smriprep.interfaces.surf.NormalizeSurf>
250329-15:54:44,601 nipype.workflow INFO:
	 [Node] Executing "_fix_surfs5" <smriprep.interfaces.surf.NormalizeSurf>
250329-15:54:44,603 nipype.workflow INFO:
	 [Node] Setting-up "_fix_surfs1" in "/work_dir/fmriprep_24_0_wf/sub_34_wf/anat_fit_wf/gifti_spheres_wf/fix_surfs/mapflow/_fix_surfs1".
250329-15:54:44,604 nipype.workflow INFO:
	 [Node] Executing "_fix_surfs1" <smriprep.interfaces.surf.NormalizeSurf>
250329-15:54:45,531 nipype.workflow INFO:
	 [Node] Finished "_fix_surfs1", elapsed time 0.925883s.
250329-15:54:45,581 nipype.workflow INFO:
	 [Node] Finished "_fix_surfs2", elapsed time 0.982114s.
250329-15:54:45,772 nipype.workflow INFO:
	 [Node] Finished "_fix_surfs5", elapsed time 1.1703000000000001s.
250329-15:54:45,932 nipype.workflow INFO:
	 [Node] Finished "_fix_surfs3", elapsed time 1.332034s.
250329-15:54:45,935 nipype.workflow INFO:
	 [Node] Finished "_fix_surfs0", elapsed time 1.348411s.
250329-15:54:46,485 nipype.workflow INFO:
	 [Node] Setting-up "_fix_surfs0" in "/work_dir/fmriprep_24_0_wf/sub_34_wf/anat_fit_wf/gifti_surface_wf/fix_surfs/mapflow/_fix_surfs0".
250329-15:54:46,486 nipype.workflow INFO:
	 [Node] Cached "_fix_surfs0" - collecting precomputed outputs
250329-15:54:46,486 nipype.workflow INFO:
	 [Node] "_fix_surfs0" found cached.
250329-15:54:46,487 nipype.workflow INFO:
	 [Node] Setting-up "_fix_surfs1" in "/work_dir/fmriprep_24_0_wf/sub_34_wf/anat_fit_wf/gifti_surface_wf/fix_surfs/mapflow/_fix_surfs1".
250329-15:54:46,488 nipype.workflow INFO:
	 [Node] Cached "_fix_surfs1" - collecting precomputed outputs
250329-15:54:46,488 nipype.workflow INFO:
	 [Node] "_fix_surfs1" found cached.
250329-15:54:46,489 nipype.workflow INFO:
	 [Node] Setting-up "_fix_surfs2" in "/work_dir/fmriprep_24_0_wf/sub_34_wf/anat_fit_wf/gifti_surface_wf/fix_surfs/mapflow/_fix_surfs2".
250329-15:54:46,489 nipype.workflow INFO:
	 [Node] Cached "_fix_surfs2" - collecting precomputed outputs
250329-15:54:46,489 nipype.workflow INFO:
	 [Node] "_fix_surfs2" found cached.
250329-15:54:46,490 nipype.workflow INFO:
	 [Node] Setting-up "_fix_surfs3" in "/work_dir/fmriprep_24_0_wf/sub_34_wf/anat_fit_wf/gifti_surface_wf/fix_surfs/mapflow/_fix_surfs3".
250329-15:54:46,491 nipype.workflow INFO:
	 [Node] Cached "_fix_surfs3" - collecting precomputed outputs
250329-15:54:46,491 nipype.workflow INFO:
	 [Node] "_fix_surfs3" found cached.
250329-15:54:46,492 nipype.workflow INFO:
	 [Node] Setting-up "_fix_surfs4" in "/work_dir/fmriprep_24_0_wf/sub_34_wf/anat_fit_wf/gifti_surface_wf/fix_surfs/mapflow/_fix_surfs4".
250329-15:54:46,492 nipype.workflow INFO:
	 [Node] Cached "_fix_surfs4" - collecting precomputed outputs
250329-15:54:46,493 nipype.workflow INFO:
	 [Node] "_fix_surfs4" found cached.
250329-15:54:46,493 nipype.workflow INFO:
	 [Node] Setting-up "_fix_surfs5" in "/work_dir/fmriprep_24_0_wf/sub_34_wf/anat_fit_wf/gifti_surface_wf/fix_surfs/mapflow/_fix_surfs5".
250329-15:54:46,494 nipype.workflow INFO:
	 [Node] Cached "_fix_surfs5" - collecting precomputed outputs
250329-15:54:46,494 nipype.workflow INFO:
	 [Node] "_fix_surfs5" found cached.
250329-15:54:46,510 nipype.workflow INFO:
	 [Node] Setting-up "_fix_surfs0" in "/work_dir/fmriprep_24_0_wf/sub_34_wf/anat_fit_wf/gifti_spheres_wf/fix_surfs/mapflow/_fix_surfs0".
250329-15:54:46,511 nipype.workflow INFO:
	 [Node] Cached "_fix_surfs0" - collecting precomputed outputs
250329-15:54:46,511 nipype.workflow INFO:
	 [Node] "_fix_surfs0" found cached.
250329-15:54:46,512 nipype.workflow INFO:
	 [Node] Setting-up "_fix_surfs1" in "/work_dir/fmriprep_24_0_wf/sub_34_wf/anat_fit_wf/gifti_spheres_wf/fix_surfs/mapflow/_fix_surfs1".
250329-15:54:46,512 nipype.workflow INFO:
	 [Node] Cached "_fix_surfs1" - collecting precomputed outputs
250329-15:54:46,512 nipype.workflow INFO:
	 [Node] "_fix_surfs1" found cached.
250329-15:54:46,513 nipype.workflow INFO:
	 [Node] Setting-up "_fix_surfs2" in "/work_dir/fmriprep_24_0_wf/sub_34_wf/anat_fit_wf/gifti_spheres_wf/fix_surfs/mapflow/_fix_surfs2".
250329-15:54:46,514 nipype.workflow INFO:
	 [Node] Cached "_fix_surfs2" - collecting precomputed outputs
250329-15:54:46,514 nipype.workflow INFO:
	 [Node] "_fix_surfs2" found cached.
250329-15:54:46,515 nipype.workflow INFO:
	 [Node] Setting-up "_fix_surfs3" in "/work_dir/fmriprep_24_0_wf/sub_34_wf/anat_fit_wf/gifti_spheres_wf/fix_surfs/mapflow/_fix_surfs3".
250329-15:54:46,515 nipype.workflow INFO:
	 [Node] Cached "_fix_surfs3" - collecting precomputed outputs
250329-15:54:46,516 nipype.workflow INFO:
	 [Node] "_fix_surfs3" found cached.
250329-15:54:49,690 nipype.workflow INFO:
	 [Node] Setting-up "_invert_sulc1" in "/work_dir/fmriprep_24_0_wf/sub_34_wf/anat_fit_wf/msm_sulc_wf/invert_sulc/mapflow/_invert_sulc1".
250329-15:54:49,691 nipype.workflow INFO:
	 [Node] Setting-up "_invert_sulc0" in "/work_dir/fmriprep_24_0_wf/sub_34_wf/anat_fit_wf/msm_sulc_wf/invert_sulc/mapflow/_invert_sulc0".
250329-15:54:49,692 nipype.workflow INFO:
	 [Node] Executing "_invert_sulc1" <smriprep.interfaces.gifti.MetricMath>
250329-15:54:49,693 nipype.workflow INFO:
	 [Node] Executing "_invert_sulc0" <smriprep.interfaces.gifti.MetricMath>
250329-15:54:49,752 nipype.workflow INFO:
	 [Node] Finished "_invert_sulc1", elapsed time 0.059428s.
250329-15:54:49,753 nipype.workflow INFO:
	 [Node] Finished "_invert_sulc0", elapsed time 0.059381s.
250329-15:54:50,912 nipype.workflow INFO:
	 [Node] Setting-up "_invert_sulc0" in "/work_dir/fmriprep_24_0_wf/sub_34_wf/anat_fit_wf/msm_sulc_wf/invert_sulc/mapflow/_invert_sulc0".
250329-15:54:50,913 nipype.workflow INFO:
	 [Node] Cached "_invert_sulc0" - collecting precomputed outputs
250329-15:54:50,913 nipype.workflow INFO:
	 [Node] "_invert_sulc0" found cached.
250329-15:54:50,914 nipype.workflow INFO:
	 [Node] Setting-up "_invert_sulc1" in "/work_dir/fmriprep_24_0_wf/sub_34_wf/anat_fit_wf/msm_sulc_wf/invert_sulc/mapflow/_invert_sulc1".
250329-15:54:50,915 nipype.workflow INFO:
	 [Node] Cached "_invert_sulc1" - collecting precomputed outputs
250329-15:54:50,915 nipype.workflow INFO:
	 [Node] "_invert_sulc1" found cached.
250329-15:54:54,232 nipype.workflow INFO:
	 [Node] Setting-up "_create_wm_distvol0" in "/work_dir/fmriprep_24_0_wf/sub_34_wf/anat_fit_wf/anat_ribbon_wf/create_wm_distvol/mapflow/_create_wm_distvol0".
250329-15:54:54,233 nipype.workflow INFO:
	 [Node] Setting-up "_create_wm_distvol1" in "/work_dir/fmriprep_24_0_wf/sub_34_wf/anat_fit_wf/anat_ribbon_wf/create_wm_distvol/mapflow/_create_wm_distvol1".
250329-15:54:54,234 nipype.workflow INFO:
	 [Node] Executing "_create_wm_distvol0" <smriprep.interfaces.workbench.CreateSignedDistanceVolume>
250329-15:54:54,235 nipype.workflow INFO:
	 [Node] Executing "_create_wm_distvol1" <smriprep.interfaces.workbench.CreateSignedDistanceVolume>
250329-15:54:54,241 nipype.workflow INFO:
	 [Node] Setting-up "_create_pial_distvol0" in "/work_dir/fmriprep_24_0_wf/sub_34_wf/anat_fit_wf/anat_ribbon_wf/create_pial_distvol/mapflow/_create_pial_distvol0".
250329-15:54:54,241 nipype.workflow INFO:
	 [Node] Setting-up "_create_pial_distvol1" in "/work_dir/fmriprep_24_0_wf/sub_34_wf/anat_fit_wf/anat_ribbon_wf/create_pial_distvol/mapflow/_create_pial_distvol1".
250329-15:54:54,243 nipype.workflow INFO:
	 [Node] Executing "_create_pial_distvol0" <smriprep.interfaces.workbench.CreateSignedDistanceVolume>
250329-15:54:54,243 nipype.workflow INFO:
	 [Node] Executing "_create_pial_distvol1" <smriprep.interfaces.workbench.CreateSignedDistanceVolume>
250329-15:54:54,395 nipype.workflow INFO:
	 [Node] Finished "recon_report", elapsed time 28.004645s.
250329-15:54:55,682 nipype.workflow INFO:
	 [Node] Setting-up "_project_unproject0" in "/work_dir/fmriprep_24_0_wf/sub_34_wf/anat_fit_wf/fsLR_reg_wf/project_unproject/mapflow/_project_unproject0".
250329-15:54:55,684 nipype.workflow INFO:
	 [Node] Executing "_project_unproject0" <smriprep.interfaces.workbench.SurfaceSphereProjectUnproject>
250329-15:54:55,691 nipype.workflow INFO:
	 [Node] Setting-up "_project_unproject1" in "/work_dir/fmriprep_24_0_wf/sub_34_wf/anat_fit_wf/fsLR_reg_wf/project_unproject/mapflow/_project_unproject1".
250329-15:54:55,693 nipype.workflow INFO:
	 [Node] Executing "_project_unproject1" <smriprep.interfaces.workbench.SurfaceSphereProjectUnproject>
250329-15:55:03,859 nipype.workflow INFO:
	 [Node] Finished "_project_unproject1", elapsed time 7.589074s.
250329-15:55:05,119 nipype.workflow INFO:
	 [Node] Finished "_project_unproject0", elapsed time 8.934971s.
250329-15:55:06,308 nipype.workflow INFO:
	 [Node] Setting-up "_project_unproject0" in "/work_dir/fmriprep_24_0_wf/sub_34_wf/anat_fit_wf/fsLR_reg_wf/project_unproject/mapflow/_project_unproject0".
250329-15:55:06,309 nipype.workflow INFO:
	 [Node] Cached "_project_unproject0" - collecting precomputed outputs
250329-15:55:06,309 nipype.workflow INFO:
	 [Node] "_project_unproject0" found cached.
250329-15:55:06,310 nipype.workflow INFO:
	 [Node] Setting-up "_project_unproject1" in "/work_dir/fmriprep_24_0_wf/sub_34_wf/anat_fit_wf/fsLR_reg_wf/project_unproject/mapflow/_project_unproject1".
250329-15:55:06,311 nipype.workflow INFO:
	 [Node] Cached "_project_unproject1" - collecting precomputed outputs
250329-15:55:06,311 nipype.workflow INFO:
	 [Node] "_project_unproject1" found cached.
250329-15:55:16,134 nipype.workflow INFO:
	 [Node] Setting-up "_regress_affine0" in "/work_dir/fmriprep_24_0_wf/sub_34_wf/anat_fit_wf/msm_sulc_wf/regress_affine/mapflow/_regress_affine0".
250329-15:55:16,136 nipype.workflow INFO:
	 [Node] Executing "_regress_affine0" <smriprep.interfaces.workbench.SurfaceAffineRegression>
250329-15:55:16,143 nipype.workflow INFO:
	 [Node] Setting-up "_regress_affine1" in "/work_dir/fmriprep_24_0_wf/sub_34_wf/anat_fit_wf/msm_sulc_wf/regress_affine/mapflow/_regress_affine1".
250329-15:55:16,145 nipype.workflow INFO:
	 [Node] Executing "_regress_affine1" <smriprep.interfaces.workbench.SurfaceAffineRegression>
250329-15:55:17,543 nipype.workflow INFO:
	 [Node] Finished "_regress_affine1", elapsed time 0.938809s.
250329-15:55:17,556 nipype.workflow INFO:
	 [Node] Finished "_regress_affine0", elapsed time 0.89415s.
250329-15:55:18,306 nipype.workflow INFO:
	 [Node] Setting-up "_regress_affine0" in "/work_dir/fmriprep_24_0_wf/sub_34_wf/anat_fit_wf/msm_sulc_wf/regress_affine/mapflow/_regress_affine0".
250329-15:55:18,307 nipype.workflow INFO:
	 [Node] Cached "_regress_affine0" - collecting precomputed outputs
250329-15:55:18,307 nipype.workflow INFO:
	 [Node] "_regress_affine0" found cached.
250329-15:55:18,308 nipype.workflow INFO:
	 [Node] Setting-up "_regress_affine1" in "/work_dir/fmriprep_24_0_wf/sub_34_wf/anat_fit_wf/msm_sulc_wf/regress_affine/mapflow/_regress_affine1".
250329-15:55:18,309 nipype.workflow INFO:
	 [Node] Cached "_regress_affine1" - collecting precomputed outputs
250329-15:55:18,309 nipype.workflow INFO:
	 [Node] "_regress_affine1" found cached.
250329-15:55:22,548 nipype.workflow INFO:
	 [Node] Setting-up "_apply_surface_affine0" in "/work_dir/fmriprep_24_0_wf/sub_34_wf/anat_fit_wf/msm_sulc_wf/apply_surface_affine/mapflow/_apply_surface_affine0".
250329-15:55:22,550 nipype.workflow INFO:
	 [Node] Executing "_apply_surface_affine0" <smriprep.interfaces.workbench.SurfaceApplyAffine>
250329-15:55:22,559 nipype.workflow INFO:
	 [Node] Setting-up "_apply_surface_affine1" in "/work_dir/fmriprep_24_0_wf/sub_34_wf/anat_fit_wf/msm_sulc_wf/apply_surface_affine/mapflow/_apply_surface_affine1".
250329-15:55:22,561 nipype.workflow INFO:
	 [Node] Executing "_apply_surface_affine1" <smriprep.interfaces.workbench.SurfaceApplyAffine>
250329-15:55:27,855 nipype.workflow INFO:
	 [Node] Finished "_apply_surface_affine0", elapsed time 4.686841s.
250329-15:55:28,43 nipype.workflow INFO:
	 [Node] Finished "_apply_surface_affine1", elapsed time 4.942033s.
250329-15:55:30,812 nipype.workflow INFO:
	 [Node] Setting-up "_apply_surface_affine0" in "/work_dir/fmriprep_24_0_wf/sub_34_wf/anat_fit_wf/msm_sulc_wf/apply_surface_affine/mapflow/_apply_surface_affine0".
250329-15:55:30,813 nipype.workflow INFO:
	 [Node] Cached "_apply_surface_affine0" - collecting precomputed outputs
250329-15:55:30,813 nipype.workflow INFO:
	 [Node] "_apply_surface_affine0" found cached.
250329-15:55:30,814 nipype.workflow INFO:
	 [Node] Setting-up "_apply_surface_affine1" in "/work_dir/fmriprep_24_0_wf/sub_34_wf/anat_fit_wf/msm_sulc_wf/apply_surface_affine/mapflow/_apply_surface_affine1".
250329-15:55:30,815 nipype.workflow INFO:
	 [Node] Cached "_apply_surface_affine1" - collecting precomputed outputs
250329-15:55:30,815 nipype.workflow INFO:
	 [Node] "_apply_surface_affine1" found cached.
250329-15:55:34,738 nipype.workflow INFO:
	 [Node] Setting-up "_modify_sphere0" in "/work_dir/fmriprep_24_0_wf/sub_34_wf/anat_fit_wf/msm_sulc_wf/modify_sphere/mapflow/_modify_sphere0".
250329-15:55:34,740 nipype.workflow INFO:
	 [Node] Executing "_modify_sphere0" <smriprep.interfaces.workbench.SurfaceModifySphere>
250329-15:55:34,753 nipype.workflow INFO:
	 [Node] Setting-up "_modify_sphere1" in "/work_dir/fmriprep_24_0_wf/sub_34_wf/anat_fit_wf/msm_sulc_wf/modify_sphere/mapflow/_modify_sphere1".
250329-15:55:34,754 nipype.workflow INFO:
	 [Node] Executing "_modify_sphere1" <smriprep.interfaces.workbench.SurfaceModifySphere>
250329-15:55:39,200 nipype.workflow INFO:
	 [Node] Finished "_modify_sphere0", elapsed time 3.802565s.
250329-15:55:40,483 nipype.workflow INFO:
	 [Node] Finished "_modify_sphere1", elapsed time 4.991061s.
250329-15:55:42,717 nipype.workflow INFO:
	 [Node] Setting-up "_modify_sphere0" in "/work_dir/fmriprep_24_0_wf/sub_34_wf/anat_fit_wf/msm_sulc_wf/modify_sphere/mapflow/_modify_sphere0".
250329-15:55:42,718 nipype.workflow INFO:
	 [Node] Cached "_modify_sphere0" - collecting precomputed outputs
250329-15:55:42,718 nipype.workflow INFO:
	 [Node] "_modify_sphere0" found cached.
250329-15:55:42,719 nipype.workflow INFO:
	 [Node] Setting-up "_modify_sphere1" in "/work_dir/fmriprep_24_0_wf/sub_34_wf/anat_fit_wf/msm_sulc_wf/modify_sphere/mapflow/_modify_sphere1".
250329-15:55:42,720 nipype.workflow INFO:
	 [Node] Cached "_modify_sphere1" - collecting precomputed outputs
250329-15:55:42,720 nipype.workflow INFO:
	 [Node] "_modify_sphere1" found cached.
250329-15:55:46,739 nipype.workflow INFO:
	 [Node] Setting-up "_msmsulc0" in "/work_dir/fmriprep_24_0_wf/sub_34_wf/anat_fit_wf/msm_sulc_wf/msmsulc/mapflow/_msmsulc0".
250329-15:55:46,742 nipype.workflow INFO:
	 [Node] Executing "_msmsulc0" <smriprep.interfaces.msm.MSM>
250329-15:55:46,759 nipype.workflow INFO:
	 [Node] Setting-up "_msmsulc1" in "/work_dir/fmriprep_24_0_wf/sub_34_wf/anat_fit_wf/msm_sulc_wf/msmsulc/mapflow/_msmsulc1".
250329-15:55:46,762 nipype.workflow INFO:
	 [Node] Executing "_msmsulc1" <smriprep.interfaces.msm.MSM>
250329-15:55:56,391 nipype.workflow INFO:
	 [Node] Finished "mri_coreg", elapsed time 89.923506s.
250329-15:55:56,636 nipype.workflow INFO:
	 [Node] Finished "mri_coreg", elapsed time 90.238216s.
250329-15:55:58,475 nipype.workflow INFO:
	 [Node] Setting-up "fmriprep_24_0_wf.sub_34_wf.bold_task_bird_run_1_wf.bold_fit_wf.bold_reg_wf.bbreg_wf.bbregister" in "/work_dir/fmriprep_24_0_wf/sub_34_wf/bold_task_bird_run_1_wf/bold_fit_wf/bold_reg_wf/bbreg_wf/bbregister".
250329-15:55:58,482 nipype.workflow INFO:
	 [Node] Executing "bbregister" <nipype.interfaces.freesurfer.preprocess.BBRegister>
250329-15:55:58,681 nipype.workflow INFO:
	 [Node] Setting-up "fmriprep_24_0_wf.sub_34_wf.bold_task_bird_run_4_wf.bold_fit_wf.bold_reg_wf.bbreg_wf.mri_coreg" in "/work_dir/fmriprep_24_0_wf/sub_34_wf/bold_task_bird_run_4_wf/bold_fit_wf/bold_reg_wf/bbreg_wf/mri_coreg".
250329-15:55:58,682 nipype.workflow INFO:
	 [Node] Setting-up "fmriprep_24_0_wf.sub_34_wf.bold_task_bird_run_5_wf.bold_fit_wf.bold_reg_wf.bbreg_wf.mri_coreg" in "/work_dir/fmriprep_24_0_wf/sub_34_wf/bold_task_bird_run_5_wf/bold_fit_wf/bold_reg_wf/bbreg_wf/mri_coreg".
250329-15:55:58,685 nipype.workflow INFO:
	 [Node] Executing "mri_coreg" <fmriprep.interfaces.patches.MRICoreg>
250329-15:55:58,686 nipype.workflow INFO:
	 [Node] Executing "mri_coreg" <fmriprep.interfaces.patches.MRICoreg>
250329-15:55:58,837 nipype.workflow INFO:
	 [Node] Finished "mri_coreg", elapsed time 92.370442s.
250329-15:56:00,395 nipype.workflow INFO:
	 [Node] Setting-up "fmriprep_24_0_wf.sub_34_wf.bold_task_bird_run_6_wf.bold_fit_wf.bold_reg_wf.bbreg_wf.mri_coreg" in "/work_dir/fmriprep_24_0_wf/sub_34_wf/bold_task_bird_run_6_wf/bold_fit_wf/bold_reg_wf/bbreg_wf/mri_coreg".
250329-15:56:00,399 nipype.workflow INFO:
	 [Node] Executing "mri_coreg" <fmriprep.interfaces.patches.MRICoreg>
250329-15:56:08,42 nipype.workflow INFO:
	 [Node] Finished "refine", elapsed time 91.971237s.
250329-15:56:10,184 nipype.workflow INFO:
	 [Node] Setting-up "fmriprep_24_0_wf.sub_34_wf.bold_task_bird_run_2_wf.bold_fit_wf.bold_reg_wf.bbreg_wf.bbregister" in "/work_dir/fmriprep_24_0_wf/sub_34_wf/bold_task_bird_run_2_wf/bold_fit_wf/bold_reg_wf/bbreg_wf/bbregister".
250329-15:56:10,190 nipype.workflow INFO:
	 [Node] Executing "bbregister" <nipype.interfaces.freesurfer.preprocess.BBRegister>
250329-15:56:57,697 nipype.workflow INFO:
	 [Node] Finished "_create_wm_distvol1", elapsed time 122.876604s.
250329-15:56:58,340 nipype.workflow INFO:
	 [Node] Setting-up "fmriprep_24_0_wf.sub_34_wf.bold_task_bird_run_3_wf.bold_fit_wf.bold_reg_wf.bbreg_wf.bbregister" in "/work_dir/fmriprep_24_0_wf/sub_34_wf/bold_task_bird_run_3_wf/bold_fit_wf/bold_reg_wf/bbreg_wf/bbregister".
250329-15:56:58,351 nipype.workflow INFO:
	 [Node] Executing "bbregister" <nipype.interfaces.freesurfer.preprocess.BBRegister>
250329-15:57:01,152 nipype.workflow INFO:
	 [Node] Finished "_create_wm_distvol0", elapsed time 126.407034s.
250329-15:57:02,334 nipype.workflow INFO:
	 [Node] Setting-up "fmriprep_24_0_wf.sub_34_wf.anat_fit_wf.applyrefined" in "/work_dir/fmriprep_24_0_wf/sub_34_wf/anat_fit_wf/applyrefined".
250329-15:57:02,355 nipype.workflow INFO:
	 [Node] Executing "applyrefined" <nipype.interfaces.fsl.maths.ApplyMask>
250329-15:57:06,610 nipype.workflow INFO:
	 [Node] Finished "applyrefined", elapsed time 4.254176s.
250329-15:57:11,310 nipype.workflow INFO:
	 [Node] Setting-up "_create_wm_distvol0" in "/work_dir/fmriprep_24_0_wf/sub_34_wf/anat_fit_wf/anat_ribbon_wf/create_wm_distvol/mapflow/_create_wm_distvol0".
250329-15:57:11,311 nipype.workflow INFO:
	 [Node] Cached "_create_wm_distvol0" - collecting precomputed outputs
250329-15:57:11,311 nipype.workflow INFO:
	 [Node] "_create_wm_distvol0" found cached.
250329-15:57:11,312 nipype.workflow INFO:
	 [Node] Setting-up "_create_wm_distvol1" in "/work_dir/fmriprep_24_0_wf/sub_34_wf/anat_fit_wf/anat_ribbon_wf/create_wm_distvol/mapflow/_create_wm_distvol1".
250329-15:57:11,313 nipype.workflow INFO:
	 [Node] Cached "_create_wm_distvol1" - collecting precomputed outputs
250329-15:57:11,313 nipype.workflow INFO:
	 [Node] "_create_wm_distvol1" found cached.
250329-15:57:13,970 nipype.workflow INFO:
	 [Node] Setting-up "fmriprep_24_0_wf.sub_34_wf.anat_fit_wf.fast" in "/work_dir/fmriprep_24_0_wf/sub_34_wf/anat_fit_wf/fast".
250329-15:57:13,973 nipype.workflow INFO:
	 [Node] Executing "fast" <nipype.interfaces.fsl.preprocess.FAST>
250329-15:57:39,79 nipype.workflow INFO:
	 [Node] Finished "mri_coreg", elapsed time 100.384956s.
250329-15:57:39,773 nipype.workflow INFO:
	 [Node] Setting-up "fmriprep_24_0_wf.sub_34_wf.bold_task_bird_run_4_wf.bold_fit_wf.bold_reg_wf.bbreg_wf.bbregister" in "/work_dir/fmriprep_24_0_wf/sub_34_wf/bold_task_bird_run_4_wf/bold_fit_wf/bold_reg_wf/bbreg_wf/bbregister".
250329-15:57:39,785 nipype.workflow INFO:
	 [Node] Executing "bbregister" <nipype.interfaces.freesurfer.preprocess.BBRegister>
250329-15:57:39,790 nipype.workflow INFO:
	 [Node] Setting-up "fmriprep_24_0_wf.sub_34_wf.bold_task_bird_run_2_wf.bold_anat_wf.gen_ref" in "/work_dir/fmriprep_24_0_wf/sub_34_wf/bold_task_bird_run_2_wf/bold_anat_wf/gen_ref".
250329-15:57:39,791 nipype.workflow INFO:
	 [Node] Setting-up "fmriprep_24_0_wf.sub_34_wf.bold_task_bird_run_3_wf.bold_anat_wf.gen_ref" in "/work_dir/fmriprep_24_0_wf/sub_34_wf/bold_task_bird_run_3_wf/bold_anat_wf/gen_ref".
250329-15:57:39,794 nipype.workflow INFO:
	 [Node] Executing "gen_ref" <niworkflows.interfaces.nibabel.GenerateSamplingReference>
250329-15:57:39,795 nipype.workflow INFO:
	 [Node] Executing "gen_ref" <niworkflows.interfaces.nibabel.GenerateSamplingReference>
250329-15:57:39,795 nipype.workflow INFO:
	 [Node] Setting-up "fmriprep_24_0_wf.sub_34_wf.bold_task_bird_run_1_wf.bold_anat_wf.gen_ref" in "/work_dir/fmriprep_24_0_wf/sub_34_wf/bold_task_bird_run_1_wf/bold_anat_wf/gen_ref".
250329-15:57:39,800 nipype.workflow INFO:
	 [Node] Executing "gen_ref" <niworkflows.interfaces.nibabel.GenerateSamplingReference>
250329-15:57:39,812 nipype.workflow INFO:
	 [Node] Setting-up "fmriprep_24_0_wf.sub_34_wf.bold_task_bird_run_4_wf.bold_anat_wf.gen_ref" in "/work_dir/fmriprep_24_0_wf/sub_34_wf/bold_task_bird_run_4_wf/bold_anat_wf/gen_ref".
250329-15:57:39,816 nipype.workflow INFO:
	 [Node] Executing "gen_ref" <niworkflows.interfaces.nibabel.GenerateSamplingReference>
250329-15:57:39,818 nipype.workflow INFO:
	 [Node] Setting-up "fmriprep_24_0_wf.sub_34_wf.bold_task_bird_run_5_wf.bold_anat_wf.gen_ref" in "/work_dir/fmriprep_24_0_wf/sub_34_wf/bold_task_bird_run_5_wf/bold_anat_wf/gen_ref".
250329-15:57:39,822 nipype.workflow INFO:
	 [Node] Executing "gen_ref" <niworkflows.interfaces.nibabel.GenerateSamplingReference>
250329-15:57:39,824 nipype.workflow INFO:
	 [Node] Setting-up "fmriprep_24_0_wf.sub_34_wf.bold_task_bird_run_6_wf.bold_anat_wf.gen_ref" in "/work_dir/fmriprep_24_0_wf/sub_34_wf/bold_task_bird_run_6_wf/bold_anat_wf/gen_ref".
250329-15:57:39,829 nipype.workflow INFO:
	 [Node] Executing "gen_ref" <niworkflows.interfaces.nibabel.GenerateSamplingReference>
250329-15:57:47,671 nipype.workflow INFO:
	 [Node] Finished "bbregister", elapsed time 97.479984s.
250329-15:57:50,419 nipype.workflow INFO:
	 [Node] Finished "mri_coreg", elapsed time 111.732159s.
250329-15:57:52,138 nipype.workflow INFO:
	 [Node] Setting-up "fmriprep_24_0_wf.sub_34_wf.bold_task_bird_run_5_wf.bold_fit_wf.bold_reg_wf.bbreg_wf.bbregister" in "/work_dir/fmriprep_24_0_wf/sub_34_wf/bold_task_bird_run_5_wf/bold_fit_wf/bold_reg_wf/bbreg_wf/bbregister".
250329-15:57:52,144 nipype.workflow INFO:
	 [Node] Setting-up "fmriprep_24_0_wf.sub_34_wf.bold_task_bird_run_2_wf.bold_fit_wf.bold_reg_wf.bbreg_wf.compare_transforms" in "/work_dir/fmriprep_24_0_wf/sub_34_wf/bold_task_bird_run_2_wf/bold_fit_wf/bold_reg_wf/bbreg_wf/compare_transforms".
250329-15:57:52,144 nipype.workflow INFO:
	 [Node] Executing "bbregister" <nipype.interfaces.freesurfer.preprocess.BBRegister>
250329-15:57:52,146 nipype.workflow INFO:
	 [Node] Executing "compare_transforms" <nipype.interfaces.utility.wrappers.Function>
250329-15:57:52,148 nipype.workflow INFO:
	 [Node] Setting-up "fmriprep_24_0_wf.sub_34_wf.anat_fit_wf.register_template_wf.registration" in "/work_dir/fmriprep_24_0_wf/sub_34_wf/anat_fit_wf/register_template_wf/_template_MNI152NLin2009cAsym/registration".
250329-15:57:52,156 nipype.workflow INFO:
	 [Node] Executing "registration" <niworkflows.interfaces.norm.SpatialNormalization>
250329-15:57:52,382 nipype.workflow INFO:
	 [Node] Finished "compare_transforms", elapsed time 0.235016s.
250329-15:57:58,121 nipype.workflow INFO:
	 [Node] Setting-up "fmriprep_24_0_wf.sub_34_wf.bold_task_bird_run_2_wf.bold_fit_wf.bold_reg_wf.bbreg_wf.concat_xfm" in "/work_dir/fmriprep_24_0_wf/sub_34_wf/bold_task_bird_run_2_wf/bold_fit_wf/bold_reg_wf/bbreg_wf/concat_xfm".
250329-15:57:58,125 nipype.workflow INFO:
	 [Node] Executing "concat_xfm" <niworkflows.interfaces.nitransforms.ConcatenateXFMs>
250329-15:57:58,131 nipype.workflow INFO:
	 [Node] Finished "concat_xfm", elapsed time 0.005622s.
250329-15:57:58,582 nipype.workflow INFO:
	 [Node] Finished "mri_coreg", elapsed time 118.182441s.
250329-15:57:59,174 nipype.workflow INFO:
	 [Node] Finished "gen_ref", elapsed time 19.377823s.
250329-15:57:59,728 nipype.workflow INFO:
	 [Node] Setting-up "fmriprep_24_0_wf.sub_34_wf.bold_task_bird_run_6_wf.bold_fit_wf.bold_reg_wf.bbreg_wf.bbregister" in "/work_dir/fmriprep_24_0_wf/sub_34_wf/bold_task_bird_run_6_wf/bold_fit_wf/bold_reg_wf/bbreg_wf/bbregister".
250329-15:57:59,735 nipype.workflow INFO:
	 [Node] Executing "bbregister" <nipype.interfaces.freesurfer.preprocess.BBRegister>
250329-15:58:00,254 nipype.workflow INFO:
	 [Node] Finished "_create_pial_distvol0", elapsed time 185.507513s.
250329-15:58:00,632 nipype.workflow INFO:
	 [Node] Finished "gen_ref", elapsed time 20.802717s.
250329-15:58:00,731 nipype.workflow INFO:
	 [Node] Finished "gen_ref", elapsed time 20.929285s.
250329-15:58:00,915 nipype.workflow INFO:
	 [Node] Finished "gen_ref", elapsed time 21.092064s.
250329-15:58:00,996 nipype.workflow INFO:
	 [Node] Finished "gen_ref", elapsed time 21.179022s.
250329-15:58:01,721 nipype.workflow INFO:
	 [Node] Setting-up "fmriprep_24_0_wf.sub_34_wf.bold_task_bird_run_2_wf.bold_fit_wf.func_fit_reports_wf.t1w_boldref" in "/work_dir/fmriprep_24_0_wf/sub_34_wf/bold_task_bird_run_2_wf/bold_fit_wf/func_fit_reports_wf/t1w_boldref".
250329-15:58:01,727 nipype.workflow INFO:
	 [Node] Executing "t1w_boldref" <niworkflows.interfaces.fixes.FixHeaderApplyTransforms>
250329-15:58:01,945 nipype.workflow INFO:
	 [Node] Setting-up "fmriprep_24_0_wf.sub_34_wf.bold_task_bird_run_2_wf.bold_confounds_wf.t1w_mask_tfm" in "/work_dir/fmriprep_24_0_wf/sub_34_wf/bold_task_bird_run_2_wf/bold_confounds_wf/t1w_mask_tfm".
250329-15:58:01,951 nipype.workflow INFO:
	 [Node] Executing "t1w_mask_tfm" <niworkflows.interfaces.fixes.FixHeaderApplyTransforms>
250329-15:58:02,134 nipype.workflow INFO:
	 [Node] Finished "gen_ref", elapsed time 22.339479s.
250329-15:58:03,152 nipype.workflow INFO:
	 [Node] Finished "_create_pial_distvol1", elapsed time 188.381961s.
250329-15:58:03,659 nipype.workflow INFO:
	 [Node] Setting-up "_create_pial_distvol0" in "/work_dir/fmriprep_24_0_wf/sub_34_wf/anat_fit_wf/anat_ribbon_wf/create_pial_distvol/mapflow/_create_pial_distvol0".
250329-15:58:03,660 nipype.workflow INFO:
	 [Node] Cached "_create_pial_distvol0" - collecting precomputed outputs
250329-15:58:03,661 nipype.workflow INFO:
	 [Node] "_create_pial_distvol0" found cached.
250329-15:58:03,662 nipype.workflow INFO:
	 [Node] Setting-up "_create_pial_distvol1" in "/work_dir/fmriprep_24_0_wf/sub_34_wf/anat_fit_wf/anat_ribbon_wf/create_pial_distvol/mapflow/_create_pial_distvol1".
250329-15:58:03,663 nipype.workflow INFO:
	 [Node] Cached "_create_pial_distvol1" - collecting precomputed outputs
250329-15:58:03,663 nipype.workflow INFO:
	 [Node] "_create_pial_distvol1" found cached.
250329-15:58:05,944 nipype.workflow INFO:
	 [Node] Setting-up "fmriprep_24_0_wf.sub_34_wf.bold_task_bird_run_2_wf.bold_anat_wf.resample" in "/work_dir/fmriprep_24_0_wf/sub_34_wf/bold_task_bird_run_2_wf/bold_anat_wf/resample".
250329-15:58:05,949 nipype.workflow INFO:
	 [Node] Executing "resample" <fmriprep.interfaces.resampling.ResampleSeries>
250329-15:58:06,101 nipype.workflow INFO:
	 [Node] Setting-up "fmriprep_24_0_wf.sub_34_wf.anat_fit_wf.anat_ribbon_wf.make_ribbon" in "/work_dir/fmriprep_24_0_wf/sub_34_wf/anat_fit_wf/anat_ribbon_wf/make_ribbon".
250329-15:58:06,110 nipype.workflow INFO:
	 [Node] Executing "make_ribbon" <smriprep.interfaces.surf.MakeRibbon>
250329-15:58:06,676 nipype.workflow INFO:
	 [Node] Finished "bbregister", elapsed time 128.192906s.
250329-15:58:07,843 nipype.workflow INFO:
	 [Node] Finished "make_ribbon", elapsed time 1.732072s.
250329-15:58:09,758 nipype.workflow INFO:
	 [Node] Setting-up "fmriprep_24_0_wf.sub_34_wf.bold_task_bird_run_1_wf.bold_fit_wf.bold_reg_wf.bbreg_wf.compare_transforms" in "/work_dir/fmriprep_24_0_wf/sub_34_wf/bold_task_bird_run_1_wf/bold_fit_wf/bold_reg_wf/bbreg_wf/compare_transforms".
250329-15:58:09,760 nipype.workflow INFO:
	 [Node] Executing "compare_transforms" <nipype.interfaces.utility.wrappers.Function>
250329-15:58:09,777 nipype.workflow INFO:
	 [Node] Finished "compare_transforms", elapsed time 0.016045s.
250329-15:58:10,520 nipype.workflow INFO:
	 [Node] Finished "t1w_boldref", elapsed time 8.792556s.
250329-15:58:14,314 nipype.workflow INFO:
	 [Node] Finished "t1w_mask_tfm", elapsed time 12.361736s.
250329-15:58:16,440 nipype.workflow INFO:
	 [Node] Setting-up "fmriprep_24_0_wf.sub_34_wf.bold_task_bird_run_2_wf.bold_confounds_wf.union_mask" in "/work_dir/fmriprep_24_0_wf/sub_34_wf/bold_task_bird_run_2_wf/bold_confounds_wf/union_mask".
250329-15:58:16,443 nipype.workflow INFO:
	 [Node] Executing "union_mask" <nipype.interfaces.utility.wrappers.Function>
250329-15:58:16,533 nipype.workflow INFO:
	 [Node] Finished "union_mask", elapsed time 0.089015s.
250329-15:58:18,210 nipype.workflow INFO:
	 [Node] Setting-up "fmriprep_24_0_wf.sub_34_wf.bold_task_bird_run_1_wf.bold_fit_wf.bold_reg_wf.bbreg_wf.concat_xfm" in "/work_dir/fmriprep_24_0_wf/sub_34_wf/bold_task_bird_run_1_wf/bold_fit_wf/bold_reg_wf/bbreg_wf/concat_xfm".
250329-15:58:18,213 nipype.workflow INFO:
	 [Node] Executing "concat_xfm" <niworkflows.interfaces.nitransforms.ConcatenateXFMs>
250329-15:58:18,220 nipype.workflow INFO:
	 [Node] Finished "concat_xfm", elapsed time 0.006087s.
250329-15:58:18,224 nipype.workflow INFO:
	 [Node] Setting-up "fmriprep_24_0_wf.sub_34_wf.bold_task_bird_run_2_wf.bold_confounds_wf.dilated_mask" in "/work_dir/fmriprep_24_0_wf/sub_34_wf/bold_task_bird_run_2_wf/bold_confounds_wf/dilated_mask".
250329-15:58:18,226 nipype.workflow INFO:
	 [Node] Executing "dilated_mask" <niworkflows.interfaces.morphology.BinaryDilation>
250329-15:58:18,383 nipype.workflow INFO:
	 [Node] Finished "dilated_mask", elapsed time 0.156978s.
250329-15:58:20,613 nipype.workflow INFO:
	 [Node] Setting-up "fmriprep_24_0_wf.sub_34_wf.bold_task_bird_run_2_wf.bold_confounds_wf.subtract_mask" in "/work_dir/fmriprep_24_0_wf/sub_34_wf/bold_task_bird_run_2_wf/bold_confounds_wf/subtract_mask".
250329-15:58:20,617 nipype.workflow INFO:
	 [Node] Executing "subtract_mask" <niworkflows.interfaces.morphology.BinarySubtraction>
250329-15:58:20,695 nipype.workflow INFO:
	 [Node] Finished "subtract_mask", elapsed time 0.077866s.
250329-15:58:22,233 nipype.workflow INFO:
	 [Node] Setting-up "fmriprep_24_0_wf.sub_34_wf.bold_task_bird_run_1_wf.bold_fit_wf.func_fit_reports_wf.t1w_boldref" in "/work_dir/fmriprep_24_0_wf/sub_34_wf/bold_task_bird_run_1_wf/bold_fit_wf/func_fit_reports_wf/t1w_boldref".
250329-15:58:22,237 nipype.workflow INFO:
	 [Node] Executing "t1w_boldref" <niworkflows.interfaces.fixes.FixHeaderApplyTransforms>
250329-15:58:22,867 nipype.workflow INFO:
	 [Node] Setting-up "fmriprep_24_0_wf.sub_34_wf.bold_task_bird_run_1_wf.bold_confounds_wf.t1w_mask_tfm" in "/work_dir/fmriprep_24_0_wf/sub_34_wf/bold_task_bird_run_1_wf/bold_confounds_wf/t1w_mask_tfm".
250329-15:58:22,871 nipype.workflow INFO:
	 [Node] Executing "t1w_mask_tfm" <niworkflows.interfaces.fixes.FixHeaderApplyTransforms>
250329-15:58:22,875 nipype.workflow INFO:
	 [Node] Setting-up "fmriprep_24_0_wf.sub_34_wf.bold_task_bird_run_2_wf.bold_confounds_wf.crowncompcor" in "/work_dir/fmriprep_24_0_wf/sub_34_wf/bold_task_bird_run_2_wf/bold_confounds_wf/crowncompcor".
250329-15:58:22,974 nipype.workflow INFO:
	 [Node] Executing "crowncompcor" <niworkflows.interfaces.patches.RobustACompCor>
250329-15:58:37,226 nipype.workflow INFO:
	 [Node] Finished "t1w_boldref", elapsed time 14.987961s.
250329-15:58:37,416 nipype.workflow INFO:
	 [Node] Finished "t1w_mask_tfm", elapsed time 13.957393s.
250329-15:58:37,989 nipype.workflow INFO:
	 [Node] Setting-up "fmriprep_24_0_wf.sub_34_wf.bold_task_bird_run_1_wf.bold_confounds_wf.union_mask" in "/work_dir/fmriprep_24_0_wf/sub_34_wf/bold_task_bird_run_1_wf/bold_confounds_wf/union_mask".
250329-15:58:37,992 nipype.workflow INFO:
	 [Node] Executing "union_mask" <nipype.interfaces.utility.wrappers.Function>
250329-15:58:38,79 nipype.workflow INFO:
	 [Node] Finished "union_mask", elapsed time 0.085723s.
250329-15:58:40,198 nipype.workflow INFO:
	 [Node] Setting-up "fmriprep_24_0_wf.sub_34_wf.bold_task_bird_run_1_wf.bold_anat_wf.resample" in "/work_dir/fmriprep_24_0_wf/sub_34_wf/bold_task_bird_run_1_wf/bold_anat_wf/resample".
250329-15:58:40,202 nipype.workflow INFO:
	 [Node] Executing "resample" <fmriprep.interfaces.resampling.ResampleSeries>
250329-15:58:41,670 nipype.workflow INFO:
	 [Node] Finished "crowncompcor", elapsed time 18.694876s.
250329-15:58:44,57 nipype.workflow INFO:
	 [Node] Setting-up "fmriprep_24_0_wf.sub_34_wf.bold_task_bird_run_1_wf.bold_confounds_wf.dilated_mask" in "/work_dir/fmriprep_24_0_wf/sub_34_wf/bold_task_bird_run_1_wf/bold_confounds_wf/dilated_mask".
250329-15:58:44,59 nipype.workflow INFO:
	 [Node] Executing "dilated_mask" <niworkflows.interfaces.morphology.BinaryDilation>
250329-15:58:44,381 nipype.workflow INFO:
	 [Node] Finished "dilated_mask", elapsed time 0.321078s.
250329-15:58:46,137 nipype.workflow INFO:
	 [Node] Setting-up "fmriprep_24_0_wf.sub_34_wf.bold_task_bird_run_1_wf.bold_confounds_wf.subtract_mask" in "/work_dir/fmriprep_24_0_wf/sub_34_wf/bold_task_bird_run_1_wf/bold_confounds_wf/subtract_mask".
250329-15:58:46,140 nipype.workflow INFO:
	 [Node] Executing "subtract_mask" <niworkflows.interfaces.morphology.BinarySubtraction>
250329-15:58:46,204 nipype.workflow INFO:
	 [Node] Finished "subtract_mask", elapsed time 0.062846s.
250329-15:58:48,59 nipype.workflow INFO:
	 [Node] Setting-up "fmriprep_24_0_wf.sub_34_wf.bold_task_bird_run_1_wf.bold_confounds_wf.crowncompcor" in "/work_dir/fmriprep_24_0_wf/sub_34_wf/bold_task_bird_run_1_wf/bold_confounds_wf/crowncompcor".
250329-15:58:48,279 nipype.workflow INFO:
	 [Node] Executing "crowncompcor" <niworkflows.interfaces.patches.RobustACompCor>
250329-15:59:17,252 nipype.workflow INFO:
	 [Node] Finished "crowncompcor", elapsed time 28.971477s.
250329-15:59:17,293 nipype.workflow INFO:
	 [Node] Finished "resample", elapsed time 71.342744s.
250329-15:59:18,2 nipype.workflow INFO:
	 [Node] Setting-up "fmriprep_24_0_wf.sub_34_wf.bold_task_bird_run_1_wf.bold_confounds_wf.crowncc_metadata_fmt" in "/work_dir/fmriprep_24_0_wf/sub_34_wf/bold_task_bird_run_1_wf/bold_confounds_wf/crowncc_metadata_fmt".
250329-15:59:18,15 nipype.workflow INFO:
	 [Node] Executing "crowncc_metadata_fmt" <niworkflows.interfaces.utility.TSV2JSON>
250329-15:59:18,22 nipype.workflow INFO:
	 [Node] Setting-up "fmriprep_24_0_wf.sub_34_wf.bold_task_bird_run_2_wf.bold_confounds_wf.crowncc_metadata_fmt" in "/work_dir/fmriprep_24_0_wf/sub_34_wf/bold_task_bird_run_2_wf/bold_confounds_wf/crowncc_metadata_fmt".
250329-15:59:18,23 nipype.workflow INFO:
	 [Node] Finished "crowncc_metadata_fmt", elapsed time 0.007568s.
250329-15:59:18,25 nipype.workflow INFO:
	 [Node] Executing "crowncc_metadata_fmt" <niworkflows.interfaces.utility.TSV2JSON>
250329-15:59:18,35 nipype.workflow INFO:
	 [Node] Finished "crowncc_metadata_fmt", elapsed time 0.009397s.
250329-15:59:20,828 nipype.workflow INFO:
	 [Node] Finished "bbregister", elapsed time 142.476112s.
250329-15:59:23,809 nipype.workflow INFO:
	 [Node] Setting-up "fmriprep_24_0_wf.sub_34_wf.bold_task_bird_run_3_wf.bold_fit_wf.bold_reg_wf.bbreg_wf.compare_transforms" in "/work_dir/fmriprep_24_0_wf/sub_34_wf/bold_task_bird_run_3_wf/bold_fit_wf/bold_reg_wf/bbreg_wf/compare_transforms".
250329-15:59:23,812 nipype.workflow INFO:
	 [Node] Executing "compare_transforms" <nipype.interfaces.utility.wrappers.Function>
250329-15:59:23,825 nipype.workflow INFO:
	 [Node] Finished "compare_transforms", elapsed time 0.012371s.
250329-15:59:30,146 nipype.workflow INFO:
	 [Node] Setting-up "fmriprep_24_0_wf.sub_34_wf.bold_task_bird_run_3_wf.bold_fit_wf.bold_reg_wf.bbreg_wf.concat_xfm" in "/work_dir/fmriprep_24_0_wf/sub_34_wf/bold_task_bird_run_3_wf/bold_fit_wf/bold_reg_wf/bbreg_wf/concat_xfm".
250329-15:59:30,149 nipype.workflow INFO:
	 [Node] Executing "concat_xfm" <niworkflows.interfaces.nitransforms.ConcatenateXFMs>
250329-15:59:30,156 nipype.workflow INFO:
	 [Node] Finished "concat_xfm", elapsed time 0.005642s.
250329-15:59:31,948 nipype.workflow INFO:
	 [Node] Finished "bbregister", elapsed time 112.162379s.
250329-15:59:34,88 nipype.workflow INFO:
	 [Node] Setting-up "fmriprep_24_0_wf.sub_34_wf.bold_task_bird_run_3_wf.bold_fit_wf.func_fit_reports_wf.t1w_boldref" in "/work_dir/fmriprep_24_0_wf/sub_34_wf/bold_task_bird_run_3_wf/bold_fit_wf/func_fit_reports_wf/t1w_boldref".
250329-15:59:34,92 nipype.workflow INFO:
	 [Node] Executing "t1w_boldref" <niworkflows.interfaces.fixes.FixHeaderApplyTransforms>
250329-15:59:34,556 nipype.workflow INFO:
	 [Node] Setting-up "fmriprep_24_0_wf.sub_34_wf.bold_task_bird_run_3_wf.bold_confounds_wf.t1w_mask_tfm" in "/work_dir/fmriprep_24_0_wf/sub_34_wf/bold_task_bird_run_3_wf/bold_confounds_wf/t1w_mask_tfm".
250329-15:59:34,561 nipype.workflow INFO:
	 [Node] Executing "t1w_mask_tfm" <niworkflows.interfaces.fixes.FixHeaderApplyTransforms>
250329-15:59:35,954 nipype.workflow INFO:
	 [Node] Setting-up "fmriprep_24_0_wf.sub_34_wf.bold_task_bird_run_4_wf.bold_fit_wf.bold_reg_wf.bbreg_wf.compare_transforms" in "/work_dir/fmriprep_24_0_wf/sub_34_wf/bold_task_bird_run_4_wf/bold_fit_wf/bold_reg_wf/bbreg_wf/compare_transforms".
250329-15:59:35,956 nipype.workflow INFO:
	 [Node] Executing "compare_transforms" <nipype.interfaces.utility.wrappers.Function>
250329-15:59:35,985 nipype.workflow INFO:
	 [Node] Finished "compare_transforms", elapsed time 0.027517s.
250329-15:59:37,495 nipype.workflow INFO:
	 [Node] Finished "resample", elapsed time 57.291641s.
250329-15:59:38,782 nipype.workflow INFO:
	 [Node] Setting-up "fmriprep_24_0_wf.sub_34_wf.bold_task_bird_run_3_wf.bold_anat_wf.resample" in "/work_dir/fmriprep_24_0_wf/sub_34_wf/bold_task_bird_run_3_wf/bold_anat_wf/resample".
250329-15:59:38,786 nipype.workflow INFO:
	 [Node] Executing "resample" <fmriprep.interfaces.resampling.ResampleSeries>
250329-15:59:41,975 nipype.workflow INFO:
	 [Node] Setting-up "fmriprep_24_0_wf.sub_34_wf.bold_task_bird_run_4_wf.bold_fit_wf.bold_reg_wf.bbreg_wf.concat_xfm" in "/work_dir/fmriprep_24_0_wf/sub_34_wf/bold_task_bird_run_4_wf/bold_fit_wf/bold_reg_wf/bbreg_wf/concat_xfm".
250329-15:59:41,978 nipype.workflow INFO:
	 [Node] Executing "concat_xfm" <niworkflows.interfaces.nitransforms.ConcatenateXFMs>
250329-15:59:41,984 nipype.workflow INFO:
	 [Node] Finished "concat_xfm", elapsed time 0.005239s.
250329-15:59:42,17 nipype.workflow INFO:
	 [Node] Finished "t1w_boldref", elapsed time 7.924235s.
250329-15:59:42,363 nipype.workflow INFO:
	 [Node] Finished "bbregister", elapsed time 102.626448s.
250329-15:59:42,436 nipype.workflow INFO:
	 [Node] Finished "t1w_mask_tfm", elapsed time 7.874174s.
250329-15:59:44,395 nipype.workflow INFO:
	 [Node] Setting-up "fmriprep_24_0_wf.sub_34_wf.bold_task_bird_run_3_wf.bold_confounds_wf.union_mask" in "/work_dir/fmriprep_24_0_wf/sub_34_wf/bold_task_bird_run_3_wf/bold_confounds_wf/union_mask".
250329-15:59:44,398 nipype.workflow INFO:
	 [Node] Executing "union_mask" <nipype.interfaces.utility.wrappers.Function>
250329-15:59:44,446 nipype.workflow INFO:
	 [Node] Finished "union_mask", elapsed time 0.0474s.
250329-15:59:46,262 nipype.workflow INFO:
	 [Node] Setting-up "fmriprep_24_0_wf.sub_34_wf.bold_task_bird_run_6_wf.bold_fit_wf.bold_reg_wf.bbreg_wf.compare_transforms" in "/work_dir/fmriprep_24_0_wf/sub_34_wf/bold_task_bird_run_6_wf/bold_fit_wf/bold_reg_wf/bbreg_wf/compare_transforms".
250329-15:59:46,265 nipype.workflow INFO:
	 [Node] Executing "compare_transforms" <nipype.interfaces.utility.wrappers.Function>
250329-15:59:46,268 nipype.workflow INFO:
	 [Node] Setting-up "fmriprep_24_0_wf.sub_34_wf.bold_task_bird_run_4_wf.bold_fit_wf.func_fit_reports_wf.t1w_boldref" in "/work_dir/fmriprep_24_0_wf/sub_34_wf/bold_task_bird_run_4_wf/bold_fit_wf/func_fit_reports_wf/t1w_boldref".
250329-15:59:46,273 nipype.workflow INFO:
	 [Node] Executing "t1w_boldref" <niworkflows.interfaces.fixes.FixHeaderApplyTransforms>
250329-15:59:46,630 nipype.workflow INFO:
	 [Node] Finished "compare_transforms", elapsed time 0.364399s.
250329-15:59:46,704 nipype.workflow INFO:
	 [Node] Setting-up "fmriprep_24_0_wf.sub_34_wf.bold_task_bird_run_4_wf.bold_confounds_wf.t1w_mask_tfm" in "/work_dir/fmriprep_24_0_wf/sub_34_wf/bold_task_bird_run_4_wf/bold_confounds_wf/t1w_mask_tfm".
250329-15:59:46,708 nipype.workflow INFO:
	 [Node] Executing "t1w_mask_tfm" <niworkflows.interfaces.fixes.FixHeaderApplyTransforms>
250329-15:59:46,711 nipype.workflow INFO:
	 [Node] Setting-up "fmriprep_24_0_wf.sub_34_wf.bold_task_bird_run_3_wf.bold_confounds_wf.dilated_mask" in "/work_dir/fmriprep_24_0_wf/sub_34_wf/bold_task_bird_run_3_wf/bold_confounds_wf/dilated_mask".
250329-15:59:46,713 nipype.workflow INFO:
	 [Node] Executing "dilated_mask" <niworkflows.interfaces.morphology.BinaryDilation>
250329-15:59:46,825 nipype.workflow INFO:
	 [Node] Finished "dilated_mask", elapsed time 0.111372s.
250329-15:59:49,267 nipype.workflow INFO:
	 [Node] Setting-up "fmriprep_24_0_wf.sub_34_wf.bold_task_bird_run_3_wf.bold_confounds_wf.subtract_mask" in "/work_dir/fmriprep_24_0_wf/sub_34_wf/bold_task_bird_run_3_wf/bold_confounds_wf/subtract_mask".
250329-15:59:49,270 nipype.workflow INFO:
	 [Node] Executing "subtract_mask" <niworkflows.interfaces.morphology.BinarySubtraction>
250329-15:59:49,364 nipype.workflow INFO:
	 [Node] Finished "subtract_mask", elapsed time 0.093376s.
250329-15:59:50,778 nipype.workflow INFO:
	 [Node] Finished "bbregister", elapsed time 118.632828s.
250329-15:59:50,873 nipype.workflow INFO:
	 [Node] Setting-up "fmriprep_24_0_wf.sub_34_wf.bold_task_bird_run_3_wf.bold_confounds_wf.crowncompcor" in "/work_dir/fmriprep_24_0_wf/sub_34_wf/bold_task_bird_run_3_wf/bold_confounds_wf/crowncompcor".
250329-15:59:50,885 nipype.workflow INFO:
	 [Node] Executing "crowncompcor" <niworkflows.interfaces.patches.RobustACompCor>
250329-15:59:50,930 nipype.workflow INFO:
	 [Node] Setting-up "fmriprep_24_0_wf.sub_34_wf.bold_task_bird_run_4_wf.bold_anat_wf.resample" in "/work_dir/fmriprep_24_0_wf/sub_34_wf/bold_task_bird_run_4_wf/bold_anat_wf/resample".
250329-15:59:50,934 nipype.workflow INFO:
	 [Node] Executing "resample" <fmriprep.interfaces.resampling.ResampleSeries>
250329-15:59:52,936 nipype.workflow INFO:
	 [Node] Setting-up "fmriprep_24_0_wf.sub_34_wf.bold_task_bird_run_6_wf.bold_fit_wf.bold_reg_wf.bbreg_wf.concat_xfm" in "/work_dir/fmriprep_24_0_wf/sub_34_wf/bold_task_bird_run_6_wf/bold_fit_wf/bold_reg_wf/bbreg_wf/concat_xfm".
250329-15:59:52,939 nipype.workflow INFO:
	 [Node] Executing "concat_xfm" <niworkflows.interfaces.nitransforms.ConcatenateXFMs>
250329-15:59:52,945 nipype.workflow INFO:
	 [Node] Finished "concat_xfm", elapsed time 0.00525s.
250329-15:59:54,152 nipype.workflow INFO:
	 [Node] Setting-up "fmriprep_24_0_wf.sub_34_wf.bold_task_bird_run_5_wf.bold_fit_wf.bold_reg_wf.bbreg_wf.compare_transforms" in "/work_dir/fmriprep_24_0_wf/sub_34_wf/bold_task_bird_run_5_wf/bold_fit_wf/bold_reg_wf/bbreg_wf/compare_transforms".
250329-15:59:54,155 nipype.workflow INFO:
	 [Node] Executing "compare_transforms" <nipype.interfaces.utility.wrappers.Function>
250329-15:59:54,165 nipype.workflow INFO:
	 [Node] Finished "compare_transforms", elapsed time 0.009663s.
250329-15:59:56,950 nipype.workflow INFO:
	 [Node] Setting-up "fmriprep_24_0_wf.sub_34_wf.bold_task_bird_run_6_wf.bold_fit_wf.func_fit_reports_wf.t1w_boldref" in "/work_dir/fmriprep_24_0_wf/sub_34_wf/bold_task_bird_run_6_wf/bold_fit_wf/func_fit_reports_wf/t1w_boldref".
250329-15:59:56,955 nipype.workflow INFO:
	 [Node] Executing "t1w_boldref" <niworkflows.interfaces.fixes.FixHeaderApplyTransforms>
250329-15:59:57,263 nipype.workflow INFO:
	 [Node] Setting-up "fmriprep_24_0_wf.sub_34_wf.bold_task_bird_run_6_wf.bold_confounds_wf.t1w_mask_tfm" in "/work_dir/fmriprep_24_0_wf/sub_34_wf/bold_task_bird_run_6_wf/bold_confounds_wf/t1w_mask_tfm".
250329-15:59:57,267 nipype.workflow INFO:
	 [Node] Executing "t1w_mask_tfm" <niworkflows.interfaces.fixes.FixHeaderApplyTransforms>
250329-15:59:58,277 nipype.workflow INFO:
	 [Node] Finished "t1w_boldref", elapsed time 12.003921s.
250329-16:00:02,27 nipype.workflow INFO:
	 [Node] Setting-up "fmriprep_24_0_wf.sub_34_wf.bold_task_bird_run_5_wf.bold_fit_wf.bold_reg_wf.bbreg_wf.concat_xfm" in "/work_dir/fmriprep_24_0_wf/sub_34_wf/bold_task_bird_run_5_wf/bold_fit_wf/bold_reg_wf/bbreg_wf/concat_xfm".
250329-16:00:02,30 nipype.workflow INFO:
	 [Node] Executing "concat_xfm" <niworkflows.interfaces.nitransforms.ConcatenateXFMs>
250329-16:00:02,37 nipype.workflow INFO:
	 [Node] Finished "concat_xfm", elapsed time 0.005963s.
250329-16:00:02,170 nipype.workflow INFO:
	 [Node] Finished "t1w_mask_tfm", elapsed time 15.460102s.
250329-16:00:04,747 nipype.workflow INFO:
	 [Node] Setting-up "fmriprep_24_0_wf.sub_34_wf.bold_task_bird_run_4_wf.bold_confounds_wf.union_mask" in "/work_dir/fmriprep_24_0_wf/sub_34_wf/bold_task_bird_run_4_wf/bold_confounds_wf/union_mask".
250329-16:00:04,750 nipype.workflow INFO:
	 [Node] Executing "union_mask" <nipype.interfaces.utility.wrappers.Function>
250329-16:00:04,798 nipype.workflow INFO:
	 [Node] Finished "union_mask", elapsed time 0.046687s.
250329-16:00:06,341 nipype.workflow INFO:
	 [Node] Setting-up "fmriprep_24_0_wf.sub_34_wf.bold_task_bird_run_5_wf.bold_fit_wf.func_fit_reports_wf.t1w_boldref" in "/work_dir/fmriprep_24_0_wf/sub_34_wf/bold_task_bird_run_5_wf/bold_fit_wf/func_fit_reports_wf/t1w_boldref".
250329-16:00:06,346 nipype.workflow INFO:
	 [Node] Executing "t1w_boldref" <niworkflows.interfaces.fixes.FixHeaderApplyTransforms>
250329-16:00:07,15 nipype.workflow INFO:
	 [Node] Setting-up "fmriprep_24_0_wf.sub_34_wf.bold_task_bird_run_5_wf.bold_confounds_wf.t1w_mask_tfm" in "/work_dir/fmriprep_24_0_wf/sub_34_wf/bold_task_bird_run_5_wf/bold_confounds_wf/t1w_mask_tfm".
250329-16:00:07,20 nipype.workflow INFO:
	 [Node] Executing "t1w_mask_tfm" <niworkflows.interfaces.fixes.FixHeaderApplyTransforms>
250329-16:00:07,513 nipype.workflow INFO:
	 [Node] Finished "t1w_boldref", elapsed time 10.557051s.
250329-16:00:08,639 nipype.workflow INFO:
	 [Node] Finished "crowncompcor", elapsed time 17.753045s.
250329-16:00:08,975 nipype.workflow INFO:
	 [Node] Setting-up "fmriprep_24_0_wf.sub_34_wf.bold_task_bird_run_4_wf.bold_confounds_wf.dilated_mask" in "/work_dir/fmriprep_24_0_wf/sub_34_wf/bold_task_bird_run_4_wf/bold_confounds_wf/dilated_mask".
250329-16:00:08,977 nipype.workflow INFO:
	 [Node] Executing "dilated_mask" <niworkflows.interfaces.morphology.BinaryDilation>
250329-16:00:09,225 nipype.workflow INFO:
	 [Node] Finished "dilated_mask", elapsed time 0.246925s.
250329-16:00:10,370 nipype.workflow INFO:
	 [Node] Setting-up "fmriprep_24_0_wf.sub_34_wf.bold_task_bird_run_4_wf.bold_confounds_wf.subtract_mask" in "/work_dir/fmriprep_24_0_wf/sub_34_wf/bold_task_bird_run_4_wf/bold_confounds_wf/subtract_mask".
250329-16:00:10,373 nipype.workflow INFO:
	 [Node] Executing "subtract_mask" <niworkflows.interfaces.morphology.BinarySubtraction>
250329-16:00:10,391 nipype.workflow INFO:
	 [Node] Setting-up "fmriprep_24_0_wf.sub_34_wf.bold_task_bird_run_3_wf.bold_confounds_wf.crowncc_metadata_fmt" in "/work_dir/fmriprep_24_0_wf/sub_34_wf/bold_task_bird_run_3_wf/bold_confounds_wf/crowncc_metadata_fmt".
250329-16:00:10,400 nipype.workflow INFO:
	 [Node] Executing "crowncc_metadata_fmt" <niworkflows.interfaces.utility.TSV2JSON>
250329-16:00:10,422 nipype.workflow INFO:
	 [Node] Finished "subtract_mask", elapsed time 0.048314s.
250329-16:00:10,425 nipype.workflow INFO:
	 [Node] Finished "crowncc_metadata_fmt", elapsed time 0.023847s.
250329-16:00:12,120 nipype.workflow INFO:
	 [Node] Setting-up "fmriprep_24_0_wf.sub_34_wf.bold_task_bird_run_4_wf.bold_confounds_wf.crowncompcor" in "/work_dir/fmriprep_24_0_wf/sub_34_wf/bold_task_bird_run_4_wf/bold_confounds_wf/crowncompcor".
250329-16:00:12,262 nipype.workflow INFO:
	 [Node] Executing "crowncompcor" <niworkflows.interfaces.patches.RobustACompCor>
250329-16:00:13,58 nipype.workflow INFO:
	 [Node] Finished "t1w_mask_tfm", elapsed time 14.925654s.
250329-16:00:14,63 nipype.workflow INFO:
	 [Node] Setting-up "fmriprep_24_0_wf.sub_34_wf.bold_task_bird_run_6_wf.bold_confounds_wf.union_mask" in "/work_dir/fmriprep_24_0_wf/sub_34_wf/bold_task_bird_run_6_wf/bold_confounds_wf/union_mask".
250329-16:00:14,66 nipype.workflow INFO:
	 [Node] Executing "union_mask" <nipype.interfaces.utility.wrappers.Function>
250329-16:00:14,156 nipype.workflow INFO:
	 [Node] Finished "union_mask", elapsed time 0.08938s.
250329-16:00:16,122 nipype.workflow INFO:
	 [Node] Setting-up "fmriprep_24_0_wf.sub_34_wf.bold_task_bird_run_6_wf.bold_confounds_wf.dilated_mask" in "/work_dir/fmriprep_24_0_wf/sub_34_wf/bold_task_bird_run_6_wf/bold_confounds_wf/dilated_mask".
250329-16:00:16,125 nipype.workflow INFO:
	 [Node] Executing "dilated_mask" <niworkflows.interfaces.morphology.BinaryDilation>
250329-16:00:16,308 nipype.workflow INFO:
	 [Node] Finished "dilated_mask", elapsed time 0.182796s.
250329-16:00:18,173 nipype.workflow INFO:
	 [Node] Setting-up "fmriprep_24_0_wf.sub_34_wf.bold_task_bird_run_6_wf.bold_confounds_wf.subtract_mask" in "/work_dir/fmriprep_24_0_wf/sub_34_wf/bold_task_bird_run_6_wf/bold_confounds_wf/subtract_mask".
250329-16:00:18,175 nipype.workflow INFO:
	 [Node] Executing "subtract_mask" <niworkflows.interfaces.morphology.BinarySubtraction>
250329-16:00:18,240 nipype.workflow INFO:
	 [Node] Finished "subtract_mask", elapsed time 0.063911s.
250329-16:00:18,682 nipype.workflow INFO:
	 [Node] Finished "t1w_boldref", elapsed time 12.334473s.
250329-16:00:20,322 nipype.workflow INFO:
	 [Node] Setting-up "fmriprep_24_0_wf.sub_34_wf.bold_task_bird_run_6_wf.bold_confounds_wf.crowncompcor" in "/work_dir/fmriprep_24_0_wf/sub_34_wf/bold_task_bird_run_6_wf/bold_confounds_wf/crowncompcor".
250329-16:00:20,327 nipype.workflow INFO:
	 [Node] Executing "crowncompcor" <niworkflows.interfaces.patches.RobustACompCor>
250329-16:00:21,570 nipype.workflow INFO:
	 [Node] Finished "t1w_mask_tfm", elapsed time 14.548885s.
250329-16:00:21,794 nipype.workflow INFO:
	 [Node] Setting-up "fmriprep_24_0_wf.sub_34_wf.bold_task_bird_run_5_wf.bold_confounds_wf.union_mask" in "/work_dir/fmriprep_24_0_wf/sub_34_wf/bold_task_bird_run_5_wf/bold_confounds_wf/union_mask".
250329-16:00:21,797 nipype.workflow INFO:
	 [Node] Executing "union_mask" <nipype.interfaces.utility.wrappers.Function>
250329-16:00:21,970 nipype.workflow INFO:
	 [Node] Finished "union_mask", elapsed time 0.171752s.
250329-16:00:24,159 nipype.workflow INFO:
	 [Node] Setting-up "fmriprep_24_0_wf.sub_34_wf.bold_task_bird_run_5_wf.bold_confounds_wf.dilated_mask" in "/work_dir/fmriprep_24_0_wf/sub_34_wf/bold_task_bird_run_5_wf/bold_confounds_wf/dilated_mask".
250329-16:00:24,161 nipype.workflow INFO:
	 [Node] Executing "dilated_mask" <niworkflows.interfaces.morphology.BinaryDilation>
250329-16:00:24,571 nipype.workflow INFO:
	 [Node] Finished "dilated_mask", elapsed time 0.40966s.
250329-16:00:25,818 nipype.workflow INFO:
	 [Node] Finished "crowncompcor", elapsed time 13.554631s.
250329-16:00:25,980 nipype.workflow INFO:
	 [Node] Setting-up "fmriprep_24_0_wf.sub_34_wf.bold_task_bird_run_5_wf.bold_confounds_wf.subtract_mask" in "/work_dir/fmriprep_24_0_wf/sub_34_wf/bold_task_bird_run_5_wf/bold_confounds_wf/subtract_mask".
250329-16:00:25,983 nipype.workflow INFO:
	 [Node] Executing "subtract_mask" <niworkflows.interfaces.morphology.BinarySubtraction>
250329-16:00:26,34 nipype.workflow INFO:
	 [Node] Finished "subtract_mask", elapsed time 0.05087s.
250329-16:00:28,81 nipype.workflow INFO:
	 [Node] Setting-up "fmriprep_24_0_wf.sub_34_wf.bold_task_bird_run_5_wf.bold_confounds_wf.crowncompcor" in "/work_dir/fmriprep_24_0_wf/sub_34_wf/bold_task_bird_run_5_wf/bold_confounds_wf/crowncompcor".
250329-16:00:28,91 nipype.workflow INFO:
	 [Node] Setting-up "fmriprep_24_0_wf.sub_34_wf.bold_task_bird_run_4_wf.bold_confounds_wf.crowncc_metadata_fmt" in "/work_dir/fmriprep_24_0_wf/sub_34_wf/bold_task_bird_run_4_wf/bold_confounds_wf/crowncc_metadata_fmt".
250329-16:00:28,106 nipype.workflow INFO:
	 [Node] Executing "crowncc_metadata_fmt" <niworkflows.interfaces.utility.TSV2JSON>
250329-16:00:28,405 nipype.workflow INFO:
	 [Node] Executing "crowncompcor" <niworkflows.interfaces.patches.RobustACompCor>
250329-16:00:28,796 nipype.workflow INFO:
	 [Node] Finished "crowncc_metadata_fmt", elapsed time 0.688865s.
250329-16:00:29,805 nipype.workflow INFO:
	 [Node] Finished "crowncompcor", elapsed time 9.477473s.
250329-16:00:31,956 nipype.workflow INFO:
	 [Node] Setting-up "fmriprep_24_0_wf.sub_34_wf.bold_task_bird_run_6_wf.bold_confounds_wf.crowncc_metadata_fmt" in "/work_dir/fmriprep_24_0_wf/sub_34_wf/bold_task_bird_run_6_wf/bold_confounds_wf/crowncc_metadata_fmt".
250329-16:00:31,959 nipype.workflow INFO:
	 [Node] Executing "crowncc_metadata_fmt" <niworkflows.interfaces.utility.TSV2JSON>
250329-16:00:31,968 nipype.workflow INFO:
	 [Node] Finished "crowncc_metadata_fmt", elapsed time 0.008032s.
250329-16:00:34,698 nipype.workflow INFO:
	 [Node] Finished "resample", elapsed time 55.889179s.
250329-16:00:35,906 nipype.workflow INFO:
	 [Node] Setting-up "fmriprep_24_0_wf.sub_34_wf.bold_task_bird_run_5_wf.bold_anat_wf.resample" in "/work_dir/fmriprep_24_0_wf/sub_34_wf/bold_task_bird_run_5_wf/bold_anat_wf/resample".
250329-16:00:35,910 nipype.workflow INFO:
	 [Node] Executing "resample" <fmriprep.interfaces.resampling.ResampleSeries>
250329-16:00:36,828 nipype.workflow INFO:
	 [Node] Finished "crowncompcor", elapsed time 8.421907s.
250329-16:00:37,846 nipype.workflow INFO:
	 [Node] Setting-up "fmriprep_24_0_wf.sub_34_wf.bold_task_bird_run_5_wf.bold_confounds_wf.crowncc_metadata_fmt" in "/work_dir/fmriprep_24_0_wf/sub_34_wf/bold_task_bird_run_5_wf/bold_confounds_wf/crowncc_metadata_fmt".
250329-16:00:37,849 nipype.workflow INFO:
	 [Node] Executing "crowncc_metadata_fmt" <niworkflows.interfaces.utility.TSV2JSON>
250329-16:00:37,869 nipype.workflow INFO:
	 [Node] Finished "crowncc_metadata_fmt", elapsed time 0.019402s.
250329-16:00:41,778 nipype.workflow INFO:
	 [Node] Finished "resample", elapsed time 50.843095s.
250329-16:00:43,988 nipype.workflow INFO:
	 [Node] Setting-up "fmriprep_24_0_wf.sub_34_wf.bold_task_bird_run_6_wf.bold_anat_wf.resample" in "/work_dir/fmriprep_24_0_wf/sub_34_wf/bold_task_bird_run_6_wf/bold_anat_wf/resample".
250329-16:00:43,993 nipype.workflow INFO:
	 [Node] Executing "resample" <fmriprep.interfaces.resampling.ResampleSeries>
250329-16:01:21,894 nipype.workflow INFO:
	 [Node] Finished "resample", elapsed time 45.983254s.
250329-16:01:27,750 nipype.workflow INFO:
	 [Node] Finished "resample", elapsed time 43.75607s.
250329-16:01:33,602 nipype.workflow INFO:
	 [Node] Finished "fast", elapsed time 259.628478s.
250329-16:01:33,834 nipype.workflow INFO:
	 [Node] Setting-up "fmriprep_24_0_wf.sub_34_wf.anat_fit_wf.lut_t1w_dseg" in "/work_dir/fmriprep_24_0_wf/sub_34_wf/anat_fit_wf/lut_t1w_dseg".
250329-16:01:33,837 nipype.workflow INFO:
	 [Node] Executing "lut_t1w_dseg" <nipype.interfaces.utility.wrappers.Function>
250329-16:01:34,193 nipype.workflow INFO:
	 [Node] Finished "lut_t1w_dseg", elapsed time 0.35494s.
250329-16:01:44,689 nipype.workflow INFO:
	 [Node] Setting-up "fmriprep_24_0_wf.sub_34_wf.bold_task_bird_run_1_wf.bold_fit_wf.func_fit_reports_wf.t1w_wm" in "/work_dir/fmriprep_24_0_wf/sub_34_wf/bold_task_bird_run_1_wf/bold_fit_wf/func_fit_reports_wf/t1w_wm".
250329-16:01:44,692 nipype.workflow INFO:
	 [Node] Executing "t1w_wm" <nipype.interfaces.utility.wrappers.Function>
250329-16:01:44,692 nipype.workflow INFO:
	 [Node] Setting-up "fmriprep_24_0_wf.sub_34_wf.anat_fit_wf.anat_reports_wf.seg_rpt" in "/work_dir/fmriprep_24_0_wf/sub_34_wf/anat_fit_wf/anat_reports_wf/seg_rpt".
250329-16:01:44,696 nipype.workflow INFO:
	 [Node] Setting-up "fmriprep_24_0_wf.sub_34_wf.bold_task_bird_run_2_wf.bold_fit_wf.func_fit_reports_wf.t1w_wm" in "/work_dir/fmriprep_24_0_wf/sub_34_wf/bold_task_bird_run_2_wf/bold_fit_wf/func_fit_reports_wf/t1w_wm".
250329-16:01:44,697 nipype.workflow INFO:
	 [Node] Setting-up "fmriprep_24_0_wf.sub_34_wf.bold_task_bird_run_3_wf.bold_fit_wf.func_fit_reports_wf.t1w_wm" in "/work_dir/fmriprep_24_0_wf/sub_34_wf/bold_task_bird_run_3_wf/bold_fit_wf/func_fit_reports_wf/t1w_wm".
250329-16:01:44,697 nipype.workflow INFO:
	 [Node] Setting-up "fmriprep_24_0_wf.sub_34_wf.bold_task_bird_run_4_wf.bold_fit_wf.func_fit_reports_wf.t1w_wm" in "/work_dir/fmriprep_24_0_wf/sub_34_wf/bold_task_bird_run_4_wf/bold_fit_wf/func_fit_reports_wf/t1w_wm".
250329-16:01:44,697 nipype.workflow INFO:
	 [Node] Setting-up "fmriprep_24_0_wf.sub_34_wf.bold_task_bird_run_5_wf.bold_fit_wf.func_fit_reports_wf.t1w_wm" in "/work_dir/fmriprep_24_0_wf/sub_34_wf/bold_task_bird_run_5_wf/bold_fit_wf/func_fit_reports_wf/t1w_wm".
250329-16:01:44,698 nipype.workflow INFO:
	 [Node] Executing "seg_rpt" <niworkflows.interfaces.reportlets.masks.ROIsPlot>
250329-16:01:44,700 nipype.workflow INFO:
	 [Node] Executing "t1w_wm" <nipype.interfaces.utility.wrappers.Function>
250329-16:01:44,700 nipype.workflow INFO:
	 [Node] Executing "t1w_wm" <nipype.interfaces.utility.wrappers.Function>
250329-16:01:44,700 nipype.workflow INFO:
	 [Node] Executing "t1w_wm" <nipype.interfaces.utility.wrappers.Function>
250329-16:01:44,702 nipype.workflow INFO:
	 [Node] Executing "t1w_wm" <nipype.interfaces.utility.wrappers.Function>
250329-16:01:44,704 nipype.workflow INFO:
	 [Node] Setting-up "fmriprep_24_0_wf.sub_34_wf.bold_task_bird_run_6_wf.bold_fit_wf.func_fit_reports_wf.t1w_wm" in "/work_dir/fmriprep_24_0_wf/sub_34_wf/bold_task_bird_run_6_wf/bold_fit_wf/func_fit_reports_wf/t1w_wm".
250329-16:01:44,704 nipype.workflow INFO:
	 [Node] Setting-up "fmriprep_24_0_wf.sub_34_wf.bold_task_bird_run_2_wf.bold_confounds_wf.acc_masks" in "/work_dir/fmriprep_24_0_wf/sub_34_wf/bold_task_bird_run_2_wf/bold_confounds_wf/acc_masks".
250329-16:01:44,705 nipype.workflow INFO:
	 [Node] Setting-up "fmriprep_24_0_wf.sub_34_wf.bold_task_bird_run_4_wf.bold_confounds_wf.acc_masks" in "/work_dir/fmriprep_24_0_wf/sub_34_wf/bold_task_bird_run_4_wf/bold_confounds_wf/acc_masks".
250329-16:01:44,705 nipype.workflow INFO:
	 [Node] Setting-up "fmriprep_24_0_wf.sub_34_wf.bold_task_bird_run_5_wf.bold_confounds_wf.acc_masks" in "/work_dir/fmriprep_24_0_wf/sub_34_wf/bold_task_bird_run_5_wf/bold_confounds_wf/acc_masks".
250329-16:01:44,706 nipype.workflow INFO:
	 [Node] Setting-up "fmriprep_24_0_wf.sub_34_wf.bold_task_bird_run_6_wf.bold_confounds_wf.acc_masks" in "/work_dir/fmriprep_24_0_wf/sub_34_wf/bold_task_bird_run_6_wf/bold_confounds_wf/acc_masks".
250329-16:01:44,707 nipype.workflow INFO:
	 [Node] Executing "t1w_wm" <nipype.interfaces.utility.wrappers.Function>
250329-16:01:44,968 nipype.workflow INFO:
	 [Node] Executing "acc_masks" <fmriprep.interfaces.confounds.aCompCorMasks>
250329-16:01:45,80 nipype.workflow INFO:
	 [Node] Executing "acc_masks" <fmriprep.interfaces.confounds.aCompCorMasks>
250329-16:01:45,91 nipype.workflow INFO:
	 [Node] Executing "acc_masks" <fmriprep.interfaces.confounds.aCompCorMasks>
250329-16:01:45,103 nipype.workflow INFO:
	 [Node] Executing "acc_masks" <fmriprep.interfaces.confounds.aCompCorMasks>
250329-16:01:45,185 nipype.workflow INFO:
	 [Node] Finished "t1w_wm", elapsed time 0.492055s.
250329-16:01:45,178 nipype.workflow INFO:
	 [Node] Finished "t1w_wm", elapsed time 0.477526s.
250329-16:01:45,201 nipype.workflow INFO:
	 [Node] Finished "t1w_wm", elapsed time 0.473688s.
250329-16:01:45,247 nipype.workflow INFO:
	 [Node] Finished "t1w_wm", elapsed time 0.543361s.
250329-16:01:45,272 nipype.workflow INFO:
	 [Node] Finished "t1w_wm", elapsed time 0.56461s.
250329-16:01:45,318 nipype.workflow INFO:
	 [Node] Setting-up "fmriprep_24_0_wf.sub_34_wf.bold_task_bird_run_1_wf.bold_confounds_wf.acc_masks" in "/work_dir/fmriprep_24_0_wf/sub_34_wf/bold_task_bird_run_1_wf/bold_confounds_wf/acc_masks".
250329-16:01:45,326 nipype.workflow INFO:
	 [Node] Finished "t1w_wm", elapsed time 0.625557s.
250329-16:01:45,441 nipype.workflow INFO:
	 [Node] Executing "acc_masks" <fmriprep.interfaces.confounds.aCompCorMasks>
250329-16:01:46,960 nipype.workflow INFO:
	 [Node] Setting-up "fmriprep_24_0_wf.sub_34_wf.bold_task_bird_run_1_wf.bold_fit_wf.func_fit_reports_wf.boldref_wm" in "/work_dir/fmriprep_24_0_wf/sub_34_wf/bold_task_bird_run_1_wf/bold_fit_wf/func_fit_reports_wf/boldref_wm".
250329-16:01:46,963 nipype.workflow INFO:
	 [Node] Setting-up "fmriprep_24_0_wf.sub_34_wf.bold_task_bird_run_2_wf.bold_fit_wf.func_fit_reports_wf.boldref_wm" in "/work_dir/fmriprep_24_0_wf/sub_34_wf/bold_task_bird_run_2_wf/bold_fit_wf/func_fit_reports_wf/boldref_wm".
250329-16:01:46,963 nipype.workflow INFO:
	 [Node] Setting-up "fmriprep_24_0_wf.sub_34_wf.bold_task_bird_run_3_wf.bold_fit_wf.func_fit_reports_wf.boldref_wm" in "/work_dir/fmriprep_24_0_wf/sub_34_wf/bold_task_bird_run_3_wf/bold_fit_wf/func_fit_reports_wf/boldref_wm".
250329-16:01:46,963 nipype.workflow INFO:
	 [Node] Setting-up "fmriprep_24_0_wf.sub_34_wf.bold_task_bird_run_4_wf.bold_fit_wf.func_fit_reports_wf.boldref_wm" in "/work_dir/fmriprep_24_0_wf/sub_34_wf/bold_task_bird_run_4_wf/bold_fit_wf/func_fit_reports_wf/boldref_wm".
250329-16:01:46,966 nipype.workflow INFO:
	 [Node] Setting-up "fmriprep_24_0_wf.sub_34_wf.bold_task_bird_run_5_wf.bold_fit_wf.func_fit_reports_wf.boldref_wm" in "/work_dir/fmriprep_24_0_wf/sub_34_wf/bold_task_bird_run_5_wf/bold_fit_wf/func_fit_reports_wf/boldref_wm".
250329-16:01:46,969 nipype.workflow INFO:
	 [Node] Setting-up "fmriprep_24_0_wf.sub_34_wf.bold_task_bird_run_6_wf.bold_fit_wf.func_fit_reports_wf.boldref_wm" in "/work_dir/fmriprep_24_0_wf/sub_34_wf/bold_task_bird_run_6_wf/bold_fit_wf/func_fit_reports_wf/boldref_wm".
250329-16:01:46,976 nipype.workflow INFO:
	 [Node] Executing "boldref_wm" <niworkflows.interfaces.fixes.FixHeaderApplyTransforms>
250329-16:01:46,979 nipype.workflow INFO:
	 [Node] Executing "boldref_wm" <niworkflows.interfaces.fixes.FixHeaderApplyTransforms>
250329-16:01:46,981 nipype.workflow INFO:
	 [Node] Executing "boldref_wm" <niworkflows.interfaces.fixes.FixHeaderApplyTransforms>
250329-16:01:46,982 nipype.workflow INFO:
	 [Node] Executing "boldref_wm" <niworkflows.interfaces.fixes.FixHeaderApplyTransforms>
250329-16:01:46,983 nipype.workflow INFO:
	 [Node] Executing "boldref_wm" <niworkflows.interfaces.fixes.FixHeaderApplyTransforms>
250329-16:01:46,987 nipype.workflow INFO:
	 [Node] Executing "boldref_wm" <niworkflows.interfaces.fixes.FixHeaderApplyTransforms>
250329-16:01:47,849 nipype.workflow INFO:
	 [Node] Setting-up "fmriprep_24_0_wf.sub_34_wf.bold_task_bird_run_3_wf.bold_confounds_wf.acc_masks" in "/work_dir/fmriprep_24_0_wf/sub_34_wf/bold_task_bird_run_3_wf/bold_confounds_wf/acc_masks".
250329-16:01:48,2 nipype.workflow INFO:
	 [Node] Executing "acc_masks" <fmriprep.interfaces.confounds.aCompCorMasks>
250329-16:01:48,234 nipype.workflow INFO:
	 [Node] Finished "boldref_wm", elapsed time 1.257909s.
250329-16:01:48,339 nipype.workflow INFO:
	 [Node] Finished "boldref_wm", elapsed time 1.356874s.
250329-16:01:48,409 nipype.workflow INFO:
	 [Node] Finished "boldref_wm", elapsed time 1.427943s.
250329-16:01:48,419 nipype.workflow INFO:
	 [Node] Finished "boldref_wm", elapsed time 1.431019s.
250329-16:01:48,515 nipype.workflow INFO:
	 [Node] Finished "boldref_wm", elapsed time 1.5346229999999998s.
250329-16:01:48,558 nipype.workflow INFO:
	 [Node] Finished "boldref_wm", elapsed time 1.5738919999999998s.
250329-16:01:48,750 nipype.workflow INFO:
	 [Node] Setting-up "fmriprep_24_0_wf.sub_34_wf.bold_task_bird_run_1_wf.bold_fit_wf.func_fit_reports_wf.epi_t1_report" in "/work_dir/fmriprep_24_0_wf/sub_34_wf/bold_task_bird_run_1_wf/bold_fit_wf/func_fit_reports_wf/epi_t1_report".
250329-16:01:48,755 nipype.workflow INFO:
	 [Node] Executing "epi_t1_report" <nireports.interfaces.reporting.base.SimpleBeforeAfterRPT>
250329-16:01:48,755 nipype.interface INFO:
	 Report - setting before (/output/sub-34/func/sub-34_task-bird_run-1_desc-coreg_boldref.nii.gz) and after (/work_dir/fmriprep_24_0_wf/sub_34_wf/bold_task_bird_run_1_wf/bold_fit_wf/func_fit_reports_wf/t1w_boldref/sub-34_desc-preproc_T1w_trans.nii.gz) images
250329-16:01:48,755 nipype.interface INFO:
	 Generating visual report
250329-16:01:50,948 nipype.workflow INFO:
	 [Node] Setting-up "fmriprep_24_0_wf.sub_34_wf.bold_task_bird_run_4_wf.bold_fit_wf.func_fit_reports_wf.epi_t1_report" in "/work_dir/fmriprep_24_0_wf/sub_34_wf/bold_task_bird_run_4_wf/bold_fit_wf/func_fit_reports_wf/epi_t1_report".
250329-16:01:50,952 nipype.workflow INFO:
	 [Node] Executing "epi_t1_report" <nireports.interfaces.reporting.base.SimpleBeforeAfterRPT>
250329-16:01:50,953 nipype.interface INFO:
	 Report - setting before (/output/sub-34/func/sub-34_task-bird_run-4_desc-coreg_boldref.nii.gz) and after (/work_dir/fmriprep_24_0_wf/sub_34_wf/bold_task_bird_run_4_wf/bold_fit_wf/func_fit_reports_wf/t1w_boldref/sub-34_desc-preproc_T1w_trans.nii.gz) images
250329-16:01:50,953 nipype.interface INFO:
	 Generating visual report
250329-16:01:52,870 nipype.workflow INFO:
	 [Node] Setting-up "fmriprep_24_0_wf.sub_34_wf.bold_task_bird_run_5_wf.bold_fit_wf.func_fit_reports_wf.epi_t1_report" in "/work_dir/fmriprep_24_0_wf/sub_34_wf/bold_task_bird_run_5_wf/bold_fit_wf/func_fit_reports_wf/epi_t1_report".
250329-16:01:52,880 nipype.workflow INFO:
	 [Node] Executing "epi_t1_report" <nireports.interfaces.reporting.base.SimpleBeforeAfterRPT>
250329-16:01:52,881 nipype.interface INFO:
	 Report - setting before (/output/sub-34/func/sub-34_task-bird_run-5_desc-coreg_boldref.nii.gz) and after (/work_dir/fmriprep_24_0_wf/sub_34_wf/bold_task_bird_run_5_wf/bold_fit_wf/func_fit_reports_wf/t1w_boldref/sub-34_desc-preproc_T1w_trans.nii.gz) images
250329-16:01:52,881 nipype.interface INFO:
	 Generating visual report
250329-16:01:52,970 nipype.workflow INFO:
	 [Node] Setting-up "fmriprep_24_0_wf.sub_34_wf.bold_task_bird_run_3_wf.bold_fit_wf.func_fit_reports_wf.epi_t1_report" in "/work_dir/fmriprep_24_0_wf/sub_34_wf/bold_task_bird_run_3_wf/bold_fit_wf/func_fit_reports_wf/epi_t1_report".
250329-16:01:52,974 nipype.workflow INFO:
	 [Node] Executing "epi_t1_report" <nireports.interfaces.reporting.base.SimpleBeforeAfterRPT>
250329-16:01:52,975 nipype.interface INFO:
	 Report - setting before (/output/sub-34/func/sub-34_task-bird_run-3_desc-coreg_boldref.nii.gz) and after (/work_dir/fmriprep_24_0_wf/sub_34_wf/bold_task_bird_run_3_wf/bold_fit_wf/func_fit_reports_wf/t1w_boldref/sub-34_desc-preproc_T1w_trans.nii.gz) images
250329-16:01:52,975 nipype.interface INFO:
	 Generating visual report
250329-16:01:53,783 nipype.workflow INFO:
	 [Node] Setting-up "fmriprep_24_0_wf.sub_34_wf.bold_task_bird_run_2_wf.bold_fit_wf.func_fit_reports_wf.epi_t1_report" in "/work_dir/fmriprep_24_0_wf/sub_34_wf/bold_task_bird_run_2_wf/bold_fit_wf/func_fit_reports_wf/epi_t1_report".
250329-16:01:53,787 nipype.workflow INFO:
	 [Node] Executing "epi_t1_report" <nireports.interfaces.reporting.base.SimpleBeforeAfterRPT>
250329-16:01:53,788 nipype.interface INFO:
	 Report - setting before (/output/sub-34/func/sub-34_task-bird_run-2_desc-coreg_boldref.nii.gz) and after (/work_dir/fmriprep_24_0_wf/sub_34_wf/bold_task_bird_run_2_wf/bold_fit_wf/func_fit_reports_wf/t1w_boldref/sub-34_desc-preproc_T1w_trans.nii.gz) images
250329-16:01:53,788 nipype.interface INFO:
	 Generating visual report
250329-16:01:54,515 nipype.workflow INFO:
	 [Node] Setting-up "fmriprep_24_0_wf.sub_34_wf.bold_task_bird_run_6_wf.bold_fit_wf.func_fit_reports_wf.epi_t1_report" in "/work_dir/fmriprep_24_0_wf/sub_34_wf/bold_task_bird_run_6_wf/bold_fit_wf/func_fit_reports_wf/epi_t1_report".
250329-16:01:54,519 nipype.workflow INFO:
	 [Node] Executing "epi_t1_report" <nireports.interfaces.reporting.base.SimpleBeforeAfterRPT>
250329-16:01:54,520 nipype.interface INFO:
	 Report - setting before (/output/sub-34/func/sub-34_task-bird_run-6_desc-coreg_boldref.nii.gz) and after (/work_dir/fmriprep_24_0_wf/sub_34_wf/bold_task_bird_run_6_wf/bold_fit_wf/func_fit_reports_wf/t1w_boldref/sub-34_desc-preproc_T1w_trans.nii.gz) images
250329-16:01:54,520 nipype.interface INFO:
	 Generating visual report
250329-16:01:58,18 nipype.workflow INFO:
	 [Node] Finished "acc_masks", elapsed time 12.936915s.
250329-16:01:58,604 nipype.workflow INFO:
	 [Node] Finished "acc_masks", elapsed time 13.512426s.
250329-16:01:59,233 nipype.workflow INFO:
	 [Node] Finished "acc_masks", elapsed time 14.12921s.
250329-16:01:59,363 nipype.workflow INFO:
	 [Node] Finished "acc_masks", elapsed time 14.394532s.
250329-16:02:00,266 nipype.workflow INFO:
	 [Node] Finished "acc_masks", elapsed time 14.824657s.
250329-16:02:01,113 nipype.workflow INFO:
	 [Node] Setting-up "_acc_msk_tfm0" in "/work_dir/fmriprep_24_0_wf/sub_34_wf/bold_task_bird_run_6_wf/bold_confounds_wf/acc_msk_tfm/mapflow/_acc_msk_tfm0".
250329-16:02:01,114 nipype.workflow INFO:
	 [Node] Setting-up "_acc_msk_tfm1" in "/work_dir/fmriprep_24_0_wf/sub_34_wf/bold_task_bird_run_6_wf/bold_confounds_wf/acc_msk_tfm/mapflow/_acc_msk_tfm1".
250329-16:02:01,116 nipype.workflow INFO:
	 [Node] Executing "_acc_msk_tfm0" <niworkflows.interfaces.fixes.FixHeaderApplyTransforms>
250329-16:02:01,117 nipype.workflow INFO:
	 [Node] Executing "_acc_msk_tfm1" <niworkflows.interfaces.fixes.FixHeaderApplyTransforms>
250329-16:02:01,120 nipype.workflow INFO:
	 [Node] Setting-up "_acc_msk_tfm2" in "/work_dir/fmriprep_24_0_wf/sub_34_wf/bold_task_bird_run_6_wf/bold_confounds_wf/acc_msk_tfm/mapflow/_acc_msk_tfm2".
250329-16:02:01,122 nipype.workflow INFO:
	 [Node] Executing "_acc_msk_tfm2" <niworkflows.interfaces.fixes.FixHeaderApplyTransforms>
250329-16:02:02,559 nipype.workflow INFO:
	 [Node] Finished "acc_masks", elapsed time 14.556412s.
250329-16:02:02,740 nipype.workflow INFO:
	 [Node] Setting-up "_acc_msk_tfm0" in "/work_dir/fmriprep_24_0_wf/sub_34_wf/bold_task_bird_run_1_wf/bold_confounds_wf/acc_msk_tfm/mapflow/_acc_msk_tfm0".
250329-16:02:02,743 nipype.workflow INFO:
	 [Node] Executing "_acc_msk_tfm0" <niworkflows.interfaces.fixes.FixHeaderApplyTransforms>
250329-16:02:02,746 nipype.workflow INFO:
	 [Node] Setting-up "_acc_msk_tfm1" in "/work_dir/fmriprep_24_0_wf/sub_34_wf/bold_task_bird_run_1_wf/bold_confounds_wf/acc_msk_tfm/mapflow/_acc_msk_tfm1".
250329-16:02:02,748 nipype.workflow INFO:
	 [Node] Executing "_acc_msk_tfm1" <niworkflows.interfaces.fixes.FixHeaderApplyTransforms>
250329-16:02:02,752 nipype.workflow INFO:
	 [Node] Setting-up "_acc_msk_tfm2" in "/work_dir/fmriprep_24_0_wf/sub_34_wf/bold_task_bird_run_1_wf/bold_confounds_wf/acc_msk_tfm/mapflow/_acc_msk_tfm2".
250329-16:02:02,754 nipype.workflow INFO:
	 [Node] Executing "_acc_msk_tfm2" <niworkflows.interfaces.fixes.FixHeaderApplyTransforms>
250329-16:02:02,757 nipype.workflow INFO:
	 [Node] Setting-up "_acc_msk_tfm0" in "/work_dir/fmriprep_24_0_wf/sub_34_wf/bold_task_bird_run_2_wf/bold_confounds_wf/acc_msk_tfm/mapflow/_acc_msk_tfm0".
250329-16:02:02,760 nipype.workflow INFO:
	 [Node] Executing "_acc_msk_tfm0" <niworkflows.interfaces.fixes.FixHeaderApplyTransforms>
250329-16:02:02,763 nipype.workflow INFO:
	 [Node] Setting-up "_acc_msk_tfm1" in "/work_dir/fmriprep_24_0_wf/sub_34_wf/bold_task_bird_run_2_wf/bold_confounds_wf/acc_msk_tfm/mapflow/_acc_msk_tfm1".
250329-16:02:02,766 nipype.workflow INFO:
	 [Node] Executing "_acc_msk_tfm1" <niworkflows.interfaces.fixes.FixHeaderApplyTransforms>
250329-16:02:02,769 nipype.workflow INFO:
	 [Node] Setting-up "_acc_msk_tfm2" in "/work_dir/fmriprep_24_0_wf/sub_34_wf/bold_task_bird_run_2_wf/bold_confounds_wf/acc_msk_tfm/mapflow/_acc_msk_tfm2".
250329-16:02:02,771 nipype.workflow INFO:
	 [Node] Executing "_acc_msk_tfm2" <niworkflows.interfaces.fixes.FixHeaderApplyTransforms>
250329-16:02:02,778 nipype.workflow INFO:
	 [Node] Setting-up "_acc_msk_tfm0" in "/work_dir/fmriprep_24_0_wf/sub_34_wf/bold_task_bird_run_4_wf/bold_confounds_wf/acc_msk_tfm/mapflow/_acc_msk_tfm0".
250329-16:02:02,781 nipype.workflow INFO:
	 [Node] Executing "_acc_msk_tfm0" <niworkflows.interfaces.fixes.FixHeaderApplyTransforms>
250329-16:02:02,783 nipype.workflow INFO:
	 [Node] Setting-up "_acc_msk_tfm1" in "/work_dir/fmriprep_24_0_wf/sub_34_wf/bold_task_bird_run_4_wf/bold_confounds_wf/acc_msk_tfm/mapflow/_acc_msk_tfm1".
250329-16:02:02,785 nipype.workflow INFO:
	 [Node] Executing "_acc_msk_tfm1" <niworkflows.interfaces.fixes.FixHeaderApplyTransforms>
250329-16:02:02,787 nipype.workflow INFO:
	 [Node] Setting-up "_acc_msk_tfm2" in "/work_dir/fmriprep_24_0_wf/sub_34_wf/bold_task_bird_run_4_wf/bold_confounds_wf/acc_msk_tfm/mapflow/_acc_msk_tfm2".
250329-16:02:02,787 nipype.workflow INFO:
	 [Node] Setting-up "_acc_msk_tfm0" in "/work_dir/fmriprep_24_0_wf/sub_34_wf/bold_task_bird_run_5_wf/bold_confounds_wf/acc_msk_tfm/mapflow/_acc_msk_tfm0".
250329-16:02:02,787 nipype.workflow INFO:
	 [Node] Setting-up "_acc_msk_tfm1" in "/work_dir/fmriprep_24_0_wf/sub_34_wf/bold_task_bird_run_5_wf/bold_confounds_wf/acc_msk_tfm/mapflow/_acc_msk_tfm1".
250329-16:02:02,789 nipype.workflow INFO:
	 [Node] Executing "_acc_msk_tfm2" <niworkflows.interfaces.fixes.FixHeaderApplyTransforms>
250329-16:02:02,789 nipype.workflow INFO:
	 [Node] Executing "_acc_msk_tfm0" <niworkflows.interfaces.fixes.FixHeaderApplyTransforms>
250329-16:02:02,789 nipype.workflow INFO:
	 [Node] Executing "_acc_msk_tfm1" <niworkflows.interfaces.fixes.FixHeaderApplyTransforms>
250329-16:02:05,456 nipype.workflow INFO:
	 [Node] Finished "_acc_msk_tfm2", elapsed time 4.333184s.
250329-16:02:05,529 nipype.workflow INFO:
	 [Node] Setting-up "_acc_msk_tfm2" in "/work_dir/fmriprep_24_0_wf/sub_34_wf/bold_task_bird_run_5_wf/bold_confounds_wf/acc_msk_tfm/mapflow/_acc_msk_tfm2".
250329-16:02:05,531 nipype.workflow INFO:
	 [Node] Executing "_acc_msk_tfm2" <niworkflows.interfaces.fixes.FixHeaderApplyTransforms>
250329-16:02:07,285 nipype.workflow INFO:
	 [Node] Finished "_acc_msk_tfm1", elapsed time 6.167528s.
250329-16:02:07,364 nipype.workflow INFO:
	 [Node] Setting-up "_acc_msk_tfm0" in "/work_dir/fmriprep_24_0_wf/sub_34_wf/bold_task_bird_run_3_wf/bold_confounds_wf/acc_msk_tfm/mapflow/_acc_msk_tfm0".
250329-16:02:07,366 nipype.workflow INFO:
	 [Node] Executing "_acc_msk_tfm0" <niworkflows.interfaces.fixes.FixHeaderApplyTransforms>
250329-16:02:07,640 nipype.workflow INFO:
	 [Node] Finished "_acc_msk_tfm0", elapsed time 6.523556s.
250329-16:02:07,925 nipype.workflow INFO:
	 [Node] Finished "_acc_msk_tfm2", elapsed time 5.13499s.
250329-16:02:08,125 nipype.workflow INFO:
	 [Node] Finished "_acc_msk_tfm0", elapsed time 5.364627s.
250329-16:02:08,331 nipype.workflow INFO:
	 [Node] Finished "_acc_msk_tfm1", elapsed time 5.5640789999999996s.
250329-16:02:08,399 nipype.workflow INFO:
	 [Node] Finished "_acc_msk_tfm1", elapsed time 5.64935s.
250329-16:02:08,718 nipype.workflow INFO:
	 [Node] Finished "_acc_msk_tfm1", elapsed time 5.932215s.
250329-16:02:08,732 nipype.workflow INFO:
	 [Node] Finished "_acc_msk_tfm1", elapsed time 5.941749s.
250329-16:02:08,736 nipype.workflow INFO:
	 [Node] Finished "_acc_msk_tfm2", elapsed time 5.981358s.
250329-16:02:08,764 nipype.workflow INFO:
	 [Node] Finished "_acc_msk_tfm0", elapsed time 5.982804s.
250329-16:02:08,790 nipype.workflow INFO:
	 [Node] Finished "_acc_msk_tfm2", elapsed time 6.01744s.
250329-16:02:09,55 nipype.workflow INFO:
	 [Node] Finished "_acc_msk_tfm0", elapsed time 6.311592s.
250329-16:02:09,218 nipype.workflow INFO:
	 [Node] Setting-up "_acc_msk_tfm0" in "/work_dir/fmriprep_24_0_wf/sub_34_wf/bold_task_bird_run_6_wf/bold_confounds_wf/acc_msk_tfm/mapflow/_acc_msk_tfm0".
250329-16:02:09,219 nipype.workflow INFO:
	 [Node] Cached "_acc_msk_tfm0" - collecting precomputed outputs
250329-16:02:09,219 nipype.workflow INFO:
	 [Node] "_acc_msk_tfm0" found cached.
250329-16:02:09,220 nipype.workflow INFO:
	 [Node] Setting-up "_acc_msk_tfm1" in "/work_dir/fmriprep_24_0_wf/sub_34_wf/bold_task_bird_run_6_wf/bold_confounds_wf/acc_msk_tfm/mapflow/_acc_msk_tfm1".
250329-16:02:09,221 nipype.workflow INFO:
	 [Node] Cached "_acc_msk_tfm1" - collecting precomputed outputs
250329-16:02:09,221 nipype.workflow INFO:
	 [Node] "_acc_msk_tfm1" found cached.
250329-16:02:09,223 nipype.workflow INFO:
	 [Node] Setting-up "_acc_msk_tfm2" in "/work_dir/fmriprep_24_0_wf/sub_34_wf/bold_task_bird_run_6_wf/bold_confounds_wf/acc_msk_tfm/mapflow/_acc_msk_tfm2".
250329-16:02:09,224 nipype.workflow INFO:
	 [Node] Cached "_acc_msk_tfm2" - collecting precomputed outputs
250329-16:02:09,224 nipype.workflow INFO:
	 [Node] "_acc_msk_tfm2" found cached.
250329-16:02:09,226 nipype.workflow INFO:
	 [Node] Setting-up "_acc_msk_tfm1" in "/work_dir/fmriprep_24_0_wf/sub_34_wf/bold_task_bird_run_3_wf/bold_confounds_wf/acc_msk_tfm/mapflow/_acc_msk_tfm1".
250329-16:02:09,227 nipype.workflow INFO:
	 [Node] Setting-up "_acc_msk_tfm2" in "/work_dir/fmriprep_24_0_wf/sub_34_wf/bold_task_bird_run_3_wf/bold_confounds_wf/acc_msk_tfm/mapflow/_acc_msk_tfm2".
250329-16:02:09,229 nipype.workflow INFO:
	 [Node] Executing "_acc_msk_tfm1" <niworkflows.interfaces.fixes.FixHeaderApplyTransforms>
250329-16:02:09,230 nipype.workflow INFO:
	 [Node] Executing "_acc_msk_tfm2" <niworkflows.interfaces.fixes.FixHeaderApplyTransforms>
250329-16:02:09,459 nipype.workflow INFO:
	 [Node] Finished "_acc_msk_tfm0", elapsed time 6.66928s.
250329-16:02:09,731 nipype.workflow INFO:
	 [Node] Finished "_acc_msk_tfm2", elapsed time 4.198627s.
250329-16:02:11,72 nipype.workflow INFO:
	 [Node] Finished "_acc_msk_tfm0", elapsed time 3.7046419999999998s.
250329-16:02:11,126 nipype.workflow INFO:
	 [Node] Setting-up "_acc_msk_tfm0" in "/work_dir/fmriprep_24_0_wf/sub_34_wf/bold_task_bird_run_1_wf/bold_confounds_wf/acc_msk_tfm/mapflow/_acc_msk_tfm0".
250329-16:02:11,128 nipype.workflow INFO:
	 [Node] Cached "_acc_msk_tfm0" - collecting precomputed outputs
250329-16:02:11,128 nipype.workflow INFO:
	 [Node] "_acc_msk_tfm0" found cached.
250329-16:02:11,129 nipype.workflow INFO:
	 [Node] Setting-up "_acc_msk_tfm1" in "/work_dir/fmriprep_24_0_wf/sub_34_wf/bold_task_bird_run_1_wf/bold_confounds_wf/acc_msk_tfm/mapflow/_acc_msk_tfm1".
250329-16:02:11,130 nipype.workflow INFO:
	 [Node] Cached "_acc_msk_tfm1" - collecting precomputed outputs
250329-16:02:11,130 nipype.workflow INFO:
	 [Node] "_acc_msk_tfm1" found cached.
250329-16:02:11,131 nipype.workflow INFO:
	 [Node] Setting-up "_acc_msk_tfm2" in "/work_dir/fmriprep_24_0_wf/sub_34_wf/bold_task_bird_run_1_wf/bold_confounds_wf/acc_msk_tfm/mapflow/_acc_msk_tfm2".
250329-16:02:11,147 nipype.workflow INFO:
	 [Node] Setting-up "_acc_msk_tfm0" in "/work_dir/fmriprep_24_0_wf/sub_34_wf/bold_task_bird_run_2_wf/bold_confounds_wf/acc_msk_tfm/mapflow/_acc_msk_tfm0".
250329-16:02:11,148 nipype.workflow INFO:
	 [Node] Cached "_acc_msk_tfm0" - collecting precomputed outputs
250329-16:02:11,148 nipype.workflow INFO:
	 [Node] "_acc_msk_tfm0" found cached.
250329-16:02:11,149 nipype.workflow INFO:
	 [Node] Setting-up "_acc_msk_tfm1" in "/work_dir/fmriprep_24_0_wf/sub_34_wf/bold_task_bird_run_2_wf/bold_confounds_wf/acc_msk_tfm/mapflow/_acc_msk_tfm1".
250329-16:02:11,151 nipype.workflow INFO:
	 [Node] Cached "_acc_msk_tfm2" - collecting precomputed outputs
250329-16:02:11,151 nipype.workflow INFO:
	 [Node] "_acc_msk_tfm2" found cached.
250329-16:02:11,153 nipype.workflow INFO:
	 [Node] Cached "_acc_msk_tfm1" - collecting precomputed outputs
250329-16:02:11,153 nipype.workflow INFO:
	 [Node] "_acc_msk_tfm1" found cached.
250329-16:02:11,155 nipype.workflow INFO:
	 [Node] Setting-up "_acc_msk_tfm2" in "/work_dir/fmriprep_24_0_wf/sub_34_wf/bold_task_bird_run_2_wf/bold_confounds_wf/acc_msk_tfm/mapflow/_acc_msk_tfm2".
250329-16:02:11,156 nipype.workflow INFO:
	 [Node] Cached "_acc_msk_tfm2" - collecting precomputed outputs
250329-16:02:11,156 nipype.workflow INFO:
	 [Node] "_acc_msk_tfm2" found cached.
250329-16:02:11,168 nipype.workflow INFO:
	 [Node] Setting-up "_acc_msk_tfm0" in "/work_dir/fmriprep_24_0_wf/sub_34_wf/bold_task_bird_run_4_wf/bold_confounds_wf/acc_msk_tfm/mapflow/_acc_msk_tfm0".
250329-16:02:11,169 nipype.workflow INFO:
	 [Node] Cached "_acc_msk_tfm0" - collecting precomputed outputs
250329-16:02:11,169 nipype.workflow INFO:
	 [Node] "_acc_msk_tfm0" found cached.
250329-16:02:11,170 nipype.workflow INFO:
	 [Node] Setting-up "_acc_msk_tfm0" in "/work_dir/fmriprep_24_0_wf/sub_34_wf/bold_task_bird_run_5_wf/bold_confounds_wf/acc_msk_tfm/mapflow/_acc_msk_tfm0".
250329-16:02:11,171 nipype.workflow INFO:
	 [Node] Setting-up "_acc_msk_tfm1" in "/work_dir/fmriprep_24_0_wf/sub_34_wf/bold_task_bird_run_4_wf/bold_confounds_wf/acc_msk_tfm/mapflow/_acc_msk_tfm1".
250329-16:02:11,171 nipype.workflow INFO:
	 [Node] Cached "_acc_msk_tfm0" - collecting precomputed outputs
250329-16:02:11,171 nipype.workflow INFO:
	 [Node] "_acc_msk_tfm0" found cached.
250329-16:02:11,172 nipype.workflow INFO:
	 [Node] Setting-up "_acc_msk_tfm1" in "/work_dir/fmriprep_24_0_wf/sub_34_wf/bold_task_bird_run_5_wf/bold_confounds_wf/acc_msk_tfm/mapflow/_acc_msk_tfm1".
250329-16:02:11,174 nipype.workflow INFO:
	 [Node] Cached "_acc_msk_tfm1" - collecting precomputed outputs
250329-16:02:11,174 nipype.workflow INFO:
	 [Node] "_acc_msk_tfm1" found cached.
250329-16:02:11,175 nipype.workflow INFO:
	 [Node] Setting-up "_acc_msk_tfm2" in "/work_dir/fmriprep_24_0_wf/sub_34_wf/bold_task_bird_run_5_wf/bold_confounds_wf/acc_msk_tfm/mapflow/_acc_msk_tfm2".
250329-16:02:11,176 nipype.workflow INFO:
	 [Node] Cached "_acc_msk_tfm2" - collecting precomputed outputs
250329-16:02:11,176 nipype.workflow INFO:
	 [Node] "_acc_msk_tfm2" found cached.
250329-16:02:11,178 nipype.workflow INFO:
	 [Node] Cached "_acc_msk_tfm1" - collecting precomputed outputs
250329-16:02:11,178 nipype.workflow INFO:
	 [Node] "_acc_msk_tfm1" found cached.
250329-16:02:11,179 nipype.workflow INFO:
	 [Node] Setting-up "_acc_msk_tfm2" in "/work_dir/fmriprep_24_0_wf/sub_34_wf/bold_task_bird_run_4_wf/bold_confounds_wf/acc_msk_tfm/mapflow/_acc_msk_tfm2".
250329-16:02:11,180 nipype.workflow INFO:
	 [Node] Cached "_acc_msk_tfm2" - collecting precomputed outputs
250329-16:02:11,181 nipype.workflow INFO:
	 [Node] "_acc_msk_tfm2" found cached.
250329-16:02:12,743 nipype.workflow INFO:
	 [Node] Finished "_acc_msk_tfm2", elapsed time 3.5124560000000002s.
250329-16:02:13,53 nipype.workflow INFO:
	 [Node] Setting-up "_acc_msk_brain0" in "/work_dir/fmriprep_24_0_wf/sub_34_wf/bold_task_bird_run_6_wf/bold_confounds_wf/acc_msk_brain/mapflow/_acc_msk_brain0".
250329-16:02:13,55 nipype.workflow INFO:
	 [Node] Executing "_acc_msk_brain0" <niworkflows.interfaces.nibabel.ApplyMask>
250329-16:02:13,59 nipype.workflow INFO:
	 [Node] Setting-up "_acc_msk_brain1" in "/work_dir/fmriprep_24_0_wf/sub_34_wf/bold_task_bird_run_6_wf/bold_confounds_wf/acc_msk_brain/mapflow/_acc_msk_brain1".
250329-16:02:13,60 nipype.workflow INFO:
	 [Node] Executing "_acc_msk_brain1" <niworkflows.interfaces.nibabel.ApplyMask>
250329-16:02:13,63 nipype.workflow INFO:
	 [Node] Setting-up "_acc_msk_brain2" in "/work_dir/fmriprep_24_0_wf/sub_34_wf/bold_task_bird_run_6_wf/bold_confounds_wf/acc_msk_brain/mapflow/_acc_msk_brain2".
250329-16:02:13,65 nipype.workflow INFO:
	 [Node] Executing "_acc_msk_brain2" <niworkflows.interfaces.nibabel.ApplyMask>
250329-16:02:13,229 nipype.workflow INFO:
	 [Node] Finished "_acc_msk_tfm1", elapsed time 3.999327s.
250329-16:02:13,290 nipype.workflow INFO:
	 [Node] Finished "_acc_msk_brain2", elapsed time 0.224788s.
250329-16:02:13,321 nipype.workflow INFO:
	 [Node] Finished "_acc_msk_brain1", elapsed time 0.259508s.
250329-16:02:13,514 nipype.workflow INFO:
	 [Node] Finished "_acc_msk_brain0", elapsed time 0.458283s.
250329-16:02:14,940 nipype.workflow INFO:
	 [Node] Setting-up "_acc_msk_tfm0" in "/work_dir/fmriprep_24_0_wf/sub_34_wf/bold_task_bird_run_3_wf/bold_confounds_wf/acc_msk_tfm/mapflow/_acc_msk_tfm0".
250329-16:02:14,941 nipype.workflow INFO:
	 [Node] Cached "_acc_msk_tfm0" - collecting precomputed outputs
250329-16:02:14,941 nipype.workflow INFO:
	 [Node] "_acc_msk_tfm0" found cached.
250329-16:02:14,942 nipype.workflow INFO:
	 [Node] Setting-up "_acc_msk_tfm1" in "/work_dir/fmriprep_24_0_wf/sub_34_wf/bold_task_bird_run_3_wf/bold_confounds_wf/acc_msk_tfm/mapflow/_acc_msk_tfm1".
250329-16:02:14,944 nipype.workflow INFO:
	 [Node] Cached "_acc_msk_tfm1" - collecting precomputed outputs
250329-16:02:14,944 nipype.workflow INFO:
	 [Node] "_acc_msk_tfm1" found cached.
250329-16:02:14,945 nipype.workflow INFO:
	 [Node] Setting-up "_acc_msk_tfm2" in "/work_dir/fmriprep_24_0_wf/sub_34_wf/bold_task_bird_run_3_wf/bold_confounds_wf/acc_msk_tfm/mapflow/_acc_msk_tfm2".
250329-16:02:14,946 nipype.workflow INFO:
	 [Node] Setting-up "_acc_msk_brain0" in "/work_dir/fmriprep_24_0_wf/sub_34_wf/bold_task_bird_run_6_wf/bold_confounds_wf/acc_msk_brain/mapflow/_acc_msk_brain0".
250329-16:02:14,946 nipype.workflow INFO:
	 [Node] Cached "_acc_msk_tfm2" - collecting precomputed outputs
250329-16:02:14,946 nipype.workflow INFO:
	 [Node] "_acc_msk_tfm2" found cached.
250329-16:02:14,947 nipype.workflow INFO:
	 [Node] Cached "_acc_msk_brain0" - collecting precomputed outputs
250329-16:02:14,947 nipype.workflow INFO:
	 [Node] "_acc_msk_brain0" found cached.
250329-16:02:14,948 nipype.workflow INFO:
	 [Node] Setting-up "_acc_msk_brain1" in "/work_dir/fmriprep_24_0_wf/sub_34_wf/bold_task_bird_run_6_wf/bold_confounds_wf/acc_msk_brain/mapflow/_acc_msk_brain1".
250329-16:02:14,949 nipype.workflow INFO:
	 [Node] Cached "_acc_msk_brain1" - collecting precomputed outputs
250329-16:02:14,949 nipype.workflow INFO:
	 [Node] "_acc_msk_brain1" found cached.
250329-16:02:14,949 nipype.workflow INFO:
	 [Node] Setting-up "_acc_msk_brain2" in "/work_dir/fmriprep_24_0_wf/sub_34_wf/bold_task_bird_run_6_wf/bold_confounds_wf/acc_msk_brain/mapflow/_acc_msk_brain2".
250329-16:02:14,950 nipype.workflow INFO:
	 [Node] Setting-up "_acc_msk_brain0" in "/work_dir/fmriprep_24_0_wf/sub_34_wf/bold_task_bird_run_1_wf/bold_confounds_wf/acc_msk_brain/mapflow/_acc_msk_brain0".
250329-16:02:14,950 nipype.workflow INFO:
	 [Node] Cached "_acc_msk_brain2" - collecting precomputed outputs
250329-16:02:14,950 nipype.workflow INFO:
	 [Node] "_acc_msk_brain2" found cached.
250329-16:02:14,951 nipype.workflow INFO:
	 [Node] Executing "_acc_msk_brain0" <niworkflows.interfaces.nibabel.ApplyMask>
250329-16:02:14,952 nipype.workflow INFO:
	 [Node] Setting-up "_acc_msk_brain1" in "/work_dir/fmriprep_24_0_wf/sub_34_wf/bold_task_bird_run_1_wf/bold_confounds_wf/acc_msk_brain/mapflow/_acc_msk_brain1".
250329-16:02:14,953 nipype.workflow INFO:
	 [Node] Setting-up "_acc_msk_brain2" in "/work_dir/fmriprep_24_0_wf/sub_34_wf/bold_task_bird_run_1_wf/bold_confounds_wf/acc_msk_brain/mapflow/_acc_msk_brain2".
250329-16:02:14,954 nipype.workflow INFO:
	 [Node] Executing "_acc_msk_brain1" <niworkflows.interfaces.nibabel.ApplyMask>
250329-16:02:14,954 nipype.workflow INFO:
	 [Node] Executing "_acc_msk_brain2" <niworkflows.interfaces.nibabel.ApplyMask>
250329-16:02:14,955 nipype.workflow INFO:
	 [Node] Setting-up "_acc_msk_brain0" in "/work_dir/fmriprep_24_0_wf/sub_34_wf/bold_task_bird_run_2_wf/bold_confounds_wf/acc_msk_brain/mapflow/_acc_msk_brain0".
250329-16:02:14,955 nipype.workflow INFO:
	 [Node] Setting-up "_acc_msk_brain1" in "/work_dir/fmriprep_24_0_wf/sub_34_wf/bold_task_bird_run_2_wf/bold_confounds_wf/acc_msk_brain/mapflow/_acc_msk_brain1".
250329-16:02:14,955 nipype.workflow INFO:
	 [Node] Setting-up "_acc_msk_brain2" in "/work_dir/fmriprep_24_0_wf/sub_34_wf/bold_task_bird_run_2_wf/bold_confounds_wf/acc_msk_brain/mapflow/_acc_msk_brain2".
250329-16:02:14,956 nipype.workflow INFO:
	 [Node] Executing "_acc_msk_brain0" <niworkflows.interfaces.nibabel.ApplyMask>
250329-16:02:14,956 nipype.workflow INFO:
	 [Node] Executing "_acc_msk_brain1" <niworkflows.interfaces.nibabel.ApplyMask>
250329-16:02:14,956 nipype.workflow INFO:
	 [Node] Executing "_acc_msk_brain2" <niworkflows.interfaces.nibabel.ApplyMask>
250329-16:02:14,957 nipype.workflow INFO:
	 [Node] Setting-up "_acc_msk_brain0" in "/work_dir/fmriprep_24_0_wf/sub_34_wf/bold_task_bird_run_4_wf/bold_confounds_wf/acc_msk_brain/mapflow/_acc_msk_brain0".
250329-16:02:14,958 nipype.workflow INFO:
	 [Node] Executing "_acc_msk_brain0" <niworkflows.interfaces.nibabel.ApplyMask>
250329-16:02:14,959 nipype.workflow INFO:
	 [Node] Setting-up "_acc_msk_brain1" in "/work_dir/fmriprep_24_0_wf/sub_34_wf/bold_task_bird_run_4_wf/bold_confounds_wf/acc_msk_brain/mapflow/_acc_msk_brain1".
250329-16:02:14,960 nipype.workflow INFO:
	 [Node] Executing "_acc_msk_brain1" <niworkflows.interfaces.nibabel.ApplyMask>
250329-16:02:14,971 nipype.workflow INFO:
	 [Node] Setting-up "_acc_msk_brain2" in "/work_dir/fmriprep_24_0_wf/sub_34_wf/bold_task_bird_run_4_wf/bold_confounds_wf/acc_msk_brain/mapflow/_acc_msk_brain2".
250329-16:02:14,973 nipype.workflow INFO:
	 [Node] Executing "_acc_msk_brain2" <niworkflows.interfaces.nibabel.ApplyMask>
250329-16:02:14,982 nipype.workflow INFO:
	 [Node] Setting-up "_acc_msk_brain0" in "/work_dir/fmriprep_24_0_wf/sub_34_wf/bold_task_bird_run_5_wf/bold_confounds_wf/acc_msk_brain/mapflow/_acc_msk_brain0".
250329-16:02:14,987 nipype.workflow INFO:
	 [Node] Executing "_acc_msk_brain0" <niworkflows.interfaces.nibabel.ApplyMask>
250329-16:02:14,988 nipype.workflow INFO:
	 [Node] Setting-up "_acc_msk_brain1" in "/work_dir/fmriprep_24_0_wf/sub_34_wf/bold_task_bird_run_5_wf/bold_confounds_wf/acc_msk_brain/mapflow/_acc_msk_brain1".
250329-16:02:14,989 nipype.workflow INFO:
	 [Node] Executing "_acc_msk_brain1" <niworkflows.interfaces.nibabel.ApplyMask>
250329-16:02:14,999 nipype.workflow INFO:
	 [Node] Setting-up "_acc_msk_brain2" in "/work_dir/fmriprep_24_0_wf/sub_34_wf/bold_task_bird_run_5_wf/bold_confounds_wf/acc_msk_brain/mapflow/_acc_msk_brain2".
250329-16:02:15,0 nipype.workflow INFO:
	 [Node] Executing "_acc_msk_brain2" <niworkflows.interfaces.nibabel.ApplyMask>
250329-16:02:15,125 nipype.workflow INFO:
	 [Node] Finished "_acc_msk_brain2", elapsed time 0.150996s.
250329-16:02:15,197 nipype.workflow INFO:
	 [Node] Finished "_acc_msk_brain1", elapsed time 0.207117s.
250329-16:02:15,338 nipype.workflow INFO:
	 [Node] Finished "_acc_msk_brain2", elapsed time 0.381137s.
250329-16:02:15,354 nipype.workflow INFO:
	 [Node] Finished "_acc_msk_brain2", elapsed time 0.399144s.
250329-16:02:15,357 nipype.workflow INFO:
	 [Node] Finished "_acc_msk_brain1", elapsed time 0.402723s.
250329-16:02:15,359 nipype.workflow INFO:
	 [Node] Finished "_acc_msk_brain2", elapsed time 0.358051s.
250329-16:02:15,415 nipype.workflow INFO:
	 [Node] Finished "_acc_msk_brain1", elapsed time 0.457615s.
250329-16:02:15,428 nipype.workflow INFO:
	 [Node] Finished "_acc_msk_brain0", elapsed time 0.439863s.
250329-16:02:15,431 nipype.workflow INFO:
	 [Node] Finished "_acc_msk_brain1", elapsed time 0.469574s.
250329-16:02:15,450 nipype.workflow INFO:
	 [Node] Finished "_acc_msk_brain0", elapsed time 0.491059s.
250329-16:02:15,575 nipype.workflow INFO:
	 [Node] Finished "_acc_msk_brain0", elapsed time 0.622543s.
250329-16:02:15,585 nipype.workflow INFO:
	 [Node] Finished "_acc_msk_brain0", elapsed time 0.627984s.
250329-16:02:16,824 nipype.workflow INFO:
	 [Node] Setting-up "_acc_msk_brain0" in "/work_dir/fmriprep_24_0_wf/sub_34_wf/bold_task_bird_run_1_wf/bold_confounds_wf/acc_msk_brain/mapflow/_acc_msk_brain0".
250329-16:02:16,825 nipype.workflow INFO:
	 [Node] Cached "_acc_msk_brain0" - collecting precomputed outputs
250329-16:02:16,825 nipype.workflow INFO:
	 [Node] "_acc_msk_brain0" found cached.
250329-16:02:16,826 nipype.workflow INFO:
	 [Node] Setting-up "_acc_msk_brain1" in "/work_dir/fmriprep_24_0_wf/sub_34_wf/bold_task_bird_run_1_wf/bold_confounds_wf/acc_msk_brain/mapflow/_acc_msk_brain1".
250329-16:02:16,827 nipype.workflow INFO:
	 [Node] Cached "_acc_msk_brain1" - collecting precomputed outputs
250329-16:02:16,827 nipype.workflow INFO:
	 [Node] "_acc_msk_brain1" found cached.
250329-16:02:16,828 nipype.workflow INFO:
	 [Node] Setting-up "_acc_msk_brain2" in "/work_dir/fmriprep_24_0_wf/sub_34_wf/bold_task_bird_run_1_wf/bold_confounds_wf/acc_msk_brain/mapflow/_acc_msk_brain2".
250329-16:02:16,828 nipype.workflow INFO:
	 [Node] Cached "_acc_msk_brain2" - collecting precomputed outputs
250329-16:02:16,829 nipype.workflow INFO:
	 [Node] "_acc_msk_brain2" found cached.
250329-16:02:16,836 nipype.workflow INFO:
	 [Node] Setting-up "_acc_msk_brain0" in "/work_dir/fmriprep_24_0_wf/sub_34_wf/bold_task_bird_run_2_wf/bold_confounds_wf/acc_msk_brain/mapflow/_acc_msk_brain0".
250329-16:02:16,837 nipype.workflow INFO:
	 [Node] Cached "_acc_msk_brain0" - collecting precomputed outputs
250329-16:02:16,837 nipype.workflow INFO:
	 [Node] "_acc_msk_brain0" found cached.
250329-16:02:16,838 nipype.workflow INFO:
	 [Node] Setting-up "_acc_msk_brain1" in "/work_dir/fmriprep_24_0_wf/sub_34_wf/bold_task_bird_run_2_wf/bold_confounds_wf/acc_msk_brain/mapflow/_acc_msk_brain1".
250329-16:02:16,839 nipype.workflow INFO:
	 [Node] Cached "_acc_msk_brain1" - collecting precomputed outputs
250329-16:02:16,839 nipype.workflow INFO:
	 [Node] "_acc_msk_brain1" found cached.
250329-16:02:16,839 nipype.workflow INFO:
	 [Node] Setting-up "_acc_msk_brain2" in "/work_dir/fmriprep_24_0_wf/sub_34_wf/bold_task_bird_run_2_wf/bold_confounds_wf/acc_msk_brain/mapflow/_acc_msk_brain2".
250329-16:02:16,840 nipype.workflow INFO:
	 [Node] Cached "_acc_msk_brain2" - collecting precomputed outputs
250329-16:02:16,840 nipype.workflow INFO:
	 [Node] "_acc_msk_brain2" found cached.
250329-16:02:16,848 nipype.workflow INFO:
	 [Node] Setting-up "_acc_msk_brain0" in "/work_dir/fmriprep_24_0_wf/sub_34_wf/bold_task_bird_run_4_wf/bold_confounds_wf/acc_msk_brain/mapflow/_acc_msk_brain0".
250329-16:02:16,849 nipype.workflow INFO:
	 [Node] Cached "_acc_msk_brain0" - collecting precomputed outputs
250329-16:02:16,849 nipype.workflow INFO:
	 [Node] "_acc_msk_brain0" found cached.
250329-16:02:16,849 nipype.workflow INFO:
	 [Node] Setting-up "_acc_msk_brain1" in "/work_dir/fmriprep_24_0_wf/sub_34_wf/bold_task_bird_run_4_wf/bold_confounds_wf/acc_msk_brain/mapflow/_acc_msk_brain1".
250329-16:02:16,850 nipype.workflow INFO:
	 [Node] Cached "_acc_msk_brain1" - collecting precomputed outputs
250329-16:02:16,850 nipype.workflow INFO:
	 [Node] "_acc_msk_brain1" found cached.
250329-16:02:16,851 nipype.workflow INFO:
	 [Node] Setting-up "_acc_msk_brain2" in "/work_dir/fmriprep_24_0_wf/sub_34_wf/bold_task_bird_run_4_wf/bold_confounds_wf/acc_msk_brain/mapflow/_acc_msk_brain2".
250329-16:02:16,852 nipype.workflow INFO:
	 [Node] Cached "_acc_msk_brain2" - collecting precomputed outputs
250329-16:02:16,852 nipype.workflow INFO:
	 [Node] "_acc_msk_brain2" found cached.
250329-16:02:16,859 nipype.workflow INFO:
	 [Node] Setting-up "_acc_msk_brain0" in "/work_dir/fmriprep_24_0_wf/sub_34_wf/bold_task_bird_run_5_wf/bold_confounds_wf/acc_msk_brain/mapflow/_acc_msk_brain0".
250329-16:02:16,860 nipype.workflow INFO:
	 [Node] Cached "_acc_msk_brain0" - collecting precomputed outputs
250329-16:02:16,861 nipype.workflow INFO:
	 [Node] "_acc_msk_brain0" found cached.
250329-16:02:16,861 nipype.workflow INFO:
	 [Node] Setting-up "_acc_msk_brain1" in "/work_dir/fmriprep_24_0_wf/sub_34_wf/bold_task_bird_run_5_wf/bold_confounds_wf/acc_msk_brain/mapflow/_acc_msk_brain1".
250329-16:02:16,862 nipype.workflow INFO:
	 [Node] Cached "_acc_msk_brain1" - collecting precomputed outputs
250329-16:02:16,862 nipype.workflow INFO:
	 [Node] "_acc_msk_brain1" found cached.
250329-16:02:16,863 nipype.workflow INFO:
	 [Node] Setting-up "_acc_msk_brain2" in "/work_dir/fmriprep_24_0_wf/sub_34_wf/bold_task_bird_run_5_wf/bold_confounds_wf/acc_msk_brain/mapflow/_acc_msk_brain2".
250329-16:02:16,864 nipype.workflow INFO:
	 [Node] Cached "_acc_msk_brain2" - collecting precomputed outputs
250329-16:02:16,864 nipype.workflow INFO:
	 [Node] "_acc_msk_brain2" found cached.
250329-16:02:19,35 nipype.workflow INFO:
	 [Node] Setting-up "_acc_msk_brain0" in "/work_dir/fmriprep_24_0_wf/sub_34_wf/bold_task_bird_run_3_wf/bold_confounds_wf/acc_msk_brain/mapflow/_acc_msk_brain0".
250329-16:02:19,37 nipype.workflow INFO:
	 [Node] Executing "_acc_msk_brain0" <niworkflows.interfaces.nibabel.ApplyMask>
250329-16:02:19,47 nipype.workflow INFO:
	 [Node] Setting-up "_acc_msk_brain1" in "/work_dir/fmriprep_24_0_wf/sub_34_wf/bold_task_bird_run_3_wf/bold_confounds_wf/acc_msk_brain/mapflow/_acc_msk_brain1".
250329-16:02:19,48 nipype.workflow INFO:
	 [Node] Executing "_acc_msk_brain1" <niworkflows.interfaces.nibabel.ApplyMask>
250329-16:02:19,58 nipype.workflow INFO:
	 [Node] Setting-up "_acc_msk_brain2" in "/work_dir/fmriprep_24_0_wf/sub_34_wf/bold_task_bird_run_3_wf/bold_confounds_wf/acc_msk_brain/mapflow/_acc_msk_brain2".
250329-16:02:19,59 nipype.workflow INFO:
	 [Node] Executing "_acc_msk_brain2" <niworkflows.interfaces.nibabel.ApplyMask>
250329-16:02:19,71 nipype.workflow INFO:
	 [Node] Setting-up "_acc_msk_bin0" in "/work_dir/fmriprep_24_0_wf/sub_34_wf/bold_task_bird_run_6_wf/bold_confounds_wf/acc_msk_bin/mapflow/_acc_msk_bin0".
250329-16:02:19,72 nipype.workflow INFO:
	 [Node] Executing "_acc_msk_bin0" <niworkflows.interfaces.nibabel.Binarize>
250329-16:02:19,75 nipype.workflow INFO:
	 [Node] Setting-up "_acc_msk_bin1" in "/work_dir/fmriprep_24_0_wf/sub_34_wf/bold_task_bird_run_6_wf/bold_confounds_wf/acc_msk_bin/mapflow/_acc_msk_bin1".
250329-16:02:19,75 nipype.workflow INFO:
	 [Node] Setting-up "_acc_msk_bin2" in "/work_dir/fmriprep_24_0_wf/sub_34_wf/bold_task_bird_run_6_wf/bold_confounds_wf/acc_msk_bin/mapflow/_acc_msk_bin2".
250329-16:02:19,76 nipype.workflow INFO:
	 [Node] Executing "_acc_msk_bin1" <niworkflows.interfaces.nibabel.Binarize>
250329-16:02:19,76 nipype.workflow INFO:
	 [Node] Executing "_acc_msk_bin2" <niworkflows.interfaces.nibabel.Binarize>
250329-16:02:19,261 nipype.workflow INFO:
	 [Node] Finished "_acc_msk_bin1", elapsed time 0.183798s.
250329-16:02:19,318 nipype.workflow INFO:
	 [Node] Finished "_acc_msk_bin0", elapsed time 0.24508s.
250329-16:02:19,344 nipype.workflow INFO:
	 [Node] Finished "_acc_msk_bin2", elapsed time 0.266442s.
250329-16:02:19,348 nipype.workflow INFO:
	 [Node] Finished "_acc_msk_brain1", elapsed time 0.298633s.
250329-16:02:19,444 nipype.workflow INFO:
	 [Node] Finished "_acc_msk_brain2", elapsed time 0.383445s.
250329-16:02:19,503 nipype.workflow INFO:
	 [Node] Finished "_acc_msk_brain0", elapsed time 0.451673s.
250329-16:02:20,905 nipype.workflow INFO:
	 [Node] Setting-up "_acc_msk_brain0" in "/work_dir/fmriprep_24_0_wf/sub_34_wf/bold_task_bird_run_3_wf/bold_confounds_wf/acc_msk_brain/mapflow/_acc_msk_brain0".
250329-16:02:20,906 nipype.workflow INFO:
	 [Node] Cached "_acc_msk_brain0" - collecting precomputed outputs
250329-16:02:20,907 nipype.workflow INFO:
	 [Node] "_acc_msk_brain0" found cached.
250329-16:02:20,907 nipype.workflow INFO:
	 [Node] Setting-up "_acc_msk_brain1" in "/work_dir/fmriprep_24_0_wf/sub_34_wf/bold_task_bird_run_3_wf/bold_confounds_wf/acc_msk_brain/mapflow/_acc_msk_brain1".
250329-16:02:20,908 nipype.workflow INFO:
	 [Node] Cached "_acc_msk_brain1" - collecting precomputed outputs
250329-16:02:20,908 nipype.workflow INFO:
	 [Node] "_acc_msk_brain1" found cached.
250329-16:02:20,909 nipype.workflow INFO:
	 [Node] Setting-up "_acc_msk_brain2" in "/work_dir/fmriprep_24_0_wf/sub_34_wf/bold_task_bird_run_3_wf/bold_confounds_wf/acc_msk_brain/mapflow/_acc_msk_brain2".
250329-16:02:20,910 nipype.workflow INFO:
	 [Node] Cached "_acc_msk_brain2" - collecting precomputed outputs
250329-16:02:20,910 nipype.workflow INFO:
	 [Node] "_acc_msk_brain2" found cached.
250329-16:02:20,914 nipype.workflow INFO:
	 [Node] Setting-up "_acc_msk_bin0" in "/work_dir/fmriprep_24_0_wf/sub_34_wf/bold_task_bird_run_6_wf/bold_confounds_wf/acc_msk_bin/mapflow/_acc_msk_bin0".
250329-16:02:20,915 nipype.workflow INFO:
	 [Node] Cached "_acc_msk_bin0" - collecting precomputed outputs
250329-16:02:20,915 nipype.workflow INFO:
	 [Node] "_acc_msk_bin0" found cached.
250329-16:02:20,915 nipype.workflow INFO:
	 [Node] Setting-up "_acc_msk_bin1" in "/work_dir/fmriprep_24_0_wf/sub_34_wf/bold_task_bird_run_6_wf/bold_confounds_wf/acc_msk_bin/mapflow/_acc_msk_bin1".
250329-16:02:20,916 nipype.workflow INFO:
	 [Node] Cached "_acc_msk_bin1" - collecting precomputed outputs
250329-16:02:20,917 nipype.workflow INFO:
	 [Node] Setting-up "_acc_msk_bin0" in "/work_dir/fmriprep_24_0_wf/sub_34_wf/bold_task_bird_run_1_wf/bold_confounds_wf/acc_msk_bin/mapflow/_acc_msk_bin0".
250329-16:02:20,916 nipype.workflow INFO:
	 [Node] "_acc_msk_bin1" found cached.
250329-16:02:20,919 nipype.workflow INFO:
	 [Node] Setting-up "_acc_msk_bin2" in "/work_dir/fmriprep_24_0_wf/sub_34_wf/bold_task_bird_run_6_wf/bold_confounds_wf/acc_msk_bin/mapflow/_acc_msk_bin2".
250329-16:02:20,919 nipype.workflow INFO:
	 [Node] Executing "_acc_msk_bin0" <niworkflows.interfaces.nibabel.Binarize>
250329-16:02:20,920 nipype.workflow INFO:
	 [Node] Cached "_acc_msk_bin2" - collecting precomputed outputs
250329-16:02:20,920 nipype.workflow INFO:
	 [Node] "_acc_msk_bin2" found cached.
250329-16:02:20,923 nipype.workflow INFO:
	 [Node] Setting-up "_acc_msk_bin2" in "/work_dir/fmriprep_24_0_wf/sub_34_wf/bold_task_bird_run_1_wf/bold_confounds_wf/acc_msk_bin/mapflow/_acc_msk_bin2".
250329-16:02:20,923 nipype.workflow INFO:
	 [Node] Setting-up "_acc_msk_bin1" in "/work_dir/fmriprep_24_0_wf/sub_34_wf/bold_task_bird_run_1_wf/bold_confounds_wf/acc_msk_bin/mapflow/_acc_msk_bin1".
250329-16:02:20,923 nipype.workflow INFO:
	 [Node] Setting-up "_acc_msk_bin1" in "/work_dir/fmriprep_24_0_wf/sub_34_wf/bold_task_bird_run_2_wf/bold_confounds_wf/acc_msk_bin/mapflow/_acc_msk_bin1".
250329-16:02:20,923 nipype.workflow INFO:
	 [Node] Setting-up "_acc_msk_bin2" in "/work_dir/fmriprep_24_0_wf/sub_34_wf/bold_task_bird_run_2_wf/bold_confounds_wf/acc_msk_bin/mapflow/_acc_msk_bin2".
250329-16:02:20,923 nipype.workflow INFO:
	 [Node] Setting-up "_acc_msk_bin0" in "/work_dir/fmriprep_24_0_wf/sub_34_wf/bold_task_bird_run_4_wf/bold_confounds_wf/acc_msk_bin/mapflow/_acc_msk_bin0".
250329-16:02:20,924 nipype.workflow INFO:
	 [Node] Executing "_acc_msk_bin2" <niworkflows.interfaces.nibabel.Binarize>
250329-16:02:20,924 nipype.workflow INFO:
	 [Node] Executing "_acc_msk_bin1" <niworkflows.interfaces.nibabel.Binarize>
250329-16:02:20,924 nipype.workflow INFO:
	 [Node] Executing "_acc_msk_bin1" <niworkflows.interfaces.nibabel.Binarize>
250329-16:02:20,925 nipype.workflow INFO:
	 [Node] Executing "_acc_msk_bin2" <niworkflows.interfaces.nibabel.Binarize>
250329-16:02:20,925 nipype.workflow INFO:
	 [Node] Executing "_acc_msk_bin0" <niworkflows.interfaces.nibabel.Binarize>
250329-16:02:20,927 nipype.workflow INFO:
	 [Node] Setting-up "_acc_msk_bin1" in "/work_dir/fmriprep_24_0_wf/sub_34_wf/bold_task_bird_run_4_wf/bold_confounds_wf/acc_msk_bin/mapflow/_acc_msk_bin1".
250329-16:02:20,927 nipype.workflow INFO:
	 [Node] Setting-up "_acc_msk_bin2" in "/work_dir/fmriprep_24_0_wf/sub_34_wf/bold_task_bird_run_4_wf/bold_confounds_wf/acc_msk_bin/mapflow/_acc_msk_bin2".
250329-16:02:20,928 nipype.workflow INFO:
	 [Node] Executing "_acc_msk_bin1" <niworkflows.interfaces.nibabel.Binarize>
250329-16:02:20,928 nipype.workflow INFO:
	 [Node] Executing "_acc_msk_bin2" <niworkflows.interfaces.nibabel.Binarize>
250329-16:02:20,930 nipype.workflow INFO:
	 [Node] Setting-up "_acc_msk_bin0" in "/work_dir/fmriprep_24_0_wf/sub_34_wf/bold_task_bird_run_5_wf/bold_confounds_wf/acc_msk_bin/mapflow/_acc_msk_bin0".
250329-16:02:20,931 nipype.workflow INFO:
	 [Node] Setting-up "_acc_msk_bin1" in "/work_dir/fmriprep_24_0_wf/sub_34_wf/bold_task_bird_run_5_wf/bold_confounds_wf/acc_msk_bin/mapflow/_acc_msk_bin1".
250329-16:02:20,931 nipype.workflow INFO:
	 [Node] Executing "_acc_msk_bin0" <niworkflows.interfaces.nibabel.Binarize>
250329-16:02:20,932 nipype.workflow INFO:
	 [Node] Executing "_acc_msk_bin1" <niworkflows.interfaces.nibabel.Binarize>
250329-16:02:20,933 nipype.workflow INFO:
	 [Node] Setting-up "_acc_msk_bin0" in "/work_dir/fmriprep_24_0_wf/sub_34_wf/bold_task_bird_run_2_wf/bold_confounds_wf/acc_msk_bin/mapflow/_acc_msk_bin0".
250329-16:02:20,934 nipype.workflow INFO:
	 [Node] Executing "_acc_msk_bin0" <niworkflows.interfaces.nibabel.Binarize>
250329-16:02:20,935 nipype.workflow INFO:
	 [Node] Setting-up "_acc_msk_bin2" in "/work_dir/fmriprep_24_0_wf/sub_34_wf/bold_task_bird_run_5_wf/bold_confounds_wf/acc_msk_bin/mapflow/_acc_msk_bin2".
250329-16:02:20,936 nipype.workflow INFO:
	 [Node] Executing "_acc_msk_bin2" <niworkflows.interfaces.nibabel.Binarize>
250329-16:02:21,26 nipype.workflow INFO:
	 [Node] Finished "_acc_msk_bin1", elapsed time 0.100701s.
250329-16:02:21,207 nipype.workflow INFO:
	 [Node] Finished "_acc_msk_bin1", elapsed time 0.281549s.
250329-16:02:21,238 nipype.workflow INFO:
	 [Node] Finished "_acc_msk_bin2", elapsed time 0.308473s.
250329-16:02:21,274 nipype.workflow INFO:
	 [Node] Finished "_acc_msk_bin0", elapsed time 0.348215s.
250329-16:02:21,276 nipype.workflow INFO:
	 [Node] Finished "_acc_msk_bin2", elapsed time 0.339s.
250329-16:02:21,289 nipype.workflow INFO:
	 [Node] Finished "_acc_msk_bin0", elapsed time 0.357072s.
250329-16:02:21,308 nipype.workflow INFO:
	 [Node] Finished "_acc_msk_bin1", elapsed time 0.378984s.
250329-16:02:21,313 nipype.workflow INFO:
	 [Node] Finished "_acc_msk_bin2", elapsed time 0.387823s.
250329-16:02:21,320 nipype.workflow INFO:
	 [Node] Finished "_acc_msk_bin1", elapsed time 0.386953s.
250329-16:02:21,322 nipype.workflow INFO:
	 [Node] Finished "_acc_msk_bin2", elapsed time 0.396229s.
250329-16:02:21,340 nipype.workflow INFO:
	 [Node] Finished "_acc_msk_bin0", elapsed time 0.420658s.
250329-16:02:21,382 nipype.workflow INFO:
	 [Node] Finished "_acc_msk_bin0", elapsed time 0.447477s.
250329-16:02:22,883 nipype.workflow INFO:
	 [Node] Setting-up "_acc_msk_bin0" in "/work_dir/fmriprep_24_0_wf/sub_34_wf/bold_task_bird_run_1_wf/bold_confounds_wf/acc_msk_bin/mapflow/_acc_msk_bin0".
250329-16:02:22,884 nipype.workflow INFO:
	 [Node] Cached "_acc_msk_bin0" - collecting precomputed outputs
250329-16:02:22,884 nipype.workflow INFO:
	 [Node] "_acc_msk_bin0" found cached.
250329-16:02:22,890 nipype.workflow INFO:
	 [Node] Setting-up "_acc_msk_bin1" in "/work_dir/fmriprep_24_0_wf/sub_34_wf/bold_task_bird_run_1_wf/bold_confounds_wf/acc_msk_bin/mapflow/_acc_msk_bin1".
250329-16:02:22,891 nipype.workflow INFO:
	 [Node] Cached "_acc_msk_bin1" - collecting precomputed outputs
250329-16:02:22,891 nipype.workflow INFO:
	 [Node] "_acc_msk_bin1" found cached.
250329-16:02:22,891 nipype.workflow INFO:
	 [Node] Setting-up "_acc_msk_bin2" in "/work_dir/fmriprep_24_0_wf/sub_34_wf/bold_task_bird_run_1_wf/bold_confounds_wf/acc_msk_bin/mapflow/_acc_msk_bin2".
250329-16:02:22,892 nipype.workflow INFO:
	 [Node] Cached "_acc_msk_bin2" - collecting precomputed outputs
250329-16:02:22,892 nipype.workflow INFO:
	 [Node] "_acc_msk_bin2" found cached.
250329-16:02:22,899 nipype.workflow INFO:
	 [Node] Setting-up "_acc_msk_bin0" in "/work_dir/fmriprep_24_0_wf/sub_34_wf/bold_task_bird_run_2_wf/bold_confounds_wf/acc_msk_bin/mapflow/_acc_msk_bin0".
250329-16:02:22,900 nipype.workflow INFO:
	 [Node] Cached "_acc_msk_bin0" - collecting precomputed outputs
250329-16:02:22,900 nipype.workflow INFO:
	 [Node] "_acc_msk_bin0" found cached.
250329-16:02:22,901 nipype.workflow INFO:
	 [Node] Setting-up "_acc_msk_bin1" in "/work_dir/fmriprep_24_0_wf/sub_34_wf/bold_task_bird_run_2_wf/bold_confounds_wf/acc_msk_bin/mapflow/_acc_msk_bin1".
250329-16:02:22,901 nipype.workflow INFO:
	 [Node] Cached "_acc_msk_bin1" - collecting precomputed outputs
250329-16:02:22,902 nipype.workflow INFO:
	 [Node] "_acc_msk_bin1" found cached.
250329-16:02:22,902 nipype.workflow INFO:
	 [Node] Setting-up "_acc_msk_bin2" in "/work_dir/fmriprep_24_0_wf/sub_34_wf/bold_task_bird_run_2_wf/bold_confounds_wf/acc_msk_bin/mapflow/_acc_msk_bin2".
250329-16:02:22,903 nipype.workflow INFO:
	 [Node] Cached "_acc_msk_bin2" - collecting precomputed outputs
250329-16:02:22,903 nipype.workflow INFO:
	 [Node] "_acc_msk_bin2" found cached.
250329-16:02:22,920 nipype.workflow INFO:
	 [Node] Setting-up "_acc_msk_bin0" in "/work_dir/fmriprep_24_0_wf/sub_34_wf/bold_task_bird_run_4_wf/bold_confounds_wf/acc_msk_bin/mapflow/_acc_msk_bin0".
250329-16:02:22,920 nipype.workflow INFO:
	 [Node] Setting-up "fmriprep_24_0_wf.sub_34_wf.bold_task_bird_run_6_wf.bold_confounds_wf.acompcor" in "/work_dir/fmriprep_24_0_wf/sub_34_wf/bold_task_bird_run_6_wf/bold_confounds_wf/acompcor".
250329-16:02:22,921 nipype.workflow INFO:
	 [Node] Cached "_acc_msk_bin0" - collecting precomputed outputs
250329-16:02:22,922 nipype.workflow INFO:
	 [Node] "_acc_msk_bin0" found cached.
250329-16:02:22,922 nipype.workflow INFO:
	 [Node] Setting-up "_acc_msk_bin0" in "/work_dir/fmriprep_24_0_wf/sub_34_wf/bold_task_bird_run_5_wf/bold_confounds_wf/acc_msk_bin/mapflow/_acc_msk_bin0".
250329-16:02:22,922 nipype.workflow INFO:
	 [Node] Setting-up "_acc_msk_bin1" in "/work_dir/fmriprep_24_0_wf/sub_34_wf/bold_task_bird_run_4_wf/bold_confounds_wf/acc_msk_bin/mapflow/_acc_msk_bin1".
250329-16:02:22,923 nipype.workflow INFO:
	 [Node] Cached "_acc_msk_bin0" - collecting precomputed outputs
250329-16:02:22,923 nipype.workflow INFO:
	 [Node] "_acc_msk_bin0" found cached.
250329-16:02:22,923 nipype.workflow INFO:
	 [Node] Cached "_acc_msk_bin1" - collecting precomputed outputs
250329-16:02:22,923 nipype.workflow INFO:
	 [Node] "_acc_msk_bin1" found cached.
250329-16:02:22,923 nipype.workflow INFO:
	 [Node] Setting-up "_acc_msk_bin1" in "/work_dir/fmriprep_24_0_wf/sub_34_wf/bold_task_bird_run_5_wf/bold_confounds_wf/acc_msk_bin/mapflow/_acc_msk_bin1".
250329-16:02:22,924 nipype.workflow INFO:
	 [Node] Setting-up "_acc_msk_bin2" in "/work_dir/fmriprep_24_0_wf/sub_34_wf/bold_task_bird_run_4_wf/bold_confounds_wf/acc_msk_bin/mapflow/_acc_msk_bin2".
250329-16:02:22,924 nipype.workflow INFO:
	 [Node] Cached "_acc_msk_bin1" - collecting precomputed outputs
250329-16:02:22,924 nipype.workflow INFO:
	 [Node] "_acc_msk_bin1" found cached.
250329-16:02:22,925 nipype.workflow INFO:
	 [Node] Cached "_acc_msk_bin2" - collecting precomputed outputs
250329-16:02:22,925 nipype.workflow INFO:
	 [Node] "_acc_msk_bin2" found cached.
250329-16:02:22,925 nipype.workflow INFO:
	 [Node] Setting-up "_acc_msk_bin2" in "/work_dir/fmriprep_24_0_wf/sub_34_wf/bold_task_bird_run_5_wf/bold_confounds_wf/acc_msk_bin/mapflow/_acc_msk_bin2".
250329-16:02:22,926 nipype.workflow INFO:
	 [Node] Executing "acompcor" <niworkflows.interfaces.patches.RobustACompCor>
250329-16:02:22,926 nipype.workflow INFO:
	 [Node] Cached "_acc_msk_bin2" - collecting precomputed outputs
250329-16:02:22,926 nipype.workflow INFO:
	 [Node] "_acc_msk_bin2" found cached.
250329-16:02:24,980 nipype.workflow INFO:
	 [Node] Setting-up "fmriprep_24_0_wf.sub_34_wf.bold_task_bird_run_1_wf.bold_confounds_wf.acompcor" in "/work_dir/fmriprep_24_0_wf/sub_34_wf/bold_task_bird_run_1_wf/bold_confounds_wf/acompcor".
250329-16:02:25,305 nipype.workflow INFO:
	 [Node] Executing "acompcor" <niworkflows.interfaces.patches.RobustACompCor>
250329-16:02:25,363 nipype.workflow INFO:
	 [Node] Setting-up "fmriprep_24_0_wf.sub_34_wf.bold_task_bird_run_2_wf.bold_confounds_wf.acompcor" in "/work_dir/fmriprep_24_0_wf/sub_34_wf/bold_task_bird_run_2_wf/bold_confounds_wf/acompcor".
250329-16:02:25,368 nipype.workflow INFO:
	 [Node] Executing "acompcor" <niworkflows.interfaces.patches.RobustACompCor>
250329-16:02:25,805 nipype.workflow INFO:
	 [Node] Setting-up "fmriprep_24_0_wf.sub_34_wf.bold_task_bird_run_4_wf.bold_confounds_wf.acompcor" in "/work_dir/fmriprep_24_0_wf/sub_34_wf/bold_task_bird_run_4_wf/bold_confounds_wf/acompcor".
250329-16:02:25,809 nipype.workflow INFO:
	 [Node] Executing "acompcor" <niworkflows.interfaces.patches.RobustACompCor>
250329-16:02:26,375 nipype.workflow INFO:
	 [Node] Setting-up "fmriprep_24_0_wf.sub_34_wf.bold_task_bird_run_5_wf.bold_confounds_wf.acompcor" in "/work_dir/fmriprep_24_0_wf/sub_34_wf/bold_task_bird_run_5_wf/bold_confounds_wf/acompcor".
250329-16:02:26,380 nipype.workflow INFO:
	 [Node] Executing "acompcor" <niworkflows.interfaces.patches.RobustACompCor>
250329-16:02:28,316 nipype.workflow INFO:
	 [Node] Setting-up "fmriprep_24_0_wf.sub_34_wf.bold_task_bird_run_6_wf.bold_confounds_wf.signals" in "/work_dir/fmriprep_24_0_wf/sub_34_wf/bold_task_bird_run_6_wf/bold_confounds_wf/signals".
250329-16:02:28,333 nipype.workflow INFO:
	 [Node] Setting-up "_acc_msk_bin0" in "/work_dir/fmriprep_24_0_wf/sub_34_wf/bold_task_bird_run_3_wf/bold_confounds_wf/acc_msk_bin/mapflow/_acc_msk_bin0".
250329-16:02:28,333 nipype.workflow INFO:
	 [Node] Setting-up "_acc_msk_bin1" in "/work_dir/fmriprep_24_0_wf/sub_34_wf/bold_task_bird_run_3_wf/bold_confounds_wf/acc_msk_bin/mapflow/_acc_msk_bin1".
250329-16:02:28,334 nipype.workflow INFO:
	 [Node] Executing "_acc_msk_bin1" <niworkflows.interfaces.nibabel.Binarize>
250329-16:02:28,335 nipype.workflow INFO:
	 [Node] Executing "_acc_msk_bin0" <niworkflows.interfaces.nibabel.Binarize>
250329-16:02:28,332 nipype.workflow INFO:
	 [Node] Setting-up "fmriprep_24_0_wf.sub_34_wf.bold_task_bird_run_6_wf.bold_confounds_wf.rois_plot" in "/work_dir/fmriprep_24_0_wf/sub_34_wf/bold_task_bird_run_6_wf/bold_confounds_wf/rois_plot".
250329-16:02:28,337 nipype.workflow INFO:
	 [Node] Setting-up "_acc_msk_bin2" in "/work_dir/fmriprep_24_0_wf/sub_34_wf/bold_task_bird_run_3_wf/bold_confounds_wf/acc_msk_bin/mapflow/_acc_msk_bin2".
250329-16:02:28,338 nipype.workflow INFO:
	 [Node] Executing "_acc_msk_bin2" <niworkflows.interfaces.nibabel.Binarize>
250329-16:02:28,462 nipype.workflow INFO:
	 [Node] Executing "rois_plot" <niworkflows.interfaces.reportlets.masks.ROIsPlot>
250329-16:02:28,540 nipype.workflow INFO:
	 [Node] Setting-up "fmriprep_24_0_wf.sub_34_wf.bold_task_bird_run_1_wf.bold_confounds_wf.signals" in "/work_dir/fmriprep_24_0_wf/sub_34_wf/bold_task_bird_run_1_wf/bold_confounds_wf/signals".
250329-16:02:28,554 nipype.workflow INFO:
	 [Node] Setting-up "fmriprep_24_0_wf.sub_34_wf.bold_task_bird_run_2_wf.bold_confounds_wf.signals" in "/work_dir/fmriprep_24_0_wf/sub_34_wf/bold_task_bird_run_2_wf/bold_confounds_wf/signals".
250329-16:02:28,559 nipype.workflow INFO:
	 [Node] Executing "signals" <niworkflows.interfaces.images.SignalExtraction>
250329-16:02:28,573 nipype.workflow INFO:
	 [Node] Setting-up "fmriprep_24_0_wf.sub_34_wf.bold_task_bird_run_4_wf.bold_confounds_wf.signals" in "/work_dir/fmriprep_24_0_wf/sub_34_wf/bold_task_bird_run_4_wf/bold_confounds_wf/signals".
250329-16:02:28,581 nipype.workflow INFO:
	 [Node] Setting-up "fmriprep_24_0_wf.sub_34_wf.bold_task_bird_run_5_wf.bold_confounds_wf.signals" in "/work_dir/fmriprep_24_0_wf/sub_34_wf/bold_task_bird_run_5_wf/bold_confounds_wf/signals".
250329-16:02:28,583 nipype.workflow INFO:
	 [Node] Setting-up "fmriprep_24_0_wf.sub_34_wf.bold_task_bird_run_1_wf.bold_confounds_wf.rois_plot" in "/work_dir/fmriprep_24_0_wf/sub_34_wf/bold_task_bird_run_1_wf/bold_confounds_wf/rois_plot".
250329-16:02:28,576 nipype.workflow INFO:
	 [Node] Executing "signals" <niworkflows.interfaces.images.SignalExtraction>
250329-16:02:28,588 nipype.workflow INFO:
	 [Node] Executing "signals" <niworkflows.interfaces.images.SignalExtraction>
250329-16:02:28,661 nipype.workflow INFO:
	 [Node] Finished "_acc_msk_bin2", elapsed time 0.322333s.
250329-16:02:28,664 nipype.workflow INFO:
	 [Node] Finished "_acc_msk_bin1", elapsed time 0.329036s.
250329-16:02:28,701 nipype.workflow INFO:
	 [Node] Finished "_acc_msk_bin0", elapsed time 0.365827s.
250329-16:02:28,702 nipype.workflow INFO:
	 [Node] Executing "rois_plot" <niworkflows.interfaces.reportlets.masks.ROIsPlot>
250329-16:02:28,821 nipype.workflow INFO:
	 [Node] Executing "signals" <niworkflows.interfaces.images.SignalExtraction>
250329-16:02:29,602 nipype.workflow INFO:
	 [Node] Executing "signals" <niworkflows.interfaces.images.SignalExtraction>
250329-16:02:31,84 nipype.workflow INFO:
	 [Node] Setting-up "_acc_msk_bin0" in "/work_dir/fmriprep_24_0_wf/sub_34_wf/bold_task_bird_run_3_wf/bold_confounds_wf/acc_msk_bin/mapflow/_acc_msk_bin0".
250329-16:02:31,85 nipype.workflow INFO:
	 [Node] Cached "_acc_msk_bin0" - collecting precomputed outputs
250329-16:02:31,85 nipype.workflow INFO:
	 [Node] "_acc_msk_bin0" found cached.
250329-16:02:31,86 nipype.workflow INFO:
	 [Node] Setting-up "_acc_msk_bin1" in "/work_dir/fmriprep_24_0_wf/sub_34_wf/bold_task_bird_run_3_wf/bold_confounds_wf/acc_msk_bin/mapflow/_acc_msk_bin1".
250329-16:02:31,86 nipype.workflow INFO:
	 [Node] Cached "_acc_msk_bin1" - collecting precomputed outputs
250329-16:02:31,87 nipype.workflow INFO:
	 [Node] "_acc_msk_bin1" found cached.
250329-16:02:31,87 nipype.workflow INFO:
	 [Node] Setting-up "_acc_msk_bin2" in "/work_dir/fmriprep_24_0_wf/sub_34_wf/bold_task_bird_run_3_wf/bold_confounds_wf/acc_msk_bin/mapflow/_acc_msk_bin2".
250329-16:02:31,88 nipype.workflow INFO:
	 [Node] Cached "_acc_msk_bin2" - collecting precomputed outputs
250329-16:02:31,88 nipype.workflow INFO:
	 [Node] "_acc_msk_bin2" found cached.
250329-16:02:31,102 nipype.workflow INFO:
	 [Node] Setting-up "fmriprep_24_0_wf.sub_34_wf.bold_task_bird_run_2_wf.bold_confounds_wf.rois_plot" in "/work_dir/fmriprep_24_0_wf/sub_34_wf/bold_task_bird_run_2_wf/bold_confounds_wf/rois_plot".
250329-16:02:31,107 nipype.workflow INFO:
	 [Node] Setting-up "fmriprep_24_0_wf.sub_34_wf.bold_task_bird_run_4_wf.bold_confounds_wf.rois_plot" in "/work_dir/fmriprep_24_0_wf/sub_34_wf/bold_task_bird_run_4_wf/bold_confounds_wf/rois_plot".
250329-16:02:31,115 nipype.workflow INFO:
	 [Node] Executing "rois_plot" <niworkflows.interfaces.reportlets.masks.ROIsPlot>
250329-16:02:31,116 nipype.workflow INFO:
	 [Node] Executing "rois_plot" <niworkflows.interfaces.reportlets.masks.ROIsPlot>
250329-16:02:33,396 nipype.workflow INFO:
	 [Node] Setting-up "fmriprep_24_0_wf.sub_34_wf.bold_task_bird_run_3_wf.bold_confounds_wf.acompcor" in "/work_dir/fmriprep_24_0_wf/sub_34_wf/bold_task_bird_run_3_wf/bold_confounds_wf/acompcor".
250329-16:02:33,401 nipype.workflow INFO:
	 [Node] Executing "acompcor" <niworkflows.interfaces.patches.RobustACompCor>
250329-16:02:40,756 nipype.workflow INFO:
	 [Node] Finished "acompcor", elapsed time 17.829693s.
250329-16:02:44,686 nipype.workflow INFO:
	 [Node] Setting-up "fmriprep_24_0_wf.sub_34_wf.bold_task_bird_run_6_wf.bold_confounds_wf.rename_acompcor" in "/work_dir/fmriprep_24_0_wf/sub_34_wf/bold_task_bird_run_6_wf/bold_confounds_wf/rename_acompcor".
250329-16:02:44,689 nipype.workflow INFO:
	 [Node] Executing "rename_acompcor" <fmriprep.interfaces.confounds.RenameACompCor>
250329-16:02:44,985 nipype.workflow INFO:
	 [Node] Finished "rename_acompcor", elapsed time 0.29543s.
250329-16:02:45,248 nipype.workflow INFO:
	 [Node] Finished "acompcor", elapsed time 19.437493s.
250329-16:02:45,593 nipype.workflow INFO:
	 [Node] Finished "acompcor", elapsed time 20.224147s.
250329-16:02:46,554 nipype.workflow INFO:
	 [Node] Finished "acompcor", elapsed time 20.172881s.
250329-16:02:47,420 nipype.workflow INFO:
	 [Node] Setting-up "fmriprep_24_0_wf.sub_34_wf.bold_task_bird_run_3_wf.bold_confounds_wf.signals" in "/work_dir/fmriprep_24_0_wf/sub_34_wf/bold_task_bird_run_3_wf/bold_confounds_wf/signals".
250329-16:02:47,423 nipype.workflow INFO:
	 [Node] Executing "signals" <niworkflows.interfaces.images.SignalExtraction>
250329-16:02:47,435 nipype.workflow INFO:
	 [Node] Setting-up "fmriprep_24_0_wf.sub_34_wf.bold_task_bird_run_5_wf.bold_confounds_wf.rename_acompcor" in "/work_dir/fmriprep_24_0_wf/sub_34_wf/bold_task_bird_run_5_wf/bold_confounds_wf/rename_acompcor".
250329-16:02:47,439 nipype.workflow INFO:
	 [Node] Executing "rename_acompcor" <fmriprep.interfaces.confounds.RenameACompCor>
250329-16:02:47,971 nipype.workflow INFO:
	 [Node] Finished "rename_acompcor", elapsed time 0.531398s.
250329-16:02:48,254 nipype.workflow INFO:
	 [Node] Setting-up "fmriprep_24_0_wf.sub_34_wf.bold_task_bird_run_4_wf.bold_confounds_wf.rename_acompcor" in "/work_dir/fmriprep_24_0_wf/sub_34_wf/bold_task_bird_run_4_wf/bold_confounds_wf/rename_acompcor".
250329-16:02:48,257 nipype.workflow INFO:
	 [Node] Executing "rename_acompcor" <fmriprep.interfaces.confounds.RenameACompCor>
250329-16:02:48,770 nipype.workflow INFO:
	 [Node] Finished "rename_acompcor", elapsed time 0.468897s.
250329-16:02:49,295 nipype.workflow INFO:
	 [Node] Setting-up "fmriprep_24_0_wf.sub_34_wf.bold_task_bird_run_2_wf.bold_confounds_wf.rename_acompcor" in "/work_dir/fmriprep_24_0_wf/sub_34_wf/bold_task_bird_run_2_wf/bold_confounds_wf/rename_acompcor".
250329-16:02:49,299 nipype.workflow INFO:
	 [Node] Executing "rename_acompcor" <fmriprep.interfaces.confounds.RenameACompCor>
250329-16:02:49,501 nipype.workflow INFO:
	 [Node] Finished "rename_acompcor", elapsed time 0.201656s.
250329-16:02:50,112 nipype.workflow INFO:
	 [Node] Finished "signals", elapsed time 21.552442s.
250329-16:02:50,961 nipype.workflow INFO:
	 [Node] Finished "signals", elapsed time 22.375799s.
250329-16:02:52,130 nipype.workflow INFO:
	 [Node] Setting-up "fmriprep_24_0_wf.sub_34_wf.bold_task_bird_run_5_wf.bold_confounds_wf.rois_plot" in "/work_dir/fmriprep_24_0_wf/sub_34_wf/bold_task_bird_run_5_wf/bold_confounds_wf/rois_plot".
250329-16:02:52,135 nipype.workflow INFO:
	 [Node] Executing "rois_plot" <niworkflows.interfaces.reportlets.masks.ROIsPlot>
250329-16:02:52,415 nipype.workflow INFO:
	 [Node] Finished "signals", elapsed time 23.825581s.
250329-16:02:53,58 nipype.workflow INFO:
	 [Node] Setting-up "fmriprep_24_0_wf.sub_34_wf.bold_task_bird_run_3_wf.bold_confounds_wf.rois_plot" in "/work_dir/fmriprep_24_0_wf/sub_34_wf/bold_task_bird_run_3_wf/bold_confounds_wf/rois_plot".
250329-16:02:53,81 nipype.workflow INFO:
	 [Node] Executing "rois_plot" <niworkflows.interfaces.reportlets.masks.ROIsPlot>
250329-16:02:53,201 nipype.workflow INFO:
	 [Node] Setting-up "fmriprep_24_0_wf.sub_34_wf.bold_task_bird_run_2_wf.bold_confounds_wf.acc_metadata_filter" in "/work_dir/fmriprep_24_0_wf/sub_34_wf/bold_task_bird_run_2_wf/bold_confounds_wf/acc_metadata_filter".
250329-16:02:53,214 nipype.workflow INFO:
	 [Node] Executing "acc_metadata_filter" <fmriprep.interfaces.confounds.FilterDropped>
250329-16:02:53,235 nipype.workflow INFO:
	 [Node] Finished "acc_metadata_filter", elapsed time 0.020446s.
250329-16:02:53,337 nipype.workflow INFO:
	 [Node] Finished "acompcor", elapsed time 19.935347s.
250329-16:02:53,729 nipype.workflow INFO:
	 [Node] Finished "signals", elapsed time 24.125664s.
250329-16:02:53,925 nipype.workflow INFO:
	 [Node] Finished "signals", elapsed time 25.086993s.
250329-16:02:54,191 nipype.workflow INFO:
	 [Node] Setting-up "fmriprep_24_0_wf.sub_34_wf.bold_task_bird_run_4_wf.bold_confounds_wf.acc_metadata_filter" in "/work_dir/fmriprep_24_0_wf/sub_34_wf/bold_task_bird_run_4_wf/bold_confounds_wf/acc_metadata_filter".
250329-16:02:54,193 nipype.workflow INFO:
	 [Node] Executing "acc_metadata_filter" <fmriprep.interfaces.confounds.FilterDropped>
250329-16:02:54,199 nipype.workflow INFO:
	 [Node] Finished "acc_metadata_filter", elapsed time 0.005371s.
250329-16:02:54,773 nipype.workflow INFO:
	 [Node] Setting-up "fmriprep_24_0_wf.sub_34_wf.bold_task_bird_run_3_wf.bold_confounds_wf.rename_acompcor" in "/work_dir/fmriprep_24_0_wf/sub_34_wf/bold_task_bird_run_3_wf/bold_confounds_wf/rename_acompcor".
250329-16:02:54,775 nipype.workflow INFO:
	 [Node] Executing "rename_acompcor" <fmriprep.interfaces.confounds.RenameACompCor>
250329-16:02:54,970 nipype.workflow INFO:
	 [Node] Finished "rename_acompcor", elapsed time 0.19423s.
250329-16:02:56,116 nipype.workflow INFO:
	 [Node] Setting-up "fmriprep_24_0_wf.sub_34_wf.bold_task_bird_run_5_wf.bold_confounds_wf.acc_metadata_filter" in "/work_dir/fmriprep_24_0_wf/sub_34_wf/bold_task_bird_run_5_wf/bold_confounds_wf/acc_metadata_filter".
250329-16:02:56,118 nipype.workflow INFO:
	 [Node] Executing "acc_metadata_filter" <fmriprep.interfaces.confounds.FilterDropped>
250329-16:02:56,126 nipype.workflow INFO:
	 [Node] Finished "acc_metadata_filter", elapsed time 0.006822s.
250329-16:02:56,284 nipype.workflow INFO:
	 [Node] Finished "seg_rpt", elapsed time 71.584414s.
250329-16:02:57,34 nipype.workflow INFO:
	 [Node] Setting-up "fmriprep_24_0_wf.sub_34_wf.bold_task_bird_run_6_wf.bold_confounds_wf.acc_metadata_filter" in "/work_dir/fmriprep_24_0_wf/sub_34_wf/bold_task_bird_run_6_wf/bold_confounds_wf/acc_metadata_filter".
250329-16:02:57,36 nipype.workflow INFO:
	 [Node] Executing "acc_metadata_filter" <fmriprep.interfaces.confounds.FilterDropped>
250329-16:02:57,41 nipype.workflow INFO:
	 [Node] Finished "acc_metadata_filter", elapsed time 0.004979s.
250329-16:02:57,843 nipype.workflow INFO:
	 [Node] Setting-up "fmriprep_24_0_wf.sub_34_wf.bold_task_bird_run_2_wf.bold_confounds_wf.compcor_plot" in "/work_dir/fmriprep_24_0_wf/sub_34_wf/bold_task_bird_run_2_wf/bold_confounds_wf/compcor_plot".
250329-16:02:57,855 nipype.workflow INFO:
	 [Node] Executing "compcor_plot" <nireports.interfaces.nuisance.CompCorVariancePlot>
250329-16:02:57,875 nipype.workflow INFO:
	 [Node] Setting-up "fmriprep_24_0_wf.sub_34_wf.bold_task_bird_run_6_wf.bold_confounds_wf.compcor_plot" in "/work_dir/fmriprep_24_0_wf/sub_34_wf/bold_task_bird_run_6_wf/bold_confounds_wf/compcor_plot".
250329-16:02:57,878 nipype.workflow INFO:
	 [Node] Executing "compcor_plot" <nireports.interfaces.nuisance.CompCorVariancePlot>
250329-16:02:58,551 nipype.workflow INFO:
	 [Node] Setting-up "fmriprep_24_0_wf.sub_34_wf.bold_task_bird_run_4_wf.bold_confounds_wf.compcor_plot" in "/work_dir/fmriprep_24_0_wf/sub_34_wf/bold_task_bird_run_4_wf/bold_confounds_wf/compcor_plot".
250329-16:02:58,553 nipype.workflow INFO:
	 [Node] Executing "compcor_plot" <nireports.interfaces.nuisance.CompCorVariancePlot>
250329-16:02:59,357 nipype.workflow INFO:
	 [Node] Setting-up "fmriprep_24_0_wf.sub_34_wf.bold_task_bird_run_3_wf.bold_confounds_wf.acc_metadata_filter" in "/work_dir/fmriprep_24_0_wf/sub_34_wf/bold_task_bird_run_3_wf/bold_confounds_wf/acc_metadata_filter".
250329-16:02:59,359 nipype.workflow INFO:
	 [Node] Executing "acc_metadata_filter" <fmriprep.interfaces.confounds.FilterDropped>
250329-16:02:59,366 nipype.workflow INFO:
	 [Node] Finished "acc_metadata_filter", elapsed time 0.006658s.
250329-16:02:59,386 nipype.workflow INFO:
	 [Node] Setting-up "fmriprep_24_0_wf.sub_34_wf.bold_task_bird_run_2_wf.bold_confounds_wf.acc_metadata_fmt" in "/work_dir/fmriprep_24_0_wf/sub_34_wf/bold_task_bird_run_2_wf/bold_confounds_wf/acc_metadata_fmt".
250329-16:02:59,389 nipype.workflow INFO:
	 [Node] Executing "acc_metadata_fmt" <niworkflows.interfaces.utility.TSV2JSON>
250329-16:02:59,396 nipype.workflow INFO:
	 [Node] Setting-up "fmriprep_24_0_wf.sub_34_wf.bold_task_bird_run_2_wf.bold_confounds_wf.model_expansion" in "/work_dir/fmriprep_24_0_wf/sub_34_wf/bold_task_bird_run_2_wf/bold_confounds_wf/model_expansion".
250329-16:02:59,399 nipype.workflow INFO:
	 [Node] Executing "model_expansion" <niworkflows.interfaces.confounds.ExpandModel>
250329-16:02:59,426 nipype.workflow INFO:
	 [Node] Finished "acc_metadata_fmt", elapsed time 0.036385s.
250329-16:02:59,474 nipype.workflow INFO:
	 [Node] Finished "compcor_plot", elapsed time 1.618803s.
250329-16:02:59,531 nipype.workflow INFO:
	 [Node] Finished "epi_t1_report", elapsed time 70.775509s.
250329-16:02:59,603 nipype.workflow INFO:
	 [Node] Setting-up "fmriprep_24_0_wf.sub_34_wf.bold_task_bird_run_5_wf.bold_confounds_wf.compcor_plot" in "/work_dir/fmriprep_24_0_wf/sub_34_wf/bold_task_bird_run_5_wf/bold_confounds_wf/compcor_plot".
250329-16:02:59,606 nipype.workflow INFO:
	 [Node] Executing "compcor_plot" <nireports.interfaces.nuisance.CompCorVariancePlot>
250329-16:02:59,818 nipype.workflow INFO:
	 [Node] Finished "compcor_plot", elapsed time 1.939954s.
250329-16:03:00,170 nipype.workflow INFO:
	 [Node] Finished "acompcor", elapsed time 34.864202s.
250329-16:03:00,178 nipype.workflow INFO:
	 [Node] Finished "model_expansion", elapsed time 0.778093s.
250329-16:03:00,260 nipype.workflow INFO:
	 [Node] Finished "compcor_plot", elapsed time 1.7054770000000001s.
250329-16:03:00,374 nipype.workflow INFO:
	 [Node] Setting-up "fmriprep_24_0_wf.sub_34_wf.bold_task_bird_run_1_wf.bold_fit_wf.func_fit_reports_wf.ds_epi_t1_report" in "/work_dir/fmriprep_24_0_wf/sub_34_wf/bold_task_bird_run_1_wf/bold_fit_wf/func_fit_reports_wf/ds_epi_t1_report".
250329-16:03:00,388 nipype.workflow INFO:
	 [Node] Setting-up "fmriprep_24_0_wf.sub_34_wf.bold_task_bird_run_2_wf.bold_confounds_wf.conf_corr_plot" in "/work_dir/fmriprep_24_0_wf/sub_34_wf/bold_task_bird_run_2_wf/bold_confounds_wf/conf_corr_plot".
250329-16:03:00,407 nipype.workflow INFO:
	 [Node] Setting-up "fmriprep_24_0_wf.sub_34_wf.bold_task_bird_run_3_wf.bold_confounds_wf.acc_metadata_fmt" in "/work_dir/fmriprep_24_0_wf/sub_34_wf/bold_task_bird_run_3_wf/bold_confounds_wf/acc_metadata_fmt".
250329-16:03:00,410 nipype.workflow INFO:
	 [Node] Executing "acc_metadata_fmt" <niworkflows.interfaces.utility.TSV2JSON>
250329-16:03:00,419 nipype.workflow INFO:
	 [Node] Setting-up "fmriprep_24_0_wf.sub_34_wf.bold_task_bird_run_4_wf.bold_confounds_wf.acc_metadata_fmt" in "/work_dir/fmriprep_24_0_wf/sub_34_wf/bold_task_bird_run_4_wf/bold_confounds_wf/acc_metadata_fmt".
250329-16:03:00,421 nipype.workflow INFO:
	 [Node] Executing "acc_metadata_fmt" <niworkflows.interfaces.utility.TSV2JSON>
250329-16:03:00,430 nipype.workflow INFO:
	 [Node] Setting-up "fmriprep_24_0_wf.sub_34_wf.bold_task_bird_run_4_wf.bold_confounds_wf.model_expansion" in "/work_dir/fmriprep_24_0_wf/sub_34_wf/bold_task_bird_run_4_wf/bold_confounds_wf/model_expansion".
250329-16:03:00,432 nipype.workflow INFO:
	 [Node] Executing "model_expansion" <niworkflows.interfaces.confounds.ExpandModel>
250329-16:03:00,454 nipype.workflow INFO:
	 [Node] Finished "acc_metadata_fmt", elapsed time 0.031838s.
250329-16:03:00,461 nipype.workflow INFO:
	 [Node] Executing "conf_corr_plot" <nireports.interfaces.nuisance.ConfoundsCorrelationPlot>
250329-16:03:00,459 nipype.workflow INFO:
	 [Node] Finished "acc_metadata_fmt", elapsed time 0.048412s.
250329-16:03:00,970 nipype.workflow INFO:
	 [Node] Finished "compcor_plot", elapsed time 1.3633s.
250329-16:03:01,196 nipype.workflow INFO:
	 [Node] Finished "model_expansion", elapsed time 0.76273s.
250329-16:03:02,79 nipype.workflow INFO:
	 [Node] Setting-up "fmriprep_24_0_wf.sub_34_wf.bold_task_bird_run_3_wf.bold_confounds_wf.compcor_plot" in "/work_dir/fmriprep_24_0_wf/sub_34_wf/bold_task_bird_run_3_wf/bold_confounds_wf/compcor_plot".
250329-16:03:02,82 nipype.workflow INFO:
	 [Node] Executing "compcor_plot" <nireports.interfaces.nuisance.CompCorVariancePlot>
250329-16:03:02,572 nipype.workflow INFO:
	 [Node] Setting-up "fmriprep_24_0_wf.sub_34_wf.bold_task_bird_run_1_wf.bold_confounds_wf.rename_acompcor" in "/work_dir/fmriprep_24_0_wf/sub_34_wf/bold_task_bird_run_1_wf/bold_confounds_wf/rename_acompcor".
250329-16:03:02,575 nipype.workflow INFO:
	 [Node] Executing "rename_acompcor" <fmriprep.interfaces.confounds.RenameACompCor>
250329-16:03:02,806 nipype.workflow INFO:
	 [Node] Finished "rename_acompcor", elapsed time 0.230415s.
250329-16:03:02,939 nipype.workflow INFO:
	 [Node] Setting-up "fmriprep_24_0_wf.sub_34_wf.bold_task_bird_run_5_wf.bold_confounds_wf.acc_metadata_fmt" in "/work_dir/fmriprep_24_0_wf/sub_34_wf/bold_task_bird_run_5_wf/bold_confounds_wf/acc_metadata_fmt".
250329-16:03:02,941 nipype.workflow INFO:
	 [Node] Executing "acc_metadata_fmt" <niworkflows.interfaces.utility.TSV2JSON>
250329-16:03:02,951 nipype.workflow INFO:
	 [Node] Setting-up "fmriprep_24_0_wf.sub_34_wf.bold_task_bird_run_5_wf.bold_confounds_wf.conf_corr_plot" in "/work_dir/fmriprep_24_0_wf/sub_34_wf/bold_task_bird_run_5_wf/bold_confounds_wf/conf_corr_plot".
250329-16:03:02,952 nipype.workflow INFO:
	 [Node] Setting-up "fmriprep_24_0_wf.sub_34_wf.bold_task_bird_run_5_wf.bold_confounds_wf.model_expansion" in "/work_dir/fmriprep_24_0_wf/sub_34_wf/bold_task_bird_run_5_wf/bold_confounds_wf/model_expansion".
250329-16:03:02,952 nipype.workflow INFO:
	 [Node] Finished "acc_metadata_fmt", elapsed time 0.010269s.
250329-16:03:02,954 nipype.workflow INFO:
	 [Node] Executing "model_expansion" <niworkflows.interfaces.confounds.ExpandModel>
250329-16:03:02,964 nipype.workflow INFO:
	 [Node] Executing "conf_corr_plot" <nireports.interfaces.nuisance.ConfoundsCorrelationPlot>
250329-16:03:02,965 nipype.workflow INFO:
	 [Node] Setting-up "fmriprep_24_0_wf.sub_34_wf.bold_task_bird_run_6_wf.bold_confounds_wf.acc_metadata_fmt" in "/work_dir/fmriprep_24_0_wf/sub_34_wf/bold_task_bird_run_6_wf/bold_confounds_wf/acc_metadata_fmt".
250329-16:03:02,967 nipype.workflow INFO:
	 [Node] Setting-up "fmriprep_24_0_wf.sub_34_wf.bold_task_bird_run_6_wf.bold_confounds_wf.model_expansion" in "/work_dir/fmriprep_24_0_wf/sub_34_wf/bold_task_bird_run_6_wf/bold_confounds_wf/model_expansion".
250329-16:03:02,968 nipype.workflow INFO:
	 [Node] Executing "acc_metadata_fmt" <niworkflows.interfaces.utility.TSV2JSON>
250329-16:03:02,970 nipype.workflow INFO:
	 [Node] Executing "model_expansion" <niworkflows.interfaces.confounds.ExpandModel>
250329-16:03:03,4 nipype.workflow INFO:
	 [Node] Finished "epi_t1_report", elapsed time 70.12346s.
250329-16:03:03,21 nipype.workflow INFO:
	 [Node] Finished "acc_metadata_fmt", elapsed time 0.05206s.
250329-16:03:03,343 nipype.workflow INFO:
	 [Node] Finished "conf_corr_plot", elapsed time 2.880936s.
250329-16:03:03,711 nipype.workflow INFO:
	 [Node] Finished "model_expansion", elapsed time 0.741085s.
250329-16:03:03,772 nipype.workflow INFO:
	 [Node] Finished "model_expansion", elapsed time 0.816831s.
250329-16:03:04,545 nipype.workflow INFO:
	 [Node] Finished "compcor_plot", elapsed time 2.461413s.
250329-16:03:04,633 nipype.workflow INFO:
	 [Node] Setting-up "fmriprep_24_0_wf.sub_34_wf.bold_task_bird_run_5_wf.bold_fit_wf.func_fit_reports_wf.ds_epi_t1_report" in "/work_dir/fmriprep_24_0_wf/sub_34_wf/bold_task_bird_run_5_wf/bold_fit_wf/func_fit_reports_wf/ds_epi_t1_report".
250329-16:03:04,639 nipype.workflow INFO:
	 [Node] Finished "epi_t1_report", elapsed time 70.850972s.
250329-16:03:04,644 nipype.workflow INFO:
	 [Node] Setting-up "fmriprep_24_0_wf.sub_34_wf.bold_task_bird_run_1_wf.bold_confounds_wf.acc_metadata_filter" in "/work_dir/fmriprep_24_0_wf/sub_34_wf/bold_task_bird_run_1_wf/bold_confounds_wf/acc_metadata_filter".
250329-16:03:04,646 nipype.workflow INFO:
	 [Node] Executing "acc_metadata_filter" <fmriprep.interfaces.confounds.FilterDropped>
250329-16:03:04,651 nipype.workflow INFO:
	 [Node] Finished "acc_metadata_filter", elapsed time 0.005041s.
250329-16:03:04,796 nipype.workflow INFO:
	 [Node] Setting-up "fmriprep_24_0_wf.sub_34_wf.bold_task_bird_run_4_wf.bold_confounds_wf.conf_corr_plot" in "/work_dir/fmriprep_24_0_wf/sub_34_wf/bold_task_bird_run_4_wf/bold_confounds_wf/conf_corr_plot".
250329-16:03:04,841 nipype.workflow INFO:
	 [Node] Executing "conf_corr_plot" <nireports.interfaces.nuisance.ConfoundsCorrelationPlot>
250329-16:03:05,820 nipype.workflow INFO:
	 [Node] Setting-up "fmriprep_24_0_wf.sub_34_wf.bold_task_bird_run_1_wf.bold_confounds_wf.compcor_plot" in "/work_dir/fmriprep_24_0_wf/sub_34_wf/bold_task_bird_run_1_wf/bold_confounds_wf/compcor_plot".
250329-16:03:05,823 nipype.workflow INFO:
	 [Node] Executing "compcor_plot" <nireports.interfaces.nuisance.CompCorVariancePlot>
250329-16:03:05,825 nipype.workflow INFO:
	 [Node] Setting-up "fmriprep_24_0_wf.sub_34_wf.bold_task_bird_run_6_wf.bold_confounds_wf.conf_corr_plot" in "/work_dir/fmriprep_24_0_wf/sub_34_wf/bold_task_bird_run_6_wf/bold_confounds_wf/conf_corr_plot".
250329-16:03:05,842 nipype.workflow INFO:
	 [Node] Executing "conf_corr_plot" <nireports.interfaces.nuisance.ConfoundsCorrelationPlot>
250329-16:03:06,371 nipype.workflow INFO:
	 [Node] Finished "conf_corr_plot", elapsed time 3.406147s.
250329-16:03:06,661 nipype.workflow INFO:
	 [Node] Finished "signals", elapsed time 19.236398s.
250329-16:03:07,183 nipype.workflow INFO:
	 [Node] Executing "ds_epi_t1_report" <fmriprep.interfaces.DerivativesDataSink>
250329-16:03:07,276 nipype.workflow INFO:
	 [Node] Finished "ds_epi_t1_report", elapsed time 0.091668s.
250329-16:03:07,523 nipype.workflow INFO:
	 [Node] Finished "compcor_plot", elapsed time 1.6994120000000001s.
250329-16:03:08,542 nipype.workflow INFO:
	 [Node] Finished "epi_t1_report", elapsed time 77.58882s.
250329-16:03:08,758 nipype.workflow INFO:
	 [Node] Finished "conf_corr_plot", elapsed time 3.915292s.
250329-16:03:08,820 nipype.workflow INFO:
	 [Node] Setting-up "fmriprep_24_0_wf.sub_34_wf.bold_task_bird_run_2_wf.bold_confounds_wf.spike_regressors" in "/work_dir/fmriprep_24_0_wf/sub_34_wf/bold_task_bird_run_2_wf/bold_confounds_wf/spike_regressors".
250329-16:03:08,823 nipype.workflow INFO:
	 [Node] Executing "spike_regressors" <niworkflows.interfaces.confounds.SpikeRegressors>
250329-16:03:09,81 nipype.workflow INFO:
	 [Node] Finished "spike_regressors", elapsed time 0.256841s.
250329-16:03:09,151 nipype.workflow INFO:
	 [Node] Executing "ds_epi_t1_report" <fmriprep.interfaces.DerivativesDataSink>
250329-16:03:09,214 nipype.workflow INFO:
	 [Node] Finished "ds_epi_t1_report", elapsed time 0.06111s.
250329-16:03:09,247 nipype.workflow INFO:
	 [Node] Finished "epi_t1_report", elapsed time 76.271264s.
250329-16:03:09,325 nipype.workflow INFO:
	 [Node] Finished "conf_corr_plot", elapsed time 3.481699s.
250329-16:03:09,802 nipype.workflow INFO:
	 [Node] Finished "epi_t1_report", elapsed time 75.281984s.
250329-16:03:09,900 nipype.workflow INFO:
	 [Node] Setting-up "fmriprep_24_0_wf.sub_34_wf.bold_task_bird_run_4_wf.bold_confounds_wf.spike_regressors" in "/work_dir/fmriprep_24_0_wf/sub_34_wf/bold_task_bird_run_4_wf/bold_confounds_wf/spike_regressors".
250329-16:03:09,903 nipype.workflow INFO:
	 [Node] Executing "spike_regressors" <niworkflows.interfaces.confounds.SpikeRegressors>
250329-16:03:10,190 nipype.workflow INFO:
	 [Node] Finished "spike_regressors", elapsed time 0.286706s.
250329-16:03:10,412 nipype.workflow INFO:
	 [Node] Setting-up "fmriprep_24_0_wf.sub_34_wf.bold_task_bird_run_5_wf.bold_confounds_wf.spike_regressors" in "/work_dir/fmriprep_24_0_wf/sub_34_wf/bold_task_bird_run_5_wf/bold_confounds_wf/spike_regressors".
250329-16:03:10,414 nipype.workflow INFO:
	 [Node] Executing "spike_regressors" <niworkflows.interfaces.confounds.SpikeRegressors>
250329-16:03:10,741 nipype.workflow INFO:
	 [Node] Finished "spike_regressors", elapsed time 0.325442s.
250329-16:03:10,844 nipype.workflow INFO:
	 [Node] Setting-up "fmriprep_24_0_wf.sub_34_wf.bold_task_bird_run_2_wf.bold_fit_wf.func_fit_reports_wf.ds_epi_t1_report" in "/work_dir/fmriprep_24_0_wf/sub_34_wf/bold_task_bird_run_2_wf/bold_fit_wf/func_fit_reports_wf/ds_epi_t1_report".
250329-16:03:10,848 nipype.workflow INFO:
	 [Node] Setting-up "fmriprep_24_0_wf.sub_34_wf.bold_task_bird_run_3_wf.bold_fit_wf.func_fit_reports_wf.ds_epi_t1_report" in "/work_dir/fmriprep_24_0_wf/sub_34_wf/bold_task_bird_run_3_wf/bold_fit_wf/func_fit_reports_wf/ds_epi_t1_report".
250329-16:03:10,850 nipype.workflow INFO:
	 [Node] Setting-up "fmriprep_24_0_wf.sub_34_wf.bold_task_bird_run_4_wf.bold_fit_wf.func_fit_reports_wf.ds_epi_t1_report" in "/work_dir/fmriprep_24_0_wf/sub_34_wf/bold_task_bird_run_4_wf/bold_fit_wf/func_fit_reports_wf/ds_epi_t1_report".
250329-16:03:10,852 nipype.workflow INFO:
	 [Node] Setting-up "fmriprep_24_0_wf.sub_34_wf.bold_task_bird_run_6_wf.bold_fit_wf.func_fit_reports_wf.ds_epi_t1_report" in "/work_dir/fmriprep_24_0_wf/sub_34_wf/bold_task_bird_run_6_wf/bold_fit_wf/func_fit_reports_wf/ds_epi_t1_report".
250329-16:03:10,856 nipype.workflow INFO:
	 [Node] Executing "ds_epi_t1_report" <fmriprep.interfaces.DerivativesDataSink>
250329-16:03:10,856 nipype.workflow INFO:
	 [Node] Executing "ds_epi_t1_report" <fmriprep.interfaces.DerivativesDataSink>
250329-16:03:10,860 nipype.workflow INFO:
	 [Node] Executing "ds_epi_t1_report" <fmriprep.interfaces.DerivativesDataSink>
250329-16:03:10,887 nipype.workflow INFO:
	 [Node] Finished "ds_epi_t1_report", elapsed time 0.02993s.
250329-16:03:10,926 nipype.workflow INFO:
	 [Node] Finished "ds_epi_t1_report", elapsed time 0.064956s.
250329-16:03:10,929 nipype.workflow INFO:
	 [Node] Finished "ds_epi_t1_report", elapsed time 0.072214s.
250329-16:03:11,279 nipype.workflow INFO:
	 [Node] Setting-up "fmriprep_24_0_wf.sub_34_wf.bold_task_bird_run_1_wf.bold_confounds_wf.acc_metadata_fmt" in "/work_dir/fmriprep_24_0_wf/sub_34_wf/bold_task_bird_run_1_wf/bold_confounds_wf/acc_metadata_fmt".
250329-16:03:11,282 nipype.workflow INFO:
	 [Node] Executing "acc_metadata_fmt" <niworkflows.interfaces.utility.TSV2JSON>
250329-16:03:11,285 nipype.workflow INFO:
	 [Node] Setting-up "fmriprep_24_0_wf.sub_34_wf.bold_task_bird_run_1_wf.bold_confounds_wf.model_expansion" in "/work_dir/fmriprep_24_0_wf/sub_34_wf/bold_task_bird_run_1_wf/bold_confounds_wf/model_expansion".
250329-16:03:11,287 nipype.workflow INFO:
	 [Node] Executing "model_expansion" <niworkflows.interfaces.confounds.ExpandModel>
250329-16:03:11,320 nipype.workflow INFO:
	 [Node] Finished "acc_metadata_fmt", elapsed time 0.037426s.
250329-16:03:11,325 nipype.workflow INFO:
	 [Node] Executing "ds_epi_t1_report" <fmriprep.interfaces.DerivativesDataSink>
250329-16:03:11,351 nipype.workflow INFO:
	 [Node] Finished "ds_epi_t1_report", elapsed time 0.024961s.
250329-16:03:11,535 nipype.workflow INFO:
	 [Node] Finished "model_expansion", elapsed time 0.246896s.
250329-16:03:11,872 nipype.workflow INFO:
	 [Node] Setting-up "fmriprep_24_0_wf.sub_34_wf.bold_task_bird_run_1_wf.bold_confounds_wf.conf_corr_plot" in "/work_dir/fmriprep_24_0_wf/sub_34_wf/bold_task_bird_run_1_wf/bold_confounds_wf/conf_corr_plot".
250329-16:03:11,915 nipype.workflow INFO:
	 [Node] Executing "conf_corr_plot" <nireports.interfaces.nuisance.ConfoundsCorrelationPlot>
250329-16:03:13,196 nipype.workflow INFO:
	 [Node] Setting-up "fmriprep_24_0_wf.sub_34_wf.bold_task_bird_run_6_wf.bold_confounds_wf.spike_regressors" in "/work_dir/fmriprep_24_0_wf/sub_34_wf/bold_task_bird_run_6_wf/bold_confounds_wf/spike_regressors".
250329-16:03:13,199 nipype.workflow INFO:
	 [Node] Executing "spike_regressors" <niworkflows.interfaces.confounds.SpikeRegressors>
250329-16:03:13,518 nipype.workflow INFO:
	 [Node] Finished "spike_regressors", elapsed time 0.318534s.
250329-16:03:13,803 nipype.workflow INFO:
	 [Node] Finished "conf_corr_plot", elapsed time 1.886903s.
250329-16:03:15,228 nipype.workflow INFO:
	 [Node] Setting-up "fmriprep_24_0_wf.sub_34_wf.bold_task_bird_run_3_wf.bold_confounds_wf.model_expansion" in "/work_dir/fmriprep_24_0_wf/sub_34_wf/bold_task_bird_run_3_wf/bold_confounds_wf/model_expansion".
250329-16:03:15,235 nipype.workflow INFO:
	 [Node] Executing "model_expansion" <niworkflows.interfaces.confounds.ExpandModel>
250329-16:03:15,240 nipype.workflow INFO:
	 [Node] Setting-up "fmriprep_24_0_wf.sub_34_wf.bold_task_bird_run_3_wf.bold_confounds_wf.conf_corr_plot" in "/work_dir/fmriprep_24_0_wf/sub_34_wf/bold_task_bird_run_3_wf/bold_confounds_wf/conf_corr_plot".
250329-16:03:15,267 nipype.workflow INFO:
	 [Node] Executing "conf_corr_plot" <nireports.interfaces.nuisance.ConfoundsCorrelationPlot>
250329-16:03:15,891 nipype.workflow INFO:
	 [Node] Finished "model_expansion", elapsed time 0.654747s.
250329-16:03:15,904 nipype.workflow INFO:
	 [Node] Setting-up "fmriprep_24_0_wf.sub_34_wf.bold_task_bird_run_1_wf.bold_confounds_wf.spike_regressors" in "/work_dir/fmriprep_24_0_wf/sub_34_wf/bold_task_bird_run_1_wf/bold_confounds_wf/spike_regressors".
250329-16:03:15,907 nipype.workflow INFO:
	 [Node] Executing "spike_regressors" <niworkflows.interfaces.confounds.SpikeRegressors>
250329-16:03:16,311 nipype.workflow INFO:
	 [Node] Finished "spike_regressors", elapsed time 0.403362s.
250329-16:03:17,705 nipype.workflow INFO:
	 [Node] Finished "conf_corr_plot", elapsed time 2.437313s.
250329-16:03:18,718 nipype.workflow INFO:
	 [Node] Setting-up "fmriprep_24_0_wf.sub_34_wf.bold_task_bird_run_3_wf.bold_confounds_wf.spike_regressors" in "/work_dir/fmriprep_24_0_wf/sub_34_wf/bold_task_bird_run_3_wf/bold_confounds_wf/spike_regressors".
250329-16:03:18,720 nipype.workflow INFO:
	 [Node] Executing "spike_regressors" <niworkflows.interfaces.confounds.SpikeRegressors>
250329-16:03:18,934 nipype.workflow INFO:
	 [Node] Finished "spike_regressors", elapsed time 0.21271s.
250329-16:03:24,347 nipype.workflow INFO:
	 [Node] Finished "rois_plot", elapsed time 55.884025s.
250329-16:03:27,94 nipype.workflow INFO:
	 [Node] Finished "rois_plot", elapsed time 58.391232s.
250329-16:03:28,164 nipype.workflow INFO:
	 [Node] Finished "rois_plot", elapsed time 57.046392s.
250329-16:03:28,464 nipype.workflow INFO:
	 [Node] Finished "rois_plot", elapsed time 57.3474s.
250329-16:03:33,880 nipype.workflow INFO:
	 [Node] Finished "rois_plot", elapsed time 41.744026s.
250329-16:03:34,268 nipype.workflow INFO:
	 [Node] Finished "rois_plot", elapsed time 41.186119s.
250329-16:37:04,438 nipype.workflow INFO:
	 [Node] Finished "registration", elapsed time 2352.281141s.
250329-16:37:06,639 nipype.workflow INFO:
	 [Node] Setting-up "fmriprep_24_0_wf.sub_34_wf.anat_fit_wf.register_template_wf.outputnode" in "/work_dir/fmriprep_24_0_wf/sub_34_wf/anat_fit_wf/register_template_wf/outputnode".
250329-16:37:06,644 nipype.workflow INFO:
	 [Node] Executing "outputnode" <nipype.interfaces.utility.base.IdentityInterface>
250329-16:37:06,645 nipype.workflow INFO:
	 [Node] Finished "outputnode", elapsed time 0.000398s.
250329-16:37:08,641 nipype.workflow INFO:
	 [Node] Setting-up "fmriprep_24_0_wf.sub_34_wf.anat_fit_wf.template_buffer" in "/work_dir/fmriprep_24_0_wf/sub_34_wf/anat_fit_wf/template_buffer".
250329-16:37:08,644 nipype.workflow INFO:
	 [Node] Executing "template_buffer" <nipype.interfaces.utility.base.Merge>
250329-16:37:08,645 nipype.workflow INFO:
	 [Node] Finished "template_buffer", elapsed time 0.000227s.
250329-16:37:10,639 nipype.workflow INFO:
	 [Node] Setting-up "fmriprep_24_0_wf.sub_34_wf.anat_fit_wf.anat2std_buffer" in "/work_dir/fmriprep_24_0_wf/sub_34_wf/anat_fit_wf/anat2std_buffer".
250329-16:37:10,639 nipype.workflow INFO:
	 [Node] Setting-up "fmriprep_24_0_wf.sub_34_wf.anat_fit_wf.std2anat_buffer" in "/work_dir/fmriprep_24_0_wf/sub_34_wf/anat_fit_wf/std2anat_buffer".
250329-16:37:10,642 nipype.workflow INFO:
	 [Node] Executing "std2anat_buffer" <nipype.interfaces.utility.base.Merge>
250329-16:37:10,642 nipype.workflow INFO:
	 [Node] Executing "anat2std_buffer" <nipype.interfaces.utility.base.Merge>
250329-16:37:10,643 nipype.workflow INFO:
	 [Node] Finished "std2anat_buffer", elapsed time 0.00022s.
250329-16:37:10,643 nipype.workflow INFO:
	 [Node] Finished "anat2std_buffer", elapsed time 0.000221s.
250329-16:37:14,638 nipype.workflow INFO:
	 [Node] Setting-up "fmriprep_24_0_wf.sub_34_wf.bold_task_bird_run_1_wf.carpetplot_wf.mrg_xfms" in "/work_dir/fmriprep_24_0_wf/sub_34_wf/bold_task_bird_run_1_wf/carpetplot_wf/mrg_xfms".
250329-16:37:14,638 nipype.workflow INFO:
	 [Node] Setting-up "fmriprep_24_0_wf.sub_34_wf.bold_task_bird_run_2_wf.carpetplot_wf.mrg_xfms" in "/work_dir/fmriprep_24_0_wf/sub_34_wf/bold_task_bird_run_2_wf/carpetplot_wf/mrg_xfms".
250329-16:37:14,638 nipype.workflow INFO:
	 [Node] Setting-up "fmriprep_24_0_wf.sub_34_wf.bold_task_bird_run_3_wf.carpetplot_wf.mrg_xfms" in "/work_dir/fmriprep_24_0_wf/sub_34_wf/bold_task_bird_run_3_wf/carpetplot_wf/mrg_xfms".
250329-16:37:14,639 nipype.workflow INFO:
	 [Node] Setting-up "fmriprep_24_0_wf.sub_34_wf.bold_task_bird_run_4_wf.carpetplot_wf.mrg_xfms" in "/work_dir/fmriprep_24_0_wf/sub_34_wf/bold_task_bird_run_4_wf/carpetplot_wf/mrg_xfms".
250329-16:37:14,640 nipype.workflow INFO:
	 [Node] Setting-up "fmriprep_24_0_wf.sub_34_wf.bold_task_bird_run_5_wf.carpetplot_wf.mrg_xfms" in "/work_dir/fmriprep_24_0_wf/sub_34_wf/bold_task_bird_run_5_wf/carpetplot_wf/mrg_xfms".
250329-16:37:14,642 nipype.workflow INFO:
	 [Node] Setting-up "fmriprep_24_0_wf.sub_34_wf.bold_task_bird_run_6_wf.carpetplot_wf.mrg_xfms" in "/work_dir/fmriprep_24_0_wf/sub_34_wf/bold_task_bird_run_6_wf/carpetplot_wf/mrg_xfms".
250329-16:37:14,642 nipype.workflow INFO:
	 [Node] Executing "mrg_xfms" <nipype.interfaces.utility.base.Merge>
250329-16:37:14,642 nipype.workflow INFO:
	 [Node] Executing "mrg_xfms" <nipype.interfaces.utility.base.Merge>
250329-16:37:14,643 nipype.workflow INFO:
	 [Node] Executing "mrg_xfms" <nipype.interfaces.utility.base.Merge>
250329-16:37:14,643 nipype.workflow INFO:
	 [Node] Executing "mrg_xfms" <nipype.interfaces.utility.base.Merge>
250329-16:37:14,643 nipype.workflow INFO:
	 [Node] Finished "mrg_xfms", elapsed time 0.000212s.
250329-16:37:14,643 nipype.workflow INFO:
	 [Node] Finished "mrg_xfms", elapsed time 0.000224s.
250329-16:37:14,644 nipype.workflow INFO:
	 [Node] Finished "mrg_xfms", elapsed time 0.00021s.
250329-16:37:14,644 nipype.workflow INFO:
	 [Node] Finished "mrg_xfms", elapsed time 0.000226s.
250329-16:37:14,651 nipype.workflow INFO:
	 [Node] Executing "mrg_xfms" <nipype.interfaces.utility.base.Merge>
250329-16:37:14,651 nipype.workflow INFO:
	 [Node] Finished "mrg_xfms", elapsed time 0.000214s.
250329-16:37:14,653 nipype.workflow INFO:
	 [Node] Executing "mrg_xfms" <nipype.interfaces.utility.base.Merge>
250329-16:37:14,654 nipype.workflow INFO:
	 [Node] Finished "mrg_xfms", elapsed time 0.000213s.
250329-16:37:16,650 nipype.workflow INFO:
	 [Node] Setting-up "fmriprep_24_0_wf.sub_34_wf.bold_task_bird_run_1_wf.carpetplot_wf.resample_parc" in "/work_dir/fmriprep_24_0_wf/sub_34_wf/bold_task_bird_run_1_wf/carpetplot_wf/resample_parc".
250329-16:37:16,651 nipype.workflow INFO:
	 [Node] Setting-up "fmriprep_24_0_wf.sub_34_wf.bold_task_bird_run_2_wf.carpetplot_wf.resample_parc" in "/work_dir/fmriprep_24_0_wf/sub_34_wf/bold_task_bird_run_2_wf/carpetplot_wf/resample_parc".
250329-16:37:16,652 nipype.workflow INFO:
	 [Node] Setting-up "fmriprep_24_0_wf.sub_34_wf.bold_task_bird_run_3_wf.carpetplot_wf.resample_parc" in "/work_dir/fmriprep_24_0_wf/sub_34_wf/bold_task_bird_run_3_wf/carpetplot_wf/resample_parc".
250329-16:37:16,653 nipype.workflow INFO:
	 [Node] Setting-up "fmriprep_24_0_wf.sub_34_wf.bold_task_bird_run_4_wf.carpetplot_wf.resample_parc" in "/work_dir/fmriprep_24_0_wf/sub_34_wf/bold_task_bird_run_4_wf/carpetplot_wf/resample_parc".
250329-16:37:16,653 nipype.workflow INFO:
	 [Node] Setting-up "fmriprep_24_0_wf.sub_34_wf.bold_task_bird_run_5_wf.carpetplot_wf.resample_parc" in "/work_dir/fmriprep_24_0_wf/sub_34_wf/bold_task_bird_run_5_wf/carpetplot_wf/resample_parc".
250329-16:37:16,654 nipype.workflow INFO:
	 [Node] Setting-up "fmriprep_24_0_wf.sub_34_wf.bold_task_bird_run_6_wf.carpetplot_wf.resample_parc" in "/work_dir/fmriprep_24_0_wf/sub_34_wf/bold_task_bird_run_6_wf/carpetplot_wf/resample_parc".
250329-16:37:16,655 nipype.workflow INFO:
	 [Node] Executing "resample_parc" <niworkflows.interfaces.fixes.FixHeaderApplyTransforms>
250329-16:37:16,656 nipype.workflow INFO:
	 [Node] Executing "resample_parc" <niworkflows.interfaces.fixes.FixHeaderApplyTransforms>
250329-16:37:16,657 nipype.workflow INFO:
	 [Node] Executing "resample_parc" <niworkflows.interfaces.fixes.FixHeaderApplyTransforms>
250329-16:37:16,658 nipype.workflow INFO:
	 [Node] Executing "resample_parc" <niworkflows.interfaces.fixes.FixHeaderApplyTransforms>
250329-16:37:16,659 nipype.workflow INFO:
	 [Node] Executing "resample_parc" <niworkflows.interfaces.fixes.FixHeaderApplyTransforms>
250329-16:37:16,660 nipype.workflow INFO:
	 [Node] Executing "resample_parc" <niworkflows.interfaces.fixes.FixHeaderApplyTransforms>
250329-16:37:23,372 nipype.workflow INFO:
	 [Node] Finished "resample_parc", elapsed time 6.712874s.
250329-16:37:23,415 nipype.workflow INFO:
	 [Node] Finished "resample_parc", elapsed time 6.755782s.
250329-16:37:23,439 nipype.workflow INFO:
	 [Node] Finished "resample_parc", elapsed time 6.781917s.
250329-16:37:23,472 nipype.workflow INFO:
	 [Node] Finished "resample_parc", elapsed time 6.811675s.
250329-16:37:23,591 nipype.workflow INFO:
	 [Node] Finished "resample_parc", elapsed time 6.93462s.
250329-16:37:23,854 nipype.workflow INFO:
	 [Node] Finished "resample_parc", elapsed time 7.196887s.
250329-16:37:24,643 nipype.workflow INFO:
	 [Node] Setting-up "fmriprep_24_0_wf.sub_34_wf.bold_task_bird_run_1_wf.carpetplot_wf.parcels" in "/work_dir/fmriprep_24_0_wf/sub_34_wf/bold_task_bird_run_1_wf/carpetplot_wf/parcels".
250329-16:37:24,644 nipype.workflow INFO:
	 [Node] Setting-up "fmriprep_24_0_wf.sub_34_wf.bold_task_bird_run_2_wf.carpetplot_wf.parcels" in "/work_dir/fmriprep_24_0_wf/sub_34_wf/bold_task_bird_run_2_wf/carpetplot_wf/parcels".
250329-16:37:24,644 nipype.workflow INFO:
	 [Node] Setting-up "fmriprep_24_0_wf.sub_34_wf.bold_task_bird_run_3_wf.carpetplot_wf.parcels" in "/work_dir/fmriprep_24_0_wf/sub_34_wf/bold_task_bird_run_3_wf/carpetplot_wf/parcels".
250329-16:37:24,645 nipype.workflow INFO:
	 [Node] Setting-up "fmriprep_24_0_wf.sub_34_wf.bold_task_bird_run_4_wf.carpetplot_wf.parcels" in "/work_dir/fmriprep_24_0_wf/sub_34_wf/bold_task_bird_run_4_wf/carpetplot_wf/parcels".
250329-16:37:24,648 nipype.workflow INFO:
	 [Node] Executing "parcels" <nipype.interfaces.utility.wrappers.Function>
250329-16:37:24,648 nipype.workflow INFO:
	 [Node] Executing "parcels" <nipype.interfaces.utility.wrappers.Function>
250329-16:37:24,648 nipype.workflow INFO:
	 [Node] Executing "parcels" <nipype.interfaces.utility.wrappers.Function>
250329-16:37:24,649 nipype.workflow INFO:
	 [Node] Executing "parcels" <nipype.interfaces.utility.wrappers.Function>
250329-16:37:24,656 nipype.workflow INFO:
	 [Node] Setting-up "fmriprep_24_0_wf.sub_34_wf.bold_task_bird_run_5_wf.carpetplot_wf.parcels" in "/work_dir/fmriprep_24_0_wf/sub_34_wf/bold_task_bird_run_5_wf/carpetplot_wf/parcels".
250329-16:37:24,656 nipype.workflow INFO:
	 [Node] Setting-up "fmriprep_24_0_wf.sub_34_wf.bold_task_bird_run_6_wf.carpetplot_wf.parcels" in "/work_dir/fmriprep_24_0_wf/sub_34_wf/bold_task_bird_run_6_wf/carpetplot_wf/parcels".
250329-16:37:24,660 nipype.workflow INFO:
	 [Node] Executing "parcels" <nipype.interfaces.utility.wrappers.Function>
250329-16:37:24,661 nipype.workflow INFO:
	 [Node] Executing "parcels" <nipype.interfaces.utility.wrappers.Function>
250329-16:37:24,723 nipype.workflow INFO:
	 [Node] Finished "parcels", elapsed time 0.073904s.
250329-16:37:24,728 nipype.workflow INFO:
	 [Node] Finished "parcels", elapsed time 0.07938s.
250329-16:37:24,730 nipype.workflow INFO:
	 [Node] Finished "parcels", elapsed time 0.079538s.
250329-16:37:24,730 nipype.workflow INFO:
	 [Node] Finished "parcels", elapsed time 0.080838s.
250329-16:37:24,735 nipype.workflow INFO:
	 [Node] Finished "parcels", elapsed time 0.073121s.
250329-16:37:24,737 nipype.workflow INFO:
	 [Node] Finished "parcels", elapsed time 0.076866s.
250329-16:37:26,649 nipype.workflow INFO:
	 [Node] Setting-up "fmriprep_24_0_wf.sub_34_wf.bold_task_bird_run_1_wf.carpetplot_wf.conf_plot" in "/work_dir/fmriprep_24_0_wf/sub_34_wf/bold_task_bird_run_1_wf/carpetplot_wf/conf_plot".
250329-16:37:26,649 nipype.workflow INFO:
	 [Node] Setting-up "fmriprep_24_0_wf.sub_34_wf.bold_task_bird_run_2_wf.carpetplot_wf.conf_plot" in "/work_dir/fmriprep_24_0_wf/sub_34_wf/bold_task_bird_run_2_wf/carpetplot_wf/conf_plot".
250329-16:37:26,650 nipype.workflow INFO:
	 [Node] Setting-up "fmriprep_24_0_wf.sub_34_wf.bold_task_bird_run_3_wf.carpetplot_wf.conf_plot" in "/work_dir/fmriprep_24_0_wf/sub_34_wf/bold_task_bird_run_3_wf/carpetplot_wf/conf_plot".
250329-16:37:26,651 nipype.workflow INFO:
	 [Node] Setting-up "fmriprep_24_0_wf.sub_34_wf.bold_task_bird_run_4_wf.carpetplot_wf.conf_plot" in "/work_dir/fmriprep_24_0_wf/sub_34_wf/bold_task_bird_run_4_wf/carpetplot_wf/conf_plot".
250329-16:37:26,651 nipype.workflow INFO:
	 [Node] Setting-up "fmriprep_24_0_wf.sub_34_wf.bold_task_bird_run_5_wf.carpetplot_wf.conf_plot" in "/work_dir/fmriprep_24_0_wf/sub_34_wf/bold_task_bird_run_5_wf/carpetplot_wf/conf_plot".
250329-16:37:26,656 nipype.workflow INFO:
	 [Node] Executing "conf_plot" <fmriprep.interfaces.confounds.FMRISummary>
250329-16:37:26,656 nipype.workflow INFO:
	 [Node] Executing "conf_plot" <fmriprep.interfaces.confounds.FMRISummary>
250329-16:37:26,657 nipype.workflow INFO:
	 [Node] Executing "conf_plot" <fmriprep.interfaces.confounds.FMRISummary>
250329-16:37:26,658 nipype.workflow INFO:
	 [Node] Executing "conf_plot" <fmriprep.interfaces.confounds.FMRISummary>
250329-16:37:26,658 nipype.workflow INFO:
	 [Node] Executing "conf_plot" <fmriprep.interfaces.confounds.FMRISummary>
250329-16:37:26,775 nipype.workflow INFO:
	 [Node] Setting-up "fmriprep_24_0_wf.sub_34_wf.bold_task_bird_run_6_wf.carpetplot_wf.conf_plot" in "/work_dir/fmriprep_24_0_wf/sub_34_wf/bold_task_bird_run_6_wf/carpetplot_wf/conf_plot".
250329-16:37:26,783 nipype.workflow INFO:
	 [Node] Executing "conf_plot" <fmriprep.interfaces.confounds.FMRISummary>
250329-16:37:36,741 nipype.workflow INFO:
	 [Node] Finished "conf_plot", elapsed time 9.956937s.
250329-16:37:37,38 nipype.workflow INFO:
	 [Node] Finished "conf_plot", elapsed time 10.379279s.
250329-16:37:37,99 nipype.workflow INFO:
	 [Node] Finished "conf_plot", elapsed time 10.441008s.
250329-16:37:37,99 nipype.workflow INFO:
	 [Node] Finished "conf_plot", elapsed time 10.440029s.
250329-16:37:37,228 nipype.workflow INFO:
	 [Node] Finished "conf_plot", elapsed time 10.571149s.
250329-16:37:37,520 nipype.workflow INFO:
	 [Node] Finished "conf_plot", elapsed time 10.863382s.
250329-17:22:05,532 nipype.workflow INFO:
	 [Node] Finished "_msmsulc0", elapsed time 5178.789823s.
250329-17:22:32,891 nipype.workflow INFO:
	 [Node] Finished "_msmsulc1", elapsed time 5206.128555s.
250329-17:22:34,851 nipype.workflow INFO:
	 [Node] Setting-up "_msmsulc0" in "/work_dir/fmriprep_24_0_wf/sub_34_wf/anat_fit_wf/msm_sulc_wf/msmsulc/mapflow/_msmsulc0".
250329-17:22:34,856 nipype.workflow INFO:
	 [Node] Cached "_msmsulc0" - collecting precomputed outputs
250329-17:22:34,856 nipype.workflow INFO:
	 [Node] "_msmsulc0" found cached.
250329-17:22:34,857 nipype.workflow INFO:
	 [Node] Setting-up "_msmsulc1" in "/work_dir/fmriprep_24_0_wf/sub_34_wf/anat_fit_wf/msm_sulc_wf/msmsulc/mapflow/_msmsulc1".
250329-17:22:34,861 nipype.workflow INFO:
	 [Node] Cached "_msmsulc1" - collecting precomputed outputs
250329-17:22:34,861 nipype.workflow INFO:
	 [Node] "_msmsulc1" found cached.
250329-17:22:42,757 nipype.workflow IMPORTANT:
	 fMRIPrep finished successfully!
250329-17:22:42,764 nipype.workflow IMPORTANT:
	 Works derived from this fMRIPrep execution should include the boilerplate text found in <OUTPUT_PATH>/logs/CITATION.md.
