You are using fMRIPrep-24.0.0, and a newer version of fMRIPrep is available: 25.0.0.
Please check out our documentation about how and when to upgrade:
https://fmriprep.readthedocs.io/en/latest/faq.html#upgrading
bids-validator@1.14.6
(node:2534093) Warning: Closing directory handle on garbage collection
(Use `node --trace-warnings ...` to show where the warning was created)
	[33m1: [WARN] The recommended file /README is missing. See Section 03 (Modality agnostic files) of the BIDS specification. (code: 101 - README_FILE_MISSING)[39m

[36m	Please visit https://neurostars.org/search?q=README_FILE_MISSING for existing conversations about this issue.[39m

        [34m[4mSummary:[24m[39m                  [34m[4mAvailable Tasks:[24m[39m        [34m[4mAvailable Modalities:[39m[24m 
        681 Files, 46.44GB                                MRI                   
        34 - Subjects                                                           
        1 - Session                                                             


[36m	If you have any questions, please post on https://neurostars.org/tags/bids.[39m
250329-09:51:47,175 nipype.workflow IMPORTANT:
	 Running fMRIPrep version 24.0.0

         License NOTICE ##################################################
         fMRIPrep 24.0.0
         Copyright The NiPreps Developers.
         
         This product includes software developed by
         the NiPreps Community (https://nipreps.org/).
         
         Portions of this software were developed at the Department of
         Psychology at Stanford University, Stanford, CA, US.
         
         This software is also distributed as a Docker container image.
         The bootstrapping file for the image ("Dockerfile") is licensed
         under the MIT License.
         
         This software may be distributed through an add-on package called
         "Docker Wrapper" that is under the BSD 3-clause License.
         #################################################################
250329-09:51:47,210 nipype.workflow IMPORTANT:
	 Building fMRIPrep's workflow:
           * BIDS dataset path: /raw.
           * Participant list: ['28'].
           * Run identifier: 20250329-095125_53d7d176-403b-43bb-ac65-0e1ccf7ee8fb.
           * Output spaces: func.
           * Pre-run FreeSurfer's SUBJECTS_DIR: /output/sourcedata/freesurfer.
250329-09:51:48,1 nipype.workflow INFO:
	 ANAT Stage 1: Adding template workflow
250329-09:51:48,561 nipype.workflow INFO:
	 ANAT Stage 2: Preparing brain extraction workflow
250329-09:51:48,702 nipype.workflow INFO:
	 ANAT Stage 3: Preparing segmentation workflow
250329-09:51:48,710 nipype.workflow INFO:
	 ANAT Stage 4: Preparing normalization workflow for ['MNI152NLin2009cAsym']
250329-09:51:48,727 nipype.workflow INFO:
	 ANAT Stage 5: Preparing surface reconstruction workflow
250329-09:51:48,759 nipype.workflow INFO:
	 ANAT Stage 6: Preparing mask refinement workflow
250329-09:51:48,764 nipype.workflow INFO:
	 ANAT No T2w images provided - skipping Stage 7
250329-09:51:48,764 nipype.workflow INFO:
	 ANAT Stage 8: Creating GIFTI surfaces for ['white', 'pial', 'midthickness', 'sphere_reg', 'sphere']
250329-09:51:48,794 nipype.workflow INFO:
	 ANAT Stage 8: Creating GIFTI metrics for ['thickness', 'sulc']
250329-09:51:48,806 nipype.workflow INFO:
	 ANAT Stage 8a: Creating cortical ribbon mask
250329-09:51:48,812 nipype.workflow INFO:
	 ANAT Stage 9: Creating fsLR registration sphere
250329-09:51:48,818 nipype.workflow INFO:
	 ANAT Stage 10: Creating MSM-Sulc registration sphere
250329-09:51:49,54 nipype.workflow INFO:
	 No single-band-reference found for sub-28_task-bird_run-1_bold.nii.gz.
250329-09:51:49,165 nipype.workflow INFO:
	 Stage 1: Adding HMC boldref workflow
250329-09:51:49,177 nipype.workflow INFO:
	 Stage 2: Adding motion correction workflow
250329-09:51:49,190 nipype.workflow INFO:
	 Stage 3: Adding coregistration boldref workflow
250329-09:51:49,263 nipype.workflow IMPORTANT:
	 BOLD series will be slice-timing corrected to an offset of 0.959s.
250329-09:51:49,433 nipype.workflow INFO:
	 No single-band-reference found for sub-28_task-bird_run-2_bold.nii.gz.
250329-09:51:49,518 nipype.workflow INFO:
	 Stage 1: Adding HMC boldref workflow
250329-09:51:49,528 nipype.workflow INFO:
	 Stage 2: Adding motion correction workflow
250329-09:51:49,537 nipype.workflow INFO:
	 Stage 3: Adding coregistration boldref workflow
250329-09:51:49,600 nipype.workflow IMPORTANT:
	 BOLD series will be slice-timing corrected to an offset of 0.96s.
250329-09:51:49,757 nipype.workflow INFO:
	 No single-band-reference found for sub-28_task-bird_run-3_bold.nii.gz.
250329-09:51:49,843 nipype.workflow INFO:
	 Stage 1: Adding HMC boldref workflow
250329-09:51:49,852 nipype.workflow INFO:
	 Stage 2: Adding motion correction workflow
250329-09:51:49,859 nipype.workflow INFO:
	 Stage 3: Adding coregistration boldref workflow
250329-09:51:49,924 nipype.workflow IMPORTANT:
	 BOLD series will be slice-timing corrected to an offset of 0.959s.
250329-09:51:50,79 nipype.workflow INFO:
	 No single-band-reference found for sub-28_task-bird_run-4_bold.nii.gz.
250329-09:51:50,167 nipype.workflow INFO:
	 Stage 1: Adding HMC boldref workflow
250329-09:51:50,176 nipype.workflow INFO:
	 Stage 2: Adding motion correction workflow
250329-09:51:50,183 nipype.workflow INFO:
	 Stage 3: Adding coregistration boldref workflow
250329-09:51:50,246 nipype.workflow IMPORTANT:
	 BOLD series will be slice-timing corrected to an offset of 0.959s.
250329-09:51:50,403 nipype.workflow INFO:
	 No single-band-reference found for sub-28_task-bird_run-5_bold.nii.gz.
250329-09:51:50,488 nipype.workflow INFO:
	 Stage 1: Adding HMC boldref workflow
250329-09:51:50,498 nipype.workflow INFO:
	 Stage 2: Adding motion correction workflow
250329-09:51:50,505 nipype.workflow INFO:
	 Stage 3: Adding coregistration boldref workflow
250329-09:51:50,569 nipype.workflow IMPORTANT:
	 BOLD series will be slice-timing corrected to an offset of 0.959s.
250329-09:51:50,726 nipype.workflow INFO:
	 No single-band-reference found for sub-28_task-bird_run-6_bold.nii.gz.
250329-09:51:50,811 nipype.workflow INFO:
	 Stage 1: Adding HMC boldref workflow
250329-09:51:50,821 nipype.workflow INFO:
	 Stage 2: Adding motion correction workflow
250329-09:51:50,828 nipype.workflow INFO:
	 Stage 3: Adding coregistration boldref workflow
250329-09:51:50,891 nipype.workflow IMPORTANT:
	 BOLD series will be slice-timing corrected to an offset of 0.959s.
250329-09:51:56,440 nipype.workflow INFO:
	 fMRIPrep workflow graph with 1089 nodes built successfully.
250329-09:52:18,437 nipype.workflow IMPORTANT:
	 fMRIPrep started!
250329-09:52:39,398 nipype.workflow INFO:
	 [Node] Setting-up "fmriprep_24_0_wf.sub_28_wf.anat_fit_wf.brain_extraction_wf.full_wm" in "/work_dir/fmriprep_24_0_wf/sub_28_wf/anat_fit_wf/brain_extraction_wf/full_wm".
250329-09:52:39,402 nipype.workflow INFO:
	 [Node] Executing "full_wm" <nipype.interfaces.utility.wrappers.Function>
250329-09:52:39,697 nipype.workflow INFO:
	 [Node] Setting-up "fmriprep_24_0_wf.sub_28_wf.anat_fit_wf.brain_extraction_wf.res_tmpl" in "/work_dir/fmriprep_24_0_wf/sub_28_wf/anat_fit_wf/brain_extraction_wf/res_tmpl".
250329-09:52:39,701 nipype.workflow INFO:
	 [Node] Executing "res_tmpl" <niworkflows.interfaces.nibabel.RegridToZooms>
250329-09:52:41,354 nipype.workflow INFO:
	 [Node] Finished "full_wm", elapsed time 1.911601s.
250329-09:52:41,445 nipype.workflow INFO:
	 [Node] Setting-up "fmriprep_24_0_wf.sub_28_wf.anat_fit_wf.brain_extraction_wf.lap_tmpl" in "/work_dir/fmriprep_24_0_wf/sub_28_wf/anat_fit_wf/brain_extraction_wf/lap_tmpl".
250329-09:52:41,453 nipype.workflow INFO:
	 [Node] Executing "lap_tmpl" <nipype.interfaces.ants.utils.ImageMath>
250329-09:52:43,351 nipype.workflow INFO:
	 [Node] Setting-up "fmriprep_24_0_wf.sub_28_wf.bold_task_bird_run_1_wf.bold_native_wf.bold_source" in "/work_dir/fmriprep_24_0_wf/sub_28_wf/bold_task_bird_run_1_wf/bold_native_wf/bold_source".
250329-09:52:43,353 nipype.workflow INFO:
	 [Node] Executing "bold_source" <nipype.interfaces.utility.base.Select>
250329-09:52:43,376 nipype.workflow INFO:
	 [Node] Finished "bold_source", elapsed time 0.000409s.
250329-09:52:43,413 nipype.workflow INFO:
	 [Node] Setting-up "fmriprep_24_0_wf.sub_28_wf.bold_task_bird_run_1_wf.bold_fit_wf.hmc_boldref_wf.val_bold" in "/work_dir/fmriprep_24_0_wf/sub_28_wf/bold_task_bird_run_1_wf/bold_fit_wf/hmc_boldref_wf/val_bold".
250329-09:52:43,421 nipype.workflow INFO:
	 [Node] Executing "val_bold" <niworkflows.interfaces.header.ValidateImage>
250329-09:52:43,461 nipype.workflow INFO:
	 [Node] Setting-up "fmriprep_24_0_wf.sub_28_wf.bold_task_bird_run_2_wf.bold_native_wf.bold_source" in "/work_dir/fmriprep_24_0_wf/sub_28_wf/bold_task_bird_run_2_wf/bold_native_wf/bold_source".
250329-09:52:43,463 nipype.workflow INFO:
	 [Node] Executing "bold_source" <nipype.interfaces.utility.base.Select>
250329-09:52:43,488 nipype.workflow INFO:
	 [Node] Finished "bold_source", elapsed time 0.000406s.
250329-09:52:43,755 nipype.workflow INFO:
	 [Node] Setting-up "fmriprep_24_0_wf.sub_28_wf.bold_task_bird_run_3_wf.bold_native_wf.bold_source" in "/work_dir/fmriprep_24_0_wf/sub_28_wf/bold_task_bird_run_3_wf/bold_native_wf/bold_source".
250329-09:52:43,755 nipype.workflow INFO:
	 [Node] Finished "val_bold", elapsed time 0.308512s.
250329-09:52:43,761 nipype.workflow INFO:
	 [Node] Executing "bold_source" <nipype.interfaces.utility.base.Select>
250329-09:52:43,783 nipype.workflow INFO:
	 [Node] Finished "bold_source", elapsed time 0.000469s.
250329-09:52:43,897 nipype.workflow INFO:
	 [Node] Setting-up "fmriprep_24_0_wf.sub_28_wf.bold_task_bird_run_1_wf.bold_fit_wf.hmc_boldref_wf.get_dummy" in "/work_dir/fmriprep_24_0_wf/sub_28_wf/bold_task_bird_run_1_wf/bold_fit_wf/hmc_boldref_wf/get_dummy".
250329-09:52:43,899 nipype.workflow INFO:
	 [Node] Executing "get_dummy" <niworkflows.interfaces.bold.NonsteadyStatesDetector>
250329-09:52:44,50 nipype.workflow INFO:
	 [Node] Setting-up "fmriprep_24_0_wf.sub_28_wf.bold_task_bird_run_2_wf.bold_fit_wf.hmc_boldref_wf.val_bold" in "/work_dir/fmriprep_24_0_wf/sub_28_wf/bold_task_bird_run_2_wf/bold_fit_wf/hmc_boldref_wf/val_bold".
250329-09:52:44,52 nipype.workflow INFO:
	 [Node] Executing "val_bold" <niworkflows.interfaces.header.ValidateImage>
250329-09:52:44,92 nipype.workflow INFO:
	 [Node] Setting-up "fmriprep_24_0_wf.sub_28_wf.bold_task_bird_run_2_wf.bold_fit_wf.hmc_boldref_wf.get_dummy" in "/work_dir/fmriprep_24_0_wf/sub_28_wf/bold_task_bird_run_2_wf/bold_fit_wf/hmc_boldref_wf/get_dummy".
250329-09:52:44,94 nipype.workflow INFO:
	 [Node] Executing "get_dummy" <niworkflows.interfaces.bold.NonsteadyStatesDetector>
250329-09:52:44,146 nipype.workflow INFO:
	 [Node] Setting-up "fmriprep_24_0_wf.sub_28_wf.bold_task_bird_run_4_wf.bold_fit_wf.hmc_boldref_wf.val_bold" in "/work_dir/fmriprep_24_0_wf/sub_28_wf/bold_task_bird_run_4_wf/bold_fit_wf/hmc_boldref_wf/val_bold".
250329-09:52:44,148 nipype.workflow INFO:
	 [Node] Setting-up "fmriprep_24_0_wf.sub_28_wf.bold_task_bird_run_4_wf.bold_native_wf.bold_source" in "/work_dir/fmriprep_24_0_wf/sub_28_wf/bold_task_bird_run_4_wf/bold_native_wf/bold_source".
250329-09:52:44,148 nipype.workflow INFO:
	 [Node] Executing "val_bold" <niworkflows.interfaces.header.ValidateImage>
250329-09:52:44,150 nipype.workflow INFO:
	 [Node] Executing "bold_source" <nipype.interfaces.utility.base.Select>
250329-09:52:44,179 nipype.workflow INFO:
	 [Node] Setting-up "fmriprep_24_0_wf.sub_28_wf.bold_task_bird_run_3_wf.bold_fit_wf.hmc_boldref_wf.get_dummy" in "/work_dir/fmriprep_24_0_wf/sub_28_wf/bold_task_bird_run_3_wf/bold_fit_wf/hmc_boldref_wf/get_dummy".
250329-09:52:44,181 nipype.workflow INFO:
	 [Node] Executing "get_dummy" <niworkflows.interfaces.bold.NonsteadyStatesDetector>
250329-09:52:44,195 nipype.workflow INFO:
	 [Node] Finished "bold_source", elapsed time 0.00041s.
250329-09:52:44,207 nipype.workflow INFO:
	 [Node] Setting-up "fmriprep_24_0_wf.sub_28_wf.bold_task_bird_run_3_wf.bold_fit_wf.hmc_boldref_wf.val_bold" in "/work_dir/fmriprep_24_0_wf/sub_28_wf/bold_task_bird_run_3_wf/bold_fit_wf/hmc_boldref_wf/val_bold".
250329-09:52:44,208 nipype.workflow INFO:
	 [Node] Executing "val_bold" <niworkflows.interfaces.header.ValidateImage>
250329-09:52:44,299 nipype.workflow INFO:
	 [Node] Finished "val_bold", elapsed time 0.246338s.
250329-09:52:44,319 nipype.workflow INFO:
	 [Node] Finished "val_bold", elapsed time 0.169853s.
250329-09:52:44,570 nipype.workflow INFO:
	 [Node] Finished "val_bold", elapsed time 0.345889s.
250329-09:52:44,859 nipype.workflow INFO:
	 [Node] Setting-up "fmriprep_24_0_wf.sub_28_wf.bold_task_bird_run_4_wf.bold_fit_wf.hmc_boldref_wf.get_dummy" in "/work_dir/fmriprep_24_0_wf/sub_28_wf/bold_task_bird_run_4_wf/bold_fit_wf/hmc_boldref_wf/get_dummy".
250329-09:52:44,869 nipype.workflow INFO:
	 [Node] Executing "get_dummy" <niworkflows.interfaces.bold.NonsteadyStatesDetector>
250329-09:52:44,969 nipype.workflow INFO:
	 [Node] Setting-up "fmriprep_24_0_wf.sub_28_wf.bold_task_bird_run_5_wf.bold_fit_wf.hmc_boldref_wf.val_bold" in "/work_dir/fmriprep_24_0_wf/sub_28_wf/bold_task_bird_run_5_wf/bold_fit_wf/hmc_boldref_wf/val_bold".
250329-09:52:44,971 nipype.workflow INFO:
	 [Node] Executing "val_bold" <niworkflows.interfaces.header.ValidateImage>
250329-09:52:45,371 nipype.workflow INFO:
	 [Node] Finished "val_bold", elapsed time 0.399214s.
250329-09:52:45,693 nipype.workflow INFO:
	 [Node] Setting-up "fmriprep_24_0_wf.sub_28_wf.bold_task_bird_run_5_wf.bold_fit_wf.hmc_boldref_wf.get_dummy" in "/work_dir/fmriprep_24_0_wf/sub_28_wf/bold_task_bird_run_5_wf/bold_fit_wf/hmc_boldref_wf/get_dummy".
250329-09:52:45,695 nipype.workflow INFO:
	 [Node] Executing "get_dummy" <niworkflows.interfaces.bold.NonsteadyStatesDetector>
250329-09:52:45,785 nipype.workflow INFO:
	 [Node] Finished "res_tmpl", elapsed time 6.038908s.
250329-09:52:45,807 nipype.workflow INFO:
	 [Node] Setting-up "fmriprep_24_0_wf.sub_28_wf.bold_task_bird_run_5_wf.bold_native_wf.bold_source" in "/work_dir/fmriprep_24_0_wf/sub_28_wf/bold_task_bird_run_5_wf/bold_native_wf/bold_source".
250329-09:52:45,809 nipype.workflow INFO:
	 [Node] Executing "bold_source" <nipype.interfaces.utility.base.Select>
250329-09:52:45,810 nipype.workflow INFO:
	 [Node] Finished "bold_source", elapsed time 0.000477s.
250329-09:52:46,309 nipype.workflow INFO:
	 [Node] Setting-up "fmriprep_24_0_wf.sub_28_wf.bidssrc" in "/work_dir/fmriprep_24_0_wf/sub_28_wf/bidssrc".
250329-09:52:46,316 nipype.workflow INFO:
	 [Node] Executing "bidssrc" <niworkflows.interfaces.bids.BIDSDataGrabber>
250329-09:52:46,337 nipype.interface INFO:
	 No "t2w" images found for sub-28
250329-09:52:46,337 nipype.interface INFO:
	 No "flair" images found for sub-28
250329-09:52:46,337 nipype.interface INFO:
	 No "fmap" images found for sub-28
250329-09:52:46,338 nipype.interface INFO:
	 No "sbref" images found for sub-28
250329-09:52:46,338 nipype.interface INFO:
	 No "roi" images found for sub-28
250329-09:52:46,338 nipype.interface INFO:
	 No "pet" images found for sub-28
250329-09:52:46,338 nipype.interface INFO:
	 No "asl" images found for sub-28
250329-09:52:46,339 nipype.workflow INFO:
	 [Node] Finished "bidssrc", elapsed time 0.001262s.
250329-09:52:46,362 nipype.workflow INFO:
	 [Node] Setting-up "fmriprep_24_0_wf.sub_28_wf.bold_task_bird_run_6_wf.bold_fit_wf.hmc_boldref_wf.val_bold" in "/work_dir/fmriprep_24_0_wf/sub_28_wf/bold_task_bird_run_6_wf/bold_fit_wf/hmc_boldref_wf/val_bold".
250329-09:52:46,363 nipype.workflow INFO:
	 [Node] Executing "val_bold" <niworkflows.interfaces.header.ValidateImage>
250329-09:52:46,778 nipype.workflow INFO:
	 [Node] Finished "val_bold", elapsed time 0.413483s.
250329-09:52:46,803 nipype.workflow INFO:
	 [Node] Setting-up "fmriprep_24_0_wf.sub_28_wf.bold_task_bird_run_6_wf.bold_fit_wf.hmc_boldref_wf.get_dummy" in "/work_dir/fmriprep_24_0_wf/sub_28_wf/bold_task_bird_run_6_wf/bold_fit_wf/hmc_boldref_wf/get_dummy".
250329-09:52:46,804 nipype.workflow INFO:
	 [Node] Executing "get_dummy" <niworkflows.interfaces.bold.NonsteadyStatesDetector>
250329-09:52:48,87 nipype.workflow INFO:
	 [Node] Setting-up "fmriprep_24_0_wf.sub_28_wf.bold_task_bird_run_6_wf.bold_native_wf.bold_source" in "/work_dir/fmriprep_24_0_wf/sub_28_wf/bold_task_bird_run_6_wf/bold_native_wf/bold_source".
250329-09:52:48,89 nipype.workflow INFO:
	 [Node] Executing "bold_source" <nipype.interfaces.utility.base.Select>
250329-09:52:48,122 nipype.workflow INFO:
	 [Node] Finished "bold_source", elapsed time 0.00042s.
250329-09:52:49,875 nipype.workflow INFO:
	 [Node] Setting-up "fmriprep_24_0_wf.sub_28_wf.bold_task_bird_run_1_wf.ds_bold_native_wf.sources" in "/work_dir/fmriprep_24_0_wf/sub_28_wf/bold_task_bird_run_1_wf/ds_bold_native_wf/sources".
250329-09:52:49,892 nipype.workflow INFO:
	 [Node] Executing "sources" <fmriprep.interfaces.bids.BIDSURI>
250329-09:52:49,926 nipype.workflow INFO:
	 [Node] Finished "sources", elapsed time 0.000366s.
250329-09:52:49,999 nipype.workflow INFO:
	 [Node] Setting-up "fmriprep_24_0_wf.sub_28_wf.bold_task_bird_run_2_wf.bold_fit_wf.ds_hmc_wf.sources" in "/work_dir/fmriprep_24_0_wf/sub_28_wf/bold_task_bird_run_2_wf/bold_fit_wf/ds_hmc_wf/sources".
250329-09:52:50,10 nipype.workflow INFO:
	 [Node] Executing "sources" <fmriprep.interfaces.bids.BIDSURI>
250329-09:52:50,29 nipype.workflow INFO:
	 [Node] Finished "sources", elapsed time 0.000348s.
250329-09:52:50,69 nipype.workflow INFO:
	 [Node] Setting-up "fmriprep_24_0_wf.sub_28_wf.bold_task_bird_run_2_wf.bold_fit_wf.ds_boldmask_wf.sources" in "/work_dir/fmriprep_24_0_wf/sub_28_wf/bold_task_bird_run_2_wf/bold_fit_wf/ds_boldmask_wf/sources".
250329-09:52:50,82 nipype.workflow INFO:
	 [Node] Executing "sources" <fmriprep.interfaces.bids.BIDSURI>
250329-09:52:50,87 nipype.workflow INFO:
	 [Node] Setting-up "fmriprep_24_0_wf.sub_28_wf.bold_task_bird_run_3_wf.bold_fit_wf.ds_hmc_boldref_wf.sources" in "/work_dir/fmriprep_24_0_wf/sub_28_wf/bold_task_bird_run_3_wf/bold_fit_wf/ds_hmc_boldref_wf/sources".
250329-09:52:50,100 nipype.workflow INFO:
	 [Node] Executing "sources" <fmriprep.interfaces.bids.BIDSURI>
250329-09:52:50,124 nipype.workflow INFO:
	 [Node] Finished "sources", elapsed time 0.000365s.
250329-09:52:50,133 nipype.workflow INFO:
	 [Node] Finished "sources", elapsed time 0.000351s.
250329-09:52:50,233 nipype.workflow INFO:
	 [Node] Setting-up "fmriprep_24_0_wf.sub_28_wf.bold_task_bird_run_3_wf.bold_fit_wf.ds_boldmask_wf.sources" in "/work_dir/fmriprep_24_0_wf/sub_28_wf/bold_task_bird_run_3_wf/bold_fit_wf/ds_boldmask_wf/sources".
250329-09:52:50,236 nipype.workflow INFO:
	 [Node] Executing "sources" <fmriprep.interfaces.bids.BIDSURI>
250329-09:52:50,258 nipype.workflow INFO:
	 [Node] Finished "sources", elapsed time 0.00035s.
250329-09:52:50,769 nipype.workflow INFO:
	 [Node] Setting-up "fmriprep_24_0_wf.sub_28_wf.bold_task_bird_run_2_wf.ds_bold_native_wf.sources" in "/work_dir/fmriprep_24_0_wf/sub_28_wf/bold_task_bird_run_2_wf/ds_bold_native_wf/sources".
250329-09:52:50,776 nipype.workflow INFO:
	 [Node] Executing "sources" <fmriprep.interfaces.bids.BIDSURI>
250329-09:52:50,793 nipype.workflow INFO:
	 [Node] Finished "sources", elapsed time 0.000357s.
250329-09:52:50,892 nipype.workflow INFO:
	 [Node] Setting-up "fmriprep_24_0_wf.sub_28_wf.bold_task_bird_run_3_wf.bold_fit_wf.ds_hmc_wf.sources" in "/work_dir/fmriprep_24_0_wf/sub_28_wf/bold_task_bird_run_3_wf/bold_fit_wf/ds_hmc_wf/sources".
250329-09:52:50,907 nipype.workflow INFO:
	 [Node] Executing "sources" <fmriprep.interfaces.bids.BIDSURI>
250329-09:52:50,924 nipype.workflow INFO:
	 [Node] Finished "sources", elapsed time 0.000353s.
250329-09:52:50,930 nipype.workflow INFO:
	 [Node] Setting-up "fmriprep_24_0_wf.sub_28_wf.bold_task_bird_run_1_wf.bold_fit_wf.ds_boldmask_wf.sources" in "/work_dir/fmriprep_24_0_wf/sub_28_wf/bold_task_bird_run_1_wf/bold_fit_wf/ds_boldmask_wf/sources".
250329-09:52:50,937 nipype.workflow INFO:
	 [Node] Executing "sources" <fmriprep.interfaces.bids.BIDSURI>
250329-09:52:50,958 nipype.workflow INFO:
	 [Node] Finished "sources", elapsed time 0.000352s.
250329-09:52:51,158 nipype.workflow INFO:
	 [Node] Setting-up "fmriprep_24_0_wf.sub_28_wf.bold_task_bird_run_1_wf.bold_fit_wf.ds_hmc_wf.sources" in "/work_dir/fmriprep_24_0_wf/sub_28_wf/bold_task_bird_run_1_wf/bold_fit_wf/ds_hmc_wf/sources".
250329-09:52:51,163 nipype.workflow INFO:
	 [Node] Executing "sources" <fmriprep.interfaces.bids.BIDSURI>
250329-09:52:51,195 nipype.workflow INFO:
	 [Node] Finished "sources", elapsed time 0.000362s.
250329-09:52:51,435 nipype.workflow INFO:
	 [Node] Setting-up "fmriprep_24_0_wf.sub_28_wf.anat_fit_wf.anat_template_wf.anat_ref_dimensions" in "/work_dir/fmriprep_24_0_wf/sub_28_wf/anat_fit_wf/anat_template_wf/anat_ref_dimensions".
250329-09:52:51,437 nipype.workflow INFO:
	 [Node] Executing "anat_ref_dimensions" <niworkflows.interfaces.images.TemplateDimensions>
250329-09:52:51,853 nipype.workflow INFO:
	 [Node] Finished "anat_ref_dimensions", elapsed time 0.415269s.
250329-09:52:51,985 nipype.workflow INFO:
	 [Node] Setting-up "fmriprep_24_0_wf.sub_28_wf.bold_task_bird_run_1_wf.bold_fit_wf.ds_hmc_boldref_wf.sources" in "/work_dir/fmriprep_24_0_wf/sub_28_wf/bold_task_bird_run_1_wf/bold_fit_wf/ds_hmc_boldref_wf/sources".
250329-09:52:51,996 nipype.workflow INFO:
	 [Node] Executing "sources" <fmriprep.interfaces.bids.BIDSURI>
250329-09:52:52,23 nipype.workflow INFO:
	 [Node] Finished "sources", elapsed time 0.000362s.
250329-09:52:52,194 nipype.workflow INFO:
	 [Node] Setting-up "fmriprep_24_0_wf.sub_28_wf.bold_task_bird_run_2_wf.bold_fit_wf.ds_hmc_boldref_wf.sources" in "/work_dir/fmriprep_24_0_wf/sub_28_wf/bold_task_bird_run_2_wf/bold_fit_wf/ds_hmc_boldref_wf/sources".
250329-09:52:52,201 nipype.workflow INFO:
	 [Node] Executing "sources" <fmriprep.interfaces.bids.BIDSURI>
250329-09:52:52,228 nipype.workflow INFO:
	 [Node] Finished "sources", elapsed time 0.000367s.
250329-09:52:52,299 nipype.workflow INFO:
	 [Node] Setting-up "fmriprep_24_0_wf.sub_28_wf.bold_task_bird_run_1_wf.bold_native_wf.validate_bold" in "/work_dir/fmriprep_24_0_wf/sub_28_wf/bold_task_bird_run_1_wf/bold_native_wf/validate_bold".
250329-09:52:52,302 nipype.workflow INFO:
	 [Node] Executing "validate_bold" <niworkflows.interfaces.header.ValidateImage>
250329-09:52:52,509 nipype.workflow INFO:
	 [Node] Setting-up "fmriprep_24_0_wf.sub_28_wf.bold_task_bird_run_4_wf.bold_fit_wf.ds_boldmask_wf.sources" in "/work_dir/fmriprep_24_0_wf/sub_28_wf/bold_task_bird_run_4_wf/bold_fit_wf/ds_boldmask_wf/sources".
250329-09:52:52,520 nipype.workflow INFO:
	 [Node] Executing "sources" <fmriprep.interfaces.bids.BIDSURI>
250329-09:52:52,526 nipype.workflow INFO:
	 [Node] Finished "validate_bold", elapsed time 0.223322s.
250329-09:52:52,540 nipype.workflow INFO:
	 [Node] Setting-up "fmriprep_24_0_wf.sub_28_wf.bold_task_bird_run_4_wf.ds_bold_native_wf.sources" in "/work_dir/fmriprep_24_0_wf/sub_28_wf/bold_task_bird_run_4_wf/ds_bold_native_wf/sources".
250329-09:52:52,542 nipype.workflow INFO:
	 [Node] Executing "sources" <fmriprep.interfaces.bids.BIDSURI>
250329-09:52:52,547 nipype.workflow INFO:
	 [Node] Finished "sources", elapsed time 0.000317s.
250329-09:52:52,551 nipype.workflow INFO:
	 [Node] Finished "sources", elapsed time 0.000338s.
250329-09:52:52,681 nipype.workflow INFO:
	 [Node] Setting-up "fmriprep_24_0_wf.sub_28_wf.bold_task_bird_run_5_wf.bold_fit_wf.ds_hmc_boldref_wf.sources" in "/work_dir/fmriprep_24_0_wf/sub_28_wf/bold_task_bird_run_5_wf/bold_fit_wf/ds_hmc_boldref_wf/sources".
250329-09:52:52,685 nipype.workflow INFO:
	 [Node] Executing "sources" <fmriprep.interfaces.bids.BIDSURI>
250329-09:52:52,686 nipype.workflow INFO:
	 [Node] Finished "sources", elapsed time 0.000292s.
250329-09:52:52,776 nipype.workflow INFO:
	 [Node] Setting-up "fmriprep_24_0_wf.sub_28_wf.bold_task_bird_run_2_wf.bold_native_wf.validate_bold" in "/work_dir/fmriprep_24_0_wf/sub_28_wf/bold_task_bird_run_2_wf/bold_native_wf/validate_bold".
250329-09:52:52,779 nipype.workflow INFO:
	 [Node] Executing "validate_bold" <niworkflows.interfaces.header.ValidateImage>
250329-09:52:52,837 nipype.workflow INFO:
	 [Node] Setting-up "fmriprep_24_0_wf.sub_28_wf.bold_task_bird_run_5_wf.bold_fit_wf.ds_hmc_wf.sources" in "/work_dir/fmriprep_24_0_wf/sub_28_wf/bold_task_bird_run_5_wf/bold_fit_wf/ds_hmc_wf/sources".
250329-09:52:52,844 nipype.workflow INFO:
	 [Node] Executing "sources" <fmriprep.interfaces.bids.BIDSURI>
250329-09:52:52,845 nipype.workflow INFO:
	 [Node] Finished "sources", elapsed time 0.000296s.
250329-09:52:52,904 nipype.workflow INFO:
	 [Node] Setting-up "fmriprep_24_0_wf.sub_28_wf.bold_task_bird_run_3_wf.ds_bold_native_wf.sources" in "/work_dir/fmriprep_24_0_wf/sub_28_wf/bold_task_bird_run_3_wf/ds_bold_native_wf/sources".
250329-09:52:52,914 nipype.workflow INFO:
	 [Node] Executing "sources" <fmriprep.interfaces.bids.BIDSURI>
250329-09:52:52,929 nipype.workflow INFO:
	 [Node] Finished "sources", elapsed time 0.000375s.
250329-09:52:53,16 nipype.workflow INFO:
	 [Node] Finished "validate_bold", elapsed time 0.236712s.
250329-09:52:53,188 nipype.workflow INFO:
	 [Node] Setting-up "fmriprep_24_0_wf.sub_28_wf.bold_task_bird_run_4_wf.bold_fit_wf.ds_hmc_wf.sources" in "/work_dir/fmriprep_24_0_wf/sub_28_wf/bold_task_bird_run_4_wf/bold_fit_wf/ds_hmc_wf/sources".
250329-09:52:53,196 nipype.workflow INFO:
	 [Node] Executing "sources" <fmriprep.interfaces.bids.BIDSURI>
250329-09:52:53,212 nipype.workflow INFO:
	 [Node] Setting-up "fmriprep_24_0_wf.sub_28_wf.bold_task_bird_run_4_wf.bold_fit_wf.ds_hmc_boldref_wf.sources" in "/work_dir/fmriprep_24_0_wf/sub_28_wf/bold_task_bird_run_4_wf/bold_fit_wf/ds_hmc_boldref_wf/sources".
250329-09:52:53,219 nipype.workflow INFO:
	 [Node] Finished "sources", elapsed time 0.000364s.
250329-09:52:53,221 nipype.workflow INFO:
	 [Node] Executing "sources" <fmriprep.interfaces.bids.BIDSURI>
250329-09:52:53,245 nipype.workflow INFO:
	 [Node] Finished "sources", elapsed time 0.000356s.
250329-09:52:53,256 nipype.workflow INFO:
	 [Node] Setting-up "fmriprep_24_0_wf.sub_28_wf.bold_task_bird_run_5_wf.ds_bold_native_wf.sources" in "/work_dir/fmriprep_24_0_wf/sub_28_wf/bold_task_bird_run_5_wf/ds_bold_native_wf/sources".
250329-09:52:53,267 nipype.workflow INFO:
	 [Node] Executing "sources" <fmriprep.interfaces.bids.BIDSURI>
250329-09:52:53,268 nipype.workflow INFO:
	 [Node] Finished "sources", elapsed time 0.000302s.
250329-09:52:53,277 nipype.workflow INFO:
	 [Node] Setting-up "fmriprep_24_0_wf.sub_28_wf.bold_task_bird_run_3_wf.bold_native_wf.validate_bold" in "/work_dir/fmriprep_24_0_wf/sub_28_wf/bold_task_bird_run_3_wf/bold_native_wf/validate_bold".
250329-09:52:53,279 nipype.workflow INFO:
	 [Node] Executing "validate_bold" <niworkflows.interfaces.header.ValidateImage>
250329-09:52:53,436 nipype.workflow INFO:
	 [Node] Finished "validate_bold", elapsed time 0.155972s.
250329-09:52:53,503 nipype.workflow INFO:
	 [Node] Setting-up "fmriprep_24_0_wf.sub_28_wf.bold_task_bird_run_5_wf.bold_fit_wf.ds_boldmask_wf.sources" in "/work_dir/fmriprep_24_0_wf/sub_28_wf/bold_task_bird_run_5_wf/bold_fit_wf/ds_boldmask_wf/sources".
250329-09:52:53,517 nipype.workflow INFO:
	 [Node] Executing "sources" <fmriprep.interfaces.bids.BIDSURI>
250329-09:52:53,518 nipype.workflow INFO:
	 [Node] Finished "sources", elapsed time 0.000295s.
250329-09:52:53,678 nipype.workflow INFO:
	 [Node] Finished "get_dummy", elapsed time 9.755391s.
250329-09:52:53,722 nipype.workflow INFO:
	 [Node] Setting-up "fmriprep_24_0_wf.sub_28_wf.bold_task_bird_run_4_wf.bold_native_wf.validate_bold" in "/work_dir/fmriprep_24_0_wf/sub_28_wf/bold_task_bird_run_4_wf/bold_native_wf/validate_bold".
250329-09:52:53,724 nipype.workflow INFO:
	 [Node] Executing "validate_bold" <niworkflows.interfaces.header.ValidateImage>
250329-09:52:53,883 nipype.workflow INFO:
	 [Node] Finished "validate_bold", elapsed time 0.157972s.
250329-09:52:54,84 nipype.workflow INFO:
	 [Node] Setting-up "fmriprep_24_0_wf.sub_28_wf.bold_task_bird_run_5_wf.bold_native_wf.validate_bold" in "/work_dir/fmriprep_24_0_wf/sub_28_wf/bold_task_bird_run_5_wf/bold_native_wf/validate_bold".
250329-09:52:54,86 nipype.workflow INFO:
	 [Node] Executing "validate_bold" <niworkflows.interfaces.header.ValidateImage>
250329-09:52:54,152 nipype.workflow INFO:
	 [Node] Setting-up "fmriprep_24_0_wf.sub_28_wf.bold_task_bird_run_6_wf.ds_bold_native_wf.sources" in "/work_dir/fmriprep_24_0_wf/sub_28_wf/bold_task_bird_run_6_wf/ds_bold_native_wf/sources".
250329-09:52:54,164 nipype.workflow INFO:
	 [Node] Executing "sources" <fmriprep.interfaces.bids.BIDSURI>
250329-09:52:54,177 nipype.workflow INFO:
	 [Node] Finished "sources", elapsed time 0.000391s.
250329-09:52:54,244 nipype.workflow INFO:
	 [Node] Finished "validate_bold", elapsed time 0.156506s.
250329-09:52:54,282 nipype.workflow INFO:
	 [Node] Finished "get_dummy", elapsed time 10.148345s.
250329-09:52:54,382 nipype.workflow INFO:
	 [Node] Setting-up "fmriprep_24_0_wf.sub_28_wf.bids_info" in "/work_dir/fmriprep_24_0_wf/sub_28_wf/bids_info".
250329-09:52:54,385 nipype.workflow INFO:
	 [Node] Setting-up "fmriprep_24_0_wf.sub_28_wf.bold_task_bird_run_6_wf.bold_native_wf.validate_bold" in "/work_dir/fmriprep_24_0_wf/sub_28_wf/bold_task_bird_run_6_wf/bold_native_wf/validate_bold".
250329-09:52:54,385 nipype.workflow INFO:
	 [Node] Executing "bids_info" <niworkflows.interfaces.bids.BIDSInfo>
250329-09:52:54,387 nipype.workflow INFO:
	 [Node] Executing "validate_bold" <niworkflows.interfaces.header.ValidateImage>
250329-09:52:54,395 nipype.workflow INFO:
	 [Node] Finished "bids_info", elapsed time 0.008457s.
250329-09:52:54,479 nipype.workflow INFO:
	 [Node] Finished "validate_bold", elapsed time 0.090949s.
250329-09:52:54,493 nipype.workflow INFO:
	 [Node] Setting-up "fmriprep_24_0_wf.sub_28_wf.bold_task_bird_run_6_wf.bold_fit_wf.ds_hmc_boldref_wf.sources" in "/work_dir/fmriprep_24_0_wf/sub_28_wf/bold_task_bird_run_6_wf/bold_fit_wf/ds_hmc_boldref_wf/sources".
250329-09:52:54,506 nipype.workflow INFO:
	 [Node] Executing "sources" <fmriprep.interfaces.bids.BIDSURI>
250329-09:52:54,531 nipype.workflow INFO:
	 [Node] Finished "sources", elapsed time 0.000372s.
250329-09:52:54,546 nipype.workflow INFO:
	 [Node] Setting-up "fmriprep_24_0_wf.sub_28_wf.bold_task_bird_run_6_wf.bold_fit_wf.ds_boldmask_wf.sources" in "/work_dir/fmriprep_24_0_wf/sub_28_wf/bold_task_bird_run_6_wf/bold_fit_wf/ds_boldmask_wf/sources".
250329-09:52:54,548 nipype.workflow INFO:
	 [Node] Executing "sources" <fmriprep.interfaces.bids.BIDSURI>
250329-09:52:54,552 nipype.workflow INFO:
	 [Node] Finished "sources", elapsed time 0.00035s.
250329-09:52:54,614 nipype.workflow INFO:
	 [Node] Setting-up "fmriprep_24_0_wf.sub_28_wf.bold_task_bird_run_6_wf.bold_fit_wf.ds_hmc_wf.sources" in "/work_dir/fmriprep_24_0_wf/sub_28_wf/bold_task_bird_run_6_wf/bold_fit_wf/ds_hmc_wf/sources".
250329-09:52:54,617 nipype.workflow INFO:
	 [Node] Executing "sources" <fmriprep.interfaces.bids.BIDSURI>
250329-09:52:54,621 nipype.workflow INFO:
	 [Node] Finished "sources", elapsed time 0.000363s.
250329-09:52:54,821 nipype.workflow INFO:
	 [Node] Finished "get_dummy", elapsed time 10.610848s.
250329-09:52:55,58 nipype.workflow INFO:
	 [Node] Finished "get_dummy", elapsed time 8.252366s.
250329-09:52:55,237 nipype.workflow INFO:
	 [Node] Setting-up "fmriprep_24_0_wf.sub_28_wf.bold_task_bird_run_1_wf.bold_fit_wf.hmc_boldref_wf.gen_avg" in "/work_dir/fmriprep_24_0_wf/sub_28_wf/bold_task_bird_run_1_wf/bold_fit_wf/hmc_boldref_wf/gen_avg".
250329-09:52:55,251 nipype.workflow INFO:
	 [Node] Executing "gen_avg" <niworkflows.interfaces.images.RobustAverage>
250329-09:52:55,294 nipype.workflow INFO:
	 [Node] Finished "get_dummy", elapsed time 10.415556s.
250329-09:52:55,343 nipype.workflow INFO:
	 [Node] Finished "get_dummy", elapsed time 9.64754s.
250329-09:52:55,437 nipype.workflow INFO:
	 [Node] Setting-up "fmriprep_24_0_wf.sub_28_wf.bold_task_bird_run_2_wf.bold_fit_wf.hmc_boldref_wf.gen_avg" in "/work_dir/fmriprep_24_0_wf/sub_28_wf/bold_task_bird_run_2_wf/bold_fit_wf/hmc_boldref_wf/gen_avg".
250329-09:52:55,450 nipype.workflow INFO:
	 [Node] Executing "gen_avg" <niworkflows.interfaces.images.RobustAverage>
250329-09:52:55,627 nipype.workflow INFO:
	 [Node] Setting-up "fmriprep_24_0_wf.sub_28_wf.bold_task_bird_run_3_wf.bold_fit_wf.hmc_boldref_wf.gen_avg" in "/work_dir/fmriprep_24_0_wf/sub_28_wf/bold_task_bird_run_3_wf/bold_fit_wf/hmc_boldref_wf/gen_avg".
250329-09:52:55,641 nipype.workflow INFO:
	 [Node] Executing "gen_avg" <niworkflows.interfaces.images.RobustAverage>
250329-09:52:56,20 nipype.workflow INFO:
	 [Node] Setting-up "fmriprep_24_0_wf.sub_28_wf.anat_fit_wf.fs_isrunning" in "/work_dir/fmriprep_24_0_wf/sub_28_wf/anat_fit_wf/fs_isrunning".
250329-09:52:56,23 nipype.workflow INFO:
	 [Node] Setting-up "fmriprep_24_0_wf.sub_28_wf.anat_fit_wf.ds_t1w_mask_wf.raw_sources" in "/work_dir/fmriprep_24_0_wf/sub_28_wf/anat_fit_wf/ds_t1w_mask_wf/raw_sources".
250329-09:52:56,24 nipype.workflow INFO:
	 [Node] Executing "fs_isrunning" <nipype.interfaces.utility.wrappers.Function>
250329-09:52:56,26 nipype.workflow INFO:
	 [Node] Finished "fs_isrunning", elapsed time 0.000741s.
250329-09:52:56,31 nipype.workflow INFO:
	 [Node] Executing "raw_sources" <nipype.interfaces.utility.wrappers.Function>
250329-09:52:56,32 nipype.workflow INFO:
	 [Node] Finished "raw_sources", elapsed time 0.000563s.
250329-09:52:56,59 nipype.workflow INFO:
	 [Node] Setting-up "_denoise0" in "/work_dir/fmriprep_24_0_wf/sub_28_wf/anat_fit_wf/anat_template_wf/denoise/mapflow/_denoise0".
250329-09:52:56,61 nipype.workflow INFO:
	 [Node] Executing "_denoise0" <nipype.interfaces.ants.segmentation.DenoiseImage>
250329-09:52:56,217 nipype.workflow INFO:
	 [Node] Setting-up "fmriprep_24_0_wf.sub_28_wf.anat_fit_wf.ds_ribbon_mask_wf.raw_sources" in "/work_dir/fmriprep_24_0_wf/sub_28_wf/anat_fit_wf/ds_ribbon_mask_wf/raw_sources".
250329-09:52:56,225 nipype.workflow INFO:
	 [Node] Executing "raw_sources" <nipype.interfaces.utility.wrappers.Function>
250329-09:52:56,227 nipype.workflow INFO:
	 [Node] Finished "raw_sources", elapsed time 0.000586s.
250329-09:52:57,379 nipype.workflow INFO:
	 [Node] Setting-up "fmriprep_24_0_wf.sub_28_wf.bold_task_bird_run_4_wf.bold_fit_wf.hmc_boldref_wf.gen_avg" in "/work_dir/fmriprep_24_0_wf/sub_28_wf/bold_task_bird_run_4_wf/bold_fit_wf/hmc_boldref_wf/gen_avg".
250329-09:52:57,405 nipype.workflow INFO:
	 [Node] Executing "gen_avg" <niworkflows.interfaces.images.RobustAverage>
250329-09:52:57,637 nipype.workflow INFO:
	 [Node] Setting-up "fmriprep_24_0_wf.sub_28_wf.bold_task_bird_run_5_wf.bold_fit_wf.hmc_boldref_wf.gen_avg" in "/work_dir/fmriprep_24_0_wf/sub_28_wf/bold_task_bird_run_5_wf/bold_fit_wf/hmc_boldref_wf/gen_avg".
250329-09:52:57,644 nipype.workflow INFO:
	 [Node] Executing "gen_avg" <niworkflows.interfaces.images.RobustAverage>
250329-09:52:58,18 nipype.workflow INFO:
	 [Node] Setting-up "fmriprep_24_0_wf.sub_28_wf.bold_task_bird_run_6_wf.bold_fit_wf.hmc_boldref_wf.gen_avg" in "/work_dir/fmriprep_24_0_wf/sub_28_wf/bold_task_bird_run_6_wf/bold_fit_wf/hmc_boldref_wf/gen_avg".
250329-09:52:58,25 nipype.workflow INFO:
	 [Node] Executing "gen_avg" <niworkflows.interfaces.images.RobustAverage>
250329-09:53:02,32 nipype.interface INFO:
	 stderr 2025-03-29T09:53:02.032141:++ 3dvolreg: AFNI version=AFNI_24.1.14 (May 26 2024) [64-bit]
250329-09:53:02,32 nipype.interface INFO:
	 stderr 2025-03-29T09:53:02.032141:++ Authored by: RW Cox
250329-09:53:02,43 nipype.interface INFO:
	 stderr 2025-03-29T09:53:02.043893:** AFNI converts NIFTI_datatype=512 (UINT16) in file /work_dir/fmriprep_24_0_wf/sub_28_wf/bold_task_bird_run_2_wf/bold_fit_wf/hmc_boldref_wf/gen_avg/sub-28_task-bird_run-2_bold_sliced.nii.gz to FLOAT32
250329-09:53:02,44 nipype.interface INFO:
	 stderr 2025-03-29T09:53:02.044379:     Warnings of this type will be muted for this session.
250329-09:53:02,44 nipype.interface INFO:
	 stderr 2025-03-29T09:53:02.044379:     Set AFNI_NIFTI_TYPE_WARN to YES to see them all, NO to see none.
250329-09:53:02,53 nipype.interface INFO:
	 stderr 2025-03-29T09:53:02.053688:[7m*+ WARNING:[0m   If you are performing spatial transformations on an oblique dset,
250329-09:53:02,53 nipype.interface INFO:
	 stderr 2025-03-29T09:53:02.053688:  such as /work_dir/fmriprep_24_0_wf/sub_28_wf/bold_task_bird_run_2_wf/bold_fit_wf/hmc_boldref_wf/gen_avg/sub-28_task-bird_run-2_bold_sliced.nii.gz,
250329-09:53:02,53 nipype.interface INFO:
	 stderr 2025-03-29T09:53:02.053688:  or viewing/combining it with volumes of differing obliquity,
250329-09:53:02,53 nipype.interface INFO:
	 stderr 2025-03-29T09:53:02.053688:  you should consider running: 
250329-09:53:02,54 nipype.interface INFO:
	 stderr 2025-03-29T09:53:02.053688:     3dWarp -deoblique 
250329-09:53:02,54 nipype.interface INFO:
	 stderr 2025-03-29T09:53:02.053688:  on this and  other oblique datasets in the same session.
250329-09:53:02,54 nipype.interface INFO:
	 stderr 2025-03-29T09:53:02.053688: See 3dWarp -help for details.
250329-09:53:02,54 nipype.interface INFO:
	 stderr 2025-03-29T09:53:02.053688:++ Oblique dataset:/work_dir/fmriprep_24_0_wf/sub_28_wf/bold_task_bird_run_2_wf/bold_fit_wf/hmc_boldref_wf/gen_avg/sub-28_task-bird_run-2_bold_sliced.nii.gz is 1.140553 degrees from plumb.
250329-09:53:02,54 nipype.interface INFO:
	 stderr 2025-03-29T09:53:02.054412:++ Coarse del was 10, replaced with 6
250329-09:53:02,365 nipype.interface INFO:
	 stderr 2025-03-29T09:53:02.365874:++ 3dvolreg: AFNI version=AFNI_24.1.14 (May 26 2024) [64-bit]
250329-09:53:02,366 nipype.interface INFO:
	 stderr 2025-03-29T09:53:02.366138:++ Authored by: RW Cox
250329-09:53:02,369 nipype.interface INFO:
	 stderr 2025-03-29T09:53:02.368970:** AFNI converts NIFTI_datatype=512 (UINT16) in file /work_dir/fmriprep_24_0_wf/sub_28_wf/bold_task_bird_run_1_wf/bold_fit_wf/hmc_boldref_wf/gen_avg/sub-28_task-bird_run-1_bold_sliced.nii.gz to FLOAT32
250329-09:53:02,369 nipype.interface INFO:
	 stderr 2025-03-29T09:53:02.369564:     Warnings of this type will be muted for this session.
250329-09:53:02,369 nipype.interface INFO:
	 stderr 2025-03-29T09:53:02.369564:     Set AFNI_NIFTI_TYPE_WARN to YES to see them all, NO to see none.
250329-09:53:02,371 nipype.interface INFO:
	 stderr 2025-03-29T09:53:02.371623:[7m*+ WARNING:[0m   If you are performing spatial transformations on an oblique dset,
250329-09:53:02,371 nipype.interface INFO:
	 stderr 2025-03-29T09:53:02.371623:  such as /work_dir/fmriprep_24_0_wf/sub_28_wf/bold_task_bird_run_1_wf/bold_fit_wf/hmc_boldref_wf/gen_avg/sub-28_task-bird_run-1_bold_sliced.nii.gz,
250329-09:53:02,371 nipype.interface INFO:
	 stderr 2025-03-29T09:53:02.371623:  or viewing/combining it with volumes of differing obliquity,
250329-09:53:02,371 nipype.interface INFO:
	 stderr 2025-03-29T09:53:02.371623:  you should consider running: 
250329-09:53:02,371 nipype.interface INFO:
	 stderr 2025-03-29T09:53:02.371623:     3dWarp -deoblique 
250329-09:53:02,371 nipype.interface INFO:
	 stderr 2025-03-29T09:53:02.371623:  on this and  other oblique datasets in the same session.
250329-09:53:02,372 nipype.interface INFO:
	 stderr 2025-03-29T09:53:02.371623: See 3dWarp -help for details.
250329-09:53:02,372 nipype.interface INFO:
	 stderr 2025-03-29T09:53:02.372133:++ Oblique dataset:/work_dir/fmriprep_24_0_wf/sub_28_wf/bold_task_bird_run_1_wf/bold_fit_wf/hmc_boldref_wf/gen_avg/sub-28_task-bird_run-1_bold_sliced.nii.gz is 1.140553 degrees from plumb.
250329-09:53:02,372 nipype.interface INFO:
	 stderr 2025-03-29T09:53:02.372272:++ Coarse del was 10, replaced with 6
250329-09:53:03,924 nipype.interface INFO:
	 stderr 2025-03-29T09:53:03.924007:++ 3dvolreg: AFNI version=AFNI_24.1.14 (May 26 2024) [64-bit]
250329-09:53:03,924 nipype.interface INFO:
	 stderr 2025-03-29T09:53:03.924007:++ Authored by: RW Cox
250329-09:53:03,934 nipype.interface INFO:
	 stderr 2025-03-29T09:53:03.934550:** AFNI converts NIFTI_datatype=512 (UINT16) in file /work_dir/fmriprep_24_0_wf/sub_28_wf/bold_task_bird_run_3_wf/bold_fit_wf/hmc_boldref_wf/gen_avg/sub-28_task-bird_run-3_bold_sliced.nii.gz to FLOAT32
250329-09:53:03,936 nipype.interface INFO:
	 stderr 2025-03-29T09:53:03.936360:     Warnings of this type will be muted for this session.
250329-09:53:03,936 nipype.interface INFO:
	 stderr 2025-03-29T09:53:03.936360:     Set AFNI_NIFTI_TYPE_WARN to YES to see them all, NO to see none.
250329-09:53:03,938 nipype.interface INFO:
	 stderr 2025-03-29T09:53:03.938803:[7m*+ WARNING:[0m   If you are performing spatial transformations on an oblique dset,
250329-09:53:03,938 nipype.interface INFO:
	 stderr 2025-03-29T09:53:03.938803:  such as /work_dir/fmriprep_24_0_wf/sub_28_wf/bold_task_bird_run_3_wf/bold_fit_wf/hmc_boldref_wf/gen_avg/sub-28_task-bird_run-3_bold_sliced.nii.gz,
250329-09:53:03,939 nipype.interface INFO:
	 stderr 2025-03-29T09:53:03.938803:  or viewing/combining it with volumes of differing obliquity,
250329-09:53:03,939 nipype.interface INFO:
	 stderr 2025-03-29T09:53:03.938803:  you should consider running: 
250329-09:53:03,939 nipype.interface INFO:
	 stderr 2025-03-29T09:53:03.938803:     3dWarp -deoblique 
250329-09:53:03,939 nipype.interface INFO:
	 stderr 2025-03-29T09:53:03.938803:  on this and  other oblique datasets in the same session.
250329-09:53:03,939 nipype.interface INFO:
	 stderr 2025-03-29T09:53:03.938803: See 3dWarp -help for details.
250329-09:53:03,939 nipype.interface INFO:
	 stderr 2025-03-29T09:53:03.939385:++ Oblique dataset:/work_dir/fmriprep_24_0_wf/sub_28_wf/bold_task_bird_run_3_wf/bold_fit_wf/hmc_boldref_wf/gen_avg/sub-28_task-bird_run-3_bold_sliced.nii.gz is 1.140553 degrees from plumb.
250329-09:53:03,939 nipype.interface INFO:
	 stderr 2025-03-29T09:53:03.939542:++ Coarse del was 10, replaced with 6
250329-09:53:04,990 nipype.workflow INFO:
	 [Node] Setting-up "fmriprep_24_0_wf.sub_28_wf.bold_task_bird_run_3_wf.bold_native_wf.bold_stc_wf.slice_timing_correction" in "/work_dir/fmriprep_24_0_wf/sub_28_wf/bold_task_bird_run_3_wf/bold_native_wf/bold_stc_wf/slice_timing_correction".
250329-09:53:05,25 nipype.workflow INFO:
	 [Node] Executing "slice_timing_correction" <fmriprep.workflows.bold.stc.TShift>
250329-09:53:05,818 nipype.workflow INFO:
	 [Node] Setting-up "fmriprep_24_0_wf.sub_28_wf.bold_task_bird_run_1_wf.bold_native_wf.bold_stc_wf.slice_timing_correction" in "/work_dir/fmriprep_24_0_wf/sub_28_wf/bold_task_bird_run_1_wf/bold_native_wf/bold_stc_wf/slice_timing_correction".
250329-09:53:05,854 nipype.workflow INFO:
	 [Node] Executing "slice_timing_correction" <fmriprep.workflows.bold.stc.TShift>
250329-09:53:05,870 nipype.workflow INFO:
	 [Node] Setting-up "fmriprep_24_0_wf.sub_28_wf.bold_task_bird_run_2_wf.bold_native_wf.bold_stc_wf.slice_timing_correction" in "/work_dir/fmriprep_24_0_wf/sub_28_wf/bold_task_bird_run_2_wf/bold_native_wf/bold_stc_wf/slice_timing_correction".
250329-09:53:05,888 nipype.workflow INFO:
	 [Node] Executing "slice_timing_correction" <fmriprep.workflows.bold.stc.TShift>
250329-09:53:06,81 nipype.workflow INFO:
	 [Node] Setting-up "fmriprep_24_0_wf.sub_28_wf.bold_task_bird_run_6_wf.bold_native_wf.bold_stc_wf.slice_timing_correction" in "/work_dir/fmriprep_24_0_wf/sub_28_wf/bold_task_bird_run_6_wf/bold_native_wf/bold_stc_wf/slice_timing_correction".
250329-09:53:06,95 nipype.workflow INFO:
	 [Node] Executing "slice_timing_correction" <fmriprep.workflows.bold.stc.TShift>
250329-09:53:06,235 nipype.workflow INFO:
	 [Node] Setting-up "fmriprep_24_0_wf.sub_28_wf.bold_task_bird_run_4_wf.bold_native_wf.bold_stc_wf.slice_timing_correction" in "/work_dir/fmriprep_24_0_wf/sub_28_wf/bold_task_bird_run_4_wf/bold_native_wf/bold_stc_wf/slice_timing_correction".
250329-09:53:06,274 nipype.workflow INFO:
	 [Node] Executing "slice_timing_correction" <fmriprep.workflows.bold.stc.TShift>
250329-09:53:06,340 nipype.workflow INFO:
	 [Node] Setting-up "fmriprep_24_0_wf.sub_28_wf.bold_task_bird_run_5_wf.bold_native_wf.bold_stc_wf.slice_timing_correction" in "/work_dir/fmriprep_24_0_wf/sub_28_wf/bold_task_bird_run_5_wf/bold_native_wf/bold_stc_wf/slice_timing_correction".
250329-09:53:06,383 nipype.workflow INFO:
	 [Node] Executing "slice_timing_correction" <fmriprep.workflows.bold.stc.TShift>
250329-09:53:10,130 nipype.interface INFO:
	 stderr 2025-03-29T09:53:10.130112:++ 3dvolreg: AFNI version=AFNI_24.1.14 (May 26 2024) [64-bit]
250329-09:53:10,130 nipype.interface INFO:
	 stderr 2025-03-29T09:53:10.130112:++ Authored by: RW Cox
250329-09:53:10,132 nipype.interface INFO:
	 stderr 2025-03-29T09:53:10.132888:** AFNI converts NIFTI_datatype=512 (UINT16) in file /work_dir/fmriprep_24_0_wf/sub_28_wf/bold_task_bird_run_4_wf/bold_fit_wf/hmc_boldref_wf/gen_avg/sub-28_task-bird_run-4_bold_sliced.nii.gz to FLOAT32
250329-09:53:10,133 nipype.interface INFO:
	 stderr 2025-03-29T09:53:10.133215:     Warnings of this type will be muted for this session.
250329-09:53:10,133 nipype.interface INFO:
	 stderr 2025-03-29T09:53:10.133215:     Set AFNI_NIFTI_TYPE_WARN to YES to see them all, NO to see none.
250329-09:53:10,134 nipype.interface INFO:
	 stderr 2025-03-29T09:53:10.134943:[7m*+ WARNING:[0m   If you are performing spatial transformations on an oblique dset,
250329-09:53:10,135 nipype.interface INFO:
	 stderr 2025-03-29T09:53:10.134943:  such as /work_dir/fmriprep_24_0_wf/sub_28_wf/bold_task_bird_run_4_wf/bold_fit_wf/hmc_boldref_wf/gen_avg/sub-28_task-bird_run-4_bold_sliced.nii.gz,
250329-09:53:10,135 nipype.interface INFO:
	 stderr 2025-03-29T09:53:10.134943:  or viewing/combining it with volumes of differing obliquity,
250329-09:53:10,135 nipype.interface INFO:
	 stderr 2025-03-29T09:53:10.134943:  you should consider running: 
250329-09:53:10,135 nipype.interface INFO:
	 stderr 2025-03-29T09:53:10.134943:     3dWarp -deoblique 
250329-09:53:10,135 nipype.interface INFO:
	 stderr 2025-03-29T09:53:10.134943:  on this and  other oblique datasets in the same session.
250329-09:53:10,135 nipype.interface INFO:
	 stderr 2025-03-29T09:53:10.134943: See 3dWarp -help for details.
250329-09:53:10,135 nipype.interface INFO:
	 stderr 2025-03-29T09:53:10.134943:++ Oblique dataset:/work_dir/fmriprep_24_0_wf/sub_28_wf/bold_task_bird_run_4_wf/bold_fit_wf/hmc_boldref_wf/gen_avg/sub-28_task-bird_run-4_bold_sliced.nii.gz is 1.140553 degrees from plumb.
250329-09:53:10,135 nipype.interface INFO:
	 stderr 2025-03-29T09:53:10.135449:++ Coarse del was 10, replaced with 6
250329-09:53:10,563 nipype.interface INFO:
	 stderr 2025-03-29T09:53:10.563432:++ 3dvolreg: AFNI version=AFNI_24.1.14 (May 26 2024) [64-bit]
250329-09:53:10,563 nipype.interface INFO:
	 stderr 2025-03-29T09:53:10.563432:++ Authored by: RW Cox
250329-09:53:10,565 nipype.interface INFO:
	 stderr 2025-03-29T09:53:10.565858:** AFNI converts NIFTI_datatype=512 (UINT16) in file /work_dir/fmriprep_24_0_wf/sub_28_wf/bold_task_bird_run_5_wf/bold_fit_wf/hmc_boldref_wf/gen_avg/sub-28_task-bird_run-5_bold_sliced.nii.gz to FLOAT32
250329-09:53:10,566 nipype.interface INFO:
	 stderr 2025-03-29T09:53:10.566188:     Warnings of this type will be muted for this session.
250329-09:53:10,566 nipype.interface INFO:
	 stderr 2025-03-29T09:53:10.566188:     Set AFNI_NIFTI_TYPE_WARN to YES to see them all, NO to see none.
250329-09:53:10,567 nipype.interface INFO:
	 stderr 2025-03-29T09:53:10.567735:[7m*+ WARNING:[0m   If you are performing spatial transformations on an oblique dset,
250329-09:53:10,567 nipype.interface INFO:
	 stderr 2025-03-29T09:53:10.567735:  such as /work_dir/fmriprep_24_0_wf/sub_28_wf/bold_task_bird_run_5_wf/bold_fit_wf/hmc_boldref_wf/gen_avg/sub-28_task-bird_run-5_bold_sliced.nii.gz,
250329-09:53:10,567 nipype.interface INFO:
	 stderr 2025-03-29T09:53:10.567735:  or viewing/combining it with volumes of differing obliquity,
250329-09:53:10,567 nipype.interface INFO:
	 stderr 2025-03-29T09:53:10.567735:  you should consider running: 
250329-09:53:10,568 nipype.interface INFO:
	 stderr 2025-03-29T09:53:10.567735:     3dWarp -deoblique 
250329-09:53:10,568 nipype.interface INFO:
	 stderr 2025-03-29T09:53:10.567735:  on this and  other oblique datasets in the same session.
250329-09:53:10,568 nipype.interface INFO:
	 stderr 2025-03-29T09:53:10.567735: See 3dWarp -help for details.
250329-09:53:10,568 nipype.interface INFO:
	 stderr 2025-03-29T09:53:10.567735:++ Oblique dataset:/work_dir/fmriprep_24_0_wf/sub_28_wf/bold_task_bird_run_5_wf/bold_fit_wf/hmc_boldref_wf/gen_avg/sub-28_task-bird_run-5_bold_sliced.nii.gz is 1.140553 degrees from plumb.
250329-09:53:10,568 nipype.interface INFO:
	 stderr 2025-03-29T09:53:10.568244:++ Coarse del was 10, replaced with 6
250329-09:53:10,970 nipype.interface INFO:
	 stderr 2025-03-29T09:53:10.970804:++ 3dvolreg: AFNI version=AFNI_24.1.14 (May 26 2024) [64-bit]
250329-09:53:10,971 nipype.interface INFO:
	 stderr 2025-03-29T09:53:10.970804:++ Authored by: RW Cox
250329-09:53:10,973 nipype.interface INFO:
	 stderr 2025-03-29T09:53:10.973566:** AFNI converts NIFTI_datatype=512 (UINT16) in file /work_dir/fmriprep_24_0_wf/sub_28_wf/bold_task_bird_run_6_wf/bold_fit_wf/hmc_boldref_wf/gen_avg/sub-28_task-bird_run-6_bold_sliced.nii.gz to FLOAT32
250329-09:53:10,973 nipype.interface INFO:
	 stderr 2025-03-29T09:53:10.973874:     Warnings of this type will be muted for this session.
250329-09:53:10,973 nipype.interface INFO:
	 stderr 2025-03-29T09:53:10.973874:     Set AFNI_NIFTI_TYPE_WARN to YES to see them all, NO to see none.
250329-09:53:10,975 nipype.interface INFO:
	 stderr 2025-03-29T09:53:10.975557:[7m*+ WARNING:[0m   If you are performing spatial transformations on an oblique dset,
250329-09:53:10,975 nipype.interface INFO:
	 stderr 2025-03-29T09:53:10.975557:  such as /work_dir/fmriprep_24_0_wf/sub_28_wf/bold_task_bird_run_6_wf/bold_fit_wf/hmc_boldref_wf/gen_avg/sub-28_task-bird_run-6_bold_sliced.nii.gz,
250329-09:53:10,975 nipype.interface INFO:
	 stderr 2025-03-29T09:53:10.975557:  or viewing/combining it with volumes of differing obliquity,
250329-09:53:10,975 nipype.interface INFO:
	 stderr 2025-03-29T09:53:10.975557:  you should consider running: 
250329-09:53:10,975 nipype.interface INFO:
	 stderr 2025-03-29T09:53:10.975557:     3dWarp -deoblique 
250329-09:53:10,975 nipype.interface INFO:
	 stderr 2025-03-29T09:53:10.975557:  on this and  other oblique datasets in the same session.
250329-09:53:10,975 nipype.interface INFO:
	 stderr 2025-03-29T09:53:10.975557: See 3dWarp -help for details.
250329-09:53:10,976 nipype.interface INFO:
	 stderr 2025-03-29T09:53:10.975557:++ Oblique dataset:/work_dir/fmriprep_24_0_wf/sub_28_wf/bold_task_bird_run_6_wf/bold_fit_wf/hmc_boldref_wf/gen_avg/sub-28_task-bird_run-6_bold_sliced.nii.gz is 1.140553 degrees from plumb.
250329-09:53:10,976 nipype.interface INFO:
	 stderr 2025-03-29T09:53:10.976089:++ Coarse del was 10, replaced with 6
250329-09:53:11,581 nipype.workflow INFO:
	 [Node] Finished "lap_tmpl", elapsed time 29.22762s.
250329-09:53:14,103 nipype.workflow INFO:
	 [Node] Setting-up "fmriprep_24_0_wf.sub_28_wf.anat_fit_wf.brain_extraction_wf.mrg_tmpl" in "/work_dir/fmriprep_24_0_wf/sub_28_wf/anat_fit_wf/brain_extraction_wf/mrg_tmpl".
250329-09:53:14,229 nipype.workflow INFO:
	 [Node] Executing "mrg_tmpl" <nipype.interfaces.utility.base.Merge>
250329-09:53:14,230 nipype.workflow INFO:
	 [Node] Finished "mrg_tmpl", elapsed time 0.000259s.
250329-09:55:28,602 nipype.workflow INFO:
	 [Node] Finished "slice_timing_correction", elapsed time 143.575845s.
250329-09:55:29,919 nipype.workflow INFO:
	 [Node] Setting-up "fmriprep_24_0_wf.sub_28_wf.bold_task_bird_run_3_wf.bold_native_wf.bold_stc_wf.copy_xform" in "/work_dir/fmriprep_24_0_wf/sub_28_wf/bold_task_bird_run_3_wf/bold_native_wf/bold_stc_wf/copy_xform".
250329-09:55:37,725 nipype.workflow INFO:
	 [Node] Finished "slice_timing_correction", elapsed time 151.449523s.
250329-09:55:38,831 nipype.workflow INFO:
	 [Node] Executing "copy_xform" <niworkflows.interfaces.header.CopyXForm>
250329-09:55:39,738 nipype.workflow INFO:
	 [Node] Setting-up "fmriprep_24_0_wf.sub_28_wf.bold_task_bird_run_4_wf.bold_native_wf.bold_stc_wf.copy_xform" in "/work_dir/fmriprep_24_0_wf/sub_28_wf/bold_task_bird_run_4_wf/bold_native_wf/bold_stc_wf/copy_xform".
250329-09:55:42,34 nipype.workflow INFO:
	 [Node] Finished "slice_timing_correction", elapsed time 155.937987s.
250329-09:55:43,263 nipype.workflow INFO:
	 [Node] Executing "copy_xform" <niworkflows.interfaces.header.CopyXForm>
250329-09:55:43,937 nipype.workflow INFO:
	 [Node] Setting-up "fmriprep_24_0_wf.sub_28_wf.bold_task_bird_run_6_wf.bold_native_wf.bold_stc_wf.copy_xform" in "/work_dir/fmriprep_24_0_wf/sub_28_wf/bold_task_bird_run_6_wf/bold_native_wf/bold_stc_wf/copy_xform".
250329-09:55:47,57 nipype.workflow INFO:
	 [Node] Executing "copy_xform" <niworkflows.interfaces.header.CopyXForm>
250329-09:55:47,927 nipype.workflow INFO:
	 [Node] Finished "slice_timing_correction", elapsed time 162.070868s.
250329-09:55:49,783 nipype.workflow INFO:
	 [Node] Setting-up "fmriprep_24_0_wf.sub_28_wf.bold_task_bird_run_1_wf.bold_native_wf.bold_stc_wf.copy_xform" in "/work_dir/fmriprep_24_0_wf/sub_28_wf/bold_task_bird_run_1_wf/bold_native_wf/bold_stc_wf/copy_xform".
250329-09:55:52,919 nipype.workflow INFO:
	 [Node] Finished "slice_timing_correction", elapsed time 166.535124s.
250329-09:55:53,600 nipype.workflow INFO:
	 [Node] Finished "_denoise0", elapsed time 177.265099s.
250329-09:55:53,704 nipype.workflow INFO:
	 [Node] Executing "copy_xform" <niworkflows.interfaces.header.CopyXForm>
250329-09:55:53,765 nipype.workflow INFO:
	 [Node] Setting-up "fmriprep_24_0_wf.sub_28_wf.bold_task_bird_run_5_wf.bold_native_wf.bold_stc_wf.copy_xform" in "/work_dir/fmriprep_24_0_wf/sub_28_wf/bold_task_bird_run_5_wf/bold_native_wf/bold_stc_wf/copy_xform".
250329-09:55:55,777 nipype.workflow INFO:
	 [Node] Setting-up "_anat_conform0" in "/work_dir/fmriprep_24_0_wf/sub_28_wf/anat_fit_wf/anat_template_wf/anat_conform/mapflow/_anat_conform0".
250329-09:55:55,779 nipype.workflow INFO:
	 [Node] Executing "_anat_conform0" <niworkflows.interfaces.images.Conform>
250329-09:55:55,923 nipype.workflow INFO:
	 [Node] Finished "_anat_conform0", elapsed time 0.143148s.
250329-09:55:56,3 nipype.workflow INFO:
	 [Node] Finished "slice_timing_correction", elapsed time 170.114256s.
250329-09:55:57,716 nipype.workflow INFO:
	 [Node] Setting-up "fmriprep_24_0_wf.sub_28_wf.bold_task_bird_run_2_wf.bold_native_wf.bold_stc_wf.copy_xform" in "/work_dir/fmriprep_24_0_wf/sub_28_wf/bold_task_bird_run_2_wf/bold_native_wf/bold_stc_wf/copy_xform".
250329-09:55:57,718 nipype.workflow INFO:
	 [Node] Setting-up "fmriprep_24_0_wf.sub_28_wf.anat_fit_wf.anat_template_wf.get1st" in "/work_dir/fmriprep_24_0_wf/sub_28_wf/anat_fit_wf/anat_template_wf/get1st".
250329-09:55:57,725 nipype.workflow INFO:
	 [Node] Executing "get1st" <nipype.interfaces.utility.base.Select>
250329-09:55:57,726 nipype.workflow INFO:
	 [Node] Finished "get1st", elapsed time 0.000356s.
250329-09:56:00,454 nipype.workflow INFO:
	 [Node] Executing "copy_xform" <niworkflows.interfaces.header.CopyXForm>
250329-09:56:01,781 nipype.workflow INFO:
	 [Node] Setting-up "fmriprep_24_0_wf.sub_28_wf.anat_fit_wf.surface_recon_wf.fov_check" in "/work_dir/fmriprep_24_0_wf/sub_28_wf/anat_fit_wf/surface_recon_wf/fov_check".
250329-09:56:01,792 nipype.workflow INFO:
	 [Node] Executing "fov_check" <nipype.interfaces.utility.wrappers.Function>
250329-09:56:01,862 nipype.workflow INFO:
	 [Node] Setting-up "_truncate_images0" in "/work_dir/fmriprep_24_0_wf/sub_28_wf/anat_fit_wf/brain_extraction_wf/truncate_images/mapflow/_truncate_images0".
250329-09:56:01,874 nipype.workflow INFO:
	 [Node] Executing "_truncate_images0" <nipype.interfaces.ants.utils.ImageMath>
250329-09:56:02,138 nipype.workflow INFO:
	 [Node] Executing "copy_xform" <niworkflows.interfaces.header.CopyXForm>
250329-09:56:02,739 nipype.workflow INFO:
	 [Node] Finished "fov_check", elapsed time 0.945951s.
250329-09:56:03,162 nipype.interface INFO:
	 stderr 2025-03-29T09:56:03.162101:++ Max displacement in automask = 0.17 (mm) at sub-brick 17
250329-09:56:03,162 nipype.interface INFO:
	 stderr 2025-03-29T09:56:03.162407:++ Max delta displ  in automask = 0.10 (mm) at sub-brick 11
250329-09:56:04,132 nipype.workflow INFO:
	 [Node] Setting-up "fmriprep_24_0_wf.sub_28_wf.anat_fit_wf.surface_recon_wf.recon_config" in "/work_dir/fmriprep_24_0_wf/sub_28_wf/anat_fit_wf/surface_recon_wf/recon_config".
250329-09:56:04,142 nipype.workflow INFO:
	 [Node] Executing "recon_config" <niworkflows.interfaces.freesurfer.FSDetectInputs>
250329-09:56:04,214 nipype.workflow INFO:
	 [Node] Finished "recon_config", elapsed time 0.070893s.
250329-09:56:08,56 nipype.workflow INFO:
	 [Node] Setting-up "fmriprep_24_0_wf.sub_28_wf.anat_fit_wf.surface_recon_wf.autorecon1" in "/work_dir/fmriprep_24_0_wf/sub_28_wf/anat_fit_wf/surface_recon_wf/autorecon1".
250329-09:56:08,62 nipype.workflow INFO:
	 [Node] Executing "autorecon1" <smriprep.interfaces.freesurfer.ReconAll>
250329-09:56:11,829 nipype.workflow INFO:
	 [Node] Finished "gen_avg", elapsed time 196.576301s.
250329-09:56:12,66 nipype.interface INFO:
	 stderr 2025-03-29T09:56:12.066917:++ Max displacement in automask = 1.00 (mm) at sub-brick 7
250329-09:56:12,67 nipype.interface INFO:
	 stderr 2025-03-29T09:56:12.067201:++ Max delta displ  in automask = 0.81 (mm) at sub-brick 7
250329-09:56:12,807 nipype.interface INFO:
	 stderr 2025-03-29T09:56:12.807316:++ Max displacement in automask = 0.18 (mm) at sub-brick 19
250329-09:56:12,807 nipype.interface INFO:
	 stderr 2025-03-29T09:56:12.807642:++ Max delta displ  in automask = 0.10 (mm) at sub-brick 11
250329-09:56:13,791 nipype.workflow INFO:
	 [Node] Setting-up "fmriprep_24_0_wf.sub_28_wf.bold_task_bird_run_1_wf.bold_fit_wf.fmapref_buffer" in "/work_dir/fmriprep_24_0_wf/sub_28_wf/bold_task_bird_run_1_wf/bold_fit_wf/fmapref_buffer".
250329-09:56:13,802 nipype.workflow INFO:
	 [Node] Executing "fmapref_buffer" <nipype.interfaces.utility.wrappers.Function>
250329-09:56:13,804 nipype.workflow INFO:
	 [Node] Finished "fmapref_buffer", elapsed time 0.001326s.
250329-09:56:13,908 nipype.interface WARNING:
	 Changing /output/sub-28/func/sub-28_task-bird_run-1_desc-hmc_boldref.nii.gz dtype from uint16 to float32
250329-09:56:14,647 nipype.workflow INFO:
	 [Node] Finished "_truncate_images0", elapsed time 12.08816s.
250329-09:56:14,847 nipype.workflow INFO:
	 [Node] Setting-up "fmriprep_24_0_wf.sub_28_wf.bold_task_bird_run_1_wf.bold_fit_wf.bold_hmc_wf.mcflirt" in "/work_dir/fmriprep_24_0_wf/sub_28_wf/bold_task_bird_run_1_wf/bold_fit_wf/bold_hmc_wf/mcflirt".
250329-09:56:14,865 nipype.workflow INFO:
	 [Node] Executing "mcflirt" <nipype.interfaces.fsl.preprocess.MCFLIRT>
250329-09:56:15,812 nipype.workflow INFO:
	 [Node] Setting-up "fmriprep_24_0_wf.sub_28_wf.bold_task_bird_run_1_wf.bold_fit_wf.ds_coreg_boldref_wf.sources" in "/work_dir/fmriprep_24_0_wf/sub_28_wf/bold_task_bird_run_1_wf/bold_fit_wf/ds_coreg_boldref_wf/sources".
250329-09:56:15,816 nipype.workflow INFO:
	 [Node] Executing "sources" <fmriprep.interfaces.bids.BIDSURI>
250329-09:56:15,817 nipype.workflow INFO:
	 [Node] Finished "sources", elapsed time 0.000261s.
250329-09:56:15,868 nipype.workflow INFO:
	 [Node] Setting-up "fmriprep_24_0_wf.sub_28_wf.bold_task_bird_run_1_wf.bold_fit_wf.enhance_and_skullstrip_bold_wf.init_aff" in "/work_dir/fmriprep_24_0_wf/sub_28_wf/bold_task_bird_run_1_wf/bold_fit_wf/enhance_and_skullstrip_bold_wf/init_aff".
250329-09:56:15,888 nipype.workflow INFO:
	 [Node] Executing "init_aff" <nipype.interfaces.ants.utils.AI>
250329-09:56:19,663 nipype.workflow INFO:
	 [Node] Finished "gen_avg", elapsed time 204.211306s.
250329-09:56:21,44 nipype.interface INFO:
	 stderr 2025-03-29T09:56:21.044934:++ Max displacement in automask = 0.40 (mm) at sub-brick 17
250329-09:56:21,45 nipype.interface INFO:
	 stderr 2025-03-29T09:56:21.045447:++ Max delta displ  in automask = 0.15 (mm) at sub-brick 16
250329-09:56:21,995 nipype.workflow INFO:
	 [Node] Setting-up "fmriprep_24_0_wf.sub_28_wf.bold_task_bird_run_2_wf.bold_fit_wf.fmapref_buffer" in "/work_dir/fmriprep_24_0_wf/sub_28_wf/bold_task_bird_run_2_wf/bold_fit_wf/fmapref_buffer".
250329-09:56:21,998 nipype.workflow INFO:
	 [Node] Executing "fmapref_buffer" <nipype.interfaces.utility.wrappers.Function>
250329-09:56:22,0 nipype.workflow INFO:
	 [Node] Finished "fmapref_buffer", elapsed time 0.000862s.
250329-09:56:22,196 nipype.interface WARNING:
	 Changing /output/sub-28/func/sub-28_task-bird_run-2_desc-hmc_boldref.nii.gz dtype from uint16 to float32
250329-09:56:22,412 nipype.interface INFO:
	 stderr 2025-03-29T09:56:22.412370:++ Max displacement in automask = 0.20 (mm) at sub-brick 19
250329-09:56:22,412 nipype.interface INFO:
	 stderr 2025-03-29T09:56:22.412658:++ Max delta displ  in automask = 0.18 (mm) at sub-brick 14
250329-09:56:23,461 nipype.workflow INFO:
	 [Node] Finished "gen_avg", elapsed time 207.819062s.
250329-09:56:23,713 nipype.workflow INFO:
	 [Node] Setting-up "fmriprep_24_0_wf.sub_28_wf.bold_task_bird_run_2_wf.bold_fit_wf.bold_hmc_wf.mcflirt" in "/work_dir/fmriprep_24_0_wf/sub_28_wf/bold_task_bird_run_2_wf/bold_fit_wf/bold_hmc_wf/mcflirt".
250329-09:56:23,883 nipype.workflow INFO:
	 [Node] Setting-up "fmriprep_24_0_wf.sub_28_wf.bold_task_bird_run_2_wf.bold_fit_wf.ds_coreg_boldref_wf.sources" in "/work_dir/fmriprep_24_0_wf/sub_28_wf/bold_task_bird_run_2_wf/bold_fit_wf/ds_coreg_boldref_wf/sources".
250329-09:56:23,886 nipype.workflow INFO:
	 [Node] Executing "sources" <fmriprep.interfaces.bids.BIDSURI>
250329-09:56:23,887 nipype.workflow INFO:
	 [Node] Finished "sources", elapsed time 0.000257s.
250329-09:56:23,932 nipype.interface INFO:
	 stderr 2025-03-29T09:56:23.932855:++ Max displacement in automask = 0.20 (mm) at sub-brick 5
250329-09:56:23,933 nipype.interface INFO:
	 stderr 2025-03-29T09:56:23.933107:++ Max delta displ  in automask = 0.15 (mm) at sub-brick 5
250329-09:56:23,936 nipype.workflow INFO:
	 [Node] Executing "mcflirt" <nipype.interfaces.fsl.preprocess.MCFLIRT>
250329-09:56:25,846 nipype.workflow INFO:
	 [Node] Setting-up "fmriprep_24_0_wf.sub_28_wf.bold_task_bird_run_3_wf.bold_fit_wf.fmapref_buffer" in "/work_dir/fmriprep_24_0_wf/sub_28_wf/bold_task_bird_run_3_wf/bold_fit_wf/fmapref_buffer".
250329-09:56:25,854 nipype.workflow INFO:
	 [Node] Executing "fmapref_buffer" <nipype.interfaces.utility.wrappers.Function>
250329-09:56:25,855 nipype.workflow INFO:
	 [Node] Finished "fmapref_buffer", elapsed time 0.000724s.
250329-09:56:25,962 nipype.interface WARNING:
	 Changing /output/sub-28/func/sub-28_task-bird_run-3_desc-hmc_boldref.nii.gz dtype from uint16 to float32
250329-09:56:26,775 nipype.workflow INFO:
	 [Node] Setting-up "fmriprep_24_0_wf.sub_28_wf.bold_task_bird_run_3_wf.bold_fit_wf.bold_hmc_wf.mcflirt" in "/work_dir/fmriprep_24_0_wf/sub_28_wf/bold_task_bird_run_3_wf/bold_fit_wf/bold_hmc_wf/mcflirt".
250329-09:56:26,783 nipype.workflow INFO:
	 [Node] Executing "mcflirt" <nipype.interfaces.fsl.preprocess.MCFLIRT>
250329-09:56:27,852 nipype.workflow INFO:
	 [Node] Setting-up "fmriprep_24_0_wf.sub_28_wf.bold_task_bird_run_3_wf.bold_fit_wf.ds_coreg_boldref_wf.sources" in "/work_dir/fmriprep_24_0_wf/sub_28_wf/bold_task_bird_run_3_wf/bold_fit_wf/ds_coreg_boldref_wf/sources".
250329-09:56:27,855 nipype.workflow INFO:
	 [Node] Executing "sources" <fmriprep.interfaces.bids.BIDSURI>
250329-09:56:27,856 nipype.workflow INFO:
	 [Node] Finished "sources", elapsed time 0.00027s.
250329-09:56:29,886 nipype.workflow INFO:
	 [Node] Finished "gen_avg", elapsed time 212.480092s.
250329-09:56:29,959 nipype.workflow INFO:
	 [Node] Finished "gen_avg", elapsed time 212.314376s.
250329-09:56:32,251 nipype.workflow INFO:
	 [Node] Setting-up "fmriprep_24_0_wf.sub_28_wf.bold_task_bird_run_4_wf.bold_fit_wf.fmapref_buffer" in "/work_dir/fmriprep_24_0_wf/sub_28_wf/bold_task_bird_run_4_wf/bold_fit_wf/fmapref_buffer".
250329-09:56:32,259 nipype.workflow INFO:
	 [Node] Executing "fmapref_buffer" <nipype.interfaces.utility.wrappers.Function>
250329-09:56:32,270 nipype.workflow INFO:
	 [Node] Finished "fmapref_buffer", elapsed time 0.010081s.
250329-09:56:32,378 nipype.interface WARNING:
	 Changing /output/sub-28/func/sub-28_task-bird_run-4_desc-hmc_boldref.nii.gz dtype from uint16 to float32
250329-09:56:33,311 nipype.workflow INFO:
	 [Node] Setting-up "fmriprep_24_0_wf.sub_28_wf.bold_task_bird_run_4_wf.bold_fit_wf.bold_hmc_wf.mcflirt" in "/work_dir/fmriprep_24_0_wf/sub_28_wf/bold_task_bird_run_4_wf/bold_fit_wf/bold_hmc_wf/mcflirt".
250329-09:56:33,311 nipype.workflow INFO:
	 [Node] Setting-up "fmriprep_24_0_wf.sub_28_wf.bold_task_bird_run_5_wf.bold_fit_wf.fmapref_buffer" in "/work_dir/fmriprep_24_0_wf/sub_28_wf/bold_task_bird_run_5_wf/bold_fit_wf/fmapref_buffer".
250329-09:56:33,319 nipype.workflow INFO:
	 [Node] Executing "mcflirt" <nipype.interfaces.fsl.preprocess.MCFLIRT>
250329-09:56:33,323 nipype.workflow INFO:
	 [Node] Executing "fmapref_buffer" <nipype.interfaces.utility.wrappers.Function>
250329-09:56:33,326 nipype.workflow INFO:
	 [Node] Finished "fmapref_buffer", elapsed time 0.001363s.
250329-09:56:33,448 nipype.interface WARNING:
	 Changing /output/sub-28/func/sub-28_task-bird_run-5_desc-hmc_boldref.nii.gz dtype from uint16 to float32
250329-09:56:34,620 nipype.workflow INFO:
	 [Node] Setting-up "fmriprep_24_0_wf.sub_28_wf.bold_task_bird_run_5_wf.bold_fit_wf.bold_hmc_wf.mcflirt" in "/work_dir/fmriprep_24_0_wf/sub_28_wf/bold_task_bird_run_5_wf/bold_fit_wf/bold_hmc_wf/mcflirt".
250329-09:56:34,647 nipype.workflow INFO:
	 [Node] Executing "mcflirt" <nipype.interfaces.fsl.preprocess.MCFLIRT>
250329-09:56:34,804 nipype.workflow INFO:
	 [Node] Setting-up "fmriprep_24_0_wf.sub_28_wf.bold_task_bird_run_4_wf.bold_fit_wf.ds_coreg_boldref_wf.sources" in "/work_dir/fmriprep_24_0_wf/sub_28_wf/bold_task_bird_run_4_wf/bold_fit_wf/ds_coreg_boldref_wf/sources".
250329-09:56:34,807 nipype.workflow INFO:
	 [Node] Executing "sources" <fmriprep.interfaces.bids.BIDSURI>
250329-09:56:34,808 nipype.workflow INFO:
	 [Node] Finished "sources", elapsed time 0.000272s.
250329-09:56:34,810 nipype.workflow INFO:
	 [Node] Setting-up "fmriprep_24_0_wf.sub_28_wf.bold_task_bird_run_5_wf.bold_fit_wf.ds_coreg_boldref_wf.sources" in "/work_dir/fmriprep_24_0_wf/sub_28_wf/bold_task_bird_run_5_wf/bold_fit_wf/ds_coreg_boldref_wf/sources".
250329-09:56:34,814 nipype.workflow INFO:
	 [Node] Executing "sources" <fmriprep.interfaces.bids.BIDSURI>
250329-09:56:34,815 nipype.workflow INFO:
	 [Node] Finished "sources", elapsed time 0.00025s.
250329-09:56:37,386 nipype.workflow INFO:
	 [Node] Finished "gen_avg", elapsed time 219.360237s.
250329-09:56:39,55 nipype.workflow INFO:
	 [Node] Setting-up "fmriprep_24_0_wf.sub_28_wf.bold_task_bird_run_6_wf.bold_fit_wf.fmapref_buffer" in "/work_dir/fmriprep_24_0_wf/sub_28_wf/bold_task_bird_run_6_wf/bold_fit_wf/fmapref_buffer".
250329-09:56:39,62 nipype.workflow INFO:
	 [Node] Executing "fmapref_buffer" <nipype.interfaces.utility.wrappers.Function>
250329-09:56:39,70 nipype.workflow INFO:
	 [Node] Finished "fmapref_buffer", elapsed time 0.006863s.
250329-09:56:39,251 nipype.interface WARNING:
	 Changing /output/sub-28/func/sub-28_task-bird_run-6_desc-hmc_boldref.nii.gz dtype from uint16 to float32
250329-09:56:40,894 nipype.workflow INFO:
	 [Node] Setting-up "fmriprep_24_0_wf.sub_28_wf.bold_task_bird_run_6_wf.bold_fit_wf.bold_hmc_wf.mcflirt" in "/work_dir/fmriprep_24_0_wf/sub_28_wf/bold_task_bird_run_6_wf/bold_fit_wf/bold_hmc_wf/mcflirt".
250329-09:56:40,903 nipype.workflow INFO:
	 [Node] Executing "mcflirt" <nipype.interfaces.fsl.preprocess.MCFLIRT>
250329-09:56:41,610 nipype.workflow INFO:
	 [Node] Setting-up "fmriprep_24_0_wf.sub_28_wf.bold_task_bird_run_6_wf.bold_fit_wf.ds_coreg_boldref_wf.sources" in "/work_dir/fmriprep_24_0_wf/sub_28_wf/bold_task_bird_run_6_wf/bold_fit_wf/ds_coreg_boldref_wf/sources".
250329-09:56:41,613 nipype.workflow INFO:
	 [Node] Executing "sources" <fmriprep.interfaces.bids.BIDSURI>
250329-09:56:41,615 nipype.workflow INFO:
	 [Node] Finished "sources", elapsed time 0.000264s.
250329-09:56:41,875 nipype.workflow INFO:
	 [Node] Finished "copy_xform", elapsed time 63.042795s.
250329-09:56:52,8 nipype.workflow INFO:
	 [Node] Finished "copy_xform", elapsed time 68.743008s.
250329-09:56:58,935 nipype.workflow INFO:
	 [Node] Finished "copy_xform", elapsed time 71.876277s.
250329-09:57:09,626 nipype.workflow INFO:
	 [Node] Finished "copy_xform", elapsed time 75.921076s.
250329-09:57:11,516 nipype.workflow INFO:
	 [Node] Setting-up "fmriprep_24_0_wf.sub_28_wf.bold_task_bird_run_2_wf.bold_fit_wf.enhance_and_skullstrip_bold_wf.init_aff" in "/work_dir/fmriprep_24_0_wf/sub_28_wf/bold_task_bird_run_2_wf/bold_fit_wf/enhance_and_skullstrip_bold_wf/init_aff".
250329-09:57:11,519 nipype.workflow INFO:
	 [Node] Executing "init_aff" <nipype.interfaces.ants.utils.AI>
250329-09:57:17,188 nipype.workflow INFO:
	 [Node] Finished "copy_xform", elapsed time 75.049654s.
250329-09:57:26,248 nipype.workflow INFO:
	 [Node] Finished "copy_xform", elapsed time 85.793926s.
250329-09:58:27,416 nipype.workflow INFO:
	 [Node] Finished "init_aff", elapsed time 130.858538s.
250329-09:58:29,116 nipype.workflow INFO:
	 [Node] Setting-up "fmriprep_24_0_wf.sub_28_wf.bold_task_bird_run_3_wf.bold_fit_wf.enhance_and_skullstrip_bold_wf.init_aff" in "/work_dir/fmriprep_24_0_wf/sub_28_wf/bold_task_bird_run_3_wf/bold_fit_wf/enhance_and_skullstrip_bold_wf/init_aff".
250329-09:58:29,121 nipype.workflow INFO:
	 [Node] Executing "init_aff" <nipype.interfaces.ants.utils.AI>
250329-09:59:37,249 nipype.workflow INFO:
	 [Node] Finished "init_aff", elapsed time 145.241728s.
250329-09:59:39,266 nipype.workflow INFO:
	 [Node] Setting-up "fmriprep_24_0_wf.sub_28_wf.bold_task_bird_run_4_wf.bold_fit_wf.enhance_and_skullstrip_bold_wf.init_aff" in "/work_dir/fmriprep_24_0_wf/sub_28_wf/bold_task_bird_run_4_wf/bold_fit_wf/enhance_and_skullstrip_bold_wf/init_aff".
250329-09:59:39,280 nipype.workflow INFO:
	 [Node] Executing "init_aff" <nipype.interfaces.ants.utils.AI>
250329-10:00:48,706 nipype.workflow INFO:
	 [Node] Finished "init_aff", elapsed time 139.584447s.
250329-10:00:49,259 nipype.workflow INFO:
	 [Node] Setting-up "fmriprep_24_0_wf.sub_28_wf.bold_task_bird_run_5_wf.bold_fit_wf.enhance_and_skullstrip_bold_wf.init_aff" in "/work_dir/fmriprep_24_0_wf/sub_28_wf/bold_task_bird_run_5_wf/bold_fit_wf/enhance_and_skullstrip_bold_wf/init_aff".
250329-10:00:49,262 nipype.workflow INFO:
	 [Node] Executing "init_aff" <nipype.interfaces.ants.utils.AI>
250329-10:01:58,516 nipype.workflow INFO:
	 [Node] Finished "init_aff", elapsed time 138.747909s.
250329-10:01:59,176 nipype.workflow INFO:
	 [Node] Setting-up "fmriprep_24_0_wf.sub_28_wf.bold_task_bird_run_6_wf.bold_fit_wf.enhance_and_skullstrip_bold_wf.init_aff" in "/work_dir/fmriprep_24_0_wf/sub_28_wf/bold_task_bird_run_6_wf/bold_fit_wf/enhance_and_skullstrip_bold_wf/init_aff".
250329-10:01:59,181 nipype.workflow INFO:
	 [Node] Executing "init_aff" <nipype.interfaces.ants.utils.AI>
250329-10:02:11,756 nipype.workflow INFO:
	 [Node] Finished "mcflirt", elapsed time 356.889538s.
250329-10:02:14,325 nipype.workflow INFO:
	 [Node] Setting-up "fmriprep_24_0_wf.sub_28_wf.bold_task_bird_run_1_wf.bold_fit_wf.bold_hmc_wf.normalize_motion" in "/work_dir/fmriprep_24_0_wf/sub_28_wf/bold_task_bird_run_1_wf/bold_fit_wf/bold_hmc_wf/normalize_motion".
250329-10:02:14,597 nipype.workflow INFO:
	 [Node] Executing "normalize_motion" <niworkflows.interfaces.confounds.NormalizeMotionParams>
250329-10:02:14,604 nipype.workflow INFO:
	 [Node] Finished "normalize_motion", elapsed time 0.006833s.
250329-10:02:15,460 nipype.workflow INFO:
	 [Node] Setting-up "fmriprep_24_0_wf.sub_28_wf.bold_task_bird_run_1_wf.bold_confounds_wf.fdisp" in "/work_dir/fmriprep_24_0_wf/sub_28_wf/bold_task_bird_run_1_wf/bold_confounds_wf/fdisp".
250329-10:02:16,361 nipype.workflow INFO:
	 [Node] Executing "fdisp" <nipype.algorithms.confounds.FramewiseDisplacement>
250329-10:02:16,382 nipype.workflow INFO:
	 [Node] Finished "fdisp", elapsed time 0.02007s.
250329-10:02:24,172 nipype.workflow INFO:
	 [Node] Finished "mcflirt", elapsed time 360.235021s.
250329-10:02:25,540 nipype.workflow INFO:
	 [Node] Setting-up "fmriprep_24_0_wf.sub_28_wf.bold_task_bird_run_2_wf.bold_fit_wf.bold_hmc_wf.normalize_motion" in "/work_dir/fmriprep_24_0_wf/sub_28_wf/bold_task_bird_run_2_wf/bold_fit_wf/bold_hmc_wf/normalize_motion".
250329-10:02:25,554 nipype.workflow INFO:
	 [Node] Executing "normalize_motion" <niworkflows.interfaces.confounds.NormalizeMotionParams>
250329-10:02:25,572 nipype.workflow INFO:
	 [Node] Finished "normalize_motion", elapsed time 0.01716s.
250329-10:02:27,239 nipype.workflow INFO:
	 [Node] Setting-up "fmriprep_24_0_wf.sub_28_wf.bold_task_bird_run_2_wf.bold_confounds_wf.fdisp" in "/work_dir/fmriprep_24_0_wf/sub_28_wf/bold_task_bird_run_2_wf/bold_confounds_wf/fdisp".
250329-10:02:27,244 nipype.workflow INFO:
	 [Node] Executing "fdisp" <nipype.algorithms.confounds.FramewiseDisplacement>
250329-10:02:27,248 nipype.workflow INFO:
	 [Node] Finished "fdisp", elapsed time 0.00314s.
250329-10:02:29,683 nipype.workflow INFO:
	 [Node] Finished "mcflirt", elapsed time 362.898945s.
250329-10:02:31,611 nipype.workflow INFO:
	 [Node] Setting-up "fmriprep_24_0_wf.sub_28_wf.bold_task_bird_run_3_wf.bold_fit_wf.bold_hmc_wf.normalize_motion" in "/work_dir/fmriprep_24_0_wf/sub_28_wf/bold_task_bird_run_3_wf/bold_fit_wf/bold_hmc_wf/normalize_motion".
250329-10:02:31,739 nipype.workflow INFO:
	 [Node] Executing "normalize_motion" <niworkflows.interfaces.confounds.NormalizeMotionParams>
250329-10:02:31,744 nipype.workflow INFO:
	 [Node] Finished "normalize_motion", elapsed time 0.004088s.
250329-10:02:33,308 nipype.workflow INFO:
	 [Node] Setting-up "fmriprep_24_0_wf.sub_28_wf.bold_task_bird_run_3_wf.bold_confounds_wf.fdisp" in "/work_dir/fmriprep_24_0_wf/sub_28_wf/bold_task_bird_run_3_wf/bold_confounds_wf/fdisp".
250329-10:02:33,731 nipype.workflow INFO:
	 [Node] Executing "fdisp" <nipype.algorithms.confounds.FramewiseDisplacement>
250329-10:02:33,735 nipype.workflow INFO:
	 [Node] Finished "fdisp", elapsed time 0.00301s.
250329-10:02:38,772 nipype.workflow INFO:
	 [Node] Finished "mcflirt", elapsed time 365.451838s.
250329-10:02:39,152 nipype.workflow INFO:
	 [Node] Setting-up "fmriprep_24_0_wf.sub_28_wf.bold_task_bird_run_4_wf.bold_fit_wf.bold_hmc_wf.normalize_motion" in "/work_dir/fmriprep_24_0_wf/sub_28_wf/bold_task_bird_run_4_wf/bold_fit_wf/bold_hmc_wf/normalize_motion".
250329-10:02:39,179 nipype.workflow INFO:
	 [Node] Executing "normalize_motion" <niworkflows.interfaces.confounds.NormalizeMotionParams>
250329-10:02:39,184 nipype.workflow INFO:
	 [Node] Finished "normalize_motion", elapsed time 0.004186s.
250329-10:02:41,153 nipype.workflow INFO:
	 [Node] Setting-up "fmriprep_24_0_wf.sub_28_wf.bold_task_bird_run_4_wf.bold_confounds_wf.fdisp" in "/work_dir/fmriprep_24_0_wf/sub_28_wf/bold_task_bird_run_4_wf/bold_confounds_wf/fdisp".
250329-10:02:41,635 nipype.workflow INFO:
	 [Node] Executing "fdisp" <nipype.algorithms.confounds.FramewiseDisplacement>
250329-10:02:41,639 nipype.workflow INFO:
	 [Node] Finished "fdisp", elapsed time 0.003023s.
250329-10:02:44,185 nipype.workflow INFO:
	 [Node] Finished "mcflirt", elapsed time 369.53648s.
250329-10:02:45,153 nipype.workflow INFO:
	 [Node] Setting-up "fmriprep_24_0_wf.sub_28_wf.bold_task_bird_run_5_wf.bold_fit_wf.bold_hmc_wf.normalize_motion" in "/work_dir/fmriprep_24_0_wf/sub_28_wf/bold_task_bird_run_5_wf/bold_fit_wf/bold_hmc_wf/normalize_motion".
250329-10:02:45,168 nipype.workflow INFO:
	 [Node] Executing "normalize_motion" <niworkflows.interfaces.confounds.NormalizeMotionParams>
250329-10:02:45,172 nipype.workflow INFO:
	 [Node] Finished "normalize_motion", elapsed time 0.004085s.
250329-10:02:47,161 nipype.workflow INFO:
	 [Node] Setting-up "fmriprep_24_0_wf.sub_28_wf.bold_task_bird_run_5_wf.bold_confounds_wf.fdisp" in "/work_dir/fmriprep_24_0_wf/sub_28_wf/bold_task_bird_run_5_wf/bold_confounds_wf/fdisp".
250329-10:02:47,586 nipype.workflow INFO:
	 [Node] Executing "fdisp" <nipype.algorithms.confounds.FramewiseDisplacement>
250329-10:02:47,590 nipype.workflow INFO:
	 [Node] Finished "fdisp", elapsed time 0.003036s.
250329-10:02:48,97 nipype.workflow INFO:
	 [Node] Finished "mcflirt", elapsed time 367.193149s.
250329-10:02:49,423 nipype.workflow INFO:
	 [Node] Setting-up "fmriprep_24_0_wf.sub_28_wf.bold_task_bird_run_1_wf.bold_fit_wf.bold_hmc_wf.fsl2itk" in "/work_dir/fmriprep_24_0_wf/sub_28_wf/bold_task_bird_run_1_wf/bold_fit_wf/bold_hmc_wf/fsl2itk".
250329-10:02:49,555 nipype.workflow INFO:
	 [Node] Executing "fsl2itk" <niworkflows.interfaces.itk.MCFLIRT2ITK>
250329-10:02:49,556 nipype.interface WARNING:
	 Multithreading is deprecated. Remove the num_threads input.
250329-10:02:49,837 nipype.workflow INFO:
	 [Node] Finished "fsl2itk", elapsed time 0.280739s.
250329-10:02:51,372 nipype.workflow INFO:
	 [Node] Setting-up "fmriprep_24_0_wf.sub_28_wf.bold_task_bird_run_2_wf.bold_fit_wf.bold_hmc_wf.fsl2itk" in "/work_dir/fmriprep_24_0_wf/sub_28_wf/bold_task_bird_run_2_wf/bold_fit_wf/bold_hmc_wf/fsl2itk".
250329-10:02:51,557 nipype.workflow INFO:
	 [Node] Executing "fsl2itk" <niworkflows.interfaces.itk.MCFLIRT2ITK>
250329-10:02:51,558 nipype.interface WARNING:
	 Multithreading is deprecated. Remove the num_threads input.
250329-10:02:51,847 nipype.workflow INFO:
	 [Node] Finished "fsl2itk", elapsed time 0.288681s.
250329-10:02:53,395 nipype.workflow INFO:
	 [Node] Setting-up "fmriprep_24_0_wf.sub_28_wf.bold_task_bird_run_3_wf.bold_fit_wf.bold_hmc_wf.fsl2itk" in "/work_dir/fmriprep_24_0_wf/sub_28_wf/bold_task_bird_run_3_wf/bold_fit_wf/bold_hmc_wf/fsl2itk".
250329-10:02:53,524 nipype.workflow INFO:
	 [Node] Executing "fsl2itk" <niworkflows.interfaces.itk.MCFLIRT2ITK>
250329-10:02:53,525 nipype.interface WARNING:
	 Multithreading is deprecated. Remove the num_threads input.
250329-10:02:53,815 nipype.workflow INFO:
	 [Node] Finished "fsl2itk", elapsed time 0.290269s.
250329-10:02:55,200 nipype.workflow INFO:
	 [Node] Setting-up "fmriprep_24_0_wf.sub_28_wf.bold_task_bird_run_4_wf.bold_fit_wf.bold_hmc_wf.fsl2itk" in "/work_dir/fmriprep_24_0_wf/sub_28_wf/bold_task_bird_run_4_wf/bold_fit_wf/bold_hmc_wf/fsl2itk".
250329-10:02:55,243 nipype.workflow INFO:
	 [Node] Executing "fsl2itk" <niworkflows.interfaces.itk.MCFLIRT2ITK>
250329-10:02:55,244 nipype.interface WARNING:
	 Multithreading is deprecated. Remove the num_threads input.
250329-10:02:55,521 nipype.workflow INFO:
	 [Node] Finished "fsl2itk", elapsed time 0.276595s.
250329-10:02:57,196 nipype.workflow INFO:
	 [Node] Setting-up "fmriprep_24_0_wf.sub_28_wf.bold_task_bird_run_5_wf.bold_fit_wf.bold_hmc_wf.fsl2itk" in "/work_dir/fmriprep_24_0_wf/sub_28_wf/bold_task_bird_run_5_wf/bold_fit_wf/bold_hmc_wf/fsl2itk".
250329-10:02:57,240 nipype.workflow INFO:
	 [Node] Executing "fsl2itk" <niworkflows.interfaces.itk.MCFLIRT2ITK>
250329-10:02:57,241 nipype.interface WARNING:
	 Multithreading is deprecated. Remove the num_threads input.
250329-10:02:57,528 nipype.workflow INFO:
	 [Node] Finished "fsl2itk", elapsed time 0.287091s.
250329-10:02:59,194 nipype.workflow INFO:
	 [Node] Setting-up "fmriprep_24_0_wf.sub_28_wf.bold_task_bird_run_6_wf.bold_fit_wf.bold_hmc_wf.fsl2itk" in "/work_dir/fmriprep_24_0_wf/sub_28_wf/bold_task_bird_run_6_wf/bold_fit_wf/bold_hmc_wf/fsl2itk".
250329-10:02:59,239 nipype.workflow INFO:
	 [Node] Executing "fsl2itk" <niworkflows.interfaces.itk.MCFLIRT2ITK>
250329-10:02:59,240 nipype.interface WARNING:
	 Multithreading is deprecated. Remove the num_threads input.
250329-10:02:59,519 nipype.workflow INFO:
	 [Node] Finished "fsl2itk", elapsed time 0.278923s.
250329-10:02:59,754 nipype.workflow INFO:
	 [Node] Finished "init_aff", elapsed time 130.011866s.
250329-10:03:01,154 nipype.workflow INFO:
	 [Node] Setting-up "fmriprep_24_0_wf.sub_28_wf.bold_task_bird_run_6_wf.bold_fit_wf.bold_hmc_wf.normalize_motion" in "/work_dir/fmriprep_24_0_wf/sub_28_wf/bold_task_bird_run_6_wf/bold_fit_wf/bold_hmc_wf/normalize_motion".
250329-10:03:01,168 nipype.workflow INFO:
	 [Node] Executing "normalize_motion" <niworkflows.interfaces.confounds.NormalizeMotionParams>
250329-10:03:01,173 nipype.workflow INFO:
	 [Node] Finished "normalize_motion", elapsed time 0.004085s.
250329-10:03:01,339 nipype.workflow INFO:
	 [Node] Setting-up "fmriprep_24_0_wf.sub_28_wf.bold_task_bird_run_1_wf.bold_fit_wf.enhance_and_skullstrip_bold_wf.norm" in "/work_dir/fmriprep_24_0_wf/sub_28_wf/bold_task_bird_run_1_wf/bold_fit_wf/enhance_and_skullstrip_bold_wf/norm".
250329-10:03:01,346 nipype.workflow INFO:
	 [Node] Executing "norm" <niworkflows.interfaces.fixes.FixHeaderRegistration>
250329-10:03:02,872 nipype.workflow INFO:
	 [Node] Finished "norm", elapsed time 1.2517019999999999s.
250329-10:03:03,150 nipype.workflow INFO:
	 [Node] Setting-up "fmriprep_24_0_wf.sub_28_wf.bold_task_bird_run_2_wf.bold_fit_wf.enhance_and_skullstrip_bold_wf.norm" in "/work_dir/fmriprep_24_0_wf/sub_28_wf/bold_task_bird_run_2_wf/bold_fit_wf/enhance_and_skullstrip_bold_wf/norm".
250329-10:03:03,156 nipype.workflow INFO:
	 [Node] Executing "norm" <niworkflows.interfaces.fixes.FixHeaderRegistration>
250329-10:03:03,161 nipype.workflow INFO:
	 [Node] Setting-up "fmriprep_24_0_wf.sub_28_wf.bold_task_bird_run_3_wf.bold_fit_wf.enhance_and_skullstrip_bold_wf.norm" in "/work_dir/fmriprep_24_0_wf/sub_28_wf/bold_task_bird_run_3_wf/bold_fit_wf/enhance_and_skullstrip_bold_wf/norm".
250329-10:03:03,167 nipype.workflow INFO:
	 [Node] Executing "norm" <niworkflows.interfaces.fixes.FixHeaderRegistration>
250329-10:03:04,14 nipype.workflow INFO:
	 [Node] Finished "norm", elapsed time 0.845536s.
250329-10:03:04,956 nipype.workflow INFO:
	 [Node] Finished "norm", elapsed time 1.476218s.
250329-10:03:05,156 nipype.workflow INFO:
	 [Node] Setting-up "fmriprep_24_0_wf.sub_28_wf.bold_task_bird_run_4_wf.bold_fit_wf.enhance_and_skullstrip_bold_wf.norm" in "/work_dir/fmriprep_24_0_wf/sub_28_wf/bold_task_bird_run_4_wf/bold_fit_wf/enhance_and_skullstrip_bold_wf/norm".
250329-10:03:05,162 nipype.workflow INFO:
	 [Node] Executing "norm" <niworkflows.interfaces.fixes.FixHeaderRegistration>
250329-10:03:05,166 nipype.workflow INFO:
	 [Node] Setting-up "fmriprep_24_0_wf.sub_28_wf.bold_task_bird_run_5_wf.bold_fit_wf.enhance_and_skullstrip_bold_wf.norm" in "/work_dir/fmriprep_24_0_wf/sub_28_wf/bold_task_bird_run_5_wf/bold_fit_wf/enhance_and_skullstrip_bold_wf/norm".
250329-10:03:05,172 nipype.workflow INFO:
	 [Node] Executing "norm" <niworkflows.interfaces.fixes.FixHeaderRegistration>
250329-10:03:11,591 nipype.workflow INFO:
	 [Node] Finished "norm", elapsed time 6.417307s.
250329-10:03:11,687 nipype.workflow INFO:
	 [Node] Finished "norm", elapsed time 6.511922s.
250329-10:03:13,162 nipype.workflow INFO:
	 [Node] Setting-up "fmriprep_24_0_wf.sub_28_wf.bold_task_bird_run_6_wf.bold_confounds_wf.fdisp" in "/work_dir/fmriprep_24_0_wf/sub_28_wf/bold_task_bird_run_6_wf/bold_confounds_wf/fdisp".
250329-10:03:13,350 nipype.workflow INFO:
	 [Node] Setting-up "fmriprep_24_0_wf.sub_28_wf.bold_task_bird_run_3_wf.bold_fit_wf.enhance_and_skullstrip_bold_wf.map_brainmask" in "/work_dir/fmriprep_24_0_wf/sub_28_wf/bold_task_bird_run_3_wf/bold_fit_wf/enhance_and_skullstrip_bold_wf/map_brainmask".
250329-10:03:13,351 nipype.workflow INFO:
	 [Node] Setting-up "fmriprep_24_0_wf.sub_28_wf.bold_task_bird_run_4_wf.bold_fit_wf.enhance_and_skullstrip_bold_wf.map_brainmask" in "/work_dir/fmriprep_24_0_wf/sub_28_wf/bold_task_bird_run_4_wf/bold_fit_wf/enhance_and_skullstrip_bold_wf/map_brainmask".
250329-10:03:13,354 nipype.workflow INFO:
	 [Node] Setting-up "fmriprep_24_0_wf.sub_28_wf.bold_task_bird_run_5_wf.bold_fit_wf.enhance_and_skullstrip_bold_wf.map_brainmask" in "/work_dir/fmriprep_24_0_wf/sub_28_wf/bold_task_bird_run_5_wf/bold_fit_wf/enhance_and_skullstrip_bold_wf/map_brainmask".
250329-10:03:13,355 nipype.workflow INFO:
	 [Node] Executing "map_brainmask" <niworkflows.interfaces.fixes.FixHeaderApplyTransforms>
250329-10:03:13,357 nipype.workflow INFO:
	 [Node] Executing "map_brainmask" <niworkflows.interfaces.fixes.FixHeaderApplyTransforms>
250329-10:03:13,359 nipype.workflow INFO:
	 [Node] Executing "map_brainmask" <niworkflows.interfaces.fixes.FixHeaderApplyTransforms>
250329-10:03:13,365 nipype.workflow INFO:
	 [Node] Setting-up "_inu_n40" in "/work_dir/fmriprep_24_0_wf/sub_28_wf/anat_fit_wf/brain_extraction_wf/inu_n4/mapflow/_inu_n40".
250329-10:03:13,367 nipype.workflow INFO:
	 [Node] Executing "_inu_n40" <nipype.interfaces.ants.segmentation.N4BiasFieldCorrection>
250329-10:03:13,383 nipype.workflow INFO:
	 [Node] Setting-up "fmriprep_24_0_wf.sub_28_wf.bold_task_bird_run_1_wf.bold_fit_wf.enhance_and_skullstrip_bold_wf.map_brainmask" in "/work_dir/fmriprep_24_0_wf/sub_28_wf/bold_task_bird_run_1_wf/bold_fit_wf/enhance_and_skullstrip_bold_wf/map_brainmask".
250329-10:03:13,387 nipype.workflow INFO:
	 [Node] Executing "map_brainmask" <niworkflows.interfaces.fixes.FixHeaderApplyTransforms>
250329-10:03:13,389 nipype.workflow INFO:
	 [Node] Setting-up "fmriprep_24_0_wf.sub_28_wf.bold_task_bird_run_2_wf.bold_fit_wf.enhance_and_skullstrip_bold_wf.map_brainmask" in "/work_dir/fmriprep_24_0_wf/sub_28_wf/bold_task_bird_run_2_wf/bold_fit_wf/enhance_and_skullstrip_bold_wf/map_brainmask".
250329-10:03:13,393 nipype.workflow INFO:
	 [Node] Executing "map_brainmask" <niworkflows.interfaces.fixes.FixHeaderApplyTransforms>
250329-10:03:13,751 nipype.workflow INFO:
	 [Node] Executing "fdisp" <nipype.algorithms.confounds.FramewiseDisplacement>
250329-10:03:13,755 nipype.workflow INFO:
	 [Node] Finished "fdisp", elapsed time 0.003069s.
250329-10:03:14,244 nipype.workflow INFO:
	 [Node] Finished "map_brainmask", elapsed time 0.885417s.
250329-10:03:14,408 nipype.workflow INFO:
	 [Node] Finished "map_brainmask", elapsed time 0.59932s.
250329-10:03:14,510 nipype.workflow INFO:
	 [Node] Finished "map_brainmask", elapsed time 0.681684s.
250329-10:03:14,531 nipype.workflow INFO:
	 [Node] Finished "map_brainmask", elapsed time 0.706469s.
250329-10:03:14,603 nipype.workflow INFO:
	 [Node] Finished "map_brainmask", elapsed time 0.828299s.
250329-10:03:17,201 nipype.workflow INFO:
	 [Node] Setting-up "fmriprep_24_0_wf.sub_28_wf.bold_task_bird_run_1_wf.bold_fit_wf.enhance_and_skullstrip_bold_wf.n4_correct" in "/work_dir/fmriprep_24_0_wf/sub_28_wf/bold_task_bird_run_1_wf/bold_fit_wf/enhance_and_skullstrip_bold_wf/n4_correct".
250329-10:03:17,204 nipype.workflow INFO:
	 [Node] Executing "n4_correct" <niworkflows.interfaces.fixes.FixN4BiasFieldCorrection>
250329-10:03:17,214 nipype.workflow INFO:
	 [Node] Setting-up "fmriprep_24_0_wf.sub_28_wf.bold_task_bird_run_4_wf.bold_fit_wf.enhance_and_skullstrip_bold_wf.n4_correct" in "/work_dir/fmriprep_24_0_wf/sub_28_wf/bold_task_bird_run_4_wf/bold_fit_wf/enhance_and_skullstrip_bold_wf/n4_correct".
250329-10:03:17,217 nipype.workflow INFO:
	 [Node] Executing "n4_correct" <niworkflows.interfaces.fixes.FixN4BiasFieldCorrection>
250329-10:03:17,219 nipype.workflow INFO:
	 [Node] Setting-up "fmriprep_24_0_wf.sub_28_wf.bold_task_bird_run_5_wf.bold_fit_wf.enhance_and_skullstrip_bold_wf.n4_correct" in "/work_dir/fmriprep_24_0_wf/sub_28_wf/bold_task_bird_run_5_wf/bold_fit_wf/enhance_and_skullstrip_bold_wf/n4_correct".
250329-10:03:17,223 nipype.workflow INFO:
	 [Node] Executing "n4_correct" <niworkflows.interfaces.fixes.FixN4BiasFieldCorrection>
250329-10:03:17,250 nipype.workflow INFO:
	 [Node] Setting-up "fmriprep_24_0_wf.sub_28_wf.bold_task_bird_run_3_wf.bold_fit_wf.enhance_and_skullstrip_bold_wf.n4_correct" in "/work_dir/fmriprep_24_0_wf/sub_28_wf/bold_task_bird_run_3_wf/bold_fit_wf/enhance_and_skullstrip_bold_wf/n4_correct".
250329-10:03:17,253 nipype.workflow INFO:
	 [Node] Executing "n4_correct" <niworkflows.interfaces.fixes.FixN4BiasFieldCorrection>
250329-10:03:17,258 nipype.workflow INFO:
	 [Node] Setting-up "fmriprep_24_0_wf.sub_28_wf.bold_task_bird_run_2_wf.bold_fit_wf.enhance_and_skullstrip_bold_wf.n4_correct" in "/work_dir/fmriprep_24_0_wf/sub_28_wf/bold_task_bird_run_2_wf/bold_fit_wf/enhance_and_skullstrip_bold_wf/n4_correct".
250329-10:03:17,261 nipype.workflow INFO:
	 [Node] Executing "n4_correct" <niworkflows.interfaces.fixes.FixN4BiasFieldCorrection>
250329-10:03:19,705 nipype.workflow INFO:
	 [Node] Finished "n4_correct", elapsed time 1.836214s.
250329-10:03:21,332 nipype.interface WARNING:
	 Changing /output/sub-28/func/sub-28_task-bird_run-3_desc-coreg_boldref.nii.gz dtype from uint16 to float32
250329-10:03:21,382 nipype.workflow INFO:
	 [Node] Setting-up "fmriprep_24_0_wf.sub_28_wf.bold_task_bird_run_3_wf.bold_fit_wf.enhance_and_skullstrip_bold_wf.skullstrip_first_pass" in "/work_dir/fmriprep_24_0_wf/sub_28_wf/bold_task_bird_run_3_wf/bold_fit_wf/enhance_and_skullstrip_bold_wf/skullstrip_first_pass".
250329-10:03:21,388 nipype.workflow INFO:
	 [Node] Executing "skullstrip_first_pass" <nipype.interfaces.fsl.preprocess.BET>
250329-10:03:23,238 nipype.workflow INFO:
	 [Node] Setting-up "fmriprep_24_0_wf.sub_28_wf.bold_task_bird_run_3_wf.bold_fit_wf.ds_boldreg_wf.sources" in "/work_dir/fmriprep_24_0_wf/sub_28_wf/bold_task_bird_run_3_wf/bold_fit_wf/ds_boldreg_wf/sources".
250329-10:03:23,241 nipype.workflow INFO:
	 [Node] Executing "sources" <fmriprep.interfaces.bids.BIDSURI>
250329-10:03:23,242 nipype.workflow INFO:
	 [Node] Finished "sources", elapsed time 0.000246s.
250329-10:03:24,290 nipype.workflow INFO:
	 [Node] Finished "skullstrip_first_pass", elapsed time 2.9014670000000002s.
250329-10:03:24,813 nipype.workflow INFO:
	 [Node] Finished "n4_correct", elapsed time 7.216284s.
250329-10:03:25,101 nipype.workflow INFO:
	 [Node] Finished "n4_correct", elapsed time 7.379478s.
250329-10:03:25,226 nipype.workflow INFO:
	 [Node] Setting-up "fmriprep_24_0_wf.sub_28_wf.bold_task_bird_run_4_wf.bold_fit_wf.enhance_and_skullstrip_bold_wf.skullstrip_first_pass" in "/work_dir/fmriprep_24_0_wf/sub_28_wf/bold_task_bird_run_4_wf/bold_fit_wf/enhance_and_skullstrip_bold_wf/skullstrip_first_pass".
250329-10:03:25,229 nipype.workflow INFO:
	 [Node] Executing "skullstrip_first_pass" <nipype.interfaces.fsl.preprocess.BET>
250329-10:03:25,285 nipype.interface WARNING:
	 Changing /output/sub-28/func/sub-28_task-bird_run-4_desc-coreg_boldref.nii.gz dtype from uint16 to float32
250329-10:03:25,811 nipype.workflow INFO:
	 [Node] Setting-up "fmriprep_24_0_wf.sub_28_wf.bold_task_bird_run_3_wf.bold_fit_wf.enhance_and_skullstrip_bold_wf.first_dilate" in "/work_dir/fmriprep_24_0_wf/sub_28_wf/bold_task_bird_run_3_wf/bold_fit_wf/enhance_and_skullstrip_bold_wf/first_dilate".
250329-10:03:25,955 nipype.workflow INFO:
	 [Node] Executing "first_dilate" <niworkflows.interfaces.nibabel.BinaryDilation>
250329-10:03:26,113 nipype.workflow INFO:
	 [Node] Finished "n4_correct", elapsed time 8.277714s.
250329-10:03:26,334 nipype.workflow INFO:
	 [Node] Finished "n4_correct", elapsed time 8.585028s.
250329-10:03:27,230 nipype.workflow INFO:
	 [Node] Setting-up "fmriprep_24_0_wf.sub_28_wf.bold_task_bird_run_1_wf.bold_fit_wf.enhance_and_skullstrip_bold_wf.skullstrip_first_pass" in "/work_dir/fmriprep_24_0_wf/sub_28_wf/bold_task_bird_run_1_wf/bold_fit_wf/enhance_and_skullstrip_bold_wf/skullstrip_first_pass".
250329-10:03:27,233 nipype.workflow INFO:
	 [Node] Executing "skullstrip_first_pass" <nipype.interfaces.fsl.preprocess.BET>
250329-10:03:27,317 nipype.workflow INFO:
	 [Node] Finished "first_dilate", elapsed time 1.361085s.
250329-10:03:27,363 nipype.interface WARNING:
	 Changing /output/sub-28/func/sub-28_task-bird_run-1_desc-coreg_boldref.nii.gz dtype from uint16 to float32
250329-10:03:27,769 nipype.workflow INFO:
	 [Node] Finished "skullstrip_first_pass", elapsed time 2.53891s.
250329-10:03:27,825 nipype.workflow INFO:
	 [Node] Setting-up "fmriprep_24_0_wf.sub_28_wf.bold_task_bird_run_2_wf.bold_fit_wf.enhance_and_skullstrip_bold_wf.skullstrip_first_pass" in "/work_dir/fmriprep_24_0_wf/sub_28_wf/bold_task_bird_run_2_wf/bold_fit_wf/enhance_and_skullstrip_bold_wf/skullstrip_first_pass".
250329-10:03:27,829 nipype.workflow INFO:
	 [Node] Executing "skullstrip_first_pass" <nipype.interfaces.fsl.preprocess.BET>
250329-10:03:27,905 nipype.interface WARNING:
	 Changing /output/sub-28/func/sub-28_task-bird_run-2_desc-coreg_boldref.nii.gz dtype from uint16 to float32
250329-10:03:28,404 nipype.workflow INFO:
	 [Node] Setting-up "fmriprep_24_0_wf.sub_28_wf.bold_task_bird_run_5_wf.bold_fit_wf.enhance_and_skullstrip_bold_wf.skullstrip_first_pass" in "/work_dir/fmriprep_24_0_wf/sub_28_wf/bold_task_bird_run_5_wf/bold_fit_wf/enhance_and_skullstrip_bold_wf/skullstrip_first_pass".
250329-10:03:28,407 nipype.workflow INFO:
	 [Node] Executing "skullstrip_first_pass" <nipype.interfaces.fsl.preprocess.BET>
250329-10:03:28,590 nipype.interface WARNING:
	 Changing /output/sub-28/func/sub-28_task-bird_run-5_desc-coreg_boldref.nii.gz dtype from uint16 to float32
250329-10:03:29,87 nipype.workflow INFO:
	 [Node] Setting-up "fmriprep_24_0_wf.sub_28_wf.bold_task_bird_run_4_wf.bold_fit_wf.ds_boldreg_wf.sources" in "/work_dir/fmriprep_24_0_wf/sub_28_wf/bold_task_bird_run_4_wf/bold_fit_wf/ds_boldreg_wf/sources".
250329-10:03:29,90 nipype.workflow INFO:
	 [Node] Executing "sources" <fmriprep.interfaces.bids.BIDSURI>
250329-10:03:29,91 nipype.workflow INFO:
	 [Node] Finished "sources", elapsed time 0.00026s.
250329-10:03:29,401 nipype.workflow INFO:
	 [Node] Setting-up "fmriprep_24_0_wf.sub_28_wf.bold_task_bird_run_1_wf.bold_fit_wf.ds_boldreg_wf.sources" in "/work_dir/fmriprep_24_0_wf/sub_28_wf/bold_task_bird_run_1_wf/bold_fit_wf/ds_boldreg_wf/sources".
250329-10:03:29,403 nipype.workflow INFO:
	 [Node] Setting-up "fmriprep_24_0_wf.sub_28_wf.bold_task_bird_run_2_wf.bold_fit_wf.ds_boldreg_wf.sources" in "/work_dir/fmriprep_24_0_wf/sub_28_wf/bold_task_bird_run_2_wf/bold_fit_wf/ds_boldreg_wf/sources".
250329-10:03:29,406 nipype.workflow INFO:
	 [Node] Executing "sources" <fmriprep.interfaces.bids.BIDSURI>
250329-10:03:29,407 nipype.workflow INFO:
	 [Node] Finished "sources", elapsed time 0.000279s.
250329-10:03:29,410 nipype.workflow INFO:
	 [Node] Setting-up "fmriprep_24_0_wf.sub_28_wf.bold_task_bird_run_5_wf.bold_fit_wf.ds_boldreg_wf.sources" in "/work_dir/fmriprep_24_0_wf/sub_28_wf/bold_task_bird_run_5_wf/bold_fit_wf/ds_boldreg_wf/sources".
250329-10:03:29,410 nipype.workflow INFO:
	 [Node] Executing "sources" <fmriprep.interfaces.bids.BIDSURI>
250329-10:03:29,411 nipype.workflow INFO:
	 [Node] Finished "sources", elapsed time 0.000266s.
250329-10:03:29,413 nipype.workflow INFO:
	 [Node] Executing "sources" <fmriprep.interfaces.bids.BIDSURI>
250329-10:03:29,414 nipype.workflow INFO:
	 [Node] Finished "sources", elapsed time 0.000246s.
250329-10:03:29,415 nipype.workflow INFO:
	 [Node] Setting-up "fmriprep_24_0_wf.sub_28_wf.bold_task_bird_run_4_wf.bold_fit_wf.enhance_and_skullstrip_bold_wf.first_dilate" in "/work_dir/fmriprep_24_0_wf/sub_28_wf/bold_task_bird_run_4_wf/bold_fit_wf/enhance_and_skullstrip_bold_wf/first_dilate".
250329-10:03:29,417 nipype.workflow INFO:
	 [Node] Executing "first_dilate" <niworkflows.interfaces.nibabel.BinaryDilation>
250329-10:03:29,701 nipype.workflow INFO:
	 [Node] Finished "skullstrip_first_pass", elapsed time 2.467781s.
250329-10:03:30,241 nipype.workflow INFO:
	 [Node] Finished "skullstrip_first_pass", elapsed time 2.411486s.
250329-10:03:30,253 nipype.workflow INFO:
	 [Node] Finished "first_dilate", elapsed time 0.834922s.
250329-10:03:31,2 nipype.workflow INFO:
	 [Node] Finished "skullstrip_first_pass", elapsed time 2.594052s.
250329-10:03:31,331 nipype.workflow INFO:
	 [Node] Setting-up "fmriprep_24_0_wf.sub_28_wf.bold_task_bird_run_1_wf.bold_fit_wf.enhance_and_skullstrip_bold_wf.first_dilate" in "/work_dir/fmriprep_24_0_wf/sub_28_wf/bold_task_bird_run_1_wf/bold_fit_wf/enhance_and_skullstrip_bold_wf/first_dilate".
250329-10:03:31,335 nipype.workflow INFO:
	 [Node] Executing "first_dilate" <niworkflows.interfaces.nibabel.BinaryDilation>
250329-10:03:31,340 nipype.workflow INFO:
	 [Node] Setting-up "fmriprep_24_0_wf.sub_28_wf.bold_task_bird_run_2_wf.bold_fit_wf.enhance_and_skullstrip_bold_wf.first_dilate" in "/work_dir/fmriprep_24_0_wf/sub_28_wf/bold_task_bird_run_2_wf/bold_fit_wf/enhance_and_skullstrip_bold_wf/first_dilate".
250329-10:03:31,342 nipype.workflow INFO:
	 [Node] Executing "first_dilate" <niworkflows.interfaces.nibabel.BinaryDilation>
250329-10:03:31,343 nipype.workflow INFO:
	 [Node] Setting-up "fmriprep_24_0_wf.sub_28_wf.bold_task_bird_run_5_wf.bold_fit_wf.enhance_and_skullstrip_bold_wf.first_dilate" in "/work_dir/fmriprep_24_0_wf/sub_28_wf/bold_task_bird_run_5_wf/bold_fit_wf/enhance_and_skullstrip_bold_wf/first_dilate".
250329-10:03:31,351 nipype.workflow INFO:
	 [Node] Setting-up "fmriprep_24_0_wf.sub_28_wf.bold_task_bird_run_3_wf.bold_fit_wf.enhance_and_skullstrip_bold_wf.first_mask" in "/work_dir/fmriprep_24_0_wf/sub_28_wf/bold_task_bird_run_3_wf/bold_fit_wf/enhance_and_skullstrip_bold_wf/first_mask".
250329-10:03:31,354 nipype.workflow INFO:
	 [Node] Executing "first_mask" <niworkflows.interfaces.nibabel.ApplyMask>
250329-10:03:31,368 nipype.workflow INFO:
	 [Node] Setting-up "fmriprep_24_0_wf.sub_28_wf.bold_task_bird_run_4_wf.bold_fit_wf.enhance_and_skullstrip_bold_wf.first_mask" in "/work_dir/fmriprep_24_0_wf/sub_28_wf/bold_task_bird_run_4_wf/bold_fit_wf/enhance_and_skullstrip_bold_wf/first_mask".
250329-10:03:31,518 nipype.workflow INFO:
	 [Node] Finished "first_mask", elapsed time 0.162852s.
250329-10:03:31,544 nipype.workflow INFO:
	 [Node] Executing "first_mask" <niworkflows.interfaces.nibabel.ApplyMask>
250329-10:03:31,567 nipype.workflow INFO:
	 [Node] Executing "first_dilate" <niworkflows.interfaces.nibabel.BinaryDilation>
250329-10:03:31,740 nipype.workflow INFO:
	 [Node] Finished "first_mask", elapsed time 0.195444s.
250329-10:03:32,193 nipype.workflow INFO:
	 [Node] Finished "first_dilate", elapsed time 0.850491s.
250329-10:03:32,298 nipype.workflow INFO:
	 [Node] Finished "first_dilate", elapsed time 0.962055s.
250329-10:03:32,646 nipype.workflow INFO:
	 [Node] Finished "first_dilate", elapsed time 1.078267s.
250329-10:03:35,530 nipype.workflow INFO:
	 [Node] Setting-up "fmriprep_24_0_wf.sub_28_wf.bold_task_bird_run_1_wf.bold_native_wf.boldref_bold" in "/work_dir/fmriprep_24_0_wf/sub_28_wf/bold_task_bird_run_1_wf/bold_native_wf/boldref_bold".
250329-10:03:35,547 nipype.workflow INFO:
	 [Node] Executing "boldref_bold" <fmriprep.interfaces.resampling.ResampleSeries>
250329-10:03:47,626 nipype.workflow INFO:
	 [Node] Finished "init_aff", elapsed time 107.780221s.
250329-10:03:49,342 nipype.workflow INFO:
	 [Node] Setting-up "fmriprep_24_0_wf.sub_28_wf.bold_task_bird_run_6_wf.bold_fit_wf.enhance_and_skullstrip_bold_wf.norm" in "/work_dir/fmriprep_24_0_wf/sub_28_wf/bold_task_bird_run_6_wf/bold_fit_wf/enhance_and_skullstrip_bold_wf/norm".
250329-10:03:49,348 nipype.workflow INFO:
	 [Node] Executing "norm" <niworkflows.interfaces.fixes.FixHeaderRegistration>
250329-10:03:53,143 nipype.workflow INFO:
	 [Node] Finished "norm", elapsed time 3.793816s.
250329-10:03:55,624 nipype.workflow INFO:
	 [Node] Setting-up "fmriprep_24_0_wf.sub_28_wf.bold_task_bird_run_6_wf.bold_fit_wf.enhance_and_skullstrip_bold_wf.map_brainmask" in "/work_dir/fmriprep_24_0_wf/sub_28_wf/bold_task_bird_run_6_wf/bold_fit_wf/enhance_and_skullstrip_bold_wf/map_brainmask".
250329-10:03:55,628 nipype.workflow INFO:
	 [Node] Executing "map_brainmask" <niworkflows.interfaces.fixes.FixHeaderApplyTransforms>
250329-10:03:55,629 nipype.workflow INFO:
	 [Node] Setting-up "fmriprep_24_0_wf.sub_28_wf.bold_task_bird_run_3_wf.bold_fit_wf.enhance_and_skullstrip_bold_wf.unifize" in "/work_dir/fmriprep_24_0_wf/sub_28_wf/bold_task_bird_run_3_wf/bold_fit_wf/enhance_and_skullstrip_bold_wf/unifize".
250329-10:03:55,629 nipype.workflow INFO:
	 [Node] Setting-up "fmriprep_24_0_wf.sub_28_wf.bold_task_bird_run_4_wf.bold_fit_wf.enhance_and_skullstrip_bold_wf.unifize" in "/work_dir/fmriprep_24_0_wf/sub_28_wf/bold_task_bird_run_4_wf/bold_fit_wf/enhance_and_skullstrip_bold_wf/unifize".
250329-10:03:55,630 nipype.workflow INFO:
	 [Node] Setting-up "fmriprep_24_0_wf.sub_28_wf.bold_task_bird_run_1_wf.bold_fit_wf.enhance_and_skullstrip_bold_wf.first_mask" in "/work_dir/fmriprep_24_0_wf/sub_28_wf/bold_task_bird_run_1_wf/bold_fit_wf/enhance_and_skullstrip_bold_wf/first_mask".
250329-10:03:55,631 nipype.workflow INFO:
	 [Node] Setting-up "fmriprep_24_0_wf.sub_28_wf.bold_task_bird_run_2_wf.bold_fit_wf.enhance_and_skullstrip_bold_wf.first_mask" in "/work_dir/fmriprep_24_0_wf/sub_28_wf/bold_task_bird_run_2_wf/bold_fit_wf/enhance_and_skullstrip_bold_wf/first_mask".
250329-10:03:55,634 nipype.workflow INFO:
	 [Node] Executing "first_mask" <niworkflows.interfaces.nibabel.ApplyMask>
250329-10:03:55,635 nipype.workflow INFO:
	 [Node] Setting-up "fmriprep_24_0_wf.sub_28_wf.bold_task_bird_run_5_wf.bold_fit_wf.enhance_and_skullstrip_bold_wf.first_mask" in "/work_dir/fmriprep_24_0_wf/sub_28_wf/bold_task_bird_run_5_wf/bold_fit_wf/enhance_and_skullstrip_bold_wf/first_mask".
250329-10:03:55,638 nipype.workflow INFO:
	 [Node] Executing "first_mask" <niworkflows.interfaces.nibabel.ApplyMask>
250329-10:03:55,643 nipype.workflow INFO:
	 [Node] Executing "unifize" <nipype.interfaces.afni.utils.Unifize>
250329-10:03:55,643 nipype.workflow INFO:
	 [Node] Executing "unifize" <nipype.interfaces.afni.utils.Unifize>
250329-10:03:55,811 nipype.workflow INFO:
	 [Node] Executing "first_mask" <niworkflows.interfaces.nibabel.ApplyMask>
250329-10:03:55,830 nipype.workflow INFO:
	 [Node] Finished "first_mask", elapsed time 0.191411s.
250329-10:03:55,999 nipype.workflow INFO:
	 [Node] Finished "first_mask", elapsed time 0.364261s.
250329-10:03:56,15 nipype.workflow INFO:
	 [Node] Finished "first_mask", elapsed time 0.202875s.
250329-10:03:57,0 nipype.workflow INFO:
	 [Node] Finished "map_brainmask", elapsed time 1.370618s.
250329-10:03:58,66 nipype.workflow INFO:
	 [Node] Setting-up "fmriprep_24_0_wf.sub_28_wf.bold_task_bird_run_5_wf.bold_fit_wf.enhance_and_skullstrip_bold_wf.unifize" in "/work_dir/fmriprep_24_0_wf/sub_28_wf/bold_task_bird_run_5_wf/bold_fit_wf/enhance_and_skullstrip_bold_wf/unifize".
250329-10:03:58,70 nipype.workflow INFO:
	 [Node] Executing "unifize" <nipype.interfaces.afni.utils.Unifize>
250329-10:03:58,138 nipype.workflow INFO:
	 [Node] Setting-up "fmriprep_24_0_wf.sub_28_wf.bold_task_bird_run_1_wf.bold_fit_wf.enhance_and_skullstrip_bold_wf.unifize" in "/work_dir/fmriprep_24_0_wf/sub_28_wf/bold_task_bird_run_1_wf/bold_fit_wf/enhance_and_skullstrip_bold_wf/unifize".
250329-10:03:58,150 nipype.workflow INFO:
	 [Node] Setting-up "fmriprep_24_0_wf.sub_28_wf.bold_task_bird_run_2_wf.bold_fit_wf.enhance_and_skullstrip_bold_wf.unifize" in "/work_dir/fmriprep_24_0_wf/sub_28_wf/bold_task_bird_run_2_wf/bold_fit_wf/enhance_and_skullstrip_bold_wf/unifize".
250329-10:03:58,171 nipype.workflow INFO:
	 [Node] Executing "unifize" <nipype.interfaces.afni.utils.Unifize>
250329-10:03:58,171 nipype.workflow INFO:
	 [Node] Executing "unifize" <nipype.interfaces.afni.utils.Unifize>
250329-10:03:59,439 nipype.workflow INFO:
	 [Node] Setting-up "fmriprep_24_0_wf.sub_28_wf.bold_task_bird_run_6_wf.bold_fit_wf.enhance_and_skullstrip_bold_wf.n4_correct" in "/work_dir/fmriprep_24_0_wf/sub_28_wf/bold_task_bird_run_6_wf/bold_fit_wf/enhance_and_skullstrip_bold_wf/n4_correct".
250329-10:03:59,443 nipype.workflow INFO:
	 [Node] Executing "n4_correct" <niworkflows.interfaces.fixes.FixN4BiasFieldCorrection>
250329-10:04:07,961 nipype.workflow INFO:
	 [Node] Finished "n4_correct", elapsed time 8.517793s.
250329-10:04:09,565 nipype.workflow INFO:
	 [Node] Setting-up "fmriprep_24_0_wf.sub_28_wf.bold_task_bird_run_6_wf.bold_fit_wf.enhance_and_skullstrip_bold_wf.skullstrip_first_pass" in "/work_dir/fmriprep_24_0_wf/sub_28_wf/bold_task_bird_run_6_wf/bold_fit_wf/enhance_and_skullstrip_bold_wf/skullstrip_first_pass".
250329-10:04:09,568 nipype.workflow INFO:
	 [Node] Executing "skullstrip_first_pass" <nipype.interfaces.fsl.preprocess.BET>
250329-10:04:09,669 nipype.interface WARNING:
	 Changing /output/sub-28/func/sub-28_task-bird_run-6_desc-coreg_boldref.nii.gz dtype from uint16 to float32
250329-10:04:11,423 nipype.workflow INFO:
	 [Node] Setting-up "fmriprep_24_0_wf.sub_28_wf.bold_task_bird_run_6_wf.bold_fit_wf.ds_boldreg_wf.sources" in "/work_dir/fmriprep_24_0_wf/sub_28_wf/bold_task_bird_run_6_wf/bold_fit_wf/ds_boldreg_wf/sources".
250329-10:04:11,426 nipype.workflow INFO:
	 [Node] Executing "sources" <fmriprep.interfaces.bids.BIDSURI>
250329-10:04:11,427 nipype.workflow INFO:
	 [Node] Finished "sources", elapsed time 0.000252s.
250329-10:04:12,369 nipype.workflow INFO:
	 [Node] Finished "skullstrip_first_pass", elapsed time 2.799799s.
250329-10:04:13,443 nipype.workflow INFO:
	 [Node] Setting-up "fmriprep_24_0_wf.sub_28_wf.bold_task_bird_run_6_wf.bold_fit_wf.enhance_and_skullstrip_bold_wf.first_dilate" in "/work_dir/fmriprep_24_0_wf/sub_28_wf/bold_task_bird_run_6_wf/bold_fit_wf/enhance_and_skullstrip_bold_wf/first_dilate".
250329-10:04:13,446 nipype.workflow INFO:
	 [Node] Executing "first_dilate" <niworkflows.interfaces.nibabel.BinaryDilation>
250329-10:04:14,237 nipype.workflow INFO:
	 [Node] Finished "first_dilate", elapsed time 0.790362s.
250329-10:04:15,405 nipype.workflow INFO:
	 [Node] Setting-up "fmriprep_24_0_wf.sub_28_wf.bold_task_bird_run_6_wf.bold_fit_wf.enhance_and_skullstrip_bold_wf.first_mask" in "/work_dir/fmriprep_24_0_wf/sub_28_wf/bold_task_bird_run_6_wf/bold_fit_wf/enhance_and_skullstrip_bold_wf/first_mask".
250329-10:04:15,408 nipype.workflow INFO:
	 [Node] Executing "first_mask" <niworkflows.interfaces.nibabel.ApplyMask>
250329-10:04:15,598 nipype.workflow INFO:
	 [Node] Finished "first_mask", elapsed time 0.189643s.
250329-10:04:17,363 nipype.workflow INFO:
	 [Node] Setting-up "fmriprep_24_0_wf.sub_28_wf.bold_task_bird_run_6_wf.bold_fit_wf.enhance_and_skullstrip_bold_wf.unifize" in "/work_dir/fmriprep_24_0_wf/sub_28_wf/bold_task_bird_run_6_wf/bold_fit_wf/enhance_and_skullstrip_bold_wf/unifize".
250329-10:04:17,380 nipype.workflow INFO:
	 [Node] Executing "unifize" <nipype.interfaces.afni.utils.Unifize>
250329-10:04:38,447 nipype.workflow INFO:
	 [Node] Finished "_inu_n40", elapsed time 84.587226s.
250329-10:04:39,311 nipype.workflow INFO:
	 [Node] Setting-up "fmriprep_24_0_wf.sub_28_wf.anat_fit_wf.brain_extraction_wf.lap_target" in "/work_dir/fmriprep_24_0_wf/sub_28_wf/anat_fit_wf/brain_extraction_wf/lap_target".
250329-10:04:39,312 nipype.workflow INFO:
	 [Node] Setting-up "fmriprep_24_0_wf.sub_28_wf.anat_fit_wf.brain_extraction_wf.res_target" in "/work_dir/fmriprep_24_0_wf/sub_28_wf/anat_fit_wf/brain_extraction_wf/res_target".
250329-10:04:39,314 nipype.workflow INFO:
	 [Node] Executing "res_target" <niworkflows.interfaces.nibabel.RegridToZooms>
250329-10:04:39,314 nipype.workflow INFO:
	 [Node] Executing "lap_target" <nipype.interfaces.ants.utils.ImageMath>
250329-10:04:39,767 nipype.workflow INFO:
	 [Node] Setting-up "fmriprep_24_0_wf.sub_28_wf.bold_task_bird_run_2_wf.bold_native_wf.boldref_bold" in "/work_dir/fmriprep_24_0_wf/sub_28_wf/bold_task_bird_run_2_wf/bold_native_wf/boldref_bold".
250329-10:04:39,778 nipype.workflow INFO:
	 [Node] Executing "boldref_bold" <fmriprep.interfaces.resampling.ResampleSeries>
250329-10:04:41,755 nipype.workflow INFO:
	 [Node] Finished "res_target", elapsed time 2.440015s.
250329-10:04:42,948 nipype.workflow INFO:
	 [Node] Finished "boldref_bold", elapsed time 67.400087s.
250329-10:04:43,446 nipype.workflow INFO:
	 [Node] Setting-up "fmriprep_24_0_wf.sub_28_wf.anat_fit_wf.brain_extraction_wf.init_aff" in "/work_dir/fmriprep_24_0_wf/sub_28_wf/anat_fit_wf/brain_extraction_wf/init_aff".
250329-10:04:43,447 nipype.workflow INFO:
	 [Node] Setting-up "fmriprep_24_0_wf.sub_28_wf.bold_task_bird_run_1_wf.ds_bold_native_wf.ds_bold" in "/work_dir/fmriprep_24_0_wf/sub_28_wf/bold_task_bird_run_1_wf/ds_bold_native_wf/ds_bold".
250329-10:04:43,466 nipype.workflow INFO:
	 [Node] Executing "init_aff" <nipype.interfaces.ants.utils.AI>
250329-10:04:43,648 nipype.workflow INFO:
	 [Node] Executing "ds_bold" <fmriprep.interfaces.DerivativesDataSink>
250329-10:05:06,334 nipype.workflow INFO:
	 [Node] Finished "lap_target", elapsed time 26.38908s.
250329-10:05:07,715 nipype.workflow INFO:
	 [Node] Setting-up "fmriprep_24_0_wf.sub_28_wf.anat_fit_wf.brain_extraction_wf.mrg_target" in "/work_dir/fmriprep_24_0_wf/sub_28_wf/anat_fit_wf/brain_extraction_wf/mrg_target".
250329-10:05:07,719 nipype.workflow INFO:
	 [Node] Executing "mrg_target" <nipype.interfaces.utility.base.Merge>
250329-10:05:07,720 nipype.workflow INFO:
	 [Node] Finished "mrg_target", elapsed time 0.000246s.
250329-10:05:56,595 nipype.workflow INFO:
	 [Node] Finished "init_aff", elapsed time 72.651463s.
250329-10:05:59,348 nipype.workflow INFO:
	 [Node] Finished "ds_bold", elapsed time 75.699019s.
250329-10:06:00,457 nipype.workflow INFO:
	 [Node] Setting-up "fmriprep_24_0_wf.sub_28_wf.bold_task_bird_run_3_wf.bold_native_wf.boldref_bold" in "/work_dir/fmriprep_24_0_wf/sub_28_wf/bold_task_bird_run_3_wf/bold_native_wf/boldref_bold".
250329-10:06:00,461 nipype.workflow INFO:
	 [Node] Executing "boldref_bold" <fmriprep.interfaces.resampling.ResampleSeries>
250329-10:06:09,282 nipype.workflow INFO:
	 [Node] Finished "boldref_bold", elapsed time 89.502547s.
250329-10:06:11,466 nipype.workflow INFO:
	 [Node] Setting-up "fmriprep_24_0_wf.sub_28_wf.bold_task_bird_run_2_wf.ds_bold_native_wf.ds_bold" in "/work_dir/fmriprep_24_0_wf/sub_28_wf/bold_task_bird_run_2_wf/ds_bold_native_wf/ds_bold".
250329-10:06:11,571 nipype.workflow INFO:
	 [Node] Setting-up "fmriprep_24_0_wf.sub_28_wf.bold_task_bird_run_4_wf.bold_native_wf.boldref_bold" in "/work_dir/fmriprep_24_0_wf/sub_28_wf/bold_task_bird_run_4_wf/bold_native_wf/boldref_bold".
250329-10:06:11,580 nipype.workflow INFO:
	 [Node] Executing "boldref_bold" <fmriprep.interfaces.resampling.ResampleSeries>
250329-10:06:12,37 nipype.workflow INFO:
	 [Node] Executing "ds_bold" <fmriprep.interfaces.DerivativesDataSink>
250329-10:07:22,628 nipype.workflow INFO:
	 [Node] Finished "ds_bold", elapsed time 70.590122s.
250329-10:07:26,222 nipype.workflow INFO:
	 [Node] Finished "boldref_bold", elapsed time 74.640239s.
250329-10:07:27,383 nipype.workflow INFO:
	 [Node] Setting-up "fmriprep_24_0_wf.sub_28_wf.bold_task_bird_run_4_wf.ds_bold_native_wf.ds_bold" in "/work_dir/fmriprep_24_0_wf/sub_28_wf/bold_task_bird_run_4_wf/ds_bold_native_wf/ds_bold".
250329-10:07:27,449 nipype.workflow INFO:
	 [Node] Executing "ds_bold" <fmriprep.interfaces.DerivativesDataSink>
250329-10:07:27,532 nipype.workflow INFO:
	 [Node] Setting-up "fmriprep_24_0_wf.sub_28_wf.bold_task_bird_run_5_wf.bold_native_wf.boldref_bold" in "/work_dir/fmriprep_24_0_wf/sub_28_wf/bold_task_bird_run_5_wf/bold_native_wf/boldref_bold".
250329-10:07:27,536 nipype.workflow INFO:
	 [Node] Executing "boldref_bold" <fmriprep.interfaces.resampling.ResampleSeries>
250329-10:07:34,73 nipype.workflow INFO:
	 [Node] Finished "boldref_bold", elapsed time 93.610538s.
250329-10:07:35,451 nipype.workflow INFO:
	 [Node] Setting-up "fmriprep_24_0_wf.sub_28_wf.bold_task_bird_run_3_wf.ds_bold_native_wf.ds_bold" in "/work_dir/fmriprep_24_0_wf/sub_28_wf/bold_task_bird_run_3_wf/ds_bold_native_wf/ds_bold".
250329-10:07:35,713 nipype.workflow INFO:
	 [Node] Setting-up "fmriprep_24_0_wf.sub_28_wf.bold_task_bird_run_6_wf.bold_native_wf.boldref_bold" in "/work_dir/fmriprep_24_0_wf/sub_28_wf/bold_task_bird_run_6_wf/bold_native_wf/boldref_bold".
250329-10:07:35,725 nipype.workflow INFO:
	 [Node] Executing "boldref_bold" <fmriprep.interfaces.resampling.ResampleSeries>
250329-10:07:35,965 nipype.workflow INFO:
	 [Node] Executing "ds_bold" <fmriprep.interfaces.DerivativesDataSink>
250329-10:08:50,655 nipype.workflow INFO:
	 [Node] Finished "boldref_bold", elapsed time 83.117223s.
250329-10:08:50,813 nipype.workflow INFO:
	 [Node] Finished "ds_bold", elapsed time 74.847573s.
250329-10:08:51,451 nipype.workflow INFO:
	 [Node] Setting-up "fmriprep_24_0_wf.sub_28_wf.anat_fit_wf.brain_extraction_wf.norm" in "/work_dir/fmriprep_24_0_wf/sub_28_wf/anat_fit_wf/brain_extraction_wf/norm".
250329-10:08:51,452 nipype.workflow INFO:
	 [Node] Setting-up "fmriprep_24_0_wf.sub_28_wf.bold_task_bird_run_5_wf.ds_bold_native_wf.ds_bold" in "/work_dir/fmriprep_24_0_wf/sub_28_wf/bold_task_bird_run_5_wf/ds_bold_native_wf/ds_bold".
250329-10:08:51,510 nipype.workflow INFO:
	 [Node] Executing "norm" <niworkflows.interfaces.fixes.FixHeaderRegistration>
250329-10:08:51,939 nipype.workflow INFO:
	 [Node] Executing "ds_bold" <fmriprep.interfaces.DerivativesDataSink>
250329-10:08:54,665 nipype.workflow INFO:
	 [Node] Finished "ds_bold", elapsed time 87.193488s.
250329-10:09:11,63 nipype.workflow INFO:
	 [Node] Finished "boldref_bold", elapsed time 95.336979s.
250329-10:09:15,275 nipype.workflow INFO:
	 [Node] Setting-up "fmriprep_24_0_wf.sub_28_wf.bold_task_bird_run_6_wf.ds_bold_native_wf.ds_bold" in "/work_dir/fmriprep_24_0_wf/sub_28_wf/bold_task_bird_run_6_wf/ds_bold_native_wf/ds_bold".
250329-10:09:16,93 nipype.workflow INFO:
	 [Node] Executing "ds_bold" <fmriprep.interfaces.DerivativesDataSink>
250329-10:10:08,728 nipype.workflow INFO:
	 [Node] Finished "ds_bold", elapsed time 76.788078s.
250329-10:10:32,474 nipype.workflow INFO:
	 [Node] Finished "ds_bold", elapsed time 76.380007s.
250329-10:13:49,309 nipype.workflow INFO:
	 [Node] Finished "unifize", elapsed time 591.237984s.
250329-10:13:51,687 nipype.workflow INFO:
	 [Node] Setting-up "fmriprep_24_0_wf.sub_28_wf.bold_task_bird_run_5_wf.bold_fit_wf.enhance_and_skullstrip_bold_wf.fixhdr_unifize" in "/work_dir/fmriprep_24_0_wf/sub_28_wf/bold_task_bird_run_5_wf/bold_fit_wf/enhance_and_skullstrip_bold_wf/fixhdr_unifize".
250329-10:13:51,767 nipype.workflow INFO:
	 [Node] Executing "fixhdr_unifize" <niworkflows.interfaces.header.CopyXForm>
250329-10:13:51,911 nipype.workflow INFO:
	 [Node] Finished "fixhdr_unifize", elapsed time 0.143435s.
250329-10:13:53,486 nipype.workflow INFO:
	 [Node] Setting-up "fmriprep_24_0_wf.sub_28_wf.bold_task_bird_run_5_wf.bold_fit_wf.enhance_and_skullstrip_bold_wf.skullstrip_second_pass" in "/work_dir/fmriprep_24_0_wf/sub_28_wf/bold_task_bird_run_5_wf/bold_fit_wf/enhance_and_skullstrip_bold_wf/skullstrip_second_pass".
250329-10:13:53,489 nipype.workflow INFO:
	 [Node] Executing "skullstrip_second_pass" <nipype.interfaces.afni.preprocess.Automask>
250329-10:13:54,623 nipype.workflow INFO:
	 [Node] Finished "skullstrip_second_pass", elapsed time 1.132369s.
250329-10:13:55,513 nipype.workflow INFO:
	 [Node] Setting-up "fmriprep_24_0_wf.sub_28_wf.bold_task_bird_run_5_wf.bold_fit_wf.enhance_and_skullstrip_bold_wf.fixhdr_skullstrip2" in "/work_dir/fmriprep_24_0_wf/sub_28_wf/bold_task_bird_run_5_wf/bold_fit_wf/enhance_and_skullstrip_bold_wf/fixhdr_skullstrip2".
250329-10:13:55,516 nipype.workflow INFO:
	 [Node] Executing "fixhdr_skullstrip2" <niworkflows.interfaces.header.CopyXForm>
250329-10:13:55,575 nipype.workflow INFO:
	 [Node] Finished "fixhdr_skullstrip2", elapsed time 0.057476s.
250329-10:13:56,336 nipype.workflow INFO:
	 [Node] Finished "unifize", elapsed time 600.692202s.
250329-10:13:57,448 nipype.workflow INFO:
	 [Node] Setting-up "fmriprep_24_0_wf.sub_28_wf.bold_task_bird_run_4_wf.bold_fit_wf.enhance_and_skullstrip_bold_wf.fixhdr_unifize" in "/work_dir/fmriprep_24_0_wf/sub_28_wf/bold_task_bird_run_4_wf/bold_fit_wf/enhance_and_skullstrip_bold_wf/fixhdr_unifize".
250329-10:13:57,451 nipype.workflow INFO:
	 [Node] Executing "fixhdr_unifize" <niworkflows.interfaces.header.CopyXForm>
250329-10:13:57,461 nipype.workflow INFO:
	 [Node] Setting-up "fmriprep_24_0_wf.sub_28_wf.bold_task_bird_run_5_wf.bold_fit_wf.enhance_and_skullstrip_bold_wf.combine_masks" in "/work_dir/fmriprep_24_0_wf/sub_28_wf/bold_task_bird_run_5_wf/bold_fit_wf/enhance_and_skullstrip_bold_wf/combine_masks".
250329-10:13:57,465 nipype.workflow INFO:
	 [Node] Executing "combine_masks" <nipype.interfaces.fsl.maths.BinaryMaths>
250329-10:13:57,573 nipype.workflow INFO:
	 [Node] Finished "fixhdr_unifize", elapsed time 0.121621s.
250329-10:13:57,702 nipype.workflow INFO:
	 [Node] Finished "combine_masks", elapsed time 0.236317s.
250329-10:13:59,346 nipype.workflow INFO:
	 [Node] Setting-up "fmriprep_24_0_wf.sub_28_wf.bold_task_bird_run_5_wf.bold_fit_wf.enhance_and_skullstrip_bold_wf.apply_mask" in "/work_dir/fmriprep_24_0_wf/sub_28_wf/bold_task_bird_run_5_wf/bold_fit_wf/enhance_and_skullstrip_bold_wf/apply_mask".
250329-10:13:59,349 nipype.workflow INFO:
	 [Node] Executing "apply_mask" <niworkflows.interfaces.nibabel.ApplyMask>
250329-10:13:59,404 nipype.interface WARNING:
	 Changing /output/sub-28/func/sub-28_task-bird_run-5_desc-brain_mask.nii.gz dtype from float32 to uint8
250329-10:13:59,430 nipype.workflow INFO:
	 [Node] Setting-up "fmriprep_24_0_wf.sub_28_wf.bold_task_bird_run_4_wf.bold_fit_wf.enhance_and_skullstrip_bold_wf.skullstrip_second_pass" in "/work_dir/fmriprep_24_0_wf/sub_28_wf/bold_task_bird_run_4_wf/bold_fit_wf/enhance_and_skullstrip_bold_wf/skullstrip_second_pass".
250329-10:13:59,457 nipype.workflow INFO:
	 [Node] Executing "skullstrip_second_pass" <nipype.interfaces.afni.preprocess.Automask>
250329-10:13:59,511 nipype.workflow INFO:
	 [Node] Finished "apply_mask", elapsed time 0.161064s.
250329-10:14:00,276 nipype.workflow INFO:
	 [Node] Finished "skullstrip_second_pass", elapsed time 0.818045s.
250329-10:14:00,404 nipype.workflow INFO:
	 [Node] Finished "unifize", elapsed time 602.232609s.
250329-10:14:01,335 nipype.workflow INFO:
	 [Node] Setting-up "fmriprep_24_0_wf.sub_28_wf.bold_task_bird_run_1_wf.bold_fit_wf.enhance_and_skullstrip_bold_wf.fixhdr_unifize" in "/work_dir/fmriprep_24_0_wf/sub_28_wf/bold_task_bird_run_1_wf/bold_fit_wf/enhance_and_skullstrip_bold_wf/fixhdr_unifize".
250329-10:14:01,338 nipype.workflow INFO:
	 [Node] Executing "fixhdr_unifize" <niworkflows.interfaces.header.CopyXForm>
250329-10:14:01,342 nipype.workflow INFO:
	 [Node] Setting-up "fmriprep_24_0_wf.sub_28_wf.bold_task_bird_run_4_wf.bold_fit_wf.enhance_and_skullstrip_bold_wf.fixhdr_skullstrip2" in "/work_dir/fmriprep_24_0_wf/sub_28_wf/bold_task_bird_run_4_wf/bold_fit_wf/enhance_and_skullstrip_bold_wf/fixhdr_skullstrip2".
250329-10:14:01,344 nipype.workflow INFO:
	 [Node] Setting-up "fmriprep_24_0_wf.sub_28_wf.bold_task_bird_run_5_wf.bold_confounds_wf.dvars" in "/work_dir/fmriprep_24_0_wf/sub_28_wf/bold_task_bird_run_5_wf/bold_confounds_wf/dvars".
250329-10:14:01,345 nipype.workflow INFO:
	 [Node] Setting-up "fmriprep_24_0_wf.sub_28_wf.bold_task_bird_run_5_wf.bold_confounds_wf.tcompcor" in "/work_dir/fmriprep_24_0_wf/sub_28_wf/bold_task_bird_run_5_wf/bold_confounds_wf/tcompcor".
250329-10:14:01,345 nipype.workflow INFO:
	 [Node] Executing "fixhdr_skullstrip2" <niworkflows.interfaces.header.CopyXForm>
250329-10:14:01,348 nipype.workflow INFO:
	 [Node] Executing "dvars" <nipype.algorithms.confounds.ComputeDVARS>
250329-10:14:01,411 nipype.workflow INFO:
	 [Node] Executing "tcompcor" <niworkflows.interfaces.patches.RobustTCompCor>
250329-10:14:01,468 nipype.workflow INFO:
	 [Node] Finished "fixhdr_skullstrip2", elapsed time 0.122234s.
250329-10:14:01,624 nipype.workflow INFO:
	 [Node] Finished "fixhdr_unifize", elapsed time 0.285231s.
250329-10:14:03,726 nipype.workflow INFO:
	 [Node] Setting-up "fmriprep_24_0_wf.sub_28_wf.bold_task_bird_run_1_wf.bold_fit_wf.enhance_and_skullstrip_bold_wf.skullstrip_second_pass" in "/work_dir/fmriprep_24_0_wf/sub_28_wf/bold_task_bird_run_1_wf/bold_fit_wf/enhance_and_skullstrip_bold_wf/skullstrip_second_pass".
250329-10:14:03,729 nipype.workflow INFO:
	 [Node] Executing "skullstrip_second_pass" <nipype.interfaces.afni.preprocess.Automask>
250329-10:14:03,739 nipype.workflow INFO:
	 [Node] Setting-up "fmriprep_24_0_wf.sub_28_wf.bold_task_bird_run_4_wf.bold_fit_wf.enhance_and_skullstrip_bold_wf.combine_masks" in "/work_dir/fmriprep_24_0_wf/sub_28_wf/bold_task_bird_run_4_wf/bold_fit_wf/enhance_and_skullstrip_bold_wf/combine_masks".
250329-10:14:03,743 nipype.workflow INFO:
	 [Node] Executing "combine_masks" <nipype.interfaces.fsl.maths.BinaryMaths>
250329-10:14:04,88 nipype.workflow INFO:
	 [Node] Finished "combine_masks", elapsed time 0.344065s.
250329-10:14:04,536 nipype.workflow INFO:
	 [Node] Finished "skullstrip_second_pass", elapsed time 0.805856s.
250329-10:14:05,570 nipype.workflow INFO:
	 [Node] Setting-up "fmriprep_24_0_wf.sub_28_wf.bold_task_bird_run_1_wf.bold_fit_wf.enhance_and_skullstrip_bold_wf.fixhdr_skullstrip2" in "/work_dir/fmriprep_24_0_wf/sub_28_wf/bold_task_bird_run_1_wf/bold_fit_wf/enhance_and_skullstrip_bold_wf/fixhdr_skullstrip2".
250329-10:14:05,573 nipype.workflow INFO:
	 [Node] Executing "fixhdr_skullstrip2" <niworkflows.interfaces.header.CopyXForm>
250329-10:14:05,576 nipype.workflow INFO:
	 [Node] Setting-up "fmriprep_24_0_wf.sub_28_wf.bold_task_bird_run_4_wf.bold_fit_wf.enhance_and_skullstrip_bold_wf.apply_mask" in "/work_dir/fmriprep_24_0_wf/sub_28_wf/bold_task_bird_run_4_wf/bold_fit_wf/enhance_and_skullstrip_bold_wf/apply_mask".
250329-10:14:05,654 nipype.workflow INFO:
	 [Node] Finished "fixhdr_skullstrip2", elapsed time 0.080044s.
250329-10:14:05,675 nipype.interface WARNING:
	 Changing /output/sub-28/func/sub-28_task-bird_run-4_desc-brain_mask.nii.gz dtype from float32 to uint8
250329-10:14:05,733 nipype.workflow INFO:
	 [Node] Executing "apply_mask" <niworkflows.interfaces.nibabel.ApplyMask>
250329-10:14:05,833 nipype.workflow INFO:
	 [Node] Finished "apply_mask", elapsed time 0.098542s.
250329-10:14:07,363 nipype.workflow INFO:
	 [Node] Setting-up "fmriprep_24_0_wf.sub_28_wf.bold_task_bird_run_1_wf.bold_fit_wf.enhance_and_skullstrip_bold_wf.combine_masks" in "/work_dir/fmriprep_24_0_wf/sub_28_wf/bold_task_bird_run_1_wf/bold_fit_wf/enhance_and_skullstrip_bold_wf/combine_masks".
250329-10:14:07,364 nipype.workflow INFO:
	 [Node] Setting-up "fmriprep_24_0_wf.sub_28_wf.bold_task_bird_run_4_wf.bold_confounds_wf.dvars" in "/work_dir/fmriprep_24_0_wf/sub_28_wf/bold_task_bird_run_4_wf/bold_confounds_wf/dvars".
250329-10:14:07,369 nipype.workflow INFO:
	 [Node] Executing "dvars" <nipype.algorithms.confounds.ComputeDVARS>
250329-10:14:07,369 nipype.workflow INFO:
	 [Node] Executing "combine_masks" <nipype.interfaces.fsl.maths.BinaryMaths>
250329-10:14:07,374 nipype.workflow INFO:
	 [Node] Setting-up "fmriprep_24_0_wf.sub_28_wf.bold_task_bird_run_4_wf.bold_confounds_wf.tcompcor" in "/work_dir/fmriprep_24_0_wf/sub_28_wf/bold_task_bird_run_4_wf/bold_confounds_wf/tcompcor".
250329-10:14:07,380 nipype.workflow INFO:
	 [Node] Executing "tcompcor" <niworkflows.interfaces.patches.RobustTCompCor>
250329-10:14:07,678 nipype.workflow INFO:
	 [Node] Finished "combine_masks", elapsed time 0.307968s.
250329-10:14:08,673 nipype.workflow INFO:
	 [Node] Finished "unifize", elapsed time 610.501182s.
250329-10:14:09,404 nipype.workflow INFO:
	 [Node] Setting-up "fmriprep_24_0_wf.sub_28_wf.bold_task_bird_run_2_wf.bold_fit_wf.enhance_and_skullstrip_bold_wf.fixhdr_unifize" in "/work_dir/fmriprep_24_0_wf/sub_28_wf/bold_task_bird_run_2_wf/bold_fit_wf/enhance_and_skullstrip_bold_wf/fixhdr_unifize".
250329-10:14:09,408 nipype.workflow INFO:
	 [Node] Executing "fixhdr_unifize" <niworkflows.interfaces.header.CopyXForm>
250329-10:14:09,411 nipype.workflow INFO:
	 [Node] Setting-up "fmriprep_24_0_wf.sub_28_wf.bold_task_bird_run_1_wf.bold_fit_wf.enhance_and_skullstrip_bold_wf.apply_mask" in "/work_dir/fmriprep_24_0_wf/sub_28_wf/bold_task_bird_run_1_wf/bold_fit_wf/enhance_and_skullstrip_bold_wf/apply_mask".
250329-10:14:09,517 nipype.interface WARNING:
	 Changing /output/sub-28/func/sub-28_task-bird_run-1_desc-brain_mask.nii.gz dtype from float32 to uint8
250329-10:14:09,585 nipype.workflow INFO:
	 [Node] Executing "apply_mask" <niworkflows.interfaces.nibabel.ApplyMask>
250329-10:14:09,698 nipype.workflow INFO:
	 [Node] Finished "fixhdr_unifize", elapsed time 0.289661s.
250329-10:14:09,791 nipype.workflow INFO:
	 [Node] Finished "apply_mask", elapsed time 0.205368s.
250329-10:14:11,622 nipype.workflow INFO:
	 [Node] Setting-up "fmriprep_24_0_wf.sub_28_wf.bold_task_bird_run_2_wf.bold_fit_wf.enhance_and_skullstrip_bold_wf.skullstrip_second_pass" in "/work_dir/fmriprep_24_0_wf/sub_28_wf/bold_task_bird_run_2_wf/bold_fit_wf/enhance_and_skullstrip_bold_wf/skullstrip_second_pass".
250329-10:14:11,625 nipype.workflow INFO:
	 [Node] Executing "skullstrip_second_pass" <nipype.interfaces.afni.preprocess.Automask>
250329-10:14:11,641 nipype.workflow INFO:
	 [Node] Setting-up "fmriprep_24_0_wf.sub_28_wf.bold_task_bird_run_1_wf.bold_confounds_wf.dvars" in "/work_dir/fmriprep_24_0_wf/sub_28_wf/bold_task_bird_run_1_wf/bold_confounds_wf/dvars".
250329-10:14:11,642 nipype.workflow INFO:
	 [Node] Setting-up "fmriprep_24_0_wf.sub_28_wf.bold_task_bird_run_1_wf.bold_confounds_wf.tcompcor" in "/work_dir/fmriprep_24_0_wf/sub_28_wf/bold_task_bird_run_1_wf/bold_confounds_wf/tcompcor".
250329-10:14:11,653 nipype.workflow INFO:
	 [Node] Executing "dvars" <nipype.algorithms.confounds.ComputeDVARS>
250329-10:14:11,657 nipype.workflow INFO:
	 [Node] Executing "tcompcor" <niworkflows.interfaces.patches.RobustTCompCor>
250329-10:14:12,684 nipype.workflow INFO:
	 [Node] Finished "skullstrip_second_pass", elapsed time 1.058018s.
250329-10:14:13,698 nipype.workflow INFO:
	 [Node] Setting-up "fmriprep_24_0_wf.sub_28_wf.bold_task_bird_run_2_wf.bold_fit_wf.enhance_and_skullstrip_bold_wf.fixhdr_skullstrip2" in "/work_dir/fmriprep_24_0_wf/sub_28_wf/bold_task_bird_run_2_wf/bold_fit_wf/enhance_and_skullstrip_bold_wf/fixhdr_skullstrip2".
250329-10:14:13,798 nipype.workflow INFO:
	 [Node] Executing "fixhdr_skullstrip2" <niworkflows.interfaces.header.CopyXForm>
250329-10:14:13,891 nipype.workflow INFO:
	 [Node] Finished "fixhdr_skullstrip2", elapsed time 0.091898s.
250329-10:14:14,288 nipype.workflow INFO:
	 [Node] Finished "tcompcor", elapsed time 12.875777s.
250329-10:14:15,517 nipype.workflow INFO:
	 [Node] Setting-up "fmriprep_24_0_wf.sub_28_wf.bold_task_bird_run_2_wf.bold_fit_wf.enhance_and_skullstrip_bold_wf.combine_masks" in "/work_dir/fmriprep_24_0_wf/sub_28_wf/bold_task_bird_run_2_wf/bold_fit_wf/enhance_and_skullstrip_bold_wf/combine_masks".
250329-10:14:15,521 nipype.workflow INFO:
	 [Node] Executing "combine_masks" <nipype.interfaces.fsl.maths.BinaryMaths>
250329-10:14:16,124 nipype.workflow INFO:
	 [Node] Finished "combine_masks", elapsed time 0.60176s.
250329-10:14:17,679 nipype.workflow INFO:
	 [Node] Setting-up "fmriprep_24_0_wf.sub_28_wf.bold_task_bird_run_5_wf.bold_confounds_wf.tcc_metadata_filter" in "/work_dir/fmriprep_24_0_wf/sub_28_wf/bold_task_bird_run_5_wf/bold_confounds_wf/tcc_metadata_filter".
250329-10:14:17,688 nipype.workflow INFO:
	 [Node] Setting-up "fmriprep_24_0_wf.sub_28_wf.bold_task_bird_run_2_wf.bold_fit_wf.enhance_and_skullstrip_bold_wf.apply_mask" in "/work_dir/fmriprep_24_0_wf/sub_28_wf/bold_task_bird_run_2_wf/bold_fit_wf/enhance_and_skullstrip_bold_wf/apply_mask".
250329-10:14:17,694 nipype.workflow INFO:
	 [Node] Executing "apply_mask" <niworkflows.interfaces.nibabel.ApplyMask>
250329-10:14:17,703 nipype.workflow INFO:
	 [Node] Executing "tcc_metadata_filter" <fmriprep.interfaces.confounds.FilterDropped>
250329-10:14:17,749 nipype.workflow INFO:
	 [Node] Finished "tcc_metadata_filter", elapsed time 0.044285s.
250329-10:14:17,806 nipype.interface WARNING:
	 Changing /output/sub-28/func/sub-28_task-bird_run-2_desc-brain_mask.nii.gz dtype from float32 to uint8
250329-10:14:17,923 nipype.workflow INFO:
	 [Node] Finished "apply_mask", elapsed time 0.228244s.
250329-10:14:19,668 nipype.workflow INFO:
	 [Node] Setting-up "fmriprep_24_0_wf.sub_28_wf.bold_task_bird_run_2_wf.bold_confounds_wf.dvars" in "/work_dir/fmriprep_24_0_wf/sub_28_wf/bold_task_bird_run_2_wf/bold_confounds_wf/dvars".
250329-10:14:19,693 nipype.workflow INFO:
	 [Node] Setting-up "fmriprep_24_0_wf.sub_28_wf.bold_task_bird_run_2_wf.bold_confounds_wf.tcompcor" in "/work_dir/fmriprep_24_0_wf/sub_28_wf/bold_task_bird_run_2_wf/bold_confounds_wf/tcompcor".
250329-10:14:19,699 nipype.workflow INFO:
	 [Node] Setting-up "fmriprep_24_0_wf.sub_28_wf.bold_task_bird_run_5_wf.bold_confounds_wf.tcc_metadata_fmt" in "/work_dir/fmriprep_24_0_wf/sub_28_wf/bold_task_bird_run_5_wf/bold_confounds_wf/tcc_metadata_fmt".
250329-10:14:19,709 nipype.workflow INFO:
	 [Node] Executing "tcc_metadata_fmt" <niworkflows.interfaces.utility.TSV2JSON>
250329-10:14:19,718 nipype.workflow INFO:
	 [Node] Finished "tcc_metadata_fmt", elapsed time 0.007901s.
250329-10:14:19,907 nipype.workflow INFO:
	 [Node] Executing "dvars" <nipype.algorithms.confounds.ComputeDVARS>
250329-10:14:20,194 nipype.workflow INFO:
	 [Node] Executing "tcompcor" <niworkflows.interfaces.patches.RobustTCompCor>
250329-10:14:21,394 nipype.workflow INFO:
	 [Node] Finished "tcompcor", elapsed time 14.01288s.
250329-10:14:22,487 nipype.workflow INFO:
	 [Node] Finished "unifize", elapsed time 605.10599s.
250329-10:14:22,589 nipype.workflow INFO:
	 [Node] Finished "unifize", elapsed time 626.944766s.
250329-10:14:23,404 nipype.workflow INFO:
	 [Node] Setting-up "fmriprep_24_0_wf.sub_28_wf.bold_task_bird_run_3_wf.bold_fit_wf.enhance_and_skullstrip_bold_wf.fixhdr_unifize" in "/work_dir/fmriprep_24_0_wf/sub_28_wf/bold_task_bird_run_3_wf/bold_fit_wf/enhance_and_skullstrip_bold_wf/fixhdr_unifize".
250329-10:14:23,405 nipype.workflow INFO:
	 [Node] Setting-up "fmriprep_24_0_wf.sub_28_wf.bold_task_bird_run_6_wf.bold_fit_wf.enhance_and_skullstrip_bold_wf.fixhdr_unifize" in "/work_dir/fmriprep_24_0_wf/sub_28_wf/bold_task_bird_run_6_wf/bold_fit_wf/enhance_and_skullstrip_bold_wf/fixhdr_unifize".
250329-10:14:23,407 nipype.workflow INFO:
	 [Node] Executing "fixhdr_unifize" <niworkflows.interfaces.header.CopyXForm>
250329-10:14:23,408 nipype.workflow INFO:
	 [Node] Executing "fixhdr_unifize" <niworkflows.interfaces.header.CopyXForm>
250329-10:14:23,592 nipype.workflow INFO:
	 [Node] Finished "fixhdr_unifize", elapsed time 0.184728s.
250329-10:14:23,627 nipype.workflow INFO:
	 [Node] Finished "fixhdr_unifize", elapsed time 0.218377s.
250329-10:14:25,433 nipype.workflow INFO:
	 [Node] Setting-up "fmriprep_24_0_wf.sub_28_wf.bold_task_bird_run_4_wf.bold_confounds_wf.tcc_metadata_filter" in "/work_dir/fmriprep_24_0_wf/sub_28_wf/bold_task_bird_run_4_wf/bold_confounds_wf/tcc_metadata_filter".
250329-10:14:25,437 nipype.workflow INFO:
	 [Node] Executing "tcc_metadata_filter" <fmriprep.interfaces.confounds.FilterDropped>
250329-10:14:25,443 nipype.workflow INFO:
	 [Node] Finished "tcc_metadata_filter", elapsed time 0.005261s.
250329-10:14:25,518 nipype.workflow INFO:
	 [Node] Setting-up "fmriprep_24_0_wf.sub_28_wf.bold_task_bird_run_3_wf.bold_fit_wf.enhance_and_skullstrip_bold_wf.skullstrip_second_pass" in "/work_dir/fmriprep_24_0_wf/sub_28_wf/bold_task_bird_run_3_wf/bold_fit_wf/enhance_and_skullstrip_bold_wf/skullstrip_second_pass".
250329-10:14:25,519 nipype.workflow INFO:
	 [Node] Setting-up "fmriprep_24_0_wf.sub_28_wf.bold_task_bird_run_6_wf.bold_fit_wf.enhance_and_skullstrip_bold_wf.skullstrip_second_pass" in "/work_dir/fmriprep_24_0_wf/sub_28_wf/bold_task_bird_run_6_wf/bold_fit_wf/enhance_and_skullstrip_bold_wf/skullstrip_second_pass".
250329-10:14:25,522 nipype.workflow INFO:
	 [Node] Executing "skullstrip_second_pass" <nipype.interfaces.afni.preprocess.Automask>
250329-10:14:25,525 nipype.workflow INFO:
	 [Node] Executing "skullstrip_second_pass" <nipype.interfaces.afni.preprocess.Automask>
250329-10:14:26,236 nipype.workflow INFO:
	 [Node] Finished "skullstrip_second_pass", elapsed time 0.713623s.
250329-10:14:26,583 nipype.workflow INFO:
	 [Node] Finished "skullstrip_second_pass", elapsed time 1.057063s.
250329-10:14:27,523 nipype.workflow INFO:
	 [Node] Setting-up "fmriprep_24_0_wf.sub_28_wf.bold_task_bird_run_3_wf.bold_fit_wf.enhance_and_skullstrip_bold_wf.fixhdr_skullstrip2" in "/work_dir/fmriprep_24_0_wf/sub_28_wf/bold_task_bird_run_3_wf/bold_fit_wf/enhance_and_skullstrip_bold_wf/fixhdr_skullstrip2".
250329-10:14:27,526 nipype.workflow INFO:
	 [Node] Executing "fixhdr_skullstrip2" <niworkflows.interfaces.header.CopyXForm>
250329-10:14:27,534 nipype.workflow INFO:
	 [Node] Setting-up "fmriprep_24_0_wf.sub_28_wf.bold_task_bird_run_6_wf.bold_fit_wf.enhance_and_skullstrip_bold_wf.fixhdr_skullstrip2" in "/work_dir/fmriprep_24_0_wf/sub_28_wf/bold_task_bird_run_6_wf/bold_fit_wf/enhance_and_skullstrip_bold_wf/fixhdr_skullstrip2".
250329-10:14:27,547 nipype.workflow INFO:
	 [Node] Setting-up "fmriprep_24_0_wf.sub_28_wf.bold_task_bird_run_4_wf.bold_confounds_wf.tcc_metadata_fmt" in "/work_dir/fmriprep_24_0_wf/sub_28_wf/bold_task_bird_run_4_wf/bold_confounds_wf/tcc_metadata_fmt".
250329-10:14:27,560 nipype.workflow INFO:
	 [Node] Executing "tcc_metadata_fmt" <niworkflows.interfaces.utility.TSV2JSON>
250329-10:14:27,567 nipype.workflow INFO:
	 [Node] Finished "tcc_metadata_fmt", elapsed time 0.005874s.
250329-10:14:27,610 nipype.workflow INFO:
	 [Node] Finished "fixhdr_skullstrip2", elapsed time 0.083505s.
250329-10:14:27,645 nipype.workflow INFO:
	 [Node] Executing "fixhdr_skullstrip2" <niworkflows.interfaces.header.CopyXForm>
250329-10:14:27,701 nipype.workflow INFO:
	 [Node] Finished "fixhdr_skullstrip2", elapsed time 0.054797s.
250329-10:14:29,505 nipype.workflow INFO:
	 [Node] Setting-up "fmriprep_24_0_wf.sub_28_wf.bold_task_bird_run_3_wf.bold_fit_wf.enhance_and_skullstrip_bold_wf.combine_masks" in "/work_dir/fmriprep_24_0_wf/sub_28_wf/bold_task_bird_run_3_wf/bold_fit_wf/enhance_and_skullstrip_bold_wf/combine_masks".
250329-10:14:29,509 nipype.workflow INFO:
	 [Node] Executing "combine_masks" <nipype.interfaces.fsl.maths.BinaryMaths>
250329-10:14:29,519 nipype.workflow INFO:
	 [Node] Setting-up "fmriprep_24_0_wf.sub_28_wf.bold_task_bird_run_6_wf.bold_fit_wf.enhance_and_skullstrip_bold_wf.combine_masks" in "/work_dir/fmriprep_24_0_wf/sub_28_wf/bold_task_bird_run_6_wf/bold_fit_wf/enhance_and_skullstrip_bold_wf/combine_masks".
250329-10:14:29,524 nipype.workflow INFO:
	 [Node] Executing "combine_masks" <nipype.interfaces.fsl.maths.BinaryMaths>
250329-10:14:29,828 nipype.workflow INFO:
	 [Node] Finished "combine_masks", elapsed time 0.303083s.
250329-10:14:29,879 nipype.workflow INFO:
	 [Node] Finished "tcompcor", elapsed time 18.221167s.
250329-10:14:29,917 nipype.workflow INFO:
	 [Node] Finished "combine_masks", elapsed time 0.407189s.
250329-10:14:31,481 nipype.workflow INFO:
	 [Node] Setting-up "fmriprep_24_0_wf.sub_28_wf.bold_task_bird_run_3_wf.bold_fit_wf.enhance_and_skullstrip_bold_wf.apply_mask" in "/work_dir/fmriprep_24_0_wf/sub_28_wf/bold_task_bird_run_3_wf/bold_fit_wf/enhance_and_skullstrip_bold_wf/apply_mask".
250329-10:14:31,484 nipype.workflow INFO:
	 [Node] Executing "apply_mask" <niworkflows.interfaces.nibabel.ApplyMask>
250329-10:14:31,569 nipype.interface WARNING:
	 Changing /output/sub-28/func/sub-28_task-bird_run-3_desc-brain_mask.nii.gz dtype from float32 to uint8
250329-10:14:31,678 nipype.workflow INFO:
	 [Node] Finished "apply_mask", elapsed time 0.193164s.
250329-10:14:32,214 nipype.workflow INFO:
	 [Node] Setting-up "fmriprep_24_0_wf.sub_28_wf.bold_task_bird_run_6_wf.bold_fit_wf.enhance_and_skullstrip_bold_wf.apply_mask" in "/work_dir/fmriprep_24_0_wf/sub_28_wf/bold_task_bird_run_6_wf/bold_fit_wf/enhance_and_skullstrip_bold_wf/apply_mask".
250329-10:14:32,223 nipype.workflow INFO:
	 [Node] Executing "apply_mask" <niworkflows.interfaces.nibabel.ApplyMask>
250329-10:14:32,306 nipype.interface WARNING:
	 Changing /output/sub-28/func/sub-28_task-bird_run-6_desc-brain_mask.nii.gz dtype from float32 to uint8
250329-10:14:32,429 nipype.workflow INFO:
	 [Node] Finished "apply_mask", elapsed time 0.205525s.
250329-10:14:32,899 nipype.workflow INFO:
	 [Node] Setting-up "fmriprep_24_0_wf.sub_28_wf.bold_task_bird_run_1_wf.bold_confounds_wf.tcc_metadata_filter" in "/work_dir/fmriprep_24_0_wf/sub_28_wf/bold_task_bird_run_1_wf/bold_confounds_wf/tcc_metadata_filter".
250329-10:14:32,903 nipype.workflow INFO:
	 [Node] Executing "tcc_metadata_filter" <fmriprep.interfaces.confounds.FilterDropped>
250329-10:14:32,925 nipype.workflow INFO:
	 [Node] Finished "tcc_metadata_filter", elapsed time 0.020815s.
250329-10:14:33,501 nipype.workflow INFO:
	 [Node] Setting-up "fmriprep_24_0_wf.sub_28_wf.bold_task_bird_run_3_wf.bold_confounds_wf.dvars" in "/work_dir/fmriprep_24_0_wf/sub_28_wf/bold_task_bird_run_3_wf/bold_confounds_wf/dvars".
250329-10:14:33,510 nipype.workflow INFO:
	 [Node] Setting-up "fmriprep_24_0_wf.sub_28_wf.bold_task_bird_run_3_wf.bold_confounds_wf.tcompcor" in "/work_dir/fmriprep_24_0_wf/sub_28_wf/bold_task_bird_run_3_wf/bold_confounds_wf/tcompcor".
250329-10:14:33,511 nipype.workflow INFO:
	 [Node] Executing "dvars" <nipype.algorithms.confounds.ComputeDVARS>
250329-10:14:33,511 nipype.workflow INFO:
	 [Node] Setting-up "fmriprep_24_0_wf.sub_28_wf.bold_task_bird_run_6_wf.bold_confounds_wf.dvars" in "/work_dir/fmriprep_24_0_wf/sub_28_wf/bold_task_bird_run_6_wf/bold_confounds_wf/dvars".
250329-10:14:33,515 nipype.workflow INFO:
	 [Node] Executing "dvars" <nipype.algorithms.confounds.ComputeDVARS>
250329-10:14:33,515 nipype.workflow INFO:
	 [Node] Executing "tcompcor" <niworkflows.interfaces.patches.RobustTCompCor>
250329-10:14:33,518 nipype.workflow INFO:
	 [Node] Setting-up "fmriprep_24_0_wf.sub_28_wf.bold_task_bird_run_6_wf.bold_confounds_wf.tcompcor" in "/work_dir/fmriprep_24_0_wf/sub_28_wf/bold_task_bird_run_6_wf/bold_confounds_wf/tcompcor".
250329-10:14:33,522 nipype.workflow INFO:
	 [Node] Executing "tcompcor" <niworkflows.interfaces.patches.RobustTCompCor>
250329-10:14:33,524 nipype.workflow INFO:
	 [Node] Setting-up "fmriprep_24_0_wf.sub_28_wf.bold_task_bird_run_1_wf.bold_confounds_wf.tcc_metadata_fmt" in "/work_dir/fmriprep_24_0_wf/sub_28_wf/bold_task_bird_run_1_wf/bold_confounds_wf/tcc_metadata_fmt".
250329-10:14:33,533 nipype.workflow INFO:
	 [Node] Executing "tcc_metadata_fmt" <niworkflows.interfaces.utility.TSV2JSON>
250329-10:14:33,540 nipype.workflow INFO:
	 [Node] Finished "tcc_metadata_fmt", elapsed time 0.005762s.
250329-10:14:34,183 nipype.workflow INFO:
	 [Node] Finished "tcompcor", elapsed time 13.987539s.
250329-10:14:35,559 nipype.workflow INFO:
	 [Node] Setting-up "fmriprep_24_0_wf.sub_28_wf.bold_task_bird_run_2_wf.bold_confounds_wf.tcc_metadata_filter" in "/work_dir/fmriprep_24_0_wf/sub_28_wf/bold_task_bird_run_2_wf/bold_confounds_wf/tcc_metadata_filter".
250329-10:14:35,561 nipype.workflow INFO:
	 [Node] Executing "tcc_metadata_filter" <fmriprep.interfaces.confounds.FilterDropped>
250329-10:14:35,566 nipype.workflow INFO:
	 [Node] Finished "tcc_metadata_filter", elapsed time 0.00392s.
250329-10:14:37,683 nipype.workflow INFO:
	 [Node] Setting-up "fmriprep_24_0_wf.sub_28_wf.bold_task_bird_run_2_wf.bold_confounds_wf.tcc_metadata_fmt" in "/work_dir/fmriprep_24_0_wf/sub_28_wf/bold_task_bird_run_2_wf/bold_confounds_wf/tcc_metadata_fmt".
250329-10:14:45,780 nipype.workflow INFO:
	 [Node] Executing "tcc_metadata_fmt" <niworkflows.interfaces.utility.TSV2JSON>
250329-10:14:45,805 nipype.workflow INFO:
	 [Node] Finished "tcc_metadata_fmt", elapsed time 0.023309s.
250329-10:14:53,356 nipype.workflow INFO:
	 [Node] Finished "tcompcor", elapsed time 19.840307s.
250329-10:14:53,974 nipype.workflow INFO:
	 [Node] Finished "tcompcor", elapsed time 20.451089s.
250329-10:14:55,505 nipype.workflow INFO:
	 [Node] Setting-up "fmriprep_24_0_wf.sub_28_wf.bold_task_bird_run_3_wf.bold_confounds_wf.tcc_metadata_filter" in "/work_dir/fmriprep_24_0_wf/sub_28_wf/bold_task_bird_run_3_wf/bold_confounds_wf/tcc_metadata_filter".
250329-10:14:55,509 nipype.workflow INFO:
	 [Node] Executing "tcc_metadata_filter" <fmriprep.interfaces.confounds.FilterDropped>
250329-10:14:55,514 nipype.workflow INFO:
	 [Node] Finished "tcc_metadata_filter", elapsed time 0.004864s.
250329-10:14:57,679 nipype.workflow INFO:
	 [Node] Setting-up "fmriprep_24_0_wf.sub_28_wf.bold_task_bird_run_3_wf.bold_confounds_wf.tcc_metadata_fmt" in "/work_dir/fmriprep_24_0_wf/sub_28_wf/bold_task_bird_run_3_wf/bold_confounds_wf/tcc_metadata_fmt".
250329-10:14:57,890 nipype.workflow INFO:
	 [Node] Setting-up "fmriprep_24_0_wf.sub_28_wf.bold_task_bird_run_6_wf.bold_confounds_wf.tcc_metadata_filter" in "/work_dir/fmriprep_24_0_wf/sub_28_wf/bold_task_bird_run_6_wf/bold_confounds_wf/tcc_metadata_filter".
250329-10:14:57,892 nipype.workflow INFO:
	 [Node] Executing "tcc_metadata_filter" <fmriprep.interfaces.confounds.FilterDropped>
250329-10:14:57,898 nipype.workflow INFO:
	 [Node] Finished "tcc_metadata_filter", elapsed time 0.005239s.
250329-10:14:59,651 nipype.workflow INFO:
	 [Node] Setting-up "fmriprep_24_0_wf.sub_28_wf.bold_task_bird_run_6_wf.bold_confounds_wf.tcc_metadata_fmt" in "/work_dir/fmriprep_24_0_wf/sub_28_wf/bold_task_bird_run_6_wf/bold_confounds_wf/tcc_metadata_fmt".
250329-10:14:59,654 nipype.workflow INFO:
	 [Node] Executing "tcc_metadata_fmt" <niworkflows.interfaces.utility.TSV2JSON>
250329-10:14:59,661 nipype.workflow INFO:
	 [Node] Finished "tcc_metadata_fmt", elapsed time 0.005725s.
250329-10:15:00,110 nipype.workflow INFO:
	 [Node] Executing "tcc_metadata_fmt" <niworkflows.interfaces.utility.TSV2JSON>
250329-10:15:00,130 nipype.workflow INFO:
	 [Node] Finished "tcc_metadata_fmt", elapsed time 0.019637s.
250329-10:15:08,241 nipype.workflow INFO:
	 [Node] Finished "dvars", elapsed time 66.891734s.
250329-10:15:08,467 nipype.workflow INFO:
	 [Node] Finished "autorecon1", elapsed time 1140.403774s.
250329-10:15:09,841 nipype.workflow INFO:
	 [Node] Setting-up "fmriprep_24_0_wf.sub_28_wf.anat_fit_wf.surface_recon_wf.fsnative2t1w_xfm" in "/work_dir/fmriprep_24_0_wf/sub_28_wf/anat_fit_wf/surface_recon_wf/fsnative2t1w_xfm".
250329-10:15:09,849 nipype.workflow INFO:
	 [Node] Executing "fsnative2t1w_xfm" <niworkflows.interfaces.freesurfer.PatchedRobustRegister>
250329-10:15:13,307 nipype.workflow INFO:
	 [Node] Finished "dvars", elapsed time 65.936581s.
250329-10:15:13,443 nipype.workflow INFO:
	 [Node] Finished "dvars", elapsed time 61.789273s.
250329-10:15:18,898 nipype.workflow INFO:
	 [Node] Finished "dvars", elapsed time 58.989545s.
250329-10:15:30,877 nipype.workflow INFO:
	 [Node] Finished "dvars", elapsed time 57.361129s.
250329-10:15:32,335 nipype.workflow INFO:
	 [Node] Finished "dvars", elapsed time 58.823454s.
250329-10:16:05,551 nipype.workflow INFO:
	 [Node] Finished "fsnative2t1w_xfm", elapsed time 55.700964s.
250329-10:22:08,398 nipype.workflow INFO:
	 [Node] Finished "norm", elapsed time 796.886833s.
250329-10:22:09,336 nipype.workflow INFO:
	 [Node] Setting-up "fmriprep_24_0_wf.sub_28_wf.anat_fit_wf.brain_extraction_wf.map_brainmask" in "/work_dir/fmriprep_24_0_wf/sub_28_wf/anat_fit_wf/brain_extraction_wf/map_brainmask".
250329-10:22:09,342 nipype.workflow INFO:
	 [Node] Executing "map_brainmask" <niworkflows.interfaces.fixes.FixHeaderApplyTransforms>
250329-10:22:09,368 nipype.workflow INFO:
	 [Node] Setting-up "fmriprep_24_0_wf.sub_28_wf.anat_fit_wf.brain_extraction_wf.map_wmmask" in "/work_dir/fmriprep_24_0_wf/sub_28_wf/anat_fit_wf/brain_extraction_wf/map_wmmask".
250329-10:22:09,375 nipype.workflow INFO:
	 [Node] Executing "map_wmmask" <niworkflows.interfaces.fixes.FixHeaderApplyTransforms>
250329-10:22:32,243 nipype.workflow INFO:
	 [Node] Finished "map_brainmask", elapsed time 22.653113s.
250329-10:22:32,576 nipype.workflow INFO:
	 [Node] Finished "map_wmmask", elapsed time 22.986755s.
250329-10:22:33,345 nipype.workflow INFO:
	 [Node] Setting-up "_inu_n4_final0" in "/work_dir/fmriprep_24_0_wf/sub_28_wf/anat_fit_wf/brain_extraction_wf/inu_n4_final/mapflow/_inu_n4_final0".
250329-10:22:33,347 nipype.workflow INFO:
	 [Node] Executing "_inu_n4_final0" <nipype.interfaces.ants.segmentation.N4BiasFieldCorrection>
250329-10:22:33,367 nipype.workflow INFO:
	 [Node] Setting-up "fmriprep_24_0_wf.sub_28_wf.anat_fit_wf.brain_extraction_wf.thr_brainmask" in "/work_dir/fmriprep_24_0_wf/sub_28_wf/anat_fit_wf/brain_extraction_wf/thr_brainmask".
250329-10:22:33,372 nipype.workflow INFO:
	 [Node] Executing "thr_brainmask" <nipype.interfaces.ants.utils.ThresholdImage>
250329-10:22:34,728 nipype.workflow INFO:
	 [Node] Finished "thr_brainmask", elapsed time 1.182823s.
250329-10:22:35,352 nipype.workflow INFO:
	 [Node] Setting-up "fmriprep_24_0_wf.sub_28_wf.anat_fit_wf.brain_extraction_wf.atropos_wf.dil_brainmask" in "/work_dir/fmriprep_24_0_wf/sub_28_wf/anat_fit_wf/brain_extraction_wf/atropos_wf/dil_brainmask".
250329-10:22:35,353 nipype.workflow INFO:
	 [Node] Setting-up "fmriprep_24_0_wf.sub_28_wf.anat_fit_wf.brain_extraction_wf.atropos_wf.03_pad_mask" in "/work_dir/fmriprep_24_0_wf/sub_28_wf/anat_fit_wf/brain_extraction_wf/atropos_wf/03_pad_mask".
250329-10:22:35,355 nipype.workflow INFO:
	 [Node] Executing "dil_brainmask" <nipype.interfaces.ants.utils.ImageMath>
250329-10:22:35,356 nipype.workflow INFO:
	 [Node] Executing "03_pad_mask" <nipype.interfaces.ants.utils.ImageMath>
250329-10:22:36,322 nipype.workflow INFO:
	 [Node] Finished "03_pad_mask", elapsed time 0.965669s.
250329-10:22:37,320 nipype.workflow INFO:
	 [Node] Finished "dil_brainmask", elapsed time 1.6784249999999998s.
250329-10:22:39,351 nipype.workflow INFO:
	 [Node] Setting-up "fmriprep_24_0_wf.sub_28_wf.anat_fit_wf.brain_extraction_wf.atropos_wf.get_brainmask" in "/work_dir/fmriprep_24_0_wf/sub_28_wf/anat_fit_wf/brain_extraction_wf/atropos_wf/get_brainmask".
250329-10:22:39,354 nipype.workflow INFO:
	 [Node] Executing "get_brainmask" <nipype.interfaces.ants.utils.ImageMath>
250329-10:22:40,818 nipype.workflow INFO:
	 [Node] Finished "get_brainmask", elapsed time 1.462672s.
250329-10:22:56,111 nipype.workflow INFO:
	 [Node] Finished "_inu_n4_final0", elapsed time 22.528374s.
250329-10:22:57,339 nipype.workflow INFO:
	 [Node] Setting-up "fmriprep_24_0_wf.sub_28_wf.anat_fit_wf.brain_extraction_wf.atropos_wf.01_atropos" in "/work_dir/fmriprep_24_0_wf/sub_28_wf/anat_fit_wf/brain_extraction_wf/atropos_wf/01_atropos".
250329-10:22:57,342 nipype.workflow INFO:
	 [Node] Setting-up "_apply_mask0" in "/work_dir/fmriprep_24_0_wf/sub_28_wf/anat_fit_wf/brain_extraction_wf/apply_mask/mapflow/_apply_mask0".
250329-10:22:57,344 nipype.workflow INFO:
	 [Node] Executing "01_atropos" <nipype.interfaces.ants.segmentation.Atropos>
250329-10:22:57,344 nipype.workflow INFO:
	 [Node] Executing "_apply_mask0" <niworkflows.interfaces.nibabel.ApplyMask>
250329-10:22:58,304 nipype.workflow INFO:
	 [Node] Finished "_apply_mask0", elapsed time 0.959366s.
250329-10:23:33,768 nipype.workflow INFO:
	 [Node] Finished "01_atropos", elapsed time 36.423652s.
250329-10:23:35,341 nipype.workflow INFO:
	 [Node] Setting-up "fmriprep_24_0_wf.sub_28_wf.anat_fit_wf.brain_extraction_wf.atropos_wf.02_pad_segm" in "/work_dir/fmriprep_24_0_wf/sub_28_wf/anat_fit_wf/brain_extraction_wf/atropos_wf/02_pad_segm".
250329-10:23:35,344 nipype.workflow INFO:
	 [Node] Executing "02_pad_segm" <nipype.interfaces.ants.utils.ImageMath>
250329-10:23:36,571 nipype.workflow INFO:
	 [Node] Finished "02_pad_segm", elapsed time 1.04819s.
250329-10:23:37,341 nipype.workflow INFO:
	 [Node] Setting-up "fmriprep_24_0_wf.sub_28_wf.anat_fit_wf.brain_extraction_wf.atropos_wf.04_sel_labels" in "/work_dir/fmriprep_24_0_wf/sub_28_wf/anat_fit_wf/brain_extraction_wf/atropos_wf/04_sel_labels".
250329-10:23:37,344 nipype.workflow INFO:
	 [Node] Executing "04_sel_labels" <nipype.interfaces.utility.wrappers.Function>
250329-10:23:37,774 nipype.workflow INFO:
	 [Node] Finished "04_sel_labels", elapsed time 0.429905s.
250329-10:23:40,258 nipype.workflow INFO:
	 [Node] Setting-up "fmriprep_24_0_wf.sub_28_wf.anat_fit_wf.brain_extraction_wf.atropos_wf.05_get_wm" in "/work_dir/fmriprep_24_0_wf/sub_28_wf/anat_fit_wf/brain_extraction_wf/atropos_wf/05_get_wm".
250329-10:23:40,259 nipype.workflow INFO:
	 [Node] Setting-up "fmriprep_24_0_wf.sub_28_wf.anat_fit_wf.brain_extraction_wf.atropos_wf.06_get_gm" in "/work_dir/fmriprep_24_0_wf/sub_28_wf/anat_fit_wf/brain_extraction_wf/atropos_wf/06_get_gm".
250329-10:23:40,259 nipype.workflow INFO:
	 [Node] Setting-up "fmriprep_24_0_wf.sub_28_wf.anat_fit_wf.brain_extraction_wf.atropos_wf.10_me_csf" in "/work_dir/fmriprep_24_0_wf/sub_28_wf/anat_fit_wf/brain_extraction_wf/atropos_wf/10_me_csf".
250329-10:23:40,260 nipype.workflow INFO:
	 [Node] Setting-up "fmriprep_24_0_wf.sub_28_wf.anat_fit_wf.brain_extraction_wf.atropos_wf.27_depad_csf" in "/work_dir/fmriprep_24_0_wf/sub_28_wf/anat_fit_wf/brain_extraction_wf/atropos_wf/27_depad_csf".
250329-10:23:40,261 nipype.workflow INFO:
	 [Node] Executing "05_get_wm" <nipype.interfaces.ants.utils.ImageMath>
250329-10:23:40,261 nipype.workflow INFO:
	 [Node] Executing "06_get_gm" <nipype.interfaces.ants.utils.ImageMath>
250329-10:23:40,262 nipype.workflow INFO:
	 [Node] Executing "10_me_csf" <nipype.interfaces.ants.utils.ImageMath>
250329-10:23:40,263 nipype.workflow INFO:
	 [Node] Executing "27_depad_csf" <nipype.interfaces.ants.utils.ImageMath>
250329-10:23:41,32 nipype.workflow INFO:
	 [Node] Finished "27_depad_csf", elapsed time 0.768345s.
250329-10:23:42,26 nipype.workflow INFO:
	 [Node] Finished "05_get_wm", elapsed time 1.7639719999999999s.
250329-10:23:42,198 nipype.workflow INFO:
	 [Node] Finished "06_get_gm", elapsed time 1.936146s.
250329-10:23:42,278 nipype.workflow INFO:
	 [Node] Setting-up "fmriprep_24_0_wf.sub_28_wf.anat_fit_wf.brain_extraction_wf.atropos_wf.09_relabel_wm" in "/work_dir/fmriprep_24_0_wf/sub_28_wf/anat_fit_wf/brain_extraction_wf/atropos_wf/09_relabel_wm".
250329-10:23:42,280 nipype.workflow INFO:
	 [Node] Executing "09_relabel_wm" <nipype.interfaces.ants.utils.MultiplyImages>
250329-10:23:43,179 nipype.workflow INFO:
	 [Node] Finished "09_relabel_wm", elapsed time 0.897446s.
250329-10:23:44,271 nipype.workflow INFO:
	 [Node] Setting-up "fmriprep_24_0_wf.sub_28_wf.anat_fit_wf.brain_extraction_wf.atropos_wf.07_fill_gm" in "/work_dir/fmriprep_24_0_wf/sub_28_wf/anat_fit_wf/brain_extraction_wf/atropos_wf/07_fill_gm".
250329-10:23:44,271 nipype.workflow INFO:
	 [Node] Setting-up "fmriprep_24_0_wf.sub_28_wf.anat_fit_wf.brain_extraction_wf.atropos_wf.26_depad_wm" in "/work_dir/fmriprep_24_0_wf/sub_28_wf/anat_fit_wf/brain_extraction_wf/atropos_wf/26_depad_wm".
250329-10:23:44,271 nipype.workflow INFO:
	 [Node] Setting-up "fmriprep_24_0_wf.sub_28_wf.anat_fit_wf.brain_extraction_wf.atropos_wf.apply_wm_prior" in "/work_dir/fmriprep_24_0_wf/sub_28_wf/anat_fit_wf/brain_extraction_wf/atropos_wf/apply_wm_prior".
250329-10:23:44,274 nipype.workflow INFO:
	 [Node] Executing "26_depad_wm" <nipype.interfaces.ants.utils.ImageMath>
250329-10:23:44,274 nipype.workflow INFO:
	 [Node] Executing "07_fill_gm" <nipype.interfaces.ants.utils.ImageMath>
250329-10:23:44,275 nipype.workflow INFO:
	 [Node] Executing "apply_wm_prior" <nipype.interfaces.utility.wrappers.Function>
250329-10:23:44,952 nipype.workflow INFO:
	 [Node] Finished "10_me_csf", elapsed time 4.689074s.
250329-10:23:45,97 nipype.workflow INFO:
	 [Node] Finished "apply_wm_prior", elapsed time 0.821684s.
250329-10:23:45,586 nipype.workflow INFO:
	 [Node] Finished "26_depad_wm", elapsed time 1.056457s.
250329-10:23:46,281 nipype.workflow INFO:
	 [Node] Setting-up "_inu_n4_final0" in "/work_dir/fmriprep_24_0_wf/sub_28_wf/anat_fit_wf/brain_extraction_wf/atropos_wf/inu_n4_final/mapflow/_inu_n4_final0".
250329-10:23:46,283 nipype.workflow INFO:
	 [Node] Executing "_inu_n4_final0" <nipype.interfaces.ants.segmentation.N4BiasFieldCorrection>
250329-10:23:57,151 nipype.workflow INFO:
	 [Node] Finished "07_fill_gm", elapsed time 12.87553s.
250329-10:23:58,268 nipype.workflow INFO:
	 [Node] Setting-up "fmriprep_24_0_wf.sub_28_wf.anat_fit_wf.brain_extraction_wf.atropos_wf.08_mult_gm" in "/work_dir/fmriprep_24_0_wf/sub_28_wf/anat_fit_wf/brain_extraction_wf/atropos_wf/08_mult_gm".
250329-10:23:58,272 nipype.workflow INFO:
	 [Node] Executing "08_mult_gm" <nipype.interfaces.ants.utils.MultiplyImages>
250329-10:23:59,621 nipype.workflow INFO:
	 [Node] Finished "08_mult_gm", elapsed time 1.104562s.
250329-10:24:00,268 nipype.workflow INFO:
	 [Node] Setting-up "fmriprep_24_0_wf.sub_28_wf.anat_fit_wf.brain_extraction_wf.atropos_wf.11_add_gm" in "/work_dir/fmriprep_24_0_wf/sub_28_wf/anat_fit_wf/brain_extraction_wf/atropos_wf/11_add_gm".
250329-10:24:00,271 nipype.workflow INFO:
	 [Node] Executing "11_add_gm" <nipype.interfaces.ants.utils.ImageMath>
250329-10:24:02,406 nipype.workflow INFO:
	 [Node] Finished "11_add_gm", elapsed time 2.134023s.
250329-10:24:04,276 nipype.workflow INFO:
	 [Node] Setting-up "fmriprep_24_0_wf.sub_28_wf.anat_fit_wf.brain_extraction_wf.atropos_wf.12_relabel_gm" in "/work_dir/fmriprep_24_0_wf/sub_28_wf/anat_fit_wf/brain_extraction_wf/atropos_wf/12_relabel_gm".
250329-10:24:04,279 nipype.workflow INFO:
	 [Node] Executing "12_relabel_gm" <nipype.interfaces.ants.utils.MultiplyImages>
250329-10:24:05,408 nipype.workflow INFO:
	 [Node] Finished "12_relabel_gm", elapsed time 0.927823s.
250329-10:24:06,270 nipype.workflow INFO:
	 [Node] Setting-up "fmriprep_24_0_wf.sub_28_wf.anat_fit_wf.brain_extraction_wf.atropos_wf.13_add_gm_wm" in "/work_dir/fmriprep_24_0_wf/sub_28_wf/anat_fit_wf/brain_extraction_wf/atropos_wf/13_add_gm_wm".
250329-10:24:06,270 nipype.workflow INFO:
	 [Node] Setting-up "fmriprep_24_0_wf.sub_28_wf.anat_fit_wf.brain_extraction_wf.atropos_wf.25_depad_gm" in "/work_dir/fmriprep_24_0_wf/sub_28_wf/anat_fit_wf/brain_extraction_wf/atropos_wf/25_depad_gm".
250329-10:24:06,273 nipype.workflow INFO:
	 [Node] Executing "25_depad_gm" <nipype.interfaces.ants.utils.ImageMath>
250329-10:24:06,273 nipype.workflow INFO:
	 [Node] Executing "13_add_gm_wm" <nipype.interfaces.ants.utils.ImageMath>
250329-10:24:07,513 nipype.workflow INFO:
	 [Node] Finished "25_depad_gm", elapsed time 1.057214s.
250329-10:24:08,282 nipype.workflow INFO:
	 [Node] Setting-up "fmriprep_24_0_wf.sub_28_wf.anat_fit_wf.brain_extraction_wf.atropos_wf.merge_tpms" in "/work_dir/fmriprep_24_0_wf/sub_28_wf/anat_fit_wf/brain_extraction_wf/atropos_wf/merge_tpms".
250329-10:24:08,286 nipype.workflow INFO:
	 [Node] Executing "merge_tpms" <nipype.interfaces.utility.base.Merge>
250329-10:24:08,287 nipype.workflow INFO:
	 [Node] Finished "merge_tpms", elapsed time 0.000236s.
250329-10:24:08,520 nipype.workflow INFO:
	 [Node] Finished "13_add_gm_wm", elapsed time 2.245727s.
250329-10:24:09,586 nipype.workflow INFO:
	 [Node] Finished "_inu_n4_final0", elapsed time 23.302624s.
250329-10:24:10,270 nipype.workflow INFO:
	 [Node] Setting-up "fmriprep_24_0_wf.sub_28_wf.anat_fit_wf.brain_extraction_wf.atropos_wf.14_sel_labels2" in "/work_dir/fmriprep_24_0_wf/sub_28_wf/anat_fit_wf/brain_extraction_wf/atropos_wf/14_sel_labels2".
250329-10:24:10,270 nipype.workflow INFO:
	 [Node] Setting-up "fmriprep_24_0_wf.sub_28_wf.anat_fit_wf.brain_extraction_wf.atropos_wf.24_depad_segm" in "/work_dir/fmriprep_24_0_wf/sub_28_wf/anat_fit_wf/brain_extraction_wf/atropos_wf/24_depad_segm".
250329-10:24:10,272 nipype.workflow INFO:
	 [Node] Executing "14_sel_labels2" <nipype.interfaces.utility.wrappers.Function>
250329-10:24:10,272 nipype.workflow INFO:
	 [Node] Executing "24_depad_segm" <nipype.interfaces.ants.utils.ImageMath>
250329-10:24:10,505 nipype.workflow INFO:
	 [Node] Finished "14_sel_labels2", elapsed time 0.231968s.
250329-10:24:11,296 nipype.workflow INFO:
	 [Node] Finished "24_depad_segm", elapsed time 1.022982s.
250329-10:24:12,269 nipype.workflow INFO:
	 [Node] Setting-up "fmriprep_24_0_wf.sub_28_wf.anat_fit_wf.brain_extraction_wf.atropos_wf.15_add_7" in "/work_dir/fmriprep_24_0_wf/sub_28_wf/anat_fit_wf/brain_extraction_wf/atropos_wf/15_add_7".
250329-10:24:12,272 nipype.workflow INFO:
	 [Node] Executing "15_add_7" <nipype.interfaces.ants.utils.ImageMath>
250329-10:24:13,931 nipype.workflow INFO:
	 [Node] Finished "15_add_7", elapsed time 1.658738s.
250329-10:24:14,267 nipype.workflow INFO:
	 [Node] Setting-up "fmriprep_24_0_wf.sub_28_wf.anat_fit_wf.brain_extraction_wf.atropos_wf.16_me_7" in "/work_dir/fmriprep_24_0_wf/sub_28_wf/anat_fit_wf/brain_extraction_wf/atropos_wf/16_me_7".
250329-10:24:14,270 nipype.workflow INFO:
	 [Node] Executing "16_me_7" <nipype.interfaces.ants.utils.ImageMath>
250329-10:24:17,891 nipype.workflow INFO:
	 [Node] Finished "16_me_7", elapsed time 3.620468s.
250329-10:24:18,268 nipype.workflow INFO:
	 [Node] Setting-up "fmriprep_24_0_wf.sub_28_wf.anat_fit_wf.brain_extraction_wf.atropos_wf.17_comp_7" in "/work_dir/fmriprep_24_0_wf/sub_28_wf/anat_fit_wf/brain_extraction_wf/atropos_wf/17_comp_7".
250329-10:24:18,271 nipype.workflow INFO:
	 [Node] Executing "17_comp_7" <nipype.interfaces.ants.utils.ImageMath>
250329-10:24:20,124 nipype.workflow INFO:
	 [Node] Finished "17_comp_7", elapsed time 1.852314s.
250329-10:24:22,262 nipype.workflow INFO:
	 [Node] Setting-up "fmriprep_24_0_wf.sub_28_wf.anat_fit_wf.brain_extraction_wf.atropos_wf.18_md_7" in "/work_dir/fmriprep_24_0_wf/sub_28_wf/anat_fit_wf/brain_extraction_wf/atropos_wf/18_md_7".
250329-10:24:22,265 nipype.workflow INFO:
	 [Node] Executing "18_md_7" <nipype.interfaces.ants.utils.ImageMath>
250329-10:24:24,301 nipype.workflow INFO:
	 [Node] Finished "18_md_7", elapsed time 2.034796s.
250329-10:24:26,263 nipype.workflow INFO:
	 [Node] Setting-up "fmriprep_24_0_wf.sub_28_wf.anat_fit_wf.brain_extraction_wf.atropos_wf.19_fill_7" in "/work_dir/fmriprep_24_0_wf/sub_28_wf/anat_fit_wf/brain_extraction_wf/atropos_wf/19_fill_7".
250329-10:24:26,266 nipype.workflow INFO:
	 [Node] Executing "19_fill_7" <nipype.interfaces.ants.utils.ImageMath>
250329-10:24:38,352 nipype.workflow INFO:
	 [Node] Finished "19_fill_7", elapsed time 12.085411s.
250329-10:24:40,266 nipype.workflow INFO:
	 [Node] Setting-up "fmriprep_24_0_wf.sub_28_wf.anat_fit_wf.brain_extraction_wf.atropos_wf.20_add_7_2" in "/work_dir/fmriprep_24_0_wf/sub_28_wf/anat_fit_wf/brain_extraction_wf/atropos_wf/20_add_7_2".
250329-10:24:40,270 nipype.workflow INFO:
	 [Node] Executing "20_add_7_2" <nipype.interfaces.ants.utils.ImageMath>
250329-10:24:42,498 nipype.workflow INFO:
	 [Node] Finished "20_add_7_2", elapsed time 2.227184s.
250329-10:24:44,268 nipype.workflow INFO:
	 [Node] Setting-up "fmriprep_24_0_wf.sub_28_wf.anat_fit_wf.brain_extraction_wf.atropos_wf.21_md_7_2" in "/work_dir/fmriprep_24_0_wf/sub_28_wf/anat_fit_wf/brain_extraction_wf/atropos_wf/21_md_7_2".
250329-10:24:44,271 nipype.workflow INFO:
	 [Node] Executing "21_md_7_2" <nipype.interfaces.ants.utils.ImageMath>
250329-10:24:46,340 nipype.workflow INFO:
	 [Node] Finished "21_md_7_2", elapsed time 2.068053s.
250329-10:24:48,266 nipype.workflow INFO:
	 [Node] Setting-up "fmriprep_24_0_wf.sub_28_wf.anat_fit_wf.brain_extraction_wf.atropos_wf.22_me_7_2" in "/work_dir/fmriprep_24_0_wf/sub_28_wf/anat_fit_wf/brain_extraction_wf/atropos_wf/22_me_7_2".
250329-10:24:48,268 nipype.workflow INFO:
	 [Node] Executing "22_me_7_2" <nipype.interfaces.ants.utils.ImageMath>
250329-10:24:51,946 nipype.workflow INFO:
	 [Node] Finished "22_me_7_2", elapsed time 3.676753s.
250329-10:24:52,270 nipype.workflow INFO:
	 [Node] Setting-up "fmriprep_24_0_wf.sub_28_wf.anat_fit_wf.brain_extraction_wf.atropos_wf.23_depad_mask" in "/work_dir/fmriprep_24_0_wf/sub_28_wf/anat_fit_wf/brain_extraction_wf/atropos_wf/23_depad_mask".
250329-10:24:52,273 nipype.workflow INFO:
	 [Node] Executing "23_depad_mask" <nipype.interfaces.ants.utils.ImageMath>
250329-10:24:53,160 nipype.workflow INFO:
	 [Node] Finished "23_depad_mask", elapsed time 0.885946s.
250329-10:24:54,270 nipype.workflow INFO:
	 [Node] Setting-up "fmriprep_24_0_wf.sub_28_wf.anat_fit_wf.brain_extraction_wf.atropos_wf.msk_conform" in "/work_dir/fmriprep_24_0_wf/sub_28_wf/anat_fit_wf/brain_extraction_wf/atropos_wf/msk_conform".
250329-10:24:54,274 nipype.workflow INFO:
	 [Node] Executing "msk_conform" <nipype.interfaces.utility.wrappers.Function>
250329-10:24:54,592 nipype.workflow INFO:
	 [Node] Finished "msk_conform", elapsed time 0.317336s.
250329-10:25:03,968 nipype.workflow INFO:
	 [Node] Setting-up "_apply_mask0" in "/work_dir/fmriprep_24_0_wf/sub_28_wf/anat_fit_wf/brain_extraction_wf/atropos_wf/apply_mask/mapflow/_apply_mask0".
250329-10:25:03,969 nipype.workflow INFO:
	 [Node] Executing "_apply_mask0" <niworkflows.interfaces.nibabel.ApplyMask>
250329-10:25:04,948 nipype.workflow INFO:
	 [Node] Finished "_apply_mask0", elapsed time 0.977725s.
250329-10:25:08,85 nipype.workflow INFO:
	 [Node] Setting-up "fmriprep_24_0_wf.sub_28_wf.anat_fit_wf.register_template_wf.trunc_mov" in "/work_dir/fmriprep_24_0_wf/sub_28_wf/anat_fit_wf/register_template_wf/_template_MNI152NLin2009cAsym/trunc_mov".
250329-10:25:08,88 nipype.workflow INFO:
	 [Node] Executing "trunc_mov" <nipype.interfaces.ants.utils.ImageMath>
250329-10:25:08,631 nipype.workflow INFO:
	 [Node] Setting-up "fmriprep_24_0_wf.sub_28_wf.anat_fit_wf.surface_recon_wf.skull_strip_extern" in "/work_dir/fmriprep_24_0_wf/sub_28_wf/anat_fit_wf/surface_recon_wf/skull_strip_extern".
250329-10:25:08,638 nipype.workflow INFO:
	 [Node] Executing "skull_strip_extern" <niworkflows.interfaces.freesurfer.FSInjectBrainExtracted>
250329-10:25:10,887 nipype.workflow INFO:
	 [Node] Finished "skull_strip_extern", elapsed time 2.248499s.
250329-10:25:13,74 nipype.workflow INFO:
	 [Node] Setting-up "fmriprep_24_0_wf.sub_28_wf.anat_fit_wf.surface_recon_wf.autorecon_resume_wf.gcareg" in "/work_dir/fmriprep_24_0_wf/sub_28_wf/anat_fit_wf/surface_recon_wf/autorecon_resume_wf/gcareg".
250329-10:25:13,77 nipype.workflow INFO:
	 [Node] Executing "gcareg" <smriprep.interfaces.freesurfer.ReconAll>
250329-10:25:13,78 nipype.interface INFO:
	 resume recon-all : recon-all -openmp 8 -subjid sub-28 -sd /output/sourcedata/freesurfer -gcareg
250329-10:25:13,79 nipype.interface INFO:
	 resume recon-all : recon-all -openmp 8 -subjid sub-28 -sd /output/sourcedata/freesurfer -gcareg
250329-10:25:15,133 nipype.workflow INFO:
	 [Node] Finished "trunc_mov", elapsed time 7.044739s.
250329-10:27:56,250 nipype.workflow INFO:
	 [Node] Finished "gcareg", elapsed time 163.172058s.
250329-10:27:59,72 nipype.workflow INFO:
	 [Node] Setting-up "fmriprep_24_0_wf.sub_28_wf.anat_fit_wf.surface_recon_wf.autorecon_resume_wf.autorecon2_vol" in "/work_dir/fmriprep_24_0_wf/sub_28_wf/anat_fit_wf/surface_recon_wf/autorecon_resume_wf/autorecon2_vol".
250329-10:27:59,76 nipype.workflow INFO:
	 [Node] Executing "autorecon2_vol" <smriprep.interfaces.freesurfer.ReconAll>
250329-10:27:59,78 nipype.interface INFO:
	 resume recon-all : recon-all -autorecon2-volonly -openmp 8 -subjid sub-28 -sd /output/sourcedata/freesurfer -nogcareg
250329-10:27:59,78 nipype.interface INFO:
	 resume recon-all : recon-all -autorecon2-volonly -openmp 8 -subjid sub-28 -sd /output/sourcedata/freesurfer -nogcareg
250329-12:24:37,983 nipype.workflow INFO:
	 [Node] Finished "autorecon2_vol", elapsed time 6998.906065s.
250329-12:24:41,149 nipype.workflow INFO:
	 [Node] Setting-up "_autorecon_surfs1" in "/work_dir/fmriprep_24_0_wf/sub_28_wf/anat_fit_wf/surface_recon_wf/autorecon_resume_wf/autorecon_surfs/mapflow/_autorecon_surfs1".
250329-12:24:41,152 nipype.workflow INFO:
	 [Node] Executing "_autorecon_surfs1" <smriprep.interfaces.freesurfer.ReconAll>
250329-12:24:41,154 nipype.interface INFO:
	 resume recon-all : recon-all -autorecon-hemi rh -noparcstats -noparcstats2 -noparcstats3 -nohyporelabel -nobalabels -rh-only -openmp 8 -subjid sub-28 -sd /output/sourcedata/freesurfer 
250329-12:24:41,155 nipype.interface INFO:
	 resume recon-all : recon-all -autorecon-hemi rh -noparcstats -noparcstats2 -noparcstats3 -nohyporelabel -nobalabels -rh-only -openmp 8 -subjid sub-28 -sd /output/sourcedata/freesurfer 
250329-12:24:41,225 nipype.workflow INFO:
	 [Node] Setting-up "_autorecon_surfs0" in "/work_dir/fmriprep_24_0_wf/sub_28_wf/anat_fit_wf/surface_recon_wf/autorecon_resume_wf/autorecon_surfs/mapflow/_autorecon_surfs0".
250329-12:24:41,228 nipype.workflow INFO:
	 [Node] Executing "_autorecon_surfs0" <smriprep.interfaces.freesurfer.ReconAll>
250329-12:24:41,229 nipype.interface INFO:
	 resume recon-all : recon-all -autorecon-hemi lh -noparcstats -noparcstats2 -noparcstats3 -nohyporelabel -nobalabels -lh-only -openmp 8 -subjid sub-28 -sd /output/sourcedata/freesurfer 
250329-12:24:41,230 nipype.interface INFO:
	 resume recon-all : recon-all -autorecon-hemi lh -noparcstats -noparcstats2 -noparcstats3 -nohyporelabel -nobalabels -lh-only -openmp 8 -subjid sub-28 -sd /output/sourcedata/freesurfer 
250329-13:34:48,959 nipype.workflow INFO:
	 [Node] Finished "_autorecon_surfs0", elapsed time 4207.730112s.
250329-13:35:07,280 nipype.workflow INFO:
	 [Node] Finished "_autorecon_surfs1", elapsed time 4226.126245s.
250329-13:35:09,74 nipype.workflow INFO:
	 [Node] Setting-up "_autorecon_surfs0" in "/work_dir/fmriprep_24_0_wf/sub_28_wf/anat_fit_wf/surface_recon_wf/autorecon_resume_wf/autorecon_surfs/mapflow/_autorecon_surfs0".
250329-13:35:09,77 nipype.workflow INFO:
	 [Node] Executing "_autorecon_surfs0" <smriprep.interfaces.freesurfer.ReconAll>
250329-13:35:09,78 nipype.interface INFO:
	 recon-all complete : Not running
250329-13:35:09,79 nipype.interface INFO:
	 recon-all complete : Not running
250329-13:35:09,187 nipype.workflow INFO:
	 [Node] Finished "_autorecon_surfs0", elapsed time 0.109333s.
250329-13:35:09,193 nipype.workflow INFO:
	 [Node] Setting-up "_autorecon_surfs1" in "/work_dir/fmriprep_24_0_wf/sub_28_wf/anat_fit_wf/surface_recon_wf/autorecon_resume_wf/autorecon_surfs/mapflow/_autorecon_surfs1".
250329-13:35:09,196 nipype.workflow INFO:
	 [Node] Executing "_autorecon_surfs1" <smriprep.interfaces.freesurfer.ReconAll>
250329-13:35:09,197 nipype.interface INFO:
	 recon-all complete : Not running
250329-13:35:09,198 nipype.interface INFO:
	 recon-all complete : Not running
250329-13:35:09,298 nipype.workflow INFO:
	 [Node] Finished "_autorecon_surfs1", elapsed time 0.100894s.
250329-13:35:11,150 nipype.workflow INFO:
	 [Node] Setting-up "fmriprep_24_0_wf.sub_28_wf.anat_fit_wf.surface_recon_wf.autorecon_resume_wf.cortribbon" in "/work_dir/fmriprep_24_0_wf/sub_28_wf/anat_fit_wf/surface_recon_wf/autorecon_resume_wf/cortribbon".
250329-13:35:11,154 nipype.workflow INFO:
	 [Node] Executing "cortribbon" <smriprep.interfaces.freesurfer.ReconAll>
250329-13:35:11,155 nipype.interface INFO:
	 resume recon-all : recon-all -parallel -subjid sub-28 -sd /output/sourcedata/freesurfer -cortribbon
250329-13:35:11,156 nipype.interface INFO:
	 resume recon-all : recon-all -parallel -subjid sub-28 -sd /output/sourcedata/freesurfer -cortribbon
250329-13:43:16,213 nipype.workflow INFO:
	 [Node] Finished "cortribbon", elapsed time 485.057587s.
250329-13:43:19,86 nipype.workflow INFO:
	 [Node] Setting-up "_parcstats0" in "/work_dir/fmriprep_24_0_wf/sub_28_wf/anat_fit_wf/surface_recon_wf/autorecon_resume_wf/parcstats/mapflow/_parcstats0".
250329-13:43:19,86 nipype.workflow INFO:
	 [Node] Setting-up "_parcstats1" in "/work_dir/fmriprep_24_0_wf/sub_28_wf/anat_fit_wf/surface_recon_wf/autorecon_resume_wf/parcstats/mapflow/_parcstats1".
250329-13:43:19,90 nipype.workflow INFO:
	 [Node] Executing "_parcstats0" <smriprep.interfaces.freesurfer.ReconAll>
250329-13:43:19,90 nipype.workflow INFO:
	 [Node] Executing "_parcstats1" <smriprep.interfaces.freesurfer.ReconAll>
250329-13:43:19,91 nipype.interface INFO:
	 resume recon-all : recon-all -autorecon-hemi lh -nohyporelabel -lh-only -openmp 8 -subjid sub-28 -sd /output/sourcedata/freesurfer -notessellate -nosmooth1 -noinflate1 -noqsphere -nofix -nowhite -nosmooth2 -noinflate2 -nocurvHK -nocurvstats -nosphere -nosurfreg -nojacobian_white -noavgcurv -nocortparc -nopial -nocortparc2 -nocortparc3 -nopctsurfcon
250329-13:43:19,92 nipype.interface INFO:
	 resume recon-all : recon-all -autorecon-hemi rh -nohyporelabel -rh-only -openmp 8 -subjid sub-28 -sd /output/sourcedata/freesurfer -notessellate -nosmooth1 -noinflate1 -noqsphere -nofix -nowhite -nosmooth2 -noinflate2 -nocurvHK -nocurvstats -nosphere -nosurfreg -nojacobian_white -noavgcurv -nocortparc -nopial -nocortparc2 -nocortparc3 -nopctsurfcon
250329-13:43:19,92 nipype.interface INFO:
	 resume recon-all : recon-all -autorecon-hemi lh -nohyporelabel -lh-only -openmp 8 -subjid sub-28 -sd /output/sourcedata/freesurfer -notessellate -nosmooth1 -noinflate1 -noqsphere -nofix -nowhite -nosmooth2 -noinflate2 -nocurvHK -nocurvstats -nosphere -nosurfreg -nojacobian_white -noavgcurv -nocortparc -nopial -nocortparc2 -nocortparc3 -nopctsurfcon
250329-13:43:19,93 nipype.interface INFO:
	 resume recon-all : recon-all -autorecon-hemi rh -nohyporelabel -rh-only -openmp 8 -subjid sub-28 -sd /output/sourcedata/freesurfer -notessellate -nosmooth1 -noinflate1 -noqsphere -nofix -nowhite -nosmooth2 -noinflate2 -nocurvHK -nocurvstats -nosphere -nosurfreg -nojacobian_white -noavgcurv -nocortparc -nopial -nocortparc2 -nocortparc3 -nopctsurfcon
250329-13:48:22,313 nipype.workflow INFO:
	 [Node] Finished "_parcstats1", elapsed time 303.221851s.
250329-13:48:33,993 nipype.workflow INFO:
	 [Node] Finished "_parcstats0", elapsed time 314.902689s.
250329-13:48:35,126 nipype.workflow INFO:
	 [Node] Setting-up "_parcstats0" in "/work_dir/fmriprep_24_0_wf/sub_28_wf/anat_fit_wf/surface_recon_wf/autorecon_resume_wf/parcstats/mapflow/_parcstats0".
250329-13:48:35,129 nipype.workflow INFO:
	 [Node] Executing "_parcstats0" <smriprep.interfaces.freesurfer.ReconAll>
250329-13:48:35,131 nipype.interface INFO:
	 recon-all complete : Not running
250329-13:48:35,131 nipype.interface INFO:
	 recon-all complete : Not running
250329-13:48:35,243 nipype.workflow INFO:
	 [Node] Finished "_parcstats0", elapsed time 0.113136s.
250329-13:48:35,249 nipype.workflow INFO:
	 [Node] Setting-up "_parcstats1" in "/work_dir/fmriprep_24_0_wf/sub_28_wf/anat_fit_wf/surface_recon_wf/autorecon_resume_wf/parcstats/mapflow/_parcstats1".
250329-13:48:35,252 nipype.workflow INFO:
	 [Node] Executing "_parcstats1" <smriprep.interfaces.freesurfer.ReconAll>
250329-13:48:35,253 nipype.interface INFO:
	 recon-all complete : Not running
250329-13:48:35,254 nipype.interface INFO:
	 recon-all complete : Not running
250329-13:48:35,356 nipype.workflow INFO:
	 [Node] Finished "_parcstats1", elapsed time 0.103345s.
250329-13:48:37,202 nipype.workflow INFO:
	 [Node] Setting-up "fmriprep_24_0_wf.sub_28_wf.anat_fit_wf.surface_recon_wf.autorecon_resume_wf.autorecon3" in "/work_dir/fmriprep_24_0_wf/sub_28_wf/anat_fit_wf/surface_recon_wf/autorecon_resume_wf/autorecon3".
250329-13:48:37,205 nipype.workflow INFO:
	 [Node] Executing "autorecon3" <smriprep.interfaces.freesurfer.ReconAll>
250329-13:48:37,207 nipype.interface INFO:
	 resume recon-all : recon-all -autorecon3 -openmp 8 -subjid sub-28 -sd /output/sourcedata/freesurfer -nosphere -nosurfreg -nojacobian_white -noavgcurv -nocortparc -nopial -noparcstats -nocortparc2 -noparcstats2 -nocortparc3 -noparcstats3 -nopctsurfcon -nocortribbon -nobalabels
250329-13:48:37,208 nipype.interface INFO:
	 resume recon-all : recon-all -autorecon3 -openmp 8 -subjid sub-28 -sd /output/sourcedata/freesurfer -nosphere -nosurfreg -nojacobian_white -noavgcurv -nocortparc -nopial -noparcstats -nocortparc2 -noparcstats2 -nocortparc3 -noparcstats3 -nopctsurfcon -nocortribbon -nobalabels
250329-13:55:34,364 nipype.workflow INFO:
	 [Node] Finished "autorecon3", elapsed time 417.15729s.
250329-13:55:35,144 nipype.workflow INFO:
	 [Node] Setting-up "fmriprep_24_0_wf.sub_28_wf.anat_fit_wf.surface_recon_wf.get_surfaces" in "/work_dir/fmriprep_24_0_wf/sub_28_wf/anat_fit_wf/surface_recon_wf/get_surfaces".
250329-13:55:35,231 nipype.workflow INFO:
	 [Node] Executing "get_surfaces" <nipype.interfaces.io.FreeSurferSource>
250329-13:55:35,244 nipype.workflow INFO:
	 [Node] Finished "get_surfaces", elapsed time 0.012404s.
250329-13:55:39,137 nipype.workflow INFO:
	 [Node] Setting-up "_midthickness0" in "/work_dir/fmriprep_24_0_wf/sub_28_wf/anat_fit_wf/surface_recon_wf/midthickness/mapflow/_midthickness0".
250329-13:55:39,141 nipype.workflow INFO:
	 [Node] Executing "_midthickness0" <smriprep.interfaces.freesurfer.MakeMidthickness>
250329-13:55:39,225 nipype.workflow INFO:
	 [Node] Setting-up "_midthickness1" in "/work_dir/fmriprep_24_0_wf/sub_28_wf/anat_fit_wf/surface_recon_wf/midthickness/mapflow/_midthickness1".
250329-13:55:39,229 nipype.workflow INFO:
	 [Node] Executing "_midthickness1" <smriprep.interfaces.freesurfer.MakeMidthickness>
250329-15:03:18,10 nipype.workflow INFO:
	 [Node] Finished "_midthickness1", elapsed time 4058.780537s.
250329-15:05:14,498 nipype.workflow INFO:
	 [Node] Finished "_midthickness0", elapsed time 4175.356083s.
250329-15:05:15,445 nipype.workflow INFO:
	 [Node] Setting-up "_midthickness0" in "/work_dir/fmriprep_24_0_wf/sub_28_wf/anat_fit_wf/surface_recon_wf/midthickness/mapflow/_midthickness0".
250329-15:05:15,447 nipype.workflow INFO:
	 [Node] Cached "_midthickness0" - collecting precomputed outputs
250329-15:05:15,447 nipype.workflow INFO:
	 [Node] "_midthickness0" found cached.
250329-15:05:15,448 nipype.workflow INFO:
	 [Node] Setting-up "_midthickness1" in "/work_dir/fmriprep_24_0_wf/sub_28_wf/anat_fit_wf/surface_recon_wf/midthickness/mapflow/_midthickness1".
250329-15:05:15,450 nipype.workflow INFO:
	 [Node] Cached "_midthickness1" - collecting precomputed outputs
250329-15:05:15,450 nipype.workflow INFO:
	 [Node] "_midthickness1" found cached.
250329-15:05:17,433 nipype.workflow INFO:
	 [Node] Setting-up "fmriprep_24_0_wf.sub_28_wf.anat_fit_wf.surface_recon_wf.save_midthickness" in "/work_dir/fmriprep_24_0_wf/sub_28_wf/anat_fit_wf/surface_recon_wf/save_midthickness".
250329-15:05:17,438 nipype.workflow INFO:
	 [Node] Executing "save_midthickness" <nipype.interfaces.io.DataSink>
250329-15:05:17,496 nipype.workflow INFO:
	 [Node] Finished "save_midthickness", elapsed time 0.057705s.
250329-15:05:19,437 nipype.workflow INFO:
	 [Node] Setting-up "fmriprep_24_0_wf.sub_28_wf.anat_fit_wf.surface_recon_wf.sync" in "/work_dir/fmriprep_24_0_wf/sub_28_wf/anat_fit_wf/surface_recon_wf/sync".
250329-15:05:19,440 nipype.workflow INFO:
	 [Node] Executing "sync" <nipype.interfaces.utility.wrappers.Function>
250329-15:05:19,441 nipype.workflow INFO:
	 [Node] Finished "sync", elapsed time 0.000782s.
250329-15:05:21,435 nipype.workflow INFO:
	 [Node] Setting-up "fmriprep_24_0_wf.sub_28_wf.anat_fit_wf.gifti_surface_wf.get_surfaces" in "/work_dir/fmriprep_24_0_wf/sub_28_wf/anat_fit_wf/gifti_surface_wf/get_surfaces".
250329-15:05:21,436 nipype.workflow INFO:
	 [Node] Setting-up "fmriprep_24_0_wf.sub_28_wf.anat_fit_wf.gifti_spheres_wf.get_surfaces" in "/work_dir/fmriprep_24_0_wf/sub_28_wf/anat_fit_wf/gifti_spheres_wf/get_surfaces".
250329-15:05:21,436 nipype.workflow INFO:
	 [Node] Setting-up "fmriprep_24_0_wf.sub_28_wf.anat_fit_wf.gifti_morphometrics_wf.get_surfaces" in "/work_dir/fmriprep_24_0_wf/sub_28_wf/anat_fit_wf/gifti_morphometrics_wf/get_surfaces".
250329-15:05:21,437 nipype.workflow INFO:
	 [Node] Setting-up "fmriprep_24_0_wf.sub_28_wf.anat_fit_wf.refinement_wf.segs_to_native_aseg.fs_datasource" in "/work_dir/fmriprep_24_0_wf/sub_28_wf/anat_fit_wf/refinement_wf/segs_to_native_aseg/fs_datasource".
250329-15:05:21,439 nipype.workflow INFO:
	 [Node] Executing "get_surfaces" <nipype.interfaces.utility.wrappers.Function>
250329-15:05:21,439 nipype.workflow INFO:
	 [Node] Executing "get_surfaces" <nipype.interfaces.io.FreeSurferSource>
250329-15:05:21,439 nipype.workflow INFO:
	 [Node] Executing "get_surfaces" <nipype.interfaces.utility.wrappers.Function>
250329-15:05:21,439 nipype.workflow INFO:
	 [Node] Executing "fs_datasource" <nipype.interfaces.io.FreeSurferSource>
250329-15:05:21,442 nipype.workflow INFO:
	 [Node] Finished "get_surfaces", elapsed time 0.001643s.
250329-15:05:21,442 nipype.workflow INFO:
	 [Node] Finished "get_surfaces", elapsed time 0.002162s.
250329-15:05:21,442 nipype.workflow INFO:
	 [Node] Setting-up "fmriprep_24_0_wf.sub_28_wf.bold_task_bird_run_3_wf.bold_fit_wf.bold_reg_wf.bbreg_wf.mri_coreg" in "/work_dir/fmriprep_24_0_wf/sub_28_wf/bold_task_bird_run_3_wf/bold_fit_wf/bold_reg_wf/bbreg_wf/mri_coreg".
250329-15:05:21,445 nipype.workflow INFO:
	 [Node] Setting-up "fmriprep_24_0_wf.sub_28_wf.bold_task_bird_run_1_wf.bold_fit_wf.bold_reg_wf.bbreg_wf.mri_coreg" in "/work_dir/fmriprep_24_0_wf/sub_28_wf/bold_task_bird_run_1_wf/bold_fit_wf/bold_reg_wf/bbreg_wf/mri_coreg".
250329-15:05:21,446 nipype.workflow INFO:
	 [Node] Executing "mri_coreg" <fmriprep.interfaces.patches.MRICoreg>
250329-15:05:21,450 nipype.workflow INFO:
	 [Node] Executing "mri_coreg" <fmriprep.interfaces.patches.MRICoreg>
250329-15:05:21,452 nipype.workflow INFO:
	 [Node] Finished "get_surfaces", elapsed time 0.012306s.
250329-15:05:21,452 nipype.workflow INFO:
	 [Node] Finished "fs_datasource", elapsed time 0.012119s.
250329-15:05:21,511 nipype.workflow INFO:
	 [Node] Setting-up "fmriprep_24_0_wf.sub_28_wf.bold_task_bird_run_2_wf.bold_fit_wf.bold_reg_wf.bbreg_wf.mri_coreg" in "/work_dir/fmriprep_24_0_wf/sub_28_wf/bold_task_bird_run_2_wf/bold_fit_wf/bold_reg_wf/bbreg_wf/mri_coreg".
250329-15:05:21,515 nipype.workflow INFO:
	 [Node] Executing "mri_coreg" <fmriprep.interfaces.patches.MRICoreg>
250329-15:05:22,827 nipype.workflow INFO:
	 [Node] Setting-up "fmriprep_24_0_wf.sub_28_wf.anat_fit_wf.anat_reports_wf.recon_report" in "/work_dir/fmriprep_24_0_wf/sub_28_wf/anat_fit_wf/anat_reports_wf/recon_report".
250329-15:05:22,830 nipype.workflow INFO:
	 [Node] Executing "recon_report" <smriprep.interfaces.reports.FSSurfaceReport>
250329-15:05:25,567 nipype.workflow INFO:
	 [Node] Setting-up "fmriprep_24_0_wf.sub_28_wf.anat_fit_wf.refinement_wf.segs_to_native_aseg.resample" in "/work_dir/fmriprep_24_0_wf/sub_28_wf/anat_fit_wf/refinement_wf/segs_to_native_aseg/resample".
250329-15:05:25,574 nipype.workflow INFO:
	 [Node] Executing "resample" <nipype.interfaces.freesurfer.preprocess.ApplyVolTransform>
250329-15:05:27,459 nipype.workflow INFO:
	 [Node] Setting-up "_fs2gii1" in "/work_dir/fmriprep_24_0_wf/sub_28_wf/anat_fit_wf/gifti_surface_wf/fs2gii/mapflow/_fs2gii1".
250329-15:05:27,461 nipype.workflow INFO:
	 [Node] Setting-up "_fs2gii2" in "/work_dir/fmriprep_24_0_wf/sub_28_wf/anat_fit_wf/gifti_surface_wf/fs2gii/mapflow/_fs2gii2".
250329-15:05:27,463 nipype.workflow INFO:
	 [Node] Executing "_fs2gii1" <nipype.interfaces.freesurfer.utils.MRIsConvert>
250329-15:05:27,463 nipype.workflow INFO:
	 [Node] Executing "_fs2gii2" <nipype.interfaces.freesurfer.utils.MRIsConvert>
250329-15:05:27,465 nipype.workflow INFO:
	 [Node] Setting-up "_fs2gii3" in "/work_dir/fmriprep_24_0_wf/sub_28_wf/anat_fit_wf/gifti_surface_wf/fs2gii/mapflow/_fs2gii3".
250329-15:05:27,466 nipype.workflow INFO:
	 [Node] Setting-up "_fs2gii4" in "/work_dir/fmriprep_24_0_wf/sub_28_wf/anat_fit_wf/gifti_surface_wf/fs2gii/mapflow/_fs2gii4".
250329-15:05:27,466 nipype.workflow INFO:
	 [Node] Setting-up "_fs2gii5" in "/work_dir/fmriprep_24_0_wf/sub_28_wf/anat_fit_wf/gifti_surface_wf/fs2gii/mapflow/_fs2gii5".
250329-15:05:27,467 nipype.workflow INFO:
	 [Node] Executing "_fs2gii3" <nipype.interfaces.freesurfer.utils.MRIsConvert>
250329-15:05:27,468 nipype.workflow INFO:
	 [Node] Executing "_fs2gii4" <nipype.interfaces.freesurfer.utils.MRIsConvert>
250329-15:05:27,468 nipype.workflow INFO:
	 [Node] Executing "_fs2gii5" <nipype.interfaces.freesurfer.utils.MRIsConvert>
250329-15:05:27,536 nipype.workflow INFO:
	 [Node] Setting-up "_fs2gii0" in "/work_dir/fmriprep_24_0_wf/sub_28_wf/anat_fit_wf/gifti_surface_wf/fs2gii/mapflow/_fs2gii0".
250329-15:05:27,538 nipype.workflow INFO:
	 [Node] Executing "_fs2gii0" <nipype.interfaces.freesurfer.utils.MRIsConvert>
250329-15:05:28,145 nipype.workflow INFO:
	 [Node] Finished "resample", elapsed time 2.569713s.
250329-15:05:29,665 nipype.workflow INFO:
	 [Node] Finished "_fs2gii3", elapsed time 2.19691s.
250329-15:05:29,849 nipype.workflow INFO:
	 [Node] Finished "_fs2gii1", elapsed time 2.385021s.
250329-15:05:30,0 nipype.workflow INFO:
	 [Node] Finished "_fs2gii4", elapsed time 2.531323s.
250329-15:05:30,3 nipype.workflow INFO:
	 [Node] Finished "_fs2gii0", elapsed time 2.464352s.
250329-15:05:30,645 nipype.workflow INFO:
	 [Node] Finished "_fs2gii5", elapsed time 3.175675s.
250329-15:05:30,663 nipype.workflow INFO:
	 [Node] Setting-up "fmriprep_24_0_wf.sub_28_wf.anat_fit_wf.refinement_wf.refine" in "/work_dir/fmriprep_24_0_wf/sub_28_wf/anat_fit_wf/refinement_wf/refine".
250329-15:05:30,666 nipype.workflow INFO:
	 [Node] Executing "refine" <niworkflows.interfaces.freesurfer.RefineBrainMask>
250329-15:05:30,794 nipype.workflow INFO:
	 [Node] Finished "_fs2gii2", elapsed time 3.330111s.
250329-15:05:31,472 nipype.workflow INFO:
	 [Node] Setting-up "_fs2gii0" in "/work_dir/fmriprep_24_0_wf/sub_28_wf/anat_fit_wf/gifti_spheres_wf/fs2gii/mapflow/_fs2gii0".
250329-15:05:31,473 nipype.workflow INFO:
	 [Node] Setting-up "_fs2gii1" in "/work_dir/fmriprep_24_0_wf/sub_28_wf/anat_fit_wf/gifti_spheres_wf/fs2gii/mapflow/_fs2gii1".
250329-15:05:31,474 nipype.workflow INFO:
	 [Node] Executing "_fs2gii0" <nipype.interfaces.freesurfer.utils.MRIsConvert>
250329-15:05:31,475 nipype.workflow INFO:
	 [Node] Executing "_fs2gii1" <nipype.interfaces.freesurfer.utils.MRIsConvert>
250329-15:05:31,476 nipype.workflow INFO:
	 [Node] Setting-up "_fs2gii0" in "/work_dir/fmriprep_24_0_wf/sub_28_wf/anat_fit_wf/gifti_surface_wf/fs2gii/mapflow/_fs2gii0".
250329-15:05:31,477 nipype.workflow INFO:
	 [Node] Cached "_fs2gii0" - collecting precomputed outputs
250329-15:05:31,477 nipype.workflow INFO:
	 [Node] "_fs2gii0" found cached.
250329-15:05:31,478 nipype.workflow INFO:
	 [Node] Setting-up "_fs2gii1" in "/work_dir/fmriprep_24_0_wf/sub_28_wf/anat_fit_wf/gifti_surface_wf/fs2gii/mapflow/_fs2gii1".
250329-15:05:31,480 nipype.workflow INFO:
	 [Node] Setting-up "_fs2gii2" in "/work_dir/fmriprep_24_0_wf/sub_28_wf/anat_fit_wf/gifti_spheres_wf/fs2gii/mapflow/_fs2gii2".
250329-15:05:31,480 nipype.workflow INFO:
	 [Node] Setting-up "_fs2gii3" in "/work_dir/fmriprep_24_0_wf/sub_28_wf/anat_fit_wf/gifti_spheres_wf/fs2gii/mapflow/_fs2gii3".
250329-15:05:31,480 nipype.workflow INFO:
	 [Node] Setting-up "_morphs2gii0" in "/work_dir/fmriprep_24_0_wf/sub_28_wf/anat_fit_wf/gifti_morphometrics_wf/morphs2gii/mapflow/_morphs2gii0".
250329-15:05:31,482 nipype.workflow INFO:
	 [Node] Executing "_fs2gii2" <nipype.interfaces.freesurfer.utils.MRIsConvert>
250329-15:05:31,482 nipype.workflow INFO:
	 [Node] Executing "_fs2gii3" <nipype.interfaces.freesurfer.utils.MRIsConvert>
250329-15:05:31,482 nipype.workflow INFO:
	 [Node] Executing "_morphs2gii0" <smriprep.interfaces.freesurfer.MRIsConvertData>
250329-15:05:31,484 nipype.workflow INFO:
	 [Node] Cached "_fs2gii1" - collecting precomputed outputs
250329-15:05:31,484 nipype.workflow INFO:
	 [Node] "_fs2gii1" found cached.
250329-15:05:31,485 nipype.workflow INFO:
	 [Node] Setting-up "_fs2gii2" in "/work_dir/fmriprep_24_0_wf/sub_28_wf/anat_fit_wf/gifti_surface_wf/fs2gii/mapflow/_fs2gii2".
250329-15:05:31,486 nipype.workflow INFO:
	 [Node] Cached "_fs2gii2" - collecting precomputed outputs
250329-15:05:31,486 nipype.workflow INFO:
	 [Node] "_fs2gii2" found cached.
250329-15:05:31,487 nipype.workflow INFO:
	 [Node] Setting-up "_fs2gii3" in "/work_dir/fmriprep_24_0_wf/sub_28_wf/anat_fit_wf/gifti_surface_wf/fs2gii/mapflow/_fs2gii3".
250329-15:05:31,488 nipype.workflow INFO:
	 [Node] Cached "_fs2gii3" - collecting precomputed outputs
250329-15:05:31,488 nipype.workflow INFO:
	 [Node] "_fs2gii3" found cached.
250329-15:05:31,489 nipype.workflow INFO:
	 [Node] Setting-up "_fs2gii4" in "/work_dir/fmriprep_24_0_wf/sub_28_wf/anat_fit_wf/gifti_surface_wf/fs2gii/mapflow/_fs2gii4".
250329-15:05:31,489 nipype.workflow INFO:
	 [Node] Cached "_fs2gii4" - collecting precomputed outputs
250329-15:05:31,490 nipype.workflow INFO:
	 [Node] "_fs2gii4" found cached.
250329-15:05:31,491 nipype.workflow INFO:
	 [Node] Setting-up "_fs2gii5" in "/work_dir/fmriprep_24_0_wf/sub_28_wf/anat_fit_wf/gifti_surface_wf/fs2gii/mapflow/_fs2gii5".
250329-15:05:31,491 nipype.workflow INFO:
	 [Node] Cached "_fs2gii5" - collecting precomputed outputs
250329-15:05:31,492 nipype.workflow INFO:
	 [Node] "_fs2gii5" found cached.
250329-15:05:32,883 nipype.workflow INFO:
	 [Node] Finished "_morphs2gii0", elapsed time 1.399656s.
250329-15:05:33,556 nipype.workflow INFO:
	 [Node] Setting-up "_morphs2gii1" in "/work_dir/fmriprep_24_0_wf/sub_28_wf/anat_fit_wf/gifti_morphometrics_wf/morphs2gii/mapflow/_morphs2gii1".
250329-15:05:33,558 nipype.workflow INFO:
	 [Node] Executing "_morphs2gii1" <smriprep.interfaces.freesurfer.MRIsConvertData>
250329-15:05:33,565 nipype.workflow INFO:
	 [Node] Setting-up "_morphs2gii2" in "/work_dir/fmriprep_24_0_wf/sub_28_wf/anat_fit_wf/gifti_morphometrics_wf/morphs2gii/mapflow/_morphs2gii2".
250329-15:05:33,567 nipype.workflow INFO:
	 [Node] Executing "_morphs2gii2" <smriprep.interfaces.freesurfer.MRIsConvertData>
250329-15:05:33,706 nipype.workflow INFO:
	 [Node] Finished "_fs2gii0", elapsed time 2.231335s.
250329-15:05:33,780 nipype.workflow INFO:
	 [Node] Finished "_fs2gii1", elapsed time 2.304062s.
250329-15:05:33,866 nipype.workflow INFO:
	 [Node] Finished "_fs2gii3", elapsed time 2.382457s.
250329-15:05:34,77 nipype.workflow INFO:
	 [Node] Finished "_fs2gii2", elapsed time 2.594764s.
250329-15:05:34,855 nipype.workflow INFO:
	 [Node] Finished "_morphs2gii2", elapsed time 1.286935s.
250329-15:05:34,888 nipype.workflow INFO:
	 [Node] Finished "_morphs2gii1", elapsed time 1.329632s.
250329-15:05:35,454 nipype.workflow INFO:
	 [Node] Setting-up "_morphs2gii3" in "/work_dir/fmriprep_24_0_wf/sub_28_wf/anat_fit_wf/gifti_morphometrics_wf/morphs2gii/mapflow/_morphs2gii3".
250329-15:05:35,456 nipype.workflow INFO:
	 [Node] Executing "_morphs2gii3" <smriprep.interfaces.freesurfer.MRIsConvertData>
250329-15:05:35,458 nipype.workflow INFO:
	 [Node] Setting-up "_fs2gii0" in "/work_dir/fmriprep_24_0_wf/sub_28_wf/anat_fit_wf/gifti_spheres_wf/fs2gii/mapflow/_fs2gii0".
250329-15:05:35,459 nipype.workflow INFO:
	 [Node] Cached "_fs2gii0" - collecting precomputed outputs
250329-15:05:35,459 nipype.workflow INFO:
	 [Node] "_fs2gii0" found cached.
250329-15:05:35,460 nipype.workflow INFO:
	 [Node] Setting-up "_fs2gii1" in "/work_dir/fmriprep_24_0_wf/sub_28_wf/anat_fit_wf/gifti_spheres_wf/fs2gii/mapflow/_fs2gii1".
250329-15:05:35,461 nipype.workflow INFO:
	 [Node] Cached "_fs2gii1" - collecting precomputed outputs
250329-15:05:35,461 nipype.workflow INFO:
	 [Node] "_fs2gii1" found cached.
250329-15:05:35,462 nipype.workflow INFO:
	 [Node] Setting-up "_fix_surfs1" in "/work_dir/fmriprep_24_0_wf/sub_28_wf/anat_fit_wf/gifti_surface_wf/fix_surfs/mapflow/_fix_surfs1".
250329-15:05:35,462 nipype.workflow INFO:
	 [Node] Setting-up "_fs2gii2" in "/work_dir/fmriprep_24_0_wf/sub_28_wf/anat_fit_wf/gifti_spheres_wf/fs2gii/mapflow/_fs2gii2".
250329-15:05:35,463 nipype.workflow INFO:
	 [Node] Setting-up "_fix_surfs0" in "/work_dir/fmriprep_24_0_wf/sub_28_wf/anat_fit_wf/gifti_surface_wf/fix_surfs/mapflow/_fix_surfs0".
250329-15:05:35,463 nipype.workflow INFO:
	 [Node] Cached "_fs2gii2" - collecting precomputed outputs
250329-15:05:35,463 nipype.workflow INFO:
	 [Node] "_fs2gii2" found cached.
250329-15:05:35,464 nipype.workflow INFO:
	 [Node] Executing "_fix_surfs1" <smriprep.interfaces.surf.NormalizeSurf>
250329-15:05:35,464 nipype.workflow INFO:
	 [Node] Setting-up "_fs2gii3" in "/work_dir/fmriprep_24_0_wf/sub_28_wf/anat_fit_wf/gifti_spheres_wf/fs2gii/mapflow/_fs2gii3".
250329-15:05:35,465 nipype.workflow INFO:
	 [Node] Executing "_fix_surfs0" <smriprep.interfaces.surf.NormalizeSurf>
250329-15:05:35,465 nipype.workflow INFO:
	 [Node] Cached "_fs2gii3" - collecting precomputed outputs
250329-15:05:35,465 nipype.workflow INFO:
	 [Node] "_fs2gii3" found cached.
250329-15:05:35,565 nipype.workflow INFO:
	 [Node] Setting-up "_fix_surfs2" in "/work_dir/fmriprep_24_0_wf/sub_28_wf/anat_fit_wf/gifti_surface_wf/fix_surfs/mapflow/_fix_surfs2".
250329-15:05:35,567 nipype.workflow INFO:
	 [Node] Executing "_fix_surfs2" <smriprep.interfaces.surf.NormalizeSurf>
250329-15:05:35,793 nipype.workflow INFO:
	 [Node] Setting-up "_fix_surfs3" in "/work_dir/fmriprep_24_0_wf/sub_28_wf/anat_fit_wf/gifti_surface_wf/fix_surfs/mapflow/_fix_surfs3".
250329-15:05:35,795 nipype.workflow INFO:
	 [Node] Executing "_fix_surfs3" <smriprep.interfaces.surf.NormalizeSurf>
250329-15:05:36,311 nipype.workflow INFO:
	 [Node] Finished "_fix_surfs0", elapsed time 0.84562s.
250329-15:05:36,351 nipype.workflow INFO:
	 [Node] Finished "_fix_surfs1", elapsed time 0.886866s.
250329-15:05:36,759 nipype.workflow INFO:
	 [Node] Finished "_fix_surfs2", elapsed time 1.1917740000000001s.
250329-15:05:36,790 nipype.workflow INFO:
	 [Node] Finished "_morphs2gii3", elapsed time 1.332723s.
250329-15:05:36,843 nipype.workflow INFO:
	 [Node] Finished "_fix_surfs3", elapsed time 1.046692s.
250329-15:05:37,475 nipype.workflow INFO:
	 [Node] Setting-up "_morphs2gii0" in "/work_dir/fmriprep_24_0_wf/sub_28_wf/anat_fit_wf/gifti_morphometrics_wf/morphs2gii/mapflow/_morphs2gii0".
250329-15:05:37,476 nipype.workflow INFO:
	 [Node] Cached "_morphs2gii0" - collecting precomputed outputs
250329-15:05:37,476 nipype.workflow INFO:
	 [Node] "_morphs2gii0" found cached.
250329-15:05:37,477 nipype.workflow INFO:
	 [Node] Setting-up "_morphs2gii1" in "/work_dir/fmriprep_24_0_wf/sub_28_wf/anat_fit_wf/gifti_morphometrics_wf/morphs2gii/mapflow/_morphs2gii1".
250329-15:05:37,478 nipype.workflow INFO:
	 [Node] Cached "_morphs2gii1" - collecting precomputed outputs
250329-15:05:37,478 nipype.workflow INFO:
	 [Node] "_morphs2gii1" found cached.
250329-15:05:37,479 nipype.workflow INFO:
	 [Node] Setting-up "_morphs2gii2" in "/work_dir/fmriprep_24_0_wf/sub_28_wf/anat_fit_wf/gifti_morphometrics_wf/morphs2gii/mapflow/_morphs2gii2".
250329-15:05:37,480 nipype.workflow INFO:
	 [Node] Cached "_morphs2gii2" - collecting precomputed outputs
250329-15:05:37,480 nipype.workflow INFO:
	 [Node] "_morphs2gii2" found cached.
250329-15:05:37,481 nipype.workflow INFO:
	 [Node] Setting-up "_morphs2gii3" in "/work_dir/fmriprep_24_0_wf/sub_28_wf/anat_fit_wf/gifti_morphometrics_wf/morphs2gii/mapflow/_morphs2gii3".
250329-15:05:37,482 nipype.workflow INFO:
	 [Node] Cached "_morphs2gii3" - collecting precomputed outputs
250329-15:05:37,482 nipype.workflow INFO:
	 [Node] "_morphs2gii3" found cached.
250329-15:05:37,484 nipype.workflow INFO:
	 [Node] Setting-up "_fix_surfs4" in "/work_dir/fmriprep_24_0_wf/sub_28_wf/anat_fit_wf/gifti_surface_wf/fix_surfs/mapflow/_fix_surfs4".
250329-15:05:37,484 nipype.workflow INFO:
	 [Node] Setting-up "_fix_surfs5" in "/work_dir/fmriprep_24_0_wf/sub_28_wf/anat_fit_wf/gifti_surface_wf/fix_surfs/mapflow/_fix_surfs5".
250329-15:05:37,485 nipype.workflow INFO:
	 [Node] Executing "_fix_surfs4" <smriprep.interfaces.surf.NormalizeSurf>
250329-15:05:37,486 nipype.workflow INFO:
	 [Node] Executing "_fix_surfs5" <smriprep.interfaces.surf.NormalizeSurf>
250329-15:05:38,271 nipype.workflow INFO:
	 [Node] Finished "_fix_surfs5", elapsed time 0.784974s.
250329-15:05:38,273 nipype.workflow INFO:
	 [Node] Finished "_fix_surfs4", elapsed time 0.786463s.
250329-15:05:39,513 nipype.workflow INFO:
	 [Node] Setting-up "_fix_surfs0" in "/work_dir/fmriprep_24_0_wf/sub_28_wf/anat_fit_wf/gifti_surface_wf/fix_surfs/mapflow/_fix_surfs0".
250329-15:05:39,514 nipype.workflow INFO:
	 [Node] Cached "_fix_surfs0" - collecting precomputed outputs
250329-15:05:39,514 nipype.workflow INFO:
	 [Node] "_fix_surfs0" found cached.
250329-15:05:39,515 nipype.workflow INFO:
	 [Node] Setting-up "_fix_surfs1" in "/work_dir/fmriprep_24_0_wf/sub_28_wf/anat_fit_wf/gifti_surface_wf/fix_surfs/mapflow/_fix_surfs1".
250329-15:05:39,515 nipype.workflow INFO:
	 [Node] Cached "_fix_surfs1" - collecting precomputed outputs
250329-15:05:39,515 nipype.workflow INFO:
	 [Node] "_fix_surfs1" found cached.
250329-15:05:39,516 nipype.workflow INFO:
	 [Node] Setting-up "_fix_surfs2" in "/work_dir/fmriprep_24_0_wf/sub_28_wf/anat_fit_wf/gifti_surface_wf/fix_surfs/mapflow/_fix_surfs2".
250329-15:05:39,517 nipype.workflow INFO:
	 [Node] Cached "_fix_surfs2" - collecting precomputed outputs
250329-15:05:39,517 nipype.workflow INFO:
	 [Node] "_fix_surfs2" found cached.
250329-15:05:39,518 nipype.workflow INFO:
	 [Node] Setting-up "_fix_surfs3" in "/work_dir/fmriprep_24_0_wf/sub_28_wf/anat_fit_wf/gifti_surface_wf/fix_surfs/mapflow/_fix_surfs3".
250329-15:05:39,518 nipype.workflow INFO:
	 [Node] Cached "_fix_surfs3" - collecting precomputed outputs
250329-15:05:39,518 nipype.workflow INFO:
	 [Node] "_fix_surfs3" found cached.
250329-15:05:39,519 nipype.workflow INFO:
	 [Node] Setting-up "_fix_surfs4" in "/work_dir/fmriprep_24_0_wf/sub_28_wf/anat_fit_wf/gifti_surface_wf/fix_surfs/mapflow/_fix_surfs4".
250329-15:05:39,520 nipype.workflow INFO:
	 [Node] Cached "_fix_surfs4" - collecting precomputed outputs
250329-15:05:39,520 nipype.workflow INFO:
	 [Node] "_fix_surfs4" found cached.
250329-15:05:39,521 nipype.workflow INFO:
	 [Node] Setting-up "_fix_surfs5" in "/work_dir/fmriprep_24_0_wf/sub_28_wf/anat_fit_wf/gifti_surface_wf/fix_surfs/mapflow/_fix_surfs5".
250329-15:05:39,522 nipype.workflow INFO:
	 [Node] Cached "_fix_surfs5" - collecting precomputed outputs
250329-15:05:39,522 nipype.workflow INFO:
	 [Node] "_fix_surfs5" found cached.
250329-15:05:39,642 nipype.workflow INFO:
	 [Node] Setting-up "_fix_surfs0" in "/work_dir/fmriprep_24_0_wf/sub_28_wf/anat_fit_wf/gifti_spheres_wf/fix_surfs/mapflow/_fix_surfs0".
250329-15:05:39,643 nipype.workflow INFO:
	 [Node] Executing "_fix_surfs0" <smriprep.interfaces.surf.NormalizeSurf>
250329-15:05:39,644 nipype.workflow INFO:
	 [Node] Setting-up "_fix_surfs1" in "/work_dir/fmriprep_24_0_wf/sub_28_wf/anat_fit_wf/gifti_spheres_wf/fix_surfs/mapflow/_fix_surfs1".
250329-15:05:39,646 nipype.workflow INFO:
	 [Node] Executing "_fix_surfs1" <smriprep.interfaces.surf.NormalizeSurf>
250329-15:05:39,767 nipype.workflow INFO:
	 [Node] Setting-up "_fix_surfs2" in "/work_dir/fmriprep_24_0_wf/sub_28_wf/anat_fit_wf/gifti_spheres_wf/fix_surfs/mapflow/_fix_surfs2".
250329-15:05:39,768 nipype.workflow INFO:
	 [Node] Executing "_fix_surfs2" <smriprep.interfaces.surf.NormalizeSurf>
250329-15:05:39,896 nipype.workflow INFO:
	 [Node] Setting-up "_fix_surfs3" in "/work_dir/fmriprep_24_0_wf/sub_28_wf/anat_fit_wf/gifti_spheres_wf/fix_surfs/mapflow/_fix_surfs3".
250329-15:05:39,897 nipype.workflow INFO:
	 [Node] Executing "_fix_surfs3" <smriprep.interfaces.surf.NormalizeSurf>
250329-15:05:40,435 nipype.workflow INFO:
	 [Node] Finished "_fix_surfs1", elapsed time 0.788613s.
250329-15:05:40,598 nipype.workflow INFO:
	 [Node] Finished "_fix_surfs0", elapsed time 0.954043s.
250329-15:05:40,837 nipype.workflow INFO:
	 [Node] Finished "_fix_surfs2", elapsed time 1.068121s.
250329-15:05:40,866 nipype.workflow INFO:
	 [Node] Finished "_fix_surfs3", elapsed time 0.968088s.
250329-15:05:41,518 nipype.workflow INFO:
	 [Node] Setting-up "_fix_surfs0" in "/work_dir/fmriprep_24_0_wf/sub_28_wf/anat_fit_wf/gifti_spheres_wf/fix_surfs/mapflow/_fix_surfs0".
250329-15:05:41,519 nipype.workflow INFO:
	 [Node] Cached "_fix_surfs0" - collecting precomputed outputs
250329-15:05:41,520 nipype.workflow INFO:
	 [Node] "_fix_surfs0" found cached.
250329-15:05:41,520 nipype.workflow INFO:
	 [Node] Setting-up "_fix_surfs1" in "/work_dir/fmriprep_24_0_wf/sub_28_wf/anat_fit_wf/gifti_spheres_wf/fix_surfs/mapflow/_fix_surfs1".
250329-15:05:41,521 nipype.workflow INFO:
	 [Node] Cached "_fix_surfs1" - collecting precomputed outputs
250329-15:05:41,521 nipype.workflow INFO:
	 [Node] "_fix_surfs1" found cached.
250329-15:05:41,522 nipype.workflow INFO:
	 [Node] Setting-up "_fix_surfs2" in "/work_dir/fmriprep_24_0_wf/sub_28_wf/anat_fit_wf/gifti_spheres_wf/fix_surfs/mapflow/_fix_surfs2".
250329-15:05:41,522 nipype.workflow INFO:
	 [Node] Cached "_fix_surfs2" - collecting precomputed outputs
250329-15:05:41,523 nipype.workflow INFO:
	 [Node] "_fix_surfs2" found cached.
250329-15:05:41,523 nipype.workflow INFO:
	 [Node] Setting-up "_fix_surfs3" in "/work_dir/fmriprep_24_0_wf/sub_28_wf/anat_fit_wf/gifti_spheres_wf/fix_surfs/mapflow/_fix_surfs3".
250329-15:05:41,524 nipype.workflow INFO:
	 [Node] Cached "_fix_surfs3" - collecting precomputed outputs
250329-15:05:41,524 nipype.workflow INFO:
	 [Node] "_fix_surfs3" found cached.
250329-15:05:44,479 nipype.workflow INFO:
	 [Node] Setting-up "_invert_sulc0" in "/work_dir/fmriprep_24_0_wf/sub_28_wf/anat_fit_wf/msm_sulc_wf/invert_sulc/mapflow/_invert_sulc0".
250329-15:05:44,481 nipype.workflow INFO:
	 [Node] Setting-up "_invert_sulc1" in "/work_dir/fmriprep_24_0_wf/sub_28_wf/anat_fit_wf/msm_sulc_wf/invert_sulc/mapflow/_invert_sulc1".
250329-15:05:44,481 nipype.workflow INFO:
	 [Node] Executing "_invert_sulc0" <smriprep.interfaces.gifti.MetricMath>
250329-15:05:44,483 nipype.workflow INFO:
	 [Node] Executing "_invert_sulc1" <smriprep.interfaces.gifti.MetricMath>
250329-15:05:44,529 nipype.workflow INFO:
	 [Node] Finished "_invert_sulc1", elapsed time 0.045255s.
250329-15:05:44,529 nipype.workflow INFO:
	 [Node] Finished "_invert_sulc0", elapsed time 0.046995s.
250329-15:05:45,920 nipype.workflow INFO:
	 [Node] Setting-up "_invert_sulc0" in "/work_dir/fmriprep_24_0_wf/sub_28_wf/anat_fit_wf/msm_sulc_wf/invert_sulc/mapflow/_invert_sulc0".
250329-15:05:45,921 nipype.workflow INFO:
	 [Node] Cached "_invert_sulc0" - collecting precomputed outputs
250329-15:05:45,922 nipype.workflow INFO:
	 [Node] "_invert_sulc0" found cached.
250329-15:05:45,922 nipype.workflow INFO:
	 [Node] Setting-up "_invert_sulc1" in "/work_dir/fmriprep_24_0_wf/sub_28_wf/anat_fit_wf/msm_sulc_wf/invert_sulc/mapflow/_invert_sulc1".
250329-15:05:45,923 nipype.workflow INFO:
	 [Node] Cached "_invert_sulc1" - collecting precomputed outputs
250329-15:05:45,923 nipype.workflow INFO:
	 [Node] "_invert_sulc1" found cached.
250329-15:05:47,538 nipype.workflow INFO:
	 [Node] Setting-up "_create_wm_distvol0" in "/work_dir/fmriprep_24_0_wf/sub_28_wf/anat_fit_wf/anat_ribbon_wf/create_wm_distvol/mapflow/_create_wm_distvol0".
250329-15:05:47,541 nipype.workflow INFO:
	 [Node] Executing "_create_wm_distvol0" <smriprep.interfaces.workbench.CreateSignedDistanceVolume>
250329-15:05:47,545 nipype.workflow INFO:
	 [Node] Setting-up "_create_wm_distvol1" in "/work_dir/fmriprep_24_0_wf/sub_28_wf/anat_fit_wf/anat_ribbon_wf/create_wm_distvol/mapflow/_create_wm_distvol1".
250329-15:05:47,546 nipype.workflow INFO:
	 [Node] Setting-up "_create_pial_distvol1" in "/work_dir/fmriprep_24_0_wf/sub_28_wf/anat_fit_wf/anat_ribbon_wf/create_pial_distvol/mapflow/_create_pial_distvol1".
250329-15:05:47,547 nipype.workflow INFO:
	 [Node] Executing "_create_wm_distvol1" <smriprep.interfaces.workbench.CreateSignedDistanceVolume>
250329-15:05:47,548 nipype.workflow INFO:
	 [Node] Executing "_create_pial_distvol1" <smriprep.interfaces.workbench.CreateSignedDistanceVolume>
250329-15:05:47,552 nipype.workflow INFO:
	 [Node] Setting-up "_create_pial_distvol0" in "/work_dir/fmriprep_24_0_wf/sub_28_wf/anat_fit_wf/anat_ribbon_wf/create_pial_distvol/mapflow/_create_pial_distvol0".
250329-15:05:47,554 nipype.workflow INFO:
	 [Node] Executing "_create_pial_distvol0" <smriprep.interfaces.workbench.CreateSignedDistanceVolume>
250329-15:05:47,651 nipype.workflow INFO:
	 [Node] Finished "recon_report", elapsed time 24.820455s.
250329-15:05:50,666 nipype.workflow INFO:
	 [Node] Setting-up "_project_unproject1" in "/work_dir/fmriprep_24_0_wf/sub_28_wf/anat_fit_wf/fsLR_reg_wf/project_unproject/mapflow/_project_unproject1".
250329-15:05:50,668 nipype.workflow INFO:
	 [Node] Setting-up "_project_unproject0" in "/work_dir/fmriprep_24_0_wf/sub_28_wf/anat_fit_wf/fsLR_reg_wf/project_unproject/mapflow/_project_unproject0".
250329-15:05:50,668 nipype.workflow INFO:
	 [Node] Executing "_project_unproject1" <smriprep.interfaces.workbench.SurfaceSphereProjectUnproject>
250329-15:05:50,670 nipype.workflow INFO:
	 [Node] Executing "_project_unproject0" <smriprep.interfaces.workbench.SurfaceSphereProjectUnproject>
250329-15:06:00,5 nipype.workflow INFO:
	 [Node] Finished "_project_unproject1", elapsed time 8.774953s.
250329-15:06:00,107 nipype.workflow INFO:
	 [Node] Finished "_project_unproject0", elapsed time 8.928259s.
250329-15:06:00,943 nipype.workflow INFO:
	 [Node] Setting-up "_project_unproject0" in "/work_dir/fmriprep_24_0_wf/sub_28_wf/anat_fit_wf/fsLR_reg_wf/project_unproject/mapflow/_project_unproject0".
250329-15:06:00,944 nipype.workflow INFO:
	 [Node] Cached "_project_unproject0" - collecting precomputed outputs
250329-15:06:00,944 nipype.workflow INFO:
	 [Node] "_project_unproject0" found cached.
250329-15:06:00,945 nipype.workflow INFO:
	 [Node] Setting-up "_project_unproject1" in "/work_dir/fmriprep_24_0_wf/sub_28_wf/anat_fit_wf/fsLR_reg_wf/project_unproject/mapflow/_project_unproject1".
250329-15:06:00,946 nipype.workflow INFO:
	 [Node] Cached "_project_unproject1" - collecting precomputed outputs
250329-15:06:00,946 nipype.workflow INFO:
	 [Node] "_project_unproject1" found cached.
250329-15:06:11,40 nipype.workflow INFO:
	 [Node] Setting-up "_regress_affine0" in "/work_dir/fmriprep_24_0_wf/sub_28_wf/anat_fit_wf/msm_sulc_wf/regress_affine/mapflow/_regress_affine0".
250329-15:06:11,42 nipype.workflow INFO:
	 [Node] Executing "_regress_affine0" <smriprep.interfaces.workbench.SurfaceAffineRegression>
250329-15:06:11,48 nipype.workflow INFO:
	 [Node] Setting-up "_regress_affine1" in "/work_dir/fmriprep_24_0_wf/sub_28_wf/anat_fit_wf/msm_sulc_wf/regress_affine/mapflow/_regress_affine1".
250329-15:06:11,49 nipype.workflow INFO:
	 [Node] Executing "_regress_affine1" <smriprep.interfaces.workbench.SurfaceAffineRegression>
250329-15:06:12,601 nipype.workflow INFO:
	 [Node] Finished "_regress_affine0", elapsed time 1.065928s.
250329-15:06:12,613 nipype.workflow INFO:
	 [Node] Finished "_regress_affine1", elapsed time 1.078432s.
250329-15:06:13,388 nipype.workflow INFO:
	 [Node] Setting-up "_regress_affine0" in "/work_dir/fmriprep_24_0_wf/sub_28_wf/anat_fit_wf/msm_sulc_wf/regress_affine/mapflow/_regress_affine0".
250329-15:06:13,389 nipype.workflow INFO:
	 [Node] Cached "_regress_affine0" - collecting precomputed outputs
250329-15:06:13,389 nipype.workflow INFO:
	 [Node] "_regress_affine0" found cached.
250329-15:06:13,390 nipype.workflow INFO:
	 [Node] Setting-up "_regress_affine1" in "/work_dir/fmriprep_24_0_wf/sub_28_wf/anat_fit_wf/msm_sulc_wf/regress_affine/mapflow/_regress_affine1".
250329-15:06:13,391 nipype.workflow INFO:
	 [Node] Cached "_regress_affine1" - collecting precomputed outputs
250329-15:06:13,391 nipype.workflow INFO:
	 [Node] "_regress_affine1" found cached.
250329-15:06:17,380 nipype.workflow INFO:
	 [Node] Setting-up "_apply_surface_affine0" in "/work_dir/fmriprep_24_0_wf/sub_28_wf/anat_fit_wf/msm_sulc_wf/apply_surface_affine/mapflow/_apply_surface_affine0".
250329-15:06:17,382 nipype.workflow INFO:
	 [Node] Executing "_apply_surface_affine0" <smriprep.interfaces.workbench.SurfaceApplyAffine>
250329-15:06:17,391 nipype.workflow INFO:
	 [Node] Setting-up "_apply_surface_affine1" in "/work_dir/fmriprep_24_0_wf/sub_28_wf/anat_fit_wf/msm_sulc_wf/apply_surface_affine/mapflow/_apply_surface_affine1".
250329-15:06:17,393 nipype.workflow INFO:
	 [Node] Executing "_apply_surface_affine1" <smriprep.interfaces.workbench.SurfaceApplyAffine>
250329-15:06:22,529 nipype.workflow INFO:
	 [Node] Finished "_apply_surface_affine1", elapsed time 4.410325s.
250329-15:06:22,646 nipype.workflow INFO:
	 [Node] Finished "_apply_surface_affine0", elapsed time 4.549749s.
250329-15:06:23,388 nipype.workflow INFO:
	 [Node] Setting-up "_apply_surface_affine0" in "/work_dir/fmriprep_24_0_wf/sub_28_wf/anat_fit_wf/msm_sulc_wf/apply_surface_affine/mapflow/_apply_surface_affine0".
250329-15:06:23,389 nipype.workflow INFO:
	 [Node] Cached "_apply_surface_affine0" - collecting precomputed outputs
250329-15:06:23,390 nipype.workflow INFO:
	 [Node] "_apply_surface_affine0" found cached.
250329-15:06:23,390 nipype.workflow INFO:
	 [Node] Setting-up "_apply_surface_affine1" in "/work_dir/fmriprep_24_0_wf/sub_28_wf/anat_fit_wf/msm_sulc_wf/apply_surface_affine/mapflow/_apply_surface_affine1".
250329-15:06:23,391 nipype.workflow INFO:
	 [Node] Cached "_apply_surface_affine1" - collecting precomputed outputs
250329-15:06:23,391 nipype.workflow INFO:
	 [Node] "_apply_surface_affine1" found cached.
250329-15:06:27,380 nipype.workflow INFO:
	 [Node] Setting-up "_modify_sphere0" in "/work_dir/fmriprep_24_0_wf/sub_28_wf/anat_fit_wf/msm_sulc_wf/modify_sphere/mapflow/_modify_sphere0".
250329-15:06:27,382 nipype.workflow INFO:
	 [Node] Executing "_modify_sphere0" <smriprep.interfaces.workbench.SurfaceModifySphere>
250329-15:06:27,392 nipype.workflow INFO:
	 [Node] Setting-up "_modify_sphere1" in "/work_dir/fmriprep_24_0_wf/sub_28_wf/anat_fit_wf/msm_sulc_wf/modify_sphere/mapflow/_modify_sphere1".
250329-15:06:27,394 nipype.workflow INFO:
	 [Node] Executing "_modify_sphere1" <smriprep.interfaces.workbench.SurfaceModifySphere>
250329-15:06:32,335 nipype.workflow INFO:
	 [Node] Finished "_modify_sphere1", elapsed time 4.229624s.
250329-15:06:33,141 nipype.workflow INFO:
	 [Node] Finished "_modify_sphere0", elapsed time 5.046785s.
250329-15:06:35,386 nipype.workflow INFO:
	 [Node] Setting-up "_modify_sphere0" in "/work_dir/fmriprep_24_0_wf/sub_28_wf/anat_fit_wf/msm_sulc_wf/modify_sphere/mapflow/_modify_sphere0".
250329-15:06:35,387 nipype.workflow INFO:
	 [Node] Cached "_modify_sphere0" - collecting precomputed outputs
250329-15:06:35,387 nipype.workflow INFO:
	 [Node] "_modify_sphere0" found cached.
250329-15:06:35,388 nipype.workflow INFO:
	 [Node] Setting-up "_modify_sphere1" in "/work_dir/fmriprep_24_0_wf/sub_28_wf/anat_fit_wf/msm_sulc_wf/modify_sphere/mapflow/_modify_sphere1".
250329-15:06:35,388 nipype.workflow INFO:
	 [Node] Cached "_modify_sphere1" - collecting precomputed outputs
250329-15:06:35,389 nipype.workflow INFO:
	 [Node] "_modify_sphere1" found cached.
250329-15:06:39,374 nipype.workflow INFO:
	 [Node] Setting-up "_msmsulc0" in "/work_dir/fmriprep_24_0_wf/sub_28_wf/anat_fit_wf/msm_sulc_wf/msmsulc/mapflow/_msmsulc0".
250329-15:06:39,376 nipype.workflow INFO:
	 [Node] Executing "_msmsulc0" <smriprep.interfaces.msm.MSM>
250329-15:06:39,386 nipype.workflow INFO:
	 [Node] Setting-up "_msmsulc1" in "/work_dir/fmriprep_24_0_wf/sub_28_wf/anat_fit_wf/msm_sulc_wf/msmsulc/mapflow/_msmsulc1".
250329-15:06:39,388 nipype.workflow INFO:
	 [Node] Executing "_msmsulc1" <smriprep.interfaces.msm.MSM>
250329-15:06:39,956 nipype.workflow INFO:
	 [Node] Finished "mri_coreg", elapsed time 78.440399s.
250329-15:06:41,369 nipype.workflow INFO:
	 [Node] Setting-up "fmriprep_24_0_wf.sub_28_wf.bold_task_bird_run_4_wf.bold_fit_wf.bold_reg_wf.bbreg_wf.mri_coreg" in "/work_dir/fmriprep_24_0_wf/sub_28_wf/bold_task_bird_run_4_wf/bold_fit_wf/bold_reg_wf/bbreg_wf/mri_coreg".
250329-15:06:41,373 nipype.workflow INFO:
	 [Node] Executing "mri_coreg" <fmriprep.interfaces.patches.MRICoreg>
250329-15:06:41,579 nipype.workflow INFO:
	 [Node] Setting-up "fmriprep_24_0_wf.sub_28_wf.bold_task_bird_run_2_wf.bold_fit_wf.bold_reg_wf.bbreg_wf.bbregister" in "/work_dir/fmriprep_24_0_wf/sub_28_wf/bold_task_bird_run_2_wf/bold_fit_wf/bold_reg_wf/bbreg_wf/bbregister".
250329-15:06:41,610 nipype.workflow INFO:
	 [Node] Executing "bbregister" <nipype.interfaces.freesurfer.preprocess.BBRegister>
250329-15:06:43,764 nipype.workflow INFO:
	 [Node] Finished "mri_coreg", elapsed time 82.313181s.
250329-15:06:45,191 nipype.workflow INFO:
	 [Node] Setting-up "fmriprep_24_0_wf.sub_28_wf.bold_task_bird_run_5_wf.bold_fit_wf.bold_reg_wf.bbreg_wf.mri_coreg" in "/work_dir/fmriprep_24_0_wf/sub_28_wf/bold_task_bird_run_5_wf/bold_fit_wf/bold_reg_wf/bbreg_wf/mri_coreg".
250329-15:06:45,202 nipype.workflow INFO:
	 [Node] Executing "mri_coreg" <fmriprep.interfaces.patches.MRICoreg>
250329-15:06:45,403 nipype.workflow INFO:
	 [Node] Finished "mri_coreg", elapsed time 83.95553s.
250329-15:06:47,56 nipype.workflow INFO:
	 [Node] Setting-up "fmriprep_24_0_wf.sub_28_wf.bold_task_bird_run_6_wf.bold_fit_wf.bold_reg_wf.bbreg_wf.mri_coreg" in "/work_dir/fmriprep_24_0_wf/sub_28_wf/bold_task_bird_run_6_wf/bold_fit_wf/bold_reg_wf/bbreg_wf/mri_coreg".
250329-15:06:47,60 nipype.workflow INFO:
	 [Node] Executing "mri_coreg" <fmriprep.interfaces.patches.MRICoreg>
250329-15:06:52,137 nipype.workflow INFO:
	 [Node] Finished "refine", elapsed time 81.470095s.
250329-15:06:53,28 nipype.workflow INFO:
	 [Node] Setting-up "fmriprep_24_0_wf.sub_28_wf.bold_task_bird_run_1_wf.bold_fit_wf.bold_reg_wf.bbreg_wf.bbregister" in "/work_dir/fmriprep_24_0_wf/sub_28_wf/bold_task_bird_run_1_wf/bold_fit_wf/bold_reg_wf/bbreg_wf/bbregister".
250329-15:06:53,39 nipype.workflow INFO:
	 [Node] Executing "bbregister" <nipype.interfaces.freesurfer.preprocess.BBRegister>
250329-15:07:39,664 nipype.workflow INFO:
	 [Node] Finished "_create_wm_distvol1", elapsed time 111.659605s.
250329-15:07:41,40 nipype.workflow INFO:
	 [Node] Setting-up "fmriprep_24_0_wf.sub_28_wf.bold_task_bird_run_3_wf.bold_fit_wf.bold_reg_wf.bbreg_wf.bbregister" in "/work_dir/fmriprep_24_0_wf/sub_28_wf/bold_task_bird_run_3_wf/bold_fit_wf/bold_reg_wf/bbreg_wf/bbregister".
250329-15:07:41,46 nipype.workflow INFO:
	 [Node] Executing "bbregister" <nipype.interfaces.freesurfer.preprocess.BBRegister>
250329-15:07:41,264 nipype.workflow INFO:
	 [Node] Finished "_create_wm_distvol0", elapsed time 113.225367s.
250329-15:07:43,213 nipype.workflow INFO:
	 [Node] Setting-up "fmriprep_24_0_wf.sub_28_wf.anat_fit_wf.applyrefined" in "/work_dir/fmriprep_24_0_wf/sub_28_wf/anat_fit_wf/applyrefined".
250329-15:07:45,616 nipype.workflow INFO:
	 [Node] Executing "applyrefined" <nipype.interfaces.fsl.maths.ApplyMask>
250329-15:07:46,0 nipype.workflow INFO:
	 [Node] Finished "bbregister", elapsed time 64.382022s.
250329-15:07:49,492 nipype.workflow INFO:
	 [Node] Finished "applyrefined", elapsed time 3.874888s.
250329-15:07:50,366 nipype.workflow INFO:
	 [Node] Setting-up "_create_wm_distvol0" in "/work_dir/fmriprep_24_0_wf/sub_28_wf/anat_fit_wf/anat_ribbon_wf/create_wm_distvol/mapflow/_create_wm_distvol0".
250329-15:07:50,367 nipype.workflow INFO:
	 [Node] Cached "_create_wm_distvol0" - collecting precomputed outputs
250329-15:07:50,367 nipype.workflow INFO:
	 [Node] "_create_wm_distvol0" found cached.
250329-15:07:50,368 nipype.workflow INFO:
	 [Node] Setting-up "_create_wm_distvol1" in "/work_dir/fmriprep_24_0_wf/sub_28_wf/anat_fit_wf/anat_ribbon_wf/create_wm_distvol/mapflow/_create_wm_distvol1".
250329-15:07:50,369 nipype.workflow INFO:
	 [Node] Cached "_create_wm_distvol1" - collecting precomputed outputs
250329-15:07:50,369 nipype.workflow INFO:
	 [Node] "_create_wm_distvol1" found cached.
250329-15:07:50,949 nipype.workflow INFO:
	 [Node] Setting-up "fmriprep_24_0_wf.sub_28_wf.bold_task_bird_run_2_wf.bold_fit_wf.bold_reg_wf.bbreg_wf.compare_transforms" in "/work_dir/fmriprep_24_0_wf/sub_28_wf/bold_task_bird_run_2_wf/bold_fit_wf/bold_reg_wf/bbreg_wf/compare_transforms".
250329-15:07:50,951 nipype.workflow INFO:
	 [Node] Executing "compare_transforms" <nipype.interfaces.utility.wrappers.Function>
250329-15:07:50,954 nipype.workflow INFO:
	 [Node] Setting-up "fmriprep_24_0_wf.sub_28_wf.anat_fit_wf.fast" in "/work_dir/fmriprep_24_0_wf/sub_28_wf/anat_fit_wf/fast".
250329-15:07:50,958 nipype.workflow INFO:
	 [Node] Executing "fast" <nipype.interfaces.fsl.preprocess.FAST>
250329-15:07:50,964 nipype.workflow INFO:
	 [Node] Finished "compare_transforms", elapsed time 0.012444s.
250329-15:07:54,61 nipype.workflow INFO:
	 [Node] Setting-up "fmriprep_24_0_wf.sub_28_wf.bold_task_bird_run_1_wf.bold_anat_wf.gen_ref" in "/work_dir/fmriprep_24_0_wf/sub_28_wf/bold_task_bird_run_1_wf/bold_anat_wf/gen_ref".
250329-15:07:54,65 nipype.workflow INFO:
	 [Node] Executing "gen_ref" <niworkflows.interfaces.nibabel.GenerateSamplingReference>
250329-15:08:01,440 nipype.workflow INFO:
	 [Node] Finished "_create_pial_distvol1", elapsed time 133.456822s.
250329-15:08:02,919 nipype.workflow INFO:
	 [Node] Setting-up "fmriprep_24_0_wf.sub_28_wf.bold_task_bird_run_2_wf.bold_anat_wf.gen_ref" in "/work_dir/fmriprep_24_0_wf/sub_28_wf/bold_task_bird_run_2_wf/bold_anat_wf/gen_ref".
250329-15:08:02,923 nipype.workflow INFO:
	 [Node] Executing "gen_ref" <niworkflows.interfaces.nibabel.GenerateSamplingReference>
250329-15:08:05,810 nipype.workflow INFO:
	 [Node] Finished "mri_coreg", elapsed time 80.606424s.
250329-15:08:06,923 nipype.workflow INFO:
	 [Node] Setting-up "fmriprep_24_0_wf.sub_28_wf.bold_task_bird_run_5_wf.bold_fit_wf.bold_reg_wf.bbreg_wf.bbregister" in "/work_dir/fmriprep_24_0_wf/sub_28_wf/bold_task_bird_run_5_wf/bold_fit_wf/bold_reg_wf/bbreg_wf/bbregister".
250329-15:08:06,929 nipype.workflow INFO:
	 [Node] Executing "bbregister" <nipype.interfaces.freesurfer.preprocess.BBRegister>
250329-15:08:06,930 nipype.workflow INFO:
	 [Node] Setting-up "fmriprep_24_0_wf.sub_28_wf.bold_task_bird_run_3_wf.bold_anat_wf.gen_ref" in "/work_dir/fmriprep_24_0_wf/sub_28_wf/bold_task_bird_run_3_wf/bold_anat_wf/gen_ref".
250329-15:08:06,931 nipype.workflow INFO:
	 [Node] Setting-up "fmriprep_24_0_wf.sub_28_wf.bold_task_bird_run_4_wf.bold_anat_wf.gen_ref" in "/work_dir/fmriprep_24_0_wf/sub_28_wf/bold_task_bird_run_4_wf/bold_anat_wf/gen_ref".
250329-15:08:06,934 nipype.workflow INFO:
	 [Node] Executing "gen_ref" <niworkflows.interfaces.nibabel.GenerateSamplingReference>
250329-15:08:06,935 nipype.workflow INFO:
	 [Node] Executing "gen_ref" <niworkflows.interfaces.nibabel.GenerateSamplingReference>
250329-15:08:06,935 nipype.workflow INFO:
	 [Node] Setting-up "fmriprep_24_0_wf.sub_28_wf.bold_task_bird_run_5_wf.bold_anat_wf.gen_ref" in "/work_dir/fmriprep_24_0_wf/sub_28_wf/bold_task_bird_run_5_wf/bold_anat_wf/gen_ref".
250329-15:08:06,935 nipype.workflow INFO:
	 [Node] Setting-up "fmriprep_24_0_wf.sub_28_wf.bold_task_bird_run_6_wf.bold_anat_wf.gen_ref" in "/work_dir/fmriprep_24_0_wf/sub_28_wf/bold_task_bird_run_6_wf/bold_anat_wf/gen_ref".
250329-15:08:06,939 nipype.workflow INFO:
	 [Node] Executing "gen_ref" <niworkflows.interfaces.nibabel.GenerateSamplingReference>
250329-15:08:06,939 nipype.workflow INFO:
	 [Node] Executing "gen_ref" <niworkflows.interfaces.nibabel.GenerateSamplingReference>
250329-15:08:08,914 nipype.workflow INFO:
	 [Node] Setting-up "fmriprep_24_0_wf.sub_28_wf.bold_task_bird_run_2_wf.bold_fit_wf.bold_reg_wf.bbreg_wf.concat_xfm" in "/work_dir/fmriprep_24_0_wf/sub_28_wf/bold_task_bird_run_2_wf/bold_fit_wf/bold_reg_wf/bbreg_wf/concat_xfm".
250329-15:08:08,917 nipype.workflow INFO:
	 [Node] Executing "concat_xfm" <niworkflows.interfaces.nitransforms.ConcatenateXFMs>
250329-15:08:08,923 nipype.workflow INFO:
	 [Node] Finished "concat_xfm", elapsed time 0.005777s.
250329-15:08:12,927 nipype.workflow INFO:
	 [Node] Setting-up "fmriprep_24_0_wf.sub_28_wf.bold_task_bird_run_2_wf.bold_fit_wf.func_fit_reports_wf.t1w_boldref" in "/work_dir/fmriprep_24_0_wf/sub_28_wf/bold_task_bird_run_2_wf/bold_fit_wf/func_fit_reports_wf/t1w_boldref".
250329-15:08:12,933 nipype.workflow INFO:
	 [Node] Executing "t1w_boldref" <niworkflows.interfaces.fixes.FixHeaderApplyTransforms>
250329-15:08:13,512 nipype.workflow INFO:
	 [Node] Setting-up "fmriprep_24_0_wf.sub_28_wf.bold_task_bird_run_2_wf.bold_confounds_wf.t1w_mask_tfm" in "/work_dir/fmriprep_24_0_wf/sub_28_wf/bold_task_bird_run_2_wf/bold_confounds_wf/t1w_mask_tfm".
250329-15:08:13,517 nipype.workflow INFO:
	 [Node] Executing "t1w_mask_tfm" <niworkflows.interfaces.fixes.FixHeaderApplyTransforms>
250329-15:08:15,446 nipype.workflow INFO:
	 [Node] Finished "gen_ref", elapsed time 21.379826s.
250329-15:08:22,211 nipype.workflow INFO:
	 [Node] Finished "mri_coreg", elapsed time 100.83663s.
250329-15:08:23,105 nipype.workflow INFO:
	 [Node] Setting-up "fmriprep_24_0_wf.sub_28_wf.bold_task_bird_run_4_wf.bold_fit_wf.bold_reg_wf.bbreg_wf.bbregister" in "/work_dir/fmriprep_24_0_wf/sub_28_wf/bold_task_bird_run_4_wf/bold_fit_wf/bold_reg_wf/bbreg_wf/bbregister".
250329-15:08:23,111 nipype.workflow INFO:
	 [Node] Setting-up "fmriprep_24_0_wf.sub_28_wf.anat_fit_wf.register_template_wf.registration" in "/work_dir/fmriprep_24_0_wf/sub_28_wf/anat_fit_wf/register_template_wf/_template_MNI152NLin2009cAsym/registration".
250329-15:08:23,121 nipype.workflow INFO:
	 [Node] Executing "registration" <niworkflows.interfaces.norm.SpatialNormalization>
250329-15:08:23,135 nipype.workflow INFO:
	 [Node] Executing "bbregister" <nipype.interfaces.freesurfer.preprocess.BBRegister>
250329-15:08:26,36 nipype.workflow INFO:
	 [Node] Finished "gen_ref", elapsed time 23.101659s.
250329-15:08:26,529 nipype.workflow INFO:
	 [Node] Finished "gen_ref", elapsed time 19.589542s.
250329-15:08:27,425 nipype.workflow INFO:
	 [Node] Finished "t1w_boldref", elapsed time 14.491975s.
250329-15:08:29,495 nipype.workflow INFO:
	 [Node] Finished "gen_ref", elapsed time 22.554779s.
250329-15:08:30,677 nipype.workflow INFO:
	 [Node] Finished "gen_ref", elapsed time 23.71944s.
250329-15:08:30,709 nipype.workflow INFO:
	 [Node] Finished "gen_ref", elapsed time 23.774428s.
250329-15:08:33,918 nipype.workflow INFO:
	 [Node] Finished "t1w_mask_tfm", elapsed time 20.399647s.
250329-15:08:34,318 nipype.workflow INFO:
	 [Node] Finished "bbregister", elapsed time 101.278164s.
250329-15:08:35,516 nipype.workflow INFO:
	 [Node] Setting-up "fmriprep_24_0_wf.sub_28_wf.bold_task_bird_run_2_wf.bold_confounds_wf.union_mask" in "/work_dir/fmriprep_24_0_wf/sub_28_wf/bold_task_bird_run_2_wf/bold_confounds_wf/union_mask".
250329-15:08:35,519 nipype.workflow INFO:
	 [Node] Executing "union_mask" <nipype.interfaces.utility.wrappers.Function>
250329-15:08:35,588 nipype.workflow INFO:
	 [Node] Finished "_create_pial_distvol0", elapsed time 167.599381s.
250329-15:08:35,651 nipype.workflow INFO:
	 [Node] Finished "union_mask", elapsed time 0.130929s.
250329-15:08:36,73 nipype.workflow INFO:
	 [Node] Setting-up "fmriprep_24_0_wf.sub_28_wf.bold_task_bird_run_2_wf.bold_anat_wf.resample" in "/work_dir/fmriprep_24_0_wf/sub_28_wf/bold_task_bird_run_2_wf/bold_anat_wf/resample".
250329-15:08:36,79 nipype.workflow INFO:
	 [Node] Executing "resample" <fmriprep.interfaces.resampling.ResampleSeries>
250329-15:08:36,915 nipype.workflow INFO:
	 [Node] Setting-up "fmriprep_24_0_wf.sub_28_wf.bold_task_bird_run_1_wf.bold_fit_wf.bold_reg_wf.bbreg_wf.compare_transforms" in "/work_dir/fmriprep_24_0_wf/sub_28_wf/bold_task_bird_run_1_wf/bold_fit_wf/bold_reg_wf/bbreg_wf/compare_transforms".
250329-15:08:36,917 nipype.workflow INFO:
	 [Node] Executing "compare_transforms" <nipype.interfaces.utility.wrappers.Function>
250329-15:08:36,938 nipype.workflow INFO:
	 [Node] Setting-up "_create_pial_distvol0" in "/work_dir/fmriprep_24_0_wf/sub_28_wf/anat_fit_wf/anat_ribbon_wf/create_pial_distvol/mapflow/_create_pial_distvol0".
250329-15:08:36,939 nipype.workflow INFO:
	 [Node] Cached "_create_pial_distvol0" - collecting precomputed outputs
250329-15:08:36,939 nipype.workflow INFO:
	 [Node] "_create_pial_distvol0" found cached.
250329-15:08:36,940 nipype.workflow INFO:
	 [Node] Setting-up "_create_pial_distvol1" in "/work_dir/fmriprep_24_0_wf/sub_28_wf/anat_fit_wf/anat_ribbon_wf/create_pial_distvol/mapflow/_create_pial_distvol1".
250329-15:08:36,948 nipype.workflow INFO:
	 [Node] Cached "_create_pial_distvol1" - collecting precomputed outputs
250329-15:08:36,949 nipype.workflow INFO:
	 [Node] "_create_pial_distvol1" found cached.
250329-15:08:37,56 nipype.workflow INFO:
	 [Node] Finished "compare_transforms", elapsed time 0.137568s.
250329-15:08:40,83 nipype.workflow INFO:
	 [Node] Setting-up "fmriprep_24_0_wf.sub_28_wf.anat_fit_wf.anat_ribbon_wf.make_ribbon" in "/work_dir/fmriprep_24_0_wf/sub_28_wf/anat_fit_wf/anat_ribbon_wf/make_ribbon".
250329-15:08:40,85 nipype.workflow INFO:
	 [Node] Setting-up "fmriprep_24_0_wf.sub_28_wf.bold_task_bird_run_2_wf.bold_confounds_wf.dilated_mask" in "/work_dir/fmriprep_24_0_wf/sub_28_wf/bold_task_bird_run_2_wf/bold_confounds_wf/dilated_mask".
250329-15:08:40,86 nipype.workflow INFO:
	 [Node] Executing "make_ribbon" <smriprep.interfaces.surf.MakeRibbon>
250329-15:08:40,87 nipype.workflow INFO:
	 [Node] Executing "dilated_mask" <niworkflows.interfaces.morphology.BinaryDilation>
250329-15:08:40,254 nipype.workflow INFO:
	 [Node] Finished "dilated_mask", elapsed time 0.166477s.
250329-15:08:42,113 nipype.workflow INFO:
	 [Node] Setting-up "fmriprep_24_0_wf.sub_28_wf.bold_task_bird_run_2_wf.bold_confounds_wf.subtract_mask" in "/work_dir/fmriprep_24_0_wf/sub_28_wf/bold_task_bird_run_2_wf/bold_confounds_wf/subtract_mask".
250329-15:08:42,116 nipype.workflow INFO:
	 [Node] Executing "subtract_mask" <niworkflows.interfaces.morphology.BinarySubtraction>
250329-15:08:42,180 nipype.workflow INFO:
	 [Node] Finished "subtract_mask", elapsed time 0.062958s.
250329-15:08:42,924 nipype.workflow INFO:
	 [Node] Setting-up "fmriprep_24_0_wf.sub_28_wf.bold_task_bird_run_1_wf.bold_fit_wf.bold_reg_wf.bbreg_wf.concat_xfm" in "/work_dir/fmriprep_24_0_wf/sub_28_wf/bold_task_bird_run_1_wf/bold_fit_wf/bold_reg_wf/bbreg_wf/concat_xfm".
250329-15:08:42,926 nipype.workflow INFO:
	 [Node] Executing "concat_xfm" <niworkflows.interfaces.nitransforms.ConcatenateXFMs>
250329-15:08:42,984 nipype.workflow INFO:
	 [Node] Finished "make_ribbon", elapsed time 2.897344s.
250329-15:08:43,379 nipype.workflow INFO:
	 [Node] Finished "concat_xfm", elapsed time 0.451724s.
250329-15:08:47,869 nipype.workflow INFO:
	 [Node] Finished "mri_coreg", elapsed time 120.807659s.
250329-15:08:49,830 nipype.workflow INFO:
	 [Node] Setting-up "fmriprep_24_0_wf.sub_28_wf.bold_task_bird_run_2_wf.bold_confounds_wf.crowncompcor" in "/work_dir/fmriprep_24_0_wf/sub_28_wf/bold_task_bird_run_2_wf/bold_confounds_wf/crowncompcor".
250329-15:08:49,960 nipype.workflow INFO:
	 [Node] Executing "crowncompcor" <niworkflows.interfaces.patches.RobustACompCor>
250329-15:08:50,115 nipype.workflow INFO:
	 [Node] Setting-up "fmriprep_24_0_wf.sub_28_wf.bold_task_bird_run_6_wf.bold_fit_wf.bold_reg_wf.bbreg_wf.bbregister" in "/work_dir/fmriprep_24_0_wf/sub_28_wf/bold_task_bird_run_6_wf/bold_fit_wf/bold_reg_wf/bbreg_wf/bbregister".
250329-15:08:50,121 nipype.workflow INFO:
	 [Node] Executing "bbregister" <nipype.interfaces.freesurfer.preprocess.BBRegister>
250329-15:08:50,124 nipype.workflow INFO:
	 [Node] Setting-up "fmriprep_24_0_wf.sub_28_wf.bold_task_bird_run_1_wf.bold_fit_wf.func_fit_reports_wf.t1w_boldref" in "/work_dir/fmriprep_24_0_wf/sub_28_wf/bold_task_bird_run_1_wf/bold_fit_wf/func_fit_reports_wf/t1w_boldref".
250329-15:08:50,129 nipype.workflow INFO:
	 [Node] Executing "t1w_boldref" <niworkflows.interfaces.fixes.FixHeaderApplyTransforms>
250329-15:08:50,503 nipype.workflow INFO:
	 [Node] Setting-up "fmriprep_24_0_wf.sub_28_wf.bold_task_bird_run_1_wf.bold_confounds_wf.t1w_mask_tfm" in "/work_dir/fmriprep_24_0_wf/sub_28_wf/bold_task_bird_run_1_wf/bold_confounds_wf/t1w_mask_tfm".
250329-15:08:50,508 nipype.workflow INFO:
	 [Node] Executing "t1w_mask_tfm" <niworkflows.interfaces.fixes.FixHeaderApplyTransforms>
250329-15:09:01,447 nipype.workflow INFO:
	 [Node] Finished "t1w_boldref", elapsed time 11.317932s.
250329-15:09:08,464 nipype.workflow INFO:
	 [Node] Finished "t1w_mask_tfm", elapsed time 17.95466s.
250329-15:09:08,740 nipype.workflow INFO:
	 [Node] Finished "crowncompcor", elapsed time 18.778939s.
250329-15:09:10,222 nipype.workflow INFO:
	 [Node] Setting-up "fmriprep_24_0_wf.sub_28_wf.bold_task_bird_run_1_wf.bold_confounds_wf.union_mask" in "/work_dir/fmriprep_24_0_wf/sub_28_wf/bold_task_bird_run_1_wf/bold_confounds_wf/union_mask".
250329-15:09:10,225 nipype.workflow INFO:
	 [Node] Executing "union_mask" <nipype.interfaces.utility.wrappers.Function>
250329-15:09:10,245 nipype.workflow INFO:
	 [Node] Setting-up "fmriprep_24_0_wf.sub_28_wf.bold_task_bird_run_1_wf.bold_anat_wf.resample" in "/work_dir/fmriprep_24_0_wf/sub_28_wf/bold_task_bird_run_1_wf/bold_anat_wf/resample".
250329-15:09:10,249 nipype.workflow INFO:
	 [Node] Executing "resample" <fmriprep.interfaces.resampling.ResampleSeries>
250329-15:09:10,376 nipype.workflow INFO:
	 [Node] Finished "union_mask", elapsed time 0.150684s.
250329-15:09:12,406 nipype.workflow INFO:
	 [Node] Setting-up "fmriprep_24_0_wf.sub_28_wf.bold_task_bird_run_1_wf.bold_confounds_wf.dilated_mask" in "/work_dir/fmriprep_24_0_wf/sub_28_wf/bold_task_bird_run_1_wf/bold_confounds_wf/dilated_mask".
250329-15:09:12,408 nipype.workflow INFO:
	 [Node] Executing "dilated_mask" <niworkflows.interfaces.morphology.BinaryDilation>
250329-15:09:12,567 nipype.workflow INFO:
	 [Node] Finished "dilated_mask", elapsed time 0.158006s.
250329-15:09:14,414 nipype.workflow INFO:
	 [Node] Setting-up "fmriprep_24_0_wf.sub_28_wf.bold_task_bird_run_1_wf.bold_confounds_wf.subtract_mask" in "/work_dir/fmriprep_24_0_wf/sub_28_wf/bold_task_bird_run_1_wf/bold_confounds_wf/subtract_mask".
250329-15:09:14,417 nipype.workflow INFO:
	 [Node] Executing "subtract_mask" <niworkflows.interfaces.morphology.BinarySubtraction>
250329-15:09:14,490 nipype.workflow INFO:
	 [Node] Finished "subtract_mask", elapsed time 0.07181s.
250329-15:09:16,232 nipype.workflow INFO:
	 [Node] Setting-up "fmriprep_24_0_wf.sub_28_wf.bold_task_bird_run_1_wf.bold_confounds_wf.crowncompcor" in "/work_dir/fmriprep_24_0_wf/sub_28_wf/bold_task_bird_run_1_wf/bold_confounds_wf/crowncompcor".
250329-15:09:16,286 nipype.workflow INFO:
	 [Node] Executing "crowncompcor" <niworkflows.interfaces.patches.RobustACompCor>
250329-15:09:32,242 nipype.workflow INFO:
	 [Node] Finished "crowncompcor", elapsed time 15.955053s.
250329-15:09:34,566 nipype.workflow INFO:
	 [Node] Setting-up "fmriprep_24_0_wf.sub_28_wf.bold_task_bird_run_1_wf.bold_confounds_wf.crowncc_metadata_fmt" in "/work_dir/fmriprep_24_0_wf/sub_28_wf/bold_task_bird_run_1_wf/bold_confounds_wf/crowncc_metadata_fmt".
250329-15:09:34,570 nipype.workflow INFO:
	 [Node] Executing "crowncc_metadata_fmt" <niworkflows.interfaces.utility.TSV2JSON>
250329-15:09:34,586 nipype.workflow INFO:
	 [Node] Finished "crowncc_metadata_fmt", elapsed time 0.006126s.
250329-15:09:36,408 nipype.workflow INFO:
	 [Node] Setting-up "fmriprep_24_0_wf.sub_28_wf.bold_task_bird_run_2_wf.bold_confounds_wf.crowncc_metadata_fmt" in "/work_dir/fmriprep_24_0_wf/sub_28_wf/bold_task_bird_run_2_wf/bold_confounds_wf/crowncc_metadata_fmt".
250329-15:09:36,410 nipype.workflow INFO:
	 [Node] Executing "crowncc_metadata_fmt" <niworkflows.interfaces.utility.TSV2JSON>
250329-15:09:36,427 nipype.workflow INFO:
	 [Node] Finished "crowncc_metadata_fmt", elapsed time 0.016412s.
250329-15:09:39,35 nipype.workflow INFO:
	 [Node] Finished "bbregister", elapsed time 117.988343s.
250329-15:09:42,360 nipype.workflow INFO:
	 [Node] Setting-up "fmriprep_24_0_wf.sub_28_wf.bold_task_bird_run_3_wf.bold_fit_wf.bold_reg_wf.bbreg_wf.compare_transforms" in "/work_dir/fmriprep_24_0_wf/sub_28_wf/bold_task_bird_run_3_wf/bold_fit_wf/bold_reg_wf/bbreg_wf/compare_transforms".
250329-15:09:42,362 nipype.workflow INFO:
	 [Node] Executing "compare_transforms" <nipype.interfaces.utility.wrappers.Function>
250329-15:09:42,373 nipype.workflow INFO:
	 [Node] Finished "compare_transforms", elapsed time 0.010524s.
250329-15:09:48,354 nipype.workflow INFO:
	 [Node] Setting-up "fmriprep_24_0_wf.sub_28_wf.bold_task_bird_run_3_wf.bold_fit_wf.bold_reg_wf.bbreg_wf.concat_xfm" in "/work_dir/fmriprep_24_0_wf/sub_28_wf/bold_task_bird_run_3_wf/bold_fit_wf/bold_reg_wf/bbreg_wf/concat_xfm".
250329-15:09:48,357 nipype.workflow INFO:
	 [Node] Executing "concat_xfm" <niworkflows.interfaces.nitransforms.ConcatenateXFMs>
250329-15:09:48,486 nipype.workflow INFO:
	 [Node] Finished "concat_xfm", elapsed time 0.1284s.
250329-15:09:48,809 nipype.workflow INFO:
	 [Node] Finished "resample", elapsed time 72.728893s.
250329-15:09:52,460 nipype.workflow INFO:
	 [Node] Setting-up "fmriprep_24_0_wf.sub_28_wf.bold_task_bird_run_3_wf.bold_fit_wf.func_fit_reports_wf.t1w_boldref" in "/work_dir/fmriprep_24_0_wf/sub_28_wf/bold_task_bird_run_3_wf/bold_fit_wf/func_fit_reports_wf/t1w_boldref".
250329-15:09:52,465 nipype.workflow INFO:
	 [Node] Executing "t1w_boldref" <niworkflows.interfaces.fixes.FixHeaderApplyTransforms>
250329-15:09:52,674 nipype.workflow INFO:
	 [Node] Setting-up "fmriprep_24_0_wf.sub_28_wf.bold_task_bird_run_3_wf.bold_confounds_wf.t1w_mask_tfm" in "/work_dir/fmriprep_24_0_wf/sub_28_wf/bold_task_bird_run_3_wf/bold_confounds_wf/t1w_mask_tfm".
250329-15:09:52,678 nipype.workflow INFO:
	 [Node] Executing "t1w_mask_tfm" <niworkflows.interfaces.fixes.FixHeaderApplyTransforms>
250329-15:09:56,576 nipype.workflow INFO:
	 [Node] Setting-up "fmriprep_24_0_wf.sub_28_wf.bold_task_bird_run_3_wf.bold_anat_wf.resample" in "/work_dir/fmriprep_24_0_wf/sub_28_wf/bold_task_bird_run_3_wf/bold_anat_wf/resample".
250329-15:09:56,580 nipype.workflow INFO:
	 [Node] Executing "resample" <fmriprep.interfaces.resampling.ResampleSeries>
250329-15:10:00,714 nipype.workflow INFO:
	 [Node] Finished "t1w_boldref", elapsed time 8.248322s.
250329-15:10:01,124 nipype.workflow INFO:
	 [Node] Finished "t1w_mask_tfm", elapsed time 8.444734s.
250329-15:10:02,364 nipype.workflow INFO:
	 [Node] Setting-up "fmriprep_24_0_wf.sub_28_wf.bold_task_bird_run_3_wf.bold_confounds_wf.union_mask" in "/work_dir/fmriprep_24_0_wf/sub_28_wf/bold_task_bird_run_3_wf/bold_confounds_wf/union_mask".
250329-15:10:02,367 nipype.workflow INFO:
	 [Node] Executing "union_mask" <nipype.interfaces.utility.wrappers.Function>
250329-15:10:02,474 nipype.workflow INFO:
	 [Node] Finished "union_mask", elapsed time 0.105967s.
250329-15:10:04,136 nipype.workflow INFO:
	 [Node] Finished "resample", elapsed time 53.88659s.
250329-15:10:04,275 nipype.workflow INFO:
	 [Node] Setting-up "fmriprep_24_0_wf.sub_28_wf.bold_task_bird_run_3_wf.bold_confounds_wf.dilated_mask" in "/work_dir/fmriprep_24_0_wf/sub_28_wf/bold_task_bird_run_3_wf/bold_confounds_wf/dilated_mask".
250329-15:10:04,277 nipype.workflow INFO:
	 [Node] Executing "dilated_mask" <niworkflows.interfaces.morphology.BinaryDilation>
250329-15:10:04,445 nipype.workflow INFO:
	 [Node] Finished "dilated_mask", elapsed time 0.166698s.
250329-15:10:04,532 nipype.workflow INFO:
	 [Node] Finished "bbregister", elapsed time 117.60185s.
250329-15:10:06,507 nipype.workflow INFO:
	 [Node] Setting-up "fmriprep_24_0_wf.sub_28_wf.bold_task_bird_run_3_wf.bold_confounds_wf.subtract_mask" in "/work_dir/fmriprep_24_0_wf/sub_28_wf/bold_task_bird_run_3_wf/bold_confounds_wf/subtract_mask".
250329-15:10:06,510 nipype.workflow INFO:
	 [Node] Executing "subtract_mask" <niworkflows.interfaces.morphology.BinarySubtraction>
250329-15:10:06,587 nipype.workflow INFO:
	 [Node] Finished "subtract_mask", elapsed time 0.076864s.
250329-15:10:08,449 nipype.workflow INFO:
	 [Node] Setting-up "fmriprep_24_0_wf.sub_28_wf.bold_task_bird_run_5_wf.bold_fit_wf.bold_reg_wf.bbreg_wf.compare_transforms" in "/work_dir/fmriprep_24_0_wf/sub_28_wf/bold_task_bird_run_5_wf/bold_fit_wf/bold_reg_wf/bbreg_wf/compare_transforms".
250329-15:10:08,451 nipype.workflow INFO:
	 [Node] Executing "compare_transforms" <nipype.interfaces.utility.wrappers.Function>
250329-15:10:08,462 nipype.workflow INFO:
	 [Node] Finished "compare_transforms", elapsed time 0.010638s.
250329-15:10:08,464 nipype.workflow INFO:
	 [Node] Setting-up "fmriprep_24_0_wf.sub_28_wf.bold_task_bird_run_3_wf.bold_confounds_wf.crowncompcor" in "/work_dir/fmriprep_24_0_wf/sub_28_wf/bold_task_bird_run_3_wf/bold_confounds_wf/crowncompcor".
250329-15:10:08,468 nipype.workflow INFO:
	 [Node] Executing "crowncompcor" <niworkflows.interfaces.patches.RobustACompCor>
250329-15:10:14,228 nipype.workflow INFO:
	 [Node] Setting-up "fmriprep_24_0_wf.sub_28_wf.bold_task_bird_run_5_wf.bold_fit_wf.bold_reg_wf.bbreg_wf.concat_xfm" in "/work_dir/fmriprep_24_0_wf/sub_28_wf/bold_task_bird_run_5_wf/bold_fit_wf/bold_reg_wf/bbreg_wf/concat_xfm".
250329-15:10:14,230 nipype.workflow INFO:
	 [Node] Executing "concat_xfm" <niworkflows.interfaces.nitransforms.ConcatenateXFMs>
250329-15:10:14,237 nipype.workflow INFO:
	 [Node] Finished "concat_xfm", elapsed time 0.005868s.
250329-15:10:18,420 nipype.workflow INFO:
	 [Node] Setting-up "fmriprep_24_0_wf.sub_28_wf.bold_task_bird_run_5_wf.bold_fit_wf.func_fit_reports_wf.t1w_boldref" in "/work_dir/fmriprep_24_0_wf/sub_28_wf/bold_task_bird_run_5_wf/bold_fit_wf/func_fit_reports_wf/t1w_boldref".
250329-15:10:18,425 nipype.workflow INFO:
	 [Node] Executing "t1w_boldref" <niworkflows.interfaces.fixes.FixHeaderApplyTransforms>
250329-15:10:19,6 nipype.workflow INFO:
	 [Node] Setting-up "fmriprep_24_0_wf.sub_28_wf.bold_task_bird_run_5_wf.bold_confounds_wf.t1w_mask_tfm" in "/work_dir/fmriprep_24_0_wf/sub_28_wf/bold_task_bird_run_5_wf/bold_confounds_wf/t1w_mask_tfm".
250329-15:10:19,11 nipype.workflow INFO:
	 [Node] Executing "t1w_mask_tfm" <niworkflows.interfaces.fixes.FixHeaderApplyTransforms>
250329-15:10:22,418 nipype.workflow INFO:
	 [Node] Setting-up "fmriprep_24_0_wf.sub_28_wf.bold_task_bird_run_5_wf.bold_anat_wf.resample" in "/work_dir/fmriprep_24_0_wf/sub_28_wf/bold_task_bird_run_5_wf/bold_anat_wf/resample".
250329-15:10:22,422 nipype.workflow INFO:
	 [Node] Executing "resample" <fmriprep.interfaces.resampling.ResampleSeries>
250329-15:10:26,187 nipype.workflow INFO:
	 [Node] Finished "crowncompcor", elapsed time 17.718156s.
250329-15:10:27,164 nipype.workflow INFO:
	 [Node] Finished "t1w_boldref", elapsed time 8.7381s.
250329-15:10:27,794 nipype.workflow INFO:
	 [Node] Finished "t1w_mask_tfm", elapsed time 8.782269s.
250329-15:10:28,296 nipype.workflow INFO:
	 [Node] Setting-up "fmriprep_24_0_wf.sub_28_wf.bold_task_bird_run_5_wf.bold_confounds_wf.union_mask" in "/work_dir/fmriprep_24_0_wf/sub_28_wf/bold_task_bird_run_5_wf/bold_confounds_wf/union_mask".
250329-15:10:28,299 nipype.workflow INFO:
	 [Node] Executing "union_mask" <nipype.interfaces.utility.wrappers.Function>
250329-15:10:28,309 nipype.workflow INFO:
	 [Node] Setting-up "fmriprep_24_0_wf.sub_28_wf.bold_task_bird_run_3_wf.bold_confounds_wf.crowncc_metadata_fmt" in "/work_dir/fmriprep_24_0_wf/sub_28_wf/bold_task_bird_run_3_wf/bold_confounds_wf/crowncc_metadata_fmt".
250329-15:10:28,311 nipype.workflow INFO:
	 [Node] Executing "crowncc_metadata_fmt" <niworkflows.interfaces.utility.TSV2JSON>
250329-15:10:28,319 nipype.workflow INFO:
	 [Node] Finished "crowncc_metadata_fmt", elapsed time 0.007422s.
250329-15:10:28,386 nipype.workflow INFO:
	 [Node] Finished "union_mask", elapsed time 0.086261s.
250329-15:10:30,517 nipype.workflow INFO:
	 [Node] Setting-up "fmriprep_24_0_wf.sub_28_wf.bold_task_bird_run_5_wf.bold_confounds_wf.dilated_mask" in "/work_dir/fmriprep_24_0_wf/sub_28_wf/bold_task_bird_run_5_wf/bold_confounds_wf/dilated_mask".
250329-15:10:30,519 nipype.workflow INFO:
	 [Node] Executing "dilated_mask" <niworkflows.interfaces.morphology.BinaryDilation>
250329-15:10:30,674 nipype.workflow INFO:
	 [Node] Finished "dilated_mask", elapsed time 0.154215s.
250329-15:10:31,17 nipype.workflow INFO:
	 [Node] Finished "bbregister", elapsed time 100.895372s.
250329-15:10:32,278 nipype.workflow INFO:
	 [Node] Finished "bbregister", elapsed time 129.141904s.
250329-15:10:32,689 nipype.workflow INFO:
	 [Node] Setting-up "fmriprep_24_0_wf.sub_28_wf.bold_task_bird_run_5_wf.bold_confounds_wf.subtract_mask" in "/work_dir/fmriprep_24_0_wf/sub_28_wf/bold_task_bird_run_5_wf/bold_confounds_wf/subtract_mask".
250329-15:10:32,692 nipype.workflow INFO:
	 [Node] Executing "subtract_mask" <niworkflows.interfaces.morphology.BinarySubtraction>
250329-15:10:32,722 nipype.workflow INFO:
	 [Node] Finished "subtract_mask", elapsed time 0.02913s.
250329-15:10:34,625 nipype.workflow INFO:
	 [Node] Setting-up "fmriprep_24_0_wf.sub_28_wf.bold_task_bird_run_6_wf.bold_fit_wf.bold_reg_wf.bbreg_wf.compare_transforms" in "/work_dir/fmriprep_24_0_wf/sub_28_wf/bold_task_bird_run_6_wf/bold_fit_wf/bold_reg_wf/bbreg_wf/compare_transforms".
250329-15:10:34,627 nipype.workflow INFO:
	 [Node] Executing "compare_transforms" <nipype.interfaces.utility.wrappers.Function>
250329-15:10:34,638 nipype.workflow INFO:
	 [Node] Setting-up "fmriprep_24_0_wf.sub_28_wf.bold_task_bird_run_5_wf.bold_confounds_wf.crowncompcor" in "/work_dir/fmriprep_24_0_wf/sub_28_wf/bold_task_bird_run_5_wf/bold_confounds_wf/crowncompcor".
250329-15:10:34,644 nipype.workflow INFO:
	 [Node] Executing "crowncompcor" <niworkflows.interfaces.patches.RobustACompCor>
250329-15:10:34,649 nipype.workflow INFO:
	 [Node] Finished "compare_transforms", elapsed time 0.02117s.
250329-15:10:36,373 nipype.workflow INFO:
	 [Node] Setting-up "fmriprep_24_0_wf.sub_28_wf.bold_task_bird_run_4_wf.bold_fit_wf.bold_reg_wf.bbreg_wf.compare_transforms" in "/work_dir/fmriprep_24_0_wf/sub_28_wf/bold_task_bird_run_4_wf/bold_fit_wf/bold_reg_wf/bbreg_wf/compare_transforms".
250329-15:10:36,375 nipype.workflow INFO:
	 [Node] Executing "compare_transforms" <nipype.interfaces.utility.wrappers.Function>
250329-15:10:36,386 nipype.workflow INFO:
	 [Node] Finished "compare_transforms", elapsed time 0.010507s.
250329-15:10:41,261 nipype.workflow INFO:
	 [Node] Setting-up "fmriprep_24_0_wf.sub_28_wf.bold_task_bird_run_6_wf.bold_fit_wf.bold_reg_wf.bbreg_wf.concat_xfm" in "/work_dir/fmriprep_24_0_wf/sub_28_wf/bold_task_bird_run_6_wf/bold_fit_wf/bold_reg_wf/bbreg_wf/concat_xfm".
250329-15:10:41,264 nipype.workflow INFO:
	 [Node] Executing "concat_xfm" <niworkflows.interfaces.nitransforms.ConcatenateXFMs>
250329-15:10:41,270 nipype.workflow INFO:
	 [Node] Finished "concat_xfm", elapsed time 0.005495s.
250329-15:10:42,436 nipype.workflow INFO:
	 [Node] Setting-up "fmriprep_24_0_wf.sub_28_wf.bold_task_bird_run_4_wf.bold_fit_wf.bold_reg_wf.bbreg_wf.concat_xfm" in "/work_dir/fmriprep_24_0_wf/sub_28_wf/bold_task_bird_run_4_wf/bold_fit_wf/bold_reg_wf/bbreg_wf/concat_xfm".
250329-15:10:42,439 nipype.workflow INFO:
	 [Node] Executing "concat_xfm" <niworkflows.interfaces.nitransforms.ConcatenateXFMs>
250329-15:10:42,446 nipype.workflow INFO:
	 [Node] Finished "concat_xfm", elapsed time 0.005916s.
250329-15:10:44,806 nipype.workflow INFO:
	 [Node] Setting-up "fmriprep_24_0_wf.sub_28_wf.bold_task_bird_run_6_wf.bold_fit_wf.func_fit_reports_wf.t1w_boldref" in "/work_dir/fmriprep_24_0_wf/sub_28_wf/bold_task_bird_run_6_wf/bold_fit_wf/func_fit_reports_wf/t1w_boldref".
250329-15:10:44,811 nipype.workflow INFO:
	 [Node] Executing "t1w_boldref" <niworkflows.interfaces.fixes.FixHeaderApplyTransforms>
250329-15:10:45,299 nipype.workflow INFO:
	 [Node] Setting-up "fmriprep_24_0_wf.sub_28_wf.bold_task_bird_run_6_wf.bold_confounds_wf.t1w_mask_tfm" in "/work_dir/fmriprep_24_0_wf/sub_28_wf/bold_task_bird_run_6_wf/bold_confounds_wf/t1w_mask_tfm".
250329-15:10:45,304 nipype.workflow INFO:
	 [Node] Executing "t1w_mask_tfm" <niworkflows.interfaces.fixes.FixHeaderApplyTransforms>
250329-15:10:46,432 nipype.workflow INFO:
	 [Node] Setting-up "fmriprep_24_0_wf.sub_28_wf.bold_task_bird_run_4_wf.bold_fit_wf.func_fit_reports_wf.t1w_boldref" in "/work_dir/fmriprep_24_0_wf/sub_28_wf/bold_task_bird_run_4_wf/bold_fit_wf/func_fit_reports_wf/t1w_boldref".
250329-15:10:46,437 nipype.workflow INFO:
	 [Node] Executing "t1w_boldref" <niworkflows.interfaces.fixes.FixHeaderApplyTransforms>
250329-15:10:46,923 nipype.workflow INFO:
	 [Node] Setting-up "fmriprep_24_0_wf.sub_28_wf.bold_task_bird_run_4_wf.bold_confounds_wf.t1w_mask_tfm" in "/work_dir/fmriprep_24_0_wf/sub_28_wf/bold_task_bird_run_4_wf/bold_confounds_wf/t1w_mask_tfm".
250329-15:10:46,927 nipype.workflow INFO:
	 [Node] Executing "t1w_mask_tfm" <niworkflows.interfaces.fixes.FixHeaderApplyTransforms>
250329-15:10:47,968 nipype.workflow INFO:
	 [Node] Finished "crowncompcor", elapsed time 13.322745s.
250329-15:10:51,57 nipype.workflow INFO:
	 [Node] Setting-up "fmriprep_24_0_wf.sub_28_wf.bold_task_bird_run_5_wf.bold_confounds_wf.crowncc_metadata_fmt" in "/work_dir/fmriprep_24_0_wf/sub_28_wf/bold_task_bird_run_5_wf/bold_confounds_wf/crowncc_metadata_fmt".
250329-15:10:51,68 nipype.workflow INFO:
	 [Node] Executing "crowncc_metadata_fmt" <niworkflows.interfaces.utility.TSV2JSON>
250329-15:10:51,76 nipype.workflow INFO:
	 [Node] Finished "crowncc_metadata_fmt", elapsed time 0.007452s.
250329-15:10:51,449 nipype.workflow INFO:
	 [Node] Finished "resample", elapsed time 54.868065s.
250329-15:10:51,748 nipype.workflow INFO:
	 [Node] Finished "t1w_boldref", elapsed time 5.31051s.
250329-15:10:52,168 nipype.workflow INFO:
	 [Node] Finished "t1w_boldref", elapsed time 7.355987s.
250329-15:10:52,552 nipype.workflow INFO:
	 [Node] Setting-up "fmriprep_24_0_wf.sub_28_wf.bold_task_bird_run_4_wf.bold_anat_wf.resample" in "/work_dir/fmriprep_24_0_wf/sub_28_wf/bold_task_bird_run_4_wf/bold_anat_wf/resample".
250329-15:10:52,566 nipype.workflow INFO:
	 [Node] Executing "resample" <fmriprep.interfaces.resampling.ResampleSeries>
250329-15:10:55,423 nipype.workflow INFO:
	 [Node] Finished "t1w_mask_tfm", elapsed time 10.118144s.
250329-15:10:56,227 nipype.workflow INFO:
	 [Node] Setting-up "fmriprep_24_0_wf.sub_28_wf.bold_task_bird_run_6_wf.bold_confounds_wf.union_mask" in "/work_dir/fmriprep_24_0_wf/sub_28_wf/bold_task_bird_run_6_wf/bold_confounds_wf/union_mask".
250329-15:10:56,230 nipype.workflow INFO:
	 [Node] Executing "union_mask" <nipype.interfaces.utility.wrappers.Function>
250329-15:10:56,310 nipype.workflow INFO:
	 [Node] Finished "union_mask", elapsed time 0.079823s.
250329-15:10:56,492 nipype.workflow INFO:
	 [Node] Finished "t1w_mask_tfm", elapsed time 9.563442s.
250329-15:10:58,283 nipype.workflow INFO:
	 [Node] Setting-up "fmriprep_24_0_wf.sub_28_wf.bold_task_bird_run_4_wf.bold_confounds_wf.union_mask" in "/work_dir/fmriprep_24_0_wf/sub_28_wf/bold_task_bird_run_4_wf/bold_confounds_wf/union_mask".
250329-15:10:58,285 nipype.workflow INFO:
	 [Node] Setting-up "fmriprep_24_0_wf.sub_28_wf.bold_task_bird_run_6_wf.bold_confounds_wf.dilated_mask" in "/work_dir/fmriprep_24_0_wf/sub_28_wf/bold_task_bird_run_6_wf/bold_confounds_wf/dilated_mask".
250329-15:10:58,286 nipype.workflow INFO:
	 [Node] Executing "union_mask" <nipype.interfaces.utility.wrappers.Function>
250329-15:10:58,287 nipype.workflow INFO:
	 [Node] Executing "dilated_mask" <niworkflows.interfaces.morphology.BinaryDilation>
250329-15:10:58,371 nipype.workflow INFO:
	 [Node] Finished "union_mask", elapsed time 0.083455s.
250329-15:10:58,713 nipype.workflow INFO:
	 [Node] Finished "dilated_mask", elapsed time 0.425824s.
250329-15:11:00,386 nipype.workflow INFO:
	 [Node] Setting-up "fmriprep_24_0_wf.sub_28_wf.bold_task_bird_run_4_wf.bold_confounds_wf.dilated_mask" in "/work_dir/fmriprep_24_0_wf/sub_28_wf/bold_task_bird_run_4_wf/bold_confounds_wf/dilated_mask".
250329-15:11:00,389 nipype.workflow INFO:
	 [Node] Executing "dilated_mask" <niworkflows.interfaces.morphology.BinaryDilation>
250329-15:11:00,398 nipype.workflow INFO:
	 [Node] Setting-up "fmriprep_24_0_wf.sub_28_wf.bold_task_bird_run_6_wf.bold_confounds_wf.subtract_mask" in "/work_dir/fmriprep_24_0_wf/sub_28_wf/bold_task_bird_run_6_wf/bold_confounds_wf/subtract_mask".
250329-15:11:00,400 nipype.workflow INFO:
	 [Node] Executing "subtract_mask" <niworkflows.interfaces.morphology.BinarySubtraction>
250329-15:11:00,441 nipype.workflow INFO:
	 [Node] Finished "subtract_mask", elapsed time 0.039797s.
250329-15:11:00,621 nipype.workflow INFO:
	 [Node] Finished "dilated_mask", elapsed time 0.231404s.
250329-15:11:02,533 nipype.workflow INFO:
	 [Node] Setting-up "fmriprep_24_0_wf.sub_28_wf.bold_task_bird_run_4_wf.bold_confounds_wf.subtract_mask" in "/work_dir/fmriprep_24_0_wf/sub_28_wf/bold_task_bird_run_4_wf/bold_confounds_wf/subtract_mask".
250329-15:11:02,536 nipype.workflow INFO:
	 [Node] Executing "subtract_mask" <niworkflows.interfaces.morphology.BinarySubtraction>
250329-15:11:02,542 nipype.workflow INFO:
	 [Node] Setting-up "fmriprep_24_0_wf.sub_28_wf.bold_task_bird_run_6_wf.bold_confounds_wf.crowncompcor" in "/work_dir/fmriprep_24_0_wf/sub_28_wf/bold_task_bird_run_6_wf/bold_confounds_wf/crowncompcor".
250329-15:11:02,547 nipype.workflow INFO:
	 [Node] Executing "crowncompcor" <niworkflows.interfaces.patches.RobustACompCor>
250329-15:11:02,625 nipype.workflow INFO:
	 [Node] Finished "subtract_mask", elapsed time 0.088104s.
250329-15:11:04,483 nipype.workflow INFO:
	 [Node] Setting-up "fmriprep_24_0_wf.sub_28_wf.bold_task_bird_run_4_wf.bold_confounds_wf.crowncompcor" in "/work_dir/fmriprep_24_0_wf/sub_28_wf/bold_task_bird_run_4_wf/bold_confounds_wf/crowncompcor".
250329-15:11:04,785 nipype.workflow INFO:
	 [Node] Executing "crowncompcor" <niworkflows.interfaces.patches.RobustACompCor>
250329-15:11:13,250 nipype.workflow INFO:
	 [Node] Finished "resample", elapsed time 50.826455s.
250329-15:11:14,15 nipype.workflow INFO:
	 [Node] Finished "crowncompcor", elapsed time 11.46637s.
250329-15:11:14,372 nipype.workflow INFO:
	 [Node] Setting-up "fmriprep_24_0_wf.sub_28_wf.bold_task_bird_run_6_wf.bold_anat_wf.resample" in "/work_dir/fmriprep_24_0_wf/sub_28_wf/bold_task_bird_run_6_wf/bold_anat_wf/resample".
250329-15:11:14,376 nipype.workflow INFO:
	 [Node] Executing "resample" <fmriprep.interfaces.resampling.ResampleSeries>
250329-15:11:15,289 nipype.workflow INFO:
	 [Node] Finished "crowncompcor", elapsed time 10.50336s.
250329-15:11:16,282 nipype.workflow INFO:
	 [Node] Setting-up "fmriprep_24_0_wf.sub_28_wf.bold_task_bird_run_4_wf.bold_confounds_wf.crowncc_metadata_fmt" in "/work_dir/fmriprep_24_0_wf/sub_28_wf/bold_task_bird_run_4_wf/bold_confounds_wf/crowncc_metadata_fmt".
250329-15:11:16,284 nipype.workflow INFO:
	 [Node] Executing "crowncc_metadata_fmt" <niworkflows.interfaces.utility.TSV2JSON>
250329-15:11:16,291 nipype.workflow INFO:
	 [Node] Finished "crowncc_metadata_fmt", elapsed time 0.006201s.
250329-15:11:16,295 nipype.workflow INFO:
	 [Node] Setting-up "fmriprep_24_0_wf.sub_28_wf.bold_task_bird_run_6_wf.bold_confounds_wf.crowncc_metadata_fmt" in "/work_dir/fmriprep_24_0_wf/sub_28_wf/bold_task_bird_run_6_wf/bold_confounds_wf/crowncc_metadata_fmt".
250329-15:11:16,299 nipype.workflow INFO:
	 [Node] Executing "crowncc_metadata_fmt" <niworkflows.interfaces.utility.TSV2JSON>
250329-15:11:16,307 nipype.workflow INFO:
	 [Node] Finished "crowncc_metadata_fmt", elapsed time 0.007484s.
250329-15:11:36,438 nipype.workflow INFO:
	 [Node] Finished "resample", elapsed time 43.871736s.
250329-15:11:49,245 nipype.workflow INFO:
	 [Node] Finished "resample", elapsed time 34.867434s.
250329-15:11:49,477 nipype.workflow INFO:
	 [Node] Finished "fast", elapsed time 238.518748s.
250329-15:11:50,146 nipype.workflow INFO:
	 [Node] Setting-up "fmriprep_24_0_wf.sub_28_wf.anat_fit_wf.lut_t1w_dseg" in "/work_dir/fmriprep_24_0_wf/sub_28_wf/anat_fit_wf/lut_t1w_dseg".
250329-15:11:50,149 nipype.workflow INFO:
	 [Node] Executing "lut_t1w_dseg" <nipype.interfaces.utility.wrappers.Function>
250329-15:11:50,478 nipype.workflow INFO:
	 [Node] Finished "lut_t1w_dseg", elapsed time 0.328866s.
250329-15:12:00,827 nipype.workflow INFO:
	 [Node] Setting-up "fmriprep_24_0_wf.sub_28_wf.bold_task_bird_run_1_wf.bold_fit_wf.func_fit_reports_wf.t1w_wm" in "/work_dir/fmriprep_24_0_wf/sub_28_wf/bold_task_bird_run_1_wf/bold_fit_wf/func_fit_reports_wf/t1w_wm".
250329-15:12:00,827 nipype.workflow INFO:
	 [Node] Setting-up "fmriprep_24_0_wf.sub_28_wf.bold_task_bird_run_2_wf.bold_fit_wf.func_fit_reports_wf.t1w_wm" in "/work_dir/fmriprep_24_0_wf/sub_28_wf/bold_task_bird_run_2_wf/bold_fit_wf/func_fit_reports_wf/t1w_wm".
250329-15:12:00,829 nipype.workflow INFO:
	 [Node] Executing "t1w_wm" <nipype.interfaces.utility.wrappers.Function>
250329-15:12:00,829 nipype.workflow INFO:
	 [Node] Executing "t1w_wm" <nipype.interfaces.utility.wrappers.Function>
250329-15:12:00,830 nipype.workflow INFO:
	 [Node] Setting-up "fmriprep_24_0_wf.sub_28_wf.anat_fit_wf.anat_reports_wf.seg_rpt" in "/work_dir/fmriprep_24_0_wf/sub_28_wf/anat_fit_wf/anat_reports_wf/seg_rpt".
250329-15:12:00,837 nipype.workflow INFO:
	 [Node] Setting-up "fmriprep_24_0_wf.sub_28_wf.bold_task_bird_run_3_wf.bold_fit_wf.func_fit_reports_wf.t1w_wm" in "/work_dir/fmriprep_24_0_wf/sub_28_wf/bold_task_bird_run_3_wf/bold_fit_wf/func_fit_reports_wf/t1w_wm".
250329-15:12:00,837 nipype.workflow INFO:
	 [Node] Setting-up "fmriprep_24_0_wf.sub_28_wf.bold_task_bird_run_4_wf.bold_fit_wf.func_fit_reports_wf.t1w_wm" in "/work_dir/fmriprep_24_0_wf/sub_28_wf/bold_task_bird_run_4_wf/bold_fit_wf/func_fit_reports_wf/t1w_wm".
250329-15:12:00,838 nipype.workflow INFO:
	 [Node] Executing "seg_rpt" <niworkflows.interfaces.reportlets.masks.ROIsPlot>
250329-15:12:00,840 nipype.workflow INFO:
	 [Node] Executing "t1w_wm" <nipype.interfaces.utility.wrappers.Function>
250329-15:12:00,840 nipype.workflow INFO:
	 [Node] Executing "t1w_wm" <nipype.interfaces.utility.wrappers.Function>
250329-15:12:00,844 nipype.workflow INFO:
	 [Node] Setting-up "fmriprep_24_0_wf.sub_28_wf.bold_task_bird_run_5_wf.bold_fit_wf.func_fit_reports_wf.t1w_wm" in "/work_dir/fmriprep_24_0_wf/sub_28_wf/bold_task_bird_run_5_wf/bold_fit_wf/func_fit_reports_wf/t1w_wm".
250329-15:12:00,847 nipype.workflow INFO:
	 [Node] Executing "t1w_wm" <nipype.interfaces.utility.wrappers.Function>
250329-15:12:00,849 nipype.workflow INFO:
	 [Node] Setting-up "fmriprep_24_0_wf.sub_28_wf.bold_task_bird_run_6_wf.bold_fit_wf.func_fit_reports_wf.t1w_wm" in "/work_dir/fmriprep_24_0_wf/sub_28_wf/bold_task_bird_run_6_wf/bold_fit_wf/func_fit_reports_wf/t1w_wm".
250329-15:12:00,849 nipype.workflow INFO:
	 [Node] Setting-up "fmriprep_24_0_wf.sub_28_wf.bold_task_bird_run_1_wf.bold_confounds_wf.acc_masks" in "/work_dir/fmriprep_24_0_wf/sub_28_wf/bold_task_bird_run_1_wf/bold_confounds_wf/acc_masks".
250329-15:12:00,852 nipype.workflow INFO:
	 [Node] Executing "t1w_wm" <nipype.interfaces.utility.wrappers.Function>
250329-15:12:00,855 nipype.workflow INFO:
	 [Node] Setting-up "fmriprep_24_0_wf.sub_28_wf.bold_task_bird_run_3_wf.bold_confounds_wf.acc_masks" in "/work_dir/fmriprep_24_0_wf/sub_28_wf/bold_task_bird_run_3_wf/bold_confounds_wf/acc_masks".
250329-15:12:00,859 nipype.workflow INFO:
	 [Node] Setting-up "fmriprep_24_0_wf.sub_28_wf.bold_task_bird_run_5_wf.bold_confounds_wf.acc_masks" in "/work_dir/fmriprep_24_0_wf/sub_28_wf/bold_task_bird_run_5_wf/bold_confounds_wf/acc_masks".
250329-15:12:00,859 nipype.workflow INFO:
	 [Node] Setting-up "fmriprep_24_0_wf.sub_28_wf.bold_task_bird_run_6_wf.bold_confounds_wf.acc_masks" in "/work_dir/fmriprep_24_0_wf/sub_28_wf/bold_task_bird_run_6_wf/bold_confounds_wf/acc_masks".
250329-15:12:00,921 nipype.workflow INFO:
	 [Node] Executing "acc_masks" <fmriprep.interfaces.confounds.aCompCorMasks>
250329-15:12:01,195 nipype.workflow INFO:
	 [Node] Finished "t1w_wm", elapsed time 0.354875s.
250329-15:12:01,201 nipype.workflow INFO:
	 [Node] Finished "t1w_wm", elapsed time 0.370658s.
250329-15:12:01,213 nipype.workflow INFO:
	 [Node] Executing "acc_masks" <fmriprep.interfaces.confounds.aCompCorMasks>
250329-15:12:01,225 nipype.workflow INFO:
	 [Node] Executing "acc_masks" <fmriprep.interfaces.confounds.aCompCorMasks>
250329-15:12:01,234 nipype.workflow INFO:
	 [Node] Executing "acc_masks" <fmriprep.interfaces.confounds.aCompCorMasks>
250329-15:12:01,319 nipype.workflow INFO:
	 [Node] Finished "t1w_wm", elapsed time 0.466798s.
250329-15:12:01,399 nipype.workflow INFO:
	 [Node] Finished "t1w_wm", elapsed time 0.568587s.
250329-15:12:01,494 nipype.workflow INFO:
	 [Node] Finished "t1w_wm", elapsed time 0.653244s.
250329-15:12:01,551 nipype.workflow INFO:
	 [Node] Finished "t1w_wm", elapsed time 0.70339s.
250329-15:12:01,794 nipype.workflow INFO:
	 [Node] Setting-up "fmriprep_24_0_wf.sub_28_wf.bold_task_bird_run_4_wf.bold_confounds_wf.acc_masks" in "/work_dir/fmriprep_24_0_wf/sub_28_wf/bold_task_bird_run_4_wf/bold_confounds_wf/acc_masks".
250329-15:12:01,911 nipype.workflow INFO:
	 [Node] Setting-up "fmriprep_24_0_wf.sub_28_wf.bold_task_bird_run_2_wf.bold_confounds_wf.acc_masks" in "/work_dir/fmriprep_24_0_wf/sub_28_wf/bold_task_bird_run_2_wf/bold_confounds_wf/acc_masks".
250329-15:12:01,953 nipype.workflow INFO:
	 [Node] Executing "acc_masks" <fmriprep.interfaces.confounds.aCompCorMasks>
250329-15:12:02,123 nipype.workflow INFO:
	 [Node] Executing "acc_masks" <fmriprep.interfaces.confounds.aCompCorMasks>
250329-15:12:03,34 nipype.workflow INFO:
	 [Node] Setting-up "fmriprep_24_0_wf.sub_28_wf.bold_task_bird_run_1_wf.bold_fit_wf.func_fit_reports_wf.boldref_wm" in "/work_dir/fmriprep_24_0_wf/sub_28_wf/bold_task_bird_run_1_wf/bold_fit_wf/func_fit_reports_wf/boldref_wm".
250329-15:12:03,39 nipype.workflow INFO:
	 [Node] Executing "boldref_wm" <niworkflows.interfaces.fixes.FixHeaderApplyTransforms>
250329-15:12:03,41 nipype.workflow INFO:
	 [Node] Setting-up "fmriprep_24_0_wf.sub_28_wf.bold_task_bird_run_2_wf.bold_fit_wf.func_fit_reports_wf.boldref_wm" in "/work_dir/fmriprep_24_0_wf/sub_28_wf/bold_task_bird_run_2_wf/bold_fit_wf/func_fit_reports_wf/boldref_wm".
250329-15:12:03,45 nipype.workflow INFO:
	 [Node] Executing "boldref_wm" <niworkflows.interfaces.fixes.FixHeaderApplyTransforms>
250329-15:12:03,48 nipype.workflow INFO:
	 [Node] Setting-up "fmriprep_24_0_wf.sub_28_wf.bold_task_bird_run_3_wf.bold_fit_wf.func_fit_reports_wf.boldref_wm" in "/work_dir/fmriprep_24_0_wf/sub_28_wf/bold_task_bird_run_3_wf/bold_fit_wf/func_fit_reports_wf/boldref_wm".
250329-15:12:03,52 nipype.workflow INFO:
	 [Node] Executing "boldref_wm" <niworkflows.interfaces.fixes.FixHeaderApplyTransforms>
250329-15:12:03,55 nipype.workflow INFO:
	 [Node] Setting-up "fmriprep_24_0_wf.sub_28_wf.bold_task_bird_run_4_wf.bold_fit_wf.func_fit_reports_wf.boldref_wm" in "/work_dir/fmriprep_24_0_wf/sub_28_wf/bold_task_bird_run_4_wf/bold_fit_wf/func_fit_reports_wf/boldref_wm".
250329-15:12:03,60 nipype.workflow INFO:
	 [Node] Executing "boldref_wm" <niworkflows.interfaces.fixes.FixHeaderApplyTransforms>
250329-15:12:03,62 nipype.workflow INFO:
	 [Node] Setting-up "fmriprep_24_0_wf.sub_28_wf.bold_task_bird_run_5_wf.bold_fit_wf.func_fit_reports_wf.boldref_wm" in "/work_dir/fmriprep_24_0_wf/sub_28_wf/bold_task_bird_run_5_wf/bold_fit_wf/func_fit_reports_wf/boldref_wm".
250329-15:12:03,67 nipype.workflow INFO:
	 [Node] Executing "boldref_wm" <niworkflows.interfaces.fixes.FixHeaderApplyTransforms>
250329-15:12:03,70 nipype.workflow INFO:
	 [Node] Setting-up "fmriprep_24_0_wf.sub_28_wf.bold_task_bird_run_6_wf.bold_fit_wf.func_fit_reports_wf.boldref_wm" in "/work_dir/fmriprep_24_0_wf/sub_28_wf/bold_task_bird_run_6_wf/bold_fit_wf/func_fit_reports_wf/boldref_wm".
250329-15:12:03,74 nipype.workflow INFO:
	 [Node] Executing "boldref_wm" <niworkflows.interfaces.fixes.FixHeaderApplyTransforms>
250329-15:12:04,224 nipype.workflow INFO:
	 [Node] Finished "boldref_wm", elapsed time 1.163557s.
250329-15:12:04,429 nipype.workflow INFO:
	 [Node] Finished "boldref_wm", elapsed time 1.389516s.
250329-15:12:04,468 nipype.workflow INFO:
	 [Node] Finished "boldref_wm", elapsed time 1.422225s.
250329-15:12:04,614 nipype.workflow INFO:
	 [Node] Finished "boldref_wm", elapsed time 1.5605280000000001s.
250329-15:12:04,707 nipype.workflow INFO:
	 [Node] Finished "boldref_wm", elapsed time 1.6394199999999999s.
250329-15:12:05,39 nipype.workflow INFO:
	 [Node] Finished "boldref_wm", elapsed time 1.964027s.
250329-15:12:06,775 nipype.workflow INFO:
	 [Node] Setting-up "fmriprep_24_0_wf.sub_28_wf.bold_task_bird_run_1_wf.bold_fit_wf.func_fit_reports_wf.epi_t1_report" in "/work_dir/fmriprep_24_0_wf/sub_28_wf/bold_task_bird_run_1_wf/bold_fit_wf/func_fit_reports_wf/epi_t1_report".
250329-15:12:06,787 nipype.workflow INFO:
	 [Node] Executing "epi_t1_report" <nireports.interfaces.reporting.base.SimpleBeforeAfterRPT>
250329-15:12:06,788 nipype.interface INFO:
	 Report - setting before (/output/sub-28/func/sub-28_task-bird_run-1_desc-coreg_boldref.nii.gz) and after (/work_dir/fmriprep_24_0_wf/sub_28_wf/bold_task_bird_run_1_wf/bold_fit_wf/func_fit_reports_wf/t1w_boldref/sub-28_desc-preproc_T1w_trans.nii.gz) images
250329-15:12:06,788 nipype.interface INFO:
	 Generating visual report
250329-15:12:07,124 nipype.workflow INFO:
	 [Node] Setting-up "fmriprep_24_0_wf.sub_28_wf.bold_task_bird_run_2_wf.bold_fit_wf.func_fit_reports_wf.epi_t1_report" in "/work_dir/fmriprep_24_0_wf/sub_28_wf/bold_task_bird_run_2_wf/bold_fit_wf/func_fit_reports_wf/epi_t1_report".
250329-15:12:07,128 nipype.workflow INFO:
	 [Node] Executing "epi_t1_report" <nireports.interfaces.reporting.base.SimpleBeforeAfterRPT>
250329-15:12:07,128 nipype.interface INFO:
	 Report - setting before (/output/sub-28/func/sub-28_task-bird_run-2_desc-coreg_boldref.nii.gz) and after (/work_dir/fmriprep_24_0_wf/sub_28_wf/bold_task_bird_run_2_wf/bold_fit_wf/func_fit_reports_wf/t1w_boldref/sub-28_desc-preproc_T1w_trans.nii.gz) images
250329-15:12:07,128 nipype.interface INFO:
	 Generating visual report
250329-15:12:07,135 nipype.workflow INFO:
	 [Node] Setting-up "fmriprep_24_0_wf.sub_28_wf.bold_task_bird_run_4_wf.bold_fit_wf.func_fit_reports_wf.epi_t1_report" in "/work_dir/fmriprep_24_0_wf/sub_28_wf/bold_task_bird_run_4_wf/bold_fit_wf/func_fit_reports_wf/epi_t1_report".
250329-15:12:07,144 nipype.workflow INFO:
	 [Node] Executing "epi_t1_report" <nireports.interfaces.reporting.base.SimpleBeforeAfterRPT>
250329-15:12:07,145 nipype.interface INFO:
	 Report - setting before (/output/sub-28/func/sub-28_task-bird_run-4_desc-coreg_boldref.nii.gz) and after (/work_dir/fmriprep_24_0_wf/sub_28_wf/bold_task_bird_run_4_wf/bold_fit_wf/func_fit_reports_wf/t1w_boldref/sub-28_desc-preproc_T1w_trans.nii.gz) images
250329-15:12:07,145 nipype.interface INFO:
	 Generating visual report
250329-15:12:07,235 nipype.workflow INFO:
	 [Node] Setting-up "fmriprep_24_0_wf.sub_28_wf.bold_task_bird_run_5_wf.bold_fit_wf.func_fit_reports_wf.epi_t1_report" in "/work_dir/fmriprep_24_0_wf/sub_28_wf/bold_task_bird_run_5_wf/bold_fit_wf/func_fit_reports_wf/epi_t1_report".
250329-15:12:07,236 nipype.workflow INFO:
	 [Node] Setting-up "fmriprep_24_0_wf.sub_28_wf.bold_task_bird_run_6_wf.bold_fit_wf.func_fit_reports_wf.epi_t1_report" in "/work_dir/fmriprep_24_0_wf/sub_28_wf/bold_task_bird_run_6_wf/bold_fit_wf/func_fit_reports_wf/epi_t1_report".
250329-15:12:07,239 nipype.workflow INFO:
	 [Node] Executing "epi_t1_report" <nireports.interfaces.reporting.base.SimpleBeforeAfterRPT>
250329-15:12:07,240 nipype.interface INFO:
	 Report - setting before (/output/sub-28/func/sub-28_task-bird_run-5_desc-coreg_boldref.nii.gz) and after (/work_dir/fmriprep_24_0_wf/sub_28_wf/bold_task_bird_run_5_wf/bold_fit_wf/func_fit_reports_wf/t1w_boldref/sub-28_desc-preproc_T1w_trans.nii.gz) images
250329-15:12:07,240 nipype.workflow INFO:
	 [Node] Executing "epi_t1_report" <nireports.interfaces.reporting.base.SimpleBeforeAfterRPT>
250329-15:12:07,240 nipype.interface INFO:
	 Generating visual report
250329-15:12:07,240 nipype.interface INFO:
	 Report - setting before (/output/sub-28/func/sub-28_task-bird_run-6_desc-coreg_boldref.nii.gz) and after (/work_dir/fmriprep_24_0_wf/sub_28_wf/bold_task_bird_run_6_wf/bold_fit_wf/func_fit_reports_wf/t1w_boldref/sub-28_desc-preproc_T1w_trans.nii.gz) images
250329-15:12:07,240 nipype.interface INFO:
	 Generating visual report
250329-15:12:08,584 nipype.workflow INFO:
	 [Node] Setting-up "fmriprep_24_0_wf.sub_28_wf.bold_task_bird_run_3_wf.bold_fit_wf.func_fit_reports_wf.epi_t1_report" in "/work_dir/fmriprep_24_0_wf/sub_28_wf/bold_task_bird_run_3_wf/bold_fit_wf/func_fit_reports_wf/epi_t1_report".
250329-15:12:08,590 nipype.workflow INFO:
	 [Node] Executing "epi_t1_report" <nireports.interfaces.reporting.base.SimpleBeforeAfterRPT>
250329-15:12:08,590 nipype.interface INFO:
	 Report - setting before (/output/sub-28/func/sub-28_task-bird_run-3_desc-coreg_boldref.nii.gz) and after (/work_dir/fmriprep_24_0_wf/sub_28_wf/bold_task_bird_run_3_wf/bold_fit_wf/func_fit_reports_wf/t1w_boldref/sub-28_desc-preproc_T1w_trans.nii.gz) images
250329-15:12:08,590 nipype.interface INFO:
	 Generating visual report
250329-15:12:12,296 nipype.workflow INFO:
	 [Node] Finished "acc_masks", elapsed time 11.070358s.
250329-15:12:12,865 nipype.workflow INFO:
	 [Node] Finished "acc_masks", elapsed time 11.942884s.
250329-15:12:13,168 nipype.workflow INFO:
	 [Node] Finished "acc_masks", elapsed time 11.954749s.
250329-15:12:15,336 nipype.workflow INFO:
	 [Node] Finished "acc_masks", elapsed time 14.10105s.
250329-15:12:15,562 nipype.workflow INFO:
	 [Node] Setting-up "_acc_msk_tfm0" in "/work_dir/fmriprep_24_0_wf/sub_28_wf/bold_task_bird_run_5_wf/bold_confounds_wf/acc_msk_tfm/mapflow/_acc_msk_tfm0".
250329-15:12:15,565 nipype.workflow INFO:
	 [Node] Executing "_acc_msk_tfm0" <niworkflows.interfaces.fixes.FixHeaderApplyTransforms>
250329-15:12:15,573 nipype.workflow INFO:
	 [Node] Setting-up "_acc_msk_tfm1" in "/work_dir/fmriprep_24_0_wf/sub_28_wf/bold_task_bird_run_5_wf/bold_confounds_wf/acc_msk_tfm/mapflow/_acc_msk_tfm1".
250329-15:12:15,575 nipype.workflow INFO:
	 [Node] Executing "_acc_msk_tfm1" <niworkflows.interfaces.fixes.FixHeaderApplyTransforms>
250329-15:12:15,581 nipype.workflow INFO:
	 [Node] Setting-up "_acc_msk_tfm2" in "/work_dir/fmriprep_24_0_wf/sub_28_wf/bold_task_bird_run_5_wf/bold_confounds_wf/acc_msk_tfm/mapflow/_acc_msk_tfm2".
250329-15:12:15,583 nipype.workflow INFO:
	 [Node] Executing "_acc_msk_tfm2" <niworkflows.interfaces.fixes.FixHeaderApplyTransforms>
250329-15:12:15,876 nipype.workflow INFO:
	 [Node] Finished "acc_masks", elapsed time 13.921741s.
250329-15:12:16,326 nipype.workflow INFO:
	 [Node] Finished "acc_masks", elapsed time 14.201719s.
250329-15:12:17,184 nipype.workflow INFO:
	 [Node] Setting-up "_acc_msk_tfm0" in "/work_dir/fmriprep_24_0_wf/sub_28_wf/bold_task_bird_run_1_wf/bold_confounds_wf/acc_msk_tfm/mapflow/_acc_msk_tfm0".
250329-15:12:17,186 nipype.workflow INFO:
	 [Node] Executing "_acc_msk_tfm0" <niworkflows.interfaces.fixes.FixHeaderApplyTransforms>
250329-15:12:17,200 nipype.workflow INFO:
	 [Node] Setting-up "_acc_msk_tfm1" in "/work_dir/fmriprep_24_0_wf/sub_28_wf/bold_task_bird_run_1_wf/bold_confounds_wf/acc_msk_tfm/mapflow/_acc_msk_tfm1".
250329-15:12:17,202 nipype.workflow INFO:
	 [Node] Executing "_acc_msk_tfm1" <niworkflows.interfaces.fixes.FixHeaderApplyTransforms>
250329-15:12:17,205 nipype.workflow INFO:
	 [Node] Setting-up "_acc_msk_tfm2" in "/work_dir/fmriprep_24_0_wf/sub_28_wf/bold_task_bird_run_1_wf/bold_confounds_wf/acc_msk_tfm/mapflow/_acc_msk_tfm2".
250329-15:12:17,208 nipype.workflow INFO:
	 [Node] Executing "_acc_msk_tfm2" <niworkflows.interfaces.fixes.FixHeaderApplyTransforms>
250329-15:12:17,211 nipype.workflow INFO:
	 [Node] Setting-up "_acc_msk_tfm0" in "/work_dir/fmriprep_24_0_wf/sub_28_wf/bold_task_bird_run_6_wf/bold_confounds_wf/acc_msk_tfm/mapflow/_acc_msk_tfm0".
250329-15:12:17,213 nipype.workflow INFO:
	 [Node] Executing "_acc_msk_tfm0" <niworkflows.interfaces.fixes.FixHeaderApplyTransforms>
250329-15:12:17,216 nipype.workflow INFO:
	 [Node] Setting-up "_acc_msk_tfm1" in "/work_dir/fmriprep_24_0_wf/sub_28_wf/bold_task_bird_run_6_wf/bold_confounds_wf/acc_msk_tfm/mapflow/_acc_msk_tfm1".
250329-15:12:17,218 nipype.workflow INFO:
	 [Node] Executing "_acc_msk_tfm1" <niworkflows.interfaces.fixes.FixHeaderApplyTransforms>
250329-15:12:17,221 nipype.workflow INFO:
	 [Node] Setting-up "_acc_msk_tfm2" in "/work_dir/fmriprep_24_0_wf/sub_28_wf/bold_task_bird_run_6_wf/bold_confounds_wf/acc_msk_tfm/mapflow/_acc_msk_tfm2".
250329-15:12:17,224 nipype.workflow INFO:
	 [Node] Executing "_acc_msk_tfm2" <niworkflows.interfaces.fixes.FixHeaderApplyTransforms>
250329-15:12:19,35 nipype.workflow INFO:
	 [Node] Setting-up "_acc_msk_tfm0" in "/work_dir/fmriprep_24_0_wf/sub_28_wf/bold_task_bird_run_2_wf/bold_confounds_wf/acc_msk_tfm/mapflow/_acc_msk_tfm0".
250329-15:12:19,38 nipype.workflow INFO:
	 [Node] Executing "_acc_msk_tfm0" <niworkflows.interfaces.fixes.FixHeaderApplyTransforms>
250329-15:12:19,39 nipype.workflow INFO:
	 [Node] Setting-up "_acc_msk_tfm1" in "/work_dir/fmriprep_24_0_wf/sub_28_wf/bold_task_bird_run_2_wf/bold_confounds_wf/acc_msk_tfm/mapflow/_acc_msk_tfm1".
250329-15:12:19,39 nipype.workflow INFO:
	 [Node] Setting-up "_acc_msk_tfm2" in "/work_dir/fmriprep_24_0_wf/sub_28_wf/bold_task_bird_run_2_wf/bold_confounds_wf/acc_msk_tfm/mapflow/_acc_msk_tfm2".
250329-15:12:19,42 nipype.workflow INFO:
	 [Node] Executing "_acc_msk_tfm1" <niworkflows.interfaces.fixes.FixHeaderApplyTransforms>
250329-15:12:19,42 nipype.workflow INFO:
	 [Node] Executing "_acc_msk_tfm2" <niworkflows.interfaces.fixes.FixHeaderApplyTransforms>
250329-15:12:19,44 nipype.workflow INFO:
	 [Node] Setting-up "_acc_msk_tfm0" in "/work_dir/fmriprep_24_0_wf/sub_28_wf/bold_task_bird_run_3_wf/bold_confounds_wf/acc_msk_tfm/mapflow/_acc_msk_tfm0".
250329-15:12:19,46 nipype.workflow INFO:
	 [Node] Executing "_acc_msk_tfm0" <niworkflows.interfaces.fixes.FixHeaderApplyTransforms>
250329-15:12:19,50 nipype.workflow INFO:
	 [Node] Setting-up "_acc_msk_tfm1" in "/work_dir/fmriprep_24_0_wf/sub_28_wf/bold_task_bird_run_3_wf/bold_confounds_wf/acc_msk_tfm/mapflow/_acc_msk_tfm1".
250329-15:12:19,51 nipype.workflow INFO:
	 [Node] Setting-up "_acc_msk_tfm2" in "/work_dir/fmriprep_24_0_wf/sub_28_wf/bold_task_bird_run_3_wf/bold_confounds_wf/acc_msk_tfm/mapflow/_acc_msk_tfm2".
250329-15:12:19,52 nipype.workflow INFO:
	 [Node] Executing "_acc_msk_tfm1" <niworkflows.interfaces.fixes.FixHeaderApplyTransforms>
250329-15:12:19,53 nipype.workflow INFO:
	 [Node] Executing "_acc_msk_tfm2" <niworkflows.interfaces.fixes.FixHeaderApplyTransforms>
250329-15:12:19,797 nipype.workflow INFO:
	 [Node] Finished "_acc_msk_tfm1", elapsed time 4.220599s.
250329-15:12:20,508 nipype.workflow INFO:
	 [Node] Finished "_acc_msk_tfm2", elapsed time 4.924495s.
250329-15:12:20,597 nipype.workflow INFO:
	 [Node] Finished "_acc_msk_tfm0", elapsed time 5.030694s.
250329-15:12:21,464 nipype.workflow INFO:
	 [Node] Setting-up "_acc_msk_tfm0" in "/work_dir/fmriprep_24_0_wf/sub_28_wf/bold_task_bird_run_5_wf/bold_confounds_wf/acc_msk_tfm/mapflow/_acc_msk_tfm0".
250329-15:12:21,466 nipype.workflow INFO:
	 [Node] Cached "_acc_msk_tfm0" - collecting precomputed outputs
250329-15:12:21,466 nipype.workflow INFO:
	 [Node] "_acc_msk_tfm0" found cached.
250329-15:12:21,467 nipype.workflow INFO:
	 [Node] Setting-up "_acc_msk_tfm1" in "/work_dir/fmriprep_24_0_wf/sub_28_wf/bold_task_bird_run_5_wf/bold_confounds_wf/acc_msk_tfm/mapflow/_acc_msk_tfm1".
250329-15:12:21,468 nipype.workflow INFO:
	 [Node] Cached "_acc_msk_tfm1" - collecting precomputed outputs
250329-15:12:21,468 nipype.workflow INFO:
	 [Node] "_acc_msk_tfm1" found cached.
250329-15:12:21,470 nipype.workflow INFO:
	 [Node] Setting-up "_acc_msk_tfm2" in "/work_dir/fmriprep_24_0_wf/sub_28_wf/bold_task_bird_run_5_wf/bold_confounds_wf/acc_msk_tfm/mapflow/_acc_msk_tfm2".
250329-15:12:21,472 nipype.workflow INFO:
	 [Node] Setting-up "_acc_msk_tfm0" in "/work_dir/fmriprep_24_0_wf/sub_28_wf/bold_task_bird_run_4_wf/bold_confounds_wf/acc_msk_tfm/mapflow/_acc_msk_tfm0".
250329-15:12:21,474 nipype.workflow INFO:
	 [Node] Executing "_acc_msk_tfm0" <niworkflows.interfaces.fixes.FixHeaderApplyTransforms>
250329-15:12:21,478 nipype.workflow INFO:
	 [Node] Setting-up "_acc_msk_tfm1" in "/work_dir/fmriprep_24_0_wf/sub_28_wf/bold_task_bird_run_4_wf/bold_confounds_wf/acc_msk_tfm/mapflow/_acc_msk_tfm1".
250329-15:12:21,480 nipype.workflow INFO:
	 [Node] Executing "_acc_msk_tfm1" <niworkflows.interfaces.fixes.FixHeaderApplyTransforms>
250329-15:12:21,484 nipype.workflow INFO:
	 [Node] Cached "_acc_msk_tfm2" - collecting precomputed outputs
250329-15:12:21,484 nipype.workflow INFO:
	 [Node] "_acc_msk_tfm2" found cached.
250329-15:12:21,990 nipype.workflow INFO:
	 [Node] Finished "_acc_msk_tfm2", elapsed time 4.76571s.
250329-15:12:22,88 nipype.workflow INFO:
	 [Node] Finished "_acc_msk_tfm2", elapsed time 4.879308s.
250329-15:12:22,757 nipype.workflow INFO:
	 [Node] Finished "_acc_msk_tfm0", elapsed time 5.543143s.
250329-15:12:22,968 nipype.workflow INFO:
	 [Node] Finished "_acc_msk_tfm1", elapsed time 5.748954s.
250329-15:12:23,458 nipype.workflow INFO:
	 [Node] Finished "_acc_msk_tfm0", elapsed time 6.270923s.
250329-15:12:23,460 nipype.workflow INFO:
	 [Node] Setting-up "_acc_msk_tfm2" in "/work_dir/fmriprep_24_0_wf/sub_28_wf/bold_task_bird_run_4_wf/bold_confounds_wf/acc_msk_tfm/mapflow/_acc_msk_tfm2".
250329-15:12:23,462 nipype.workflow INFO:
	 [Node] Executing "_acc_msk_tfm2" <niworkflows.interfaces.fixes.FixHeaderApplyTransforms>
250329-15:12:23,748 nipype.workflow INFO:
	 [Node] Finished "_acc_msk_tfm0", elapsed time 4.701798s.
250329-15:12:23,953 nipype.workflow INFO:
	 [Node] Finished "_acc_msk_tfm1", elapsed time 6.750398s.
250329-15:12:24,262 nipype.workflow INFO:
	 [Node] Finished "_acc_msk_tfm1", elapsed time 5.209349s.
250329-15:12:24,396 nipype.workflow INFO:
	 [Node] Finished "_acc_msk_tfm2", elapsed time 5.353323s.
250329-15:12:24,417 nipype.workflow INFO:
	 [Node] Finished "_acc_msk_tfm1", elapsed time 5.374557s.
250329-15:12:24,531 nipype.workflow INFO:
	 [Node] Finished "_acc_msk_tfm2", elapsed time 5.476981s.
250329-15:12:24,536 nipype.workflow INFO:
	 [Node] Finished "_acc_msk_tfm1", elapsed time 3.054736s.
250329-15:12:25,38 nipype.workflow INFO:
	 [Node] Setting-up "_acc_msk_tfm0" in "/work_dir/fmriprep_24_0_wf/sub_28_wf/bold_task_bird_run_1_wf/bold_confounds_wf/acc_msk_tfm/mapflow/_acc_msk_tfm0".
250329-15:12:25,40 nipype.workflow INFO:
	 [Node] Cached "_acc_msk_tfm0" - collecting precomputed outputs
250329-15:12:25,40 nipype.workflow INFO:
	 [Node] "_acc_msk_tfm0" found cached.
250329-15:12:25,41 nipype.workflow INFO:
	 [Node] Setting-up "_acc_msk_tfm0" in "/work_dir/fmriprep_24_0_wf/sub_28_wf/bold_task_bird_run_3_wf/bold_confounds_wf/acc_msk_tfm/mapflow/_acc_msk_tfm0".
250329-15:12:25,41 nipype.workflow INFO:
	 [Node] Setting-up "_acc_msk_tfm1" in "/work_dir/fmriprep_24_0_wf/sub_28_wf/bold_task_bird_run_1_wf/bold_confounds_wf/acc_msk_tfm/mapflow/_acc_msk_tfm1".
250329-15:12:25,42 nipype.workflow INFO:
	 [Node] Cached "_acc_msk_tfm0" - collecting precomputed outputs
250329-15:12:25,42 nipype.workflow INFO:
	 [Node] Cached "_acc_msk_tfm1" - collecting precomputed outputs
250329-15:12:25,42 nipype.workflow INFO:
	 [Node] "_acc_msk_tfm0" found cached.
250329-15:12:25,43 nipype.workflow INFO:
	 [Node] "_acc_msk_tfm1" found cached.
250329-15:12:25,44 nipype.workflow INFO:
	 [Node] Setting-up "_acc_msk_tfm2" in "/work_dir/fmriprep_24_0_wf/sub_28_wf/bold_task_bird_run_1_wf/bold_confounds_wf/acc_msk_tfm/mapflow/_acc_msk_tfm2".
250329-15:12:25,44 nipype.workflow INFO:
	 [Node] Setting-up "_acc_msk_tfm1" in "/work_dir/fmriprep_24_0_wf/sub_28_wf/bold_task_bird_run_3_wf/bold_confounds_wf/acc_msk_tfm/mapflow/_acc_msk_tfm1".
250329-15:12:25,45 nipype.workflow INFO:
	 [Node] Cached "_acc_msk_tfm2" - collecting precomputed outputs
250329-15:12:25,45 nipype.workflow INFO:
	 [Node] "_acc_msk_tfm2" found cached.
250329-15:12:25,45 nipype.workflow INFO:
	 [Node] Cached "_acc_msk_tfm1" - collecting precomputed outputs
250329-15:12:25,45 nipype.workflow INFO:
	 [Node] "_acc_msk_tfm1" found cached.
250329-15:12:25,46 nipype.workflow INFO:
	 [Node] Setting-up "_acc_msk_tfm2" in "/work_dir/fmriprep_24_0_wf/sub_28_wf/bold_task_bird_run_3_wf/bold_confounds_wf/acc_msk_tfm/mapflow/_acc_msk_tfm2".
250329-15:12:25,51 nipype.workflow INFO:
	 [Node] Setting-up "_acc_msk_brain0" in "/work_dir/fmriprep_24_0_wf/sub_28_wf/bold_task_bird_run_5_wf/bold_confounds_wf/acc_msk_brain/mapflow/_acc_msk_brain0".
250329-15:12:25,51 nipype.workflow INFO:
	 [Node] Cached "_acc_msk_tfm2" - collecting precomputed outputs
250329-15:12:25,51 nipype.workflow INFO:
	 [Node] "_acc_msk_tfm2" found cached.
250329-15:12:25,51 nipype.workflow INFO:
	 [Node] Setting-up "_acc_msk_brain1" in "/work_dir/fmriprep_24_0_wf/sub_28_wf/bold_task_bird_run_5_wf/bold_confounds_wf/acc_msk_brain/mapflow/_acc_msk_brain1".
250329-15:12:25,52 nipype.workflow INFO:
	 [Node] Executing "_acc_msk_brain0" <niworkflows.interfaces.nibabel.ApplyMask>
250329-15:12:25,53 nipype.workflow INFO:
	 [Node] Executing "_acc_msk_brain1" <niworkflows.interfaces.nibabel.ApplyMask>
250329-15:12:25,56 nipype.workflow INFO:
	 [Node] Setting-up "_acc_msk_tfm0" in "/work_dir/fmriprep_24_0_wf/sub_28_wf/bold_task_bird_run_6_wf/bold_confounds_wf/acc_msk_tfm/mapflow/_acc_msk_tfm0".
250329-15:12:25,56 nipype.workflow INFO:
	 [Node] Setting-up "_acc_msk_brain2" in "/work_dir/fmriprep_24_0_wf/sub_28_wf/bold_task_bird_run_5_wf/bold_confounds_wf/acc_msk_brain/mapflow/_acc_msk_brain2".
250329-15:12:25,57 nipype.workflow INFO:
	 [Node] Cached "_acc_msk_tfm0" - collecting precomputed outputs
250329-15:12:25,57 nipype.workflow INFO:
	 [Node] "_acc_msk_tfm0" found cached.
250329-15:12:25,58 nipype.workflow INFO:
	 [Node] Executing "_acc_msk_brain2" <niworkflows.interfaces.nibabel.ApplyMask>
250329-15:12:25,58 nipype.workflow INFO:
	 [Node] Setting-up "_acc_msk_tfm1" in "/work_dir/fmriprep_24_0_wf/sub_28_wf/bold_task_bird_run_6_wf/bold_confounds_wf/acc_msk_tfm/mapflow/_acc_msk_tfm1".
250329-15:12:25,59 nipype.workflow INFO:
	 [Node] Cached "_acc_msk_tfm1" - collecting precomputed outputs
250329-15:12:25,59 nipype.workflow INFO:
	 [Node] "_acc_msk_tfm1" found cached.
250329-15:12:25,60 nipype.workflow INFO:
	 [Node] Setting-up "_acc_msk_tfm2" in "/work_dir/fmriprep_24_0_wf/sub_28_wf/bold_task_bird_run_6_wf/bold_confounds_wf/acc_msk_tfm/mapflow/_acc_msk_tfm2".
250329-15:12:25,62 nipype.workflow INFO:
	 [Node] Cached "_acc_msk_tfm2" - collecting precomputed outputs
250329-15:12:25,62 nipype.workflow INFO:
	 [Node] "_acc_msk_tfm2" found cached.
250329-15:12:25,265 nipype.workflow INFO:
	 [Node] Finished "_acc_msk_brain2", elapsed time 0.206325s.
250329-15:12:25,291 nipype.workflow INFO:
	 [Node] Finished "_acc_msk_tfm0", elapsed time 6.252212s.
250329-15:12:25,347 nipype.workflow INFO:
	 [Node] Finished "_acc_msk_brain1", elapsed time 0.292641s.
250329-15:12:25,484 nipype.workflow INFO:
	 [Node] Finished "_acc_msk_brain0", elapsed time 0.430391s.
250329-15:12:26,8 nipype.workflow INFO:
	 [Node] Finished "_acc_msk_tfm0", elapsed time 4.53315s.
250329-15:12:26,287 nipype.workflow INFO:
	 [Node] Finished "_acc_msk_tfm2", elapsed time 2.823835s.
250329-15:12:27,35 nipype.workflow INFO:
	 [Node] Setting-up "_acc_msk_tfm0" in "/work_dir/fmriprep_24_0_wf/sub_28_wf/bold_task_bird_run_2_wf/bold_confounds_wf/acc_msk_tfm/mapflow/_acc_msk_tfm0".
250329-15:12:27,36 nipype.workflow INFO:
	 [Node] Cached "_acc_msk_tfm0" - collecting precomputed outputs
250329-15:12:27,36 nipype.workflow INFO:
	 [Node] "_acc_msk_tfm0" found cached.
250329-15:12:27,37 nipype.workflow INFO:
	 [Node] Setting-up "_acc_msk_tfm1" in "/work_dir/fmriprep_24_0_wf/sub_28_wf/bold_task_bird_run_2_wf/bold_confounds_wf/acc_msk_tfm/mapflow/_acc_msk_tfm1".
250329-15:12:27,38 nipype.workflow INFO:
	 [Node] Cached "_acc_msk_tfm1" - collecting precomputed outputs
250329-15:12:27,38 nipype.workflow INFO:
	 [Node] "_acc_msk_tfm1" found cached.
250329-15:12:27,39 nipype.workflow INFO:
	 [Node] Setting-up "_acc_msk_tfm2" in "/work_dir/fmriprep_24_0_wf/sub_28_wf/bold_task_bird_run_2_wf/bold_confounds_wf/acc_msk_tfm/mapflow/_acc_msk_tfm2".
250329-15:12:27,40 nipype.workflow INFO:
	 [Node] Cached "_acc_msk_tfm2" - collecting precomputed outputs
250329-15:12:27,40 nipype.workflow INFO:
	 [Node] "_acc_msk_tfm2" found cached.
250329-15:12:27,49 nipype.workflow INFO:
	 [Node] Setting-up "_acc_msk_tfm0" in "/work_dir/fmriprep_24_0_wf/sub_28_wf/bold_task_bird_run_4_wf/bold_confounds_wf/acc_msk_tfm/mapflow/_acc_msk_tfm0".
250329-15:12:27,51 nipype.workflow INFO:
	 [Node] Cached "_acc_msk_tfm0" - collecting precomputed outputs
250329-15:12:27,51 nipype.workflow INFO:
	 [Node] "_acc_msk_tfm0" found cached.
250329-15:12:27,52 nipype.workflow INFO:
	 [Node] Setting-up "_acc_msk_tfm1" in "/work_dir/fmriprep_24_0_wf/sub_28_wf/bold_task_bird_run_4_wf/bold_confounds_wf/acc_msk_tfm/mapflow/_acc_msk_tfm1".
250329-15:12:27,53 nipype.workflow INFO:
	 [Node] Cached "_acc_msk_tfm1" - collecting precomputed outputs
250329-15:12:27,53 nipype.workflow INFO:
	 [Node] "_acc_msk_tfm1" found cached.
250329-15:12:27,54 nipype.workflow INFO:
	 [Node] Setting-up "_acc_msk_tfm2" in "/work_dir/fmriprep_24_0_wf/sub_28_wf/bold_task_bird_run_4_wf/bold_confounds_wf/acc_msk_tfm/mapflow/_acc_msk_tfm2".
250329-15:12:27,56 nipype.workflow INFO:
	 [Node] Cached "_acc_msk_tfm2" - collecting precomputed outputs
250329-15:12:27,57 nipype.workflow INFO:
	 [Node] "_acc_msk_tfm2" found cached.
250329-15:12:27,87 nipype.workflow INFO:
	 [Node] Setting-up "_acc_msk_brain0" in "/work_dir/fmriprep_24_0_wf/sub_28_wf/bold_task_bird_run_5_wf/bold_confounds_wf/acc_msk_brain/mapflow/_acc_msk_brain0".
250329-15:12:27,88 nipype.workflow INFO:
	 [Node] Cached "_acc_msk_brain0" - collecting precomputed outputs
250329-15:12:27,88 nipype.workflow INFO:
	 [Node] "_acc_msk_brain0" found cached.
250329-15:12:27,89 nipype.workflow INFO:
	 [Node] Setting-up "_acc_msk_brain1" in "/work_dir/fmriprep_24_0_wf/sub_28_wf/bold_task_bird_run_5_wf/bold_confounds_wf/acc_msk_brain/mapflow/_acc_msk_brain1".
250329-15:12:27,90 nipype.workflow INFO:
	 [Node] Cached "_acc_msk_brain1" - collecting precomputed outputs
250329-15:12:27,90 nipype.workflow INFO:
	 [Node] "_acc_msk_brain1" found cached.
250329-15:12:27,90 nipype.workflow INFO:
	 [Node] Setting-up "_acc_msk_brain2" in "/work_dir/fmriprep_24_0_wf/sub_28_wf/bold_task_bird_run_5_wf/bold_confounds_wf/acc_msk_brain/mapflow/_acc_msk_brain2".
250329-15:12:27,91 nipype.workflow INFO:
	 [Node] Cached "_acc_msk_brain2" - collecting precomputed outputs
250329-15:12:27,91 nipype.workflow INFO:
	 [Node] "_acc_msk_brain2" found cached.
250329-15:12:29,123 nipype.workflow INFO:
	 [Node] Setting-up "_acc_msk_brain0" in "/work_dir/fmriprep_24_0_wf/sub_28_wf/bold_task_bird_run_1_wf/bold_confounds_wf/acc_msk_brain/mapflow/_acc_msk_brain0".
250329-15:12:29,125 nipype.workflow INFO:
	 [Node] Executing "_acc_msk_brain0" <niworkflows.interfaces.nibabel.ApplyMask>
250329-15:12:29,125 nipype.workflow INFO:
	 [Node] Setting-up "_acc_msk_brain1" in "/work_dir/fmriprep_24_0_wf/sub_28_wf/bold_task_bird_run_1_wf/bold_confounds_wf/acc_msk_brain/mapflow/_acc_msk_brain1".
250329-15:12:29,127 nipype.workflow INFO:
	 [Node] Executing "_acc_msk_brain1" <niworkflows.interfaces.nibabel.ApplyMask>
250329-15:12:29,136 nipype.workflow INFO:
	 [Node] Setting-up "_acc_msk_brain2" in "/work_dir/fmriprep_24_0_wf/sub_28_wf/bold_task_bird_run_1_wf/bold_confounds_wf/acc_msk_brain/mapflow/_acc_msk_brain2".
250329-15:12:29,138 nipype.workflow INFO:
	 [Node] Executing "_acc_msk_brain2" <niworkflows.interfaces.nibabel.ApplyMask>
250329-15:12:29,146 nipype.workflow INFO:
	 [Node] Setting-up "_acc_msk_brain0" in "/work_dir/fmriprep_24_0_wf/sub_28_wf/bold_task_bird_run_3_wf/bold_confounds_wf/acc_msk_brain/mapflow/_acc_msk_brain0".
250329-15:12:29,148 nipype.workflow INFO:
	 [Node] Executing "_acc_msk_brain0" <niworkflows.interfaces.nibabel.ApplyMask>
250329-15:12:29,157 nipype.workflow INFO:
	 [Node] Setting-up "_acc_msk_brain1" in "/work_dir/fmriprep_24_0_wf/sub_28_wf/bold_task_bird_run_3_wf/bold_confounds_wf/acc_msk_brain/mapflow/_acc_msk_brain1".
250329-15:12:29,159 nipype.workflow INFO:
	 [Node] Executing "_acc_msk_brain1" <niworkflows.interfaces.nibabel.ApplyMask>
250329-15:12:29,161 nipype.workflow INFO:
	 [Node] Setting-up "_acc_msk_brain2" in "/work_dir/fmriprep_24_0_wf/sub_28_wf/bold_task_bird_run_3_wf/bold_confounds_wf/acc_msk_brain/mapflow/_acc_msk_brain2".
250329-15:12:29,163 nipype.workflow INFO:
	 [Node] Executing "_acc_msk_brain2" <niworkflows.interfaces.nibabel.ApplyMask>
250329-15:12:29,165 nipype.workflow INFO:
	 [Node] Setting-up "_acc_msk_brain0" in "/work_dir/fmriprep_24_0_wf/sub_28_wf/bold_task_bird_run_6_wf/bold_confounds_wf/acc_msk_brain/mapflow/_acc_msk_brain0".
250329-15:12:29,165 nipype.workflow INFO:
	 [Node] Setting-up "_acc_msk_brain1" in "/work_dir/fmriprep_24_0_wf/sub_28_wf/bold_task_bird_run_6_wf/bold_confounds_wf/acc_msk_brain/mapflow/_acc_msk_brain1".
250329-15:12:29,167 nipype.workflow INFO:
	 [Node] Executing "_acc_msk_brain0" <niworkflows.interfaces.nibabel.ApplyMask>
250329-15:12:29,169 nipype.workflow INFO:
	 [Node] Setting-up "_acc_msk_brain2" in "/work_dir/fmriprep_24_0_wf/sub_28_wf/bold_task_bird_run_6_wf/bold_confounds_wf/acc_msk_brain/mapflow/_acc_msk_brain2".
250329-15:12:29,172 nipype.workflow INFO:
	 [Node] Executing "_acc_msk_brain2" <niworkflows.interfaces.nibabel.ApplyMask>
250329-15:12:29,176 nipype.workflow INFO:
	 [Node] Executing "_acc_msk_brain1" <niworkflows.interfaces.nibabel.ApplyMask>
250329-15:12:29,400 nipype.workflow INFO:
	 [Node] Finished "_acc_msk_brain1", elapsed time 0.272559s.
250329-15:12:29,425 nipype.workflow INFO:
	 [Node] Finished "_acc_msk_brain1", elapsed time 0.265344s.
250329-15:12:29,427 nipype.workflow INFO:
	 [Node] Finished "_acc_msk_brain2", elapsed time 0.288253s.
250329-15:12:29,437 nipype.workflow INFO:
	 [Node] Finished "_acc_msk_brain2", elapsed time 0.273435s.
250329-15:12:29,516 nipype.workflow INFO:
	 [Node] Finished "_acc_msk_brain0", elapsed time 0.390764s.
250329-15:12:29,518 nipype.workflow INFO:
	 [Node] Finished "_acc_msk_brain0", elapsed time 0.356685s.
250329-15:12:29,651 nipype.workflow INFO:
	 [Node] Finished "_acc_msk_brain1", elapsed time 0.474228s.
250329-15:12:29,655 nipype.workflow INFO:
	 [Node] Finished "_acc_msk_brain0", elapsed time 0.487128s.
250329-15:12:29,656 nipype.workflow INFO:
	 [Node] Finished "_acc_msk_brain2", elapsed time 0.483885s.
250329-15:12:30,967 nipype.workflow INFO:
	 [Node] Setting-up "_acc_msk_brain0" in "/work_dir/fmriprep_24_0_wf/sub_28_wf/bold_task_bird_run_1_wf/bold_confounds_wf/acc_msk_brain/mapflow/_acc_msk_brain0".
250329-15:12:30,968 nipype.workflow INFO:
	 [Node] Cached "_acc_msk_brain0" - collecting precomputed outputs
250329-15:12:30,968 nipype.workflow INFO:
	 [Node] "_acc_msk_brain0" found cached.
250329-15:12:30,969 nipype.workflow INFO:
	 [Node] Setting-up "_acc_msk_brain1" in "/work_dir/fmriprep_24_0_wf/sub_28_wf/bold_task_bird_run_1_wf/bold_confounds_wf/acc_msk_brain/mapflow/_acc_msk_brain1".
250329-15:12:30,970 nipype.workflow INFO:
	 [Node] Cached "_acc_msk_brain1" - collecting precomputed outputs
250329-15:12:30,970 nipype.workflow INFO:
	 [Node] "_acc_msk_brain1" found cached.
250329-15:12:30,971 nipype.workflow INFO:
	 [Node] Setting-up "_acc_msk_brain2" in "/work_dir/fmriprep_24_0_wf/sub_28_wf/bold_task_bird_run_1_wf/bold_confounds_wf/acc_msk_brain/mapflow/_acc_msk_brain2".
250329-15:12:30,972 nipype.workflow INFO:
	 [Node] Cached "_acc_msk_brain2" - collecting precomputed outputs
250329-15:12:30,972 nipype.workflow INFO:
	 [Node] "_acc_msk_brain2" found cached.
250329-15:12:30,979 nipype.workflow INFO:
	 [Node] Setting-up "_acc_msk_brain0" in "/work_dir/fmriprep_24_0_wf/sub_28_wf/bold_task_bird_run_3_wf/bold_confounds_wf/acc_msk_brain/mapflow/_acc_msk_brain0".
250329-15:12:30,980 nipype.workflow INFO:
	 [Node] Cached "_acc_msk_brain0" - collecting precomputed outputs
250329-15:12:30,980 nipype.workflow INFO:
	 [Node] "_acc_msk_brain0" found cached.
250329-15:12:30,981 nipype.workflow INFO:
	 [Node] Setting-up "_acc_msk_brain1" in "/work_dir/fmriprep_24_0_wf/sub_28_wf/bold_task_bird_run_3_wf/bold_confounds_wf/acc_msk_brain/mapflow/_acc_msk_brain1".
250329-15:12:30,981 nipype.workflow INFO:
	 [Node] Cached "_acc_msk_brain1" - collecting precomputed outputs
250329-15:12:30,982 nipype.workflow INFO:
	 [Node] "_acc_msk_brain1" found cached.
250329-15:12:30,982 nipype.workflow INFO:
	 [Node] Setting-up "_acc_msk_brain2" in "/work_dir/fmriprep_24_0_wf/sub_28_wf/bold_task_bird_run_3_wf/bold_confounds_wf/acc_msk_brain/mapflow/_acc_msk_brain2".
250329-15:12:30,983 nipype.workflow INFO:
	 [Node] Cached "_acc_msk_brain2" - collecting precomputed outputs
250329-15:12:30,983 nipype.workflow INFO:
	 [Node] "_acc_msk_brain2" found cached.
250329-15:12:30,988 nipype.workflow INFO:
	 [Node] Setting-up "_acc_msk_brain0" in "/work_dir/fmriprep_24_0_wf/sub_28_wf/bold_task_bird_run_2_wf/bold_confounds_wf/acc_msk_brain/mapflow/_acc_msk_brain0".
250329-15:12:30,990 nipype.workflow INFO:
	 [Node] Setting-up "_acc_msk_brain1" in "/work_dir/fmriprep_24_0_wf/sub_28_wf/bold_task_bird_run_2_wf/bold_confounds_wf/acc_msk_brain/mapflow/_acc_msk_brain1".
250329-15:12:30,990 nipype.workflow INFO:
	 [Node] Executing "_acc_msk_brain0" <niworkflows.interfaces.nibabel.ApplyMask>
250329-15:12:30,991 nipype.workflow INFO:
	 [Node] Executing "_acc_msk_brain1" <niworkflows.interfaces.nibabel.ApplyMask>
250329-15:12:30,994 nipype.workflow INFO:
	 [Node] Setting-up "_acc_msk_brain2" in "/work_dir/fmriprep_24_0_wf/sub_28_wf/bold_task_bird_run_2_wf/bold_confounds_wf/acc_msk_brain/mapflow/_acc_msk_brain2".
250329-15:12:30,994 nipype.workflow INFO:
	 [Node] Setting-up "_acc_msk_brain0" in "/work_dir/fmriprep_24_0_wf/sub_28_wf/bold_task_bird_run_4_wf/bold_confounds_wf/acc_msk_brain/mapflow/_acc_msk_brain0".
250329-15:12:30,994 nipype.workflow INFO:
	 [Node] Setting-up "_acc_msk_brain1" in "/work_dir/fmriprep_24_0_wf/sub_28_wf/bold_task_bird_run_4_wf/bold_confounds_wf/acc_msk_brain/mapflow/_acc_msk_brain1".
250329-15:12:30,996 nipype.workflow INFO:
	 [Node] Executing "_acc_msk_brain2" <niworkflows.interfaces.nibabel.ApplyMask>
250329-15:12:30,996 nipype.workflow INFO:
	 [Node] Executing "_acc_msk_brain0" <niworkflows.interfaces.nibabel.ApplyMask>
250329-15:12:30,996 nipype.workflow INFO:
	 [Node] Executing "_acc_msk_brain1" <niworkflows.interfaces.nibabel.ApplyMask>
250329-15:12:30,998 nipype.workflow INFO:
	 [Node] Setting-up "_acc_msk_brain2" in "/work_dir/fmriprep_24_0_wf/sub_28_wf/bold_task_bird_run_4_wf/bold_confounds_wf/acc_msk_brain/mapflow/_acc_msk_brain2".
250329-15:12:30,998 nipype.workflow INFO:
	 [Node] Setting-up "_acc_msk_bin0" in "/work_dir/fmriprep_24_0_wf/sub_28_wf/bold_task_bird_run_5_wf/bold_confounds_wf/acc_msk_bin/mapflow/_acc_msk_bin0".
250329-15:12:31,0 nipype.workflow INFO:
	 [Node] Executing "_acc_msk_bin0" <niworkflows.interfaces.nibabel.Binarize>
250329-15:12:31,3 nipype.workflow INFO:
	 [Node] Executing "_acc_msk_brain2" <niworkflows.interfaces.nibabel.ApplyMask>
250329-15:12:31,3 nipype.workflow INFO:
	 [Node] Setting-up "_acc_msk_bin1" in "/work_dir/fmriprep_24_0_wf/sub_28_wf/bold_task_bird_run_5_wf/bold_confounds_wf/acc_msk_bin/mapflow/_acc_msk_bin1".
250329-15:12:31,4 nipype.workflow INFO:
	 [Node] Setting-up "_acc_msk_brain0" in "/work_dir/fmriprep_24_0_wf/sub_28_wf/bold_task_bird_run_6_wf/bold_confounds_wf/acc_msk_brain/mapflow/_acc_msk_brain0".
250329-15:12:31,5 nipype.workflow INFO:
	 [Node] Executing "_acc_msk_bin1" <niworkflows.interfaces.nibabel.Binarize>
250329-15:12:31,5 nipype.workflow INFO:
	 [Node] Cached "_acc_msk_brain0" - collecting precomputed outputs
250329-15:12:31,5 nipype.workflow INFO:
	 [Node] "_acc_msk_brain0" found cached.
250329-15:12:31,6 nipype.workflow INFO:
	 [Node] Setting-up "_acc_msk_brain1" in "/work_dir/fmriprep_24_0_wf/sub_28_wf/bold_task_bird_run_6_wf/bold_confounds_wf/acc_msk_brain/mapflow/_acc_msk_brain1".
250329-15:12:31,7 nipype.workflow INFO:
	 [Node] Cached "_acc_msk_brain1" - collecting precomputed outputs
250329-15:12:31,7 nipype.workflow INFO:
	 [Node] "_acc_msk_brain1" found cached.
250329-15:12:31,7 nipype.workflow INFO:
	 [Node] Setting-up "_acc_msk_bin2" in "/work_dir/fmriprep_24_0_wf/sub_28_wf/bold_task_bird_run_5_wf/bold_confounds_wf/acc_msk_bin/mapflow/_acc_msk_bin2".
250329-15:12:31,8 nipype.workflow INFO:
	 [Node] Setting-up "_acc_msk_brain2" in "/work_dir/fmriprep_24_0_wf/sub_28_wf/bold_task_bird_run_6_wf/bold_confounds_wf/acc_msk_brain/mapflow/_acc_msk_brain2".
250329-15:12:31,8 nipype.workflow INFO:
	 [Node] Cached "_acc_msk_brain2" - collecting precomputed outputs
250329-15:12:31,8 nipype.workflow INFO:
	 [Node] "_acc_msk_brain2" found cached.
250329-15:12:31,9 nipype.workflow INFO:
	 [Node] Executing "_acc_msk_bin2" <niworkflows.interfaces.nibabel.Binarize>
250329-15:12:31,114 nipype.workflow INFO:
	 [Node] Finished "_acc_msk_brain2", elapsed time 0.117368s.
250329-15:12:31,229 nipype.workflow INFO:
	 [Node] Finished "_acc_msk_brain1", elapsed time 0.236751s.
250329-15:12:31,238 nipype.workflow INFO:
	 [Node] Finished "_acc_msk_bin1", elapsed time 0.232276s.
250329-15:12:31,273 nipype.workflow INFO:
	 [Node] Finished "_acc_msk_bin2", elapsed time 0.263766s.
250329-15:12:31,299 nipype.workflow INFO:
	 [Node] Finished "_acc_msk_bin0", elapsed time 0.298003s.
250329-15:12:31,346 nipype.workflow INFO:
	 [Node] Finished "_acc_msk_brain2", elapsed time 0.34155s.
250329-15:12:31,346 nipype.workflow INFO:
	 [Node] Finished "_acc_msk_brain1", elapsed time 0.349441s.
250329-15:12:31,372 nipype.workflow INFO:
	 [Node] Finished "_acc_msk_brain0", elapsed time 0.381058s.
250329-15:12:31,465 nipype.workflow INFO:
	 [Node] Finished "_acc_msk_brain0", elapsed time 0.46898s.
250329-15:12:33,361 nipype.workflow INFO:
	 [Node] Setting-up "_acc_msk_brain0" in "/work_dir/fmriprep_24_0_wf/sub_28_wf/bold_task_bird_run_2_wf/bold_confounds_wf/acc_msk_brain/mapflow/_acc_msk_brain0".
250329-15:12:33,362 nipype.workflow INFO:
	 [Node] Cached "_acc_msk_brain0" - collecting precomputed outputs
250329-15:12:33,362 nipype.workflow INFO:
	 [Node] "_acc_msk_brain0" found cached.
250329-15:12:33,362 nipype.workflow INFO:
	 [Node] Setting-up "_acc_msk_brain1" in "/work_dir/fmriprep_24_0_wf/sub_28_wf/bold_task_bird_run_2_wf/bold_confounds_wf/acc_msk_brain/mapflow/_acc_msk_brain1".
250329-15:12:33,363 nipype.workflow INFO:
	 [Node] Cached "_acc_msk_brain1" - collecting precomputed outputs
250329-15:12:33,363 nipype.workflow INFO:
	 [Node] "_acc_msk_brain1" found cached.
250329-15:12:33,364 nipype.workflow INFO:
	 [Node] Setting-up "_acc_msk_brain2" in "/work_dir/fmriprep_24_0_wf/sub_28_wf/bold_task_bird_run_2_wf/bold_confounds_wf/acc_msk_brain/mapflow/_acc_msk_brain2".
250329-15:12:33,365 nipype.workflow INFO:
	 [Node] Cached "_acc_msk_brain2" - collecting precomputed outputs
250329-15:12:33,365 nipype.workflow INFO:
	 [Node] "_acc_msk_brain2" found cached.
250329-15:12:33,372 nipype.workflow INFO:
	 [Node] Setting-up "_acc_msk_brain0" in "/work_dir/fmriprep_24_0_wf/sub_28_wf/bold_task_bird_run_4_wf/bold_confounds_wf/acc_msk_brain/mapflow/_acc_msk_brain0".
250329-15:12:33,373 nipype.workflow INFO:
	 [Node] Cached "_acc_msk_brain0" - collecting precomputed outputs
250329-15:12:33,373 nipype.workflow INFO:
	 [Node] "_acc_msk_brain0" found cached.
250329-15:12:33,374 nipype.workflow INFO:
	 [Node] Setting-up "_acc_msk_brain1" in "/work_dir/fmriprep_24_0_wf/sub_28_wf/bold_task_bird_run_4_wf/bold_confounds_wf/acc_msk_brain/mapflow/_acc_msk_brain1".
250329-15:12:33,375 nipype.workflow INFO:
	 [Node] Cached "_acc_msk_brain1" - collecting precomputed outputs
250329-15:12:33,375 nipype.workflow INFO:
	 [Node] "_acc_msk_brain1" found cached.
250329-15:12:33,376 nipype.workflow INFO:
	 [Node] Setting-up "_acc_msk_brain2" in "/work_dir/fmriprep_24_0_wf/sub_28_wf/bold_task_bird_run_4_wf/bold_confounds_wf/acc_msk_brain/mapflow/_acc_msk_brain2".
250329-15:12:33,377 nipype.workflow INFO:
	 [Node] Cached "_acc_msk_brain2" - collecting precomputed outputs
250329-15:12:33,377 nipype.workflow INFO:
	 [Node] "_acc_msk_brain2" found cached.
250329-15:12:33,448 nipype.workflow INFO:
	 [Node] Setting-up "_acc_msk_bin0" in "/work_dir/fmriprep_24_0_wf/sub_28_wf/bold_task_bird_run_5_wf/bold_confounds_wf/acc_msk_bin/mapflow/_acc_msk_bin0".
250329-15:12:33,449 nipype.workflow INFO:
	 [Node] Cached "_acc_msk_bin0" - collecting precomputed outputs
250329-15:12:33,449 nipype.workflow INFO:
	 [Node] "_acc_msk_bin0" found cached.
250329-15:12:33,450 nipype.workflow INFO:
	 [Node] Setting-up "_acc_msk_bin1" in "/work_dir/fmriprep_24_0_wf/sub_28_wf/bold_task_bird_run_5_wf/bold_confounds_wf/acc_msk_bin/mapflow/_acc_msk_bin1".
250329-15:12:33,451 nipype.workflow INFO:
	 [Node] Cached "_acc_msk_bin1" - collecting precomputed outputs
250329-15:12:33,451 nipype.workflow INFO:
	 [Node] "_acc_msk_bin1" found cached.
250329-15:12:33,452 nipype.workflow INFO:
	 [Node] Setting-up "_acc_msk_bin2" in "/work_dir/fmriprep_24_0_wf/sub_28_wf/bold_task_bird_run_5_wf/bold_confounds_wf/acc_msk_bin/mapflow/_acc_msk_bin2".
250329-15:12:33,452 nipype.workflow INFO:
	 [Node] Cached "_acc_msk_bin2" - collecting precomputed outputs
250329-15:12:33,452 nipype.workflow INFO:
	 [Node] "_acc_msk_bin2" found cached.
250329-15:12:35,31 nipype.workflow INFO:
	 [Node] Setting-up "fmriprep_24_0_wf.sub_28_wf.bold_task_bird_run_5_wf.bold_confounds_wf.acompcor" in "/work_dir/fmriprep_24_0_wf/sub_28_wf/bold_task_bird_run_5_wf/bold_confounds_wf/acompcor".
250329-15:12:35,40 nipype.workflow INFO:
	 [Node] Executing "acompcor" <niworkflows.interfaces.patches.RobustACompCor>
250329-15:12:36,243 nipype.workflow INFO:
	 [Node] Setting-up "_acc_msk_bin0" in "/work_dir/fmriprep_24_0_wf/sub_28_wf/bold_task_bird_run_1_wf/bold_confounds_wf/acc_msk_bin/mapflow/_acc_msk_bin0".
250329-15:12:36,244 nipype.workflow INFO:
	 [Node] Setting-up "_acc_msk_bin1" in "/work_dir/fmriprep_24_0_wf/sub_28_wf/bold_task_bird_run_1_wf/bold_confounds_wf/acc_msk_bin/mapflow/_acc_msk_bin1".
250329-15:12:36,245 nipype.workflow INFO:
	 [Node] Executing "_acc_msk_bin0" <niworkflows.interfaces.nibabel.Binarize>
250329-15:12:36,246 nipype.workflow INFO:
	 [Node] Executing "_acc_msk_bin1" <niworkflows.interfaces.nibabel.Binarize>
250329-15:12:36,255 nipype.workflow INFO:
	 [Node] Setting-up "_acc_msk_bin2" in "/work_dir/fmriprep_24_0_wf/sub_28_wf/bold_task_bird_run_1_wf/bold_confounds_wf/acc_msk_bin/mapflow/_acc_msk_bin2".
250329-15:12:36,256 nipype.workflow INFO:
	 [Node] Setting-up "_acc_msk_bin0" in "/work_dir/fmriprep_24_0_wf/sub_28_wf/bold_task_bird_run_3_wf/bold_confounds_wf/acc_msk_bin/mapflow/_acc_msk_bin0".
250329-15:12:36,257 nipype.workflow INFO:
	 [Node] Executing "_acc_msk_bin2" <niworkflows.interfaces.nibabel.Binarize>
250329-15:12:36,257 nipype.workflow INFO:
	 [Node] Executing "_acc_msk_bin0" <niworkflows.interfaces.nibabel.Binarize>
250329-15:12:36,264 nipype.workflow INFO:
	 [Node] Setting-up "_acc_msk_bin1" in "/work_dir/fmriprep_24_0_wf/sub_28_wf/bold_task_bird_run_3_wf/bold_confounds_wf/acc_msk_bin/mapflow/_acc_msk_bin1".
250329-15:12:36,266 nipype.workflow INFO:
	 [Node] Executing "_acc_msk_bin1" <niworkflows.interfaces.nibabel.Binarize>
250329-15:12:36,268 nipype.workflow INFO:
	 [Node] Setting-up "_acc_msk_bin2" in "/work_dir/fmriprep_24_0_wf/sub_28_wf/bold_task_bird_run_3_wf/bold_confounds_wf/acc_msk_bin/mapflow/_acc_msk_bin2".
250329-15:12:36,268 nipype.workflow INFO:
	 [Node] Setting-up "_acc_msk_bin0" in "/work_dir/fmriprep_24_0_wf/sub_28_wf/bold_task_bird_run_6_wf/bold_confounds_wf/acc_msk_bin/mapflow/_acc_msk_bin0".
250329-15:12:36,270 nipype.workflow INFO:
	 [Node] Executing "_acc_msk_bin2" <niworkflows.interfaces.nibabel.Binarize>
250329-15:12:36,270 nipype.workflow INFO:
	 [Node] Executing "_acc_msk_bin0" <niworkflows.interfaces.nibabel.Binarize>
250329-15:12:36,273 nipype.workflow INFO:
	 [Node] Setting-up "_acc_msk_bin1" in "/work_dir/fmriprep_24_0_wf/sub_28_wf/bold_task_bird_run_6_wf/bold_confounds_wf/acc_msk_bin/mapflow/_acc_msk_bin1".
250329-15:12:36,275 nipype.workflow INFO:
	 [Node] Executing "_acc_msk_bin1" <niworkflows.interfaces.nibabel.Binarize>
250329-15:12:36,277 nipype.workflow INFO:
	 [Node] Setting-up "_acc_msk_bin2" in "/work_dir/fmriprep_24_0_wf/sub_28_wf/bold_task_bird_run_6_wf/bold_confounds_wf/acc_msk_bin/mapflow/_acc_msk_bin2".
250329-15:12:36,279 nipype.workflow INFO:
	 [Node] Executing "_acc_msk_bin2" <niworkflows.interfaces.nibabel.Binarize>
250329-15:12:36,387 nipype.workflow INFO:
	 [Node] Finished "_acc_msk_bin2", elapsed time 0.129118s.
250329-15:12:36,448 nipype.workflow INFO:
	 [Node] Finished "_acc_msk_bin0", elapsed time 0.201999s.
250329-15:12:36,519 nipype.workflow INFO:
	 [Node] Finished "_acc_msk_bin1", elapsed time 0.252999s.
250329-15:12:36,529 nipype.workflow INFO:
	 [Node] Finished "_acc_msk_bin2", elapsed time 0.238734s.
250329-15:12:36,558 nipype.workflow INFO:
	 [Node] Finished "_acc_msk_bin0", elapsed time 0.299691s.
250329-15:12:36,604 nipype.workflow INFO:
	 [Node] Finished "_acc_msk_bin2", elapsed time 0.324781s.
250329-15:12:36,609 nipype.workflow INFO:
	 [Node] Finished "_acc_msk_bin1", elapsed time 0.363134s.
250329-15:12:36,621 nipype.workflow INFO:
	 [Node] Finished "_acc_msk_bin1", elapsed time 0.344951s.
250329-15:12:36,659 nipype.workflow INFO:
	 [Node] Finished "_acc_msk_bin0", elapsed time 0.387991s.
250329-15:12:37,34 nipype.workflow INFO:
	 [Node] Setting-up "_acc_msk_bin0" in "/work_dir/fmriprep_24_0_wf/sub_28_wf/bold_task_bird_run_1_wf/bold_confounds_wf/acc_msk_bin/mapflow/_acc_msk_bin0".
250329-15:12:37,35 nipype.workflow INFO:
	 [Node] Cached "_acc_msk_bin0" - collecting precomputed outputs
250329-15:12:37,35 nipype.workflow INFO:
	 [Node] "_acc_msk_bin0" found cached.
250329-15:12:37,35 nipype.workflow INFO:
	 [Node] Setting-up "_acc_msk_bin1" in "/work_dir/fmriprep_24_0_wf/sub_28_wf/bold_task_bird_run_1_wf/bold_confounds_wf/acc_msk_bin/mapflow/_acc_msk_bin1".
250329-15:12:37,36 nipype.workflow INFO:
	 [Node] Cached "_acc_msk_bin1" - collecting precomputed outputs
250329-15:12:37,36 nipype.workflow INFO:
	 [Node] "_acc_msk_bin1" found cached.
250329-15:12:37,37 nipype.workflow INFO:
	 [Node] Setting-up "_acc_msk_bin2" in "/work_dir/fmriprep_24_0_wf/sub_28_wf/bold_task_bird_run_1_wf/bold_confounds_wf/acc_msk_bin/mapflow/_acc_msk_bin2".
250329-15:12:37,38 nipype.workflow INFO:
	 [Node] Cached "_acc_msk_bin2" - collecting precomputed outputs
250329-15:12:37,38 nipype.workflow INFO:
	 [Node] "_acc_msk_bin2" found cached.
250329-15:12:37,45 nipype.workflow INFO:
	 [Node] Setting-up "_acc_msk_bin0" in "/work_dir/fmriprep_24_0_wf/sub_28_wf/bold_task_bird_run_3_wf/bold_confounds_wf/acc_msk_bin/mapflow/_acc_msk_bin0".
250329-15:12:37,46 nipype.workflow INFO:
	 [Node] Cached "_acc_msk_bin0" - collecting precomputed outputs
250329-15:12:37,46 nipype.workflow INFO:
	 [Node] "_acc_msk_bin0" found cached.
250329-15:12:37,47 nipype.workflow INFO:
	 [Node] Setting-up "_acc_msk_bin1" in "/work_dir/fmriprep_24_0_wf/sub_28_wf/bold_task_bird_run_3_wf/bold_confounds_wf/acc_msk_bin/mapflow/_acc_msk_bin1".
250329-15:12:37,47 nipype.workflow INFO:
	 [Node] Setting-up "fmriprep_24_0_wf.sub_28_wf.bold_task_bird_run_5_wf.bold_confounds_wf.rois_plot" in "/work_dir/fmriprep_24_0_wf/sub_28_wf/bold_task_bird_run_5_wf/bold_confounds_wf/rois_plot".
250329-15:12:37,47 nipype.workflow INFO:
	 [Node] Setting-up "fmriprep_24_0_wf.sub_28_wf.bold_task_bird_run_5_wf.bold_confounds_wf.signals" in "/work_dir/fmriprep_24_0_wf/sub_28_wf/bold_task_bird_run_5_wf/bold_confounds_wf/signals".
250329-15:12:37,47 nipype.workflow INFO:
	 [Node] Setting-up "_acc_msk_bin0" in "/work_dir/fmriprep_24_0_wf/sub_28_wf/bold_task_bird_run_2_wf/bold_confounds_wf/acc_msk_bin/mapflow/_acc_msk_bin0".
250329-15:12:37,47 nipype.workflow INFO:
	 [Node] Cached "_acc_msk_bin1" - collecting precomputed outputs
250329-15:12:37,47 nipype.workflow INFO:
	 [Node] Setting-up "_acc_msk_bin1" in "/work_dir/fmriprep_24_0_wf/sub_28_wf/bold_task_bird_run_2_wf/bold_confounds_wf/acc_msk_bin/mapflow/_acc_msk_bin1".
250329-15:12:37,47 nipype.workflow INFO:
	 [Node] "_acc_msk_bin1" found cached.
250329-15:12:37,48 nipype.workflow INFO:
	 [Node] Setting-up "_acc_msk_bin2" in "/work_dir/fmriprep_24_0_wf/sub_28_wf/bold_task_bird_run_3_wf/bold_confounds_wf/acc_msk_bin/mapflow/_acc_msk_bin2".
250329-15:12:37,49 nipype.workflow INFO:
	 [Node] Executing "_acc_msk_bin0" <niworkflows.interfaces.nibabel.Binarize>
250329-15:12:37,49 nipype.workflow INFO:
	 [Node] Executing "_acc_msk_bin1" <niworkflows.interfaces.nibabel.Binarize>
250329-15:12:37,49 nipype.workflow INFO:
	 [Node] Cached "_acc_msk_bin2" - collecting precomputed outputs
250329-15:12:37,49 nipype.workflow INFO:
	 [Node] "_acc_msk_bin2" found cached.
250329-15:12:37,51 nipype.workflow INFO:
	 [Node] Setting-up "_acc_msk_bin2" in "/work_dir/fmriprep_24_0_wf/sub_28_wf/bold_task_bird_run_2_wf/bold_confounds_wf/acc_msk_bin/mapflow/_acc_msk_bin2".
250329-15:12:37,51 nipype.workflow INFO:
	 [Node] Setting-up "_acc_msk_bin0" in "/work_dir/fmriprep_24_0_wf/sub_28_wf/bold_task_bird_run_4_wf/bold_confounds_wf/acc_msk_bin/mapflow/_acc_msk_bin0".
250329-15:12:37,51 nipype.workflow INFO:
	 [Node] Setting-up "_acc_msk_bin1" in "/work_dir/fmriprep_24_0_wf/sub_28_wf/bold_task_bird_run_4_wf/bold_confounds_wf/acc_msk_bin/mapflow/_acc_msk_bin1".
250329-15:12:37,51 nipype.workflow INFO:
	 [Node] Setting-up "_acc_msk_bin2" in "/work_dir/fmriprep_24_0_wf/sub_28_wf/bold_task_bird_run_4_wf/bold_confounds_wf/acc_msk_bin/mapflow/_acc_msk_bin2".
250329-15:12:37,53 nipype.workflow INFO:
	 [Node] Executing "_acc_msk_bin0" <niworkflows.interfaces.nibabel.Binarize>
250329-15:12:37,53 nipype.workflow INFO:
	 [Node] Executing "_acc_msk_bin1" <niworkflows.interfaces.nibabel.Binarize>
250329-15:12:37,53 nipype.workflow INFO:
	 [Node] Executing "_acc_msk_bin2" <niworkflows.interfaces.nibabel.Binarize>
250329-15:12:37,73 nipype.workflow INFO:
	 [Node] Executing "_acc_msk_bin2" <niworkflows.interfaces.nibabel.Binarize>
250329-15:12:37,147 nipype.workflow INFO:
	 [Node] Executing "signals" <niworkflows.interfaces.images.SignalExtraction>
250329-15:12:37,189 nipype.workflow INFO:
	 [Node] Executing "rois_plot" <niworkflows.interfaces.reportlets.masks.ROIsPlot>
250329-15:12:37,227 nipype.workflow INFO:
	 [Node] Finished "_acc_msk_bin0", elapsed time 0.1732s.
250329-15:12:37,233 nipype.workflow INFO:
	 [Node] Finished "_acc_msk_bin2", elapsed time 0.179524s.
250329-15:12:37,311 nipype.workflow INFO:
	 [Node] Finished "_acc_msk_bin1", elapsed time 0.257835s.
250329-15:12:37,342 nipype.workflow INFO:
	 [Node] Finished "_acc_msk_bin1", elapsed time 0.292347s.
250329-15:12:37,351 nipype.workflow INFO:
	 [Node] Finished "_acc_msk_bin2", elapsed time 0.276966s.
250329-15:12:37,440 nipype.workflow INFO:
	 [Node] Finished "_acc_msk_bin0", elapsed time 0.3902s.
250329-15:12:39,288 nipype.workflow INFO:
	 [Node] Setting-up "_acc_msk_bin0" in "/work_dir/fmriprep_24_0_wf/sub_28_wf/bold_task_bird_run_2_wf/bold_confounds_wf/acc_msk_bin/mapflow/_acc_msk_bin0".
250329-15:12:39,289 nipype.workflow INFO:
	 [Node] Cached "_acc_msk_bin0" - collecting precomputed outputs
250329-15:12:39,289 nipype.workflow INFO:
	 [Node] "_acc_msk_bin0" found cached.
250329-15:12:39,289 nipype.workflow INFO:
	 [Node] Setting-up "_acc_msk_bin1" in "/work_dir/fmriprep_24_0_wf/sub_28_wf/bold_task_bird_run_2_wf/bold_confounds_wf/acc_msk_bin/mapflow/_acc_msk_bin1".
250329-15:12:39,290 nipype.workflow INFO:
	 [Node] Cached "_acc_msk_bin1" - collecting precomputed outputs
250329-15:12:39,290 nipype.workflow INFO:
	 [Node] "_acc_msk_bin1" found cached.
250329-15:12:39,291 nipype.workflow INFO:
	 [Node] Setting-up "_acc_msk_bin2" in "/work_dir/fmriprep_24_0_wf/sub_28_wf/bold_task_bird_run_2_wf/bold_confounds_wf/acc_msk_bin/mapflow/_acc_msk_bin2".
250329-15:12:39,292 nipype.workflow INFO:
	 [Node] Cached "_acc_msk_bin2" - collecting precomputed outputs
250329-15:12:39,292 nipype.workflow INFO:
	 [Node] "_acc_msk_bin2" found cached.
250329-15:12:39,335 nipype.workflow INFO:
	 [Node] Setting-up "_acc_msk_bin0" in "/work_dir/fmriprep_24_0_wf/sub_28_wf/bold_task_bird_run_4_wf/bold_confounds_wf/acc_msk_bin/mapflow/_acc_msk_bin0".
250329-15:12:39,335 nipype.workflow INFO:
	 [Node] Cached "_acc_msk_bin0" - collecting precomputed outputs
250329-15:12:39,336 nipype.workflow INFO:
	 [Node] "_acc_msk_bin0" found cached.
250329-15:12:39,336 nipype.workflow INFO:
	 [Node] Setting-up "_acc_msk_bin1" in "/work_dir/fmriprep_24_0_wf/sub_28_wf/bold_task_bird_run_4_wf/bold_confounds_wf/acc_msk_bin/mapflow/_acc_msk_bin1".
250329-15:12:39,337 nipype.workflow INFO:
	 [Node] Cached "_acc_msk_bin1" - collecting precomputed outputs
250329-15:12:39,337 nipype.workflow INFO:
	 [Node] "_acc_msk_bin1" found cached.
250329-15:12:39,338 nipype.workflow INFO:
	 [Node] Setting-up "_acc_msk_bin2" in "/work_dir/fmriprep_24_0_wf/sub_28_wf/bold_task_bird_run_4_wf/bold_confounds_wf/acc_msk_bin/mapflow/_acc_msk_bin2".
250329-15:12:39,338 nipype.workflow INFO:
	 [Node] Cached "_acc_msk_bin2" - collecting precomputed outputs
250329-15:12:39,339 nipype.workflow INFO:
	 [Node] "_acc_msk_bin2" found cached.
250329-15:12:39,339 nipype.workflow INFO:
	 [Node] Setting-up "_acc_msk_bin0" in "/work_dir/fmriprep_24_0_wf/sub_28_wf/bold_task_bird_run_6_wf/bold_confounds_wf/acc_msk_bin/mapflow/_acc_msk_bin0".
250329-15:12:39,340 nipype.workflow INFO:
	 [Node] Cached "_acc_msk_bin0" - collecting precomputed outputs
250329-15:12:39,340 nipype.workflow INFO:
	 [Node] Setting-up "fmriprep_24_0_wf.sub_28_wf.bold_task_bird_run_1_wf.bold_confounds_wf.acompcor" in "/work_dir/fmriprep_24_0_wf/sub_28_wf/bold_task_bird_run_1_wf/bold_confounds_wf/acompcor".
250329-15:12:39,340 nipype.workflow INFO:
	 [Node] "_acc_msk_bin0" found cached.
250329-15:12:39,341 nipype.workflow INFO:
	 [Node] Setting-up "_acc_msk_bin1" in "/work_dir/fmriprep_24_0_wf/sub_28_wf/bold_task_bird_run_6_wf/bold_confounds_wf/acc_msk_bin/mapflow/_acc_msk_bin1".
250329-15:12:39,342 nipype.workflow INFO:
	 [Node] Cached "_acc_msk_bin1" - collecting precomputed outputs
250329-15:12:39,342 nipype.workflow INFO:
	 [Node] "_acc_msk_bin1" found cached.
250329-15:12:39,342 nipype.workflow INFO:
	 [Node] Setting-up "_acc_msk_bin2" in "/work_dir/fmriprep_24_0_wf/sub_28_wf/bold_task_bird_run_6_wf/bold_confounds_wf/acc_msk_bin/mapflow/_acc_msk_bin2".
250329-15:12:39,343 nipype.workflow INFO:
	 [Node] Cached "_acc_msk_bin2" - collecting precomputed outputs
250329-15:12:39,343 nipype.workflow INFO:
	 [Node] "_acc_msk_bin2" found cached.
250329-15:12:39,344 nipype.workflow INFO:
	 [Node] Executing "acompcor" <niworkflows.interfaces.patches.RobustACompCor>
250329-15:12:40,270 nipype.workflow INFO:
	 [Node] Setting-up "fmriprep_24_0_wf.sub_28_wf.bold_task_bird_run_3_wf.bold_confounds_wf.acompcor" in "/work_dir/fmriprep_24_0_wf/sub_28_wf/bold_task_bird_run_3_wf/bold_confounds_wf/acompcor".
250329-15:12:40,329 nipype.workflow INFO:
	 [Node] Executing "acompcor" <niworkflows.interfaces.patches.RobustACompCor>
250329-15:12:41,961 nipype.workflow INFO:
	 [Node] Setting-up "fmriprep_24_0_wf.sub_28_wf.bold_task_bird_run_2_wf.bold_confounds_wf.acompcor" in "/work_dir/fmriprep_24_0_wf/sub_28_wf/bold_task_bird_run_2_wf/bold_confounds_wf/acompcor".
250329-15:12:41,966 nipype.workflow INFO:
	 [Node] Executing "acompcor" <niworkflows.interfaces.patches.RobustACompCor>
250329-15:12:42,547 nipype.workflow INFO:
	 [Node] Setting-up "fmriprep_24_0_wf.sub_28_wf.bold_task_bird_run_4_wf.bold_confounds_wf.acompcor" in "/work_dir/fmriprep_24_0_wf/sub_28_wf/bold_task_bird_run_4_wf/bold_confounds_wf/acompcor".
250329-15:12:42,821 nipype.workflow INFO:
	 [Node] Executing "acompcor" <niworkflows.interfaces.patches.RobustACompCor>
250329-15:12:43,143 nipype.workflow INFO:
	 [Node] Setting-up "fmriprep_24_0_wf.sub_28_wf.bold_task_bird_run_6_wf.bold_confounds_wf.acompcor" in "/work_dir/fmriprep_24_0_wf/sub_28_wf/bold_task_bird_run_6_wf/bold_confounds_wf/acompcor".
250329-15:12:43,200 nipype.workflow INFO:
	 [Node] Executing "acompcor" <niworkflows.interfaces.patches.RobustACompCor>
250329-15:12:45,526 nipype.workflow INFO:
	 [Node] Setting-up "fmriprep_24_0_wf.sub_28_wf.bold_task_bird_run_1_wf.bold_confounds_wf.signals" in "/work_dir/fmriprep_24_0_wf/sub_28_wf/bold_task_bird_run_1_wf/bold_confounds_wf/signals".
250329-15:12:45,530 nipype.workflow INFO:
	 [Node] Executing "signals" <niworkflows.interfaces.images.SignalExtraction>
250329-15:12:45,557 nipype.workflow INFO:
	 [Node] Setting-up "fmriprep_24_0_wf.sub_28_wf.bold_task_bird_run_3_wf.bold_confounds_wf.signals" in "/work_dir/fmriprep_24_0_wf/sub_28_wf/bold_task_bird_run_3_wf/bold_confounds_wf/signals".
250329-15:12:45,560 nipype.workflow INFO:
	 [Node] Setting-up "fmriprep_24_0_wf.sub_28_wf.bold_task_bird_run_3_wf.bold_confounds_wf.rois_plot" in "/work_dir/fmriprep_24_0_wf/sub_28_wf/bold_task_bird_run_3_wf/bold_confounds_wf/rois_plot".
250329-15:12:45,562 nipype.workflow INFO:
	 [Node] Setting-up "fmriprep_24_0_wf.sub_28_wf.bold_task_bird_run_1_wf.bold_confounds_wf.rois_plot" in "/work_dir/fmriprep_24_0_wf/sub_28_wf/bold_task_bird_run_1_wf/bold_confounds_wf/rois_plot".
250329-15:12:45,569 nipype.workflow INFO:
	 [Node] Executing "rois_plot" <niworkflows.interfaces.reportlets.masks.ROIsPlot>
250329-15:12:45,573 nipype.workflow INFO:
	 [Node] Executing "rois_plot" <niworkflows.interfaces.reportlets.masks.ROIsPlot>
250329-15:12:46,15 nipype.workflow INFO:
	 [Node] Executing "signals" <niworkflows.interfaces.images.SignalExtraction>
250329-15:12:46,233 nipype.workflow INFO:
	 [Node] Setting-up "fmriprep_24_0_wf.sub_28_wf.bold_task_bird_run_2_wf.bold_confounds_wf.signals" in "/work_dir/fmriprep_24_0_wf/sub_28_wf/bold_task_bird_run_2_wf/bold_confounds_wf/signals".
250329-15:12:46,236 nipype.workflow INFO:
	 [Node] Executing "signals" <niworkflows.interfaces.images.SignalExtraction>
250329-15:12:46,268 nipype.workflow INFO:
	 [Node] Setting-up "fmriprep_24_0_wf.sub_28_wf.bold_task_bird_run_4_wf.bold_confounds_wf.signals" in "/work_dir/fmriprep_24_0_wf/sub_28_wf/bold_task_bird_run_4_wf/bold_confounds_wf/signals".
250329-15:12:46,272 nipype.workflow INFO:
	 [Node] Executing "signals" <niworkflows.interfaces.images.SignalExtraction>
250329-15:12:46,279 nipype.workflow INFO:
	 [Node] Setting-up "fmriprep_24_0_wf.sub_28_wf.bold_task_bird_run_6_wf.bold_confounds_wf.signals" in "/work_dir/fmriprep_24_0_wf/sub_28_wf/bold_task_bird_run_6_wf/bold_confounds_wf/signals".
250329-15:12:46,283 nipype.workflow INFO:
	 [Node] Executing "signals" <niworkflows.interfaces.images.SignalExtraction>
250329-15:12:52,915 nipype.workflow INFO:
	 [Node] Finished "acompcor", elapsed time 17.873485s.
250329-15:12:55,14 nipype.workflow INFO:
	 [Node] Setting-up "fmriprep_24_0_wf.sub_28_wf.bold_task_bird_run_5_wf.bold_confounds_wf.rename_acompcor" in "/work_dir/fmriprep_24_0_wf/sub_28_wf/bold_task_bird_run_5_wf/bold_confounds_wf/rename_acompcor".
250329-15:12:55,23 nipype.workflow INFO:
	 [Node] Executing "rename_acompcor" <fmriprep.interfaces.confounds.RenameACompCor>
250329-15:12:55,336 nipype.workflow INFO:
	 [Node] Finished "rename_acompcor", elapsed time 0.291422s.
250329-15:12:56,318 nipype.workflow INFO:
	 [Node] Setting-up "fmriprep_24_0_wf.sub_28_wf.bold_task_bird_run_2_wf.bold_confounds_wf.rois_plot" in "/work_dir/fmriprep_24_0_wf/sub_28_wf/bold_task_bird_run_2_wf/bold_confounds_wf/rois_plot".
250329-15:12:56,322 nipype.workflow INFO:
	 [Node] Executing "rois_plot" <niworkflows.interfaces.reportlets.masks.ROIsPlot>
250329-15:12:57,13 nipype.workflow INFO:
	 [Node] Finished "acompcor", elapsed time 17.668158s.
250329-15:12:57,259 nipype.workflow INFO:
	 [Node] Finished "acompcor", elapsed time 16.928926s.
250329-15:12:58,432 nipype.workflow INFO:
	 [Node] Finished "signals", elapsed time 21.283704s.
250329-15:12:58,573 nipype.workflow INFO:
	 [Node] Setting-up "fmriprep_24_0_wf.sub_28_wf.bold_task_bird_run_3_wf.bold_confounds_wf.rename_acompcor" in "/work_dir/fmriprep_24_0_wf/sub_28_wf/bold_task_bird_run_3_wf/bold_confounds_wf/rename_acompcor".
250329-15:12:58,576 nipype.workflow INFO:
	 [Node] Executing "rename_acompcor" <fmriprep.interfaces.confounds.RenameACompCor>
250329-15:12:58,795 nipype.workflow INFO:
	 [Node] Finished "rename_acompcor", elapsed time 0.21805s.
250329-15:13:00,595 nipype.workflow INFO:
	 [Node] Finished "acompcor", elapsed time 17.772882s.
250329-15:13:00,659 nipype.workflow INFO:
	 [Node] Finished "acompcor", elapsed time 18.692463s.
250329-15:13:00,666 nipype.workflow INFO:
	 [Node] Setting-up "fmriprep_24_0_wf.sub_28_wf.bold_task_bird_run_1_wf.bold_confounds_wf.rename_acompcor" in "/work_dir/fmriprep_24_0_wf/sub_28_wf/bold_task_bird_run_1_wf/bold_confounds_wf/rename_acompcor".
250329-15:13:00,690 nipype.workflow INFO:
	 [Node] Executing "rename_acompcor" <fmriprep.interfaces.confounds.RenameACompCor>
250329-15:13:00,935 nipype.workflow INFO:
	 [Node] Finished "acompcor", elapsed time 17.734273s.
250329-15:13:00,966 nipype.workflow INFO:
	 [Node] Finished "rename_acompcor", elapsed time 0.274837s.
250329-15:13:01,923 nipype.workflow INFO:
	 [Node] Setting-up "fmriprep_24_0_wf.sub_28_wf.bold_task_bird_run_4_wf.bold_confounds_wf.rois_plot" in "/work_dir/fmriprep_24_0_wf/sub_28_wf/bold_task_bird_run_4_wf/bold_confounds_wf/rois_plot".
250329-15:13:02,183 nipype.workflow INFO:
	 [Node] Executing "rois_plot" <niworkflows.interfaces.reportlets.masks.ROIsPlot>
250329-15:13:02,704 nipype.workflow INFO:
	 [Node] Setting-up "fmriprep_24_0_wf.sub_28_wf.bold_task_bird_run_6_wf.bold_confounds_wf.rois_plot" in "/work_dir/fmriprep_24_0_wf/sub_28_wf/bold_task_bird_run_6_wf/bold_confounds_wf/rois_plot".
250329-15:13:02,794 nipype.workflow INFO:
	 [Node] Executing "rois_plot" <niworkflows.interfaces.reportlets.masks.ROIsPlot>
250329-15:13:03,513 nipype.workflow INFO:
	 [Node] Setting-up "fmriprep_24_0_wf.sub_28_wf.bold_task_bird_run_2_wf.bold_confounds_wf.rename_acompcor" in "/work_dir/fmriprep_24_0_wf/sub_28_wf/bold_task_bird_run_2_wf/bold_confounds_wf/rename_acompcor".
250329-15:13:03,516 nipype.workflow INFO:
	 [Node] Executing "rename_acompcor" <fmriprep.interfaces.confounds.RenameACompCor>
250329-15:13:03,535 nipype.workflow INFO:
	 [Node] Setting-up "fmriprep_24_0_wf.sub_28_wf.bold_task_bird_run_6_wf.bold_confounds_wf.rename_acompcor" in "/work_dir/fmriprep_24_0_wf/sub_28_wf/bold_task_bird_run_6_wf/bold_confounds_wf/rename_acompcor".
250329-15:13:03,537 nipype.workflow INFO:
	 [Node] Executing "rename_acompcor" <fmriprep.interfaces.confounds.RenameACompCor>
250329-15:13:03,795 nipype.workflow INFO:
	 [Node] Finished "rename_acompcor", elapsed time 0.278572s.
250329-15:13:03,874 nipype.workflow INFO:
	 [Node] Finished "rename_acompcor", elapsed time 0.3357s.
250329-15:13:05,341 nipype.workflow INFO:
	 [Node] Setting-up "fmriprep_24_0_wf.sub_28_wf.bold_task_bird_run_4_wf.bold_confounds_wf.rename_acompcor" in "/work_dir/fmriprep_24_0_wf/sub_28_wf/bold_task_bird_run_4_wf/bold_confounds_wf/rename_acompcor".
250329-15:13:05,344 nipype.workflow INFO:
	 [Node] Executing "rename_acompcor" <fmriprep.interfaces.confounds.RenameACompCor>
250329-15:13:05,618 nipype.workflow INFO:
	 [Node] Finished "rename_acompcor", elapsed time 0.265325s.
250329-15:13:05,946 nipype.workflow INFO:
	 [Node] Setting-up "fmriprep_24_0_wf.sub_28_wf.bold_task_bird_run_1_wf.bold_confounds_wf.acc_metadata_filter" in "/work_dir/fmriprep_24_0_wf/sub_28_wf/bold_task_bird_run_1_wf/bold_confounds_wf/acc_metadata_filter".
250329-15:13:05,948 nipype.workflow INFO:
	 [Node] Executing "acc_metadata_filter" <fmriprep.interfaces.confounds.FilterDropped>
250329-15:13:05,954 nipype.workflow INFO:
	 [Node] Finished "acc_metadata_filter", elapsed time 0.005685s.
250329-15:13:06,542 nipype.workflow INFO:
	 [Node] Setting-up "fmriprep_24_0_wf.sub_28_wf.bold_task_bird_run_2_wf.bold_confounds_wf.acc_metadata_filter" in "/work_dir/fmriprep_24_0_wf/sub_28_wf/bold_task_bird_run_2_wf/bold_confounds_wf/acc_metadata_filter".
250329-15:13:06,545 nipype.workflow INFO:
	 [Node] Executing "acc_metadata_filter" <fmriprep.interfaces.confounds.FilterDropped>
250329-15:13:06,550 nipype.workflow INFO:
	 [Node] Finished "acc_metadata_filter", elapsed time 0.004798s.
250329-15:13:06,567 nipype.workflow INFO:
	 [Node] Setting-up "fmriprep_24_0_wf.sub_28_wf.bold_task_bird_run_3_wf.bold_confounds_wf.acc_metadata_filter" in "/work_dir/fmriprep_24_0_wf/sub_28_wf/bold_task_bird_run_3_wf/bold_confounds_wf/acc_metadata_filter".
250329-15:13:06,568 nipype.workflow INFO:
	 [Node] Setting-up "fmriprep_24_0_wf.sub_28_wf.bold_task_bird_run_4_wf.bold_confounds_wf.acc_metadata_filter" in "/work_dir/fmriprep_24_0_wf/sub_28_wf/bold_task_bird_run_4_wf/bold_confounds_wf/acc_metadata_filter".
250329-15:13:06,569 nipype.workflow INFO:
	 [Node] Executing "acc_metadata_filter" <fmriprep.interfaces.confounds.FilterDropped>
250329-15:13:06,570 nipype.workflow INFO:
	 [Node] Executing "acc_metadata_filter" <fmriprep.interfaces.confounds.FilterDropped>
250329-15:13:06,575 nipype.workflow INFO:
	 [Node] Finished "acc_metadata_filter", elapsed time 0.00445s.
250329-15:13:06,579 nipype.workflow INFO:
	 [Node] Finished "acc_metadata_filter", elapsed time 0.009285s.
250329-15:13:07,247 nipype.workflow INFO:
	 [Node] Finished "signals", elapsed time 21.716573s.
250329-15:13:07,677 nipype.workflow INFO:
	 [Node] Setting-up "fmriprep_24_0_wf.sub_28_wf.bold_task_bird_run_5_wf.bold_confounds_wf.acc_metadata_filter" in "/work_dir/fmriprep_24_0_wf/sub_28_wf/bold_task_bird_run_5_wf/bold_confounds_wf/acc_metadata_filter".
250329-15:13:07,680 nipype.workflow INFO:
	 [Node] Executing "acc_metadata_filter" <fmriprep.interfaces.confounds.FilterDropped>
250329-15:13:07,701 nipype.workflow INFO:
	 [Node] Finished "acc_metadata_filter", elapsed time 0.019907s.
250329-15:13:07,989 nipype.workflow INFO:
	 [Node] Finished "signals", elapsed time 21.973158s.
250329-15:13:10,177 nipype.workflow INFO:
	 [Node] Setting-up "fmriprep_24_0_wf.sub_28_wf.bold_task_bird_run_6_wf.bold_confounds_wf.acc_metadata_filter" in "/work_dir/fmriprep_24_0_wf/sub_28_wf/bold_task_bird_run_6_wf/bold_confounds_wf/acc_metadata_filter".
250329-15:13:10,179 nipype.workflow INFO:
	 [Node] Executing "acc_metadata_filter" <fmriprep.interfaces.confounds.FilterDropped>
250329-15:13:10,185 nipype.workflow INFO:
	 [Node] Finished "acc_metadata_filter", elapsed time 0.005324s.
250329-15:13:10,196 nipype.workflow INFO:
	 [Node] Setting-up "fmriprep_24_0_wf.sub_28_wf.bold_task_bird_run_1_wf.bold_confounds_wf.compcor_plot" in "/work_dir/fmriprep_24_0_wf/sub_28_wf/bold_task_bird_run_1_wf/bold_confounds_wf/compcor_plot".
250329-15:13:10,204 nipype.workflow INFO:
	 [Node] Executing "compcor_plot" <nireports.interfaces.nuisance.CompCorVariancePlot>
250329-15:13:10,207 nipype.workflow INFO:
	 [Node] Setting-up "fmriprep_24_0_wf.sub_28_wf.bold_task_bird_run_4_wf.bold_confounds_wf.compcor_plot" in "/work_dir/fmriprep_24_0_wf/sub_28_wf/bold_task_bird_run_4_wf/bold_confounds_wf/compcor_plot".
250329-15:13:10,224 nipype.workflow INFO:
	 [Node] Executing "compcor_plot" <nireports.interfaces.nuisance.CompCorVariancePlot>
250329-15:13:10,370 nipype.workflow INFO:
	 [Node] Finished "signals", elapsed time 24.096956s.
250329-15:13:10,539 nipype.workflow INFO:
	 [Node] Finished "signals", elapsed time 24.302359s.
250329-15:13:11,168 nipype.workflow INFO:
	 [Node] Setting-up "fmriprep_24_0_wf.sub_28_wf.bold_task_bird_run_3_wf.bold_confounds_wf.compcor_plot" in "/work_dir/fmriprep_24_0_wf/sub_28_wf/bold_task_bird_run_3_wf/bold_confounds_wf/compcor_plot".
250329-15:13:11,171 nipype.workflow INFO:
	 [Node] Executing "compcor_plot" <nireports.interfaces.nuisance.CompCorVariancePlot>
250329-15:13:11,236 nipype.workflow INFO:
	 [Node] Finished "seg_rpt", elapsed time 70.37753s.
250329-15:13:11,982 nipype.workflow INFO:
	 [Node] Finished "compcor_plot", elapsed time 1.757614s.
250329-15:13:12,5 nipype.workflow INFO:
	 [Node] Setting-up "fmriprep_24_0_wf.sub_28_wf.bold_task_bird_run_2_wf.bold_confounds_wf.compcor_plot" in "/work_dir/fmriprep_24_0_wf/sub_28_wf/bold_task_bird_run_2_wf/bold_confounds_wf/compcor_plot".
250329-15:13:12,8 nipype.workflow INFO:
	 [Node] Executing "compcor_plot" <nireports.interfaces.nuisance.CompCorVariancePlot>
250329-15:13:12,339 nipype.workflow INFO:
	 [Node] Finished "compcor_plot", elapsed time 2.1187s.
250329-15:13:12,615 nipype.workflow INFO:
	 [Node] Finished "signals", elapsed time 26.331006s.
250329-15:13:13,158 nipype.workflow INFO:
	 [Node] Setting-up "fmriprep_24_0_wf.sub_28_wf.bold_task_bird_run_6_wf.bold_confounds_wf.compcor_plot" in "/work_dir/fmriprep_24_0_wf/sub_28_wf/bold_task_bird_run_6_wf/bold_confounds_wf/compcor_plot".
250329-15:13:13,167 nipype.workflow INFO:
	 [Node] Executing "compcor_plot" <nireports.interfaces.nuisance.CompCorVariancePlot>
250329-15:13:13,200 nipype.workflow INFO:
	 [Node] Setting-up "fmriprep_24_0_wf.sub_28_wf.bold_task_bird_run_5_wf.bold_confounds_wf.compcor_plot" in "/work_dir/fmriprep_24_0_wf/sub_28_wf/bold_task_bird_run_5_wf/bold_confounds_wf/compcor_plot".
250329-15:13:13,306 nipype.workflow INFO:
	 [Node] Finished "compcor_plot", elapsed time 2.134115s.
250329-15:13:13,311 nipype.workflow INFO:
	 [Node] Finished "epi_t1_report", elapsed time 66.166181s.
250329-15:13:13,597 nipype.workflow INFO:
	 [Node] Executing "compcor_plot" <nireports.interfaces.nuisance.CompCorVariancePlot>
250329-15:13:13,643 nipype.workflow INFO:
	 [Node] Finished "compcor_plot", elapsed time 1.6337220000000001s.
250329-15:13:14,508 nipype.workflow INFO:
	 [Node] Finished "compcor_plot", elapsed time 1.340257s.
250329-15:13:14,514 nipype.workflow INFO:
	 [Node] Setting-up "fmriprep_24_0_wf.sub_28_wf.bold_task_bird_run_1_wf.bold_confounds_wf.acc_metadata_fmt" in "/work_dir/fmriprep_24_0_wf/sub_28_wf/bold_task_bird_run_1_wf/bold_confounds_wf/acc_metadata_fmt".
250329-15:13:14,517 nipype.workflow INFO:
	 [Node] Executing "acc_metadata_fmt" <niworkflows.interfaces.utility.TSV2JSON>
250329-15:13:14,523 nipype.workflow INFO:
	 [Node] Finished "acc_metadata_fmt", elapsed time 0.005711s.
250329-15:13:14,528 nipype.workflow INFO:
	 [Node] Setting-up "fmriprep_24_0_wf.sub_28_wf.bold_task_bird_run_1_wf.bold_confounds_wf.conf_corr_plot" in "/work_dir/fmriprep_24_0_wf/sub_28_wf/bold_task_bird_run_1_wf/bold_confounds_wf/conf_corr_plot".
250329-15:13:14,529 nipype.workflow INFO:
	 [Node] Setting-up "fmriprep_24_0_wf.sub_28_wf.bold_task_bird_run_1_wf.bold_confounds_wf.model_expansion" in "/work_dir/fmriprep_24_0_wf/sub_28_wf/bold_task_bird_run_1_wf/bold_confounds_wf/model_expansion".
250329-15:13:14,532 nipype.workflow INFO:
	 [Node] Executing "model_expansion" <niworkflows.interfaces.confounds.ExpandModel>
250329-15:13:14,544 nipype.workflow INFO:
	 [Node] Setting-up "fmriprep_24_0_wf.sub_28_wf.bold_task_bird_run_2_wf.bold_confounds_wf.acc_metadata_fmt" in "/work_dir/fmriprep_24_0_wf/sub_28_wf/bold_task_bird_run_2_wf/bold_confounds_wf/acc_metadata_fmt".
250329-15:13:14,547 nipype.workflow INFO:
	 [Node] Executing "acc_metadata_fmt" <niworkflows.interfaces.utility.TSV2JSON>
250329-15:13:14,574 nipype.workflow INFO:
	 [Node] Executing "conf_corr_plot" <nireports.interfaces.nuisance.ConfoundsCorrelationPlot>
250329-15:13:14,582 nipype.workflow INFO:
	 [Node] Finished "acc_metadata_fmt", elapsed time 0.033887s.
250329-15:13:15,31 nipype.workflow INFO:
	 [Node] Finished "model_expansion", elapsed time 0.498018s.
250329-15:13:15,157 nipype.workflow INFO:
	 [Node] Setting-up "fmriprep_24_0_wf.sub_28_wf.bold_task_bird_run_4_wf.bold_fit_wf.func_fit_reports_wf.ds_epi_t1_report" in "/work_dir/fmriprep_24_0_wf/sub_28_wf/bold_task_bird_run_4_wf/bold_fit_wf/func_fit_reports_wf/ds_epi_t1_report".
250329-15:13:15,231 nipype.workflow INFO:
	 [Node] Finished "compcor_plot", elapsed time 1.6331099999999998s.
250329-15:13:16,240 nipype.workflow INFO:
	 [Node] Setting-up "fmriprep_24_0_wf.sub_28_wf.bold_task_bird_run_2_wf.bold_confounds_wf.model_expansion" in "/work_dir/fmriprep_24_0_wf/sub_28_wf/bold_task_bird_run_2_wf/bold_confounds_wf/model_expansion".
250329-15:13:16,247 nipype.workflow INFO:
	 [Node] Setting-up "fmriprep_24_0_wf.sub_28_wf.bold_task_bird_run_2_wf.bold_confounds_wf.conf_corr_plot" in "/work_dir/fmriprep_24_0_wf/sub_28_wf/bold_task_bird_run_2_wf/bold_confounds_wf/conf_corr_plot".
250329-15:13:16,257 nipype.workflow INFO:
	 [Node] Executing "conf_corr_plot" <nireports.interfaces.nuisance.ConfoundsCorrelationPlot>
250329-15:13:16,259 nipype.workflow INFO:
	 [Node] Setting-up "fmriprep_24_0_wf.sub_28_wf.bold_task_bird_run_3_wf.bold_confounds_wf.acc_metadata_fmt" in "/work_dir/fmriprep_24_0_wf/sub_28_wf/bold_task_bird_run_3_wf/bold_confounds_wf/acc_metadata_fmt".
250329-15:13:16,262 nipype.workflow INFO:
	 [Node] Executing "acc_metadata_fmt" <niworkflows.interfaces.utility.TSV2JSON>
250329-15:13:16,265 nipype.workflow INFO:
	 [Node] Setting-up "fmriprep_24_0_wf.sub_28_wf.bold_task_bird_run_3_wf.bold_confounds_wf.model_expansion" in "/work_dir/fmriprep_24_0_wf/sub_28_wf/bold_task_bird_run_3_wf/bold_confounds_wf/model_expansion".
250329-15:13:16,267 nipype.workflow INFO:
	 [Node] Executing "model_expansion" <niworkflows.interfaces.confounds.ExpandModel>
250329-15:13:16,275 nipype.workflow INFO:
	 [Node] Finished "acc_metadata_fmt", elapsed time 0.01249s.
250329-15:13:16,622 nipype.workflow INFO:
	 [Node] Executing "ds_epi_t1_report" <fmriprep.interfaces.DerivativesDataSink>
250329-15:13:16,649 nipype.workflow INFO:
	 [Node] Setting-up "fmriprep_24_0_wf.sub_28_wf.bold_task_bird_run_3_wf.bold_confounds_wf.conf_corr_plot" in "/work_dir/fmriprep_24_0_wf/sub_28_wf/bold_task_bird_run_3_wf/bold_confounds_wf/conf_corr_plot".
250329-15:13:16,707 nipype.workflow INFO:
	 [Node] Finished "model_expansion", elapsed time 0.430951s.
250329-15:13:16,710 nipype.workflow INFO:
	 [Node] Finished "ds_epi_t1_report", elapsed time 0.08643s.
250329-15:13:16,723 nipype.workflow INFO:
	 [Node] Executing "conf_corr_plot" <nireports.interfaces.nuisance.ConfoundsCorrelationPlot>
250329-15:13:17,314 nipype.workflow INFO:
	 [Node] Setting-up "fmriprep_24_0_wf.sub_28_wf.bold_task_bird_run_4_wf.bold_confounds_wf.acc_metadata_fmt" in "/work_dir/fmriprep_24_0_wf/sub_28_wf/bold_task_bird_run_4_wf/bold_confounds_wf/acc_metadata_fmt".
250329-15:13:17,317 nipype.workflow INFO:
	 [Node] Executing "acc_metadata_fmt" <niworkflows.interfaces.utility.TSV2JSON>
250329-15:13:17,319 nipype.workflow INFO:
	 [Node] Setting-up "fmriprep_24_0_wf.sub_28_wf.bold_task_bird_run_4_wf.bold_confounds_wf.model_expansion" in "/work_dir/fmriprep_24_0_wf/sub_28_wf/bold_task_bird_run_4_wf/bold_confounds_wf/model_expansion".
250329-15:13:17,321 nipype.workflow INFO:
	 [Node] Executing "model_expansion" <niworkflows.interfaces.confounds.ExpandModel>
250329-15:13:17,327 nipype.workflow INFO:
	 [Node] Setting-up "fmriprep_24_0_wf.sub_28_wf.bold_task_bird_run_5_wf.bold_confounds_wf.model_expansion" in "/work_dir/fmriprep_24_0_wf/sub_28_wf/bold_task_bird_run_5_wf/bold_confounds_wf/model_expansion".
250329-15:13:17,329 nipype.workflow INFO:
	 [Node] Executing "model_expansion" <niworkflows.interfaces.confounds.ExpandModel>
250329-15:13:17,330 nipype.workflow INFO:
	 [Node] Setting-up "fmriprep_24_0_wf.sub_28_wf.bold_task_bird_run_5_wf.bold_confounds_wf.acc_metadata_fmt" in "/work_dir/fmriprep_24_0_wf/sub_28_wf/bold_task_bird_run_5_wf/bold_confounds_wf/acc_metadata_fmt".
250329-15:13:17,346 nipype.workflow INFO:
	 [Node] Executing "acc_metadata_fmt" <niworkflows.interfaces.utility.TSV2JSON>
250329-15:13:17,357 nipype.workflow INFO:
	 [Node] Finished "acc_metadata_fmt", elapsed time 0.039949s.
250329-15:13:17,380 nipype.workflow INFO:
	 [Node] Finished "acc_metadata_fmt", elapsed time 0.033585s.
250329-15:13:17,798 nipype.workflow INFO:
	 [Node] Finished "model_expansion", elapsed time 0.476208s.
250329-15:13:17,857 nipype.workflow INFO:
	 [Node] Executing "model_expansion" <niworkflows.interfaces.confounds.ExpandModel>
250329-15:13:17,870 nipype.workflow INFO:
	 [Node] Finished "model_expansion", elapsed time 0.540474s.
250329-15:13:18,75 nipype.workflow INFO:
	 [Node] Finished "epi_t1_report", elapsed time 69.484239s.
250329-15:13:18,226 nipype.workflow INFO:
	 [Node] Finished "model_expansion", elapsed time 0.368374s.
250329-15:13:18,408 nipype.workflow INFO:
	 [Node] Finished "conf_corr_plot", elapsed time 3.832572s.
250329-15:13:18,465 nipype.workflow INFO:
	 [Node] Finished "epi_t1_report", elapsed time 71.224699s.
250329-15:13:18,551 nipype.workflow INFO:
	 [Node] Setting-up "fmriprep_24_0_wf.sub_28_wf.bold_task_bird_run_4_wf.bold_confounds_wf.conf_corr_plot" in "/work_dir/fmriprep_24_0_wf/sub_28_wf/bold_task_bird_run_4_wf/bold_confounds_wf/conf_corr_plot".
250329-15:13:18,568 nipype.workflow INFO:
	 [Node] Executing "conf_corr_plot" <nireports.interfaces.nuisance.ConfoundsCorrelationPlot>
250329-15:13:19,202 nipype.workflow INFO:
	 [Node] Setting-up "fmriprep_24_0_wf.sub_28_wf.bold_task_bird_run_3_wf.bold_fit_wf.func_fit_reports_wf.ds_epi_t1_report" in "/work_dir/fmriprep_24_0_wf/sub_28_wf/bold_task_bird_run_3_wf/bold_fit_wf/func_fit_reports_wf/ds_epi_t1_report".
250329-15:13:19,209 nipype.workflow INFO:
	 [Node] Executing "ds_epi_t1_report" <fmriprep.interfaces.DerivativesDataSink>
250329-15:13:19,221 nipype.workflow INFO:
	 [Node] Setting-up "fmriprep_24_0_wf.sub_28_wf.bold_task_bird_run_5_wf.bold_fit_wf.func_fit_reports_wf.ds_epi_t1_report" in "/work_dir/fmriprep_24_0_wf/sub_28_wf/bold_task_bird_run_5_wf/bold_fit_wf/func_fit_reports_wf/ds_epi_t1_report".
250329-15:13:19,225 nipype.workflow INFO:
	 [Node] Executing "ds_epi_t1_report" <fmriprep.interfaces.DerivativesDataSink>
250329-15:13:19,232 nipype.workflow INFO:
	 [Node] Setting-up "fmriprep_24_0_wf.sub_28_wf.bold_task_bird_run_5_wf.bold_confounds_wf.conf_corr_plot" in "/work_dir/fmriprep_24_0_wf/sub_28_wf/bold_task_bird_run_5_wf/bold_confounds_wf/conf_corr_plot".
250329-15:13:19,243 nipype.workflow INFO:
	 [Node] Setting-up "fmriprep_24_0_wf.sub_28_wf.bold_task_bird_run_6_wf.bold_confounds_wf.acc_metadata_fmt" in "/work_dir/fmriprep_24_0_wf/sub_28_wf/bold_task_bird_run_6_wf/bold_confounds_wf/acc_metadata_fmt".
250329-15:13:19,244 nipype.workflow INFO:
	 [Node] Setting-up "fmriprep_24_0_wf.sub_28_wf.bold_task_bird_run_6_wf.bold_confounds_wf.model_expansion" in "/work_dir/fmriprep_24_0_wf/sub_28_wf/bold_task_bird_run_6_wf/bold_confounds_wf/model_expansion".
250329-15:13:19,245 nipype.workflow INFO:
	 [Node] Executing "conf_corr_plot" <nireports.interfaces.nuisance.ConfoundsCorrelationPlot>
250329-15:13:19,246 nipype.workflow INFO:
	 [Node] Executing "acc_metadata_fmt" <niworkflows.interfaces.utility.TSV2JSON>
250329-15:13:19,246 nipype.workflow INFO:
	 [Node] Executing "model_expansion" <niworkflows.interfaces.confounds.ExpandModel>
250329-15:13:19,249 nipype.workflow INFO:
	 [Node] Setting-up "fmriprep_24_0_wf.sub_28_wf.bold_task_bird_run_6_wf.bold_confounds_wf.conf_corr_plot" in "/work_dir/fmriprep_24_0_wf/sub_28_wf/bold_task_bird_run_6_wf/bold_confounds_wf/conf_corr_plot".
250329-15:13:19,259 nipype.workflow INFO:
	 [Node] Finished "acc_metadata_fmt", elapsed time 0.012778s.
250329-15:13:19,280 nipype.workflow INFO:
	 [Node] Executing "conf_corr_plot" <nireports.interfaces.nuisance.ConfoundsCorrelationPlot>
250329-15:13:19,310 nipype.workflow INFO:
	 [Node] Finished "ds_epi_t1_report", elapsed time 0.080185s.
250329-15:13:19,313 nipype.workflow INFO:
	 [Node] Finished "ds_epi_t1_report", elapsed time 0.087375s.
250329-15:13:19,407 nipype.workflow INFO:
	 [Node] Finished "epi_t1_report", elapsed time 72.618539s.
250329-15:13:19,786 nipype.workflow INFO:
	 [Node] Finished "model_expansion", elapsed time 0.539836s.
250329-15:13:20,183 nipype.workflow INFO:
	 [Node] Finished "epi_t1_report", elapsed time 73.054616s.
250329-15:13:20,350 nipype.workflow INFO:
	 [Node] Finished "conf_corr_plot", elapsed time 4.092439s.
250329-15:13:20,475 nipype.workflow INFO:
	 [Node] Finished "conf_corr_plot", elapsed time 3.73881s.
250329-15:13:20,970 nipype.workflow INFO:
	 [Node] Finished "epi_t1_report", elapsed time 73.72982s.
250329-15:13:21,328 nipype.workflow INFO:
	 [Node] Finished "conf_corr_plot", elapsed time 2.758733s.
250329-15:13:21,619 nipype.workflow INFO:
	 [Node] Finished "conf_corr_plot", elapsed time 2.338258s.
250329-15:13:21,846 nipype.workflow INFO:
	 [Node] Finished "conf_corr_plot", elapsed time 2.600242s.
250329-15:13:22,466 nipype.workflow INFO:
	 [Node] Setting-up "fmriprep_24_0_wf.sub_28_wf.bold_task_bird_run_1_wf.bold_confounds_wf.spike_regressors" in "/work_dir/fmriprep_24_0_wf/sub_28_wf/bold_task_bird_run_1_wf/bold_confounds_wf/spike_regressors".
250329-15:13:22,469 nipype.workflow INFO:
	 [Node] Executing "spike_regressors" <niworkflows.interfaces.confounds.SpikeRegressors>
250329-15:13:22,648 nipype.workflow INFO:
	 [Node] Finished "spike_regressors", elapsed time 0.178439s.
250329-15:13:23,193 nipype.workflow INFO:
	 [Node] Setting-up "fmriprep_24_0_wf.sub_28_wf.bold_task_bird_run_2_wf.bold_confounds_wf.spike_regressors" in "/work_dir/fmriprep_24_0_wf/sub_28_wf/bold_task_bird_run_2_wf/bold_confounds_wf/spike_regressors".
250329-15:13:23,195 nipype.workflow INFO:
	 [Node] Executing "spike_regressors" <niworkflows.interfaces.confounds.SpikeRegressors>
250329-15:13:23,408 nipype.workflow INFO:
	 [Node] Finished "spike_regressors", elapsed time 0.211958s.
250329-15:13:23,722 nipype.workflow INFO:
	 [Node] Setting-up "fmriprep_24_0_wf.sub_28_wf.bold_task_bird_run_3_wf.bold_confounds_wf.spike_regressors" in "/work_dir/fmriprep_24_0_wf/sub_28_wf/bold_task_bird_run_3_wf/bold_confounds_wf/spike_regressors".
250329-15:13:23,724 nipype.workflow INFO:
	 [Node] Executing "spike_regressors" <niworkflows.interfaces.confounds.SpikeRegressors>
250329-15:13:23,939 nipype.workflow INFO:
	 [Node] Finished "spike_regressors", elapsed time 0.2135s.
250329-15:13:24,184 nipype.workflow INFO:
	 [Node] Setting-up "fmriprep_24_0_wf.sub_28_wf.bold_task_bird_run_4_wf.bold_confounds_wf.spike_regressors" in "/work_dir/fmriprep_24_0_wf/sub_28_wf/bold_task_bird_run_4_wf/bold_confounds_wf/spike_regressors".
250329-15:13:24,187 nipype.workflow INFO:
	 [Node] Executing "spike_regressors" <niworkflows.interfaces.confounds.SpikeRegressors>
250329-15:13:24,375 nipype.workflow INFO:
	 [Node] Finished "spike_regressors", elapsed time 0.187583s.
250329-15:13:24,504 nipype.workflow INFO:
	 [Node] Setting-up "fmriprep_24_0_wf.sub_28_wf.bold_task_bird_run_1_wf.bold_fit_wf.func_fit_reports_wf.ds_epi_t1_report" in "/work_dir/fmriprep_24_0_wf/sub_28_wf/bold_task_bird_run_1_wf/bold_fit_wf/func_fit_reports_wf/ds_epi_t1_report".
250329-15:13:24,509 nipype.workflow INFO:
	 [Node] Executing "ds_epi_t1_report" <fmriprep.interfaces.DerivativesDataSink>
250329-15:13:24,517 nipype.workflow INFO:
	 [Node] Setting-up "fmriprep_24_0_wf.sub_28_wf.bold_task_bird_run_2_wf.bold_fit_wf.func_fit_reports_wf.ds_epi_t1_report" in "/work_dir/fmriprep_24_0_wf/sub_28_wf/bold_task_bird_run_2_wf/bold_fit_wf/func_fit_reports_wf/ds_epi_t1_report".
250329-15:13:24,520 nipype.workflow INFO:
	 [Node] Setting-up "fmriprep_24_0_wf.sub_28_wf.bold_task_bird_run_6_wf.bold_fit_wf.func_fit_reports_wf.ds_epi_t1_report" in "/work_dir/fmriprep_24_0_wf/sub_28_wf/bold_task_bird_run_6_wf/bold_fit_wf/func_fit_reports_wf/ds_epi_t1_report".
250329-15:13:24,521 nipype.workflow INFO:
	 [Node] Executing "ds_epi_t1_report" <fmriprep.interfaces.DerivativesDataSink>
250329-15:13:24,527 nipype.workflow INFO:
	 [Node] Executing "ds_epi_t1_report" <fmriprep.interfaces.DerivativesDataSink>
250329-15:13:24,567 nipype.workflow INFO:
	 [Node] Finished "ds_epi_t1_report", elapsed time 0.038182s.
250329-15:13:24,581 nipype.workflow INFO:
	 [Node] Finished "ds_epi_t1_report", elapsed time 0.058811s.
250329-15:13:24,587 nipype.workflow INFO:
	 [Node] Finished "ds_epi_t1_report", elapsed time 0.058967s.
250329-15:13:25,928 nipype.workflow INFO:
	 [Node] Setting-up "fmriprep_24_0_wf.sub_28_wf.bold_task_bird_run_5_wf.bold_confounds_wf.spike_regressors" in "/work_dir/fmriprep_24_0_wf/sub_28_wf/bold_task_bird_run_5_wf/bold_confounds_wf/spike_regressors".
250329-15:13:25,930 nipype.workflow INFO:
	 [Node] Executing "spike_regressors" <niworkflows.interfaces.confounds.SpikeRegressors>
250329-15:13:26,126 nipype.workflow INFO:
	 [Node] Finished "spike_regressors", elapsed time 0.194397s.
250329-15:13:26,943 nipype.workflow INFO:
	 [Node] Setting-up "fmriprep_24_0_wf.sub_28_wf.bold_task_bird_run_6_wf.bold_confounds_wf.spike_regressors" in "/work_dir/fmriprep_24_0_wf/sub_28_wf/bold_task_bird_run_6_wf/bold_confounds_wf/spike_regressors".
250329-15:13:26,946 nipype.workflow INFO:
	 [Node] Executing "spike_regressors" <niworkflows.interfaces.confounds.SpikeRegressors>
250329-15:13:27,199 nipype.workflow INFO:
	 [Node] Finished "spike_regressors", elapsed time 0.251819s.
250329-15:13:30,954 nipype.workflow INFO:
	 [Node] Finished "rois_plot", elapsed time 53.763783s.
250329-15:13:38,65 nipype.workflow INFO:
	 [Node] Finished "rois_plot", elapsed time 52.495802s.
250329-15:13:38,84 nipype.workflow INFO:
	 [Node] Finished "rois_plot", elapsed time 52.510604s.
250329-15:13:43,778 nipype.workflow INFO:
	 [Node] Finished "rois_plot", elapsed time 47.454714s.
250329-15:13:44,276 nipype.workflow INFO:
	 [Node] Finished "rois_plot", elapsed time 41.481001s.
250329-15:13:44,893 nipype.workflow INFO:
	 [Node] Finished "rois_plot", elapsed time 42.708512s.
250329-15:46:59,575 nipype.workflow INFO:
	 [Node] Finished "registration", elapsed time 2316.453851s.
250329-15:47:01,689 nipype.workflow INFO:
	 [Node] Setting-up "fmriprep_24_0_wf.sub_28_wf.anat_fit_wf.register_template_wf.outputnode" in "/work_dir/fmriprep_24_0_wf/sub_28_wf/anat_fit_wf/register_template_wf/outputnode".
250329-15:47:01,698 nipype.workflow INFO:
	 [Node] Executing "outputnode" <nipype.interfaces.utility.base.IdentityInterface>
250329-15:47:01,699 nipype.workflow INFO:
	 [Node] Finished "outputnode", elapsed time 0.000417s.
250329-15:47:03,691 nipype.workflow INFO:
	 [Node] Setting-up "fmriprep_24_0_wf.sub_28_wf.anat_fit_wf.template_buffer" in "/work_dir/fmriprep_24_0_wf/sub_28_wf/anat_fit_wf/template_buffer".
250329-15:47:03,694 nipype.workflow INFO:
	 [Node] Executing "template_buffer" <nipype.interfaces.utility.base.Merge>
250329-15:47:03,695 nipype.workflow INFO:
	 [Node] Finished "template_buffer", elapsed time 0.00022s.
250329-15:47:05,690 nipype.workflow INFO:
	 [Node] Setting-up "fmriprep_24_0_wf.sub_28_wf.anat_fit_wf.anat2std_buffer" in "/work_dir/fmriprep_24_0_wf/sub_28_wf/anat_fit_wf/anat2std_buffer".
250329-15:47:05,690 nipype.workflow INFO:
	 [Node] Setting-up "fmriprep_24_0_wf.sub_28_wf.anat_fit_wf.std2anat_buffer" in "/work_dir/fmriprep_24_0_wf/sub_28_wf/anat_fit_wf/std2anat_buffer".
250329-15:47:05,693 nipype.workflow INFO:
	 [Node] Executing "std2anat_buffer" <nipype.interfaces.utility.base.Merge>
250329-15:47:05,694 nipype.workflow INFO:
	 [Node] Finished "std2anat_buffer", elapsed time 0.00021s.
250329-15:47:05,694 nipype.workflow INFO:
	 [Node] Executing "anat2std_buffer" <nipype.interfaces.utility.base.Merge>
250329-15:47:05,695 nipype.workflow INFO:
	 [Node] Finished "anat2std_buffer", elapsed time 0.000217s.
250329-15:47:09,690 nipype.workflow INFO:
	 [Node] Setting-up "fmriprep_24_0_wf.sub_28_wf.bold_task_bird_run_1_wf.carpetplot_wf.mrg_xfms" in "/work_dir/fmriprep_24_0_wf/sub_28_wf/bold_task_bird_run_1_wf/carpetplot_wf/mrg_xfms".
250329-15:47:09,690 nipype.workflow INFO:
	 [Node] Setting-up "fmriprep_24_0_wf.sub_28_wf.bold_task_bird_run_2_wf.carpetplot_wf.mrg_xfms" in "/work_dir/fmriprep_24_0_wf/sub_28_wf/bold_task_bird_run_2_wf/carpetplot_wf/mrg_xfms".
250329-15:47:09,690 nipype.workflow INFO:
	 [Node] Setting-up "fmriprep_24_0_wf.sub_28_wf.bold_task_bird_run_3_wf.carpetplot_wf.mrg_xfms" in "/work_dir/fmriprep_24_0_wf/sub_28_wf/bold_task_bird_run_3_wf/carpetplot_wf/mrg_xfms".
250329-15:47:09,690 nipype.workflow INFO:
	 [Node] Setting-up "fmriprep_24_0_wf.sub_28_wf.bold_task_bird_run_4_wf.carpetplot_wf.mrg_xfms" in "/work_dir/fmriprep_24_0_wf/sub_28_wf/bold_task_bird_run_4_wf/carpetplot_wf/mrg_xfms".
250329-15:47:09,691 nipype.workflow INFO:
	 [Node] Setting-up "fmriprep_24_0_wf.sub_28_wf.bold_task_bird_run_5_wf.carpetplot_wf.mrg_xfms" in "/work_dir/fmriprep_24_0_wf/sub_28_wf/bold_task_bird_run_5_wf/carpetplot_wf/mrg_xfms".
250329-15:47:09,692 nipype.workflow INFO:
	 [Node] Setting-up "fmriprep_24_0_wf.sub_28_wf.bold_task_bird_run_6_wf.carpetplot_wf.mrg_xfms" in "/work_dir/fmriprep_24_0_wf/sub_28_wf/bold_task_bird_run_6_wf/carpetplot_wf/mrg_xfms".
250329-15:47:09,694 nipype.workflow INFO:
	 [Node] Executing "mrg_xfms" <nipype.interfaces.utility.base.Merge>
250329-15:47:09,694 nipype.workflow INFO:
	 [Node] Finished "mrg_xfms", elapsed time 0.000221s.
250329-15:47:09,699 nipype.workflow INFO:
	 [Node] Executing "mrg_xfms" <nipype.interfaces.utility.base.Merge>
250329-15:47:09,700 nipype.workflow INFO:
	 [Node] Finished "mrg_xfms", elapsed time 0.00021s.
250329-15:47:09,700 nipype.workflow INFO:
	 [Node] Executing "mrg_xfms" <nipype.interfaces.utility.base.Merge>
250329-15:47:09,700 nipype.workflow INFO:
	 [Node] Executing "mrg_xfms" <nipype.interfaces.utility.base.Merge>
250329-15:47:09,701 nipype.workflow INFO:
	 [Node] Executing "mrg_xfms" <nipype.interfaces.utility.base.Merge>
250329-15:47:09,701 nipype.workflow INFO:
	 [Node] Finished "mrg_xfms", elapsed time 0.000212s.
250329-15:47:09,701 nipype.workflow INFO:
	 [Node] Finished "mrg_xfms", elapsed time 0.000203s.
250329-15:47:09,702 nipype.workflow INFO:
	 [Node] Finished "mrg_xfms", elapsed time 0.000215s.
250329-15:47:09,703 nipype.workflow INFO:
	 [Node] Executing "mrg_xfms" <nipype.interfaces.utility.base.Merge>
250329-15:47:09,704 nipype.workflow INFO:
	 [Node] Finished "mrg_xfms", elapsed time 0.000212s.
250329-15:47:11,800 nipype.workflow INFO:
	 [Node] Setting-up "fmriprep_24_0_wf.sub_28_wf.bold_task_bird_run_1_wf.carpetplot_wf.resample_parc" in "/work_dir/fmriprep_24_0_wf/sub_28_wf/bold_task_bird_run_1_wf/carpetplot_wf/resample_parc".
250329-15:47:11,801 nipype.workflow INFO:
	 [Node] Setting-up "fmriprep_24_0_wf.sub_28_wf.bold_task_bird_run_2_wf.carpetplot_wf.resample_parc" in "/work_dir/fmriprep_24_0_wf/sub_28_wf/bold_task_bird_run_2_wf/carpetplot_wf/resample_parc".
250329-15:47:11,802 nipype.workflow INFO:
	 [Node] Setting-up "fmriprep_24_0_wf.sub_28_wf.bold_task_bird_run_3_wf.carpetplot_wf.resample_parc" in "/work_dir/fmriprep_24_0_wf/sub_28_wf/bold_task_bird_run_3_wf/carpetplot_wf/resample_parc".
250329-15:47:11,803 nipype.workflow INFO:
	 [Node] Setting-up "fmriprep_24_0_wf.sub_28_wf.bold_task_bird_run_4_wf.carpetplot_wf.resample_parc" in "/work_dir/fmriprep_24_0_wf/sub_28_wf/bold_task_bird_run_4_wf/carpetplot_wf/resample_parc".
250329-15:47:11,804 nipype.workflow INFO:
	 [Node] Setting-up "fmriprep_24_0_wf.sub_28_wf.bold_task_bird_run_5_wf.carpetplot_wf.resample_parc" in "/work_dir/fmriprep_24_0_wf/sub_28_wf/bold_task_bird_run_5_wf/carpetplot_wf/resample_parc".
250329-15:47:11,805 nipype.workflow INFO:
	 [Node] Setting-up "fmriprep_24_0_wf.sub_28_wf.bold_task_bird_run_6_wf.carpetplot_wf.resample_parc" in "/work_dir/fmriprep_24_0_wf/sub_28_wf/bold_task_bird_run_6_wf/carpetplot_wf/resample_parc".
250329-15:47:11,806 nipype.workflow INFO:
	 [Node] Executing "resample_parc" <niworkflows.interfaces.fixes.FixHeaderApplyTransforms>
250329-15:47:11,806 nipype.workflow INFO:
	 [Node] Executing "resample_parc" <niworkflows.interfaces.fixes.FixHeaderApplyTransforms>
250329-15:47:11,807 nipype.workflow INFO:
	 [Node] Executing "resample_parc" <niworkflows.interfaces.fixes.FixHeaderApplyTransforms>
250329-15:47:11,808 nipype.workflow INFO:
	 [Node] Executing "resample_parc" <niworkflows.interfaces.fixes.FixHeaderApplyTransforms>
250329-15:47:11,809 nipype.workflow INFO:
	 [Node] Executing "resample_parc" <niworkflows.interfaces.fixes.FixHeaderApplyTransforms>
250329-15:47:11,809 nipype.workflow INFO:
	 [Node] Executing "resample_parc" <niworkflows.interfaces.fixes.FixHeaderApplyTransforms>
250329-15:47:18,559 nipype.workflow INFO:
	 [Node] Finished "resample_parc", elapsed time 6.752886s.
250329-15:47:18,581 nipype.workflow INFO:
	 [Node] Finished "resample_parc", elapsed time 6.77252s.
250329-15:47:18,592 nipype.workflow INFO:
	 [Node] Finished "resample_parc", elapsed time 6.784959s.
250329-15:47:18,596 nipype.workflow INFO:
	 [Node] Finished "resample_parc", elapsed time 6.788671s.
250329-15:47:18,613 nipype.workflow INFO:
	 [Node] Finished "resample_parc", elapsed time 6.802876s.
250329-15:47:18,697 nipype.workflow INFO:
	 [Node] Finished "resample_parc", elapsed time 6.887702s.
250329-15:47:19,700 nipype.workflow INFO:
	 [Node] Setting-up "fmriprep_24_0_wf.sub_28_wf.bold_task_bird_run_1_wf.carpetplot_wf.parcels" in "/work_dir/fmriprep_24_0_wf/sub_28_wf/bold_task_bird_run_1_wf/carpetplot_wf/parcels".
250329-15:47:19,700 nipype.workflow INFO:
	 [Node] Setting-up "fmriprep_24_0_wf.sub_28_wf.bold_task_bird_run_2_wf.carpetplot_wf.parcels" in "/work_dir/fmriprep_24_0_wf/sub_28_wf/bold_task_bird_run_2_wf/carpetplot_wf/parcels".
250329-15:47:19,701 nipype.workflow INFO:
	 [Node] Setting-up "fmriprep_24_0_wf.sub_28_wf.bold_task_bird_run_3_wf.carpetplot_wf.parcels" in "/work_dir/fmriprep_24_0_wf/sub_28_wf/bold_task_bird_run_3_wf/carpetplot_wf/parcels".
250329-15:47:19,702 nipype.workflow INFO:
	 [Node] Setting-up "fmriprep_24_0_wf.sub_28_wf.bold_task_bird_run_4_wf.carpetplot_wf.parcels" in "/work_dir/fmriprep_24_0_wf/sub_28_wf/bold_task_bird_run_4_wf/carpetplot_wf/parcels".
250329-15:47:19,704 nipype.workflow INFO:
	 [Node] Executing "parcels" <nipype.interfaces.utility.wrappers.Function>
250329-15:47:19,704 nipype.workflow INFO:
	 [Node] Executing "parcels" <nipype.interfaces.utility.wrappers.Function>
250329-15:47:19,704 nipype.workflow INFO:
	 [Node] Setting-up "fmriprep_24_0_wf.sub_28_wf.bold_task_bird_run_5_wf.carpetplot_wf.parcels" in "/work_dir/fmriprep_24_0_wf/sub_28_wf/bold_task_bird_run_5_wf/carpetplot_wf/parcels".
250329-15:47:19,704 nipype.workflow INFO:
	 [Node] Setting-up "fmriprep_24_0_wf.sub_28_wf.bold_task_bird_run_6_wf.carpetplot_wf.parcels" in "/work_dir/fmriprep_24_0_wf/sub_28_wf/bold_task_bird_run_6_wf/carpetplot_wf/parcels".
250329-15:47:19,705 nipype.workflow INFO:
	 [Node] Executing "parcels" <nipype.interfaces.utility.wrappers.Function>
250329-15:47:19,705 nipype.workflow INFO:
	 [Node] Executing "parcels" <nipype.interfaces.utility.wrappers.Function>
250329-15:47:19,708 nipype.workflow INFO:
	 [Node] Executing "parcels" <nipype.interfaces.utility.wrappers.Function>
250329-15:47:19,708 nipype.workflow INFO:
	 [Node] Executing "parcels" <nipype.interfaces.utility.wrappers.Function>
250329-15:47:19,778 nipype.workflow INFO:
	 [Node] Finished "parcels", elapsed time 0.072431s.
250329-15:47:19,778 nipype.workflow INFO:
	 [Node] Finished "parcels", elapsed time 0.073035s.
250329-15:47:19,779 nipype.workflow INFO:
	 [Node] Finished "parcels", elapsed time 0.070972s.
250329-15:47:19,780 nipype.workflow INFO:
	 [Node] Finished "parcels", elapsed time 0.071598s.
250329-15:47:19,781 nipype.workflow INFO:
	 [Node] Finished "parcels", elapsed time 0.074671s.
250329-15:47:19,784 nipype.workflow INFO:
	 [Node] Finished "parcels", elapsed time 0.079267s.
250329-15:47:21,696 nipype.workflow INFO:
	 [Node] Setting-up "fmriprep_24_0_wf.sub_28_wf.bold_task_bird_run_1_wf.carpetplot_wf.conf_plot" in "/work_dir/fmriprep_24_0_wf/sub_28_wf/bold_task_bird_run_1_wf/carpetplot_wf/conf_plot".
250329-15:47:21,697 nipype.workflow INFO:
	 [Node] Setting-up "fmriprep_24_0_wf.sub_28_wf.bold_task_bird_run_2_wf.carpetplot_wf.conf_plot" in "/work_dir/fmriprep_24_0_wf/sub_28_wf/bold_task_bird_run_2_wf/carpetplot_wf/conf_plot".
250329-15:47:21,697 nipype.workflow INFO:
	 [Node] Setting-up "fmriprep_24_0_wf.sub_28_wf.bold_task_bird_run_3_wf.carpetplot_wf.conf_plot" in "/work_dir/fmriprep_24_0_wf/sub_28_wf/bold_task_bird_run_3_wf/carpetplot_wf/conf_plot".
250329-15:47:21,698 nipype.workflow INFO:
	 [Node] Setting-up "fmriprep_24_0_wf.sub_28_wf.bold_task_bird_run_4_wf.carpetplot_wf.conf_plot" in "/work_dir/fmriprep_24_0_wf/sub_28_wf/bold_task_bird_run_4_wf/carpetplot_wf/conf_plot".
250329-15:47:21,699 nipype.workflow INFO:
	 [Node] Setting-up "fmriprep_24_0_wf.sub_28_wf.bold_task_bird_run_5_wf.carpetplot_wf.conf_plot" in "/work_dir/fmriprep_24_0_wf/sub_28_wf/bold_task_bird_run_5_wf/carpetplot_wf/conf_plot".
250329-15:47:21,700 nipype.workflow INFO:
	 [Node] Setting-up "fmriprep_24_0_wf.sub_28_wf.bold_task_bird_run_6_wf.carpetplot_wf.conf_plot" in "/work_dir/fmriprep_24_0_wf/sub_28_wf/bold_task_bird_run_6_wf/carpetplot_wf/conf_plot".
250329-15:47:21,702 nipype.workflow INFO:
	 [Node] Executing "conf_plot" <fmriprep.interfaces.confounds.FMRISummary>
250329-15:47:21,702 nipype.workflow INFO:
	 [Node] Executing "conf_plot" <fmriprep.interfaces.confounds.FMRISummary>
250329-15:47:21,702 nipype.workflow INFO:
	 [Node] Executing "conf_plot" <fmriprep.interfaces.confounds.FMRISummary>
250329-15:47:21,703 nipype.workflow INFO:
	 [Node] Executing "conf_plot" <fmriprep.interfaces.confounds.FMRISummary>
250329-15:47:21,704 nipype.workflow INFO:
	 [Node] Executing "conf_plot" <fmriprep.interfaces.confounds.FMRISummary>
250329-15:47:21,705 nipype.workflow INFO:
	 [Node] Executing "conf_plot" <fmriprep.interfaces.confounds.FMRISummary>
250329-15:47:31,305 nipype.workflow INFO:
	 [Node] Finished "conf_plot", elapsed time 9.601384s.
250329-15:47:31,332 nipype.workflow INFO:
	 [Node] Finished "conf_plot", elapsed time 9.628141s.
250329-15:47:31,387 nipype.workflow INFO:
	 [Node] Finished "conf_plot", elapsed time 9.681418s.
250329-15:47:31,387 nipype.workflow INFO:
	 [Node] Finished "conf_plot", elapsed time 9.683992s.
250329-15:47:31,615 nipype.workflow INFO:
	 [Node] Finished "conf_plot", elapsed time 9.910412s.
250329-15:47:31,850 nipype.workflow INFO:
	 [Node] Finished "conf_plot", elapsed time 10.146624s.
250329-16:28:27,455 nipype.workflow INFO:
	 [Node] Finished "_msmsulc1", elapsed time 4908.066485s.
250329-16:30:12,580 nipype.workflow INFO:
	 [Node] Finished "_msmsulc0", elapsed time 5013.203263s.
250329-16:30:13,854 nipype.workflow INFO:
	 [Node] Setting-up "_msmsulc0" in "/work_dir/fmriprep_24_0_wf/sub_28_wf/anat_fit_wf/msm_sulc_wf/msmsulc/mapflow/_msmsulc0".
250329-16:30:13,858 nipype.workflow INFO:
	 [Node] Cached "_msmsulc0" - collecting precomputed outputs
250329-16:30:13,858 nipype.workflow INFO:
	 [Node] "_msmsulc0" found cached.
250329-16:30:13,859 nipype.workflow INFO:
	 [Node] Setting-up "_msmsulc1" in "/work_dir/fmriprep_24_0_wf/sub_28_wf/anat_fit_wf/msm_sulc_wf/msmsulc/mapflow/_msmsulc1".
250329-16:30:13,863 nipype.workflow INFO:
	 [Node] Cached "_msmsulc1" - collecting precomputed outputs
250329-16:30:13,863 nipype.workflow INFO:
	 [Node] "_msmsulc1" found cached.
250329-16:30:21,788 nipype.workflow IMPORTANT:
	 fMRIPrep finished successfully!
250329-16:30:21,794 nipype.workflow IMPORTANT:
	 Works derived from this fMRIPrep execution should include the boilerplate text found in <OUTPUT_PATH>/logs/CITATION.md.
