You are using fMRIPrep-24.0.0, and a newer version of fMRIPrep is available: 25.0.0.
Please check out our documentation about how and when to upgrade:
https://fmriprep.readthedocs.io/en/latest/faq.html#upgrading
bids-validator@1.14.6
(node:221133) Warning: Closing directory handle on garbage collection
(Use `node --trace-warnings ...` to show where the warning was created)
	[33m1: [WARN] The recommended file /README is missing. See Section 03 (Modality agnostic files) of the BIDS specification. (code: 101 - README_FILE_MISSING)[39m

[36m	Please visit https://neurostars.org/search?q=README_FILE_MISSING for existing conversations about this issue.[39m

        [34m[4mSummary:[24m[39m                  [34m[4mAvailable Tasks:[24m[39m        [34m[4mAvailable Modalities:[39m[24m 
        681 Files, 46.44GB                                MRI                   
        34 - Subjects                                                           
        1 - Session                                                             


[36m	If you have any questions, please post on https://neurostars.org/tags/bids.[39m
250403-03:20:52,188 nipype.workflow IMPORTANT:
	 Running fMRIPrep version 24.0.0

         License NOTICE ##################################################
         fMRIPrep 24.0.0
         Copyright The NiPreps Developers.
         
         This product includes software developed by
         the NiPreps Community (https://nipreps.org/).
         
         Portions of this software were developed at the Department of
         Psychology at Stanford University, Stanford, CA, US.
         
         This software is also distributed as a Docker container image.
         The bootstrapping file for the image ("Dockerfile") is licensed
         under the MIT License.
         
         This software may be distributed through an add-on package called
         "Docker Wrapper" that is under the BSD 3-clause License.
         #################################################################
250403-03:20:52,217 nipype.workflow IMPORTANT:
	 Building fMRIPrep's workflow:
           * BIDS dataset path: /raw.
           * Participant list: ['33'].
           * Run identifier: 20250403-032033_1dbb4834-097d-469a-91fa-08e25157ba35.
           * Output spaces: func.
           * Pre-run FreeSurfer's SUBJECTS_DIR: /output/sourcedata/freesurfer.
250403-03:20:52,865 nipype.workflow INFO:
	 ANAT Stage 1: Adding template workflow
250403-03:20:53,437 nipype.workflow INFO:
	 ANAT Stage 2: Preparing brain extraction workflow
250403-03:20:53,591 nipype.workflow INFO:
	 ANAT Stage 3: Preparing segmentation workflow
250403-03:20:53,597 nipype.workflow INFO:
	 ANAT Stage 4: Preparing normalization workflow for ['MNI152NLin2009cAsym']
250403-03:20:53,619 nipype.workflow INFO:
	 ANAT Stage 5: Preparing surface reconstruction workflow
250403-03:20:53,646 nipype.workflow INFO:
	 ANAT Stage 6: Preparing mask refinement workflow
250403-03:20:53,649 nipype.workflow INFO:
	 ANAT No T2w images provided - skipping Stage 7
250403-03:20:53,649 nipype.workflow INFO:
	 ANAT Stage 8: Creating GIFTI surfaces for ['white', 'pial', 'midthickness', 'sphere_reg', 'sphere']
250403-03:20:53,673 nipype.workflow INFO:
	 ANAT Stage 8: Creating GIFTI metrics for ['thickness', 'sulc']
250403-03:20:53,682 nipype.workflow INFO:
	 ANAT Stage 8a: Creating cortical ribbon mask
250403-03:20:53,687 nipype.workflow INFO:
	 ANAT Stage 9: Creating fsLR registration sphere
250403-03:20:53,692 nipype.workflow INFO:
	 ANAT Stage 10: Creating MSM-Sulc registration sphere
250403-03:20:53,903 nipype.workflow INFO:
	 No single-band-reference found for sub-33_task-bird_run-1_bold.nii.gz.
250403-03:20:54,7 nipype.workflow INFO:
	 Stage 1: Adding HMC boldref workflow
250403-03:20:54,17 nipype.workflow INFO:
	 Stage 2: Adding motion correction workflow
250403-03:20:54,29 nipype.workflow INFO:
	 Stage 3: Adding coregistration boldref workflow
250403-03:20:54,113 nipype.workflow IMPORTANT:
	 BOLD series will be slice-timing corrected to an offset of 0.959s.
250403-03:20:54,293 nipype.workflow INFO:
	 No single-band-reference found for sub-33_task-bird_run-2_bold.nii.gz.
250403-03:20:54,373 nipype.workflow INFO:
	 Stage 1: Adding HMC boldref workflow
250403-03:20:54,380 nipype.workflow INFO:
	 Stage 2: Adding motion correction workflow
250403-03:20:54,388 nipype.workflow INFO:
	 Stage 3: Adding coregistration boldref workflow
250403-03:20:54,446 nipype.workflow IMPORTANT:
	 BOLD series will be slice-timing corrected to an offset of 0.959s.
250403-03:20:54,593 nipype.workflow INFO:
	 No single-band-reference found for sub-33_task-bird_run-3_bold.nii.gz.
250403-03:20:54,671 nipype.workflow INFO:
	 Stage 1: Adding HMC boldref workflow
250403-03:20:54,678 nipype.workflow INFO:
	 Stage 2: Adding motion correction workflow
250403-03:20:54,685 nipype.workflow INFO:
	 Stage 3: Adding coregistration boldref workflow
250403-03:20:54,745 nipype.workflow IMPORTANT:
	 BOLD series will be slice-timing corrected to an offset of 0.959s.
250403-03:20:54,895 nipype.workflow INFO:
	 No single-band-reference found for sub-33_task-bird_run-4_bold.nii.gz.
250403-03:20:54,975 nipype.workflow INFO:
	 Stage 1: Adding HMC boldref workflow
250403-03:20:54,982 nipype.workflow INFO:
	 Stage 2: Adding motion correction workflow
250403-03:20:54,989 nipype.workflow INFO:
	 Stage 3: Adding coregistration boldref workflow
250403-03:20:55,44 nipype.workflow IMPORTANT:
	 BOLD series will be slice-timing corrected to an offset of 0.959s.
250403-03:20:55,187 nipype.workflow INFO:
	 No single-band-reference found for sub-33_task-bird_run-5_bold.nii.gz.
250403-03:20:55,264 nipype.workflow INFO:
	 Stage 1: Adding HMC boldref workflow
250403-03:20:55,271 nipype.workflow INFO:
	 Stage 2: Adding motion correction workflow
250403-03:20:55,277 nipype.workflow INFO:
	 Stage 3: Adding coregistration boldref workflow
250403-03:20:55,334 nipype.workflow IMPORTANT:
	 BOLD series will be slice-timing corrected to an offset of 0.959s.
250403-03:20:55,477 nipype.workflow INFO:
	 No single-band-reference found for sub-33_task-bird_run-6_bold.nii.gz.
250403-03:20:55,554 nipype.workflow INFO:
	 Stage 1: Adding HMC boldref workflow
250403-03:20:55,562 nipype.workflow INFO:
	 Stage 2: Adding motion correction workflow
250403-03:20:55,568 nipype.workflow INFO:
	 Stage 3: Adding coregistration boldref workflow
250403-03:20:55,622 nipype.workflow IMPORTANT:
	 BOLD series will be slice-timing corrected to an offset of 0.959s.
250403-03:21:00,723 nipype.workflow INFO:
	 fMRIPrep workflow graph with 1089 nodes built successfully.
250403-03:21:20,227 nipype.workflow IMPORTANT:
	 fMRIPrep started!
250403-03:21:45,613 nipype.workflow INFO:
	 [Node] Setting-up "fmriprep_24_0_wf.sub_33_wf.anat_fit_wf.brain_extraction_wf.full_wm" in "/work_dir/fmriprep_24_0_wf/sub_33_wf/anat_fit_wf/brain_extraction_wf/full_wm".
250403-03:21:45,618 nipype.workflow INFO:
	 [Node] Executing "full_wm" <nipype.interfaces.utility.wrappers.Function>
250403-03:21:45,869 nipype.workflow INFO:
	 [Node] Setting-up "fmriprep_24_0_wf.sub_33_wf.bold_task_bird_run_1_wf.bold_native_wf.bold_source" in "/work_dir/fmriprep_24_0_wf/sub_33_wf/bold_task_bird_run_1_wf/bold_native_wf/bold_source".
250403-03:21:45,871 nipype.workflow INFO:
	 [Node] Executing "bold_source" <nipype.interfaces.utility.base.Select>
250403-03:21:45,903 nipype.workflow INFO:
	 [Node] Finished "bold_source", elapsed time 0.000408s.
250403-03:21:46,4 nipype.workflow INFO:
	 [Node] Setting-up "fmriprep_24_0_wf.sub_33_wf.bold_task_bird_run_2_wf.bold_native_wf.bold_source" in "/work_dir/fmriprep_24_0_wf/sub_33_wf/bold_task_bird_run_2_wf/bold_native_wf/bold_source".
250403-03:21:46,8 nipype.workflow INFO:
	 [Node] Setting-up "fmriprep_24_0_wf.sub_33_wf.anat_fit_wf.brain_extraction_wf.lap_tmpl" in "/work_dir/fmriprep_24_0_wf/sub_33_wf/anat_fit_wf/brain_extraction_wf/lap_tmpl".
250403-03:21:46,10 nipype.workflow INFO:
	 [Node] Executing "bold_source" <nipype.interfaces.utility.base.Select>
250403-03:21:46,26 nipype.workflow INFO:
	 [Node] Executing "lap_tmpl" <nipype.interfaces.ants.utils.ImageMath>
250403-03:21:46,30 nipype.workflow INFO:
	 [Node] Finished "bold_source", elapsed time 0.000343s.
250403-03:21:46,293 nipype.workflow INFO:
	 [Node] Setting-up "fmriprep_24_0_wf.sub_33_wf.anat_fit_wf.brain_extraction_wf.res_tmpl" in "/work_dir/fmriprep_24_0_wf/sub_33_wf/anat_fit_wf/brain_extraction_wf/res_tmpl".
250403-03:21:46,295 nipype.workflow INFO:
	 [Node] Executing "res_tmpl" <niworkflows.interfaces.nibabel.RegridToZooms>
250403-03:21:46,308 nipype.workflow INFO:
	 [Node] Setting-up "fmriprep_24_0_wf.sub_33_wf.bold_task_bird_run_3_wf.bold_native_wf.bold_source" in "/work_dir/fmriprep_24_0_wf/sub_33_wf/bold_task_bird_run_3_wf/bold_native_wf/bold_source".
250403-03:21:46,319 nipype.workflow INFO:
	 [Node] Executing "bold_source" <nipype.interfaces.utility.base.Select>
250403-03:21:46,348 nipype.workflow INFO:
	 [Node] Finished "bold_source", elapsed time 0.000345s.
250403-03:21:46,417 nipype.workflow INFO:
	 [Node] Setting-up "fmriprep_24_0_wf.sub_33_wf.bold_task_bird_run_1_wf.bold_fit_wf.hmc_boldref_wf.get_dummy" in "/work_dir/fmriprep_24_0_wf/sub_33_wf/bold_task_bird_run_1_wf/bold_fit_wf/hmc_boldref_wf/get_dummy".
250403-03:21:46,424 nipype.workflow INFO:
	 [Node] Executing "get_dummy" <niworkflows.interfaces.bold.NonsteadyStatesDetector>
250403-03:21:46,486 nipype.workflow INFO:
	 [Node] Setting-up "fmriprep_24_0_wf.sub_33_wf.bold_task_bird_run_1_wf.bold_fit_wf.hmc_boldref_wf.val_bold" in "/work_dir/fmriprep_24_0_wf/sub_33_wf/bold_task_bird_run_1_wf/bold_fit_wf/hmc_boldref_wf/val_bold".
250403-03:21:46,490 nipype.workflow INFO:
	 [Node] Setting-up "fmriprep_24_0_wf.sub_33_wf.bold_task_bird_run_4_wf.bold_native_wf.bold_source" in "/work_dir/fmriprep_24_0_wf/sub_33_wf/bold_task_bird_run_4_wf/bold_native_wf/bold_source".
250403-03:21:46,492 nipype.workflow INFO:
	 [Node] Executing "bold_source" <nipype.interfaces.utility.base.Select>
250403-03:21:46,504 nipype.workflow INFO:
	 [Node] Executing "val_bold" <niworkflows.interfaces.header.ValidateImage>
250403-03:21:46,544 nipype.workflow INFO:
	 [Node] Finished "bold_source", elapsed time 0.000347s.
250403-03:21:46,585 nipype.workflow INFO:
	 [Node] Setting-up "fmriprep_24_0_wf.sub_33_wf.bold_task_bird_run_5_wf.bold_native_wf.bold_source" in "/work_dir/fmriprep_24_0_wf/sub_33_wf/bold_task_bird_run_5_wf/bold_native_wf/bold_source".
250403-03:21:46,587 nipype.workflow INFO:
	 [Node] Executing "bold_source" <nipype.interfaces.utility.base.Select>
250403-03:21:46,601 nipype.workflow INFO:
	 [Node] Finished "bold_source", elapsed time 0.00226s.
250403-03:21:46,613 nipype.workflow INFO:
	 [Node] Setting-up "fmriprep_24_0_wf.sub_33_wf.bold_task_bird_run_2_wf.bold_fit_wf.hmc_boldref_wf.get_dummy" in "/work_dir/fmriprep_24_0_wf/sub_33_wf/bold_task_bird_run_2_wf/bold_fit_wf/hmc_boldref_wf/get_dummy".
250403-03:21:46,618 nipype.workflow INFO:
	 [Node] Setting-up "fmriprep_24_0_wf.sub_33_wf.bold_task_bird_run_2_wf.bold_fit_wf.hmc_boldref_wf.val_bold" in "/work_dir/fmriprep_24_0_wf/sub_33_wf/bold_task_bird_run_2_wf/bold_fit_wf/hmc_boldref_wf/val_bold".
250403-03:21:46,619 nipype.workflow INFO:
	 [Node] Executing "val_bold" <niworkflows.interfaces.header.ValidateImage>
250403-03:21:46,621 nipype.workflow INFO:
	 [Node] Executing "get_dummy" <niworkflows.interfaces.bold.NonsteadyStatesDetector>
250403-03:21:46,802 nipype.workflow INFO:
	 [Node] Setting-up "fmriprep_24_0_wf.sub_33_wf.bold_task_bird_run_3_wf.bold_fit_wf.hmc_boldref_wf.val_bold" in "/work_dir/fmriprep_24_0_wf/sub_33_wf/bold_task_bird_run_3_wf/bold_fit_wf/hmc_boldref_wf/val_bold".
250403-03:21:46,804 nipype.workflow INFO:
	 [Node] Executing "val_bold" <niworkflows.interfaces.header.ValidateImage>
250403-03:21:46,867 nipype.workflow INFO:
	 [Node] Setting-up "fmriprep_24_0_wf.sub_33_wf.bold_task_bird_run_3_wf.bold_fit_wf.hmc_boldref_wf.get_dummy" in "/work_dir/fmriprep_24_0_wf/sub_33_wf/bold_task_bird_run_3_wf/bold_fit_wf/hmc_boldref_wf/get_dummy".
250403-03:21:46,869 nipype.workflow INFO:
	 [Node] Executing "get_dummy" <niworkflows.interfaces.bold.NonsteadyStatesDetector>
250403-03:21:46,881 nipype.workflow INFO:
	 [Node] Finished "val_bold", elapsed time 0.350349s.
250403-03:21:46,989 nipype.workflow INFO:
	 [Node] Finished "val_bold", elapsed time 0.323734s.
250403-03:21:47,3 nipype.workflow INFO:
	 [Node] Setting-up "fmriprep_24_0_wf.sub_33_wf.bold_task_bird_run_4_wf.bold_fit_wf.hmc_boldref_wf.get_dummy" in "/work_dir/fmriprep_24_0_wf/sub_33_wf/bold_task_bird_run_4_wf/bold_fit_wf/hmc_boldref_wf/get_dummy".
250403-03:21:47,5 nipype.workflow INFO:
	 [Node] Executing "get_dummy" <niworkflows.interfaces.bold.NonsteadyStatesDetector>
250403-03:21:47,54 nipype.workflow INFO:
	 [Node] Finished "val_bold", elapsed time 0.225862s.
250403-03:21:47,106 nipype.workflow INFO:
	 [Node] Setting-up "fmriprep_24_0_wf.sub_33_wf.bold_task_bird_run_4_wf.bold_fit_wf.hmc_boldref_wf.val_bold" in "/work_dir/fmriprep_24_0_wf/sub_33_wf/bold_task_bird_run_4_wf/bold_fit_wf/hmc_boldref_wf/val_bold".
250403-03:21:47,108 nipype.workflow INFO:
	 [Node] Executing "val_bold" <niworkflows.interfaces.header.ValidateImage>
250403-03:21:47,176 nipype.workflow INFO:
	 [Node] Setting-up "fmriprep_24_0_wf.sub_33_wf.bold_task_bird_run_5_wf.bold_fit_wf.hmc_boldref_wf.get_dummy" in "/work_dir/fmriprep_24_0_wf/sub_33_wf/bold_task_bird_run_5_wf/bold_fit_wf/hmc_boldref_wf/get_dummy".
250403-03:21:47,186 nipype.workflow INFO:
	 [Node] Executing "get_dummy" <niworkflows.interfaces.bold.NonsteadyStatesDetector>
250403-03:21:47,273 nipype.workflow INFO:
	 [Node] Setting-up "fmriprep_24_0_wf.sub_33_wf.bold_task_bird_run_6_wf.bold_fit_wf.hmc_boldref_wf.val_bold" in "/work_dir/fmriprep_24_0_wf/sub_33_wf/bold_task_bird_run_6_wf/bold_fit_wf/hmc_boldref_wf/val_bold".
250403-03:21:47,275 nipype.workflow INFO:
	 [Node] Executing "val_bold" <niworkflows.interfaces.header.ValidateImage>
250403-03:21:47,297 nipype.workflow INFO:
	 [Node] Setting-up "fmriprep_24_0_wf.sub_33_wf.bold_task_bird_run_5_wf.bold_fit_wf.hmc_boldref_wf.val_bold" in "/work_dir/fmriprep_24_0_wf/sub_33_wf/bold_task_bird_run_5_wf/bold_fit_wf/hmc_boldref_wf/val_bold".
250403-03:21:47,299 nipype.workflow INFO:
	 [Node] Executing "val_bold" <niworkflows.interfaces.header.ValidateImage>
250403-03:21:47,529 nipype.workflow INFO:
	 [Node] Finished "val_bold", elapsed time 0.394943s.
250403-03:21:47,672 nipype.workflow INFO:
	 [Node] Finished "val_bold", elapsed time 0.37245s.
250403-03:21:47,698 nipype.workflow INFO:
	 [Node] Finished "val_bold", elapsed time 0.363167s.
250403-03:21:47,880 nipype.workflow INFO:
	 [Node] Setting-up "fmriprep_24_0_wf.sub_33_wf.bold_task_bird_run_6_wf.bold_fit_wf.hmc_boldref_wf.get_dummy" in "/work_dir/fmriprep_24_0_wf/sub_33_wf/bold_task_bird_run_6_wf/bold_fit_wf/hmc_boldref_wf/get_dummy".
250403-03:21:47,881 nipype.workflow INFO:
	 [Node] Executing "get_dummy" <niworkflows.interfaces.bold.NonsteadyStatesDetector>
250403-03:21:49,328 nipype.workflow INFO:
	 [Node] Setting-up "fmriprep_24_0_wf.sub_33_wf.bold_task_bird_run_6_wf.bold_native_wf.bold_source" in "/work_dir/fmriprep_24_0_wf/sub_33_wf/bold_task_bird_run_6_wf/bold_native_wf/bold_source".
250403-03:21:49,330 nipype.workflow INFO:
	 [Node] Executing "bold_source" <nipype.interfaces.utility.base.Select>
250403-03:21:49,352 nipype.workflow INFO:
	 [Node] Finished "bold_source", elapsed time 0.000375s.
250403-03:21:49,554 nipype.workflow INFO:
	 [Node] Finished "full_wm", elapsed time 3.917492s.
250403-03:21:51,351 nipype.workflow INFO:
	 [Node] Setting-up "fmriprep_24_0_wf.sub_33_wf.bold_task_bird_run_1_wf.bold_native_wf.validate_bold" in "/work_dir/fmriprep_24_0_wf/sub_33_wf/bold_task_bird_run_1_wf/bold_native_wf/validate_bold".
250403-03:21:51,353 nipype.workflow INFO:
	 [Node] Executing "validate_bold" <niworkflows.interfaces.header.ValidateImage>
250403-03:21:51,655 nipype.workflow INFO:
	 [Node] Finished "validate_bold", elapsed time 0.301662s.
250403-03:21:52,306 nipype.workflow INFO:
	 [Node] Setting-up "fmriprep_24_0_wf.sub_33_wf.bold_task_bird_run_2_wf.bold_native_wf.validate_bold" in "/work_dir/fmriprep_24_0_wf/sub_33_wf/bold_task_bird_run_2_wf/bold_native_wf/validate_bold".
250403-03:21:52,308 nipype.workflow INFO:
	 [Node] Executing "validate_bold" <niworkflows.interfaces.header.ValidateImage>
250403-03:21:52,454 nipype.workflow INFO:
	 [Node] Setting-up "fmriprep_24_0_wf.sub_33_wf.bidssrc" in "/work_dir/fmriprep_24_0_wf/sub_33_wf/bidssrc".
250403-03:21:52,493 nipype.workflow INFO:
	 [Node] Executing "bidssrc" <niworkflows.interfaces.bids.BIDSDataGrabber>
250403-03:21:52,532 nipype.interface INFO:
	 No "t2w" images found for sub-33
250403-03:21:52,532 nipype.interface INFO:
	 No "flair" images found for sub-33
250403-03:21:52,532 nipype.interface INFO:
	 No "fmap" images found for sub-33
250403-03:21:52,533 nipype.interface INFO:
	 No "sbref" images found for sub-33
250403-03:21:52,533 nipype.interface INFO:
	 No "roi" images found for sub-33
250403-03:21:52,533 nipype.interface INFO:
	 No "pet" images found for sub-33
250403-03:21:52,533 nipype.interface INFO:
	 No "asl" images found for sub-33
250403-03:21:52,533 nipype.workflow INFO:
	 [Node] Finished "bidssrc", elapsed time 0.000988s.
250403-03:21:52,623 nipype.workflow INFO:
	 [Node] Finished "validate_bold", elapsed time 0.31409s.
250403-03:21:52,778 nipype.workflow INFO:
	 [Node] Setting-up "fmriprep_24_0_wf.sub_33_wf.bold_task_bird_run_1_wf.bold_fit_wf.ds_hmc_boldref_wf.sources" in "/work_dir/fmriprep_24_0_wf/sub_33_wf/bold_task_bird_run_1_wf/bold_fit_wf/ds_hmc_boldref_wf/sources".
250403-03:21:52,786 nipype.workflow INFO:
	 [Node] Executing "sources" <fmriprep.interfaces.bids.BIDSURI>
250403-03:21:52,823 nipype.workflow INFO:
	 [Node] Finished "sources", elapsed time 0.000304s.
250403-03:21:53,214 nipype.workflow INFO:
	 [Node] Setting-up "fmriprep_24_0_wf.sub_33_wf.bold_task_bird_run_3_wf.bold_native_wf.validate_bold" in "/work_dir/fmriprep_24_0_wf/sub_33_wf/bold_task_bird_run_3_wf/bold_native_wf/validate_bold".
250403-03:21:53,216 nipype.workflow INFO:
	 [Node] Executing "validate_bold" <niworkflows.interfaces.header.ValidateImage>
250403-03:21:53,301 nipype.workflow INFO:
	 [Node] Setting-up "fmriprep_24_0_wf.sub_33_wf.bold_task_bird_run_3_wf.ds_bold_native_wf.sources" in "/work_dir/fmriprep_24_0_wf/sub_33_wf/bold_task_bird_run_3_wf/ds_bold_native_wf/sources".
250403-03:21:53,304 nipype.workflow INFO:
	 [Node] Executing "sources" <fmriprep.interfaces.bids.BIDSURI>
250403-03:21:53,335 nipype.workflow INFO:
	 [Node] Finished "sources", elapsed time 0.0003s.
250403-03:21:53,530 nipype.workflow INFO:
	 [Node] Finished "validate_bold", elapsed time 0.313746s.
250403-03:21:53,557 nipype.workflow INFO:
	 [Node] Setting-up "fmriprep_24_0_wf.sub_33_wf.bold_task_bird_run_1_wf.bold_fit_wf.ds_boldmask_wf.sources" in "/work_dir/fmriprep_24_0_wf/sub_33_wf/bold_task_bird_run_1_wf/bold_fit_wf/ds_boldmask_wf/sources".
250403-03:21:53,568 nipype.workflow INFO:
	 [Node] Executing "sources" <fmriprep.interfaces.bids.BIDSURI>
250403-03:21:53,598 nipype.workflow INFO:
	 [Node] Finished "sources", elapsed time 0.000293s.
250403-03:21:53,608 nipype.workflow INFO:
	 [Node] Setting-up "fmriprep_24_0_wf.sub_33_wf.bold_task_bird_run_1_wf.ds_bold_native_wf.sources" in "/work_dir/fmriprep_24_0_wf/sub_33_wf/bold_task_bird_run_1_wf/ds_bold_native_wf/sources".
250403-03:21:53,618 nipype.workflow INFO:
	 [Node] Executing "sources" <fmriprep.interfaces.bids.BIDSURI>
250403-03:21:53,649 nipype.workflow INFO:
	 [Node] Finished "sources", elapsed time 0.000304s.
250403-03:21:53,682 nipype.workflow INFO:
	 [Node] Setting-up "fmriprep_24_0_wf.sub_33_wf.bold_task_bird_run_5_wf.bold_fit_wf.ds_boldmask_wf.sources" in "/work_dir/fmriprep_24_0_wf/sub_33_wf/bold_task_bird_run_5_wf/bold_fit_wf/ds_boldmask_wf/sources".
250403-03:21:53,691 nipype.workflow INFO:
	 [Node] Executing "sources" <fmriprep.interfaces.bids.BIDSURI>
250403-03:21:53,710 nipype.workflow INFO:
	 [Node] Setting-up "fmriprep_24_0_wf.sub_33_wf.bold_task_bird_run_5_wf.bold_fit_wf.ds_hmc_wf.sources" in "/work_dir/fmriprep_24_0_wf/sub_33_wf/bold_task_bird_run_5_wf/bold_fit_wf/ds_hmc_wf/sources".
250403-03:21:53,715 nipype.workflow INFO:
	 [Node] Executing "sources" <fmriprep.interfaces.bids.BIDSURI>
250403-03:21:53,719 nipype.workflow INFO:
	 [Node] Finished "sources", elapsed time 0.000293s.
250403-03:21:53,729 nipype.workflow INFO:
	 [Node] Finished "sources", elapsed time 0.000295s.
250403-03:21:53,749 nipype.workflow INFO:
	 [Node] Setting-up "fmriprep_24_0_wf.sub_33_wf.bold_task_bird_run_5_wf.bold_fit_wf.ds_hmc_boldref_wf.sources" in "/work_dir/fmriprep_24_0_wf/sub_33_wf/bold_task_bird_run_5_wf/bold_fit_wf/ds_hmc_boldref_wf/sources".
250403-03:21:53,751 nipype.workflow INFO:
	 [Node] Executing "sources" <fmriprep.interfaces.bids.BIDSURI>
250403-03:21:53,758 nipype.workflow INFO:
	 [Node] Setting-up "fmriprep_24_0_wf.sub_33_wf.bold_task_bird_run_2_wf.bold_fit_wf.ds_hmc_wf.sources" in "/work_dir/fmriprep_24_0_wf/sub_33_wf/bold_task_bird_run_2_wf/bold_fit_wf/ds_hmc_wf/sources".
250403-03:21:53,764 nipype.workflow INFO:
	 [Node] Executing "sources" <fmriprep.interfaces.bids.BIDSURI>
250403-03:21:53,776 nipype.workflow INFO:
	 [Node] Setting-up "fmriprep_24_0_wf.sub_33_wf.bold_task_bird_run_4_wf.bold_fit_wf.ds_hmc_wf.sources" in "/work_dir/fmriprep_24_0_wf/sub_33_wf/bold_task_bird_run_4_wf/bold_fit_wf/ds_hmc_wf/sources".
250403-03:21:53,778 nipype.workflow INFO:
	 [Node] Executing "sources" <fmriprep.interfaces.bids.BIDSURI>
250403-03:21:53,781 nipype.workflow INFO:
	 [Node] Finished "sources", elapsed time 0.000288s.
250403-03:21:53,783 nipype.workflow INFO:
	 [Node] Finished "sources", elapsed time 0.000283s.
250403-03:21:53,788 nipype.workflow INFO:
	 [Node] Setting-up "fmriprep_24_0_wf.sub_33_wf.bold_task_bird_run_2_wf.bold_fit_wf.ds_boldmask_wf.sources" in "/work_dir/fmriprep_24_0_wf/sub_33_wf/bold_task_bird_run_2_wf/bold_fit_wf/ds_boldmask_wf/sources".
250403-03:21:53,796 nipype.workflow INFO:
	 [Node] Executing "sources" <fmriprep.interfaces.bids.BIDSURI>
250403-03:21:53,812 nipype.workflow INFO:
	 [Node] Finished "sources", elapsed time 0.000293s.
250403-03:21:53,817 nipype.workflow INFO:
	 [Node] Setting-up "fmriprep_24_0_wf.sub_33_wf.bold_task_bird_run_4_wf.bold_native_wf.validate_bold" in "/work_dir/fmriprep_24_0_wf/sub_33_wf/bold_task_bird_run_4_wf/bold_native_wf/validate_bold".
250403-03:21:53,819 nipype.workflow INFO:
	 [Node] Executing "validate_bold" <niworkflows.interfaces.header.ValidateImage>
250403-03:21:53,822 nipype.workflow INFO:
	 [Node] Setting-up "fmriprep_24_0_wf.sub_33_wf.bold_task_bird_run_2_wf.bold_fit_wf.ds_hmc_boldref_wf.sources" in "/work_dir/fmriprep_24_0_wf/sub_33_wf/bold_task_bird_run_2_wf/bold_fit_wf/ds_hmc_boldref_wf/sources".
250403-03:21:53,830 nipype.workflow INFO:
	 [Node] Finished "sources", elapsed time 0.000285s.
250403-03:21:53,833 nipype.workflow INFO:
	 [Node] Executing "sources" <fmriprep.interfaces.bids.BIDSURI>
250403-03:21:53,834 nipype.workflow INFO:
	 [Node] Finished "sources", elapsed time 0.000223s.
250403-03:21:53,835 nipype.workflow INFO:
	 [Node] Setting-up "fmriprep_24_0_wf.sub_33_wf.bold_task_bird_run_4_wf.bold_fit_wf.ds_boldmask_wf.sources" in "/work_dir/fmriprep_24_0_wf/sub_33_wf/bold_task_bird_run_4_wf/bold_fit_wf/ds_boldmask_wf/sources".
250403-03:21:53,837 nipype.workflow INFO:
	 [Node] Executing "sources" <fmriprep.interfaces.bids.BIDSURI>
250403-03:21:53,843 nipype.workflow INFO:
	 [Node] Setting-up "fmriprep_24_0_wf.sub_33_wf.bold_task_bird_run_2_wf.ds_bold_native_wf.sources" in "/work_dir/fmriprep_24_0_wf/sub_33_wf/bold_task_bird_run_2_wf/ds_bold_native_wf/sources".
250403-03:21:53,845 nipype.workflow INFO:
	 [Node] Executing "sources" <fmriprep.interfaces.bids.BIDSURI>
250403-03:21:53,846 nipype.workflow INFO:
	 [Node] Finished "sources", elapsed time 0.000252s.
250403-03:21:53,853 nipype.workflow INFO:
	 [Node] Finished "sources", elapsed time 0.00029s.
250403-03:21:53,947 nipype.workflow INFO:
	 [Node] Finished "validate_bold", elapsed time 0.127841s.
250403-03:21:53,977 nipype.workflow INFO:
	 [Node] Setting-up "fmriprep_24_0_wf.sub_33_wf.bold_task_bird_run_3_wf.bold_fit_wf.ds_boldmask_wf.sources" in "/work_dir/fmriprep_24_0_wf/sub_33_wf/bold_task_bird_run_3_wf/bold_fit_wf/ds_boldmask_wf/sources".
250403-03:21:53,979 nipype.workflow INFO:
	 [Node] Executing "sources" <fmriprep.interfaces.bids.BIDSURI>
250403-03:21:54,2 nipype.workflow INFO:
	 [Node] Finished "sources", elapsed time 0.000293s.
250403-03:21:54,29 nipype.workflow INFO:
	 [Node] Setting-up "fmriprep_24_0_wf.sub_33_wf.bold_task_bird_run_5_wf.bold_native_wf.validate_bold" in "/work_dir/fmriprep_24_0_wf/sub_33_wf/bold_task_bird_run_5_wf/bold_native_wf/validate_bold".
250403-03:21:54,31 nipype.workflow INFO:
	 [Node] Executing "validate_bold" <niworkflows.interfaces.header.ValidateImage>
250403-03:21:54,38 nipype.workflow INFO:
	 [Node] Setting-up "fmriprep_24_0_wf.sub_33_wf.bold_task_bird_run_4_wf.bold_fit_wf.ds_hmc_boldref_wf.sources" in "/work_dir/fmriprep_24_0_wf/sub_33_wf/bold_task_bird_run_4_wf/bold_fit_wf/ds_hmc_boldref_wf/sources".
250403-03:21:54,40 nipype.workflow INFO:
	 [Node] Executing "sources" <fmriprep.interfaces.bids.BIDSURI>
250403-03:21:54,41 nipype.workflow INFO:
	 [Node] Finished "sources", elapsed time 0.000223s.
250403-03:21:54,70 nipype.workflow INFO:
	 [Node] Setting-up "fmriprep_24_0_wf.sub_33_wf.bold_task_bird_run_3_wf.bold_fit_wf.ds_hmc_wf.sources" in "/work_dir/fmriprep_24_0_wf/sub_33_wf/bold_task_bird_run_3_wf/bold_fit_wf/ds_hmc_wf/sources".
250403-03:21:54,79 nipype.workflow INFO:
	 [Node] Executing "sources" <fmriprep.interfaces.bids.BIDSURI>
250403-03:21:54,80 nipype.workflow INFO:
	 [Node] Setting-up "fmriprep_24_0_wf.sub_33_wf.bold_task_bird_run_1_wf.bold_fit_wf.ds_hmc_wf.sources" in "/work_dir/fmriprep_24_0_wf/sub_33_wf/bold_task_bird_run_1_wf/bold_fit_wf/ds_hmc_wf/sources".
250403-03:21:54,86 nipype.workflow INFO:
	 [Node] Executing "sources" <fmriprep.interfaces.bids.BIDSURI>
250403-03:21:54,99 nipype.workflow INFO:
	 [Node] Finished "sources", elapsed time 0.000296s.
250403-03:21:54,108 nipype.workflow INFO:
	 [Node] Finished "sources", elapsed time 0.000297s.
250403-03:21:54,144 nipype.workflow INFO:
	 [Node] Setting-up "fmriprep_24_0_wf.sub_33_wf.bold_task_bird_run_4_wf.ds_bold_native_wf.sources" in "/work_dir/fmriprep_24_0_wf/sub_33_wf/bold_task_bird_run_4_wf/ds_bold_native_wf/sources".
250403-03:21:54,147 nipype.workflow INFO:
	 [Node] Executing "sources" <fmriprep.interfaces.bids.BIDSURI>
250403-03:21:54,168 nipype.workflow INFO:
	 [Node] Finished "sources", elapsed time 0.000303s.
250403-03:21:54,170 nipype.workflow INFO:
	 [Node] Finished "validate_bold", elapsed time 0.138362s.
250403-03:21:54,241 nipype.workflow INFO:
	 [Node] Setting-up "fmriprep_24_0_wf.sub_33_wf.bold_task_bird_run_3_wf.bold_fit_wf.ds_hmc_boldref_wf.sources" in "/work_dir/fmriprep_24_0_wf/sub_33_wf/bold_task_bird_run_3_wf/bold_fit_wf/ds_hmc_boldref_wf/sources".
250403-03:21:54,243 nipype.workflow INFO:
	 [Node] Executing "sources" <fmriprep.interfaces.bids.BIDSURI>
250403-03:21:54,269 nipype.workflow INFO:
	 [Node] Finished "res_tmpl", elapsed time 7.944979s.
250403-03:21:54,272 nipype.workflow INFO:
	 [Node] Finished "sources", elapsed time 0.00028s.
250403-03:21:54,384 nipype.workflow INFO:
	 [Node] Setting-up "fmriprep_24_0_wf.sub_33_wf.bold_task_bird_run_6_wf.bold_fit_wf.ds_hmc_boldref_wf.sources" in "/work_dir/fmriprep_24_0_wf/sub_33_wf/bold_task_bird_run_6_wf/bold_fit_wf/ds_hmc_boldref_wf/sources".
250403-03:21:54,387 nipype.workflow INFO:
	 [Node] Executing "sources" <fmriprep.interfaces.bids.BIDSURI>
250403-03:21:54,406 nipype.workflow INFO:
	 [Node] Finished "sources", elapsed time 0.000287s.
250403-03:21:54,428 nipype.workflow INFO:
	 [Node] Setting-up "fmriprep_24_0_wf.sub_33_wf.anat_fit_wf.anat_template_wf.anat_ref_dimensions" in "/work_dir/fmriprep_24_0_wf/sub_33_wf/anat_fit_wf/anat_template_wf/anat_ref_dimensions".
250403-03:21:54,555 nipype.workflow INFO:
	 [Node] Setting-up "fmriprep_24_0_wf.sub_33_wf.bold_task_bird_run_6_wf.bold_fit_wf.ds_boldmask_wf.sources" in "/work_dir/fmriprep_24_0_wf/sub_33_wf/bold_task_bird_run_6_wf/bold_fit_wf/ds_boldmask_wf/sources".
250403-03:21:54,557 nipype.workflow INFO:
	 [Node] Executing "sources" <fmriprep.interfaces.bids.BIDSURI>
250403-03:21:54,573 nipype.workflow INFO:
	 [Node] Finished "sources", elapsed time 0.000283s.
250403-03:21:54,591 nipype.workflow INFO:
	 [Node] Setting-up "fmriprep_24_0_wf.sub_33_wf.bold_task_bird_run_5_wf.ds_bold_native_wf.sources" in "/work_dir/fmriprep_24_0_wf/sub_33_wf/bold_task_bird_run_5_wf/ds_bold_native_wf/sources".
250403-03:21:54,594 nipype.workflow INFO:
	 [Node] Setting-up "fmriprep_24_0_wf.sub_33_wf.bold_task_bird_run_6_wf.bold_fit_wf.ds_hmc_wf.sources" in "/work_dir/fmriprep_24_0_wf/sub_33_wf/bold_task_bird_run_6_wf/bold_fit_wf/ds_hmc_wf/sources".
250403-03:21:54,596 nipype.workflow INFO:
	 [Node] Executing "sources" <fmriprep.interfaces.bids.BIDSURI>
250403-03:21:54,597 nipype.workflow INFO:
	 [Node] Executing "sources" <fmriprep.interfaces.bids.BIDSURI>
250403-03:21:54,599 nipype.workflow INFO:
	 [Node] Finished "sources", elapsed time 0.000257s.
250403-03:21:54,603 nipype.workflow INFO:
	 [Node] Finished "sources", elapsed time 0.000605s.
250403-03:21:54,774 nipype.workflow INFO:
	 [Node] Setting-up "fmriprep_24_0_wf.sub_33_wf.bold_task_bird_run_6_wf.bold_native_wf.validate_bold" in "/work_dir/fmriprep_24_0_wf/sub_33_wf/bold_task_bird_run_6_wf/bold_native_wf/validate_bold".
250403-03:21:54,776 nipype.workflow INFO:
	 [Node] Executing "validate_bold" <niworkflows.interfaces.header.ValidateImage>
250403-03:21:54,870 nipype.workflow INFO:
	 [Node] Finished "validate_bold", elapsed time 0.093147s.
250403-03:21:55,135 nipype.workflow INFO:
	 [Node] Setting-up "fmriprep_24_0_wf.sub_33_wf.bold_task_bird_run_6_wf.ds_bold_native_wf.sources" in "/work_dir/fmriprep_24_0_wf/sub_33_wf/bold_task_bird_run_6_wf/ds_bold_native_wf/sources".
250403-03:21:55,139 nipype.workflow INFO:
	 [Node] Executing "sources" <fmriprep.interfaces.bids.BIDSURI>
250403-03:21:55,140 nipype.workflow INFO:
	 [Node] Finished "sources", elapsed time 0.00022s.
250403-03:21:56,170 nipype.workflow INFO:
	 [Node] Setting-up "fmriprep_24_0_wf.sub_33_wf.bids_info" in "/work_dir/fmriprep_24_0_wf/sub_33_wf/bids_info".
250403-03:21:56,173 nipype.workflow INFO:
	 [Node] Executing "bids_info" <niworkflows.interfaces.bids.BIDSInfo>
250403-03:21:56,181 nipype.workflow INFO:
	 [Node] Finished "bids_info", elapsed time 0.006761s.
250403-03:21:56,217 nipype.workflow INFO:
	 [Node] Executing "anat_ref_dimensions" <niworkflows.interfaces.images.TemplateDimensions>
250403-03:21:56,395 nipype.workflow INFO:
	 [Node] Finished "anat_ref_dimensions", elapsed time 0.17773s.
250403-03:21:56,770 nipype.workflow INFO:
	 [Node] Finished "get_dummy", elapsed time 9.867119s.
250403-03:21:56,847 nipype.workflow INFO:
	 [Node] Finished "get_dummy", elapsed time 9.814134s.
250403-03:21:56,878 nipype.workflow INFO:
	 [Node] Finished "get_dummy", elapsed time 10.428682s.
250403-03:21:56,882 nipype.workflow INFO:
	 [Node] Finished "get_dummy", elapsed time 10.245716s.
250403-03:21:56,896 nipype.workflow INFO:
	 [Node] Finished "get_dummy", elapsed time 9.70875s.
250403-03:21:57,289 nipype.workflow INFO:
	 [Node] Finished "get_dummy", elapsed time 9.406319s.
250403-03:21:58,231 nipype.workflow INFO:
	 [Node] Setting-up "fmriprep_24_0_wf.sub_33_wf.bold_task_bird_run_1_wf.bold_fit_wf.hmc_boldref_wf.gen_avg" in "/work_dir/fmriprep_24_0_wf/sub_33_wf/bold_task_bird_run_1_wf/bold_fit_wf/hmc_boldref_wf/gen_avg".
250403-03:21:58,280 nipype.workflow INFO:
	 [Node] Executing "gen_avg" <niworkflows.interfaces.images.RobustAverage>
250403-03:21:58,421 nipype.workflow INFO:
	 [Node] Setting-up "fmriprep_24_0_wf.sub_33_wf.bold_task_bird_run_2_wf.bold_fit_wf.hmc_boldref_wf.gen_avg" in "/work_dir/fmriprep_24_0_wf/sub_33_wf/bold_task_bird_run_2_wf/bold_fit_wf/hmc_boldref_wf/gen_avg".
250403-03:21:58,427 nipype.workflow INFO:
	 [Node] Executing "gen_avg" <niworkflows.interfaces.images.RobustAverage>
250403-03:21:58,616 nipype.workflow INFO:
	 [Node] Setting-up "fmriprep_24_0_wf.sub_33_wf.bold_task_bird_run_3_wf.bold_fit_wf.hmc_boldref_wf.gen_avg" in "/work_dir/fmriprep_24_0_wf/sub_33_wf/bold_task_bird_run_3_wf/bold_fit_wf/hmc_boldref_wf/gen_avg".
250403-03:21:58,627 nipype.workflow INFO:
	 [Node] Executing "gen_avg" <niworkflows.interfaces.images.RobustAverage>
250403-03:21:58,811 nipype.workflow INFO:
	 [Node] Setting-up "fmriprep_24_0_wf.sub_33_wf.bold_task_bird_run_4_wf.bold_fit_wf.hmc_boldref_wf.gen_avg" in "/work_dir/fmriprep_24_0_wf/sub_33_wf/bold_task_bird_run_4_wf/bold_fit_wf/hmc_boldref_wf/gen_avg".
250403-03:21:58,821 nipype.workflow INFO:
	 [Node] Executing "gen_avg" <niworkflows.interfaces.images.RobustAverage>
250403-03:21:59,5 nipype.workflow INFO:
	 [Node] Setting-up "fmriprep_24_0_wf.sub_33_wf.bold_task_bird_run_5_wf.bold_fit_wf.hmc_boldref_wf.gen_avg" in "/work_dir/fmriprep_24_0_wf/sub_33_wf/bold_task_bird_run_5_wf/bold_fit_wf/hmc_boldref_wf/gen_avg".
250403-03:21:59,11 nipype.workflow INFO:
	 [Node] Executing "gen_avg" <niworkflows.interfaces.images.RobustAverage>
250403-03:21:59,201 nipype.workflow INFO:
	 [Node] Setting-up "fmriprep_24_0_wf.sub_33_wf.bold_task_bird_run_6_wf.bold_fit_wf.hmc_boldref_wf.gen_avg" in "/work_dir/fmriprep_24_0_wf/sub_33_wf/bold_task_bird_run_6_wf/bold_fit_wf/hmc_boldref_wf/gen_avg".
250403-03:21:59,212 nipype.workflow INFO:
	 [Node] Executing "gen_avg" <niworkflows.interfaces.images.RobustAverage>
250403-03:21:59,621 nipype.workflow INFO:
	 [Node] Setting-up "fmriprep_24_0_wf.sub_33_wf.anat_fit_wf.fs_isrunning" in "/work_dir/fmriprep_24_0_wf/sub_33_wf/anat_fit_wf/fs_isrunning".
250403-03:21:59,624 nipype.workflow INFO:
	 [Node] Setting-up "fmriprep_24_0_wf.sub_33_wf.anat_fit_wf.ds_t1w_mask_wf.raw_sources" in "/work_dir/fmriprep_24_0_wf/sub_33_wf/anat_fit_wf/ds_t1w_mask_wf/raw_sources".
250403-03:21:59,625 nipype.workflow INFO:
	 [Node] Setting-up "fmriprep_24_0_wf.sub_33_wf.anat_fit_wf.ds_ribbon_mask_wf.raw_sources" in "/work_dir/fmriprep_24_0_wf/sub_33_wf/anat_fit_wf/ds_ribbon_mask_wf/raw_sources".
250403-03:21:59,631 nipype.workflow INFO:
	 [Node] Executing "raw_sources" <nipype.interfaces.utility.wrappers.Function>
250403-03:21:59,632 nipype.workflow INFO:
	 [Node] Executing "fs_isrunning" <nipype.interfaces.utility.wrappers.Function>
250403-03:21:59,632 nipype.workflow INFO:
	 [Node] Finished "raw_sources", elapsed time 0.000486s.
250403-03:21:59,633 nipype.workflow INFO:
	 [Node] Finished "fs_isrunning", elapsed time 0.000621s.
250403-03:21:59,636 nipype.workflow INFO:
	 [Node] Executing "raw_sources" <nipype.interfaces.utility.wrappers.Function>
250403-03:21:59,637 nipype.workflow INFO:
	 [Node] Finished "raw_sources", elapsed time 0.000479s.
250403-03:21:59,710 nipype.workflow INFO:
	 [Node] Setting-up "_denoise0" in "/work_dir/fmriprep_24_0_wf/sub_33_wf/anat_fit_wf/anat_template_wf/denoise/mapflow/_denoise0".
250403-03:21:59,711 nipype.workflow INFO:
	 [Node] Executing "_denoise0" <nipype.interfaces.ants.segmentation.DenoiseImage>
250403-03:22:04,602 nipype.workflow INFO:
	 [Node] Setting-up "fmriprep_24_0_wf.sub_33_wf.bold_task_bird_run_1_wf.bold_native_wf.bold_stc_wf.slice_timing_correction" in "/work_dir/fmriprep_24_0_wf/sub_33_wf/bold_task_bird_run_1_wf/bold_native_wf/bold_stc_wf/slice_timing_correction".
250403-03:22:04,631 nipype.workflow INFO:
	 [Node] Executing "slice_timing_correction" <fmriprep.workflows.bold.stc.TShift>
250403-03:22:05,3 nipype.workflow INFO:
	 [Node] Setting-up "fmriprep_24_0_wf.sub_33_wf.bold_task_bird_run_6_wf.bold_native_wf.bold_stc_wf.slice_timing_correction" in "/work_dir/fmriprep_24_0_wf/sub_33_wf/bold_task_bird_run_6_wf/bold_native_wf/bold_stc_wf/slice_timing_correction".
250403-03:22:05,43 nipype.workflow INFO:
	 [Node] Executing "slice_timing_correction" <fmriprep.workflows.bold.stc.TShift>
250403-03:22:05,326 nipype.workflow INFO:
	 [Node] Setting-up "fmriprep_24_0_wf.sub_33_wf.bold_task_bird_run_5_wf.bold_native_wf.bold_stc_wf.slice_timing_correction" in "/work_dir/fmriprep_24_0_wf/sub_33_wf/bold_task_bird_run_5_wf/bold_native_wf/bold_stc_wf/slice_timing_correction".
250403-03:22:05,363 nipype.workflow INFO:
	 [Node] Executing "slice_timing_correction" <fmriprep.workflows.bold.stc.TShift>
250403-03:22:05,510 nipype.workflow INFO:
	 [Node] Setting-up "fmriprep_24_0_wf.sub_33_wf.bold_task_bird_run_2_wf.bold_native_wf.bold_stc_wf.slice_timing_correction" in "/work_dir/fmriprep_24_0_wf/sub_33_wf/bold_task_bird_run_2_wf/bold_native_wf/bold_stc_wf/slice_timing_correction".
250403-03:22:05,526 nipype.workflow INFO:
	 [Node] Setting-up "fmriprep_24_0_wf.sub_33_wf.bold_task_bird_run_3_wf.bold_native_wf.bold_stc_wf.slice_timing_correction" in "/work_dir/fmriprep_24_0_wf/sub_33_wf/bold_task_bird_run_3_wf/bold_native_wf/bold_stc_wf/slice_timing_correction".
250403-03:22:05,638 nipype.workflow INFO:
	 [Node] Executing "slice_timing_correction" <fmriprep.workflows.bold.stc.TShift>
250403-03:22:05,640 nipype.workflow INFO:
	 [Node] Executing "slice_timing_correction" <fmriprep.workflows.bold.stc.TShift>
250403-03:22:05,662 nipype.interface INFO:
	 stderr 2025-04-03T03:22:05.662327:++ 3dvolreg: AFNI version=AFNI_24.1.14 (May 26 2024) [64-bit]
250403-03:22:05,662 nipype.interface INFO:
	 stderr 2025-04-03T03:22:05.662327:++ Authored by: RW Cox
250403-03:22:05,723 nipype.interface INFO:
	 stderr 2025-04-03T03:22:05.723818:** AFNI converts NIFTI_datatype=512 (UINT16) in file /work_dir/fmriprep_24_0_wf/sub_33_wf/bold_task_bird_run_3_wf/bold_fit_wf/hmc_boldref_wf/gen_avg/sub-33_task-bird_run-3_bold_sliced.nii.gz to FLOAT32
250403-03:22:05,744 nipype.interface INFO:
	 stderr 2025-04-03T03:22:05.744088:     Warnings of this type will be muted for this session.
250403-03:22:05,744 nipype.interface INFO:
	 stderr 2025-04-03T03:22:05.744088:     Set AFNI_NIFTI_TYPE_WARN to YES to see them all, NO to see none.
250403-03:22:05,774 nipype.workflow INFO:
	 [Node] Setting-up "fmriprep_24_0_wf.sub_33_wf.bold_task_bird_run_4_wf.bold_native_wf.bold_stc_wf.slice_timing_correction" in "/work_dir/fmriprep_24_0_wf/sub_33_wf/bold_task_bird_run_4_wf/bold_native_wf/bold_stc_wf/slice_timing_correction".
250403-03:22:05,808 nipype.workflow INFO:
	 [Node] Executing "slice_timing_correction" <fmriprep.workflows.bold.stc.TShift>
250403-03:22:05,814 nipype.interface INFO:
	 stderr 2025-04-03T03:22:05.814344:[7m*+ WARNING:[0m   If you are performing spatial transformations on an oblique dset,
250403-03:22:05,814 nipype.interface INFO:
	 stderr 2025-04-03T03:22:05.814344:  such as /work_dir/fmriprep_24_0_wf/sub_33_wf/bold_task_bird_run_3_wf/bold_fit_wf/hmc_boldref_wf/gen_avg/sub-33_task-bird_run-3_bold_sliced.nii.gz,
250403-03:22:05,814 nipype.interface INFO:
	 stderr 2025-04-03T03:22:05.814344:  or viewing/combining it with volumes of differing obliquity,
250403-03:22:05,814 nipype.interface INFO:
	 stderr 2025-04-03T03:22:05.814344:  you should consider running: 
250403-03:22:05,814 nipype.interface INFO:
	 stderr 2025-04-03T03:22:05.814344:     3dWarp -deoblique 
250403-03:22:05,814 nipype.interface INFO:
	 stderr 2025-04-03T03:22:05.814344:  on this and  other oblique datasets in the same session.
250403-03:22:05,814 nipype.interface INFO:
	 stderr 2025-04-03T03:22:05.814344: See 3dWarp -help for details.
250403-03:22:05,814 nipype.interface INFO:
	 stderr 2025-04-03T03:22:05.814344:++ Oblique dataset:/work_dir/fmriprep_24_0_wf/sub_33_wf/bold_task_bird_run_3_wf/bold_fit_wf/hmc_boldref_wf/gen_avg/sub-33_task-bird_run-3_bold_sliced.nii.gz is 12.271379 degrees from plumb.
250403-03:22:05,820 nipype.interface INFO:
	 stderr 2025-04-03T03:22:05.820248:++ Coarse del was 10, replaced with 6
250403-03:22:05,882 nipype.interface INFO:
	 stderr 2025-04-03T03:22:05.882705:++ 3dvolreg: AFNI version=AFNI_24.1.14 (May 26 2024) [64-bit]
250403-03:22:05,882 nipype.interface INFO:
	 stderr 2025-04-03T03:22:05.882705:++ Authored by: RW Cox
250403-03:22:05,975 nipype.interface INFO:
	 stderr 2025-04-03T03:22:05.975707:** AFNI converts NIFTI_datatype=512 (UINT16) in file /work_dir/fmriprep_24_0_wf/sub_33_wf/bold_task_bird_run_1_wf/bold_fit_wf/hmc_boldref_wf/gen_avg/sub-33_task-bird_run-1_bold_sliced.nii.gz to FLOAT32
250403-03:22:05,975 nipype.interface INFO:
	 stderr 2025-04-03T03:22:05.975707:     Warnings of this type will be muted for this session.
250403-03:22:05,975 nipype.interface INFO:
	 stderr 2025-04-03T03:22:05.975707:     Set AFNI_NIFTI_TYPE_WARN to YES to see them all, NO to see none.
250403-03:22:05,975 nipype.interface INFO:
	 stderr 2025-04-03T03:22:05.975707:[7m*+ WARNING:[0m   If you are performing spatial transformations on an oblique dset,
250403-03:22:05,976 nipype.interface INFO:
	 stderr 2025-04-03T03:22:05.975707:  such as /work_dir/fmriprep_24_0_wf/sub_33_wf/bold_task_bird_run_1_wf/bold_fit_wf/hmc_boldref_wf/gen_avg/sub-33_task-bird_run-1_bold_sliced.nii.gz,
250403-03:22:05,976 nipype.interface INFO:
	 stderr 2025-04-03T03:22:05.975707:  or viewing/combining it with volumes of differing obliquity,
250403-03:22:05,976 nipype.interface INFO:
	 stderr 2025-04-03T03:22:05.975707:  you should consider running: 
250403-03:22:05,976 nipype.interface INFO:
	 stderr 2025-04-03T03:22:05.975707:     3dWarp -deoblique 
250403-03:22:05,976 nipype.interface INFO:
	 stderr 2025-04-03T03:22:05.975707:  on this and  other oblique datasets in the same session.
250403-03:22:05,976 nipype.interface INFO:
	 stderr 2025-04-03T03:22:05.975707: See 3dWarp -help for details.
250403-03:22:05,976 nipype.interface INFO:
	 stderr 2025-04-03T03:22:05.975707:++ Oblique dataset:/work_dir/fmriprep_24_0_wf/sub_33_wf/bold_task_bird_run_1_wf/bold_fit_wf/hmc_boldref_wf/gen_avg/sub-33_task-bird_run-1_bold_sliced.nii.gz is 12.271379 degrees from plumb.
250403-03:22:05,976 nipype.interface INFO:
	 stderr 2025-04-03T03:22:05.975707:++ Coarse del was 10, replaced with 6
250403-03:22:06,943 nipype.interface INFO:
	 stderr 2025-04-03T03:22:06.943380:++ 3dvolreg: AFNI version=AFNI_24.1.14 (May 26 2024) [64-bit]
250403-03:22:06,943 nipype.interface INFO:
	 stderr 2025-04-03T03:22:06.943380:++ Authored by: RW Cox
250403-03:22:06,992 nipype.interface INFO:
	 stderr 2025-04-03T03:22:06.992633:** AFNI converts NIFTI_datatype=512 (UINT16) in file /work_dir/fmriprep_24_0_wf/sub_33_wf/bold_task_bird_run_2_wf/bold_fit_wf/hmc_boldref_wf/gen_avg/sub-33_task-bird_run-2_bold_sliced.nii.gz to FLOAT32
250403-03:22:06,995 nipype.interface INFO:
	 stderr 2025-04-03T03:22:06.995947:     Warnings of this type will be muted for this session.
250403-03:22:06,996 nipype.interface INFO:
	 stderr 2025-04-03T03:22:06.995947:     Set AFNI_NIFTI_TYPE_WARN to YES to see them all, NO to see none.
250403-03:22:07,12 nipype.interface INFO:
	 stderr 2025-04-03T03:22:07.012455:[7m*+ WARNING:[0m   If you are performing spatial transformations on an oblique dset,
250403-03:22:07,12 nipype.interface INFO:
	 stderr 2025-04-03T03:22:07.012455:  such as /work_dir/fmriprep_24_0_wf/sub_33_wf/bold_task_bird_run_2_wf/bold_fit_wf/hmc_boldref_wf/gen_avg/sub-33_task-bird_run-2_bold_sliced.nii.gz,
250403-03:22:07,12 nipype.interface INFO:
	 stderr 2025-04-03T03:22:07.012455:  or viewing/combining it with volumes of differing obliquity,
250403-03:22:07,12 nipype.interface INFO:
	 stderr 2025-04-03T03:22:07.012455:  you should consider running: 
250403-03:22:07,12 nipype.interface INFO:
	 stderr 2025-04-03T03:22:07.012455:     3dWarp -deoblique 
250403-03:22:07,12 nipype.interface INFO:
	 stderr 2025-04-03T03:22:07.012455:  on this and  other oblique datasets in the same session.
250403-03:22:07,12 nipype.interface INFO:
	 stderr 2025-04-03T03:22:07.012455: See 3dWarp -help for details.
250403-03:22:07,12 nipype.interface INFO:
	 stderr 2025-04-03T03:22:07.012455:++ Oblique dataset:/work_dir/fmriprep_24_0_wf/sub_33_wf/bold_task_bird_run_2_wf/bold_fit_wf/hmc_boldref_wf/gen_avg/sub-33_task-bird_run-2_bold_sliced.nii.gz is 12.271379 degrees from plumb.
250403-03:22:07,12 nipype.interface INFO:
	 stderr 2025-04-03T03:22:07.012455:++ Coarse del was 10, replaced with 6
250403-03:22:07,113 nipype.interface INFO:
	 stderr 2025-04-03T03:22:07.113403:++ 3dvolreg: AFNI version=AFNI_24.1.14 (May 26 2024) [64-bit]
250403-03:22:07,113 nipype.interface INFO:
	 stderr 2025-04-03T03:22:07.113403:++ Authored by: RW Cox
250403-03:22:07,142 nipype.interface INFO:
	 stderr 2025-04-03T03:22:07.142286:** AFNI converts NIFTI_datatype=512 (UINT16) in file /work_dir/fmriprep_24_0_wf/sub_33_wf/bold_task_bird_run_5_wf/bold_fit_wf/hmc_boldref_wf/gen_avg/sub-33_task-bird_run-5_bold_sliced.nii.gz to FLOAT32
250403-03:22:07,149 nipype.interface INFO:
	 stderr 2025-04-03T03:22:07.149838:     Warnings of this type will be muted for this session.
250403-03:22:07,149 nipype.interface INFO:
	 stderr 2025-04-03T03:22:07.149838:     Set AFNI_NIFTI_TYPE_WARN to YES to see them all, NO to see none.
250403-03:22:07,165 nipype.interface INFO:
	 stderr 2025-04-03T03:22:07.165653:[7m*+ WARNING:[0m   If you are performing spatial transformations on an oblique dset,
250403-03:22:07,165 nipype.interface INFO:
	 stderr 2025-04-03T03:22:07.165653:  such as /work_dir/fmriprep_24_0_wf/sub_33_wf/bold_task_bird_run_5_wf/bold_fit_wf/hmc_boldref_wf/gen_avg/sub-33_task-bird_run-5_bold_sliced.nii.gz,
250403-03:22:07,165 nipype.interface INFO:
	 stderr 2025-04-03T03:22:07.165653:  or viewing/combining it with volumes of differing obliquity,
250403-03:22:07,165 nipype.interface INFO:
	 stderr 2025-04-03T03:22:07.165653:  you should consider running: 
250403-03:22:07,165 nipype.interface INFO:
	 stderr 2025-04-03T03:22:07.165653:     3dWarp -deoblique 
250403-03:22:07,165 nipype.interface INFO:
	 stderr 2025-04-03T03:22:07.165653:  on this and  other oblique datasets in the same session.
250403-03:22:07,165 nipype.interface INFO:
	 stderr 2025-04-03T03:22:07.165653: See 3dWarp -help for details.
250403-03:22:07,165 nipype.interface INFO:
	 stderr 2025-04-03T03:22:07.165653:++ Oblique dataset:/work_dir/fmriprep_24_0_wf/sub_33_wf/bold_task_bird_run_5_wf/bold_fit_wf/hmc_boldref_wf/gen_avg/sub-33_task-bird_run-5_bold_sliced.nii.gz is 12.271379 degrees from plumb.
250403-03:22:07,165 nipype.interface INFO:
	 stderr 2025-04-03T03:22:07.165653:++ Coarse del was 10, replaced with 6
250403-03:22:07,512 nipype.interface INFO:
	 stderr 2025-04-03T03:22:07.512384:++ 3dvolreg: AFNI version=AFNI_24.1.14 (May 26 2024) [64-bit]
250403-03:22:07,512 nipype.interface INFO:
	 stderr 2025-04-03T03:22:07.512384:++ Authored by: RW Cox
250403-03:22:07,542 nipype.interface INFO:
	 stderr 2025-04-03T03:22:07.542019:** AFNI converts NIFTI_datatype=512 (UINT16) in file /work_dir/fmriprep_24_0_wf/sub_33_wf/bold_task_bird_run_4_wf/bold_fit_wf/hmc_boldref_wf/gen_avg/sub-33_task-bird_run-4_bold_sliced.nii.gz to FLOAT32
250403-03:22:07,550 nipype.interface INFO:
	 stderr 2025-04-03T03:22:07.550522:     Warnings of this type will be muted for this session.
250403-03:22:07,550 nipype.interface INFO:
	 stderr 2025-04-03T03:22:07.550522:     Set AFNI_NIFTI_TYPE_WARN to YES to see them all, NO to see none.
250403-03:22:07,567 nipype.interface INFO:
	 stderr 2025-04-03T03:22:07.567554:[7m*+ WARNING:[0m   If you are performing spatial transformations on an oblique dset,
250403-03:22:07,567 nipype.interface INFO:
	 stderr 2025-04-03T03:22:07.567554:  such as /work_dir/fmriprep_24_0_wf/sub_33_wf/bold_task_bird_run_4_wf/bold_fit_wf/hmc_boldref_wf/gen_avg/sub-33_task-bird_run-4_bold_sliced.nii.gz,
250403-03:22:07,567 nipype.interface INFO:
	 stderr 2025-04-03T03:22:07.567554:  or viewing/combining it with volumes of differing obliquity,
250403-03:22:07,567 nipype.interface INFO:
	 stderr 2025-04-03T03:22:07.567554:  you should consider running: 
250403-03:22:07,567 nipype.interface INFO:
	 stderr 2025-04-03T03:22:07.567554:     3dWarp -deoblique 
250403-03:22:07,567 nipype.interface INFO:
	 stderr 2025-04-03T03:22:07.567554:  on this and  other oblique datasets in the same session.
250403-03:22:07,567 nipype.interface INFO:
	 stderr 2025-04-03T03:22:07.567554: See 3dWarp -help for details.
250403-03:22:07,567 nipype.interface INFO:
	 stderr 2025-04-03T03:22:07.567554:++ Oblique dataset:/work_dir/fmriprep_24_0_wf/sub_33_wf/bold_task_bird_run_4_wf/bold_fit_wf/hmc_boldref_wf/gen_avg/sub-33_task-bird_run-4_bold_sliced.nii.gz is 12.271379 degrees from plumb.
250403-03:22:07,567 nipype.interface INFO:
	 stderr 2025-04-03T03:22:07.567554:++ Coarse del was 10, replaced with 6
250403-03:22:08,879 nipype.interface INFO:
	 stderr 2025-04-03T03:22:08.879616:++ 3dvolreg: AFNI version=AFNI_24.1.14 (May 26 2024) [64-bit]
250403-03:22:08,879 nipype.interface INFO:
	 stderr 2025-04-03T03:22:08.879616:++ Authored by: RW Cox
250403-03:22:08,928 nipype.interface INFO:
	 stderr 2025-04-03T03:22:08.928919:** AFNI converts NIFTI_datatype=512 (UINT16) in file /work_dir/fmriprep_24_0_wf/sub_33_wf/bold_task_bird_run_6_wf/bold_fit_wf/hmc_boldref_wf/gen_avg/sub-33_task-bird_run-6_bold_sliced.nii.gz to FLOAT32
250403-03:22:08,929 nipype.interface INFO:
	 stderr 2025-04-03T03:22:08.929807:     Warnings of this type will be muted for this session.
250403-03:22:08,929 nipype.interface INFO:
	 stderr 2025-04-03T03:22:08.929807:     Set AFNI_NIFTI_TYPE_WARN to YES to see them all, NO to see none.
250403-03:22:08,947 nipype.interface INFO:
	 stderr 2025-04-03T03:22:08.947850:[7m*+ WARNING:[0m   If you are performing spatial transformations on an oblique dset,
250403-03:22:08,948 nipype.interface INFO:
	 stderr 2025-04-03T03:22:08.947850:  such as /work_dir/fmriprep_24_0_wf/sub_33_wf/bold_task_bird_run_6_wf/bold_fit_wf/hmc_boldref_wf/gen_avg/sub-33_task-bird_run-6_bold_sliced.nii.gz,
250403-03:22:08,948 nipype.interface INFO:
	 stderr 2025-04-03T03:22:08.947850:  or viewing/combining it with volumes of differing obliquity,
250403-03:22:08,948 nipype.interface INFO:
	 stderr 2025-04-03T03:22:08.947850:  you should consider running: 
250403-03:22:08,948 nipype.interface INFO:
	 stderr 2025-04-03T03:22:08.947850:     3dWarp -deoblique 
250403-03:22:08,948 nipype.interface INFO:
	 stderr 2025-04-03T03:22:08.947850:  on this and  other oblique datasets in the same session.
250403-03:22:08,948 nipype.interface INFO:
	 stderr 2025-04-03T03:22:08.947850: See 3dWarp -help for details.
250403-03:22:08,948 nipype.interface INFO:
	 stderr 2025-04-03T03:22:08.947850:++ Oblique dataset:/work_dir/fmriprep_24_0_wf/sub_33_wf/bold_task_bird_run_6_wf/bold_fit_wf/hmc_boldref_wf/gen_avg/sub-33_task-bird_run-6_bold_sliced.nii.gz is 12.271379 degrees from plumb.
250403-03:22:08,948 nipype.interface INFO:
	 stderr 2025-04-03T03:22:08.947850:++ Coarse del was 10, replaced with 6
250403-03:22:11,635 nipype.workflow INFO:
	 [Node] Finished "lap_tmpl", elapsed time 24.536165s.
250403-03:22:12,586 nipype.workflow INFO:
	 [Node] Setting-up "fmriprep_24_0_wf.sub_33_wf.anat_fit_wf.brain_extraction_wf.mrg_tmpl" in "/work_dir/fmriprep_24_0_wf/sub_33_wf/anat_fit_wf/brain_extraction_wf/mrg_tmpl".
250403-03:22:12,694 nipype.workflow INFO:
	 [Node] Executing "mrg_tmpl" <nipype.interfaces.utility.base.Merge>
250403-03:22:12,695 nipype.workflow INFO:
	 [Node] Finished "mrg_tmpl", elapsed time 0.000207s.
250403-03:24:14,310 nipype.workflow INFO:
	 [Node] Finished "slice_timing_correction", elapsed time 128.946265s.
250403-03:24:15,729 nipype.workflow INFO:
	 [Node] Finished "slice_timing_correction", elapsed time 130.684702s.
250403-03:24:16,421 nipype.workflow INFO:
	 [Node] Setting-up "fmriprep_24_0_wf.sub_33_wf.bold_task_bird_run_5_wf.bold_native_wf.bold_stc_wf.copy_xform" in "/work_dir/fmriprep_24_0_wf/sub_33_wf/bold_task_bird_run_5_wf/bold_native_wf/bold_stc_wf/copy_xform".
250403-03:24:16,432 nipype.workflow INFO:
	 [Node] Setting-up "fmriprep_24_0_wf.sub_33_wf.bold_task_bird_run_6_wf.bold_native_wf.bold_stc_wf.copy_xform" in "/work_dir/fmriprep_24_0_wf/sub_33_wf/bold_task_bird_run_6_wf/bold_native_wf/bold_stc_wf/copy_xform".
250403-03:24:20,709 nipype.workflow INFO:
	 [Node] Executing "copy_xform" <niworkflows.interfaces.header.CopyXForm>
250403-03:24:20,722 nipype.workflow INFO:
	 [Node] Executing "copy_xform" <niworkflows.interfaces.header.CopyXForm>
250403-03:24:21,408 nipype.workflow INFO:
	 [Node] Finished "slice_timing_correction", elapsed time 135.767028s.
250403-03:24:22,412 nipype.workflow INFO:
	 [Node] Setting-up "fmriprep_24_0_wf.sub_33_wf.bold_task_bird_run_2_wf.bold_native_wf.bold_stc_wf.copy_xform" in "/work_dir/fmriprep_24_0_wf/sub_33_wf/bold_task_bird_run_2_wf/bold_native_wf/bold_stc_wf/copy_xform".
250403-03:24:23,879 nipype.workflow INFO:
	 [Node] Finished "slice_timing_correction", elapsed time 138.069301s.
250403-03:24:24,446 nipype.workflow INFO:
	 [Node] Setting-up "fmriprep_24_0_wf.sub_33_wf.bold_task_bird_run_4_wf.bold_native_wf.bold_stc_wf.copy_xform" in "/work_dir/fmriprep_24_0_wf/sub_33_wf/bold_task_bird_run_4_wf/bold_native_wf/bold_stc_wf/copy_xform".
250403-03:24:26,263 nipype.workflow INFO:
	 [Node] Executing "copy_xform" <niworkflows.interfaces.header.CopyXForm>
250403-03:24:27,435 nipype.workflow INFO:
	 [Node] Executing "copy_xform" <niworkflows.interfaces.header.CopyXForm>
250403-03:24:28,324 nipype.workflow INFO:
	 [Node] Finished "slice_timing_correction", elapsed time 143.691929s.
250403-03:24:28,664 nipype.workflow INFO:
	 [Node] Finished "slice_timing_correction", elapsed time 143.025604s.
250403-03:24:28,901 nipype.workflow INFO:
	 [Node] Finished "_denoise0", elapsed time 148.799748s.
250403-03:24:30,323 nipype.workflow INFO:
	 [Node] Setting-up "fmriprep_24_0_wf.sub_33_wf.bold_task_bird_run_1_wf.bold_native_wf.bold_stc_wf.copy_xform" in "/work_dir/fmriprep_24_0_wf/sub_33_wf/bold_task_bird_run_1_wf/bold_native_wf/bold_stc_wf/copy_xform".
250403-03:24:30,329 nipype.workflow INFO:
	 [Node] Setting-up "_anat_conform0" in "/work_dir/fmriprep_24_0_wf/sub_33_wf/anat_fit_wf/anat_template_wf/anat_conform/mapflow/_anat_conform0".
250403-03:24:30,330 nipype.workflow INFO:
	 [Node] Executing "_anat_conform0" <niworkflows.interfaces.images.Conform>
250403-03:24:30,331 nipype.workflow INFO:
	 [Node] Setting-up "fmriprep_24_0_wf.sub_33_wf.bold_task_bird_run_3_wf.bold_native_wf.bold_stc_wf.copy_xform" in "/work_dir/fmriprep_24_0_wf/sub_33_wf/bold_task_bird_run_3_wf/bold_native_wf/bold_stc_wf/copy_xform".
250403-03:24:30,396 nipype.workflow INFO:
	 [Node] Finished "_anat_conform0", elapsed time 0.06556s.
250403-03:24:32,441 nipype.workflow INFO:
	 [Node] Setting-up "fmriprep_24_0_wf.sub_33_wf.anat_fit_wf.anat_template_wf.get1st" in "/work_dir/fmriprep_24_0_wf/sub_33_wf/anat_fit_wf/anat_template_wf/get1st".
250403-03:24:32,447 nipype.workflow INFO:
	 [Node] Executing "get1st" <nipype.interfaces.utility.base.Select>
250403-03:24:32,448 nipype.workflow INFO:
	 [Node] Finished "get1st", elapsed time 0.000301s.
250403-03:24:35,688 nipype.workflow INFO:
	 [Node] Executing "copy_xform" <niworkflows.interfaces.header.CopyXForm>
250403-03:24:36,9 nipype.workflow INFO:
	 [Node] Executing "copy_xform" <niworkflows.interfaces.header.CopyXForm>
250403-03:24:36,479 nipype.workflow INFO:
	 [Node] Setting-up "fmriprep_24_0_wf.sub_33_wf.anat_fit_wf.surface_recon_wf.fov_check" in "/work_dir/fmriprep_24_0_wf/sub_33_wf/anat_fit_wf/surface_recon_wf/fov_check".
250403-03:24:36,495 nipype.workflow INFO:
	 [Node] Executing "fov_check" <nipype.interfaces.utility.wrappers.Function>
250403-03:24:36,537 nipype.workflow INFO:
	 [Node] Setting-up "_truncate_images0" in "/work_dir/fmriprep_24_0_wf/sub_33_wf/anat_fit_wf/brain_extraction_wf/truncate_images/mapflow/_truncate_images0".
250403-03:24:36,546 nipype.workflow INFO:
	 [Node] Executing "_truncate_images0" <nipype.interfaces.ants.utils.ImageMath>
250403-03:24:37,389 nipype.workflow INFO:
	 [Node] Finished "fov_check", elapsed time 0.893383s.
250403-03:24:38,381 nipype.workflow INFO:
	 [Node] Setting-up "fmriprep_24_0_wf.sub_33_wf.anat_fit_wf.surface_recon_wf.recon_config" in "/work_dir/fmriprep_24_0_wf/sub_33_wf/anat_fit_wf/surface_recon_wf/recon_config".
250403-03:24:38,396 nipype.workflow INFO:
	 [Node] Executing "recon_config" <niworkflows.interfaces.freesurfer.FSDetectInputs>
250403-03:24:38,531 nipype.workflow INFO:
	 [Node] Finished "recon_config", elapsed time 0.123616s.
250403-03:24:41,828 nipype.workflow INFO:
	 [Node] Setting-up "fmriprep_24_0_wf.sub_33_wf.anat_fit_wf.surface_recon_wf.autorecon1" in "/work_dir/fmriprep_24_0_wf/sub_33_wf/anat_fit_wf/surface_recon_wf/autorecon1".
250403-03:24:41,838 nipype.workflow INFO:
	 [Node] Executing "autorecon1" <smriprep.interfaces.freesurfer.ReconAll>
250403-03:24:48,452 nipype.workflow INFO:
	 [Node] Finished "_truncate_images0", elapsed time 11.210543s.
250403-03:24:50,483 nipype.workflow INFO:
	 [Node] Setting-up "_inu_n40" in "/work_dir/fmriprep_24_0_wf/sub_33_wf/anat_fit_wf/brain_extraction_wf/inu_n4/mapflow/_inu_n40".
250403-03:24:50,486 nipype.workflow INFO:
	 [Node] Executing "_inu_n40" <nipype.interfaces.ants.segmentation.N4BiasFieldCorrection>
250403-03:24:52,234 nipype.interface INFO:
	 stderr 2025-04-03T03:24:52.234241:++ Max displacement in automask = 0.22 (mm) at sub-brick 14
250403-03:24:52,244 nipype.interface INFO:
	 stderr 2025-04-03T03:24:52.244585:++ Max delta displ  in automask = 0.11 (mm) at sub-brick 14
250403-03:24:53,50 nipype.interface INFO:
	 stderr 2025-04-03T03:24:53.050351:++ Max displacement in automask = 0.17 (mm) at sub-brick 11
250403-03:24:53,50 nipype.interface INFO:
	 stderr 2025-04-03T03:24:53.050613:++ Max delta displ  in automask = 0.18 (mm) at sub-brick 10
250403-03:24:53,586 nipype.interface INFO:
	 stderr 2025-04-03T03:24:53.586105:++ Max displacement in automask = 0.73 (mm) at sub-brick 12
250403-03:24:53,596 nipype.interface INFO:
	 stderr 2025-04-03T03:24:53.596461:++ Max delta displ  in automask = 0.53 (mm) at sub-brick 12
250403-03:24:54,852 nipype.interface INFO:
	 stderr 2025-04-03T03:24:54.852246:++ Max displacement in automask = 0.26 (mm) at sub-brick 9
250403-03:24:54,862 nipype.interface INFO:
	 stderr 2025-04-03T03:24:54.862585:++ Max delta displ  in automask = 0.12 (mm) at sub-brick 5
250403-03:24:55,120 nipype.interface INFO:
	 stderr 2025-04-03T03:24:55.119956:++ Max displacement in automask = 0.14 (mm) at sub-brick 18
250403-03:24:55,130 nipype.interface INFO:
	 stderr 2025-04-03T03:24:55.130252:++ Max delta displ  in automask = 0.06 (mm) at sub-brick 5
250403-03:24:59,474 nipype.interface INFO:
	 stderr 2025-04-03T03:24:59.474506:++ Max displacement in automask = 0.16 (mm) at sub-brick 11
250403-03:24:59,482 nipype.interface INFO:
	 stderr 2025-04-03T03:24:59.482267:++ Max delta displ  in automask = 0.05 (mm) at sub-brick 2
250403-03:25:01,847 nipype.workflow INFO:
	 [Node] Finished "gen_avg", elapsed time 183.419098s.
250403-03:25:02,461 nipype.workflow INFO:
	 [Node] Setting-up "fmriprep_24_0_wf.sub_33_wf.bold_task_bird_run_2_wf.bold_fit_wf.fmapref_buffer" in "/work_dir/fmriprep_24_0_wf/sub_33_wf/bold_task_bird_run_2_wf/bold_fit_wf/fmapref_buffer".
250403-03:25:02,469 nipype.workflow INFO:
	 [Node] Executing "fmapref_buffer" <nipype.interfaces.utility.wrappers.Function>
250403-03:25:02,476 nipype.workflow INFO:
	 [Node] Finished "fmapref_buffer", elapsed time 0.006639s.
250403-03:25:02,569 nipype.interface WARNING:
	 Changing /output/sub-33/func/sub-33_task-bird_run-2_desc-hmc_boldref.nii.gz dtype from uint16 to float32
250403-03:25:03,283 nipype.workflow INFO:
	 [Node] Finished "gen_avg", elapsed time 185.001998s.
250403-03:25:03,586 nipype.workflow INFO:
	 [Node] Setting-up "fmriprep_24_0_wf.sub_33_wf.bold_task_bird_run_2_wf.bold_fit_wf.bold_hmc_wf.mcflirt" in "/work_dir/fmriprep_24_0_wf/sub_33_wf/bold_task_bird_run_2_wf/bold_fit_wf/bold_hmc_wf/mcflirt".
250403-03:25:03,629 nipype.workflow INFO:
	 [Node] Executing "mcflirt" <nipype.interfaces.fsl.preprocess.MCFLIRT>
250403-03:25:03,816 nipype.workflow INFO:
	 [Node] Finished "gen_avg", elapsed time 184.602896s.
250403-03:25:04,420 nipype.workflow INFO:
	 [Node] Setting-up "fmriprep_24_0_wf.sub_33_wf.bold_task_bird_run_1_wf.bold_fit_wf.fmapref_buffer" in "/work_dir/fmriprep_24_0_wf/sub_33_wf/bold_task_bird_run_1_wf/bold_fit_wf/fmapref_buffer".
250403-03:25:04,422 nipype.workflow INFO:
	 [Node] Executing "fmapref_buffer" <nipype.interfaces.utility.wrappers.Function>
250403-03:25:04,424 nipype.workflow INFO:
	 [Node] Finished "fmapref_buffer", elapsed time 0.000807s.
250403-03:25:04,555 nipype.interface WARNING:
	 Changing /output/sub-33/func/sub-33_task-bird_run-1_desc-hmc_boldref.nii.gz dtype from uint16 to float32
250403-03:25:04,728 nipype.workflow INFO:
	 [Node] Finished "gen_avg", elapsed time 185.715962s.
250403-03:25:05,16 nipype.workflow INFO:
	 [Node] Finished "gen_avg", elapsed time 186.193465s.
250403-03:25:05,549 nipype.workflow INFO:
	 [Node] Setting-up "fmriprep_24_0_wf.sub_33_wf.bold_task_bird_run_6_wf.bold_fit_wf.fmapref_buffer" in "/work_dir/fmriprep_24_0_wf/sub_33_wf/bold_task_bird_run_6_wf/bold_fit_wf/fmapref_buffer".
250403-03:25:05,555 nipype.workflow INFO:
	 [Node] Executing "fmapref_buffer" <nipype.interfaces.utility.wrappers.Function>
250403-03:25:05,557 nipype.workflow INFO:
	 [Node] Finished "fmapref_buffer", elapsed time 0.000938s.
250403-03:25:05,699 nipype.interface WARNING:
	 Changing /output/sub-33/func/sub-33_task-bird_run-6_desc-hmc_boldref.nii.gz dtype from uint16 to float32
250403-03:25:05,727 nipype.workflow INFO:
	 [Node] Setting-up "fmriprep_24_0_wf.sub_33_wf.bold_task_bird_run_1_wf.bold_fit_wf.bold_hmc_wf.mcflirt" in "/work_dir/fmriprep_24_0_wf/sub_33_wf/bold_task_bird_run_1_wf/bold_fit_wf/bold_hmc_wf/mcflirt".
250403-03:25:05,753 nipype.workflow INFO:
	 [Node] Executing "mcflirt" <nipype.interfaces.fsl.preprocess.MCFLIRT>
250403-03:25:06,603 nipype.workflow INFO:
	 [Node] Setting-up "fmriprep_24_0_wf.sub_33_wf.bold_task_bird_run_2_wf.bold_fit_wf.enhance_and_skullstrip_bold_wf.init_aff" in "/work_dir/fmriprep_24_0_wf/sub_33_wf/bold_task_bird_run_2_wf/bold_fit_wf/enhance_and_skullstrip_bold_wf/init_aff".
250403-03:25:06,639 nipype.workflow INFO:
	 [Node] Executing "init_aff" <nipype.interfaces.ants.utils.AI>
250403-03:25:06,729 nipype.workflow INFO:
	 [Node] Setting-up "fmriprep_24_0_wf.sub_33_wf.bold_task_bird_run_6_wf.bold_fit_wf.bold_hmc_wf.mcflirt" in "/work_dir/fmriprep_24_0_wf/sub_33_wf/bold_task_bird_run_6_wf/bold_fit_wf/bold_hmc_wf/mcflirt".
250403-03:25:06,761 nipype.workflow INFO:
	 [Node] Executing "mcflirt" <nipype.interfaces.fsl.preprocess.MCFLIRT>
250403-03:25:06,907 nipype.workflow INFO:
	 [Node] Setting-up "fmriprep_24_0_wf.sub_33_wf.bold_task_bird_run_4_wf.bold_fit_wf.fmapref_buffer" in "/work_dir/fmriprep_24_0_wf/sub_33_wf/bold_task_bird_run_4_wf/bold_fit_wf/fmapref_buffer".
250403-03:25:06,913 nipype.workflow INFO:
	 [Node] Executing "fmapref_buffer" <nipype.interfaces.utility.wrappers.Function>
250403-03:25:06,916 nipype.workflow INFO:
	 [Node] Finished "fmapref_buffer", elapsed time 0.002168s.
250403-03:25:07,83 nipype.interface WARNING:
	 Changing /output/sub-33/func/sub-33_task-bird_run-4_desc-hmc_boldref.nii.gz dtype from uint16 to float32
250403-03:25:08,210 nipype.workflow INFO:
	 [Node] Setting-up "fmriprep_24_0_wf.sub_33_wf.bold_task_bird_run_5_wf.bold_fit_wf.fmapref_buffer" in "/work_dir/fmriprep_24_0_wf/sub_33_wf/bold_task_bird_run_5_wf/bold_fit_wf/fmapref_buffer".
250403-03:25:08,216 nipype.workflow INFO:
	 [Node] Executing "fmapref_buffer" <nipype.interfaces.utility.wrappers.Function>
250403-03:25:08,217 nipype.workflow INFO:
	 [Node] Finished "fmapref_buffer", elapsed time 0.000594s.
250403-03:25:08,398 nipype.interface WARNING:
	 Changing /output/sub-33/func/sub-33_task-bird_run-5_desc-hmc_boldref.nii.gz dtype from uint16 to float32
250403-03:25:08,476 nipype.workflow INFO:
	 [Node] Setting-up "fmriprep_24_0_wf.sub_33_wf.bold_task_bird_run_4_wf.bold_fit_wf.bold_hmc_wf.mcflirt" in "/work_dir/fmriprep_24_0_wf/sub_33_wf/bold_task_bird_run_4_wf/bold_fit_wf/bold_hmc_wf/mcflirt".
250403-03:25:08,483 nipype.workflow INFO:
	 [Node] Executing "mcflirt" <nipype.interfaces.fsl.preprocess.MCFLIRT>
250403-03:25:09,223 nipype.workflow INFO:
	 [Node] Finished "gen_avg", elapsed time 190.595582s.
250403-03:25:09,760 nipype.workflow INFO:
	 [Node] Setting-up "fmriprep_24_0_wf.sub_33_wf.bold_task_bird_run_5_wf.bold_fit_wf.bold_hmc_wf.mcflirt" in "/work_dir/fmriprep_24_0_wf/sub_33_wf/bold_task_bird_run_5_wf/bold_fit_wf/bold_hmc_wf/mcflirt".
250403-03:25:09,781 nipype.workflow INFO:
	 [Node] Executing "mcflirt" <nipype.interfaces.fsl.preprocess.MCFLIRT>
250403-03:25:10,158 nipype.workflow INFO:
	 [Node] Setting-up "fmriprep_24_0_wf.sub_33_wf.bold_task_bird_run_3_wf.bold_fit_wf.fmapref_buffer" in "/work_dir/fmriprep_24_0_wf/sub_33_wf/bold_task_bird_run_3_wf/bold_fit_wf/fmapref_buffer".
250403-03:25:10,163 nipype.workflow INFO:
	 [Node] Executing "fmapref_buffer" <nipype.interfaces.utility.wrappers.Function>
250403-03:25:10,165 nipype.workflow INFO:
	 [Node] Finished "fmapref_buffer", elapsed time 0.0006s.
250403-03:25:10,331 nipype.interface WARNING:
	 Changing /output/sub-33/func/sub-33_task-bird_run-3_desc-hmc_boldref.nii.gz dtype from uint16 to float32
250403-03:25:10,340 nipype.workflow INFO:
	 [Node] Setting-up "fmriprep_24_0_wf.sub_33_wf.bold_task_bird_run_2_wf.bold_fit_wf.ds_coreg_boldref_wf.sources" in "/work_dir/fmriprep_24_0_wf/sub_33_wf/bold_task_bird_run_2_wf/bold_fit_wf/ds_coreg_boldref_wf/sources".
250403-03:25:10,356 nipype.workflow INFO:
	 [Node] Executing "sources" <fmriprep.interfaces.bids.BIDSURI>
250403-03:25:10,357 nipype.workflow INFO:
	 [Node] Finished "sources", elapsed time 0.000219s.
250403-03:25:11,529 nipype.workflow INFO:
	 [Node] Setting-up "fmriprep_24_0_wf.sub_33_wf.bold_task_bird_run_3_wf.bold_fit_wf.bold_hmc_wf.mcflirt" in "/work_dir/fmriprep_24_0_wf/sub_33_wf/bold_task_bird_run_3_wf/bold_fit_wf/bold_hmc_wf/mcflirt".
250403-03:25:11,536 nipype.workflow INFO:
	 [Node] Executing "mcflirt" <nipype.interfaces.fsl.preprocess.MCFLIRT>
250403-03:25:11,545 nipype.workflow INFO:
	 [Node] Setting-up "fmriprep_24_0_wf.sub_33_wf.bold_task_bird_run_4_wf.bold_fit_wf.ds_coreg_boldref_wf.sources" in "/work_dir/fmriprep_24_0_wf/sub_33_wf/bold_task_bird_run_4_wf/bold_fit_wf/ds_coreg_boldref_wf/sources".
250403-03:25:11,548 nipype.workflow INFO:
	 [Node] Executing "sources" <fmriprep.interfaces.bids.BIDSURI>
250403-03:25:11,548 nipype.workflow INFO:
	 [Node] Finished "sources", elapsed time 0.000228s.
250403-03:25:12,104 nipype.workflow INFO:
	 [Node] Setting-up "fmriprep_24_0_wf.sub_33_wf.bold_task_bird_run_3_wf.bold_fit_wf.ds_coreg_boldref_wf.sources" in "/work_dir/fmriprep_24_0_wf/sub_33_wf/bold_task_bird_run_3_wf/bold_fit_wf/ds_coreg_boldref_wf/sources".
250403-03:25:12,107 nipype.workflow INFO:
	 [Node] Executing "sources" <fmriprep.interfaces.bids.BIDSURI>
250403-03:25:12,108 nipype.workflow INFO:
	 [Node] Finished "sources", elapsed time 0.000234s.
250403-03:25:12,129 nipype.workflow INFO:
	 [Node] Setting-up "fmriprep_24_0_wf.sub_33_wf.bold_task_bird_run_5_wf.bold_fit_wf.ds_coreg_boldref_wf.sources" in "/work_dir/fmriprep_24_0_wf/sub_33_wf/bold_task_bird_run_5_wf/bold_fit_wf/ds_coreg_boldref_wf/sources".
250403-03:25:12,132 nipype.workflow INFO:
	 [Node] Executing "sources" <fmriprep.interfaces.bids.BIDSURI>
250403-03:25:12,132 nipype.workflow INFO:
	 [Node] Finished "sources", elapsed time 0.000228s.
250403-03:25:14,418 nipype.workflow INFO:
	 [Node] Setting-up "fmriprep_24_0_wf.sub_33_wf.bold_task_bird_run_6_wf.bold_fit_wf.ds_coreg_boldref_wf.sources" in "/work_dir/fmriprep_24_0_wf/sub_33_wf/bold_task_bird_run_6_wf/bold_fit_wf/ds_coreg_boldref_wf/sources".
250403-03:25:14,421 nipype.workflow INFO:
	 [Node] Executing "sources" <fmriprep.interfaces.bids.BIDSURI>
250403-03:25:14,422 nipype.workflow INFO:
	 [Node] Finished "sources", elapsed time 0.000226s.
250403-03:25:15,243 nipype.workflow INFO:
	 [Node] Setting-up "fmriprep_24_0_wf.sub_33_wf.bold_task_bird_run_1_wf.bold_fit_wf.ds_coreg_boldref_wf.sources" in "/work_dir/fmriprep_24_0_wf/sub_33_wf/bold_task_bird_run_1_wf/bold_fit_wf/ds_coreg_boldref_wf/sources".
250403-03:25:15,253 nipype.workflow INFO:
	 [Node] Executing "sources" <fmriprep.interfaces.bids.BIDSURI>
250403-03:25:15,255 nipype.workflow INFO:
	 [Node] Finished "sources", elapsed time 0.000222s.
250403-03:25:32,43 nipype.workflow INFO:
	 [Node] Finished "copy_xform", elapsed time 71.333233s.
250403-03:25:32,492 nipype.workflow INFO:
	 [Node] Finished "copy_xform", elapsed time 71.76922s.
250403-03:25:46,892 nipype.workflow INFO:
	 [Node] Finished "copy_xform", elapsed time 80.628568s.
250403-03:25:47,901 nipype.workflow INFO:
	 [Node] Finished "copy_xform", elapsed time 80.46523s.
250403-03:25:49,958 nipype.workflow INFO:
	 [Node] Setting-up "fmriprep_24_0_wf.sub_33_wf.bold_task_bird_run_1_wf.bold_fit_wf.enhance_and_skullstrip_bold_wf.init_aff" in "/work_dir/fmriprep_24_0_wf/sub_33_wf/bold_task_bird_run_1_wf/bold_fit_wf/enhance_and_skullstrip_bold_wf/init_aff".
250403-03:25:49,961 nipype.workflow INFO:
	 [Node] Executing "init_aff" <nipype.interfaces.ants.utils.AI>
250403-03:26:03,595 nipype.workflow INFO:
	 [Node] Finished "copy_xform", elapsed time 87.903587s.
250403-03:26:05,578 nipype.workflow INFO:
	 [Node] Finished "copy_xform", elapsed time 89.568777s.
250403-03:26:29,941 nipype.workflow INFO:
	 [Node] Finished "_inu_n40", elapsed time 98.98399s.
250403-03:26:32,457 nipype.workflow INFO:
	 [Node] Setting-up "fmriprep_24_0_wf.sub_33_wf.bold_task_bird_run_3_wf.bold_fit_wf.enhance_and_skullstrip_bold_wf.init_aff" in "/work_dir/fmriprep_24_0_wf/sub_33_wf/bold_task_bird_run_3_wf/bold_fit_wf/enhance_and_skullstrip_bold_wf/init_aff".
250403-03:26:32,460 nipype.workflow INFO:
	 [Node] Executing "init_aff" <nipype.interfaces.ants.utils.AI>
250403-03:26:32,477 nipype.workflow INFO:
	 [Node] Setting-up "fmriprep_24_0_wf.sub_33_wf.anat_fit_wf.brain_extraction_wf.res_target" in "/work_dir/fmriprep_24_0_wf/sub_33_wf/anat_fit_wf/brain_extraction_wf/res_target".
250403-03:26:32,542 nipype.workflow INFO:
	 [Node] Setting-up "fmriprep_24_0_wf.sub_33_wf.anat_fit_wf.brain_extraction_wf.lap_target" in "/work_dir/fmriprep_24_0_wf/sub_33_wf/anat_fit_wf/brain_extraction_wf/lap_target".
250403-03:26:32,548 nipype.workflow INFO:
	 [Node] Executing "res_target" <niworkflows.interfaces.nibabel.RegridToZooms>
250403-03:26:32,561 nipype.workflow INFO:
	 [Node] Executing "lap_target" <nipype.interfaces.ants.utils.ImageMath>
250403-03:26:37,187 nipype.workflow INFO:
	 [Node] Finished "res_target", elapsed time 4.626107s.
250403-03:27:07,95 nipype.workflow INFO:
	 [Node] Finished "init_aff", elapsed time 119.797275s.
250403-03:27:08,61 nipype.workflow INFO:
	 [Node] Setting-up "fmriprep_24_0_wf.sub_33_wf.bold_task_bird_run_4_wf.bold_fit_wf.enhance_and_skullstrip_bold_wf.init_aff" in "/work_dir/fmriprep_24_0_wf/sub_33_wf/bold_task_bird_run_4_wf/bold_fit_wf/enhance_and_skullstrip_bold_wf/init_aff".
250403-03:27:08,88 nipype.workflow INFO:
	 [Node] Executing "init_aff" <nipype.interfaces.ants.utils.AI>
250403-03:27:08,536 nipype.workflow INFO:
	 [Node] Finished "lap_target", elapsed time 34.566809s.
250403-03:27:10,195 nipype.workflow INFO:
	 [Node] Setting-up "fmriprep_24_0_wf.sub_33_wf.anat_fit_wf.brain_extraction_wf.mrg_target" in "/work_dir/fmriprep_24_0_wf/sub_33_wf/anat_fit_wf/brain_extraction_wf/mrg_target".
250403-03:27:10,198 nipype.workflow INFO:
	 [Node] Executing "mrg_target" <nipype.interfaces.utility.base.Merge>
250403-03:27:10,199 nipype.workflow INFO:
	 [Node] Finished "mrg_target", elapsed time 0.000209s.
250403-03:27:54,946 nipype.workflow INFO:
	 [Node] Finished "init_aff", elapsed time 124.036155s.
250403-03:27:56,161 nipype.workflow INFO:
	 [Node] Setting-up "fmriprep_24_0_wf.sub_33_wf.bold_task_bird_run_5_wf.bold_fit_wf.enhance_and_skullstrip_bold_wf.init_aff" in "/work_dir/fmriprep_24_0_wf/sub_33_wf/bold_task_bird_run_5_wf/bold_fit_wf/enhance_and_skullstrip_bold_wf/init_aff".
250403-03:27:56,164 nipype.workflow INFO:
	 [Node] Executing "init_aff" <nipype.interfaces.ants.utils.AI>
250403-03:28:41,493 nipype.workflow INFO:
	 [Node] Finished "init_aff", elapsed time 129.031718s.
250403-03:28:42,191 nipype.workflow INFO:
	 [Node] Setting-up "fmriprep_24_0_wf.sub_33_wf.bold_task_bird_run_6_wf.bold_fit_wf.enhance_and_skullstrip_bold_wf.init_aff" in "/work_dir/fmriprep_24_0_wf/sub_33_wf/bold_task_bird_run_6_wf/bold_fit_wf/enhance_and_skullstrip_bold_wf/init_aff".
250403-03:28:42,204 nipype.workflow INFO:
	 [Node] Executing "init_aff" <nipype.interfaces.ants.utils.AI>
250403-03:29:16,324 nipype.workflow INFO:
	 [Node] Finished "init_aff", elapsed time 127.603718s.
250403-03:29:18,107 nipype.workflow INFO:
	 [Node] Setting-up "fmriprep_24_0_wf.sub_33_wf.bold_task_bird_run_1_wf.bold_fit_wf.enhance_and_skullstrip_bold_wf.norm" in "/work_dir/fmriprep_24_0_wf/sub_33_wf/bold_task_bird_run_1_wf/bold_fit_wf/enhance_and_skullstrip_bold_wf/norm".
250403-03:29:18,137 nipype.workflow INFO:
	 [Node] Executing "norm" <niworkflows.interfaces.fixes.FixHeaderRegistration>
250403-03:29:23,181 nipype.workflow INFO:
	 [Node] Finished "norm", elapsed time 4.274186s.
250403-03:29:24,102 nipype.workflow INFO:
	 [Node] Setting-up "fmriprep_24_0_wf.sub_33_wf.bold_task_bird_run_1_wf.bold_fit_wf.enhance_and_skullstrip_bold_wf.map_brainmask" in "/work_dir/fmriprep_24_0_wf/sub_33_wf/bold_task_bird_run_1_wf/bold_fit_wf/enhance_and_skullstrip_bold_wf/map_brainmask".
250403-03:29:24,125 nipype.workflow INFO:
	 [Node] Executing "map_brainmask" <niworkflows.interfaces.fixes.FixHeaderApplyTransforms>
250403-03:29:24,158 nipype.workflow INFO:
	 [Node] Setting-up "fmriprep_24_0_wf.sub_33_wf.bold_task_bird_run_2_wf.bold_fit_wf.enhance_and_skullstrip_bold_wf.norm" in "/work_dir/fmriprep_24_0_wf/sub_33_wf/bold_task_bird_run_2_wf/bold_fit_wf/enhance_and_skullstrip_bold_wf/norm".
250403-03:29:24,171 nipype.workflow INFO:
	 [Node] Executing "norm" <niworkflows.interfaces.fixes.FixHeaderRegistration>
250403-03:29:26,573 nipype.workflow INFO:
	 [Node] Finished "map_brainmask", elapsed time 1.782512s.
250403-03:29:28,313 nipype.workflow INFO:
	 [Node] Finished "norm", elapsed time 3.3297280000000002s.
250403-03:29:30,75 nipype.workflow INFO:
	 [Node] Setting-up "fmriprep_24_0_wf.sub_33_wf.bold_task_bird_run_2_wf.bold_fit_wf.enhance_and_skullstrip_bold_wf.map_brainmask" in "/work_dir/fmriprep_24_0_wf/sub_33_wf/bold_task_bird_run_2_wf/bold_fit_wf/enhance_and_skullstrip_bold_wf/map_brainmask".
250403-03:29:30,90 nipype.workflow INFO:
	 [Node] Setting-up "fmriprep_24_0_wf.sub_33_wf.bold_task_bird_run_1_wf.bold_fit_wf.enhance_and_skullstrip_bold_wf.n4_correct" in "/work_dir/fmriprep_24_0_wf/sub_33_wf/bold_task_bird_run_1_wf/bold_fit_wf/enhance_and_skullstrip_bold_wf/n4_correct".
250403-03:29:30,92 nipype.workflow INFO:
	 [Node] Setting-up "fmriprep_24_0_wf.sub_33_wf.bold_task_bird_run_3_wf.bold_fit_wf.enhance_and_skullstrip_bold_wf.norm" in "/work_dir/fmriprep_24_0_wf/sub_33_wf/bold_task_bird_run_3_wf/bold_fit_wf/enhance_and_skullstrip_bold_wf/norm".
250403-03:29:30,98 nipype.workflow INFO:
	 [Node] Executing "norm" <niworkflows.interfaces.fixes.FixHeaderRegistration>
250403-03:29:30,102 nipype.workflow INFO:
	 [Node] Executing "map_brainmask" <niworkflows.interfaces.fixes.FixHeaderApplyTransforms>
250403-03:29:30,104 nipype.workflow INFO:
	 [Node] Executing "n4_correct" <niworkflows.interfaces.fixes.FixN4BiasFieldCorrection>
250403-03:29:31,598 nipype.workflow INFO:
	 [Node] Finished "map_brainmask", elapsed time 1.120899s.
250403-03:29:33,112 nipype.workflow INFO:
	 [Node] Finished "norm", elapsed time 2.237702s.
250403-03:29:34,315 nipype.workflow INFO:
	 [Node] Setting-up "fmriprep_24_0_wf.sub_33_wf.bold_task_bird_run_3_wf.bold_fit_wf.enhance_and_skullstrip_bold_wf.map_brainmask" in "/work_dir/fmriprep_24_0_wf/sub_33_wf/bold_task_bird_run_3_wf/bold_fit_wf/enhance_and_skullstrip_bold_wf/map_brainmask".
250403-03:29:34,322 nipype.workflow INFO:
	 [Node] Executing "map_brainmask" <niworkflows.interfaces.fixes.FixHeaderApplyTransforms>
250403-03:29:34,355 nipype.workflow INFO:
	 [Node] Setting-up "fmriprep_24_0_wf.sub_33_wf.bold_task_bird_run_4_wf.bold_fit_wf.enhance_and_skullstrip_bold_wf.norm" in "/work_dir/fmriprep_24_0_wf/sub_33_wf/bold_task_bird_run_4_wf/bold_fit_wf/enhance_and_skullstrip_bold_wf/norm".
250403-03:29:34,371 nipype.workflow INFO:
	 [Node] Executing "norm" <niworkflows.interfaces.fixes.FixHeaderRegistration>
250403-03:29:36,545 nipype.workflow INFO:
	 [Node] Finished "map_brainmask", elapsed time 1.650236s.
250403-03:29:37,649 nipype.workflow INFO:
	 [Node] Finished "norm", elapsed time 2.742887s.
250403-03:29:39,2 nipype.workflow INFO:
	 [Node] Setting-up "fmriprep_24_0_wf.sub_33_wf.bold_task_bird_run_2_wf.bold_fit_wf.enhance_and_skullstrip_bold_wf.n4_correct" in "/work_dir/fmriprep_24_0_wf/sub_33_wf/bold_task_bird_run_2_wf/bold_fit_wf/enhance_and_skullstrip_bold_wf/n4_correct".
250403-03:29:39,21 nipype.workflow INFO:
	 [Node] Executing "n4_correct" <niworkflows.interfaces.fixes.FixN4BiasFieldCorrection>
250403-03:29:40,85 nipype.workflow INFO:
	 [Node] Setting-up "fmriprep_24_0_wf.sub_33_wf.bold_task_bird_run_3_wf.bold_fit_wf.enhance_and_skullstrip_bold_wf.n4_correct" in "/work_dir/fmriprep_24_0_wf/sub_33_wf/bold_task_bird_run_3_wf/bold_fit_wf/enhance_and_skullstrip_bold_wf/n4_correct".
250403-03:29:40,88 nipype.workflow INFO:
	 [Node] Executing "n4_correct" <niworkflows.interfaces.fixes.FixN4BiasFieldCorrection>
250403-03:29:40,130 nipype.workflow INFO:
	 [Node] Setting-up "fmriprep_24_0_wf.sub_33_wf.bold_task_bird_run_4_wf.bold_fit_wf.enhance_and_skullstrip_bold_wf.map_brainmask" in "/work_dir/fmriprep_24_0_wf/sub_33_wf/bold_task_bird_run_4_wf/bold_fit_wf/enhance_and_skullstrip_bold_wf/map_brainmask".
250403-03:29:40,133 nipype.workflow INFO:
	 [Node] Executing "map_brainmask" <niworkflows.interfaces.fixes.FixHeaderApplyTransforms>
250403-03:29:42,811 nipype.workflow INFO:
	 [Node] Finished "map_brainmask", elapsed time 1.662113s.
250403-03:29:43,836 nipype.workflow INFO:
	 [Node] Finished "n4_correct", elapsed time 12.86363s.
250403-03:29:46,345 nipype.workflow INFO:
	 [Node] Setting-up "fmriprep_24_0_wf.sub_33_wf.bold_task_bird_run_1_wf.bold_fit_wf.enhance_and_skullstrip_bold_wf.skullstrip_first_pass" in "/work_dir/fmriprep_24_0_wf/sub_33_wf/bold_task_bird_run_1_wf/bold_fit_wf/enhance_and_skullstrip_bold_wf/skullstrip_first_pass".
250403-03:29:46,348 nipype.workflow INFO:
	 [Node] Executing "skullstrip_first_pass" <nipype.interfaces.fsl.preprocess.BET>
250403-03:29:46,398 nipype.workflow INFO:
	 [Node] Setting-up "fmriprep_24_0_wf.sub_33_wf.bold_task_bird_run_4_wf.bold_fit_wf.enhance_and_skullstrip_bold_wf.n4_correct" in "/work_dir/fmriprep_24_0_wf/sub_33_wf/bold_task_bird_run_4_wf/bold_fit_wf/enhance_and_skullstrip_bold_wf/n4_correct".
250403-03:29:46,427 nipype.workflow INFO:
	 [Node] Executing "n4_correct" <niworkflows.interfaces.fixes.FixN4BiasFieldCorrection>
250403-03:29:46,522 nipype.interface WARNING:
	 Changing /output/sub-33/func/sub-33_task-bird_run-1_desc-coreg_boldref.nii.gz dtype from uint16 to float32
250403-03:29:48,338 nipype.workflow INFO:
	 [Node] Setting-up "fmriprep_24_0_wf.sub_33_wf.bold_task_bird_run_1_wf.bold_fit_wf.ds_boldreg_wf.sources" in "/work_dir/fmriprep_24_0_wf/sub_33_wf/bold_task_bird_run_1_wf/bold_fit_wf/ds_boldreg_wf/sources".
250403-03:29:48,343 nipype.workflow INFO:
	 [Node] Executing "sources" <fmriprep.interfaces.bids.BIDSURI>
250403-03:29:48,344 nipype.workflow INFO:
	 [Node] Finished "sources", elapsed time 0.000233s.
250403-03:29:48,616 nipype.workflow INFO:
	 [Node] Finished "n4_correct", elapsed time 8.677391s.
250403-03:29:49,644 nipype.workflow INFO:
	 [Node] Finished "n4_correct", elapsed time 8.682975s.
250403-03:29:50,316 nipype.workflow INFO:
	 [Node] Setting-up "fmriprep_24_0_wf.sub_33_wf.bold_task_bird_run_2_wf.bold_fit_wf.enhance_and_skullstrip_bold_wf.skullstrip_first_pass" in "/work_dir/fmriprep_24_0_wf/sub_33_wf/bold_task_bird_run_2_wf/bold_fit_wf/enhance_and_skullstrip_bold_wf/skullstrip_first_pass".
250403-03:29:50,319 nipype.workflow INFO:
	 [Node] Executing "skullstrip_first_pass" <nipype.interfaces.fsl.preprocess.BET>
250403-03:29:50,487 nipype.interface WARNING:
	 Changing /output/sub-33/func/sub-33_task-bird_run-2_desc-coreg_boldref.nii.gz dtype from uint16 to float32
250403-03:29:50,714 nipype.workflow INFO:
	 [Node] Finished "skullstrip_first_pass", elapsed time 4.365389s.
250403-03:29:52,206 nipype.workflow INFO:
	 [Node] Setting-up "fmriprep_24_0_wf.sub_33_wf.bold_task_bird_run_3_wf.bold_fit_wf.enhance_and_skullstrip_bold_wf.skullstrip_first_pass" in "/work_dir/fmriprep_24_0_wf/sub_33_wf/bold_task_bird_run_3_wf/bold_fit_wf/enhance_and_skullstrip_bold_wf/skullstrip_first_pass".
250403-03:29:52,208 nipype.workflow INFO:
	 [Node] Executing "skullstrip_first_pass" <nipype.interfaces.fsl.preprocess.BET>
250403-03:29:52,366 nipype.interface WARNING:
	 Changing /output/sub-33/func/sub-33_task-bird_run-3_desc-coreg_boldref.nii.gz dtype from uint16 to float32
250403-03:29:53,669 nipype.workflow INFO:
	 [Node] Setting-up "fmriprep_24_0_wf.sub_33_wf.bold_task_bird_run_1_wf.bold_fit_wf.enhance_and_skullstrip_bold_wf.first_dilate" in "/work_dir/fmriprep_24_0_wf/sub_33_wf/bold_task_bird_run_1_wf/bold_fit_wf/enhance_and_skullstrip_bold_wf/first_dilate".
250403-03:29:53,681 nipype.workflow INFO:
	 [Node] Setting-up "fmriprep_24_0_wf.sub_33_wf.bold_task_bird_run_2_wf.bold_fit_wf.ds_boldreg_wf.sources" in "/work_dir/fmriprep_24_0_wf/sub_33_wf/bold_task_bird_run_2_wf/bold_fit_wf/ds_boldreg_wf/sources".
250403-03:29:53,683 nipype.workflow INFO:
	 [Node] Executing "sources" <fmriprep.interfaces.bids.BIDSURI>
250403-03:29:53,684 nipype.workflow INFO:
	 [Node] Finished "sources", elapsed time 0.000222s.
250403-03:29:53,953 nipype.workflow INFO:
	 [Node] Executing "first_dilate" <niworkflows.interfaces.nibabel.BinaryDilation>
250403-03:29:54,484 nipype.workflow INFO:
	 [Node] Setting-up "fmriprep_24_0_wf.sub_33_wf.bold_task_bird_run_3_wf.bold_fit_wf.ds_boldreg_wf.sources" in "/work_dir/fmriprep_24_0_wf/sub_33_wf/bold_task_bird_run_3_wf/bold_fit_wf/ds_boldreg_wf/sources".
250403-03:29:54,487 nipype.workflow INFO:
	 [Node] Executing "sources" <fmriprep.interfaces.bids.BIDSURI>
250403-03:29:54,488 nipype.workflow INFO:
	 [Node] Finished "sources", elapsed time 0.000245s.
250403-03:29:55,725 nipype.workflow INFO:
	 [Node] Finished "skullstrip_first_pass", elapsed time 5.405803s.
250403-03:29:56,404 nipype.workflow INFO:
	 [Node] Finished "first_dilate", elapsed time 2.449506s.
250403-03:29:57,126 nipype.workflow INFO:
	 [Node] Finished "skullstrip_first_pass", elapsed time 4.916891s.
250403-03:29:57,607 nipype.workflow INFO:
	 [Node] Finished "init_aff", elapsed time 121.441796s.
250403-03:29:57,989 nipype.workflow INFO:
	 [Node] Setting-up "fmriprep_24_0_wf.sub_33_wf.bold_task_bird_run_5_wf.bold_fit_wf.enhance_and_skullstrip_bold_wf.norm" in "/work_dir/fmriprep_24_0_wf/sub_33_wf/bold_task_bird_run_5_wf/bold_fit_wf/enhance_and_skullstrip_bold_wf/norm".
250403-03:29:57,994 nipype.workflow INFO:
	 [Node] Executing "norm" <niworkflows.interfaces.fixes.FixHeaderRegistration>
250403-03:29:57,999 nipype.workflow INFO:
	 [Node] Setting-up "fmriprep_24_0_wf.sub_33_wf.anat_fit_wf.brain_extraction_wf.init_aff" in "/work_dir/fmriprep_24_0_wf/sub_33_wf/anat_fit_wf/brain_extraction_wf/init_aff".
250403-03:29:58,4 nipype.workflow INFO:
	 [Node] Setting-up "fmriprep_24_0_wf.sub_33_wf.bold_task_bird_run_2_wf.bold_fit_wf.enhance_and_skullstrip_bold_wf.first_dilate" in "/work_dir/fmriprep_24_0_wf/sub_33_wf/bold_task_bird_run_2_wf/bold_fit_wf/enhance_and_skullstrip_bold_wf/first_dilate".
250403-03:29:58,6 nipype.workflow INFO:
	 [Node] Executing "first_dilate" <niworkflows.interfaces.nibabel.BinaryDilation>
250403-03:29:58,7 nipype.workflow INFO:
	 [Node] Executing "init_aff" <nipype.interfaces.ants.utils.AI>
250403-03:29:58,962 nipype.workflow INFO:
	 [Node] Finished "first_dilate", elapsed time 0.955056s.
250403-03:30:00,503 nipype.workflow INFO:
	 [Node] Setting-up "fmriprep_24_0_wf.sub_33_wf.bold_task_bird_run_3_wf.bold_fit_wf.enhance_and_skullstrip_bold_wf.first_dilate" in "/work_dir/fmriprep_24_0_wf/sub_33_wf/bold_task_bird_run_3_wf/bold_fit_wf/enhance_and_skullstrip_bold_wf/first_dilate".
250403-03:30:00,505 nipype.workflow INFO:
	 [Node] Executing "first_dilate" <niworkflows.interfaces.nibabel.BinaryDilation>
250403-03:30:01,128 nipype.workflow INFO:
	 [Node] Finished "norm", elapsed time 2.426255s.
250403-03:30:02,219 nipype.workflow INFO:
	 [Node] Finished "first_dilate", elapsed time 1.713734s.
250403-03:30:02,284 nipype.workflow INFO:
	 [Node] Setting-up "fmriprep_24_0_wf.sub_33_wf.bold_task_bird_run_5_wf.bold_fit_wf.enhance_and_skullstrip_bold_wf.map_brainmask" in "/work_dir/fmriprep_24_0_wf/sub_33_wf/bold_task_bird_run_5_wf/bold_fit_wf/enhance_and_skullstrip_bold_wf/map_brainmask".
250403-03:30:02,286 nipype.workflow INFO:
	 [Node] Setting-up "fmriprep_24_0_wf.sub_33_wf.bold_task_bird_run_1_wf.bold_fit_wf.enhance_and_skullstrip_bold_wf.first_mask" in "/work_dir/fmriprep_24_0_wf/sub_33_wf/bold_task_bird_run_1_wf/bold_fit_wf/enhance_and_skullstrip_bold_wf/first_mask".
250403-03:30:02,288 nipype.workflow INFO:
	 [Node] Executing "map_brainmask" <niworkflows.interfaces.fixes.FixHeaderApplyTransforms>
250403-03:30:02,296 nipype.workflow INFO:
	 [Node] Setting-up "fmriprep_24_0_wf.sub_33_wf.bold_task_bird_run_2_wf.bold_fit_wf.enhance_and_skullstrip_bold_wf.first_mask" in "/work_dir/fmriprep_24_0_wf/sub_33_wf/bold_task_bird_run_2_wf/bold_fit_wf/enhance_and_skullstrip_bold_wf/first_mask".
250403-03:30:02,317 nipype.workflow INFO:
	 [Node] Finished "n4_correct", elapsed time 14.836969s.
250403-03:30:02,603 nipype.workflow INFO:
	 [Node] Executing "first_mask" <niworkflows.interfaces.nibabel.ApplyMask>
250403-03:30:02,637 nipype.workflow INFO:
	 [Node] Executing "first_mask" <niworkflows.interfaces.nibabel.ApplyMask>
250403-03:30:02,954 nipype.workflow INFO:
	 [Node] Finished "first_mask", elapsed time 0.350558s.
250403-03:30:02,968 nipype.workflow INFO:
	 [Node] Finished "first_mask", elapsed time 0.329797s.
250403-03:30:03,629 nipype.workflow INFO:
	 [Node] Finished "map_brainmask", elapsed time 1.340498s.
250403-03:30:04,603 nipype.interface WARNING:
	 Changing /output/sub-33/func/sub-33_task-bird_run-4_desc-coreg_boldref.nii.gz dtype from uint16 to float32
250403-03:30:04,629 nipype.workflow INFO:
	 [Node] Setting-up "fmriprep_24_0_wf.sub_33_wf.bold_task_bird_run_4_wf.bold_fit_wf.enhance_and_skullstrip_bold_wf.skullstrip_first_pass" in "/work_dir/fmriprep_24_0_wf/sub_33_wf/bold_task_bird_run_4_wf/bold_fit_wf/enhance_and_skullstrip_bold_wf/skullstrip_first_pass".
250403-03:30:04,633 nipype.workflow INFO:
	 [Node] Executing "skullstrip_first_pass" <nipype.interfaces.fsl.preprocess.BET>
250403-03:30:05,300 nipype.workflow INFO:
	 [Node] Setting-up "fmriprep_24_0_wf.sub_33_wf.bold_task_bird_run_3_wf.bold_fit_wf.enhance_and_skullstrip_bold_wf.first_mask" in "/work_dir/fmriprep_24_0_wf/sub_33_wf/bold_task_bird_run_3_wf/bold_fit_wf/enhance_and_skullstrip_bold_wf/first_mask".
250403-03:30:05,302 nipype.workflow INFO:
	 [Node] Executing "first_mask" <niworkflows.interfaces.nibabel.ApplyMask>
250403-03:30:05,309 nipype.workflow INFO:
	 [Node] Setting-up "fmriprep_24_0_wf.sub_33_wf.bold_task_bird_run_1_wf.bold_fit_wf.enhance_and_skullstrip_bold_wf.unifize" in "/work_dir/fmriprep_24_0_wf/sub_33_wf/bold_task_bird_run_1_wf/bold_fit_wf/enhance_and_skullstrip_bold_wf/unifize".
250403-03:30:05,320 nipype.workflow INFO:
	 [Node] Executing "unifize" <nipype.interfaces.afni.utils.Unifize>
250403-03:30:05,388 nipype.workflow INFO:
	 [Node] Setting-up "fmriprep_24_0_wf.sub_33_wf.bold_task_bird_run_2_wf.bold_fit_wf.enhance_and_skullstrip_bold_wf.unifize" in "/work_dir/fmriprep_24_0_wf/sub_33_wf/bold_task_bird_run_2_wf/bold_fit_wf/enhance_and_skullstrip_bold_wf/unifize".
250403-03:30:05,404 nipype.workflow INFO:
	 [Node] Executing "unifize" <nipype.interfaces.afni.utils.Unifize>
250403-03:30:05,491 nipype.workflow INFO:
	 [Node] Finished "first_mask", elapsed time 0.187942s.
250403-03:30:06,409 nipype.workflow INFO:
	 [Node] Setting-up "fmriprep_24_0_wf.sub_33_wf.bold_task_bird_run_4_wf.bold_fit_wf.ds_boldreg_wf.sources" in "/work_dir/fmriprep_24_0_wf/sub_33_wf/bold_task_bird_run_4_wf/bold_fit_wf/ds_boldreg_wf/sources".
250403-03:30:06,410 nipype.workflow INFO:
	 [Node] Setting-up "fmriprep_24_0_wf.sub_33_wf.bold_task_bird_run_5_wf.bold_fit_wf.enhance_and_skullstrip_bold_wf.n4_correct" in "/work_dir/fmriprep_24_0_wf/sub_33_wf/bold_task_bird_run_5_wf/bold_fit_wf/enhance_and_skullstrip_bold_wf/n4_correct".
250403-03:30:06,411 nipype.workflow INFO:
	 [Node] Executing "sources" <fmriprep.interfaces.bids.BIDSURI>
250403-03:30:06,412 nipype.workflow INFO:
	 [Node] Finished "sources", elapsed time 0.000223s.
250403-03:30:06,412 nipype.workflow INFO:
	 [Node] Executing "n4_correct" <niworkflows.interfaces.fixes.FixN4BiasFieldCorrection>
250403-03:30:06,413 nipype.workflow INFO:
	 [Node] Setting-up "fmriprep_24_0_wf.sub_33_wf.bold_task_bird_run_3_wf.bold_fit_wf.enhance_and_skullstrip_bold_wf.unifize" in "/work_dir/fmriprep_24_0_wf/sub_33_wf/bold_task_bird_run_3_wf/bold_fit_wf/enhance_and_skullstrip_bold_wf/unifize".
250403-03:30:06,429 nipype.workflow INFO:
	 [Node] Executing "unifize" <nipype.interfaces.afni.utils.Unifize>
250403-03:30:08,844 nipype.workflow INFO:
	 [Node] Finished "skullstrip_first_pass", elapsed time 4.210462s.
250403-03:30:10,373 nipype.workflow INFO:
	 [Node] Setting-up "fmriprep_24_0_wf.sub_33_wf.bold_task_bird_run_4_wf.bold_fit_wf.enhance_and_skullstrip_bold_wf.first_dilate" in "/work_dir/fmriprep_24_0_wf/sub_33_wf/bold_task_bird_run_4_wf/bold_fit_wf/enhance_and_skullstrip_bold_wf/first_dilate".
250403-03:30:10,532 nipype.workflow INFO:
	 [Node] Executing "first_dilate" <niworkflows.interfaces.nibabel.BinaryDilation>
250403-03:30:12,768 nipype.workflow INFO:
	 [Node] Finished "first_dilate", elapsed time 2.235095s.
250403-03:30:14,540 nipype.workflow INFO:
	 [Node] Setting-up "fmriprep_24_0_wf.sub_33_wf.bold_task_bird_run_4_wf.bold_fit_wf.enhance_and_skullstrip_bold_wf.first_mask" in "/work_dir/fmriprep_24_0_wf/sub_33_wf/bold_task_bird_run_4_wf/bold_fit_wf/enhance_and_skullstrip_bold_wf/first_mask".
250403-03:30:14,809 nipype.workflow INFO:
	 [Node] Executing "first_mask" <niworkflows.interfaces.nibabel.ApplyMask>
250403-03:30:15,116 nipype.workflow INFO:
	 [Node] Finished "first_mask", elapsed time 0.305767s.
250403-03:30:16,563 nipype.workflow INFO:
	 [Node] Setting-up "fmriprep_24_0_wf.sub_33_wf.bold_task_bird_run_4_wf.bold_fit_wf.enhance_and_skullstrip_bold_wf.unifize" in "/work_dir/fmriprep_24_0_wf/sub_33_wf/bold_task_bird_run_4_wf/bold_fit_wf/enhance_and_skullstrip_bold_wf/unifize".
250403-03:30:16,612 nipype.workflow INFO:
	 [Node] Executing "unifize" <nipype.interfaces.afni.utils.Unifize>
250403-03:30:22,179 nipype.workflow INFO:
	 [Node] Finished "n4_correct", elapsed time 15.766267s.
250403-03:30:24,424 nipype.workflow INFO:
	 [Node] Setting-up "fmriprep_24_0_wf.sub_33_wf.bold_task_bird_run_5_wf.bold_fit_wf.enhance_and_skullstrip_bold_wf.skullstrip_first_pass" in "/work_dir/fmriprep_24_0_wf/sub_33_wf/bold_task_bird_run_5_wf/bold_fit_wf/enhance_and_skullstrip_bold_wf/skullstrip_first_pass".
250403-03:30:24,428 nipype.interface WARNING:
	 Changing /output/sub-33/func/sub-33_task-bird_run-5_desc-coreg_boldref.nii.gz dtype from uint16 to float32
250403-03:30:24,432 nipype.workflow INFO:
	 [Node] Executing "skullstrip_first_pass" <nipype.interfaces.fsl.preprocess.BET>
250403-03:30:30,418 nipype.workflow INFO:
	 [Node] Finished "skullstrip_first_pass", elapsed time 5.984458s.
250403-03:30:31,418 nipype.workflow INFO:
	 [Node] Setting-up "fmriprep_24_0_wf.sub_33_wf.bold_task_bird_run_5_wf.bold_fit_wf.ds_boldreg_wf.sources" in "/work_dir/fmriprep_24_0_wf/sub_33_wf/bold_task_bird_run_5_wf/bold_fit_wf/ds_boldreg_wf/sources".
250403-03:30:31,430 nipype.workflow INFO:
	 [Node] Executing "sources" <fmriprep.interfaces.bids.BIDSURI>
250403-03:30:31,431 nipype.workflow INFO:
	 [Node] Finished "sources", elapsed time 0.000215s.
250403-03:30:32,451 nipype.workflow INFO:
	 [Node] Setting-up "fmriprep_24_0_wf.sub_33_wf.bold_task_bird_run_5_wf.bold_fit_wf.enhance_and_skullstrip_bold_wf.first_dilate" in "/work_dir/fmriprep_24_0_wf/sub_33_wf/bold_task_bird_run_5_wf/bold_fit_wf/enhance_and_skullstrip_bold_wf/first_dilate".
250403-03:30:32,602 nipype.workflow INFO:
	 [Node] Executing "first_dilate" <niworkflows.interfaces.nibabel.BinaryDilation>
250403-03:30:34,573 nipype.workflow INFO:
	 [Node] Finished "first_dilate", elapsed time 1.9695200000000002s.
250403-03:30:36,280 nipype.workflow INFO:
	 [Node] Finished "init_aff", elapsed time 113.412783s.
250403-03:30:36,359 nipype.workflow INFO:
	 [Node] Setting-up "fmriprep_24_0_wf.sub_33_wf.bold_task_bird_run_5_wf.bold_fit_wf.enhance_and_skullstrip_bold_wf.first_mask" in "/work_dir/fmriprep_24_0_wf/sub_33_wf/bold_task_bird_run_5_wf/bold_fit_wf/enhance_and_skullstrip_bold_wf/first_mask".
250403-03:30:36,491 nipype.workflow INFO:
	 [Node] Executing "first_mask" <niworkflows.interfaces.nibabel.ApplyMask>
250403-03:30:36,648 nipype.workflow INFO:
	 [Node] Finished "first_mask", elapsed time 0.155871s.
250403-03:30:38,58 nipype.workflow INFO:
	 [Node] Setting-up "fmriprep_24_0_wf.sub_33_wf.bold_task_bird_run_6_wf.bold_fit_wf.enhance_and_skullstrip_bold_wf.norm" in "/work_dir/fmriprep_24_0_wf/sub_33_wf/bold_task_bird_run_6_wf/bold_fit_wf/enhance_and_skullstrip_bold_wf/norm".
250403-03:30:38,81 nipype.workflow INFO:
	 [Node] Executing "norm" <niworkflows.interfaces.fixes.FixHeaderRegistration>
250403-03:30:38,163 nipype.workflow INFO:
	 [Node] Setting-up "fmriprep_24_0_wf.sub_33_wf.bold_task_bird_run_5_wf.bold_fit_wf.enhance_and_skullstrip_bold_wf.unifize" in "/work_dir/fmriprep_24_0_wf/sub_33_wf/bold_task_bird_run_5_wf/bold_fit_wf/enhance_and_skullstrip_bold_wf/unifize".
250403-03:30:38,194 nipype.workflow INFO:
	 [Node] Executing "unifize" <nipype.interfaces.afni.utils.Unifize>
250403-03:30:40,927 nipype.workflow INFO:
	 [Node] Finished "norm", elapsed time 2.181889s.
250403-03:30:42,131 nipype.workflow INFO:
	 [Node] Setting-up "fmriprep_24_0_wf.sub_33_wf.bold_task_bird_run_6_wf.bold_fit_wf.enhance_and_skullstrip_bold_wf.map_brainmask" in "/work_dir/fmriprep_24_0_wf/sub_33_wf/bold_task_bird_run_6_wf/bold_fit_wf/enhance_and_skullstrip_bold_wf/map_brainmask".
250403-03:30:42,145 nipype.workflow INFO:
	 [Node] Executing "map_brainmask" <niworkflows.interfaces.fixes.FixHeaderApplyTransforms>
250403-03:30:43,231 nipype.workflow INFO:
	 [Node] Finished "map_brainmask", elapsed time 1.085148s.
250403-03:30:46,229 nipype.workflow INFO:
	 [Node] Setting-up "fmriprep_24_0_wf.sub_33_wf.bold_task_bird_run_6_wf.bold_fit_wf.enhance_and_skullstrip_bold_wf.n4_correct" in "/work_dir/fmriprep_24_0_wf/sub_33_wf/bold_task_bird_run_6_wf/bold_fit_wf/enhance_and_skullstrip_bold_wf/n4_correct".
250403-03:30:46,232 nipype.workflow INFO:
	 [Node] Executing "n4_correct" <niworkflows.interfaces.fixes.FixN4BiasFieldCorrection>
250403-03:30:53,154 nipype.workflow INFO:
	 [Node] Finished "n4_correct", elapsed time 6.294263s.
250403-03:30:54,151 nipype.workflow INFO:
	 [Node] Finished "init_aff", elapsed time 55.553044s.
250403-03:30:54,258 nipype.workflow INFO:
	 [Node] Setting-up "fmriprep_24_0_wf.sub_33_wf.bold_task_bird_run_6_wf.bold_fit_wf.enhance_and_skullstrip_bold_wf.skullstrip_first_pass" in "/work_dir/fmriprep_24_0_wf/sub_33_wf/bold_task_bird_run_6_wf/bold_fit_wf/enhance_and_skullstrip_bold_wf/skullstrip_first_pass".
250403-03:30:54,261 nipype.workflow INFO:
	 [Node] Executing "skullstrip_first_pass" <nipype.interfaces.fsl.preprocess.BET>
250403-03:30:54,404 nipype.interface WARNING:
	 Changing /output/sub-33/func/sub-33_task-bird_run-6_desc-coreg_boldref.nii.gz dtype from uint16 to float32
250403-03:30:56,46 nipype.workflow INFO:
	 [Node] Setting-up "fmriprep_24_0_wf.sub_33_wf.bold_task_bird_run_6_wf.bold_fit_wf.ds_boldreg_wf.sources" in "/work_dir/fmriprep_24_0_wf/sub_33_wf/bold_task_bird_run_6_wf/bold_fit_wf/ds_boldreg_wf/sources".
250403-03:30:56,49 nipype.workflow INFO:
	 [Node] Executing "sources" <fmriprep.interfaces.bids.BIDSURI>
250403-03:30:56,49 nipype.workflow INFO:
	 [Node] Finished "sources", elapsed time 0.000214s.
250403-03:30:56,62 nipype.workflow INFO:
	 [Node] Setting-up "fmriprep_24_0_wf.sub_33_wf.anat_fit_wf.brain_extraction_wf.norm" in "/work_dir/fmriprep_24_0_wf/sub_33_wf/anat_fit_wf/brain_extraction_wf/norm".
250403-03:30:56,104 nipype.workflow INFO:
	 [Node] Executing "norm" <niworkflows.interfaces.fixes.FixHeaderRegistration>
250403-03:30:57,177 nipype.workflow INFO:
	 [Node] Finished "skullstrip_first_pass", elapsed time 2.915025s.
250403-03:30:58,64 nipype.workflow INFO:
	 [Node] Setting-up "fmriprep_24_0_wf.sub_33_wf.bold_task_bird_run_6_wf.bold_fit_wf.enhance_and_skullstrip_bold_wf.first_dilate" in "/work_dir/fmriprep_24_0_wf/sub_33_wf/bold_task_bird_run_6_wf/bold_fit_wf/enhance_and_skullstrip_bold_wf/first_dilate".
250403-03:30:58,66 nipype.workflow INFO:
	 [Node] Executing "first_dilate" <niworkflows.interfaces.nibabel.BinaryDilation>
250403-03:30:59,99 nipype.workflow INFO:
	 [Node] Finished "first_dilate", elapsed time 1.03273s.
250403-03:31:00,67 nipype.workflow INFO:
	 [Node] Setting-up "fmriprep_24_0_wf.sub_33_wf.bold_task_bird_run_6_wf.bold_fit_wf.enhance_and_skullstrip_bold_wf.first_mask" in "/work_dir/fmriprep_24_0_wf/sub_33_wf/bold_task_bird_run_6_wf/bold_fit_wf/enhance_and_skullstrip_bold_wf/first_mask".
250403-03:31:00,69 nipype.workflow INFO:
	 [Node] Executing "first_mask" <niworkflows.interfaces.nibabel.ApplyMask>
250403-03:31:00,263 nipype.workflow INFO:
	 [Node] Finished "first_mask", elapsed time 0.193575s.
250403-03:31:02,115 nipype.workflow INFO:
	 [Node] Setting-up "fmriprep_24_0_wf.sub_33_wf.bold_task_bird_run_6_wf.bold_fit_wf.enhance_and_skullstrip_bold_wf.unifize" in "/work_dir/fmriprep_24_0_wf/sub_33_wf/bold_task_bird_run_6_wf/bold_fit_wf/enhance_and_skullstrip_bold_wf/unifize".
250403-03:31:02,132 nipype.workflow INFO:
	 [Node] Executing "unifize" <nipype.interfaces.afni.utils.Unifize>
250403-03:33:13,413 nipype.workflow INFO:
	 [Node] Finished "mcflirt", elapsed time 487.659825s.
250403-03:33:14,259 nipype.workflow INFO:
	 [Node] Setting-up "fmriprep_24_0_wf.sub_33_wf.bold_task_bird_run_1_wf.bold_fit_wf.bold_hmc_wf.normalize_motion" in "/work_dir/fmriprep_24_0_wf/sub_33_wf/bold_task_bird_run_1_wf/bold_fit_wf/bold_hmc_wf/normalize_motion".
250403-03:33:14,293 nipype.workflow INFO:
	 [Node] Executing "normalize_motion" <niworkflows.interfaces.confounds.NormalizeMotionParams>
250403-03:33:14,297 nipype.workflow INFO:
	 [Node] Finished "normalize_motion", elapsed time 0.003164s.
250403-03:33:14,336 nipype.workflow INFO:
	 [Node] Setting-up "fmriprep_24_0_wf.sub_33_wf.bold_task_bird_run_1_wf.bold_fit_wf.bold_hmc_wf.fsl2itk" in "/work_dir/fmriprep_24_0_wf/sub_33_wf/bold_task_bird_run_1_wf/bold_fit_wf/bold_hmc_wf/fsl2itk".
250403-03:33:14,440 nipype.workflow INFO:
	 [Node] Executing "fsl2itk" <niworkflows.interfaces.itk.MCFLIRT2ITK>
250403-03:33:14,441 nipype.interface WARNING:
	 Multithreading is deprecated. Remove the num_threads input.
250403-03:33:15,39 nipype.workflow INFO:
	 [Node] Finished "fsl2itk", elapsed time 0.597898s.
250403-03:33:15,194 nipype.workflow INFO:
	 [Node] Finished "mcflirt", elapsed time 491.564063s.
250403-03:33:16,345 nipype.workflow INFO:
	 [Node] Setting-up "fmriprep_24_0_wf.sub_33_wf.bold_task_bird_run_2_wf.bold_fit_wf.bold_hmc_wf.fsl2itk" in "/work_dir/fmriprep_24_0_wf/sub_33_wf/bold_task_bird_run_2_wf/bold_fit_wf/bold_hmc_wf/fsl2itk".
250403-03:33:16,449 nipype.workflow INFO:
	 [Node] Executing "fsl2itk" <niworkflows.interfaces.itk.MCFLIRT2ITK>
250403-03:33:16,449 nipype.interface WARNING:
	 Multithreading is deprecated. Remove the num_threads input.
250403-03:33:17,50 nipype.workflow INFO:
	 [Node] Finished "fsl2itk", elapsed time 0.600651s.
250403-03:33:17,90 nipype.workflow INFO:
	 [Node] Setting-up "fmriprep_24_0_wf.sub_33_wf.bold_task_bird_run_2_wf.bold_fit_wf.bold_hmc_wf.normalize_motion" in "/work_dir/fmriprep_24_0_wf/sub_33_wf/bold_task_bird_run_2_wf/bold_fit_wf/bold_hmc_wf/normalize_motion".
250403-03:33:17,251 nipype.workflow INFO:
	 [Node] Executing "normalize_motion" <niworkflows.interfaces.confounds.NormalizeMotionParams>
250403-03:33:17,255 nipype.workflow INFO:
	 [Node] Finished "normalize_motion", elapsed time 0.003184s.
250403-03:33:17,294 nipype.workflow INFO:
	 [Node] Setting-up "fmriprep_24_0_wf.sub_33_wf.bold_task_bird_run_1_wf.bold_confounds_wf.fdisp" in "/work_dir/fmriprep_24_0_wf/sub_33_wf/bold_task_bird_run_1_wf/bold_confounds_wf/fdisp".
250403-03:33:18,244 nipype.workflow INFO:
	 [Node] Executing "fdisp" <nipype.algorithms.confounds.FramewiseDisplacement>
250403-03:33:18,247 nipype.workflow INFO:
	 [Node] Finished "fdisp", elapsed time 0.00252s.
250403-03:33:18,493 nipype.workflow INFO:
	 [Node] Setting-up "fmriprep_24_0_wf.sub_33_wf.bold_task_bird_run_2_wf.bold_confounds_wf.fdisp" in "/work_dir/fmriprep_24_0_wf/sub_33_wf/bold_task_bird_run_2_wf/bold_confounds_wf/fdisp".
250403-03:33:19,319 nipype.workflow INFO:
	 [Node] Executing "fdisp" <nipype.algorithms.confounds.FramewiseDisplacement>
250403-03:33:19,322 nipype.workflow INFO:
	 [Node] Finished "fdisp", elapsed time 0.002488s.
250403-03:33:21,369 nipype.workflow INFO:
	 [Node] Finished "mcflirt", elapsed time 492.884676s.
250403-03:33:22,70 nipype.workflow INFO:
	 [Node] Setting-up "fmriprep_24_0_wf.sub_33_wf.bold_task_bird_run_4_wf.bold_fit_wf.bold_hmc_wf.normalize_motion" in "/work_dir/fmriprep_24_0_wf/sub_33_wf/bold_task_bird_run_4_wf/bold_fit_wf/bold_hmc_wf/normalize_motion".
250403-03:33:22,90 nipype.workflow INFO:
	 [Node] Executing "normalize_motion" <niworkflows.interfaces.confounds.NormalizeMotionParams>
250403-03:33:22,94 nipype.workflow INFO:
	 [Node] Finished "normalize_motion", elapsed time 0.003185s.
250403-03:33:23,186 nipype.workflow INFO:
	 [Node] Setting-up "fmriprep_24_0_wf.sub_33_wf.bold_task_bird_run_1_wf.bold_native_wf.boldref_bold" in "/work_dir/fmriprep_24_0_wf/sub_33_wf/bold_task_bird_run_1_wf/bold_native_wf/boldref_bold".
250403-03:33:23,203 nipype.workflow INFO:
	 [Node] Executing "boldref_bold" <fmriprep.interfaces.resampling.ResampleSeries>
250403-03:33:23,385 nipype.workflow INFO:
	 [Node] Finished "mcflirt", elapsed time 496.615079s.
250403-03:33:24,508 nipype.workflow INFO:
	 [Node] Setting-up "fmriprep_24_0_wf.sub_33_wf.bold_task_bird_run_4_wf.bold_fit_wf.bold_hmc_wf.fsl2itk" in "/work_dir/fmriprep_24_0_wf/sub_33_wf/bold_task_bird_run_4_wf/bold_fit_wf/bold_hmc_wf/fsl2itk".
250403-03:33:24,702 nipype.workflow INFO:
	 [Node] Executing "fsl2itk" <niworkflows.interfaces.itk.MCFLIRT2ITK>
250403-03:33:24,703 nipype.interface WARNING:
	 Multithreading is deprecated. Remove the num_threads input.
250403-03:33:25,49 nipype.workflow INFO:
	 [Node] Finished "mcflirt", elapsed time 493.512419s.
250403-03:33:25,111 nipype.workflow INFO:
	 [Node] Finished "fsl2itk", elapsed time 0.408822s.
250403-03:33:26,404 nipype.workflow INFO:
	 [Node] Setting-up "fmriprep_24_0_wf.sub_33_wf.bold_task_bird_run_3_wf.bold_fit_wf.bold_hmc_wf.fsl2itk" in "/work_dir/fmriprep_24_0_wf/sub_33_wf/bold_task_bird_run_3_wf/bold_fit_wf/bold_hmc_wf/fsl2itk".
250403-03:33:26,479 nipype.workflow INFO:
	 [Node] Executing "fsl2itk" <niworkflows.interfaces.itk.MCFLIRT2ITK>
250403-03:33:26,480 nipype.interface WARNING:
	 Multithreading is deprecated. Remove the num_threads input.
250403-03:33:26,864 nipype.workflow INFO:
	 [Node] Setting-up "fmriprep_24_0_wf.sub_33_wf.bold_task_bird_run_3_wf.bold_fit_wf.bold_hmc_wf.normalize_motion" in "/work_dir/fmriprep_24_0_wf/sub_33_wf/bold_task_bird_run_3_wf/bold_fit_wf/bold_hmc_wf/normalize_motion".
250403-03:33:26,883 nipype.workflow INFO:
	 [Node] Finished "fsl2itk", elapsed time 0.403615s.
250403-03:33:26,888 nipype.workflow INFO:
	 [Node] Executing "normalize_motion" <niworkflows.interfaces.confounds.NormalizeMotionParams>
250403-03:33:26,892 nipype.workflow INFO:
	 [Node] Finished "normalize_motion", elapsed time 0.003174s.
250403-03:33:27,560 nipype.workflow INFO:
	 [Node] Finished "mcflirt", elapsed time 497.777571s.
250403-03:33:28,485 nipype.workflow INFO:
	 [Node] Setting-up "fmriprep_24_0_wf.sub_33_wf.bold_task_bird_run_5_wf.bold_fit_wf.bold_hmc_wf.fsl2itk" in "/work_dir/fmriprep_24_0_wf/sub_33_wf/bold_task_bird_run_5_wf/bold_fit_wf/bold_hmc_wf/fsl2itk".
250403-03:33:28,541 nipype.workflow INFO:
	 [Node] Executing "fsl2itk" <niworkflows.interfaces.itk.MCFLIRT2ITK>
250403-03:33:28,541 nipype.interface WARNING:
	 Multithreading is deprecated. Remove the num_threads input.
250403-03:33:28,796 nipype.workflow INFO:
	 [Node] Setting-up "fmriprep_24_0_wf.sub_33_wf.bold_task_bird_run_5_wf.bold_fit_wf.bold_hmc_wf.normalize_motion" in "/work_dir/fmriprep_24_0_wf/sub_33_wf/bold_task_bird_run_5_wf/bold_fit_wf/bold_hmc_wf/normalize_motion".
250403-03:33:28,954 nipype.workflow INFO:
	 [Node] Executing "normalize_motion" <niworkflows.interfaces.confounds.NormalizeMotionParams>
250403-03:33:28,958 nipype.workflow INFO:
	 [Node] Finished "normalize_motion", elapsed time 0.00312s.
250403-03:33:28,997 nipype.workflow INFO:
	 [Node] Finished "fsl2itk", elapsed time 0.456143s.
250403-03:33:28,999 nipype.workflow INFO:
	 [Node] Setting-up "fmriprep_24_0_wf.sub_33_wf.bold_task_bird_run_6_wf.bold_fit_wf.bold_hmc_wf.normalize_motion" in "/work_dir/fmriprep_24_0_wf/sub_33_wf/bold_task_bird_run_6_wf/bold_fit_wf/bold_hmc_wf/normalize_motion".
250403-03:33:29,40 nipype.workflow INFO:
	 [Node] Executing "normalize_motion" <niworkflows.interfaces.confounds.NormalizeMotionParams>
250403-03:33:29,44 nipype.workflow INFO:
	 [Node] Finished "normalize_motion", elapsed time 0.003428s.
250403-03:33:31,44 nipype.workflow INFO:
	 [Node] Setting-up "fmriprep_24_0_wf.sub_33_wf.bold_task_bird_run_6_wf.bold_fit_wf.bold_hmc_wf.fsl2itk" in "/work_dir/fmriprep_24_0_wf/sub_33_wf/bold_task_bird_run_6_wf/bold_fit_wf/bold_hmc_wf/fsl2itk".
250403-03:33:31,149 nipype.workflow INFO:
	 [Node] Setting-up "fmriprep_24_0_wf.sub_33_wf.bold_task_bird_run_3_wf.bold_confounds_wf.fdisp" in "/work_dir/fmriprep_24_0_wf/sub_33_wf/bold_task_bird_run_3_wf/bold_confounds_wf/fdisp".
250403-03:33:31,246 nipype.workflow INFO:
	 [Node] Executing "fsl2itk" <niworkflows.interfaces.itk.MCFLIRT2ITK>
250403-03:33:31,246 nipype.interface WARNING:
	 Multithreading is deprecated. Remove the num_threads input.
250403-03:33:31,880 nipype.workflow INFO:
	 [Node] Finished "fsl2itk", elapsed time 0.633566s.
250403-03:33:32,55 nipype.workflow INFO:
	 [Node] Executing "fdisp" <nipype.algorithms.confounds.FramewiseDisplacement>
250403-03:33:32,58 nipype.workflow INFO:
	 [Node] Finished "fdisp", elapsed time 0.00253s.
250403-03:33:32,73 nipype.workflow INFO:
	 [Node] Setting-up "fmriprep_24_0_wf.sub_33_wf.bold_task_bird_run_4_wf.bold_confounds_wf.fdisp" in "/work_dir/fmriprep_24_0_wf/sub_33_wf/bold_task_bird_run_4_wf/bold_confounds_wf/fdisp".
250403-03:33:32,801 nipype.workflow INFO:
	 [Node] Executing "fdisp" <nipype.algorithms.confounds.FramewiseDisplacement>
250403-03:33:32,805 nipype.workflow INFO:
	 [Node] Finished "fdisp", elapsed time 0.002477s.
250403-03:33:33,507 nipype.workflow INFO:
	 [Node] Setting-up "fmriprep_24_0_wf.sub_33_wf.bold_task_bird_run_5_wf.bold_confounds_wf.fdisp" in "/work_dir/fmriprep_24_0_wf/sub_33_wf/bold_task_bird_run_5_wf/bold_confounds_wf/fdisp".
250403-03:33:34,679 nipype.workflow INFO:
	 [Node] Executing "fdisp" <nipype.algorithms.confounds.FramewiseDisplacement>
250403-03:33:34,682 nipype.workflow INFO:
	 [Node] Finished "fdisp", elapsed time 0.002456s.
250403-03:33:34,776 nipype.workflow INFO:
	 [Node] Setting-up "fmriprep_24_0_wf.sub_33_wf.bold_task_bird_run_6_wf.bold_confounds_wf.fdisp" in "/work_dir/fmriprep_24_0_wf/sub_33_wf/bold_task_bird_run_6_wf/bold_confounds_wf/fdisp".
250403-03:33:34,816 nipype.workflow INFO:
	 [Node] Executing "fdisp" <nipype.algorithms.confounds.FramewiseDisplacement>
250403-03:33:34,819 nipype.workflow INFO:
	 [Node] Finished "fdisp", elapsed time 0.002459s.
250403-03:33:40,711 nipype.workflow INFO:
	 [Node] Setting-up "fmriprep_24_0_wf.sub_33_wf.bold_task_bird_run_2_wf.bold_native_wf.boldref_bold" in "/work_dir/fmriprep_24_0_wf/sub_33_wf/bold_task_bird_run_2_wf/bold_native_wf/boldref_bold".
250403-03:33:40,758 nipype.workflow INFO:
	 [Node] Executing "boldref_bold" <fmriprep.interfaces.resampling.ResampleSeries>
250403-03:35:10,513 nipype.workflow INFO:
	 [Node] Finished "boldref_bold", elapsed time 107.309589s.
250403-03:35:11,881 nipype.workflow INFO:
	 [Node] Setting-up "fmriprep_24_0_wf.sub_33_wf.bold_task_bird_run_1_wf.ds_bold_native_wf.ds_bold" in "/work_dir/fmriprep_24_0_wf/sub_33_wf/bold_task_bird_run_1_wf/ds_bold_native_wf/ds_bold".
250403-03:35:12,49 nipype.workflow INFO:
	 [Node] Setting-up "fmriprep_24_0_wf.sub_33_wf.bold_task_bird_run_3_wf.bold_native_wf.boldref_bold" in "/work_dir/fmriprep_24_0_wf/sub_33_wf/bold_task_bird_run_3_wf/bold_native_wf/boldref_bold".
250403-03:35:12,54 nipype.workflow INFO:
	 [Node] Executing "ds_bold" <fmriprep.interfaces.DerivativesDataSink>
250403-03:35:12,71 nipype.workflow INFO:
	 [Node] Executing "boldref_bold" <fmriprep.interfaces.resampling.ResampleSeries>
250403-03:35:32,775 nipype.workflow INFO:
	 [Node] Finished "boldref_bold", elapsed time 112.015489s.
250403-03:35:33,998 nipype.workflow INFO:
	 [Node] Setting-up "fmriprep_24_0_wf.sub_33_wf.bold_task_bird_run_2_wf.ds_bold_native_wf.ds_bold" in "/work_dir/fmriprep_24_0_wf/sub_33_wf/bold_task_bird_run_2_wf/ds_bold_native_wf/ds_bold".
250403-03:35:34,197 nipype.workflow INFO:
	 [Node] Setting-up "fmriprep_24_0_wf.sub_33_wf.bold_task_bird_run_4_wf.bold_native_wf.boldref_bold" in "/work_dir/fmriprep_24_0_wf/sub_33_wf/bold_task_bird_run_4_wf/bold_native_wf/boldref_bold".
250403-03:35:34,225 nipype.workflow INFO:
	 [Node] Executing "boldref_bold" <fmriprep.interfaces.resampling.ResampleSeries>
250403-03:35:34,241 nipype.workflow INFO:
	 [Node] Executing "ds_bold" <fmriprep.interfaces.DerivativesDataSink>
250403-03:37:00,21 nipype.workflow INFO:
	 [Node] Finished "ds_bold", elapsed time 107.965095s.
250403-03:37:09,864 nipype.workflow INFO:
	 [Node] Finished "boldref_bold", elapsed time 117.792308s.
250403-03:37:12,5 nipype.workflow INFO:
	 [Node] Setting-up "fmriprep_24_0_wf.sub_33_wf.bold_task_bird_run_3_wf.ds_bold_native_wf.ds_bold" in "/work_dir/fmriprep_24_0_wf/sub_33_wf/bold_task_bird_run_3_wf/ds_bold_native_wf/ds_bold".
250403-03:37:12,168 nipype.workflow INFO:
	 [Node] Executing "ds_bold" <fmriprep.interfaces.DerivativesDataSink>
250403-03:37:12,291 nipype.workflow INFO:
	 [Node] Setting-up "fmriprep_24_0_wf.sub_33_wf.bold_task_bird_run_5_wf.bold_native_wf.boldref_bold" in "/work_dir/fmriprep_24_0_wf/sub_33_wf/bold_task_bird_run_5_wf/bold_native_wf/boldref_bold".
250403-03:37:12,315 nipype.workflow INFO:
	 [Node] Executing "boldref_bold" <fmriprep.interfaces.resampling.ResampleSeries>
250403-03:37:17,919 nipype.workflow INFO:
	 [Node] Finished "ds_bold", elapsed time 103.676752s.
250403-03:37:30,949 nipype.workflow INFO:
	 [Node] Finished "boldref_bold", elapsed time 116.722649s.
250403-03:37:32,178 nipype.workflow INFO:
	 [Node] Setting-up "fmriprep_24_0_wf.sub_33_wf.bold_task_bird_run_4_wf.ds_bold_native_wf.ds_bold" in "/work_dir/fmriprep_24_0_wf/sub_33_wf/bold_task_bird_run_4_wf/ds_bold_native_wf/ds_bold".
250403-03:37:32,400 nipype.workflow INFO:
	 [Node] Executing "ds_bold" <fmriprep.interfaces.DerivativesDataSink>
250403-03:37:38,173 nipype.workflow INFO:
	 [Node] Setting-up "fmriprep_24_0_wf.sub_33_wf.bold_task_bird_run_6_wf.bold_native_wf.boldref_bold" in "/work_dir/fmriprep_24_0_wf/sub_33_wf/bold_task_bird_run_6_wf/bold_native_wf/boldref_bold".
250403-03:37:38,194 nipype.workflow INFO:
	 [Node] Executing "boldref_bold" <fmriprep.interfaces.resampling.ResampleSeries>
250403-03:38:58,141 nipype.workflow INFO:
	 [Node] Finished "ds_bold", elapsed time 105.972306s.
250403-03:39:08,444 nipype.workflow INFO:
	 [Node] Finished "boldref_bold", elapsed time 116.127542s.
250403-03:39:09,787 nipype.workflow INFO:
	 [Node] Setting-up "fmriprep_24_0_wf.sub_33_wf.bold_task_bird_run_5_wf.ds_bold_native_wf.ds_bold" in "/work_dir/fmriprep_24_0_wf/sub_33_wf/bold_task_bird_run_5_wf/ds_bold_native_wf/ds_bold".
250403-03:39:09,840 nipype.workflow INFO:
	 [Node] Executing "ds_bold" <fmriprep.interfaces.DerivativesDataSink>
250403-03:39:16,600 nipype.workflow INFO:
	 [Node] Finished "ds_bold", elapsed time 104.198948s.
250403-03:39:26,439 nipype.workflow INFO:
	 [Node] Finished "boldref_bold", elapsed time 108.24383s.
250403-03:39:27,733 nipype.workflow INFO:
	 [Node] Setting-up "fmriprep_24_0_wf.sub_33_wf.bold_task_bird_run_6_wf.ds_bold_native_wf.ds_bold" in "/work_dir/fmriprep_24_0_wf/sub_33_wf/bold_task_bird_run_6_wf/ds_bold_native_wf/ds_bold".
250403-03:39:28,130 nipype.workflow INFO:
	 [Node] Executing "ds_bold" <fmriprep.interfaces.DerivativesDataSink>
250403-03:40:32,86 nipype.workflow INFO:
	 [Node] Finished "ds_bold", elapsed time 82.244775s.
250403-03:40:46,546 nipype.workflow INFO:
	 [Node] Finished "ds_bold", elapsed time 78.415295s.
250403-03:42:54,675 nipype.workflow INFO:
	 [Node] Finished "unifize", elapsed time 769.269474s.
250403-03:42:55,490 nipype.workflow INFO:
	 [Node] Finished "unifize", elapsed time 769.059676s.
250403-03:42:55,957 nipype.workflow INFO:
	 [Node] Setting-up "fmriprep_24_0_wf.sub_33_wf.bold_task_bird_run_2_wf.bold_fit_wf.enhance_and_skullstrip_bold_wf.fixhdr_unifize" in "/work_dir/fmriprep_24_0_wf/sub_33_wf/bold_task_bird_run_2_wf/bold_fit_wf/enhance_and_skullstrip_bold_wf/fixhdr_unifize".
250403-03:42:55,959 nipype.workflow INFO:
	 [Node] Executing "fixhdr_unifize" <niworkflows.interfaces.header.CopyXForm>
250403-03:42:56,141 nipype.workflow INFO:
	 [Node] Finished "fixhdr_unifize", elapsed time 0.181231s.
250403-03:42:57,835 nipype.workflow INFO:
	 [Node] Setting-up "fmriprep_24_0_wf.sub_33_wf.bold_task_bird_run_3_wf.bold_fit_wf.enhance_and_skullstrip_bold_wf.fixhdr_unifize" in "/work_dir/fmriprep_24_0_wf/sub_33_wf/bold_task_bird_run_3_wf/bold_fit_wf/enhance_and_skullstrip_bold_wf/fixhdr_unifize".
250403-03:42:57,912 nipype.workflow INFO:
	 [Node] Executing "fixhdr_unifize" <niworkflows.interfaces.header.CopyXForm>
250403-03:42:58,109 nipype.workflow INFO:
	 [Node] Finished "fixhdr_unifize", elapsed time 0.196006s.
250403-03:42:58,250 nipype.workflow INFO:
	 [Node] Setting-up "fmriprep_24_0_wf.sub_33_wf.bold_task_bird_run_2_wf.bold_fit_wf.enhance_and_skullstrip_bold_wf.skullstrip_second_pass" in "/work_dir/fmriprep_24_0_wf/sub_33_wf/bold_task_bird_run_2_wf/bold_fit_wf/enhance_and_skullstrip_bold_wf/skullstrip_second_pass".
250403-03:42:58,263 nipype.workflow INFO:
	 [Node] Executing "skullstrip_second_pass" <nipype.interfaces.afni.preprocess.Automask>
250403-03:42:58,818 nipype.workflow INFO:
	 [Node] Finished "unifize", elapsed time 773.496043s.
250403-03:42:59,241 nipype.workflow INFO:
	 [Node] Finished "skullstrip_second_pass", elapsed time 0.977326s.
250403-03:42:59,639 nipype.workflow INFO:
	 [Node] Setting-up "fmriprep_24_0_wf.sub_33_wf.bold_task_bird_run_2_wf.bold_fit_wf.enhance_and_skullstrip_bold_wf.fixhdr_skullstrip2" in "/work_dir/fmriprep_24_0_wf/sub_33_wf/bold_task_bird_run_2_wf/bold_fit_wf/enhance_and_skullstrip_bold_wf/fixhdr_skullstrip2".
250403-03:42:59,651 nipype.workflow INFO:
	 [Node] Setting-up "fmriprep_24_0_wf.sub_33_wf.bold_task_bird_run_1_wf.bold_fit_wf.enhance_and_skullstrip_bold_wf.fixhdr_unifize" in "/work_dir/fmriprep_24_0_wf/sub_33_wf/bold_task_bird_run_1_wf/bold_fit_wf/enhance_and_skullstrip_bold_wf/fixhdr_unifize".
250403-03:42:59,680 nipype.workflow INFO:
	 [Node] Setting-up "fmriprep_24_0_wf.sub_33_wf.bold_task_bird_run_3_wf.bold_fit_wf.enhance_and_skullstrip_bold_wf.skullstrip_second_pass" in "/work_dir/fmriprep_24_0_wf/sub_33_wf/bold_task_bird_run_3_wf/bold_fit_wf/enhance_and_skullstrip_bold_wf/skullstrip_second_pass".
250403-03:42:59,702 nipype.workflow INFO:
	 [Node] Executing "skullstrip_second_pass" <nipype.interfaces.afni.preprocess.Automask>
250403-03:42:59,741 nipype.workflow INFO:
	 [Node] Executing "fixhdr_unifize" <niworkflows.interfaces.header.CopyXForm>
250403-03:42:59,751 nipype.workflow INFO:
	 [Node] Executing "fixhdr_skullstrip2" <niworkflows.interfaces.header.CopyXForm>
250403-03:42:59,814 nipype.workflow INFO:
	 [Node] Finished "fixhdr_skullstrip2", elapsed time 0.061891s.
250403-03:42:59,840 nipype.workflow INFO:
	 [Node] Finished "fixhdr_unifize", elapsed time 0.098154s.
250403-03:43:00,634 nipype.workflow INFO:
	 [Node] Finished "unifize", elapsed time 764.021306s.
250403-03:43:00,784 nipype.workflow INFO:
	 [Node] Finished "skullstrip_second_pass", elapsed time 1.081152s.
250403-03:43:01,859 nipype.workflow INFO:
	 [Node] Setting-up "fmriprep_24_0_wf.sub_33_wf.bold_task_bird_run_4_wf.bold_fit_wf.enhance_and_skullstrip_bold_wf.fixhdr_unifize" in "/work_dir/fmriprep_24_0_wf/sub_33_wf/bold_task_bird_run_4_wf/bold_fit_wf/enhance_and_skullstrip_bold_wf/fixhdr_unifize".
250403-03:43:01,874 nipype.workflow INFO:
	 [Node] Setting-up "fmriprep_24_0_wf.sub_33_wf.bold_task_bird_run_3_wf.bold_fit_wf.enhance_and_skullstrip_bold_wf.fixhdr_skullstrip2" in "/work_dir/fmriprep_24_0_wf/sub_33_wf/bold_task_bird_run_3_wf/bold_fit_wf/enhance_and_skullstrip_bold_wf/fixhdr_skullstrip2".
250403-03:43:01,874 nipype.workflow INFO:
	 [Node] Setting-up "fmriprep_24_0_wf.sub_33_wf.bold_task_bird_run_2_wf.bold_fit_wf.enhance_and_skullstrip_bold_wf.combine_masks" in "/work_dir/fmriprep_24_0_wf/sub_33_wf/bold_task_bird_run_2_wf/bold_fit_wf/enhance_and_skullstrip_bold_wf/combine_masks".
250403-03:43:01,876 nipype.workflow INFO:
	 [Node] Executing "fixhdr_skullstrip2" <niworkflows.interfaces.header.CopyXForm>
250403-03:43:01,895 nipype.workflow INFO:
	 [Node] Executing "combine_masks" <nipype.interfaces.fsl.maths.BinaryMaths>
250403-03:43:01,937 nipype.workflow INFO:
	 [Node] Executing "fixhdr_unifize" <niworkflows.interfaces.header.CopyXForm>
250403-03:43:01,946 nipype.workflow INFO:
	 [Node] Setting-up "fmriprep_24_0_wf.sub_33_wf.bold_task_bird_run_1_wf.bold_fit_wf.enhance_and_skullstrip_bold_wf.skullstrip_second_pass" in "/work_dir/fmriprep_24_0_wf/sub_33_wf/bold_task_bird_run_1_wf/bold_fit_wf/enhance_and_skullstrip_bold_wf/skullstrip_second_pass".
250403-03:43:01,956 nipype.workflow INFO:
	 [Node] Finished "fixhdr_skullstrip2", elapsed time 0.079324s.
250403-03:43:01,958 nipype.workflow INFO:
	 [Node] Executing "skullstrip_second_pass" <nipype.interfaces.afni.preprocess.Automask>
250403-03:43:02,123 nipype.workflow INFO:
	 [Node] Finished "fixhdr_unifize", elapsed time 0.186021s.
250403-03:43:02,174 nipype.workflow INFO:
	 [Node] Finished "combine_masks", elapsed time 0.277736s.
250403-03:43:03,121 nipype.workflow INFO:
	 [Node] Finished "skullstrip_second_pass", elapsed time 1.162362s.
250403-03:43:03,804 nipype.workflow INFO:
	 [Node] Setting-up "fmriprep_24_0_wf.sub_33_wf.bold_task_bird_run_4_wf.bold_fit_wf.enhance_and_skullstrip_bold_wf.skullstrip_second_pass" in "/work_dir/fmriprep_24_0_wf/sub_33_wf/bold_task_bird_run_4_wf/bold_fit_wf/enhance_and_skullstrip_bold_wf/skullstrip_second_pass".
250403-03:43:03,806 nipype.workflow INFO:
	 [Node] Executing "skullstrip_second_pass" <nipype.interfaces.afni.preprocess.Automask>
250403-03:43:03,814 nipype.workflow INFO:
	 [Node] Setting-up "fmriprep_24_0_wf.sub_33_wf.bold_task_bird_run_1_wf.bold_fit_wf.enhance_and_skullstrip_bold_wf.fixhdr_skullstrip2" in "/work_dir/fmriprep_24_0_wf/sub_33_wf/bold_task_bird_run_1_wf/bold_fit_wf/enhance_and_skullstrip_bold_wf/fixhdr_skullstrip2".
250403-03:43:03,816 nipype.workflow INFO:
	 [Node] Setting-up "fmriprep_24_0_wf.sub_33_wf.bold_task_bird_run_3_wf.bold_fit_wf.enhance_and_skullstrip_bold_wf.combine_masks" in "/work_dir/fmriprep_24_0_wf/sub_33_wf/bold_task_bird_run_3_wf/bold_fit_wf/enhance_and_skullstrip_bold_wf/combine_masks".
250403-03:43:03,818 nipype.workflow INFO:
	 [Node] Setting-up "fmriprep_24_0_wf.sub_33_wf.bold_task_bird_run_2_wf.bold_fit_wf.enhance_and_skullstrip_bold_wf.apply_mask" in "/work_dir/fmriprep_24_0_wf/sub_33_wf/bold_task_bird_run_2_wf/bold_fit_wf/enhance_and_skullstrip_bold_wf/apply_mask".
250403-03:43:03,820 nipype.workflow INFO:
	 [Node] Executing "apply_mask" <niworkflows.interfaces.nibabel.ApplyMask>
250403-03:43:03,837 nipype.workflow INFO:
	 [Node] Executing "combine_masks" <nipype.interfaces.fsl.maths.BinaryMaths>
250403-03:43:03,885 nipype.interface WARNING:
	 Changing /output/sub-33/func/sub-33_task-bird_run-2_desc-brain_mask.nii.gz dtype from float32 to uint8
250403-03:43:03,896 nipype.workflow INFO:
	 [Node] Executing "fixhdr_skullstrip2" <niworkflows.interfaces.header.CopyXForm>
250403-03:43:03,978 nipype.workflow INFO:
	 [Node] Finished "fixhdr_skullstrip2", elapsed time 0.081313s.
250403-03:43:03,988 nipype.workflow INFO:
	 [Node] Finished "apply_mask", elapsed time 0.167239s.
250403-03:43:04,144 nipype.workflow INFO:
	 [Node] Finished "combine_masks", elapsed time 0.306886s.
250403-03:43:05,57 nipype.workflow INFO:
	 [Node] Finished "skullstrip_second_pass", elapsed time 1.249492s.
250403-03:43:05,688 nipype.workflow INFO:
	 [Node] Setting-up "fmriprep_24_0_wf.sub_33_wf.bold_task_bird_run_1_wf.bold_fit_wf.enhance_and_skullstrip_bold_wf.combine_masks" in "/work_dir/fmriprep_24_0_wf/sub_33_wf/bold_task_bird_run_1_wf/bold_fit_wf/enhance_and_skullstrip_bold_wf/combine_masks".
250403-03:43:05,689 nipype.workflow INFO:
	 [Node] Setting-up "fmriprep_24_0_wf.sub_33_wf.bold_task_bird_run_3_wf.bold_fit_wf.enhance_and_skullstrip_bold_wf.apply_mask" in "/work_dir/fmriprep_24_0_wf/sub_33_wf/bold_task_bird_run_3_wf/bold_fit_wf/enhance_and_skullstrip_bold_wf/apply_mask".
250403-03:43:05,691 nipype.workflow INFO:
	 [Node] Executing "apply_mask" <niworkflows.interfaces.nibabel.ApplyMask>
250403-03:43:05,695 nipype.workflow INFO:
	 [Node] Setting-up "fmriprep_24_0_wf.sub_33_wf.bold_task_bird_run_4_wf.bold_fit_wf.enhance_and_skullstrip_bold_wf.fixhdr_skullstrip2" in "/work_dir/fmriprep_24_0_wf/sub_33_wf/bold_task_bird_run_4_wf/bold_fit_wf/enhance_and_skullstrip_bold_wf/fixhdr_skullstrip2".
250403-03:43:05,709 nipype.workflow INFO:
	 [Node] Executing "combine_masks" <nipype.interfaces.fsl.maths.BinaryMaths>
250403-03:43:05,738 nipype.interface WARNING:
	 Changing /output/sub-33/func/sub-33_task-bird_run-3_desc-brain_mask.nii.gz dtype from float32 to uint8
250403-03:43:05,745 nipype.workflow INFO:
	 [Node] Executing "fixhdr_skullstrip2" <niworkflows.interfaces.header.CopyXForm>
250403-03:43:05,798 nipype.workflow INFO:
	 [Node] Finished "fixhdr_skullstrip2", elapsed time 0.052402s.
250403-03:43:05,802 nipype.workflow INFO:
	 [Node] Finished "apply_mask", elapsed time 0.109633s.
250403-03:43:06,68 nipype.workflow INFO:
	 [Node] Finished "combine_masks", elapsed time 0.358107s.
250403-03:43:06,160 nipype.workflow INFO:
	 [Node] Setting-up "fmriprep_24_0_wf.sub_33_wf.bold_task_bird_run_2_wf.bold_confounds_wf.dvars" in "/work_dir/fmriprep_24_0_wf/sub_33_wf/bold_task_bird_run_2_wf/bold_confounds_wf/dvars".
250403-03:43:06,162 nipype.workflow INFO:
	 [Node] Setting-up "fmriprep_24_0_wf.sub_33_wf.bold_task_bird_run_2_wf.bold_confounds_wf.tcompcor" in "/work_dir/fmriprep_24_0_wf/sub_33_wf/bold_task_bird_run_2_wf/bold_confounds_wf/tcompcor".
250403-03:43:06,810 nipype.workflow INFO:
	 [Node] Executing "tcompcor" <niworkflows.interfaces.patches.RobustTCompCor>
250403-03:43:07,825 nipype.workflow INFO:
	 [Node] Setting-up "fmriprep_24_0_wf.sub_33_wf.bold_task_bird_run_4_wf.bold_fit_wf.enhance_and_skullstrip_bold_wf.combine_masks" in "/work_dir/fmriprep_24_0_wf/sub_33_wf/bold_task_bird_run_4_wf/bold_fit_wf/enhance_and_skullstrip_bold_wf/combine_masks".
250403-03:43:07,826 nipype.workflow INFO:
	 [Node] Setting-up "fmriprep_24_0_wf.sub_33_wf.bold_task_bird_run_1_wf.bold_fit_wf.enhance_and_skullstrip_bold_wf.apply_mask" in "/work_dir/fmriprep_24_0_wf/sub_33_wf/bold_task_bird_run_1_wf/bold_fit_wf/enhance_and_skullstrip_bold_wf/apply_mask".
250403-03:43:07,844 nipype.workflow INFO:
	 [Node] Executing "combine_masks" <nipype.interfaces.fsl.maths.BinaryMaths>
250403-03:43:07,882 nipype.interface WARNING:
	 Changing /output/sub-33/func/sub-33_task-bird_run-1_desc-brain_mask.nii.gz dtype from float32 to uint8
250403-03:43:07,974 nipype.workflow INFO:
	 [Node] Executing "apply_mask" <niworkflows.interfaces.nibabel.ApplyMask>
250403-03:43:08,137 nipype.workflow INFO:
	 [Node] Finished "apply_mask", elapsed time 0.161866s.
250403-03:43:08,356 nipype.workflow INFO:
	 [Node] Finished "combine_masks", elapsed time 0.511305s.
250403-03:43:08,437 nipype.workflow INFO:
	 [Node] Setting-up "fmriprep_24_0_wf.sub_33_wf.bold_task_bird_run_3_wf.bold_confounds_wf.tcompcor" in "/work_dir/fmriprep_24_0_wf/sub_33_wf/bold_task_bird_run_3_wf/bold_confounds_wf/tcompcor".
250403-03:43:08,441 nipype.workflow INFO:
	 [Node] Executing "tcompcor" <niworkflows.interfaces.patches.RobustTCompCor>
250403-03:43:08,442 nipype.workflow INFO:
	 [Node] Setting-up "fmriprep_24_0_wf.sub_33_wf.bold_task_bird_run_3_wf.bold_confounds_wf.dvars" in "/work_dir/fmriprep_24_0_wf/sub_33_wf/bold_task_bird_run_3_wf/bold_confounds_wf/dvars".
250403-03:43:08,452 nipype.workflow INFO:
	 [Node] Executing "dvars" <nipype.algorithms.confounds.ComputeDVARS>
250403-03:43:09,831 nipype.workflow INFO:
	 [Node] Setting-up "fmriprep_24_0_wf.sub_33_wf.bold_task_bird_run_4_wf.bold_fit_wf.enhance_and_skullstrip_bold_wf.apply_mask" in "/work_dir/fmriprep_24_0_wf/sub_33_wf/bold_task_bird_run_4_wf/bold_fit_wf/enhance_and_skullstrip_bold_wf/apply_mask".
250403-03:43:09,833 nipype.workflow INFO:
	 [Node] Executing "apply_mask" <niworkflows.interfaces.nibabel.ApplyMask>
250403-03:43:09,895 nipype.interface WARNING:
	 Changing /output/sub-33/func/sub-33_task-bird_run-4_desc-brain_mask.nii.gz dtype from float32 to uint8
250403-03:43:10,41 nipype.workflow INFO:
	 [Node] Executing "dvars" <nipype.algorithms.confounds.ComputeDVARS>
250403-03:43:10,75 nipype.workflow INFO:
	 [Node] Finished "apply_mask", elapsed time 0.241145s.
250403-03:43:10,452 nipype.workflow INFO:
	 [Node] Setting-up "fmriprep_24_0_wf.sub_33_wf.bold_task_bird_run_1_wf.bold_confounds_wf.dvars" in "/work_dir/fmriprep_24_0_wf/sub_33_wf/bold_task_bird_run_1_wf/bold_confounds_wf/dvars".
250403-03:43:10,456 nipype.workflow INFO:
	 [Node] Executing "dvars" <nipype.algorithms.confounds.ComputeDVARS>
250403-03:43:10,461 nipype.workflow INFO:
	 [Node] Setting-up "fmriprep_24_0_wf.sub_33_wf.bold_task_bird_run_1_wf.bold_confounds_wf.tcompcor" in "/work_dir/fmriprep_24_0_wf/sub_33_wf/bold_task_bird_run_1_wf/bold_confounds_wf/tcompcor".
250403-03:43:10,465 nipype.workflow INFO:
	 [Node] Executing "tcompcor" <niworkflows.interfaces.patches.RobustTCompCor>
250403-03:43:10,708 nipype.workflow INFO:
	 [Node] Finished "unifize", elapsed time 752.513185s.
250403-03:43:12,20 nipype.workflow INFO:
	 [Node] Setting-up "fmriprep_24_0_wf.sub_33_wf.bold_task_bird_run_5_wf.bold_fit_wf.enhance_and_skullstrip_bold_wf.fixhdr_unifize" in "/work_dir/fmriprep_24_0_wf/sub_33_wf/bold_task_bird_run_5_wf/bold_fit_wf/enhance_and_skullstrip_bold_wf/fixhdr_unifize".
250403-03:43:12,23 nipype.workflow INFO:
	 [Node] Executing "fixhdr_unifize" <niworkflows.interfaces.header.CopyXForm>
250403-03:43:12,35 nipype.workflow INFO:
	 [Node] Setting-up "fmriprep_24_0_wf.sub_33_wf.bold_task_bird_run_4_wf.bold_confounds_wf.dvars" in "/work_dir/fmriprep_24_0_wf/sub_33_wf/bold_task_bird_run_4_wf/bold_confounds_wf/dvars".
250403-03:43:12,36 nipype.workflow INFO:
	 [Node] Setting-up "fmriprep_24_0_wf.sub_33_wf.bold_task_bird_run_4_wf.bold_confounds_wf.tcompcor" in "/work_dir/fmriprep_24_0_wf/sub_33_wf/bold_task_bird_run_4_wf/bold_confounds_wf/tcompcor".
250403-03:43:12,38 nipype.workflow INFO:
	 [Node] Executing "dvars" <nipype.algorithms.confounds.ComputeDVARS>
250403-03:43:12,39 nipype.workflow INFO:
	 [Node] Executing "tcompcor" <niworkflows.interfaces.patches.RobustTCompCor>
250403-03:43:12,284 nipype.workflow INFO:
	 [Node] Finished "fixhdr_unifize", elapsed time 0.260519s.
250403-03:43:13,949 nipype.workflow INFO:
	 [Node] Setting-up "fmriprep_24_0_wf.sub_33_wf.bold_task_bird_run_5_wf.bold_fit_wf.enhance_and_skullstrip_bold_wf.skullstrip_second_pass" in "/work_dir/fmriprep_24_0_wf/sub_33_wf/bold_task_bird_run_5_wf/bold_fit_wf/enhance_and_skullstrip_bold_wf/skullstrip_second_pass".
250403-03:43:13,951 nipype.workflow INFO:
	 [Node] Executing "skullstrip_second_pass" <nipype.interfaces.afni.preprocess.Automask>
250403-03:43:15,278 nipype.workflow INFO:
	 [Node] Finished "skullstrip_second_pass", elapsed time 1.307865s.
250403-03:43:15,847 nipype.workflow INFO:
	 [Node] Setting-up "fmriprep_24_0_wf.sub_33_wf.bold_task_bird_run_5_wf.bold_fit_wf.enhance_and_skullstrip_bold_wf.fixhdr_skullstrip2" in "/work_dir/fmriprep_24_0_wf/sub_33_wf/bold_task_bird_run_5_wf/bold_fit_wf/enhance_and_skullstrip_bold_wf/fixhdr_skullstrip2".
250403-03:43:15,850 nipype.workflow INFO:
	 [Node] Executing "fixhdr_skullstrip2" <niworkflows.interfaces.header.CopyXForm>
250403-03:43:15,956 nipype.workflow INFO:
	 [Node] Finished "fixhdr_skullstrip2", elapsed time 0.105905s.
250403-03:43:18,41 nipype.workflow INFO:
	 [Node] Setting-up "fmriprep_24_0_wf.sub_33_wf.bold_task_bird_run_5_wf.bold_fit_wf.enhance_and_skullstrip_bold_wf.combine_masks" in "/work_dir/fmriprep_24_0_wf/sub_33_wf/bold_task_bird_run_5_wf/bold_fit_wf/enhance_and_skullstrip_bold_wf/combine_masks".
250403-03:43:18,53 nipype.workflow INFO:
	 [Node] Executing "combine_masks" <nipype.interfaces.fsl.maths.BinaryMaths>
250403-03:43:18,712 nipype.workflow INFO:
	 [Node] Finished "combine_masks", elapsed time 0.658262s.
250403-03:43:20,22 nipype.workflow INFO:
	 [Node] Setting-up "fmriprep_24_0_wf.sub_33_wf.bold_task_bird_run_5_wf.bold_fit_wf.enhance_and_skullstrip_bold_wf.apply_mask" in "/work_dir/fmriprep_24_0_wf/sub_33_wf/bold_task_bird_run_5_wf/bold_fit_wf/enhance_and_skullstrip_bold_wf/apply_mask".
250403-03:43:20,119 nipype.interface WARNING:
	 Changing /output/sub-33/func/sub-33_task-bird_run-5_desc-brain_mask.nii.gz dtype from float32 to uint8
250403-03:43:20,236 nipype.workflow INFO:
	 [Node] Executing "apply_mask" <niworkflows.interfaces.nibabel.ApplyMask>
250403-03:43:20,510 nipype.workflow INFO:
	 [Node] Finished "apply_mask", elapsed time 0.273535s.
250403-03:43:22,40 nipype.workflow INFO:
	 [Node] Setting-up "fmriprep_24_0_wf.sub_33_wf.bold_task_bird_run_5_wf.bold_confounds_wf.dvars" in "/work_dir/fmriprep_24_0_wf/sub_33_wf/bold_task_bird_run_5_wf/bold_confounds_wf/dvars".
250403-03:43:22,53 nipype.workflow INFO:
	 [Node] Setting-up "fmriprep_24_0_wf.sub_33_wf.bold_task_bird_run_5_wf.bold_confounds_wf.tcompcor" in "/work_dir/fmriprep_24_0_wf/sub_33_wf/bold_task_bird_run_5_wf/bold_confounds_wf/tcompcor".
250403-03:43:22,109 nipype.workflow INFO:
	 [Node] Executing "tcompcor" <niworkflows.interfaces.patches.RobustTCompCor>
250403-03:43:22,646 nipype.workflow INFO:
	 [Node] Executing "dvars" <nipype.algorithms.confounds.ComputeDVARS>
250403-03:43:27,204 nipype.workflow INFO:
	 [Node] Finished "tcompcor", elapsed time 20.392683s.
250403-03:43:27,214 nipype.workflow INFO:
	 [Node] Finished "tcompcor", elapsed time 18.772219s.
250403-03:43:27,344 nipype.workflow INFO:
	 [Node] Finished "unifize", elapsed time 745.211444s.
250403-03:43:27,862 nipype.workflow INFO:
	 [Node] Setting-up "fmriprep_24_0_wf.sub_33_wf.bold_task_bird_run_6_wf.bold_fit_wf.enhance_and_skullstrip_bold_wf.fixhdr_unifize" in "/work_dir/fmriprep_24_0_wf/sub_33_wf/bold_task_bird_run_6_wf/bold_fit_wf/enhance_and_skullstrip_bold_wf/fixhdr_unifize".
250403-03:43:27,862 nipype.workflow INFO:
	 [Node] Setting-up "fmriprep_24_0_wf.sub_33_wf.bold_task_bird_run_2_wf.bold_confounds_wf.tcc_metadata_filter" in "/work_dir/fmriprep_24_0_wf/sub_33_wf/bold_task_bird_run_2_wf/bold_confounds_wf/tcc_metadata_filter".
250403-03:43:27,864 nipype.workflow INFO:
	 [Node] Executing "fixhdr_unifize" <niworkflows.interfaces.header.CopyXForm>
250403-03:43:27,865 nipype.workflow INFO:
	 [Node] Executing "tcc_metadata_filter" <fmriprep.interfaces.confounds.FilterDropped>
250403-03:43:27,881 nipype.workflow INFO:
	 [Node] Finished "tcc_metadata_filter", elapsed time 0.014847s.
250403-03:43:28,140 nipype.workflow INFO:
	 [Node] Finished "fixhdr_unifize", elapsed time 0.27521s.
250403-03:43:30,23 nipype.workflow INFO:
	 [Node] Setting-up "fmriprep_24_0_wf.sub_33_wf.bold_task_bird_run_6_wf.bold_fit_wf.enhance_and_skullstrip_bold_wf.skullstrip_second_pass" in "/work_dir/fmriprep_24_0_wf/sub_33_wf/bold_task_bird_run_6_wf/bold_fit_wf/enhance_and_skullstrip_bold_wf/skullstrip_second_pass".
250403-03:43:30,26 nipype.workflow INFO:
	 [Node] Executing "skullstrip_second_pass" <nipype.interfaces.afni.preprocess.Automask>
250403-03:43:30,39 nipype.workflow INFO:
	 [Node] Setting-up "fmriprep_24_0_wf.sub_33_wf.bold_task_bird_run_2_wf.bold_confounds_wf.tcc_metadata_fmt" in "/work_dir/fmriprep_24_0_wf/sub_33_wf/bold_task_bird_run_2_wf/bold_confounds_wf/tcc_metadata_fmt".
250403-03:43:30,137 nipype.workflow INFO:
	 [Node] Setting-up "fmriprep_24_0_wf.sub_33_wf.bold_task_bird_run_3_wf.bold_confounds_wf.tcc_metadata_filter" in "/work_dir/fmriprep_24_0_wf/sub_33_wf/bold_task_bird_run_3_wf/bold_confounds_wf/tcc_metadata_filter".
250403-03:43:30,156 nipype.workflow INFO:
	 [Node] Executing "tcc_metadata_filter" <fmriprep.interfaces.confounds.FilterDropped>
250403-03:43:30,169 nipype.workflow INFO:
	 [Node] Finished "tcc_metadata_filter", elapsed time 0.012495s.
250403-03:43:31,823 nipype.workflow INFO:
	 [Node] Finished "skullstrip_second_pass", elapsed time 1.797004s.
250403-03:43:32,27 nipype.workflow INFO:
	 [Node] Setting-up "fmriprep_24_0_wf.sub_33_wf.bold_task_bird_run_3_wf.bold_confounds_wf.tcc_metadata_fmt" in "/work_dir/fmriprep_24_0_wf/sub_33_wf/bold_task_bird_run_3_wf/bold_confounds_wf/tcc_metadata_fmt".
250403-03:43:33,165 nipype.workflow INFO:
	 [Node] Finished "tcompcor", elapsed time 22.699638s.
250403-03:43:33,849 nipype.workflow INFO:
	 [Node] Finished "tcompcor", elapsed time 21.809249s.
250403-03:43:34,22 nipype.workflow INFO:
	 [Node] Setting-up "fmriprep_24_0_wf.sub_33_wf.bold_task_bird_run_6_wf.bold_fit_wf.enhance_and_skullstrip_bold_wf.fixhdr_skullstrip2" in "/work_dir/fmriprep_24_0_wf/sub_33_wf/bold_task_bird_run_6_wf/bold_fit_wf/enhance_and_skullstrip_bold_wf/fixhdr_skullstrip2".
250403-03:43:34,23 nipype.workflow INFO:
	 [Node] Setting-up "fmriprep_24_0_wf.sub_33_wf.bold_task_bird_run_1_wf.bold_confounds_wf.tcc_metadata_filter" in "/work_dir/fmriprep_24_0_wf/sub_33_wf/bold_task_bird_run_1_wf/bold_confounds_wf/tcc_metadata_filter".
250403-03:43:34,25 nipype.workflow INFO:
	 [Node] Executing "fixhdr_skullstrip2" <niworkflows.interfaces.header.CopyXForm>
250403-03:43:34,26 nipype.workflow INFO:
	 [Node] Executing "tcc_metadata_filter" <fmriprep.interfaces.confounds.FilterDropped>
250403-03:43:34,31 nipype.workflow INFO:
	 [Node] Finished "tcc_metadata_filter", elapsed time 0.004583s.
250403-03:43:34,153 nipype.workflow INFO:
	 [Node] Finished "fixhdr_skullstrip2", elapsed time 0.127084s.
250403-03:43:35,450 nipype.workflow INFO:
	 [Node] Executing "tcc_metadata_fmt" <niworkflows.interfaces.utility.TSV2JSON>
250403-03:43:35,457 nipype.workflow INFO:
	 [Node] Finished "tcc_metadata_fmt", elapsed time 0.006512s.
250403-03:43:36,21 nipype.workflow INFO:
	 [Node] Setting-up "fmriprep_24_0_wf.sub_33_wf.bold_task_bird_run_6_wf.bold_fit_wf.enhance_and_skullstrip_bold_wf.combine_masks" in "/work_dir/fmriprep_24_0_wf/sub_33_wf/bold_task_bird_run_6_wf/bold_fit_wf/enhance_and_skullstrip_bold_wf/combine_masks".
250403-03:43:36,27 nipype.workflow INFO:
	 [Node] Executing "combine_masks" <nipype.interfaces.fsl.maths.BinaryMaths>
250403-03:43:36,27 nipype.workflow INFO:
	 [Node] Setting-up "fmriprep_24_0_wf.sub_33_wf.bold_task_bird_run_1_wf.bold_confounds_wf.tcc_metadata_fmt" in "/work_dir/fmriprep_24_0_wf/sub_33_wf/bold_task_bird_run_1_wf/bold_confounds_wf/tcc_metadata_fmt".
250403-03:43:36,403 nipype.workflow INFO:
	 [Node] Finished "combine_masks", elapsed time 0.375504s.
250403-03:43:37,155 nipype.workflow INFO:
	 [Node] Executing "tcc_metadata_fmt" <niworkflows.interfaces.utility.TSV2JSON>
250403-03:43:37,161 nipype.workflow INFO:
	 [Node] Finished "tcc_metadata_fmt", elapsed time 0.005039s.
250403-03:43:37,975 nipype.workflow INFO:
	 [Node] Setting-up "fmriprep_24_0_wf.sub_33_wf.bold_task_bird_run_6_wf.bold_fit_wf.enhance_and_skullstrip_bold_wf.apply_mask" in "/work_dir/fmriprep_24_0_wf/sub_33_wf/bold_task_bird_run_6_wf/bold_fit_wf/enhance_and_skullstrip_bold_wf/apply_mask".
250403-03:43:37,978 nipype.workflow INFO:
	 [Node] Executing "apply_mask" <niworkflows.interfaces.nibabel.ApplyMask>
250403-03:43:38,98 nipype.interface WARNING:
	 Changing /output/sub-33/func/sub-33_task-bird_run-6_desc-brain_mask.nii.gz dtype from float32 to uint8
250403-03:43:38,218 nipype.workflow INFO:
	 [Node] Executing "tcc_metadata_fmt" <niworkflows.interfaces.utility.TSV2JSON>
250403-03:43:38,239 nipype.workflow INFO:
	 [Node] Finished "tcc_metadata_fmt", elapsed time 0.020801s.
250403-03:43:38,240 nipype.workflow INFO:
	 [Node] Finished "apply_mask", elapsed time 0.262103s.
250403-03:43:38,315 nipype.workflow INFO:
	 [Node] Setting-up "fmriprep_24_0_wf.sub_33_wf.bold_task_bird_run_4_wf.bold_confounds_wf.tcc_metadata_filter" in "/work_dir/fmriprep_24_0_wf/sub_33_wf/bold_task_bird_run_4_wf/bold_confounds_wf/tcc_metadata_filter".
250403-03:43:38,324 nipype.workflow INFO:
	 [Node] Executing "tcc_metadata_filter" <fmriprep.interfaces.confounds.FilterDropped>
250403-03:43:38,341 nipype.workflow INFO:
	 [Node] Finished "tcc_metadata_filter", elapsed time 0.016883s.
250403-03:43:39,939 nipype.workflow INFO:
	 [Node] Setting-up "fmriprep_24_0_wf.sub_33_wf.bold_task_bird_run_6_wf.bold_confounds_wf.dvars" in "/work_dir/fmriprep_24_0_wf/sub_33_wf/bold_task_bird_run_6_wf/bold_confounds_wf/dvars".
250403-03:43:39,953 nipype.workflow INFO:
	 [Node] Setting-up "fmriprep_24_0_wf.sub_33_wf.bold_task_bird_run_4_wf.bold_confounds_wf.tcc_metadata_fmt" in "/work_dir/fmriprep_24_0_wf/sub_33_wf/bold_task_bird_run_4_wf/bold_confounds_wf/tcc_metadata_fmt".
250403-03:43:39,953 nipype.workflow INFO:
	 [Node] Setting-up "fmriprep_24_0_wf.sub_33_wf.bold_task_bird_run_6_wf.bold_confounds_wf.tcompcor" in "/work_dir/fmriprep_24_0_wf/sub_33_wf/bold_task_bird_run_6_wf/bold_confounds_wf/tcompcor".
250403-03:43:40,554 nipype.workflow INFO:
	 [Node] Executing "tcompcor" <niworkflows.interfaces.patches.RobustTCompCor>
250403-03:43:41,438 nipype.workflow INFO:
	 [Node] Finished "tcompcor", elapsed time 19.32769s.
250403-03:43:41,561 nipype.workflow INFO:
	 [Node] Executing "tcc_metadata_fmt" <niworkflows.interfaces.utility.TSV2JSON>
250403-03:43:41,566 nipype.workflow INFO:
	 [Node] Finished "tcc_metadata_fmt", elapsed time 0.004655s.
250403-03:43:44,206 nipype.workflow INFO:
	 [Node] Executing "dvars" <nipype.algorithms.confounds.ComputeDVARS>
250403-03:43:48,925 nipype.workflow INFO:
	 [Node] Setting-up "fmriprep_24_0_wf.sub_33_wf.bold_task_bird_run_5_wf.bold_confounds_wf.tcc_metadata_filter" in "/work_dir/fmriprep_24_0_wf/sub_33_wf/bold_task_bird_run_5_wf/bold_confounds_wf/tcc_metadata_filter".
250403-03:43:48,928 nipype.workflow INFO:
	 [Node] Executing "tcc_metadata_filter" <fmriprep.interfaces.confounds.FilterDropped>
250403-03:43:48,949 nipype.workflow INFO:
	 [Node] Finished "tcc_metadata_filter", elapsed time 0.020717s.
250403-03:43:49,987 nipype.workflow INFO:
	 [Node] Setting-up "fmriprep_24_0_wf.sub_33_wf.bold_task_bird_run_5_wf.bold_confounds_wf.tcc_metadata_fmt" in "/work_dir/fmriprep_24_0_wf/sub_33_wf/bold_task_bird_run_5_wf/bold_confounds_wf/tcc_metadata_fmt".
250403-03:43:52,219 nipype.workflow INFO:
	 [Node] Executing "tcc_metadata_fmt" <niworkflows.interfaces.utility.TSV2JSON>
250403-03:43:52,242 nipype.workflow INFO:
	 [Node] Finished "tcc_metadata_fmt", elapsed time 0.022971s.
250403-03:44:00,438 nipype.workflow INFO:
	 [Node] Finished "tcompcor", elapsed time 19.883633s.
250403-03:44:03,784 nipype.workflow INFO:
	 [Node] Finished "dvars", elapsed time 55.330689s.
250403-03:44:04,179 nipype.workflow INFO:
	 [Node] Setting-up "fmriprep_24_0_wf.sub_33_wf.bold_task_bird_run_6_wf.bold_confounds_wf.tcc_metadata_filter" in "/work_dir/fmriprep_24_0_wf/sub_33_wf/bold_task_bird_run_6_wf/bold_confounds_wf/tcc_metadata_filter".
250403-03:44:04,182 nipype.workflow INFO:
	 [Node] Executing "tcc_metadata_filter" <fmriprep.interfaces.confounds.FilterDropped>
250403-03:44:04,187 nipype.workflow INFO:
	 [Node] Finished "tcc_metadata_filter", elapsed time 0.004287s.
250403-03:44:05,48 nipype.workflow INFO:
	 [Node] Finished "dvars", elapsed time 55.006966s.
250403-03:44:06,256 nipype.workflow INFO:
	 [Node] Finished "dvars", elapsed time 54.21817s.
250403-03:44:07,140 nipype.workflow INFO:
	 [Node] Setting-up "fmriprep_24_0_wf.sub_33_wf.bold_task_bird_run_6_wf.bold_confounds_wf.tcc_metadata_fmt" in "/work_dir/fmriprep_24_0_wf/sub_33_wf/bold_task_bird_run_6_wf/bold_confounds_wf/tcc_metadata_fmt".
250403-03:44:07,213 nipype.workflow INFO:
	 [Node] Finished "dvars", elapsed time 56.756981s.
250403-03:44:08,711 nipype.workflow INFO:
	 [Node] Executing "tcc_metadata_fmt" <niworkflows.interfaces.utility.TSV2JSON>
250403-03:44:08,717 nipype.workflow INFO:
	 [Node] Finished "tcc_metadata_fmt", elapsed time 0.00495s.
250403-03:44:14,692 nipype.workflow INFO:
	 [Node] Finished "dvars", elapsed time 52.044841s.
250403-03:44:23,41 nipype.workflow INFO:
	 [Node] Finished "dvars", elapsed time 38.833483s.
250403-03:47:22,240 nipype.workflow INFO:
	 [Node] Finished "norm", elapsed time 985.549681s.
250403-03:47:23,677 nipype.workflow INFO:
	 [Node] Setting-up "fmriprep_24_0_wf.sub_33_wf.anat_fit_wf.brain_extraction_wf.map_brainmask" in "/work_dir/fmriprep_24_0_wf/sub_33_wf/anat_fit_wf/brain_extraction_wf/map_brainmask".
250403-03:47:23,678 nipype.workflow INFO:
	 [Node] Setting-up "fmriprep_24_0_wf.sub_33_wf.anat_fit_wf.brain_extraction_wf.map_wmmask" in "/work_dir/fmriprep_24_0_wf/sub_33_wf/anat_fit_wf/brain_extraction_wf/map_wmmask".
250403-03:47:23,706 nipype.workflow INFO:
	 [Node] Executing "map_wmmask" <niworkflows.interfaces.fixes.FixHeaderApplyTransforms>
250403-03:47:23,706 nipype.workflow INFO:
	 [Node] Executing "map_brainmask" <niworkflows.interfaces.fixes.FixHeaderApplyTransforms>
250403-03:47:44,99 nipype.workflow INFO:
	 [Node] Finished "map_wmmask", elapsed time 20.392154s.
250403-03:47:44,193 nipype.workflow INFO:
	 [Node] Finished "map_brainmask", elapsed time 20.486052s.
250403-03:47:45,663 nipype.workflow INFO:
	 [Node] Setting-up "fmriprep_24_0_wf.sub_33_wf.anat_fit_wf.brain_extraction_wf.thr_brainmask" in "/work_dir/fmriprep_24_0_wf/sub_33_wf/anat_fit_wf/brain_extraction_wf/thr_brainmask".
250403-03:47:45,666 nipype.workflow INFO:
	 [Node] Executing "thr_brainmask" <nipype.interfaces.ants.utils.ThresholdImage>
250403-03:47:45,669 nipype.workflow INFO:
	 [Node] Setting-up "_inu_n4_final0" in "/work_dir/fmriprep_24_0_wf/sub_33_wf/anat_fit_wf/brain_extraction_wf/inu_n4_final/mapflow/_inu_n4_final0".
250403-03:47:45,671 nipype.workflow INFO:
	 [Node] Executing "_inu_n4_final0" <nipype.interfaces.ants.segmentation.N4BiasFieldCorrection>
250403-03:47:46,669 nipype.workflow INFO:
	 [Node] Finished "thr_brainmask", elapsed time 1.002444s.
250403-03:47:47,662 nipype.workflow INFO:
	 [Node] Setting-up "fmriprep_24_0_wf.sub_33_wf.anat_fit_wf.brain_extraction_wf.atropos_wf.03_pad_mask" in "/work_dir/fmriprep_24_0_wf/sub_33_wf/anat_fit_wf/brain_extraction_wf/atropos_wf/03_pad_mask".
250403-03:47:47,670 nipype.workflow INFO:
	 [Node] Executing "03_pad_mask" <nipype.interfaces.ants.utils.ImageMath>
250403-03:47:47,686 nipype.workflow INFO:
	 [Node] Setting-up "fmriprep_24_0_wf.sub_33_wf.anat_fit_wf.brain_extraction_wf.atropos_wf.dil_brainmask" in "/work_dir/fmriprep_24_0_wf/sub_33_wf/anat_fit_wf/brain_extraction_wf/atropos_wf/dil_brainmask".
250403-03:47:47,701 nipype.workflow INFO:
	 [Node] Executing "dil_brainmask" <nipype.interfaces.ants.utils.ImageMath>
250403-03:47:48,814 nipype.workflow INFO:
	 [Node] Finished "03_pad_mask", elapsed time 0.885963s.
250403-03:47:49,358 nipype.workflow INFO:
	 [Node] Finished "dil_brainmask", elapsed time 1.458064s.
250403-03:47:49,690 nipype.workflow INFO:
	 [Node] Setting-up "fmriprep_24_0_wf.sub_33_wf.anat_fit_wf.brain_extraction_wf.atropos_wf.get_brainmask" in "/work_dir/fmriprep_24_0_wf/sub_33_wf/anat_fit_wf/brain_extraction_wf/atropos_wf/get_brainmask".
250403-03:47:49,711 nipype.workflow INFO:
	 [Node] Executing "get_brainmask" <nipype.interfaces.ants.utils.ImageMath>
250403-03:47:51,604 nipype.workflow INFO:
	 [Node] Finished "get_brainmask", elapsed time 1.701875s.
250403-03:47:56,14 nipype.workflow INFO:
	 [Node] Finished "autorecon1", elapsed time 1394.175369s.
250403-03:47:58,334 nipype.workflow INFO:
	 [Node] Setting-up "fmriprep_24_0_wf.sub_33_wf.anat_fit_wf.surface_recon_wf.fsnative2t1w_xfm" in "/work_dir/fmriprep_24_0_wf/sub_33_wf/anat_fit_wf/surface_recon_wf/fsnative2t1w_xfm".
250403-03:47:58,340 nipype.workflow INFO:
	 [Node] Executing "fsnative2t1w_xfm" <niworkflows.interfaces.freesurfer.PatchedRobustRegister>
250403-03:48:08,19 nipype.workflow INFO:
	 [Node] Finished "_inu_n4_final0", elapsed time 22.095568s.
250403-03:48:09,677 nipype.workflow INFO:
	 [Node] Setting-up "fmriprep_24_0_wf.sub_33_wf.anat_fit_wf.brain_extraction_wf.atropos_wf.01_atropos" in "/work_dir/fmriprep_24_0_wf/sub_33_wf/anat_fit_wf/brain_extraction_wf/atropos_wf/01_atropos".
250403-03:48:09,680 nipype.workflow INFO:
	 [Node] Setting-up "_apply_mask0" in "/work_dir/fmriprep_24_0_wf/sub_33_wf/anat_fit_wf/brain_extraction_wf/apply_mask/mapflow/_apply_mask0".
250403-03:48:09,681 nipype.workflow INFO:
	 [Node] Executing "_apply_mask0" <niworkflows.interfaces.nibabel.ApplyMask>
250403-03:48:09,682 nipype.workflow INFO:
	 [Node] Executing "01_atropos" <nipype.interfaces.ants.segmentation.Atropos>
250403-03:48:10,563 nipype.workflow INFO:
	 [Node] Finished "_apply_mask0", elapsed time 0.881099s.
250403-03:48:40,882 nipype.workflow INFO:
	 [Node] Finished "01_atropos", elapsed time 31.199293s.
250403-03:48:41,678 nipype.workflow INFO:
	 [Node] Setting-up "fmriprep_24_0_wf.sub_33_wf.anat_fit_wf.brain_extraction_wf.atropos_wf.02_pad_segm" in "/work_dir/fmriprep_24_0_wf/sub_33_wf/anat_fit_wf/brain_extraction_wf/atropos_wf/02_pad_segm".
250403-03:48:41,680 nipype.workflow INFO:
	 [Node] Executing "02_pad_segm" <nipype.interfaces.ants.utils.ImageMath>
250403-03:48:42,584 nipype.workflow INFO:
	 [Node] Finished "02_pad_segm", elapsed time 0.903261s.
250403-03:48:43,678 nipype.workflow INFO:
	 [Node] Setting-up "fmriprep_24_0_wf.sub_33_wf.anat_fit_wf.brain_extraction_wf.atropos_wf.04_sel_labels" in "/work_dir/fmriprep_24_0_wf/sub_33_wf/anat_fit_wf/brain_extraction_wf/atropos_wf/04_sel_labels".
250403-03:48:43,680 nipype.workflow INFO:
	 [Node] Executing "04_sel_labels" <nipype.interfaces.utility.wrappers.Function>
250403-03:48:44,23 nipype.workflow INFO:
	 [Node] Finished "04_sel_labels", elapsed time 0.342552s.
250403-03:48:46,523 nipype.workflow INFO:
	 [Node] Setting-up "fmriprep_24_0_wf.sub_33_wf.anat_fit_wf.brain_extraction_wf.atropos_wf.05_get_wm" in "/work_dir/fmriprep_24_0_wf/sub_33_wf/anat_fit_wf/brain_extraction_wf/atropos_wf/05_get_wm".
250403-03:48:46,523 nipype.workflow INFO:
	 [Node] Setting-up "fmriprep_24_0_wf.sub_33_wf.anat_fit_wf.brain_extraction_wf.atropos_wf.06_get_gm" in "/work_dir/fmriprep_24_0_wf/sub_33_wf/anat_fit_wf/brain_extraction_wf/atropos_wf/06_get_gm".
250403-03:48:46,523 nipype.workflow INFO:
	 [Node] Setting-up "fmriprep_24_0_wf.sub_33_wf.anat_fit_wf.brain_extraction_wf.atropos_wf.10_me_csf" in "/work_dir/fmriprep_24_0_wf/sub_33_wf/anat_fit_wf/brain_extraction_wf/atropos_wf/10_me_csf".
250403-03:48:46,524 nipype.workflow INFO:
	 [Node] Setting-up "fmriprep_24_0_wf.sub_33_wf.anat_fit_wf.brain_extraction_wf.atropos_wf.27_depad_csf" in "/work_dir/fmriprep_24_0_wf/sub_33_wf/anat_fit_wf/brain_extraction_wf/atropos_wf/27_depad_csf".
250403-03:48:46,525 nipype.workflow INFO:
	 [Node] Executing "05_get_wm" <nipype.interfaces.ants.utils.ImageMath>
250403-03:48:46,525 nipype.workflow INFO:
	 [Node] Executing "06_get_gm" <nipype.interfaces.ants.utils.ImageMath>
250403-03:48:46,526 nipype.workflow INFO:
	 [Node] Executing "10_me_csf" <nipype.interfaces.ants.utils.ImageMath>
250403-03:48:46,527 nipype.workflow INFO:
	 [Node] Executing "27_depad_csf" <nipype.interfaces.ants.utils.ImageMath>
250403-03:48:47,614 nipype.workflow INFO:
	 [Node] Finished "27_depad_csf", elapsed time 0.799528s.
250403-03:48:47,935 nipype.workflow INFO:
	 [Node] Finished "05_get_wm", elapsed time 1.409194s.
250403-03:48:48,291 nipype.workflow INFO:
	 [Node] Finished "06_get_gm", elapsed time 1.543354s.
250403-03:48:48,525 nipype.workflow INFO:
	 [Node] Setting-up "fmriprep_24_0_wf.sub_33_wf.anat_fit_wf.brain_extraction_wf.atropos_wf.09_relabel_wm" in "/work_dir/fmriprep_24_0_wf/sub_33_wf/anat_fit_wf/brain_extraction_wf/atropos_wf/09_relabel_wm".
250403-03:48:48,525 nipype.workflow INFO:
	 [Node] Setting-up "fmriprep_24_0_wf.sub_33_wf.anat_fit_wf.brain_extraction_wf.atropos_wf.07_fill_gm" in "/work_dir/fmriprep_24_0_wf/sub_33_wf/anat_fit_wf/brain_extraction_wf/atropos_wf/07_fill_gm".
250403-03:48:48,527 nipype.workflow INFO:
	 [Node] Executing "07_fill_gm" <nipype.interfaces.ants.utils.ImageMath>
250403-03:48:48,527 nipype.workflow INFO:
	 [Node] Executing "09_relabel_wm" <nipype.interfaces.ants.utils.MultiplyImages>
250403-03:48:49,286 nipype.workflow INFO:
	 [Node] Finished "09_relabel_wm", elapsed time 0.758077s.
250403-03:48:50,520 nipype.workflow INFO:
	 [Node] Setting-up "fmriprep_24_0_wf.sub_33_wf.anat_fit_wf.brain_extraction_wf.atropos_wf.apply_wm_prior" in "/work_dir/fmriprep_24_0_wf/sub_33_wf/anat_fit_wf/brain_extraction_wf/atropos_wf/apply_wm_prior".
250403-03:48:50,527 nipype.workflow INFO:
	 [Node] Executing "apply_wm_prior" <nipype.interfaces.utility.wrappers.Function>
250403-03:48:50,544 nipype.workflow INFO:
	 [Node] Setting-up "fmriprep_24_0_wf.sub_33_wf.anat_fit_wf.brain_extraction_wf.atropos_wf.26_depad_wm" in "/work_dir/fmriprep_24_0_wf/sub_33_wf/anat_fit_wf/brain_extraction_wf/atropos_wf/26_depad_wm".
250403-03:48:50,546 nipype.workflow INFO:
	 [Node] Executing "26_depad_wm" <nipype.interfaces.ants.utils.ImageMath>
250403-03:48:51,295 nipype.workflow INFO:
	 [Node] Finished "apply_wm_prior", elapsed time 0.766644s.
250403-03:48:51,564 nipype.workflow INFO:
	 [Node] Finished "10_me_csf", elapsed time 4.832043s.
250403-03:48:51,567 nipype.workflow INFO:
	 [Node] Finished "26_depad_wm", elapsed time 0.850311s.
250403-03:48:52,555 nipype.workflow INFO:
	 [Node] Setting-up "_inu_n4_final0" in "/work_dir/fmriprep_24_0_wf/sub_33_wf/anat_fit_wf/brain_extraction_wf/atropos_wf/inu_n4_final/mapflow/_inu_n4_final0".
250403-03:48:52,557 nipype.workflow INFO:
	 [Node] Executing "_inu_n4_final0" <nipype.interfaces.ants.segmentation.N4BiasFieldCorrection>
250403-03:49:00,317 nipype.workflow INFO:
	 [Node] Finished "07_fill_gm", elapsed time 11.55357s.
250403-03:49:00,524 nipype.workflow INFO:
	 [Node] Setting-up "fmriprep_24_0_wf.sub_33_wf.anat_fit_wf.brain_extraction_wf.atropos_wf.08_mult_gm" in "/work_dir/fmriprep_24_0_wf/sub_33_wf/anat_fit_wf/brain_extraction_wf/atropos_wf/08_mult_gm".
250403-03:49:00,527 nipype.workflow INFO:
	 [Node] Executing "08_mult_gm" <nipype.interfaces.ants.utils.MultiplyImages>
250403-03:49:01,575 nipype.workflow INFO:
	 [Node] Finished "08_mult_gm", elapsed time 1.047295s.
250403-03:49:02,523 nipype.workflow INFO:
	 [Node] Setting-up "fmriprep_24_0_wf.sub_33_wf.anat_fit_wf.brain_extraction_wf.atropos_wf.11_add_gm" in "/work_dir/fmriprep_24_0_wf/sub_33_wf/anat_fit_wf/brain_extraction_wf/atropos_wf/11_add_gm".
250403-03:49:02,526 nipype.workflow INFO:
	 [Node] Executing "11_add_gm" <nipype.interfaces.ants.utils.ImageMath>
250403-03:49:04,443 nipype.workflow INFO:
	 [Node] Finished "11_add_gm", elapsed time 1.915672s.
250403-03:49:06,546 nipype.workflow INFO:
	 [Node] Setting-up "fmriprep_24_0_wf.sub_33_wf.anat_fit_wf.brain_extraction_wf.atropos_wf.12_relabel_gm" in "/work_dir/fmriprep_24_0_wf/sub_33_wf/anat_fit_wf/brain_extraction_wf/atropos_wf/12_relabel_gm".
250403-03:49:06,549 nipype.workflow INFO:
	 [Node] Executing "12_relabel_gm" <nipype.interfaces.ants.utils.MultiplyImages>
250403-03:49:07,544 nipype.workflow INFO:
	 [Node] Finished "12_relabel_gm", elapsed time 0.750953s.
250403-03:49:08,524 nipype.workflow INFO:
	 [Node] Setting-up "fmriprep_24_0_wf.sub_33_wf.anat_fit_wf.brain_extraction_wf.atropos_wf.13_add_gm_wm" in "/work_dir/fmriprep_24_0_wf/sub_33_wf/anat_fit_wf/brain_extraction_wf/atropos_wf/13_add_gm_wm".
250403-03:49:08,524 nipype.workflow INFO:
	 [Node] Setting-up "fmriprep_24_0_wf.sub_33_wf.anat_fit_wf.brain_extraction_wf.atropos_wf.25_depad_gm" in "/work_dir/fmriprep_24_0_wf/sub_33_wf/anat_fit_wf/brain_extraction_wf/atropos_wf/25_depad_gm".
250403-03:49:08,526 nipype.workflow INFO:
	 [Node] Executing "25_depad_gm" <nipype.interfaces.ants.utils.ImageMath>
250403-03:49:08,526 nipype.workflow INFO:
	 [Node] Executing "13_add_gm_wm" <nipype.interfaces.ants.utils.ImageMath>
250403-03:49:09,725 nipype.workflow INFO:
	 [Node] Finished "25_depad_gm", elapsed time 0.959708s.
250403-03:49:10,329 nipype.workflow INFO:
	 [Node] Finished "13_add_gm_wm", elapsed time 1.802297s.
250403-03:49:10,526 nipype.workflow INFO:
	 [Node] Setting-up "fmriprep_24_0_wf.sub_33_wf.anat_fit_wf.brain_extraction_wf.atropos_wf.14_sel_labels2" in "/work_dir/fmriprep_24_0_wf/sub_33_wf/anat_fit_wf/brain_extraction_wf/atropos_wf/14_sel_labels2".
250403-03:49:10,526 nipype.workflow INFO:
	 [Node] Setting-up "fmriprep_24_0_wf.sub_33_wf.anat_fit_wf.brain_extraction_wf.atropos_wf.24_depad_segm" in "/work_dir/fmriprep_24_0_wf/sub_33_wf/anat_fit_wf/brain_extraction_wf/atropos_wf/24_depad_segm".
250403-03:49:10,527 nipype.workflow INFO:
	 [Node] Setting-up "fmriprep_24_0_wf.sub_33_wf.anat_fit_wf.brain_extraction_wf.atropos_wf.merge_tpms" in "/work_dir/fmriprep_24_0_wf/sub_33_wf/anat_fit_wf/brain_extraction_wf/atropos_wf/merge_tpms".
250403-03:49:10,528 nipype.workflow INFO:
	 [Node] Executing "14_sel_labels2" <nipype.interfaces.utility.wrappers.Function>
250403-03:49:10,529 nipype.workflow INFO:
	 [Node] Executing "24_depad_segm" <nipype.interfaces.ants.utils.ImageMath>
250403-03:49:10,566 nipype.workflow INFO:
	 [Node] Executing "merge_tpms" <nipype.interfaces.utility.base.Merge>
250403-03:49:10,567 nipype.workflow INFO:
	 [Node] Finished "merge_tpms", elapsed time 0.000202s.
250403-03:49:10,717 nipype.workflow INFO:
	 [Node] Finished "14_sel_labels2", elapsed time 0.18838s.
250403-03:49:11,461 nipype.workflow INFO:
	 [Node] Finished "24_depad_segm", elapsed time 0.932223s.
250403-03:49:12,518 nipype.workflow INFO:
	 [Node] Setting-up "fmriprep_24_0_wf.sub_33_wf.anat_fit_wf.brain_extraction_wf.atropos_wf.15_add_7" in "/work_dir/fmriprep_24_0_wf/sub_33_wf/anat_fit_wf/brain_extraction_wf/atropos_wf/15_add_7".
250403-03:49:12,520 nipype.workflow INFO:
	 [Node] Executing "15_add_7" <nipype.interfaces.ants.utils.ImageMath>
250403-03:49:13,952 nipype.workflow INFO:
	 [Node] Finished "15_add_7", elapsed time 1.431376s.
250403-03:49:14,522 nipype.workflow INFO:
	 [Node] Setting-up "fmriprep_24_0_wf.sub_33_wf.anat_fit_wf.brain_extraction_wf.atropos_wf.16_me_7" in "/work_dir/fmriprep_24_0_wf/sub_33_wf/anat_fit_wf/brain_extraction_wf/atropos_wf/16_me_7".
250403-03:49:14,524 nipype.workflow INFO:
	 [Node] Executing "16_me_7" <nipype.interfaces.ants.utils.ImageMath>
250403-03:49:15,33 nipype.workflow INFO:
	 [Node] Finished "_inu_n4_final0", elapsed time 22.303699s.
250403-03:49:17,928 nipype.workflow INFO:
	 [Node] Finished "16_me_7", elapsed time 3.403262s.
250403-03:49:18,527 nipype.workflow INFO:
	 [Node] Setting-up "fmriprep_24_0_wf.sub_33_wf.anat_fit_wf.brain_extraction_wf.atropos_wf.17_comp_7" in "/work_dir/fmriprep_24_0_wf/sub_33_wf/anat_fit_wf/brain_extraction_wf/atropos_wf/17_comp_7".
250403-03:49:18,529 nipype.workflow INFO:
	 [Node] Executing "17_comp_7" <nipype.interfaces.ants.utils.ImageMath>
250403-03:49:20,156 nipype.workflow INFO:
	 [Node] Finished "17_comp_7", elapsed time 1.6260590000000001s.
250403-03:49:20,267 nipype.workflow INFO:
	 [Node] Finished "fsnative2t1w_xfm", elapsed time 81.92615s.
250403-03:49:20,730 nipype.workflow INFO:
	 [Node] Setting-up "fmriprep_24_0_wf.sub_33_wf.anat_fit_wf.brain_extraction_wf.atropos_wf.18_md_7" in "/work_dir/fmriprep_24_0_wf/sub_33_wf/anat_fit_wf/brain_extraction_wf/atropos_wf/18_md_7".
250403-03:49:20,732 nipype.workflow INFO:
	 [Node] Executing "18_md_7" <nipype.interfaces.ants.utils.ImageMath>
250403-03:49:22,497 nipype.workflow INFO:
	 [Node] Finished "18_md_7", elapsed time 1.7639200000000002s.
250403-03:49:24,526 nipype.workflow INFO:
	 [Node] Setting-up "fmriprep_24_0_wf.sub_33_wf.anat_fit_wf.brain_extraction_wf.atropos_wf.19_fill_7" in "/work_dir/fmriprep_24_0_wf/sub_33_wf/anat_fit_wf/brain_extraction_wf/atropos_wf/19_fill_7".
250403-03:49:24,528 nipype.workflow INFO:
	 [Node] Executing "19_fill_7" <nipype.interfaces.ants.utils.ImageMath>
250403-03:49:35,848 nipype.workflow INFO:
	 [Node] Finished "19_fill_7", elapsed time 11.319233s.
250403-03:49:36,539 nipype.workflow INFO:
	 [Node] Setting-up "fmriprep_24_0_wf.sub_33_wf.anat_fit_wf.brain_extraction_wf.atropos_wf.20_add_7_2" in "/work_dir/fmriprep_24_0_wf/sub_33_wf/anat_fit_wf/brain_extraction_wf/atropos_wf/20_add_7_2".
250403-03:49:36,542 nipype.workflow INFO:
	 [Node] Executing "20_add_7_2" <nipype.interfaces.ants.utils.ImageMath>
250403-03:49:38,485 nipype.workflow INFO:
	 [Node] Finished "20_add_7_2", elapsed time 1.7066029999999999s.
250403-03:49:40,537 nipype.workflow INFO:
	 [Node] Setting-up "fmriprep_24_0_wf.sub_33_wf.anat_fit_wf.brain_extraction_wf.atropos_wf.21_md_7_2" in "/work_dir/fmriprep_24_0_wf/sub_33_wf/anat_fit_wf/brain_extraction_wf/atropos_wf/21_md_7_2".
250403-03:49:40,539 nipype.workflow INFO:
	 [Node] Executing "21_md_7_2" <nipype.interfaces.ants.utils.ImageMath>
250403-03:49:42,386 nipype.workflow INFO:
	 [Node] Finished "21_md_7_2", elapsed time 1.845666s.
250403-03:49:44,537 nipype.workflow INFO:
	 [Node] Setting-up "fmriprep_24_0_wf.sub_33_wf.anat_fit_wf.brain_extraction_wf.atropos_wf.22_me_7_2" in "/work_dir/fmriprep_24_0_wf/sub_33_wf/anat_fit_wf/brain_extraction_wf/atropos_wf/22_me_7_2".
250403-03:49:44,539 nipype.workflow INFO:
	 [Node] Executing "22_me_7_2" <nipype.interfaces.ants.utils.ImageMath>
250403-03:49:47,984 nipype.workflow INFO:
	 [Node] Finished "22_me_7_2", elapsed time 3.444281s.
250403-03:49:48,537 nipype.workflow INFO:
	 [Node] Setting-up "fmriprep_24_0_wf.sub_33_wf.anat_fit_wf.brain_extraction_wf.atropos_wf.23_depad_mask" in "/work_dir/fmriprep_24_0_wf/sub_33_wf/anat_fit_wf/brain_extraction_wf/atropos_wf/23_depad_mask".
250403-03:49:48,540 nipype.workflow INFO:
	 [Node] Executing "23_depad_mask" <nipype.interfaces.ants.utils.ImageMath>
250403-03:49:49,423 nipype.workflow INFO:
	 [Node] Finished "23_depad_mask", elapsed time 0.882225s.
250403-03:49:50,531 nipype.workflow INFO:
	 [Node] Setting-up "fmriprep_24_0_wf.sub_33_wf.anat_fit_wf.brain_extraction_wf.atropos_wf.msk_conform" in "/work_dir/fmriprep_24_0_wf/sub_33_wf/anat_fit_wf/brain_extraction_wf/atropos_wf/msk_conform".
250403-03:49:50,534 nipype.workflow INFO:
	 [Node] Executing "msk_conform" <nipype.interfaces.utility.wrappers.Function>
250403-03:49:50,799 nipype.workflow INFO:
	 [Node] Finished "msk_conform", elapsed time 0.264147s.
250403-03:49:59,600 nipype.workflow INFO:
	 [Node] Setting-up "_apply_mask0" in "/work_dir/fmriprep_24_0_wf/sub_33_wf/anat_fit_wf/brain_extraction_wf/atropos_wf/apply_mask/mapflow/_apply_mask0".
250403-03:49:59,602 nipype.workflow INFO:
	 [Node] Executing "_apply_mask0" <niworkflows.interfaces.nibabel.ApplyMask>
250403-03:50:00,485 nipype.workflow INFO:
	 [Node] Finished "_apply_mask0", elapsed time 0.882409s.
250403-03:50:04,865 nipype.workflow INFO:
	 [Node] Setting-up "fmriprep_24_0_wf.sub_33_wf.anat_fit_wf.register_template_wf.trunc_mov" in "/work_dir/fmriprep_24_0_wf/sub_33_wf/anat_fit_wf/register_template_wf/_template_MNI152NLin2009cAsym/trunc_mov".
250403-03:50:04,880 nipype.workflow INFO:
	 [Node] Executing "trunc_mov" <nipype.interfaces.ants.utils.ImageMath>
250403-03:50:05,884 nipype.workflow INFO:
	 [Node] Setting-up "fmriprep_24_0_wf.sub_33_wf.anat_fit_wf.surface_recon_wf.skull_strip_extern" in "/work_dir/fmriprep_24_0_wf/sub_33_wf/anat_fit_wf/surface_recon_wf/skull_strip_extern".
250403-03:50:05,889 nipype.workflow INFO:
	 [Node] Executing "skull_strip_extern" <niworkflows.interfaces.freesurfer.FSInjectBrainExtracted>
250403-03:50:08,521 nipype.workflow INFO:
	 [Node] Finished "skull_strip_extern", elapsed time 2.630553s.
250403-03:50:09,53 nipype.workflow INFO:
	 [Node] Setting-up "fmriprep_24_0_wf.sub_33_wf.anat_fit_wf.surface_recon_wf.autorecon_resume_wf.gcareg" in "/work_dir/fmriprep_24_0_wf/sub_33_wf/anat_fit_wf/surface_recon_wf/autorecon_resume_wf/gcareg".
250403-03:50:09,68 nipype.workflow INFO:
	 [Node] Executing "gcareg" <smriprep.interfaces.freesurfer.ReconAll>
250403-03:50:09,69 nipype.interface INFO:
	 resume recon-all : recon-all -openmp 8 -subjid sub-33 -sd /output/sourcedata/freesurfer -gcareg
250403-03:50:09,69 nipype.interface INFO:
	 resume recon-all : recon-all -openmp 8 -subjid sub-33 -sd /output/sourcedata/freesurfer -gcareg
250403-03:50:11,176 nipype.workflow INFO:
	 [Node] Finished "trunc_mov", elapsed time 6.294549s.
250403-03:52:15,199 nipype.workflow INFO:
	 [Node] Finished "gcareg", elapsed time 126.130918s.
250403-03:52:17,834 nipype.workflow INFO:
	 [Node] Setting-up "fmriprep_24_0_wf.sub_33_wf.anat_fit_wf.surface_recon_wf.autorecon_resume_wf.autorecon2_vol" in "/work_dir/fmriprep_24_0_wf/sub_33_wf/anat_fit_wf/surface_recon_wf/autorecon_resume_wf/autorecon2_vol".
250403-03:52:17,840 nipype.workflow INFO:
	 [Node] Executing "autorecon2_vol" <smriprep.interfaces.freesurfer.ReconAll>
250403-03:52:17,841 nipype.interface INFO:
	 resume recon-all : recon-all -autorecon2-volonly -openmp 8 -subjid sub-33 -sd /output/sourcedata/freesurfer -nogcareg
250403-03:52:17,842 nipype.interface INFO:
	 resume recon-all : recon-all -autorecon2-volonly -openmp 8 -subjid sub-33 -sd /output/sourcedata/freesurfer -nogcareg
250403-05:49:54,227 nipype.workflow INFO:
	 [Node] Finished "autorecon2_vol", elapsed time 7056.385821s.
250403-05:49:57,543 nipype.workflow INFO:
	 [Node] Setting-up "_autorecon_surfs1" in "/work_dir/fmriprep_24_0_wf/sub_33_wf/anat_fit_wf/surface_recon_wf/autorecon_resume_wf/autorecon_surfs/mapflow/_autorecon_surfs1".
250403-05:49:57,592 nipype.workflow INFO:
	 [Node] Executing "_autorecon_surfs1" <smriprep.interfaces.freesurfer.ReconAll>
250403-05:49:57,593 nipype.interface INFO:
	 resume recon-all : recon-all -autorecon-hemi rh -noparcstats -noparcstats2 -noparcstats3 -nohyporelabel -nobalabels -rh-only -openmp 8 -subjid sub-33 -sd /output/sourcedata/freesurfer 
250403-05:49:57,594 nipype.interface INFO:
	 resume recon-all : recon-all -autorecon-hemi rh -noparcstats -noparcstats2 -noparcstats3 -nohyporelabel -nobalabels -rh-only -openmp 8 -subjid sub-33 -sd /output/sourcedata/freesurfer 
250403-05:49:58,379 nipype.workflow INFO:
	 [Node] Setting-up "_autorecon_surfs0" in "/work_dir/fmriprep_24_0_wf/sub_33_wf/anat_fit_wf/surface_recon_wf/autorecon_resume_wf/autorecon_surfs/mapflow/_autorecon_surfs0".
250403-05:49:58,381 nipype.workflow INFO:
	 [Node] Executing "_autorecon_surfs0" <smriprep.interfaces.freesurfer.ReconAll>
250403-05:49:58,383 nipype.interface INFO:
	 resume recon-all : recon-all -autorecon-hemi lh -noparcstats -noparcstats2 -noparcstats3 -nohyporelabel -nobalabels -lh-only -openmp 8 -subjid sub-33 -sd /output/sourcedata/freesurfer 
250403-05:49:58,384 nipype.interface INFO:
	 resume recon-all : recon-all -autorecon-hemi lh -noparcstats -noparcstats2 -noparcstats3 -nohyporelabel -nobalabels -lh-only -openmp 8 -subjid sub-33 -sd /output/sourcedata/freesurfer 
250403-06:45:16,836 nipype.workflow INFO:
	 [Node] Finished "_autorecon_surfs1", elapsed time 3319.242456s.
250403-06:46:41,714 nipype.workflow INFO:
	 [Node] Finished "_autorecon_surfs0", elapsed time 3403.33184s.
250403-06:46:43,925 nipype.workflow INFO:
	 [Node] Setting-up "_autorecon_surfs0" in "/work_dir/fmriprep_24_0_wf/sub_33_wf/anat_fit_wf/surface_recon_wf/autorecon_resume_wf/autorecon_surfs/mapflow/_autorecon_surfs0".
250403-06:46:43,927 nipype.workflow INFO:
	 [Node] Executing "_autorecon_surfs0" <smriprep.interfaces.freesurfer.ReconAll>
250403-06:46:43,929 nipype.interface INFO:
	 recon-all complete : Not running
250403-06:46:43,929 nipype.interface INFO:
	 recon-all complete : Not running
250403-06:46:44,71 nipype.workflow INFO:
	 [Node] Finished "_autorecon_surfs0", elapsed time 0.142338s.
250403-06:46:44,76 nipype.workflow INFO:
	 [Node] Setting-up "_autorecon_surfs1" in "/work_dir/fmriprep_24_0_wf/sub_33_wf/anat_fit_wf/surface_recon_wf/autorecon_resume_wf/autorecon_surfs/mapflow/_autorecon_surfs1".
250403-06:46:44,78 nipype.workflow INFO:
	 [Node] Executing "_autorecon_surfs1" <smriprep.interfaces.freesurfer.ReconAll>
250403-06:46:44,79 nipype.interface INFO:
	 recon-all complete : Not running
250403-06:46:44,80 nipype.interface INFO:
	 recon-all complete : Not running
250403-06:46:44,221 nipype.workflow INFO:
	 [Node] Finished "_autorecon_surfs1", elapsed time 0.141982s.
250403-06:46:46,251 nipype.workflow INFO:
	 [Node] Setting-up "fmriprep_24_0_wf.sub_33_wf.anat_fit_wf.surface_recon_wf.autorecon_resume_wf.cortribbon" in "/work_dir/fmriprep_24_0_wf/sub_33_wf/anat_fit_wf/surface_recon_wf/autorecon_resume_wf/cortribbon".
250403-06:46:46,315 nipype.workflow INFO:
	 [Node] Executing "cortribbon" <smriprep.interfaces.freesurfer.ReconAll>
250403-06:46:46,316 nipype.interface INFO:
	 resume recon-all : recon-all -parallel -subjid sub-33 -sd /output/sourcedata/freesurfer -cortribbon
250403-06:46:46,317 nipype.interface INFO:
	 resume recon-all : recon-all -parallel -subjid sub-33 -sd /output/sourcedata/freesurfer -cortribbon
250403-06:53:07,589 nipype.workflow INFO:
	 [Node] Finished "cortribbon", elapsed time 381.27315s.
250403-06:53:11,792 nipype.workflow INFO:
	 [Node] Setting-up "_parcstats0" in "/work_dir/fmriprep_24_0_wf/sub_33_wf/anat_fit_wf/surface_recon_wf/autorecon_resume_wf/parcstats/mapflow/_parcstats0".
250403-06:53:11,833 nipype.workflow INFO:
	 [Node] Executing "_parcstats0" <smriprep.interfaces.freesurfer.ReconAll>
250403-06:53:11,835 nipype.interface INFO:
	 resume recon-all : recon-all -autorecon-hemi lh -nohyporelabel -lh-only -openmp 8 -subjid sub-33 -sd /output/sourcedata/freesurfer -notessellate -nosmooth1 -noinflate1 -noqsphere -nofix -nowhite -nosmooth2 -noinflate2 -nocurvHK -nocurvstats -nosphere -nosurfreg -nojacobian_white -noavgcurv -nocortparc -nopial -nocortparc2 -nocortparc3 -nopctsurfcon
250403-06:53:11,836 nipype.interface INFO:
	 resume recon-all : recon-all -autorecon-hemi lh -nohyporelabel -lh-only -openmp 8 -subjid sub-33 -sd /output/sourcedata/freesurfer -notessellate -nosmooth1 -noinflate1 -noqsphere -nofix -nowhite -nosmooth2 -noinflate2 -nocurvHK -nocurvstats -nosphere -nosurfreg -nojacobian_white -noavgcurv -nocortparc -nopial -nocortparc2 -nocortparc3 -nopctsurfcon
250403-06:53:12,629 nipype.workflow INFO:
	 [Node] Setting-up "_parcstats1" in "/work_dir/fmriprep_24_0_wf/sub_33_wf/anat_fit_wf/surface_recon_wf/autorecon_resume_wf/parcstats/mapflow/_parcstats1".
250403-06:53:12,661 nipype.workflow INFO:
	 [Node] Executing "_parcstats1" <smriprep.interfaces.freesurfer.ReconAll>
250403-06:53:12,663 nipype.interface INFO:
	 resume recon-all : recon-all -autorecon-hemi rh -nohyporelabel -rh-only -openmp 8 -subjid sub-33 -sd /output/sourcedata/freesurfer -notessellate -nosmooth1 -noinflate1 -noqsphere -nofix -nowhite -nosmooth2 -noinflate2 -nocurvHK -nocurvstats -nosphere -nosurfreg -nojacobian_white -noavgcurv -nocortparc -nopial -nocortparc2 -nocortparc3 -nopctsurfcon
250403-06:53:12,664 nipype.interface INFO:
	 resume recon-all : recon-all -autorecon-hemi rh -nohyporelabel -rh-only -openmp 8 -subjid sub-33 -sd /output/sourcedata/freesurfer -notessellate -nosmooth1 -noinflate1 -noqsphere -nofix -nowhite -nosmooth2 -noinflate2 -nocurvHK -nocurvstats -nosphere -nosurfreg -nojacobian_white -noavgcurv -nocortparc -nopial -nocortparc2 -nocortparc3 -nopctsurfcon
250403-06:57:57,598 nipype.workflow INFO:
	 [Node] Finished "_parcstats0", elapsed time 285.763731s.
250403-06:57:58,700 nipype.workflow INFO:
	 [Node] Finished "_parcstats1", elapsed time 286.03773s.
250403-06:57:59,829 nipype.workflow INFO:
	 [Node] Setting-up "_parcstats0" in "/work_dir/fmriprep_24_0_wf/sub_33_wf/anat_fit_wf/surface_recon_wf/autorecon_resume_wf/parcstats/mapflow/_parcstats0".
250403-06:57:59,831 nipype.workflow INFO:
	 [Node] Executing "_parcstats0" <smriprep.interfaces.freesurfer.ReconAll>
250403-06:57:59,833 nipype.interface INFO:
	 recon-all complete : Not running
250403-06:57:59,834 nipype.interface INFO:
	 recon-all complete : Not running
250403-06:57:59,969 nipype.workflow INFO:
	 [Node] Finished "_parcstats0", elapsed time 0.136725s.
250403-06:57:59,974 nipype.workflow INFO:
	 [Node] Setting-up "_parcstats1" in "/work_dir/fmriprep_24_0_wf/sub_33_wf/anat_fit_wf/surface_recon_wf/autorecon_resume_wf/parcstats/mapflow/_parcstats1".
250403-06:57:59,976 nipype.workflow INFO:
	 [Node] Executing "_parcstats1" <smriprep.interfaces.freesurfer.ReconAll>
250403-06:57:59,977 nipype.interface INFO:
	 recon-all complete : Not running
250403-06:57:59,978 nipype.interface INFO:
	 recon-all complete : Not running
250403-06:58:00,114 nipype.workflow INFO:
	 [Node] Finished "_parcstats1", elapsed time 0.136726s.
250403-06:58:01,831 nipype.workflow INFO:
	 [Node] Setting-up "fmriprep_24_0_wf.sub_33_wf.anat_fit_wf.surface_recon_wf.autorecon_resume_wf.autorecon3" in "/work_dir/fmriprep_24_0_wf/sub_33_wf/anat_fit_wf/surface_recon_wf/autorecon_resume_wf/autorecon3".
250403-06:58:01,851 nipype.workflow INFO:
	 [Node] Executing "autorecon3" <smriprep.interfaces.freesurfer.ReconAll>
250403-06:58:01,852 nipype.interface INFO:
	 resume recon-all : recon-all -autorecon3 -openmp 8 -subjid sub-33 -sd /output/sourcedata/freesurfer -nosphere -nosurfreg -nojacobian_white -noavgcurv -nocortparc -nopial -noparcstats -nocortparc2 -noparcstats2 -nocortparc3 -noparcstats3 -nopctsurfcon -nocortribbon -nobalabels
250403-06:58:01,854 nipype.interface INFO:
	 resume recon-all : recon-all -autorecon3 -openmp 8 -subjid sub-33 -sd /output/sourcedata/freesurfer -nosphere -nosurfreg -nojacobian_white -noavgcurv -nocortparc -nopial -noparcstats -nocortparc2 -noparcstats2 -nocortparc3 -noparcstats3 -nopctsurfcon -nocortribbon -nobalabels
250403-07:05:33,740 nipype.workflow INFO:
	 [Node] Finished "autorecon3", elapsed time 451.888258s.
250403-07:05:35,847 nipype.workflow INFO:
	 [Node] Setting-up "fmriprep_24_0_wf.sub_33_wf.anat_fit_wf.surface_recon_wf.get_surfaces" in "/work_dir/fmriprep_24_0_wf/sub_33_wf/anat_fit_wf/surface_recon_wf/get_surfaces".
250403-07:05:36,367 nipype.workflow INFO:
	 [Node] Executing "get_surfaces" <nipype.interfaces.io.FreeSurferSource>
250403-07:05:36,376 nipype.workflow INFO:
	 [Node] Finished "get_surfaces", elapsed time 0.009019s.
250403-07:05:39,856 nipype.workflow INFO:
	 [Node] Setting-up "_midthickness1" in "/work_dir/fmriprep_24_0_wf/sub_33_wf/anat_fit_wf/surface_recon_wf/midthickness/mapflow/_midthickness1".
250403-07:05:39,890 nipype.workflow INFO:
	 [Node] Executing "_midthickness1" <smriprep.interfaces.freesurfer.MakeMidthickness>
250403-07:05:39,929 nipype.workflow INFO:
	 [Node] Setting-up "_midthickness0" in "/work_dir/fmriprep_24_0_wf/sub_33_wf/anat_fit_wf/surface_recon_wf/midthickness/mapflow/_midthickness0".
250403-07:05:39,951 nipype.workflow INFO:
	 [Node] Executing "_midthickness0" <smriprep.interfaces.freesurfer.MakeMidthickness>
250403-07:53:20,30 nipype.workflow INFO:
	 [Node] Finished "_midthickness1", elapsed time 2860.138282s.
250403-07:53:20,286 nipype.workflow INFO:
	 [Node] Finished "_midthickness0", elapsed time 2860.334159s.
250403-07:53:22,319 nipype.workflow INFO:
	 [Node] Setting-up "_midthickness0" in "/work_dir/fmriprep_24_0_wf/sub_33_wf/anat_fit_wf/surface_recon_wf/midthickness/mapflow/_midthickness0".
250403-07:53:22,329 nipype.workflow INFO:
	 [Node] Cached "_midthickness0" - collecting precomputed outputs
250403-07:53:22,329 nipype.workflow INFO:
	 [Node] "_midthickness0" found cached.
250403-07:53:22,330 nipype.workflow INFO:
	 [Node] Setting-up "_midthickness1" in "/work_dir/fmriprep_24_0_wf/sub_33_wf/anat_fit_wf/surface_recon_wf/midthickness/mapflow/_midthickness1".
250403-07:53:22,371 nipype.workflow INFO:
	 [Node] Cached "_midthickness1" - collecting precomputed outputs
250403-07:53:22,371 nipype.workflow INFO:
	 [Node] "_midthickness1" found cached.
250403-07:53:24,34 nipype.workflow INFO:
	 [Node] Setting-up "fmriprep_24_0_wf.sub_33_wf.anat_fit_wf.surface_recon_wf.save_midthickness" in "/work_dir/fmriprep_24_0_wf/sub_33_wf/anat_fit_wf/surface_recon_wf/save_midthickness".
250403-07:53:24,42 nipype.workflow INFO:
	 [Node] Executing "save_midthickness" <nipype.interfaces.io.DataSink>
250403-07:53:24,93 nipype.workflow INFO:
	 [Node] Finished "save_midthickness", elapsed time 0.050581s.
250403-07:53:26,38 nipype.workflow INFO:
	 [Node] Setting-up "fmriprep_24_0_wf.sub_33_wf.anat_fit_wf.surface_recon_wf.sync" in "/work_dir/fmriprep_24_0_wf/sub_33_wf/anat_fit_wf/surface_recon_wf/sync".
250403-07:53:26,40 nipype.workflow INFO:
	 [Node] Executing "sync" <nipype.interfaces.utility.wrappers.Function>
250403-07:53:26,41 nipype.workflow INFO:
	 [Node] Finished "sync", elapsed time 0.00062s.
250403-07:53:28,39 nipype.workflow INFO:
	 [Node] Setting-up "fmriprep_24_0_wf.sub_33_wf.anat_fit_wf.gifti_surface_wf.get_surfaces" in "/work_dir/fmriprep_24_0_wf/sub_33_wf/anat_fit_wf/gifti_surface_wf/get_surfaces".
250403-07:53:28,39 nipype.workflow INFO:
	 [Node] Setting-up "fmriprep_24_0_wf.sub_33_wf.anat_fit_wf.gifti_spheres_wf.get_surfaces" in "/work_dir/fmriprep_24_0_wf/sub_33_wf/anat_fit_wf/gifti_spheres_wf/get_surfaces".
250403-07:53:28,39 nipype.workflow INFO:
	 [Node] Setting-up "fmriprep_24_0_wf.sub_33_wf.anat_fit_wf.gifti_morphometrics_wf.get_surfaces" in "/work_dir/fmriprep_24_0_wf/sub_33_wf/anat_fit_wf/gifti_morphometrics_wf/get_surfaces".
250403-07:53:28,39 nipype.workflow INFO:
	 [Node] Setting-up "fmriprep_24_0_wf.sub_33_wf.anat_fit_wf.refinement_wf.segs_to_native_aseg.fs_datasource" in "/work_dir/fmriprep_24_0_wf/sub_33_wf/anat_fit_wf/refinement_wf/segs_to_native_aseg/fs_datasource".
250403-07:53:28,41 nipype.workflow INFO:
	 [Node] Setting-up "fmriprep_24_0_wf.sub_33_wf.anat_fit_wf.anat_reports_wf.recon_report" in "/work_dir/fmriprep_24_0_wf/sub_33_wf/anat_fit_wf/anat_reports_wf/recon_report".
250403-07:53:28,86 nipype.workflow INFO:
	 [Node] Executing "get_surfaces" <nipype.interfaces.io.FreeSurferSource>
250403-07:53:28,95 nipype.workflow INFO:
	 [Node] Finished "get_surfaces", elapsed time 0.00914s.
250403-07:53:28,98 nipype.workflow INFO:
	 [Node] Setting-up "fmriprep_24_0_wf.sub_33_wf.bold_task_bird_run_1_wf.bold_fit_wf.bold_reg_wf.bbreg_wf.mri_coreg" in "/work_dir/fmriprep_24_0_wf/sub_33_wf/bold_task_bird_run_1_wf/bold_fit_wf/bold_reg_wf/bbreg_wf/mri_coreg".
250403-07:53:28,98 nipype.workflow INFO:
	 [Node] Setting-up "fmriprep_24_0_wf.sub_33_wf.bold_task_bird_run_4_wf.bold_fit_wf.bold_reg_wf.bbreg_wf.mri_coreg" in "/work_dir/fmriprep_24_0_wf/sub_33_wf/bold_task_bird_run_4_wf/bold_fit_wf/bold_reg_wf/bbreg_wf/mri_coreg".
250403-07:53:28,100 nipype.workflow INFO:
	 [Node] Setting-up "fmriprep_24_0_wf.sub_33_wf.bold_task_bird_run_2_wf.bold_fit_wf.bold_reg_wf.bbreg_wf.mri_coreg" in "/work_dir/fmriprep_24_0_wf/sub_33_wf/bold_task_bird_run_2_wf/bold_fit_wf/bold_reg_wf/bbreg_wf/mri_coreg".
250403-07:53:28,103 nipype.workflow INFO:
	 [Node] Executing "get_surfaces" <nipype.interfaces.utility.wrappers.Function>
250403-07:53:28,104 nipype.workflow INFO:
	 [Node] Setting-up "fmriprep_24_0_wf.sub_33_wf.bold_task_bird_run_3_wf.bold_fit_wf.bold_reg_wf.bbreg_wf.mri_coreg" in "/work_dir/fmriprep_24_0_wf/sub_33_wf/bold_task_bird_run_3_wf/bold_fit_wf/bold_reg_wf/bbreg_wf/mri_coreg".
250403-07:53:28,105 nipype.workflow INFO:
	 [Node] Finished "get_surfaces", elapsed time 0.001323s.
250403-07:53:28,146 nipype.workflow INFO:
	 [Node] Executing "get_surfaces" <nipype.interfaces.utility.wrappers.Function>
250403-07:53:28,146 nipype.workflow INFO:
	 [Node] Executing "recon_report" <smriprep.interfaces.reports.FSSurfaceReport>
250403-07:53:28,148 nipype.workflow INFO:
	 [Node] Finished "get_surfaces", elapsed time 0.001733s.
250403-07:53:28,192 nipype.workflow INFO:
	 [Node] Executing "mri_coreg" <fmriprep.interfaces.patches.MRICoreg>
250403-07:53:28,200 nipype.workflow INFO:
	 [Node] Executing "fs_datasource" <nipype.interfaces.io.FreeSurferSource>
250403-07:53:28,200 nipype.workflow INFO:
	 [Node] Executing "mri_coreg" <fmriprep.interfaces.patches.MRICoreg>
250403-07:53:28,201 nipype.workflow INFO:
	 [Node] Executing "mri_coreg" <fmriprep.interfaces.patches.MRICoreg>
250403-07:53:28,201 nipype.workflow INFO:
	 [Node] Executing "mri_coreg" <fmriprep.interfaces.patches.MRICoreg>
250403-07:53:28,210 nipype.workflow INFO:
	 [Node] Finished "fs_datasource", elapsed time 0.008855s.
250403-07:53:32,123 nipype.workflow INFO:
	 [Node] Setting-up "fmriprep_24_0_wf.sub_33_wf.anat_fit_wf.refinement_wf.segs_to_native_aseg.resample" in "/work_dir/fmriprep_24_0_wf/sub_33_wf/anat_fit_wf/refinement_wf/segs_to_native_aseg/resample".
250403-07:53:32,129 nipype.workflow INFO:
	 [Node] Executing "resample" <nipype.interfaces.freesurfer.preprocess.ApplyVolTransform>
250403-07:53:34,42 nipype.workflow INFO:
	 [Node] Setting-up "_fs2gii3" in "/work_dir/fmriprep_24_0_wf/sub_33_wf/anat_fit_wf/gifti_surface_wf/fs2gii/mapflow/_fs2gii3".
250403-07:53:34,57 nipype.workflow INFO:
	 [Node] Executing "_fs2gii3" <nipype.interfaces.freesurfer.utils.MRIsConvert>
250403-07:53:34,103 nipype.workflow INFO:
	 [Node] Setting-up "_fs2gii0" in "/work_dir/fmriprep_24_0_wf/sub_33_wf/anat_fit_wf/gifti_surface_wf/fs2gii/mapflow/_fs2gii0".
250403-07:53:34,105 nipype.workflow INFO:
	 [Node] Executing "_fs2gii0" <nipype.interfaces.freesurfer.utils.MRIsConvert>
250403-07:53:34,163 nipype.workflow INFO:
	 [Node] Setting-up "_fs2gii2" in "/work_dir/fmriprep_24_0_wf/sub_33_wf/anat_fit_wf/gifti_surface_wf/fs2gii/mapflow/_fs2gii2".
250403-07:53:34,165 nipype.workflow INFO:
	 [Node] Executing "_fs2gii2" <nipype.interfaces.freesurfer.utils.MRIsConvert>
250403-07:53:34,224 nipype.workflow INFO:
	 [Node] Setting-up "_fs2gii4" in "/work_dir/fmriprep_24_0_wf/sub_33_wf/anat_fit_wf/gifti_surface_wf/fs2gii/mapflow/_fs2gii4".
250403-07:53:34,226 nipype.workflow INFO:
	 [Node] Executing "_fs2gii4" <nipype.interfaces.freesurfer.utils.MRIsConvert>
250403-07:53:34,232 nipype.workflow INFO:
	 [Node] Setting-up "_fs2gii1" in "/work_dir/fmriprep_24_0_wf/sub_33_wf/anat_fit_wf/gifti_surface_wf/fs2gii/mapflow/_fs2gii1".
250403-07:53:34,234 nipype.workflow INFO:
	 [Node] Executing "_fs2gii1" <nipype.interfaces.freesurfer.utils.MRIsConvert>
250403-07:53:34,239 nipype.workflow INFO:
	 [Node] Setting-up "_fs2gii5" in "/work_dir/fmriprep_24_0_wf/sub_33_wf/anat_fit_wf/gifti_surface_wf/fs2gii/mapflow/_fs2gii5".
250403-07:53:34,241 nipype.workflow INFO:
	 [Node] Executing "_fs2gii5" <nipype.interfaces.freesurfer.utils.MRIsConvert>
250403-07:53:34,323 nipype.workflow INFO:
	 [Node] Finished "resample", elapsed time 2.19299s.
250403-07:53:36,230 nipype.workflow INFO:
	 [Node] Setting-up "fmriprep_24_0_wf.sub_33_wf.anat_fit_wf.refinement_wf.refine" in "/work_dir/fmriprep_24_0_wf/sub_33_wf/anat_fit_wf/refinement_wf/refine".
250403-07:53:36,233 nipype.workflow INFO:
	 [Node] Executing "refine" <niworkflows.interfaces.freesurfer.RefineBrainMask>
250403-07:53:36,233 nipype.workflow INFO:
	 [Node] Finished "_fs2gii0", elapsed time 2.127169s.
250403-07:53:36,471 nipype.workflow INFO:
	 [Node] Finished "_fs2gii4", elapsed time 2.228899s.
250403-07:53:36,955 nipype.workflow INFO:
	 [Node] Finished "_fs2gii2", elapsed time 2.7790749999999997s.
250403-07:53:37,173 nipype.workflow INFO:
	 [Node] Finished "_fs2gii5", elapsed time 2.9320019999999998s.
250403-07:53:37,282 nipype.workflow INFO:
	 [Node] Finished "_fs2gii3", elapsed time 3.224125s.
250403-07:53:37,368 nipype.workflow INFO:
	 [Node] Finished "_fs2gii1", elapsed time 3.1329029999999998s.
250403-07:53:38,46 nipype.workflow INFO:
	 [Node] Setting-up "_fs2gii2" in "/work_dir/fmriprep_24_0_wf/sub_33_wf/anat_fit_wf/gifti_spheres_wf/fs2gii/mapflow/_fs2gii2".
250403-07:53:38,46 nipype.workflow INFO:
	 [Node] Setting-up "_fs2gii3" in "/work_dir/fmriprep_24_0_wf/sub_33_wf/anat_fit_wf/gifti_spheres_wf/fs2gii/mapflow/_fs2gii3".
250403-07:53:38,48 nipype.workflow INFO:
	 [Node] Executing "_fs2gii3" <nipype.interfaces.freesurfer.utils.MRIsConvert>
250403-07:53:38,48 nipype.workflow INFO:
	 [Node] Executing "_fs2gii2" <nipype.interfaces.freesurfer.utils.MRIsConvert>
250403-07:53:38,49 nipype.workflow INFO:
	 [Node] Setting-up "_morphs2gii0" in "/work_dir/fmriprep_24_0_wf/sub_33_wf/anat_fit_wf/gifti_morphometrics_wf/morphs2gii/mapflow/_morphs2gii0".
250403-07:53:38,51 nipype.workflow INFO:
	 [Node] Executing "_morphs2gii0" <smriprep.interfaces.freesurfer.MRIsConvertData>
250403-07:53:38,129 nipype.workflow INFO:
	 [Node] Setting-up "_fs2gii0" in "/work_dir/fmriprep_24_0_wf/sub_33_wf/anat_fit_wf/gifti_spheres_wf/fs2gii/mapflow/_fs2gii0".
250403-07:53:38,131 nipype.workflow INFO:
	 [Node] Executing "_fs2gii0" <nipype.interfaces.freesurfer.utils.MRIsConvert>
250403-07:53:38,164 nipype.workflow INFO:
	 [Node] Setting-up "_fs2gii1" in "/work_dir/fmriprep_24_0_wf/sub_33_wf/anat_fit_wf/gifti_spheres_wf/fs2gii/mapflow/_fs2gii1".
250403-07:53:38,171 nipype.workflow INFO:
	 [Node] Executing "_fs2gii1" <nipype.interfaces.freesurfer.utils.MRIsConvert>
250403-07:53:38,177 nipype.workflow INFO:
	 [Node] Setting-up "_fs2gii0" in "/work_dir/fmriprep_24_0_wf/sub_33_wf/anat_fit_wf/gifti_surface_wf/fs2gii/mapflow/_fs2gii0".
250403-07:53:38,177 nipype.workflow INFO:
	 [Node] Cached "_fs2gii0" - collecting precomputed outputs
250403-07:53:38,178 nipype.workflow INFO:
	 [Node] "_fs2gii0" found cached.
250403-07:53:38,178 nipype.workflow INFO:
	 [Node] Setting-up "_fs2gii1" in "/work_dir/fmriprep_24_0_wf/sub_33_wf/anat_fit_wf/gifti_surface_wf/fs2gii/mapflow/_fs2gii1".
250403-07:53:38,179 nipype.workflow INFO:
	 [Node] Cached "_fs2gii1" - collecting precomputed outputs
250403-07:53:38,179 nipype.workflow INFO:
	 [Node] "_fs2gii1" found cached.
250403-07:53:38,180 nipype.workflow INFO:
	 [Node] Setting-up "_fs2gii2" in "/work_dir/fmriprep_24_0_wf/sub_33_wf/anat_fit_wf/gifti_surface_wf/fs2gii/mapflow/_fs2gii2".
250403-07:53:38,180 nipype.workflow INFO:
	 [Node] Cached "_fs2gii2" - collecting precomputed outputs
250403-07:53:38,181 nipype.workflow INFO:
	 [Node] "_fs2gii2" found cached.
250403-07:53:38,181 nipype.workflow INFO:
	 [Node] Setting-up "_fs2gii3" in "/work_dir/fmriprep_24_0_wf/sub_33_wf/anat_fit_wf/gifti_surface_wf/fs2gii/mapflow/_fs2gii3".
250403-07:53:38,182 nipype.workflow INFO:
	 [Node] Cached "_fs2gii3" - collecting precomputed outputs
250403-07:53:38,182 nipype.workflow INFO:
	 [Node] "_fs2gii3" found cached.
250403-07:53:38,183 nipype.workflow INFO:
	 [Node] Setting-up "_fs2gii4" in "/work_dir/fmriprep_24_0_wf/sub_33_wf/anat_fit_wf/gifti_surface_wf/fs2gii/mapflow/_fs2gii4".
250403-07:53:38,183 nipype.workflow INFO:
	 [Node] Cached "_fs2gii4" - collecting precomputed outputs
250403-07:53:38,183 nipype.workflow INFO:
	 [Node] "_fs2gii4" found cached.
250403-07:53:38,184 nipype.workflow INFO:
	 [Node] Setting-up "_fs2gii5" in "/work_dir/fmriprep_24_0_wf/sub_33_wf/anat_fit_wf/gifti_surface_wf/fs2gii/mapflow/_fs2gii5".
250403-07:53:38,185 nipype.workflow INFO:
	 [Node] Cached "_fs2gii5" - collecting precomputed outputs
250403-07:53:38,185 nipype.workflow INFO:
	 [Node] "_fs2gii5" found cached.
250403-07:53:40,248 nipype.workflow INFO:
	 [Node] Setting-up "_morphs2gii1" in "/work_dir/fmriprep_24_0_wf/sub_33_wf/anat_fit_wf/gifti_morphometrics_wf/morphs2gii/mapflow/_morphs2gii1".
250403-07:53:40,250 nipype.workflow INFO:
	 [Node] Executing "_morphs2gii1" <smriprep.interfaces.freesurfer.MRIsConvertData>
250403-07:53:40,258 nipype.workflow INFO:
	 [Node] Finished "_morphs2gii0", elapsed time 2.205873s.
250403-07:53:40,893 nipype.workflow INFO:
	 [Node] Finished "_fs2gii3", elapsed time 2.8447s.
250403-07:53:41,5 nipype.workflow INFO:
	 [Node] Finished "_fs2gii2", elapsed time 2.956884s.
250403-07:53:41,104 nipype.workflow INFO:
	 [Node] Finished "_fs2gii1", elapsed time 2.932026s.
250403-07:53:41,298 nipype.workflow INFO:
	 [Node] Finished "_fs2gii0", elapsed time 3.166488s.
250403-07:53:41,725 nipype.workflow INFO:
	 [Node] Finished "_morphs2gii1", elapsed time 1.474984s.
250403-07:53:42,41 nipype.workflow INFO:
	 [Node] Setting-up "_morphs2gii2" in "/work_dir/fmriprep_24_0_wf/sub_33_wf/anat_fit_wf/gifti_morphometrics_wf/morphs2gii/mapflow/_morphs2gii2".
250403-07:53:42,42 nipype.workflow INFO:
	 [Node] Setting-up "_morphs2gii3" in "/work_dir/fmriprep_24_0_wf/sub_33_wf/anat_fit_wf/gifti_morphometrics_wf/morphs2gii/mapflow/_morphs2gii3".
250403-07:53:42,43 nipype.workflow INFO:
	 [Node] Executing "_morphs2gii2" <smriprep.interfaces.freesurfer.MRIsConvertData>
250403-07:53:42,43 nipype.workflow INFO:
	 [Node] Executing "_morphs2gii3" <smriprep.interfaces.freesurfer.MRIsConvertData>
250403-07:53:42,46 nipype.workflow INFO:
	 [Node] Setting-up "_fix_surfs0" in "/work_dir/fmriprep_24_0_wf/sub_33_wf/anat_fit_wf/gifti_surface_wf/fix_surfs/mapflow/_fix_surfs0".
250403-07:53:42,46 nipype.workflow INFO:
	 [Node] Setting-up "_fix_surfs1" in "/work_dir/fmriprep_24_0_wf/sub_33_wf/anat_fit_wf/gifti_surface_wf/fix_surfs/mapflow/_fix_surfs1".
250403-07:53:42,47 nipype.workflow INFO:
	 [Node] Setting-up "_fs2gii0" in "/work_dir/fmriprep_24_0_wf/sub_33_wf/anat_fit_wf/gifti_spheres_wf/fs2gii/mapflow/_fs2gii0".
250403-07:53:42,47 nipype.workflow INFO:
	 [Node] Cached "_fs2gii0" - collecting precomputed outputs
250403-07:53:42,47 nipype.workflow INFO:
	 [Node] Executing "_fix_surfs0" <smriprep.interfaces.surf.NormalizeSurf>
250403-07:53:42,47 nipype.workflow INFO:
	 [Node] Executing "_fix_surfs1" <smriprep.interfaces.surf.NormalizeSurf>
250403-07:53:42,47 nipype.workflow INFO:
	 [Node] "_fs2gii0" found cached.
250403-07:53:42,48 nipype.workflow INFO:
	 [Node] Setting-up "_fs2gii1" in "/work_dir/fmriprep_24_0_wf/sub_33_wf/anat_fit_wf/gifti_spheres_wf/fs2gii/mapflow/_fs2gii1".
250403-07:53:42,49 nipype.workflow INFO:
	 [Node] Cached "_fs2gii1" - collecting precomputed outputs
250403-07:53:42,49 nipype.workflow INFO:
	 [Node] "_fs2gii1" found cached.
250403-07:53:42,50 nipype.workflow INFO:
	 [Node] Setting-up "_fs2gii2" in "/work_dir/fmriprep_24_0_wf/sub_33_wf/anat_fit_wf/gifti_spheres_wf/fs2gii/mapflow/_fs2gii2".
250403-07:53:42,50 nipype.workflow INFO:
	 [Node] Cached "_fs2gii2" - collecting precomputed outputs
250403-07:53:42,50 nipype.workflow INFO:
	 [Node] "_fs2gii2" found cached.
250403-07:53:42,51 nipype.workflow INFO:
	 [Node] Setting-up "_fs2gii3" in "/work_dir/fmriprep_24_0_wf/sub_33_wf/anat_fit_wf/gifti_spheres_wf/fs2gii/mapflow/_fs2gii3".
250403-07:53:42,52 nipype.workflow INFO:
	 [Node] Cached "_fs2gii3" - collecting precomputed outputs
250403-07:53:42,52 nipype.workflow INFO:
	 [Node] "_fs2gii3" found cached.
250403-07:53:42,54 nipype.workflow INFO:
	 [Node] Setting-up "_fix_surfs2" in "/work_dir/fmriprep_24_0_wf/sub_33_wf/anat_fit_wf/gifti_surface_wf/fix_surfs/mapflow/_fix_surfs2".
250403-07:53:42,55 nipype.workflow INFO:
	 [Node] Executing "_fix_surfs2" <smriprep.interfaces.surf.NormalizeSurf>
250403-07:53:42,768 nipype.workflow INFO:
	 [Node] Finished "_fix_surfs1", elapsed time 0.71969s.
250403-07:53:42,921 nipype.workflow INFO:
	 [Node] Finished "_fix_surfs0", elapsed time 0.872996s.
250403-07:53:43,349 nipype.workflow INFO:
	 [Node] Finished "_morphs2gii3", elapsed time 1.304869s.
250403-07:53:43,386 nipype.workflow INFO:
	 [Node] Finished "_fix_surfs2", elapsed time 1.330725s.
250403-07:53:43,553 nipype.workflow INFO:
	 [Node] Finished "_morphs2gii2", elapsed time 1.509368s.
250403-07:53:44,47 nipype.workflow INFO:
	 [Node] Setting-up "_morphs2gii0" in "/work_dir/fmriprep_24_0_wf/sub_33_wf/anat_fit_wf/gifti_morphometrics_wf/morphs2gii/mapflow/_morphs2gii0".
250403-07:53:44,48 nipype.workflow INFO:
	 [Node] Cached "_morphs2gii0" - collecting precomputed outputs
250403-07:53:44,48 nipype.workflow INFO:
	 [Node] "_morphs2gii0" found cached.
250403-07:53:44,49 nipype.workflow INFO:
	 [Node] Setting-up "_morphs2gii1" in "/work_dir/fmriprep_24_0_wf/sub_33_wf/anat_fit_wf/gifti_morphometrics_wf/morphs2gii/mapflow/_morphs2gii1".
250403-07:53:44,49 nipype.workflow INFO:
	 [Node] Cached "_morphs2gii1" - collecting precomputed outputs
250403-07:53:44,49 nipype.workflow INFO:
	 [Node] "_morphs2gii1" found cached.
250403-07:53:44,50 nipype.workflow INFO:
	 [Node] Setting-up "_morphs2gii2" in "/work_dir/fmriprep_24_0_wf/sub_33_wf/anat_fit_wf/gifti_morphometrics_wf/morphs2gii/mapflow/_morphs2gii2".
250403-07:53:44,51 nipype.workflow INFO:
	 [Node] Cached "_morphs2gii2" - collecting precomputed outputs
250403-07:53:44,51 nipype.workflow INFO:
	 [Node] "_morphs2gii2" found cached.
250403-07:53:44,52 nipype.workflow INFO:
	 [Node] Setting-up "_morphs2gii3" in "/work_dir/fmriprep_24_0_wf/sub_33_wf/anat_fit_wf/gifti_morphometrics_wf/morphs2gii/mapflow/_morphs2gii3".
250403-07:53:44,52 nipype.workflow INFO:
	 [Node] Cached "_morphs2gii3" - collecting precomputed outputs
250403-07:53:44,53 nipype.workflow INFO:
	 [Node] "_morphs2gii3" found cached.
250403-07:53:44,56 nipype.workflow INFO:
	 [Node] Setting-up "_fix_surfs5" in "/work_dir/fmriprep_24_0_wf/sub_33_wf/anat_fit_wf/gifti_surface_wf/fix_surfs/mapflow/_fix_surfs5".
250403-07:53:44,57 nipype.workflow INFO:
	 [Node] Executing "_fix_surfs5" <smriprep.interfaces.surf.NormalizeSurf>
250403-07:53:44,123 nipype.workflow INFO:
	 [Node] Setting-up "_fix_surfs4" in "/work_dir/fmriprep_24_0_wf/sub_33_wf/anat_fit_wf/gifti_surface_wf/fix_surfs/mapflow/_fix_surfs4".
250403-07:53:44,124 nipype.workflow INFO:
	 [Node] Executing "_fix_surfs4" <smriprep.interfaces.surf.NormalizeSurf>
250403-07:53:44,261 nipype.workflow INFO:
	 [Node] Setting-up "_fix_surfs3" in "/work_dir/fmriprep_24_0_wf/sub_33_wf/anat_fit_wf/gifti_surface_wf/fix_surfs/mapflow/_fix_surfs3".
250403-07:53:44,263 nipype.workflow INFO:
	 [Node] Executing "_fix_surfs3" <smriprep.interfaces.surf.NormalizeSurf>
250403-07:53:44,852 nipype.workflow INFO:
	 [Node] Finished "_fix_surfs5", elapsed time 0.793887s.
250403-07:53:44,990 nipype.workflow INFO:
	 [Node] Finished "_fix_surfs3", elapsed time 0.72687s.
250403-07:53:45,92 nipype.workflow INFO:
	 [Node] Finished "_fix_surfs4", elapsed time 0.966671s.
250403-07:53:46,172 nipype.workflow INFO:
	 [Node] Setting-up "_fix_surfs0" in "/work_dir/fmriprep_24_0_wf/sub_33_wf/anat_fit_wf/gifti_surface_wf/fix_surfs/mapflow/_fix_surfs0".
250403-07:53:46,173 nipype.workflow INFO:
	 [Node] Cached "_fix_surfs0" - collecting precomputed outputs
250403-07:53:46,173 nipype.workflow INFO:
	 [Node] "_fix_surfs0" found cached.
250403-07:53:46,174 nipype.workflow INFO:
	 [Node] Setting-up "_fix_surfs1" in "/work_dir/fmriprep_24_0_wf/sub_33_wf/anat_fit_wf/gifti_surface_wf/fix_surfs/mapflow/_fix_surfs1".
250403-07:53:46,174 nipype.workflow INFO:
	 [Node] Cached "_fix_surfs1" - collecting precomputed outputs
250403-07:53:46,174 nipype.workflow INFO:
	 [Node] "_fix_surfs1" found cached.
250403-07:53:46,175 nipype.workflow INFO:
	 [Node] Setting-up "_fix_surfs2" in "/work_dir/fmriprep_24_0_wf/sub_33_wf/anat_fit_wf/gifti_surface_wf/fix_surfs/mapflow/_fix_surfs2".
250403-07:53:46,175 nipype.workflow INFO:
	 [Node] Cached "_fix_surfs2" - collecting precomputed outputs
250403-07:53:46,175 nipype.workflow INFO:
	 [Node] "_fix_surfs2" found cached.
250403-07:53:46,176 nipype.workflow INFO:
	 [Node] Setting-up "_fix_surfs3" in "/work_dir/fmriprep_24_0_wf/sub_33_wf/anat_fit_wf/gifti_surface_wf/fix_surfs/mapflow/_fix_surfs3".
250403-07:53:46,177 nipype.workflow INFO:
	 [Node] Cached "_fix_surfs3" - collecting precomputed outputs
250403-07:53:46,177 nipype.workflow INFO:
	 [Node] "_fix_surfs3" found cached.
250403-07:53:46,177 nipype.workflow INFO:
	 [Node] Setting-up "_fix_surfs4" in "/work_dir/fmriprep_24_0_wf/sub_33_wf/anat_fit_wf/gifti_surface_wf/fix_surfs/mapflow/_fix_surfs4".
250403-07:53:46,178 nipype.workflow INFO:
	 [Node] Cached "_fix_surfs4" - collecting precomputed outputs
250403-07:53:46,178 nipype.workflow INFO:
	 [Node] "_fix_surfs4" found cached.
250403-07:53:46,178 nipype.workflow INFO:
	 [Node] Setting-up "_fix_surfs5" in "/work_dir/fmriprep_24_0_wf/sub_33_wf/anat_fit_wf/gifti_surface_wf/fix_surfs/mapflow/_fix_surfs5".
250403-07:53:46,179 nipype.workflow INFO:
	 [Node] Cached "_fix_surfs5" - collecting precomputed outputs
250403-07:53:46,179 nipype.workflow INFO:
	 [Node] "_fix_surfs5" found cached.
250403-07:53:46,242 nipype.workflow INFO:
	 [Node] Setting-up "_fix_surfs0" in "/work_dir/fmriprep_24_0_wf/sub_33_wf/anat_fit_wf/gifti_spheres_wf/fix_surfs/mapflow/_fix_surfs0".
250403-07:53:46,244 nipype.workflow INFO:
	 [Node] Executing "_fix_surfs0" <smriprep.interfaces.surf.NormalizeSurf>
250403-07:53:46,371 nipype.workflow INFO:
	 [Node] Setting-up "_fix_surfs1" in "/work_dir/fmriprep_24_0_wf/sub_33_wf/anat_fit_wf/gifti_spheres_wf/fix_surfs/mapflow/_fix_surfs1".
250403-07:53:46,372 nipype.workflow INFO:
	 [Node] Setting-up "_fix_surfs2" in "/work_dir/fmriprep_24_0_wf/sub_33_wf/anat_fit_wf/gifti_spheres_wf/fix_surfs/mapflow/_fix_surfs2".
250403-07:53:46,372 nipype.workflow INFO:
	 [Node] Executing "_fix_surfs1" <smriprep.interfaces.surf.NormalizeSurf>
250403-07:53:46,373 nipype.workflow INFO:
	 [Node] Executing "_fix_surfs2" <smriprep.interfaces.surf.NormalizeSurf>
250403-07:53:46,516 nipype.workflow INFO:
	 [Node] Setting-up "_fix_surfs3" in "/work_dir/fmriprep_24_0_wf/sub_33_wf/anat_fit_wf/gifti_spheres_wf/fix_surfs/mapflow/_fix_surfs3".
250403-07:53:46,518 nipype.workflow INFO:
	 [Node] Executing "_fix_surfs3" <smriprep.interfaces.surf.NormalizeSurf>
250403-07:53:46,974 nipype.workflow INFO:
	 [Node] Finished "_fix_surfs0", elapsed time 0.729538s.
250403-07:53:47,464 nipype.workflow INFO:
	 [Node] Finished "_fix_surfs3", elapsed time 0.945719s.
250403-07:53:47,472 nipype.workflow INFO:
	 [Node] Finished "_fix_surfs2", elapsed time 1.097915s.
250403-07:53:47,549 nipype.workflow INFO:
	 [Node] Finished "_fix_surfs1", elapsed time 1.17565s.
250403-07:53:48,171 nipype.workflow INFO:
	 [Node] Setting-up "_fix_surfs0" in "/work_dir/fmriprep_24_0_wf/sub_33_wf/anat_fit_wf/gifti_spheres_wf/fix_surfs/mapflow/_fix_surfs0".
250403-07:53:48,172 nipype.workflow INFO:
	 [Node] Cached "_fix_surfs0" - collecting precomputed outputs
250403-07:53:48,172 nipype.workflow INFO:
	 [Node] "_fix_surfs0" found cached.
250403-07:53:48,173 nipype.workflow INFO:
	 [Node] Setting-up "_fix_surfs1" in "/work_dir/fmriprep_24_0_wf/sub_33_wf/anat_fit_wf/gifti_spheres_wf/fix_surfs/mapflow/_fix_surfs1".
250403-07:53:48,173 nipype.workflow INFO:
	 [Node] Cached "_fix_surfs1" - collecting precomputed outputs
250403-07:53:48,174 nipype.workflow INFO:
	 [Node] "_fix_surfs1" found cached.
250403-07:53:48,174 nipype.workflow INFO:
	 [Node] Setting-up "_fix_surfs2" in "/work_dir/fmriprep_24_0_wf/sub_33_wf/anat_fit_wf/gifti_spheres_wf/fix_surfs/mapflow/_fix_surfs2".
250403-07:53:48,174 nipype.workflow INFO:
	 [Node] Cached "_fix_surfs2" - collecting precomputed outputs
250403-07:53:48,175 nipype.workflow INFO:
	 [Node] "_fix_surfs2" found cached.
250403-07:53:48,175 nipype.workflow INFO:
	 [Node] Setting-up "_fix_surfs3" in "/work_dir/fmriprep_24_0_wf/sub_33_wf/anat_fit_wf/gifti_spheres_wf/fix_surfs/mapflow/_fix_surfs3".
250403-07:53:48,176 nipype.workflow INFO:
	 [Node] Cached "_fix_surfs3" - collecting precomputed outputs
250403-07:53:48,176 nipype.workflow INFO:
	 [Node] "_fix_surfs3" found cached.
250403-07:53:51,96 nipype.workflow INFO:
	 [Node] Setting-up "_invert_sulc0" in "/work_dir/fmriprep_24_0_wf/sub_33_wf/anat_fit_wf/msm_sulc_wf/invert_sulc/mapflow/_invert_sulc0".
250403-07:53:51,98 nipype.workflow INFO:
	 [Node] Setting-up "_invert_sulc1" in "/work_dir/fmriprep_24_0_wf/sub_33_wf/anat_fit_wf/msm_sulc_wf/invert_sulc/mapflow/_invert_sulc1".
250403-07:53:51,99 nipype.workflow INFO:
	 [Node] Executing "_invert_sulc0" <smriprep.interfaces.gifti.MetricMath>
250403-07:53:51,109 nipype.workflow INFO:
	 [Node] Executing "_invert_sulc1" <smriprep.interfaces.gifti.MetricMath>
250403-07:53:51,169 nipype.workflow INFO:
	 [Node] Finished "_invert_sulc0", elapsed time 0.069753s.
250403-07:53:51,175 nipype.workflow INFO:
	 [Node] Finished "_invert_sulc1", elapsed time 0.065349s.
250403-07:53:52,476 nipype.workflow INFO:
	 [Node] Setting-up "_invert_sulc0" in "/work_dir/fmriprep_24_0_wf/sub_33_wf/anat_fit_wf/msm_sulc_wf/invert_sulc/mapflow/_invert_sulc0".
250403-07:53:52,477 nipype.workflow INFO:
	 [Node] Cached "_invert_sulc0" - collecting precomputed outputs
250403-07:53:52,477 nipype.workflow INFO:
	 [Node] "_invert_sulc0" found cached.
250403-07:53:52,477 nipype.workflow INFO:
	 [Node] Setting-up "_invert_sulc1" in "/work_dir/fmriprep_24_0_wf/sub_33_wf/anat_fit_wf/msm_sulc_wf/invert_sulc/mapflow/_invert_sulc1".
250403-07:53:52,478 nipype.workflow INFO:
	 [Node] Cached "_invert_sulc1" - collecting precomputed outputs
250403-07:53:52,478 nipype.workflow INFO:
	 [Node] "_invert_sulc1" found cached.
250403-07:53:54,126 nipype.workflow INFO:
	 [Node] Setting-up "_create_pial_distvol1" in "/work_dir/fmriprep_24_0_wf/sub_33_wf/anat_fit_wf/anat_ribbon_wf/create_pial_distvol/mapflow/_create_pial_distvol1".
250403-07:53:54,133 nipype.workflow INFO:
	 [Node] Setting-up "_create_wm_distvol1" in "/work_dir/fmriprep_24_0_wf/sub_33_wf/anat_fit_wf/anat_ribbon_wf/create_wm_distvol/mapflow/_create_wm_distvol1".
250403-07:53:54,144 nipype.workflow INFO:
	 [Node] Setting-up "_create_wm_distvol0" in "/work_dir/fmriprep_24_0_wf/sub_33_wf/anat_fit_wf/anat_ribbon_wf/create_wm_distvol/mapflow/_create_wm_distvol0".
250403-07:53:54,156 nipype.workflow INFO:
	 [Node] Executing "_create_pial_distvol1" <smriprep.interfaces.workbench.CreateSignedDistanceVolume>
250403-07:53:54,158 nipype.workflow INFO:
	 [Node] Executing "_create_wm_distvol0" <smriprep.interfaces.workbench.CreateSignedDistanceVolume>
250403-07:53:54,161 nipype.workflow INFO:
	 [Node] Executing "_create_wm_distvol1" <smriprep.interfaces.workbench.CreateSignedDistanceVolume>
250403-07:53:55,890 nipype.workflow INFO:
	 [Node] Setting-up "_create_pial_distvol0" in "/work_dir/fmriprep_24_0_wf/sub_33_wf/anat_fit_wf/anat_ribbon_wf/create_pial_distvol/mapflow/_create_pial_distvol0".
250403-07:53:55,892 nipype.workflow INFO:
	 [Node] Executing "_create_pial_distvol0" <smriprep.interfaces.workbench.CreateSignedDistanceVolume>
250403-07:53:57,438 nipype.workflow INFO:
	 [Node] Finished "recon_report", elapsed time 29.291863s.
250403-07:53:57,448 nipype.workflow INFO:
	 [Node] Setting-up "_project_unproject0" in "/work_dir/fmriprep_24_0_wf/sub_33_wf/anat_fit_wf/fsLR_reg_wf/project_unproject/mapflow/_project_unproject0".
250403-07:53:57,450 nipype.workflow INFO:
	 [Node] Executing "_project_unproject0" <smriprep.interfaces.workbench.SurfaceSphereProjectUnproject>
250403-07:53:57,459 nipype.workflow INFO:
	 [Node] Setting-up "_project_unproject1" in "/work_dir/fmriprep_24_0_wf/sub_33_wf/anat_fit_wf/fsLR_reg_wf/project_unproject/mapflow/_project_unproject1".
250403-07:53:57,460 nipype.workflow INFO:
	 [Node] Executing "_project_unproject1" <smriprep.interfaces.workbench.SurfaceSphereProjectUnproject>
250403-07:54:03,540 nipype.workflow INFO:
	 [Node] Finished "_project_unproject1", elapsed time 5.616211s.
250403-07:54:04,733 nipype.workflow INFO:
	 [Node] Finished "_project_unproject0", elapsed time 6.6917159999999996s.
250403-07:54:06,84 nipype.workflow INFO:
	 [Node] Setting-up "_project_unproject0" in "/work_dir/fmriprep_24_0_wf/sub_33_wf/anat_fit_wf/fsLR_reg_wf/project_unproject/mapflow/_project_unproject0".
250403-07:54:06,85 nipype.workflow INFO:
	 [Node] Cached "_project_unproject0" - collecting precomputed outputs
250403-07:54:06,85 nipype.workflow INFO:
	 [Node] "_project_unproject0" found cached.
250403-07:54:06,85 nipype.workflow INFO:
	 [Node] Setting-up "_project_unproject1" in "/work_dir/fmriprep_24_0_wf/sub_33_wf/anat_fit_wf/fsLR_reg_wf/project_unproject/mapflow/_project_unproject1".
250403-07:54:06,86 nipype.workflow INFO:
	 [Node] Cached "_project_unproject1" - collecting precomputed outputs
250403-07:54:06,86 nipype.workflow INFO:
	 [Node] "_project_unproject1" found cached.
250403-07:54:16,68 nipype.workflow INFO:
	 [Node] Setting-up "_regress_affine0" in "/work_dir/fmriprep_24_0_wf/sub_33_wf/anat_fit_wf/msm_sulc_wf/regress_affine/mapflow/_regress_affine0".
250403-07:54:16,69 nipype.workflow INFO:
	 [Node] Executing "_regress_affine0" <smriprep.interfaces.workbench.SurfaceAffineRegression>
250403-07:54:16,80 nipype.workflow INFO:
	 [Node] Setting-up "_regress_affine1" in "/work_dir/fmriprep_24_0_wf/sub_33_wf/anat_fit_wf/msm_sulc_wf/regress_affine/mapflow/_regress_affine1".
250403-07:54:16,82 nipype.workflow INFO:
	 [Node] Executing "_regress_affine1" <smriprep.interfaces.workbench.SurfaceAffineRegression>
250403-07:54:17,576 nipype.workflow INFO:
	 [Node] Finished "_regress_affine0", elapsed time 1.029051s.
250403-07:54:17,872 nipype.workflow INFO:
	 [Node] Finished "_regress_affine1", elapsed time 1.209758s.
250403-07:54:20,245 nipype.workflow INFO:
	 [Node] Setting-up "_regress_affine0" in "/work_dir/fmriprep_24_0_wf/sub_33_wf/anat_fit_wf/msm_sulc_wf/regress_affine/mapflow/_regress_affine0".
250403-07:54:20,246 nipype.workflow INFO:
	 [Node] Cached "_regress_affine0" - collecting precomputed outputs
250403-07:54:20,246 nipype.workflow INFO:
	 [Node] "_regress_affine0" found cached.
250403-07:54:20,246 nipype.workflow INFO:
	 [Node] Setting-up "_regress_affine1" in "/work_dir/fmriprep_24_0_wf/sub_33_wf/anat_fit_wf/msm_sulc_wf/regress_affine/mapflow/_regress_affine1".
250403-07:54:20,247 nipype.workflow INFO:
	 [Node] Cached "_regress_affine1" - collecting precomputed outputs
250403-07:54:20,247 nipype.workflow INFO:
	 [Node] "_regress_affine1" found cached.
250403-07:54:24,536 nipype.workflow INFO:
	 [Node] Setting-up "_apply_surface_affine0" in "/work_dir/fmriprep_24_0_wf/sub_33_wf/anat_fit_wf/msm_sulc_wf/apply_surface_affine/mapflow/_apply_surface_affine0".
250403-07:54:24,538 nipype.workflow INFO:
	 [Node] Executing "_apply_surface_affine0" <smriprep.interfaces.workbench.SurfaceApplyAffine>
250403-07:54:24,543 nipype.workflow INFO:
	 [Node] Setting-up "_apply_surface_affine1" in "/work_dir/fmriprep_24_0_wf/sub_33_wf/anat_fit_wf/msm_sulc_wf/apply_surface_affine/mapflow/_apply_surface_affine1".
250403-07:54:24,545 nipype.workflow INFO:
	 [Node] Executing "_apply_surface_affine1" <smriprep.interfaces.workbench.SurfaceApplyAffine>
250403-07:54:29,428 nipype.workflow INFO:
	 [Node] Finished "_apply_surface_affine1", elapsed time 4.123534s.
250403-07:54:29,944 nipype.workflow INFO:
	 [Node] Finished "_apply_surface_affine0", elapsed time 4.580648s.
250403-07:54:32,625 nipype.workflow INFO:
	 [Node] Setting-up "_apply_surface_affine0" in "/work_dir/fmriprep_24_0_wf/sub_33_wf/anat_fit_wf/msm_sulc_wf/apply_surface_affine/mapflow/_apply_surface_affine0".
250403-07:54:32,626 nipype.workflow INFO:
	 [Node] Cached "_apply_surface_affine0" - collecting precomputed outputs
250403-07:54:32,626 nipype.workflow INFO:
	 [Node] "_apply_surface_affine0" found cached.
250403-07:54:32,626 nipype.workflow INFO:
	 [Node] Setting-up "_apply_surface_affine1" in "/work_dir/fmriprep_24_0_wf/sub_33_wf/anat_fit_wf/msm_sulc_wf/apply_surface_affine/mapflow/_apply_surface_affine1".
250403-07:54:32,627 nipype.workflow INFO:
	 [Node] Cached "_apply_surface_affine1" - collecting precomputed outputs
250403-07:54:32,627 nipype.workflow INFO:
	 [Node] "_apply_surface_affine1" found cached.
250403-07:54:36,618 nipype.workflow INFO:
	 [Node] Setting-up "_modify_sphere0" in "/work_dir/fmriprep_24_0_wf/sub_33_wf/anat_fit_wf/msm_sulc_wf/modify_sphere/mapflow/_modify_sphere0".
250403-07:54:36,620 nipype.workflow INFO:
	 [Node] Executing "_modify_sphere0" <smriprep.interfaces.workbench.SurfaceModifySphere>
250403-07:54:36,625 nipype.workflow INFO:
	 [Node] Setting-up "_modify_sphere1" in "/work_dir/fmriprep_24_0_wf/sub_33_wf/anat_fit_wf/msm_sulc_wf/modify_sphere/mapflow/_modify_sphere1".
250403-07:54:36,626 nipype.workflow INFO:
	 [Node] Executing "_modify_sphere1" <smriprep.interfaces.workbench.SurfaceModifySphere>
250403-07:54:42,288 nipype.workflow INFO:
	 [Node] Finished "_modify_sphere0", elapsed time 4.928442s.
250403-07:54:42,807 nipype.workflow INFO:
	 [Node] Finished "_modify_sphere1", elapsed time 5.180779s.
250403-07:54:44,618 nipype.workflow INFO:
	 [Node] Setting-up "_modify_sphere0" in "/work_dir/fmriprep_24_0_wf/sub_33_wf/anat_fit_wf/msm_sulc_wf/modify_sphere/mapflow/_modify_sphere0".
250403-07:54:44,619 nipype.workflow INFO:
	 [Node] Cached "_modify_sphere0" - collecting precomputed outputs
250403-07:54:44,619 nipype.workflow INFO:
	 [Node] "_modify_sphere0" found cached.
250403-07:54:44,619 nipype.workflow INFO:
	 [Node] Setting-up "_modify_sphere1" in "/work_dir/fmriprep_24_0_wf/sub_33_wf/anat_fit_wf/msm_sulc_wf/modify_sphere/mapflow/_modify_sphere1".
250403-07:54:44,620 nipype.workflow INFO:
	 [Node] Cached "_modify_sphere1" - collecting precomputed outputs
250403-07:54:44,620 nipype.workflow INFO:
	 [Node] "_modify_sphere1" found cached.
250403-07:54:48,613 nipype.workflow INFO:
	 [Node] Setting-up "_msmsulc0" in "/work_dir/fmriprep_24_0_wf/sub_33_wf/anat_fit_wf/msm_sulc_wf/msmsulc/mapflow/_msmsulc0".
250403-07:54:48,615 nipype.workflow INFO:
	 [Node] Setting-up "_msmsulc1" in "/work_dir/fmriprep_24_0_wf/sub_33_wf/anat_fit_wf/msm_sulc_wf/msmsulc/mapflow/_msmsulc1".
250403-07:54:48,615 nipype.workflow INFO:
	 [Node] Executing "_msmsulc0" <smriprep.interfaces.msm.MSM>
250403-07:54:48,616 nipype.workflow INFO:
	 [Node] Executing "_msmsulc1" <smriprep.interfaces.msm.MSM>
250403-07:54:58,928 nipype.workflow INFO:
	 [Node] Finished "mri_coreg", elapsed time 90.734654s.
250403-07:54:59,949 nipype.workflow INFO:
	 [Node] Finished "mri_coreg", elapsed time 91.747315s.
250403-07:55:00,41 nipype.workflow INFO:
	 [Node] Finished "mri_coreg", elapsed time 91.839535s.
250403-07:55:00,302 nipype.workflow INFO:
	 [Node] Setting-up "fmriprep_24_0_wf.sub_33_wf.bold_task_bird_run_1_wf.bold_fit_wf.bold_reg_wf.bbreg_wf.bbregister" in "/work_dir/fmriprep_24_0_wf/sub_33_wf/bold_task_bird_run_1_wf/bold_fit_wf/bold_reg_wf/bbreg_wf/bbregister".
250403-07:55:00,303 nipype.workflow INFO:
	 [Node] Setting-up "fmriprep_24_0_wf.sub_33_wf.bold_task_bird_run_5_wf.bold_fit_wf.bold_reg_wf.bbreg_wf.mri_coreg" in "/work_dir/fmriprep_24_0_wf/sub_33_wf/bold_task_bird_run_5_wf/bold_fit_wf/bold_reg_wf/bbreg_wf/mri_coreg".
250403-07:55:00,306 nipype.workflow INFO:
	 [Node] Executing "mri_coreg" <fmriprep.interfaces.patches.MRICoreg>
250403-07:55:00,309 nipype.workflow INFO:
	 [Node] Executing "bbregister" <nipype.interfaces.freesurfer.preprocess.BBRegister>
250403-07:55:02,314 nipype.workflow INFO:
	 [Node] Setting-up "fmriprep_24_0_wf.sub_33_wf.bold_task_bird_run_6_wf.bold_fit_wf.bold_reg_wf.bbreg_wf.mri_coreg" in "/work_dir/fmriprep_24_0_wf/sub_33_wf/bold_task_bird_run_6_wf/bold_fit_wf/bold_reg_wf/bbreg_wf/mri_coreg".
250403-07:55:02,317 nipype.workflow INFO:
	 [Node] Executing "mri_coreg" <fmriprep.interfaces.patches.MRICoreg>
250403-07:55:02,319 nipype.workflow INFO:
	 [Node] Setting-up "fmriprep_24_0_wf.sub_33_wf.bold_task_bird_run_2_wf.bold_fit_wf.bold_reg_wf.bbreg_wf.bbregister" in "/work_dir/fmriprep_24_0_wf/sub_33_wf/bold_task_bird_run_2_wf/bold_fit_wf/bold_reg_wf/bbreg_wf/bbregister".
250403-07:55:02,319 nipype.workflow INFO:
	 [Node] Setting-up "fmriprep_24_0_wf.sub_33_wf.bold_task_bird_run_4_wf.bold_fit_wf.bold_reg_wf.bbreg_wf.bbregister" in "/work_dir/fmriprep_24_0_wf/sub_33_wf/bold_task_bird_run_4_wf/bold_fit_wf/bold_reg_wf/bbreg_wf/bbregister".
250403-07:55:02,323 nipype.workflow INFO:
	 [Node] Executing "bbregister" <nipype.interfaces.freesurfer.preprocess.BBRegister>
250403-07:55:02,323 nipype.workflow INFO:
	 [Node] Executing "bbregister" <nipype.interfaces.freesurfer.preprocess.BBRegister>
250403-07:55:02,591 nipype.workflow INFO:
	 [Node] Finished "mri_coreg", elapsed time 94.38947s.
250403-07:55:03,956 nipype.workflow INFO:
	 [Node] Finished "refine", elapsed time 87.722872s.
250403-07:55:04,103 nipype.workflow INFO:
	 [Node] Setting-up "fmriprep_24_0_wf.sub_33_wf.bold_task_bird_run_3_wf.bold_fit_wf.bold_reg_wf.bbreg_wf.bbregister" in "/work_dir/fmriprep_24_0_wf/sub_33_wf/bold_task_bird_run_3_wf/bold_fit_wf/bold_reg_wf/bbreg_wf/bbregister".
250403-07:55:04,112 nipype.workflow INFO:
	 [Node] Executing "bbregister" <nipype.interfaces.freesurfer.preprocess.BBRegister>
250403-07:55:06,86 nipype.workflow INFO:
	 [Node] Setting-up "fmriprep_24_0_wf.sub_33_wf.anat_fit_wf.applyrefined" in "/work_dir/fmriprep_24_0_wf/sub_33_wf/anat_fit_wf/applyrefined".
250403-07:55:06,91 nipype.workflow INFO:
	 [Node] Executing "applyrefined" <nipype.interfaces.fsl.maths.ApplyMask>
250403-07:55:07,355 nipype.workflow INFO:
	 [Node] Setting-up "fmriprep_24_0_wf.sub_33_wf.anat_fit_wf.register_template_wf.registration" in "/work_dir/fmriprep_24_0_wf/sub_33_wf/anat_fit_wf/register_template_wf/_template_MNI152NLin2009cAsym/registration".
250403-07:55:07,402 nipype.workflow INFO:
	 [Node] Executing "registration" <niworkflows.interfaces.norm.SpatialNormalization>
250403-07:55:08,169 nipype.workflow INFO:
	 [Node] Setting-up "fmriprep_24_0_wf.sub_33_wf.bold_task_bird_run_1_wf.bold_anat_wf.gen_ref" in "/work_dir/fmriprep_24_0_wf/sub_33_wf/bold_task_bird_run_1_wf/bold_anat_wf/gen_ref".
250403-07:55:08,172 nipype.workflow INFO:
	 [Node] Executing "gen_ref" <niworkflows.interfaces.nibabel.GenerateSamplingReference>
250403-07:55:08,174 nipype.workflow INFO:
	 [Node] Setting-up "fmriprep_24_0_wf.sub_33_wf.bold_task_bird_run_2_wf.bold_anat_wf.gen_ref" in "/work_dir/fmriprep_24_0_wf/sub_33_wf/bold_task_bird_run_2_wf/bold_anat_wf/gen_ref".
250403-07:55:08,177 nipype.workflow INFO:
	 [Node] Executing "gen_ref" <niworkflows.interfaces.nibabel.GenerateSamplingReference>
250403-07:55:08,185 nipype.workflow INFO:
	 [Node] Setting-up "fmriprep_24_0_wf.sub_33_wf.bold_task_bird_run_3_wf.bold_anat_wf.gen_ref" in "/work_dir/fmriprep_24_0_wf/sub_33_wf/bold_task_bird_run_3_wf/bold_anat_wf/gen_ref".
250403-07:55:08,186 nipype.workflow INFO:
	 [Node] Setting-up "fmriprep_24_0_wf.sub_33_wf.bold_task_bird_run_4_wf.bold_anat_wf.gen_ref" in "/work_dir/fmriprep_24_0_wf/sub_33_wf/bold_task_bird_run_4_wf/bold_anat_wf/gen_ref".
250403-07:55:08,189 nipype.workflow INFO:
	 [Node] Executing "gen_ref" <niworkflows.interfaces.nibabel.GenerateSamplingReference>
250403-07:55:08,190 nipype.workflow INFO:
	 [Node] Executing "gen_ref" <niworkflows.interfaces.nibabel.GenerateSamplingReference>
250403-07:55:08,194 nipype.workflow INFO:
	 [Node] Setting-up "fmriprep_24_0_wf.sub_33_wf.bold_task_bird_run_5_wf.bold_anat_wf.gen_ref" in "/work_dir/fmriprep_24_0_wf/sub_33_wf/bold_task_bird_run_5_wf/bold_anat_wf/gen_ref".
250403-07:55:08,199 nipype.workflow INFO:
	 [Node] Executing "gen_ref" <niworkflows.interfaces.nibabel.GenerateSamplingReference>
250403-07:55:10,176 nipype.workflow INFO:
	 [Node] Finished "applyrefined", elapsed time 4.083914s.
250403-07:55:12,459 nipype.workflow INFO:
	 [Node] Setting-up "fmriprep_24_0_wf.sub_33_wf.anat_fit_wf.fast" in "/work_dir/fmriprep_24_0_wf/sub_33_wf/anat_fit_wf/fast".
250403-07:55:12,461 nipype.workflow INFO:
	 [Node] Executing "fast" <nipype.interfaces.fsl.preprocess.FAST>
250403-07:55:18,861 nipype.workflow INFO:
	 [Node] Finished "gen_ref", elapsed time 10.68796s.
250403-07:55:20,361 nipype.workflow INFO:
	 [Node] Setting-up "fmriprep_24_0_wf.sub_33_wf.bold_task_bird_run_6_wf.bold_anat_wf.gen_ref" in "/work_dir/fmriprep_24_0_wf/sub_33_wf/bold_task_bird_run_6_wf/bold_anat_wf/gen_ref".
250403-07:55:20,364 nipype.workflow INFO:
	 [Node] Executing "gen_ref" <niworkflows.interfaces.nibabel.GenerateSamplingReference>
250403-07:55:20,773 nipype.workflow INFO:
	 [Node] Finished "gen_ref", elapsed time 12.5957s.
250403-07:55:21,14 nipype.workflow INFO:
	 [Node] Finished "gen_ref", elapsed time 12.824746s.
250403-07:55:21,20 nipype.workflow INFO:
	 [Node] Finished "gen_ref", elapsed time 12.830007s.
250403-07:55:21,475 nipype.workflow INFO:
	 [Node] Finished "gen_ref", elapsed time 13.275381s.
250403-07:55:32,175 nipype.workflow INFO:
	 [Node] Finished "gen_ref", elapsed time 11.810202s.
250403-07:56:27,838 nipype.workflow INFO:
	 [Node] Finished "_create_wm_distvol0", elapsed time 152.952066s.
250403-07:56:27,906 nipype.workflow INFO:
	 [Node] Finished "bbregister", elapsed time 83.792594s.
250403-07:56:32,273 nipype.workflow INFO:
	 [Node] Setting-up "fmriprep_24_0_wf.sub_33_wf.bold_task_bird_run_3_wf.bold_fit_wf.bold_reg_wf.bbreg_wf.compare_transforms" in "/work_dir/fmriprep_24_0_wf/sub_33_wf/bold_task_bird_run_3_wf/bold_fit_wf/bold_reg_wf/bbreg_wf/compare_transforms".
250403-07:56:32,275 nipype.workflow INFO:
	 [Node] Executing "compare_transforms" <nipype.interfaces.utility.wrappers.Function>
250403-07:56:32,389 nipype.workflow INFO:
	 [Node] Finished "compare_transforms", elapsed time 0.095228s.
250403-07:56:32,687 nipype.workflow INFO:
	 [Node] Finished "_create_wm_distvol1", elapsed time 157.780201s.
250403-07:56:34,902 nipype.workflow INFO:
	 [Node] Setting-up "_create_wm_distvol0" in "/work_dir/fmriprep_24_0_wf/sub_33_wf/anat_fit_wf/anat_ribbon_wf/create_wm_distvol/mapflow/_create_wm_distvol0".
250403-07:56:34,903 nipype.workflow INFO:
	 [Node] Cached "_create_wm_distvol0" - collecting precomputed outputs
250403-07:56:34,904 nipype.workflow INFO:
	 [Node] "_create_wm_distvol0" found cached.
250403-07:56:34,904 nipype.workflow INFO:
	 [Node] Setting-up "_create_wm_distvol1" in "/work_dir/fmriprep_24_0_wf/sub_33_wf/anat_fit_wf/anat_ribbon_wf/create_wm_distvol/mapflow/_create_wm_distvol1".
250403-07:56:34,905 nipype.workflow INFO:
	 [Node] Cached "_create_wm_distvol1" - collecting precomputed outputs
250403-07:56:34,905 nipype.workflow INFO:
	 [Node] "_create_wm_distvol1" found cached.
250403-07:56:38,294 nipype.workflow INFO:
	 [Node] Setting-up "fmriprep_24_0_wf.sub_33_wf.bold_task_bird_run_3_wf.bold_fit_wf.bold_reg_wf.bbreg_wf.concat_xfm" in "/work_dir/fmriprep_24_0_wf/sub_33_wf/bold_task_bird_run_3_wf/bold_fit_wf/bold_reg_wf/bbreg_wf/concat_xfm".
250403-07:56:38,303 nipype.workflow INFO:
	 [Node] Executing "concat_xfm" <niworkflows.interfaces.nitransforms.ConcatenateXFMs>
250403-07:56:38,308 nipype.workflow INFO:
	 [Node] Finished "concat_xfm", elapsed time 0.004122s.
250403-07:56:42,142 nipype.workflow INFO:
	 [Node] Setting-up "fmriprep_24_0_wf.sub_33_wf.bold_task_bird_run_3_wf.bold_fit_wf.func_fit_reports_wf.t1w_boldref" in "/work_dir/fmriprep_24_0_wf/sub_33_wf/bold_task_bird_run_3_wf/bold_fit_wf/func_fit_reports_wf/t1w_boldref".
250403-07:56:42,154 nipype.workflow INFO:
	 [Node] Executing "t1w_boldref" <niworkflows.interfaces.fixes.FixHeaderApplyTransforms>
250403-07:56:42,521 nipype.workflow INFO:
	 [Node] Setting-up "fmriprep_24_0_wf.sub_33_wf.bold_task_bird_run_3_wf.bold_confounds_wf.t1w_mask_tfm" in "/work_dir/fmriprep_24_0_wf/sub_33_wf/bold_task_bird_run_3_wf/bold_confounds_wf/t1w_mask_tfm".
250403-07:56:42,531 nipype.workflow INFO:
	 [Node] Executing "t1w_mask_tfm" <niworkflows.interfaces.fixes.FixHeaderApplyTransforms>
250403-07:56:43,326 nipype.workflow INFO:
	 [Node] Finished "bbregister", elapsed time 101.002057s.
250403-07:56:46,275 nipype.workflow INFO:
	 [Node] Setting-up "fmriprep_24_0_wf.sub_33_wf.bold_task_bird_run_2_wf.bold_fit_wf.bold_reg_wf.bbreg_wf.compare_transforms" in "/work_dir/fmriprep_24_0_wf/sub_33_wf/bold_task_bird_run_2_wf/bold_fit_wf/bold_reg_wf/bbreg_wf/compare_transforms".
250403-07:56:46,277 nipype.workflow INFO:
	 [Node] Executing "compare_transforms" <nipype.interfaces.utility.wrappers.Function>
250403-07:56:46,286 nipype.workflow INFO:
	 [Node] Finished "compare_transforms", elapsed time 0.007727s.
250403-07:56:50,612 nipype.workflow INFO:
	 [Node] Finished "t1w_boldref", elapsed time 8.457141s.
250403-07:56:52,172 nipype.workflow INFO:
	 [Node] Finished "bbregister", elapsed time 111.86212s.
250403-07:56:53,831 nipype.workflow INFO:
	 [Node] Setting-up "fmriprep_24_0_wf.sub_33_wf.bold_task_bird_run_2_wf.bold_fit_wf.bold_reg_wf.bbreg_wf.concat_xfm" in "/work_dir/fmriprep_24_0_wf/sub_33_wf/bold_task_bird_run_2_wf/bold_fit_wf/bold_reg_wf/bbreg_wf/concat_xfm".
250403-07:56:53,833 nipype.workflow INFO:
	 [Node] Executing "concat_xfm" <niworkflows.interfaces.nitransforms.ConcatenateXFMs>
250403-07:56:53,838 nipype.workflow INFO:
	 [Node] Finished "concat_xfm", elapsed time 0.004078s.
250403-07:56:54,146 nipype.workflow INFO:
	 [Node] Setting-up "fmriprep_24_0_wf.sub_33_wf.bold_task_bird_run_3_wf.bold_anat_wf.resample" in "/work_dir/fmriprep_24_0_wf/sub_33_wf/bold_task_bird_run_3_wf/bold_anat_wf/resample".
250403-07:56:54,175 nipype.workflow INFO:
	 [Node] Executing "resample" <fmriprep.interfaces.resampling.ResampleSeries>
250403-07:56:54,724 nipype.workflow INFO:
	 [Node] Finished "_create_pial_distvol0", elapsed time 178.190873s.
250403-07:56:55,32 nipype.workflow INFO:
	 [Node] Setting-up "fmriprep_24_0_wf.sub_33_wf.bold_task_bird_run_1_wf.bold_fit_wf.bold_reg_wf.bbreg_wf.compare_transforms" in "/work_dir/fmriprep_24_0_wf/sub_33_wf/bold_task_bird_run_1_wf/bold_fit_wf/bold_reg_wf/bbreg_wf/compare_transforms".
250403-07:56:55,34 nipype.workflow INFO:
	 [Node] Executing "compare_transforms" <nipype.interfaces.utility.wrappers.Function>
250403-07:56:55,181 nipype.workflow INFO:
	 [Node] Finished "compare_transforms", elapsed time 0.146303s.
250403-07:56:59,536 nipype.workflow INFO:
	 [Node] Finished "t1w_mask_tfm", elapsed time 17.004167s.
250403-07:57:01,714 nipype.workflow INFO:
	 [Node] Setting-up "fmriprep_24_0_wf.sub_33_wf.bold_task_bird_run_2_wf.bold_fit_wf.func_fit_reports_wf.t1w_boldref" in "/work_dir/fmriprep_24_0_wf/sub_33_wf/bold_task_bird_run_2_wf/bold_fit_wf/func_fit_reports_wf/t1w_boldref".
250403-07:57:01,718 nipype.workflow INFO:
	 [Node] Executing "t1w_boldref" <niworkflows.interfaces.fixes.FixHeaderApplyTransforms>
250403-07:57:02,316 nipype.workflow INFO:
	 [Node] Setting-up "fmriprep_24_0_wf.sub_33_wf.bold_task_bird_run_2_wf.bold_confounds_wf.t1w_mask_tfm" in "/work_dir/fmriprep_24_0_wf/sub_33_wf/bold_task_bird_run_2_wf/bold_confounds_wf/t1w_mask_tfm".
250403-07:57:02,318 nipype.workflow INFO:
	 [Node] Setting-up "fmriprep_24_0_wf.sub_33_wf.bold_task_bird_run_3_wf.bold_confounds_wf.union_mask" in "/work_dir/fmriprep_24_0_wf/sub_33_wf/bold_task_bird_run_3_wf/bold_confounds_wf/union_mask".
250403-07:57:02,319 nipype.workflow INFO:
	 [Node] Executing "t1w_mask_tfm" <niworkflows.interfaces.fixes.FixHeaderApplyTransforms>
250403-07:57:02,320 nipype.workflow INFO:
	 [Node] Executing "union_mask" <nipype.interfaces.utility.wrappers.Function>
250403-07:57:02,508 nipype.workflow INFO:
	 [Node] Finished "union_mask", elapsed time 0.187079s.
250403-07:57:02,593 nipype.workflow INFO:
	 [Node] Finished "_create_pial_distvol1", elapsed time 187.675556s.
250403-07:57:05,93 nipype.workflow INFO:
	 [Node] Setting-up "_create_pial_distvol0" in "/work_dir/fmriprep_24_0_wf/sub_33_wf/anat_fit_wf/anat_ribbon_wf/create_pial_distvol/mapflow/_create_pial_distvol0".
250403-07:57:05,94 nipype.workflow INFO:
	 [Node] Cached "_create_pial_distvol0" - collecting precomputed outputs
250403-07:57:05,95 nipype.workflow INFO:
	 [Node] "_create_pial_distvol0" found cached.
250403-07:57:05,95 nipype.workflow INFO:
	 [Node] Setting-up "_create_pial_distvol1" in "/work_dir/fmriprep_24_0_wf/sub_33_wf/anat_fit_wf/anat_ribbon_wf/create_pial_distvol/mapflow/_create_pial_distvol1".
250403-07:57:05,96 nipype.workflow INFO:
	 [Node] Cached "_create_pial_distvol1" - collecting precomputed outputs
250403-07:57:05,96 nipype.workflow INFO:
	 [Node] "_create_pial_distvol1" found cached.
250403-07:57:05,97 nipype.workflow INFO:
	 [Node] Setting-up "fmriprep_24_0_wf.sub_33_wf.bold_task_bird_run_1_wf.bold_fit_wf.bold_reg_wf.bbreg_wf.concat_xfm" in "/work_dir/fmriprep_24_0_wf/sub_33_wf/bold_task_bird_run_1_wf/bold_fit_wf/bold_reg_wf/bbreg_wf/concat_xfm".
250403-07:57:05,99 nipype.workflow INFO:
	 [Node] Executing "concat_xfm" <niworkflows.interfaces.nitransforms.ConcatenateXFMs>
250403-07:57:05,105 nipype.workflow INFO:
	 [Node] Finished "concat_xfm", elapsed time 0.00456s.
250403-07:57:07,80 nipype.workflow INFO:
	 [Node] Setting-up "fmriprep_24_0_wf.sub_33_wf.anat_fit_wf.anat_ribbon_wf.make_ribbon" in "/work_dir/fmriprep_24_0_wf/sub_33_wf/anat_fit_wf/anat_ribbon_wf/make_ribbon".
250403-07:57:07,93 nipype.workflow INFO:
	 [Node] Executing "make_ribbon" <smriprep.interfaces.surf.MakeRibbon>
250403-07:57:08,657 nipype.workflow INFO:
	 [Node] Setting-up "fmriprep_24_0_wf.sub_33_wf.bold_task_bird_run_3_wf.bold_confounds_wf.dilated_mask" in "/work_dir/fmriprep_24_0_wf/sub_33_wf/bold_task_bird_run_3_wf/bold_confounds_wf/dilated_mask".
250403-07:57:08,658 nipype.workflow INFO:
	 [Node] Executing "dilated_mask" <niworkflows.interfaces.morphology.BinaryDilation>
250403-07:57:08,929 nipype.workflow INFO:
	 [Node] Finished "dilated_mask", elapsed time 0.269601s.
250403-07:57:10,188 nipype.workflow INFO:
	 [Node] Finished "make_ribbon", elapsed time 3.094112s.
250403-07:57:17,454 nipype.workflow INFO:
	 [Node] Finished "t1w_boldref", elapsed time 15.735512s.
250403-07:57:19,206 nipype.workflow INFO:
	 [Node] Finished "bbregister", elapsed time 136.882149s.
250403-07:57:20,42 nipype.workflow INFO:
	 [Node] Setting-up "fmriprep_24_0_wf.sub_33_wf.bold_task_bird_run_1_wf.bold_fit_wf.func_fit_reports_wf.t1w_boldref" in "/work_dir/fmriprep_24_0_wf/sub_33_wf/bold_task_bird_run_1_wf/bold_fit_wf/func_fit_reports_wf/t1w_boldref".
250403-07:57:20,47 nipype.workflow INFO:
	 [Node] Executing "t1w_boldref" <niworkflows.interfaces.fixes.FixHeaderApplyTransforms>
250403-07:57:20,700 nipype.workflow INFO:
	 [Node] Setting-up "fmriprep_24_0_wf.sub_33_wf.bold_task_bird_run_1_wf.bold_confounds_wf.t1w_mask_tfm" in "/work_dir/fmriprep_24_0_wf/sub_33_wf/bold_task_bird_run_1_wf/bold_confounds_wf/t1w_mask_tfm".
250403-07:57:20,705 nipype.workflow INFO:
	 [Node] Executing "t1w_mask_tfm" <niworkflows.interfaces.fixes.FixHeaderApplyTransforms>
250403-07:57:21,689 nipype.workflow INFO:
	 [Node] Finished "mri_coreg", elapsed time 139.369001s.
250403-07:57:23,118 nipype.workflow INFO:
	 [Node] Setting-up "fmriprep_24_0_wf.sub_33_wf.bold_task_bird_run_3_wf.bold_confounds_wf.subtract_mask" in "/work_dir/fmriprep_24_0_wf/sub_33_wf/bold_task_bird_run_3_wf/bold_confounds_wf/subtract_mask".
250403-07:57:23,120 nipype.workflow INFO:
	 [Node] Executing "subtract_mask" <niworkflows.interfaces.morphology.BinarySubtraction>
250403-07:57:23,194 nipype.workflow INFO:
	 [Node] Finished "subtract_mask", elapsed time 0.072655s.
250403-07:57:23,682 nipype.workflow INFO:
	 [Node] Setting-up "fmriprep_24_0_wf.sub_33_wf.bold_task_bird_run_6_wf.bold_fit_wf.bold_reg_wf.bbreg_wf.bbregister" in "/work_dir/fmriprep_24_0_wf/sub_33_wf/bold_task_bird_run_6_wf/bold_fit_wf/bold_reg_wf/bbreg_wf/bbregister".
250403-07:57:23,686 nipype.workflow INFO:
	 [Node] Executing "bbregister" <nipype.interfaces.freesurfer.preprocess.BBRegister>
250403-07:57:23,689 nipype.workflow INFO:
	 [Node] Setting-up "fmriprep_24_0_wf.sub_33_wf.bold_task_bird_run_4_wf.bold_fit_wf.bold_reg_wf.bbreg_wf.compare_transforms" in "/work_dir/fmriprep_24_0_wf/sub_33_wf/bold_task_bird_run_4_wf/bold_fit_wf/bold_reg_wf/bbreg_wf/compare_transforms".
250403-07:57:23,691 nipype.workflow INFO:
	 [Node] Executing "compare_transforms" <nipype.interfaces.utility.wrappers.Function>
250403-07:57:23,699 nipype.workflow INFO:
	 [Node] Finished "compare_transforms", elapsed time 0.007834s.
250403-07:57:24,30 nipype.workflow INFO:
	 [Node] Finished "t1w_mask_tfm", elapsed time 21.710161s.
250403-07:57:26,824 nipype.workflow INFO:
	 [Node] Setting-up "fmriprep_24_0_wf.sub_33_wf.bold_task_bird_run_2_wf.bold_confounds_wf.union_mask" in "/work_dir/fmriprep_24_0_wf/sub_33_wf/bold_task_bird_run_2_wf/bold_confounds_wf/union_mask".
250403-07:57:26,826 nipype.workflow INFO:
	 [Node] Executing "union_mask" <nipype.interfaces.utility.wrappers.Function>
250403-07:57:26,856 nipype.workflow INFO:
	 [Node] Setting-up "fmriprep_24_0_wf.sub_33_wf.bold_task_bird_run_3_wf.bold_confounds_wf.crowncompcor" in "/work_dir/fmriprep_24_0_wf/sub_33_wf/bold_task_bird_run_3_wf/bold_confounds_wf/crowncompcor".
250403-07:57:26,878 nipype.workflow INFO:
	 [Node] Setting-up "fmriprep_24_0_wf.sub_33_wf.bold_task_bird_run_1_wf.bold_anat_wf.resample" in "/work_dir/fmriprep_24_0_wf/sub_33_wf/bold_task_bird_run_1_wf/bold_anat_wf/resample".
250403-07:57:26,882 nipype.workflow INFO:
	 [Node] Executing "resample" <fmriprep.interfaces.resampling.ResampleSeries>
250403-07:57:26,974 nipype.workflow INFO:
	 [Node] Executing "crowncompcor" <niworkflows.interfaces.patches.RobustACompCor>
250403-07:57:27,15 nipype.workflow INFO:
	 [Node] Finished "union_mask", elapsed time 0.188366s.
250403-07:57:28,517 nipype.workflow INFO:
	 [Node] Finished "mri_coreg", elapsed time 148.209459s.
250403-07:57:29,154 nipype.workflow INFO:
	 [Node] Setting-up "fmriprep_24_0_wf.sub_33_wf.bold_task_bird_run_2_wf.bold_confounds_wf.dilated_mask" in "/work_dir/fmriprep_24_0_wf/sub_33_wf/bold_task_bird_run_2_wf/bold_confounds_wf/dilated_mask".
250403-07:57:29,156 nipype.workflow INFO:
	 [Node] Executing "dilated_mask" <niworkflows.interfaces.morphology.BinaryDilation>
250403-07:57:29,426 nipype.workflow INFO:
	 [Node] Finished "dilated_mask", elapsed time 0.268591s.
250403-07:57:29,867 nipype.workflow INFO:
	 [Node] Setting-up "fmriprep_24_0_wf.sub_33_wf.bold_task_bird_run_4_wf.bold_fit_wf.bold_reg_wf.bbreg_wf.concat_xfm" in "/work_dir/fmriprep_24_0_wf/sub_33_wf/bold_task_bird_run_4_wf/bold_fit_wf/bold_reg_wf/bbreg_wf/concat_xfm".
250403-07:57:29,869 nipype.workflow INFO:
	 [Node] Executing "concat_xfm" <niworkflows.interfaces.nitransforms.ConcatenateXFMs>
250403-07:57:29,992 nipype.workflow INFO:
	 [Node] Setting-up "fmriprep_24_0_wf.sub_33_wf.bold_task_bird_run_5_wf.bold_fit_wf.bold_reg_wf.bbreg_wf.bbregister" in "/work_dir/fmriprep_24_0_wf/sub_33_wf/bold_task_bird_run_5_wf/bold_fit_wf/bold_reg_wf/bbreg_wf/bbregister".
250403-07:57:30,4 nipype.workflow INFO:
	 [Node] Executing "bbregister" <nipype.interfaces.freesurfer.preprocess.BBRegister>
250403-07:57:30,265 nipype.workflow INFO:
	 [Node] Finished "concat_xfm", elapsed time 0.395749s.
250403-07:57:32,462 nipype.workflow INFO:
	 [Node] Setting-up "fmriprep_24_0_wf.sub_33_wf.bold_task_bird_run_2_wf.bold_anat_wf.resample" in "/work_dir/fmriprep_24_0_wf/sub_33_wf/bold_task_bird_run_2_wf/bold_anat_wf/resample".
250403-07:57:32,467 nipype.workflow INFO:
	 [Node] Executing "resample" <fmriprep.interfaces.resampling.ResampleSeries>
250403-07:57:33,194 nipype.workflow INFO:
	 [Node] Finished "t1w_boldref", elapsed time 13.146689s.
250403-07:57:34,920 nipype.workflow INFO:
	 [Node] Finished "t1w_mask_tfm", elapsed time 14.214457s.
250403-07:57:35,560 nipype.workflow INFO:
	 [Node] Setting-up "fmriprep_24_0_wf.sub_33_wf.bold_task_bird_run_4_wf.bold_fit_wf.func_fit_reports_wf.t1w_boldref" in "/work_dir/fmriprep_24_0_wf/sub_33_wf/bold_task_bird_run_4_wf/bold_fit_wf/func_fit_reports_wf/t1w_boldref".
250403-07:57:35,564 nipype.workflow INFO:
	 [Node] Executing "t1w_boldref" <niworkflows.interfaces.fixes.FixHeaderApplyTransforms>
250403-07:57:35,767 nipype.workflow INFO:
	 [Node] Setting-up "fmriprep_24_0_wf.sub_33_wf.bold_task_bird_run_4_wf.bold_confounds_wf.t1w_mask_tfm" in "/work_dir/fmriprep_24_0_wf/sub_33_wf/bold_task_bird_run_4_wf/bold_confounds_wf/t1w_mask_tfm".
250403-07:57:35,770 nipype.workflow INFO:
	 [Node] Executing "t1w_mask_tfm" <niworkflows.interfaces.fixes.FixHeaderApplyTransforms>
250403-07:57:43,42 nipype.workflow INFO:
	 [Node] Finished "crowncompcor", elapsed time 16.067808s.
250403-07:57:43,740 nipype.workflow INFO:
	 [Node] Setting-up "fmriprep_24_0_wf.sub_33_wf.bold_task_bird_run_1_wf.bold_confounds_wf.union_mask" in "/work_dir/fmriprep_24_0_wf/sub_33_wf/bold_task_bird_run_1_wf/bold_confounds_wf/union_mask".
250403-07:57:43,742 nipype.workflow INFO:
	 [Node] Executing "union_mask" <nipype.interfaces.utility.wrappers.Function>
250403-07:57:43,843 nipype.workflow INFO:
	 [Node] Finished "union_mask", elapsed time 0.099744s.
250403-07:57:46,528 nipype.workflow INFO:
	 [Node] Setting-up "fmriprep_24_0_wf.sub_33_wf.bold_task_bird_run_1_wf.bold_confounds_wf.dilated_mask" in "/work_dir/fmriprep_24_0_wf/sub_33_wf/bold_task_bird_run_1_wf/bold_confounds_wf/dilated_mask".
250403-07:57:46,530 nipype.workflow INFO:
	 [Node] Executing "dilated_mask" <niworkflows.interfaces.morphology.BinaryDilation>
250403-07:57:46,673 nipype.workflow INFO:
	 [Node] Finished "dilated_mask", elapsed time 0.142982s.
250403-07:57:47,716 nipype.workflow INFO:
	 [Node] Finished "t1w_boldref", elapsed time 12.15189s.
250403-07:57:48,65 nipype.workflow INFO:
	 [Node] Setting-up "fmriprep_24_0_wf.sub_33_wf.bold_task_bird_run_1_wf.bold_confounds_wf.subtract_mask" in "/work_dir/fmriprep_24_0_wf/sub_33_wf/bold_task_bird_run_1_wf/bold_confounds_wf/subtract_mask".
250403-07:57:48,67 nipype.workflow INFO:
	 [Node] Executing "subtract_mask" <niworkflows.interfaces.morphology.BinarySubtraction>
250403-07:57:48,186 nipype.workflow INFO:
	 [Node] Finished "subtract_mask", elapsed time 0.118466s.
250403-07:57:50,15 nipype.workflow INFO:
	 [Node] Setting-up "fmriprep_24_0_wf.sub_33_wf.bold_task_bird_run_2_wf.bold_confounds_wf.subtract_mask" in "/work_dir/fmriprep_24_0_wf/sub_33_wf/bold_task_bird_run_2_wf/bold_confounds_wf/subtract_mask".
250403-07:57:50,17 nipype.workflow INFO:
	 [Node] Executing "subtract_mask" <niworkflows.interfaces.morphology.BinarySubtraction>
250403-07:57:50,42 nipype.workflow INFO:
	 [Node] Setting-up "fmriprep_24_0_wf.sub_33_wf.bold_task_bird_run_1_wf.bold_confounds_wf.crowncompcor" in "/work_dir/fmriprep_24_0_wf/sub_33_wf/bold_task_bird_run_1_wf/bold_confounds_wf/crowncompcor".
250403-07:57:50,108 nipype.workflow INFO:
	 [Node] Finished "subtract_mask", elapsed time 0.08987s.
250403-07:57:50,114 nipype.workflow INFO:
	 [Node] Executing "crowncompcor" <niworkflows.interfaces.patches.RobustACompCor>
250403-07:57:51,619 nipype.workflow INFO:
	 [Node] Finished "t1w_mask_tfm", elapsed time 15.848575s.
250403-07:57:51,942 nipype.workflow INFO:
	 [Node] Setting-up "fmriprep_24_0_wf.sub_33_wf.bold_task_bird_run_2_wf.bold_confounds_wf.crowncompcor" in "/work_dir/fmriprep_24_0_wf/sub_33_wf/bold_task_bird_run_2_wf/bold_confounds_wf/crowncompcor".
250403-07:57:51,947 nipype.workflow INFO:
	 [Node] Executing "crowncompcor" <niworkflows.interfaces.patches.RobustACompCor>
250403-07:57:53,996 nipype.workflow INFO:
	 [Node] Setting-up "fmriprep_24_0_wf.sub_33_wf.bold_task_bird_run_4_wf.bold_confounds_wf.union_mask" in "/work_dir/fmriprep_24_0_wf/sub_33_wf/bold_task_bird_run_4_wf/bold_confounds_wf/union_mask".
250403-07:57:53,999 nipype.workflow INFO:
	 [Node] Executing "union_mask" <nipype.interfaces.utility.wrappers.Function>
250403-07:57:54,228 nipype.workflow INFO:
	 [Node] Finished "union_mask", elapsed time 0.228265s.
250403-07:57:55,928 nipype.workflow INFO:
	 [Node] Setting-up "fmriprep_24_0_wf.sub_33_wf.bold_task_bird_run_4_wf.bold_confounds_wf.dilated_mask" in "/work_dir/fmriprep_24_0_wf/sub_33_wf/bold_task_bird_run_4_wf/bold_confounds_wf/dilated_mask".
250403-07:57:55,930 nipype.workflow INFO:
	 [Node] Executing "dilated_mask" <niworkflows.interfaces.morphology.BinaryDilation>
250403-07:57:56,727 nipype.workflow INFO:
	 [Node] Finished "dilated_mask", elapsed time 0.796108s.
250403-07:57:57,685 nipype.workflow INFO:
	 [Node] Setting-up "fmriprep_24_0_wf.sub_33_wf.bold_task_bird_run_4_wf.bold_confounds_wf.subtract_mask" in "/work_dir/fmriprep_24_0_wf/sub_33_wf/bold_task_bird_run_4_wf/bold_confounds_wf/subtract_mask".
250403-07:57:57,687 nipype.workflow INFO:
	 [Node] Executing "subtract_mask" <niworkflows.interfaces.morphology.BinarySubtraction>
250403-07:57:57,773 nipype.workflow INFO:
	 [Node] Finished "subtract_mask", elapsed time 0.085176s.
250403-07:57:59,736 nipype.workflow INFO:
	 [Node] Setting-up "fmriprep_24_0_wf.sub_33_wf.bold_task_bird_run_4_wf.bold_confounds_wf.crowncompcor" in "/work_dir/fmriprep_24_0_wf/sub_33_wf/bold_task_bird_run_4_wf/bold_confounds_wf/crowncompcor".
250403-07:58:00,417 nipype.workflow INFO:
	 [Node] Executing "crowncompcor" <niworkflows.interfaces.patches.RobustACompCor>
250403-07:58:10,208 nipype.workflow INFO:
	 [Node] Finished "crowncompcor", elapsed time 20.081113s.
250403-07:58:11,386 nipype.workflow INFO:
	 [Node] Finished "crowncompcor", elapsed time 19.439054s.
250403-07:58:11,679 nipype.workflow INFO:
	 [Node] Setting-up "fmriprep_24_0_wf.sub_33_wf.bold_task_bird_run_1_wf.bold_confounds_wf.crowncc_metadata_fmt" in "/work_dir/fmriprep_24_0_wf/sub_33_wf/bold_task_bird_run_1_wf/bold_confounds_wf/crowncc_metadata_fmt".
250403-07:58:11,722 nipype.workflow INFO:
	 [Node] Executing "crowncc_metadata_fmt" <niworkflows.interfaces.utility.TSV2JSON>
250403-07:58:12,330 nipype.workflow INFO:
	 [Node] Finished "crowncc_metadata_fmt", elapsed time 0.608126s.
250403-07:58:13,580 nipype.workflow INFO:
	 [Node] Setting-up "fmriprep_24_0_wf.sub_33_wf.bold_task_bird_run_2_wf.bold_confounds_wf.crowncc_metadata_fmt" in "/work_dir/fmriprep_24_0_wf/sub_33_wf/bold_task_bird_run_2_wf/bold_confounds_wf/crowncc_metadata_fmt".
250403-07:58:13,583 nipype.workflow INFO:
	 [Node] Executing "crowncc_metadata_fmt" <niworkflows.interfaces.utility.TSV2JSON>
250403-07:58:13,591 nipype.workflow INFO:
	 [Node] Setting-up "fmriprep_24_0_wf.sub_33_wf.bold_task_bird_run_3_wf.bold_confounds_wf.crowncc_metadata_fmt" in "/work_dir/fmriprep_24_0_wf/sub_33_wf/bold_task_bird_run_3_wf/bold_confounds_wf/crowncc_metadata_fmt".
250403-07:58:13,594 nipype.workflow INFO:
	 [Node] Executing "crowncc_metadata_fmt" <niworkflows.interfaces.utility.TSV2JSON>
250403-07:58:13,602 nipype.workflow INFO:
	 [Node] Finished "crowncc_metadata_fmt", elapsed time 0.006473s.
250403-07:58:13,605 nipype.workflow INFO:
	 [Node] Finished "crowncc_metadata_fmt", elapsed time 0.021242s.
250403-07:58:13,847 nipype.workflow INFO:
	 [Node] Finished "resample", elapsed time 79.671633s.
250403-07:58:14,906 nipype.workflow INFO:
	 [Node] Finished "crowncompcor", elapsed time 14.487605s.
250403-07:58:15,625 nipype.workflow INFO:
	 [Node] Setting-up "fmriprep_24_0_wf.sub_33_wf.bold_task_bird_run_4_wf.bold_anat_wf.resample" in "/work_dir/fmriprep_24_0_wf/sub_33_wf/bold_task_bird_run_4_wf/bold_anat_wf/resample".
250403-07:58:15,628 nipype.workflow INFO:
	 [Node] Executing "resample" <fmriprep.interfaces.resampling.ResampleSeries>
250403-07:58:15,640 nipype.workflow INFO:
	 [Node] Setting-up "fmriprep_24_0_wf.sub_33_wf.bold_task_bird_run_4_wf.bold_confounds_wf.crowncc_metadata_fmt" in "/work_dir/fmriprep_24_0_wf/sub_33_wf/bold_task_bird_run_4_wf/bold_confounds_wf/crowncc_metadata_fmt".
250403-07:58:15,642 nipype.workflow INFO:
	 [Node] Executing "crowncc_metadata_fmt" <niworkflows.interfaces.utility.TSV2JSON>
250403-07:58:15,649 nipype.workflow INFO:
	 [Node] Finished "crowncc_metadata_fmt", elapsed time 0.006036s.
250403-07:58:32,608 nipype.workflow INFO:
	 [Node] Finished "resample", elapsed time 65.725466s.
250403-07:58:33,611 nipype.workflow INFO:
	 [Node] Finished "resample", elapsed time 61.14241s.
250403-07:58:54,770 nipype.workflow INFO:
	 [Node] Finished "resample", elapsed time 39.14116s.
250403-07:58:57,784 nipype.workflow INFO:
	 [Node] Finished "bbregister", elapsed time 87.779855s.
250403-07:58:58,688 nipype.workflow INFO:
	 [Node] Finished "bbregister", elapsed time 95.001056s.
250403-07:59:01,459 nipype.workflow INFO:
	 [Node] Setting-up "fmriprep_24_0_wf.sub_33_wf.bold_task_bird_run_5_wf.bold_fit_wf.bold_reg_wf.bbreg_wf.compare_transforms" in "/work_dir/fmriprep_24_0_wf/sub_33_wf/bold_task_bird_run_5_wf/bold_fit_wf/bold_reg_wf/bbreg_wf/compare_transforms".
250403-07:59:01,459 nipype.workflow INFO:
	 [Node] Setting-up "fmriprep_24_0_wf.sub_33_wf.bold_task_bird_run_6_wf.bold_fit_wf.bold_reg_wf.bbreg_wf.compare_transforms" in "/work_dir/fmriprep_24_0_wf/sub_33_wf/bold_task_bird_run_6_wf/bold_fit_wf/bold_reg_wf/bbreg_wf/compare_transforms".
250403-07:59:01,461 nipype.workflow INFO:
	 [Node] Executing "compare_transforms" <nipype.interfaces.utility.wrappers.Function>
250403-07:59:01,461 nipype.workflow INFO:
	 [Node] Executing "compare_transforms" <nipype.interfaces.utility.wrappers.Function>
250403-07:59:01,469 nipype.workflow INFO:
	 [Node] Finished "compare_transforms", elapsed time 0.007556s.
250403-07:59:01,469 nipype.workflow INFO:
	 [Node] Finished "compare_transforms", elapsed time 0.007936s.
250403-07:59:07,459 nipype.workflow INFO:
	 [Node] Setting-up "fmriprep_24_0_wf.sub_33_wf.bold_task_bird_run_5_wf.bold_fit_wf.bold_reg_wf.bbreg_wf.concat_xfm" in "/work_dir/fmriprep_24_0_wf/sub_33_wf/bold_task_bird_run_5_wf/bold_fit_wf/bold_reg_wf/bbreg_wf/concat_xfm".
250403-07:59:07,462 nipype.workflow INFO:
	 [Node] Setting-up "fmriprep_24_0_wf.sub_33_wf.bold_task_bird_run_6_wf.bold_fit_wf.bold_reg_wf.bbreg_wf.concat_xfm" in "/work_dir/fmriprep_24_0_wf/sub_33_wf/bold_task_bird_run_6_wf/bold_fit_wf/bold_reg_wf/bbreg_wf/concat_xfm".
250403-07:59:07,463 nipype.workflow INFO:
	 [Node] Executing "concat_xfm" <niworkflows.interfaces.nitransforms.ConcatenateXFMs>
250403-07:59:07,468 nipype.workflow INFO:
	 [Node] Finished "concat_xfm", elapsed time 0.003869s.
250403-07:59:07,502 nipype.workflow INFO:
	 [Node] Executing "concat_xfm" <niworkflows.interfaces.nitransforms.ConcatenateXFMs>
250403-07:59:07,507 nipype.workflow INFO:
	 [Node] Finished "concat_xfm", elapsed time 0.003992s.
250403-07:59:11,397 nipype.workflow INFO:
	 [Node] Setting-up "fmriprep_24_0_wf.sub_33_wf.bold_task_bird_run_5_wf.bold_fit_wf.func_fit_reports_wf.t1w_boldref" in "/work_dir/fmriprep_24_0_wf/sub_33_wf/bold_task_bird_run_5_wf/bold_fit_wf/func_fit_reports_wf/t1w_boldref".
250403-07:59:11,432 nipype.workflow INFO:
	 [Node] Executing "t1w_boldref" <niworkflows.interfaces.fixes.FixHeaderApplyTransforms>
250403-07:59:11,601 nipype.workflow INFO:
	 [Node] Setting-up "fmriprep_24_0_wf.sub_33_wf.bold_task_bird_run_5_wf.bold_confounds_wf.t1w_mask_tfm" in "/work_dir/fmriprep_24_0_wf/sub_33_wf/bold_task_bird_run_5_wf/bold_confounds_wf/t1w_mask_tfm".
250403-07:59:11,601 nipype.workflow INFO:
	 [Node] Setting-up "fmriprep_24_0_wf.sub_33_wf.bold_task_bird_run_6_wf.bold_fit_wf.func_fit_reports_wf.t1w_boldref" in "/work_dir/fmriprep_24_0_wf/sub_33_wf/bold_task_bird_run_6_wf/bold_fit_wf/func_fit_reports_wf/t1w_boldref".
250403-07:59:11,607 nipype.workflow INFO:
	 [Node] Executing "t1w_boldref" <niworkflows.interfaces.fixes.FixHeaderApplyTransforms>
250403-07:59:11,639 nipype.workflow INFO:
	 [Node] Executing "t1w_mask_tfm" <niworkflows.interfaces.fixes.FixHeaderApplyTransforms>
250403-07:59:11,826 nipype.workflow INFO:
	 [Node] Setting-up "fmriprep_24_0_wf.sub_33_wf.bold_task_bird_run_6_wf.bold_confounds_wf.t1w_mask_tfm" in "/work_dir/fmriprep_24_0_wf/sub_33_wf/bold_task_bird_run_6_wf/bold_confounds_wf/t1w_mask_tfm".
250403-07:59:11,829 nipype.workflow INFO:
	 [Node] Executing "t1w_mask_tfm" <niworkflows.interfaces.fixes.FixHeaderApplyTransforms>
250403-07:59:12,815 nipype.workflow INFO:
	 [Node] Finished "fast", elapsed time 240.352454s.
250403-07:59:13,628 nipype.workflow INFO:
	 [Node] Setting-up "fmriprep_24_0_wf.sub_33_wf.anat_fit_wf.lut_t1w_dseg" in "/work_dir/fmriprep_24_0_wf/sub_33_wf/anat_fit_wf/lut_t1w_dseg".
250403-07:59:13,631 nipype.workflow INFO:
	 [Node] Executing "lut_t1w_dseg" <nipype.interfaces.utility.wrappers.Function>
250403-07:59:14,263 nipype.workflow INFO:
	 [Node] Finished "lut_t1w_dseg", elapsed time 0.631617s.
250403-07:59:16,585 nipype.workflow INFO:
	 [Node] Finished "t1w_boldref", elapsed time 4.978023s.
250403-07:59:16,631 nipype.workflow INFO:
	 [Node] Finished "t1w_boldref", elapsed time 5.198298s.
250403-07:59:18,932 nipype.workflow INFO:
	 [Node] Finished "t1w_mask_tfm", elapsed time 7.292059s.
250403-07:59:19,337 nipype.workflow INFO:
	 [Node] Finished "t1w_mask_tfm", elapsed time 7.507272s.
250403-07:59:23,613 nipype.workflow INFO:
	 [Node] Setting-up "fmriprep_24_0_wf.sub_33_wf.bold_task_bird_run_5_wf.bold_anat_wf.resample" in "/work_dir/fmriprep_24_0_wf/sub_33_wf/bold_task_bird_run_5_wf/bold_anat_wf/resample".
250403-07:59:23,629 nipype.workflow INFO:
	 [Node] Executing "resample" <fmriprep.interfaces.resampling.ResampleSeries>
250403-07:59:23,732 nipype.workflow INFO:
	 [Node] Setting-up "fmriprep_24_0_wf.sub_33_wf.bold_task_bird_run_6_wf.bold_anat_wf.resample" in "/work_dir/fmriprep_24_0_wf/sub_33_wf/bold_task_bird_run_6_wf/bold_anat_wf/resample".
250403-07:59:23,735 nipype.workflow INFO:
	 [Node] Executing "resample" <fmriprep.interfaces.resampling.ResampleSeries>
250403-07:59:23,788 nipype.workflow INFO:
	 [Node] Setting-up "fmriprep_24_0_wf.sub_33_wf.bold_task_bird_run_1_wf.bold_fit_wf.func_fit_reports_wf.t1w_wm" in "/work_dir/fmriprep_24_0_wf/sub_33_wf/bold_task_bird_run_1_wf/bold_fit_wf/func_fit_reports_wf/t1w_wm".
250403-07:59:23,790 nipype.workflow INFO:
	 [Node] Executing "t1w_wm" <nipype.interfaces.utility.wrappers.Function>
250403-07:59:23,791 nipype.workflow INFO:
	 [Node] Setting-up "fmriprep_24_0_wf.sub_33_wf.anat_fit_wf.anat_reports_wf.seg_rpt" in "/work_dir/fmriprep_24_0_wf/sub_33_wf/anat_fit_wf/anat_reports_wf/seg_rpt".
250403-07:59:23,801 nipype.workflow INFO:
	 [Node] Setting-up "fmriprep_24_0_wf.sub_33_wf.bold_task_bird_run_2_wf.bold_fit_wf.func_fit_reports_wf.t1w_wm" in "/work_dir/fmriprep_24_0_wf/sub_33_wf/bold_task_bird_run_2_wf/bold_fit_wf/func_fit_reports_wf/t1w_wm".
250403-07:59:23,803 nipype.workflow INFO:
	 [Node] Executing "t1w_wm" <nipype.interfaces.utility.wrappers.Function>
250403-07:59:23,812 nipype.workflow INFO:
	 [Node] Setting-up "fmriprep_24_0_wf.sub_33_wf.bold_task_bird_run_3_wf.bold_fit_wf.func_fit_reports_wf.t1w_wm" in "/work_dir/fmriprep_24_0_wf/sub_33_wf/bold_task_bird_run_3_wf/bold_fit_wf/func_fit_reports_wf/t1w_wm".
250403-07:59:23,814 nipype.workflow INFO:
	 [Node] Executing "t1w_wm" <nipype.interfaces.utility.wrappers.Function>
250403-07:59:23,823 nipype.workflow INFO:
	 [Node] Setting-up "fmriprep_24_0_wf.sub_33_wf.bold_task_bird_run_4_wf.bold_fit_wf.func_fit_reports_wf.t1w_wm" in "/work_dir/fmriprep_24_0_wf/sub_33_wf/bold_task_bird_run_4_wf/bold_fit_wf/func_fit_reports_wf/t1w_wm".
250403-07:59:23,825 nipype.workflow INFO:
	 [Node] Executing "t1w_wm" <nipype.interfaces.utility.wrappers.Function>
250403-07:59:23,839 nipype.workflow INFO:
	 [Node] Setting-up "fmriprep_24_0_wf.sub_33_wf.bold_task_bird_run_5_wf.bold_fit_wf.func_fit_reports_wf.t1w_wm" in "/work_dir/fmriprep_24_0_wf/sub_33_wf/bold_task_bird_run_5_wf/bold_fit_wf/func_fit_reports_wf/t1w_wm".
250403-07:59:23,841 nipype.workflow INFO:
	 [Node] Executing "t1w_wm" <nipype.interfaces.utility.wrappers.Function>
250403-07:59:23,849 nipype.workflow INFO:
	 [Node] Executing "seg_rpt" <niworkflows.interfaces.reportlets.masks.ROIsPlot>
250403-07:59:23,849 nipype.workflow INFO:
	 [Node] Setting-up "fmriprep_24_0_wf.sub_33_wf.bold_task_bird_run_6_wf.bold_fit_wf.func_fit_reports_wf.t1w_wm" in "/work_dir/fmriprep_24_0_wf/sub_33_wf/bold_task_bird_run_6_wf/bold_fit_wf/func_fit_reports_wf/t1w_wm".
250403-07:59:23,851 nipype.workflow INFO:
	 [Node] Setting-up "fmriprep_24_0_wf.sub_33_wf.bold_task_bird_run_3_wf.bold_confounds_wf.acc_masks" in "/work_dir/fmriprep_24_0_wf/sub_33_wf/bold_task_bird_run_3_wf/bold_confounds_wf/acc_masks".
250403-07:59:23,851 nipype.workflow INFO:
	 [Node] Executing "t1w_wm" <nipype.interfaces.utility.wrappers.Function>
250403-07:59:23,852 nipype.workflow INFO:
	 [Node] Setting-up "fmriprep_24_0_wf.sub_33_wf.bold_task_bird_run_5_wf.bold_confounds_wf.acc_masks" in "/work_dir/fmriprep_24_0_wf/sub_33_wf/bold_task_bird_run_5_wf/bold_confounds_wf/acc_masks".
250403-07:59:23,852 nipype.workflow INFO:
	 [Node] Setting-up "fmriprep_24_0_wf.sub_33_wf.bold_task_bird_run_6_wf.bold_confounds_wf.acc_masks" in "/work_dir/fmriprep_24_0_wf/sub_33_wf/bold_task_bird_run_6_wf/bold_confounds_wf/acc_masks".
250403-07:59:23,858 nipype.workflow INFO:
	 [Node] Setting-up "fmriprep_24_0_wf.sub_33_wf.bold_task_bird_run_5_wf.bold_confounds_wf.union_mask" in "/work_dir/fmriprep_24_0_wf/sub_33_wf/bold_task_bird_run_5_wf/bold_confounds_wf/union_mask".
250403-07:59:23,860 nipype.workflow INFO:
	 [Node] Executing "union_mask" <nipype.interfaces.utility.wrappers.Function>
250403-07:59:23,963 nipype.workflow INFO:
	 [Node] Finished "union_mask", elapsed time 0.102008s.
250403-07:59:24,16 nipype.workflow INFO:
	 [Node] Executing "acc_masks" <fmriprep.interfaces.confounds.aCompCorMasks>
250403-07:59:24,21 nipype.workflow INFO:
	 [Node] Executing "acc_masks" <fmriprep.interfaces.confounds.aCompCorMasks>
250403-07:59:24,108 nipype.workflow INFO:
	 [Node] Executing "acc_masks" <fmriprep.interfaces.confounds.aCompCorMasks>
250403-07:59:24,284 nipype.workflow INFO:
	 [Node] Finished "t1w_wm", elapsed time 0.442196s.
250403-07:59:24,302 nipype.workflow INFO:
	 [Node] Finished "t1w_wm", elapsed time 0.449797s.
250403-07:59:24,350 nipype.workflow INFO:
	 [Node] Finished "t1w_wm", elapsed time 0.535515s.
250403-07:59:24,364 nipype.workflow INFO:
	 [Node] Finished "t1w_wm", elapsed time 0.538161s.
250403-07:59:24,368 nipype.workflow INFO:
	 [Node] Finished "t1w_wm", elapsed time 0.564272s.
250403-07:59:24,372 nipype.workflow INFO:
	 [Node] Finished "t1w_wm", elapsed time 0.581331s.
250403-07:59:25,718 nipype.workflow INFO:
	 [Node] Setting-up "fmriprep_24_0_wf.sub_33_wf.bold_task_bird_run_2_wf.bold_confounds_wf.acc_masks" in "/work_dir/fmriprep_24_0_wf/sub_33_wf/bold_task_bird_run_2_wf/bold_confounds_wf/acc_masks".
250403-07:59:25,859 nipype.workflow INFO:
	 [Node] Executing "acc_masks" <fmriprep.interfaces.confounds.aCompCorMasks>
250403-07:59:26,64 nipype.workflow INFO:
	 [Node] Setting-up "fmriprep_24_0_wf.sub_33_wf.bold_task_bird_run_1_wf.bold_fit_wf.func_fit_reports_wf.boldref_wm" in "/work_dir/fmriprep_24_0_wf/sub_33_wf/bold_task_bird_run_1_wf/bold_fit_wf/func_fit_reports_wf/boldref_wm".
250403-07:59:26,68 nipype.workflow INFO:
	 [Node] Executing "boldref_wm" <niworkflows.interfaces.fixes.FixHeaderApplyTransforms>
250403-07:59:26,73 nipype.workflow INFO:
	 [Node] Setting-up "fmriprep_24_0_wf.sub_33_wf.bold_task_bird_run_2_wf.bold_fit_wf.func_fit_reports_wf.boldref_wm" in "/work_dir/fmriprep_24_0_wf/sub_33_wf/bold_task_bird_run_2_wf/bold_fit_wf/func_fit_reports_wf/boldref_wm".
250403-07:59:26,76 nipype.workflow INFO:
	 [Node] Executing "boldref_wm" <niworkflows.interfaces.fixes.FixHeaderApplyTransforms>
250403-07:59:26,80 nipype.workflow INFO:
	 [Node] Setting-up "fmriprep_24_0_wf.sub_33_wf.bold_task_bird_run_3_wf.bold_fit_wf.func_fit_reports_wf.boldref_wm" in "/work_dir/fmriprep_24_0_wf/sub_33_wf/bold_task_bird_run_3_wf/bold_fit_wf/func_fit_reports_wf/boldref_wm".
250403-07:59:26,84 nipype.workflow INFO:
	 [Node] Executing "boldref_wm" <niworkflows.interfaces.fixes.FixHeaderApplyTransforms>
250403-07:59:26,86 nipype.workflow INFO:
	 [Node] Setting-up "fmriprep_24_0_wf.sub_33_wf.bold_task_bird_run_4_wf.bold_fit_wf.func_fit_reports_wf.boldref_wm" in "/work_dir/fmriprep_24_0_wf/sub_33_wf/bold_task_bird_run_4_wf/bold_fit_wf/func_fit_reports_wf/boldref_wm".
250403-07:59:26,88 nipype.workflow INFO:
	 [Node] Setting-up "fmriprep_24_0_wf.sub_33_wf.bold_task_bird_run_5_wf.bold_fit_wf.func_fit_reports_wf.boldref_wm" in "/work_dir/fmriprep_24_0_wf/sub_33_wf/bold_task_bird_run_5_wf/bold_fit_wf/func_fit_reports_wf/boldref_wm".
250403-07:59:26,90 nipype.workflow INFO:
	 [Node] Executing "boldref_wm" <niworkflows.interfaces.fixes.FixHeaderApplyTransforms>
250403-07:59:26,91 nipype.workflow INFO:
	 [Node] Executing "boldref_wm" <niworkflows.interfaces.fixes.FixHeaderApplyTransforms>
250403-07:59:26,94 nipype.workflow INFO:
	 [Node] Setting-up "fmriprep_24_0_wf.sub_33_wf.bold_task_bird_run_6_wf.bold_fit_wf.func_fit_reports_wf.boldref_wm" in "/work_dir/fmriprep_24_0_wf/sub_33_wf/bold_task_bird_run_6_wf/bold_fit_wf/func_fit_reports_wf/boldref_wm".
250403-07:59:26,97 nipype.workflow INFO:
	 [Node] Executing "boldref_wm" <niworkflows.interfaces.fixes.FixHeaderApplyTransforms>
250403-07:59:26,99 nipype.workflow INFO:
	 [Node] Setting-up "fmriprep_24_0_wf.sub_33_wf.bold_task_bird_run_6_wf.bold_confounds_wf.union_mask" in "/work_dir/fmriprep_24_0_wf/sub_33_wf/bold_task_bird_run_6_wf/bold_confounds_wf/union_mask".
250403-07:59:26,102 nipype.workflow INFO:
	 [Node] Executing "union_mask" <nipype.interfaces.utility.wrappers.Function>
250403-07:59:26,212 nipype.workflow INFO:
	 [Node] Finished "union_mask", elapsed time 0.109653s.
250403-07:59:26,714 nipype.workflow INFO:
	 [Node] Setting-up "fmriprep_24_0_wf.sub_33_wf.bold_task_bird_run_4_wf.bold_confounds_wf.acc_masks" in "/work_dir/fmriprep_24_0_wf/sub_33_wf/bold_task_bird_run_4_wf/bold_confounds_wf/acc_masks".
250403-07:59:26,749 nipype.workflow INFO:
	 [Node] Setting-up "fmriprep_24_0_wf.sub_33_wf.bold_task_bird_run_1_wf.bold_confounds_wf.acc_masks" in "/work_dir/fmriprep_24_0_wf/sub_33_wf/bold_task_bird_run_1_wf/bold_confounds_wf/acc_masks".
250403-07:59:26,943 nipype.workflow INFO:
	 [Node] Executing "acc_masks" <fmriprep.interfaces.confounds.aCompCorMasks>
250403-07:59:27,390 nipype.workflow INFO:
	 [Node] Executing "acc_masks" <fmriprep.interfaces.confounds.aCompCorMasks>
250403-07:59:27,404 nipype.workflow INFO:
	 [Node] Finished "boldref_wm", elapsed time 1.336091s.
250403-07:59:27,523 nipype.workflow INFO:
	 [Node] Finished "boldref_wm", elapsed time 1.431879s.
250403-07:59:27,702 nipype.workflow INFO:
	 [Node] Finished "boldref_wm", elapsed time 1.617238s.
250403-07:59:27,706 nipype.workflow INFO:
	 [Node] Finished "boldref_wm", elapsed time 1.613939s.
250403-07:59:27,796 nipype.workflow INFO:
	 [Node] Finished "boldref_wm", elapsed time 1.718671s.
250403-07:59:27,864 nipype.workflow INFO:
	 [Node] Finished "boldref_wm", elapsed time 1.7658960000000001s.
250403-07:59:28,63 nipype.workflow INFO:
	 [Node] Setting-up "fmriprep_24_0_wf.sub_33_wf.bold_task_bird_run_4_wf.bold_fit_wf.func_fit_reports_wf.epi_t1_report" in "/work_dir/fmriprep_24_0_wf/sub_33_wf/bold_task_bird_run_4_wf/bold_fit_wf/func_fit_reports_wf/epi_t1_report".
250403-07:59:28,64 nipype.workflow INFO:
	 [Node] Setting-up "fmriprep_24_0_wf.sub_33_wf.bold_task_bird_run_5_wf.bold_confounds_wf.dilated_mask" in "/work_dir/fmriprep_24_0_wf/sub_33_wf/bold_task_bird_run_5_wf/bold_confounds_wf/dilated_mask".
250403-07:59:28,66 nipype.workflow INFO:
	 [Node] Executing "dilated_mask" <niworkflows.interfaces.morphology.BinaryDilation>
250403-07:59:28,72 nipype.workflow INFO:
	 [Node] Executing "epi_t1_report" <nireports.interfaces.reporting.base.SimpleBeforeAfterRPT>
250403-07:59:28,72 nipype.interface INFO:
	 Report - setting before (/output/sub-33/func/sub-33_task-bird_run-4_desc-coreg_boldref.nii.gz) and after (/work_dir/fmriprep_24_0_wf/sub_33_wf/bold_task_bird_run_4_wf/bold_fit_wf/func_fit_reports_wf/t1w_boldref/sub-33_desc-preproc_T1w_trans.nii.gz) images
250403-07:59:28,72 nipype.interface INFO:
	 Generating visual report
250403-07:59:28,353 nipype.workflow INFO:
	 [Node] Finished "dilated_mask", elapsed time 0.286221s.
250403-07:59:30,36 nipype.workflow INFO:
	 [Node] Setting-up "fmriprep_24_0_wf.sub_33_wf.bold_task_bird_run_1_wf.bold_fit_wf.func_fit_reports_wf.epi_t1_report" in "/work_dir/fmriprep_24_0_wf/sub_33_wf/bold_task_bird_run_1_wf/bold_fit_wf/func_fit_reports_wf/epi_t1_report".
250403-07:59:30,39 nipype.workflow INFO:
	 [Node] Executing "epi_t1_report" <nireports.interfaces.reporting.base.SimpleBeforeAfterRPT>
250403-07:59:30,39 nipype.interface INFO:
	 Report - setting before (/output/sub-33/func/sub-33_task-bird_run-1_desc-coreg_boldref.nii.gz) and after (/work_dir/fmriprep_24_0_wf/sub_33_wf/bold_task_bird_run_1_wf/bold_fit_wf/func_fit_reports_wf/t1w_boldref/sub-33_desc-preproc_T1w_trans.nii.gz) images
250403-07:59:30,39 nipype.interface INFO:
	 Generating visual report
250403-07:59:30,63 nipype.workflow INFO:
	 [Node] Setting-up "fmriprep_24_0_wf.sub_33_wf.bold_task_bird_run_2_wf.bold_fit_wf.func_fit_reports_wf.epi_t1_report" in "/work_dir/fmriprep_24_0_wf/sub_33_wf/bold_task_bird_run_2_wf/bold_fit_wf/func_fit_reports_wf/epi_t1_report".
250403-07:59:30,66 nipype.workflow INFO:
	 [Node] Executing "epi_t1_report" <nireports.interfaces.reporting.base.SimpleBeforeAfterRPT>
250403-07:59:30,67 nipype.interface INFO:
	 Report - setting before (/output/sub-33/func/sub-33_task-bird_run-2_desc-coreg_boldref.nii.gz) and after (/work_dir/fmriprep_24_0_wf/sub_33_wf/bold_task_bird_run_2_wf/bold_fit_wf/func_fit_reports_wf/t1w_boldref/sub-33_desc-preproc_T1w_trans.nii.gz) images
250403-07:59:30,67 nipype.interface INFO:
	 Generating visual report
250403-07:59:30,85 nipype.workflow INFO:
	 [Node] Setting-up "fmriprep_24_0_wf.sub_33_wf.bold_task_bird_run_3_wf.bold_fit_wf.func_fit_reports_wf.epi_t1_report" in "/work_dir/fmriprep_24_0_wf/sub_33_wf/bold_task_bird_run_3_wf/bold_fit_wf/func_fit_reports_wf/epi_t1_report".
250403-07:59:30,88 nipype.workflow INFO:
	 [Node] Executing "epi_t1_report" <nireports.interfaces.reporting.base.SimpleBeforeAfterRPT>
250403-07:59:30,89 nipype.interface INFO:
	 Report - setting before (/output/sub-33/func/sub-33_task-bird_run-3_desc-coreg_boldref.nii.gz) and after (/work_dir/fmriprep_24_0_wf/sub_33_wf/bold_task_bird_run_3_wf/bold_fit_wf/func_fit_reports_wf/t1w_boldref/sub-33_desc-preproc_T1w_trans.nii.gz) images
250403-07:59:30,89 nipype.interface INFO:
	 Generating visual report
250403-07:59:30,90 nipype.workflow INFO:
	 [Node] Setting-up "fmriprep_24_0_wf.sub_33_wf.bold_task_bird_run_6_wf.bold_fit_wf.func_fit_reports_wf.epi_t1_report" in "/work_dir/fmriprep_24_0_wf/sub_33_wf/bold_task_bird_run_6_wf/bold_fit_wf/func_fit_reports_wf/epi_t1_report".
250403-07:59:30,93 nipype.workflow INFO:
	 [Node] Executing "epi_t1_report" <nireports.interfaces.reporting.base.SimpleBeforeAfterRPT>
250403-07:59:30,93 nipype.interface INFO:
	 Report - setting before (/output/sub-33/func/sub-33_task-bird_run-6_desc-coreg_boldref.nii.gz) and after (/work_dir/fmriprep_24_0_wf/sub_33_wf/bold_task_bird_run_6_wf/bold_fit_wf/func_fit_reports_wf/t1w_boldref/sub-33_desc-preproc_T1w_trans.nii.gz) images
250403-07:59:30,93 nipype.interface INFO:
	 Generating visual report
250403-07:59:30,95 nipype.workflow INFO:
	 [Node] Setting-up "fmriprep_24_0_wf.sub_33_wf.bold_task_bird_run_6_wf.bold_confounds_wf.dilated_mask" in "/work_dir/fmriprep_24_0_wf/sub_33_wf/bold_task_bird_run_6_wf/bold_confounds_wf/dilated_mask".
250403-07:59:30,96 nipype.workflow INFO:
	 [Node] Executing "dilated_mask" <niworkflows.interfaces.morphology.BinaryDilation>
250403-07:59:30,367 nipype.workflow INFO:
	 [Node] Finished "dilated_mask", elapsed time 0.26962s.
250403-07:59:31,448 nipype.workflow INFO:
	 [Node] Setting-up "fmriprep_24_0_wf.sub_33_wf.bold_task_bird_run_5_wf.bold_fit_wf.func_fit_reports_wf.epi_t1_report" in "/work_dir/fmriprep_24_0_wf/sub_33_wf/bold_task_bird_run_5_wf/bold_fit_wf/func_fit_reports_wf/epi_t1_report".
250403-07:59:31,451 nipype.workflow INFO:
	 [Node] Executing "epi_t1_report" <nireports.interfaces.reporting.base.SimpleBeforeAfterRPT>
250403-07:59:31,451 nipype.interface INFO:
	 Report - setting before (/output/sub-33/func/sub-33_task-bird_run-5_desc-coreg_boldref.nii.gz) and after (/work_dir/fmriprep_24_0_wf/sub_33_wf/bold_task_bird_run_5_wf/bold_fit_wf/func_fit_reports_wf/t1w_boldref/sub-33_desc-preproc_T1w_trans.nii.gz) images
250403-07:59:31,451 nipype.interface INFO:
	 Generating visual report
250403-07:59:32,305 nipype.workflow INFO:
	 [Node] Setting-up "fmriprep_24_0_wf.sub_33_wf.bold_task_bird_run_5_wf.bold_confounds_wf.subtract_mask" in "/work_dir/fmriprep_24_0_wf/sub_33_wf/bold_task_bird_run_5_wf/bold_confounds_wf/subtract_mask".
250403-07:59:32,307 nipype.workflow INFO:
	 [Node] Executing "subtract_mask" <niworkflows.interfaces.morphology.BinarySubtraction>
250403-07:59:32,382 nipype.workflow INFO:
	 [Node] Finished "subtract_mask", elapsed time 0.074005s.
250403-07:59:34,300 nipype.workflow INFO:
	 [Node] Setting-up "fmriprep_24_0_wf.sub_33_wf.bold_task_bird_run_6_wf.bold_confounds_wf.subtract_mask" in "/work_dir/fmriprep_24_0_wf/sub_33_wf/bold_task_bird_run_6_wf/bold_confounds_wf/subtract_mask".
250403-07:59:34,303 nipype.workflow INFO:
	 [Node] Executing "subtract_mask" <niworkflows.interfaces.morphology.BinarySubtraction>
250403-07:59:34,357 nipype.workflow INFO:
	 [Node] Finished "subtract_mask", elapsed time 0.053961s.
250403-07:59:36,512 nipype.workflow INFO:
	 [Node] Setting-up "fmriprep_24_0_wf.sub_33_wf.bold_task_bird_run_5_wf.bold_confounds_wf.crowncompcor" in "/work_dir/fmriprep_24_0_wf/sub_33_wf/bold_task_bird_run_5_wf/bold_confounds_wf/crowncompcor".
250403-07:59:36,549 nipype.workflow INFO:
	 [Node] Executing "crowncompcor" <niworkflows.interfaces.patches.RobustACompCor>
250403-07:59:39,100 nipype.workflow INFO:
	 [Node] Finished "acc_masks", elapsed time 15.083786s.
250403-07:59:39,791 nipype.workflow INFO:
	 [Node] Finished "acc_masks", elapsed time 15.76909s.
250403-07:59:40,762 nipype.workflow INFO:
	 [Node] Setting-up "fmriprep_24_0_wf.sub_33_wf.bold_task_bird_run_6_wf.bold_confounds_wf.crowncompcor" in "/work_dir/fmriprep_24_0_wf/sub_33_wf/bold_task_bird_run_6_wf/bold_confounds_wf/crowncompcor".
250403-07:59:40,766 nipype.workflow INFO:
	 [Node] Executing "crowncompcor" <niworkflows.interfaces.patches.RobustACompCor>
250403-07:59:41,255 nipype.workflow INFO:
	 [Node] Finished "acc_masks", elapsed time 17.146162s.
250403-07:59:42,439 nipype.workflow INFO:
	 [Node] Finished "acc_masks", elapsed time 16.578477s.
250403-07:59:42,767 nipype.workflow INFO:
	 [Node] Setting-up "_acc_msk_tfm0" in "/work_dir/fmriprep_24_0_wf/sub_33_wf/bold_task_bird_run_6_wf/bold_confounds_wf/acc_msk_tfm/mapflow/_acc_msk_tfm0".
250403-07:59:42,774 nipype.workflow INFO:
	 [Node] Executing "_acc_msk_tfm0" <niworkflows.interfaces.fixes.FixHeaderApplyTransforms>
250403-07:59:42,781 nipype.workflow INFO:
	 [Node] Setting-up "_acc_msk_tfm1" in "/work_dir/fmriprep_24_0_wf/sub_33_wf/bold_task_bird_run_6_wf/bold_confounds_wf/acc_msk_tfm/mapflow/_acc_msk_tfm1".
250403-07:59:42,783 nipype.workflow INFO:
	 [Node] Executing "_acc_msk_tfm1" <niworkflows.interfaces.fixes.FixHeaderApplyTransforms>
250403-07:59:44,834 nipype.workflow INFO:
	 [Node] Setting-up "_acc_msk_tfm2" in "/work_dir/fmriprep_24_0_wf/sub_33_wf/bold_task_bird_run_6_wf/bold_confounds_wf/acc_msk_tfm/mapflow/_acc_msk_tfm2".
250403-07:59:44,836 nipype.workflow INFO:
	 [Node] Executing "_acc_msk_tfm2" <niworkflows.interfaces.fixes.FixHeaderApplyTransforms>
250403-07:59:46,224 nipype.workflow INFO:
	 [Node] Finished "acc_masks", elapsed time 19.279585s.
250403-07:59:46,359 nipype.workflow INFO:
	 [Node] Finished "acc_masks", elapsed time 18.968828s.
250403-07:59:48,576 nipype.workflow INFO:
	 [Node] Setting-up "_acc_msk_tfm0" in "/work_dir/fmriprep_24_0_wf/sub_33_wf/bold_task_bird_run_3_wf/bold_confounds_wf/acc_msk_tfm/mapflow/_acc_msk_tfm0".
250403-07:59:48,578 nipype.workflow INFO:
	 [Node] Executing "_acc_msk_tfm0" <niworkflows.interfaces.fixes.FixHeaderApplyTransforms>
250403-07:59:48,580 nipype.workflow INFO:
	 [Node] Setting-up "_acc_msk_tfm1" in "/work_dir/fmriprep_24_0_wf/sub_33_wf/bold_task_bird_run_3_wf/bold_confounds_wf/acc_msk_tfm/mapflow/_acc_msk_tfm1".
250403-07:59:48,582 nipype.workflow INFO:
	 [Node] Executing "_acc_msk_tfm1" <niworkflows.interfaces.fixes.FixHeaderApplyTransforms>
250403-07:59:49,8 nipype.workflow INFO:
	 [Node] Finished "_acc_msk_tfm1", elapsed time 6.224665s.
250403-07:59:49,811 nipype.workflow INFO:
	 [Node] Finished "_acc_msk_tfm0", elapsed time 7.037111s.
250403-07:59:50,62 nipype.workflow INFO:
	 [Node] Setting-up "_acc_msk_tfm2" in "/work_dir/fmriprep_24_0_wf/sub_33_wf/bold_task_bird_run_3_wf/bold_confounds_wf/acc_msk_tfm/mapflow/_acc_msk_tfm2".
250403-07:59:50,64 nipype.workflow INFO:
	 [Node] Executing "_acc_msk_tfm2" <niworkflows.interfaces.fixes.FixHeaderApplyTransforms>
250403-07:59:50,388 nipype.workflow INFO:
	 [Node] Finished "_acc_msk_tfm2", elapsed time 5.551053s.
250403-07:59:52,759 nipype.workflow INFO:
	 [Node] Setting-up "_acc_msk_tfm0" in "/work_dir/fmriprep_24_0_wf/sub_33_wf/bold_task_bird_run_6_wf/bold_confounds_wf/acc_msk_tfm/mapflow/_acc_msk_tfm0".
250403-07:59:52,760 nipype.workflow INFO:
	 [Node] Cached "_acc_msk_tfm0" - collecting precomputed outputs
250403-07:59:52,760 nipype.workflow INFO:
	 [Node] "_acc_msk_tfm0" found cached.
250403-07:59:52,761 nipype.workflow INFO:
	 [Node] Setting-up "_acc_msk_tfm1" in "/work_dir/fmriprep_24_0_wf/sub_33_wf/bold_task_bird_run_6_wf/bold_confounds_wf/acc_msk_tfm/mapflow/_acc_msk_tfm1".
250403-07:59:52,762 nipype.workflow INFO:
	 [Node] Cached "_acc_msk_tfm1" - collecting precomputed outputs
250403-07:59:52,762 nipype.workflow INFO:
	 [Node] "_acc_msk_tfm1" found cached.
250403-07:59:52,763 nipype.workflow INFO:
	 [Node] Setting-up "_acc_msk_tfm2" in "/work_dir/fmriprep_24_0_wf/sub_33_wf/bold_task_bird_run_6_wf/bold_confounds_wf/acc_msk_tfm/mapflow/_acc_msk_tfm2".
250403-07:59:52,763 nipype.workflow INFO:
	 [Node] Cached "_acc_msk_tfm2" - collecting precomputed outputs
250403-07:59:52,763 nipype.workflow INFO:
	 [Node] "_acc_msk_tfm2" found cached.
250403-07:59:52,778 nipype.workflow INFO:
	 [Node] Setting-up "_acc_msk_tfm0" in "/work_dir/fmriprep_24_0_wf/sub_33_wf/bold_task_bird_run_5_wf/bold_confounds_wf/acc_msk_tfm/mapflow/_acc_msk_tfm0".
250403-07:59:52,780 nipype.workflow INFO:
	 [Node] Executing "_acc_msk_tfm0" <niworkflows.interfaces.fixes.FixHeaderApplyTransforms>
250403-07:59:53,818 nipype.workflow INFO:
	 [Node] Finished "_acc_msk_tfm1", elapsed time 5.235199s.
250403-07:59:54,658 nipype.workflow INFO:
	 [Node] Setting-up "_acc_msk_tfm1" in "/work_dir/fmriprep_24_0_wf/sub_33_wf/bold_task_bird_run_5_wf/bold_confounds_wf/acc_msk_tfm/mapflow/_acc_msk_tfm1".
250403-07:59:54,660 nipype.workflow INFO:
	 [Node] Executing "_acc_msk_tfm1" <niworkflows.interfaces.fixes.FixHeaderApplyTransforms>
250403-07:59:54,749 nipype.workflow INFO:
	 [Node] Finished "_acc_msk_tfm0", elapsed time 6.170928s.
250403-07:59:56,134 nipype.workflow INFO:
	 [Node] Finished "_acc_msk_tfm2", elapsed time 6.068785s.
250403-07:59:56,422 nipype.workflow INFO:
	 [Node] Setting-up "_acc_msk_tfm2" in "/work_dir/fmriprep_24_0_wf/sub_33_wf/bold_task_bird_run_5_wf/bold_confounds_wf/acc_msk_tfm/mapflow/_acc_msk_tfm2".
250403-07:59:56,424 nipype.workflow INFO:
	 [Node] Executing "_acc_msk_tfm2" <niworkflows.interfaces.fixes.FixHeaderApplyTransforms>
250403-07:59:56,426 nipype.workflow INFO:
	 [Node] Setting-up "_acc_msk_tfm0" in "/work_dir/fmriprep_24_0_wf/sub_33_wf/bold_task_bird_run_2_wf/bold_confounds_wf/acc_msk_tfm/mapflow/_acc_msk_tfm0".
250403-07:59:56,428 nipype.workflow INFO:
	 [Node] Executing "_acc_msk_tfm0" <niworkflows.interfaces.fixes.FixHeaderApplyTransforms>
250403-07:59:58,708 nipype.workflow INFO:
	 [Node] Setting-up "_acc_msk_tfm0" in "/work_dir/fmriprep_24_0_wf/sub_33_wf/bold_task_bird_run_3_wf/bold_confounds_wf/acc_msk_tfm/mapflow/_acc_msk_tfm0".
250403-07:59:58,708 nipype.workflow INFO:
	 [Node] Cached "_acc_msk_tfm0" - collecting precomputed outputs
250403-07:59:58,709 nipype.workflow INFO:
	 [Node] "_acc_msk_tfm0" found cached.
250403-07:59:58,709 nipype.workflow INFO:
	 [Node] Setting-up "_acc_msk_tfm1" in "/work_dir/fmriprep_24_0_wf/sub_33_wf/bold_task_bird_run_3_wf/bold_confounds_wf/acc_msk_tfm/mapflow/_acc_msk_tfm1".
250403-07:59:58,710 nipype.workflow INFO:
	 [Node] Cached "_acc_msk_tfm1" - collecting precomputed outputs
250403-07:59:58,710 nipype.workflow INFO:
	 [Node] "_acc_msk_tfm1" found cached.
250403-07:59:58,712 nipype.workflow INFO:
	 [Node] Setting-up "_acc_msk_tfm2" in "/work_dir/fmriprep_24_0_wf/sub_33_wf/bold_task_bird_run_3_wf/bold_confounds_wf/acc_msk_tfm/mapflow/_acc_msk_tfm2".
250403-07:59:58,712 nipype.workflow INFO:
	 [Node] Cached "_acc_msk_tfm2" - collecting precomputed outputs
250403-07:59:58,712 nipype.workflow INFO:
	 [Node] "_acc_msk_tfm2" found cached.
250403-07:59:59,586 nipype.workflow INFO:
	 [Node] Finished "_acc_msk_tfm0", elapsed time 6.805198s.
250403-08:00:00,333 nipype.workflow INFO:
	 [Node] Finished "_acc_msk_tfm1", elapsed time 5.671822s.
250403-08:00:00,538 nipype.workflow INFO:
	 [Node] Setting-up "_acc_msk_tfm1" in "/work_dir/fmriprep_24_0_wf/sub_33_wf/bold_task_bird_run_2_wf/bold_confounds_wf/acc_msk_tfm/mapflow/_acc_msk_tfm1".
250403-08:00:00,540 nipype.workflow INFO:
	 [Node] Executing "_acc_msk_tfm1" <niworkflows.interfaces.fixes.FixHeaderApplyTransforms>
250403-08:00:02,162 nipype.workflow INFO:
	 [Node] Setting-up "_acc_msk_tfm2" in "/work_dir/fmriprep_24_0_wf/sub_33_wf/bold_task_bird_run_2_wf/bold_confounds_wf/acc_msk_tfm/mapflow/_acc_msk_tfm2".
250403-08:00:02,164 nipype.workflow INFO:
	 [Node] Executing "_acc_msk_tfm2" <niworkflows.interfaces.fixes.FixHeaderApplyTransforms>
250403-08:00:02,167 nipype.workflow INFO:
	 [Node] Setting-up "_acc_msk_tfm0" in "/work_dir/fmriprep_24_0_wf/sub_33_wf/bold_task_bird_run_1_wf/bold_confounds_wf/acc_msk_tfm/mapflow/_acc_msk_tfm0".
250403-08:00:02,169 nipype.workflow INFO:
	 [Node] Executing "_acc_msk_tfm0" <niworkflows.interfaces.fixes.FixHeaderApplyTransforms>
250403-08:00:02,350 nipype.workflow INFO:
	 [Node] Finished "_acc_msk_tfm0", elapsed time 5.921114s.
250403-08:00:02,404 nipype.workflow INFO:
	 [Node] Finished "_acc_msk_tfm2", elapsed time 5.979129s.
250403-08:00:04,327 nipype.workflow INFO:
	 [Node] Setting-up "_acc_msk_tfm0" in "/work_dir/fmriprep_24_0_wf/sub_33_wf/bold_task_bird_run_5_wf/bold_confounds_wf/acc_msk_tfm/mapflow/_acc_msk_tfm0".
250403-08:00:04,328 nipype.workflow INFO:
	 [Node] Cached "_acc_msk_tfm0" - collecting precomputed outputs
250403-08:00:04,328 nipype.workflow INFO:
	 [Node] "_acc_msk_tfm0" found cached.
250403-08:00:04,328 nipype.workflow INFO:
	 [Node] Setting-up "_acc_msk_tfm1" in "/work_dir/fmriprep_24_0_wf/sub_33_wf/bold_task_bird_run_5_wf/bold_confounds_wf/acc_msk_tfm/mapflow/_acc_msk_tfm1".
250403-08:00:04,329 nipype.workflow INFO:
	 [Node] Cached "_acc_msk_tfm1" - collecting precomputed outputs
250403-08:00:04,329 nipype.workflow INFO:
	 [Node] "_acc_msk_tfm1" found cached.
250403-08:00:04,330 nipype.workflow INFO:
	 [Node] Setting-up "_acc_msk_tfm2" in "/work_dir/fmriprep_24_0_wf/sub_33_wf/bold_task_bird_run_5_wf/bold_confounds_wf/acc_msk_tfm/mapflow/_acc_msk_tfm2".
250403-08:00:04,331 nipype.workflow INFO:
	 [Node] Cached "_acc_msk_tfm2" - collecting precomputed outputs
250403-08:00:04,331 nipype.workflow INFO:
	 [Node] "_acc_msk_tfm2" found cached.
250403-08:00:04,338 nipype.workflow INFO:
	 [Node] Setting-up "_acc_msk_tfm1" in "/work_dir/fmriprep_24_0_wf/sub_33_wf/bold_task_bird_run_1_wf/bold_confounds_wf/acc_msk_tfm/mapflow/_acc_msk_tfm1".
250403-08:00:04,340 nipype.workflow INFO:
	 [Node] Executing "_acc_msk_tfm1" <niworkflows.interfaces.fixes.FixHeaderApplyTransforms>
250403-08:00:04,670 nipype.workflow INFO:
	 [Node] Finished "_acc_msk_tfm1", elapsed time 4.12941s.
250403-08:00:05,949 nipype.workflow INFO:
	 [Node] Finished "crowncompcor", elapsed time 29.39936s.
250403-08:00:06,101 nipype.workflow INFO:
	 [Node] Finished "crowncompcor", elapsed time 25.334754s.
250403-08:00:06,168 nipype.workflow INFO:
	 [Node] Finished "_acc_msk_tfm2", elapsed time 4.002784s.
250403-08:00:06,250 nipype.workflow INFO:
	 [Node] Setting-up "_acc_msk_tfm2" in "/work_dir/fmriprep_24_0_wf/sub_33_wf/bold_task_bird_run_1_wf/bold_confounds_wf/acc_msk_tfm/mapflow/_acc_msk_tfm2".
250403-08:00:06,252 nipype.workflow INFO:
	 [Node] Executing "_acc_msk_tfm2" <niworkflows.interfaces.fixes.FixHeaderApplyTransforms>
250403-08:00:06,272 nipype.workflow INFO:
	 [Node] Setting-up "_acc_msk_tfm0" in "/work_dir/fmriprep_24_0_wf/sub_33_wf/bold_task_bird_run_4_wf/bold_confounds_wf/acc_msk_tfm/mapflow/_acc_msk_tfm0".
250403-08:00:06,275 nipype.workflow INFO:
	 [Node] Executing "_acc_msk_tfm0" <niworkflows.interfaces.fixes.FixHeaderApplyTransforms>
250403-08:00:06,644 nipype.workflow INFO:
	 [Node] Finished "_acc_msk_tfm0", elapsed time 4.474447s.
250403-08:00:08,187 nipype.workflow INFO:
	 [Node] Setting-up "_acc_msk_tfm0" in "/work_dir/fmriprep_24_0_wf/sub_33_wf/bold_task_bird_run_2_wf/bold_confounds_wf/acc_msk_tfm/mapflow/_acc_msk_tfm0".
250403-08:00:08,187 nipype.workflow INFO:
	 [Node] Cached "_acc_msk_tfm0" - collecting precomputed outputs
250403-08:00:08,188 nipype.workflow INFO:
	 [Node] "_acc_msk_tfm0" found cached.
250403-08:00:08,188 nipype.workflow INFO:
	 [Node] Setting-up "_acc_msk_tfm1" in "/work_dir/fmriprep_24_0_wf/sub_33_wf/bold_task_bird_run_2_wf/bold_confounds_wf/acc_msk_tfm/mapflow/_acc_msk_tfm1".
250403-08:00:08,189 nipype.workflow INFO:
	 [Node] Cached "_acc_msk_tfm1" - collecting precomputed outputs
250403-08:00:08,189 nipype.workflow INFO:
	 [Node] "_acc_msk_tfm1" found cached.
250403-08:00:08,190 nipype.workflow INFO:
	 [Node] Setting-up "_acc_msk_tfm2" in "/work_dir/fmriprep_24_0_wf/sub_33_wf/bold_task_bird_run_2_wf/bold_confounds_wf/acc_msk_tfm/mapflow/_acc_msk_tfm2".
250403-08:00:08,191 nipype.workflow INFO:
	 [Node] Cached "_acc_msk_tfm2" - collecting precomputed outputs
250403-08:00:08,191 nipype.workflow INFO:
	 [Node] "_acc_msk_tfm2" found cached.
250403-08:00:08,193 nipype.workflow INFO:
	 [Node] Setting-up "_acc_msk_tfm1" in "/work_dir/fmriprep_24_0_wf/sub_33_wf/bold_task_bird_run_4_wf/bold_confounds_wf/acc_msk_tfm/mapflow/_acc_msk_tfm1".
250403-08:00:08,194 nipype.workflow INFO:
	 [Node] Setting-up "fmriprep_24_0_wf.sub_33_wf.bold_task_bird_run_5_wf.bold_confounds_wf.crowncc_metadata_fmt" in "/work_dir/fmriprep_24_0_wf/sub_33_wf/bold_task_bird_run_5_wf/bold_confounds_wf/crowncc_metadata_fmt".
250403-08:00:08,195 nipype.workflow INFO:
	 [Node] Executing "_acc_msk_tfm1" <niworkflows.interfaces.fixes.FixHeaderApplyTransforms>
250403-08:00:08,199 nipype.workflow INFO:
	 [Node] Setting-up "fmriprep_24_0_wf.sub_33_wf.bold_task_bird_run_6_wf.bold_confounds_wf.crowncc_metadata_fmt" in "/work_dir/fmriprep_24_0_wf/sub_33_wf/bold_task_bird_run_6_wf/bold_confounds_wf/crowncc_metadata_fmt".
250403-08:00:08,202 nipype.workflow INFO:
	 [Node] Executing "crowncc_metadata_fmt" <niworkflows.interfaces.utility.TSV2JSON>
250403-08:00:08,206 nipype.workflow INFO:
	 [Node] Executing "crowncc_metadata_fmt" <niworkflows.interfaces.utility.TSV2JSON>
250403-08:00:08,217 nipype.workflow INFO:
	 [Node] Finished "crowncc_metadata_fmt", elapsed time 0.010319s.
250403-08:00:08,219 nipype.workflow INFO:
	 [Node] Finished "crowncc_metadata_fmt", elapsed time 0.01715s.
250403-08:00:08,649 nipype.workflow INFO:
	 [Node] Finished "_acc_msk_tfm1", elapsed time 4.308527s.
250403-08:00:09,332 nipype.workflow INFO:
	 [Node] Finished "_acc_msk_tfm2", elapsed time 3.079746s.
250403-08:00:10,209 nipype.workflow INFO:
	 [Node] Finished "_acc_msk_tfm0", elapsed time 3.934001s.
250403-08:00:10,302 nipype.workflow INFO:
	 [Node] Setting-up "_acc_msk_tfm0" in "/work_dir/fmriprep_24_0_wf/sub_33_wf/bold_task_bird_run_1_wf/bold_confounds_wf/acc_msk_tfm/mapflow/_acc_msk_tfm0".
250403-08:00:10,303 nipype.workflow INFO:
	 [Node] Cached "_acc_msk_tfm0" - collecting precomputed outputs
250403-08:00:10,303 nipype.workflow INFO:
	 [Node] "_acc_msk_tfm0" found cached.
250403-08:00:10,304 nipype.workflow INFO:
	 [Node] Setting-up "_acc_msk_tfm1" in "/work_dir/fmriprep_24_0_wf/sub_33_wf/bold_task_bird_run_1_wf/bold_confounds_wf/acc_msk_tfm/mapflow/_acc_msk_tfm1".
250403-08:00:10,305 nipype.workflow INFO:
	 [Node] Cached "_acc_msk_tfm1" - collecting precomputed outputs
250403-08:00:10,305 nipype.workflow INFO:
	 [Node] "_acc_msk_tfm1" found cached.
250403-08:00:10,305 nipype.workflow INFO:
	 [Node] Setting-up "_acc_msk_tfm2" in "/work_dir/fmriprep_24_0_wf/sub_33_wf/bold_task_bird_run_1_wf/bold_confounds_wf/acc_msk_tfm/mapflow/_acc_msk_tfm2".
250403-08:00:10,306 nipype.workflow INFO:
	 [Node] Cached "_acc_msk_tfm2" - collecting precomputed outputs
250403-08:00:10,306 nipype.workflow INFO:
	 [Node] "_acc_msk_tfm2" found cached.
250403-08:00:10,313 nipype.workflow INFO:
	 [Node] Setting-up "_acc_msk_tfm2" in "/work_dir/fmriprep_24_0_wf/sub_33_wf/bold_task_bird_run_4_wf/bold_confounds_wf/acc_msk_tfm/mapflow/_acc_msk_tfm2".
250403-08:00:10,315 nipype.workflow INFO:
	 [Node] Executing "_acc_msk_tfm2" <niworkflows.interfaces.fixes.FixHeaderApplyTransforms>
250403-08:00:10,328 nipype.workflow INFO:
	 [Node] Setting-up "_acc_msk_brain0" in "/work_dir/fmriprep_24_0_wf/sub_33_wf/bold_task_bird_run_6_wf/bold_confounds_wf/acc_msk_brain/mapflow/_acc_msk_brain0".
250403-08:00:10,329 nipype.workflow INFO:
	 [Node] Executing "_acc_msk_brain0" <niworkflows.interfaces.nibabel.ApplyMask>
250403-08:00:10,342 nipype.workflow INFO:
	 [Node] Setting-up "_acc_msk_brain1" in "/work_dir/fmriprep_24_0_wf/sub_33_wf/bold_task_bird_run_6_wf/bold_confounds_wf/acc_msk_brain/mapflow/_acc_msk_brain1".
250403-08:00:10,343 nipype.workflow INFO:
	 [Node] Executing "_acc_msk_brain1" <niworkflows.interfaces.nibabel.ApplyMask>
250403-08:00:10,348 nipype.workflow INFO:
	 [Node] Setting-up "_acc_msk_brain2" in "/work_dir/fmriprep_24_0_wf/sub_33_wf/bold_task_bird_run_6_wf/bold_confounds_wf/acc_msk_brain/mapflow/_acc_msk_brain2".
250403-08:00:10,349 nipype.workflow INFO:
	 [Node] Executing "_acc_msk_brain2" <niworkflows.interfaces.nibabel.ApplyMask>
250403-08:00:10,650 nipype.workflow INFO:
	 [Node] Finished "_acc_msk_brain0", elapsed time 0.3199s.
250403-08:00:10,653 nipype.workflow INFO:
	 [Node] Finished "_acc_msk_brain2", elapsed time 0.303022s.
250403-08:00:10,695 nipype.workflow INFO:
	 [Node] Finished "_acc_msk_brain1", elapsed time 0.351447s.
250403-08:00:12,124 nipype.workflow INFO:
	 [Node] Finished "_acc_msk_tfm1", elapsed time 3.927832s.
250403-08:00:12,197 nipype.workflow INFO:
	 [Node] Setting-up "_acc_msk_brain0" in "/work_dir/fmriprep_24_0_wf/sub_33_wf/bold_task_bird_run_6_wf/bold_confounds_wf/acc_msk_brain/mapflow/_acc_msk_brain0".
250403-08:00:12,197 nipype.workflow INFO:
	 [Node] Cached "_acc_msk_brain0" - collecting precomputed outputs
250403-08:00:12,197 nipype.workflow INFO:
	 [Node] "_acc_msk_brain0" found cached.
250403-08:00:12,198 nipype.workflow INFO:
	 [Node] Setting-up "_acc_msk_brain1" in "/work_dir/fmriprep_24_0_wf/sub_33_wf/bold_task_bird_run_6_wf/bold_confounds_wf/acc_msk_brain/mapflow/_acc_msk_brain1".
250403-08:00:12,199 nipype.workflow INFO:
	 [Node] Cached "_acc_msk_brain1" - collecting precomputed outputs
250403-08:00:12,199 nipype.workflow INFO:
	 [Node] "_acc_msk_brain1" found cached.
250403-08:00:12,199 nipype.workflow INFO:
	 [Node] Setting-up "_acc_msk_brain2" in "/work_dir/fmriprep_24_0_wf/sub_33_wf/bold_task_bird_run_6_wf/bold_confounds_wf/acc_msk_brain/mapflow/_acc_msk_brain2".
250403-08:00:12,200 nipype.workflow INFO:
	 [Node] Cached "_acc_msk_brain2" - collecting precomputed outputs
250403-08:00:12,200 nipype.workflow INFO:
	 [Node] "_acc_msk_brain2" found cached.
250403-08:00:12,216 nipype.workflow INFO:
	 [Node] Setting-up "_acc_msk_brain0" in "/work_dir/fmriprep_24_0_wf/sub_33_wf/bold_task_bird_run_3_wf/bold_confounds_wf/acc_msk_brain/mapflow/_acc_msk_brain0".
250403-08:00:12,217 nipype.workflow INFO:
	 [Node] Executing "_acc_msk_brain0" <niworkflows.interfaces.nibabel.ApplyMask>
250403-08:00:12,227 nipype.workflow INFO:
	 [Node] Setting-up "_acc_msk_brain1" in "/work_dir/fmriprep_24_0_wf/sub_33_wf/bold_task_bird_run_3_wf/bold_confounds_wf/acc_msk_brain/mapflow/_acc_msk_brain1".
250403-08:00:12,228 nipype.workflow INFO:
	 [Node] Executing "_acc_msk_brain1" <niworkflows.interfaces.nibabel.ApplyMask>
250403-08:00:12,233 nipype.workflow INFO:
	 [Node] Setting-up "_acc_msk_brain2" in "/work_dir/fmriprep_24_0_wf/sub_33_wf/bold_task_bird_run_3_wf/bold_confounds_wf/acc_msk_brain/mapflow/_acc_msk_brain2".
250403-08:00:12,235 nipype.workflow INFO:
	 [Node] Executing "_acc_msk_brain2" <niworkflows.interfaces.nibabel.ApplyMask>
250403-08:00:12,236 nipype.workflow INFO:
	 [Node] Setting-up "_acc_msk_brain0" in "/work_dir/fmriprep_24_0_wf/sub_33_wf/bold_task_bird_run_5_wf/bold_confounds_wf/acc_msk_brain/mapflow/_acc_msk_brain0".
250403-08:00:12,237 nipype.workflow INFO:
	 [Node] Executing "_acc_msk_brain0" <niworkflows.interfaces.nibabel.ApplyMask>
250403-08:00:12,429 nipype.workflow INFO:
	 [Node] Finished "_acc_msk_brain0", elapsed time 0.210708s.
250403-08:00:12,461 nipype.workflow INFO:
	 [Node] Finished "_acc_msk_brain0", elapsed time 0.223221s.
250403-08:00:12,478 nipype.workflow INFO:
	 [Node] Finished "_acc_msk_brain1", elapsed time 0.230794s.
250403-08:00:12,647 nipype.workflow INFO:
	 [Node] Finished "_acc_msk_brain2", elapsed time 0.411524s.
250403-08:00:12,925 nipype.workflow INFO:
	 [Node] Finished "_acc_msk_tfm2", elapsed time 2.6087569999999998s.
250403-08:00:14,70 nipype.workflow INFO:
	 [Node] Setting-up "_acc_msk_tfm0" in "/work_dir/fmriprep_24_0_wf/sub_33_wf/bold_task_bird_run_4_wf/bold_confounds_wf/acc_msk_tfm/mapflow/_acc_msk_tfm0".
250403-08:00:14,71 nipype.workflow INFO:
	 [Node] Cached "_acc_msk_tfm0" - collecting precomputed outputs
250403-08:00:14,71 nipype.workflow INFO:
	 [Node] "_acc_msk_tfm0" found cached.
250403-08:00:14,72 nipype.workflow INFO:
	 [Node] Setting-up "_acc_msk_tfm1" in "/work_dir/fmriprep_24_0_wf/sub_33_wf/bold_task_bird_run_4_wf/bold_confounds_wf/acc_msk_tfm/mapflow/_acc_msk_tfm1".
250403-08:00:14,73 nipype.workflow INFO:
	 [Node] Cached "_acc_msk_tfm1" - collecting precomputed outputs
250403-08:00:14,73 nipype.workflow INFO:
	 [Node] "_acc_msk_tfm1" found cached.
250403-08:00:14,74 nipype.workflow INFO:
	 [Node] Setting-up "_acc_msk_tfm2" in "/work_dir/fmriprep_24_0_wf/sub_33_wf/bold_task_bird_run_4_wf/bold_confounds_wf/acc_msk_tfm/mapflow/_acc_msk_tfm2".
250403-08:00:14,75 nipype.workflow INFO:
	 [Node] Cached "_acc_msk_tfm2" - collecting precomputed outputs
250403-08:00:14,75 nipype.workflow INFO:
	 [Node] "_acc_msk_tfm2" found cached.
250403-08:00:14,93 nipype.workflow INFO:
	 [Node] Setting-up "_acc_msk_brain0" in "/work_dir/fmriprep_24_0_wf/sub_33_wf/bold_task_bird_run_3_wf/bold_confounds_wf/acc_msk_brain/mapflow/_acc_msk_brain0".
250403-08:00:14,94 nipype.workflow INFO:
	 [Node] Cached "_acc_msk_brain0" - collecting precomputed outputs
250403-08:00:14,94 nipype.workflow INFO:
	 [Node] "_acc_msk_brain0" found cached.
250403-08:00:14,95 nipype.workflow INFO:
	 [Node] Setting-up "_acc_msk_brain1" in "/work_dir/fmriprep_24_0_wf/sub_33_wf/bold_task_bird_run_3_wf/bold_confounds_wf/acc_msk_brain/mapflow/_acc_msk_brain1".
250403-08:00:14,96 nipype.workflow INFO:
	 [Node] Cached "_acc_msk_brain1" - collecting precomputed outputs
250403-08:00:14,96 nipype.workflow INFO:
	 [Node] "_acc_msk_brain1" found cached.
250403-08:00:14,96 nipype.workflow INFO:
	 [Node] Setting-up "_acc_msk_brain2" in "/work_dir/fmriprep_24_0_wf/sub_33_wf/bold_task_bird_run_3_wf/bold_confounds_wf/acc_msk_brain/mapflow/_acc_msk_brain2".
250403-08:00:14,97 nipype.workflow INFO:
	 [Node] Cached "_acc_msk_brain2" - collecting precomputed outputs
250403-08:00:14,97 nipype.workflow INFO:
	 [Node] "_acc_msk_brain2" found cached.
250403-08:00:14,106 nipype.workflow INFO:
	 [Node] Setting-up "_acc_msk_brain1" in "/work_dir/fmriprep_24_0_wf/sub_33_wf/bold_task_bird_run_5_wf/bold_confounds_wf/acc_msk_brain/mapflow/_acc_msk_brain1".
250403-08:00:14,106 nipype.workflow INFO:
	 [Node] Setting-up "_acc_msk_brain2" in "/work_dir/fmriprep_24_0_wf/sub_33_wf/bold_task_bird_run_5_wf/bold_confounds_wf/acc_msk_brain/mapflow/_acc_msk_brain2".
250403-08:00:14,107 nipype.workflow INFO:
	 [Node] Setting-up "_acc_msk_brain0" in "/work_dir/fmriprep_24_0_wf/sub_33_wf/bold_task_bird_run_2_wf/bold_confounds_wf/acc_msk_brain/mapflow/_acc_msk_brain0".
250403-08:00:14,107 nipype.workflow INFO:
	 [Node] Executing "_acc_msk_brain1" <niworkflows.interfaces.nibabel.ApplyMask>
250403-08:00:14,107 nipype.workflow INFO:
	 [Node] Executing "_acc_msk_brain2" <niworkflows.interfaces.nibabel.ApplyMask>
250403-08:00:14,110 nipype.workflow INFO:
	 [Node] Setting-up "_acc_msk_brain2" in "/work_dir/fmriprep_24_0_wf/sub_33_wf/bold_task_bird_run_2_wf/bold_confounds_wf/acc_msk_brain/mapflow/_acc_msk_brain2".
250403-08:00:14,111 nipype.workflow INFO:
	 [Node] Executing "_acc_msk_brain2" <niworkflows.interfaces.nibabel.ApplyMask>
250403-08:00:14,113 nipype.workflow INFO:
	 [Node] Executing "_acc_msk_brain0" <niworkflows.interfaces.nibabel.ApplyMask>
250403-08:00:14,119 nipype.workflow INFO:
	 [Node] Setting-up "_acc_msk_brain1" in "/work_dir/fmriprep_24_0_wf/sub_33_wf/bold_task_bird_run_2_wf/bold_confounds_wf/acc_msk_brain/mapflow/_acc_msk_brain1".
250403-08:00:14,120 nipype.workflow INFO:
	 [Node] Executing "_acc_msk_brain1" <niworkflows.interfaces.nibabel.ApplyMask>
250403-08:00:14,312 nipype.workflow INFO:
	 [Node] Finished "_acc_msk_brain2", elapsed time 0.199943s.
250403-08:00:14,394 nipype.workflow INFO:
	 [Node] Finished "_acc_msk_brain2", elapsed time 0.2861s.
250403-08:00:14,396 nipype.workflow INFO:
	 [Node] Finished "_acc_msk_brain1", elapsed time 0.275131s.
250403-08:00:14,437 nipype.workflow INFO:
	 [Node] Finished "_acc_msk_brain0", elapsed time 0.323995s.
250403-08:00:14,443 nipype.workflow INFO:
	 [Node] Finished "_acc_msk_brain1", elapsed time 0.335515s.
250403-08:00:16,172 nipype.workflow INFO:
	 [Node] Setting-up "_acc_msk_brain0" in "/work_dir/fmriprep_24_0_wf/sub_33_wf/bold_task_bird_run_2_wf/bold_confounds_wf/acc_msk_brain/mapflow/_acc_msk_brain0".
250403-08:00:16,173 nipype.workflow INFO:
	 [Node] Cached "_acc_msk_brain0" - collecting precomputed outputs
250403-08:00:16,173 nipype.workflow INFO:
	 [Node] "_acc_msk_brain0" found cached.
250403-08:00:16,174 nipype.workflow INFO:
	 [Node] Setting-up "_acc_msk_brain1" in "/work_dir/fmriprep_24_0_wf/sub_33_wf/bold_task_bird_run_2_wf/bold_confounds_wf/acc_msk_brain/mapflow/_acc_msk_brain1".
250403-08:00:16,174 nipype.workflow INFO:
	 [Node] Cached "_acc_msk_brain1" - collecting precomputed outputs
250403-08:00:16,174 nipype.workflow INFO:
	 [Node] "_acc_msk_brain1" found cached.
250403-08:00:16,175 nipype.workflow INFO:
	 [Node] Setting-up "_acc_msk_brain2" in "/work_dir/fmriprep_24_0_wf/sub_33_wf/bold_task_bird_run_2_wf/bold_confounds_wf/acc_msk_brain/mapflow/_acc_msk_brain2".
250403-08:00:16,176 nipype.workflow INFO:
	 [Node] Cached "_acc_msk_brain2" - collecting precomputed outputs
250403-08:00:16,176 nipype.workflow INFO:
	 [Node] "_acc_msk_brain2" found cached.
250403-08:00:16,181 nipype.workflow INFO:
	 [Node] Setting-up "_acc_msk_brain0" in "/work_dir/fmriprep_24_0_wf/sub_33_wf/bold_task_bird_run_5_wf/bold_confounds_wf/acc_msk_brain/mapflow/_acc_msk_brain0".
250403-08:00:16,182 nipype.workflow INFO:
	 [Node] Cached "_acc_msk_brain0" - collecting precomputed outputs
250403-08:00:16,182 nipype.workflow INFO:
	 [Node] "_acc_msk_brain0" found cached.
250403-08:00:16,183 nipype.workflow INFO:
	 [Node] Setting-up "_acc_msk_brain1" in "/work_dir/fmriprep_24_0_wf/sub_33_wf/bold_task_bird_run_5_wf/bold_confounds_wf/acc_msk_brain/mapflow/_acc_msk_brain1".
250403-08:00:16,184 nipype.workflow INFO:
	 [Node] Cached "_acc_msk_brain1" - collecting precomputed outputs
250403-08:00:16,184 nipype.workflow INFO:
	 [Node] "_acc_msk_brain1" found cached.
250403-08:00:16,184 nipype.workflow INFO:
	 [Node] Setting-up "_acc_msk_brain2" in "/work_dir/fmriprep_24_0_wf/sub_33_wf/bold_task_bird_run_5_wf/bold_confounds_wf/acc_msk_brain/mapflow/_acc_msk_brain2".
250403-08:00:16,185 nipype.workflow INFO:
	 [Node] Cached "_acc_msk_brain2" - collecting precomputed outputs
250403-08:00:16,185 nipype.workflow INFO:
	 [Node] "_acc_msk_brain2" found cached.
250403-08:00:16,211 nipype.workflow INFO:
	 [Node] Setting-up "_acc_msk_brain0" in "/work_dir/fmriprep_24_0_wf/sub_33_wf/bold_task_bird_run_1_wf/bold_confounds_wf/acc_msk_brain/mapflow/_acc_msk_brain0".
250403-08:00:16,212 nipype.workflow INFO:
	 [Node] Executing "_acc_msk_brain0" <niworkflows.interfaces.nibabel.ApplyMask>
250403-08:00:16,245 nipype.workflow INFO:
	 [Node] Setting-up "_acc_msk_brain1" in "/work_dir/fmriprep_24_0_wf/sub_33_wf/bold_task_bird_run_1_wf/bold_confounds_wf/acc_msk_brain/mapflow/_acc_msk_brain1".
250403-08:00:16,246 nipype.workflow INFO:
	 [Node] Executing "_acc_msk_brain1" <niworkflows.interfaces.nibabel.ApplyMask>
250403-08:00:16,255 nipype.workflow INFO:
	 [Node] Setting-up "_acc_msk_brain2" in "/work_dir/fmriprep_24_0_wf/sub_33_wf/bold_task_bird_run_1_wf/bold_confounds_wf/acc_msk_brain/mapflow/_acc_msk_brain2".
250403-08:00:16,256 nipype.workflow INFO:
	 [Node] Executing "_acc_msk_brain2" <niworkflows.interfaces.nibabel.ApplyMask>
250403-08:00:16,260 nipype.workflow INFO:
	 [Node] Setting-up "_acc_msk_bin0" in "/work_dir/fmriprep_24_0_wf/sub_33_wf/bold_task_bird_run_6_wf/bold_confounds_wf/acc_msk_bin/mapflow/_acc_msk_bin0".
250403-08:00:16,261 nipype.workflow INFO:
	 [Node] Executing "_acc_msk_bin0" <niworkflows.interfaces.nibabel.Binarize>
250403-08:00:16,267 nipype.workflow INFO:
	 [Node] Setting-up "_acc_msk_bin1" in "/work_dir/fmriprep_24_0_wf/sub_33_wf/bold_task_bird_run_6_wf/bold_confounds_wf/acc_msk_bin/mapflow/_acc_msk_bin1".
250403-08:00:16,268 nipype.workflow INFO:
	 [Node] Executing "_acc_msk_bin1" <niworkflows.interfaces.nibabel.Binarize>
250403-08:00:16,435 nipype.workflow INFO:
	 [Node] Finished "_acc_msk_bin1", elapsed time 0.157987s.
250403-08:00:16,464 nipype.workflow INFO:
	 [Node] Finished "_acc_msk_brain2", elapsed time 0.207212s.
250403-08:00:16,545 nipype.workflow INFO:
	 [Node] Finished "_acc_msk_bin0", elapsed time 0.283495s.
250403-08:00:16,605 nipype.workflow INFO:
	 [Node] Finished "_acc_msk_brain1", elapsed time 0.358672s.
250403-08:00:16,660 nipype.workflow INFO:
	 [Node] Finished "_acc_msk_brain0", elapsed time 0.446797s.
250403-08:00:18,203 nipype.workflow INFO:
	 [Node] Setting-up "_acc_msk_brain0" in "/work_dir/fmriprep_24_0_wf/sub_33_wf/bold_task_bird_run_1_wf/bold_confounds_wf/acc_msk_brain/mapflow/_acc_msk_brain0".
250403-08:00:18,204 nipype.workflow INFO:
	 [Node] Cached "_acc_msk_brain0" - collecting precomputed outputs
250403-08:00:18,204 nipype.workflow INFO:
	 [Node] "_acc_msk_brain0" found cached.
250403-08:00:18,205 nipype.workflow INFO:
	 [Node] Setting-up "_acc_msk_brain1" in "/work_dir/fmriprep_24_0_wf/sub_33_wf/bold_task_bird_run_1_wf/bold_confounds_wf/acc_msk_brain/mapflow/_acc_msk_brain1".
250403-08:00:18,206 nipype.workflow INFO:
	 [Node] Cached "_acc_msk_brain1" - collecting precomputed outputs
250403-08:00:18,206 nipype.workflow INFO:
	 [Node] "_acc_msk_brain1" found cached.
250403-08:00:18,206 nipype.workflow INFO:
	 [Node] Setting-up "_acc_msk_brain2" in "/work_dir/fmriprep_24_0_wf/sub_33_wf/bold_task_bird_run_1_wf/bold_confounds_wf/acc_msk_brain/mapflow/_acc_msk_brain2".
250403-08:00:18,207 nipype.workflow INFO:
	 [Node] Cached "_acc_msk_brain2" - collecting precomputed outputs
250403-08:00:18,207 nipype.workflow INFO:
	 [Node] "_acc_msk_brain2" found cached.
250403-08:00:18,280 nipype.workflow INFO:
	 [Node] Setting-up "_acc_msk_bin2" in "/work_dir/fmriprep_24_0_wf/sub_33_wf/bold_task_bird_run_6_wf/bold_confounds_wf/acc_msk_bin/mapflow/_acc_msk_bin2".
250403-08:00:18,281 nipype.workflow INFO:
	 [Node] Executing "_acc_msk_bin2" <niworkflows.interfaces.nibabel.Binarize>
250403-08:00:18,332 nipype.workflow INFO:
	 [Node] Setting-up "_acc_msk_brain0" in "/work_dir/fmriprep_24_0_wf/sub_33_wf/bold_task_bird_run_4_wf/bold_confounds_wf/acc_msk_brain/mapflow/_acc_msk_brain0".
250403-08:00:18,333 nipype.workflow INFO:
	 [Node] Setting-up "_acc_msk_brain1" in "/work_dir/fmriprep_24_0_wf/sub_33_wf/bold_task_bird_run_4_wf/bold_confounds_wf/acc_msk_brain/mapflow/_acc_msk_brain1".
250403-08:00:18,333 nipype.workflow INFO:
	 [Node] Executing "_acc_msk_brain0" <niworkflows.interfaces.nibabel.ApplyMask>
250403-08:00:18,334 nipype.workflow INFO:
	 [Node] Executing "_acc_msk_brain1" <niworkflows.interfaces.nibabel.ApplyMask>
250403-08:00:18,338 nipype.workflow INFO:
	 [Node] Setting-up "_acc_msk_brain2" in "/work_dir/fmriprep_24_0_wf/sub_33_wf/bold_task_bird_run_4_wf/bold_confounds_wf/acc_msk_brain/mapflow/_acc_msk_brain2".
250403-08:00:18,339 nipype.workflow INFO:
	 [Node] Executing "_acc_msk_brain2" <niworkflows.interfaces.nibabel.ApplyMask>
250403-08:00:18,343 nipype.workflow INFO:
	 [Node] Setting-up "_acc_msk_bin0" in "/work_dir/fmriprep_24_0_wf/sub_33_wf/bold_task_bird_run_3_wf/bold_confounds_wf/acc_msk_bin/mapflow/_acc_msk_bin0".
250403-08:00:18,343 nipype.workflow INFO:
	 [Node] Setting-up "_acc_msk_bin1" in "/work_dir/fmriprep_24_0_wf/sub_33_wf/bold_task_bird_run_3_wf/bold_confounds_wf/acc_msk_bin/mapflow/_acc_msk_bin1".
250403-08:00:18,344 nipype.workflow INFO:
	 [Node] Executing "_acc_msk_bin0" <niworkflows.interfaces.nibabel.Binarize>
250403-08:00:18,344 nipype.workflow INFO:
	 [Node] Executing "_acc_msk_bin1" <niworkflows.interfaces.nibabel.Binarize>
250403-08:00:18,444 nipype.workflow INFO:
	 [Node] Finished "_acc_msk_bin2", elapsed time 0.162349s.
250403-08:00:18,480 nipype.workflow INFO:
	 [Node] Finished "_acc_msk_bin1", elapsed time 0.134665s.
250403-08:00:18,614 nipype.workflow INFO:
	 [Node] Finished "_acc_msk_bin0", elapsed time 0.269535s.
250403-08:00:18,615 nipype.workflow INFO:
	 [Node] Finished "_acc_msk_brain1", elapsed time 0.279976s.
250403-08:00:18,662 nipype.workflow INFO:
	 [Node] Finished "_acc_msk_brain2", elapsed time 0.322434s.
250403-08:00:19,3 nipype.workflow INFO:
	 [Node] Finished "_acc_msk_brain0", elapsed time 0.669686s.
250403-08:00:20,110 nipype.workflow INFO:
	 [Node] Setting-up "_acc_msk_brain0" in "/work_dir/fmriprep_24_0_wf/sub_33_wf/bold_task_bird_run_4_wf/bold_confounds_wf/acc_msk_brain/mapflow/_acc_msk_brain0".
250403-08:00:20,111 nipype.workflow INFO:
	 [Node] Cached "_acc_msk_brain0" - collecting precomputed outputs
250403-08:00:20,112 nipype.workflow INFO:
	 [Node] "_acc_msk_brain0" found cached.
250403-08:00:20,112 nipype.workflow INFO:
	 [Node] Setting-up "_acc_msk_brain1" in "/work_dir/fmriprep_24_0_wf/sub_33_wf/bold_task_bird_run_4_wf/bold_confounds_wf/acc_msk_brain/mapflow/_acc_msk_brain1".
250403-08:00:20,113 nipype.workflow INFO:
	 [Node] Cached "_acc_msk_brain1" - collecting precomputed outputs
250403-08:00:20,113 nipype.workflow INFO:
	 [Node] "_acc_msk_brain1" found cached.
250403-08:00:20,113 nipype.workflow INFO:
	 [Node] Setting-up "_acc_msk_brain2" in "/work_dir/fmriprep_24_0_wf/sub_33_wf/bold_task_bird_run_4_wf/bold_confounds_wf/acc_msk_brain/mapflow/_acc_msk_brain2".
250403-08:00:20,114 nipype.workflow INFO:
	 [Node] Cached "_acc_msk_brain2" - collecting precomputed outputs
250403-08:00:20,114 nipype.workflow INFO:
	 [Node] "_acc_msk_brain2" found cached.
250403-08:00:20,119 nipype.workflow INFO:
	 [Node] Setting-up "_acc_msk_bin0" in "/work_dir/fmriprep_24_0_wf/sub_33_wf/bold_task_bird_run_6_wf/bold_confounds_wf/acc_msk_bin/mapflow/_acc_msk_bin0".
250403-08:00:20,119 nipype.workflow INFO:
	 [Node] Cached "_acc_msk_bin0" - collecting precomputed outputs
250403-08:00:20,119 nipype.workflow INFO:
	 [Node] "_acc_msk_bin0" found cached.
250403-08:00:20,120 nipype.workflow INFO:
	 [Node] Setting-up "_acc_msk_bin1" in "/work_dir/fmriprep_24_0_wf/sub_33_wf/bold_task_bird_run_6_wf/bold_confounds_wf/acc_msk_bin/mapflow/_acc_msk_bin1".
250403-08:00:20,120 nipype.workflow INFO:
	 [Node] Cached "_acc_msk_bin1" - collecting precomputed outputs
250403-08:00:20,121 nipype.workflow INFO:
	 [Node] "_acc_msk_bin1" found cached.
250403-08:00:20,121 nipype.workflow INFO:
	 [Node] Setting-up "_acc_msk_bin2" in "/work_dir/fmriprep_24_0_wf/sub_33_wf/bold_task_bird_run_6_wf/bold_confounds_wf/acc_msk_bin/mapflow/_acc_msk_bin2".
250403-08:00:20,122 nipype.workflow INFO:
	 [Node] Cached "_acc_msk_bin2" - collecting precomputed outputs
250403-08:00:20,122 nipype.workflow INFO:
	 [Node] "_acc_msk_bin2" found cached.
250403-08:00:20,142 nipype.workflow INFO:
	 [Node] Setting-up "_acc_msk_bin2" in "/work_dir/fmriprep_24_0_wf/sub_33_wf/bold_task_bird_run_3_wf/bold_confounds_wf/acc_msk_bin/mapflow/_acc_msk_bin2".
250403-08:00:20,143 nipype.workflow INFO:
	 [Node] Executing "_acc_msk_bin2" <niworkflows.interfaces.nibabel.Binarize>
250403-08:00:20,146 nipype.workflow INFO:
	 [Node] Setting-up "_acc_msk_bin0" in "/work_dir/fmriprep_24_0_wf/sub_33_wf/bold_task_bird_run_2_wf/bold_confounds_wf/acc_msk_bin/mapflow/_acc_msk_bin0".
250403-08:00:20,146 nipype.workflow INFO:
	 [Node] Setting-up "_acc_msk_bin1" in "/work_dir/fmriprep_24_0_wf/sub_33_wf/bold_task_bird_run_2_wf/bold_confounds_wf/acc_msk_bin/mapflow/_acc_msk_bin1".
250403-08:00:20,146 nipype.workflow INFO:
	 [Node] Setting-up "_acc_msk_bin2" in "/work_dir/fmriprep_24_0_wf/sub_33_wf/bold_task_bird_run_2_wf/bold_confounds_wf/acc_msk_bin/mapflow/_acc_msk_bin2".
250403-08:00:20,146 nipype.workflow INFO:
	 [Node] Setting-up "_acc_msk_bin0" in "/work_dir/fmriprep_24_0_wf/sub_33_wf/bold_task_bird_run_5_wf/bold_confounds_wf/acc_msk_bin/mapflow/_acc_msk_bin0".
250403-08:00:20,147 nipype.workflow INFO:
	 [Node] Executing "_acc_msk_bin0" <niworkflows.interfaces.nibabel.Binarize>
250403-08:00:20,147 nipype.workflow INFO:
	 [Node] Executing "_acc_msk_bin1" <niworkflows.interfaces.nibabel.Binarize>
250403-08:00:20,147 nipype.workflow INFO:
	 [Node] Executing "_acc_msk_bin0" <niworkflows.interfaces.nibabel.Binarize>
250403-08:00:20,151 nipype.workflow INFO:
	 [Node] Executing "_acc_msk_bin2" <niworkflows.interfaces.nibabel.Binarize>
250403-08:00:20,336 nipype.workflow INFO:
	 [Node] Finished "_acc_msk_bin0", elapsed time 0.188376s.
250403-08:00:20,361 nipype.workflow INFO:
	 [Node] Finished "_acc_msk_bin1", elapsed time 0.212533s.
250403-08:00:20,367 nipype.workflow INFO:
	 [Node] Finished "_acc_msk_bin2", elapsed time 0.215357s.
250403-08:00:20,391 nipype.workflow INFO:
	 [Node] Finished "_acc_msk_bin0", elapsed time 0.243501s.
250403-08:00:20,399 nipype.workflow INFO:
	 [Node] Finished "_acc_msk_bin2", elapsed time 0.255618s.
250403-08:00:21,969 nipype.workflow INFO:
	 [Node] Setting-up "_acc_msk_bin0" in "/work_dir/fmriprep_24_0_wf/sub_33_wf/bold_task_bird_run_2_wf/bold_confounds_wf/acc_msk_bin/mapflow/_acc_msk_bin0".
250403-08:00:21,970 nipype.workflow INFO:
	 [Node] Cached "_acc_msk_bin0" - collecting precomputed outputs
250403-08:00:21,970 nipype.workflow INFO:
	 [Node] "_acc_msk_bin0" found cached.
250403-08:00:21,970 nipype.workflow INFO:
	 [Node] Setting-up "_acc_msk_bin1" in "/work_dir/fmriprep_24_0_wf/sub_33_wf/bold_task_bird_run_2_wf/bold_confounds_wf/acc_msk_bin/mapflow/_acc_msk_bin1".
250403-08:00:21,971 nipype.workflow INFO:
	 [Node] Cached "_acc_msk_bin1" - collecting precomputed outputs
250403-08:00:21,971 nipype.workflow INFO:
	 [Node] "_acc_msk_bin1" found cached.
250403-08:00:21,972 nipype.workflow INFO:
	 [Node] Setting-up "_acc_msk_bin2" in "/work_dir/fmriprep_24_0_wf/sub_33_wf/bold_task_bird_run_2_wf/bold_confounds_wf/acc_msk_bin/mapflow/_acc_msk_bin2".
250403-08:00:21,972 nipype.workflow INFO:
	 [Node] Cached "_acc_msk_bin2" - collecting precomputed outputs
250403-08:00:21,972 nipype.workflow INFO:
	 [Node] "_acc_msk_bin2" found cached.
250403-08:00:21,991 nipype.workflow INFO:
	 [Node] Setting-up "_acc_msk_bin0" in "/work_dir/fmriprep_24_0_wf/sub_33_wf/bold_task_bird_run_3_wf/bold_confounds_wf/acc_msk_bin/mapflow/_acc_msk_bin0".
250403-08:00:21,992 nipype.workflow INFO:
	 [Node] Cached "_acc_msk_bin0" - collecting precomputed outputs
250403-08:00:21,992 nipype.workflow INFO:
	 [Node] "_acc_msk_bin0" found cached.
250403-08:00:21,993 nipype.workflow INFO:
	 [Node] Setting-up "_acc_msk_bin1" in "/work_dir/fmriprep_24_0_wf/sub_33_wf/bold_task_bird_run_3_wf/bold_confounds_wf/acc_msk_bin/mapflow/_acc_msk_bin1".
250403-08:00:21,993 nipype.workflow INFO:
	 [Node] Cached "_acc_msk_bin1" - collecting precomputed outputs
250403-08:00:21,993 nipype.workflow INFO:
	 [Node] "_acc_msk_bin1" found cached.
250403-08:00:21,994 nipype.workflow INFO:
	 [Node] Setting-up "_acc_msk_bin2" in "/work_dir/fmriprep_24_0_wf/sub_33_wf/bold_task_bird_run_3_wf/bold_confounds_wf/acc_msk_bin/mapflow/_acc_msk_bin2".
250403-08:00:21,994 nipype.workflow INFO:
	 [Node] Cached "_acc_msk_bin2" - collecting precomputed outputs
250403-08:00:21,995 nipype.workflow INFO:
	 [Node] "_acc_msk_bin2" found cached.
250403-08:00:21,997 nipype.workflow INFO:
	 [Node] Setting-up "fmriprep_24_0_wf.sub_33_wf.bold_task_bird_run_6_wf.bold_confounds_wf.acompcor" in "/work_dir/fmriprep_24_0_wf/sub_33_wf/bold_task_bird_run_6_wf/bold_confounds_wf/acompcor".
250403-08:00:22,2 nipype.workflow INFO:
	 [Node] Executing "acompcor" <niworkflows.interfaces.patches.RobustACompCor>
250403-08:00:22,451 nipype.workflow INFO:
	 [Node] Finished "seg_rpt", elapsed time 58.592224s.
250403-08:00:23,207 nipype.workflow INFO:
	 [Node] Setting-up "_acc_msk_bin1" in "/work_dir/fmriprep_24_0_wf/sub_33_wf/bold_task_bird_run_5_wf/bold_confounds_wf/acc_msk_bin/mapflow/_acc_msk_bin1".
250403-08:00:23,207 nipype.workflow INFO:
	 [Node] Setting-up "_acc_msk_bin2" in "/work_dir/fmriprep_24_0_wf/sub_33_wf/bold_task_bird_run_5_wf/bold_confounds_wf/acc_msk_bin/mapflow/_acc_msk_bin2".
250403-08:00:23,208 nipype.workflow INFO:
	 [Node] Executing "_acc_msk_bin1" <niworkflows.interfaces.nibabel.Binarize>
250403-08:00:23,209 nipype.workflow INFO:
	 [Node] Executing "_acc_msk_bin2" <niworkflows.interfaces.nibabel.Binarize>
250403-08:00:23,212 nipype.workflow INFO:
	 [Node] Setting-up "_acc_msk_bin0" in "/work_dir/fmriprep_24_0_wf/sub_33_wf/bold_task_bird_run_1_wf/bold_confounds_wf/acc_msk_bin/mapflow/_acc_msk_bin0".
250403-08:00:23,212 nipype.workflow INFO:
	 [Node] Setting-up "_acc_msk_bin1" in "/work_dir/fmriprep_24_0_wf/sub_33_wf/bold_task_bird_run_1_wf/bold_confounds_wf/acc_msk_bin/mapflow/_acc_msk_bin1".
250403-08:00:23,213 nipype.workflow INFO:
	 [Node] Executing "_acc_msk_bin0" <niworkflows.interfaces.nibabel.Binarize>
250403-08:00:23,213 nipype.workflow INFO:
	 [Node] Executing "_acc_msk_bin1" <niworkflows.interfaces.nibabel.Binarize>
250403-08:00:23,388 nipype.workflow INFO:
	 [Node] Finished "_acc_msk_bin2", elapsed time 0.17841s.
250403-08:00:23,439 nipype.workflow INFO:
	 [Node] Finished "_acc_msk_bin1", elapsed time 0.225045s.
250403-08:00:23,473 nipype.workflow INFO:
	 [Node] Finished "_acc_msk_bin1", elapsed time 0.263893s.
250403-08:00:23,478 nipype.workflow INFO:
	 [Node] Finished "_acc_msk_bin0", elapsed time 0.264023s.
250403-08:00:24,683 nipype.workflow INFO:
	 [Node] Setting-up "fmriprep_24_0_wf.sub_33_wf.bold_task_bird_run_2_wf.bold_confounds_wf.acompcor" in "/work_dir/fmriprep_24_0_wf/sub_33_wf/bold_task_bird_run_2_wf/bold_confounds_wf/acompcor".
250403-08:00:24,685 nipype.workflow INFO:
	 [Node] Setting-up "_acc_msk_bin0" in "/work_dir/fmriprep_24_0_wf/sub_33_wf/bold_task_bird_run_5_wf/bold_confounds_wf/acc_msk_bin/mapflow/_acc_msk_bin0".
250403-08:00:24,686 nipype.workflow INFO:
	 [Node] Cached "_acc_msk_bin0" - collecting precomputed outputs
250403-08:00:24,686 nipype.workflow INFO:
	 [Node] "_acc_msk_bin0" found cached.
250403-08:00:24,687 nipype.workflow INFO:
	 [Node] Setting-up "_acc_msk_bin1" in "/work_dir/fmriprep_24_0_wf/sub_33_wf/bold_task_bird_run_5_wf/bold_confounds_wf/acc_msk_bin/mapflow/_acc_msk_bin1".
250403-08:00:24,687 nipype.workflow INFO:
	 [Node] Executing "acompcor" <niworkflows.interfaces.patches.RobustACompCor>
250403-08:00:24,687 nipype.workflow INFO:
	 [Node] Cached "_acc_msk_bin1" - collecting precomputed outputs
250403-08:00:24,687 nipype.workflow INFO:
	 [Node] "_acc_msk_bin1" found cached.
250403-08:00:24,688 nipype.workflow INFO:
	 [Node] Setting-up "_acc_msk_bin2" in "/work_dir/fmriprep_24_0_wf/sub_33_wf/bold_task_bird_run_5_wf/bold_confounds_wf/acc_msk_bin/mapflow/_acc_msk_bin2".
250403-08:00:24,689 nipype.workflow INFO:
	 [Node] Cached "_acc_msk_bin2" - collecting precomputed outputs
250403-08:00:24,689 nipype.workflow INFO:
	 [Node] "_acc_msk_bin2" found cached.
250403-08:00:25,386 nipype.workflow INFO:
	 [Node] Setting-up "fmriprep_24_0_wf.sub_33_wf.bold_task_bird_run_3_wf.bold_confounds_wf.acompcor" in "/work_dir/fmriprep_24_0_wf/sub_33_wf/bold_task_bird_run_3_wf/bold_confounds_wf/acompcor".
250403-08:00:25,390 nipype.workflow INFO:
	 [Node] Executing "acompcor" <niworkflows.interfaces.patches.RobustACompCor>
250403-08:00:26,387 nipype.workflow INFO:
	 [Node] Setting-up "fmriprep_24_0_wf.sub_33_wf.bold_task_bird_run_6_wf.bold_confounds_wf.signals" in "/work_dir/fmriprep_24_0_wf/sub_33_wf/bold_task_bird_run_6_wf/bold_confounds_wf/signals".
250403-08:00:26,400 nipype.workflow INFO:
	 [Node] Setting-up "fmriprep_24_0_wf.sub_33_wf.bold_task_bird_run_6_wf.bold_confounds_wf.rois_plot" in "/work_dir/fmriprep_24_0_wf/sub_33_wf/bold_task_bird_run_6_wf/bold_confounds_wf/rois_plot".
250403-08:00:26,408 nipype.workflow INFO:
	 [Node] Setting-up "_acc_msk_bin2" in "/work_dir/fmriprep_24_0_wf/sub_33_wf/bold_task_bird_run_1_wf/bold_confounds_wf/acc_msk_bin/mapflow/_acc_msk_bin2".
250403-08:00:26,410 nipype.workflow INFO:
	 [Node] Executing "_acc_msk_bin2" <niworkflows.interfaces.nibabel.Binarize>
250403-08:00:26,413 nipype.workflow INFO:
	 [Node] Setting-up "_acc_msk_bin0" in "/work_dir/fmriprep_24_0_wf/sub_33_wf/bold_task_bird_run_4_wf/bold_confounds_wf/acc_msk_bin/mapflow/_acc_msk_bin0".
250403-08:00:26,414 nipype.workflow INFO:
	 [Node] Executing "_acc_msk_bin0" <niworkflows.interfaces.nibabel.Binarize>
250403-08:00:26,446 nipype.workflow INFO:
	 [Node] Executing "signals" <niworkflows.interfaces.images.SignalExtraction>
250403-08:00:26,604 nipype.workflow INFO:
	 [Node] Finished "_acc_msk_bin2", elapsed time 0.193835s.
250403-08:00:26,689 nipype.workflow INFO:
	 [Node] Finished "_acc_msk_bin0", elapsed time 0.273686s.
250403-08:00:26,811 nipype.workflow INFO:
	 [Node] Executing "rois_plot" <niworkflows.interfaces.reportlets.masks.ROIsPlot>
250403-08:00:26,817 nipype.workflow INFO:
	 [Node] Setting-up "fmriprep_24_0_wf.sub_33_wf.bold_task_bird_run_5_wf.bold_confounds_wf.acompcor" in "/work_dir/fmriprep_24_0_wf/sub_33_wf/bold_task_bird_run_5_wf/bold_confounds_wf/acompcor".
250403-08:00:26,968 nipype.workflow INFO:
	 [Node] Executing "acompcor" <niworkflows.interfaces.patches.RobustACompCor>
250403-08:00:29,190 nipype.workflow INFO:
	 [Node] Setting-up "_acc_msk_bin0" in "/work_dir/fmriprep_24_0_wf/sub_33_wf/bold_task_bird_run_1_wf/bold_confounds_wf/acc_msk_bin/mapflow/_acc_msk_bin0".
250403-08:00:29,191 nipype.workflow INFO:
	 [Node] Cached "_acc_msk_bin0" - collecting precomputed outputs
250403-08:00:29,191 nipype.workflow INFO:
	 [Node] "_acc_msk_bin0" found cached.
250403-08:00:29,192 nipype.workflow INFO:
	 [Node] Setting-up "_acc_msk_bin1" in "/work_dir/fmriprep_24_0_wf/sub_33_wf/bold_task_bird_run_1_wf/bold_confounds_wf/acc_msk_bin/mapflow/_acc_msk_bin1".
250403-08:00:29,193 nipype.workflow INFO:
	 [Node] Cached "_acc_msk_bin1" - collecting precomputed outputs
250403-08:00:29,193 nipype.workflow INFO:
	 [Node] "_acc_msk_bin1" found cached.
250403-08:00:29,193 nipype.workflow INFO:
	 [Node] Setting-up "_acc_msk_bin2" in "/work_dir/fmriprep_24_0_wf/sub_33_wf/bold_task_bird_run_1_wf/bold_confounds_wf/acc_msk_bin/mapflow/_acc_msk_bin2".
250403-08:00:29,194 nipype.workflow INFO:
	 [Node] Cached "_acc_msk_bin2" - collecting precomputed outputs
250403-08:00:29,194 nipype.workflow INFO:
	 [Node] "_acc_msk_bin2" found cached.
250403-08:00:29,957 nipype.workflow INFO:
	 [Node] Setting-up "fmriprep_24_0_wf.sub_33_wf.bold_task_bird_run_2_wf.bold_confounds_wf.signals" in "/work_dir/fmriprep_24_0_wf/sub_33_wf/bold_task_bird_run_2_wf/bold_confounds_wf/signals".
250403-08:00:30,0 nipype.workflow INFO:
	 [Node] Executing "signals" <niworkflows.interfaces.images.SignalExtraction>
250403-08:00:30,936 nipype.workflow INFO:
	 [Node] Setting-up "fmriprep_24_0_wf.sub_33_wf.bold_task_bird_run_1_wf.bold_confounds_wf.acompcor" in "/work_dir/fmriprep_24_0_wf/sub_33_wf/bold_task_bird_run_1_wf/bold_confounds_wf/acompcor".
250403-08:00:30,940 nipype.workflow INFO:
	 [Node] Executing "acompcor" <niworkflows.interfaces.patches.RobustACompCor>
250403-08:00:34,914 nipype.workflow INFO:
	 [Node] Finished "acompcor", elapsed time 12.89765s.
250403-08:00:35,295 nipype.workflow INFO:
	 [Node] Finished "epi_t1_report", elapsed time 67.222949s.
250403-08:00:37,182 nipype.workflow INFO:
	 [Node] Setting-up "fmriprep_24_0_wf.sub_33_wf.bold_task_bird_run_4_wf.bold_fit_wf.func_fit_reports_wf.ds_epi_t1_report" in "/work_dir/fmriprep_24_0_wf/sub_33_wf/bold_task_bird_run_4_wf/bold_fit_wf/func_fit_reports_wf/ds_epi_t1_report".
250403-08:00:37,807 nipype.workflow INFO:
	 [Node] Finished "epi_t1_report", elapsed time 67.718238s.
250403-08:00:38,163 nipype.workflow INFO:
	 [Node] Finished "epi_t1_report", elapsed time 66.711418s.
250403-08:00:38,209 nipype.workflow INFO:
	 [Node] Finished "acompcor", elapsed time 13.521401000000001s.
250403-08:00:38,382 nipype.workflow INFO:
	 [Node] Setting-up "fmriprep_24_0_wf.sub_33_wf.bold_task_bird_run_3_wf.bold_confounds_wf.signals" in "/work_dir/fmriprep_24_0_wf/sub_33_wf/bold_task_bird_run_3_wf/bold_confounds_wf/signals".
250403-08:00:38,385 nipype.workflow INFO:
	 [Node] Executing "signals" <niworkflows.interfaces.images.SignalExtraction>
250403-08:00:38,529 nipype.workflow INFO:
	 [Node] Executing "ds_epi_t1_report" <fmriprep.interfaces.DerivativesDataSink>
250403-08:00:38,576 nipype.workflow INFO:
	 [Node] Finished "ds_epi_t1_report", elapsed time 0.045766s.
250403-08:00:38,937 nipype.workflow INFO:
	 [Node] Finished "epi_t1_report", elapsed time 68.843303s.
250403-08:00:39,99 nipype.workflow INFO:
	 [Node] Setting-up "fmriprep_24_0_wf.sub_33_wf.bold_task_bird_run_3_wf.bold_fit_wf.func_fit_reports_wf.ds_epi_t1_report" in "/work_dir/fmriprep_24_0_wf/sub_33_wf/bold_task_bird_run_3_wf/bold_fit_wf/func_fit_reports_wf/ds_epi_t1_report".
250403-08:00:39,100 nipype.workflow INFO:
	 [Node] Setting-up "fmriprep_24_0_wf.sub_33_wf.bold_task_bird_run_1_wf.bold_confounds_wf.signals" in "/work_dir/fmriprep_24_0_wf/sub_33_wf/bold_task_bird_run_1_wf/bold_confounds_wf/signals".
250403-08:00:39,100 nipype.workflow INFO:
	 [Node] Setting-up "fmriprep_24_0_wf.sub_33_wf.bold_task_bird_run_5_wf.bold_fit_wf.func_fit_reports_wf.ds_epi_t1_report" in "/work_dir/fmriprep_24_0_wf/sub_33_wf/bold_task_bird_run_5_wf/bold_fit_wf/func_fit_reports_wf/ds_epi_t1_report".
250403-08:00:39,103 nipype.workflow INFO:
	 [Node] Executing "signals" <niworkflows.interfaces.images.SignalExtraction>
250403-08:00:39,103 nipype.workflow INFO:
	 [Node] Executing "ds_epi_t1_report" <fmriprep.interfaces.DerivativesDataSink>
250403-08:00:39,182 nipype.workflow INFO:
	 [Node] Finished "ds_epi_t1_report", elapsed time 0.077898s.
250403-08:00:39,926 nipype.workflow INFO:
	 [Node] Finished "acompcor", elapsed time 14.535854s.
250403-08:00:40,101 nipype.workflow INFO:
	 [Node] Executing "ds_epi_t1_report" <fmriprep.interfaces.DerivativesDataSink>
250403-08:00:40,131 nipype.workflow INFO:
	 [Node] Finished "ds_epi_t1_report", elapsed time 0.028356s.
250403-08:00:40,265 nipype.workflow INFO:
	 [Node] Finished "epi_t1_report", elapsed time 70.197838s.
250403-08:00:40,292 nipype.workflow INFO:
	 [Node] Finished "resample", elapsed time 76.555987s.
250403-08:00:40,807 nipype.workflow INFO:
	 [Node] Setting-up "fmriprep_24_0_wf.sub_33_wf.bold_task_bird_run_2_wf.bold_fit_wf.func_fit_reports_wf.ds_epi_t1_report" in "/work_dir/fmriprep_24_0_wf/sub_33_wf/bold_task_bird_run_2_wf/bold_fit_wf/func_fit_reports_wf/ds_epi_t1_report".
250403-08:00:40,809 nipype.workflow INFO:
	 [Node] Setting-up "fmriprep_24_0_wf.sub_33_wf.bold_task_bird_run_6_wf.bold_fit_wf.func_fit_reports_wf.ds_epi_t1_report" in "/work_dir/fmriprep_24_0_wf/sub_33_wf/bold_task_bird_run_6_wf/bold_fit_wf/func_fit_reports_wf/ds_epi_t1_report".
250403-08:00:40,813 nipype.workflow INFO:
	 [Node] Executing "ds_epi_t1_report" <fmriprep.interfaces.DerivativesDataSink>
250403-08:00:40,823 nipype.workflow INFO:
	 [Node] Finished "ds_epi_t1_report", elapsed time 0.009207s.
250403-08:00:40,824 nipype.workflow INFO:
	 [Node] Setting-up "fmriprep_24_0_wf.sub_33_wf.bold_task_bird_run_2_wf.bold_confounds_wf.rename_acompcor" in "/work_dir/fmriprep_24_0_wf/sub_33_wf/bold_task_bird_run_2_wf/bold_confounds_wf/rename_acompcor".
250403-08:00:40,826 nipype.workflow INFO:
	 [Node] Executing "rename_acompcor" <fmriprep.interfaces.confounds.RenameACompCor>
250403-08:00:40,828 nipype.workflow INFO:
	 [Node] Setting-up "fmriprep_24_0_wf.sub_33_wf.bold_task_bird_run_3_wf.bold_confounds_wf.rename_acompcor" in "/work_dir/fmriprep_24_0_wf/sub_33_wf/bold_task_bird_run_3_wf/bold_confounds_wf/rename_acompcor".
250403-08:00:40,830 nipype.workflow INFO:
	 [Node] Executing "rename_acompcor" <fmriprep.interfaces.confounds.RenameACompCor>
250403-08:00:40,832 nipype.workflow INFO:
	 [Node] Setting-up "fmriprep_24_0_wf.sub_33_wf.bold_task_bird_run_5_wf.bold_confounds_wf.signals" in "/work_dir/fmriprep_24_0_wf/sub_33_wf/bold_task_bird_run_5_wf/bold_confounds_wf/signals".
250403-08:00:40,835 nipype.workflow INFO:
	 [Node] Executing "signals" <niworkflows.interfaces.images.SignalExtraction>
250403-08:00:41,28 nipype.workflow INFO:
	 [Node] Finished "epi_t1_report", elapsed time 70.983216s.
250403-08:00:41,158 nipype.workflow INFO:
	 [Node] Setting-up "fmriprep_24_0_wf.sub_33_wf.bold_task_bird_run_6_wf.bold_confounds_wf.rename_acompcor" in "/work_dir/fmriprep_24_0_wf/sub_33_wf/bold_task_bird_run_6_wf/bold_confounds_wf/rename_acompcor".
250403-08:00:41,171 nipype.workflow INFO:
	 [Node] Executing "rename_acompcor" <fmriprep.interfaces.confounds.RenameACompCor>
250403-08:00:41,210 nipype.workflow INFO:
	 [Node] Setting-up "fmriprep_24_0_wf.sub_33_wf.bold_task_bird_run_2_wf.bold_confounds_wf.rois_plot" in "/work_dir/fmriprep_24_0_wf/sub_33_wf/bold_task_bird_run_2_wf/bold_confounds_wf/rois_plot".
250403-08:00:41,269 nipype.workflow INFO:
	 [Node] Finished "rename_acompcor", elapsed time 0.442612s.
250403-08:00:41,272 nipype.workflow INFO:
	 [Node] Finished "rename_acompcor", elapsed time 0.441478s.
250403-08:00:41,358 nipype.workflow INFO:
	 [Node] Executing "rois_plot" <niworkflows.interfaces.reportlets.masks.ROIsPlot>
250403-08:00:41,442 nipype.workflow INFO:
	 [Node] Finished "rename_acompcor", elapsed time 0.270382s.
250403-08:00:41,630 nipype.workflow INFO:
	 [Node] Finished "resample", elapsed time 77.99967s.
250403-08:00:41,687 nipype.workflow INFO:
	 [Node] Setting-up "fmriprep_24_0_wf.sub_33_wf.bold_task_bird_run_5_wf.bold_confounds_wf.rois_plot" in "/work_dir/fmriprep_24_0_wf/sub_33_wf/bold_task_bird_run_5_wf/bold_confounds_wf/rois_plot".
250403-08:00:41,834 nipype.workflow INFO:
	 [Node] Executing "ds_epi_t1_report" <fmriprep.interfaces.DerivativesDataSink>
250403-08:00:41,884 nipype.workflow INFO:
	 [Node] Finished "ds_epi_t1_report", elapsed time 0.048077s.
250403-08:00:41,927 nipype.workflow INFO:
	 [Node] Executing "rois_plot" <niworkflows.interfaces.reportlets.masks.ROIsPlot>
250403-08:00:42,274 nipype.workflow INFO:
	 [Node] Setting-up "_acc_msk_bin1" in "/work_dir/fmriprep_24_0_wf/sub_33_wf/bold_task_bird_run_4_wf/bold_confounds_wf/acc_msk_bin/mapflow/_acc_msk_bin1".
250403-08:00:42,276 nipype.workflow INFO:
	 [Node] Executing "_acc_msk_bin1" <niworkflows.interfaces.nibabel.Binarize>
250403-08:00:42,279 nipype.workflow INFO:
	 [Node] Setting-up "_acc_msk_bin2" in "/work_dir/fmriprep_24_0_wf/sub_33_wf/bold_task_bird_run_4_wf/bold_confounds_wf/acc_msk_bin/mapflow/_acc_msk_bin2".
250403-08:00:42,280 nipype.workflow INFO:
	 [Node] Executing "_acc_msk_bin2" <niworkflows.interfaces.nibabel.Binarize>
250403-08:00:42,408 nipype.workflow INFO:
	 [Node] Finished "signals", elapsed time 15.961284s.
250403-08:00:42,419 nipype.workflow INFO:
	 [Node] Finished "acompcor", elapsed time 15.45003s.
250403-08:00:42,446 nipype.workflow INFO:
	 [Node] Setting-up "fmriprep_24_0_wf.sub_33_wf.bold_task_bird_run_1_wf.bold_confounds_wf.rois_plot" in "/work_dir/fmriprep_24_0_wf/sub_33_wf/bold_task_bird_run_1_wf/bold_confounds_wf/rois_plot".
250403-08:00:42,449 nipype.workflow INFO:
	 [Node] Executing "rois_plot" <niworkflows.interfaces.reportlets.masks.ROIsPlot>
250403-08:00:42,502 nipype.workflow INFO:
	 [Node] Finished "_acc_msk_bin2", elapsed time 0.220596s.
250403-08:00:42,547 nipype.workflow INFO:
	 [Node] Finished "_acc_msk_bin1", elapsed time 0.270534s.
250403-08:00:42,741 nipype.workflow INFO:
	 [Node] Setting-up "fmriprep_24_0_wf.sub_33_wf.bold_task_bird_run_3_wf.bold_confounds_wf.rois_plot" in "/work_dir/fmriprep_24_0_wf/sub_33_wf/bold_task_bird_run_3_wf/bold_confounds_wf/rois_plot".
250403-08:00:42,745 nipype.workflow INFO:
	 [Node] Executing "rois_plot" <niworkflows.interfaces.reportlets.masks.ROIsPlot>
250403-08:00:42,991 nipype.workflow INFO:
	 [Node] Setting-up "fmriprep_24_0_wf.sub_33_wf.bold_task_bird_run_1_wf.bold_fit_wf.func_fit_reports_wf.ds_epi_t1_report" in "/work_dir/fmriprep_24_0_wf/sub_33_wf/bold_task_bird_run_1_wf/bold_fit_wf/func_fit_reports_wf/ds_epi_t1_report".
250403-08:00:42,991 nipype.workflow INFO:
	 [Node] Setting-up "fmriprep_24_0_wf.sub_33_wf.bold_task_bird_run_2_wf.bold_confounds_wf.acc_metadata_filter" in "/work_dir/fmriprep_24_0_wf/sub_33_wf/bold_task_bird_run_2_wf/bold_confounds_wf/acc_metadata_filter".
250403-08:00:42,993 nipype.workflow INFO:
	 [Node] Executing "acc_metadata_filter" <fmriprep.interfaces.confounds.FilterDropped>
250403-08:00:42,993 nipype.workflow INFO:
	 [Node] Setting-up "fmriprep_24_0_wf.sub_33_wf.bold_task_bird_run_3_wf.bold_confounds_wf.compcor_plot" in "/work_dir/fmriprep_24_0_wf/sub_33_wf/bold_task_bird_run_3_wf/bold_confounds_wf/compcor_plot".
250403-08:00:42,995 nipype.workflow INFO:
	 [Node] Setting-up "fmriprep_24_0_wf.sub_33_wf.bold_task_bird_run_6_wf.bold_confounds_wf.compcor_plot" in "/work_dir/fmriprep_24_0_wf/sub_33_wf/bold_task_bird_run_6_wf/bold_confounds_wf/compcor_plot".
250403-08:00:42,998 nipype.workflow INFO:
	 [Node] Executing "compcor_plot" <nireports.interfaces.nuisance.CompCorVariancePlot>
250403-08:00:43,0 nipype.workflow INFO:
	 [Node] Finished "acc_metadata_filter", elapsed time 0.006762s.
250403-08:00:43,3 nipype.workflow INFO:
	 [Node] Executing "compcor_plot" <nireports.interfaces.nuisance.CompCorVariancePlot>
250403-08:00:44,42 nipype.workflow INFO:
	 [Node] Setting-up "fmriprep_24_0_wf.sub_33_wf.bold_task_bird_run_3_wf.bold_confounds_wf.acc_metadata_filter" in "/work_dir/fmriprep_24_0_wf/sub_33_wf/bold_task_bird_run_3_wf/bold_confounds_wf/acc_metadata_filter".
250403-08:00:44,44 nipype.workflow INFO:
	 [Node] Executing "acc_metadata_filter" <fmriprep.interfaces.confounds.FilterDropped>
250403-08:00:44,69 nipype.workflow INFO:
	 [Node] Finished "acc_metadata_filter", elapsed time 0.024129s.
250403-08:00:44,180 nipype.workflow INFO:
	 [Node] Finished "compcor_plot", elapsed time 1.181489s.
250403-08:00:44,230 nipype.workflow INFO:
	 [Node] Finished "compcor_plot", elapsed time 1.225735s.
250403-08:00:44,234 nipype.workflow INFO:
	 [Node] Setting-up "fmriprep_24_0_wf.sub_33_wf.bold_task_bird_run_6_wf.bold_confounds_wf.acc_metadata_filter" in "/work_dir/fmriprep_24_0_wf/sub_33_wf/bold_task_bird_run_6_wf/bold_confounds_wf/acc_metadata_filter".
250403-08:00:44,236 nipype.workflow INFO:
	 [Node] Executing "acc_metadata_filter" <fmriprep.interfaces.confounds.FilterDropped>
250403-08:00:44,258 nipype.workflow INFO:
	 [Node] Finished "acc_metadata_filter", elapsed time 0.021607s.
250403-08:00:44,992 nipype.workflow INFO:
	 [Node] Setting-up "_acc_msk_bin0" in "/work_dir/fmriprep_24_0_wf/sub_33_wf/bold_task_bird_run_4_wf/bold_confounds_wf/acc_msk_bin/mapflow/_acc_msk_bin0".
250403-08:00:44,993 nipype.workflow INFO:
	 [Node] Cached "_acc_msk_bin0" - collecting precomputed outputs
250403-08:00:44,993 nipype.workflow INFO:
	 [Node] "_acc_msk_bin0" found cached.
250403-08:00:44,994 nipype.workflow INFO:
	 [Node] Setting-up "_acc_msk_bin1" in "/work_dir/fmriprep_24_0_wf/sub_33_wf/bold_task_bird_run_4_wf/bold_confounds_wf/acc_msk_bin/mapflow/_acc_msk_bin1".
250403-08:00:44,994 nipype.workflow INFO:
	 [Node] Cached "_acc_msk_bin1" - collecting precomputed outputs
250403-08:00:44,994 nipype.workflow INFO:
	 [Node] "_acc_msk_bin1" found cached.
250403-08:00:44,995 nipype.workflow INFO:
	 [Node] Setting-up "_acc_msk_bin2" in "/work_dir/fmriprep_24_0_wf/sub_33_wf/bold_task_bird_run_4_wf/bold_confounds_wf/acc_msk_bin/mapflow/_acc_msk_bin2".
250403-08:00:44,995 nipype.workflow INFO:
	 [Node] Cached "_acc_msk_bin2" - collecting precomputed outputs
250403-08:00:44,996 nipype.workflow INFO:
	 [Node] "_acc_msk_bin2" found cached.
250403-08:00:44,996 nipype.workflow INFO:
	 [Node] Setting-up "fmriprep_24_0_wf.sub_33_wf.bold_task_bird_run_5_wf.bold_confounds_wf.rename_acompcor" in "/work_dir/fmriprep_24_0_wf/sub_33_wf/bold_task_bird_run_5_wf/bold_confounds_wf/rename_acompcor".
250403-08:00:44,997 nipype.workflow INFO:
	 [Node] Executing "rename_acompcor" <fmriprep.interfaces.confounds.RenameACompCor>
250403-08:00:45,17 nipype.workflow INFO:
	 [Node] Finished "acompcor", elapsed time 14.076419s.
250403-08:00:45,331 nipype.workflow INFO:
	 [Node] Finished "rename_acompcor", elapsed time 0.332591s.
250403-08:00:45,447 nipype.workflow INFO:
	 [Node] Setting-up "fmriprep_24_0_wf.sub_33_wf.bold_task_bird_run_2_wf.bold_confounds_wf.compcor_plot" in "/work_dir/fmriprep_24_0_wf/sub_33_wf/bold_task_bird_run_2_wf/bold_confounds_wf/compcor_plot".
250403-08:00:45,449 nipype.workflow INFO:
	 [Node] Executing "compcor_plot" <nireports.interfaces.nuisance.CompCorVariancePlot>
250403-08:00:46,168 nipype.workflow INFO:
	 [Node] Executing "ds_epi_t1_report" <fmriprep.interfaces.DerivativesDataSink>
250403-08:00:46,185 nipype.workflow INFO:
	 [Node] Finished "signals", elapsed time 16.183841s.
250403-08:00:46,207 nipype.workflow INFO:
	 [Node] Finished "ds_epi_t1_report", elapsed time 0.02652s.
250403-08:00:46,328 nipype.workflow INFO:
	 [Node] Setting-up "fmriprep_24_0_wf.sub_33_wf.bold_task_bird_run_2_wf.bold_confounds_wf.acc_metadata_fmt" in "/work_dir/fmriprep_24_0_wf/sub_33_wf/bold_task_bird_run_2_wf/bold_confounds_wf/acc_metadata_fmt".
250403-08:00:46,330 nipype.workflow INFO:
	 [Node] Executing "acc_metadata_fmt" <niworkflows.interfaces.utility.TSV2JSON>
250403-08:00:46,344 nipype.workflow INFO:
	 [Node] Setting-up "fmriprep_24_0_wf.sub_33_wf.bold_task_bird_run_3_wf.bold_confounds_wf.acc_metadata_fmt" in "/work_dir/fmriprep_24_0_wf/sub_33_wf/bold_task_bird_run_3_wf/bold_confounds_wf/acc_metadata_fmt".
250403-08:00:46,346 nipype.workflow INFO:
	 [Node] Executing "acc_metadata_fmt" <niworkflows.interfaces.utility.TSV2JSON>
250403-08:00:46,357 nipype.workflow INFO:
	 [Node] Finished "acc_metadata_fmt", elapsed time 0.009848s.
250403-08:00:46,360 nipype.workflow INFO:
	 [Node] Setting-up "fmriprep_24_0_wf.sub_33_wf.bold_task_bird_run_6_wf.bold_confounds_wf.acc_metadata_fmt" in "/work_dir/fmriprep_24_0_wf/sub_33_wf/bold_task_bird_run_6_wf/bold_confounds_wf/acc_metadata_fmt".
250403-08:00:46,362 nipype.workflow INFO:
	 [Node] Executing "acc_metadata_fmt" <niworkflows.interfaces.utility.TSV2JSON>
250403-08:00:46,367 nipype.workflow INFO:
	 [Node] Finished "acc_metadata_fmt", elapsed time 0.008077s.
250403-08:00:46,388 nipype.workflow INFO:
	 [Node] Finished "acc_metadata_fmt", elapsed time 0.024791s.
250403-08:00:46,429 nipype.workflow INFO:
	 [Node] Finished "compcor_plot", elapsed time 0.979326s.
250403-08:00:47,374 nipype.workflow INFO:
	 [Node] Setting-up "fmriprep_24_0_wf.sub_33_wf.bold_task_bird_run_4_wf.bold_confounds_wf.acompcor" in "/work_dir/fmriprep_24_0_wf/sub_33_wf/bold_task_bird_run_4_wf/bold_confounds_wf/acompcor".
250403-08:00:47,378 nipype.workflow INFO:
	 [Node] Executing "acompcor" <niworkflows.interfaces.patches.RobustACompCor>
250403-08:00:48,138 nipype.workflow INFO:
	 [Node] Setting-up "fmriprep_24_0_wf.sub_33_wf.bold_task_bird_run_1_wf.bold_confounds_wf.rename_acompcor" in "/work_dir/fmriprep_24_0_wf/sub_33_wf/bold_task_bird_run_1_wf/bold_confounds_wf/rename_acompcor".
250403-08:00:48,145 nipype.workflow INFO:
	 [Node] Executing "rename_acompcor" <fmriprep.interfaces.confounds.RenameACompCor>
250403-08:00:48,424 nipype.workflow INFO:
	 [Node] Finished "rename_acompcor", elapsed time 0.278293s.
250403-08:00:49,253 nipype.workflow INFO:
	 [Node] Setting-up "fmriprep_24_0_wf.sub_33_wf.bold_task_bird_run_5_wf.bold_confounds_wf.acc_metadata_filter" in "/work_dir/fmriprep_24_0_wf/sub_33_wf/bold_task_bird_run_5_wf/bold_confounds_wf/acc_metadata_filter".
250403-08:00:49,255 nipype.workflow INFO:
	 [Node] Executing "acc_metadata_filter" <fmriprep.interfaces.confounds.FilterDropped>
250403-08:00:49,261 nipype.workflow INFO:
	 [Node] Finished "acc_metadata_filter", elapsed time 0.00473s.
250403-08:00:49,264 nipype.workflow INFO:
	 [Node] Setting-up "fmriprep_24_0_wf.sub_33_wf.bold_task_bird_run_6_wf.bold_confounds_wf.conf_corr_plot" in "/work_dir/fmriprep_24_0_wf/sub_33_wf/bold_task_bird_run_6_wf/bold_confounds_wf/conf_corr_plot".
250403-08:00:49,265 nipype.workflow INFO:
	 [Node] Setting-up "fmriprep_24_0_wf.sub_33_wf.bold_task_bird_run_6_wf.bold_confounds_wf.model_expansion" in "/work_dir/fmriprep_24_0_wf/sub_33_wf/bold_task_bird_run_6_wf/bold_confounds_wf/model_expansion".
250403-08:00:49,275 nipype.workflow INFO:
	 [Node] Executing "model_expansion" <niworkflows.interfaces.confounds.ExpandModel>
250403-08:00:49,740 nipype.workflow INFO:
	 [Node] Finished "model_expansion", elapsed time 0.464065s.
250403-08:00:50,693 nipype.workflow INFO:
	 [Node] Executing "conf_corr_plot" <nireports.interfaces.nuisance.ConfoundsCorrelationPlot>
250403-08:00:51,37 nipype.workflow INFO:
	 [Node] Finished "signals", elapsed time 12.651224s.
250403-08:00:52,65 nipype.workflow INFO:
	 [Node] Setting-up "fmriprep_24_0_wf.sub_33_wf.bold_task_bird_run_4_wf.bold_confounds_wf.signals" in "/work_dir/fmriprep_24_0_wf/sub_33_wf/bold_task_bird_run_4_wf/bold_confounds_wf/signals".
250403-08:00:52,80 nipype.workflow INFO:
	 [Node] Setting-up "fmriprep_24_0_wf.sub_33_wf.bold_task_bird_run_4_wf.bold_confounds_wf.rois_plot" in "/work_dir/fmriprep_24_0_wf/sub_33_wf/bold_task_bird_run_4_wf/bold_confounds_wf/rois_plot".
250403-08:00:52,83 nipype.workflow INFO:
	 [Node] Executing "rois_plot" <niworkflows.interfaces.reportlets.masks.ROIsPlot>
250403-08:00:52,88 nipype.workflow INFO:
	 [Node] Setting-up "fmriprep_24_0_wf.sub_33_wf.bold_task_bird_run_1_wf.bold_confounds_wf.acc_metadata_filter" in "/work_dir/fmriprep_24_0_wf/sub_33_wf/bold_task_bird_run_1_wf/bold_confounds_wf/acc_metadata_filter".
250403-08:00:52,89 nipype.workflow INFO:
	 [Node] Executing "acc_metadata_filter" <fmriprep.interfaces.confounds.FilterDropped>
250403-08:00:52,94 nipype.workflow INFO:
	 [Node] Finished "acc_metadata_filter", elapsed time 0.004126s.
250403-08:00:52,98 nipype.workflow INFO:
	 [Node] Executing "signals" <niworkflows.interfaces.images.SignalExtraction>
250403-08:00:52,459 nipype.workflow INFO:
	 [Node] Finished "conf_corr_plot", elapsed time 1.765046s.
250403-08:00:52,650 nipype.workflow INFO:
	 [Node] Finished "signals", elapsed time 13.546723s.
250403-08:00:52,853 nipype.workflow INFO:
	 [Node] Setting-up "fmriprep_24_0_wf.sub_33_wf.bold_task_bird_run_2_wf.bold_confounds_wf.model_expansion" in "/work_dir/fmriprep_24_0_wf/sub_33_wf/bold_task_bird_run_2_wf/bold_confounds_wf/model_expansion".
250403-08:00:52,855 nipype.workflow INFO:
	 [Node] Executing "model_expansion" <niworkflows.interfaces.confounds.ExpandModel>
250403-08:00:52,872 nipype.workflow INFO:
	 [Node] Setting-up "fmriprep_24_0_wf.sub_33_wf.bold_task_bird_run_5_wf.bold_confounds_wf.compcor_plot" in "/work_dir/fmriprep_24_0_wf/sub_33_wf/bold_task_bird_run_5_wf/bold_confounds_wf/compcor_plot".
250403-08:00:52,874 nipype.workflow INFO:
	 [Node] Executing "compcor_plot" <nireports.interfaces.nuisance.CompCorVariancePlot>
250403-08:00:52,875 nipype.workflow INFO:
	 [Node] Setting-up "fmriprep_24_0_wf.sub_33_wf.bold_task_bird_run_5_wf.bold_confounds_wf.acc_metadata_fmt" in "/work_dir/fmriprep_24_0_wf/sub_33_wf/bold_task_bird_run_5_wf/bold_confounds_wf/acc_metadata_fmt".
250403-08:00:52,877 nipype.workflow INFO:
	 [Node] Executing "acc_metadata_fmt" <niworkflows.interfaces.utility.TSV2JSON>
250403-08:00:52,886 nipype.workflow INFO:
	 [Node] Finished "acc_metadata_fmt", elapsed time 0.008321s.
250403-08:00:52,887 nipype.workflow INFO:
	 [Node] Setting-up "fmriprep_24_0_wf.sub_33_wf.bold_task_bird_run_6_wf.bold_confounds_wf.spike_regressors" in "/work_dir/fmriprep_24_0_wf/sub_33_wf/bold_task_bird_run_6_wf/bold_confounds_wf/spike_regressors".
250403-08:00:52,891 nipype.workflow INFO:
	 [Node] Executing "spike_regressors" <niworkflows.interfaces.confounds.SpikeRegressors>
250403-08:00:53,207 nipype.workflow INFO:
	 [Node] Finished "model_expansion", elapsed time 0.351435s.
250403-08:00:53,330 nipype.workflow INFO:
	 [Node] Finished "spike_regressors", elapsed time 0.439112s.
250403-08:00:53,519 nipype.workflow INFO:
	 [Node] Setting-up "fmriprep_24_0_wf.sub_33_wf.bold_task_bird_run_2_wf.bold_confounds_wf.conf_corr_plot" in "/work_dir/fmriprep_24_0_wf/sub_33_wf/bold_task_bird_run_2_wf/bold_confounds_wf/conf_corr_plot".
250403-08:00:53,608 nipype.workflow INFO:
	 [Node] Executing "conf_corr_plot" <nireports.interfaces.nuisance.ConfoundsCorrelationPlot>
250403-08:00:53,924 nipype.workflow INFO:
	 [Node] Finished "compcor_plot", elapsed time 1.048817s.
250403-08:00:54,75 nipype.workflow INFO:
	 [Node] Finished "signals", elapsed time 13.239509s.
250403-08:00:54,559 nipype.workflow INFO:
	 [Node] Setting-up "fmriprep_24_0_wf.sub_33_wf.bold_task_bird_run_1_wf.bold_confounds_wf.compcor_plot" in "/work_dir/fmriprep_24_0_wf/sub_33_wf/bold_task_bird_run_1_wf/bold_confounds_wf/compcor_plot".
250403-08:00:54,562 nipype.workflow INFO:
	 [Node] Executing "compcor_plot" <nireports.interfaces.nuisance.CompCorVariancePlot>
250403-08:00:55,305 nipype.workflow INFO:
	 [Node] Finished "conf_corr_plot", elapsed time 1.6954829999999999s.
250403-08:00:55,405 nipype.workflow INFO:
	 [Node] Finished "compcor_plot", elapsed time 0.842169s.
250403-08:00:57,95 nipype.workflow INFO:
	 [Node] Finished "acompcor", elapsed time 9.716578s.
250403-08:00:57,110 nipype.workflow INFO:
	 [Node] Setting-up "fmriprep_24_0_wf.sub_33_wf.bold_task_bird_run_1_wf.bold_confounds_wf.acc_metadata_fmt" in "/work_dir/fmriprep_24_0_wf/sub_33_wf/bold_task_bird_run_1_wf/bold_confounds_wf/acc_metadata_fmt".
250403-08:00:57,110 nipype.workflow INFO:
	 [Node] Setting-up "fmriprep_24_0_wf.sub_33_wf.bold_task_bird_run_3_wf.bold_confounds_wf.model_expansion" in "/work_dir/fmriprep_24_0_wf/sub_33_wf/bold_task_bird_run_3_wf/bold_confounds_wf/model_expansion".
250403-08:00:57,112 nipype.workflow INFO:
	 [Node] Executing "acc_metadata_fmt" <niworkflows.interfaces.utility.TSV2JSON>
250403-08:00:57,112 nipype.workflow INFO:
	 [Node] Executing "model_expansion" <niworkflows.interfaces.confounds.ExpandModel>
250403-08:00:57,119 nipype.workflow INFO:
	 [Node] Finished "acc_metadata_fmt", elapsed time 0.006477s.
250403-08:00:57,343 nipype.workflow INFO:
	 [Node] Setting-up "fmriprep_24_0_wf.sub_33_wf.bold_task_bird_run_2_wf.bold_confounds_wf.spike_regressors" in "/work_dir/fmriprep_24_0_wf/sub_33_wf/bold_task_bird_run_2_wf/bold_confounds_wf/spike_regressors".
250403-08:00:57,345 nipype.workflow INFO:
	 [Node] Executing "spike_regressors" <niworkflows.interfaces.confounds.SpikeRegressors>
250403-08:00:57,498 nipype.workflow INFO:
	 [Node] Finished "model_expansion", elapsed time 0.386001s.
250403-08:00:57,647 nipype.workflow INFO:
	 [Node] Finished "spike_regressors", elapsed time 0.301223s.
250403-08:00:57,891 nipype.workflow INFO:
	 [Node] Setting-up "fmriprep_24_0_wf.sub_33_wf.bold_task_bird_run_3_wf.bold_confounds_wf.conf_corr_plot" in "/work_dir/fmriprep_24_0_wf/sub_33_wf/bold_task_bird_run_3_wf/bold_confounds_wf/conf_corr_plot".
250403-08:00:57,908 nipype.workflow INFO:
	 [Node] Executing "conf_corr_plot" <nireports.interfaces.nuisance.ConfoundsCorrelationPlot>
250403-08:00:58,787 nipype.workflow INFO:
	 [Node] Setting-up "fmriprep_24_0_wf.sub_33_wf.bold_task_bird_run_4_wf.bold_confounds_wf.rename_acompcor" in "/work_dir/fmriprep_24_0_wf/sub_33_wf/bold_task_bird_run_4_wf/bold_confounds_wf/rename_acompcor".
250403-08:00:58,790 nipype.workflow INFO:
	 [Node] Executing "rename_acompcor" <fmriprep.interfaces.confounds.RenameACompCor>
250403-08:00:58,962 nipype.workflow INFO:
	 [Node] Finished "rename_acompcor", elapsed time 0.1711s.
250403-08:00:59,75 nipype.workflow INFO:
	 [Node] Setting-up "fmriprep_24_0_wf.sub_33_wf.bold_task_bird_run_1_wf.bold_confounds_wf.model_expansion" in "/work_dir/fmriprep_24_0_wf/sub_33_wf/bold_task_bird_run_1_wf/bold_confounds_wf/model_expansion".
250403-08:00:59,77 nipype.workflow INFO:
	 [Node] Executing "model_expansion" <niworkflows.interfaces.confounds.ExpandModel>
250403-08:00:59,84 nipype.workflow INFO:
	 [Node] Setting-up "fmriprep_24_0_wf.sub_33_wf.bold_task_bird_run_1_wf.bold_confounds_wf.conf_corr_plot" in "/work_dir/fmriprep_24_0_wf/sub_33_wf/bold_task_bird_run_1_wf/bold_confounds_wf/conf_corr_plot".
250403-08:00:59,92 nipype.workflow INFO:
	 [Node] Setting-up "fmriprep_24_0_wf.sub_33_wf.bold_task_bird_run_5_wf.bold_confounds_wf.model_expansion" in "/work_dir/fmriprep_24_0_wf/sub_33_wf/bold_task_bird_run_5_wf/bold_confounds_wf/model_expansion".
250403-08:00:59,92 nipype.workflow INFO:
	 [Node] Setting-up "fmriprep_24_0_wf.sub_33_wf.bold_task_bird_run_5_wf.bold_confounds_wf.conf_corr_plot" in "/work_dir/fmriprep_24_0_wf/sub_33_wf/bold_task_bird_run_5_wf/bold_confounds_wf/conf_corr_plot".
250403-08:00:59,93 nipype.workflow INFO:
	 [Node] Executing "model_expansion" <niworkflows.interfaces.confounds.ExpandModel>
250403-08:00:59,95 nipype.workflow INFO:
	 [Node] Executing "conf_corr_plot" <nireports.interfaces.nuisance.ConfoundsCorrelationPlot>
250403-08:00:59,103 nipype.workflow INFO:
	 [Node] Executing "conf_corr_plot" <nireports.interfaces.nuisance.ConfoundsCorrelationPlot>
250403-08:00:59,377 nipype.workflow INFO:
	 [Node] Finished "model_expansion", elapsed time 0.299341s.
250403-08:00:59,491 nipype.workflow INFO:
	 [Node] Finished "model_expansion", elapsed time 0.396485s.
250403-08:00:59,974 nipype.workflow INFO:
	 [Node] Finished "conf_corr_plot", elapsed time 2.065554s.
250403-08:01:00,282 nipype.workflow INFO:
	 [Node] Setting-up "fmriprep_24_0_wf.sub_33_wf.bold_task_bird_run_3_wf.bold_confounds_wf.spike_regressors" in "/work_dir/fmriprep_24_0_wf/sub_33_wf/bold_task_bird_run_3_wf/bold_confounds_wf/spike_regressors".
250403-08:01:00,284 nipype.workflow INFO:
	 [Node] Executing "spike_regressors" <niworkflows.interfaces.confounds.SpikeRegressors>
250403-08:01:00,535 nipype.workflow INFO:
	 [Node] Finished "conf_corr_plot", elapsed time 1.432189s.
250403-08:01:00,650 nipype.workflow INFO:
	 [Node] Finished "spike_regressors", elapsed time 0.364926s.
250403-08:01:00,969 nipype.workflow INFO:
	 [Node] Finished "conf_corr_plot", elapsed time 1.8651550000000001s.
250403-08:01:01,731 nipype.workflow INFO:
	 [Node] Setting-up "fmriprep_24_0_wf.sub_33_wf.bold_task_bird_run_4_wf.bold_confounds_wf.compcor_plot" in "/work_dir/fmriprep_24_0_wf/sub_33_wf/bold_task_bird_run_4_wf/bold_confounds_wf/compcor_plot".
250403-08:01:01,733 nipype.workflow INFO:
	 [Node] Executing "compcor_plot" <nireports.interfaces.nuisance.CompCorVariancePlot>
250403-08:01:01,733 nipype.workflow INFO:
	 [Node] Setting-up "fmriprep_24_0_wf.sub_33_wf.bold_task_bird_run_4_wf.bold_confounds_wf.acc_metadata_filter" in "/work_dir/fmriprep_24_0_wf/sub_33_wf/bold_task_bird_run_4_wf/bold_confounds_wf/acc_metadata_filter".
250403-08:01:01,735 nipype.workflow INFO:
	 [Node] Executing "acc_metadata_filter" <fmriprep.interfaces.confounds.FilterDropped>
250403-08:01:01,742 nipype.workflow INFO:
	 [Node] Finished "acc_metadata_filter", elapsed time 0.006183s.
250403-08:01:01,753 nipype.workflow INFO:
	 [Node] Setting-up "fmriprep_24_0_wf.sub_33_wf.bold_task_bird_run_1_wf.bold_confounds_wf.spike_regressors" in "/work_dir/fmriprep_24_0_wf/sub_33_wf/bold_task_bird_run_1_wf/bold_confounds_wf/spike_regressors".
250403-08:01:01,756 nipype.workflow INFO:
	 [Node] Executing "spike_regressors" <niworkflows.interfaces.confounds.SpikeRegressors>
250403-08:01:01,982 nipype.workflow INFO:
	 [Node] Finished "spike_regressors", elapsed time 0.225496s.
250403-08:01:02,235 nipype.workflow INFO:
	 [Node] Finished "signals", elapsed time 10.136371s.
250403-08:01:02,299 nipype.workflow INFO:
	 [Node] Finished "compcor_plot", elapsed time 0.56502s.
250403-08:01:02,306 nipype.workflow INFO:
	 [Node] Setting-up "fmriprep_24_0_wf.sub_33_wf.bold_task_bird_run_5_wf.bold_confounds_wf.spike_regressors" in "/work_dir/fmriprep_24_0_wf/sub_33_wf/bold_task_bird_run_5_wf/bold_confounds_wf/spike_regressors".
250403-08:01:02,308 nipype.workflow INFO:
	 [Node] Executing "spike_regressors" <niworkflows.interfaces.confounds.SpikeRegressors>
250403-08:01:02,553 nipype.workflow INFO:
	 [Node] Finished "spike_regressors", elapsed time 0.243674s.
250403-08:01:04,828 nipype.workflow INFO:
	 [Node] Setting-up "fmriprep_24_0_wf.sub_33_wf.bold_task_bird_run_4_wf.bold_confounds_wf.acc_metadata_fmt" in "/work_dir/fmriprep_24_0_wf/sub_33_wf/bold_task_bird_run_4_wf/bold_confounds_wf/acc_metadata_fmt".
250403-08:01:04,834 nipype.workflow INFO:
	 [Node] Executing "acc_metadata_fmt" <niworkflows.interfaces.utility.TSV2JSON>
250403-08:01:04,841 nipype.workflow INFO:
	 [Node] Finished "acc_metadata_fmt", elapsed time 0.006877s.
250403-08:01:06,133 nipype.workflow INFO:
	 [Node] Setting-up "fmriprep_24_0_wf.sub_33_wf.bold_task_bird_run_4_wf.bold_confounds_wf.model_expansion" in "/work_dir/fmriprep_24_0_wf/sub_33_wf/bold_task_bird_run_4_wf/bold_confounds_wf/model_expansion".
250403-08:01:06,135 nipype.workflow INFO:
	 [Node] Executing "model_expansion" <niworkflows.interfaces.confounds.ExpandModel>
250403-08:01:06,138 nipype.workflow INFO:
	 [Node] Setting-up "fmriprep_24_0_wf.sub_33_wf.bold_task_bird_run_4_wf.bold_confounds_wf.conf_corr_plot" in "/work_dir/fmriprep_24_0_wf/sub_33_wf/bold_task_bird_run_4_wf/bold_confounds_wf/conf_corr_plot".
250403-08:01:06,149 nipype.workflow INFO:
	 [Node] Executing "conf_corr_plot" <nireports.interfaces.nuisance.ConfoundsCorrelationPlot>
250403-08:01:06,404 nipype.workflow INFO:
	 [Node] Finished "model_expansion", elapsed time 0.268744s.
250403-08:01:07,746 nipype.workflow INFO:
	 [Node] Finished "conf_corr_plot", elapsed time 1.596161s.
250403-08:01:07,867 nipype.workflow INFO:
	 [Node] Finished "rois_plot", elapsed time 41.05472s.
250403-08:01:08,417 nipype.workflow INFO:
	 [Node] Setting-up "fmriprep_24_0_wf.sub_33_wf.bold_task_bird_run_4_wf.bold_confounds_wf.spike_regressors" in "/work_dir/fmriprep_24_0_wf/sub_33_wf/bold_task_bird_run_4_wf/bold_confounds_wf/spike_regressors".
250403-08:01:08,419 nipype.workflow INFO:
	 [Node] Executing "spike_regressors" <niworkflows.interfaces.confounds.SpikeRegressors>
250403-08:01:08,531 nipype.workflow INFO:
	 [Node] Finished "spike_regressors", elapsed time 0.112113s.
250403-08:01:13,646 nipype.workflow INFO:
	 [Node] Finished "rois_plot", elapsed time 32.287935s.
250403-08:01:14,606 nipype.workflow INFO:
	 [Node] Finished "rois_plot", elapsed time 32.156741s.
250403-08:01:15,969 nipype.workflow INFO:
	 [Node] Finished "rois_plot", elapsed time 34.035679s.
250403-08:01:17,161 nipype.workflow INFO:
	 [Node] Finished "rois_plot", elapsed time 34.415245s.
250403-08:01:19,667 nipype.workflow INFO:
	 [Node] Finished "rois_plot", elapsed time 27.583164s.
250403-08:30:33,780 nipype.workflow INFO:
	 [Node] Finished "registration", elapsed time 2126.376392s.
250403-08:30:34,207 nipype.workflow INFO:
	 [Node] Setting-up "fmriprep_24_0_wf.sub_33_wf.anat_fit_wf.register_template_wf.outputnode" in "/work_dir/fmriprep_24_0_wf/sub_33_wf/anat_fit_wf/register_template_wf/outputnode".
250403-08:30:34,251 nipype.workflow INFO:
	 [Node] Executing "outputnode" <nipype.interfaces.utility.base.IdentityInterface>
250403-08:30:34,252 nipype.workflow INFO:
	 [Node] Finished "outputnode", elapsed time 0.000322s.
250403-08:30:36,218 nipype.workflow INFO:
	 [Node] Setting-up "fmriprep_24_0_wf.sub_33_wf.anat_fit_wf.template_buffer" in "/work_dir/fmriprep_24_0_wf/sub_33_wf/anat_fit_wf/template_buffer".
250403-08:30:36,281 nipype.workflow INFO:
	 [Node] Executing "template_buffer" <nipype.interfaces.utility.base.Merge>
250403-08:30:36,282 nipype.workflow INFO:
	 [Node] Finished "template_buffer", elapsed time 0.000183s.
250403-08:30:38,221 nipype.workflow INFO:
	 [Node] Setting-up "fmriprep_24_0_wf.sub_33_wf.anat_fit_wf.anat2std_buffer" in "/work_dir/fmriprep_24_0_wf/sub_33_wf/anat_fit_wf/anat2std_buffer".
250403-08:30:38,221 nipype.workflow INFO:
	 [Node] Setting-up "fmriprep_24_0_wf.sub_33_wf.anat_fit_wf.std2anat_buffer" in "/work_dir/fmriprep_24_0_wf/sub_33_wf/anat_fit_wf/std2anat_buffer".
250403-08:30:38,271 nipype.workflow INFO:
	 [Node] Executing "anat2std_buffer" <nipype.interfaces.utility.base.Merge>
250403-08:30:38,272 nipype.workflow INFO:
	 [Node] Executing "std2anat_buffer" <nipype.interfaces.utility.base.Merge>
250403-08:30:38,272 nipype.workflow INFO:
	 [Node] Finished "anat2std_buffer", elapsed time 0.000194s.
250403-08:30:38,273 nipype.workflow INFO:
	 [Node] Finished "std2anat_buffer", elapsed time 0.000174s.
250403-08:30:42,220 nipype.workflow INFO:
	 [Node] Setting-up "fmriprep_24_0_wf.sub_33_wf.bold_task_bird_run_1_wf.carpetplot_wf.mrg_xfms" in "/work_dir/fmriprep_24_0_wf/sub_33_wf/bold_task_bird_run_1_wf/carpetplot_wf/mrg_xfms".
250403-08:30:42,221 nipype.workflow INFO:
	 [Node] Setting-up "fmriprep_24_0_wf.sub_33_wf.bold_task_bird_run_2_wf.carpetplot_wf.mrg_xfms" in "/work_dir/fmriprep_24_0_wf/sub_33_wf/bold_task_bird_run_2_wf/carpetplot_wf/mrg_xfms".
250403-08:30:42,221 nipype.workflow INFO:
	 [Node] Setting-up "fmriprep_24_0_wf.sub_33_wf.bold_task_bird_run_3_wf.carpetplot_wf.mrg_xfms" in "/work_dir/fmriprep_24_0_wf/sub_33_wf/bold_task_bird_run_3_wf/carpetplot_wf/mrg_xfms".
250403-08:30:42,222 nipype.workflow INFO:
	 [Node] Setting-up "fmriprep_24_0_wf.sub_33_wf.bold_task_bird_run_4_wf.carpetplot_wf.mrg_xfms" in "/work_dir/fmriprep_24_0_wf/sub_33_wf/bold_task_bird_run_4_wf/carpetplot_wf/mrg_xfms".
250403-08:30:42,222 nipype.workflow INFO:
	 [Node] Setting-up "fmriprep_24_0_wf.sub_33_wf.bold_task_bird_run_5_wf.carpetplot_wf.mrg_xfms" in "/work_dir/fmriprep_24_0_wf/sub_33_wf/bold_task_bird_run_5_wf/carpetplot_wf/mrg_xfms".
250403-08:30:42,222 nipype.workflow INFO:
	 [Node] Setting-up "fmriprep_24_0_wf.sub_33_wf.bold_task_bird_run_6_wf.carpetplot_wf.mrg_xfms" in "/work_dir/fmriprep_24_0_wf/sub_33_wf/bold_task_bird_run_6_wf/carpetplot_wf/mrg_xfms".
250403-08:30:42,279 nipype.workflow INFO:
	 [Node] Executing "mrg_xfms" <nipype.interfaces.utility.base.Merge>
250403-08:30:42,279 nipype.workflow INFO:
	 [Node] Executing "mrg_xfms" <nipype.interfaces.utility.base.Merge>
250403-08:30:42,280 nipype.workflow INFO:
	 [Node] Finished "mrg_xfms", elapsed time 0.000184s.
250403-08:30:42,280 nipype.workflow INFO:
	 [Node] Finished "mrg_xfms", elapsed time 0.00018s.
250403-08:30:42,281 nipype.workflow INFO:
	 [Node] Executing "mrg_xfms" <nipype.interfaces.utility.base.Merge>
250403-08:30:42,282 nipype.workflow INFO:
	 [Node] Finished "mrg_xfms", elapsed time 0.00018s.
250403-08:30:42,336 nipype.workflow INFO:
	 [Node] Executing "mrg_xfms" <nipype.interfaces.utility.base.Merge>
250403-08:30:42,336 nipype.workflow INFO:
	 [Node] Executing "mrg_xfms" <nipype.interfaces.utility.base.Merge>
250403-08:30:42,337 nipype.workflow INFO:
	 [Node] Finished "mrg_xfms", elapsed time 0.000197s.
250403-08:30:42,337 nipype.workflow INFO:
	 [Node] Finished "mrg_xfms", elapsed time 0.000187s.
250403-08:30:42,338 nipype.workflow INFO:
	 [Node] Executing "mrg_xfms" <nipype.interfaces.utility.base.Merge>
250403-08:30:42,338 nipype.workflow INFO:
	 [Node] Finished "mrg_xfms", elapsed time 0.00017s.
250403-08:30:44,282 nipype.workflow INFO:
	 [Node] Setting-up "fmriprep_24_0_wf.sub_33_wf.bold_task_bird_run_2_wf.carpetplot_wf.resample_parc" in "/work_dir/fmriprep_24_0_wf/sub_33_wf/bold_task_bird_run_2_wf/carpetplot_wf/resample_parc".
250403-08:30:44,283 nipype.workflow INFO:
	 [Node] Setting-up "fmriprep_24_0_wf.sub_33_wf.bold_task_bird_run_3_wf.carpetplot_wf.resample_parc" in "/work_dir/fmriprep_24_0_wf/sub_33_wf/bold_task_bird_run_3_wf/carpetplot_wf/resample_parc".
250403-08:30:44,283 nipype.workflow INFO:
	 [Node] Setting-up "fmriprep_24_0_wf.sub_33_wf.bold_task_bird_run_1_wf.carpetplot_wf.resample_parc" in "/work_dir/fmriprep_24_0_wf/sub_33_wf/bold_task_bird_run_1_wf/carpetplot_wf/resample_parc".
250403-08:30:44,283 nipype.workflow INFO:
	 [Node] Setting-up "fmriprep_24_0_wf.sub_33_wf.bold_task_bird_run_4_wf.carpetplot_wf.resample_parc" in "/work_dir/fmriprep_24_0_wf/sub_33_wf/bold_task_bird_run_4_wf/carpetplot_wf/resample_parc".
250403-08:30:44,284 nipype.workflow INFO:
	 [Node] Setting-up "fmriprep_24_0_wf.sub_33_wf.bold_task_bird_run_5_wf.carpetplot_wf.resample_parc" in "/work_dir/fmriprep_24_0_wf/sub_33_wf/bold_task_bird_run_5_wf/carpetplot_wf/resample_parc".
250403-08:30:44,285 nipype.workflow INFO:
	 [Node] Setting-up "fmriprep_24_0_wf.sub_33_wf.bold_task_bird_run_6_wf.carpetplot_wf.resample_parc" in "/work_dir/fmriprep_24_0_wf/sub_33_wf/bold_task_bird_run_6_wf/carpetplot_wf/resample_parc".
250403-08:30:44,354 nipype.workflow INFO:
	 [Node] Executing "resample_parc" <niworkflows.interfaces.fixes.FixHeaderApplyTransforms>
250403-08:30:44,401 nipype.workflow INFO:
	 [Node] Executing "resample_parc" <niworkflows.interfaces.fixes.FixHeaderApplyTransforms>
250403-08:30:44,401 nipype.workflow INFO:
	 [Node] Executing "resample_parc" <niworkflows.interfaces.fixes.FixHeaderApplyTransforms>
250403-08:30:44,401 nipype.workflow INFO:
	 [Node] Executing "resample_parc" <niworkflows.interfaces.fixes.FixHeaderApplyTransforms>
250403-08:30:44,401 nipype.workflow INFO:
	 [Node] Executing "resample_parc" <niworkflows.interfaces.fixes.FixHeaderApplyTransforms>
250403-08:30:44,451 nipype.workflow INFO:
	 [Node] Executing "resample_parc" <niworkflows.interfaces.fixes.FixHeaderApplyTransforms>
250403-08:30:50,60 nipype.workflow INFO:
	 [Node] Finished "resample_parc", elapsed time 5.657762s.
250403-08:30:50,91 nipype.workflow INFO:
	 [Node] Finished "resample_parc", elapsed time 5.639989s.
250403-08:30:50,119 nipype.workflow INFO:
	 [Node] Finished "resample_parc", elapsed time 5.716671s.
250403-08:30:50,129 nipype.workflow INFO:
	 [Node] Finished "resample_parc", elapsed time 5.726679s.
250403-08:30:50,210 nipype.workflow INFO:
	 [Node] Finished "resample_parc", elapsed time 5.808256s.
250403-08:30:50,252 nipype.workflow INFO:
	 [Node] Finished "resample_parc", elapsed time 5.897342s.
250403-08:30:52,230 nipype.workflow INFO:
	 [Node] Setting-up "fmriprep_24_0_wf.sub_33_wf.bold_task_bird_run_1_wf.carpetplot_wf.parcels" in "/work_dir/fmriprep_24_0_wf/sub_33_wf/bold_task_bird_run_1_wf/carpetplot_wf/parcels".
250403-08:30:52,230 nipype.workflow INFO:
	 [Node] Setting-up "fmriprep_24_0_wf.sub_33_wf.bold_task_bird_run_2_wf.carpetplot_wf.parcels" in "/work_dir/fmriprep_24_0_wf/sub_33_wf/bold_task_bird_run_2_wf/carpetplot_wf/parcels".
250403-08:30:52,231 nipype.workflow INFO:
	 [Node] Setting-up "fmriprep_24_0_wf.sub_33_wf.bold_task_bird_run_3_wf.carpetplot_wf.parcels" in "/work_dir/fmriprep_24_0_wf/sub_33_wf/bold_task_bird_run_3_wf/carpetplot_wf/parcels".
250403-08:30:52,231 nipype.workflow INFO:
	 [Node] Setting-up "fmriprep_24_0_wf.sub_33_wf.bold_task_bird_run_4_wf.carpetplot_wf.parcels" in "/work_dir/fmriprep_24_0_wf/sub_33_wf/bold_task_bird_run_4_wf/carpetplot_wf/parcels".
250403-08:30:52,232 nipype.workflow INFO:
	 [Node] Setting-up "fmriprep_24_0_wf.sub_33_wf.bold_task_bird_run_5_wf.carpetplot_wf.parcels" in "/work_dir/fmriprep_24_0_wf/sub_33_wf/bold_task_bird_run_5_wf/carpetplot_wf/parcels".
250403-08:30:52,233 nipype.workflow INFO:
	 [Node] Executing "parcels" <nipype.interfaces.utility.wrappers.Function>
250403-08:30:52,234 nipype.workflow INFO:
	 [Node] Setting-up "fmriprep_24_0_wf.sub_33_wf.bold_task_bird_run_6_wf.carpetplot_wf.parcels" in "/work_dir/fmriprep_24_0_wf/sub_33_wf/bold_task_bird_run_6_wf/carpetplot_wf/parcels".
250403-08:30:52,234 nipype.workflow INFO:
	 [Node] Executing "parcels" <nipype.interfaces.utility.wrappers.Function>
250403-08:30:52,234 nipype.workflow INFO:
	 [Node] Executing "parcels" <nipype.interfaces.utility.wrappers.Function>
250403-08:30:52,236 nipype.workflow INFO:
	 [Node] Executing "parcels" <nipype.interfaces.utility.wrappers.Function>
250403-08:30:52,236 nipype.workflow INFO:
	 [Node] Executing "parcels" <nipype.interfaces.utility.wrappers.Function>
250403-08:30:52,236 nipype.workflow INFO:
	 [Node] Executing "parcels" <nipype.interfaces.utility.wrappers.Function>
250403-08:30:52,300 nipype.workflow INFO:
	 [Node] Finished "parcels", elapsed time 0.065512s.
250403-08:30:52,302 nipype.workflow INFO:
	 [Node] Finished "parcels", elapsed time 0.068303s.
250403-08:30:52,302 nipype.workflow INFO:
	 [Node] Finished "parcels", elapsed time 0.065187s.
250403-08:30:52,303 nipype.workflow INFO:
	 [Node] Finished "parcels", elapsed time 0.066059s.
250403-08:30:52,304 nipype.workflow INFO:
	 [Node] Finished "parcels", elapsed time 0.068604s.
250403-08:30:52,304 nipype.workflow INFO:
	 [Node] Finished "parcels", elapsed time 0.067398s.
250403-08:30:54,225 nipype.workflow INFO:
	 [Node] Setting-up "fmriprep_24_0_wf.sub_33_wf.bold_task_bird_run_1_wf.carpetplot_wf.conf_plot" in "/work_dir/fmriprep_24_0_wf/sub_33_wf/bold_task_bird_run_1_wf/carpetplot_wf/conf_plot".
250403-08:30:54,225 nipype.workflow INFO:
	 [Node] Setting-up "fmriprep_24_0_wf.sub_33_wf.bold_task_bird_run_2_wf.carpetplot_wf.conf_plot" in "/work_dir/fmriprep_24_0_wf/sub_33_wf/bold_task_bird_run_2_wf/carpetplot_wf/conf_plot".
250403-08:30:54,227 nipype.workflow INFO:
	 [Node] Setting-up "fmriprep_24_0_wf.sub_33_wf.bold_task_bird_run_3_wf.carpetplot_wf.conf_plot" in "/work_dir/fmriprep_24_0_wf/sub_33_wf/bold_task_bird_run_3_wf/carpetplot_wf/conf_plot".
250403-08:30:54,227 nipype.workflow INFO:
	 [Node] Setting-up "fmriprep_24_0_wf.sub_33_wf.bold_task_bird_run_4_wf.carpetplot_wf.conf_plot" in "/work_dir/fmriprep_24_0_wf/sub_33_wf/bold_task_bird_run_4_wf/carpetplot_wf/conf_plot".
250403-08:30:54,227 nipype.workflow INFO:
	 [Node] Setting-up "fmriprep_24_0_wf.sub_33_wf.bold_task_bird_run_5_wf.carpetplot_wf.conf_plot" in "/work_dir/fmriprep_24_0_wf/sub_33_wf/bold_task_bird_run_5_wf/carpetplot_wf/conf_plot".
250403-08:30:54,229 nipype.workflow INFO:
	 [Node] Setting-up "fmriprep_24_0_wf.sub_33_wf.bold_task_bird_run_6_wf.carpetplot_wf.conf_plot" in "/work_dir/fmriprep_24_0_wf/sub_33_wf/bold_task_bird_run_6_wf/carpetplot_wf/conf_plot".
250403-08:30:54,340 nipype.workflow INFO:
	 [Node] Executing "conf_plot" <fmriprep.interfaces.confounds.FMRISummary>
250403-08:30:54,341 nipype.workflow INFO:
	 [Node] Executing "conf_plot" <fmriprep.interfaces.confounds.FMRISummary>
250403-08:30:54,341 nipype.workflow INFO:
	 [Node] Executing "conf_plot" <fmriprep.interfaces.confounds.FMRISummary>
250403-08:30:54,341 nipype.workflow INFO:
	 [Node] Executing "conf_plot" <fmriprep.interfaces.confounds.FMRISummary>
250403-08:30:54,341 nipype.workflow INFO:
	 [Node] Executing "conf_plot" <fmriprep.interfaces.confounds.FMRISummary>
250403-08:30:54,341 nipype.workflow INFO:
	 [Node] Executing "conf_plot" <fmriprep.interfaces.confounds.FMRISummary>
250403-08:31:03,270 nipype.workflow INFO:
	 [Node] Finished "conf_plot", elapsed time 8.929127s.
250403-08:31:03,385 nipype.workflow INFO:
	 [Node] Finished "conf_plot", elapsed time 9.0436s.
250403-08:31:03,431 nipype.workflow INFO:
	 [Node] Finished "conf_plot", elapsed time 9.08924s.
250403-08:31:03,505 nipype.workflow INFO:
	 [Node] Finished "conf_plot", elapsed time 9.16337s.
250403-08:31:03,588 nipype.workflow INFO:
	 [Node] Finished "conf_plot", elapsed time 9.246694s.
250403-08:31:03,657 nipype.workflow INFO:
	 [Node] Finished "conf_plot", elapsed time 9.31582s.
250403-08:51:03,231 nipype.workflow INFO:
	 [Node] Finished "_msmsulc0", elapsed time 3374.614926s.
250403-08:51:31,296 nipype.workflow INFO:
	 [Node] Finished "_msmsulc1", elapsed time 3402.679082s.
250403-08:51:32,341 nipype.workflow INFO:
	 [Node] Setting-up "_msmsulc0" in "/work_dir/fmriprep_24_0_wf/sub_33_wf/anat_fit_wf/msm_sulc_wf/msmsulc/mapflow/_msmsulc0".
250403-08:51:32,344 nipype.workflow INFO:
	 [Node] Cached "_msmsulc0" - collecting precomputed outputs
250403-08:51:32,344 nipype.workflow INFO:
	 [Node] "_msmsulc0" found cached.
250403-08:51:32,345 nipype.workflow INFO:
	 [Node] Setting-up "_msmsulc1" in "/work_dir/fmriprep_24_0_wf/sub_33_wf/anat_fit_wf/msm_sulc_wf/msmsulc/mapflow/_msmsulc1".
250403-08:51:32,349 nipype.workflow INFO:
	 [Node] Cached "_msmsulc1" - collecting precomputed outputs
250403-08:51:32,349 nipype.workflow INFO:
	 [Node] "_msmsulc1" found cached.
250403-08:51:40,270 nipype.workflow IMPORTANT:
	 fMRIPrep finished successfully!
250403-08:51:40,275 nipype.workflow IMPORTANT:
	 Works derived from this fMRIPrep execution should include the boilerplate text found in <OUTPUT_PATH>/logs/CITATION.md.
