You are using fMRIPrep-24.0.0, and a newer version of fMRIPrep is available: 25.0.0.
Please check out our documentation about how and when to upgrade:
https://fmriprep.readthedocs.io/en/latest/faq.html#upgrading
bids-validator@1.14.6
(node:1359024) Warning: Closing directory handle on garbage collection
(Use `node --trace-warnings ...` to show where the warning was created)
	[33m1: [WARN] The recommended file /README is missing. See Section 03 (Modality agnostic files) of the BIDS specification. (code: 101 - README_FILE_MISSING)[39m

[36m	Please visit https://neurostars.org/search?q=README_FILE_MISSING for existing conversations about this issue.[39m

        [34m[4mSummary:[24m[39m                  [34m[4mAvailable Tasks:[24m[39m        [34m[4mAvailable Modalities:[39m[24m 
        681 Files, 46.44GB                                MRI                   
        34 - Subjects                                                           
        1 - Session                                                             


[36m	If you have any questions, please post on https://neurostars.org/tags/bids.[39m
250329-09:51:50,637 nipype.workflow IMPORTANT:
	 Running fMRIPrep version 24.0.0

         License NOTICE ##################################################
         fMRIPrep 24.0.0
         Copyright The NiPreps Developers.
         
         This product includes software developed by
         the NiPreps Community (https://nipreps.org/).
         
         Portions of this software were developed at the Department of
         Psychology at Stanford University, Stanford, CA, US.
         
         This software is also distributed as a Docker container image.
         The bootstrapping file for the image ("Dockerfile") is licensed
         under the MIT License.
         
         This software may be distributed through an add-on package called
         "Docker Wrapper" that is under the BSD 3-clause License.
         #################################################################
250329-09:51:50,672 nipype.workflow IMPORTANT:
	 Building fMRIPrep's workflow:
           * BIDS dataset path: /raw.
           * Participant list: ['29'].
           * Run identifier: 20250329-095128_e0725cea-0ef2-4a38-b5db-afdec28c96d7.
           * Output spaces: func.
           * Pre-run FreeSurfer's SUBJECTS_DIR: /output/sourcedata/freesurfer.
250329-09:51:51,464 nipype.workflow INFO:
	 ANAT Stage 1: Adding template workflow
250329-09:51:52,24 nipype.workflow INFO:
	 ANAT Stage 2: Preparing brain extraction workflow
250329-09:51:52,197 nipype.workflow INFO:
	 ANAT Stage 3: Preparing segmentation workflow
250329-09:51:52,205 nipype.workflow INFO:
	 ANAT Stage 4: Preparing normalization workflow for ['MNI152NLin2009cAsym']
250329-09:51:52,221 nipype.workflow INFO:
	 ANAT Stage 5: Preparing surface reconstruction workflow
250329-09:51:52,254 nipype.workflow INFO:
	 ANAT Stage 6: Preparing mask refinement workflow
250329-09:51:52,259 nipype.workflow INFO:
	 ANAT No T2w images provided - skipping Stage 7
250329-09:51:52,259 nipype.workflow INFO:
	 ANAT Stage 8: Creating GIFTI surfaces for ['white', 'pial', 'midthickness', 'sphere_reg', 'sphere']
250329-09:51:52,289 nipype.workflow INFO:
	 ANAT Stage 8: Creating GIFTI metrics for ['thickness', 'sulc']
250329-09:51:52,301 nipype.workflow INFO:
	 ANAT Stage 8a: Creating cortical ribbon mask
250329-09:51:52,307 nipype.workflow INFO:
	 ANAT Stage 9: Creating fsLR registration sphere
250329-09:51:52,313 nipype.workflow INFO:
	 ANAT Stage 10: Creating MSM-Sulc registration sphere
250329-09:51:52,553 nipype.workflow INFO:
	 No single-band-reference found for sub-29_task-bird_run-1_bold.nii.gz.
250329-09:51:52,664 nipype.workflow INFO:
	 Stage 1: Adding HMC boldref workflow
250329-09:51:52,676 nipype.workflow INFO:
	 Stage 2: Adding motion correction workflow
250329-09:51:52,689 nipype.workflow INFO:
	 Stage 3: Adding coregistration boldref workflow
250329-09:51:52,763 nipype.workflow IMPORTANT:
	 BOLD series will be slice-timing corrected to an offset of 0.96s.
250329-09:51:52,933 nipype.workflow INFO:
	 No single-band-reference found for sub-29_task-bird_run-2_bold.nii.gz.
250329-09:51:53,19 nipype.workflow INFO:
	 Stage 1: Adding HMC boldref workflow
250329-09:51:53,28 nipype.workflow INFO:
	 Stage 2: Adding motion correction workflow
250329-09:51:53,37 nipype.workflow INFO:
	 Stage 3: Adding coregistration boldref workflow
250329-09:51:53,101 nipype.workflow IMPORTANT:
	 BOLD series will be slice-timing corrected to an offset of 0.959s.
250329-09:51:53,260 nipype.workflow INFO:
	 No single-band-reference found for sub-29_task-bird_run-3_bold.nii.gz.
250329-09:51:53,346 nipype.workflow INFO:
	 Stage 1: Adding HMC boldref workflow
250329-09:51:53,356 nipype.workflow INFO:
	 Stage 2: Adding motion correction workflow
250329-09:51:53,363 nipype.workflow INFO:
	 Stage 3: Adding coregistration boldref workflow
250329-09:51:53,429 nipype.workflow IMPORTANT:
	 BOLD series will be slice-timing corrected to an offset of 0.959s.
250329-09:51:53,586 nipype.workflow INFO:
	 No single-band-reference found for sub-29_task-bird_run-4_bold.nii.gz.
250329-09:51:53,674 nipype.workflow INFO:
	 Stage 1: Adding HMC boldref workflow
250329-09:51:53,684 nipype.workflow INFO:
	 Stage 2: Adding motion correction workflow
250329-09:51:53,691 nipype.workflow INFO:
	 Stage 3: Adding coregistration boldref workflow
250329-09:51:53,755 nipype.workflow IMPORTANT:
	 BOLD series will be slice-timing corrected to an offset of 0.959s.
250329-09:51:53,913 nipype.workflow INFO:
	 No single-band-reference found for sub-29_task-bird_run-5_bold.nii.gz.
250329-09:51:53,999 nipype.workflow INFO:
	 Stage 1: Adding HMC boldref workflow
250329-09:51:54,9 nipype.workflow INFO:
	 Stage 2: Adding motion correction workflow
250329-09:51:54,16 nipype.workflow INFO:
	 Stage 3: Adding coregistration boldref workflow
250329-09:51:54,82 nipype.workflow IMPORTANT:
	 BOLD series will be slice-timing corrected to an offset of 0.959s.
250329-09:51:54,243 nipype.workflow INFO:
	 No single-band-reference found for sub-29_task-bird_run-6_bold.nii.gz.
250329-09:51:54,329 nipype.workflow INFO:
	 Stage 1: Adding HMC boldref workflow
250329-09:51:54,338 nipype.workflow INFO:
	 Stage 2: Adding motion correction workflow
250329-09:51:54,346 nipype.workflow INFO:
	 Stage 3: Adding coregistration boldref workflow
250329-09:51:54,410 nipype.workflow IMPORTANT:
	 BOLD series will be slice-timing corrected to an offset of 0.959s.
250329-09:52:00,168 nipype.workflow INFO:
	 fMRIPrep workflow graph with 1089 nodes built successfully.
250329-09:52:22,436 nipype.workflow IMPORTANT:
	 fMRIPrep started!
250329-09:52:47,314 nipype.workflow INFO:
	 [Node] Setting-up "fmriprep_24_0_wf.sub_29_wf.anat_fit_wf.brain_extraction_wf.full_wm" in "/work_dir/fmriprep_24_0_wf/sub_29_wf/anat_fit_wf/brain_extraction_wf/full_wm".
250329-09:52:47,329 nipype.workflow INFO:
	 [Node] Executing "full_wm" <nipype.interfaces.utility.wrappers.Function>
250329-09:52:47,669 nipype.workflow INFO:
	 [Node] Setting-up "fmriprep_24_0_wf.sub_29_wf.anat_fit_wf.brain_extraction_wf.lap_tmpl" in "/work_dir/fmriprep_24_0_wf/sub_29_wf/anat_fit_wf/brain_extraction_wf/lap_tmpl".
250329-09:52:47,672 nipype.workflow INFO:
	 [Node] Setting-up "fmriprep_24_0_wf.sub_29_wf.bold_task_bird_run_1_wf.bold_native_wf.bold_source" in "/work_dir/fmriprep_24_0_wf/sub_29_wf/bold_task_bird_run_1_wf/bold_native_wf/bold_source".
250329-09:52:47,674 nipype.workflow INFO:
	 [Node] Executing "bold_source" <nipype.interfaces.utility.base.Select>
250329-09:52:47,685 nipype.workflow INFO:
	 [Node] Executing "lap_tmpl" <nipype.interfaces.ants.utils.ImageMath>
250329-09:52:47,704 nipype.workflow INFO:
	 [Node] Finished "bold_source", elapsed time 0.000446s.
250329-09:52:47,840 nipype.workflow INFO:
	 [Node] Setting-up "fmriprep_24_0_wf.sub_29_wf.anat_fit_wf.brain_extraction_wf.res_tmpl" in "/work_dir/fmriprep_24_0_wf/sub_29_wf/anat_fit_wf/brain_extraction_wf/res_tmpl".
250329-09:52:47,859 nipype.workflow INFO:
	 [Node] Executing "res_tmpl" <niworkflows.interfaces.nibabel.RegridToZooms>
250329-09:52:47,957 nipype.workflow INFO:
	 [Node] Setting-up "fmriprep_24_0_wf.sub_29_wf.bold_task_bird_run_2_wf.bold_native_wf.bold_source" in "/work_dir/fmriprep_24_0_wf/sub_29_wf/bold_task_bird_run_2_wf/bold_native_wf/bold_source".
250329-09:52:47,966 nipype.workflow INFO:
	 [Node] Executing "bold_source" <nipype.interfaces.utility.base.Select>
250329-09:52:47,997 nipype.workflow INFO:
	 [Node] Finished "bold_source", elapsed time 0.000407s.
250329-09:52:48,75 nipype.workflow INFO:
	 [Node] Setting-up "fmriprep_24_0_wf.sub_29_wf.bold_task_bird_run_1_wf.bold_fit_wf.hmc_boldref_wf.get_dummy" in "/work_dir/fmriprep_24_0_wf/sub_29_wf/bold_task_bird_run_1_wf/bold_fit_wf/hmc_boldref_wf/get_dummy".
250329-09:52:48,77 nipype.workflow INFO:
	 [Node] Executing "get_dummy" <niworkflows.interfaces.bold.NonsteadyStatesDetector>
250329-09:52:48,82 nipype.workflow INFO:
	 [Node] Setting-up "fmriprep_24_0_wf.sub_29_wf.bold_task_bird_run_1_wf.bold_fit_wf.hmc_boldref_wf.val_bold" in "/work_dir/fmriprep_24_0_wf/sub_29_wf/bold_task_bird_run_1_wf/bold_fit_wf/hmc_boldref_wf/val_bold".
250329-09:52:48,84 nipype.workflow INFO:
	 [Node] Executing "val_bold" <niworkflows.interfaces.header.ValidateImage>
250329-09:52:48,172 nipype.workflow INFO:
	 [Node] Setting-up "fmriprep_24_0_wf.sub_29_wf.bold_task_bird_run_3_wf.bold_native_wf.bold_source" in "/work_dir/fmriprep_24_0_wf/sub_29_wf/bold_task_bird_run_3_wf/bold_native_wf/bold_source".
250329-09:52:48,174 nipype.workflow INFO:
	 [Node] Executing "bold_source" <nipype.interfaces.utility.base.Select>
250329-09:52:48,192 nipype.workflow INFO:
	 [Node] Finished "bold_source", elapsed time 0.000401s.
250329-09:52:48,346 nipype.workflow INFO:
	 [Node] Setting-up "fmriprep_24_0_wf.sub_29_wf.bold_task_bird_run_4_wf.bold_native_wf.bold_source" in "/work_dir/fmriprep_24_0_wf/sub_29_wf/bold_task_bird_run_4_wf/bold_native_wf/bold_source".
250329-09:52:48,348 nipype.workflow INFO:
	 [Node] Executing "bold_source" <nipype.interfaces.utility.base.Select>
250329-09:52:48,375 nipype.workflow INFO:
	 [Node] Setting-up "fmriprep_24_0_wf.sub_29_wf.bold_task_bird_run_2_wf.bold_fit_wf.hmc_boldref_wf.val_bold" in "/work_dir/fmriprep_24_0_wf/sub_29_wf/bold_task_bird_run_2_wf/bold_fit_wf/hmc_boldref_wf/val_bold".
250329-09:52:48,377 nipype.workflow INFO:
	 [Node] Executing "val_bold" <niworkflows.interfaces.header.ValidateImage>
250329-09:52:48,391 nipype.workflow INFO:
	 [Node] Finished "bold_source", elapsed time 0.000412s.
250329-09:52:48,426 nipype.workflow INFO:
	 [Node] Setting-up "fmriprep_24_0_wf.sub_29_wf.bold_task_bird_run_2_wf.bold_fit_wf.hmc_boldref_wf.get_dummy" in "/work_dir/fmriprep_24_0_wf/sub_29_wf/bold_task_bird_run_2_wf/bold_fit_wf/hmc_boldref_wf/get_dummy".
250329-09:52:48,428 nipype.workflow INFO:
	 [Node] Executing "get_dummy" <niworkflows.interfaces.bold.NonsteadyStatesDetector>
250329-09:52:48,440 nipype.workflow INFO:
	 [Node] Finished "val_bold", elapsed time 0.321435s.
250329-09:52:48,626 nipype.workflow INFO:
	 [Node] Setting-up "fmriprep_24_0_wf.sub_29_wf.bold_task_bird_run_3_wf.bold_fit_wf.hmc_boldref_wf.get_dummy" in "/work_dir/fmriprep_24_0_wf/sub_29_wf/bold_task_bird_run_3_wf/bold_fit_wf/hmc_boldref_wf/get_dummy".
250329-09:52:48,628 nipype.workflow INFO:
	 [Node] Executing "get_dummy" <niworkflows.interfaces.bold.NonsteadyStatesDetector>
250329-09:52:48,662 nipype.workflow INFO:
	 [Node] Setting-up "fmriprep_24_0_wf.sub_29_wf.bold_task_bird_run_3_wf.bold_fit_wf.hmc_boldref_wf.val_bold" in "/work_dir/fmriprep_24_0_wf/sub_29_wf/bold_task_bird_run_3_wf/bold_fit_wf/hmc_boldref_wf/val_bold".
250329-09:52:48,664 nipype.workflow INFO:
	 [Node] Executing "val_bold" <niworkflows.interfaces.header.ValidateImage>
250329-09:52:48,705 nipype.workflow INFO:
	 [Node] Finished "val_bold", elapsed time 0.312501s.
250329-09:52:48,876 nipype.workflow INFO:
	 [Node] Setting-up "fmriprep_24_0_wf.sub_29_wf.bold_task_bird_run_4_wf.bold_fit_wf.hmc_boldref_wf.get_dummy" in "/work_dir/fmriprep_24_0_wf/sub_29_wf/bold_task_bird_run_4_wf/bold_fit_wf/hmc_boldref_wf/get_dummy".
250329-09:52:48,878 nipype.workflow INFO:
	 [Node] Executing "get_dummy" <niworkflows.interfaces.bold.NonsteadyStatesDetector>
250329-09:52:48,992 nipype.workflow INFO:
	 [Node] Setting-up "fmriprep_24_0_wf.sub_29_wf.bold_task_bird_run_4_wf.bold_fit_wf.hmc_boldref_wf.val_bold" in "/work_dir/fmriprep_24_0_wf/sub_29_wf/bold_task_bird_run_4_wf/bold_fit_wf/hmc_boldref_wf/val_bold".
250329-09:52:48,996 nipype.workflow INFO:
	 [Node] Executing "val_bold" <niworkflows.interfaces.header.ValidateImage>
250329-09:52:49,29 nipype.workflow INFO:
	 [Node] Finished "val_bold", elapsed time 0.330978s.
250329-09:52:49,327 nipype.workflow INFO:
	 [Node] Finished "val_bold", elapsed time 0.330071s.
250329-09:52:49,719 nipype.workflow INFO:
	 [Node] Finished "full_wm", elapsed time 2.367598s.
250329-09:52:50,32 nipype.workflow INFO:
	 [Node] Setting-up "fmriprep_24_0_wf.sub_29_wf.bold_task_bird_run_5_wf.bold_native_wf.bold_source" in "/work_dir/fmriprep_24_0_wf/sub_29_wf/bold_task_bird_run_5_wf/bold_native_wf/bold_source".
250329-09:52:50,34 nipype.workflow INFO:
	 [Node] Executing "bold_source" <nipype.interfaces.utility.base.Select>
250329-09:52:50,35 nipype.workflow INFO:
	 [Node] Finished "bold_source", elapsed time 0.000337s.
250329-09:52:50,769 nipype.workflow INFO:
	 [Node] Setting-up "fmriprep_24_0_wf.sub_29_wf.bold_task_bird_run_5_wf.bold_fit_wf.hmc_boldref_wf.get_dummy" in "/work_dir/fmriprep_24_0_wf/sub_29_wf/bold_task_bird_run_5_wf/bold_fit_wf/hmc_boldref_wf/get_dummy".
250329-09:52:50,771 nipype.workflow INFO:
	 [Node] Executing "get_dummy" <niworkflows.interfaces.bold.NonsteadyStatesDetector>
250329-09:52:50,790 nipype.workflow INFO:
	 [Node] Setting-up "fmriprep_24_0_wf.sub_29_wf.bold_task_bird_run_5_wf.bold_fit_wf.hmc_boldref_wf.val_bold" in "/work_dir/fmriprep_24_0_wf/sub_29_wf/bold_task_bird_run_5_wf/bold_fit_wf/hmc_boldref_wf/val_bold".
250329-09:52:50,792 nipype.workflow INFO:
	 [Node] Executing "val_bold" <niworkflows.interfaces.header.ValidateImage>
250329-09:52:51,279 nipype.workflow INFO:
	 [Node] Finished "val_bold", elapsed time 0.446707s.
250329-09:52:51,993 nipype.workflow INFO:
	 [Node] Setting-up "fmriprep_24_0_wf.sub_29_wf.bold_task_bird_run_6_wf.bold_fit_wf.hmc_boldref_wf.val_bold" in "/work_dir/fmriprep_24_0_wf/sub_29_wf/bold_task_bird_run_6_wf/bold_fit_wf/hmc_boldref_wf/val_bold".
250329-09:52:51,995 nipype.workflow INFO:
	 [Node] Executing "val_bold" <niworkflows.interfaces.header.ValidateImage>
250329-09:52:52,336 nipype.workflow INFO:
	 [Node] Finished "val_bold", elapsed time 0.340495s.
250329-09:52:52,383 nipype.workflow INFO:
	 [Node] Setting-up "fmriprep_24_0_wf.sub_29_wf.bold_task_bird_run_6_wf.bold_fit_wf.hmc_boldref_wf.get_dummy" in "/work_dir/fmriprep_24_0_wf/sub_29_wf/bold_task_bird_run_6_wf/bold_fit_wf/hmc_boldref_wf/get_dummy".
250329-09:52:52,385 nipype.workflow INFO:
	 [Node] Executing "get_dummy" <niworkflows.interfaces.bold.NonsteadyStatesDetector>
250329-09:52:53,9 nipype.workflow INFO:
	 [Node] Finished "res_tmpl", elapsed time 5.120236s.
250329-09:52:53,407 nipype.workflow INFO:
	 [Node] Setting-up "fmriprep_24_0_wf.sub_29_wf.bold_task_bird_run_1_wf.bold_fit_wf.ds_hmc_boldref_wf.sources" in "/work_dir/fmriprep_24_0_wf/sub_29_wf/bold_task_bird_run_1_wf/bold_fit_wf/ds_hmc_boldref_wf/sources".
250329-09:52:53,417 nipype.workflow INFO:
	 [Node] Executing "sources" <fmriprep.interfaces.bids.BIDSURI>
250329-09:52:53,443 nipype.workflow INFO:
	 [Node] Finished "sources", elapsed time 0.000354s.
250329-09:52:53,596 nipype.workflow INFO:
	 [Node] Setting-up "fmriprep_24_0_wf.sub_29_wf.bold_task_bird_run_1_wf.ds_bold_native_wf.sources" in "/work_dir/fmriprep_24_0_wf/sub_29_wf/bold_task_bird_run_1_wf/ds_bold_native_wf/sources".
250329-09:52:53,604 nipype.workflow INFO:
	 [Node] Executing "sources" <fmriprep.interfaces.bids.BIDSURI>
250329-09:52:53,625 nipype.workflow INFO:
	 [Node] Finished "sources", elapsed time 0.000355s.
250329-09:52:53,831 nipype.workflow INFO:
	 [Node] Setting-up "fmriprep_24_0_wf.sub_29_wf.bold_task_bird_run_1_wf.bold_fit_wf.ds_boldmask_wf.sources" in "/work_dir/fmriprep_24_0_wf/sub_29_wf/bold_task_bird_run_1_wf/bold_fit_wf/ds_boldmask_wf/sources".
250329-09:52:53,843 nipype.workflow INFO:
	 [Node] Executing "sources" <fmriprep.interfaces.bids.BIDSURI>
250329-09:52:53,878 nipype.workflow INFO:
	 [Node] Finished "sources", elapsed time 0.000349s.
250329-09:52:54,1 nipype.workflow INFO:
	 [Node] Setting-up "fmriprep_24_0_wf.sub_29_wf.bold_task_bird_run_6_wf.bold_native_wf.bold_source" in "/work_dir/fmriprep_24_0_wf/sub_29_wf/bold_task_bird_run_6_wf/bold_native_wf/bold_source".
250329-09:52:54,3 nipype.workflow INFO:
	 [Node] Executing "bold_source" <nipype.interfaces.utility.base.Select>
250329-09:52:54,5 nipype.workflow INFO:
	 [Node] Finished "bold_source", elapsed time 0.00049s.
250329-09:52:54,246 nipype.workflow INFO:
	 [Node] Setting-up "fmriprep_24_0_wf.sub_29_wf.bold_task_bird_run_2_wf.ds_bold_native_wf.sources" in "/work_dir/fmriprep_24_0_wf/sub_29_wf/bold_task_bird_run_2_wf/ds_bold_native_wf/sources".
250329-09:52:54,257 nipype.workflow INFO:
	 [Node] Executing "sources" <fmriprep.interfaces.bids.BIDSURI>
250329-09:52:54,258 nipype.workflow INFO:
	 [Node] Finished "sources", elapsed time 0.000289s.
250329-09:52:54,680 nipype.workflow INFO:
	 [Node] Setting-up "fmriprep_24_0_wf.sub_29_wf.bidssrc" in "/work_dir/fmriprep_24_0_wf/sub_29_wf/bidssrc".
250329-09:52:54,688 nipype.workflow INFO:
	 [Node] Executing "bidssrc" <niworkflows.interfaces.bids.BIDSDataGrabber>
250329-09:52:54,696 nipype.workflow INFO:
	 [Node] Setting-up "fmriprep_24_0_wf.sub_29_wf.bold_task_bird_run_4_wf.bold_fit_wf.ds_hmc_boldref_wf.sources" in "/work_dir/fmriprep_24_0_wf/sub_29_wf/bold_task_bird_run_4_wf/bold_fit_wf/ds_hmc_boldref_wf/sources".
250329-09:52:54,702 nipype.interface INFO:
	 No "t2w" images found for sub-29
250329-09:52:54,702 nipype.interface INFO:
	 No "flair" images found for sub-29
250329-09:52:54,702 nipype.interface INFO:
	 No "fmap" images found for sub-29
250329-09:52:54,702 nipype.interface INFO:
	 No "sbref" images found for sub-29
250329-09:52:54,702 nipype.interface INFO:
	 No "roi" images found for sub-29
250329-09:52:54,702 nipype.interface INFO:
	 No "pet" images found for sub-29
250329-09:52:54,702 nipype.interface INFO:
	 No "asl" images found for sub-29
250329-09:52:54,703 nipype.workflow INFO:
	 [Node] Finished "bidssrc", elapsed time 0.001228s.
250329-09:52:54,711 nipype.workflow INFO:
	 [Node] Executing "sources" <fmriprep.interfaces.bids.BIDSURI>
250329-09:52:54,727 nipype.workflow INFO:
	 [Node] Setting-up "fmriprep_24_0_wf.sub_29_wf.bold_task_bird_run_4_wf.ds_bold_native_wf.sources" in "/work_dir/fmriprep_24_0_wf/sub_29_wf/bold_task_bird_run_4_wf/ds_bold_native_wf/sources".
250329-09:52:54,733 nipype.workflow INFO:
	 [Node] Executing "sources" <fmriprep.interfaces.bids.BIDSURI>
250329-09:52:54,736 nipype.workflow INFO:
	 [Node] Finished "sources", elapsed time 0.00035s.
250329-09:52:54,771 nipype.workflow INFO:
	 [Node] Finished "sources", elapsed time 0.000371s.
250329-09:52:55,19 nipype.workflow INFO:
	 [Node] Setting-up "fmriprep_24_0_wf.sub_29_wf.bold_task_bird_run_2_wf.bold_fit_wf.ds_boldmask_wf.sources" in "/work_dir/fmriprep_24_0_wf/sub_29_wf/bold_task_bird_run_2_wf/bold_fit_wf/ds_boldmask_wf/sources".
250329-09:52:55,26 nipype.workflow INFO:
	 [Node] Executing "sources" <fmriprep.interfaces.bids.BIDSURI>
250329-09:52:55,41 nipype.workflow INFO:
	 [Node] Finished "sources", elapsed time 0.000359s.
250329-09:52:55,252 nipype.workflow INFO:
	 [Node] Setting-up "fmriprep_24_0_wf.sub_29_wf.bold_task_bird_run_3_wf.ds_bold_native_wf.sources" in "/work_dir/fmriprep_24_0_wf/sub_29_wf/bold_task_bird_run_3_wf/ds_bold_native_wf/sources".
250329-09:52:55,265 nipype.workflow INFO:
	 [Node] Executing "sources" <fmriprep.interfaces.bids.BIDSURI>
250329-09:52:55,304 nipype.workflow INFO:
	 [Node] Finished "sources", elapsed time 0.000364s.
250329-09:52:55,354 nipype.workflow INFO:
	 [Node] Setting-up "fmriprep_24_0_wf.sub_29_wf.bold_task_bird_run_2_wf.bold_fit_wf.ds_hmc_wf.sources" in "/work_dir/fmriprep_24_0_wf/sub_29_wf/bold_task_bird_run_2_wf/bold_fit_wf/ds_hmc_wf/sources".
250329-09:52:55,359 nipype.workflow INFO:
	 [Node] Executing "sources" <fmriprep.interfaces.bids.BIDSURI>
250329-09:52:55,380 nipype.workflow INFO:
	 [Node] Finished "sources", elapsed time 0.000359s.
250329-09:52:55,537 nipype.workflow INFO:
	 [Node] Setting-up "fmriprep_24_0_wf.sub_29_wf.bold_task_bird_run_3_wf.bold_fit_wf.ds_hmc_boldref_wf.sources" in "/work_dir/fmriprep_24_0_wf/sub_29_wf/bold_task_bird_run_3_wf/bold_fit_wf/ds_hmc_boldref_wf/sources".
250329-09:52:55,542 nipype.workflow INFO:
	 [Node] Executing "sources" <fmriprep.interfaces.bids.BIDSURI>
250329-09:52:55,558 nipype.workflow INFO:
	 [Node] Finished "sources", elapsed time 0.000349s.
250329-09:52:55,785 nipype.workflow INFO:
	 [Node] Setting-up "fmriprep_24_0_wf.sub_29_wf.bold_task_bird_run_3_wf.bold_fit_wf.ds_hmc_wf.sources" in "/work_dir/fmriprep_24_0_wf/sub_29_wf/bold_task_bird_run_3_wf/bold_fit_wf/ds_hmc_wf/sources".
250329-09:52:55,798 nipype.workflow INFO:
	 [Node] Executing "sources" <fmriprep.interfaces.bids.BIDSURI>
250329-09:52:55,816 nipype.workflow INFO:
	 [Node] Finished "sources", elapsed time 0.000371s.
250329-09:52:55,822 nipype.workflow INFO:
	 [Node] Setting-up "fmriprep_24_0_wf.sub_29_wf.bold_task_bird_run_6_wf.ds_bold_native_wf.sources" in "/work_dir/fmriprep_24_0_wf/sub_29_wf/bold_task_bird_run_6_wf/ds_bold_native_wf/sources".
250329-09:52:55,824 nipype.workflow INFO:
	 [Node] Executing "sources" <fmriprep.interfaces.bids.BIDSURI>
250329-09:52:55,825 nipype.workflow INFO:
	 [Node] Finished "sources", elapsed time 0.000275s.
250329-09:52:55,898 nipype.workflow INFO:
	 [Node] Setting-up "fmriprep_24_0_wf.sub_29_wf.bold_task_bird_run_1_wf.bold_fit_wf.ds_hmc_wf.sources" in "/work_dir/fmriprep_24_0_wf/sub_29_wf/bold_task_bird_run_1_wf/bold_fit_wf/ds_hmc_wf/sources".
250329-09:52:55,901 nipype.workflow INFO:
	 [Node] Executing "sources" <fmriprep.interfaces.bids.BIDSURI>
250329-09:52:55,924 nipype.workflow INFO:
	 [Node] Finished "sources", elapsed time 0.00037s.
250329-09:52:55,968 nipype.workflow INFO:
	 [Node] Setting-up "fmriprep_24_0_wf.sub_29_wf.bold_task_bird_run_4_wf.bold_fit_wf.ds_hmc_wf.sources" in "/work_dir/fmriprep_24_0_wf/sub_29_wf/bold_task_bird_run_4_wf/bold_fit_wf/ds_hmc_wf/sources".
250329-09:52:55,980 nipype.workflow INFO:
	 [Node] Executing "sources" <fmriprep.interfaces.bids.BIDSURI>
250329-09:52:55,982 nipype.workflow INFO:
	 [Node] Finished "get_dummy", elapsed time 7.88875s.
250329-09:52:55,998 nipype.workflow INFO:
	 [Node] Finished "sources", elapsed time 0.000346s.
250329-09:52:56,54 nipype.workflow INFO:
	 [Node] Setting-up "fmriprep_24_0_wf.sub_29_wf.bold_task_bird_run_3_wf.bold_fit_wf.ds_boldmask_wf.sources" in "/work_dir/fmriprep_24_0_wf/sub_29_wf/bold_task_bird_run_3_wf/bold_fit_wf/ds_boldmask_wf/sources".
250329-09:52:56,67 nipype.workflow INFO:
	 [Node] Executing "sources" <fmriprep.interfaces.bids.BIDSURI>
250329-09:52:56,90 nipype.workflow INFO:
	 [Node] Finished "sources", elapsed time 0.00037s.
250329-09:52:56,98 nipype.workflow INFO:
	 [Node] Setting-up "fmriprep_24_0_wf.sub_29_wf.bold_task_bird_run_5_wf.bold_fit_wf.ds_hmc_boldref_wf.sources" in "/work_dir/fmriprep_24_0_wf/sub_29_wf/bold_task_bird_run_5_wf/bold_fit_wf/ds_hmc_boldref_wf/sources".
250329-09:52:56,108 nipype.workflow INFO:
	 [Node] Executing "sources" <fmriprep.interfaces.bids.BIDSURI>
250329-09:52:56,109 nipype.workflow INFO:
	 [Node] Finished "sources", elapsed time 0.000289s.
250329-09:52:56,275 nipype.workflow INFO:
	 [Node] Setting-up "fmriprep_24_0_wf.sub_29_wf.bids_info" in "/work_dir/fmriprep_24_0_wf/sub_29_wf/bids_info".
250329-09:52:56,278 nipype.workflow INFO:
	 [Node] Executing "bids_info" <niworkflows.interfaces.bids.BIDSInfo>
250329-09:52:56,285 nipype.workflow INFO:
	 [Node] Setting-up "fmriprep_24_0_wf.sub_29_wf.anat_fit_wf.anat_template_wf.anat_ref_dimensions" in "/work_dir/fmriprep_24_0_wf/sub_29_wf/anat_fit_wf/anat_template_wf/anat_ref_dimensions".
250329-09:52:56,288 nipype.workflow INFO:
	 [Node] Executing "anat_ref_dimensions" <niworkflows.interfaces.images.TemplateDimensions>
250329-09:52:56,298 nipype.workflow INFO:
	 [Node] Finished "bids_info", elapsed time 0.01893s.
250329-09:52:56,650 nipype.workflow INFO:
	 [Node] Setting-up "fmriprep_24_0_wf.sub_29_wf.bold_task_bird_run_2_wf.bold_fit_wf.ds_hmc_boldref_wf.sources" in "/work_dir/fmriprep_24_0_wf/sub_29_wf/bold_task_bird_run_2_wf/bold_fit_wf/ds_hmc_boldref_wf/sources".
250329-09:52:56,656 nipype.workflow INFO:
	 [Node] Executing "sources" <fmriprep.interfaces.bids.BIDSURI>
250329-09:52:56,677 nipype.workflow INFO:
	 [Node] Finished "sources", elapsed time 0.000376s.
250329-09:52:56,703 nipype.workflow INFO:
	 [Node] Finished "anat_ref_dimensions", elapsed time 0.414103s.
250329-09:52:57,75 nipype.workflow INFO:
	 [Node] Setting-up "fmriprep_24_0_wf.sub_29_wf.bold_task_bird_run_5_wf.ds_bold_native_wf.sources" in "/work_dir/fmriprep_24_0_wf/sub_29_wf/bold_task_bird_run_5_wf/ds_bold_native_wf/sources".
250329-09:52:57,85 nipype.workflow INFO:
	 [Node] Executing "sources" <fmriprep.interfaces.bids.BIDSURI>
250329-09:52:57,86 nipype.workflow INFO:
	 [Node] Finished "sources", elapsed time 0.000299s.
250329-09:52:57,95 nipype.workflow INFO:
	 [Node] Setting-up "fmriprep_24_0_wf.sub_29_wf.bold_task_bird_run_4_wf.bold_fit_wf.ds_boldmask_wf.sources" in "/work_dir/fmriprep_24_0_wf/sub_29_wf/bold_task_bird_run_4_wf/bold_fit_wf/ds_boldmask_wf/sources".
250329-09:52:57,98 nipype.workflow INFO:
	 [Node] Executing "sources" <fmriprep.interfaces.bids.BIDSURI>
250329-09:52:57,111 nipype.workflow INFO:
	 [Node] Finished "sources", elapsed time 0.000342s.
250329-09:52:57,263 nipype.workflow INFO:
	 [Node] Setting-up "fmriprep_24_0_wf.sub_29_wf.bold_task_bird_run_1_wf.bold_native_wf.validate_bold" in "/work_dir/fmriprep_24_0_wf/sub_29_wf/bold_task_bird_run_1_wf/bold_native_wf/validate_bold".
250329-09:52:57,266 nipype.workflow INFO:
	 [Node] Executing "validate_bold" <niworkflows.interfaces.header.ValidateImage>
250329-09:52:57,313 nipype.workflow INFO:
	 [Node] Finished "get_dummy", elapsed time 8.413734s.
250329-09:52:57,325 nipype.workflow INFO:
	 [Node] Setting-up "fmriprep_24_0_wf.sub_29_wf.bold_task_bird_run_5_wf.bold_fit_wf.ds_boldmask_wf.sources" in "/work_dir/fmriprep_24_0_wf/sub_29_wf/bold_task_bird_run_5_wf/bold_fit_wf/ds_boldmask_wf/sources".
250329-09:52:57,328 nipype.workflow INFO:
	 [Node] Executing "sources" <fmriprep.interfaces.bids.BIDSURI>
250329-09:52:57,346 nipype.workflow INFO:
	 [Node] Setting-up "fmriprep_24_0_wf.sub_29_wf.bold_task_bird_run_5_wf.bold_fit_wf.ds_hmc_wf.sources" in "/work_dir/fmriprep_24_0_wf/sub_29_wf/bold_task_bird_run_5_wf/bold_fit_wf/ds_hmc_wf/sources".
250329-09:52:57,349 nipype.workflow INFO:
	 [Node] Executing "sources" <fmriprep.interfaces.bids.BIDSURI>
250329-09:52:57,352 nipype.workflow INFO:
	 [Node] Finished "sources", elapsed time 0.000347s.
250329-09:52:57,358 nipype.workflow INFO:
	 [Node] Finished "sources", elapsed time 0.000351s.
250329-09:52:57,421 nipype.workflow INFO:
	 [Node] Finished "validate_bold", elapsed time 0.154814s.
250329-09:52:57,506 nipype.workflow INFO:
	 [Node] Setting-up "fmriprep_24_0_wf.sub_29_wf.bold_task_bird_run_2_wf.bold_native_wf.validate_bold" in "/work_dir/fmriprep_24_0_wf/sub_29_wf/bold_task_bird_run_2_wf/bold_native_wf/validate_bold".
250329-09:52:57,508 nipype.workflow INFO:
	 [Node] Executing "validate_bold" <niworkflows.interfaces.header.ValidateImage>
250329-09:52:57,663 nipype.workflow INFO:
	 [Node] Setting-up "fmriprep_24_0_wf.sub_29_wf.bold_task_bird_run_6_wf.bold_fit_wf.ds_hmc_wf.sources" in "/work_dir/fmriprep_24_0_wf/sub_29_wf/bold_task_bird_run_6_wf/bold_fit_wf/ds_hmc_wf/sources".
250329-09:52:57,666 nipype.workflow INFO:
	 [Node] Setting-up "fmriprep_24_0_wf.sub_29_wf.bold_task_bird_run_6_wf.bold_fit_wf.ds_hmc_boldref_wf.sources" in "/work_dir/fmriprep_24_0_wf/sub_29_wf/bold_task_bird_run_6_wf/bold_fit_wf/ds_hmc_boldref_wf/sources".
250329-09:52:57,675 nipype.workflow INFO:
	 [Node] Executing "sources" <fmriprep.interfaces.bids.BIDSURI>
250329-09:52:57,676 nipype.workflow INFO:
	 [Node] Finished "sources", elapsed time 0.000293s.
250329-09:52:57,679 nipype.workflow INFO:
	 [Node] Executing "sources" <fmriprep.interfaces.bids.BIDSURI>
250329-09:52:57,681 nipype.workflow INFO:
	 [Node] Finished "sources", elapsed time 0.000301s.
250329-09:52:57,693 nipype.workflow INFO:
	 [Node] Finished "validate_bold", elapsed time 0.183339s.
250329-09:52:57,819 nipype.workflow INFO:
	 [Node] Setting-up "fmriprep_24_0_wf.sub_29_wf.bold_task_bird_run_3_wf.bold_native_wf.validate_bold" in "/work_dir/fmriprep_24_0_wf/sub_29_wf/bold_task_bird_run_3_wf/bold_native_wf/validate_bold".
250329-09:52:57,821 nipype.workflow INFO:
	 [Node] Executing "validate_bold" <niworkflows.interfaces.header.ValidateImage>
250329-09:52:57,902 nipype.workflow INFO:
	 [Node] Finished "validate_bold", elapsed time 0.079434s.
250329-09:52:57,978 nipype.workflow INFO:
	 [Node] Finished "get_dummy", elapsed time 9.525439s.
250329-09:52:58,42 nipype.workflow INFO:
	 [Node] Setting-up "fmriprep_24_0_wf.sub_29_wf.bold_task_bird_run_4_wf.bold_native_wf.validate_bold" in "/work_dir/fmriprep_24_0_wf/sub_29_wf/bold_task_bird_run_4_wf/bold_native_wf/validate_bold".
250329-09:52:58,44 nipype.workflow INFO:
	 [Node] Executing "validate_bold" <niworkflows.interfaces.header.ValidateImage>
250329-09:52:58,124 nipype.workflow INFO:
	 [Node] Finished "validate_bold", elapsed time 0.079247s.
250329-09:52:58,244 nipype.workflow INFO:
	 [Node] Setting-up "fmriprep_24_0_wf.sub_29_wf.bold_task_bird_run_6_wf.bold_fit_wf.ds_boldmask_wf.sources" in "/work_dir/fmriprep_24_0_wf/sub_29_wf/bold_task_bird_run_6_wf/bold_fit_wf/ds_boldmask_wf/sources".
250329-09:52:58,246 nipype.workflow INFO:
	 [Node] Executing "sources" <fmriprep.interfaces.bids.BIDSURI>
250329-09:52:58,247 nipype.workflow INFO:
	 [Node] Finished "sources", elapsed time 0.000295s.
250329-09:52:58,263 nipype.workflow INFO:
	 [Node] Setting-up "fmriprep_24_0_wf.sub_29_wf.bold_task_bird_run_5_wf.bold_native_wf.validate_bold" in "/work_dir/fmriprep_24_0_wf/sub_29_wf/bold_task_bird_run_5_wf/bold_native_wf/validate_bold".
250329-09:52:58,265 nipype.workflow INFO:
	 [Node] Executing "validate_bold" <niworkflows.interfaces.header.ValidateImage>
250329-09:52:58,345 nipype.workflow INFO:
	 [Node] Finished "validate_bold", elapsed time 0.078934s.
250329-09:52:58,387 nipype.workflow INFO:
	 [Node] Finished "get_dummy", elapsed time 9.738279s.
250329-09:52:58,468 nipype.workflow INFO:
	 [Node] Setting-up "fmriprep_24_0_wf.sub_29_wf.bold_task_bird_run_6_wf.bold_native_wf.validate_bold" in "/work_dir/fmriprep_24_0_wf/sub_29_wf/bold_task_bird_run_6_wf/bold_native_wf/validate_bold".
250329-09:52:58,471 nipype.workflow INFO:
	 [Node] Executing "validate_bold" <niworkflows.interfaces.header.ValidateImage>
250329-09:52:58,491 nipype.workflow INFO:
	 [Node] Finished "get_dummy", elapsed time 6.105438s.
250329-09:52:58,550 nipype.workflow INFO:
	 [Node] Finished "validate_bold", elapsed time 0.078713s.
250329-09:52:58,595 nipype.workflow INFO:
	 [Node] Finished "get_dummy", elapsed time 7.811076s.
250329-09:52:58,668 nipype.workflow INFO:
	 [Node] Setting-up "fmriprep_24_0_wf.sub_29_wf.bold_task_bird_run_1_wf.bold_fit_wf.hmc_boldref_wf.gen_avg" in "/work_dir/fmriprep_24_0_wf/sub_29_wf/bold_task_bird_run_1_wf/bold_fit_wf/hmc_boldref_wf/gen_avg".
250329-09:52:58,681 nipype.workflow INFO:
	 [Node] Executing "gen_avg" <niworkflows.interfaces.images.RobustAverage>
250329-09:52:58,845 nipype.workflow INFO:
	 [Node] Setting-up "fmriprep_24_0_wf.sub_29_wf.bold_task_bird_run_2_wf.bold_fit_wf.hmc_boldref_wf.gen_avg" in "/work_dir/fmriprep_24_0_wf/sub_29_wf/bold_task_bird_run_2_wf/bold_fit_wf/hmc_boldref_wf/gen_avg".
250329-09:52:58,858 nipype.workflow INFO:
	 [Node] Executing "gen_avg" <niworkflows.interfaces.images.RobustAverage>
250329-09:52:59,29 nipype.workflow INFO:
	 [Node] Setting-up "fmriprep_24_0_wf.sub_29_wf.bold_task_bird_run_3_wf.bold_fit_wf.hmc_boldref_wf.gen_avg" in "/work_dir/fmriprep_24_0_wf/sub_29_wf/bold_task_bird_run_3_wf/bold_fit_wf/hmc_boldref_wf/gen_avg".
250329-09:52:59,42 nipype.workflow INFO:
	 [Node] Executing "gen_avg" <niworkflows.interfaces.images.RobustAverage>
250329-09:52:59,215 nipype.workflow INFO:
	 [Node] Setting-up "fmriprep_24_0_wf.sub_29_wf.bold_task_bird_run_4_wf.bold_fit_wf.hmc_boldref_wf.gen_avg" in "/work_dir/fmriprep_24_0_wf/sub_29_wf/bold_task_bird_run_4_wf/bold_fit_wf/hmc_boldref_wf/gen_avg".
250329-09:52:59,229 nipype.workflow INFO:
	 [Node] Executing "gen_avg" <niworkflows.interfaces.images.RobustAverage>
250329-09:53:00,97 nipype.workflow INFO:
	 [Node] Setting-up "fmriprep_24_0_wf.sub_29_wf.anat_fit_wf.fs_isrunning" in "/work_dir/fmriprep_24_0_wf/sub_29_wf/anat_fit_wf/fs_isrunning".
250329-09:53:00,100 nipype.workflow INFO:
	 [Node] Setting-up "fmriprep_24_0_wf.sub_29_wf.anat_fit_wf.ds_t1w_mask_wf.raw_sources" in "/work_dir/fmriprep_24_0_wf/sub_29_wf/anat_fit_wf/ds_t1w_mask_wf/raw_sources".
250329-09:53:00,102 nipype.workflow INFO:
	 [Node] Executing "fs_isrunning" <nipype.interfaces.utility.wrappers.Function>
250329-09:53:00,104 nipype.workflow INFO:
	 [Node] Finished "fs_isrunning", elapsed time 0.000746s.
250329-09:53:00,117 nipype.workflow INFO:
	 [Node] Executing "raw_sources" <nipype.interfaces.utility.wrappers.Function>
250329-09:53:00,118 nipype.workflow INFO:
	 [Node] Finished "raw_sources", elapsed time 0.000561s.
250329-09:53:00,146 nipype.workflow INFO:
	 [Node] Setting-up "_denoise0" in "/work_dir/fmriprep_24_0_wf/sub_29_wf/anat_fit_wf/anat_template_wf/denoise/mapflow/_denoise0".
250329-09:53:00,148 nipype.workflow INFO:
	 [Node] Executing "_denoise0" <nipype.interfaces.ants.segmentation.DenoiseImage>
250329-09:53:00,284 nipype.workflow INFO:
	 [Node] Setting-up "fmriprep_24_0_wf.sub_29_wf.anat_fit_wf.ds_ribbon_mask_wf.raw_sources" in "/work_dir/fmriprep_24_0_wf/sub_29_wf/anat_fit_wf/ds_ribbon_mask_wf/raw_sources".
250329-09:53:00,292 nipype.workflow INFO:
	 [Node] Executing "raw_sources" <nipype.interfaces.utility.wrappers.Function>
250329-09:53:00,294 nipype.workflow INFO:
	 [Node] Finished "raw_sources", elapsed time 0.000588s.
250329-09:53:00,655 nipype.workflow INFO:
	 [Node] Setting-up "fmriprep_24_0_wf.sub_29_wf.bold_task_bird_run_5_wf.bold_fit_wf.hmc_boldref_wf.gen_avg" in "/work_dir/fmriprep_24_0_wf/sub_29_wf/bold_task_bird_run_5_wf/bold_fit_wf/hmc_boldref_wf/gen_avg".
250329-09:53:00,668 nipype.workflow INFO:
	 [Node] Executing "gen_avg" <niworkflows.interfaces.images.RobustAverage>
250329-09:53:00,842 nipype.workflow INFO:
	 [Node] Setting-up "fmriprep_24_0_wf.sub_29_wf.bold_task_bird_run_6_wf.bold_fit_wf.hmc_boldref_wf.gen_avg" in "/work_dir/fmriprep_24_0_wf/sub_29_wf/bold_task_bird_run_6_wf/bold_fit_wf/hmc_boldref_wf/gen_avg".
250329-09:53:00,849 nipype.workflow INFO:
	 [Node] Executing "gen_avg" <niworkflows.interfaces.images.RobustAverage>
250329-09:53:04,311 nipype.interface INFO:
	 stderr 2025-03-29T09:53:04.311757:++ 3dvolreg: AFNI version=AFNI_24.1.14 (May 26 2024) [64-bit]
250329-09:53:04,312 nipype.interface INFO:
	 stderr 2025-03-29T09:53:04.311757:++ Authored by: RW Cox
250329-09:53:04,322 nipype.interface INFO:
	 stderr 2025-03-29T09:53:04.322040:** AFNI converts NIFTI_datatype=512 (UINT16) in file /work_dir/fmriprep_24_0_wf/sub_29_wf/bold_task_bird_run_1_wf/bold_fit_wf/hmc_boldref_wf/gen_avg/sub-29_task-bird_run-1_bold_sliced.nii.gz to FLOAT32
250329-09:53:04,322 nipype.interface INFO:
	 stderr 2025-03-29T09:53:04.322622:     Warnings of this type will be muted for this session.
250329-09:53:04,322 nipype.interface INFO:
	 stderr 2025-03-29T09:53:04.322622:     Set AFNI_NIFTI_TYPE_WARN to YES to see them all, NO to see none.
250329-09:53:04,332 nipype.interface INFO:
	 stderr 2025-03-29T09:53:04.332857:[7m*+ WARNING:[0m   If you are performing spatial transformations on an oblique dset,
250329-09:53:04,333 nipype.interface INFO:
	 stderr 2025-03-29T09:53:04.332857:  such as /work_dir/fmriprep_24_0_wf/sub_29_wf/bold_task_bird_run_1_wf/bold_fit_wf/hmc_boldref_wf/gen_avg/sub-29_task-bird_run-1_bold_sliced.nii.gz,
250329-09:53:04,333 nipype.interface INFO:
	 stderr 2025-03-29T09:53:04.332857:  or viewing/combining it with volumes of differing obliquity,
250329-09:53:04,333 nipype.interface INFO:
	 stderr 2025-03-29T09:53:04.332857:  you should consider running: 
250329-09:53:04,333 nipype.interface INFO:
	 stderr 2025-03-29T09:53:04.332857:     3dWarp -deoblique 
250329-09:53:04,333 nipype.interface INFO:
	 stderr 2025-03-29T09:53:04.332857:  on this and  other oblique datasets in the same session.
250329-09:53:04,333 nipype.interface INFO:
	 stderr 2025-03-29T09:53:04.332857: See 3dWarp -help for details.
250329-09:53:04,333 nipype.interface INFO:
	 stderr 2025-03-29T09:53:04.332857:++ Oblique dataset:/work_dir/fmriprep_24_0_wf/sub_29_wf/bold_task_bird_run_1_wf/bold_fit_wf/hmc_boldref_wf/gen_avg/sub-29_task-bird_run-1_bold_sliced.nii.gz is 10.536200 degrees from plumb.
250329-09:53:04,333 nipype.interface INFO:
	 stderr 2025-03-29T09:53:04.333713:++ Coarse del was 10, replaced with 6
250329-09:53:05,392 nipype.interface INFO:
	 stderr 2025-03-29T09:53:05.392293:++ 3dvolreg: AFNI version=AFNI_24.1.14 (May 26 2024) [64-bit]
250329-09:53:05,392 nipype.interface INFO:
	 stderr 2025-03-29T09:53:05.392293:++ Authored by: RW Cox
250329-09:53:05,395 nipype.interface INFO:
	 stderr 2025-03-29T09:53:05.395476:** AFNI converts NIFTI_datatype=512 (UINT16) in file /work_dir/fmriprep_24_0_wf/sub_29_wf/bold_task_bird_run_3_wf/bold_fit_wf/hmc_boldref_wf/gen_avg/sub-29_task-bird_run-3_bold_sliced.nii.gz to FLOAT32
250329-09:53:05,395 nipype.interface INFO:
	 stderr 2025-03-29T09:53:05.395955:     Warnings of this type will be muted for this session.
250329-09:53:05,396 nipype.interface INFO:
	 stderr 2025-03-29T09:53:05.395955:     Set AFNI_NIFTI_TYPE_WARN to YES to see them all, NO to see none.
250329-09:53:05,397 nipype.interface INFO:
	 stderr 2025-03-29T09:53:05.397743:[7m*+ WARNING:[0m   If you are performing spatial transformations on an oblique dset,
250329-09:53:05,397 nipype.interface INFO:
	 stderr 2025-03-29T09:53:05.397743:  such as /work_dir/fmriprep_24_0_wf/sub_29_wf/bold_task_bird_run_3_wf/bold_fit_wf/hmc_boldref_wf/gen_avg/sub-29_task-bird_run-3_bold_sliced.nii.gz,
250329-09:53:05,397 nipype.interface INFO:
	 stderr 2025-03-29T09:53:05.397743:  or viewing/combining it with volumes of differing obliquity,
250329-09:53:05,398 nipype.interface INFO:
	 stderr 2025-03-29T09:53:05.397743:  you should consider running: 
250329-09:53:05,398 nipype.interface INFO:
	 stderr 2025-03-29T09:53:05.397743:     3dWarp -deoblique 
250329-09:53:05,398 nipype.interface INFO:
	 stderr 2025-03-29T09:53:05.397743:  on this and  other oblique datasets in the same session.
250329-09:53:05,398 nipype.interface INFO:
	 stderr 2025-03-29T09:53:05.397743: See 3dWarp -help for details.
250329-09:53:05,398 nipype.interface INFO:
	 stderr 2025-03-29T09:53:05.398401:++ Oblique dataset:/work_dir/fmriprep_24_0_wf/sub_29_wf/bold_task_bird_run_3_wf/bold_fit_wf/hmc_boldref_wf/gen_avg/sub-29_task-bird_run-3_bold_sliced.nii.gz is 10.536200 degrees from plumb.
250329-09:53:05,398 nipype.interface INFO:
	 stderr 2025-03-29T09:53:05.398401:++ Coarse del was 10, replaced with 6
250329-09:53:06,7 nipype.interface INFO:
	 stderr 2025-03-29T09:53:06.007192:++ 3dvolreg: AFNI version=AFNI_24.1.14 (May 26 2024) [64-bit]
250329-09:53:06,7 nipype.interface INFO:
	 stderr 2025-03-29T09:53:06.007192:++ Authored by: RW Cox
250329-09:53:06,10 nipype.interface INFO:
	 stderr 2025-03-29T09:53:06.010057:** AFNI converts NIFTI_datatype=512 (UINT16) in file /work_dir/fmriprep_24_0_wf/sub_29_wf/bold_task_bird_run_2_wf/bold_fit_wf/hmc_boldref_wf/gen_avg/sub-29_task-bird_run-2_bold_sliced.nii.gz to FLOAT32
250329-09:53:06,10 nipype.interface INFO:
	 stderr 2025-03-29T09:53:06.010574:     Warnings of this type will be muted for this session.
250329-09:53:06,10 nipype.interface INFO:
	 stderr 2025-03-29T09:53:06.010574:     Set AFNI_NIFTI_TYPE_WARN to YES to see them all, NO to see none.
250329-09:53:06,12 nipype.interface INFO:
	 stderr 2025-03-29T09:53:06.012385:[7m*+ WARNING:[0m   If you are performing spatial transformations on an oblique dset,
250329-09:53:06,12 nipype.interface INFO:
	 stderr 2025-03-29T09:53:06.012385:  such as /work_dir/fmriprep_24_0_wf/sub_29_wf/bold_task_bird_run_2_wf/bold_fit_wf/hmc_boldref_wf/gen_avg/sub-29_task-bird_run-2_bold_sliced.nii.gz,
250329-09:53:06,12 nipype.interface INFO:
	 stderr 2025-03-29T09:53:06.012385:  or viewing/combining it with volumes of differing obliquity,
250329-09:53:06,12 nipype.interface INFO:
	 stderr 2025-03-29T09:53:06.012385:  you should consider running: 
250329-09:53:06,12 nipype.interface INFO:
	 stderr 2025-03-29T09:53:06.012385:     3dWarp -deoblique 
250329-09:53:06,12 nipype.interface INFO:
	 stderr 2025-03-29T09:53:06.012385:  on this and  other oblique datasets in the same session.
250329-09:53:06,12 nipype.interface INFO:
	 stderr 2025-03-29T09:53:06.012385: See 3dWarp -help for details.
250329-09:53:06,13 nipype.interface INFO:
	 stderr 2025-03-29T09:53:06.013091:++ Oblique dataset:/work_dir/fmriprep_24_0_wf/sub_29_wf/bold_task_bird_run_2_wf/bold_fit_wf/hmc_boldref_wf/gen_avg/sub-29_task-bird_run-2_bold_sliced.nii.gz is 10.536200 degrees from plumb.
250329-09:53:06,13 nipype.interface INFO:
	 stderr 2025-03-29T09:53:06.013091:++ Coarse del was 10, replaced with 6
250329-09:53:06,606 nipype.interface INFO:
	 stderr 2025-03-29T09:53:06.606048:++ 3dvolreg: AFNI version=AFNI_24.1.14 (May 26 2024) [64-bit]
250329-09:53:06,606 nipype.interface INFO:
	 stderr 2025-03-29T09:53:06.606312:++ Authored by: RW Cox
250329-09:53:06,612 nipype.interface INFO:
	 stderr 2025-03-29T09:53:06.612777:** AFNI converts NIFTI_datatype=512 (UINT16) in file /work_dir/fmriprep_24_0_wf/sub_29_wf/bold_task_bird_run_4_wf/bold_fit_wf/hmc_boldref_wf/gen_avg/sub-29_task-bird_run-4_bold_sliced.nii.gz to FLOAT32
250329-09:53:06,614 nipype.interface INFO:
	 stderr 2025-03-29T09:53:06.614224:     Warnings of this type will be muted for this session.
250329-09:53:06,614 nipype.interface INFO:
	 stderr 2025-03-29T09:53:06.614224:     Set AFNI_NIFTI_TYPE_WARN to YES to see them all, NO to see none.
250329-09:53:06,616 nipype.interface INFO:
	 stderr 2025-03-29T09:53:06.616744:[7m*+ WARNING:[0m   If you are performing spatial transformations on an oblique dset,
250329-09:53:06,616 nipype.interface INFO:
	 stderr 2025-03-29T09:53:06.616744:  such as /work_dir/fmriprep_24_0_wf/sub_29_wf/bold_task_bird_run_4_wf/bold_fit_wf/hmc_boldref_wf/gen_avg/sub-29_task-bird_run-4_bold_sliced.nii.gz,
250329-09:53:06,616 nipype.interface INFO:
	 stderr 2025-03-29T09:53:06.616744:  or viewing/combining it with volumes of differing obliquity,
250329-09:53:06,617 nipype.interface INFO:
	 stderr 2025-03-29T09:53:06.616744:  you should consider running: 
250329-09:53:06,617 nipype.interface INFO:
	 stderr 2025-03-29T09:53:06.616744:     3dWarp -deoblique 
250329-09:53:06,617 nipype.interface INFO:
	 stderr 2025-03-29T09:53:06.616744:  on this and  other oblique datasets in the same session.
250329-09:53:06,617 nipype.interface INFO:
	 stderr 2025-03-29T09:53:06.616744: See 3dWarp -help for details.
250329-09:53:06,617 nipype.interface INFO:
	 stderr 2025-03-29T09:53:06.617284:++ Oblique dataset:/work_dir/fmriprep_24_0_wf/sub_29_wf/bold_task_bird_run_4_wf/bold_fit_wf/hmc_boldref_wf/gen_avg/sub-29_task-bird_run-4_bold_sliced.nii.gz is 10.536200 degrees from plumb.
250329-09:53:06,617 nipype.interface INFO:
	 stderr 2025-03-29T09:53:06.617453:++ Coarse del was 10, replaced with 6
250329-09:53:08,452 nipype.workflow INFO:
	 [Node] Setting-up "fmriprep_24_0_wf.sub_29_wf.bold_task_bird_run_4_wf.bold_native_wf.bold_stc_wf.slice_timing_correction" in "/work_dir/fmriprep_24_0_wf/sub_29_wf/bold_task_bird_run_4_wf/bold_native_wf/bold_stc_wf/slice_timing_correction".
250329-09:53:08,465 nipype.workflow INFO:
	 [Node] Executing "slice_timing_correction" <fmriprep.workflows.bold.stc.TShift>
250329-09:53:08,981 nipype.workflow INFO:
	 [Node] Setting-up "fmriprep_24_0_wf.sub_29_wf.bold_task_bird_run_2_wf.bold_native_wf.bold_stc_wf.slice_timing_correction" in "/work_dir/fmriprep_24_0_wf/sub_29_wf/bold_task_bird_run_2_wf/bold_native_wf/bold_stc_wf/slice_timing_correction".
250329-09:53:09,20 nipype.workflow INFO:
	 [Node] Executing "slice_timing_correction" <fmriprep.workflows.bold.stc.TShift>
250329-09:53:09,96 nipype.workflow INFO:
	 [Node] Setting-up "fmriprep_24_0_wf.sub_29_wf.bold_task_bird_run_3_wf.bold_native_wf.bold_stc_wf.slice_timing_correction" in "/work_dir/fmriprep_24_0_wf/sub_29_wf/bold_task_bird_run_3_wf/bold_native_wf/bold_stc_wf/slice_timing_correction".
250329-09:53:09,139 nipype.workflow INFO:
	 [Node] Executing "slice_timing_correction" <fmriprep.workflows.bold.stc.TShift>
250329-09:53:09,324 nipype.workflow INFO:
	 [Node] Setting-up "fmriprep_24_0_wf.sub_29_wf.bold_task_bird_run_1_wf.bold_native_wf.bold_stc_wf.slice_timing_correction" in "/work_dir/fmriprep_24_0_wf/sub_29_wf/bold_task_bird_run_1_wf/bold_native_wf/bold_stc_wf/slice_timing_correction".
250329-09:53:09,363 nipype.workflow INFO:
	 [Node] Executing "slice_timing_correction" <fmriprep.workflows.bold.stc.TShift>
250329-09:53:10,43 nipype.workflow INFO:
	 [Node] Setting-up "fmriprep_24_0_wf.sub_29_wf.bold_task_bird_run_5_wf.bold_native_wf.bold_stc_wf.slice_timing_correction" in "/work_dir/fmriprep_24_0_wf/sub_29_wf/bold_task_bird_run_5_wf/bold_native_wf/bold_stc_wf/slice_timing_correction".
250329-09:53:10,64 nipype.workflow INFO:
	 [Node] Executing "slice_timing_correction" <fmriprep.workflows.bold.stc.TShift>
250329-09:53:11,463 nipype.interface INFO:
	 stderr 2025-03-29T09:53:11.463801:++ 3dvolreg: AFNI version=AFNI_24.1.14 (May 26 2024) [64-bit]
250329-09:53:11,464 nipype.interface INFO:
	 stderr 2025-03-29T09:53:11.463801:++ Authored by: RW Cox
250329-09:53:11,466 nipype.interface INFO:
	 stderr 2025-03-29T09:53:11.466438:** AFNI converts NIFTI_datatype=512 (UINT16) in file /work_dir/fmriprep_24_0_wf/sub_29_wf/bold_task_bird_run_6_wf/bold_fit_wf/hmc_boldref_wf/gen_avg/sub-29_task-bird_run-6_bold_sliced.nii.gz to FLOAT32
250329-09:53:11,466 nipype.interface INFO:
	 stderr 2025-03-29T09:53:11.466764:     Warnings of this type will be muted for this session.
250329-09:53:11,466 nipype.interface INFO:
	 stderr 2025-03-29T09:53:11.466764:     Set AFNI_NIFTI_TYPE_WARN to YES to see them all, NO to see none.
250329-09:53:11,468 nipype.interface INFO:
	 stderr 2025-03-29T09:53:11.468431:[7m*+ WARNING:[0m   If you are performing spatial transformations on an oblique dset,
250329-09:53:11,468 nipype.interface INFO:
	 stderr 2025-03-29T09:53:11.468431:  such as /work_dir/fmriprep_24_0_wf/sub_29_wf/bold_task_bird_run_6_wf/bold_fit_wf/hmc_boldref_wf/gen_avg/sub-29_task-bird_run-6_bold_sliced.nii.gz,
250329-09:53:11,468 nipype.interface INFO:
	 stderr 2025-03-29T09:53:11.468431:  or viewing/combining it with volumes of differing obliquity,
250329-09:53:11,468 nipype.interface INFO:
	 stderr 2025-03-29T09:53:11.468431:  you should consider running: 
250329-09:53:11,468 nipype.interface INFO:
	 stderr 2025-03-29T09:53:11.468431:     3dWarp -deoblique 
250329-09:53:11,468 nipype.interface INFO:
	 stderr 2025-03-29T09:53:11.468431:  on this and  other oblique datasets in the same session.
250329-09:53:11,468 nipype.interface INFO:
	 stderr 2025-03-29T09:53:11.468431: See 3dWarp -help for details.
250329-09:53:11,468 nipype.interface INFO:
	 stderr 2025-03-29T09:53:11.468431:++ Oblique dataset:/work_dir/fmriprep_24_0_wf/sub_29_wf/bold_task_bird_run_6_wf/bold_fit_wf/hmc_boldref_wf/gen_avg/sub-29_task-bird_run-6_bold_sliced.nii.gz is 10.536200 degrees from plumb.
250329-09:53:11,469 nipype.interface INFO:
	 stderr 2025-03-29T09:53:11.468431:++ Coarse del was 10, replaced with 6
250329-09:53:13,341 nipype.interface INFO:
	 stderr 2025-03-29T09:53:13.341924:++ 3dvolreg: AFNI version=AFNI_24.1.14 (May 26 2024) [64-bit]
250329-09:53:13,342 nipype.interface INFO:
	 stderr 2025-03-29T09:53:13.341924:++ Authored by: RW Cox
250329-09:53:13,345 nipype.interface INFO:
	 stderr 2025-03-29T09:53:13.344986:** AFNI converts NIFTI_datatype=512 (UINT16) in file /work_dir/fmriprep_24_0_wf/sub_29_wf/bold_task_bird_run_5_wf/bold_fit_wf/hmc_boldref_wf/gen_avg/sub-29_task-bird_run-5_bold_sliced.nii.gz to FLOAT32
250329-09:53:13,345 nipype.interface INFO:
	 stderr 2025-03-29T09:53:13.345440:     Warnings of this type will be muted for this session.
250329-09:53:13,345 nipype.interface INFO:
	 stderr 2025-03-29T09:53:13.345440:     Set AFNI_NIFTI_TYPE_WARN to YES to see them all, NO to see none.
250329-09:53:13,347 nipype.interface INFO:
	 stderr 2025-03-29T09:53:13.347419:[7m*+ WARNING:[0m   If you are performing spatial transformations on an oblique dset,
250329-09:53:13,347 nipype.interface INFO:
	 stderr 2025-03-29T09:53:13.347419:  such as /work_dir/fmriprep_24_0_wf/sub_29_wf/bold_task_bird_run_5_wf/bold_fit_wf/hmc_boldref_wf/gen_avg/sub-29_task-bird_run-5_bold_sliced.nii.gz,
250329-09:53:13,347 nipype.interface INFO:
	 stderr 2025-03-29T09:53:13.347419:  or viewing/combining it with volumes of differing obliquity,
250329-09:53:13,347 nipype.interface INFO:
	 stderr 2025-03-29T09:53:13.347419:  you should consider running: 
250329-09:53:13,347 nipype.interface INFO:
	 stderr 2025-03-29T09:53:13.347419:     3dWarp -deoblique 
250329-09:53:13,347 nipype.interface INFO:
	 stderr 2025-03-29T09:53:13.347419:  on this and  other oblique datasets in the same session.
250329-09:53:13,347 nipype.interface INFO:
	 stderr 2025-03-29T09:53:13.347419: See 3dWarp -help for details.
250329-09:53:13,347 nipype.interface INFO:
	 stderr 2025-03-29T09:53:13.347419:++ Oblique dataset:/work_dir/fmriprep_24_0_wf/sub_29_wf/bold_task_bird_run_5_wf/bold_fit_wf/hmc_boldref_wf/gen_avg/sub-29_task-bird_run-5_bold_sliced.nii.gz is 10.536200 degrees from plumb.
250329-09:53:13,348 nipype.interface INFO:
	 stderr 2025-03-29T09:53:13.347419:++ Coarse del was 10, replaced with 6
250329-09:53:14,335 nipype.workflow INFO:
	 [Node] Setting-up "fmriprep_24_0_wf.sub_29_wf.bold_task_bird_run_6_wf.bold_native_wf.bold_stc_wf.slice_timing_correction" in "/work_dir/fmriprep_24_0_wf/sub_29_wf/bold_task_bird_run_6_wf/bold_native_wf/bold_stc_wf/slice_timing_correction".
250329-09:53:14,357 nipype.workflow INFO:
	 [Node] Executing "slice_timing_correction" <fmriprep.workflows.bold.stc.TShift>
250329-09:53:16,395 nipype.workflow INFO:
	 [Node] Finished "lap_tmpl", elapsed time 27.718233s.
250329-09:53:17,315 nipype.workflow INFO:
	 [Node] Setting-up "fmriprep_24_0_wf.sub_29_wf.anat_fit_wf.brain_extraction_wf.mrg_tmpl" in "/work_dir/fmriprep_24_0_wf/sub_29_wf/anat_fit_wf/brain_extraction_wf/mrg_tmpl".
250329-09:53:17,409 nipype.workflow INFO:
	 [Node] Executing "mrg_tmpl" <nipype.interfaces.utility.base.Merge>
250329-09:53:17,410 nipype.workflow INFO:
	 [Node] Finished "mrg_tmpl", elapsed time 0.000242s.
250329-09:55:31,328 nipype.workflow INFO:
	 [Node] Finished "slice_timing_correction", elapsed time 136.956666s.
250329-09:55:33,20 nipype.workflow INFO:
	 [Node] Setting-up "fmriprep_24_0_wf.sub_29_wf.bold_task_bird_run_6_wf.bold_native_wf.bold_stc_wf.copy_xform" in "/work_dir/fmriprep_24_0_wf/sub_29_wf/bold_task_bird_run_6_wf/bold_native_wf/bold_stc_wf/copy_xform".
250329-09:55:36,242 nipype.workflow INFO:
	 [Node] Finished "slice_timing_correction", elapsed time 147.220897s.
250329-09:55:36,831 nipype.workflow INFO:
	 [Node] Setting-up "fmriprep_24_0_wf.sub_29_wf.bold_task_bird_run_2_wf.bold_native_wf.bold_stc_wf.copy_xform" in "/work_dir/fmriprep_24_0_wf/sub_29_wf/bold_task_bird_run_2_wf/bold_native_wf/bold_stc_wf/copy_xform".
250329-09:55:38,485 nipype.workflow INFO:
	 [Node] Executing "copy_xform" <niworkflows.interfaces.header.CopyXForm>
250329-09:55:39,292 nipype.workflow INFO:
	 [Node] Finished "slice_timing_correction", elapsed time 149.227338s.
250329-09:55:40,957 nipype.workflow INFO:
	 [Node] Setting-up "fmriprep_24_0_wf.sub_29_wf.bold_task_bird_run_5_wf.bold_native_wf.bold_stc_wf.copy_xform" in "/work_dir/fmriprep_24_0_wf/sub_29_wf/bold_task_bird_run_5_wf/bold_native_wf/bold_stc_wf/copy_xform".
250329-09:55:44,808 nipype.workflow INFO:
	 [Node] Executing "copy_xform" <niworkflows.interfaces.header.CopyXForm>
250329-09:55:45,464 nipype.workflow INFO:
	 [Node] Executing "copy_xform" <niworkflows.interfaces.header.CopyXForm>
250329-09:55:46,493 nipype.workflow INFO:
	 [Node] Finished "slice_timing_correction", elapsed time 157.129097s.
250329-09:55:47,483 nipype.workflow INFO:
	 [Node] Finished "slice_timing_correction", elapsed time 159.016732s.
250329-09:55:48,849 nipype.workflow INFO:
	 [Node] Setting-up "fmriprep_24_0_wf.sub_29_wf.bold_task_bird_run_1_wf.bold_native_wf.bold_stc_wf.copy_xform" in "/work_dir/fmriprep_24_0_wf/sub_29_wf/bold_task_bird_run_1_wf/bold_native_wf/bold_stc_wf/copy_xform".
250329-09:55:48,852 nipype.workflow INFO:
	 [Node] Setting-up "fmriprep_24_0_wf.sub_29_wf.bold_task_bird_run_4_wf.bold_native_wf.bold_stc_wf.copy_xform" in "/work_dir/fmriprep_24_0_wf/sub_29_wf/bold_task_bird_run_4_wf/bold_native_wf/bold_stc_wf/copy_xform".
250329-09:55:52,381 nipype.workflow INFO:
	 [Node] Finished "slice_timing_correction", elapsed time 163.240738s.
250329-09:55:52,838 nipype.workflow INFO:
	 [Node] Setting-up "fmriprep_24_0_wf.sub_29_wf.bold_task_bird_run_3_wf.bold_native_wf.bold_stc_wf.copy_xform" in "/work_dir/fmriprep_24_0_wf/sub_29_wf/bold_task_bird_run_3_wf/bold_native_wf/bold_stc_wf/copy_xform".
250329-09:55:53,255 nipype.workflow INFO:
	 [Node] Executing "copy_xform" <niworkflows.interfaces.header.CopyXForm>
250329-09:55:53,525 nipype.workflow INFO:
	 [Node] Executing "copy_xform" <niworkflows.interfaces.header.CopyXForm>
250329-09:55:57,809 nipype.workflow INFO:
	 [Node] Executing "copy_xform" <niworkflows.interfaces.header.CopyXForm>
250329-09:56:01,897 nipype.workflow INFO:
	 [Node] Finished "_denoise0", elapsed time 181.497229s.
250329-09:56:02,856 nipype.workflow INFO:
	 [Node] Setting-up "_anat_conform0" in "/work_dir/fmriprep_24_0_wf/sub_29_wf/anat_fit_wf/anat_template_wf/anat_conform/mapflow/_anat_conform0".
250329-09:56:02,858 nipype.workflow INFO:
	 [Node] Executing "_anat_conform0" <niworkflows.interfaces.images.Conform>
250329-09:56:03,24 nipype.workflow INFO:
	 [Node] Finished "_anat_conform0", elapsed time 0.165117s.
250329-09:56:04,953 nipype.workflow INFO:
	 [Node] Setting-up "fmriprep_24_0_wf.sub_29_wf.anat_fit_wf.anat_template_wf.get1st" in "/work_dir/fmriprep_24_0_wf/sub_29_wf/anat_fit_wf/anat_template_wf/get1st".
250329-09:56:04,960 nipype.workflow INFO:
	 [Node] Executing "get1st" <nipype.interfaces.utility.base.Select>
250329-09:56:04,961 nipype.workflow INFO:
	 [Node] Finished "get1st", elapsed time 0.000348s.
250329-09:56:08,847 nipype.workflow INFO:
	 [Node] Setting-up "fmriprep_24_0_wf.sub_29_wf.anat_fit_wf.surface_recon_wf.fov_check" in "/work_dir/fmriprep_24_0_wf/sub_29_wf/anat_fit_wf/surface_recon_wf/fov_check".
250329-09:56:08,862 nipype.workflow INFO:
	 [Node] Executing "fov_check" <nipype.interfaces.utility.wrappers.Function>
250329-09:56:08,919 nipype.workflow INFO:
	 [Node] Setting-up "_truncate_images0" in "/work_dir/fmriprep_24_0_wf/sub_29_wf/anat_fit_wf/brain_extraction_wf/truncate_images/mapflow/_truncate_images0".
250329-09:56:08,922 nipype.workflow INFO:
	 [Node] Executing "_truncate_images0" <nipype.interfaces.ants.utils.ImageMath>
250329-09:56:09,905 nipype.workflow INFO:
	 [Node] Finished "fov_check", elapsed time 1.04194s.
250329-09:56:11,117 nipype.workflow INFO:
	 [Node] Setting-up "fmriprep_24_0_wf.sub_29_wf.anat_fit_wf.surface_recon_wf.recon_config" in "/work_dir/fmriprep_24_0_wf/sub_29_wf/anat_fit_wf/surface_recon_wf/recon_config".
250329-09:56:11,121 nipype.workflow INFO:
	 [Node] Executing "recon_config" <niworkflows.interfaces.freesurfer.FSDetectInputs>
250329-09:56:11,262 nipype.workflow INFO:
	 [Node] Finished "recon_config", elapsed time 0.14056s.
250329-09:56:12,613 nipype.interface INFO:
	 stderr 2025-03-29T09:56:12.613301:++ Max displacement in automask = 1.40 (mm) at sub-brick 12
250329-09:56:12,613 nipype.interface INFO:
	 stderr 2025-03-29T09:56:12.613626:++ Max delta displ  in automask = 0.75 (mm) at sub-brick 11
250329-09:56:17,556 nipype.interface INFO:
	 stderr 2025-03-29T09:56:17.556898:++ Max displacement in automask = 0.54 (mm) at sub-brick 19
250329-09:56:17,557 nipype.interface INFO:
	 stderr 2025-03-29T09:56:17.557223:++ Max delta displ  in automask = 0.16 (mm) at sub-brick 18
250329-09:56:18,244 nipype.workflow INFO:
	 [Node] Setting-up "fmriprep_24_0_wf.sub_29_wf.anat_fit_wf.surface_recon_wf.autorecon1" in "/work_dir/fmriprep_24_0_wf/sub_29_wf/anat_fit_wf/surface_recon_wf/autorecon1".
250329-09:56:18,262 nipype.workflow INFO:
	 [Node] Executing "autorecon1" <smriprep.interfaces.freesurfer.ReconAll>
250329-09:56:20,31 nipype.interface INFO:
	 stderr 2025-03-29T09:56:20.031349:++ Max displacement in automask = 0.32 (mm) at sub-brick 19
250329-09:56:20,31 nipype.interface INFO:
	 stderr 2025-03-29T09:56:20.031680:++ Max delta displ  in automask = 0.20 (mm) at sub-brick 14
250329-09:56:20,655 nipype.interface INFO:
	 stderr 2025-03-29T09:56:20.655449:++ Max displacement in automask = 2.49 (mm) at sub-brick 15
250329-09:56:20,665 nipype.interface INFO:
	 stderr 2025-03-29T09:56:20.665864:++ Max delta displ  in automask = 1.89 (mm) at sub-brick 14
250329-09:56:20,840 nipype.workflow INFO:
	 [Node] Finished "gen_avg", elapsed time 201.797076s.
250329-09:56:22,856 nipype.workflow INFO:
	 [Node] Setting-up "fmriprep_24_0_wf.sub_29_wf.bold_task_bird_run_3_wf.bold_fit_wf.fmapref_buffer" in "/work_dir/fmriprep_24_0_wf/sub_29_wf/bold_task_bird_run_3_wf/bold_fit_wf/fmapref_buffer".
250329-09:56:22,865 nipype.workflow INFO:
	 [Node] Executing "fmapref_buffer" <nipype.interfaces.utility.wrappers.Function>
250329-09:56:22,866 nipype.workflow INFO:
	 [Node] Finished "fmapref_buffer", elapsed time 0.000778s.
250329-09:56:22,972 nipype.interface WARNING:
	 Changing /output/sub-29/func/sub-29_task-bird_run-3_desc-hmc_boldref.nii.gz dtype from uint16 to float32
250329-09:56:23,527 nipype.workflow INFO:
	 [Node] Finished "gen_avg", elapsed time 204.297916s.
250329-09:56:23,598 nipype.workflow INFO:
	 [Node] Finished "_truncate_images0", elapsed time 13.996012s.
250329-09:56:23,738 nipype.workflow INFO:
	 [Node] Setting-up "fmriprep_24_0_wf.sub_29_wf.bold_task_bird_run_3_wf.bold_fit_wf.bold_hmc_wf.mcflirt" in "/work_dir/fmriprep_24_0_wf/sub_29_wf/bold_task_bird_run_3_wf/bold_fit_wf/bold_hmc_wf/mcflirt".
250329-09:56:23,773 nipype.workflow INFO:
	 [Node] Executing "mcflirt" <nipype.interfaces.fsl.preprocess.MCFLIRT>
250329-09:56:24,492 nipype.interface INFO:
	 stderr 2025-03-29T09:56:24.492424:++ Max displacement in automask = 0.51 (mm) at sub-brick 19
250329-09:56:24,492 nipype.interface INFO:
	 stderr 2025-03-29T09:56:24.492750:++ Max delta displ  in automask = 0.09 (mm) at sub-brick 10
250329-09:56:24,664 nipype.interface INFO:
	 stderr 2025-03-29T09:56:24.664186:++ Max displacement in automask = 0.43 (mm) at sub-brick 15
250329-09:56:24,664 nipype.interface INFO:
	 stderr 2025-03-29T09:56:24.664483:++ Max delta displ  in automask = 0.09 (mm) at sub-brick 4
250329-09:56:24,800 nipype.workflow INFO:
	 [Node] Setting-up "fmriprep_24_0_wf.sub_29_wf.bold_task_bird_run_4_wf.bold_fit_wf.fmapref_buffer" in "/work_dir/fmriprep_24_0_wf/sub_29_wf/bold_task_bird_run_4_wf/bold_fit_wf/fmapref_buffer".
250329-09:56:24,808 nipype.workflow INFO:
	 [Node] Executing "fmapref_buffer" <nipype.interfaces.utility.wrappers.Function>
250329-09:56:24,817 nipype.workflow INFO:
	 [Node] Finished "fmapref_buffer", elapsed time 0.008111s.
250329-09:56:24,870 nipype.interface WARNING:
	 Changing /output/sub-29/func/sub-29_task-bird_run-4_desc-hmc_boldref.nii.gz dtype from uint16 to float32
250329-09:56:25,765 nipype.workflow INFO:
	 [Node] Setting-up "fmriprep_24_0_wf.sub_29_wf.bold_task_bird_run_3_wf.bold_fit_wf.enhance_and_skullstrip_bold_wf.init_aff" in "/work_dir/fmriprep_24_0_wf/sub_29_wf/bold_task_bird_run_3_wf/bold_fit_wf/enhance_and_skullstrip_bold_wf/init_aff".
250329-09:56:25,792 nipype.workflow INFO:
	 [Node] Executing "init_aff" <nipype.interfaces.ants.utils.AI>
250329-09:56:25,902 nipype.workflow INFO:
	 [Node] Setting-up "fmriprep_24_0_wf.sub_29_wf.bold_task_bird_run_4_wf.bold_fit_wf.bold_hmc_wf.mcflirt" in "/work_dir/fmriprep_24_0_wf/sub_29_wf/bold_task_bird_run_4_wf/bold_fit_wf/bold_hmc_wf/mcflirt".
250329-09:56:25,925 nipype.workflow INFO:
	 [Node] Executing "mcflirt" <nipype.interfaces.fsl.preprocess.MCFLIRT>
250329-09:56:26,844 nipype.workflow INFO:
	 [Node] Setting-up "fmriprep_24_0_wf.sub_29_wf.bold_task_bird_run_4_wf.bold_fit_wf.ds_coreg_boldref_wf.sources" in "/work_dir/fmriprep_24_0_wf/sub_29_wf/bold_task_bird_run_4_wf/bold_fit_wf/ds_coreg_boldref_wf/sources".
250329-09:56:26,847 nipype.workflow INFO:
	 [Node] Executing "sources" <fmriprep.interfaces.bids.BIDSURI>
250329-09:56:26,848 nipype.workflow INFO:
	 [Node] Finished "sources", elapsed time 0.00026s.
250329-09:56:27,168 nipype.workflow INFO:
	 [Node] Finished "gen_avg", elapsed time 206.31755s.
250329-09:56:28,847 nipype.workflow INFO:
	 [Node] Setting-up "fmriprep_24_0_wf.sub_29_wf.bold_task_bird_run_6_wf.bold_fit_wf.fmapref_buffer" in "/work_dir/fmriprep_24_0_wf/sub_29_wf/bold_task_bird_run_6_wf/bold_fit_wf/fmapref_buffer".
250329-09:56:28,854 nipype.workflow INFO:
	 [Node] Executing "fmapref_buffer" <nipype.interfaces.utility.wrappers.Function>
250329-09:56:28,856 nipype.workflow INFO:
	 [Node] Finished "fmapref_buffer", elapsed time 0.000749s.
250329-09:56:28,926 nipype.workflow INFO:
	 [Node] Finished "gen_avg", elapsed time 210.243719s.
250329-09:56:28,966 nipype.interface WARNING:
	 Changing /output/sub-29/func/sub-29_task-bird_run-6_desc-hmc_boldref.nii.gz dtype from uint16 to float32
250329-09:56:29,797 nipype.workflow INFO:
	 [Node] Setting-up "fmriprep_24_0_wf.sub_29_wf.bold_task_bird_run_6_wf.bold_fit_wf.bold_hmc_wf.mcflirt" in "/work_dir/fmriprep_24_0_wf/sub_29_wf/bold_task_bird_run_6_wf/bold_fit_wf/bold_hmc_wf/mcflirt".
250329-09:56:29,806 nipype.workflow INFO:
	 [Node] Executing "mcflirt" <nipype.interfaces.fsl.preprocess.MCFLIRT>
250329-09:56:29,806 nipype.workflow INFO:
	 [Node] Setting-up "fmriprep_24_0_wf.sub_29_wf.bold_task_bird_run_3_wf.bold_fit_wf.ds_coreg_boldref_wf.sources" in "/work_dir/fmriprep_24_0_wf/sub_29_wf/bold_task_bird_run_3_wf/bold_fit_wf/ds_coreg_boldref_wf/sources".
250329-09:56:29,817 nipype.workflow INFO:
	 [Node] Executing "sources" <fmriprep.interfaces.bids.BIDSURI>
250329-09:56:29,818 nipype.workflow INFO:
	 [Node] Finished "sources", elapsed time 0.000275s.
250329-09:56:30,836 nipype.workflow INFO:
	 [Node] Setting-up "fmriprep_24_0_wf.sub_29_wf.bold_task_bird_run_1_wf.bold_fit_wf.fmapref_buffer" in "/work_dir/fmriprep_24_0_wf/sub_29_wf/bold_task_bird_run_1_wf/bold_fit_wf/fmapref_buffer".
250329-09:56:30,844 nipype.workflow INFO:
	 [Node] Executing "fmapref_buffer" <nipype.interfaces.utility.wrappers.Function>
250329-09:56:30,846 nipype.workflow INFO:
	 [Node] Finished "fmapref_buffer", elapsed time 0.000744s.
250329-09:56:30,968 nipype.interface WARNING:
	 Changing /output/sub-29/func/sub-29_task-bird_run-1_desc-hmc_boldref.nii.gz dtype from uint16 to float32
250329-09:56:32,390 nipype.workflow INFO:
	 [Node] Setting-up "fmriprep_24_0_wf.sub_29_wf.bold_task_bird_run_1_wf.bold_fit_wf.bold_hmc_wf.mcflirt" in "/work_dir/fmriprep_24_0_wf/sub_29_wf/bold_task_bird_run_1_wf/bold_fit_wf/bold_hmc_wf/mcflirt".
250329-09:56:32,391 nipype.workflow INFO:
	 [Node] Setting-up "fmriprep_24_0_wf.sub_29_wf.bold_task_bird_run_6_wf.bold_fit_wf.ds_coreg_boldref_wf.sources" in "/work_dir/fmriprep_24_0_wf/sub_29_wf/bold_task_bird_run_6_wf/bold_fit_wf/ds_coreg_boldref_wf/sources".
250329-09:56:32,396 nipype.workflow INFO:
	 [Node] Executing "sources" <fmriprep.interfaces.bids.BIDSURI>
250329-09:56:32,397 nipype.workflow INFO:
	 [Node] Finished "sources", elapsed time 0.000276s.
250329-09:56:32,399 nipype.workflow INFO:
	 [Node] Executing "mcflirt" <nipype.interfaces.fsl.preprocess.MCFLIRT>
250329-09:56:33,200 nipype.workflow INFO:
	 [Node] Setting-up "fmriprep_24_0_wf.sub_29_wf.bold_task_bird_run_1_wf.bold_fit_wf.ds_coreg_boldref_wf.sources" in "/work_dir/fmriprep_24_0_wf/sub_29_wf/bold_task_bird_run_1_wf/bold_fit_wf/ds_coreg_boldref_wf/sources".
250329-09:56:33,205 nipype.workflow INFO:
	 [Node] Executing "sources" <fmriprep.interfaces.bids.BIDSURI>
250329-09:56:33,206 nipype.workflow INFO:
	 [Node] Finished "sources", elapsed time 0.000283s.
250329-09:56:33,643 nipype.workflow INFO:
	 [Node] Finished "gen_avg", elapsed time 212.974074s.
250329-09:56:35,32 nipype.workflow INFO:
	 [Node] Setting-up "fmriprep_24_0_wf.sub_29_wf.bold_task_bird_run_5_wf.bold_fit_wf.fmapref_buffer" in "/work_dir/fmriprep_24_0_wf/sub_29_wf/bold_task_bird_run_5_wf/bold_fit_wf/fmapref_buffer".
250329-09:56:35,39 nipype.workflow INFO:
	 [Node] Executing "fmapref_buffer" <nipype.interfaces.utility.wrappers.Function>
250329-09:56:35,50 nipype.workflow INFO:
	 [Node] Finished "fmapref_buffer", elapsed time 0.0096s.
250329-09:56:35,204 nipype.workflow INFO:
	 [Node] Finished "gen_avg", elapsed time 216.34506s.
250329-09:56:35,215 nipype.interface WARNING:
	 Changing /output/sub-29/func/sub-29_task-bird_run-5_desc-hmc_boldref.nii.gz dtype from uint16 to float32
250329-09:56:36,625 nipype.workflow INFO:
	 [Node] Setting-up "fmriprep_24_0_wf.sub_29_wf.bold_task_bird_run_5_wf.bold_fit_wf.bold_hmc_wf.mcflirt" in "/work_dir/fmriprep_24_0_wf/sub_29_wf/bold_task_bird_run_5_wf/bold_fit_wf/bold_hmc_wf/mcflirt".
250329-09:56:36,644 nipype.workflow INFO:
	 [Node] Executing "mcflirt" <nipype.interfaces.fsl.preprocess.MCFLIRT>
250329-09:56:37,30 nipype.workflow INFO:
	 [Node] Setting-up "fmriprep_24_0_wf.sub_29_wf.bold_task_bird_run_2_wf.bold_fit_wf.fmapref_buffer" in "/work_dir/fmriprep_24_0_wf/sub_29_wf/bold_task_bird_run_2_wf/bold_fit_wf/fmapref_buffer".
250329-09:56:37,33 nipype.workflow INFO:
	 [Node] Executing "fmapref_buffer" <nipype.interfaces.utility.wrappers.Function>
250329-09:56:37,35 nipype.workflow INFO:
	 [Node] Finished "fmapref_buffer", elapsed time 0.000917s.
250329-09:56:37,203 nipype.interface WARNING:
	 Changing /output/sub-29/func/sub-29_task-bird_run-2_desc-hmc_boldref.nii.gz dtype from uint16 to float32
250329-09:56:38,79 nipype.workflow INFO:
	 [Node] Setting-up "fmriprep_24_0_wf.sub_29_wf.bold_task_bird_run_5_wf.bold_fit_wf.ds_coreg_boldref_wf.sources" in "/work_dir/fmriprep_24_0_wf/sub_29_wf/bold_task_bird_run_5_wf/bold_fit_wf/ds_coreg_boldref_wf/sources".
250329-09:56:38,83 nipype.workflow INFO:
	 [Node] Executing "sources" <fmriprep.interfaces.bids.BIDSURI>
250329-09:56:38,84 nipype.workflow INFO:
	 [Node] Finished "sources", elapsed time 0.000268s.
250329-09:56:38,239 nipype.workflow INFO:
	 [Node] Setting-up "fmriprep_24_0_wf.sub_29_wf.bold_task_bird_run_2_wf.bold_fit_wf.bold_hmc_wf.mcflirt" in "/work_dir/fmriprep_24_0_wf/sub_29_wf/bold_task_bird_run_2_wf/bold_fit_wf/bold_hmc_wf/mcflirt".
250329-09:56:38,259 nipype.workflow INFO:
	 [Node] Executing "mcflirt" <nipype.interfaces.fsl.preprocess.MCFLIRT>
250329-09:56:39,25 nipype.workflow INFO:
	 [Node] Setting-up "fmriprep_24_0_wf.sub_29_wf.bold_task_bird_run_2_wf.bold_fit_wf.ds_coreg_boldref_wf.sources" in "/work_dir/fmriprep_24_0_wf/sub_29_wf/bold_task_bird_run_2_wf/bold_fit_wf/ds_coreg_boldref_wf/sources".
250329-09:56:39,28 nipype.workflow INFO:
	 [Node] Executing "sources" <fmriprep.interfaces.bids.BIDSURI>
250329-09:56:39,29 nipype.workflow INFO:
	 [Node] Finished "sources", elapsed time 0.000255s.
250329-09:56:48,349 nipype.workflow INFO:
	 [Node] Finished "copy_xform", elapsed time 69.862822s.
250329-09:56:51,394 nipype.workflow INFO:
	 [Node] Finished "copy_xform", elapsed time 66.585123s.
250329-09:56:57,274 nipype.workflow INFO:
	 [Node] Finished "copy_xform", elapsed time 63.748366s.
250329-09:56:57,917 nipype.workflow INFO:
	 [Node] Finished "copy_xform", elapsed time 72.452055s.
250329-09:56:58,920 nipype.workflow INFO:
	 [Node] Setting-up "fmriprep_24_0_wf.sub_29_wf.bold_task_bird_run_1_wf.bold_fit_wf.enhance_and_skullstrip_bold_wf.init_aff" in "/work_dir/fmriprep_24_0_wf/sub_29_wf/bold_task_bird_run_1_wf/bold_fit_wf/enhance_and_skullstrip_bold_wf/init_aff".
250329-09:56:58,924 nipype.workflow INFO:
	 [Node] Executing "init_aff" <nipype.interfaces.ants.utils.AI>
250329-09:57:03,855 nipype.workflow INFO:
	 [Node] Finished "copy_xform", elapsed time 70.598906s.
250329-09:57:17,317 nipype.workflow INFO:
	 [Node] Finished "copy_xform", elapsed time 79.506599s.
250329-09:58:43,115 nipype.workflow INFO:
	 [Node] Finished "init_aff", elapsed time 136.644617s.
250329-09:58:44,758 nipype.workflow INFO:
	 [Node] Setting-up "fmriprep_24_0_wf.sub_29_wf.bold_task_bird_run_2_wf.bold_fit_wf.enhance_and_skullstrip_bold_wf.init_aff" in "/work_dir/fmriprep_24_0_wf/sub_29_wf/bold_task_bird_run_2_wf/bold_fit_wf/enhance_and_skullstrip_bold_wf/init_aff".
250329-09:58:44,806 nipype.workflow INFO:
	 [Node] Executing "init_aff" <nipype.interfaces.ants.utils.AI>
250329-09:59:25,949 nipype.workflow INFO:
	 [Node] Finished "init_aff", elapsed time 146.291043s.
250329-09:59:27,282 nipype.workflow INFO:
	 [Node] Setting-up "fmriprep_24_0_wf.sub_29_wf.bold_task_bird_run_4_wf.bold_fit_wf.enhance_and_skullstrip_bold_wf.init_aff" in "/work_dir/fmriprep_24_0_wf/sub_29_wf/bold_task_bird_run_4_wf/bold_fit_wf/enhance_and_skullstrip_bold_wf/init_aff".
250329-09:59:27,286 nipype.workflow INFO:
	 [Node] Executing "init_aff" <nipype.interfaces.ants.utils.AI>
250329-10:01:04,965 nipype.workflow INFO:
	 [Node] Finished "init_aff", elapsed time 139.521342s.
250329-10:01:06,812 nipype.workflow INFO:
	 [Node] Setting-up "fmriprep_24_0_wf.sub_29_wf.bold_task_bird_run_5_wf.bold_fit_wf.enhance_and_skullstrip_bold_wf.init_aff" in "/work_dir/fmriprep_24_0_wf/sub_29_wf/bold_task_bird_run_5_wf/bold_fit_wf/enhance_and_skullstrip_bold_wf/init_aff".
250329-10:01:06,815 nipype.workflow INFO:
	 [Node] Executing "init_aff" <nipype.interfaces.ants.utils.AI>
250329-10:01:48,279 nipype.workflow INFO:
	 [Node] Finished "init_aff", elapsed time 140.991754s.
250329-10:01:48,730 nipype.workflow INFO:
	 [Node] Setting-up "fmriprep_24_0_wf.sub_29_wf.bold_task_bird_run_6_wf.bold_fit_wf.enhance_and_skullstrip_bold_wf.init_aff" in "/work_dir/fmriprep_24_0_wf/sub_29_wf/bold_task_bird_run_6_wf/bold_fit_wf/enhance_and_skullstrip_bold_wf/init_aff".
250329-10:01:48,733 nipype.workflow INFO:
	 [Node] Executing "init_aff" <nipype.interfaces.ants.utils.AI>
250329-10:02:26,394 nipype.workflow INFO:
	 [Node] Finished "mcflirt", elapsed time 353.994027s.
250329-10:02:28,37 nipype.workflow INFO:
	 [Node] Setting-up "fmriprep_24_0_wf.sub_29_wf.bold_task_bird_run_1_wf.bold_fit_wf.bold_hmc_wf.normalize_motion" in "/work_dir/fmriprep_24_0_wf/sub_29_wf/bold_task_bird_run_1_wf/bold_fit_wf/bold_hmc_wf/normalize_motion".
250329-10:02:28,392 nipype.workflow INFO:
	 [Node] Executing "normalize_motion" <niworkflows.interfaces.confounds.NormalizeMotionParams>
250329-10:02:28,397 nipype.workflow INFO:
	 [Node] Finished "normalize_motion", elapsed time 0.003999s.
250329-10:02:28,794 nipype.workflow INFO:
	 [Node] Setting-up "fmriprep_24_0_wf.sub_29_wf.bold_task_bird_run_1_wf.bold_confounds_wf.fdisp" in "/work_dir/fmriprep_24_0_wf/sub_29_wf/bold_task_bird_run_1_wf/bold_confounds_wf/fdisp".
250329-10:02:28,799 nipype.workflow INFO:
	 [Node] Executing "fdisp" <nipype.algorithms.confounds.FramewiseDisplacement>
250329-10:02:28,803 nipype.workflow INFO:
	 [Node] Finished "fdisp", elapsed time 0.002987s.
250329-10:02:35,587 nipype.workflow INFO:
	 [Node] Finished "mcflirt", elapsed time 371.812931s.
250329-10:02:37,516 nipype.workflow INFO:
	 [Node] Setting-up "fmriprep_24_0_wf.sub_29_wf.bold_task_bird_run_3_wf.bold_fit_wf.bold_hmc_wf.normalize_motion" in "/work_dir/fmriprep_24_0_wf/sub_29_wf/bold_task_bird_run_3_wf/bold_fit_wf/bold_hmc_wf/normalize_motion".
250329-10:02:37,534 nipype.workflow INFO:
	 [Node] Finished "mcflirt", elapsed time 371.607792s.
250329-10:02:37,616 nipype.workflow INFO:
	 [Node] Executing "normalize_motion" <niworkflows.interfaces.confounds.NormalizeMotionParams>
250329-10:02:37,621 nipype.workflow INFO:
	 [Node] Finished "normalize_motion", elapsed time 0.003965s.
250329-10:02:39,66 nipype.workflow INFO:
	 [Node] Setting-up "fmriprep_24_0_wf.sub_29_wf.bold_task_bird_run_3_wf.bold_confounds_wf.fdisp" in "/work_dir/fmriprep_24_0_wf/sub_29_wf/bold_task_bird_run_3_wf/bold_confounds_wf/fdisp".
250329-10:02:39,71 nipype.workflow INFO:
	 [Node] Executing "fdisp" <nipype.algorithms.confounds.FramewiseDisplacement>
250329-10:02:39,75 nipype.workflow INFO:
	 [Node] Finished "fdisp", elapsed time 0.003021s.
250329-10:02:39,170 nipype.workflow INFO:
	 [Node] Setting-up "fmriprep_24_0_wf.sub_29_wf.bold_task_bird_run_4_wf.bold_fit_wf.bold_hmc_wf.normalize_motion" in "/work_dir/fmriprep_24_0_wf/sub_29_wf/bold_task_bird_run_4_wf/bold_fit_wf/bold_hmc_wf/normalize_motion".
250329-10:02:39,340 nipype.workflow INFO:
	 [Node] Executing "normalize_motion" <niworkflows.interfaces.confounds.NormalizeMotionParams>
250329-10:02:39,345 nipype.workflow INFO:
	 [Node] Finished "normalize_motion", elapsed time 0.003911s.
250329-10:02:40,780 nipype.workflow INFO:
	 [Node] Setting-up "fmriprep_24_0_wf.sub_29_wf.bold_task_bird_run_4_wf.bold_confounds_wf.fdisp" in "/work_dir/fmriprep_24_0_wf/sub_29_wf/bold_task_bird_run_4_wf/bold_confounds_wf/fdisp".
250329-10:02:40,785 nipype.workflow INFO:
	 [Node] Executing "fdisp" <nipype.algorithms.confounds.FramewiseDisplacement>
250329-10:02:40,789 nipype.workflow INFO:
	 [Node] Finished "fdisp", elapsed time 0.003099s.
250329-10:02:43,620 nipype.workflow INFO:
	 [Node] Finished "mcflirt", elapsed time 365.360064s.
250329-10:02:44,505 nipype.workflow INFO:
	 [Node] Finished "mcflirt", elapsed time 367.859951s.
250329-10:02:44,557 nipype.workflow INFO:
	 [Node] Finished "mcflirt", elapsed time 374.75002s.
250329-10:02:44,758 nipype.workflow INFO:
	 [Node] Setting-up "fmriprep_24_0_wf.sub_29_wf.bold_task_bird_run_2_wf.bold_fit_wf.bold_hmc_wf.normalize_motion" in "/work_dir/fmriprep_24_0_wf/sub_29_wf/bold_task_bird_run_2_wf/bold_fit_wf/bold_hmc_wf/normalize_motion".
250329-10:02:44,771 nipype.workflow INFO:
	 [Node] Executing "normalize_motion" <niworkflows.interfaces.confounds.NormalizeMotionParams>
250329-10:02:44,776 nipype.workflow INFO:
	 [Node] Finished "normalize_motion", elapsed time 0.003933s.
250329-10:02:45,360 nipype.workflow INFO:
	 [Node] Setting-up "fmriprep_24_0_wf.sub_29_wf.bold_task_bird_run_5_wf.bold_fit_wf.bold_hmc_wf.normalize_motion" in "/work_dir/fmriprep_24_0_wf/sub_29_wf/bold_task_bird_run_5_wf/bold_fit_wf/bold_hmc_wf/normalize_motion".
250329-10:02:45,464 nipype.workflow INFO:
	 [Node] Executing "normalize_motion" <niworkflows.interfaces.confounds.NormalizeMotionParams>
250329-10:02:45,469 nipype.workflow INFO:
	 [Node] Finished "normalize_motion", elapsed time 0.003979s.
250329-10:02:47,17 nipype.workflow INFO:
	 [Node] Setting-up "fmriprep_24_0_wf.sub_29_wf.bold_task_bird_run_1_wf.bold_fit_wf.bold_hmc_wf.fsl2itk" in "/work_dir/fmriprep_24_0_wf/sub_29_wf/bold_task_bird_run_1_wf/bold_fit_wf/bold_hmc_wf/fsl2itk".
250329-10:02:47,145 nipype.workflow INFO:
	 [Node] Executing "fsl2itk" <niworkflows.interfaces.itk.MCFLIRT2ITK>
250329-10:02:47,146 nipype.interface WARNING:
	 Multithreading is deprecated. Remove the num_threads input.
250329-10:02:47,423 nipype.workflow INFO:
	 [Node] Finished "fsl2itk", elapsed time 0.277386s.
250329-10:02:49,30 nipype.workflow INFO:
	 [Node] Setting-up "fmriprep_24_0_wf.sub_29_wf.bold_task_bird_run_2_wf.bold_fit_wf.bold_hmc_wf.fsl2itk" in "/work_dir/fmriprep_24_0_wf/sub_29_wf/bold_task_bird_run_2_wf/bold_fit_wf/bold_hmc_wf/fsl2itk".
250329-10:02:49,155 nipype.workflow INFO:
	 [Node] Executing "fsl2itk" <niworkflows.interfaces.itk.MCFLIRT2ITK>
250329-10:02:49,156 nipype.interface WARNING:
	 Multithreading is deprecated. Remove the num_threads input.
250329-10:02:49,433 nipype.workflow INFO:
	 [Node] Finished "fsl2itk", elapsed time 0.276848s.
250329-10:02:50,971 nipype.workflow INFO:
	 [Node] Setting-up "fmriprep_24_0_wf.sub_29_wf.bold_task_bird_run_3_wf.bold_fit_wf.bold_hmc_wf.fsl2itk" in "/work_dir/fmriprep_24_0_wf/sub_29_wf/bold_task_bird_run_3_wf/bold_fit_wf/bold_hmc_wf/fsl2itk".
250329-10:02:51,94 nipype.workflow INFO:
	 [Node] Executing "fsl2itk" <niworkflows.interfaces.itk.MCFLIRT2ITK>
250329-10:02:51,95 nipype.interface WARNING:
	 Multithreading is deprecated. Remove the num_threads input.
250329-10:02:51,365 nipype.workflow INFO:
	 [Node] Finished "fsl2itk", elapsed time 0.270039s.
250329-10:02:52,937 nipype.workflow INFO:
	 [Node] Setting-up "fmriprep_24_0_wf.sub_29_wf.bold_task_bird_run_4_wf.bold_fit_wf.bold_hmc_wf.fsl2itk" in "/work_dir/fmriprep_24_0_wf/sub_29_wf/bold_task_bird_run_4_wf/bold_fit_wf/bold_hmc_wf/fsl2itk".
250329-10:02:52,979 nipype.workflow INFO:
	 [Node] Executing "fsl2itk" <niworkflows.interfaces.itk.MCFLIRT2ITK>
250329-10:02:52,980 nipype.interface WARNING:
	 Multithreading is deprecated. Remove the num_threads input.
250329-10:02:53,251 nipype.workflow INFO:
	 [Node] Finished "fsl2itk", elapsed time 0.270829s.
250329-10:02:54,932 nipype.workflow INFO:
	 [Node] Setting-up "fmriprep_24_0_wf.sub_29_wf.bold_task_bird_run_5_wf.bold_fit_wf.bold_hmc_wf.fsl2itk" in "/work_dir/fmriprep_24_0_wf/sub_29_wf/bold_task_bird_run_5_wf/bold_fit_wf/bold_hmc_wf/fsl2itk".
250329-10:02:55,56 nipype.workflow INFO:
	 [Node] Executing "fsl2itk" <niworkflows.interfaces.itk.MCFLIRT2ITK>
250329-10:02:55,57 nipype.interface WARNING:
	 Multithreading is deprecated. Remove the num_threads input.
250329-10:02:55,333 nipype.workflow INFO:
	 [Node] Finished "fsl2itk", elapsed time 0.275681s.
250329-10:02:56,797 nipype.workflow INFO:
	 [Node] Setting-up "fmriprep_24_0_wf.sub_29_wf.bold_task_bird_run_6_wf.bold_fit_wf.bold_hmc_wf.fsl2itk" in "/work_dir/fmriprep_24_0_wf/sub_29_wf/bold_task_bird_run_6_wf/bold_fit_wf/bold_hmc_wf/fsl2itk".
250329-10:02:56,840 nipype.workflow INFO:
	 [Node] Executing "fsl2itk" <niworkflows.interfaces.itk.MCFLIRT2ITK>
250329-10:02:56,841 nipype.interface WARNING:
	 Multithreading is deprecated. Remove the num_threads input.
250329-10:02:57,121 nipype.workflow INFO:
	 [Node] Finished "fsl2itk", elapsed time 0.279536s.
250329-10:02:58,752 nipype.workflow INFO:
	 [Node] Setting-up "fmriprep_24_0_wf.sub_29_wf.bold_task_bird_run_6_wf.bold_fit_wf.bold_hmc_wf.normalize_motion" in "/work_dir/fmriprep_24_0_wf/sub_29_wf/bold_task_bird_run_6_wf/bold_fit_wf/bold_hmc_wf/normalize_motion".
250329-10:02:58,766 nipype.workflow INFO:
	 [Node] Executing "normalize_motion" <niworkflows.interfaces.confounds.NormalizeMotionParams>
250329-10:02:58,771 nipype.workflow INFO:
	 [Node] Finished "normalize_motion", elapsed time 0.004122s.
250329-10:02:59,370 nipype.workflow INFO:
	 [Node] Setting-up "fmriprep_24_0_wf.sub_29_wf.bold_task_bird_run_2_wf.bold_confounds_wf.fdisp" in "/work_dir/fmriprep_24_0_wf/sub_29_wf/bold_task_bird_run_2_wf/bold_confounds_wf/fdisp".
250329-10:02:59,375 nipype.workflow INFO:
	 [Node] Executing "fdisp" <nipype.algorithms.confounds.FramewiseDisplacement>
250329-10:02:59,379 nipype.workflow INFO:
	 [Node] Finished "fdisp", elapsed time 0.002957s.
250329-10:03:00,149 nipype.workflow INFO:
	 [Node] Setting-up "fmriprep_24_0_wf.sub_29_wf.bold_task_bird_run_5_wf.bold_confounds_wf.fdisp" in "/work_dir/fmriprep_24_0_wf/sub_29_wf/bold_task_bird_run_5_wf/bold_confounds_wf/fdisp".
250329-10:03:00,154 nipype.workflow INFO:
	 [Node] Executing "fdisp" <nipype.algorithms.confounds.FramewiseDisplacement>
250329-10:03:00,158 nipype.workflow INFO:
	 [Node] Finished "fdisp", elapsed time 0.003122s.
250329-10:03:00,754 nipype.workflow INFO:
	 [Node] Setting-up "fmriprep_24_0_wf.sub_29_wf.bold_task_bird_run_1_wf.bold_fit_wf.enhance_and_skullstrip_bold_wf.norm" in "/work_dir/fmriprep_24_0_wf/sub_29_wf/bold_task_bird_run_1_wf/bold_fit_wf/enhance_and_skullstrip_bold_wf/norm".
250329-10:03:00,765 nipype.workflow INFO:
	 [Node] Executing "norm" <niworkflows.interfaces.fixes.FixHeaderRegistration>
250329-10:03:02,364 nipype.workflow INFO:
	 [Node] Finished "norm", elapsed time 1.281207s.
250329-10:03:02,750 nipype.workflow INFO:
	 [Node] Setting-up "fmriprep_24_0_wf.sub_29_wf.bold_task_bird_run_2_wf.bold_fit_wf.enhance_and_skullstrip_bold_wf.norm" in "/work_dir/fmriprep_24_0_wf/sub_29_wf/bold_task_bird_run_2_wf/bold_fit_wf/enhance_and_skullstrip_bold_wf/norm".
250329-10:03:02,756 nipype.workflow INFO:
	 [Node] Executing "norm" <niworkflows.interfaces.fixes.FixHeaderRegistration>
250329-10:03:05,174 nipype.workflow INFO:
	 [Node] Finished "norm", elapsed time 2.1299609999999998s.
250329-10:03:06,754 nipype.workflow INFO:
	 [Node] Setting-up "fmriprep_24_0_wf.sub_29_wf.bold_task_bird_run_3_wf.bold_fit_wf.enhance_and_skullstrip_bold_wf.norm" in "/work_dir/fmriprep_24_0_wf/sub_29_wf/bold_task_bird_run_3_wf/bold_fit_wf/enhance_and_skullstrip_bold_wf/norm".
250329-10:03:06,760 nipype.workflow INFO:
	 [Node] Executing "norm" <niworkflows.interfaces.fixes.FixHeaderRegistration>
250329-10:03:08,341 nipype.workflow INFO:
	 [Node] Finished "norm", elapsed time 1.579929s.
250329-10:03:08,756 nipype.workflow INFO:
	 [Node] Setting-up "fmriprep_24_0_wf.sub_29_wf.bold_task_bird_run_4_wf.bold_fit_wf.enhance_and_skullstrip_bold_wf.norm" in "/work_dir/fmriprep_24_0_wf/sub_29_wf/bold_task_bird_run_4_wf/bold_fit_wf/enhance_and_skullstrip_bold_wf/norm".
250329-10:03:08,765 nipype.workflow INFO:
	 [Node] Executing "norm" <niworkflows.interfaces.fixes.FixHeaderRegistration>
250329-10:03:10,28 nipype.workflow INFO:
	 [Node] Finished "init_aff", elapsed time 122.56172s.
250329-10:03:10,759 nipype.workflow INFO:
	 [Node] Setting-up "fmriprep_24_0_wf.sub_29_wf.bold_task_bird_run_5_wf.bold_fit_wf.enhance_and_skullstrip_bold_wf.norm" in "/work_dir/fmriprep_24_0_wf/sub_29_wf/bold_task_bird_run_5_wf/bold_fit_wf/enhance_and_skullstrip_bold_wf/norm".
250329-10:03:10,765 nipype.workflow INFO:
	 [Node] Executing "norm" <niworkflows.interfaces.fixes.FixHeaderRegistration>
250329-10:03:12,409 nipype.workflow INFO:
	 [Node] Finished "norm", elapsed time 1.642735s.
250329-10:03:12,759 nipype.workflow INFO:
	 [Node] Setting-up "fmriprep_24_0_wf.sub_29_wf.bold_task_bird_run_6_wf.bold_confounds_wf.fdisp" in "/work_dir/fmriprep_24_0_wf/sub_29_wf/bold_task_bird_run_6_wf/bold_confounds_wf/fdisp".
250329-10:03:12,953 nipype.workflow INFO:
	 [Node] Setting-up "fmriprep_24_0_wf.sub_29_wf.bold_task_bird_run_1_wf.bold_fit_wf.enhance_and_skullstrip_bold_wf.map_brainmask" in "/work_dir/fmriprep_24_0_wf/sub_29_wf/bold_task_bird_run_1_wf/bold_fit_wf/enhance_and_skullstrip_bold_wf/map_brainmask".
250329-10:03:12,958 nipype.workflow INFO:
	 [Node] Executing "map_brainmask" <niworkflows.interfaces.fixes.FixHeaderApplyTransforms>
250329-10:03:12,960 nipype.workflow INFO:
	 [Node] Setting-up "fmriprep_24_0_wf.sub_29_wf.bold_task_bird_run_3_wf.bold_fit_wf.enhance_and_skullstrip_bold_wf.map_brainmask" in "/work_dir/fmriprep_24_0_wf/sub_29_wf/bold_task_bird_run_3_wf/bold_fit_wf/enhance_and_skullstrip_bold_wf/map_brainmask".
250329-10:03:12,964 nipype.workflow INFO:
	 [Node] Executing "map_brainmask" <niworkflows.interfaces.fixes.FixHeaderApplyTransforms>
250329-10:03:13,16 nipype.workflow INFO:
	 [Node] Setting-up "fmriprep_24_0_wf.sub_29_wf.bold_task_bird_run_5_wf.bold_fit_wf.enhance_and_skullstrip_bold_wf.map_brainmask" in "/work_dir/fmriprep_24_0_wf/sub_29_wf/bold_task_bird_run_5_wf/bold_fit_wf/enhance_and_skullstrip_bold_wf/map_brainmask".
250329-10:03:13,20 nipype.workflow INFO:
	 [Node] Executing "map_brainmask" <niworkflows.interfaces.fixes.FixHeaderApplyTransforms>
250329-10:03:13,24 nipype.workflow INFO:
	 [Node] Setting-up "fmriprep_24_0_wf.sub_29_wf.bold_task_bird_run_2_wf.bold_fit_wf.enhance_and_skullstrip_bold_wf.map_brainmask" in "/work_dir/fmriprep_24_0_wf/sub_29_wf/bold_task_bird_run_2_wf/bold_fit_wf/enhance_and_skullstrip_bold_wf/map_brainmask".
250329-10:03:13,28 nipype.workflow INFO:
	 [Node] Executing "map_brainmask" <niworkflows.interfaces.fixes.FixHeaderApplyTransforms>
250329-10:03:13,438 nipype.workflow INFO:
	 [Node] Executing "fdisp" <nipype.algorithms.confounds.FramewiseDisplacement>
250329-10:03:13,442 nipype.workflow INFO:
	 [Node] Finished "fdisp", elapsed time 0.002983s.
250329-10:03:14,138 nipype.workflow INFO:
	 [Node] Finished "map_brainmask", elapsed time 0.74382s.
250329-10:03:14,227 nipype.workflow INFO:
	 [Node] Finished "map_brainmask", elapsed time 0.744696s.
250329-10:03:14,230 nipype.workflow INFO:
	 [Node] Finished "map_brainmask", elapsed time 0.8705s.
250329-10:03:14,254 nipype.workflow INFO:
	 [Node] Finished "map_brainmask", elapsed time 0.862527s.
250329-10:03:14,928 nipype.workflow INFO:
	 [Node] Finished "norm", elapsed time 6.162191s.
250329-10:03:15,841 nipype.workflow INFO:
	 [Node] Setting-up "_inu_n40" in "/work_dir/fmriprep_24_0_wf/sub_29_wf/anat_fit_wf/brain_extraction_wf/inu_n4/mapflow/_inu_n40".
250329-10:03:15,843 nipype.workflow INFO:
	 [Node] Executing "_inu_n40" <nipype.interfaces.ants.segmentation.N4BiasFieldCorrection>
250329-10:03:16,756 nipype.workflow INFO:
	 [Node] Setting-up "fmriprep_24_0_wf.sub_29_wf.bold_task_bird_run_1_wf.bold_fit_wf.enhance_and_skullstrip_bold_wf.n4_correct" in "/work_dir/fmriprep_24_0_wf/sub_29_wf/bold_task_bird_run_1_wf/bold_fit_wf/enhance_and_skullstrip_bold_wf/n4_correct".
250329-10:03:16,759 nipype.workflow INFO:
	 [Node] Executing "n4_correct" <niworkflows.interfaces.fixes.FixN4BiasFieldCorrection>
250329-10:03:16,763 nipype.workflow INFO:
	 [Node] Setting-up "fmriprep_24_0_wf.sub_29_wf.bold_task_bird_run_3_wf.bold_fit_wf.enhance_and_skullstrip_bold_wf.n4_correct" in "/work_dir/fmriprep_24_0_wf/sub_29_wf/bold_task_bird_run_3_wf/bold_fit_wf/enhance_and_skullstrip_bold_wf/n4_correct".
250329-10:03:16,765 nipype.workflow INFO:
	 [Node] Setting-up "fmriprep_24_0_wf.sub_29_wf.bold_task_bird_run_2_wf.bold_fit_wf.enhance_and_skullstrip_bold_wf.n4_correct" in "/work_dir/fmriprep_24_0_wf/sub_29_wf/bold_task_bird_run_2_wf/bold_fit_wf/enhance_and_skullstrip_bold_wf/n4_correct".
250329-10:03:16,766 nipype.workflow INFO:
	 [Node] Executing "n4_correct" <niworkflows.interfaces.fixes.FixN4BiasFieldCorrection>
250329-10:03:16,785 nipype.workflow INFO:
	 [Node] Executing "n4_correct" <niworkflows.interfaces.fixes.FixN4BiasFieldCorrection>
250329-10:03:16,825 nipype.workflow INFO:
	 [Node] Setting-up "fmriprep_24_0_wf.sub_29_wf.bold_task_bird_run_4_wf.bold_fit_wf.enhance_and_skullstrip_bold_wf.map_brainmask" in "/work_dir/fmriprep_24_0_wf/sub_29_wf/bold_task_bird_run_4_wf/bold_fit_wf/enhance_and_skullstrip_bold_wf/map_brainmask".
250329-10:03:16,832 nipype.workflow INFO:
	 [Node] Setting-up "fmriprep_24_0_wf.sub_29_wf.bold_task_bird_run_5_wf.bold_fit_wf.enhance_and_skullstrip_bold_wf.n4_correct" in "/work_dir/fmriprep_24_0_wf/sub_29_wf/bold_task_bird_run_5_wf/bold_fit_wf/enhance_and_skullstrip_bold_wf/n4_correct".
250329-10:03:16,836 nipype.workflow INFO:
	 [Node] Executing "n4_correct" <niworkflows.interfaces.fixes.FixN4BiasFieldCorrection>
250329-10:03:16,839 nipype.workflow INFO:
	 [Node] Executing "map_brainmask" <niworkflows.interfaces.fixes.FixHeaderApplyTransforms>
250329-10:03:18,612 nipype.workflow INFO:
	 [Node] Finished "map_brainmask", elapsed time 1.143265s.
250329-10:03:21,39 nipype.workflow INFO:
	 [Node] Finished "n4_correct", elapsed time 3.700381s.
250329-10:03:21,427 nipype.workflow INFO:
	 [Node] Finished "n4_correct", elapsed time 4.032545s.
250329-10:03:21,474 nipype.workflow INFO:
	 [Node] Finished "n4_correct", elapsed time 4.126537s.
250329-10:03:22,789 nipype.workflow INFO:
	 [Node] Setting-up "fmriprep_24_0_wf.sub_29_wf.bold_task_bird_run_1_wf.bold_fit_wf.enhance_and_skullstrip_bold_wf.skullstrip_first_pass" in "/work_dir/fmriprep_24_0_wf/sub_29_wf/bold_task_bird_run_1_wf/bold_fit_wf/enhance_and_skullstrip_bold_wf/skullstrip_first_pass".
250329-10:03:22,793 nipype.workflow INFO:
	 [Node] Executing "skullstrip_first_pass" <nipype.interfaces.fsl.preprocess.BET>
250329-10:03:22,840 nipype.workflow INFO:
	 [Node] Setting-up "fmriprep_24_0_wf.sub_29_wf.bold_task_bird_run_4_wf.bold_fit_wf.enhance_and_skullstrip_bold_wf.n4_correct" in "/work_dir/fmriprep_24_0_wf/sub_29_wf/bold_task_bird_run_4_wf/bold_fit_wf/enhance_and_skullstrip_bold_wf/n4_correct".
250329-10:03:22,843 nipype.workflow INFO:
	 [Node] Executing "n4_correct" <niworkflows.interfaces.fixes.FixN4BiasFieldCorrection>
250329-10:03:22,888 nipype.interface WARNING:
	 Changing /output/sub-29/func/sub-29_task-bird_run-1_desc-coreg_boldref.nii.gz dtype from uint16 to float32
250329-10:03:23,439 nipype.workflow INFO:
	 [Node] Setting-up "fmriprep_24_0_wf.sub_29_wf.bold_task_bird_run_3_wf.bold_fit_wf.enhance_and_skullstrip_bold_wf.skullstrip_first_pass" in "/work_dir/fmriprep_24_0_wf/sub_29_wf/bold_task_bird_run_3_wf/bold_fit_wf/enhance_and_skullstrip_bold_wf/skullstrip_first_pass".
250329-10:03:23,442 nipype.workflow INFO:
	 [Node] Executing "skullstrip_first_pass" <nipype.interfaces.fsl.preprocess.BET>
250329-10:03:23,504 nipype.interface WARNING:
	 Changing /output/sub-29/func/sub-29_task-bird_run-3_desc-coreg_boldref.nii.gz dtype from uint16 to float32
250329-10:03:23,506 nipype.workflow INFO:
	 [Node] Finished "n4_correct", elapsed time 6.719603s.
250329-10:03:24,146 nipype.workflow INFO:
	 [Node] Setting-up "fmriprep_24_0_wf.sub_29_wf.bold_task_bird_run_5_wf.bold_fit_wf.enhance_and_skullstrip_bold_wf.skullstrip_first_pass" in "/work_dir/fmriprep_24_0_wf/sub_29_wf/bold_task_bird_run_5_wf/bold_fit_wf/enhance_and_skullstrip_bold_wf/skullstrip_first_pass".
250329-10:03:24,257 nipype.workflow INFO:
	 [Node] Executing "skullstrip_first_pass" <nipype.interfaces.fsl.preprocess.BET>
250329-10:03:24,269 nipype.interface WARNING:
	 Changing /output/sub-29/func/sub-29_task-bird_run-5_desc-coreg_boldref.nii.gz dtype from uint16 to float32
250329-10:03:24,995 nipype.workflow INFO:
	 [Node] Setting-up "fmriprep_24_0_wf.sub_29_wf.bold_task_bird_run_2_wf.bold_fit_wf.enhance_and_skullstrip_bold_wf.skullstrip_first_pass" in "/work_dir/fmriprep_24_0_wf/sub_29_wf/bold_task_bird_run_2_wf/bold_fit_wf/enhance_and_skullstrip_bold_wf/skullstrip_first_pass".
250329-10:03:24,998 nipype.workflow INFO:
	 [Node] Executing "skullstrip_first_pass" <nipype.interfaces.fsl.preprocess.BET>
250329-10:03:25,94 nipype.interface WARNING:
	 Changing /output/sub-29/func/sub-29_task-bird_run-2_desc-coreg_boldref.nii.gz dtype from uint16 to float32
250329-10:03:25,734 nipype.workflow INFO:
	 [Node] Setting-up "fmriprep_24_0_wf.sub_29_wf.bold_task_bird_run_1_wf.bold_fit_wf.ds_boldreg_wf.sources" in "/work_dir/fmriprep_24_0_wf/sub_29_wf/bold_task_bird_run_1_wf/bold_fit_wf/ds_boldreg_wf/sources".
250329-10:03:25,738 nipype.workflow INFO:
	 [Node] Executing "sources" <fmriprep.interfaces.bids.BIDSURI>
250329-10:03:25,739 nipype.workflow INFO:
	 [Node] Finished "sources", elapsed time 0.000271s.
250329-10:03:25,741 nipype.workflow INFO:
	 [Node] Setting-up "fmriprep_24_0_wf.sub_29_wf.bold_task_bird_run_3_wf.bold_fit_wf.ds_boldreg_wf.sources" in "/work_dir/fmriprep_24_0_wf/sub_29_wf/bold_task_bird_run_3_wf/bold_fit_wf/ds_boldreg_wf/sources".
250329-10:03:25,743 nipype.workflow INFO:
	 [Node] Setting-up "fmriprep_24_0_wf.sub_29_wf.bold_task_bird_run_5_wf.bold_fit_wf.ds_boldreg_wf.sources" in "/work_dir/fmriprep_24_0_wf/sub_29_wf/bold_task_bird_run_5_wf/bold_fit_wf/ds_boldreg_wf/sources".
250329-10:03:25,744 nipype.workflow INFO:
	 [Node] Executing "sources" <fmriprep.interfaces.bids.BIDSURI>
250329-10:03:25,745 nipype.workflow INFO:
	 [Node] Finished "sources", elapsed time 0.000261s.
250329-10:03:25,746 nipype.workflow INFO:
	 [Node] Executing "sources" <fmriprep.interfaces.bids.BIDSURI>
250329-10:03:25,747 nipype.workflow INFO:
	 [Node] Finished "sources", elapsed time 0.000254s.
250329-10:03:26,316 nipype.workflow INFO:
	 [Node] Finished "skullstrip_first_pass", elapsed time 2.8726789999999998s.
250329-10:03:26,555 nipype.workflow INFO:
	 [Node] Finished "skullstrip_first_pass", elapsed time 3.761034s.
250329-10:03:27,21 nipype.workflow INFO:
	 [Node] Setting-up "fmriprep_24_0_wf.sub_29_wf.bold_task_bird_run_2_wf.bold_fit_wf.ds_boldreg_wf.sources" in "/work_dir/fmriprep_24_0_wf/sub_29_wf/bold_task_bird_run_2_wf/bold_fit_wf/ds_boldreg_wf/sources".
250329-10:03:27,24 nipype.workflow INFO:
	 [Node] Executing "sources" <fmriprep.interfaces.bids.BIDSURI>
250329-10:03:27,25 nipype.workflow INFO:
	 [Node] Finished "sources", elapsed time 0.000273s.
250329-10:03:27,27 nipype.workflow INFO:
	 [Node] Setting-up "fmriprep_24_0_wf.sub_29_wf.bold_task_bird_run_3_wf.bold_fit_wf.enhance_and_skullstrip_bold_wf.first_dilate" in "/work_dir/fmriprep_24_0_wf/sub_29_wf/bold_task_bird_run_3_wf/bold_fit_wf/enhance_and_skullstrip_bold_wf/first_dilate".
250329-10:03:27,29 nipype.workflow INFO:
	 [Node] Executing "first_dilate" <niworkflows.interfaces.nibabel.BinaryDilation>
250329-10:03:27,32 nipype.workflow INFO:
	 [Node] Setting-up "fmriprep_24_0_wf.sub_29_wf.bold_task_bird_run_1_wf.bold_fit_wf.enhance_and_skullstrip_bold_wf.first_dilate" in "/work_dir/fmriprep_24_0_wf/sub_29_wf/bold_task_bird_run_1_wf/bold_fit_wf/enhance_and_skullstrip_bold_wf/first_dilate".
250329-10:03:27,34 nipype.workflow INFO:
	 [Node] Executing "first_dilate" <niworkflows.interfaces.nibabel.BinaryDilation>
250329-10:03:27,761 nipype.workflow INFO:
	 [Node] Finished "skullstrip_first_pass", elapsed time 3.502881s.
250329-10:03:27,875 nipype.workflow INFO:
	 [Node] Finished "skullstrip_first_pass", elapsed time 2.876343s.
250329-10:03:27,972 nipype.workflow INFO:
	 [Node] Finished "first_dilate", elapsed time 0.937899s.
250329-10:03:28,159 nipype.workflow INFO:
	 [Node] Finished "first_dilate", elapsed time 1.129098s.
250329-10:03:29,38 nipype.workflow INFO:
	 [Node] Setting-up "fmriprep_24_0_wf.sub_29_wf.bold_task_bird_run_2_wf.bold_fit_wf.enhance_and_skullstrip_bold_wf.first_dilate" in "/work_dir/fmriprep_24_0_wf/sub_29_wf/bold_task_bird_run_2_wf/bold_fit_wf/enhance_and_skullstrip_bold_wf/first_dilate".
250329-10:03:29,39 nipype.workflow INFO:
	 [Node] Setting-up "fmriprep_24_0_wf.sub_29_wf.bold_task_bird_run_5_wf.bold_fit_wf.enhance_and_skullstrip_bold_wf.first_dilate" in "/work_dir/fmriprep_24_0_wf/sub_29_wf/bold_task_bird_run_5_wf/bold_fit_wf/enhance_and_skullstrip_bold_wf/first_dilate".
250329-10:03:29,42 nipype.workflow INFO:
	 [Node] Executing "first_dilate" <niworkflows.interfaces.nibabel.BinaryDilation>
250329-10:03:29,45 nipype.workflow INFO:
	 [Node] Executing "first_dilate" <niworkflows.interfaces.nibabel.BinaryDilation>
250329-10:03:29,66 nipype.workflow INFO:
	 [Node] Setting-up "fmriprep_24_0_wf.sub_29_wf.bold_task_bird_run_3_wf.bold_fit_wf.enhance_and_skullstrip_bold_wf.first_mask" in "/work_dir/fmriprep_24_0_wf/sub_29_wf/bold_task_bird_run_3_wf/bold_fit_wf/enhance_and_skullstrip_bold_wf/first_mask".
250329-10:03:29,67 nipype.workflow INFO:
	 [Node] Setting-up "fmriprep_24_0_wf.sub_29_wf.bold_task_bird_run_1_wf.bold_fit_wf.enhance_and_skullstrip_bold_wf.first_mask" in "/work_dir/fmriprep_24_0_wf/sub_29_wf/bold_task_bird_run_1_wf/bold_fit_wf/enhance_and_skullstrip_bold_wf/first_mask".
250329-10:03:29,69 nipype.workflow INFO:
	 [Node] Executing "first_mask" <niworkflows.interfaces.nibabel.ApplyMask>
250329-10:03:29,71 nipype.workflow INFO:
	 [Node] Executing "first_mask" <niworkflows.interfaces.nibabel.ApplyMask>
250329-10:03:29,239 nipype.workflow INFO:
	 [Node] Finished "first_mask", elapsed time 0.167219s.
250329-10:03:29,298 nipype.workflow INFO:
	 [Node] Finished "first_mask", elapsed time 0.227993s.
250329-10:03:29,747 nipype.workflow INFO:
	 [Node] Finished "n4_correct", elapsed time 6.423326s.
250329-10:03:29,853 nipype.workflow INFO:
	 [Node] Finished "first_dilate", elapsed time 0.807534s.
250329-10:03:30,18 nipype.workflow INFO:
	 [Node] Finished "first_dilate", elapsed time 0.975668s.
250329-10:03:31,69 nipype.interface WARNING:
	 Changing /output/sub-29/func/sub-29_task-bird_run-4_desc-coreg_boldref.nii.gz dtype from uint16 to float32
250329-10:03:31,155 nipype.workflow INFO:
	 [Node] Setting-up "fmriprep_24_0_wf.sub_29_wf.bold_task_bird_run_4_wf.bold_fit_wf.enhance_and_skullstrip_bold_wf.skullstrip_first_pass" in "/work_dir/fmriprep_24_0_wf/sub_29_wf/bold_task_bird_run_4_wf/bold_fit_wf/enhance_and_skullstrip_bold_wf/skullstrip_first_pass".
250329-10:03:31,158 nipype.workflow INFO:
	 [Node] Executing "skullstrip_first_pass" <nipype.interfaces.fsl.preprocess.BET>
250329-10:03:31,492 nipype.workflow INFO:
	 [Node] Setting-up "fmriprep_24_0_wf.sub_29_wf.bold_task_bird_run_2_wf.bold_fit_wf.enhance_and_skullstrip_bold_wf.first_mask" in "/work_dir/fmriprep_24_0_wf/sub_29_wf/bold_task_bird_run_2_wf/bold_fit_wf/enhance_and_skullstrip_bold_wf/first_mask".
250329-10:03:31,500 nipype.workflow INFO:
	 [Node] Setting-up "fmriprep_24_0_wf.sub_29_wf.bold_task_bird_run_5_wf.bold_fit_wf.enhance_and_skullstrip_bold_wf.first_mask" in "/work_dir/fmriprep_24_0_wf/sub_29_wf/bold_task_bird_run_5_wf/bold_fit_wf/enhance_and_skullstrip_bold_wf/first_mask".
250329-10:03:31,619 nipype.workflow INFO:
	 [Node] Setting-up "fmriprep_24_0_wf.sub_29_wf.bold_task_bird_run_1_wf.bold_fit_wf.enhance_and_skullstrip_bold_wf.unifize" in "/work_dir/fmriprep_24_0_wf/sub_29_wf/bold_task_bird_run_1_wf/bold_fit_wf/enhance_and_skullstrip_bold_wf/unifize".
250329-10:03:31,633 nipype.workflow INFO:
	 [Node] Setting-up "fmriprep_24_0_wf.sub_29_wf.bold_task_bird_run_3_wf.bold_fit_wf.enhance_and_skullstrip_bold_wf.unifize" in "/work_dir/fmriprep_24_0_wf/sub_29_wf/bold_task_bird_run_3_wf/bold_fit_wf/enhance_and_skullstrip_bold_wf/unifize".
250329-10:03:31,634 nipype.workflow INFO:
	 [Node] Executing "unifize" <nipype.interfaces.afni.utils.Unifize>
250329-10:03:31,644 nipype.workflow INFO:
	 [Node] Executing "unifize" <nipype.interfaces.afni.utils.Unifize>
250329-10:03:31,647 nipype.workflow INFO:
	 [Node] Executing "first_mask" <niworkflows.interfaces.nibabel.ApplyMask>
250329-10:03:31,661 nipype.workflow INFO:
	 [Node] Executing "first_mask" <niworkflows.interfaces.nibabel.ApplyMask>
250329-10:03:31,782 nipype.workflow INFO:
	 [Node] Finished "first_mask", elapsed time 0.120591s.
250329-10:03:31,833 nipype.workflow INFO:
	 [Node] Finished "first_mask", elapsed time 0.185156s.
250329-10:03:33,34 nipype.workflow INFO:
	 [Node] Setting-up "fmriprep_24_0_wf.sub_29_wf.bold_task_bird_run_4_wf.bold_fit_wf.ds_boldreg_wf.sources" in "/work_dir/fmriprep_24_0_wf/sub_29_wf/bold_task_bird_run_4_wf/bold_fit_wf/ds_boldreg_wf/sources".
250329-10:03:33,37 nipype.workflow INFO:
	 [Node] Executing "sources" <fmriprep.interfaces.bids.BIDSURI>
250329-10:03:33,38 nipype.workflow INFO:
	 [Node] Finished "sources", elapsed time 0.000262s.
250329-10:03:33,39 nipype.workflow INFO:
	 [Node] Setting-up "fmriprep_24_0_wf.sub_29_wf.bold_task_bird_run_2_wf.bold_fit_wf.enhance_and_skullstrip_bold_wf.unifize" in "/work_dir/fmriprep_24_0_wf/sub_29_wf/bold_task_bird_run_2_wf/bold_fit_wf/enhance_and_skullstrip_bold_wf/unifize".
250329-10:03:33,43 nipype.workflow INFO:
	 [Node] Setting-up "fmriprep_24_0_wf.sub_29_wf.bold_task_bird_run_5_wf.bold_fit_wf.enhance_and_skullstrip_bold_wf.unifize" in "/work_dir/fmriprep_24_0_wf/sub_29_wf/bold_task_bird_run_5_wf/bold_fit_wf/enhance_and_skullstrip_bold_wf/unifize".
250329-10:03:33,57 nipype.workflow INFO:
	 [Node] Executing "unifize" <nipype.interfaces.afni.utils.Unifize>
250329-10:03:33,57 nipype.workflow INFO:
	 [Node] Executing "unifize" <nipype.interfaces.afni.utils.Unifize>
250329-10:03:34,37 nipype.workflow INFO:
	 [Node] Finished "skullstrip_first_pass", elapsed time 2.8778s.
250329-10:03:34,992 nipype.workflow INFO:
	 [Node] Setting-up "fmriprep_24_0_wf.sub_29_wf.bold_task_bird_run_4_wf.bold_fit_wf.enhance_and_skullstrip_bold_wf.first_dilate" in "/work_dir/fmriprep_24_0_wf/sub_29_wf/bold_task_bird_run_4_wf/bold_fit_wf/enhance_and_skullstrip_bold_wf/first_dilate".
250329-10:03:34,995 nipype.workflow INFO:
	 [Node] Executing "first_dilate" <niworkflows.interfaces.nibabel.BinaryDilation>
250329-10:03:36,82 nipype.workflow INFO:
	 [Node] Finished "first_dilate", elapsed time 1.087026s.
250329-10:03:37,141 nipype.workflow INFO:
	 [Node] Setting-up "fmriprep_24_0_wf.sub_29_wf.bold_task_bird_run_4_wf.bold_fit_wf.enhance_and_skullstrip_bold_wf.first_mask" in "/work_dir/fmriprep_24_0_wf/sub_29_wf/bold_task_bird_run_4_wf/bold_fit_wf/enhance_and_skullstrip_bold_wf/first_mask".
250329-10:03:37,144 nipype.workflow INFO:
	 [Node] Executing "first_mask" <niworkflows.interfaces.nibabel.ApplyMask>
250329-10:03:37,237 nipype.workflow INFO:
	 [Node] Finished "first_mask", elapsed time 0.092649s.
250329-10:03:39,368 nipype.workflow INFO:
	 [Node] Setting-up "fmriprep_24_0_wf.sub_29_wf.bold_task_bird_run_4_wf.bold_fit_wf.enhance_and_skullstrip_bold_wf.unifize" in "/work_dir/fmriprep_24_0_wf/sub_29_wf/bold_task_bird_run_4_wf/bold_fit_wf/enhance_and_skullstrip_bold_wf/unifize".
250329-10:03:39,397 nipype.workflow INFO:
	 [Node] Executing "unifize" <nipype.interfaces.afni.utils.Unifize>
250329-10:03:42,236 nipype.workflow INFO:
	 [Node] Finished "init_aff", elapsed time 112.621406s.
250329-10:03:42,990 nipype.workflow INFO:
	 [Node] Setting-up "fmriprep_24_0_wf.sub_29_wf.bold_task_bird_run_6_wf.bold_fit_wf.enhance_and_skullstrip_bold_wf.norm" in "/work_dir/fmriprep_24_0_wf/sub_29_wf/bold_task_bird_run_6_wf/bold_fit_wf/enhance_and_skullstrip_bold_wf/norm".
250329-10:03:42,998 nipype.workflow INFO:
	 [Node] Executing "norm" <niworkflows.interfaces.fixes.FixHeaderRegistration>
250329-10:03:47,142 nipype.workflow INFO:
	 [Node] Finished "norm", elapsed time 4.143002s.
250329-10:03:48,979 nipype.workflow INFO:
	 [Node] Setting-up "fmriprep_24_0_wf.sub_29_wf.bold_task_bird_run_6_wf.bold_fit_wf.enhance_and_skullstrip_bold_wf.map_brainmask" in "/work_dir/fmriprep_24_0_wf/sub_29_wf/bold_task_bird_run_6_wf/bold_fit_wf/enhance_and_skullstrip_bold_wf/map_brainmask".
250329-10:03:48,984 nipype.workflow INFO:
	 [Node] Executing "map_brainmask" <niworkflows.interfaces.fixes.FixHeaderApplyTransforms>
250329-10:03:49,813 nipype.workflow INFO:
	 [Node] Finished "map_brainmask", elapsed time 0.828764s.
250329-10:03:49,919 nipype.workflow INFO:
	 [Node] Setting-up "fmriprep_24_0_wf.sub_29_wf.bold_task_bird_run_1_wf.bold_native_wf.boldref_bold" in "/work_dir/fmriprep_24_0_wf/sub_29_wf/bold_task_bird_run_1_wf/bold_native_wf/boldref_bold".
250329-10:03:49,989 nipype.workflow INFO:
	 [Node] Executing "boldref_bold" <fmriprep.interfaces.resampling.ResampleSeries>
250329-10:03:53,153 nipype.workflow INFO:
	 [Node] Setting-up "fmriprep_24_0_wf.sub_29_wf.bold_task_bird_run_6_wf.bold_fit_wf.enhance_and_skullstrip_bold_wf.n4_correct" in "/work_dir/fmriprep_24_0_wf/sub_29_wf/bold_task_bird_run_6_wf/bold_fit_wf/enhance_and_skullstrip_bold_wf/n4_correct".
250329-10:03:53,156 nipype.workflow INFO:
	 [Node] Executing "n4_correct" <niworkflows.interfaces.fixes.FixN4BiasFieldCorrection>
250329-10:04:03,857 nipype.workflow INFO:
	 [Node] Finished "n4_correct", elapsed time 10.110238s.
250329-10:04:05,526 nipype.workflow INFO:
	 [Node] Setting-up "fmriprep_24_0_wf.sub_29_wf.bold_task_bird_run_6_wf.bold_fit_wf.enhance_and_skullstrip_bold_wf.skullstrip_first_pass" in "/work_dir/fmriprep_24_0_wf/sub_29_wf/bold_task_bird_run_6_wf/bold_fit_wf/enhance_and_skullstrip_bold_wf/skullstrip_first_pass".
250329-10:04:05,530 nipype.workflow INFO:
	 [Node] Executing "skullstrip_first_pass" <nipype.interfaces.fsl.preprocess.BET>
250329-10:04:05,707 nipype.interface WARNING:
	 Changing /output/sub-29/func/sub-29_task-bird_run-6_desc-coreg_boldref.nii.gz dtype from uint16 to float32
250329-10:04:07,600 nipype.workflow INFO:
	 [Node] Setting-up "fmriprep_24_0_wf.sub_29_wf.bold_task_bird_run_6_wf.bold_fit_wf.ds_boldreg_wf.sources" in "/work_dir/fmriprep_24_0_wf/sub_29_wf/bold_task_bird_run_6_wf/bold_fit_wf/ds_boldreg_wf/sources".
250329-10:04:07,603 nipype.workflow INFO:
	 [Node] Executing "sources" <fmriprep.interfaces.bids.BIDSURI>
250329-10:04:07,604 nipype.workflow INFO:
	 [Node] Finished "sources", elapsed time 0.000251s.
250329-10:04:09,812 nipype.workflow INFO:
	 [Node] Finished "skullstrip_first_pass", elapsed time 4.280817s.
250329-10:04:11,408 nipype.workflow INFO:
	 [Node] Setting-up "fmriprep_24_0_wf.sub_29_wf.bold_task_bird_run_6_wf.bold_fit_wf.enhance_and_skullstrip_bold_wf.first_dilate" in "/work_dir/fmriprep_24_0_wf/sub_29_wf/bold_task_bird_run_6_wf/bold_fit_wf/enhance_and_skullstrip_bold_wf/first_dilate".
250329-10:04:11,411 nipype.workflow INFO:
	 [Node] Executing "first_dilate" <niworkflows.interfaces.nibabel.BinaryDilation>
250329-10:04:12,850 nipype.workflow INFO:
	 [Node] Finished "first_dilate", elapsed time 1.437892s.
250329-10:04:13,408 nipype.workflow INFO:
	 [Node] Setting-up "fmriprep_24_0_wf.sub_29_wf.bold_task_bird_run_6_wf.bold_fit_wf.enhance_and_skullstrip_bold_wf.first_mask" in "/work_dir/fmriprep_24_0_wf/sub_29_wf/bold_task_bird_run_6_wf/bold_fit_wf/enhance_and_skullstrip_bold_wf/first_mask".
250329-10:04:13,411 nipype.workflow INFO:
	 [Node] Executing "first_mask" <niworkflows.interfaces.nibabel.ApplyMask>
250329-10:04:13,596 nipype.workflow INFO:
	 [Node] Finished "first_mask", elapsed time 0.184431s.
250329-10:04:15,470 nipype.workflow INFO:
	 [Node] Setting-up "fmriprep_24_0_wf.sub_29_wf.bold_task_bird_run_6_wf.bold_fit_wf.enhance_and_skullstrip_bold_wf.unifize" in "/work_dir/fmriprep_24_0_wf/sub_29_wf/bold_task_bird_run_6_wf/bold_fit_wf/enhance_and_skullstrip_bold_wf/unifize".
250329-10:04:15,479 nipype.workflow INFO:
	 [Node] Executing "unifize" <nipype.interfaces.afni.utils.Unifize>
250329-10:04:55,844 nipype.workflow INFO:
	 [Node] Finished "_inu_n40", elapsed time 99.725031s.
250329-10:04:57,225 nipype.workflow INFO:
	 [Node] Setting-up "fmriprep_24_0_wf.sub_29_wf.anat_fit_wf.brain_extraction_wf.res_target" in "/work_dir/fmriprep_24_0_wf/sub_29_wf/anat_fit_wf/brain_extraction_wf/res_target".
250329-10:04:57,228 nipype.workflow INFO:
	 [Node] Executing "res_target" <niworkflows.interfaces.nibabel.RegridToZooms>
250329-10:04:57,230 nipype.workflow INFO:
	 [Node] Setting-up "fmriprep_24_0_wf.sub_29_wf.anat_fit_wf.brain_extraction_wf.lap_target" in "/work_dir/fmriprep_24_0_wf/sub_29_wf/anat_fit_wf/brain_extraction_wf/lap_target".
250329-10:04:57,233 nipype.workflow INFO:
	 [Node] Executing "lap_target" <nipype.interfaces.ants.utils.ImageMath>
250329-10:04:57,379 nipype.workflow INFO:
	 [Node] Setting-up "fmriprep_24_0_wf.sub_29_wf.bold_task_bird_run_2_wf.bold_native_wf.boldref_bold" in "/work_dir/fmriprep_24_0_wf/sub_29_wf/bold_task_bird_run_2_wf/bold_native_wf/boldref_bold".
250329-10:04:57,388 nipype.workflow INFO:
	 [Node] Executing "boldref_bold" <fmriprep.interfaces.resampling.ResampleSeries>
250329-10:04:59,858 nipype.workflow INFO:
	 [Node] Finished "res_target", elapsed time 2.6296530000000002s.
250329-10:05:00,311 nipype.workflow INFO:
	 [Node] Finished "boldref_bold", elapsed time 70.320501s.
250329-10:05:01,415 nipype.workflow INFO:
	 [Node] Setting-up "fmriprep_24_0_wf.sub_29_wf.anat_fit_wf.brain_extraction_wf.init_aff" in "/work_dir/fmriprep_24_0_wf/sub_29_wf/anat_fit_wf/brain_extraction_wf/init_aff".
250329-10:05:01,418 nipype.workflow INFO:
	 [Node] Setting-up "fmriprep_24_0_wf.sub_29_wf.bold_task_bird_run_1_wf.ds_bold_native_wf.ds_bold" in "/work_dir/fmriprep_24_0_wf/sub_29_wf/bold_task_bird_run_1_wf/ds_bold_native_wf/ds_bold".
250329-10:05:01,420 nipype.workflow INFO:
	 [Node] Executing "init_aff" <nipype.interfaces.ants.utils.AI>
250329-10:05:01,551 nipype.workflow INFO:
	 [Node] Executing "ds_bold" <fmriprep.interfaces.DerivativesDataSink>
250329-10:05:15,738 nipype.workflow INFO:
	 [Node] Finished "lap_target", elapsed time 18.503401s.
250329-10:05:17,700 nipype.workflow INFO:
	 [Node] Setting-up "fmriprep_24_0_wf.sub_29_wf.anat_fit_wf.brain_extraction_wf.mrg_target" in "/work_dir/fmriprep_24_0_wf/sub_29_wf/anat_fit_wf/brain_extraction_wf/mrg_target".
250329-10:05:17,703 nipype.workflow INFO:
	 [Node] Executing "mrg_target" <nipype.interfaces.utility.base.Merge>
250329-10:05:17,704 nipype.workflow INFO:
	 [Node] Finished "mrg_target", elapsed time 0.000232s.
250329-10:06:07,792 nipype.workflow INFO:
	 [Node] Finished "init_aff", elapsed time 65.73707s.
250329-10:06:11,616 nipype.workflow INFO:
	 [Node] Setting-up "fmriprep_24_0_wf.sub_29_wf.bold_task_bird_run_3_wf.bold_native_wf.boldref_bold" in "/work_dir/fmriprep_24_0_wf/sub_29_wf/bold_task_bird_run_3_wf/bold_native_wf/boldref_bold".
250329-10:06:11,620 nipype.workflow INFO:
	 [Node] Executing "boldref_bold" <fmriprep.interfaces.resampling.ResampleSeries>
250329-10:06:16,31 nipype.workflow INFO:
	 [Node] Finished "ds_bold", elapsed time 74.477943s.
250329-10:06:29,336 nipype.workflow INFO:
	 [Node] Finished "boldref_bold", elapsed time 91.941429s.
250329-10:06:31,463 nipype.workflow INFO:
	 [Node] Setting-up "fmriprep_24_0_wf.sub_29_wf.bold_task_bird_run_2_wf.ds_bold_native_wf.ds_bold" in "/work_dir/fmriprep_24_0_wf/sub_29_wf/bold_task_bird_run_2_wf/ds_bold_native_wf/ds_bold".
250329-10:06:31,632 nipype.workflow INFO:
	 [Node] Setting-up "fmriprep_24_0_wf.sub_29_wf.bold_task_bird_run_4_wf.bold_native_wf.boldref_bold" in "/work_dir/fmriprep_24_0_wf/sub_29_wf/bold_task_bird_run_4_wf/bold_native_wf/boldref_bold".
250329-10:06:31,637 nipype.workflow INFO:
	 [Node] Executing "boldref_bold" <fmriprep.interfaces.resampling.ResampleSeries>
250329-10:06:31,648 nipype.workflow INFO:
	 [Node] Executing "ds_bold" <fmriprep.interfaces.DerivativesDataSink>
250329-10:07:32,706 nipype.workflow INFO:
	 [Node] Finished "boldref_bold", elapsed time 81.083839s.
250329-10:07:33,379 nipype.workflow INFO:
	 [Node] Setting-up "fmriprep_24_0_wf.sub_29_wf.bold_task_bird_run_3_wf.ds_bold_native_wf.ds_bold" in "/work_dir/fmriprep_24_0_wf/sub_29_wf/bold_task_bird_run_3_wf/ds_bold_native_wf/ds_bold".
250329-10:07:33,714 nipype.workflow INFO:
	 [Node] Executing "ds_bold" <fmriprep.interfaces.DerivativesDataSink>
250329-10:07:33,834 nipype.workflow INFO:
	 [Node] Setting-up "fmriprep_24_0_wf.sub_29_wf.bold_task_bird_run_5_wf.bold_native_wf.boldref_bold" in "/work_dir/fmriprep_24_0_wf/sub_29_wf/bold_task_bird_run_5_wf/bold_native_wf/boldref_bold".
250329-10:07:33,838 nipype.workflow INFO:
	 [Node] Executing "boldref_bold" <fmriprep.interfaces.resampling.ResampleSeries>
250329-10:07:52,172 nipype.workflow INFO:
	 [Node] Finished "ds_bold", elapsed time 80.523312s.
250329-10:08:04,761 nipype.workflow INFO:
	 [Node] Finished "boldref_bold", elapsed time 93.122429s.
250329-10:08:05,575 nipype.workflow INFO:
	 [Node] Setting-up "fmriprep_24_0_wf.sub_29_wf.bold_task_bird_run_4_wf.ds_bold_native_wf.ds_bold" in "/work_dir/fmriprep_24_0_wf/sub_29_wf/bold_task_bird_run_4_wf/ds_bold_native_wf/ds_bold".
250329-10:08:06,290 nipype.workflow INFO:
	 [Node] Setting-up "fmriprep_24_0_wf.sub_29_wf.bold_task_bird_run_6_wf.bold_native_wf.boldref_bold" in "/work_dir/fmriprep_24_0_wf/sub_29_wf/bold_task_bird_run_6_wf/bold_native_wf/boldref_bold".
250329-10:08:06,295 nipype.workflow INFO:
	 [Node] Executing "boldref_bold" <fmriprep.interfaces.resampling.ResampleSeries>
250329-10:08:06,303 nipype.workflow INFO:
	 [Node] Executing "ds_bold" <fmriprep.interfaces.DerivativesDataSink>
250329-10:08:53,154 nipype.workflow INFO:
	 [Node] Finished "ds_bold", elapsed time 79.439024s.
250329-10:09:05,289 nipype.workflow INFO:
	 [Node] Finished "boldref_bold", elapsed time 91.449413s.
250329-10:09:07,394 nipype.workflow INFO:
	 [Node] Setting-up "fmriprep_24_0_wf.sub_29_wf.anat_fit_wf.brain_extraction_wf.norm" in "/work_dir/fmriprep_24_0_wf/sub_29_wf/anat_fit_wf/brain_extraction_wf/norm".
250329-10:09:07,405 nipype.workflow INFO:
	 [Node] Executing "norm" <niworkflows.interfaces.fixes.FixHeaderRegistration>
250329-10:09:09,634 nipype.workflow INFO:
	 [Node] Setting-up "fmriprep_24_0_wf.sub_29_wf.bold_task_bird_run_5_wf.ds_bold_native_wf.ds_bold" in "/work_dir/fmriprep_24_0_wf/sub_29_wf/bold_task_bird_run_5_wf/ds_bold_native_wf/ds_bold".
250329-10:09:10,25 nipype.workflow INFO:
	 [Node] Executing "ds_bold" <fmriprep.interfaces.DerivativesDataSink>
250329-10:09:13,932 nipype.workflow INFO:
	 [Node] Finished "ds_bold", elapsed time 67.628183s.
250329-10:09:34,901 nipype.workflow INFO:
	 [Node] Finished "boldref_bold", elapsed time 88.60404s.
250329-10:09:35,531 nipype.workflow INFO:
	 [Node] Setting-up "fmriprep_24_0_wf.sub_29_wf.bold_task_bird_run_6_wf.ds_bold_native_wf.ds_bold" in "/work_dir/fmriprep_24_0_wf/sub_29_wf/bold_task_bird_run_6_wf/ds_bold_native_wf/ds_bold".
250329-10:09:36,28 nipype.workflow INFO:
	 [Node] Executing "ds_bold" <fmriprep.interfaces.DerivativesDataSink>
250329-10:10:09,646 nipype.workflow INFO:
	 [Node] Finished "ds_bold", elapsed time 59.619848s.
250329-10:10:45,670 nipype.workflow INFO:
	 [Node] Finished "ds_bold", elapsed time 69.64093s.
250329-10:13:27,958 nipype.workflow INFO:
	 [Node] Finished "unifize", elapsed time 596.323262s.
250329-10:13:29,67 nipype.workflow INFO:
	 [Node] Finished "unifize", elapsed time 597.422305s.
250329-10:13:29,266 nipype.workflow INFO:
	 [Node] Setting-up "fmriprep_24_0_wf.sub_29_wf.bold_task_bird_run_1_wf.bold_fit_wf.enhance_and_skullstrip_bold_wf.fixhdr_unifize" in "/work_dir/fmriprep_24_0_wf/sub_29_wf/bold_task_bird_run_1_wf/bold_fit_wf/enhance_and_skullstrip_bold_wf/fixhdr_unifize".
250329-10:13:29,269 nipype.workflow INFO:
	 [Node] Setting-up "fmriprep_24_0_wf.sub_29_wf.bold_task_bird_run_3_wf.bold_fit_wf.enhance_and_skullstrip_bold_wf.fixhdr_unifize" in "/work_dir/fmriprep_24_0_wf/sub_29_wf/bold_task_bird_run_3_wf/bold_fit_wf/enhance_and_skullstrip_bold_wf/fixhdr_unifize".
250329-10:13:29,269 nipype.workflow INFO:
	 [Node] Executing "fixhdr_unifize" <niworkflows.interfaces.header.CopyXForm>
250329-10:13:29,271 nipype.workflow INFO:
	 [Node] Executing "fixhdr_unifize" <niworkflows.interfaces.header.CopyXForm>
250329-10:13:29,415 nipype.workflow INFO:
	 [Node] Finished "fixhdr_unifize", elapsed time 0.143091s.
250329-10:13:29,493 nipype.workflow INFO:
	 [Node] Finished "fixhdr_unifize", elapsed time 0.223889s.
250329-10:13:31,254 nipype.workflow INFO:
	 [Node] Setting-up "fmriprep_24_0_wf.sub_29_wf.bold_task_bird_run_1_wf.bold_fit_wf.enhance_and_skullstrip_bold_wf.skullstrip_second_pass" in "/work_dir/fmriprep_24_0_wf/sub_29_wf/bold_task_bird_run_1_wf/bold_fit_wf/enhance_and_skullstrip_bold_wf/skullstrip_second_pass".
250329-10:13:31,257 nipype.workflow INFO:
	 [Node] Executing "skullstrip_second_pass" <nipype.interfaces.afni.preprocess.Automask>
250329-10:13:31,383 nipype.workflow INFO:
	 [Node] Setting-up "fmriprep_24_0_wf.sub_29_wf.bold_task_bird_run_3_wf.bold_fit_wf.enhance_and_skullstrip_bold_wf.skullstrip_second_pass" in "/work_dir/fmriprep_24_0_wf/sub_29_wf/bold_task_bird_run_3_wf/bold_fit_wf/enhance_and_skullstrip_bold_wf/skullstrip_second_pass".
250329-10:13:31,400 nipype.workflow INFO:
	 [Node] Executing "skullstrip_second_pass" <nipype.interfaces.afni.preprocess.Automask>
250329-10:13:32,86 nipype.workflow INFO:
	 [Node] Finished "skullstrip_second_pass", elapsed time 0.827841s.
250329-10:13:32,193 nipype.workflow INFO:
	 [Node] Finished "skullstrip_second_pass", elapsed time 0.790199s.
250329-10:13:33,249 nipype.workflow INFO:
	 [Node] Setting-up "fmriprep_24_0_wf.sub_29_wf.bold_task_bird_run_1_wf.bold_fit_wf.enhance_and_skullstrip_bold_wf.fixhdr_skullstrip2" in "/work_dir/fmriprep_24_0_wf/sub_29_wf/bold_task_bird_run_1_wf/bold_fit_wf/enhance_and_skullstrip_bold_wf/fixhdr_skullstrip2".
250329-10:13:33,250 nipype.workflow INFO:
	 [Node] Setting-up "fmriprep_24_0_wf.sub_29_wf.bold_task_bird_run_3_wf.bold_fit_wf.enhance_and_skullstrip_bold_wf.fixhdr_skullstrip2" in "/work_dir/fmriprep_24_0_wf/sub_29_wf/bold_task_bird_run_3_wf/bold_fit_wf/enhance_and_skullstrip_bold_wf/fixhdr_skullstrip2".
250329-10:13:33,253 nipype.workflow INFO:
	 [Node] Executing "fixhdr_skullstrip2" <niworkflows.interfaces.header.CopyXForm>
250329-10:13:33,299 nipype.workflow INFO:
	 [Node] Finished "fixhdr_skullstrip2", elapsed time 0.045s.
250329-10:13:33,304 nipype.workflow INFO:
	 [Node] Executing "fixhdr_skullstrip2" <niworkflows.interfaces.header.CopyXForm>
250329-10:13:33,353 nipype.workflow INFO:
	 [Node] Finished "fixhdr_skullstrip2", elapsed time 0.048184s.
250329-10:13:35,251 nipype.workflow INFO:
	 [Node] Setting-up "fmriprep_24_0_wf.sub_29_wf.bold_task_bird_run_1_wf.bold_fit_wf.enhance_and_skullstrip_bold_wf.combine_masks" in "/work_dir/fmriprep_24_0_wf/sub_29_wf/bold_task_bird_run_1_wf/bold_fit_wf/enhance_and_skullstrip_bold_wf/combine_masks".
250329-10:13:35,253 nipype.workflow INFO:
	 [Node] Setting-up "fmriprep_24_0_wf.sub_29_wf.bold_task_bird_run_3_wf.bold_fit_wf.enhance_and_skullstrip_bold_wf.combine_masks" in "/work_dir/fmriprep_24_0_wf/sub_29_wf/bold_task_bird_run_3_wf/bold_fit_wf/enhance_and_skullstrip_bold_wf/combine_masks".
250329-10:13:35,257 nipype.workflow INFO:
	 [Node] Executing "combine_masks" <nipype.interfaces.fsl.maths.BinaryMaths>
250329-10:13:35,261 nipype.workflow INFO:
	 [Node] Executing "combine_masks" <nipype.interfaces.fsl.maths.BinaryMaths>
250329-10:13:35,494 nipype.workflow INFO:
	 [Node] Finished "combine_masks", elapsed time 0.232513s.
250329-10:13:35,605 nipype.workflow INFO:
	 [Node] Finished "combine_masks", elapsed time 0.346507s.
250329-10:13:37,252 nipype.workflow INFO:
	 [Node] Setting-up "fmriprep_24_0_wf.sub_29_wf.bold_task_bird_run_1_wf.bold_fit_wf.enhance_and_skullstrip_bold_wf.apply_mask" in "/work_dir/fmriprep_24_0_wf/sub_29_wf/bold_task_bird_run_1_wf/bold_fit_wf/enhance_and_skullstrip_bold_wf/apply_mask".
250329-10:13:37,255 nipype.workflow INFO:
	 [Node] Executing "apply_mask" <niworkflows.interfaces.nibabel.ApplyMask>
250329-10:13:37,355 nipype.interface WARNING:
	 Changing /output/sub-29/func/sub-29_task-bird_run-1_desc-brain_mask.nii.gz dtype from float32 to uint8
250329-10:13:37,386 nipype.workflow INFO:
	 [Node] Finished "apply_mask", elapsed time 0.129916s.
250329-10:13:37,628 nipype.workflow INFO:
	 [Node] Setting-up "fmriprep_24_0_wf.sub_29_wf.bold_task_bird_run_3_wf.bold_fit_wf.enhance_and_skullstrip_bold_wf.apply_mask" in "/work_dir/fmriprep_24_0_wf/sub_29_wf/bold_task_bird_run_3_wf/bold_fit_wf/enhance_and_skullstrip_bold_wf/apply_mask".
250329-10:13:37,631 nipype.workflow INFO:
	 [Node] Executing "apply_mask" <niworkflows.interfaces.nibabel.ApplyMask>
250329-10:13:37,667 nipype.interface WARNING:
	 Changing /output/sub-29/func/sub-29_task-bird_run-3_desc-brain_mask.nii.gz dtype from float32 to uint8
250329-10:13:37,732 nipype.workflow INFO:
	 [Node] Finished "apply_mask", elapsed time 0.100174s.
250329-10:13:38,9 nipype.workflow INFO:
	 [Node] Finished "unifize", elapsed time 598.611263s.
250329-10:13:39,310 nipype.workflow INFO:
	 [Node] Setting-up "fmriprep_24_0_wf.sub_29_wf.bold_task_bird_run_4_wf.bold_fit_wf.enhance_and_skullstrip_bold_wf.fixhdr_unifize" in "/work_dir/fmriprep_24_0_wf/sub_29_wf/bold_task_bird_run_4_wf/bold_fit_wf/enhance_and_skullstrip_bold_wf/fixhdr_unifize".
250329-10:13:39,311 nipype.workflow INFO:
	 [Node] Setting-up "fmriprep_24_0_wf.sub_29_wf.bold_task_bird_run_1_wf.bold_confounds_wf.dvars" in "/work_dir/fmriprep_24_0_wf/sub_29_wf/bold_task_bird_run_1_wf/bold_confounds_wf/dvars".
250329-10:13:39,319 nipype.workflow INFO:
	 [Node] Setting-up "fmriprep_24_0_wf.sub_29_wf.bold_task_bird_run_3_wf.bold_confounds_wf.dvars" in "/work_dir/fmriprep_24_0_wf/sub_29_wf/bold_task_bird_run_3_wf/bold_confounds_wf/dvars".
250329-10:13:39,319 nipype.workflow INFO:
	 [Node] Setting-up "fmriprep_24_0_wf.sub_29_wf.bold_task_bird_run_1_wf.bold_confounds_wf.tcompcor" in "/work_dir/fmriprep_24_0_wf/sub_29_wf/bold_task_bird_run_1_wf/bold_confounds_wf/tcompcor".
250329-10:13:39,323 nipype.workflow INFO:
	 [Node] Executing "dvars" <nipype.algorithms.confounds.ComputeDVARS>
250329-10:13:39,333 nipype.workflow INFO:
	 [Node] Setting-up "fmriprep_24_0_wf.sub_29_wf.bold_task_bird_run_3_wf.bold_confounds_wf.tcompcor" in "/work_dir/fmriprep_24_0_wf/sub_29_wf/bold_task_bird_run_3_wf/bold_confounds_wf/tcompcor".
250329-10:13:39,352 nipype.workflow INFO:
	 [Node] Executing "tcompcor" <niworkflows.interfaces.patches.RobustTCompCor>
250329-10:13:39,448 nipype.workflow INFO:
	 [Node] Executing "fixhdr_unifize" <niworkflows.interfaces.header.CopyXForm>
250329-10:13:39,500 nipype.workflow INFO:
	 [Node] Executing "dvars" <nipype.algorithms.confounds.ComputeDVARS>
250329-10:13:39,530 nipype.workflow INFO:
	 [Node] Executing "tcompcor" <niworkflows.interfaces.patches.RobustTCompCor>
250329-10:13:39,653 nipype.workflow INFO:
	 [Node] Finished "fixhdr_unifize", elapsed time 0.203862s.
250329-10:13:41,637 nipype.workflow INFO:
	 [Node] Setting-up "fmriprep_24_0_wf.sub_29_wf.bold_task_bird_run_4_wf.bold_fit_wf.enhance_and_skullstrip_bold_wf.skullstrip_second_pass" in "/work_dir/fmriprep_24_0_wf/sub_29_wf/bold_task_bird_run_4_wf/bold_fit_wf/enhance_and_skullstrip_bold_wf/skullstrip_second_pass".
250329-10:13:41,655 nipype.workflow INFO:
	 [Node] Executing "skullstrip_second_pass" <nipype.interfaces.afni.preprocess.Automask>
250329-10:13:42,750 nipype.workflow INFO:
	 [Node] Finished "skullstrip_second_pass", elapsed time 1.094274s.
250329-10:13:43,505 nipype.workflow INFO:
	 [Node] Setting-up "fmriprep_24_0_wf.sub_29_wf.bold_task_bird_run_4_wf.bold_fit_wf.enhance_and_skullstrip_bold_wf.fixhdr_skullstrip2" in "/work_dir/fmriprep_24_0_wf/sub_29_wf/bold_task_bird_run_4_wf/bold_fit_wf/enhance_and_skullstrip_bold_wf/fixhdr_skullstrip2".
250329-10:13:43,508 nipype.workflow INFO:
	 [Node] Executing "fixhdr_skullstrip2" <niworkflows.interfaces.header.CopyXForm>
250329-10:13:43,626 nipype.workflow INFO:
	 [Node] Finished "fixhdr_skullstrip2", elapsed time 0.116701s.
250329-10:13:45,611 nipype.workflow INFO:
	 [Node] Setting-up "fmriprep_24_0_wf.sub_29_wf.bold_task_bird_run_4_wf.bold_fit_wf.enhance_and_skullstrip_bold_wf.combine_masks" in "/work_dir/fmriprep_24_0_wf/sub_29_wf/bold_task_bird_run_4_wf/bold_fit_wf/enhance_and_skullstrip_bold_wf/combine_masks".
250329-10:13:45,615 nipype.workflow INFO:
	 [Node] Executing "combine_masks" <nipype.interfaces.fsl.maths.BinaryMaths>
250329-10:13:46,373 nipype.workflow INFO:
	 [Node] Finished "combine_masks", elapsed time 0.756758s.
250329-10:13:47,552 nipype.workflow INFO:
	 [Node] Setting-up "fmriprep_24_0_wf.sub_29_wf.bold_task_bird_run_4_wf.bold_fit_wf.enhance_and_skullstrip_bold_wf.apply_mask" in "/work_dir/fmriprep_24_0_wf/sub_29_wf/bold_task_bird_run_4_wf/bold_fit_wf/enhance_and_skullstrip_bold_wf/apply_mask".
250329-10:13:47,557 nipype.workflow INFO:
	 [Node] Executing "apply_mask" <niworkflows.interfaces.nibabel.ApplyMask>
250329-10:13:47,677 nipype.interface WARNING:
	 Changing /output/sub-29/func/sub-29_task-bird_run-4_desc-brain_mask.nii.gz dtype from float32 to uint8
250329-10:13:47,735 nipype.workflow INFO:
	 [Node] Finished "apply_mask", elapsed time 0.177543s.
250329-10:13:49,458 nipype.workflow INFO:
	 [Node] Setting-up "fmriprep_24_0_wf.sub_29_wf.bold_task_bird_run_4_wf.bold_confounds_wf.tcompcor" in "/work_dir/fmriprep_24_0_wf/sub_29_wf/bold_task_bird_run_4_wf/bold_confounds_wf/tcompcor".
250329-10:13:49,458 nipype.workflow INFO:
	 [Node] Setting-up "fmriprep_24_0_wf.sub_29_wf.bold_task_bird_run_4_wf.bold_confounds_wf.dvars" in "/work_dir/fmriprep_24_0_wf/sub_29_wf/bold_task_bird_run_4_wf/bold_confounds_wf/dvars".
250329-10:13:49,467 nipype.workflow INFO:
	 [Node] Executing "dvars" <nipype.algorithms.confounds.ComputeDVARS>
250329-10:13:49,469 nipype.workflow INFO:
	 [Node] Executing "tcompcor" <niworkflows.interfaces.patches.RobustTCompCor>
250329-10:13:49,991 nipype.workflow INFO:
	 [Node] Finished "unifize", elapsed time 616.933452s.
250329-10:13:51,618 nipype.workflow INFO:
	 [Node] Setting-up "fmriprep_24_0_wf.sub_29_wf.bold_task_bird_run_2_wf.bold_fit_wf.enhance_and_skullstrip_bold_wf.fixhdr_unifize" in "/work_dir/fmriprep_24_0_wf/sub_29_wf/bold_task_bird_run_2_wf/bold_fit_wf/enhance_and_skullstrip_bold_wf/fixhdr_unifize".
250329-10:13:51,775 nipype.workflow INFO:
	 [Node] Executing "fixhdr_unifize" <niworkflows.interfaces.header.CopyXForm>
250329-10:13:52,87 nipype.workflow INFO:
	 [Node] Finished "fixhdr_unifize", elapsed time 0.31089s.
250329-10:13:53,592 nipype.workflow INFO:
	 [Node] Setting-up "fmriprep_24_0_wf.sub_29_wf.bold_task_bird_run_2_wf.bold_fit_wf.enhance_and_skullstrip_bold_wf.skullstrip_second_pass" in "/work_dir/fmriprep_24_0_wf/sub_29_wf/bold_task_bird_run_2_wf/bold_fit_wf/enhance_and_skullstrip_bold_wf/skullstrip_second_pass".
250329-10:13:53,596 nipype.workflow INFO:
	 [Node] Executing "skullstrip_second_pass" <nipype.interfaces.afni.preprocess.Automask>
250329-10:13:55,455 nipype.workflow INFO:
	 [Node] Finished "skullstrip_second_pass", elapsed time 1.85822s.
250329-10:13:56,980 nipype.workflow INFO:
	 [Node] Finished "tcompcor", elapsed time 17.449533s.
250329-10:13:57,396 nipype.workflow INFO:
	 [Node] Setting-up "fmriprep_24_0_wf.sub_29_wf.bold_task_bird_run_2_wf.bold_fit_wf.enhance_and_skullstrip_bold_wf.fixhdr_skullstrip2" in "/work_dir/fmriprep_24_0_wf/sub_29_wf/bold_task_bird_run_2_wf/bold_fit_wf/enhance_and_skullstrip_bold_wf/fixhdr_skullstrip2".
250329-10:13:57,600 nipype.workflow INFO:
	 [Node] Executing "fixhdr_skullstrip2" <niworkflows.interfaces.header.CopyXForm>
250329-10:13:57,744 nipype.workflow INFO:
	 [Node] Finished "fixhdr_skullstrip2", elapsed time 0.143274s.
250329-10:13:59,382 nipype.workflow INFO:
	 [Node] Setting-up "fmriprep_24_0_wf.sub_29_wf.bold_task_bird_run_1_wf.bold_confounds_wf.tcc_metadata_filter" in "/work_dir/fmriprep_24_0_wf/sub_29_wf/bold_task_bird_run_1_wf/bold_confounds_wf/tcc_metadata_filter".
250329-10:13:59,396 nipype.workflow INFO:
	 [Node] Executing "tcc_metadata_filter" <fmriprep.interfaces.confounds.FilterDropped>
250329-10:13:59,415 nipype.workflow INFO:
	 [Node] Finished "tcc_metadata_filter", elapsed time 0.018208s.
250329-10:13:59,445 nipype.workflow INFO:
	 [Node] Setting-up "fmriprep_24_0_wf.sub_29_wf.bold_task_bird_run_2_wf.bold_fit_wf.enhance_and_skullstrip_bold_wf.combine_masks" in "/work_dir/fmriprep_24_0_wf/sub_29_wf/bold_task_bird_run_2_wf/bold_fit_wf/enhance_and_skullstrip_bold_wf/combine_masks".
250329-10:13:59,449 nipype.workflow INFO:
	 [Node] Executing "combine_masks" <nipype.interfaces.fsl.maths.BinaryMaths>
250329-10:13:59,596 nipype.workflow INFO:
	 [Node] Finished "tcompcor", elapsed time 20.243176s.
250329-10:13:59,724 nipype.workflow INFO:
	 [Node] Finished "combine_masks", elapsed time 0.274373s.
250329-10:14:01,454 nipype.workflow INFO:
	 [Node] Setting-up "fmriprep_24_0_wf.sub_29_wf.bold_task_bird_run_2_wf.bold_fit_wf.enhance_and_skullstrip_bold_wf.apply_mask" in "/work_dir/fmriprep_24_0_wf/sub_29_wf/bold_task_bird_run_2_wf/bold_fit_wf/enhance_and_skullstrip_bold_wf/apply_mask".
250329-10:14:01,457 nipype.workflow INFO:
	 [Node] Executing "apply_mask" <niworkflows.interfaces.nibabel.ApplyMask>
250329-10:14:01,515 nipype.interface WARNING:
	 Changing /output/sub-29/func/sub-29_task-bird_run-2_desc-brain_mask.nii.gz dtype from float32 to uint8
250329-10:14:01,666 nipype.workflow INFO:
	 [Node] Finished "apply_mask", elapsed time 0.208557s.
250329-10:14:02,82 nipype.workflow INFO:
	 [Node] Setting-up "fmriprep_24_0_wf.sub_29_wf.bold_task_bird_run_3_wf.bold_confounds_wf.tcc_metadata_filter" in "/work_dir/fmriprep_24_0_wf/sub_29_wf/bold_task_bird_run_3_wf/bold_confounds_wf/tcc_metadata_filter".
250329-10:14:02,86 nipype.workflow INFO:
	 [Node] Executing "tcc_metadata_filter" <fmriprep.interfaces.confounds.FilterDropped>
250329-10:14:02,89 nipype.workflow INFO:
	 [Node] Setting-up "fmriprep_24_0_wf.sub_29_wf.bold_task_bird_run_1_wf.bold_confounds_wf.tcc_metadata_fmt" in "/work_dir/fmriprep_24_0_wf/sub_29_wf/bold_task_bird_run_1_wf/bold_confounds_wf/tcc_metadata_fmt".
250329-10:14:02,92 nipype.workflow INFO:
	 [Node] Finished "tcc_metadata_filter", elapsed time 0.005272s.
250329-10:14:03,485 nipype.workflow INFO:
	 [Node] Setting-up "fmriprep_24_0_wf.sub_29_wf.bold_task_bird_run_2_wf.bold_confounds_wf.tcompcor" in "/work_dir/fmriprep_24_0_wf/sub_29_wf/bold_task_bird_run_2_wf/bold_confounds_wf/tcompcor".
250329-10:14:03,488 nipype.workflow INFO:
	 [Node] Setting-up "fmriprep_24_0_wf.sub_29_wf.bold_task_bird_run_2_wf.bold_confounds_wf.dvars" in "/work_dir/fmriprep_24_0_wf/sub_29_wf/bold_task_bird_run_2_wf/bold_confounds_wf/dvars".
250329-10:14:03,492 nipype.workflow INFO:
	 [Node] Setting-up "fmriprep_24_0_wf.sub_29_wf.bold_task_bird_run_3_wf.bold_confounds_wf.tcc_metadata_fmt" in "/work_dir/fmriprep_24_0_wf/sub_29_wf/bold_task_bird_run_3_wf/bold_confounds_wf/tcc_metadata_fmt".
250329-10:14:03,682 nipype.workflow INFO:
	 [Node] Executing "tcompcor" <niworkflows.interfaces.patches.RobustTCompCor>
250329-10:14:03,711 nipype.workflow INFO:
	 [Node] Executing "dvars" <nipype.algorithms.confounds.ComputeDVARS>
250329-10:14:03,987 nipype.workflow INFO:
	 [Node] Finished "unifize", elapsed time 630.92963s.
250329-10:14:04,603 nipype.workflow INFO:
	 [Node] Executing "tcc_metadata_fmt" <niworkflows.interfaces.utility.TSV2JSON>
250329-10:14:04,623 nipype.workflow INFO:
	 [Node] Finished "tcc_metadata_fmt", elapsed time 0.018937s.
250329-10:14:05,730 nipype.workflow INFO:
	 [Node] Setting-up "fmriprep_24_0_wf.sub_29_wf.bold_task_bird_run_5_wf.bold_fit_wf.enhance_and_skullstrip_bold_wf.fixhdr_unifize" in "/work_dir/fmriprep_24_0_wf/sub_29_wf/bold_task_bird_run_5_wf/bold_fit_wf/enhance_and_skullstrip_bold_wf/fixhdr_unifize".
250329-10:14:05,733 nipype.workflow INFO:
	 [Node] Executing "fixhdr_unifize" <niworkflows.interfaces.header.CopyXForm>
250329-10:14:05,944 nipype.workflow INFO:
	 [Node] Finished "fixhdr_unifize", elapsed time 0.209821s.
250329-10:14:06,157 nipype.workflow INFO:
	 [Node] Executing "tcc_metadata_fmt" <niworkflows.interfaces.utility.TSV2JSON>
250329-10:14:06,178 nipype.workflow INFO:
	 [Node] Finished "tcc_metadata_fmt", elapsed time 0.02032s.
250329-10:14:07,273 nipype.workflow INFO:
	 [Node] Finished "tcompcor", elapsed time 17.802681s.
250329-10:14:07,426 nipype.workflow INFO:
	 [Node] Setting-up "fmriprep_24_0_wf.sub_29_wf.bold_task_bird_run_5_wf.bold_fit_wf.enhance_and_skullstrip_bold_wf.skullstrip_second_pass" in "/work_dir/fmriprep_24_0_wf/sub_29_wf/bold_task_bird_run_5_wf/bold_fit_wf/enhance_and_skullstrip_bold_wf/skullstrip_second_pass".
250329-10:14:07,429 nipype.workflow INFO:
	 [Node] Executing "skullstrip_second_pass" <nipype.interfaces.afni.preprocess.Automask>
250329-10:14:08,599 nipype.workflow INFO:
	 [Node] Finished "skullstrip_second_pass", elapsed time 1.169911s.
250329-10:14:09,324 nipype.workflow INFO:
	 [Node] Setting-up "fmriprep_24_0_wf.sub_29_wf.bold_task_bird_run_5_wf.bold_fit_wf.enhance_and_skullstrip_bold_wf.fixhdr_skullstrip2" in "/work_dir/fmriprep_24_0_wf/sub_29_wf/bold_task_bird_run_5_wf/bold_fit_wf/enhance_and_skullstrip_bold_wf/fixhdr_skullstrip2".
250329-10:14:09,327 nipype.workflow INFO:
	 [Node] Executing "fixhdr_skullstrip2" <niworkflows.interfaces.header.CopyXForm>
250329-10:14:09,425 nipype.workflow INFO:
	 [Node] Finished "fixhdr_skullstrip2", elapsed time 0.096864s.
250329-10:14:10,261 nipype.workflow INFO:
	 [Node] Setting-up "fmriprep_24_0_wf.sub_29_wf.bold_task_bird_run_4_wf.bold_confounds_wf.tcc_metadata_filter" in "/work_dir/fmriprep_24_0_wf/sub_29_wf/bold_task_bird_run_4_wf/bold_confounds_wf/tcc_metadata_filter".
250329-10:14:10,272 nipype.workflow INFO:
	 [Node] Executing "tcc_metadata_filter" <fmriprep.interfaces.confounds.FilterDropped>
250329-10:14:10,280 nipype.workflow INFO:
	 [Node] Finished "tcc_metadata_filter", elapsed time 0.007044s.
250329-10:14:11,438 nipype.workflow INFO:
	 [Node] Setting-up "fmriprep_24_0_wf.sub_29_wf.bold_task_bird_run_5_wf.bold_fit_wf.enhance_and_skullstrip_bold_wf.combine_masks" in "/work_dir/fmriprep_24_0_wf/sub_29_wf/bold_task_bird_run_5_wf/bold_fit_wf/enhance_and_skullstrip_bold_wf/combine_masks".
250329-10:14:11,443 nipype.workflow INFO:
	 [Node] Executing "combine_masks" <nipype.interfaces.fsl.maths.BinaryMaths>
250329-10:14:11,447 nipype.workflow INFO:
	 [Node] Setting-up "fmriprep_24_0_wf.sub_29_wf.bold_task_bird_run_4_wf.bold_confounds_wf.tcc_metadata_fmt" in "/work_dir/fmriprep_24_0_wf/sub_29_wf/bold_task_bird_run_4_wf/bold_confounds_wf/tcc_metadata_fmt".
250329-10:14:11,881 nipype.workflow INFO:
	 [Node] Finished "combine_masks", elapsed time 0.43689s.
250329-10:14:13,109 nipype.workflow INFO:
	 [Node] Executing "tcc_metadata_fmt" <niworkflows.interfaces.utility.TSV2JSON>
250329-10:14:13,116 nipype.workflow INFO:
	 [Node] Finished "tcc_metadata_fmt", elapsed time 0.005873s.
250329-10:14:13,437 nipype.workflow INFO:
	 [Node] Setting-up "fmriprep_24_0_wf.sub_29_wf.bold_task_bird_run_5_wf.bold_fit_wf.enhance_and_skullstrip_bold_wf.apply_mask" in "/work_dir/fmriprep_24_0_wf/sub_29_wf/bold_task_bird_run_5_wf/bold_fit_wf/enhance_and_skullstrip_bold_wf/apply_mask".
250329-10:14:13,440 nipype.workflow INFO:
	 [Node] Executing "apply_mask" <niworkflows.interfaces.nibabel.ApplyMask>
250329-10:14:13,570 nipype.interface WARNING:
	 Changing /output/sub-29/func/sub-29_task-bird_run-5_desc-brain_mask.nii.gz dtype from float32 to uint8
250329-10:14:13,726 nipype.workflow INFO:
	 [Node] Finished "apply_mask", elapsed time 0.285266s.
250329-10:14:15,617 nipype.workflow INFO:
	 [Node] Setting-up "fmriprep_24_0_wf.sub_29_wf.bold_task_bird_run_5_wf.bold_confounds_wf.dvars" in "/work_dir/fmriprep_24_0_wf/sub_29_wf/bold_task_bird_run_5_wf/bold_confounds_wf/dvars".
250329-10:14:15,621 nipype.workflow INFO:
	 [Node] Executing "dvars" <nipype.algorithms.confounds.ComputeDVARS>
250329-10:14:15,627 nipype.workflow INFO:
	 [Node] Setting-up "fmriprep_24_0_wf.sub_29_wf.bold_task_bird_run_5_wf.bold_confounds_wf.tcompcor" in "/work_dir/fmriprep_24_0_wf/sub_29_wf/bold_task_bird_run_5_wf/bold_confounds_wf/tcompcor".
250329-10:14:15,633 nipype.workflow INFO:
	 [Node] Executing "tcompcor" <niworkflows.interfaces.patches.RobustTCompCor>
250329-10:14:18,701 nipype.workflow INFO:
	 [Node] Finished "tcompcor", elapsed time 15.017955s.
250329-10:14:21,947 nipype.workflow INFO:
	 [Node] Setting-up "fmriprep_24_0_wf.sub_29_wf.bold_task_bird_run_2_wf.bold_confounds_wf.tcc_metadata_filter" in "/work_dir/fmriprep_24_0_wf/sub_29_wf/bold_task_bird_run_2_wf/bold_confounds_wf/tcc_metadata_filter".
250329-10:14:21,956 nipype.workflow INFO:
	 [Node] Executing "tcc_metadata_filter" <fmriprep.interfaces.confounds.FilterDropped>
250329-10:14:21,976 nipype.workflow INFO:
	 [Node] Finished "tcc_metadata_filter", elapsed time 0.018602s.
250329-10:14:23,473 nipype.workflow INFO:
	 [Node] Setting-up "fmriprep_24_0_wf.sub_29_wf.bold_task_bird_run_2_wf.bold_confounds_wf.tcc_metadata_fmt" in "/work_dir/fmriprep_24_0_wf/sub_29_wf/bold_task_bird_run_2_wf/bold_confounds_wf/tcc_metadata_fmt".
250329-10:14:23,484 nipype.workflow INFO:
	 [Node] Executing "tcc_metadata_fmt" <niworkflows.interfaces.utility.TSV2JSON>
250329-10:14:23,490 nipype.workflow INFO:
	 [Node] Finished "tcc_metadata_fmt", elapsed time 0.005672s.
250329-10:14:32,492 nipype.workflow INFO:
	 [Node] Finished "dvars", elapsed time 52.990717s.
250329-10:14:33,552 nipype.workflow INFO:
	 [Node] Finished "tcompcor", elapsed time 17.918485s.
250329-10:14:35,793 nipype.workflow INFO:
	 [Node] Finished "unifize", elapsed time 620.312392s.
250329-10:14:37,31 nipype.workflow INFO:
	 [Node] Setting-up "fmriprep_24_0_wf.sub_29_wf.bold_task_bird_run_5_wf.bold_confounds_wf.tcc_metadata_filter" in "/work_dir/fmriprep_24_0_wf/sub_29_wf/bold_task_bird_run_5_wf/bold_confounds_wf/tcc_metadata_filter".
250329-10:14:37,40 nipype.workflow INFO:
	 [Node] Executing "tcc_metadata_filter" <fmriprep.interfaces.confounds.FilterDropped>
250329-10:14:37,46 nipype.workflow INFO:
	 [Node] Finished "tcc_metadata_filter", elapsed time 0.005246s.
250329-10:14:37,329 nipype.workflow INFO:
	 [Node] Setting-up "fmriprep_24_0_wf.sub_29_wf.bold_task_bird_run_6_wf.bold_fit_wf.enhance_and_skullstrip_bold_wf.fixhdr_unifize" in "/work_dir/fmriprep_24_0_wf/sub_29_wf/bold_task_bird_run_6_wf/bold_fit_wf/enhance_and_skullstrip_bold_wf/fixhdr_unifize".
250329-10:14:37,332 nipype.workflow INFO:
	 [Node] Executing "fixhdr_unifize" <niworkflows.interfaces.header.CopyXForm>
250329-10:14:37,348 nipype.workflow INFO:
	 [Node] Setting-up "fmriprep_24_0_wf.sub_29_wf.bold_task_bird_run_5_wf.bold_confounds_wf.tcc_metadata_fmt" in "/work_dir/fmriprep_24_0_wf/sub_29_wf/bold_task_bird_run_5_wf/bold_confounds_wf/tcc_metadata_fmt".
250329-10:14:37,358 nipype.workflow INFO:
	 [Node] Executing "tcc_metadata_fmt" <niworkflows.interfaces.utility.TSV2JSON>
250329-10:14:37,364 nipype.workflow INFO:
	 [Node] Finished "tcc_metadata_fmt", elapsed time 0.005794s.
250329-10:14:37,465 nipype.workflow INFO:
	 [Node] Finished "fixhdr_unifize", elapsed time 0.133206s.
250329-10:14:38,146 nipype.workflow INFO:
	 [Node] Finished "dvars", elapsed time 58.821579s.
250329-10:14:39,290 nipype.workflow INFO:
	 [Node] Setting-up "fmriprep_24_0_wf.sub_29_wf.bold_task_bird_run_6_wf.bold_fit_wf.enhance_and_skullstrip_bold_wf.skullstrip_second_pass" in "/work_dir/fmriprep_24_0_wf/sub_29_wf/bold_task_bird_run_6_wf/bold_fit_wf/enhance_and_skullstrip_bold_wf/skullstrip_second_pass".
250329-10:14:39,293 nipype.workflow INFO:
	 [Node] Executing "skullstrip_second_pass" <nipype.interfaces.afni.preprocess.Automask>
250329-10:14:39,827 nipype.workflow INFO:
	 [Node] Finished "skullstrip_second_pass", elapsed time 0.533812s.
250329-10:14:41,264 nipype.workflow INFO:
	 [Node] Setting-up "fmriprep_24_0_wf.sub_29_wf.bold_task_bird_run_6_wf.bold_fit_wf.enhance_and_skullstrip_bold_wf.fixhdr_skullstrip2" in "/work_dir/fmriprep_24_0_wf/sub_29_wf/bold_task_bird_run_6_wf/bold_fit_wf/enhance_and_skullstrip_bold_wf/fixhdr_skullstrip2".
250329-10:14:41,267 nipype.workflow INFO:
	 [Node] Executing "fixhdr_skullstrip2" <niworkflows.interfaces.header.CopyXForm>
250329-10:14:41,312 nipype.workflow INFO:
	 [Node] Finished "fixhdr_skullstrip2", elapsed time 0.044224s.
250329-10:14:43,327 nipype.workflow INFO:
	 [Node] Setting-up "fmriprep_24_0_wf.sub_29_wf.bold_task_bird_run_6_wf.bold_fit_wf.enhance_and_skullstrip_bold_wf.combine_masks" in "/work_dir/fmriprep_24_0_wf/sub_29_wf/bold_task_bird_run_6_wf/bold_fit_wf/enhance_and_skullstrip_bold_wf/combine_masks".
250329-10:14:43,332 nipype.workflow INFO:
	 [Node] Executing "combine_masks" <nipype.interfaces.fsl.maths.BinaryMaths>
250329-10:14:43,653 nipype.workflow INFO:
	 [Node] Finished "combine_masks", elapsed time 0.320092s.
250329-10:14:44,271 nipype.workflow INFO:
	 [Node] Finished "dvars", elapsed time 54.802765s.
250329-10:14:45,280 nipype.workflow INFO:
	 [Node] Setting-up "fmriprep_24_0_wf.sub_29_wf.bold_task_bird_run_6_wf.bold_fit_wf.enhance_and_skullstrip_bold_wf.apply_mask" in "/work_dir/fmriprep_24_0_wf/sub_29_wf/bold_task_bird_run_6_wf/bold_fit_wf/enhance_and_skullstrip_bold_wf/apply_mask".
250329-10:14:45,283 nipype.workflow INFO:
	 [Node] Executing "apply_mask" <niworkflows.interfaces.nibabel.ApplyMask>
250329-10:14:45,375 nipype.interface WARNING:
	 Changing /output/sub-29/func/sub-29_task-bird_run-6_desc-brain_mask.nii.gz dtype from float32 to uint8
250329-10:14:45,487 nipype.workflow INFO:
	 [Node] Finished "apply_mask", elapsed time 0.203063s.
250329-10:14:47,337 nipype.workflow INFO:
	 [Node] Setting-up "fmriprep_24_0_wf.sub_29_wf.bold_task_bird_run_6_wf.bold_confounds_wf.dvars" in "/work_dir/fmriprep_24_0_wf/sub_29_wf/bold_task_bird_run_6_wf/bold_confounds_wf/dvars".
250329-10:14:47,338 nipype.workflow INFO:
	 [Node] Setting-up "fmriprep_24_0_wf.sub_29_wf.bold_task_bird_run_6_wf.bold_confounds_wf.tcompcor" in "/work_dir/fmriprep_24_0_wf/sub_29_wf/bold_task_bird_run_6_wf/bold_confounds_wf/tcompcor".
250329-10:14:47,468 nipype.workflow INFO:
	 [Node] Executing "dvars" <nipype.algorithms.confounds.ComputeDVARS>
250329-10:14:47,484 nipype.workflow INFO:
	 [Node] Executing "tcompcor" <niworkflows.interfaces.patches.RobustTCompCor>
250329-10:14:53,180 nipype.workflow INFO:
	 [Node] Finished "dvars", elapsed time 49.468286s.
250329-10:14:58,793 nipype.workflow INFO:
	 [Node] Finished "tcompcor", elapsed time 11.308009s.
250329-10:14:59,407 nipype.workflow INFO:
	 [Node] Setting-up "fmriprep_24_0_wf.sub_29_wf.bold_task_bird_run_6_wf.bold_confounds_wf.tcc_metadata_filter" in "/work_dir/fmriprep_24_0_wf/sub_29_wf/bold_task_bird_run_6_wf/bold_confounds_wf/tcc_metadata_filter".
250329-10:14:59,411 nipype.workflow INFO:
	 [Node] Executing "tcc_metadata_filter" <fmriprep.interfaces.confounds.FilterDropped>
250329-10:14:59,417 nipype.workflow INFO:
	 [Node] Finished "tcc_metadata_filter", elapsed time 0.005162s.
250329-10:15:01,291 nipype.workflow INFO:
	 [Node] Setting-up "fmriprep_24_0_wf.sub_29_wf.bold_task_bird_run_6_wf.bold_confounds_wf.tcc_metadata_fmt" in "/work_dir/fmriprep_24_0_wf/sub_29_wf/bold_task_bird_run_6_wf/bold_confounds_wf/tcc_metadata_fmt".
250329-10:15:01,294 nipype.workflow INFO:
	 [Node] Executing "tcc_metadata_fmt" <niworkflows.interfaces.utility.TSV2JSON>
250329-10:15:01,299 nipype.workflow INFO:
	 [Node] Finished "tcc_metadata_fmt", elapsed time 0.003841s.
250329-10:15:04,949 nipype.workflow INFO:
	 [Node] Finished "dvars", elapsed time 49.327506s.
250329-10:15:17,741 nipype.workflow INFO:
	 [Node] Finished "autorecon1", elapsed time 1139.478273s.
250329-10:15:19,833 nipype.workflow INFO:
	 [Node] Setting-up "fmriprep_24_0_wf.sub_29_wf.anat_fit_wf.surface_recon_wf.fsnative2t1w_xfm" in "/work_dir/fmriprep_24_0_wf/sub_29_wf/anat_fit_wf/surface_recon_wf/fsnative2t1w_xfm".
250329-10:15:19,845 nipype.workflow INFO:
	 [Node] Executing "fsnative2t1w_xfm" <niworkflows.interfaces.freesurfer.PatchedRobustRegister>
250329-10:15:29,163 nipype.workflow INFO:
	 [Node] Finished "dvars", elapsed time 41.69413s.
250329-10:16:23,157 nipype.workflow INFO:
	 [Node] Finished "fsnative2t1w_xfm", elapsed time 63.311335s.
250329-10:22:15,64 nipype.workflow INFO:
	 [Node] Finished "norm", elapsed time 787.657798s.
250329-10:22:17,272 nipype.workflow INFO:
	 [Node] Setting-up "fmriprep_24_0_wf.sub_29_wf.anat_fit_wf.brain_extraction_wf.map_brainmask" in "/work_dir/fmriprep_24_0_wf/sub_29_wf/anat_fit_wf/brain_extraction_wf/map_brainmask".
250329-10:22:17,272 nipype.workflow INFO:
	 [Node] Setting-up "fmriprep_24_0_wf.sub_29_wf.anat_fit_wf.brain_extraction_wf.map_wmmask" in "/work_dir/fmriprep_24_0_wf/sub_29_wf/anat_fit_wf/brain_extraction_wf/map_wmmask".
250329-10:22:17,279 nipype.workflow INFO:
	 [Node] Executing "map_brainmask" <niworkflows.interfaces.fixes.FixHeaderApplyTransforms>
250329-10:22:17,282 nipype.workflow INFO:
	 [Node] Executing "map_wmmask" <niworkflows.interfaces.fixes.FixHeaderApplyTransforms>
250329-10:22:40,570 nipype.workflow INFO:
	 [Node] Finished "map_brainmask", elapsed time 23.081734s.
250329-10:22:40,825 nipype.workflow INFO:
	 [Node] Finished "map_wmmask", elapsed time 23.542119s.
250329-10:22:41,283 nipype.workflow INFO:
	 [Node] Setting-up "fmriprep_24_0_wf.sub_29_wf.anat_fit_wf.brain_extraction_wf.thr_brainmask" in "/work_dir/fmriprep_24_0_wf/sub_29_wf/anat_fit_wf/brain_extraction_wf/thr_brainmask".
250329-10:22:41,286 nipype.workflow INFO:
	 [Node] Executing "thr_brainmask" <nipype.interfaces.ants.utils.ThresholdImage>
250329-10:22:41,290 nipype.workflow INFO:
	 [Node] Setting-up "_inu_n4_final0" in "/work_dir/fmriprep_24_0_wf/sub_29_wf/anat_fit_wf/brain_extraction_wf/inu_n4_final/mapflow/_inu_n4_final0".
250329-10:22:41,292 nipype.workflow INFO:
	 [Node] Executing "_inu_n4_final0" <nipype.interfaces.ants.segmentation.N4BiasFieldCorrection>
250329-10:22:42,783 nipype.workflow INFO:
	 [Node] Finished "thr_brainmask", elapsed time 1.262977s.
250329-10:22:43,295 nipype.workflow INFO:
	 [Node] Setting-up "fmriprep_24_0_wf.sub_29_wf.anat_fit_wf.brain_extraction_wf.atropos_wf.dil_brainmask" in "/work_dir/fmriprep_24_0_wf/sub_29_wf/anat_fit_wf/brain_extraction_wf/atropos_wf/dil_brainmask".
250329-10:22:43,296 nipype.workflow INFO:
	 [Node] Setting-up "fmriprep_24_0_wf.sub_29_wf.anat_fit_wf.brain_extraction_wf.atropos_wf.03_pad_mask" in "/work_dir/fmriprep_24_0_wf/sub_29_wf/anat_fit_wf/brain_extraction_wf/atropos_wf/03_pad_mask".
250329-10:22:43,298 nipype.workflow INFO:
	 [Node] Executing "dil_brainmask" <nipype.interfaces.ants.utils.ImageMath>
250329-10:22:43,299 nipype.workflow INFO:
	 [Node] Executing "03_pad_mask" <nipype.interfaces.ants.utils.ImageMath>
250329-10:22:44,190 nipype.workflow INFO:
	 [Node] Finished "03_pad_mask", elapsed time 0.890341s.
250329-10:22:45,58 nipype.workflow INFO:
	 [Node] Finished "dil_brainmask", elapsed time 1.7589700000000001s.
250329-10:22:45,296 nipype.workflow INFO:
	 [Node] Setting-up "fmriprep_24_0_wf.sub_29_wf.anat_fit_wf.brain_extraction_wf.atropos_wf.get_brainmask" in "/work_dir/fmriprep_24_0_wf/sub_29_wf/anat_fit_wf/brain_extraction_wf/atropos_wf/get_brainmask".
250329-10:22:45,299 nipype.workflow INFO:
	 [Node] Executing "get_brainmask" <nipype.interfaces.ants.utils.ImageMath>
250329-10:22:46,796 nipype.workflow INFO:
	 [Node] Finished "get_brainmask", elapsed time 1.4963739999999999s.
250329-10:23:04,96 nipype.workflow INFO:
	 [Node] Finished "_inu_n4_final0", elapsed time 22.604641s.
250329-10:23:05,283 nipype.workflow INFO:
	 [Node] Setting-up "fmriprep_24_0_wf.sub_29_wf.anat_fit_wf.brain_extraction_wf.atropos_wf.01_atropos" in "/work_dir/fmriprep_24_0_wf/sub_29_wf/anat_fit_wf/brain_extraction_wf/atropos_wf/01_atropos".
250329-10:23:05,286 nipype.workflow INFO:
	 [Node] Setting-up "_apply_mask0" in "/work_dir/fmriprep_24_0_wf/sub_29_wf/anat_fit_wf/brain_extraction_wf/apply_mask/mapflow/_apply_mask0".
250329-10:23:05,288 nipype.workflow INFO:
	 [Node] Executing "_apply_mask0" <niworkflows.interfaces.nibabel.ApplyMask>
250329-10:23:05,288 nipype.workflow INFO:
	 [Node] Executing "01_atropos" <nipype.interfaces.ants.segmentation.Atropos>
250329-10:23:06,254 nipype.workflow INFO:
	 [Node] Finished "_apply_mask0", elapsed time 0.965141s.
250329-10:23:41,734 nipype.workflow INFO:
	 [Node] Finished "01_atropos", elapsed time 36.203203s.
250329-10:23:43,285 nipype.workflow INFO:
	 [Node] Setting-up "fmriprep_24_0_wf.sub_29_wf.anat_fit_wf.brain_extraction_wf.atropos_wf.02_pad_segm" in "/work_dir/fmriprep_24_0_wf/sub_29_wf/anat_fit_wf/brain_extraction_wf/atropos_wf/02_pad_segm".
250329-10:23:43,288 nipype.workflow INFO:
	 [Node] Executing "02_pad_segm" <nipype.interfaces.ants.utils.ImageMath>
250329-10:23:44,310 nipype.workflow INFO:
	 [Node] Finished "02_pad_segm", elapsed time 1.020552s.
250329-10:23:45,286 nipype.workflow INFO:
	 [Node] Setting-up "fmriprep_24_0_wf.sub_29_wf.anat_fit_wf.brain_extraction_wf.atropos_wf.04_sel_labels" in "/work_dir/fmriprep_24_0_wf/sub_29_wf/anat_fit_wf/brain_extraction_wf/atropos_wf/04_sel_labels".
250329-10:23:45,289 nipype.workflow INFO:
	 [Node] Executing "04_sel_labels" <nipype.interfaces.utility.wrappers.Function>
250329-10:23:45,702 nipype.workflow INFO:
	 [Node] Finished "04_sel_labels", elapsed time 0.412291s.
250329-10:23:48,204 nipype.workflow INFO:
	 [Node] Setting-up "fmriprep_24_0_wf.sub_29_wf.anat_fit_wf.brain_extraction_wf.atropos_wf.05_get_wm" in "/work_dir/fmriprep_24_0_wf/sub_29_wf/anat_fit_wf/brain_extraction_wf/atropos_wf/05_get_wm".
250329-10:23:48,204 nipype.workflow INFO:
	 [Node] Setting-up "fmriprep_24_0_wf.sub_29_wf.anat_fit_wf.brain_extraction_wf.atropos_wf.06_get_gm" in "/work_dir/fmriprep_24_0_wf/sub_29_wf/anat_fit_wf/brain_extraction_wf/atropos_wf/06_get_gm".
250329-10:23:48,205 nipype.workflow INFO:
	 [Node] Setting-up "fmriprep_24_0_wf.sub_29_wf.anat_fit_wf.brain_extraction_wf.atropos_wf.10_me_csf" in "/work_dir/fmriprep_24_0_wf/sub_29_wf/anat_fit_wf/brain_extraction_wf/atropos_wf/10_me_csf".
250329-10:23:48,205 nipype.workflow INFO:
	 [Node] Setting-up "fmriprep_24_0_wf.sub_29_wf.anat_fit_wf.brain_extraction_wf.atropos_wf.27_depad_csf" in "/work_dir/fmriprep_24_0_wf/sub_29_wf/anat_fit_wf/brain_extraction_wf/atropos_wf/27_depad_csf".
250329-10:23:48,207 nipype.workflow INFO:
	 [Node] Executing "05_get_wm" <nipype.interfaces.ants.utils.ImageMath>
250329-10:23:48,207 nipype.workflow INFO:
	 [Node] Executing "06_get_gm" <nipype.interfaces.ants.utils.ImageMath>
250329-10:23:48,208 nipype.workflow INFO:
	 [Node] Executing "10_me_csf" <nipype.interfaces.ants.utils.ImageMath>
250329-10:23:48,208 nipype.workflow INFO:
	 [Node] Executing "27_depad_csf" <nipype.interfaces.ants.utils.ImageMath>
250329-10:23:49,25 nipype.workflow INFO:
	 [Node] Finished "27_depad_csf", elapsed time 0.816434s.
250329-10:23:49,887 nipype.workflow INFO:
	 [Node] Finished "05_get_wm", elapsed time 1.6792129999999998s.
250329-10:23:50,225 nipype.workflow INFO:
	 [Node] Setting-up "fmriprep_24_0_wf.sub_29_wf.anat_fit_wf.brain_extraction_wf.atropos_wf.09_relabel_wm" in "/work_dir/fmriprep_24_0_wf/sub_29_wf/anat_fit_wf/brain_extraction_wf/atropos_wf/09_relabel_wm".
250329-10:23:50,228 nipype.workflow INFO:
	 [Node] Executing "09_relabel_wm" <nipype.interfaces.ants.utils.MultiplyImages>
250329-10:23:50,285 nipype.workflow INFO:
	 [Node] Finished "06_get_gm", elapsed time 1.8215400000000002s.
250329-10:23:51,84 nipype.workflow INFO:
	 [Node] Finished "09_relabel_wm", elapsed time 0.85544s.
250329-10:23:52,229 nipype.workflow INFO:
	 [Node] Setting-up "fmriprep_24_0_wf.sub_29_wf.anat_fit_wf.brain_extraction_wf.atropos_wf.07_fill_gm" in "/work_dir/fmriprep_24_0_wf/sub_29_wf/anat_fit_wf/brain_extraction_wf/atropos_wf/07_fill_gm".
250329-10:23:52,229 nipype.workflow INFO:
	 [Node] Setting-up "fmriprep_24_0_wf.sub_29_wf.anat_fit_wf.brain_extraction_wf.atropos_wf.26_depad_wm" in "/work_dir/fmriprep_24_0_wf/sub_29_wf/anat_fit_wf/brain_extraction_wf/atropos_wf/26_depad_wm".
250329-10:23:52,229 nipype.workflow INFO:
	 [Node] Setting-up "fmriprep_24_0_wf.sub_29_wf.anat_fit_wf.brain_extraction_wf.atropos_wf.apply_wm_prior" in "/work_dir/fmriprep_24_0_wf/sub_29_wf/anat_fit_wf/brain_extraction_wf/atropos_wf/apply_wm_prior".
250329-10:23:52,231 nipype.workflow INFO:
	 [Node] Executing "26_depad_wm" <nipype.interfaces.ants.utils.ImageMath>
250329-10:23:52,232 nipype.workflow INFO:
	 [Node] Executing "07_fill_gm" <nipype.interfaces.ants.utils.ImageMath>
250329-10:23:52,235 nipype.workflow INFO:
	 [Node] Executing "apply_wm_prior" <nipype.interfaces.utility.wrappers.Function>
250329-10:23:53,65 nipype.workflow INFO:
	 [Node] Finished "apply_wm_prior", elapsed time 0.829313s.
250329-10:23:53,225 nipype.workflow INFO:
	 [Node] Finished "26_depad_wm", elapsed time 0.993029s.
250329-10:23:53,409 nipype.workflow INFO:
	 [Node] Finished "10_me_csf", elapsed time 4.948196s.
250329-10:23:54,228 nipype.workflow INFO:
	 [Node] Setting-up "_inu_n4_final0" in "/work_dir/fmriprep_24_0_wf/sub_29_wf/anat_fit_wf/brain_extraction_wf/atropos_wf/inu_n4_final/mapflow/_inu_n4_final0".
250329-10:23:54,231 nipype.workflow INFO:
	 [Node] Executing "_inu_n4_final0" <nipype.interfaces.ants.segmentation.N4BiasFieldCorrection>
250329-10:24:04,677 nipype.workflow INFO:
	 [Node] Finished "07_fill_gm", elapsed time 12.444412s.
250329-10:24:06,214 nipype.workflow INFO:
	 [Node] Setting-up "fmriprep_24_0_wf.sub_29_wf.anat_fit_wf.brain_extraction_wf.atropos_wf.08_mult_gm" in "/work_dir/fmriprep_24_0_wf/sub_29_wf/anat_fit_wf/brain_extraction_wf/atropos_wf/08_mult_gm".
250329-10:24:06,218 nipype.workflow INFO:
	 [Node] Executing "08_mult_gm" <nipype.interfaces.ants.utils.MultiplyImages>
250329-10:24:07,433 nipype.workflow INFO:
	 [Node] Finished "08_mult_gm", elapsed time 1.043514s.
250329-10:24:08,215 nipype.workflow INFO:
	 [Node] Setting-up "fmriprep_24_0_wf.sub_29_wf.anat_fit_wf.brain_extraction_wf.atropos_wf.11_add_gm" in "/work_dir/fmriprep_24_0_wf/sub_29_wf/anat_fit_wf/brain_extraction_wf/atropos_wf/11_add_gm".
250329-10:24:08,219 nipype.workflow INFO:
	 [Node] Executing "11_add_gm" <nipype.interfaces.ants.utils.ImageMath>
250329-10:24:10,212 nipype.workflow INFO:
	 [Node] Finished "11_add_gm", elapsed time 1.993046s.
250329-10:24:12,217 nipype.workflow INFO:
	 [Node] Setting-up "fmriprep_24_0_wf.sub_29_wf.anat_fit_wf.brain_extraction_wf.atropos_wf.12_relabel_gm" in "/work_dir/fmriprep_24_0_wf/sub_29_wf/anat_fit_wf/brain_extraction_wf/atropos_wf/12_relabel_gm".
250329-10:24:12,220 nipype.workflow INFO:
	 [Node] Executing "12_relabel_gm" <nipype.interfaces.ants.utils.MultiplyImages>
250329-10:24:13,63 nipype.workflow INFO:
	 [Node] Finished "12_relabel_gm", elapsed time 0.842628s.
250329-10:24:14,216 nipype.workflow INFO:
	 [Node] Setting-up "fmriprep_24_0_wf.sub_29_wf.anat_fit_wf.brain_extraction_wf.atropos_wf.13_add_gm_wm" in "/work_dir/fmriprep_24_0_wf/sub_29_wf/anat_fit_wf/brain_extraction_wf/atropos_wf/13_add_gm_wm".
250329-10:24:14,217 nipype.workflow INFO:
	 [Node] Setting-up "fmriprep_24_0_wf.sub_29_wf.anat_fit_wf.brain_extraction_wf.atropos_wf.25_depad_gm" in "/work_dir/fmriprep_24_0_wf/sub_29_wf/anat_fit_wf/brain_extraction_wf/atropos_wf/25_depad_gm".
250329-10:24:14,219 nipype.workflow INFO:
	 [Node] Executing "25_depad_gm" <nipype.interfaces.ants.utils.ImageMath>
250329-10:24:14,220 nipype.workflow INFO:
	 [Node] Executing "13_add_gm_wm" <nipype.interfaces.ants.utils.ImageMath>
250329-10:24:15,275 nipype.workflow INFO:
	 [Node] Finished "25_depad_gm", elapsed time 1.054446s.
250329-10:24:16,229 nipype.workflow INFO:
	 [Node] Setting-up "fmriprep_24_0_wf.sub_29_wf.anat_fit_wf.brain_extraction_wf.atropos_wf.merge_tpms" in "/work_dir/fmriprep_24_0_wf/sub_29_wf/anat_fit_wf/brain_extraction_wf/atropos_wf/merge_tpms".
250329-10:24:16,233 nipype.workflow INFO:
	 [Node] Executing "merge_tpms" <nipype.interfaces.utility.base.Merge>
250329-10:24:16,234 nipype.workflow INFO:
	 [Node] Finished "merge_tpms", elapsed time 0.000237s.
250329-10:24:16,646 nipype.workflow INFO:
	 [Node] Finished "13_add_gm_wm", elapsed time 2.224687s.
250329-10:24:17,203 nipype.workflow INFO:
	 [Node] Finished "_inu_n4_final0", elapsed time 22.971654s.
250329-10:24:18,217 nipype.workflow INFO:
	 [Node] Setting-up "fmriprep_24_0_wf.sub_29_wf.anat_fit_wf.brain_extraction_wf.atropos_wf.14_sel_labels2" in "/work_dir/fmriprep_24_0_wf/sub_29_wf/anat_fit_wf/brain_extraction_wf/atropos_wf/14_sel_labels2".
250329-10:24:18,217 nipype.workflow INFO:
	 [Node] Setting-up "fmriprep_24_0_wf.sub_29_wf.anat_fit_wf.brain_extraction_wf.atropos_wf.24_depad_segm" in "/work_dir/fmriprep_24_0_wf/sub_29_wf/anat_fit_wf/brain_extraction_wf/atropos_wf/24_depad_segm".
250329-10:24:18,219 nipype.workflow INFO:
	 [Node] Executing "14_sel_labels2" <nipype.interfaces.utility.wrappers.Function>
250329-10:24:18,219 nipype.workflow INFO:
	 [Node] Executing "24_depad_segm" <nipype.interfaces.ants.utils.ImageMath>
250329-10:24:18,436 nipype.workflow INFO:
	 [Node] Finished "14_sel_labels2", elapsed time 0.216469s.
250329-10:24:19,383 nipype.workflow INFO:
	 [Node] Finished "24_depad_segm", elapsed time 0.939007s.
250329-10:24:20,216 nipype.workflow INFO:
	 [Node] Setting-up "fmriprep_24_0_wf.sub_29_wf.anat_fit_wf.brain_extraction_wf.atropos_wf.15_add_7" in "/work_dir/fmriprep_24_0_wf/sub_29_wf/anat_fit_wf/brain_extraction_wf/atropos_wf/15_add_7".
250329-10:24:20,219 nipype.workflow INFO:
	 [Node] Executing "15_add_7" <nipype.interfaces.ants.utils.ImageMath>
250329-10:24:22,134 nipype.workflow INFO:
	 [Node] Finished "15_add_7", elapsed time 1.733047s.
250329-10:24:24,205 nipype.workflow INFO:
	 [Node] Setting-up "fmriprep_24_0_wf.sub_29_wf.anat_fit_wf.brain_extraction_wf.atropos_wf.16_me_7" in "/work_dir/fmriprep_24_0_wf/sub_29_wf/anat_fit_wf/brain_extraction_wf/atropos_wf/16_me_7".
250329-10:24:24,208 nipype.workflow INFO:
	 [Node] Executing "16_me_7" <nipype.interfaces.ants.utils.ImageMath>
250329-10:24:27,876 nipype.workflow INFO:
	 [Node] Finished "16_me_7", elapsed time 3.667847s.
250329-10:24:28,215 nipype.workflow INFO:
	 [Node] Setting-up "fmriprep_24_0_wf.sub_29_wf.anat_fit_wf.brain_extraction_wf.atropos_wf.17_comp_7" in "/work_dir/fmriprep_24_0_wf/sub_29_wf/anat_fit_wf/brain_extraction_wf/atropos_wf/17_comp_7".
250329-10:24:28,222 nipype.workflow INFO:
	 [Node] Executing "17_comp_7" <nipype.interfaces.ants.utils.ImageMath>
250329-10:24:30,78 nipype.workflow INFO:
	 [Node] Finished "17_comp_7", elapsed time 1.855254s.
250329-10:24:32,203 nipype.workflow INFO:
	 [Node] Setting-up "fmriprep_24_0_wf.sub_29_wf.anat_fit_wf.brain_extraction_wf.atropos_wf.18_md_7" in "/work_dir/fmriprep_24_0_wf/sub_29_wf/anat_fit_wf/brain_extraction_wf/atropos_wf/18_md_7".
250329-10:24:32,206 nipype.workflow INFO:
	 [Node] Executing "18_md_7" <nipype.interfaces.ants.utils.ImageMath>
250329-10:24:34,190 nipype.workflow INFO:
	 [Node] Finished "18_md_7", elapsed time 1.982969s.
250329-10:24:36,205 nipype.workflow INFO:
	 [Node] Setting-up "fmriprep_24_0_wf.sub_29_wf.anat_fit_wf.brain_extraction_wf.atropos_wf.19_fill_7" in "/work_dir/fmriprep_24_0_wf/sub_29_wf/anat_fit_wf/brain_extraction_wf/atropos_wf/19_fill_7".
250329-10:24:36,207 nipype.workflow INFO:
	 [Node] Executing "19_fill_7" <nipype.interfaces.ants.utils.ImageMath>
250329-10:24:48,326 nipype.workflow INFO:
	 [Node] Finished "19_fill_7", elapsed time 12.117435s.
250329-10:24:50,211 nipype.workflow INFO:
	 [Node] Setting-up "fmriprep_24_0_wf.sub_29_wf.anat_fit_wf.brain_extraction_wf.atropos_wf.20_add_7_2" in "/work_dir/fmriprep_24_0_wf/sub_29_wf/anat_fit_wf/brain_extraction_wf/atropos_wf/20_add_7_2".
250329-10:24:50,214 nipype.workflow INFO:
	 [Node] Executing "20_add_7_2" <nipype.interfaces.ants.utils.ImageMath>
250329-10:24:52,199 nipype.workflow INFO:
	 [Node] Finished "20_add_7_2", elapsed time 1.983727s.
250329-10:24:54,209 nipype.workflow INFO:
	 [Node] Setting-up "fmriprep_24_0_wf.sub_29_wf.anat_fit_wf.brain_extraction_wf.atropos_wf.21_md_7_2" in "/work_dir/fmriprep_24_0_wf/sub_29_wf/anat_fit_wf/brain_extraction_wf/atropos_wf/21_md_7_2".
250329-10:24:54,212 nipype.workflow INFO:
	 [Node] Executing "21_md_7_2" <nipype.interfaces.ants.utils.ImageMath>
250329-10:24:56,324 nipype.workflow INFO:
	 [Node] Finished "21_md_7_2", elapsed time 2.110641s.
250329-10:24:58,215 nipype.workflow INFO:
	 [Node] Setting-up "fmriprep_24_0_wf.sub_29_wf.anat_fit_wf.brain_extraction_wf.atropos_wf.22_me_7_2" in "/work_dir/fmriprep_24_0_wf/sub_29_wf/anat_fit_wf/brain_extraction_wf/atropos_wf/22_me_7_2".
250329-10:24:58,218 nipype.workflow INFO:
	 [Node] Executing "22_me_7_2" <nipype.interfaces.ants.utils.ImageMath>
250329-10:25:01,835 nipype.workflow INFO:
	 [Node] Finished "22_me_7_2", elapsed time 3.616057s.
250329-10:25:02,217 nipype.workflow INFO:
	 [Node] Setting-up "fmriprep_24_0_wf.sub_29_wf.anat_fit_wf.brain_extraction_wf.atropos_wf.23_depad_mask" in "/work_dir/fmriprep_24_0_wf/sub_29_wf/anat_fit_wf/brain_extraction_wf/atropos_wf/23_depad_mask".
250329-10:25:02,220 nipype.workflow INFO:
	 [Node] Executing "23_depad_mask" <nipype.interfaces.ants.utils.ImageMath>
250329-10:25:03,89 nipype.workflow INFO:
	 [Node] Finished "23_depad_mask", elapsed time 0.868449s.
250329-10:25:04,217 nipype.workflow INFO:
	 [Node] Setting-up "fmriprep_24_0_wf.sub_29_wf.anat_fit_wf.brain_extraction_wf.atropos_wf.msk_conform" in "/work_dir/fmriprep_24_0_wf/sub_29_wf/anat_fit_wf/brain_extraction_wf/atropos_wf/msk_conform".
250329-10:25:04,220 nipype.workflow INFO:
	 [Node] Executing "msk_conform" <nipype.interfaces.utility.wrappers.Function>
250329-10:25:04,537 nipype.workflow INFO:
	 [Node] Finished "msk_conform", elapsed time 0.315851s.
250329-10:25:13,985 nipype.workflow INFO:
	 [Node] Setting-up "_apply_mask0" in "/work_dir/fmriprep_24_0_wf/sub_29_wf/anat_fit_wf/brain_extraction_wf/atropos_wf/apply_mask/mapflow/_apply_mask0".
250329-10:25:13,987 nipype.workflow INFO:
	 [Node] Executing "_apply_mask0" <niworkflows.interfaces.nibabel.ApplyMask>
250329-10:25:14,963 nipype.workflow INFO:
	 [Node] Finished "_apply_mask0", elapsed time 0.975598s.
250329-10:25:18,453 nipype.workflow INFO:
	 [Node] Setting-up "fmriprep_24_0_wf.sub_29_wf.anat_fit_wf.register_template_wf.trunc_mov" in "/work_dir/fmriprep_24_0_wf/sub_29_wf/anat_fit_wf/register_template_wf/_template_MNI152NLin2009cAsym/trunc_mov".
250329-10:25:18,457 nipype.workflow INFO:
	 [Node] Executing "trunc_mov" <nipype.interfaces.ants.utils.ImageMath>
250329-10:25:18,610 nipype.workflow INFO:
	 [Node] Setting-up "fmriprep_24_0_wf.sub_29_wf.anat_fit_wf.surface_recon_wf.skull_strip_extern" in "/work_dir/fmriprep_24_0_wf/sub_29_wf/anat_fit_wf/surface_recon_wf/skull_strip_extern".
250329-10:25:18,614 nipype.workflow INFO:
	 [Node] Executing "skull_strip_extern" <niworkflows.interfaces.freesurfer.FSInjectBrainExtracted>
250329-10:25:20,400 nipype.workflow INFO:
	 [Node] Finished "skull_strip_extern", elapsed time 1.785334s.
250329-10:25:20,702 nipype.workflow INFO:
	 [Node] Setting-up "fmriprep_24_0_wf.sub_29_wf.anat_fit_wf.surface_recon_wf.autorecon_resume_wf.gcareg" in "/work_dir/fmriprep_24_0_wf/sub_29_wf/anat_fit_wf/surface_recon_wf/autorecon_resume_wf/gcareg".
250329-10:25:20,705 nipype.workflow INFO:
	 [Node] Executing "gcareg" <smriprep.interfaces.freesurfer.ReconAll>
250329-10:25:20,707 nipype.interface INFO:
	 resume recon-all : recon-all -openmp 8 -subjid sub-29 -sd /output/sourcedata/freesurfer -gcareg
250329-10:25:20,707 nipype.interface INFO:
	 resume recon-all : recon-all -openmp 8 -subjid sub-29 -sd /output/sourcedata/freesurfer -gcareg
250329-10:25:25,477 nipype.workflow INFO:
	 [Node] Finished "trunc_mov", elapsed time 7.019868s.
250329-10:27:47,311 nipype.workflow INFO:
	 [Node] Finished "gcareg", elapsed time 146.604418s.
250329-10:27:48,615 nipype.workflow INFO:
	 [Node] Setting-up "fmriprep_24_0_wf.sub_29_wf.anat_fit_wf.surface_recon_wf.autorecon_resume_wf.autorecon2_vol" in "/work_dir/fmriprep_24_0_wf/sub_29_wf/anat_fit_wf/surface_recon_wf/autorecon_resume_wf/autorecon2_vol".
250329-10:27:48,620 nipype.workflow INFO:
	 [Node] Executing "autorecon2_vol" <smriprep.interfaces.freesurfer.ReconAll>
250329-10:27:48,621 nipype.interface INFO:
	 resume recon-all : recon-all -autorecon2-volonly -openmp 8 -subjid sub-29 -sd /output/sourcedata/freesurfer -nogcareg
250329-10:27:48,622 nipype.interface INFO:
	 resume recon-all : recon-all -autorecon2-volonly -openmp 8 -subjid sub-29 -sd /output/sourcedata/freesurfer -nogcareg
250329-12:31:33,850 nipype.workflow INFO:
	 [Node] Finished "autorecon2_vol", elapsed time 7425.228839s.
250329-12:31:37,139 nipype.workflow INFO:
	 [Node] Setting-up "_autorecon_surfs1" in "/work_dir/fmriprep_24_0_wf/sub_29_wf/anat_fit_wf/surface_recon_wf/autorecon_resume_wf/autorecon_surfs/mapflow/_autorecon_surfs1".
250329-12:31:37,143 nipype.workflow INFO:
	 [Node] Executing "_autorecon_surfs1" <smriprep.interfaces.freesurfer.ReconAll>
250329-12:31:37,144 nipype.interface INFO:
	 resume recon-all : recon-all -autorecon-hemi rh -noparcstats -noparcstats2 -noparcstats3 -nohyporelabel -nobalabels -rh-only -openmp 8 -subjid sub-29 -sd /output/sourcedata/freesurfer 
250329-12:31:37,145 nipype.interface INFO:
	 resume recon-all : recon-all -autorecon-hemi rh -noparcstats -noparcstats2 -noparcstats3 -nohyporelabel -nobalabels -rh-only -openmp 8 -subjid sub-29 -sd /output/sourcedata/freesurfer 
250329-12:31:37,309 nipype.workflow INFO:
	 [Node] Setting-up "_autorecon_surfs0" in "/work_dir/fmriprep_24_0_wf/sub_29_wf/anat_fit_wf/surface_recon_wf/autorecon_resume_wf/autorecon_surfs/mapflow/_autorecon_surfs0".
250329-12:31:37,311 nipype.workflow INFO:
	 [Node] Executing "_autorecon_surfs0" <smriprep.interfaces.freesurfer.ReconAll>
250329-12:31:37,313 nipype.interface INFO:
	 resume recon-all : recon-all -autorecon-hemi lh -noparcstats -noparcstats2 -noparcstats3 -nohyporelabel -nobalabels -lh-only -openmp 8 -subjid sub-29 -sd /output/sourcedata/freesurfer 
250329-12:31:37,314 nipype.interface INFO:
	 resume recon-all : recon-all -autorecon-hemi lh -noparcstats -noparcstats2 -noparcstats3 -nohyporelabel -nobalabels -lh-only -openmp 8 -subjid sub-29 -sd /output/sourcedata/freesurfer 
250329-13:34:56,850 nipype.workflow INFO:
	 [Node] Finished "_autorecon_surfs0", elapsed time 3799.537811s.
250329-13:35:52,932 nipype.workflow INFO:
	 [Node] Finished "_autorecon_surfs1", elapsed time 3855.788115s.
250329-13:35:53,431 nipype.workflow INFO:
	 [Node] Setting-up "_autorecon_surfs0" in "/work_dir/fmriprep_24_0_wf/sub_29_wf/anat_fit_wf/surface_recon_wf/autorecon_resume_wf/autorecon_surfs/mapflow/_autorecon_surfs0".
250329-13:35:53,434 nipype.workflow INFO:
	 [Node] Executing "_autorecon_surfs0" <smriprep.interfaces.freesurfer.ReconAll>
250329-13:35:53,436 nipype.interface INFO:
	 recon-all complete : Not running
250329-13:35:53,437 nipype.interface INFO:
	 recon-all complete : Not running
250329-13:35:53,547 nipype.workflow INFO:
	 [Node] Finished "_autorecon_surfs0", elapsed time 0.111756s.
250329-13:35:53,553 nipype.workflow INFO:
	 [Node] Setting-up "_autorecon_surfs1" in "/work_dir/fmriprep_24_0_wf/sub_29_wf/anat_fit_wf/surface_recon_wf/autorecon_resume_wf/autorecon_surfs/mapflow/_autorecon_surfs1".
250329-13:35:53,556 nipype.workflow INFO:
	 [Node] Executing "_autorecon_surfs1" <smriprep.interfaces.freesurfer.ReconAll>
250329-13:35:53,557 nipype.interface INFO:
	 recon-all complete : Not running
250329-13:35:53,558 nipype.interface INFO:
	 recon-all complete : Not running
250329-13:35:53,660 nipype.workflow INFO:
	 [Node] Finished "_autorecon_surfs1", elapsed time 0.102925s.
250329-13:35:55,421 nipype.workflow INFO:
	 [Node] Setting-up "fmriprep_24_0_wf.sub_29_wf.anat_fit_wf.surface_recon_wf.autorecon_resume_wf.cortribbon" in "/work_dir/fmriprep_24_0_wf/sub_29_wf/anat_fit_wf/surface_recon_wf/autorecon_resume_wf/cortribbon".
250329-13:35:55,425 nipype.workflow INFO:
	 [Node] Executing "cortribbon" <smriprep.interfaces.freesurfer.ReconAll>
250329-13:35:55,426 nipype.interface INFO:
	 resume recon-all : recon-all -parallel -subjid sub-29 -sd /output/sourcedata/freesurfer -cortribbon
250329-13:35:55,427 nipype.interface INFO:
	 resume recon-all : recon-all -parallel -subjid sub-29 -sd /output/sourcedata/freesurfer -cortribbon
250329-13:43:48,313 nipype.workflow INFO:
	 [Node] Finished "cortribbon", elapsed time 472.886362s.
250329-13:43:51,443 nipype.workflow INFO:
	 [Node] Setting-up "_parcstats1" in "/work_dir/fmriprep_24_0_wf/sub_29_wf/anat_fit_wf/surface_recon_wf/autorecon_resume_wf/parcstats/mapflow/_parcstats1".
250329-13:43:51,446 nipype.workflow INFO:
	 [Node] Executing "_parcstats1" <smriprep.interfaces.freesurfer.ReconAll>
250329-13:43:51,448 nipype.interface INFO:
	 resume recon-all : recon-all -autorecon-hemi rh -nohyporelabel -rh-only -openmp 8 -subjid sub-29 -sd /output/sourcedata/freesurfer -notessellate -nosmooth1 -noinflate1 -noqsphere -nofix -nowhite -nosmooth2 -noinflate2 -nocurvHK -nocurvstats -nosphere -nosurfreg -nojacobian_white -noavgcurv -nocortparc -nopial -nocortparc2 -nocortparc3 -nopctsurfcon
250329-13:43:51,449 nipype.interface INFO:
	 resume recon-all : recon-all -autorecon-hemi rh -nohyporelabel -rh-only -openmp 8 -subjid sub-29 -sd /output/sourcedata/freesurfer -notessellate -nosmooth1 -noinflate1 -noqsphere -nofix -nowhite -nosmooth2 -noinflate2 -nocurvHK -nocurvstats -nosphere -nosurfreg -nojacobian_white -noavgcurv -nocortparc -nopial -nocortparc2 -nocortparc3 -nopctsurfcon
250329-13:43:52,481 nipype.workflow INFO:
	 [Node] Setting-up "_parcstats0" in "/work_dir/fmriprep_24_0_wf/sub_29_wf/anat_fit_wf/surface_recon_wf/autorecon_resume_wf/parcstats/mapflow/_parcstats0".
250329-13:43:52,484 nipype.workflow INFO:
	 [Node] Executing "_parcstats0" <smriprep.interfaces.freesurfer.ReconAll>
250329-13:43:52,486 nipype.interface INFO:
	 resume recon-all : recon-all -autorecon-hemi lh -nohyporelabel -lh-only -openmp 8 -subjid sub-29 -sd /output/sourcedata/freesurfer -notessellate -nosmooth1 -noinflate1 -noqsphere -nofix -nowhite -nosmooth2 -noinflate2 -nocurvHK -nocurvstats -nosphere -nosurfreg -nojacobian_white -noavgcurv -nocortparc -nopial -nocortparc2 -nocortparc3 -nopctsurfcon
250329-13:43:52,487 nipype.interface INFO:
	 resume recon-all : recon-all -autorecon-hemi lh -nohyporelabel -lh-only -openmp 8 -subjid sub-29 -sd /output/sourcedata/freesurfer -notessellate -nosmooth1 -noinflate1 -noqsphere -nofix -nowhite -nosmooth2 -noinflate2 -nocurvHK -nocurvstats -nosphere -nosurfreg -nojacobian_white -noavgcurv -nocortparc -nopial -nocortparc2 -nocortparc3 -nopctsurfcon
250329-13:49:44,14 nipype.workflow INFO:
	 [Node] Finished "_parcstats0", elapsed time 351.528654s.
250329-13:49:48,725 nipype.workflow INFO:
	 [Node] Finished "_parcstats1", elapsed time 357.277275s.
250329-13:49:49,483 nipype.workflow INFO:
	 [Node] Setting-up "_parcstats0" in "/work_dir/fmriprep_24_0_wf/sub_29_wf/anat_fit_wf/surface_recon_wf/autorecon_resume_wf/parcstats/mapflow/_parcstats0".
250329-13:49:49,486 nipype.workflow INFO:
	 [Node] Executing "_parcstats0" <smriprep.interfaces.freesurfer.ReconAll>
250329-13:49:49,488 nipype.interface INFO:
	 recon-all complete : Not running
250329-13:49:49,489 nipype.interface INFO:
	 recon-all complete : Not running
250329-13:49:49,600 nipype.workflow INFO:
	 [Node] Finished "_parcstats0", elapsed time 0.112409s.
250329-13:49:49,605 nipype.workflow INFO:
	 [Node] Setting-up "_parcstats1" in "/work_dir/fmriprep_24_0_wf/sub_29_wf/anat_fit_wf/surface_recon_wf/autorecon_resume_wf/parcstats/mapflow/_parcstats1".
250329-13:49:49,608 nipype.workflow INFO:
	 [Node] Executing "_parcstats1" <smriprep.interfaces.freesurfer.ReconAll>
250329-13:49:49,610 nipype.interface INFO:
	 recon-all complete : Not running
250329-13:49:49,611 nipype.interface INFO:
	 recon-all complete : Not running
250329-13:49:49,713 nipype.workflow INFO:
	 [Node] Finished "_parcstats1", elapsed time 0.104215s.
250329-13:49:52,303 nipype.workflow INFO:
	 [Node] Setting-up "fmriprep_24_0_wf.sub_29_wf.anat_fit_wf.surface_recon_wf.autorecon_resume_wf.autorecon3" in "/work_dir/fmriprep_24_0_wf/sub_29_wf/anat_fit_wf/surface_recon_wf/autorecon_resume_wf/autorecon3".
250329-13:49:52,306 nipype.workflow INFO:
	 [Node] Executing "autorecon3" <smriprep.interfaces.freesurfer.ReconAll>
250329-13:49:52,308 nipype.interface INFO:
	 resume recon-all : recon-all -autorecon3 -openmp 8 -subjid sub-29 -sd /output/sourcedata/freesurfer -nosphere -nosurfreg -nojacobian_white -noavgcurv -nocortparc -nopial -noparcstats -nocortparc2 -noparcstats2 -nocortparc3 -noparcstats3 -nopctsurfcon -nocortribbon -nobalabels
250329-13:49:52,309 nipype.interface INFO:
	 resume recon-all : recon-all -autorecon3 -openmp 8 -subjid sub-29 -sd /output/sourcedata/freesurfer -nosphere -nosurfreg -nojacobian_white -noavgcurv -nocortparc -nopial -noparcstats -nocortparc2 -noparcstats2 -nocortparc3 -noparcstats3 -nopctsurfcon -nocortribbon -nobalabels
250329-13:57:05,757 nipype.workflow INFO:
	 [Node] Finished "autorecon3", elapsed time 433.449292s.
250329-13:57:07,512 nipype.workflow INFO:
	 [Node] Setting-up "fmriprep_24_0_wf.sub_29_wf.anat_fit_wf.surface_recon_wf.get_surfaces" in "/work_dir/fmriprep_24_0_wf/sub_29_wf/anat_fit_wf/surface_recon_wf/get_surfaces".
250329-13:57:08,358 nipype.workflow INFO:
	 [Node] Executing "get_surfaces" <nipype.interfaces.io.FreeSurferSource>
250329-13:57:08,373 nipype.workflow INFO:
	 [Node] Finished "get_surfaces", elapsed time 0.013584s.
250329-13:57:12,340 nipype.workflow INFO:
	 [Node] Setting-up "_midthickness0" in "/work_dir/fmriprep_24_0_wf/sub_29_wf/anat_fit_wf/surface_recon_wf/midthickness/mapflow/_midthickness0".
250329-13:57:12,345 nipype.workflow INFO:
	 [Node] Executing "_midthickness0" <smriprep.interfaces.freesurfer.MakeMidthickness>
250329-13:57:14,414 nipype.workflow INFO:
	 [Node] Setting-up "_midthickness1" in "/work_dir/fmriprep_24_0_wf/sub_29_wf/anat_fit_wf/surface_recon_wf/midthickness/mapflow/_midthickness1".
250329-13:57:14,417 nipype.workflow INFO:
	 [Node] Executing "_midthickness1" <smriprep.interfaces.freesurfer.MakeMidthickness>
250329-15:17:20,271 nipype.workflow INFO:
	 [Node] Finished "_midthickness1", elapsed time 4805.852914s.
250329-15:17:20,705 nipype.workflow INFO:
	 [Node] Finished "_midthickness0", elapsed time 4808.359515s.
250329-15:17:21,825 nipype.workflow INFO:
	 [Node] Setting-up "_midthickness0" in "/work_dir/fmriprep_24_0_wf/sub_29_wf/anat_fit_wf/surface_recon_wf/midthickness/mapflow/_midthickness0".
250329-15:17:21,826 nipype.workflow INFO:
	 [Node] Cached "_midthickness0" - collecting precomputed outputs
250329-15:17:21,826 nipype.workflow INFO:
	 [Node] "_midthickness0" found cached.
250329-15:17:21,827 nipype.workflow INFO:
	 [Node] Setting-up "_midthickness1" in "/work_dir/fmriprep_24_0_wf/sub_29_wf/anat_fit_wf/surface_recon_wf/midthickness/mapflow/_midthickness1".
250329-15:17:21,829 nipype.workflow INFO:
	 [Node] Cached "_midthickness1" - collecting precomputed outputs
250329-15:17:21,829 nipype.workflow INFO:
	 [Node] "_midthickness1" found cached.
250329-15:17:23,816 nipype.workflow INFO:
	 [Node] Setting-up "fmriprep_24_0_wf.sub_29_wf.anat_fit_wf.surface_recon_wf.save_midthickness" in "/work_dir/fmriprep_24_0_wf/sub_29_wf/anat_fit_wf/surface_recon_wf/save_midthickness".
250329-15:17:23,821 nipype.workflow INFO:
	 [Node] Executing "save_midthickness" <nipype.interfaces.io.DataSink>
250329-15:17:23,888 nipype.workflow INFO:
	 [Node] Finished "save_midthickness", elapsed time 0.065877s.
250329-15:17:25,818 nipype.workflow INFO:
	 [Node] Setting-up "fmriprep_24_0_wf.sub_29_wf.anat_fit_wf.surface_recon_wf.sync" in "/work_dir/fmriprep_24_0_wf/sub_29_wf/anat_fit_wf/surface_recon_wf/sync".
250329-15:17:25,820 nipype.workflow INFO:
	 [Node] Executing "sync" <nipype.interfaces.utility.wrappers.Function>
250329-15:17:25,822 nipype.workflow INFO:
	 [Node] Finished "sync", elapsed time 0.000795s.
250329-15:17:27,812 nipype.workflow INFO:
	 [Node] Setting-up "fmriprep_24_0_wf.sub_29_wf.anat_fit_wf.gifti_surface_wf.get_surfaces" in "/work_dir/fmriprep_24_0_wf/sub_29_wf/anat_fit_wf/gifti_surface_wf/get_surfaces".
250329-15:17:27,812 nipype.workflow INFO:
	 [Node] Setting-up "fmriprep_24_0_wf.sub_29_wf.anat_fit_wf.gifti_spheres_wf.get_surfaces" in "/work_dir/fmriprep_24_0_wf/sub_29_wf/anat_fit_wf/gifti_spheres_wf/get_surfaces".
250329-15:17:27,813 nipype.workflow INFO:
	 [Node] Setting-up "fmriprep_24_0_wf.sub_29_wf.anat_fit_wf.gifti_morphometrics_wf.get_surfaces" in "/work_dir/fmriprep_24_0_wf/sub_29_wf/anat_fit_wf/gifti_morphometrics_wf/get_surfaces".
250329-15:17:27,813 nipype.workflow INFO:
	 [Node] Setting-up "fmriprep_24_0_wf.sub_29_wf.anat_fit_wf.refinement_wf.segs_to_native_aseg.fs_datasource" in "/work_dir/fmriprep_24_0_wf/sub_29_wf/anat_fit_wf/refinement_wf/segs_to_native_aseg/fs_datasource".
250329-15:17:27,815 nipype.workflow INFO:
	 [Node] Setting-up "fmriprep_24_0_wf.sub_29_wf.anat_fit_wf.anat_reports_wf.recon_report" in "/work_dir/fmriprep_24_0_wf/sub_29_wf/anat_fit_wf/anat_reports_wf/recon_report".
250329-15:17:27,815 nipype.workflow INFO:
	 [Node] Executing "get_surfaces" <nipype.interfaces.utility.wrappers.Function>
250329-15:17:27,815 nipype.workflow INFO:
	 [Node] Executing "get_surfaces" <nipype.interfaces.io.FreeSurferSource>
250329-15:17:27,816 nipype.workflow INFO:
	 [Node] Executing "get_surfaces" <nipype.interfaces.utility.wrappers.Function>
250329-15:17:27,816 nipype.workflow INFO:
	 [Node] Executing "fs_datasource" <nipype.interfaces.io.FreeSurferSource>
250329-15:17:27,818 nipype.workflow INFO:
	 [Node] Finished "get_surfaces", elapsed time 0.001614s.
250329-15:17:27,818 nipype.workflow INFO:
	 [Node] Finished "get_surfaces", elapsed time 0.002255s.
250329-15:17:27,818 nipype.workflow INFO:
	 [Node] Executing "recon_report" <smriprep.interfaces.reports.FSSurfaceReport>
250329-15:17:27,822 nipype.workflow INFO:
	 [Node] Setting-up "fmriprep_24_0_wf.sub_29_wf.bold_task_bird_run_1_wf.bold_fit_wf.bold_reg_wf.bbreg_wf.mri_coreg" in "/work_dir/fmriprep_24_0_wf/sub_29_wf/bold_task_bird_run_1_wf/bold_fit_wf/bold_reg_wf/bbreg_wf/mri_coreg".
250329-15:17:27,825 nipype.workflow INFO:
	 [Node] Finished "fs_datasource", elapsed time 0.008954s.
250329-15:17:27,826 nipype.workflow INFO:
	 [Node] Executing "mri_coreg" <fmriprep.interfaces.patches.MRICoreg>
250329-15:17:27,828 nipype.workflow INFO:
	 [Node] Finished "get_surfaces", elapsed time 0.011691s.
250329-15:17:27,892 nipype.workflow INFO:
	 [Node] Setting-up "fmriprep_24_0_wf.sub_29_wf.bold_task_bird_run_3_wf.bold_fit_wf.bold_reg_wf.bbreg_wf.mri_coreg" in "/work_dir/fmriprep_24_0_wf/sub_29_wf/bold_task_bird_run_3_wf/bold_fit_wf/bold_reg_wf/bbreg_wf/mri_coreg".
250329-15:17:27,892 nipype.workflow INFO:
	 [Node] Setting-up "fmriprep_24_0_wf.sub_29_wf.bold_task_bird_run_2_wf.bold_fit_wf.bold_reg_wf.bbreg_wf.mri_coreg" in "/work_dir/fmriprep_24_0_wf/sub_29_wf/bold_task_bird_run_2_wf/bold_fit_wf/bold_reg_wf/bbreg_wf/mri_coreg".
250329-15:17:27,896 nipype.workflow INFO:
	 [Node] Executing "mri_coreg" <fmriprep.interfaces.patches.MRICoreg>
250329-15:17:27,899 nipype.workflow INFO:
	 [Node] Executing "mri_coreg" <fmriprep.interfaces.patches.MRICoreg>
250329-15:17:31,941 nipype.workflow INFO:
	 [Node] Setting-up "fmriprep_24_0_wf.sub_29_wf.anat_fit_wf.refinement_wf.segs_to_native_aseg.resample" in "/work_dir/fmriprep_24_0_wf/sub_29_wf/anat_fit_wf/refinement_wf/segs_to_native_aseg/resample".
250329-15:17:31,948 nipype.workflow INFO:
	 [Node] Executing "resample" <nipype.interfaces.freesurfer.preprocess.ApplyVolTransform>
250329-15:17:33,849 nipype.workflow INFO:
	 [Node] Setting-up "_fs2gii0" in "/work_dir/fmriprep_24_0_wf/sub_29_wf/anat_fit_wf/gifti_surface_wf/fs2gii/mapflow/_fs2gii0".
250329-15:17:33,852 nipype.workflow INFO:
	 [Node] Executing "_fs2gii0" <nipype.interfaces.freesurfer.utils.MRIsConvert>
250329-15:17:33,854 nipype.workflow INFO:
	 [Node] Setting-up "_fs2gii5" in "/work_dir/fmriprep_24_0_wf/sub_29_wf/anat_fit_wf/gifti_surface_wf/fs2gii/mapflow/_fs2gii5".
250329-15:17:33,856 nipype.workflow INFO:
	 [Node] Executing "_fs2gii5" <nipype.interfaces.freesurfer.utils.MRIsConvert>
250329-15:17:33,926 nipype.workflow INFO:
	 [Node] Setting-up "_fs2gii1" in "/work_dir/fmriprep_24_0_wf/sub_29_wf/anat_fit_wf/gifti_surface_wf/fs2gii/mapflow/_fs2gii1".
250329-15:17:33,928 nipype.workflow INFO:
	 [Node] Executing "_fs2gii1" <nipype.interfaces.freesurfer.utils.MRIsConvert>
250329-15:17:33,982 nipype.workflow INFO:
	 [Node] Setting-up "_fs2gii2" in "/work_dir/fmriprep_24_0_wf/sub_29_wf/anat_fit_wf/gifti_surface_wf/fs2gii/mapflow/_fs2gii2".
250329-15:17:33,984 nipype.workflow INFO:
	 [Node] Executing "_fs2gii2" <nipype.interfaces.freesurfer.utils.MRIsConvert>
250329-15:17:33,990 nipype.workflow INFO:
	 [Node] Setting-up "_fs2gii4" in "/work_dir/fmriprep_24_0_wf/sub_29_wf/anat_fit_wf/gifti_surface_wf/fs2gii/mapflow/_fs2gii4".
250329-15:17:33,993 nipype.workflow INFO:
	 [Node] Executing "_fs2gii4" <nipype.interfaces.freesurfer.utils.MRIsConvert>
250329-15:17:33,999 nipype.workflow INFO:
	 [Node] Setting-up "_fs2gii3" in "/work_dir/fmriprep_24_0_wf/sub_29_wf/anat_fit_wf/gifti_surface_wf/fs2gii/mapflow/_fs2gii3".
250329-15:17:34,1 nipype.workflow INFO:
	 [Node] Executing "_fs2gii3" <nipype.interfaces.freesurfer.utils.MRIsConvert>
250329-15:17:34,352 nipype.workflow INFO:
	 [Node] Finished "resample", elapsed time 2.403503s.
250329-15:17:36,554 nipype.workflow INFO:
	 [Node] Finished "_fs2gii0", elapsed time 2.7012080000000003s.
250329-15:17:36,748 nipype.workflow INFO:
	 [Node] Finished "_fs2gii2", elapsed time 2.762873s.
250329-15:17:36,843 nipype.workflow INFO:
	 [Node] Finished "_fs2gii4", elapsed time 2.849673s.
250329-15:17:36,947 nipype.workflow INFO:
	 [Node] Finished "_fs2gii5", elapsed time 3.089319s.
250329-15:17:37,341 nipype.workflow INFO:
	 [Node] Setting-up "fmriprep_24_0_wf.sub_29_wf.anat_fit_wf.refinement_wf.refine" in "/work_dir/fmriprep_24_0_wf/sub_29_wf/anat_fit_wf/refinement_wf/refine".
250329-15:17:37,344 nipype.workflow INFO:
	 [Node] Executing "refine" <niworkflows.interfaces.freesurfer.RefineBrainMask>
250329-15:17:37,438 nipype.workflow INFO:
	 [Node] Finished "_fs2gii3", elapsed time 3.436102s.
250329-15:17:37,578 nipype.workflow INFO:
	 [Node] Finished "_fs2gii1", elapsed time 3.6490869999999997s.
250329-15:17:37,843 nipype.workflow INFO:
	 [Node] Setting-up "_fs2gii0" in "/work_dir/fmriprep_24_0_wf/sub_29_wf/anat_fit_wf/gifti_spheres_wf/fs2gii/mapflow/_fs2gii0".
250329-15:17:37,845 nipype.workflow INFO:
	 [Node] Executing "_fs2gii0" <nipype.interfaces.freesurfer.utils.MRIsConvert>
250329-15:17:37,847 nipype.workflow INFO:
	 [Node] Setting-up "_fs2gii1" in "/work_dir/fmriprep_24_0_wf/sub_29_wf/anat_fit_wf/gifti_spheres_wf/fs2gii/mapflow/_fs2gii1".
250329-15:17:37,848 nipype.workflow INFO:
	 [Node] Setting-up "_fs2gii2" in "/work_dir/fmriprep_24_0_wf/sub_29_wf/anat_fit_wf/gifti_spheres_wf/fs2gii/mapflow/_fs2gii2".
250329-15:17:37,848 nipype.workflow INFO:
	 [Node] Setting-up "_fs2gii3" in "/work_dir/fmriprep_24_0_wf/sub_29_wf/anat_fit_wf/gifti_spheres_wf/fs2gii/mapflow/_fs2gii3".
250329-15:17:37,849 nipype.workflow INFO:
	 [Node] Executing "_fs2gii1" <nipype.interfaces.freesurfer.utils.MRIsConvert>
250329-15:17:37,850 nipype.workflow INFO:
	 [Node] Executing "_fs2gii2" <nipype.interfaces.freesurfer.utils.MRIsConvert>
250329-15:17:37,850 nipype.workflow INFO:
	 [Node] Executing "_fs2gii3" <nipype.interfaces.freesurfer.utils.MRIsConvert>
250329-15:17:37,851 nipype.workflow INFO:
	 [Node] Setting-up "_morphs2gii0" in "/work_dir/fmriprep_24_0_wf/sub_29_wf/anat_fit_wf/gifti_morphometrics_wf/morphs2gii/mapflow/_morphs2gii0".
250329-15:17:37,853 nipype.workflow INFO:
	 [Node] Setting-up "_fs2gii0" in "/work_dir/fmriprep_24_0_wf/sub_29_wf/anat_fit_wf/gifti_surface_wf/fs2gii/mapflow/_fs2gii0".
250329-15:17:37,853 nipype.workflow INFO:
	 [Node] Executing "_morphs2gii0" <smriprep.interfaces.freesurfer.MRIsConvertData>
250329-15:17:37,854 nipype.workflow INFO:
	 [Node] Cached "_fs2gii0" - collecting precomputed outputs
250329-15:17:37,854 nipype.workflow INFO:
	 [Node] "_fs2gii0" found cached.
250329-15:17:37,855 nipype.workflow INFO:
	 [Node] Setting-up "_fs2gii1" in "/work_dir/fmriprep_24_0_wf/sub_29_wf/anat_fit_wf/gifti_surface_wf/fs2gii/mapflow/_fs2gii1".
250329-15:17:37,856 nipype.workflow INFO:
	 [Node] Cached "_fs2gii1" - collecting precomputed outputs
250329-15:17:37,856 nipype.workflow INFO:
	 [Node] "_fs2gii1" found cached.
250329-15:17:37,857 nipype.workflow INFO:
	 [Node] Setting-up "_fs2gii2" in "/work_dir/fmriprep_24_0_wf/sub_29_wf/anat_fit_wf/gifti_surface_wf/fs2gii/mapflow/_fs2gii2".
250329-15:17:37,858 nipype.workflow INFO:
	 [Node] Cached "_fs2gii2" - collecting precomputed outputs
250329-15:17:37,858 nipype.workflow INFO:
	 [Node] "_fs2gii2" found cached.
250329-15:17:37,859 nipype.workflow INFO:
	 [Node] Setting-up "_fs2gii3" in "/work_dir/fmriprep_24_0_wf/sub_29_wf/anat_fit_wf/gifti_surface_wf/fs2gii/mapflow/_fs2gii3".
250329-15:17:37,861 nipype.workflow INFO:
	 [Node] Cached "_fs2gii3" - collecting precomputed outputs
250329-15:17:37,861 nipype.workflow INFO:
	 [Node] "_fs2gii3" found cached.
250329-15:17:37,862 nipype.workflow INFO:
	 [Node] Setting-up "_fs2gii4" in "/work_dir/fmriprep_24_0_wf/sub_29_wf/anat_fit_wf/gifti_surface_wf/fs2gii/mapflow/_fs2gii4".
250329-15:17:37,863 nipype.workflow INFO:
	 [Node] Cached "_fs2gii4" - collecting precomputed outputs
250329-15:17:37,863 nipype.workflow INFO:
	 [Node] "_fs2gii4" found cached.
250329-15:17:37,864 nipype.workflow INFO:
	 [Node] Setting-up "_fs2gii5" in "/work_dir/fmriprep_24_0_wf/sub_29_wf/anat_fit_wf/gifti_surface_wf/fs2gii/mapflow/_fs2gii5".
250329-15:17:37,866 nipype.workflow INFO:
	 [Node] Cached "_fs2gii5" - collecting precomputed outputs
250329-15:17:37,866 nipype.workflow INFO:
	 [Node] "_fs2gii5" found cached.
250329-15:17:39,933 nipype.workflow INFO:
	 [Node] Finished "_morphs2gii0", elapsed time 2.079307s.
250329-15:17:40,41 nipype.workflow INFO:
	 [Node] Setting-up "_morphs2gii1" in "/work_dir/fmriprep_24_0_wf/sub_29_wf/anat_fit_wf/gifti_morphometrics_wf/morphs2gii/mapflow/_morphs2gii1".
250329-15:17:40,43 nipype.workflow INFO:
	 [Node] Executing "_morphs2gii1" <smriprep.interfaces.freesurfer.MRIsConvertData>
250329-15:17:40,139 nipype.workflow INFO:
	 [Node] Finished "_fs2gii0", elapsed time 2.2929209999999998s.
250329-15:17:40,341 nipype.workflow INFO:
	 [Node] Finished "_fs2gii1", elapsed time 2.491622s.
250329-15:17:40,594 nipype.workflow INFO:
	 [Node] Finished "_fs2gii2", elapsed time 2.743539s.
250329-15:17:41,39 nipype.workflow INFO:
	 [Node] Finished "_fs2gii3", elapsed time 3.188603s.
250329-15:17:41,376 nipype.workflow INFO:
	 [Node] Finished "_morphs2gii1", elapsed time 1.332304s.
250329-15:17:41,854 nipype.workflow INFO:
	 [Node] Setting-up "_morphs2gii2" in "/work_dir/fmriprep_24_0_wf/sub_29_wf/anat_fit_wf/gifti_morphometrics_wf/morphs2gii/mapflow/_morphs2gii2".
250329-15:17:41,856 nipype.workflow INFO:
	 [Node] Executing "_morphs2gii2" <smriprep.interfaces.freesurfer.MRIsConvertData>
250329-15:17:41,858 nipype.workflow INFO:
	 [Node] Setting-up "_fs2gii0" in "/work_dir/fmriprep_24_0_wf/sub_29_wf/anat_fit_wf/gifti_spheres_wf/fs2gii/mapflow/_fs2gii0".
250329-15:17:41,859 nipype.workflow INFO:
	 [Node] Setting-up "_morphs2gii3" in "/work_dir/fmriprep_24_0_wf/sub_29_wf/anat_fit_wf/gifti_morphometrics_wf/morphs2gii/mapflow/_morphs2gii3".
250329-15:17:41,859 nipype.workflow INFO:
	 [Node] Cached "_fs2gii0" - collecting precomputed outputs
250329-15:17:41,859 nipype.workflow INFO:
	 [Node] "_fs2gii0" found cached.
250329-15:17:41,860 nipype.workflow INFO:
	 [Node] Setting-up "_fs2gii1" in "/work_dir/fmriprep_24_0_wf/sub_29_wf/anat_fit_wf/gifti_spheres_wf/fs2gii/mapflow/_fs2gii1".
250329-15:17:41,861 nipype.workflow INFO:
	 [Node] Executing "_morphs2gii3" <smriprep.interfaces.freesurfer.MRIsConvertData>
250329-15:17:41,861 nipype.workflow INFO:
	 [Node] Cached "_fs2gii1" - collecting precomputed outputs
250329-15:17:41,861 nipype.workflow INFO:
	 [Node] Setting-up "_fix_surfs0" in "/work_dir/fmriprep_24_0_wf/sub_29_wf/anat_fit_wf/gifti_surface_wf/fix_surfs/mapflow/_fix_surfs0".
250329-15:17:41,861 nipype.workflow INFO:
	 [Node] "_fs2gii1" found cached.
250329-15:17:41,862 nipype.workflow INFO:
	 [Node] Setting-up "_fs2gii2" in "/work_dir/fmriprep_24_0_wf/sub_29_wf/anat_fit_wf/gifti_spheres_wf/fs2gii/mapflow/_fs2gii2".
250329-15:17:41,863 nipype.workflow INFO:
	 [Node] Executing "_fix_surfs0" <smriprep.interfaces.surf.NormalizeSurf>
250329-15:17:41,863 nipype.workflow INFO:
	 [Node] Cached "_fs2gii2" - collecting precomputed outputs
250329-15:17:41,863 nipype.workflow INFO:
	 [Node] "_fs2gii2" found cached.
250329-15:17:41,864 nipype.workflow INFO:
	 [Node] Setting-up "_fs2gii3" in "/work_dir/fmriprep_24_0_wf/sub_29_wf/anat_fit_wf/gifti_spheres_wf/fs2gii/mapflow/_fs2gii3".
250329-15:17:41,865 nipype.workflow INFO:
	 [Node] Cached "_fs2gii3" - collecting precomputed outputs
250329-15:17:41,865 nipype.workflow INFO:
	 [Node] "_fs2gii3" found cached.
250329-15:17:41,865 nipype.workflow INFO:
	 [Node] Setting-up "_fix_surfs2" in "/work_dir/fmriprep_24_0_wf/sub_29_wf/anat_fit_wf/gifti_surface_wf/fix_surfs/mapflow/_fix_surfs2".
250329-15:17:41,867 nipype.workflow INFO:
	 [Node] Executing "_fix_surfs2" <smriprep.interfaces.surf.NormalizeSurf>
250329-15:17:42,149 nipype.workflow INFO:
	 [Node] Setting-up "_fix_surfs1" in "/work_dir/fmriprep_24_0_wf/sub_29_wf/anat_fit_wf/gifti_surface_wf/fix_surfs/mapflow/_fix_surfs1".
250329-15:17:42,151 nipype.workflow INFO:
	 [Node] Executing "_fix_surfs1" <smriprep.interfaces.surf.NormalizeSurf>
250329-15:17:42,698 nipype.workflow INFO:
	 [Node] Finished "_fix_surfs0", elapsed time 0.83414s.
250329-15:17:42,714 nipype.workflow INFO:
	 [Node] Finished "_fix_surfs2", elapsed time 0.84618s.
250329-15:17:43,302 nipype.workflow INFO:
	 [Node] Finished "_fix_surfs1", elapsed time 1.15057s.
250329-15:17:43,399 nipype.workflow INFO:
	 [Node] Finished "_morphs2gii3", elapsed time 1.537202s.
250329-15:17:43,653 nipype.workflow INFO:
	 [Node] Finished "_morphs2gii2", elapsed time 1.7960850000000002s.
250329-15:17:43,843 nipype.workflow INFO:
	 [Node] Setting-up "_morphs2gii0" in "/work_dir/fmriprep_24_0_wf/sub_29_wf/anat_fit_wf/gifti_morphometrics_wf/morphs2gii/mapflow/_morphs2gii0".
250329-15:17:43,844 nipype.workflow INFO:
	 [Node] Cached "_morphs2gii0" - collecting precomputed outputs
250329-15:17:43,844 nipype.workflow INFO:
	 [Node] "_morphs2gii0" found cached.
250329-15:17:43,845 nipype.workflow INFO:
	 [Node] Setting-up "_morphs2gii1" in "/work_dir/fmriprep_24_0_wf/sub_29_wf/anat_fit_wf/gifti_morphometrics_wf/morphs2gii/mapflow/_morphs2gii1".
250329-15:17:43,845 nipype.workflow INFO:
	 [Node] Cached "_morphs2gii1" - collecting precomputed outputs
250329-15:17:43,846 nipype.workflow INFO:
	 [Node] "_morphs2gii1" found cached.
250329-15:17:43,846 nipype.workflow INFO:
	 [Node] Setting-up "_morphs2gii2" in "/work_dir/fmriprep_24_0_wf/sub_29_wf/anat_fit_wf/gifti_morphometrics_wf/morphs2gii/mapflow/_morphs2gii2".
250329-15:17:43,847 nipype.workflow INFO:
	 [Node] Cached "_morphs2gii2" - collecting precomputed outputs
250329-15:17:43,847 nipype.workflow INFO:
	 [Node] "_morphs2gii2" found cached.
250329-15:17:43,848 nipype.workflow INFO:
	 [Node] Setting-up "_morphs2gii3" in "/work_dir/fmriprep_24_0_wf/sub_29_wf/anat_fit_wf/gifti_morphometrics_wf/morphs2gii/mapflow/_morphs2gii3".
250329-15:17:43,849 nipype.workflow INFO:
	 [Node] Cached "_morphs2gii3" - collecting precomputed outputs
250329-15:17:43,849 nipype.workflow INFO:
	 [Node] "_morphs2gii3" found cached.
250329-15:17:43,854 nipype.workflow INFO:
	 [Node] Setting-up "_fix_surfs4" in "/work_dir/fmriprep_24_0_wf/sub_29_wf/anat_fit_wf/gifti_surface_wf/fix_surfs/mapflow/_fix_surfs4".
250329-15:17:43,854 nipype.workflow INFO:
	 [Node] Setting-up "_fix_surfs5" in "/work_dir/fmriprep_24_0_wf/sub_29_wf/anat_fit_wf/gifti_surface_wf/fix_surfs/mapflow/_fix_surfs5".
250329-15:17:43,855 nipype.workflow INFO:
	 [Node] Executing "_fix_surfs4" <smriprep.interfaces.surf.NormalizeSurf>
250329-15:17:43,855 nipype.workflow INFO:
	 [Node] Executing "_fix_surfs5" <smriprep.interfaces.surf.NormalizeSurf>
250329-15:17:43,926 nipype.workflow INFO:
	 [Node] Setting-up "_fix_surfs3" in "/work_dir/fmriprep_24_0_wf/sub_29_wf/anat_fit_wf/gifti_surface_wf/fix_surfs/mapflow/_fix_surfs3".
250329-15:17:43,928 nipype.workflow INFO:
	 [Node] Executing "_fix_surfs3" <smriprep.interfaces.surf.NormalizeSurf>
250329-15:17:44,713 nipype.workflow INFO:
	 [Node] Finished "_fix_surfs4", elapsed time 0.857363s.
250329-15:17:44,713 nipype.workflow INFO:
	 [Node] Finished "_fix_surfs5", elapsed time 0.857309s.
250329-15:17:44,781 nipype.workflow INFO:
	 [Node] Finished "_fix_surfs3", elapsed time 0.852954s.
250329-15:17:45,899 nipype.workflow INFO:
	 [Node] Setting-up "_fix_surfs0" in "/work_dir/fmriprep_24_0_wf/sub_29_wf/anat_fit_wf/gifti_surface_wf/fix_surfs/mapflow/_fix_surfs0".
250329-15:17:45,900 nipype.workflow INFO:
	 [Node] Cached "_fix_surfs0" - collecting precomputed outputs
250329-15:17:45,900 nipype.workflow INFO:
	 [Node] "_fix_surfs0" found cached.
250329-15:17:45,901 nipype.workflow INFO:
	 [Node] Setting-up "_fix_surfs1" in "/work_dir/fmriprep_24_0_wf/sub_29_wf/anat_fit_wf/gifti_surface_wf/fix_surfs/mapflow/_fix_surfs1".
250329-15:17:45,902 nipype.workflow INFO:
	 [Node] Cached "_fix_surfs1" - collecting precomputed outputs
250329-15:17:45,902 nipype.workflow INFO:
	 [Node] "_fix_surfs1" found cached.
250329-15:17:45,903 nipype.workflow INFO:
	 [Node] Setting-up "_fix_surfs2" in "/work_dir/fmriprep_24_0_wf/sub_29_wf/anat_fit_wf/gifti_surface_wf/fix_surfs/mapflow/_fix_surfs2".
250329-15:17:45,903 nipype.workflow INFO:
	 [Node] Cached "_fix_surfs2" - collecting precomputed outputs
250329-15:17:45,903 nipype.workflow INFO:
	 [Node] "_fix_surfs2" found cached.
250329-15:17:45,904 nipype.workflow INFO:
	 [Node] Setting-up "_fix_surfs3" in "/work_dir/fmriprep_24_0_wf/sub_29_wf/anat_fit_wf/gifti_surface_wf/fix_surfs/mapflow/_fix_surfs3".
250329-15:17:45,905 nipype.workflow INFO:
	 [Node] Cached "_fix_surfs3" - collecting precomputed outputs
250329-15:17:45,905 nipype.workflow INFO:
	 [Node] "_fix_surfs3" found cached.
250329-15:17:45,906 nipype.workflow INFO:
	 [Node] Setting-up "_fix_surfs4" in "/work_dir/fmriprep_24_0_wf/sub_29_wf/anat_fit_wf/gifti_surface_wf/fix_surfs/mapflow/_fix_surfs4".
250329-15:17:45,907 nipype.workflow INFO:
	 [Node] Cached "_fix_surfs4" - collecting precomputed outputs
250329-15:17:45,907 nipype.workflow INFO:
	 [Node] "_fix_surfs4" found cached.
250329-15:17:45,907 nipype.workflow INFO:
	 [Node] Setting-up "_fix_surfs5" in "/work_dir/fmriprep_24_0_wf/sub_29_wf/anat_fit_wf/gifti_surface_wf/fix_surfs/mapflow/_fix_surfs5".
250329-15:17:45,908 nipype.workflow INFO:
	 [Node] Cached "_fix_surfs5" - collecting precomputed outputs
250329-15:17:45,908 nipype.workflow INFO:
	 [Node] "_fix_surfs5" found cached.
250329-15:17:46,6 nipype.workflow INFO:
	 [Node] Setting-up "_fix_surfs1" in "/work_dir/fmriprep_24_0_wf/sub_29_wf/anat_fit_wf/gifti_spheres_wf/fix_surfs/mapflow/_fix_surfs1".
250329-15:17:46,8 nipype.workflow INFO:
	 [Node] Executing "_fix_surfs1" <smriprep.interfaces.surf.NormalizeSurf>
250329-15:17:46,14 nipype.workflow INFO:
	 [Node] Setting-up "_fix_surfs2" in "/work_dir/fmriprep_24_0_wf/sub_29_wf/anat_fit_wf/gifti_spheres_wf/fix_surfs/mapflow/_fix_surfs2".
250329-15:17:46,17 nipype.workflow INFO:
	 [Node] Executing "_fix_surfs2" <smriprep.interfaces.surf.NormalizeSurf>
250329-15:17:46,52 nipype.workflow INFO:
	 [Node] Setting-up "_fix_surfs3" in "/work_dir/fmriprep_24_0_wf/sub_29_wf/anat_fit_wf/gifti_spheres_wf/fix_surfs/mapflow/_fix_surfs3".
250329-15:17:46,54 nipype.workflow INFO:
	 [Node] Executing "_fix_surfs3" <smriprep.interfaces.surf.NormalizeSurf>
250329-15:17:46,245 nipype.workflow INFO:
	 [Node] Setting-up "_fix_surfs0" in "/work_dir/fmriprep_24_0_wf/sub_29_wf/anat_fit_wf/gifti_spheres_wf/fix_surfs/mapflow/_fix_surfs0".
250329-15:17:46,247 nipype.workflow INFO:
	 [Node] Executing "_fix_surfs0" <smriprep.interfaces.surf.NormalizeSurf>
250329-15:17:46,879 nipype.workflow INFO:
	 [Node] Finished "_fix_surfs1", elapsed time 0.869956s.
250329-15:17:46,928 nipype.workflow INFO:
	 [Node] Finished "_fix_surfs3", elapsed time 0.873505s.
250329-15:17:46,938 nipype.workflow INFO:
	 [Node] Finished "_fix_surfs2", elapsed time 0.920208s.
250329-15:17:47,76 nipype.workflow INFO:
	 [Node] Finished "_fix_surfs0", elapsed time 0.828519s.
250329-15:17:47,859 nipype.workflow INFO:
	 [Node] Setting-up "_fix_surfs0" in "/work_dir/fmriprep_24_0_wf/sub_29_wf/anat_fit_wf/gifti_spheres_wf/fix_surfs/mapflow/_fix_surfs0".
250329-15:17:47,860 nipype.workflow INFO:
	 [Node] Cached "_fix_surfs0" - collecting precomputed outputs
250329-15:17:47,860 nipype.workflow INFO:
	 [Node] "_fix_surfs0" found cached.
250329-15:17:47,861 nipype.workflow INFO:
	 [Node] Setting-up "_fix_surfs1" in "/work_dir/fmriprep_24_0_wf/sub_29_wf/anat_fit_wf/gifti_spheres_wf/fix_surfs/mapflow/_fix_surfs1".
250329-15:17:47,861 nipype.workflow INFO:
	 [Node] Cached "_fix_surfs1" - collecting precomputed outputs
250329-15:17:47,861 nipype.workflow INFO:
	 [Node] "_fix_surfs1" found cached.
250329-15:17:47,862 nipype.workflow INFO:
	 [Node] Setting-up "_fix_surfs2" in "/work_dir/fmriprep_24_0_wf/sub_29_wf/anat_fit_wf/gifti_spheres_wf/fix_surfs/mapflow/_fix_surfs2".
250329-15:17:47,863 nipype.workflow INFO:
	 [Node] Cached "_fix_surfs2" - collecting precomputed outputs
250329-15:17:47,863 nipype.workflow INFO:
	 [Node] "_fix_surfs2" found cached.
250329-15:17:47,863 nipype.workflow INFO:
	 [Node] Setting-up "_fix_surfs3" in "/work_dir/fmriprep_24_0_wf/sub_29_wf/anat_fit_wf/gifti_spheres_wf/fix_surfs/mapflow/_fix_surfs3".
250329-15:17:47,864 nipype.workflow INFO:
	 [Node] Cached "_fix_surfs3" - collecting precomputed outputs
250329-15:17:47,864 nipype.workflow INFO:
	 [Node] "_fix_surfs3" found cached.
250329-15:17:50,855 nipype.workflow INFO:
	 [Node] Setting-up "_invert_sulc1" in "/work_dir/fmriprep_24_0_wf/sub_29_wf/anat_fit_wf/msm_sulc_wf/invert_sulc/mapflow/_invert_sulc1".
250329-15:17:50,856 nipype.workflow INFO:
	 [Node] Setting-up "_invert_sulc0" in "/work_dir/fmriprep_24_0_wf/sub_29_wf/anat_fit_wf/msm_sulc_wf/invert_sulc/mapflow/_invert_sulc0".
250329-15:17:50,857 nipype.workflow INFO:
	 [Node] Executing "_invert_sulc1" <smriprep.interfaces.gifti.MetricMath>
250329-15:17:50,857 nipype.workflow INFO:
	 [Node] Executing "_invert_sulc0" <smriprep.interfaces.gifti.MetricMath>
250329-15:17:50,911 nipype.workflow INFO:
	 [Node] Finished "_invert_sulc0", elapsed time 0.053094s.
250329-15:17:50,913 nipype.workflow INFO:
	 [Node] Finished "_invert_sulc1", elapsed time 0.054878s.
250329-15:17:52,305 nipype.workflow INFO:
	 [Node] Setting-up "_invert_sulc0" in "/work_dir/fmriprep_24_0_wf/sub_29_wf/anat_fit_wf/msm_sulc_wf/invert_sulc/mapflow/_invert_sulc0".
250329-15:17:52,306 nipype.workflow INFO:
	 [Node] Cached "_invert_sulc0" - collecting precomputed outputs
250329-15:17:52,307 nipype.workflow INFO:
	 [Node] "_invert_sulc0" found cached.
250329-15:17:52,307 nipype.workflow INFO:
	 [Node] Setting-up "_invert_sulc1" in "/work_dir/fmriprep_24_0_wf/sub_29_wf/anat_fit_wf/msm_sulc_wf/invert_sulc/mapflow/_invert_sulc1".
250329-15:17:52,308 nipype.workflow INFO:
	 [Node] Cached "_invert_sulc1" - collecting precomputed outputs
250329-15:17:52,308 nipype.workflow INFO:
	 [Node] "_invert_sulc1" found cached.
250329-15:17:53,366 nipype.workflow INFO:
	 [Node] Finished "recon_report", elapsed time 25.546923s.
250329-15:17:53,970 nipype.workflow INFO:
	 [Node] Setting-up "_create_pial_distvol0" in "/work_dir/fmriprep_24_0_wf/sub_29_wf/anat_fit_wf/anat_ribbon_wf/create_pial_distvol/mapflow/_create_pial_distvol0".
250329-15:17:53,972 nipype.workflow INFO:
	 [Node] Setting-up "_create_wm_distvol1" in "/work_dir/fmriprep_24_0_wf/sub_29_wf/anat_fit_wf/anat_ribbon_wf/create_wm_distvol/mapflow/_create_wm_distvol1".
250329-15:17:53,973 nipype.workflow INFO:
	 [Node] Executing "_create_pial_distvol0" <smriprep.interfaces.workbench.CreateSignedDistanceVolume>
250329-15:17:53,974 nipype.workflow INFO:
	 [Node] Executing "_create_wm_distvol1" <smriprep.interfaces.workbench.CreateSignedDistanceVolume>
250329-15:17:54,147 nipype.workflow INFO:
	 [Node] Setting-up "_create_pial_distvol1" in "/work_dir/fmriprep_24_0_wf/sub_29_wf/anat_fit_wf/anat_ribbon_wf/create_pial_distvol/mapflow/_create_pial_distvol1".
250329-15:17:54,149 nipype.workflow INFO:
	 [Node] Executing "_create_pial_distvol1" <smriprep.interfaces.workbench.CreateSignedDistanceVolume>
250329-15:17:55,811 nipype.workflow INFO:
	 [Node] Setting-up "_create_wm_distvol0" in "/work_dir/fmriprep_24_0_wf/sub_29_wf/anat_fit_wf/anat_ribbon_wf/create_wm_distvol/mapflow/_create_wm_distvol0".
250329-15:17:55,813 nipype.workflow INFO:
	 [Node] Executing "_create_wm_distvol0" <smriprep.interfaces.workbench.CreateSignedDistanceVolume>
250329-15:17:57,300 nipype.workflow INFO:
	 [Node] Setting-up "_project_unproject0" in "/work_dir/fmriprep_24_0_wf/sub_29_wf/anat_fit_wf/fsLR_reg_wf/project_unproject/mapflow/_project_unproject0".
250329-15:17:57,303 nipype.workflow INFO:
	 [Node] Executing "_project_unproject0" <smriprep.interfaces.workbench.SurfaceSphereProjectUnproject>
250329-15:17:57,305 nipype.workflow INFO:
	 [Node] Setting-up "_project_unproject1" in "/work_dir/fmriprep_24_0_wf/sub_29_wf/anat_fit_wf/fsLR_reg_wf/project_unproject/mapflow/_project_unproject1".
250329-15:17:57,307 nipype.workflow INFO:
	 [Node] Executing "_project_unproject1" <smriprep.interfaces.workbench.SurfaceSphereProjectUnproject>
250329-15:18:07,763 nipype.workflow INFO:
	 [Node] Finished "_project_unproject0", elapsed time 9.917959s.
250329-15:18:07,831 nipype.workflow INFO:
	 [Node] Finished "_project_unproject1", elapsed time 9.976792s.
250329-15:18:09,573 nipype.workflow INFO:
	 [Node] Setting-up "_project_unproject0" in "/work_dir/fmriprep_24_0_wf/sub_29_wf/anat_fit_wf/fsLR_reg_wf/project_unproject/mapflow/_project_unproject0".
250329-15:18:09,574 nipype.workflow INFO:
	 [Node] Cached "_project_unproject0" - collecting precomputed outputs
250329-15:18:09,574 nipype.workflow INFO:
	 [Node] "_project_unproject0" found cached.
250329-15:18:09,575 nipype.workflow INFO:
	 [Node] Setting-up "_project_unproject1" in "/work_dir/fmriprep_24_0_wf/sub_29_wf/anat_fit_wf/fsLR_reg_wf/project_unproject/mapflow/_project_unproject1".
250329-15:18:09,576 nipype.workflow INFO:
	 [Node] Cached "_project_unproject1" - collecting precomputed outputs
250329-15:18:09,576 nipype.workflow INFO:
	 [Node] "_project_unproject1" found cached.
250329-15:18:19,999 nipype.workflow INFO:
	 [Node] Setting-up "_regress_affine0" in "/work_dir/fmriprep_24_0_wf/sub_29_wf/anat_fit_wf/msm_sulc_wf/regress_affine/mapflow/_regress_affine0".
250329-15:18:20,1 nipype.workflow INFO:
	 [Node] Executing "_regress_affine0" <smriprep.interfaces.workbench.SurfaceAffineRegression>
250329-15:18:20,6 nipype.workflow INFO:
	 [Node] Setting-up "_regress_affine1" in "/work_dir/fmriprep_24_0_wf/sub_29_wf/anat_fit_wf/msm_sulc_wf/regress_affine/mapflow/_regress_affine1".
250329-15:18:20,8 nipype.workflow INFO:
	 [Node] Executing "_regress_affine1" <smriprep.interfaces.workbench.SurfaceAffineRegression>
250329-15:18:22,32 nipype.workflow INFO:
	 [Node] Finished "_regress_affine0", elapsed time 1.529908s.
250329-15:18:22,292 nipype.workflow INFO:
	 [Node] Finished "_regress_affine1", elapsed time 1.7023760000000001s.
250329-15:18:24,12 nipype.workflow INFO:
	 [Node] Setting-up "_regress_affine0" in "/work_dir/fmriprep_24_0_wf/sub_29_wf/anat_fit_wf/msm_sulc_wf/regress_affine/mapflow/_regress_affine0".
250329-15:18:24,13 nipype.workflow INFO:
	 [Node] Cached "_regress_affine0" - collecting precomputed outputs
250329-15:18:24,13 nipype.workflow INFO:
	 [Node] "_regress_affine0" found cached.
250329-15:18:24,14 nipype.workflow INFO:
	 [Node] Setting-up "_regress_affine1" in "/work_dir/fmriprep_24_0_wf/sub_29_wf/anat_fit_wf/msm_sulc_wf/regress_affine/mapflow/_regress_affine1".
250329-15:18:24,15 nipype.workflow INFO:
	 [Node] Cached "_regress_affine1" - collecting precomputed outputs
250329-15:18:24,15 nipype.workflow INFO:
	 [Node] "_regress_affine1" found cached.
250329-15:18:27,998 nipype.workflow INFO:
	 [Node] Setting-up "_apply_surface_affine0" in "/work_dir/fmriprep_24_0_wf/sub_29_wf/anat_fit_wf/msm_sulc_wf/apply_surface_affine/mapflow/_apply_surface_affine0".
250329-15:18:28,0 nipype.workflow INFO:
	 [Node] Executing "_apply_surface_affine0" <smriprep.interfaces.workbench.SurfaceApplyAffine>
250329-15:18:28,9 nipype.workflow INFO:
	 [Node] Setting-up "_apply_surface_affine1" in "/work_dir/fmriprep_24_0_wf/sub_29_wf/anat_fit_wf/msm_sulc_wf/apply_surface_affine/mapflow/_apply_surface_affine1".
250329-15:18:28,11 nipype.workflow INFO:
	 [Node] Executing "_apply_surface_affine1" <smriprep.interfaces.workbench.SurfaceApplyAffine>
250329-15:18:32,991 nipype.workflow INFO:
	 [Node] Finished "_apply_surface_affine0", elapsed time 4.469241s.
250329-15:18:33,7 nipype.workflow INFO:
	 [Node] Finished "_apply_surface_affine1", elapsed time 4.518342s.
250329-15:18:34,12 nipype.workflow INFO:
	 [Node] Setting-up "_apply_surface_affine0" in "/work_dir/fmriprep_24_0_wf/sub_29_wf/anat_fit_wf/msm_sulc_wf/apply_surface_affine/mapflow/_apply_surface_affine0".
250329-15:18:34,13 nipype.workflow INFO:
	 [Node] Cached "_apply_surface_affine0" - collecting precomputed outputs
250329-15:18:34,13 nipype.workflow INFO:
	 [Node] "_apply_surface_affine0" found cached.
250329-15:18:34,14 nipype.workflow INFO:
	 [Node] Setting-up "_apply_surface_affine1" in "/work_dir/fmriprep_24_0_wf/sub_29_wf/anat_fit_wf/msm_sulc_wf/apply_surface_affine/mapflow/_apply_surface_affine1".
250329-15:18:34,15 nipype.workflow INFO:
	 [Node] Cached "_apply_surface_affine1" - collecting precomputed outputs
250329-15:18:34,15 nipype.workflow INFO:
	 [Node] "_apply_surface_affine1" found cached.
250329-15:18:38,0 nipype.workflow INFO:
	 [Node] Setting-up "_modify_sphere0" in "/work_dir/fmriprep_24_0_wf/sub_29_wf/anat_fit_wf/msm_sulc_wf/modify_sphere/mapflow/_modify_sphere0".
250329-15:18:38,2 nipype.workflow INFO:
	 [Node] Executing "_modify_sphere0" <smriprep.interfaces.workbench.SurfaceModifySphere>
250329-15:18:38,8 nipype.workflow INFO:
	 [Node] Setting-up "_modify_sphere1" in "/work_dir/fmriprep_24_0_wf/sub_29_wf/anat_fit_wf/msm_sulc_wf/modify_sphere/mapflow/_modify_sphere1".
250329-15:18:38,9 nipype.workflow INFO:
	 [Node] Executing "_modify_sphere1" <smriprep.interfaces.workbench.SurfaceModifySphere>
250329-15:18:42,247 nipype.workflow INFO:
	 [Node] Finished "_modify_sphere1", elapsed time 3.634099s.
250329-15:18:42,527 nipype.workflow INFO:
	 [Node] Finished "_modify_sphere0", elapsed time 3.8953290000000003s.
250329-15:18:43,847 nipype.workflow INFO:
	 [Node] Setting-up "_modify_sphere0" in "/work_dir/fmriprep_24_0_wf/sub_29_wf/anat_fit_wf/msm_sulc_wf/modify_sphere/mapflow/_modify_sphere0".
250329-15:18:43,848 nipype.workflow INFO:
	 [Node] Cached "_modify_sphere0" - collecting precomputed outputs
250329-15:18:43,848 nipype.workflow INFO:
	 [Node] "_modify_sphere0" found cached.
250329-15:18:43,849 nipype.workflow INFO:
	 [Node] Setting-up "_modify_sphere1" in "/work_dir/fmriprep_24_0_wf/sub_29_wf/anat_fit_wf/msm_sulc_wf/modify_sphere/mapflow/_modify_sphere1".
250329-15:18:43,849 nipype.workflow INFO:
	 [Node] Cached "_modify_sphere1" - collecting precomputed outputs
250329-15:18:43,849 nipype.workflow INFO:
	 [Node] "_modify_sphere1" found cached.
250329-15:18:44,628 nipype.workflow INFO:
	 [Node] Finished "mri_coreg", elapsed time 76.731127s.
250329-15:18:46,25 nipype.workflow INFO:
	 [Node] Setting-up "fmriprep_24_0_wf.sub_29_wf.bold_task_bird_run_3_wf.bold_fit_wf.bold_reg_wf.bbreg_wf.bbregister" in "/work_dir/fmriprep_24_0_wf/sub_29_wf/bold_task_bird_run_3_wf/bold_fit_wf/bold_reg_wf/bbreg_wf/bbregister".
250329-15:18:46,31 nipype.workflow INFO:
	 [Node] Executing "bbregister" <nipype.interfaces.freesurfer.preprocess.BBRegister>
250329-15:18:46,238 nipype.workflow INFO:
	 [Node] Setting-up "fmriprep_24_0_wf.sub_29_wf.bold_task_bird_run_4_wf.bold_fit_wf.bold_reg_wf.bbreg_wf.mri_coreg" in "/work_dir/fmriprep_24_0_wf/sub_29_wf/bold_task_bird_run_4_wf/bold_fit_wf/bold_reg_wf/bbreg_wf/mri_coreg".
250329-15:18:46,242 nipype.workflow INFO:
	 [Node] Executing "mri_coreg" <fmriprep.interfaces.patches.MRICoreg>
250329-15:18:48,18 nipype.workflow INFO:
	 [Node] Setting-up "_msmsulc0" in "/work_dir/fmriprep_24_0_wf/sub_29_wf/anat_fit_wf/msm_sulc_wf/msmsulc/mapflow/_msmsulc0".
250329-15:18:48,20 nipype.workflow INFO:
	 [Node] Executing "_msmsulc0" <smriprep.interfaces.msm.MSM>
250329-15:18:48,21 nipype.workflow INFO:
	 [Node] Setting-up "_msmsulc1" in "/work_dir/fmriprep_24_0_wf/sub_29_wf/anat_fit_wf/msm_sulc_wf/msmsulc/mapflow/_msmsulc1".
250329-15:18:48,24 nipype.workflow INFO:
	 [Node] Executing "_msmsulc1" <smriprep.interfaces.msm.MSM>
250329-15:18:55,492 nipype.workflow INFO:
	 [Node] Finished "mri_coreg", elapsed time 87.665421s.
250329-15:18:57,848 nipype.workflow INFO:
	 [Node] Setting-up "fmriprep_24_0_wf.sub_29_wf.bold_task_bird_run_5_wf.bold_fit_wf.bold_reg_wf.bbreg_wf.mri_coreg" in "/work_dir/fmriprep_24_0_wf/sub_29_wf/bold_task_bird_run_5_wf/bold_fit_wf/bold_reg_wf/bbreg_wf/mri_coreg".
250329-15:18:57,852 nipype.workflow INFO:
	 [Node] Executing "mri_coreg" <fmriprep.interfaces.patches.MRICoreg>
250329-15:18:58,268 nipype.workflow INFO:
	 [Node] Finished "mri_coreg", elapsed time 90.368219s.
250329-15:18:59,681 nipype.workflow INFO:
	 [Node] Setting-up "fmriprep_24_0_wf.sub_29_wf.bold_task_bird_run_6_wf.bold_fit_wf.bold_reg_wf.bbreg_wf.mri_coreg" in "/work_dir/fmriprep_24_0_wf/sub_29_wf/bold_task_bird_run_6_wf/bold_fit_wf/bold_reg_wf/bbreg_wf/mri_coreg".
250329-15:18:59,685 nipype.workflow INFO:
	 [Node] Executing "mri_coreg" <fmriprep.interfaces.patches.MRICoreg>
250329-15:19:01,933 nipype.workflow INFO:
	 [Node] Finished "refine", elapsed time 84.588093s.
250329-15:19:03,673 nipype.workflow INFO:
	 [Node] Setting-up "fmriprep_24_0_wf.sub_29_wf.bold_task_bird_run_1_wf.bold_fit_wf.bold_reg_wf.bbreg_wf.bbregister" in "/work_dir/fmriprep_24_0_wf/sub_29_wf/bold_task_bird_run_1_wf/bold_fit_wf/bold_reg_wf/bbreg_wf/bbregister".
250329-15:19:03,680 nipype.workflow INFO:
	 [Node] Executing "bbregister" <nipype.interfaces.freesurfer.preprocess.BBRegister>
250329-15:19:46,363 nipype.workflow INFO:
	 [Node] Finished "_create_wm_distvol0", elapsed time 110.064768s.
250329-15:19:47,677 nipype.workflow INFO:
	 [Node] Setting-up "fmriprep_24_0_wf.sub_29_wf.bold_task_bird_run_2_wf.bold_fit_wf.bold_reg_wf.bbreg_wf.bbregister" in "/work_dir/fmriprep_24_0_wf/sub_29_wf/bold_task_bird_run_2_wf/bold_fit_wf/bold_reg_wf/bbreg_wf/bbregister".
250329-15:19:47,683 nipype.workflow INFO:
	 [Node] Executing "bbregister" <nipype.interfaces.freesurfer.preprocess.BBRegister>
250329-15:19:55,744 nipype.workflow INFO:
	 [Node] Finished "_create_wm_distvol1", elapsed time 121.253375s.
250329-15:19:57,855 nipype.workflow INFO:
	 [Node] Setting-up "fmriprep_24_0_wf.sub_29_wf.anat_fit_wf.applyrefined" in "/work_dir/fmriprep_24_0_wf/sub_29_wf/anat_fit_wf/applyrefined".
250329-15:19:58,828 nipype.workflow INFO:
	 [Node] Executing "applyrefined" <nipype.interfaces.fsl.maths.ApplyMask>
250329-15:20:08,748 nipype.workflow INFO:
	 [Node] Finished "applyrefined", elapsed time 9.919325s.
250329-15:20:09,823 nipype.workflow INFO:
	 [Node] Finished "bbregister", elapsed time 83.791509s.
250329-15:20:12,714 nipype.workflow INFO:
	 [Node] Setting-up "_create_wm_distvol0" in "/work_dir/fmriprep_24_0_wf/sub_29_wf/anat_fit_wf/anat_ribbon_wf/create_wm_distvol/mapflow/_create_wm_distvol0".
250329-15:20:12,715 nipype.workflow INFO:
	 [Node] Cached "_create_wm_distvol0" - collecting precomputed outputs
250329-15:20:12,715 nipype.workflow INFO:
	 [Node] "_create_wm_distvol0" found cached.
250329-15:20:12,716 nipype.workflow INFO:
	 [Node] Setting-up "_create_wm_distvol1" in "/work_dir/fmriprep_24_0_wf/sub_29_wf/anat_fit_wf/anat_ribbon_wf/create_wm_distvol/mapflow/_create_wm_distvol1".
250329-15:20:12,717 nipype.workflow INFO:
	 [Node] Cached "_create_wm_distvol1" - collecting precomputed outputs
250329-15:20:12,717 nipype.workflow INFO:
	 [Node] "_create_wm_distvol1" found cached.
250329-15:20:13,867 nipype.workflow INFO:
	 [Node] Setting-up "fmriprep_24_0_wf.sub_29_wf.anat_fit_wf.fast" in "/work_dir/fmriprep_24_0_wf/sub_29_wf/anat_fit_wf/fast".
250329-15:20:13,870 nipype.workflow INFO:
	 [Node] Executing "fast" <nipype.interfaces.fsl.preprocess.FAST>
250329-15:20:13,871 nipype.workflow INFO:
	 [Node] Setting-up "fmriprep_24_0_wf.sub_29_wf.bold_task_bird_run_1_wf.bold_anat_wf.gen_ref" in "/work_dir/fmriprep_24_0_wf/sub_29_wf/bold_task_bird_run_1_wf/bold_anat_wf/gen_ref".
250329-15:20:13,875 nipype.workflow INFO:
	 [Node] Executing "gen_ref" <niworkflows.interfaces.nibabel.GenerateSamplingReference>
250329-15:20:14,519 nipype.workflow INFO:
	 [Node] Finished "_create_pial_distvol1", elapsed time 139.999162s.
250329-15:20:15,441 nipype.workflow INFO:
	 [Node] Setting-up "fmriprep_24_0_wf.sub_29_wf.bold_task_bird_run_3_wf.bold_fit_wf.bold_reg_wf.bbreg_wf.compare_transforms" in "/work_dir/fmriprep_24_0_wf/sub_29_wf/bold_task_bird_run_3_wf/bold_fit_wf/bold_reg_wf/bbreg_wf/compare_transforms".
250329-15:20:15,444 nipype.workflow INFO:
	 [Node] Executing "compare_transforms" <nipype.interfaces.utility.wrappers.Function>
250329-15:20:15,456 nipype.workflow INFO:
	 [Node] Finished "compare_transforms", elapsed time 0.011257s.
250329-15:20:18,964 nipype.workflow INFO:
	 [Node] Setting-up "fmriprep_24_0_wf.sub_29_wf.bold_task_bird_run_2_wf.bold_anat_wf.gen_ref" in "/work_dir/fmriprep_24_0_wf/sub_29_wf/bold_task_bird_run_2_wf/bold_anat_wf/gen_ref".
250329-15:20:18,968 nipype.workflow INFO:
	 [Node] Executing "gen_ref" <niworkflows.interfaces.nibabel.GenerateSamplingReference>
250329-15:20:39,153 nipype.workflow INFO:
	 [Node] Finished "gen_ref", elapsed time 25.277154s.
250329-15:20:40,440 nipype.workflow INFO:
	 [Node] Finished "mri_coreg", elapsed time 114.197038s.
250329-15:20:41,390 nipype.workflow INFO:
	 [Node] Setting-up "fmriprep_24_0_wf.sub_29_wf.bold_task_bird_run_4_wf.bold_fit_wf.bold_reg_wf.bbreg_wf.bbregister" in "/work_dir/fmriprep_24_0_wf/sub_29_wf/bold_task_bird_run_4_wf/bold_fit_wf/bold_reg_wf/bbreg_wf/bbregister".
250329-15:20:41,395 nipype.workflow INFO:
	 [Node] Executing "bbregister" <nipype.interfaces.freesurfer.preprocess.BBRegister>
250329-15:20:41,397 nipype.workflow INFO:
	 [Node] Setting-up "fmriprep_24_0_wf.sub_29_wf.anat_fit_wf.register_template_wf.registration" in "/work_dir/fmriprep_24_0_wf/sub_29_wf/anat_fit_wf/register_template_wf/_template_MNI152NLin2009cAsym/registration".
250329-15:20:41,404 nipype.workflow INFO:
	 [Node] Executing "registration" <niworkflows.interfaces.norm.SpatialNormalization>
250329-15:20:41,422 nipype.workflow INFO:
	 [Node] Finished "mri_coreg", elapsed time 101.735625s.
250329-15:20:41,551 nipype.workflow INFO:
	 [Node] Finished "mri_coreg", elapsed time 103.698258s.
250329-15:20:42,232 nipype.workflow INFO:
	 [Node] Finished "bbregister", elapsed time 98.551343s.
250329-15:20:42,304 nipype.workflow INFO:
	 [Node] Finished "gen_ref", elapsed time 23.334839s.
250329-15:20:43,169 nipype.workflow INFO:
	 [Node] Setting-up "fmriprep_24_0_wf.sub_29_wf.bold_task_bird_run_5_wf.bold_fit_wf.bold_reg_wf.bbreg_wf.bbregister" in "/work_dir/fmriprep_24_0_wf/sub_29_wf/bold_task_bird_run_5_wf/bold_fit_wf/bold_reg_wf/bbreg_wf/bbregister".
250329-15:20:43,170 nipype.workflow INFO:
	 [Node] Setting-up "fmriprep_24_0_wf.sub_29_wf.bold_task_bird_run_6_wf.bold_fit_wf.bold_reg_wf.bbreg_wf.bbregister" in "/work_dir/fmriprep_24_0_wf/sub_29_wf/bold_task_bird_run_6_wf/bold_fit_wf/bold_reg_wf/bbreg_wf/bbregister".
250329-15:20:43,180 nipype.workflow INFO:
	 [Node] Executing "bbregister" <nipype.interfaces.freesurfer.preprocess.BBRegister>
250329-15:20:43,183 nipype.workflow INFO:
	 [Node] Executing "bbregister" <nipype.interfaces.freesurfer.preprocess.BBRegister>
250329-15:20:43,383 nipype.workflow INFO:
	 [Node] Setting-up "fmriprep_24_0_wf.sub_29_wf.bold_task_bird_run_3_wf.bold_anat_wf.gen_ref" in "/work_dir/fmriprep_24_0_wf/sub_29_wf/bold_task_bird_run_3_wf/bold_anat_wf/gen_ref".
250329-15:20:43,384 nipype.workflow INFO:
	 [Node] Setting-up "fmriprep_24_0_wf.sub_29_wf.bold_task_bird_run_4_wf.bold_anat_wf.gen_ref" in "/work_dir/fmriprep_24_0_wf/sub_29_wf/bold_task_bird_run_4_wf/bold_anat_wf/gen_ref".
250329-15:20:43,387 nipype.workflow INFO:
	 [Node] Executing "gen_ref" <niworkflows.interfaces.nibabel.GenerateSamplingReference>
250329-15:20:43,388 nipype.workflow INFO:
	 [Node] Executing "gen_ref" <niworkflows.interfaces.nibabel.GenerateSamplingReference>
250329-15:20:43,390 nipype.workflow INFO:
	 [Node] Setting-up "fmriprep_24_0_wf.sub_29_wf.bold_task_bird_run_5_wf.bold_anat_wf.gen_ref" in "/work_dir/fmriprep_24_0_wf/sub_29_wf/bold_task_bird_run_5_wf/bold_anat_wf/gen_ref".
250329-15:20:43,393 nipype.workflow INFO:
	 [Node] Setting-up "fmriprep_24_0_wf.sub_29_wf.bold_task_bird_run_6_wf.bold_anat_wf.gen_ref" in "/work_dir/fmriprep_24_0_wf/sub_29_wf/bold_task_bird_run_6_wf/bold_anat_wf/gen_ref".
250329-15:20:43,394 nipype.workflow INFO:
	 [Node] Executing "gen_ref" <niworkflows.interfaces.nibabel.GenerateSamplingReference>
250329-15:20:43,397 nipype.workflow INFO:
	 [Node] Executing "gen_ref" <niworkflows.interfaces.nibabel.GenerateSamplingReference>
250329-15:20:45,373 nipype.workflow INFO:
	 [Node] Setting-up "fmriprep_24_0_wf.sub_29_wf.bold_task_bird_run_1_wf.bold_fit_wf.bold_reg_wf.bbreg_wf.compare_transforms" in "/work_dir/fmriprep_24_0_wf/sub_29_wf/bold_task_bird_run_1_wf/bold_fit_wf/bold_reg_wf/bbreg_wf/compare_transforms".
250329-15:20:45,375 nipype.workflow INFO:
	 [Node] Executing "compare_transforms" <nipype.interfaces.utility.wrappers.Function>
250329-15:20:45,386 nipype.workflow INFO:
	 [Node] Finished "compare_transforms", elapsed time 0.010242s.
250329-15:20:45,387 nipype.workflow INFO:
	 [Node] Setting-up "fmriprep_24_0_wf.sub_29_wf.bold_task_bird_run_3_wf.bold_fit_wf.bold_reg_wf.bbreg_wf.concat_xfm" in "/work_dir/fmriprep_24_0_wf/sub_29_wf/bold_task_bird_run_3_wf/bold_fit_wf/bold_reg_wf/bbreg_wf/concat_xfm".
250329-15:20:45,390 nipype.workflow INFO:
	 [Node] Executing "concat_xfm" <niworkflows.interfaces.nitransforms.ConcatenateXFMs>
250329-15:20:45,396 nipype.workflow INFO:
	 [Node] Finished "concat_xfm", elapsed time 0.005192s.
250329-15:20:49,161 nipype.workflow INFO:
	 [Node] Finished "_create_pial_distvol0", elapsed time 174.693875s.
250329-15:20:50,177 nipype.workflow INFO:
	 [Node] Setting-up "fmriprep_24_0_wf.sub_29_wf.bold_task_bird_run_3_wf.bold_fit_wf.func_fit_reports_wf.t1w_boldref" in "/work_dir/fmriprep_24_0_wf/sub_29_wf/bold_task_bird_run_3_wf/bold_fit_wf/func_fit_reports_wf/t1w_boldref".
250329-15:20:50,183 nipype.workflow INFO:
	 [Node] Executing "t1w_boldref" <niworkflows.interfaces.fixes.FixHeaderApplyTransforms>
250329-15:20:50,569 nipype.workflow INFO:
	 [Node] Setting-up "fmriprep_24_0_wf.sub_29_wf.bold_task_bird_run_3_wf.bold_confounds_wf.t1w_mask_tfm" in "/work_dir/fmriprep_24_0_wf/sub_29_wf/bold_task_bird_run_3_wf/bold_confounds_wf/t1w_mask_tfm".
250329-15:20:50,574 nipype.workflow INFO:
	 [Node] Executing "t1w_mask_tfm" <niworkflows.interfaces.fixes.FixHeaderApplyTransforms>
250329-15:20:51,553 nipype.workflow INFO:
	 [Node] Setting-up "_create_pial_distvol0" in "/work_dir/fmriprep_24_0_wf/sub_29_wf/anat_fit_wf/anat_ribbon_wf/create_pial_distvol/mapflow/_create_pial_distvol0".
250329-15:20:51,554 nipype.workflow INFO:
	 [Node] Cached "_create_pial_distvol0" - collecting precomputed outputs
250329-15:20:51,554 nipype.workflow INFO:
	 [Node] Setting-up "fmriprep_24_0_wf.sub_29_wf.bold_task_bird_run_1_wf.bold_fit_wf.bold_reg_wf.bbreg_wf.concat_xfm" in "/work_dir/fmriprep_24_0_wf/sub_29_wf/bold_task_bird_run_1_wf/bold_fit_wf/bold_reg_wf/bbreg_wf/concat_xfm".
250329-15:20:51,554 nipype.workflow INFO:
	 [Node] "_create_pial_distvol0" found cached.
250329-15:20:51,555 nipype.workflow INFO:
	 [Node] Setting-up "_create_pial_distvol1" in "/work_dir/fmriprep_24_0_wf/sub_29_wf/anat_fit_wf/anat_ribbon_wf/create_pial_distvol/mapflow/_create_pial_distvol1".
250329-15:20:51,556 nipype.workflow INFO:
	 [Node] Cached "_create_pial_distvol1" - collecting precomputed outputs
250329-15:20:51,556 nipype.workflow INFO:
	 [Node] "_create_pial_distvol1" found cached.
250329-15:20:51,557 nipype.workflow INFO:
	 [Node] Executing "concat_xfm" <niworkflows.interfaces.nitransforms.ConcatenateXFMs>
250329-15:20:51,563 nipype.workflow INFO:
	 [Node] Finished "concat_xfm", elapsed time 0.005231s.
250329-15:20:53,967 nipype.workflow INFO:
	 [Node] Setting-up "fmriprep_24_0_wf.sub_29_wf.anat_fit_wf.anat_ribbon_wf.make_ribbon" in "/work_dir/fmriprep_24_0_wf/sub_29_wf/anat_fit_wf/anat_ribbon_wf/make_ribbon".
250329-15:20:53,970 nipype.workflow INFO:
	 [Node] Executing "make_ribbon" <smriprep.interfaces.surf.MakeRibbon>
250329-15:20:55,527 nipype.workflow INFO:
	 [Node] Setting-up "fmriprep_24_0_wf.sub_29_wf.bold_task_bird_run_1_wf.bold_fit_wf.func_fit_reports_wf.t1w_boldref" in "/work_dir/fmriprep_24_0_wf/sub_29_wf/bold_task_bird_run_1_wf/bold_fit_wf/func_fit_reports_wf/t1w_boldref".
250329-15:20:55,531 nipype.workflow INFO:
	 [Node] Executing "t1w_boldref" <niworkflows.interfaces.fixes.FixHeaderApplyTransforms>
250329-15:20:56,105 nipype.workflow INFO:
	 [Node] Finished "gen_ref", elapsed time 12.716569s.
250329-15:20:56,122 nipype.workflow INFO:
	 [Node] Setting-up "fmriprep_24_0_wf.sub_29_wf.bold_task_bird_run_1_wf.bold_confounds_wf.t1w_mask_tfm" in "/work_dir/fmriprep_24_0_wf/sub_29_wf/bold_task_bird_run_1_wf/bold_confounds_wf/t1w_mask_tfm".
250329-15:20:56,126 nipype.workflow INFO:
	 [Node] Executing "t1w_mask_tfm" <niworkflows.interfaces.fixes.FixHeaderApplyTransforms>
250329-15:20:56,878 nipype.workflow INFO:
	 [Node] Finished "make_ribbon", elapsed time 2.907465s.
250329-15:20:57,191 nipype.workflow INFO:
	 [Node] Finished "gen_ref", elapsed time 13.79363s.
250329-15:20:58,232 nipype.workflow INFO:
	 [Node] Finished "gen_ref", elapsed time 14.844496s.
250329-15:21:02,101 nipype.workflow INFO:
	 [Node] Finished "t1w_boldref", elapsed time 11.916923s.
250329-15:21:02,807 nipype.workflow INFO:
	 [Node] Finished "t1w_mask_tfm", elapsed time 12.232269s.
250329-15:21:02,826 nipype.workflow INFO:
	 [Node] Finished "gen_ref", elapsed time 19.430441s.
250329-15:21:03,398 nipype.workflow INFO:
	 [Node] Setting-up "fmriprep_24_0_wf.sub_29_wf.bold_task_bird_run_3_wf.bold_confounds_wf.union_mask" in "/work_dir/fmriprep_24_0_wf/sub_29_wf/bold_task_bird_run_3_wf/bold_confounds_wf/union_mask".
250329-15:21:03,401 nipype.workflow INFO:
	 [Node] Executing "union_mask" <nipype.interfaces.utility.wrappers.Function>
250329-15:21:03,411 nipype.workflow INFO:
	 [Node] Setting-up "fmriprep_24_0_wf.sub_29_wf.bold_task_bird_run_1_wf.bold_anat_wf.resample" in "/work_dir/fmriprep_24_0_wf/sub_29_wf/bold_task_bird_run_1_wf/bold_anat_wf/resample".
250329-15:21:03,416 nipype.workflow INFO:
	 [Node] Executing "resample" <fmriprep.interfaces.resampling.ResampleSeries>
250329-15:21:03,552 nipype.workflow INFO:
	 [Node] Finished "union_mask", elapsed time 0.15043s.
250329-15:21:05,54 nipype.workflow INFO:
	 [Node] Finished "t1w_boldref", elapsed time 9.521923s.
250329-15:21:05,401 nipype.workflow INFO:
	 [Node] Setting-up "fmriprep_24_0_wf.sub_29_wf.bold_task_bird_run_3_wf.bold_confounds_wf.dilated_mask" in "/work_dir/fmriprep_24_0_wf/sub_29_wf/bold_task_bird_run_3_wf/bold_confounds_wf/dilated_mask".
250329-15:21:05,403 nipype.workflow INFO:
	 [Node] Executing "dilated_mask" <niworkflows.interfaces.morphology.BinaryDilation>
250329-15:21:05,576 nipype.workflow INFO:
	 [Node] Finished "dilated_mask", elapsed time 0.172627s.
250329-15:21:07,432 nipype.workflow INFO:
	 [Node] Setting-up "fmriprep_24_0_wf.sub_29_wf.bold_task_bird_run_3_wf.bold_anat_wf.resample" in "/work_dir/fmriprep_24_0_wf/sub_29_wf/bold_task_bird_run_3_wf/bold_anat_wf/resample".
250329-15:21:07,436 nipype.workflow INFO:
	 [Node] Executing "resample" <fmriprep.interfaces.resampling.ResampleSeries>
250329-15:21:07,603 nipype.workflow INFO:
	 [Node] Finished "t1w_mask_tfm", elapsed time 11.476072s.
250329-15:21:09,436 nipype.workflow INFO:
	 [Node] Setting-up "fmriprep_24_0_wf.sub_29_wf.bold_task_bird_run_1_wf.bold_confounds_wf.union_mask" in "/work_dir/fmriprep_24_0_wf/sub_29_wf/bold_task_bird_run_1_wf/bold_confounds_wf/union_mask".
250329-15:21:09,439 nipype.workflow INFO:
	 [Node] Executing "union_mask" <nipype.interfaces.utility.wrappers.Function>
250329-15:21:09,524 nipype.workflow INFO:
	 [Node] Finished "union_mask", elapsed time 0.083741s.
250329-15:21:11,415 nipype.workflow INFO:
	 [Node] Setting-up "fmriprep_24_0_wf.sub_29_wf.bold_task_bird_run_1_wf.bold_confounds_wf.dilated_mask" in "/work_dir/fmriprep_24_0_wf/sub_29_wf/bold_task_bird_run_1_wf/bold_confounds_wf/dilated_mask".
250329-15:21:11,417 nipype.workflow INFO:
	 [Node] Executing "dilated_mask" <niworkflows.interfaces.morphology.BinaryDilation>
250329-15:21:11,651 nipype.workflow INFO:
	 [Node] Finished "dilated_mask", elapsed time 0.232566s.
250329-15:21:13,768 nipype.workflow INFO:
	 [Node] Setting-up "fmriprep_24_0_wf.sub_29_wf.bold_task_bird_run_1_wf.bold_confounds_wf.subtract_mask" in "/work_dir/fmriprep_24_0_wf/sub_29_wf/bold_task_bird_run_1_wf/bold_confounds_wf/subtract_mask".
250329-15:21:13,771 nipype.workflow INFO:
	 [Node] Executing "subtract_mask" <niworkflows.interfaces.morphology.BinarySubtraction>
250329-15:21:13,856 nipype.workflow INFO:
	 [Node] Finished "subtract_mask", elapsed time 0.084028s.
250329-15:21:15,585 nipype.workflow INFO:
	 [Node] Setting-up "fmriprep_24_0_wf.sub_29_wf.bold_task_bird_run_3_wf.bold_confounds_wf.subtract_mask" in "/work_dir/fmriprep_24_0_wf/sub_29_wf/bold_task_bird_run_3_wf/bold_confounds_wf/subtract_mask".
250329-15:21:15,588 nipype.workflow INFO:
	 [Node] Executing "subtract_mask" <niworkflows.interfaces.morphology.BinarySubtraction>
250329-15:21:15,673 nipype.workflow INFO:
	 [Node] Finished "subtract_mask", elapsed time 0.083897s.
250329-15:21:17,751 nipype.workflow INFO:
	 [Node] Setting-up "fmriprep_24_0_wf.sub_29_wf.bold_task_bird_run_1_wf.bold_confounds_wf.crowncompcor" in "/work_dir/fmriprep_24_0_wf/sub_29_wf/bold_task_bird_run_1_wf/bold_confounds_wf/crowncompcor".
250329-15:21:18,76 nipype.workflow INFO:
	 [Node] Executing "crowncompcor" <niworkflows.interfaces.patches.RobustACompCor>
250329-15:21:39,625 nipype.workflow INFO:
	 [Node] Finished "crowncompcor", elapsed time 21.548108s.
250329-15:21:41,402 nipype.workflow INFO:
	 [Node] Setting-up "fmriprep_24_0_wf.sub_29_wf.bold_task_bird_run_3_wf.bold_confounds_wf.crowncompcor" in "/work_dir/fmriprep_24_0_wf/sub_29_wf/bold_task_bird_run_3_wf/bold_confounds_wf/crowncompcor".
250329-15:21:41,407 nipype.workflow INFO:
	 [Node] Executing "crowncompcor" <niworkflows.interfaces.patches.RobustACompCor>
250329-15:21:53,373 nipype.workflow INFO:
	 [Node] Finished "crowncompcor", elapsed time 11.965079s.
250329-15:21:55,491 nipype.workflow INFO:
	 [Node] Setting-up "fmriprep_24_0_wf.sub_29_wf.bold_task_bird_run_1_wf.bold_confounds_wf.crowncc_metadata_fmt" in "/work_dir/fmriprep_24_0_wf/sub_29_wf/bold_task_bird_run_1_wf/bold_confounds_wf/crowncc_metadata_fmt".
250329-15:21:55,503 nipype.workflow INFO:
	 [Node] Executing "crowncc_metadata_fmt" <niworkflows.interfaces.utility.TSV2JSON>
250329-15:21:55,512 nipype.workflow INFO:
	 [Node] Finished "crowncc_metadata_fmt", elapsed time 0.007718s.
250329-15:21:57,414 nipype.workflow INFO:
	 [Node] Setting-up "fmriprep_24_0_wf.sub_29_wf.bold_task_bird_run_3_wf.bold_confounds_wf.crowncc_metadata_fmt" in "/work_dir/fmriprep_24_0_wf/sub_29_wf/bold_task_bird_run_3_wf/bold_confounds_wf/crowncc_metadata_fmt".
250329-15:21:57,418 nipype.workflow INFO:
	 [Node] Executing "crowncc_metadata_fmt" <niworkflows.interfaces.utility.TSV2JSON>
250329-15:21:57,439 nipype.workflow INFO:
	 [Node] Finished "crowncc_metadata_fmt", elapsed time 0.020608s.
250329-15:21:58,427 nipype.workflow INFO:
	 [Node] Finished "resample", elapsed time 55.010409s.
250329-15:22:08,386 nipype.workflow INFO:
	 [Node] Finished "resample", elapsed time 60.948508s.
250329-15:22:20,832 nipype.workflow INFO:
	 [Node] Finished "bbregister", elapsed time 153.147652s.
250329-15:22:22,789 nipype.workflow INFO:
	 [Node] Finished "bbregister", elapsed time 101.392614s.
250329-15:22:23,541 nipype.workflow INFO:
	 [Node] Setting-up "fmriprep_24_0_wf.sub_29_wf.bold_task_bird_run_2_wf.bold_fit_wf.bold_reg_wf.bbreg_wf.compare_transforms" in "/work_dir/fmriprep_24_0_wf/sub_29_wf/bold_task_bird_run_2_wf/bold_fit_wf/bold_reg_wf/bbreg_wf/compare_transforms".
250329-15:22:23,544 nipype.workflow INFO:
	 [Node] Executing "compare_transforms" <nipype.interfaces.utility.wrappers.Function>
250329-15:22:23,555 nipype.workflow INFO:
	 [Node] Finished "compare_transforms", elapsed time 0.010462s.
250329-15:22:24,827 nipype.workflow INFO:
	 [Node] Finished "bbregister", elapsed time 101.643284s.
250329-15:22:25,488 nipype.workflow INFO:
	 [Node] Setting-up "fmriprep_24_0_wf.sub_29_wf.bold_task_bird_run_4_wf.bold_fit_wf.bold_reg_wf.bbreg_wf.compare_transforms" in "/work_dir/fmriprep_24_0_wf/sub_29_wf/bold_task_bird_run_4_wf/bold_fit_wf/bold_reg_wf/bbreg_wf/compare_transforms".
250329-15:22:25,491 nipype.workflow INFO:
	 [Node] Executing "compare_transforms" <nipype.interfaces.utility.wrappers.Function>
250329-15:22:25,653 nipype.workflow INFO:
	 [Node] Finished "compare_transforms", elapsed time 0.160979s.
250329-15:22:25,982 nipype.workflow INFO:
	 [Node] Finished "bbregister", elapsed time 102.800934s.
250329-15:22:27,438 nipype.workflow INFO:
	 [Node] Setting-up "fmriprep_24_0_wf.sub_29_wf.bold_task_bird_run_5_wf.bold_fit_wf.bold_reg_wf.bbreg_wf.compare_transforms" in "/work_dir/fmriprep_24_0_wf/sub_29_wf/bold_task_bird_run_5_wf/bold_fit_wf/bold_reg_wf/bbreg_wf/compare_transforms".
250329-15:22:27,441 nipype.workflow INFO:
	 [Node] Executing "compare_transforms" <nipype.interfaces.utility.wrappers.Function>
250329-15:22:27,451 nipype.workflow INFO:
	 [Node] Finished "compare_transforms", elapsed time 0.01009s.
250329-15:22:29,275 nipype.workflow INFO:
	 [Node] Setting-up "fmriprep_24_0_wf.sub_29_wf.bold_task_bird_run_6_wf.bold_fit_wf.bold_reg_wf.bbreg_wf.compare_transforms" in "/work_dir/fmriprep_24_0_wf/sub_29_wf/bold_task_bird_run_6_wf/bold_fit_wf/bold_reg_wf/bbreg_wf/compare_transforms".
250329-15:22:29,277 nipype.workflow INFO:
	 [Node] Executing "compare_transforms" <nipype.interfaces.utility.wrappers.Function>
250329-15:22:29,289 nipype.workflow INFO:
	 [Node] Finished "compare_transforms", elapsed time 0.010745s.
250329-15:22:30,94 nipype.workflow INFO:
	 [Node] Setting-up "fmriprep_24_0_wf.sub_29_wf.bold_task_bird_run_2_wf.bold_fit_wf.bold_reg_wf.bbreg_wf.concat_xfm" in "/work_dir/fmriprep_24_0_wf/sub_29_wf/bold_task_bird_run_2_wf/bold_fit_wf/bold_reg_wf/bbreg_wf/concat_xfm".
250329-15:22:30,97 nipype.workflow INFO:
	 [Node] Executing "concat_xfm" <niworkflows.interfaces.nitransforms.ConcatenateXFMs>
250329-15:22:30,104 nipype.workflow INFO:
	 [Node] Finished "concat_xfm", elapsed time 0.006526s.
250329-15:22:32,103 nipype.workflow INFO:
	 [Node] Setting-up "fmriprep_24_0_wf.sub_29_wf.bold_task_bird_run_4_wf.bold_fit_wf.bold_reg_wf.bbreg_wf.concat_xfm" in "/work_dir/fmriprep_24_0_wf/sub_29_wf/bold_task_bird_run_4_wf/bold_fit_wf/bold_reg_wf/bbreg_wf/concat_xfm".
250329-15:22:32,105 nipype.workflow INFO:
	 [Node] Executing "concat_xfm" <niworkflows.interfaces.nitransforms.ConcatenateXFMs>
250329-15:22:32,112 nipype.workflow INFO:
	 [Node] Finished "concat_xfm", elapsed time 0.005723s.
250329-15:22:33,684 nipype.workflow INFO:
	 [Node] Setting-up "fmriprep_24_0_wf.sub_29_wf.bold_task_bird_run_5_wf.bold_fit_wf.bold_reg_wf.bbreg_wf.concat_xfm" in "/work_dir/fmriprep_24_0_wf/sub_29_wf/bold_task_bird_run_5_wf/bold_fit_wf/bold_reg_wf/bbreg_wf/concat_xfm".
250329-15:22:33,686 nipype.workflow INFO:
	 [Node] Executing "concat_xfm" <niworkflows.interfaces.nitransforms.ConcatenateXFMs>
250329-15:22:33,692 nipype.workflow INFO:
	 [Node] Finished "concat_xfm", elapsed time 0.005248s.
250329-15:22:33,911 nipype.workflow INFO:
	 [Node] Setting-up "fmriprep_24_0_wf.sub_29_wf.bold_task_bird_run_2_wf.bold_fit_wf.func_fit_reports_wf.t1w_boldref" in "/work_dir/fmriprep_24_0_wf/sub_29_wf/bold_task_bird_run_2_wf/bold_fit_wf/func_fit_reports_wf/t1w_boldref".
250329-15:22:33,915 nipype.workflow INFO:
	 [Node] Executing "t1w_boldref" <niworkflows.interfaces.fixes.FixHeaderApplyTransforms>
250329-15:22:34,100 nipype.workflow INFO:
	 [Node] Setting-up "fmriprep_24_0_wf.sub_29_wf.bold_task_bird_run_2_wf.bold_confounds_wf.t1w_mask_tfm" in "/work_dir/fmriprep_24_0_wf/sub_29_wf/bold_task_bird_run_2_wf/bold_confounds_wf/t1w_mask_tfm".
250329-15:22:34,105 nipype.workflow INFO:
	 [Node] Executing "t1w_mask_tfm" <niworkflows.interfaces.fixes.FixHeaderApplyTransforms>
250329-15:22:35,231 nipype.workflow INFO:
	 [Node] Setting-up "fmriprep_24_0_wf.sub_29_wf.bold_task_bird_run_6_wf.bold_fit_wf.bold_reg_wf.bbreg_wf.concat_xfm" in "/work_dir/fmriprep_24_0_wf/sub_29_wf/bold_task_bird_run_6_wf/bold_fit_wf/bold_reg_wf/bbreg_wf/concat_xfm".
250329-15:22:35,235 nipype.workflow INFO:
	 [Node] Executing "concat_xfm" <niworkflows.interfaces.nitransforms.ConcatenateXFMs>
250329-15:22:35,241 nipype.workflow INFO:
	 [Node] Finished "concat_xfm", elapsed time 0.005694s.
250329-15:22:35,449 nipype.workflow INFO:
	 [Node] Setting-up "fmriprep_24_0_wf.sub_29_wf.bold_task_bird_run_4_wf.bold_fit_wf.func_fit_reports_wf.t1w_boldref" in "/work_dir/fmriprep_24_0_wf/sub_29_wf/bold_task_bird_run_4_wf/bold_fit_wf/func_fit_reports_wf/t1w_boldref".
250329-15:22:35,453 nipype.workflow INFO:
	 [Node] Executing "t1w_boldref" <niworkflows.interfaces.fixes.FixHeaderApplyTransforms>
250329-15:22:35,999 nipype.workflow INFO:
	 [Node] Setting-up "fmriprep_24_0_wf.sub_29_wf.bold_task_bird_run_4_wf.bold_confounds_wf.t1w_mask_tfm" in "/work_dir/fmriprep_24_0_wf/sub_29_wf/bold_task_bird_run_4_wf/bold_confounds_wf/t1w_mask_tfm".
250329-15:22:36,4 nipype.workflow INFO:
	 [Node] Executing "t1w_mask_tfm" <niworkflows.interfaces.fixes.FixHeaderApplyTransforms>
250329-15:22:37,630 nipype.workflow INFO:
	 [Node] Setting-up "fmriprep_24_0_wf.sub_29_wf.bold_task_bird_run_5_wf.bold_fit_wf.func_fit_reports_wf.t1w_boldref" in "/work_dir/fmriprep_24_0_wf/sub_29_wf/bold_task_bird_run_5_wf/bold_fit_wf/func_fit_reports_wf/t1w_boldref".
250329-15:22:37,635 nipype.workflow INFO:
	 [Node] Executing "t1w_boldref" <niworkflows.interfaces.fixes.FixHeaderApplyTransforms>
250329-15:22:38,76 nipype.workflow INFO:
	 [Node] Setting-up "fmriprep_24_0_wf.sub_29_wf.bold_task_bird_run_5_wf.bold_confounds_wf.t1w_mask_tfm" in "/work_dir/fmriprep_24_0_wf/sub_29_wf/bold_task_bird_run_5_wf/bold_confounds_wf/t1w_mask_tfm".
250329-15:22:38,80 nipype.workflow INFO:
	 [Node] Executing "t1w_mask_tfm" <niworkflows.interfaces.fixes.FixHeaderApplyTransforms>
250329-15:22:38,524 nipype.workflow INFO:
	 [Node] Setting-up "fmriprep_24_0_wf.sub_29_wf.bold_task_bird_run_2_wf.bold_anat_wf.resample" in "/work_dir/fmriprep_24_0_wf/sub_29_wf/bold_task_bird_run_2_wf/bold_anat_wf/resample".
250329-15:22:38,528 nipype.workflow INFO:
	 [Node] Executing "resample" <fmriprep.interfaces.resampling.ResampleSeries>
250329-15:22:39,712 nipype.workflow INFO:
	 [Node] Setting-up "fmriprep_24_0_wf.sub_29_wf.bold_task_bird_run_6_wf.bold_fit_wf.func_fit_reports_wf.t1w_boldref" in "/work_dir/fmriprep_24_0_wf/sub_29_wf/bold_task_bird_run_6_wf/bold_fit_wf/func_fit_reports_wf/t1w_boldref".
250329-15:22:39,717 nipype.workflow INFO:
	 [Node] Executing "t1w_boldref" <niworkflows.interfaces.fixes.FixHeaderApplyTransforms>
250329-15:22:40,97 nipype.workflow INFO:
	 [Node] Setting-up "fmriprep_24_0_wf.sub_29_wf.bold_task_bird_run_6_wf.bold_confounds_wf.t1w_mask_tfm" in "/work_dir/fmriprep_24_0_wf/sub_29_wf/bold_task_bird_run_6_wf/bold_confounds_wf/t1w_mask_tfm".
250329-15:22:40,102 nipype.workflow INFO:
	 [Node] Executing "t1w_mask_tfm" <niworkflows.interfaces.fixes.FixHeaderApplyTransforms>
250329-15:22:41,391 nipype.workflow INFO:
	 [Node] Finished "t1w_boldref", elapsed time 5.936766s.
250329-15:22:41,491 nipype.workflow INFO:
	 [Node] Finished "t1w_boldref", elapsed time 7.574955s.
250329-15:22:41,795 nipype.workflow INFO:
	 [Node] Finished "t1w_mask_tfm", elapsed time 7.689332s.
250329-15:22:43,281 nipype.workflow INFO:
	 [Node] Setting-up "fmriprep_24_0_wf.sub_29_wf.bold_task_bird_run_2_wf.bold_confounds_wf.union_mask" in "/work_dir/fmriprep_24_0_wf/sub_29_wf/bold_task_bird_run_2_wf/bold_confounds_wf/union_mask".
250329-15:22:43,284 nipype.workflow INFO:
	 [Node] Executing "union_mask" <nipype.interfaces.utility.wrappers.Function>
250329-15:22:43,389 nipype.workflow INFO:
	 [Node] Finished "union_mask", elapsed time 0.104202s.
250329-15:22:45,572 nipype.workflow INFO:
	 [Node] Setting-up "fmriprep_24_0_wf.sub_29_wf.bold_task_bird_run_2_wf.bold_confounds_wf.dilated_mask" in "/work_dir/fmriprep_24_0_wf/sub_29_wf/bold_task_bird_run_2_wf/bold_confounds_wf/dilated_mask".
250329-15:22:45,574 nipype.workflow INFO:
	 [Node] Executing "dilated_mask" <niworkflows.interfaces.morphology.BinaryDilation>
250329-15:22:45,726 nipype.workflow INFO:
	 [Node] Finished "dilated_mask", elapsed time 0.151077s.
250329-15:22:46,503 nipype.workflow INFO:
	 [Node] Finished "t1w_boldref", elapsed time 8.867252s.
250329-15:22:47,390 nipype.workflow INFO:
	 [Node] Finished "t1w_mask_tfm", elapsed time 11.386068s.
250329-15:22:47,443 nipype.workflow INFO:
	 [Node] Setting-up "fmriprep_24_0_wf.sub_29_wf.bold_task_bird_run_4_wf.bold_anat_wf.resample" in "/work_dir/fmriprep_24_0_wf/sub_29_wf/bold_task_bird_run_4_wf/bold_anat_wf/resample".
250329-15:22:47,447 nipype.workflow INFO:
	 [Node] Executing "resample" <fmriprep.interfaces.resampling.ResampleSeries>
250329-15:22:47,456 nipype.workflow INFO:
	 [Node] Setting-up "fmriprep_24_0_wf.sub_29_wf.bold_task_bird_run_2_wf.bold_confounds_wf.subtract_mask" in "/work_dir/fmriprep_24_0_wf/sub_29_wf/bold_task_bird_run_2_wf/bold_confounds_wf/subtract_mask".
250329-15:22:47,459 nipype.workflow INFO:
	 [Node] Executing "subtract_mask" <niworkflows.interfaces.morphology.BinarySubtraction>
250329-15:22:47,526 nipype.workflow INFO:
	 [Node] Finished "subtract_mask", elapsed time 0.066809s.
250329-15:22:48,466 nipype.workflow INFO:
	 [Node] Finished "t1w_mask_tfm", elapsed time 10.385177s.
250329-15:22:49,581 nipype.workflow INFO:
	 [Node] Setting-up "fmriprep_24_0_wf.sub_29_wf.bold_task_bird_run_4_wf.bold_confounds_wf.union_mask" in "/work_dir/fmriprep_24_0_wf/sub_29_wf/bold_task_bird_run_4_wf/bold_confounds_wf/union_mask".
250329-15:22:49,584 nipype.workflow INFO:
	 [Node] Executing "union_mask" <nipype.interfaces.utility.wrappers.Function>
250329-15:22:49,615 nipype.workflow INFO:
	 [Node] Setting-up "fmriprep_24_0_wf.sub_29_wf.bold_task_bird_run_5_wf.bold_confounds_wf.union_mask" in "/work_dir/fmriprep_24_0_wf/sub_29_wf/bold_task_bird_run_5_wf/bold_confounds_wf/union_mask".
250329-15:22:49,618 nipype.workflow INFO:
	 [Node] Executing "union_mask" <nipype.interfaces.utility.wrappers.Function>
250329-15:22:49,626 nipype.workflow INFO:
	 [Node] Setting-up "fmriprep_24_0_wf.sub_29_wf.bold_task_bird_run_2_wf.bold_confounds_wf.crowncompcor" in "/work_dir/fmriprep_24_0_wf/sub_29_wf/bold_task_bird_run_2_wf/bold_confounds_wf/crowncompcor".
250329-15:22:49,631 nipype.workflow INFO:
	 [Node] Executing "crowncompcor" <niworkflows.interfaces.patches.RobustACompCor>
250329-15:22:49,750 nipype.workflow INFO:
	 [Node] Finished "union_mask", elapsed time 0.165173s.
250329-15:22:49,776 nipype.workflow INFO:
	 [Node] Finished "t1w_boldref", elapsed time 10.059097s.
250329-15:22:49,781 nipype.workflow INFO:
	 [Node] Finished "union_mask", elapsed time 0.162755s.
250329-15:22:51,848 nipype.workflow INFO:
	 [Node] Finished "t1w_mask_tfm", elapsed time 11.745239s.
250329-15:22:51,886 nipype.workflow INFO:
	 [Node] Setting-up "fmriprep_24_0_wf.sub_29_wf.bold_task_bird_run_4_wf.bold_confounds_wf.dilated_mask" in "/work_dir/fmriprep_24_0_wf/sub_29_wf/bold_task_bird_run_4_wf/bold_confounds_wf/dilated_mask".
250329-15:22:51,888 nipype.workflow INFO:
	 [Node] Executing "dilated_mask" <niworkflows.interfaces.morphology.BinaryDilation>
250329-15:22:51,889 nipype.workflow INFO:
	 [Node] Setting-up "fmriprep_24_0_wf.sub_29_wf.bold_task_bird_run_5_wf.bold_confounds_wf.dilated_mask" in "/work_dir/fmriprep_24_0_wf/sub_29_wf/bold_task_bird_run_5_wf/bold_confounds_wf/dilated_mask".
250329-15:22:51,891 nipype.workflow INFO:
	 [Node] Executing "dilated_mask" <niworkflows.interfaces.morphology.BinaryDilation>
250329-15:22:52,87 nipype.workflow INFO:
	 [Node] Finished "dilated_mask", elapsed time 0.194362s.
250329-15:22:52,180 nipype.workflow INFO:
	 [Node] Finished "dilated_mask", elapsed time 0.287354s.
250329-15:22:53,252 nipype.workflow INFO:
	 [Node] Setting-up "fmriprep_24_0_wf.sub_29_wf.bold_task_bird_run_6_wf.bold_confounds_wf.union_mask" in "/work_dir/fmriprep_24_0_wf/sub_29_wf/bold_task_bird_run_6_wf/bold_confounds_wf/union_mask".
250329-15:22:53,256 nipype.workflow INFO:
	 [Node] Executing "union_mask" <nipype.interfaces.utility.wrappers.Function>
250329-15:22:53,263 nipype.workflow INFO:
	 [Node] Setting-up "fmriprep_24_0_wf.sub_29_wf.bold_task_bird_run_4_wf.bold_confounds_wf.subtract_mask" in "/work_dir/fmriprep_24_0_wf/sub_29_wf/bold_task_bird_run_4_wf/bold_confounds_wf/subtract_mask".
250329-15:22:53,264 nipype.workflow INFO:
	 [Node] Setting-up "fmriprep_24_0_wf.sub_29_wf.bold_task_bird_run_5_wf.bold_confounds_wf.subtract_mask" in "/work_dir/fmriprep_24_0_wf/sub_29_wf/bold_task_bird_run_5_wf/bold_confounds_wf/subtract_mask".
250329-15:22:53,266 nipype.workflow INFO:
	 [Node] Executing "subtract_mask" <niworkflows.interfaces.morphology.BinarySubtraction>
250329-15:22:53,266 nipype.workflow INFO:
	 [Node] Executing "subtract_mask" <niworkflows.interfaces.morphology.BinarySubtraction>
250329-15:22:53,349 nipype.workflow INFO:
	 [Node] Finished "subtract_mask", elapsed time 0.081919s.
250329-15:22:53,349 nipype.workflow INFO:
	 [Node] Finished "subtract_mask", elapsed time 0.082262s.
250329-15:22:53,378 nipype.workflow INFO:
	 [Node] Finished "union_mask", elapsed time 0.121302s.
250329-15:22:55,558 nipype.workflow INFO:
	 [Node] Setting-up "fmriprep_24_0_wf.sub_29_wf.bold_task_bird_run_6_wf.bold_confounds_wf.dilated_mask" in "/work_dir/fmriprep_24_0_wf/sub_29_wf/bold_task_bird_run_6_wf/bold_confounds_wf/dilated_mask".
250329-15:22:55,560 nipype.workflow INFO:
	 [Node] Executing "dilated_mask" <niworkflows.interfaces.morphology.BinaryDilation>
250329-15:22:55,574 nipype.workflow INFO:
	 [Node] Setting-up "fmriprep_24_0_wf.sub_29_wf.bold_task_bird_run_4_wf.bold_confounds_wf.crowncompcor" in "/work_dir/fmriprep_24_0_wf/sub_29_wf/bold_task_bird_run_4_wf/bold_confounds_wf/crowncompcor".
250329-15:22:55,574 nipype.workflow INFO:
	 [Node] Setting-up "fmriprep_24_0_wf.sub_29_wf.bold_task_bird_run_5_wf.bold_confounds_wf.crowncompcor" in "/work_dir/fmriprep_24_0_wf/sub_29_wf/bold_task_bird_run_5_wf/bold_confounds_wf/crowncompcor".
250329-15:22:55,580 nipype.workflow INFO:
	 [Node] Executing "crowncompcor" <niworkflows.interfaces.patches.RobustACompCor>
250329-15:22:55,649 nipype.workflow INFO:
	 [Node] Executing "crowncompcor" <niworkflows.interfaces.patches.RobustACompCor>
250329-15:22:55,787 nipype.workflow INFO:
	 [Node] Finished "dilated_mask", elapsed time 0.219164s.
250329-15:22:57,556 nipype.workflow INFO:
	 [Node] Setting-up "fmriprep_24_0_wf.sub_29_wf.bold_task_bird_run_6_wf.bold_confounds_wf.subtract_mask" in "/work_dir/fmriprep_24_0_wf/sub_29_wf/bold_task_bird_run_6_wf/bold_confounds_wf/subtract_mask".
250329-15:22:57,558 nipype.workflow INFO:
	 [Node] Executing "subtract_mask" <niworkflows.interfaces.morphology.BinarySubtraction>
250329-15:22:57,644 nipype.workflow INFO:
	 [Node] Finished "subtract_mask", elapsed time 0.085184s.
250329-15:22:59,732 nipype.workflow INFO:
	 [Node] Setting-up "fmriprep_24_0_wf.sub_29_wf.bold_task_bird_run_6_wf.bold_confounds_wf.crowncompcor" in "/work_dir/fmriprep_24_0_wf/sub_29_wf/bold_task_bird_run_6_wf/bold_confounds_wf/crowncompcor".
250329-15:22:59,737 nipype.workflow INFO:
	 [Node] Executing "crowncompcor" <niworkflows.interfaces.patches.RobustACompCor>
250329-15:23:08,476 nipype.workflow INFO:
	 [Node] Finished "crowncompcor", elapsed time 18.843373s.
250329-15:23:09,946 nipype.workflow INFO:
	 [Node] Setting-up "fmriprep_24_0_wf.sub_29_wf.bold_task_bird_run_2_wf.bold_confounds_wf.crowncc_metadata_fmt" in "/work_dir/fmriprep_24_0_wf/sub_29_wf/bold_task_bird_run_2_wf/bold_confounds_wf/crowncc_metadata_fmt".
250329-15:23:09,950 nipype.workflow INFO:
	 [Node] Executing "crowncc_metadata_fmt" <niworkflows.interfaces.utility.TSV2JSON>
250329-15:23:09,971 nipype.workflow INFO:
	 [Node] Finished "crowncc_metadata_fmt", elapsed time 0.020704s.
250329-15:23:14,255 nipype.workflow INFO:
	 [Node] Finished "crowncompcor", elapsed time 18.605557s.
250329-15:23:15,228 nipype.workflow INFO:
	 [Node] Finished "crowncompcor", elapsed time 15.490256s.
250329-15:23:15,473 nipype.workflow INFO:
	 [Node] Setting-up "fmriprep_24_0_wf.sub_29_wf.bold_task_bird_run_5_wf.bold_confounds_wf.crowncc_metadata_fmt" in "/work_dir/fmriprep_24_0_wf/sub_29_wf/bold_task_bird_run_5_wf/bold_confounds_wf/crowncc_metadata_fmt".
250329-15:23:15,477 nipype.workflow INFO:
	 [Node] Executing "crowncc_metadata_fmt" <niworkflows.interfaces.utility.TSV2JSON>
250329-15:23:15,485 nipype.workflow INFO:
	 [Node] Finished "crowncc_metadata_fmt", elapsed time 0.0074s.
250329-15:23:15,841 nipype.workflow INFO:
	 [Node] Finished "crowncompcor", elapsed time 20.256327s.
250329-15:23:17,395 nipype.workflow INFO:
	 [Node] Setting-up "fmriprep_24_0_wf.sub_29_wf.bold_task_bird_run_6_wf.bold_confounds_wf.crowncc_metadata_fmt" in "/work_dir/fmriprep_24_0_wf/sub_29_wf/bold_task_bird_run_6_wf/bold_confounds_wf/crowncc_metadata_fmt".
250329-15:23:17,399 nipype.workflow INFO:
	 [Node] Executing "crowncc_metadata_fmt" <niworkflows.interfaces.utility.TSV2JSON>
250329-15:23:17,406 nipype.workflow INFO:
	 [Node] Finished "crowncc_metadata_fmt", elapsed time 0.006242s.
250329-15:23:17,408 nipype.workflow INFO:
	 [Node] Setting-up "fmriprep_24_0_wf.sub_29_wf.bold_task_bird_run_4_wf.bold_confounds_wf.crowncc_metadata_fmt" in "/work_dir/fmriprep_24_0_wf/sub_29_wf/bold_task_bird_run_4_wf/bold_confounds_wf/crowncc_metadata_fmt".
250329-15:23:17,410 nipype.workflow INFO:
	 [Node] Executing "crowncc_metadata_fmt" <niworkflows.interfaces.utility.TSV2JSON>
250329-15:23:17,417 nipype.workflow INFO:
	 [Node] Finished "crowncc_metadata_fmt", elapsed time 0.006697s.
250329-15:23:26,969 nipype.workflow INFO:
	 [Node] Finished "resample", elapsed time 48.439962s.
250329-15:23:27,505 nipype.workflow INFO:
	 [Node] Setting-up "fmriprep_24_0_wf.sub_29_wf.bold_task_bird_run_5_wf.bold_anat_wf.resample" in "/work_dir/fmriprep_24_0_wf/sub_29_wf/bold_task_bird_run_5_wf/bold_anat_wf/resample".
250329-15:23:27,509 nipype.workflow INFO:
	 [Node] Executing "resample" <fmriprep.interfaces.resampling.ResampleSeries>
250329-15:23:32,486 nipype.workflow INFO:
	 [Node] Finished "resample", elapsed time 45.038221s.
250329-15:23:33,802 nipype.workflow INFO:
	 [Node] Setting-up "fmriprep_24_0_wf.sub_29_wf.bold_task_bird_run_6_wf.bold_anat_wf.resample" in "/work_dir/fmriprep_24_0_wf/sub_29_wf/bold_task_bird_run_6_wf/bold_anat_wf/resample".
250329-15:23:33,806 nipype.workflow INFO:
	 [Node] Executing "resample" <fmriprep.interfaces.resampling.ResampleSeries>
250329-15:23:58,776 nipype.workflow INFO:
	 [Node] Finished "fast", elapsed time 224.905285s.
250329-15:23:59,335 nipype.workflow INFO:
	 [Node] Setting-up "fmriprep_24_0_wf.sub_29_wf.anat_fit_wf.lut_t1w_dseg" in "/work_dir/fmriprep_24_0_wf/sub_29_wf/anat_fit_wf/lut_t1w_dseg".
250329-15:23:59,338 nipype.workflow INFO:
	 [Node] Executing "lut_t1w_dseg" <nipype.interfaces.utility.wrappers.Function>
250329-15:23:59,801 nipype.workflow INFO:
	 [Node] Finished "lut_t1w_dseg", elapsed time 0.462524s.
250329-15:24:06,474 nipype.workflow INFO:
	 [Node] Finished "resample", elapsed time 38.964102s.
250329-15:24:10,93 nipype.workflow INFO:
	 [Node] Setting-up "fmriprep_24_0_wf.sub_29_wf.anat_fit_wf.anat_reports_wf.seg_rpt" in "/work_dir/fmriprep_24_0_wf/sub_29_wf/anat_fit_wf/anat_reports_wf/seg_rpt".
250329-15:24:10,97 nipype.workflow INFO:
	 [Node] Setting-up "fmriprep_24_0_wf.sub_29_wf.bold_task_bird_run_1_wf.bold_fit_wf.func_fit_reports_wf.t1w_wm" in "/work_dir/fmriprep_24_0_wf/sub_29_wf/bold_task_bird_run_1_wf/bold_fit_wf/func_fit_reports_wf/t1w_wm".
250329-15:24:10,99 nipype.workflow INFO:
	 [Node] Executing "t1w_wm" <nipype.interfaces.utility.wrappers.Function>
250329-15:24:10,112 nipype.workflow INFO:
	 [Node] Setting-up "fmriprep_24_0_wf.sub_29_wf.bold_task_bird_run_2_wf.bold_fit_wf.func_fit_reports_wf.t1w_wm" in "/work_dir/fmriprep_24_0_wf/sub_29_wf/bold_task_bird_run_2_wf/bold_fit_wf/func_fit_reports_wf/t1w_wm".
250329-15:24:10,114 nipype.workflow INFO:
	 [Node] Executing "t1w_wm" <nipype.interfaces.utility.wrappers.Function>
250329-15:24:10,125 nipype.workflow INFO:
	 [Node] Setting-up "fmriprep_24_0_wf.sub_29_wf.bold_task_bird_run_3_wf.bold_fit_wf.func_fit_reports_wf.t1w_wm" in "/work_dir/fmriprep_24_0_wf/sub_29_wf/bold_task_bird_run_3_wf/bold_fit_wf/func_fit_reports_wf/t1w_wm".
250329-15:24:10,127 nipype.workflow INFO:
	 [Node] Executing "seg_rpt" <niworkflows.interfaces.reportlets.masks.ROIsPlot>
250329-15:24:10,127 nipype.workflow INFO:
	 [Node] Executing "t1w_wm" <nipype.interfaces.utility.wrappers.Function>
250329-15:24:10,132 nipype.workflow INFO:
	 [Node] Setting-up "fmriprep_24_0_wf.sub_29_wf.bold_task_bird_run_4_wf.bold_fit_wf.func_fit_reports_wf.t1w_wm" in "/work_dir/fmriprep_24_0_wf/sub_29_wf/bold_task_bird_run_4_wf/bold_fit_wf/func_fit_reports_wf/t1w_wm".
250329-15:24:10,133 nipype.workflow INFO:
	 [Node] Setting-up "fmriprep_24_0_wf.sub_29_wf.bold_task_bird_run_5_wf.bold_fit_wf.func_fit_reports_wf.t1w_wm" in "/work_dir/fmriprep_24_0_wf/sub_29_wf/bold_task_bird_run_5_wf/bold_fit_wf/func_fit_reports_wf/t1w_wm".
250329-15:24:10,135 nipype.workflow INFO:
	 [Node] Executing "t1w_wm" <nipype.interfaces.utility.wrappers.Function>
250329-15:24:10,135 nipype.workflow INFO:
	 [Node] Executing "t1w_wm" <nipype.interfaces.utility.wrappers.Function>
250329-15:24:10,144 nipype.workflow INFO:
	 [Node] Setting-up "fmriprep_24_0_wf.sub_29_wf.bold_task_bird_run_6_wf.bold_fit_wf.func_fit_reports_wf.t1w_wm" in "/work_dir/fmriprep_24_0_wf/sub_29_wf/bold_task_bird_run_6_wf/bold_fit_wf/func_fit_reports_wf/t1w_wm".
250329-15:24:10,147 nipype.workflow INFO:
	 [Node] Executing "t1w_wm" <nipype.interfaces.utility.wrappers.Function>
250329-15:24:10,150 nipype.workflow INFO:
	 [Node] Setting-up "fmriprep_24_0_wf.sub_29_wf.bold_task_bird_run_2_wf.bold_confounds_wf.acc_masks" in "/work_dir/fmriprep_24_0_wf/sub_29_wf/bold_task_bird_run_2_wf/bold_confounds_wf/acc_masks".
250329-15:24:10,155 nipype.workflow INFO:
	 [Node] Setting-up "fmriprep_24_0_wf.sub_29_wf.bold_task_bird_run_3_wf.bold_confounds_wf.acc_masks" in "/work_dir/fmriprep_24_0_wf/sub_29_wf/bold_task_bird_run_3_wf/bold_confounds_wf/acc_masks".
250329-15:24:10,156 nipype.workflow INFO:
	 [Node] Setting-up "fmriprep_24_0_wf.sub_29_wf.bold_task_bird_run_5_wf.bold_confounds_wf.acc_masks" in "/work_dir/fmriprep_24_0_wf/sub_29_wf/bold_task_bird_run_5_wf/bold_confounds_wf/acc_masks".
250329-15:24:10,166 nipype.workflow INFO:
	 [Node] Setting-up "fmriprep_24_0_wf.sub_29_wf.bold_task_bird_run_6_wf.bold_confounds_wf.acc_masks" in "/work_dir/fmriprep_24_0_wf/sub_29_wf/bold_task_bird_run_6_wf/bold_confounds_wf/acc_masks".
250329-15:24:10,293 nipype.workflow INFO:
	 [Node] Executing "acc_masks" <fmriprep.interfaces.confounds.aCompCorMasks>
250329-15:24:10,337 nipype.workflow INFO:
	 [Node] Executing "acc_masks" <fmriprep.interfaces.confounds.aCompCorMasks>
250329-15:24:10,427 nipype.workflow INFO:
	 [Node] Executing "acc_masks" <fmriprep.interfaces.confounds.aCompCorMasks>
250329-15:24:10,441 nipype.workflow INFO:
	 [Node] Executing "acc_masks" <fmriprep.interfaces.confounds.aCompCorMasks>
250329-15:24:10,499 nipype.workflow INFO:
	 [Node] Finished "t1w_wm", elapsed time 0.383877s.
250329-15:24:10,612 nipype.workflow INFO:
	 [Node] Finished "t1w_wm", elapsed time 0.484466s.
250329-15:24:10,662 nipype.workflow INFO:
	 [Node] Finished "t1w_wm", elapsed time 0.562108s.
250329-15:24:10,672 nipype.workflow INFO:
	 [Node] Finished "t1w_wm", elapsed time 0.522286s.
250329-15:24:10,756 nipype.workflow INFO:
	 [Node] Finished "t1w_wm", elapsed time 0.608595s.
250329-15:24:10,787 nipype.workflow INFO:
	 [Node] Finished "t1w_wm", elapsed time 0.65176s.
250329-15:24:12,322 nipype.workflow INFO:
	 [Node] Setting-up "fmriprep_24_0_wf.sub_29_wf.bold_task_bird_run_4_wf.bold_confounds_wf.acc_masks" in "/work_dir/fmriprep_24_0_wf/sub_29_wf/bold_task_bird_run_4_wf/bold_confounds_wf/acc_masks".
250329-15:24:12,423 nipype.workflow INFO:
	 [Node] Setting-up "fmriprep_24_0_wf.sub_29_wf.bold_task_bird_run_1_wf.bold_fit_wf.func_fit_reports_wf.boldref_wm" in "/work_dir/fmriprep_24_0_wf/sub_29_wf/bold_task_bird_run_1_wf/bold_fit_wf/func_fit_reports_wf/boldref_wm".
250329-15:24:12,428 nipype.workflow INFO:
	 [Node] Executing "boldref_wm" <niworkflows.interfaces.fixes.FixHeaderApplyTransforms>
250329-15:24:12,430 nipype.workflow INFO:
	 [Node] Setting-up "fmriprep_24_0_wf.sub_29_wf.bold_task_bird_run_2_wf.bold_fit_wf.func_fit_reports_wf.boldref_wm" in "/work_dir/fmriprep_24_0_wf/sub_29_wf/bold_task_bird_run_2_wf/bold_fit_wf/func_fit_reports_wf/boldref_wm".
250329-15:24:12,431 nipype.workflow INFO:
	 [Node] Setting-up "fmriprep_24_0_wf.sub_29_wf.bold_task_bird_run_3_wf.bold_fit_wf.func_fit_reports_wf.boldref_wm" in "/work_dir/fmriprep_24_0_wf/sub_29_wf/bold_task_bird_run_3_wf/bold_fit_wf/func_fit_reports_wf/boldref_wm".
250329-15:24:12,435 nipype.workflow INFO:
	 [Node] Executing "boldref_wm" <niworkflows.interfaces.fixes.FixHeaderApplyTransforms>
250329-15:24:12,435 nipype.workflow INFO:
	 [Node] Executing "boldref_wm" <niworkflows.interfaces.fixes.FixHeaderApplyTransforms>
250329-15:24:12,438 nipype.workflow INFO:
	 [Node] Setting-up "fmriprep_24_0_wf.sub_29_wf.bold_task_bird_run_4_wf.bold_fit_wf.func_fit_reports_wf.boldref_wm" in "/work_dir/fmriprep_24_0_wf/sub_29_wf/bold_task_bird_run_4_wf/bold_fit_wf/func_fit_reports_wf/boldref_wm".
250329-15:24:12,443 nipype.workflow INFO:
	 [Node] Executing "boldref_wm" <niworkflows.interfaces.fixes.FixHeaderApplyTransforms>
250329-15:24:12,445 nipype.workflow INFO:
	 [Node] Setting-up "fmriprep_24_0_wf.sub_29_wf.bold_task_bird_run_5_wf.bold_fit_wf.func_fit_reports_wf.boldref_wm" in "/work_dir/fmriprep_24_0_wf/sub_29_wf/bold_task_bird_run_5_wf/bold_fit_wf/func_fit_reports_wf/boldref_wm".
250329-15:24:12,449 nipype.workflow INFO:
	 [Node] Executing "boldref_wm" <niworkflows.interfaces.fixes.FixHeaderApplyTransforms>
250329-15:24:12,452 nipype.workflow INFO:
	 [Node] Setting-up "fmriprep_24_0_wf.sub_29_wf.bold_task_bird_run_6_wf.bold_fit_wf.func_fit_reports_wf.boldref_wm" in "/work_dir/fmriprep_24_0_wf/sub_29_wf/bold_task_bird_run_6_wf/bold_fit_wf/func_fit_reports_wf/boldref_wm".
250329-15:24:12,457 nipype.workflow INFO:
	 [Node] Executing "boldref_wm" <niworkflows.interfaces.fixes.FixHeaderApplyTransforms>
250329-15:24:12,562 nipype.workflow INFO:
	 [Node] Executing "acc_masks" <fmriprep.interfaces.confounds.aCompCorMasks>
250329-15:24:13,179 nipype.workflow INFO:
	 [Node] Setting-up "fmriprep_24_0_wf.sub_29_wf.bold_task_bird_run_1_wf.bold_confounds_wf.acc_masks" in "/work_dir/fmriprep_24_0_wf/sub_29_wf/bold_task_bird_run_1_wf/bold_confounds_wf/acc_masks".
250329-15:24:13,403 nipype.workflow INFO:
	 [Node] Executing "acc_masks" <fmriprep.interfaces.confounds.aCompCorMasks>
250329-15:24:13,736 nipype.workflow INFO:
	 [Node] Finished "boldref_wm", elapsed time 1.278496s.
250329-15:24:13,902 nipype.workflow INFO:
	 [Node] Finished "boldref_wm", elapsed time 1.473435s.
250329-15:24:13,912 nipype.workflow INFO:
	 [Node] Finished "boldref_wm", elapsed time 1.476241s.
250329-15:24:14,25 nipype.workflow INFO:
	 [Node] Finished "boldref_wm", elapsed time 1.574821s.
250329-15:24:14,27 nipype.workflow INFO:
	 [Node] Finished "boldref_wm", elapsed time 1.583312s.
250329-15:24:14,254 nipype.workflow INFO:
	 [Node] Finished "boldref_wm", elapsed time 1.817523s.
250329-15:24:15,700 nipype.workflow INFO:
	 [Node] Setting-up "fmriprep_24_0_wf.sub_29_wf.bold_task_bird_run_1_wf.bold_fit_wf.func_fit_reports_wf.epi_t1_report" in "/work_dir/fmriprep_24_0_wf/sub_29_wf/bold_task_bird_run_1_wf/bold_fit_wf/func_fit_reports_wf/epi_t1_report".
250329-15:24:15,711 nipype.workflow INFO:
	 [Node] Executing "epi_t1_report" <nireports.interfaces.reporting.base.SimpleBeforeAfterRPT>
250329-15:24:15,712 nipype.interface INFO:
	 Report - setting before (/output/sub-29/func/sub-29_task-bird_run-1_desc-coreg_boldref.nii.gz) and after (/work_dir/fmriprep_24_0_wf/sub_29_wf/bold_task_bird_run_1_wf/bold_fit_wf/func_fit_reports_wf/t1w_boldref/sub-29_desc-preproc_T1w_trans.nii.gz) images
250329-15:24:15,712 nipype.interface INFO:
	 Generating visual report
250329-15:24:16,179 nipype.workflow INFO:
	 [Node] Finished "resample", elapsed time 42.371340000000004s.
250329-15:24:16,291 nipype.workflow INFO:
	 [Node] Setting-up "fmriprep_24_0_wf.sub_29_wf.bold_task_bird_run_3_wf.bold_fit_wf.func_fit_reports_wf.epi_t1_report" in "/work_dir/fmriprep_24_0_wf/sub_29_wf/bold_task_bird_run_3_wf/bold_fit_wf/func_fit_reports_wf/epi_t1_report".
250329-15:24:16,295 nipype.workflow INFO:
	 [Node] Executing "epi_t1_report" <nireports.interfaces.reporting.base.SimpleBeforeAfterRPT>
250329-15:24:16,296 nipype.interface INFO:
	 Report - setting before (/output/sub-29/func/sub-29_task-bird_run-3_desc-coreg_boldref.nii.gz) and after (/work_dir/fmriprep_24_0_wf/sub_29_wf/bold_task_bird_run_3_wf/bold_fit_wf/func_fit_reports_wf/t1w_boldref/sub-29_desc-preproc_T1w_trans.nii.gz) images
250329-15:24:16,296 nipype.interface INFO:
	 Generating visual report
250329-15:24:16,302 nipype.workflow INFO:
	 [Node] Setting-up "fmriprep_24_0_wf.sub_29_wf.bold_task_bird_run_4_wf.bold_fit_wf.func_fit_reports_wf.epi_t1_report" in "/work_dir/fmriprep_24_0_wf/sub_29_wf/bold_task_bird_run_4_wf/bold_fit_wf/func_fit_reports_wf/epi_t1_report".
250329-15:24:16,307 nipype.workflow INFO:
	 [Node] Executing "epi_t1_report" <nireports.interfaces.reporting.base.SimpleBeforeAfterRPT>
250329-15:24:16,307 nipype.interface INFO:
	 Report - setting before (/output/sub-29/func/sub-29_task-bird_run-4_desc-coreg_boldref.nii.gz) and after (/work_dir/fmriprep_24_0_wf/sub_29_wf/bold_task_bird_run_4_wf/bold_fit_wf/func_fit_reports_wf/t1w_boldref/sub-29_desc-preproc_T1w_trans.nii.gz) images
250329-15:24:16,307 nipype.interface INFO:
	 Generating visual report
250329-15:24:16,310 nipype.workflow INFO:
	 [Node] Setting-up "fmriprep_24_0_wf.sub_29_wf.bold_task_bird_run_5_wf.bold_fit_wf.func_fit_reports_wf.epi_t1_report" in "/work_dir/fmriprep_24_0_wf/sub_29_wf/bold_task_bird_run_5_wf/bold_fit_wf/func_fit_reports_wf/epi_t1_report".
250329-15:24:16,314 nipype.workflow INFO:
	 [Node] Executing "epi_t1_report" <nireports.interfaces.reporting.base.SimpleBeforeAfterRPT>
250329-15:24:16,315 nipype.interface INFO:
	 Report - setting before (/output/sub-29/func/sub-29_task-bird_run-5_desc-coreg_boldref.nii.gz) and after (/work_dir/fmriprep_24_0_wf/sub_29_wf/bold_task_bird_run_5_wf/bold_fit_wf/func_fit_reports_wf/t1w_boldref/sub-29_desc-preproc_T1w_trans.nii.gz) images
250329-15:24:16,315 nipype.interface INFO:
	 Generating visual report
250329-15:24:16,455 nipype.workflow INFO:
	 [Node] Setting-up "fmriprep_24_0_wf.sub_29_wf.bold_task_bird_run_6_wf.bold_fit_wf.func_fit_reports_wf.epi_t1_report" in "/work_dir/fmriprep_24_0_wf/sub_29_wf/bold_task_bird_run_6_wf/bold_fit_wf/func_fit_reports_wf/epi_t1_report".
250329-15:24:16,459 nipype.workflow INFO:
	 [Node] Executing "epi_t1_report" <nireports.interfaces.reporting.base.SimpleBeforeAfterRPT>
250329-15:24:16,460 nipype.interface INFO:
	 Report - setting before (/output/sub-29/func/sub-29_task-bird_run-6_desc-coreg_boldref.nii.gz) and after (/work_dir/fmriprep_24_0_wf/sub_29_wf/bold_task_bird_run_6_wf/bold_fit_wf/func_fit_reports_wf/t1w_boldref/sub-29_desc-preproc_T1w_trans.nii.gz) images
250329-15:24:16,460 nipype.interface INFO:
	 Generating visual report
250329-15:24:17,495 nipype.workflow INFO:
	 [Node] Setting-up "fmriprep_24_0_wf.sub_29_wf.bold_task_bird_run_2_wf.bold_fit_wf.func_fit_reports_wf.epi_t1_report" in "/work_dir/fmriprep_24_0_wf/sub_29_wf/bold_task_bird_run_2_wf/bold_fit_wf/func_fit_reports_wf/epi_t1_report".
250329-15:24:17,499 nipype.workflow INFO:
	 [Node] Executing "epi_t1_report" <nireports.interfaces.reporting.base.SimpleBeforeAfterRPT>
250329-15:24:17,499 nipype.interface INFO:
	 Report - setting before (/output/sub-29/func/sub-29_task-bird_run-2_desc-coreg_boldref.nii.gz) and after (/work_dir/fmriprep_24_0_wf/sub_29_wf/bold_task_bird_run_2_wf/bold_fit_wf/func_fit_reports_wf/t1w_boldref/sub-29_desc-preproc_T1w_trans.nii.gz) images
250329-15:24:17,499 nipype.interface INFO:
	 Generating visual report
250329-15:24:21,546 nipype.workflow INFO:
	 [Node] Finished "acc_masks", elapsed time 11.105131s.
250329-15:24:22,442 nipype.workflow INFO:
	 [Node] Finished "acc_masks", elapsed time 12.148011s.
250329-15:24:23,908 nipype.workflow INFO:
	 [Node] Finished "acc_masks", elapsed time 13.570115s.
250329-15:24:24,546 nipype.workflow INFO:
	 [Node] Setting-up "_acc_msk_tfm0" in "/work_dir/fmriprep_24_0_wf/sub_29_wf/bold_task_bird_run_6_wf/bold_confounds_wf/acc_msk_tfm/mapflow/_acc_msk_tfm0".
250329-15:24:24,548 nipype.workflow INFO:
	 [Node] Executing "_acc_msk_tfm0" <niworkflows.interfaces.fixes.FixHeaderApplyTransforms>
250329-15:24:24,559 nipype.workflow INFO:
	 [Node] Setting-up "_acc_msk_tfm1" in "/work_dir/fmriprep_24_0_wf/sub_29_wf/bold_task_bird_run_6_wf/bold_confounds_wf/acc_msk_tfm/mapflow/_acc_msk_tfm1".
250329-15:24:24,561 nipype.workflow INFO:
	 [Node] Executing "_acc_msk_tfm1" <niworkflows.interfaces.fixes.FixHeaderApplyTransforms>
250329-15:24:24,564 nipype.workflow INFO:
	 [Node] Setting-up "_acc_msk_tfm2" in "/work_dir/fmriprep_24_0_wf/sub_29_wf/bold_task_bird_run_6_wf/bold_confounds_wf/acc_msk_tfm/mapflow/_acc_msk_tfm2".
250329-15:24:24,566 nipype.workflow INFO:
	 [Node] Executing "_acc_msk_tfm2" <niworkflows.interfaces.fixes.FixHeaderApplyTransforms>
250329-15:24:25,624 nipype.workflow INFO:
	 [Node] Finished "acc_masks", elapsed time 15.1963s.
250329-15:24:25,668 nipype.workflow INFO:
	 [Node] Finished "acc_masks", elapsed time 12.260048s.
250329-15:24:25,763 nipype.workflow INFO:
	 [Node] Finished "acc_masks", elapsed time 13.200255s.
250329-15:24:26,363 nipype.workflow INFO:
	 [Node] Setting-up "_acc_msk_tfm0" in "/work_dir/fmriprep_24_0_wf/sub_29_wf/bold_task_bird_run_3_wf/bold_confounds_wf/acc_msk_tfm/mapflow/_acc_msk_tfm0".
250329-15:24:26,365 nipype.workflow INFO:
	 [Node] Executing "_acc_msk_tfm0" <niworkflows.interfaces.fixes.FixHeaderApplyTransforms>
250329-15:24:26,368 nipype.workflow INFO:
	 [Node] Setting-up "_acc_msk_tfm1" in "/work_dir/fmriprep_24_0_wf/sub_29_wf/bold_task_bird_run_3_wf/bold_confounds_wf/acc_msk_tfm/mapflow/_acc_msk_tfm1".
250329-15:24:26,371 nipype.workflow INFO:
	 [Node] Executing "_acc_msk_tfm1" <niworkflows.interfaces.fixes.FixHeaderApplyTransforms>
250329-15:24:26,374 nipype.workflow INFO:
	 [Node] Setting-up "_acc_msk_tfm2" in "/work_dir/fmriprep_24_0_wf/sub_29_wf/bold_task_bird_run_3_wf/bold_confounds_wf/acc_msk_tfm/mapflow/_acc_msk_tfm2".
250329-15:24:26,376 nipype.workflow INFO:
	 [Node] Executing "_acc_msk_tfm2" <niworkflows.interfaces.fixes.FixHeaderApplyTransforms>
250329-15:24:27,399 nipype.workflow INFO:
	 [Node] Finished "_acc_msk_tfm2", elapsed time 2.831983s.
250329-15:24:27,627 nipype.workflow INFO:
	 [Node] Finished "_acc_msk_tfm1", elapsed time 3.064654s.
250329-15:24:28,402 nipype.workflow INFO:
	 [Node] Setting-up "_acc_msk_tfm0" in "/work_dir/fmriprep_24_0_wf/sub_29_wf/bold_task_bird_run_1_wf/bold_confounds_wf/acc_msk_tfm/mapflow/_acc_msk_tfm0".
250329-15:24:28,403 nipype.workflow INFO:
	 [Node] Setting-up "_acc_msk_tfm1" in "/work_dir/fmriprep_24_0_wf/sub_29_wf/bold_task_bird_run_1_wf/bold_confounds_wf/acc_msk_tfm/mapflow/_acc_msk_tfm1".
250329-15:24:28,404 nipype.workflow INFO:
	 [Node] Setting-up "_acc_msk_tfm2" in "/work_dir/fmriprep_24_0_wf/sub_29_wf/bold_task_bird_run_1_wf/bold_confounds_wf/acc_msk_tfm/mapflow/_acc_msk_tfm2".
250329-15:24:28,405 nipype.workflow INFO:
	 [Node] Executing "_acc_msk_tfm0" <niworkflows.interfaces.fixes.FixHeaderApplyTransforms>
250329-15:24:28,406 nipype.workflow INFO:
	 [Node] Executing "_acc_msk_tfm1" <niworkflows.interfaces.fixes.FixHeaderApplyTransforms>
250329-15:24:28,407 nipype.workflow INFO:
	 [Node] Executing "_acc_msk_tfm2" <niworkflows.interfaces.fixes.FixHeaderApplyTransforms>
250329-15:24:28,410 nipype.workflow INFO:
	 [Node] Setting-up "_acc_msk_tfm0" in "/work_dir/fmriprep_24_0_wf/sub_29_wf/bold_task_bird_run_2_wf/bold_confounds_wf/acc_msk_tfm/mapflow/_acc_msk_tfm0".
250329-15:24:28,412 nipype.workflow INFO:
	 [Node] Executing "_acc_msk_tfm0" <niworkflows.interfaces.fixes.FixHeaderApplyTransforms>
250329-15:24:28,423 nipype.workflow INFO:
	 [Node] Setting-up "_acc_msk_tfm1" in "/work_dir/fmriprep_24_0_wf/sub_29_wf/bold_task_bird_run_2_wf/bold_confounds_wf/acc_msk_tfm/mapflow/_acc_msk_tfm1".
250329-15:24:28,425 nipype.workflow INFO:
	 [Node] Executing "_acc_msk_tfm1" <niworkflows.interfaces.fixes.FixHeaderApplyTransforms>
250329-15:24:28,428 nipype.workflow INFO:
	 [Node] Setting-up "_acc_msk_tfm2" in "/work_dir/fmriprep_24_0_wf/sub_29_wf/bold_task_bird_run_2_wf/bold_confounds_wf/acc_msk_tfm/mapflow/_acc_msk_tfm2".
250329-15:24:28,431 nipype.workflow INFO:
	 [Node] Executing "_acc_msk_tfm2" <niworkflows.interfaces.fixes.FixHeaderApplyTransforms>
250329-15:24:28,434 nipype.workflow INFO:
	 [Node] Setting-up "_acc_msk_tfm0" in "/work_dir/fmriprep_24_0_wf/sub_29_wf/bold_task_bird_run_4_wf/bold_confounds_wf/acc_msk_tfm/mapflow/_acc_msk_tfm0".
250329-15:24:28,436 nipype.workflow INFO:
	 [Node] Executing "_acc_msk_tfm0" <niworkflows.interfaces.fixes.FixHeaderApplyTransforms>
250329-15:24:28,439 nipype.workflow INFO:
	 [Node] Setting-up "_acc_msk_tfm1" in "/work_dir/fmriprep_24_0_wf/sub_29_wf/bold_task_bird_run_4_wf/bold_confounds_wf/acc_msk_tfm/mapflow/_acc_msk_tfm1".
250329-15:24:28,441 nipype.workflow INFO:
	 [Node] Executing "_acc_msk_tfm1" <niworkflows.interfaces.fixes.FixHeaderApplyTransforms>
250329-15:24:28,443 nipype.workflow INFO:
	 [Node] Setting-up "_acc_msk_tfm2" in "/work_dir/fmriprep_24_0_wf/sub_29_wf/bold_task_bird_run_4_wf/bold_confounds_wf/acc_msk_tfm/mapflow/_acc_msk_tfm2".
250329-15:24:28,443 nipype.workflow INFO:
	 [Node] Setting-up "_acc_msk_tfm0" in "/work_dir/fmriprep_24_0_wf/sub_29_wf/bold_task_bird_run_5_wf/bold_confounds_wf/acc_msk_tfm/mapflow/_acc_msk_tfm0".
250329-15:24:28,445 nipype.workflow INFO:
	 [Node] Executing "_acc_msk_tfm2" <niworkflows.interfaces.fixes.FixHeaderApplyTransforms>
250329-15:24:28,445 nipype.workflow INFO:
	 [Node] Executing "_acc_msk_tfm0" <niworkflows.interfaces.fixes.FixHeaderApplyTransforms>
250329-15:24:28,447 nipype.workflow INFO:
	 [Node] Setting-up "_acc_msk_tfm1" in "/work_dir/fmriprep_24_0_wf/sub_29_wf/bold_task_bird_run_5_wf/bold_confounds_wf/acc_msk_tfm/mapflow/_acc_msk_tfm1".
250329-15:24:28,449 nipype.workflow INFO:
	 [Node] Executing "_acc_msk_tfm1" <niworkflows.interfaces.fixes.FixHeaderApplyTransforms>
250329-15:24:28,800 nipype.workflow INFO:
	 [Node] Finished "_acc_msk_tfm0", elapsed time 4.25042s.
250329-15:24:29,671 nipype.workflow INFO:
	 [Node] Finished "_acc_msk_tfm1", elapsed time 3.299155s.
250329-15:24:30,460 nipype.workflow INFO:
	 [Node] Finished "_acc_msk_tfm0", elapsed time 4.093841s.
250329-15:24:30,688 nipype.workflow INFO:
	 [Node] Setting-up "_acc_msk_tfm0" in "/work_dir/fmriprep_24_0_wf/sub_29_wf/bold_task_bird_run_6_wf/bold_confounds_wf/acc_msk_tfm/mapflow/_acc_msk_tfm0".
250329-15:24:30,689 nipype.workflow INFO:
	 [Node] Cached "_acc_msk_tfm0" - collecting precomputed outputs
250329-15:24:30,690 nipype.workflow INFO:
	 [Node] "_acc_msk_tfm0" found cached.
250329-15:24:30,691 nipype.workflow INFO:
	 [Node] Setting-up "_acc_msk_tfm1" in "/work_dir/fmriprep_24_0_wf/sub_29_wf/bold_task_bird_run_6_wf/bold_confounds_wf/acc_msk_tfm/mapflow/_acc_msk_tfm1".
250329-15:24:30,692 nipype.workflow INFO:
	 [Node] Cached "_acc_msk_tfm1" - collecting precomputed outputs
250329-15:24:30,692 nipype.workflow INFO:
	 [Node] "_acc_msk_tfm1" found cached.
250329-15:24:30,693 nipype.workflow INFO:
	 [Node] Setting-up "_acc_msk_tfm2" in "/work_dir/fmriprep_24_0_wf/sub_29_wf/bold_task_bird_run_6_wf/bold_confounds_wf/acc_msk_tfm/mapflow/_acc_msk_tfm2".
250329-15:24:30,694 nipype.workflow INFO:
	 [Node] Setting-up "_acc_msk_tfm2" in "/work_dir/fmriprep_24_0_wf/sub_29_wf/bold_task_bird_run_5_wf/bold_confounds_wf/acc_msk_tfm/mapflow/_acc_msk_tfm2".
250329-15:24:30,694 nipype.workflow INFO:
	 [Node] Cached "_acc_msk_tfm2" - collecting precomputed outputs
250329-15:24:30,695 nipype.workflow INFO:
	 [Node] "_acc_msk_tfm2" found cached.
250329-15:24:30,696 nipype.workflow INFO:
	 [Node] Executing "_acc_msk_tfm2" <niworkflows.interfaces.fixes.FixHeaderApplyTransforms>
250329-15:24:30,763 nipype.workflow INFO:
	 [Node] Finished "_acc_msk_tfm2", elapsed time 4.386287s.
250329-15:24:32,678 nipype.workflow INFO:
	 [Node] Setting-up "_acc_msk_tfm0" in "/work_dir/fmriprep_24_0_wf/sub_29_wf/bold_task_bird_run_3_wf/bold_confounds_wf/acc_msk_tfm/mapflow/_acc_msk_tfm0".
250329-15:24:32,679 nipype.workflow INFO:
	 [Node] Cached "_acc_msk_tfm0" - collecting precomputed outputs
250329-15:24:32,680 nipype.workflow INFO:
	 [Node] "_acc_msk_tfm0" found cached.
250329-15:24:32,681 nipype.workflow INFO:
	 [Node] Setting-up "_acc_msk_tfm1" in "/work_dir/fmriprep_24_0_wf/sub_29_wf/bold_task_bird_run_3_wf/bold_confounds_wf/acc_msk_tfm/mapflow/_acc_msk_tfm1".
250329-15:24:32,682 nipype.workflow INFO:
	 [Node] Cached "_acc_msk_tfm1" - collecting precomputed outputs
250329-15:24:32,688 nipype.workflow INFO:
	 [Node] "_acc_msk_tfm1" found cached.
250329-15:24:32,689 nipype.workflow INFO:
	 [Node] Setting-up "_acc_msk_tfm2" in "/work_dir/fmriprep_24_0_wf/sub_29_wf/bold_task_bird_run_3_wf/bold_confounds_wf/acc_msk_tfm/mapflow/_acc_msk_tfm2".
250329-15:24:32,691 nipype.workflow INFO:
	 [Node] Cached "_acc_msk_tfm2" - collecting precomputed outputs
250329-15:24:32,691 nipype.workflow INFO:
	 [Node] "_acc_msk_tfm2" found cached.
250329-15:24:32,947 nipype.workflow INFO:
	 [Node] Finished "_acc_msk_tfm2", elapsed time 4.51529s.
250329-15:24:33,256 nipype.workflow INFO:
	 [Node] Finished "_acc_msk_tfm2", elapsed time 4.8101s.
250329-15:24:33,279 nipype.workflow INFO:
	 [Node] Finished "_acc_msk_tfm0", elapsed time 4.8732299999999995s.
250329-15:24:33,439 nipype.workflow INFO:
	 [Node] Finished "_acc_msk_tfm1", elapsed time 4.989499s.
250329-15:24:33,490 nipype.workflow INFO:
	 [Node] Finished "_acc_msk_tfm1", elapsed time 5.064037s.
250329-15:24:33,505 nipype.workflow INFO:
	 [Node] Finished "_acc_msk_tfm2", elapsed time 5.097064s.
250329-15:24:33,801 nipype.workflow INFO:
	 [Node] Finished "_acc_msk_tfm0", elapsed time 5.354742s.
250329-15:24:33,914 nipype.workflow INFO:
	 [Node] Finished "_acc_msk_tfm1", elapsed time 5.471855s.
250329-15:24:34,49 nipype.workflow INFO:
	 [Node] Finished "_acc_msk_tfm1", elapsed time 5.641876s.
250329-15:24:34,343 nipype.workflow INFO:
	 [Node] Setting-up "_acc_msk_brain0" in "/work_dir/fmriprep_24_0_wf/sub_29_wf/bold_task_bird_run_6_wf/bold_confounds_wf/acc_msk_brain/mapflow/_acc_msk_brain0".
250329-15:24:34,345 nipype.workflow INFO:
	 [Node] Executing "_acc_msk_brain0" <niworkflows.interfaces.nibabel.ApplyMask>
250329-15:24:34,351 nipype.workflow INFO:
	 [Node] Setting-up "_acc_msk_brain1" in "/work_dir/fmriprep_24_0_wf/sub_29_wf/bold_task_bird_run_6_wf/bold_confounds_wf/acc_msk_brain/mapflow/_acc_msk_brain1".
250329-15:24:34,353 nipype.workflow INFO:
	 [Node] Executing "_acc_msk_brain1" <niworkflows.interfaces.nibabel.ApplyMask>
250329-15:24:34,368 nipype.workflow INFO:
	 [Node] Setting-up "_acc_msk_brain2" in "/work_dir/fmriprep_24_0_wf/sub_29_wf/bold_task_bird_run_6_wf/bold_confounds_wf/acc_msk_brain/mapflow/_acc_msk_brain2".
250329-15:24:34,369 nipype.workflow INFO:
	 [Node] Executing "_acc_msk_brain2" <niworkflows.interfaces.nibabel.ApplyMask>
250329-15:24:34,595 nipype.workflow INFO:
	 [Node] Finished "_acc_msk_brain2", elapsed time 0.205252s.
250329-15:24:34,601 nipype.workflow INFO:
	 [Node] Finished "_acc_msk_brain1", elapsed time 0.246779s.
250329-15:24:34,603 nipype.workflow INFO:
	 [Node] Finished "_acc_msk_tfm2", elapsed time 3.905738s.
250329-15:24:34,661 nipype.workflow INFO:
	 [Node] Finished "_acc_msk_tfm0", elapsed time 6.223983s.
250329-15:24:34,673 nipype.workflow INFO:
	 [Node] Finished "_acc_msk_tfm0", elapsed time 6.260582s.
250329-15:24:34,706 nipype.workflow INFO:
	 [Node] Finished "_acc_msk_brain0", elapsed time 0.36045s.
250329-15:24:36,288 nipype.workflow INFO:
	 [Node] Setting-up "_acc_msk_tfm0" in "/work_dir/fmriprep_24_0_wf/sub_29_wf/bold_task_bird_run_1_wf/bold_confounds_wf/acc_msk_tfm/mapflow/_acc_msk_tfm0".
250329-15:24:36,289 nipype.workflow INFO:
	 [Node] Cached "_acc_msk_tfm0" - collecting precomputed outputs
250329-15:24:36,290 nipype.workflow INFO:
	 [Node] "_acc_msk_tfm0" found cached.
250329-15:24:36,291 nipype.workflow INFO:
	 [Node] Setting-up "_acc_msk_tfm1" in "/work_dir/fmriprep_24_0_wf/sub_29_wf/bold_task_bird_run_1_wf/bold_confounds_wf/acc_msk_tfm/mapflow/_acc_msk_tfm1".
250329-15:24:36,292 nipype.workflow INFO:
	 [Node] Cached "_acc_msk_tfm1" - collecting precomputed outputs
250329-15:24:36,292 nipype.workflow INFO:
	 [Node] "_acc_msk_tfm1" found cached.
250329-15:24:36,292 nipype.workflow INFO:
	 [Node] Setting-up "_acc_msk_tfm0" in "/work_dir/fmriprep_24_0_wf/sub_29_wf/bold_task_bird_run_2_wf/bold_confounds_wf/acc_msk_tfm/mapflow/_acc_msk_tfm0".
250329-15:24:36,293 nipype.workflow INFO:
	 [Node] Setting-up "_acc_msk_tfm2" in "/work_dir/fmriprep_24_0_wf/sub_29_wf/bold_task_bird_run_1_wf/bold_confounds_wf/acc_msk_tfm/mapflow/_acc_msk_tfm2".
250329-15:24:36,293 nipype.workflow INFO:
	 [Node] Cached "_acc_msk_tfm0" - collecting precomputed outputs
250329-15:24:36,293 nipype.workflow INFO:
	 [Node] "_acc_msk_tfm0" found cached.
250329-15:24:36,294 nipype.workflow INFO:
	 [Node] Cached "_acc_msk_tfm2" - collecting precomputed outputs
250329-15:24:36,294 nipype.workflow INFO:
	 [Node] "_acc_msk_tfm2" found cached.
250329-15:24:36,294 nipype.workflow INFO:
	 [Node] Setting-up "_acc_msk_tfm1" in "/work_dir/fmriprep_24_0_wf/sub_29_wf/bold_task_bird_run_2_wf/bold_confounds_wf/acc_msk_tfm/mapflow/_acc_msk_tfm1".
250329-15:24:36,295 nipype.workflow INFO:
	 [Node] Cached "_acc_msk_tfm1" - collecting precomputed outputs
250329-15:24:36,296 nipype.workflow INFO:
	 [Node] "_acc_msk_tfm1" found cached.
250329-15:24:36,296 nipype.workflow INFO:
	 [Node] Setting-up "_acc_msk_brain0" in "/work_dir/fmriprep_24_0_wf/sub_29_wf/bold_task_bird_run_3_wf/bold_confounds_wf/acc_msk_brain/mapflow/_acc_msk_brain0".
250329-15:24:36,297 nipype.workflow INFO:
	 [Node] Setting-up "_acc_msk_tfm2" in "/work_dir/fmriprep_24_0_wf/sub_29_wf/bold_task_bird_run_2_wf/bold_confounds_wf/acc_msk_tfm/mapflow/_acc_msk_tfm2".
250329-15:24:36,297 nipype.workflow INFO:
	 [Node] Executing "_acc_msk_brain0" <niworkflows.interfaces.nibabel.ApplyMask>
250329-15:24:36,298 nipype.workflow INFO:
	 [Node] Cached "_acc_msk_tfm2" - collecting precomputed outputs
250329-15:24:36,298 nipype.workflow INFO:
	 [Node] "_acc_msk_tfm2" found cached.
250329-15:24:36,299 nipype.workflow INFO:
	 [Node] Setting-up "_acc_msk_brain1" in "/work_dir/fmriprep_24_0_wf/sub_29_wf/bold_task_bird_run_3_wf/bold_confounds_wf/acc_msk_brain/mapflow/_acc_msk_brain1".
250329-15:24:36,301 nipype.workflow INFO:
	 [Node] Executing "_acc_msk_brain1" <niworkflows.interfaces.nibabel.ApplyMask>
250329-15:24:36,303 nipype.workflow INFO:
	 [Node] Setting-up "_acc_msk_brain2" in "/work_dir/fmriprep_24_0_wf/sub_29_wf/bold_task_bird_run_3_wf/bold_confounds_wf/acc_msk_brain/mapflow/_acc_msk_brain2".
250329-15:24:36,305 nipype.workflow INFO:
	 [Node] Executing "_acc_msk_brain2" <niworkflows.interfaces.nibabel.ApplyMask>
250329-15:24:36,309 nipype.workflow INFO:
	 [Node] Setting-up "_acc_msk_brain0" in "/work_dir/fmriprep_24_0_wf/sub_29_wf/bold_task_bird_run_6_wf/bold_confounds_wf/acc_msk_brain/mapflow/_acc_msk_brain0".
250329-15:24:36,310 nipype.workflow INFO:
	 [Node] Cached "_acc_msk_brain0" - collecting precomputed outputs
250329-15:24:36,310 nipype.workflow INFO:
	 [Node] "_acc_msk_brain0" found cached.
250329-15:24:36,311 nipype.workflow INFO:
	 [Node] Setting-up "_acc_msk_brain1" in "/work_dir/fmriprep_24_0_wf/sub_29_wf/bold_task_bird_run_6_wf/bold_confounds_wf/acc_msk_brain/mapflow/_acc_msk_brain1".
250329-15:24:36,314 nipype.workflow INFO:
	 [Node] Setting-up "_acc_msk_tfm0" in "/work_dir/fmriprep_24_0_wf/sub_29_wf/bold_task_bird_run_5_wf/bold_confounds_wf/acc_msk_tfm/mapflow/_acc_msk_tfm0".
250329-15:24:36,315 nipype.workflow INFO:
	 [Node] Cached "_acc_msk_tfm0" - collecting precomputed outputs
250329-15:24:36,315 nipype.workflow INFO:
	 [Node] "_acc_msk_tfm0" found cached.
250329-15:24:36,317 nipype.workflow INFO:
	 [Node] Setting-up "_acc_msk_tfm0" in "/work_dir/fmriprep_24_0_wf/sub_29_wf/bold_task_bird_run_4_wf/bold_confounds_wf/acc_msk_tfm/mapflow/_acc_msk_tfm0".
250329-15:24:36,318 nipype.workflow INFO:
	 [Node] Cached "_acc_msk_tfm0" - collecting precomputed outputs
250329-15:24:36,319 nipype.workflow INFO:
	 [Node] "_acc_msk_tfm0" found cached.
250329-15:24:36,332 nipype.workflow INFO:
	 [Node] Cached "_acc_msk_brain1" - collecting precomputed outputs
250329-15:24:36,332 nipype.workflow INFO:
	 [Node] "_acc_msk_brain1" found cached.
250329-15:24:36,333 nipype.workflow INFO:
	 [Node] Setting-up "_acc_msk_brain2" in "/work_dir/fmriprep_24_0_wf/sub_29_wf/bold_task_bird_run_6_wf/bold_confounds_wf/acc_msk_brain/mapflow/_acc_msk_brain2".
250329-15:24:36,333 nipype.workflow INFO:
	 [Node] Cached "_acc_msk_brain2" - collecting precomputed outputs
250329-15:24:36,334 nipype.workflow INFO:
	 [Node] "_acc_msk_brain2" found cached.
250329-15:24:36,336 nipype.workflow INFO:
	 [Node] Setting-up "_acc_msk_tfm1" in "/work_dir/fmriprep_24_0_wf/sub_29_wf/bold_task_bird_run_5_wf/bold_confounds_wf/acc_msk_tfm/mapflow/_acc_msk_tfm1".
250329-15:24:36,337 nipype.workflow INFO:
	 [Node] Cached "_acc_msk_tfm1" - collecting precomputed outputs
250329-15:24:36,337 nipype.workflow INFO:
	 [Node] "_acc_msk_tfm1" found cached.
250329-15:24:36,339 nipype.workflow INFO:
	 [Node] Setting-up "_acc_msk_tfm2" in "/work_dir/fmriprep_24_0_wf/sub_29_wf/bold_task_bird_run_5_wf/bold_confounds_wf/acc_msk_tfm/mapflow/_acc_msk_tfm2".
250329-15:24:36,340 nipype.workflow INFO:
	 [Node] Setting-up "_acc_msk_tfm1" in "/work_dir/fmriprep_24_0_wf/sub_29_wf/bold_task_bird_run_4_wf/bold_confounds_wf/acc_msk_tfm/mapflow/_acc_msk_tfm1".
250329-15:24:36,341 nipype.workflow INFO:
	 [Node] Cached "_acc_msk_tfm1" - collecting precomputed outputs
250329-15:24:36,341 nipype.workflow INFO:
	 [Node] "_acc_msk_tfm1" found cached.
250329-15:24:36,343 nipype.workflow INFO:
	 [Node] Setting-up "_acc_msk_tfm2" in "/work_dir/fmriprep_24_0_wf/sub_29_wf/bold_task_bird_run_4_wf/bold_confounds_wf/acc_msk_tfm/mapflow/_acc_msk_tfm2".
250329-15:24:36,360 nipype.workflow INFO:
	 [Node] Cached "_acc_msk_tfm2" - collecting precomputed outputs
250329-15:24:36,360 nipype.workflow INFO:
	 [Node] "_acc_msk_tfm2" found cached.
250329-15:24:36,362 nipype.workflow INFO:
	 [Node] Cached "_acc_msk_tfm2" - collecting precomputed outputs
250329-15:24:36,363 nipype.workflow INFO:
	 [Node] "_acc_msk_tfm2" found cached.
250329-15:24:36,551 nipype.workflow INFO:
	 [Node] Finished "_acc_msk_brain2", elapsed time 0.24559s.
250329-15:24:36,592 nipype.workflow INFO:
	 [Node] Finished "_acc_msk_brain0", elapsed time 0.293622s.
250329-15:24:36,666 nipype.workflow INFO:
	 [Node] Finished "_acc_msk_brain1", elapsed time 0.364127s.
250329-15:24:38,447 nipype.workflow INFO:
	 [Node] Setting-up "_acc_msk_brain0" in "/work_dir/fmriprep_24_0_wf/sub_29_wf/bold_task_bird_run_3_wf/bold_confounds_wf/acc_msk_brain/mapflow/_acc_msk_brain0".
250329-15:24:38,448 nipype.workflow INFO:
	 [Node] Cached "_acc_msk_brain0" - collecting precomputed outputs
250329-15:24:38,448 nipype.workflow INFO:
	 [Node] "_acc_msk_brain0" found cached.
250329-15:24:38,449 nipype.workflow INFO:
	 [Node] Setting-up "_acc_msk_brain1" in "/work_dir/fmriprep_24_0_wf/sub_29_wf/bold_task_bird_run_3_wf/bold_confounds_wf/acc_msk_brain/mapflow/_acc_msk_brain1".
250329-15:24:38,450 nipype.workflow INFO:
	 [Node] Cached "_acc_msk_brain1" - collecting precomputed outputs
250329-15:24:38,450 nipype.workflow INFO:
	 [Node] "_acc_msk_brain1" found cached.
250329-15:24:38,451 nipype.workflow INFO:
	 [Node] Setting-up "_acc_msk_brain2" in "/work_dir/fmriprep_24_0_wf/sub_29_wf/bold_task_bird_run_3_wf/bold_confounds_wf/acc_msk_brain/mapflow/_acc_msk_brain2".
250329-15:24:38,451 nipype.workflow INFO:
	 [Node] Cached "_acc_msk_brain2" - collecting precomputed outputs
250329-15:24:38,451 nipype.workflow INFO:
	 [Node] "_acc_msk_brain2" found cached.
250329-15:24:40,448 nipype.workflow INFO:
	 [Node] Setting-up "_acc_msk_brain1" in "/work_dir/fmriprep_24_0_wf/sub_29_wf/bold_task_bird_run_1_wf/bold_confounds_wf/acc_msk_brain/mapflow/_acc_msk_brain1".
250329-15:24:40,450 nipype.workflow INFO:
	 [Node] Executing "_acc_msk_brain1" <niworkflows.interfaces.nibabel.ApplyMask>
250329-15:24:40,453 nipype.workflow INFO:
	 [Node] Setting-up "_acc_msk_brain0" in "/work_dir/fmriprep_24_0_wf/sub_29_wf/bold_task_bird_run_1_wf/bold_confounds_wf/acc_msk_brain/mapflow/_acc_msk_brain0".
250329-15:24:40,455 nipype.workflow INFO:
	 [Node] Executing "_acc_msk_brain0" <niworkflows.interfaces.nibabel.ApplyMask>
250329-15:24:40,459 nipype.workflow INFO:
	 [Node] Setting-up "_acc_msk_brain2" in "/work_dir/fmriprep_24_0_wf/sub_29_wf/bold_task_bird_run_1_wf/bold_confounds_wf/acc_msk_brain/mapflow/_acc_msk_brain2".
250329-15:24:40,461 nipype.workflow INFO:
	 [Node] Executing "_acc_msk_brain2" <niworkflows.interfaces.nibabel.ApplyMask>
250329-15:24:40,470 nipype.workflow INFO:
	 [Node] Setting-up "_acc_msk_brain0" in "/work_dir/fmriprep_24_0_wf/sub_29_wf/bold_task_bird_run_2_wf/bold_confounds_wf/acc_msk_brain/mapflow/_acc_msk_brain0".
250329-15:24:40,471 nipype.workflow INFO:
	 [Node] Setting-up "_acc_msk_brain1" in "/work_dir/fmriprep_24_0_wf/sub_29_wf/bold_task_bird_run_2_wf/bold_confounds_wf/acc_msk_brain/mapflow/_acc_msk_brain1".
250329-15:24:40,471 nipype.workflow INFO:
	 [Node] Setting-up "_acc_msk_brain2" in "/work_dir/fmriprep_24_0_wf/sub_29_wf/bold_task_bird_run_2_wf/bold_confounds_wf/acc_msk_brain/mapflow/_acc_msk_brain2".
250329-15:24:40,471 nipype.workflow INFO:
	 [Node] Setting-up "_acc_msk_brain0" in "/work_dir/fmriprep_24_0_wf/sub_29_wf/bold_task_bird_run_4_wf/bold_confounds_wf/acc_msk_brain/mapflow/_acc_msk_brain0".
250329-15:24:40,472 nipype.workflow INFO:
	 [Node] Executing "_acc_msk_brain0" <niworkflows.interfaces.nibabel.ApplyMask>
250329-15:24:40,472 nipype.workflow INFO:
	 [Node] Executing "_acc_msk_brain1" <niworkflows.interfaces.nibabel.ApplyMask>
250329-15:24:40,473 nipype.workflow INFO:
	 [Node] Executing "_acc_msk_brain0" <niworkflows.interfaces.nibabel.ApplyMask>
250329-15:24:40,474 nipype.workflow INFO:
	 [Node] Setting-up "_acc_msk_brain1" in "/work_dir/fmriprep_24_0_wf/sub_29_wf/bold_task_bird_run_4_wf/bold_confounds_wf/acc_msk_brain/mapflow/_acc_msk_brain1".
250329-15:24:40,475 nipype.workflow INFO:
	 [Node] Setting-up "_acc_msk_brain2" in "/work_dir/fmriprep_24_0_wf/sub_29_wf/bold_task_bird_run_4_wf/bold_confounds_wf/acc_msk_brain/mapflow/_acc_msk_brain2".
250329-15:24:40,475 nipype.workflow INFO:
	 [Node] Setting-up "_acc_msk_brain0" in "/work_dir/fmriprep_24_0_wf/sub_29_wf/bold_task_bird_run_5_wf/bold_confounds_wf/acc_msk_brain/mapflow/_acc_msk_brain0".
250329-15:24:40,476 nipype.workflow INFO:
	 [Node] Executing "_acc_msk_brain1" <niworkflows.interfaces.nibabel.ApplyMask>
250329-15:24:40,476 nipype.workflow INFO:
	 [Node] Executing "_acc_msk_brain2" <niworkflows.interfaces.nibabel.ApplyMask>
250329-15:24:40,476 nipype.workflow INFO:
	 [Node] Executing "_acc_msk_brain0" <niworkflows.interfaces.nibabel.ApplyMask>
250329-15:24:40,479 nipype.workflow INFO:
	 [Node] Executing "_acc_msk_brain2" <niworkflows.interfaces.nibabel.ApplyMask>
250329-15:24:40,485 nipype.workflow INFO:
	 [Node] Setting-up "_acc_msk_brain1" in "/work_dir/fmriprep_24_0_wf/sub_29_wf/bold_task_bird_run_5_wf/bold_confounds_wf/acc_msk_brain/mapflow/_acc_msk_brain1".
250329-15:24:40,487 nipype.workflow INFO:
	 [Node] Executing "_acc_msk_brain1" <niworkflows.interfaces.nibabel.ApplyMask>
250329-15:24:40,500 nipype.workflow INFO:
	 [Node] Setting-up "_acc_msk_brain2" in "/work_dir/fmriprep_24_0_wf/sub_29_wf/bold_task_bird_run_5_wf/bold_confounds_wf/acc_msk_brain/mapflow/_acc_msk_brain2".
250329-15:24:40,502 nipype.workflow INFO:
	 [Node] Executing "_acc_msk_brain2" <niworkflows.interfaces.nibabel.ApplyMask>
250329-15:24:40,505 nipype.workflow INFO:
	 [Node] Setting-up "_acc_msk_bin0" in "/work_dir/fmriprep_24_0_wf/sub_29_wf/bold_task_bird_run_6_wf/bold_confounds_wf/acc_msk_bin/mapflow/_acc_msk_bin0".
250329-15:24:40,507 nipype.workflow INFO:
	 [Node] Executing "_acc_msk_bin0" <niworkflows.interfaces.nibabel.Binarize>
250329-15:24:40,510 nipype.workflow INFO:
	 [Node] Setting-up "_acc_msk_bin1" in "/work_dir/fmriprep_24_0_wf/sub_29_wf/bold_task_bird_run_6_wf/bold_confounds_wf/acc_msk_bin/mapflow/_acc_msk_bin1".
250329-15:24:40,512 nipype.workflow INFO:
	 [Node] Executing "_acc_msk_bin1" <niworkflows.interfaces.nibabel.Binarize>
250329-15:24:40,516 nipype.workflow INFO:
	 [Node] Setting-up "_acc_msk_bin2" in "/work_dir/fmriprep_24_0_wf/sub_29_wf/bold_task_bird_run_6_wf/bold_confounds_wf/acc_msk_bin/mapflow/_acc_msk_bin2".
250329-15:24:40,518 nipype.workflow INFO:
	 [Node] Executing "_acc_msk_bin2" <niworkflows.interfaces.nibabel.Binarize>
250329-15:24:40,726 nipype.workflow INFO:
	 [Node] Finished "_acc_msk_bin2", elapsed time 0.207129s.
250329-15:24:40,824 nipype.workflow INFO:
	 [Node] Finished "_acc_msk_brain1", elapsed time 0.335993s.
250329-15:24:40,826 nipype.workflow INFO:
	 [Node] Finished "_acc_msk_brain1", elapsed time 0.375631s.
250329-15:24:40,868 nipype.workflow INFO:
	 [Node] Finished "_acc_msk_bin1", elapsed time 0.355099s.
250329-15:24:40,893 nipype.workflow INFO:
	 [Node] Finished "_acc_msk_brain1", elapsed time 0.416053s.
250329-15:24:40,899 nipype.workflow INFO:
	 [Node] Finished "_acc_msk_brain2", elapsed time 0.437016s.
250329-15:24:40,900 nipype.workflow INFO:
	 [Node] Finished "_acc_msk_brain1", elapsed time 0.427268s.
250329-15:24:40,901 nipype.workflow INFO:
	 [Node] Finished "_acc_msk_brain0", elapsed time 0.42414s.
250329-15:24:40,907 nipype.workflow INFO:
	 [Node] Finished "_acc_msk_brain2", elapsed time 0.426549s.
250329-15:24:40,909 nipype.workflow INFO:
	 [Node] Finished "_acc_msk_bin0", elapsed time 0.40181s.
250329-15:24:40,932 nipype.workflow INFO:
	 [Node] Finished "_acc_msk_brain0", elapsed time 0.458744s.
250329-15:24:40,933 nipype.workflow INFO:
	 [Node] Finished "_acc_msk_brain2", elapsed time 0.456516s.
250329-15:24:40,936 nipype.workflow INFO:
	 [Node] Finished "_acc_msk_brain2", elapsed time 0.432372s.
250329-15:24:40,941 nipype.workflow INFO:
	 [Node] Finished "_acc_msk_brain0", elapsed time 0.467602s.
250329-15:24:41,4 nipype.workflow INFO:
	 [Node] Finished "_acc_msk_brain0", elapsed time 0.547676s.
250329-15:24:42,309 nipype.workflow INFO:
	 [Node] Setting-up "_acc_msk_brain0" in "/work_dir/fmriprep_24_0_wf/sub_29_wf/bold_task_bird_run_1_wf/bold_confounds_wf/acc_msk_brain/mapflow/_acc_msk_brain0".
250329-15:24:42,310 nipype.workflow INFO:
	 [Node] Cached "_acc_msk_brain0" - collecting precomputed outputs
250329-15:24:42,310 nipype.workflow INFO:
	 [Node] "_acc_msk_brain0" found cached.
250329-15:24:42,311 nipype.workflow INFO:
	 [Node] Setting-up "_acc_msk_brain1" in "/work_dir/fmriprep_24_0_wf/sub_29_wf/bold_task_bird_run_1_wf/bold_confounds_wf/acc_msk_brain/mapflow/_acc_msk_brain1".
250329-15:24:42,311 nipype.workflow INFO:
	 [Node] Cached "_acc_msk_brain1" - collecting precomputed outputs
250329-15:24:42,312 nipype.workflow INFO:
	 [Node] "_acc_msk_brain1" found cached.
250329-15:24:42,312 nipype.workflow INFO:
	 [Node] Setting-up "_acc_msk_brain2" in "/work_dir/fmriprep_24_0_wf/sub_29_wf/bold_task_bird_run_1_wf/bold_confounds_wf/acc_msk_brain/mapflow/_acc_msk_brain2".
250329-15:24:42,313 nipype.workflow INFO:
	 [Node] Cached "_acc_msk_brain2" - collecting precomputed outputs
250329-15:24:42,313 nipype.workflow INFO:
	 [Node] "_acc_msk_brain2" found cached.
250329-15:24:42,329 nipype.workflow INFO:
	 [Node] Setting-up "_acc_msk_brain0" in "/work_dir/fmriprep_24_0_wf/sub_29_wf/bold_task_bird_run_4_wf/bold_confounds_wf/acc_msk_brain/mapflow/_acc_msk_brain0".
250329-15:24:42,330 nipype.workflow INFO:
	 [Node] Cached "_acc_msk_brain0" - collecting precomputed outputs
250329-15:24:42,331 nipype.workflow INFO:
	 [Node] "_acc_msk_brain0" found cached.
250329-15:24:42,331 nipype.workflow INFO:
	 [Node] Setting-up "_acc_msk_brain1" in "/work_dir/fmriprep_24_0_wf/sub_29_wf/bold_task_bird_run_4_wf/bold_confounds_wf/acc_msk_brain/mapflow/_acc_msk_brain1".
250329-15:24:42,334 nipype.workflow INFO:
	 [Node] Setting-up "_acc_msk_brain0" in "/work_dir/fmriprep_24_0_wf/sub_29_wf/bold_task_bird_run_2_wf/bold_confounds_wf/acc_msk_brain/mapflow/_acc_msk_brain0".
250329-15:24:42,335 nipype.workflow INFO:
	 [Node] Cached "_acc_msk_brain0" - collecting precomputed outputs
250329-15:24:42,335 nipype.workflow INFO:
	 [Node] "_acc_msk_brain0" found cached.
250329-15:24:42,336 nipype.workflow INFO:
	 [Node] Setting-up "_acc_msk_brain1" in "/work_dir/fmriprep_24_0_wf/sub_29_wf/bold_task_bird_run_2_wf/bold_confounds_wf/acc_msk_brain/mapflow/_acc_msk_brain1".
250329-15:24:42,337 nipype.workflow INFO:
	 [Node] Cached "_acc_msk_brain1" - collecting precomputed outputs
250329-15:24:42,337 nipype.workflow INFO:
	 [Node] "_acc_msk_brain1" found cached.
250329-15:24:42,337 nipype.workflow INFO:
	 [Node] Setting-up "_acc_msk_bin0" in "/work_dir/fmriprep_24_0_wf/sub_29_wf/bold_task_bird_run_6_wf/bold_confounds_wf/acc_msk_bin/mapflow/_acc_msk_bin0".
250329-15:24:42,338 nipype.workflow INFO:
	 [Node] Cached "_acc_msk_bin0" - collecting precomputed outputs
250329-15:24:42,338 nipype.workflow INFO:
	 [Node] "_acc_msk_bin0" found cached.
250329-15:24:42,339 nipype.workflow INFO:
	 [Node] Setting-up "_acc_msk_bin1" in "/work_dir/fmriprep_24_0_wf/sub_29_wf/bold_task_bird_run_6_wf/bold_confounds_wf/acc_msk_bin/mapflow/_acc_msk_bin1".
250329-15:24:42,339 nipype.workflow INFO:
	 [Node] Setting-up "_acc_msk_brain0" in "/work_dir/fmriprep_24_0_wf/sub_29_wf/bold_task_bird_run_5_wf/bold_confounds_wf/acc_msk_brain/mapflow/_acc_msk_brain0".
250329-15:24:42,339 nipype.workflow INFO:
	 [Node] Cached "_acc_msk_bin1" - collecting precomputed outputs
250329-15:24:42,339 nipype.workflow INFO:
	 [Node] "_acc_msk_bin1" found cached.
250329-15:24:42,340 nipype.workflow INFO:
	 [Node] Cached "_acc_msk_brain0" - collecting precomputed outputs
250329-15:24:42,340 nipype.workflow INFO:
	 [Node] "_acc_msk_brain0" found cached.
250329-15:24:42,340 nipype.workflow INFO:
	 [Node] Setting-up "_acc_msk_bin2" in "/work_dir/fmriprep_24_0_wf/sub_29_wf/bold_task_bird_run_6_wf/bold_confounds_wf/acc_msk_bin/mapflow/_acc_msk_bin2".
250329-15:24:42,341 nipype.workflow INFO:
	 [Node] Setting-up "_acc_msk_brain1" in "/work_dir/fmriprep_24_0_wf/sub_29_wf/bold_task_bird_run_5_wf/bold_confounds_wf/acc_msk_brain/mapflow/_acc_msk_brain1".
250329-15:24:42,341 nipype.workflow INFO:
	 [Node] Cached "_acc_msk_bin2" - collecting precomputed outputs
250329-15:24:42,341 nipype.workflow INFO:
	 [Node] "_acc_msk_bin2" found cached.
250329-15:24:42,342 nipype.workflow INFO:
	 [Node] Cached "_acc_msk_brain1" - collecting precomputed outputs
250329-15:24:42,342 nipype.workflow INFO:
	 [Node] "_acc_msk_brain1" found cached.
250329-15:24:42,342 nipype.workflow INFO:
	 [Node] Cached "_acc_msk_brain1" - collecting precomputed outputs
250329-15:24:42,342 nipype.workflow INFO:
	 [Node] "_acc_msk_brain1" found cached.
250329-15:24:42,343 nipype.workflow INFO:
	 [Node] Setting-up "_acc_msk_brain2" in "/work_dir/fmriprep_24_0_wf/sub_29_wf/bold_task_bird_run_4_wf/bold_confounds_wf/acc_msk_brain/mapflow/_acc_msk_brain2".
250329-15:24:42,344 nipype.workflow INFO:
	 [Node] Cached "_acc_msk_brain2" - collecting precomputed outputs
250329-15:24:42,344 nipype.workflow INFO:
	 [Node] "_acc_msk_brain2" found cached.
250329-15:24:42,346 nipype.workflow INFO:
	 [Node] Setting-up "_acc_msk_brain2" in "/work_dir/fmriprep_24_0_wf/sub_29_wf/bold_task_bird_run_2_wf/bold_confounds_wf/acc_msk_brain/mapflow/_acc_msk_brain2".
250329-15:24:42,347 nipype.workflow INFO:
	 [Node] Cached "_acc_msk_brain2" - collecting precomputed outputs
250329-15:24:42,347 nipype.workflow INFO:
	 [Node] "_acc_msk_brain2" found cached.
250329-15:24:42,348 nipype.workflow INFO:
	 [Node] Setting-up "_acc_msk_brain2" in "/work_dir/fmriprep_24_0_wf/sub_29_wf/bold_task_bird_run_5_wf/bold_confounds_wf/acc_msk_brain/mapflow/_acc_msk_brain2".
250329-15:24:42,349 nipype.workflow INFO:
	 [Node] Cached "_acc_msk_brain2" - collecting precomputed outputs
250329-15:24:42,349 nipype.workflow INFO:
	 [Node] "_acc_msk_brain2" found cached.
250329-15:24:42,351 nipype.workflow INFO:
	 [Node] Setting-up "_acc_msk_bin0" in "/work_dir/fmriprep_24_0_wf/sub_29_wf/bold_task_bird_run_3_wf/bold_confounds_wf/acc_msk_bin/mapflow/_acc_msk_bin0".
250329-15:24:42,352 nipype.workflow INFO:
	 [Node] Setting-up "_acc_msk_bin1" in "/work_dir/fmriprep_24_0_wf/sub_29_wf/bold_task_bird_run_3_wf/bold_confounds_wf/acc_msk_bin/mapflow/_acc_msk_bin1".
250329-15:24:42,353 nipype.workflow INFO:
	 [Node] Executing "_acc_msk_bin0" <niworkflows.interfaces.nibabel.Binarize>
250329-15:24:42,354 nipype.workflow INFO:
	 [Node] Executing "_acc_msk_bin1" <niworkflows.interfaces.nibabel.Binarize>
250329-15:24:42,360 nipype.workflow INFO:
	 [Node] Setting-up "_acc_msk_bin2" in "/work_dir/fmriprep_24_0_wf/sub_29_wf/bold_task_bird_run_3_wf/bold_confounds_wf/acc_msk_bin/mapflow/_acc_msk_bin2".
250329-15:24:42,361 nipype.workflow INFO:
	 [Node] Executing "_acc_msk_bin2" <niworkflows.interfaces.nibabel.Binarize>
250329-15:24:42,566 nipype.workflow INFO:
	 [Node] Finished "_acc_msk_bin1", elapsed time 0.2115s.
250329-15:24:42,587 nipype.workflow INFO:
	 [Node] Finished "_acc_msk_bin2", elapsed time 0.225501s.
250329-15:24:42,629 nipype.workflow INFO:
	 [Node] Finished "_acc_msk_bin0", elapsed time 0.275453s.
250329-15:24:44,338 nipype.workflow INFO:
	 [Node] Setting-up "_acc_msk_bin0" in "/work_dir/fmriprep_24_0_wf/sub_29_wf/bold_task_bird_run_3_wf/bold_confounds_wf/acc_msk_bin/mapflow/_acc_msk_bin0".
250329-15:24:44,339 nipype.workflow INFO:
	 [Node] Cached "_acc_msk_bin0" - collecting precomputed outputs
250329-15:24:44,340 nipype.workflow INFO:
	 [Node] "_acc_msk_bin0" found cached.
250329-15:24:44,340 nipype.workflow INFO:
	 [Node] Setting-up "_acc_msk_bin1" in "/work_dir/fmriprep_24_0_wf/sub_29_wf/bold_task_bird_run_3_wf/bold_confounds_wf/acc_msk_bin/mapflow/_acc_msk_bin1".
250329-15:24:44,341 nipype.workflow INFO:
	 [Node] Cached "_acc_msk_bin1" - collecting precomputed outputs
250329-15:24:44,341 nipype.workflow INFO:
	 [Node] "_acc_msk_bin1" found cached.
250329-15:24:44,342 nipype.workflow INFO:
	 [Node] Setting-up "_acc_msk_bin2" in "/work_dir/fmriprep_24_0_wf/sub_29_wf/bold_task_bird_run_3_wf/bold_confounds_wf/acc_msk_bin/mapflow/_acc_msk_bin2".
250329-15:24:44,342 nipype.workflow INFO:
	 [Node] Cached "_acc_msk_bin2" - collecting precomputed outputs
250329-15:24:44,343 nipype.workflow INFO:
	 [Node] "_acc_msk_bin2" found cached.
250329-15:24:44,390 nipype.workflow INFO:
	 [Node] Setting-up "fmriprep_24_0_wf.sub_29_wf.bold_task_bird_run_6_wf.bold_confounds_wf.acompcor" in "/work_dir/fmriprep_24_0_wf/sub_29_wf/bold_task_bird_run_6_wf/bold_confounds_wf/acompcor".
250329-15:24:44,395 nipype.workflow INFO:
	 [Node] Executing "acompcor" <niworkflows.interfaces.patches.RobustACompCor>
250329-15:24:46,465 nipype.workflow INFO:
	 [Node] Setting-up "fmriprep_24_0_wf.sub_29_wf.bold_task_bird_run_3_wf.bold_confounds_wf.acompcor" in "/work_dir/fmriprep_24_0_wf/sub_29_wf/bold_task_bird_run_3_wf/bold_confounds_wf/acompcor".
250329-15:24:46,469 nipype.workflow INFO:
	 [Node] Executing "acompcor" <niworkflows.interfaces.patches.RobustACompCor>
250329-15:24:47,298 nipype.workflow INFO:
	 [Node] Setting-up "fmriprep_24_0_wf.sub_29_wf.bold_task_bird_run_6_wf.bold_confounds_wf.signals" in "/work_dir/fmriprep_24_0_wf/sub_29_wf/bold_task_bird_run_6_wf/bold_confounds_wf/signals".
250329-15:24:47,302 nipype.workflow INFO:
	 [Node] Executing "signals" <niworkflows.interfaces.images.SignalExtraction>
250329-15:24:47,321 nipype.workflow INFO:
	 [Node] Setting-up "_acc_msk_bin0" in "/work_dir/fmriprep_24_0_wf/sub_29_wf/bold_task_bird_run_1_wf/bold_confounds_wf/acc_msk_bin/mapflow/_acc_msk_bin0".
250329-15:24:47,323 nipype.workflow INFO:
	 [Node] Executing "_acc_msk_bin0" <niworkflows.interfaces.nibabel.Binarize>
250329-15:24:47,321 nipype.workflow INFO:
	 [Node] Setting-up "fmriprep_24_0_wf.sub_29_wf.bold_task_bird_run_6_wf.bold_confounds_wf.rois_plot" in "/work_dir/fmriprep_24_0_wf/sub_29_wf/bold_task_bird_run_6_wf/bold_confounds_wf/rois_plot".
250329-15:24:47,326 nipype.workflow INFO:
	 [Node] Setting-up "_acc_msk_bin1" in "/work_dir/fmriprep_24_0_wf/sub_29_wf/bold_task_bird_run_1_wf/bold_confounds_wf/acc_msk_bin/mapflow/_acc_msk_bin1".
250329-15:24:47,327 nipype.workflow INFO:
	 [Node] Setting-up "_acc_msk_bin2" in "/work_dir/fmriprep_24_0_wf/sub_29_wf/bold_task_bird_run_1_wf/bold_confounds_wf/acc_msk_bin/mapflow/_acc_msk_bin2".
250329-15:24:47,328 nipype.workflow INFO:
	 [Node] Executing "_acc_msk_bin1" <niworkflows.interfaces.nibabel.Binarize>
250329-15:24:47,328 nipype.workflow INFO:
	 [Node] Executing "_acc_msk_bin2" <niworkflows.interfaces.nibabel.Binarize>
250329-15:24:47,330 nipype.workflow INFO:
	 [Node] Setting-up "_acc_msk_bin0" in "/work_dir/fmriprep_24_0_wf/sub_29_wf/bold_task_bird_run_2_wf/bold_confounds_wf/acc_msk_bin/mapflow/_acc_msk_bin0".
250329-15:24:47,331 nipype.workflow INFO:
	 [Node] Setting-up "_acc_msk_bin1" in "/work_dir/fmriprep_24_0_wf/sub_29_wf/bold_task_bird_run_2_wf/bold_confounds_wf/acc_msk_bin/mapflow/_acc_msk_bin1".
250329-15:24:47,331 nipype.workflow INFO:
	 [Node] Setting-up "_acc_msk_bin2" in "/work_dir/fmriprep_24_0_wf/sub_29_wf/bold_task_bird_run_2_wf/bold_confounds_wf/acc_msk_bin/mapflow/_acc_msk_bin2".
250329-15:24:47,333 nipype.workflow INFO:
	 [Node] Executing "_acc_msk_bin2" <niworkflows.interfaces.nibabel.Binarize>
250329-15:24:47,333 nipype.workflow INFO:
	 [Node] Executing "_acc_msk_bin0" <niworkflows.interfaces.nibabel.Binarize>
250329-15:24:47,335 nipype.workflow INFO:
	 [Node] Setting-up "_acc_msk_bin0" in "/work_dir/fmriprep_24_0_wf/sub_29_wf/bold_task_bird_run_4_wf/bold_confounds_wf/acc_msk_bin/mapflow/_acc_msk_bin0".
250329-15:24:47,335 nipype.workflow INFO:
	 [Node] Setting-up "_acc_msk_bin1" in "/work_dir/fmriprep_24_0_wf/sub_29_wf/bold_task_bird_run_4_wf/bold_confounds_wf/acc_msk_bin/mapflow/_acc_msk_bin1".
250329-15:24:47,336 nipype.workflow INFO:
	 [Node] Setting-up "_acc_msk_bin2" in "/work_dir/fmriprep_24_0_wf/sub_29_wf/bold_task_bird_run_4_wf/bold_confounds_wf/acc_msk_bin/mapflow/_acc_msk_bin2".
250329-15:24:47,336 nipype.workflow INFO:
	 [Node] Setting-up "_acc_msk_bin0" in "/work_dir/fmriprep_24_0_wf/sub_29_wf/bold_task_bird_run_5_wf/bold_confounds_wf/acc_msk_bin/mapflow/_acc_msk_bin0".
250329-15:24:47,336 nipype.workflow INFO:
	 [Node] Executing "_acc_msk_bin1" <niworkflows.interfaces.nibabel.Binarize>
250329-15:24:47,337 nipype.workflow INFO:
	 [Node] Executing "_acc_msk_bin0" <niworkflows.interfaces.nibabel.Binarize>
250329-15:24:47,337 nipype.workflow INFO:
	 [Node] Executing "_acc_msk_bin1" <niworkflows.interfaces.nibabel.Binarize>
250329-15:24:47,337 nipype.workflow INFO:
	 [Node] Executing "_acc_msk_bin2" <niworkflows.interfaces.nibabel.Binarize>
250329-15:24:47,337 nipype.workflow INFO:
	 [Node] Executing "_acc_msk_bin0" <niworkflows.interfaces.nibabel.Binarize>
250329-15:24:47,356 nipype.workflow INFO:
	 [Node] Setting-up "_acc_msk_bin1" in "/work_dir/fmriprep_24_0_wf/sub_29_wf/bold_task_bird_run_5_wf/bold_confounds_wf/acc_msk_bin/mapflow/_acc_msk_bin1".
250329-15:24:47,358 nipype.workflow INFO:
	 [Node] Executing "_acc_msk_bin1" <niworkflows.interfaces.nibabel.Binarize>
250329-15:24:47,361 nipype.workflow INFO:
	 [Node] Executing "rois_plot" <niworkflows.interfaces.reportlets.masks.ROIsPlot>
250329-15:24:47,599 nipype.workflow INFO:
	 [Node] Finished "_acc_msk_bin2", elapsed time 0.269816s.
250329-15:24:47,609 nipype.workflow INFO:
	 [Node] Finished "_acc_msk_bin2", elapsed time 0.275726s.
250329-15:24:47,614 nipype.workflow INFO:
	 [Node] Finished "_acc_msk_bin2", elapsed time 0.276458s.
250329-15:24:47,643 nipype.workflow INFO:
	 [Node] Finished "_acc_msk_bin0", elapsed time 0.305519s.
250329-15:24:47,668 nipype.workflow INFO:
	 [Node] Finished "_acc_msk_bin1", elapsed time 0.329964s.
250329-15:24:47,681 nipype.workflow INFO:
	 [Node] Finished "_acc_msk_bin1", elapsed time 0.322048s.
250329-15:24:47,687 nipype.workflow INFO:
	 [Node] Finished "_acc_msk_bin1", elapsed time 0.349554s.
250329-15:24:47,691 nipype.workflow INFO:
	 [Node] Finished "_acc_msk_bin1", elapsed time 0.362185s.
250329-15:24:47,720 nipype.workflow INFO:
	 [Node] Finished "_acc_msk_bin0", elapsed time 0.381877s.
250329-15:24:47,724 nipype.workflow INFO:
	 [Node] Finished "_acc_msk_bin0", elapsed time 0.400466s.
250329-15:24:47,731 nipype.workflow INFO:
	 [Node] Finished "_acc_msk_bin0", elapsed time 0.397285s.
250329-15:24:48,493 nipype.workflow INFO:
	 [Node] Setting-up "_acc_msk_bin0" in "/work_dir/fmriprep_24_0_wf/sub_29_wf/bold_task_bird_run_1_wf/bold_confounds_wf/acc_msk_bin/mapflow/_acc_msk_bin0".
250329-15:24:48,494 nipype.workflow INFO:
	 [Node] Cached "_acc_msk_bin0" - collecting precomputed outputs
250329-15:24:48,494 nipype.workflow INFO:
	 [Node] "_acc_msk_bin0" found cached.
250329-15:24:48,494 nipype.workflow INFO:
	 [Node] Setting-up "_acc_msk_bin1" in "/work_dir/fmriprep_24_0_wf/sub_29_wf/bold_task_bird_run_1_wf/bold_confounds_wf/acc_msk_bin/mapflow/_acc_msk_bin1".
250329-15:24:48,495 nipype.workflow INFO:
	 [Node] Cached "_acc_msk_bin1" - collecting precomputed outputs
250329-15:24:48,495 nipype.workflow INFO:
	 [Node] "_acc_msk_bin1" found cached.
250329-15:24:48,496 nipype.workflow INFO:
	 [Node] Setting-up "_acc_msk_bin2" in "/work_dir/fmriprep_24_0_wf/sub_29_wf/bold_task_bird_run_1_wf/bold_confounds_wf/acc_msk_bin/mapflow/_acc_msk_bin2".
250329-15:24:48,497 nipype.workflow INFO:
	 [Node] Cached "_acc_msk_bin2" - collecting precomputed outputs
250329-15:24:48,497 nipype.workflow INFO:
	 [Node] "_acc_msk_bin2" found cached.
250329-15:24:48,510 nipype.workflow INFO:
	 [Node] Setting-up "fmriprep_24_0_wf.sub_29_wf.bold_task_bird_run_3_wf.bold_confounds_wf.signals" in "/work_dir/fmriprep_24_0_wf/sub_29_wf/bold_task_bird_run_3_wf/bold_confounds_wf/signals".
250329-15:24:48,511 nipype.workflow INFO:
	 [Node] Setting-up "_acc_msk_bin0" in "/work_dir/fmriprep_24_0_wf/sub_29_wf/bold_task_bird_run_2_wf/bold_confounds_wf/acc_msk_bin/mapflow/_acc_msk_bin0".
250329-15:24:48,512 nipype.workflow INFO:
	 [Node] Cached "_acc_msk_bin0" - collecting precomputed outputs
250329-15:24:48,512 nipype.workflow INFO:
	 [Node] "_acc_msk_bin0" found cached.
250329-15:24:48,512 nipype.workflow INFO:
	 [Node] Setting-up "_acc_msk_bin0" in "/work_dir/fmriprep_24_0_wf/sub_29_wf/bold_task_bird_run_4_wf/bold_confounds_wf/acc_msk_bin/mapflow/_acc_msk_bin0".
250329-15:24:48,513 nipype.workflow INFO:
	 [Node] Setting-up "_acc_msk_bin1" in "/work_dir/fmriprep_24_0_wf/sub_29_wf/bold_task_bird_run_2_wf/bold_confounds_wf/acc_msk_bin/mapflow/_acc_msk_bin1".
250329-15:24:48,513 nipype.workflow INFO:
	 [Node] Cached "_acc_msk_bin0" - collecting precomputed outputs
250329-15:24:48,513 nipype.workflow INFO:
	 [Node] "_acc_msk_bin0" found cached.
250329-15:24:48,514 nipype.workflow INFO:
	 [Node] Setting-up "_acc_msk_bin2" in "/work_dir/fmriprep_24_0_wf/sub_29_wf/bold_task_bird_run_5_wf/bold_confounds_wf/acc_msk_bin/mapflow/_acc_msk_bin2".
250329-15:24:48,514 nipype.workflow INFO:
	 [Node] Setting-up "_acc_msk_bin1" in "/work_dir/fmriprep_24_0_wf/sub_29_wf/bold_task_bird_run_4_wf/bold_confounds_wf/acc_msk_bin/mapflow/_acc_msk_bin1".
250329-15:24:48,515 nipype.workflow INFO:
	 [Node] Cached "_acc_msk_bin1" - collecting precomputed outputs
250329-15:24:48,515 nipype.workflow INFO:
	 [Node] "_acc_msk_bin1" found cached.
250329-15:24:48,515 nipype.workflow INFO:
	 [Node] Executing "_acc_msk_bin2" <niworkflows.interfaces.nibabel.Binarize>
250329-15:24:48,515 nipype.workflow INFO:
	 [Node] Setting-up "_acc_msk_bin2" in "/work_dir/fmriprep_24_0_wf/sub_29_wf/bold_task_bird_run_4_wf/bold_confounds_wf/acc_msk_bin/mapflow/_acc_msk_bin2".
250329-15:24:48,516 nipype.workflow INFO:
	 [Node] Cached "_acc_msk_bin2" - collecting precomputed outputs
250329-15:24:48,516 nipype.workflow INFO:
	 [Node] "_acc_msk_bin2" found cached.
250329-15:24:48,517 nipype.workflow INFO:
	 [Node] Setting-up "fmriprep_24_0_wf.sub_29_wf.bold_task_bird_run_3_wf.bold_confounds_wf.rois_plot" in "/work_dir/fmriprep_24_0_wf/sub_29_wf/bold_task_bird_run_3_wf/bold_confounds_wf/rois_plot".
250329-15:24:48,520 nipype.workflow INFO:
	 [Node] Cached "_acc_msk_bin1" - collecting precomputed outputs
250329-15:24:48,520 nipype.workflow INFO:
	 [Node] "_acc_msk_bin1" found cached.
250329-15:24:48,520 nipype.workflow INFO:
	 [Node] Setting-up "_acc_msk_bin2" in "/work_dir/fmriprep_24_0_wf/sub_29_wf/bold_task_bird_run_2_wf/bold_confounds_wf/acc_msk_bin/mapflow/_acc_msk_bin2".
250329-15:24:48,521 nipype.workflow INFO:
	 [Node] Cached "_acc_msk_bin2" - collecting precomputed outputs
250329-15:24:48,521 nipype.workflow INFO:
	 [Node] "_acc_msk_bin2" found cached.
250329-15:24:48,521 nipype.workflow INFO:
	 [Node] Executing "rois_plot" <niworkflows.interfaces.reportlets.masks.ROIsPlot>
250329-15:24:48,568 nipype.workflow INFO:
	 [Node] Executing "signals" <niworkflows.interfaces.images.SignalExtraction>
250329-15:24:48,762 nipype.workflow INFO:
	 [Node] Finished "_acc_msk_bin2", elapsed time 0.246135s.
250329-15:24:50,478 nipype.workflow INFO:
	 [Node] Setting-up "_acc_msk_bin0" in "/work_dir/fmriprep_24_0_wf/sub_29_wf/bold_task_bird_run_5_wf/bold_confounds_wf/acc_msk_bin/mapflow/_acc_msk_bin0".
250329-15:24:50,479 nipype.workflow INFO:
	 [Node] Cached "_acc_msk_bin0" - collecting precomputed outputs
250329-15:24:50,479 nipype.workflow INFO:
	 [Node] "_acc_msk_bin0" found cached.
250329-15:24:50,480 nipype.workflow INFO:
	 [Node] Setting-up "_acc_msk_bin1" in "/work_dir/fmriprep_24_0_wf/sub_29_wf/bold_task_bird_run_5_wf/bold_confounds_wf/acc_msk_bin/mapflow/_acc_msk_bin1".
250329-15:24:50,481 nipype.workflow INFO:
	 [Node] Cached "_acc_msk_bin1" - collecting precomputed outputs
250329-15:24:50,481 nipype.workflow INFO:
	 [Node] "_acc_msk_bin1" found cached.
250329-15:24:50,481 nipype.workflow INFO:
	 [Node] Setting-up "_acc_msk_bin2" in "/work_dir/fmriprep_24_0_wf/sub_29_wf/bold_task_bird_run_5_wf/bold_confounds_wf/acc_msk_bin/mapflow/_acc_msk_bin2".
250329-15:24:50,482 nipype.workflow INFO:
	 [Node] Cached "_acc_msk_bin2" - collecting precomputed outputs
250329-15:24:50,482 nipype.workflow INFO:
	 [Node] "_acc_msk_bin2" found cached.
250329-15:24:50,493 nipype.workflow INFO:
	 [Node] Setting-up "fmriprep_24_0_wf.sub_29_wf.bold_task_bird_run_1_wf.bold_confounds_wf.acompcor" in "/work_dir/fmriprep_24_0_wf/sub_29_wf/bold_task_bird_run_1_wf/bold_confounds_wf/acompcor".
250329-15:24:50,558 nipype.workflow INFO:
	 [Node] Executing "acompcor" <niworkflows.interfaces.patches.RobustACompCor>
250329-15:24:51,40 nipype.workflow INFO:
	 [Node] Setting-up "fmriprep_24_0_wf.sub_29_wf.bold_task_bird_run_2_wf.bold_confounds_wf.acompcor" in "/work_dir/fmriprep_24_0_wf/sub_29_wf/bold_task_bird_run_2_wf/bold_confounds_wf/acompcor".
250329-15:24:51,44 nipype.workflow INFO:
	 [Node] Executing "acompcor" <niworkflows.interfaces.patches.RobustACompCor>
250329-15:24:51,572 nipype.workflow INFO:
	 [Node] Setting-up "fmriprep_24_0_wf.sub_29_wf.bold_task_bird_run_4_wf.bold_confounds_wf.acompcor" in "/work_dir/fmriprep_24_0_wf/sub_29_wf/bold_task_bird_run_4_wf/bold_confounds_wf/acompcor".
250329-15:24:51,577 nipype.workflow INFO:
	 [Node] Executing "acompcor" <niworkflows.interfaces.patches.RobustACompCor>
250329-15:24:54,382 nipype.workflow INFO:
	 [Node] Setting-up "fmriprep_24_0_wf.sub_29_wf.bold_task_bird_run_5_wf.bold_confounds_wf.acompcor" in "/work_dir/fmriprep_24_0_wf/sub_29_wf/bold_task_bird_run_5_wf/bold_confounds_wf/acompcor".
250329-15:24:54,386 nipype.workflow INFO:
	 [Node] Executing "acompcor" <niworkflows.interfaces.patches.RobustACompCor>
250329-15:24:55,917 nipype.workflow INFO:
	 [Node] Setting-up "fmriprep_24_0_wf.sub_29_wf.bold_task_bird_run_1_wf.bold_confounds_wf.signals" in "/work_dir/fmriprep_24_0_wf/sub_29_wf/bold_task_bird_run_1_wf/bold_confounds_wf/signals".
250329-15:24:55,921 nipype.workflow INFO:
	 [Node] Executing "signals" <niworkflows.interfaces.images.SignalExtraction>
250329-15:24:55,938 nipype.workflow INFO:
	 [Node] Setting-up "fmriprep_24_0_wf.sub_29_wf.bold_task_bird_run_2_wf.bold_confounds_wf.signals" in "/work_dir/fmriprep_24_0_wf/sub_29_wf/bold_task_bird_run_2_wf/bold_confounds_wf/signals".
250329-15:24:55,939 nipype.workflow INFO:
	 [Node] Setting-up "fmriprep_24_0_wf.sub_29_wf.bold_task_bird_run_4_wf.bold_confounds_wf.signals" in "/work_dir/fmriprep_24_0_wf/sub_29_wf/bold_task_bird_run_4_wf/bold_confounds_wf/signals".
250329-15:24:55,942 nipype.workflow INFO:
	 [Node] Executing "signals" <niworkflows.interfaces.images.SignalExtraction>
250329-15:24:55,943 nipype.workflow INFO:
	 [Node] Executing "signals" <niworkflows.interfaces.images.SignalExtraction>
250329-15:24:55,947 nipype.workflow INFO:
	 [Node] Setting-up "fmriprep_24_0_wf.sub_29_wf.bold_task_bird_run_1_wf.bold_confounds_wf.rois_plot" in "/work_dir/fmriprep_24_0_wf/sub_29_wf/bold_task_bird_run_1_wf/bold_confounds_wf/rois_plot".
250329-15:24:55,951 nipype.workflow INFO:
	 [Node] Setting-up "fmriprep_24_0_wf.sub_29_wf.bold_task_bird_run_2_wf.bold_confounds_wf.rois_plot" in "/work_dir/fmriprep_24_0_wf/sub_29_wf/bold_task_bird_run_2_wf/bold_confounds_wf/rois_plot".
250329-15:24:55,951 nipype.workflow INFO:
	 [Node] Executing "rois_plot" <niworkflows.interfaces.reportlets.masks.ROIsPlot>
250329-15:24:55,955 nipype.workflow INFO:
	 [Node] Executing "rois_plot" <niworkflows.interfaces.reportlets.masks.ROIsPlot>
250329-15:25:01,270 nipype.workflow INFO:
	 [Node] Finished "acompcor", elapsed time 16.874525s.
250329-15:25:02,926 nipype.workflow INFO:
	 [Node] Setting-up "fmriprep_24_0_wf.sub_29_wf.bold_task_bird_run_5_wf.bold_confounds_wf.signals" in "/work_dir/fmriprep_24_0_wf/sub_29_wf/bold_task_bird_run_5_wf/bold_confounds_wf/signals".
250329-15:25:02,930 nipype.workflow INFO:
	 [Node] Executing "signals" <niworkflows.interfaces.images.SignalExtraction>
250329-15:25:03,775 nipype.workflow INFO:
	 [Node] Finished "acompcor", elapsed time 17.305433999999998s.
250329-15:25:04,810 nipype.workflow INFO:
	 [Node] Setting-up "fmriprep_24_0_wf.sub_29_wf.bold_task_bird_run_3_wf.bold_confounds_wf.rename_acompcor" in "/work_dir/fmriprep_24_0_wf/sub_29_wf/bold_task_bird_run_3_wf/bold_confounds_wf/rename_acompcor".
250329-15:25:04,812 nipype.workflow INFO:
	 [Node] Executing "rename_acompcor" <fmriprep.interfaces.confounds.RenameACompCor>
250329-15:25:05,205 nipype.workflow INFO:
	 [Node] Finished "rename_acompcor", elapsed time 0.39186s.
250329-15:25:08,735 nipype.workflow INFO:
	 [Node] Setting-up "fmriprep_24_0_wf.sub_29_wf.bold_task_bird_run_6_wf.bold_confounds_wf.rename_acompcor" in "/work_dir/fmriprep_24_0_wf/sub_29_wf/bold_task_bird_run_6_wf/bold_confounds_wf/rename_acompcor".
250329-15:25:08,774 nipype.workflow INFO:
	 [Node] Executing "rename_acompcor" <fmriprep.interfaces.confounds.RenameACompCor>
250329-15:25:09,105 nipype.workflow INFO:
	 [Node] Finished "acompcor", elapsed time 18.546707s.
250329-15:25:09,140 nipype.workflow INFO:
	 [Node] Finished "rename_acompcor", elapsed time 0.365285s.
250329-15:25:11,138 nipype.workflow INFO:
	 [Node] Finished "acompcor", elapsed time 20.072209s.
250329-15:25:11,596 nipype.workflow INFO:
	 [Node] Finished "signals", elapsed time 24.292468s.
250329-15:25:11,813 nipype.workflow INFO:
	 [Node] Finished "signals", elapsed time 23.243832s.
250329-15:25:12,2 nipype.workflow INFO:
	 [Node] Finished "acompcor", elapsed time 17.615248s.
250329-15:25:12,432 nipype.workflow INFO:
	 [Node] Setting-up "fmriprep_24_0_wf.sub_29_wf.bold_task_bird_run_4_wf.bold_confounds_wf.rois_plot" in "/work_dir/fmriprep_24_0_wf/sub_29_wf/bold_task_bird_run_4_wf/bold_confounds_wf/rois_plot".
250329-15:25:12,516 nipype.workflow INFO:
	 [Node] Finished "acompcor", elapsed time 20.937961s.
250329-15:25:12,517 nipype.workflow INFO:
	 [Node] Executing "rois_plot" <niworkflows.interfaces.reportlets.masks.ROIsPlot>
250329-15:25:12,916 nipype.workflow INFO:
	 [Node] Setting-up "fmriprep_24_0_wf.sub_29_wf.bold_task_bird_run_2_wf.bold_confounds_wf.rename_acompcor" in "/work_dir/fmriprep_24_0_wf/sub_29_wf/bold_task_bird_run_2_wf/bold_confounds_wf/rename_acompcor".
250329-15:25:12,917 nipype.workflow INFO:
	 [Node] Setting-up "fmriprep_24_0_wf.sub_29_wf.bold_task_bird_run_5_wf.bold_confounds_wf.rename_acompcor" in "/work_dir/fmriprep_24_0_wf/sub_29_wf/bold_task_bird_run_5_wf/bold_confounds_wf/rename_acompcor".
250329-15:25:12,919 nipype.workflow INFO:
	 [Node] Executing "rename_acompcor" <fmriprep.interfaces.confounds.RenameACompCor>
250329-15:25:12,927 nipype.workflow INFO:
	 [Node] Executing "rename_acompcor" <fmriprep.interfaces.confounds.RenameACompCor>
250329-15:25:13,278 nipype.workflow INFO:
	 [Node] Finished "rename_acompcor", elapsed time 0.350813s.
250329-15:25:13,373 nipype.workflow INFO:
	 [Node] Finished "rename_acompcor", elapsed time 0.453482s.
250329-15:25:14,653 nipype.workflow INFO:
	 [Node] Setting-up "fmriprep_24_0_wf.sub_29_wf.bold_task_bird_run_1_wf.bold_confounds_wf.rename_acompcor" in "/work_dir/fmriprep_24_0_wf/sub_29_wf/bold_task_bird_run_1_wf/bold_confounds_wf/rename_acompcor".
250329-15:25:14,663 nipype.workflow INFO:
	 [Node] Executing "rename_acompcor" <fmriprep.interfaces.confounds.RenameACompCor>
250329-15:25:14,738 nipype.workflow INFO:
	 [Node] Setting-up "fmriprep_24_0_wf.sub_29_wf.bold_task_bird_run_5_wf.bold_confounds_wf.rois_plot" in "/work_dir/fmriprep_24_0_wf/sub_29_wf/bold_task_bird_run_5_wf/bold_confounds_wf/rois_plot".
250329-15:25:14,743 nipype.workflow INFO:
	 [Node] Executing "rois_plot" <niworkflows.interfaces.reportlets.masks.ROIsPlot>
250329-15:25:14,850 nipype.workflow INFO:
	 [Node] Finished "rename_acompcor", elapsed time 0.186061s.
250329-15:25:15,939 nipype.workflow INFO:
	 [Node] Setting-up "fmriprep_24_0_wf.sub_29_wf.bold_task_bird_run_4_wf.bold_confounds_wf.rename_acompcor" in "/work_dir/fmriprep_24_0_wf/sub_29_wf/bold_task_bird_run_4_wf/bold_confounds_wf/rename_acompcor".
250329-15:25:15,942 nipype.workflow INFO:
	 [Node] Executing "rename_acompcor" <fmriprep.interfaces.confounds.RenameACompCor>
250329-15:25:16,233 nipype.workflow INFO:
	 [Node] Finished "seg_rpt", elapsed time 66.105809s.
250329-15:25:16,252 nipype.workflow INFO:
	 [Node] Finished "rename_acompcor", elapsed time 0.309141s.
250329-15:25:16,507 nipype.workflow INFO:
	 [Node] Setting-up "fmriprep_24_0_wf.sub_29_wf.bold_task_bird_run_1_wf.bold_confounds_wf.acc_metadata_filter" in "/work_dir/fmriprep_24_0_wf/sub_29_wf/bold_task_bird_run_1_wf/bold_confounds_wf/acc_metadata_filter".
250329-15:25:16,509 nipype.workflow INFO:
	 [Node] Executing "acc_metadata_filter" <fmriprep.interfaces.confounds.FilterDropped>
250329-15:25:16,514 nipype.workflow INFO:
	 [Node] Setting-up "fmriprep_24_0_wf.sub_29_wf.bold_task_bird_run_2_wf.bold_confounds_wf.acc_metadata_filter" in "/work_dir/fmriprep_24_0_wf/sub_29_wf/bold_task_bird_run_2_wf/bold_confounds_wf/acc_metadata_filter".
250329-15:25:16,516 nipype.workflow INFO:
	 [Node] Executing "acc_metadata_filter" <fmriprep.interfaces.confounds.FilterDropped>
250329-15:25:16,517 nipype.workflow INFO:
	 [Node] Finished "acc_metadata_filter", elapsed time 0.00665s.
250329-15:25:16,522 nipype.workflow INFO:
	 [Node] Finished "acc_metadata_filter", elapsed time 0.004569s.
250329-15:25:16,526 nipype.workflow INFO:
	 [Node] Finished "signals", elapsed time 20.604428s.
250329-15:25:16,578 nipype.workflow INFO:
	 [Node] Setting-up "fmriprep_24_0_wf.sub_29_wf.bold_task_bird_run_3_wf.bold_confounds_wf.acc_metadata_filter" in "/work_dir/fmriprep_24_0_wf/sub_29_wf/bold_task_bird_run_3_wf/bold_confounds_wf/acc_metadata_filter".
250329-15:25:16,581 nipype.workflow INFO:
	 [Node] Executing "acc_metadata_filter" <fmriprep.interfaces.confounds.FilterDropped>
250329-15:25:16,602 nipype.workflow INFO:
	 [Node] Finished "acc_metadata_filter", elapsed time 0.018971s.
250329-15:25:17,187 nipype.workflow INFO:
	 [Node] Finished "signals", elapsed time 21.244045s.
250329-15:25:17,232 nipype.workflow INFO:
	 [Node] Setting-up "fmriprep_24_0_wf.sub_29_wf.bold_task_bird_run_5_wf.bold_confounds_wf.acc_metadata_filter" in "/work_dir/fmriprep_24_0_wf/sub_29_wf/bold_task_bird_run_5_wf/bold_confounds_wf/acc_metadata_filter".
250329-15:25:17,235 nipype.workflow INFO:
	 [Node] Executing "acc_metadata_filter" <fmriprep.interfaces.confounds.FilterDropped>
250329-15:25:17,242 nipype.workflow INFO:
	 [Node] Finished "acc_metadata_filter", elapsed time 0.006632s.
250329-15:25:19,226 nipype.workflow INFO:
	 [Node] Finished "signals", elapsed time 23.281843s.
250329-15:25:20,108 nipype.workflow INFO:
	 [Node] Setting-up "fmriprep_24_0_wf.sub_29_wf.bold_task_bird_run_6_wf.bold_confounds_wf.acc_metadata_filter" in "/work_dir/fmriprep_24_0_wf/sub_29_wf/bold_task_bird_run_6_wf/bold_confounds_wf/acc_metadata_filter".
250329-15:25:20,110 nipype.workflow INFO:
	 [Node] Executing "acc_metadata_filter" <fmriprep.interfaces.confounds.FilterDropped>
250329-15:25:20,116 nipype.workflow INFO:
	 [Node] Finished "acc_metadata_filter", elapsed time 0.005742s.
250329-15:25:21,134 nipype.workflow INFO:
	 [Node] Setting-up "fmriprep_24_0_wf.sub_29_wf.bold_task_bird_run_1_wf.bold_confounds_wf.compcor_plot" in "/work_dir/fmriprep_24_0_wf/sub_29_wf/bold_task_bird_run_1_wf/bold_confounds_wf/compcor_plot".
250329-15:25:21,137 nipype.workflow INFO:
	 [Node] Executing "compcor_plot" <nireports.interfaces.nuisance.CompCorVariancePlot>
250329-15:25:21,145 nipype.workflow INFO:
	 [Node] Setting-up "fmriprep_24_0_wf.sub_29_wf.bold_task_bird_run_2_wf.bold_confounds_wf.compcor_plot" in "/work_dir/fmriprep_24_0_wf/sub_29_wf/bold_task_bird_run_2_wf/bold_confounds_wf/compcor_plot".
250329-15:25:21,146 nipype.workflow INFO:
	 [Node] Setting-up "fmriprep_24_0_wf.sub_29_wf.bold_task_bird_run_3_wf.bold_confounds_wf.compcor_plot" in "/work_dir/fmriprep_24_0_wf/sub_29_wf/bold_task_bird_run_3_wf/bold_confounds_wf/compcor_plot".
250329-15:25:21,148 nipype.workflow INFO:
	 [Node] Executing "compcor_plot" <nireports.interfaces.nuisance.CompCorVariancePlot>
250329-15:25:21,148 nipype.workflow INFO:
	 [Node] Executing "compcor_plot" <nireports.interfaces.nuisance.CompCorVariancePlot>
250329-15:25:21,156 nipype.workflow INFO:
	 [Node] Setting-up "fmriprep_24_0_wf.sub_29_wf.bold_task_bird_run_4_wf.bold_confounds_wf.compcor_plot" in "/work_dir/fmriprep_24_0_wf/sub_29_wf/bold_task_bird_run_4_wf/bold_confounds_wf/compcor_plot".
250329-15:25:21,159 nipype.workflow INFO:
	 [Node] Executing "compcor_plot" <nireports.interfaces.nuisance.CompCorVariancePlot>
250329-15:25:21,170 nipype.workflow INFO:
	 [Node] Setting-up "fmriprep_24_0_wf.sub_29_wf.bold_task_bird_run_6_wf.bold_confounds_wf.compcor_plot" in "/work_dir/fmriprep_24_0_wf/sub_29_wf/bold_task_bird_run_6_wf/bold_confounds_wf/compcor_plot".
250329-15:25:21,173 nipype.workflow INFO:
	 [Node] Executing "compcor_plot" <nireports.interfaces.nuisance.CompCorVariancePlot>
250329-15:25:21,401 nipype.workflow INFO:
	 [Node] Setting-up "fmriprep_24_0_wf.sub_29_wf.bold_task_bird_run_4_wf.bold_confounds_wf.acc_metadata_filter" in "/work_dir/fmriprep_24_0_wf/sub_29_wf/bold_task_bird_run_4_wf/bold_confounds_wf/acc_metadata_filter".
250329-15:25:21,407 nipype.workflow INFO:
	 [Node] Executing "acc_metadata_filter" <fmriprep.interfaces.confounds.FilterDropped>
250329-15:25:21,435 nipype.workflow INFO:
	 [Node] Finished "acc_metadata_filter", elapsed time 0.026913s.
250329-15:25:22,142 nipype.workflow INFO:
	 [Node] Finished "epi_t1_report", elapsed time 65.827032s.
250329-15:25:22,359 nipype.workflow INFO:
	 [Node] Finished "signals", elapsed time 19.428791s.
250329-15:25:22,885 nipype.workflow INFO:
	 [Node] Finished "epi_t1_report", elapsed time 67.169443s.
250329-15:25:22,922 nipype.workflow INFO:
	 [Node] Setting-up "fmriprep_24_0_wf.sub_29_wf.bold_task_bird_run_5_wf.bold_confounds_wf.compcor_plot" in "/work_dir/fmriprep_24_0_wf/sub_29_wf/bold_task_bird_run_5_wf/bold_confounds_wf/compcor_plot".
250329-15:25:22,924 nipype.workflow INFO:
	 [Node] Executing "compcor_plot" <nireports.interfaces.nuisance.CompCorVariancePlot>
250329-15:25:23,281 nipype.workflow INFO:
	 [Node] Finished "compcor_plot", elapsed time 2.132634s.
250329-15:25:23,539 nipype.workflow INFO:
	 [Node] Finished "compcor_plot", elapsed time 2.379732s.
250329-15:25:23,542 nipype.workflow INFO:
	 [Node] Finished "compcor_plot", elapsed time 2.368194s.
250329-15:25:23,545 nipype.workflow INFO:
	 [Node] Finished "compcor_plot", elapsed time 2.407152s.
250329-15:25:23,560 nipype.workflow INFO:
	 [Node] Finished "compcor_plot", elapsed time 2.411043s.
250329-15:25:23,624 nipype.workflow INFO:
	 [Node] Setting-up "fmriprep_24_0_wf.sub_29_wf.bold_task_bird_run_1_wf.bold_confounds_wf.model_expansion" in "/work_dir/fmriprep_24_0_wf/sub_29_wf/bold_task_bird_run_1_wf/bold_confounds_wf/model_expansion".
250329-15:25:23,628 nipype.workflow INFO:
	 [Node] Setting-up "fmriprep_24_0_wf.sub_29_wf.bold_task_bird_run_1_wf.bold_confounds_wf.acc_metadata_fmt" in "/work_dir/fmriprep_24_0_wf/sub_29_wf/bold_task_bird_run_1_wf/bold_confounds_wf/acc_metadata_fmt".
250329-15:25:23,631 nipype.workflow INFO:
	 [Node] Executing "model_expansion" <niworkflows.interfaces.confounds.ExpandModel>
250329-15:25:23,637 nipype.workflow INFO:
	 [Node] Executing "acc_metadata_fmt" <niworkflows.interfaces.utility.TSV2JSON>
250329-15:25:23,659 nipype.workflow INFO:
	 [Node] Finished "acc_metadata_fmt", elapsed time 0.020785s.
250329-15:25:24,17 nipype.workflow INFO:
	 [Node] Setting-up "fmriprep_24_0_wf.sub_29_wf.bold_task_bird_run_1_wf.bold_fit_wf.func_fit_reports_wf.ds_epi_t1_report" in "/work_dir/fmriprep_24_0_wf/sub_29_wf/bold_task_bird_run_1_wf/bold_fit_wf/func_fit_reports_wf/ds_epi_t1_report".
250329-15:25:24,29 nipype.workflow INFO:
	 [Node] Setting-up "fmriprep_24_0_wf.sub_29_wf.bold_task_bird_run_5_wf.bold_fit_wf.func_fit_reports_wf.ds_epi_t1_report" in "/work_dir/fmriprep_24_0_wf/sub_29_wf/bold_task_bird_run_5_wf/bold_fit_wf/func_fit_reports_wf/ds_epi_t1_report".
250329-15:25:24,122 nipype.workflow INFO:
	 [Node] Finished "model_expansion", elapsed time 0.490869s.
250329-15:25:24,579 nipype.workflow INFO:
	 [Node] Finished "compcor_plot", elapsed time 1.6536840000000002s.
250329-15:25:24,923 nipype.workflow INFO:
	 [Node] Setting-up "fmriprep_24_0_wf.sub_29_wf.bold_task_bird_run_2_wf.bold_confounds_wf.model_expansion" in "/work_dir/fmriprep_24_0_wf/sub_29_wf/bold_task_bird_run_2_wf/bold_confounds_wf/model_expansion".
250329-15:25:24,924 nipype.workflow INFO:
	 [Node] Setting-up "fmriprep_24_0_wf.sub_29_wf.bold_task_bird_run_2_wf.bold_confounds_wf.conf_corr_plot" in "/work_dir/fmriprep_24_0_wf/sub_29_wf/bold_task_bird_run_2_wf/bold_confounds_wf/conf_corr_plot".
250329-15:25:24,925 nipype.workflow INFO:
	 [Node] Executing "model_expansion" <niworkflows.interfaces.confounds.ExpandModel>
250329-15:25:24,926 nipype.workflow INFO:
	 [Node] Setting-up "fmriprep_24_0_wf.sub_29_wf.bold_task_bird_run_2_wf.bold_confounds_wf.acc_metadata_fmt" in "/work_dir/fmriprep_24_0_wf/sub_29_wf/bold_task_bird_run_2_wf/bold_confounds_wf/acc_metadata_fmt".
250329-15:25:24,929 nipype.workflow INFO:
	 [Node] Executing "acc_metadata_fmt" <niworkflows.interfaces.utility.TSV2JSON>
250329-15:25:24,935 nipype.workflow INFO:
	 [Node] Setting-up "fmriprep_24_0_wf.sub_29_wf.bold_task_bird_run_3_wf.bold_confounds_wf.acc_metadata_fmt" in "/work_dir/fmriprep_24_0_wf/sub_29_wf/bold_task_bird_run_3_wf/bold_confounds_wf/acc_metadata_fmt".
250329-15:25:24,937 nipype.workflow INFO:
	 [Node] Executing "acc_metadata_fmt" <niworkflows.interfaces.utility.TSV2JSON>
250329-15:25:24,941 nipype.workflow INFO:
	 [Node] Finished "epi_t1_report", elapsed time 68.480675s.
250329-15:25:24,945 nipype.workflow INFO:
	 [Node] Finished "acc_metadata_fmt", elapsed time 0.006832s.
250329-15:25:24,947 nipype.workflow INFO:
	 [Node] Setting-up "fmriprep_24_0_wf.sub_29_wf.bold_task_bird_run_3_wf.bold_confounds_wf.model_expansion" in "/work_dir/fmriprep_24_0_wf/sub_29_wf/bold_task_bird_run_3_wf/bold_confounds_wf/model_expansion".
250329-15:25:24,949 nipype.workflow INFO:
	 [Node] Executing "model_expansion" <niworkflows.interfaces.confounds.ExpandModel>
250329-15:25:24,950 nipype.workflow INFO:
	 [Node] Finished "acc_metadata_fmt", elapsed time 0.017439s.
250329-15:25:24,957 nipype.workflow INFO:
	 [Node] Setting-up "fmriprep_24_0_wf.sub_29_wf.bold_task_bird_run_3_wf.bold_confounds_wf.conf_corr_plot" in "/work_dir/fmriprep_24_0_wf/sub_29_wf/bold_task_bird_run_3_wf/bold_confounds_wf/conf_corr_plot".
250329-15:25:25,19 nipype.workflow INFO:
	 [Node] Executing "conf_corr_plot" <nireports.interfaces.nuisance.ConfoundsCorrelationPlot>
250329-15:25:25,24 nipype.workflow INFO:
	 [Node] Executing "conf_corr_plot" <nireports.interfaces.nuisance.ConfoundsCorrelationPlot>
250329-15:25:25,251 nipype.workflow INFO:
	 [Node] Finished "epi_t1_report", elapsed time 68.943741s.
250329-15:25:25,369 nipype.workflow INFO:
	 [Node] Finished "model_expansion", elapsed time 0.443012s.
250329-15:25:25,439 nipype.workflow INFO:
	 [Node] Executing "ds_epi_t1_report" <fmriprep.interfaces.DerivativesDataSink>
250329-15:25:25,511 nipype.workflow INFO:
	 [Node] Finished "ds_epi_t1_report", elapsed time 0.070454s.
250329-15:25:25,569 nipype.workflow INFO:
	 [Node] Finished "model_expansion", elapsed time 0.618747s.
250329-15:25:25,870 nipype.workflow INFO:
	 [Node] Finished "epi_t1_report", elapsed time 68.370075s.
250329-15:25:26,126 nipype.workflow INFO:
	 [Node] Executing "ds_epi_t1_report" <fmriprep.interfaces.DerivativesDataSink>
250329-15:25:26,171 nipype.workflow INFO:
	 [Node] Finished "ds_epi_t1_report", elapsed time 0.043512s.
250329-15:25:26,215 nipype.workflow INFO:
	 [Node] Setting-up "fmriprep_24_0_wf.sub_29_wf.bold_task_bird_run_4_wf.bold_fit_wf.func_fit_reports_wf.ds_epi_t1_report" in "/work_dir/fmriprep_24_0_wf/sub_29_wf/bold_task_bird_run_4_wf/bold_fit_wf/func_fit_reports_wf/ds_epi_t1_report".
250329-15:25:26,218 nipype.workflow INFO:
	 [Node] Setting-up "fmriprep_24_0_wf.sub_29_wf.bold_task_bird_run_6_wf.bold_fit_wf.func_fit_reports_wf.ds_epi_t1_report" in "/work_dir/fmriprep_24_0_wf/sub_29_wf/bold_task_bird_run_6_wf/bold_fit_wf/func_fit_reports_wf/ds_epi_t1_report".
250329-15:25:26,222 nipype.workflow INFO:
	 [Node] Executing "ds_epi_t1_report" <fmriprep.interfaces.DerivativesDataSink>
250329-15:25:26,235 nipype.workflow INFO:
	 [Node] Setting-up "fmriprep_24_0_wf.sub_29_wf.bold_task_bird_run_4_wf.bold_confounds_wf.model_expansion" in "/work_dir/fmriprep_24_0_wf/sub_29_wf/bold_task_bird_run_4_wf/bold_confounds_wf/model_expansion".
250329-15:25:26,237 nipype.workflow INFO:
	 [Node] Executing "model_expansion" <niworkflows.interfaces.confounds.ExpandModel>
250329-15:25:26,239 nipype.workflow INFO:
	 [Node] Setting-up "fmriprep_24_0_wf.sub_29_wf.bold_task_bird_run_4_wf.bold_confounds_wf.conf_corr_plot" in "/work_dir/fmriprep_24_0_wf/sub_29_wf/bold_task_bird_run_4_wf/bold_confounds_wf/conf_corr_plot".
250329-15:25:26,240 nipype.workflow INFO:
	 [Node] Setting-up "fmriprep_24_0_wf.sub_29_wf.bold_task_bird_run_5_wf.bold_confounds_wf.acc_metadata_fmt" in "/work_dir/fmriprep_24_0_wf/sub_29_wf/bold_task_bird_run_5_wf/bold_confounds_wf/acc_metadata_fmt".
250329-15:25:26,242 nipype.workflow INFO:
	 [Node] Executing "acc_metadata_fmt" <niworkflows.interfaces.utility.TSV2JSON>
250329-15:25:26,244 nipype.workflow INFO:
	 [Node] Setting-up "fmriprep_24_0_wf.sub_29_wf.bold_task_bird_run_6_wf.bold_confounds_wf.acc_metadata_fmt" in "/work_dir/fmriprep_24_0_wf/sub_29_wf/bold_task_bird_run_6_wf/bold_confounds_wf/acc_metadata_fmt".
250329-15:25:26,245 nipype.workflow INFO:
	 [Node] Setting-up "fmriprep_24_0_wf.sub_29_wf.bold_task_bird_run_5_wf.bold_confounds_wf.model_expansion" in "/work_dir/fmriprep_24_0_wf/sub_29_wf/bold_task_bird_run_5_wf/bold_confounds_wf/model_expansion".
250329-15:25:26,246 nipype.workflow INFO:
	 [Node] Setting-up "fmriprep_24_0_wf.sub_29_wf.bold_task_bird_run_6_wf.bold_confounds_wf.model_expansion" in "/work_dir/fmriprep_24_0_wf/sub_29_wf/bold_task_bird_run_6_wf/bold_confounds_wf/model_expansion".
250329-15:25:26,246 nipype.workflow INFO:
	 [Node] Executing "acc_metadata_fmt" <niworkflows.interfaces.utility.TSV2JSON>
250329-15:25:26,247 nipype.workflow INFO:
	 [Node] Executing "model_expansion" <niworkflows.interfaces.confounds.ExpandModel>
250329-15:25:26,248 nipype.workflow INFO:
	 [Node] Executing "model_expansion" <niworkflows.interfaces.confounds.ExpandModel>
250329-15:25:26,254 nipype.workflow INFO:
	 [Node] Finished "acc_metadata_fmt", elapsed time 0.006787s.
250329-15:25:26,255 nipype.workflow INFO:
	 [Node] Setting-up "fmriprep_24_0_wf.sub_29_wf.bold_task_bird_run_4_wf.bold_confounds_wf.acc_metadata_fmt" in "/work_dir/fmriprep_24_0_wf/sub_29_wf/bold_task_bird_run_4_wf/bold_confounds_wf/acc_metadata_fmt".
250329-15:25:26,258 nipype.workflow INFO:
	 [Node] Executing "acc_metadata_fmt" <niworkflows.interfaces.utility.TSV2JSON>
250329-15:25:26,261 nipype.workflow INFO:
	 [Node] Executing "conf_corr_plot" <nireports.interfaces.nuisance.ConfoundsCorrelationPlot>
250329-15:25:26,267 nipype.workflow INFO:
	 [Node] Finished "acc_metadata_fmt", elapsed time 0.02436s.
250329-15:25:26,297 nipype.workflow INFO:
	 [Node] Finished "ds_epi_t1_report", elapsed time 0.073669s.
250329-15:25:26,310 nipype.workflow INFO:
	 [Node] Finished "acc_metadata_fmt", elapsed time 0.051221s.
250329-15:25:26,378 nipype.workflow INFO:
	 [Node] Setting-up "fmriprep_24_0_wf.sub_29_wf.bold_task_bird_run_1_wf.bold_confounds_wf.conf_corr_plot" in "/work_dir/fmriprep_24_0_wf/sub_29_wf/bold_task_bird_run_1_wf/bold_confounds_wf/conf_corr_plot".
250329-15:25:26,421 nipype.workflow INFO:
	 [Node] Executing "conf_corr_plot" <nireports.interfaces.nuisance.ConfoundsCorrelationPlot>
250329-15:25:26,594 nipype.workflow INFO:
	 [Node] Finished "epi_t1_report", elapsed time 70.297644s.
250329-15:25:26,714 nipype.workflow INFO:
	 [Node] Finished "model_expansion", elapsed time 0.466185s.
250329-15:25:26,738 nipype.workflow INFO:
	 [Node] Finished "model_expansion", elapsed time 0.489438s.
250329-15:25:26,967 nipype.workflow INFO:
	 [Node] Finished "model_expansion", elapsed time 0.728826s.
250329-15:25:27,395 nipype.workflow INFO:
	 [Node] Setting-up "fmriprep_24_0_wf.sub_29_wf.bold_task_bird_run_5_wf.bold_confounds_wf.conf_corr_plot" in "/work_dir/fmriprep_24_0_wf/sub_29_wf/bold_task_bird_run_5_wf/bold_confounds_wf/conf_corr_plot".
250329-15:25:27,434 nipype.workflow INFO:
	 [Node] Executing "conf_corr_plot" <nireports.interfaces.nuisance.ConfoundsCorrelationPlot>
250329-15:25:27,460 nipype.workflow INFO:
	 [Node] Executing "ds_epi_t1_report" <fmriprep.interfaces.DerivativesDataSink>
250329-15:25:27,493 nipype.workflow INFO:
	 [Node] Finished "ds_epi_t1_report", elapsed time 0.019099s.
250329-15:25:27,540 nipype.workflow INFO:
	 [Node] Finished "conf_corr_plot", elapsed time 2.5149470000000003s.
250329-15:25:27,771 nipype.workflow INFO:
	 [Node] Finished "conf_corr_plot", elapsed time 2.751116s.
250329-15:25:28,82 nipype.workflow INFO:
	 [Node] Setting-up "fmriprep_24_0_wf.sub_29_wf.bold_task_bird_run_2_wf.bold_fit_wf.func_fit_reports_wf.ds_epi_t1_report" in "/work_dir/fmriprep_24_0_wf/sub_29_wf/bold_task_bird_run_2_wf/bold_fit_wf/func_fit_reports_wf/ds_epi_t1_report".
250329-15:25:28,84 nipype.workflow INFO:
	 [Node] Setting-up "fmriprep_24_0_wf.sub_29_wf.bold_task_bird_run_3_wf.bold_fit_wf.func_fit_reports_wf.ds_epi_t1_report" in "/work_dir/fmriprep_24_0_wf/sub_29_wf/bold_task_bird_run_3_wf/bold_fit_wf/func_fit_reports_wf/ds_epi_t1_report".
250329-15:25:28,84 nipype.workflow INFO:
	 [Node] Setting-up "fmriprep_24_0_wf.sub_29_wf.bold_task_bird_run_6_wf.bold_confounds_wf.conf_corr_plot" in "/work_dir/fmriprep_24_0_wf/sub_29_wf/bold_task_bird_run_6_wf/bold_confounds_wf/conf_corr_plot".
250329-15:25:28,87 nipype.workflow INFO:
	 [Node] Executing "ds_epi_t1_report" <fmriprep.interfaces.DerivativesDataSink>
250329-15:25:28,98 nipype.workflow INFO:
	 [Node] Executing "conf_corr_plot" <nireports.interfaces.nuisance.ConfoundsCorrelationPlot>
250329-15:25:28,143 nipype.workflow INFO:
	 [Node] Finished "ds_epi_t1_report", elapsed time 0.05502s.
250329-15:25:28,932 nipype.workflow INFO:
	 [Node] Executing "ds_epi_t1_report" <fmriprep.interfaces.DerivativesDataSink>
250329-15:25:28,958 nipype.workflow INFO:
	 [Node] Finished "ds_epi_t1_report", elapsed time 0.024991s.
250329-15:25:29,635 nipype.workflow INFO:
	 [Node] Finished "conf_corr_plot", elapsed time 3.213478s.
250329-15:25:29,747 nipype.workflow INFO:
	 [Node] Finished "conf_corr_plot", elapsed time 3.485497s.
250329-15:25:30,231 nipype.workflow INFO:
	 [Node] Finished "conf_corr_plot", elapsed time 2.132517s.
250329-15:25:30,290 nipype.workflow INFO:
	 [Node] Finished "conf_corr_plot", elapsed time 2.854229s.
250329-15:25:30,948 nipype.workflow INFO:
	 [Node] Setting-up "fmriprep_24_0_wf.sub_29_wf.bold_task_bird_run_1_wf.bold_confounds_wf.spike_regressors" in "/work_dir/fmriprep_24_0_wf/sub_29_wf/bold_task_bird_run_1_wf/bold_confounds_wf/spike_regressors".
250329-15:25:30,952 nipype.workflow INFO:
	 [Node] Executing "spike_regressors" <niworkflows.interfaces.confounds.SpikeRegressors>
250329-15:25:31,197 nipype.workflow INFO:
	 [Node] Finished "spike_regressors", elapsed time 0.244969s.
250329-15:25:31,578 nipype.workflow INFO:
	 [Node] Setting-up "fmriprep_24_0_wf.sub_29_wf.bold_task_bird_run_2_wf.bold_confounds_wf.spike_regressors" in "/work_dir/fmriprep_24_0_wf/sub_29_wf/bold_task_bird_run_2_wf/bold_confounds_wf/spike_regressors".
250329-15:25:31,581 nipype.workflow INFO:
	 [Node] Executing "spike_regressors" <niworkflows.interfaces.confounds.SpikeRegressors>
250329-15:25:31,836 nipype.workflow INFO:
	 [Node] Finished "spike_regressors", elapsed time 0.254096s.
250329-15:25:32,29 nipype.workflow INFO:
	 [Node] Setting-up "fmriprep_24_0_wf.sub_29_wf.bold_task_bird_run_3_wf.bold_confounds_wf.spike_regressors" in "/work_dir/fmriprep_24_0_wf/sub_29_wf/bold_task_bird_run_3_wf/bold_confounds_wf/spike_regressors".
250329-15:25:32,32 nipype.workflow INFO:
	 [Node] Executing "spike_regressors" <niworkflows.interfaces.confounds.SpikeRegressors>
250329-15:25:32,236 nipype.workflow INFO:
	 [Node] Finished "spike_regressors", elapsed time 0.203573s.
250329-15:25:32,771 nipype.workflow INFO:
	 [Node] Setting-up "fmriprep_24_0_wf.sub_29_wf.bold_task_bird_run_4_wf.bold_confounds_wf.spike_regressors" in "/work_dir/fmriprep_24_0_wf/sub_29_wf/bold_task_bird_run_4_wf/bold_confounds_wf/spike_regressors".
250329-15:25:32,773 nipype.workflow INFO:
	 [Node] Executing "spike_regressors" <niworkflows.interfaces.confounds.SpikeRegressors>
250329-15:25:33,5 nipype.workflow INFO:
	 [Node] Finished "spike_regressors", elapsed time 0.230601s.
250329-15:25:33,550 nipype.workflow INFO:
	 [Node] Setting-up "fmriprep_24_0_wf.sub_29_wf.bold_task_bird_run_5_wf.bold_confounds_wf.spike_regressors" in "/work_dir/fmriprep_24_0_wf/sub_29_wf/bold_task_bird_run_5_wf/bold_confounds_wf/spike_regressors".
250329-15:25:33,552 nipype.workflow INFO:
	 [Node] Executing "spike_regressors" <niworkflows.interfaces.confounds.SpikeRegressors>
250329-15:25:33,781 nipype.workflow INFO:
	 [Node] Finished "spike_regressors", elapsed time 0.227767s.
250329-15:25:34,197 nipype.workflow INFO:
	 [Node] Setting-up "fmriprep_24_0_wf.sub_29_wf.bold_task_bird_run_6_wf.bold_confounds_wf.spike_regressors" in "/work_dir/fmriprep_24_0_wf/sub_29_wf/bold_task_bird_run_6_wf/bold_confounds_wf/spike_regressors".
250329-15:25:34,199 nipype.workflow INFO:
	 [Node] Executing "spike_regressors" <niworkflows.interfaces.confounds.SpikeRegressors>
250329-15:25:34,482 nipype.workflow INFO:
	 [Node] Finished "spike_regressors", elapsed time 0.274306s.
250329-15:25:40,509 nipype.workflow INFO:
	 [Node] Finished "rois_plot", elapsed time 53.147933s.
250329-15:25:43,86 nipype.workflow INFO:
	 [Node] Finished "rois_plot", elapsed time 54.564189s.
250329-15:25:46,790 nipype.workflow INFO:
	 [Node] Finished "rois_plot", elapsed time 50.834465s.
250329-15:25:48,345 nipype.workflow INFO:
	 [Node] Finished "rois_plot", elapsed time 52.39336s.
250329-15:25:52,124 nipype.workflow INFO:
	 [Node] Finished "rois_plot", elapsed time 37.380909s.
250329-15:25:52,586 nipype.workflow INFO:
	 [Node] Finished "rois_plot", elapsed time 40.067832s.
250329-15:59:20,61 nipype.workflow INFO:
	 [Node] Finished "registration", elapsed time 2318.656296s.
250329-15:59:22,243 nipype.workflow INFO:
	 [Node] Setting-up "fmriprep_24_0_wf.sub_29_wf.anat_fit_wf.register_template_wf.outputnode" in "/work_dir/fmriprep_24_0_wf/sub_29_wf/anat_fit_wf/register_template_wf/outputnode".
250329-15:59:22,248 nipype.workflow INFO:
	 [Node] Executing "outputnode" <nipype.interfaces.utility.base.IdentityInterface>
250329-15:59:22,249 nipype.workflow INFO:
	 [Node] Finished "outputnode", elapsed time 0.000393s.
250329-15:59:24,246 nipype.workflow INFO:
	 [Node] Setting-up "fmriprep_24_0_wf.sub_29_wf.anat_fit_wf.template_buffer" in "/work_dir/fmriprep_24_0_wf/sub_29_wf/anat_fit_wf/template_buffer".
250329-15:59:24,249 nipype.workflow INFO:
	 [Node] Executing "template_buffer" <nipype.interfaces.utility.base.Merge>
250329-15:59:24,250 nipype.workflow INFO:
	 [Node] Finished "template_buffer", elapsed time 0.000221s.
250329-15:59:26,242 nipype.workflow INFO:
	 [Node] Setting-up "fmriprep_24_0_wf.sub_29_wf.anat_fit_wf.anat2std_buffer" in "/work_dir/fmriprep_24_0_wf/sub_29_wf/anat_fit_wf/anat2std_buffer".
250329-15:59:26,242 nipype.workflow INFO:
	 [Node] Setting-up "fmriprep_24_0_wf.sub_29_wf.anat_fit_wf.std2anat_buffer" in "/work_dir/fmriprep_24_0_wf/sub_29_wf/anat_fit_wf/std2anat_buffer".
250329-15:59:26,245 nipype.workflow INFO:
	 [Node] Executing "std2anat_buffer" <nipype.interfaces.utility.base.Merge>
250329-15:59:26,245 nipype.workflow INFO:
	 [Node] Executing "anat2std_buffer" <nipype.interfaces.utility.base.Merge>
250329-15:59:26,246 nipype.workflow INFO:
	 [Node] Finished "std2anat_buffer", elapsed time 0.000217s.
250329-15:59:26,246 nipype.workflow INFO:
	 [Node] Finished "anat2std_buffer", elapsed time 0.00022s.
250329-15:59:30,243 nipype.workflow INFO:
	 [Node] Setting-up "fmriprep_24_0_wf.sub_29_wf.bold_task_bird_run_1_wf.carpetplot_wf.mrg_xfms" in "/work_dir/fmriprep_24_0_wf/sub_29_wf/bold_task_bird_run_1_wf/carpetplot_wf/mrg_xfms".
250329-15:59:30,244 nipype.workflow INFO:
	 [Node] Setting-up "fmriprep_24_0_wf.sub_29_wf.bold_task_bird_run_2_wf.carpetplot_wf.mrg_xfms" in "/work_dir/fmriprep_24_0_wf/sub_29_wf/bold_task_bird_run_2_wf/carpetplot_wf/mrg_xfms".
250329-15:59:30,244 nipype.workflow INFO:
	 [Node] Setting-up "fmriprep_24_0_wf.sub_29_wf.bold_task_bird_run_3_wf.carpetplot_wf.mrg_xfms" in "/work_dir/fmriprep_24_0_wf/sub_29_wf/bold_task_bird_run_3_wf/carpetplot_wf/mrg_xfms".
250329-15:59:30,245 nipype.workflow INFO:
	 [Node] Setting-up "fmriprep_24_0_wf.sub_29_wf.bold_task_bird_run_4_wf.carpetplot_wf.mrg_xfms" in "/work_dir/fmriprep_24_0_wf/sub_29_wf/bold_task_bird_run_4_wf/carpetplot_wf/mrg_xfms".
250329-15:59:30,246 nipype.workflow INFO:
	 [Node] Setting-up "fmriprep_24_0_wf.sub_29_wf.bold_task_bird_run_5_wf.carpetplot_wf.mrg_xfms" in "/work_dir/fmriprep_24_0_wf/sub_29_wf/bold_task_bird_run_5_wf/carpetplot_wf/mrg_xfms".
250329-15:59:30,247 nipype.workflow INFO:
	 [Node] Executing "mrg_xfms" <nipype.interfaces.utility.base.Merge>
250329-15:59:30,248 nipype.workflow INFO:
	 [Node] Finished "mrg_xfms", elapsed time 0.000219s.
250329-15:59:30,248 nipype.workflow INFO:
	 [Node] Executing "mrg_xfms" <nipype.interfaces.utility.base.Merge>
250329-15:59:30,249 nipype.workflow INFO:
	 [Node] Finished "mrg_xfms", elapsed time 0.000205s.
250329-15:59:30,250 nipype.workflow INFO:
	 [Node] Setting-up "fmriprep_24_0_wf.sub_29_wf.bold_task_bird_run_6_wf.carpetplot_wf.mrg_xfms" in "/work_dir/fmriprep_24_0_wf/sub_29_wf/bold_task_bird_run_6_wf/carpetplot_wf/mrg_xfms".
250329-15:59:30,253 nipype.workflow INFO:
	 [Node] Executing "mrg_xfms" <nipype.interfaces.utility.base.Merge>
250329-15:59:30,253 nipype.workflow INFO:
	 [Node] Executing "mrg_xfms" <nipype.interfaces.utility.base.Merge>
250329-15:59:30,254 nipype.workflow INFO:
	 [Node] Finished "mrg_xfms", elapsed time 0.00021s.
250329-15:59:30,254 nipype.workflow INFO:
	 [Node] Finished "mrg_xfms", elapsed time 0.000201s.
250329-15:59:30,254 nipype.workflow INFO:
	 [Node] Executing "mrg_xfms" <nipype.interfaces.utility.base.Merge>
250329-15:59:30,255 nipype.workflow INFO:
	 [Node] Finished "mrg_xfms", elapsed time 0.000205s.
250329-15:59:30,259 nipype.workflow INFO:
	 [Node] Executing "mrg_xfms" <nipype.interfaces.utility.base.Merge>
250329-15:59:30,260 nipype.workflow INFO:
	 [Node] Finished "mrg_xfms", elapsed time 0.000211s.
250329-15:59:32,253 nipype.workflow INFO:
	 [Node] Setting-up "fmriprep_24_0_wf.sub_29_wf.bold_task_bird_run_1_wf.carpetplot_wf.resample_parc" in "/work_dir/fmriprep_24_0_wf/sub_29_wf/bold_task_bird_run_1_wf/carpetplot_wf/resample_parc".
250329-15:59:32,254 nipype.workflow INFO:
	 [Node] Setting-up "fmriprep_24_0_wf.sub_29_wf.bold_task_bird_run_2_wf.carpetplot_wf.resample_parc" in "/work_dir/fmriprep_24_0_wf/sub_29_wf/bold_task_bird_run_2_wf/carpetplot_wf/resample_parc".
250329-15:59:32,255 nipype.workflow INFO:
	 [Node] Setting-up "fmriprep_24_0_wf.sub_29_wf.bold_task_bird_run_3_wf.carpetplot_wf.resample_parc" in "/work_dir/fmriprep_24_0_wf/sub_29_wf/bold_task_bird_run_3_wf/carpetplot_wf/resample_parc".
250329-15:59:32,256 nipype.workflow INFO:
	 [Node] Setting-up "fmriprep_24_0_wf.sub_29_wf.bold_task_bird_run_4_wf.carpetplot_wf.resample_parc" in "/work_dir/fmriprep_24_0_wf/sub_29_wf/bold_task_bird_run_4_wf/carpetplot_wf/resample_parc".
250329-15:59:32,257 nipype.workflow INFO:
	 [Node] Setting-up "fmriprep_24_0_wf.sub_29_wf.bold_task_bird_run_5_wf.carpetplot_wf.resample_parc" in "/work_dir/fmriprep_24_0_wf/sub_29_wf/bold_task_bird_run_5_wf/carpetplot_wf/resample_parc".
250329-15:59:32,257 nipype.workflow INFO:
	 [Node] Setting-up "fmriprep_24_0_wf.sub_29_wf.bold_task_bird_run_6_wf.carpetplot_wf.resample_parc" in "/work_dir/fmriprep_24_0_wf/sub_29_wf/bold_task_bird_run_6_wf/carpetplot_wf/resample_parc".
250329-15:59:32,261 nipype.workflow INFO:
	 [Node] Executing "resample_parc" <niworkflows.interfaces.fixes.FixHeaderApplyTransforms>
250329-15:59:32,261 nipype.workflow INFO:
	 [Node] Executing "resample_parc" <niworkflows.interfaces.fixes.FixHeaderApplyTransforms>
250329-15:59:32,261 nipype.workflow INFO:
	 [Node] Executing "resample_parc" <niworkflows.interfaces.fixes.FixHeaderApplyTransforms>
250329-15:59:32,261 nipype.workflow INFO:
	 [Node] Executing "resample_parc" <niworkflows.interfaces.fixes.FixHeaderApplyTransforms>
250329-15:59:32,261 nipype.workflow INFO:
	 [Node] Executing "resample_parc" <niworkflows.interfaces.fixes.FixHeaderApplyTransforms>
250329-15:59:32,262 nipype.workflow INFO:
	 [Node] Executing "resample_parc" <niworkflows.interfaces.fixes.FixHeaderApplyTransforms>
250329-15:59:39,50 nipype.workflow INFO:
	 [Node] Finished "resample_parc", elapsed time 6.787411s.
250329-15:59:39,69 nipype.workflow INFO:
	 [Node] Finished "resample_parc", elapsed time 6.806882s.
250329-15:59:39,108 nipype.workflow INFO:
	 [Node] Finished "resample_parc", elapsed time 6.845652s.
250329-15:59:39,127 nipype.workflow INFO:
	 [Node] Finished "resample_parc", elapsed time 6.8654209999999996s.
250329-15:59:39,158 nipype.workflow INFO:
	 [Node] Finished "resample_parc", elapsed time 6.896206s.
250329-15:59:39,429 nipype.workflow INFO:
	 [Node] Finished "resample_parc", elapsed time 7.166842s.
250329-15:59:40,251 nipype.workflow INFO:
	 [Node] Setting-up "fmriprep_24_0_wf.sub_29_wf.bold_task_bird_run_1_wf.carpetplot_wf.parcels" in "/work_dir/fmriprep_24_0_wf/sub_29_wf/bold_task_bird_run_1_wf/carpetplot_wf/parcels".
250329-15:59:40,253 nipype.workflow INFO:
	 [Node] Setting-up "fmriprep_24_0_wf.sub_29_wf.bold_task_bird_run_2_wf.carpetplot_wf.parcels" in "/work_dir/fmriprep_24_0_wf/sub_29_wf/bold_task_bird_run_2_wf/carpetplot_wf/parcels".
250329-15:59:40,253 nipype.workflow INFO:
	 [Node] Setting-up "fmriprep_24_0_wf.sub_29_wf.bold_task_bird_run_3_wf.carpetplot_wf.parcels" in "/work_dir/fmriprep_24_0_wf/sub_29_wf/bold_task_bird_run_3_wf/carpetplot_wf/parcels".
250329-15:59:40,253 nipype.workflow INFO:
	 [Node] Setting-up "fmriprep_24_0_wf.sub_29_wf.bold_task_bird_run_4_wf.carpetplot_wf.parcels" in "/work_dir/fmriprep_24_0_wf/sub_29_wf/bold_task_bird_run_4_wf/carpetplot_wf/parcels".
250329-15:59:40,253 nipype.workflow INFO:
	 [Node] Setting-up "fmriprep_24_0_wf.sub_29_wf.bold_task_bird_run_5_wf.carpetplot_wf.parcels" in "/work_dir/fmriprep_24_0_wf/sub_29_wf/bold_task_bird_run_5_wf/carpetplot_wf/parcels".
250329-15:59:40,255 nipype.workflow INFO:
	 [Node] Executing "parcels" <nipype.interfaces.utility.wrappers.Function>
250329-15:59:40,255 nipype.workflow INFO:
	 [Node] Setting-up "fmriprep_24_0_wf.sub_29_wf.bold_task_bird_run_6_wf.carpetplot_wf.parcels" in "/work_dir/fmriprep_24_0_wf/sub_29_wf/bold_task_bird_run_6_wf/carpetplot_wf/parcels".
250329-15:59:40,256 nipype.workflow INFO:
	 [Node] Executing "parcels" <nipype.interfaces.utility.wrappers.Function>
250329-15:59:40,257 nipype.workflow INFO:
	 [Node] Executing "parcels" <nipype.interfaces.utility.wrappers.Function>
250329-15:59:40,258 nipype.workflow INFO:
	 [Node] Executing "parcels" <nipype.interfaces.utility.wrappers.Function>
250329-15:59:40,258 nipype.workflow INFO:
	 [Node] Executing "parcels" <nipype.interfaces.utility.wrappers.Function>
250329-15:59:40,266 nipype.workflow INFO:
	 [Node] Executing "parcels" <nipype.interfaces.utility.wrappers.Function>
250329-15:59:40,330 nipype.workflow INFO:
	 [Node] Finished "parcels", elapsed time 0.073031s.
250329-15:59:40,330 nipype.workflow INFO:
	 [Node] Finished "parcels", elapsed time 0.072088s.
250329-15:59:40,331 nipype.workflow INFO:
	 [Node] Finished "parcels", elapsed time 0.072098s.
250329-15:59:40,332 nipype.workflow INFO:
	 [Node] Finished "parcels", elapsed time 0.076568s.
250329-15:59:40,336 nipype.workflow INFO:
	 [Node] Finished "parcels", elapsed time 0.077049s.
250329-15:59:40,339 nipype.workflow INFO:
	 [Node] Finished "parcels", elapsed time 0.072456s.
250329-15:59:42,254 nipype.workflow INFO:
	 [Node] Setting-up "fmriprep_24_0_wf.sub_29_wf.bold_task_bird_run_3_wf.carpetplot_wf.conf_plot" in "/work_dir/fmriprep_24_0_wf/sub_29_wf/bold_task_bird_run_3_wf/carpetplot_wf/conf_plot".
250329-15:59:42,255 nipype.workflow INFO:
	 [Node] Setting-up "fmriprep_24_0_wf.sub_29_wf.bold_task_bird_run_4_wf.carpetplot_wf.conf_plot" in "/work_dir/fmriprep_24_0_wf/sub_29_wf/bold_task_bird_run_4_wf/carpetplot_wf/conf_plot".
250329-15:59:42,257 nipype.workflow INFO:
	 [Node] Setting-up "fmriprep_24_0_wf.sub_29_wf.bold_task_bird_run_1_wf.carpetplot_wf.conf_plot" in "/work_dir/fmriprep_24_0_wf/sub_29_wf/bold_task_bird_run_1_wf/carpetplot_wf/conf_plot".
250329-15:59:42,263 nipype.workflow INFO:
	 [Node] Executing "conf_plot" <fmriprep.interfaces.confounds.FMRISummary>
250329-15:59:42,263 nipype.workflow INFO:
	 [Node] Executing "conf_plot" <fmriprep.interfaces.confounds.FMRISummary>
250329-15:59:42,263 nipype.workflow INFO:
	 [Node] Executing "conf_plot" <fmriprep.interfaces.confounds.FMRISummary>
250329-15:59:42,364 nipype.workflow INFO:
	 [Node] Setting-up "fmriprep_24_0_wf.sub_29_wf.bold_task_bird_run_2_wf.carpetplot_wf.conf_plot" in "/work_dir/fmriprep_24_0_wf/sub_29_wf/bold_task_bird_run_2_wf/carpetplot_wf/conf_plot".
250329-15:59:42,370 nipype.workflow INFO:
	 [Node] Executing "conf_plot" <fmriprep.interfaces.confounds.FMRISummary>
250329-15:59:42,375 nipype.workflow INFO:
	 [Node] Setting-up "fmriprep_24_0_wf.sub_29_wf.bold_task_bird_run_5_wf.carpetplot_wf.conf_plot" in "/work_dir/fmriprep_24_0_wf/sub_29_wf/bold_task_bird_run_5_wf/carpetplot_wf/conf_plot".
250329-15:59:42,381 nipype.workflow INFO:
	 [Node] Executing "conf_plot" <fmriprep.interfaces.confounds.FMRISummary>
250329-15:59:42,390 nipype.workflow INFO:
	 [Node] Setting-up "fmriprep_24_0_wf.sub_29_wf.bold_task_bird_run_6_wf.carpetplot_wf.conf_plot" in "/work_dir/fmriprep_24_0_wf/sub_29_wf/bold_task_bird_run_6_wf/carpetplot_wf/conf_plot".
250329-15:59:42,396 nipype.workflow INFO:
	 [Node] Executing "conf_plot" <fmriprep.interfaces.confounds.FMRISummary>
250329-15:59:52,86 nipype.workflow INFO:
	 [Node] Finished "conf_plot", elapsed time 9.822655s.
250329-15:59:52,98 nipype.workflow INFO:
	 [Node] Finished "conf_plot", elapsed time 9.834505s.
250329-15:59:52,295 nipype.workflow INFO:
	 [Node] Finished "conf_plot", elapsed time 9.923991000000001s.
250329-15:59:52,315 nipype.workflow INFO:
	 [Node] Finished "conf_plot", elapsed time 9.933148s.
250329-15:59:52,407 nipype.workflow INFO:
	 [Node] Finished "conf_plot", elapsed time 10.143774s.
250329-15:59:52,411 nipype.workflow INFO:
	 [Node] Finished "conf_plot", elapsed time 10.013958s.
250329-16:41:27,944 nipype.workflow INFO:
	 [Node] Finished "_msmsulc0", elapsed time 4959.92335s.
250329-16:41:50,679 nipype.workflow INFO:
	 [Node] Finished "_msmsulc1", elapsed time 4982.654466s.
250329-16:41:52,418 nipype.workflow INFO:
	 [Node] Setting-up "_msmsulc0" in "/work_dir/fmriprep_24_0_wf/sub_29_wf/anat_fit_wf/msm_sulc_wf/msmsulc/mapflow/_msmsulc0".
250329-16:41:52,422 nipype.workflow INFO:
	 [Node] Cached "_msmsulc0" - collecting precomputed outputs
250329-16:41:52,423 nipype.workflow INFO:
	 [Node] "_msmsulc0" found cached.
250329-16:41:52,424 nipype.workflow INFO:
	 [Node] Setting-up "_msmsulc1" in "/work_dir/fmriprep_24_0_wf/sub_29_wf/anat_fit_wf/msm_sulc_wf/msmsulc/mapflow/_msmsulc1".
250329-16:41:52,428 nipype.workflow INFO:
	 [Node] Cached "_msmsulc1" - collecting precomputed outputs
250329-16:41:52,428 nipype.workflow INFO:
	 [Node] "_msmsulc1" found cached.
250329-16:42:00,349 nipype.workflow IMPORTANT:
	 fMRIPrep finished successfully!
250329-16:42:00,356 nipype.workflow IMPORTANT:
	 Works derived from this fMRIPrep execution should include the boilerplate text found in <OUTPUT_PATH>/logs/CITATION.md.
