You are using fMRIPrep-24.0.0, and a newer version of fMRIPrep is available: 25.0.0.
Please check out our documentation about how and when to upgrade:
https://fmriprep.readthedocs.io/en/latest/faq.html#upgrading
bids-validator@1.14.6
(node:370917) Warning: Closing directory handle on garbage collection
(Use `node --trace-warnings ...` to show where the warning was created)
	[33m1: [WARN] The recommended file /README is missing. See Section 03 (Modality agnostic files) of the BIDS specification. (code: 101 - README_FILE_MISSING)[39m

[36m	Please visit https://neurostars.org/search?q=README_FILE_MISSING for existing conversations about this issue.[39m

        [34m[4mSummary:[24m[39m                  [34m[4mAvailable Tasks:[24m[39m        [34m[4mAvailable Modalities:[39m[24m 
        681 Files, 46.44GB                                MRI                   
        34 - Subjects                                                           
        1 - Session                                                             


[36m	If you have any questions, please post on https://neurostars.org/tags/bids.[39m
250329-10:06:24,324 nipype.workflow IMPORTANT:
	 Running fMRIPrep version 24.0.0

         License NOTICE ##################################################
         fMRIPrep 24.0.0
         Copyright The NiPreps Developers.
         
         This product includes software developed by
         the NiPreps Community (https://nipreps.org/).
         
         Portions of this software were developed at the Department of
         Psychology at Stanford University, Stanford, CA, US.
         
         This software is also distributed as a Docker container image.
         The bootstrapping file for the image ("Dockerfile") is licensed
         under the MIT License.
         
         This software may be distributed through an add-on package called
         "Docker Wrapper" that is under the BSD 3-clause License.
         #################################################################
250329-10:06:24,353 nipype.workflow IMPORTANT:
	 Building fMRIPrep's workflow:
           * BIDS dataset path: /raw.
           * Participant list: ['35'].
           * Run identifier: 20250329-100602_21408a63-bdc2-467d-a39c-eaf5eeafa7c8.
           * Output spaces: func.
           * Pre-run FreeSurfer's SUBJECTS_DIR: /output/sourcedata/freesurfer.
250329-10:06:25,211 nipype.workflow INFO:
	 ANAT Stage 1: Adding template workflow
250329-10:06:25,745 nipype.workflow INFO:
	 ANAT Stage 2: Preparing brain extraction workflow
250329-10:06:25,866 nipype.workflow INFO:
	 ANAT Stage 3: Preparing segmentation workflow
250329-10:06:25,873 nipype.workflow INFO:
	 ANAT Stage 4: Preparing normalization workflow for ['MNI152NLin2009cAsym']
250329-10:06:25,957 nipype.workflow INFO:
	 ANAT Stage 5: Preparing surface reconstruction workflow
250329-10:06:25,984 nipype.workflow INFO:
	 ANAT Stage 6: Preparing mask refinement workflow
250329-10:06:25,987 nipype.workflow INFO:
	 ANAT No T2w images provided - skipping Stage 7
250329-10:06:25,987 nipype.workflow INFO:
	 ANAT Stage 8: Creating GIFTI surfaces for ['white', 'pial', 'midthickness', 'sphere_reg', 'sphere']
250329-10:06:26,12 nipype.workflow INFO:
	 ANAT Stage 8: Creating GIFTI metrics for ['thickness', 'sulc']
250329-10:06:26,22 nipype.workflow INFO:
	 ANAT Stage 8a: Creating cortical ribbon mask
250329-10:06:26,27 nipype.workflow INFO:
	 ANAT Stage 9: Creating fsLR registration sphere
250329-10:06:26,32 nipype.workflow INFO:
	 ANAT Stage 10: Creating MSM-Sulc registration sphere
250329-10:06:26,231 nipype.workflow INFO:
	 No single-band-reference found for sub-35_task-bird_run-1_bold.nii.gz.
250329-10:06:26,322 nipype.workflow INFO:
	 Stage 1: Adding HMC boldref workflow
250329-10:06:26,332 nipype.workflow INFO:
	 Stage 2: Adding motion correction workflow
250329-10:06:26,343 nipype.workflow INFO:
	 Stage 3: Adding coregistration boldref workflow
250329-10:06:26,404 nipype.workflow IMPORTANT:
	 BOLD series will be slice-timing corrected to an offset of 0.959s.
250329-10:06:26,665 nipype.workflow INFO:
	 No single-band-reference found for sub-35_task-bird_run-2_bold.nii.gz.
250329-10:06:26,736 nipype.workflow INFO:
	 Stage 1: Adding HMC boldref workflow
250329-10:06:26,744 nipype.workflow INFO:
	 Stage 2: Adding motion correction workflow
250329-10:06:26,752 nipype.workflow INFO:
	 Stage 3: Adding coregistration boldref workflow
250329-10:06:26,806 nipype.workflow IMPORTANT:
	 BOLD series will be slice-timing corrected to an offset of 0.959s.
250329-10:06:26,936 nipype.workflow INFO:
	 No single-band-reference found for sub-35_task-bird_run-3_bold.nii.gz.
250329-10:06:27,6 nipype.workflow INFO:
	 Stage 1: Adding HMC boldref workflow
250329-10:06:27,14 nipype.workflow INFO:
	 Stage 2: Adding motion correction workflow
250329-10:06:27,20 nipype.workflow INFO:
	 Stage 3: Adding coregistration boldref workflow
250329-10:06:27,76 nipype.workflow IMPORTANT:
	 BOLD series will be slice-timing corrected to an offset of 0.959s.
250329-10:06:27,205 nipype.workflow INFO:
	 No single-band-reference found for sub-35_task-bird_run-4_bold.nii.gz.
250329-10:06:27,277 nipype.workflow INFO:
	 Stage 1: Adding HMC boldref workflow
250329-10:06:27,285 nipype.workflow INFO:
	 Stage 2: Adding motion correction workflow
250329-10:06:27,291 nipype.workflow INFO:
	 Stage 3: Adding coregistration boldref workflow
250329-10:06:27,345 nipype.workflow IMPORTANT:
	 BOLD series will be slice-timing corrected to an offset of 0.959s.
250329-10:06:27,475 nipype.workflow INFO:
	 No single-band-reference found for sub-35_task-bird_run-5_bold.nii.gz.
250329-10:06:27,545 nipype.workflow INFO:
	 Stage 1: Adding HMC boldref workflow
250329-10:06:27,553 nipype.workflow INFO:
	 Stage 2: Adding motion correction workflow
250329-10:06:27,559 nipype.workflow INFO:
	 Stage 3: Adding coregistration boldref workflow
250329-10:06:27,615 nipype.workflow IMPORTANT:
	 BOLD series will be slice-timing corrected to an offset of 0.959s.
250329-10:06:27,746 nipype.workflow INFO:
	 No single-band-reference found for sub-35_task-bird_run-6_bold.nii.gz.
250329-10:06:27,816 nipype.workflow INFO:
	 Stage 1: Adding HMC boldref workflow
250329-10:06:27,824 nipype.workflow INFO:
	 Stage 2: Adding motion correction workflow
250329-10:06:27,830 nipype.workflow INFO:
	 Stage 3: Adding coregistration boldref workflow
250329-10:06:27,884 nipype.workflow IMPORTANT:
	 BOLD series will be slice-timing corrected to an offset of 0.959s.
250329-10:06:33,9 nipype.workflow INFO:
	 fMRIPrep workflow graph with 1089 nodes built successfully.
250329-10:06:52,643 nipype.workflow IMPORTANT:
	 fMRIPrep started!
250329-10:07:10,180 nipype.workflow INFO:
	 [Node] Setting-up "fmriprep_24_0_wf.sub_35_wf.anat_fit_wf.brain_extraction_wf.res_tmpl" in "/work_dir/fmriprep_24_0_wf/sub_35_wf/anat_fit_wf/brain_extraction_wf/res_tmpl".
250329-10:07:10,182 nipype.workflow INFO:
	 [Node] Executing "res_tmpl" <niworkflows.interfaces.nibabel.RegridToZooms>
250329-10:07:10,220 nipype.workflow INFO:
	 [Node] Setting-up "fmriprep_24_0_wf.sub_35_wf.anat_fit_wf.brain_extraction_wf.full_wm" in "/work_dir/fmriprep_24_0_wf/sub_35_wf/anat_fit_wf/brain_extraction_wf/full_wm".
250329-10:07:10,235 nipype.workflow INFO:
	 [Node] Executing "full_wm" <nipype.interfaces.utility.wrappers.Function>
250329-10:07:10,890 nipype.workflow INFO:
	 [Node] Setting-up "fmriprep_24_0_wf.sub_35_wf.bidssrc" in "/work_dir/fmriprep_24_0_wf/sub_35_wf/bidssrc".
250329-10:07:10,900 nipype.workflow INFO:
	 [Node] Executing "bidssrc" <niworkflows.interfaces.bids.BIDSDataGrabber>
250329-10:07:10,940 nipype.interface INFO:
	 No "t2w" images found for sub-35
250329-10:07:10,940 nipype.interface INFO:
	 No "flair" images found for sub-35
250329-10:07:10,940 nipype.interface INFO:
	 No "fmap" images found for sub-35
250329-10:07:10,940 nipype.interface INFO:
	 No "sbref" images found for sub-35
250329-10:07:10,940 nipype.interface INFO:
	 No "roi" images found for sub-35
250329-10:07:10,940 nipype.interface INFO:
	 No "pet" images found for sub-35
250329-10:07:10,940 nipype.interface INFO:
	 No "asl" images found for sub-35
250329-10:07:10,941 nipype.workflow INFO:
	 [Node] Finished "bidssrc", elapsed time 0.001229s.
250329-10:07:11,82 nipype.workflow INFO:
	 [Node] Setting-up "fmriprep_24_0_wf.sub_35_wf.anat_fit_wf.brain_extraction_wf.lap_tmpl" in "/work_dir/fmriprep_24_0_wf/sub_35_wf/anat_fit_wf/brain_extraction_wf/lap_tmpl".
250329-10:07:11,93 nipype.workflow INFO:
	 [Node] Executing "lap_tmpl" <nipype.interfaces.ants.utils.ImageMath>
250329-10:07:11,818 nipype.workflow INFO:
	 [Node] Setting-up "fmriprep_24_0_wf.sub_35_wf.bold_task_bird_run_1_wf.bold_fit_wf.hmc_boldref_wf.val_bold" in "/work_dir/fmriprep_24_0_wf/sub_35_wf/bold_task_bird_run_1_wf/bold_fit_wf/hmc_boldref_wf/val_bold".
250329-10:07:11,820 nipype.workflow INFO:
	 [Node] Executing "val_bold" <niworkflows.interfaces.header.ValidateImage>
250329-10:07:12,135 nipype.workflow INFO:
	 [Node] Finished "val_bold", elapsed time 0.300321s.
250329-10:07:12,171 nipype.workflow INFO:
	 [Node] Setting-up "fmriprep_24_0_wf.sub_35_wf.bold_task_bird_run_1_wf.bold_fit_wf.hmc_boldref_wf.get_dummy" in "/work_dir/fmriprep_24_0_wf/sub_35_wf/bold_task_bird_run_1_wf/bold_fit_wf/hmc_boldref_wf/get_dummy".
250329-10:07:12,172 nipype.workflow INFO:
	 [Node] Executing "get_dummy" <niworkflows.interfaces.bold.NonsteadyStatesDetector>
250329-10:07:13,207 nipype.workflow INFO:
	 [Node] Finished "full_wm", elapsed time 2.956077s.
250329-10:07:13,643 nipype.workflow INFO:
	 [Node] Setting-up "fmriprep_24_0_wf.sub_35_wf.bold_task_bird_run_1_wf.bold_native_wf.bold_source" in "/work_dir/fmriprep_24_0_wf/sub_35_wf/bold_task_bird_run_1_wf/bold_native_wf/bold_source".
250329-10:07:13,645 nipype.workflow INFO:
	 [Node] Executing "bold_source" <nipype.interfaces.utility.base.Select>
250329-10:07:13,678 nipype.workflow INFO:
	 [Node] Finished "bold_source", elapsed time 0.000393s.
250329-10:07:14,392 nipype.workflow INFO:
	 [Node] Finished "res_tmpl", elapsed time 4.186262s.
250329-10:07:14,410 nipype.workflow INFO:
	 [Node] Setting-up "fmriprep_24_0_wf.sub_35_wf.bold_task_bird_run_2_wf.bold_fit_wf.hmc_boldref_wf.get_dummy" in "/work_dir/fmriprep_24_0_wf/sub_35_wf/bold_task_bird_run_2_wf/bold_fit_wf/hmc_boldref_wf/get_dummy".
250329-10:07:14,412 nipype.workflow INFO:
	 [Node] Executing "get_dummy" <niworkflows.interfaces.bold.NonsteadyStatesDetector>
250329-10:07:15,99 nipype.workflow INFO:
	 [Node] Setting-up "fmriprep_24_0_wf.sub_35_wf.bold_task_bird_run_2_wf.bold_fit_wf.hmc_boldref_wf.val_bold" in "/work_dir/fmriprep_24_0_wf/sub_35_wf/bold_task_bird_run_2_wf/bold_fit_wf/hmc_boldref_wf/val_bold".
250329-10:07:15,118 nipype.workflow INFO:
	 [Node] Executing "val_bold" <niworkflows.interfaces.header.ValidateImage>
250329-10:07:15,500 nipype.workflow INFO:
	 [Node] Finished "val_bold", elapsed time 0.361501s.
250329-10:07:16,19 nipype.workflow INFO:
	 [Node] Setting-up "fmriprep_24_0_wf.sub_35_wf.bold_task_bird_run_2_wf.bold_native_wf.bold_source" in "/work_dir/fmriprep_24_0_wf/sub_35_wf/bold_task_bird_run_2_wf/bold_native_wf/bold_source".
250329-10:07:16,21 nipype.workflow INFO:
	 [Node] Executing "bold_source" <nipype.interfaces.utility.base.Select>
250329-10:07:16,36 nipype.workflow INFO:
	 [Node] Finished "bold_source", elapsed time 0.000396s.
250329-10:07:16,380 nipype.workflow INFO:
	 [Node] Setting-up "fmriprep_24_0_wf.sub_35_wf.bold_task_bird_run_1_wf.ds_bold_native_wf.sources" in "/work_dir/fmriprep_24_0_wf/sub_35_wf/bold_task_bird_run_1_wf/ds_bold_native_wf/sources".
250329-10:07:16,398 nipype.workflow INFO:
	 [Node] Executing "sources" <fmriprep.interfaces.bids.BIDSURI>
250329-10:07:16,399 nipype.workflow INFO:
	 [Node] Finished "sources", elapsed time 0.00026s.
250329-10:07:16,413 nipype.workflow INFO:
	 [Node] Setting-up "fmriprep_24_0_wf.sub_35_wf.bold_task_bird_run_3_wf.bold_fit_wf.hmc_boldref_wf.val_bold" in "/work_dir/fmriprep_24_0_wf/sub_35_wf/bold_task_bird_run_3_wf/bold_fit_wf/hmc_boldref_wf/val_bold".
250329-10:07:16,414 nipype.workflow INFO:
	 [Node] Executing "val_bold" <niworkflows.interfaces.header.ValidateImage>
250329-10:07:16,619 nipype.workflow INFO:
	 [Node] Finished "val_bold", elapsed time 0.203675s.
250329-10:07:16,734 nipype.workflow INFO:
	 [Node] Setting-up "fmriprep_24_0_wf.sub_35_wf.bold_task_bird_run_3_wf.bold_fit_wf.ds_hmc_wf.sources" in "/work_dir/fmriprep_24_0_wf/sub_35_wf/bold_task_bird_run_3_wf/bold_fit_wf/ds_hmc_wf/sources".
250329-10:07:16,777 nipype.workflow INFO:
	 [Node] Executing "sources" <fmriprep.interfaces.bids.BIDSURI>
250329-10:07:16,778 nipype.workflow INFO:
	 [Node] Finished "sources", elapsed time 0.000255s.
250329-10:07:16,820 nipype.workflow INFO:
	 [Node] Setting-up "fmriprep_24_0_wf.sub_35_wf.bold_task_bird_run_3_wf.bold_fit_wf.ds_boldmask_wf.sources" in "/work_dir/fmriprep_24_0_wf/sub_35_wf/bold_task_bird_run_3_wf/bold_fit_wf/ds_boldmask_wf/sources".
250329-10:07:16,837 nipype.workflow INFO:
	 [Node] Executing "sources" <fmriprep.interfaces.bids.BIDSURI>
250329-10:07:16,838 nipype.workflow INFO:
	 [Node] Finished "sources", elapsed time 0.000239s.
250329-10:07:16,872 nipype.workflow INFO:
	 [Node] Setting-up "fmriprep_24_0_wf.sub_35_wf.bold_task_bird_run_3_wf.bold_native_wf.bold_source" in "/work_dir/fmriprep_24_0_wf/sub_35_wf/bold_task_bird_run_3_wf/bold_native_wf/bold_source".
250329-10:07:16,874 nipype.workflow INFO:
	 [Node] Executing "bold_source" <nipype.interfaces.utility.base.Select>
250329-10:07:16,877 nipype.workflow INFO:
	 [Node] Setting-up "fmriprep_24_0_wf.sub_35_wf.bold_task_bird_run_3_wf.ds_bold_native_wf.sources" in "/work_dir/fmriprep_24_0_wf/sub_35_wf/bold_task_bird_run_3_wf/ds_bold_native_wf/sources".
250329-10:07:16,898 nipype.workflow INFO:
	 [Node] Executing "sources" <fmriprep.interfaces.bids.BIDSURI>
250329-10:07:16,899 nipype.workflow INFO:
	 [Node] Finished "sources", elapsed time 0.000231s.
250329-10:07:16,900 nipype.workflow INFO:
	 [Node] Finished "bold_source", elapsed time 0.000368s.
250329-10:07:16,943 nipype.workflow INFO:
	 [Node] Setting-up "fmriprep_24_0_wf.sub_35_wf.bold_task_bird_run_4_wf.bold_fit_wf.hmc_boldref_wf.val_bold" in "/work_dir/fmriprep_24_0_wf/sub_35_wf/bold_task_bird_run_4_wf/bold_fit_wf/hmc_boldref_wf/val_bold".
250329-10:07:16,944 nipype.workflow INFO:
	 [Node] Executing "val_bold" <niworkflows.interfaces.header.ValidateImage>
250329-10:07:17,60 nipype.workflow INFO:
	 [Node] Finished "val_bold", elapsed time 0.115116s.
250329-10:07:17,84 nipype.workflow INFO:
	 [Node] Setting-up "fmriprep_24_0_wf.sub_35_wf.bold_task_bird_run_4_wf.bold_fit_wf.ds_hmc_boldref_wf.sources" in "/work_dir/fmriprep_24_0_wf/sub_35_wf/bold_task_bird_run_4_wf/bold_fit_wf/ds_hmc_boldref_wf/sources".
250329-10:07:17,94 nipype.workflow INFO:
	 [Node] Executing "sources" <fmriprep.interfaces.bids.BIDSURI>
250329-10:07:17,95 nipype.workflow INFO:
	 [Node] Finished "sources", elapsed time 0.000235s.
250329-10:07:17,117 nipype.workflow INFO:
	 [Node] Setting-up "fmriprep_24_0_wf.sub_35_wf.bold_task_bird_run_4_wf.bold_fit_wf.ds_hmc_wf.sources" in "/work_dir/fmriprep_24_0_wf/sub_35_wf/bold_task_bird_run_4_wf/bold_fit_wf/ds_hmc_wf/sources".
250329-10:07:17,134 nipype.workflow INFO:
	 [Node] Executing "sources" <fmriprep.interfaces.bids.BIDSURI>
250329-10:07:17,135 nipype.workflow INFO:
	 [Node] Finished "sources", elapsed time 0.000231s.
250329-10:07:17,169 nipype.workflow INFO:
	 [Node] Setting-up "fmriprep_24_0_wf.sub_35_wf.bold_task_bird_run_4_wf.bold_fit_wf.ds_boldmask_wf.sources" in "/work_dir/fmriprep_24_0_wf/sub_35_wf/bold_task_bird_run_4_wf/bold_fit_wf/ds_boldmask_wf/sources".
250329-10:07:17,169 nipype.workflow INFO:
	 [Node] Setting-up "fmriprep_24_0_wf.sub_35_wf.bold_task_bird_run_4_wf.bold_native_wf.bold_source" in "/work_dir/fmriprep_24_0_wf/sub_35_wf/bold_task_bird_run_4_wf/bold_native_wf/bold_source".
250329-10:07:17,184 nipype.workflow INFO:
	 [Node] Executing "bold_source" <nipype.interfaces.utility.base.Select>
250329-10:07:17,190 nipype.workflow INFO:
	 [Node] Executing "sources" <fmriprep.interfaces.bids.BIDSURI>
250329-10:07:17,191 nipype.workflow INFO:
	 [Node] Finished "sources", elapsed time 0.000217s.
250329-10:07:17,206 nipype.workflow INFO:
	 [Node] Finished "bold_source", elapsed time 0.000379s.
250329-10:07:17,213 nipype.workflow INFO:
	 [Node] Setting-up "fmriprep_24_0_wf.sub_35_wf.bold_task_bird_run_4_wf.ds_bold_native_wf.sources" in "/work_dir/fmriprep_24_0_wf/sub_35_wf/bold_task_bird_run_4_wf/ds_bold_native_wf/sources".
250329-10:07:17,250 nipype.workflow INFO:
	 [Node] Executing "sources" <fmriprep.interfaces.bids.BIDSURI>
250329-10:07:17,251 nipype.workflow INFO:
	 [Node] Finished "sources", elapsed time 0.000229s.
250329-10:07:17,295 nipype.workflow INFO:
	 [Node] Setting-up "fmriprep_24_0_wf.sub_35_wf.bold_task_bird_run_5_wf.bold_fit_wf.hmc_boldref_wf.get_dummy" in "/work_dir/fmriprep_24_0_wf/sub_35_wf/bold_task_bird_run_5_wf/bold_fit_wf/hmc_boldref_wf/get_dummy".
250329-10:07:17,296 nipype.workflow INFO:
	 [Node] Executing "get_dummy" <niworkflows.interfaces.bold.NonsteadyStatesDetector>
250329-10:07:17,459 nipype.workflow INFO:
	 [Node] Setting-up "fmriprep_24_0_wf.sub_35_wf.bold_task_bird_run_3_wf.bold_fit_wf.hmc_boldref_wf.get_dummy" in "/work_dir/fmriprep_24_0_wf/sub_35_wf/bold_task_bird_run_3_wf/bold_fit_wf/hmc_boldref_wf/get_dummy".
250329-10:07:17,461 nipype.workflow INFO:
	 [Node] Executing "get_dummy" <niworkflows.interfaces.bold.NonsteadyStatesDetector>
250329-10:07:17,755 nipype.workflow INFO:
	 [Node] Setting-up "fmriprep_24_0_wf.sub_35_wf.bold_task_bird_run_4_wf.bold_fit_wf.hmc_boldref_wf.get_dummy" in "/work_dir/fmriprep_24_0_wf/sub_35_wf/bold_task_bird_run_4_wf/bold_fit_wf/hmc_boldref_wf/get_dummy".
250329-10:07:17,757 nipype.workflow INFO:
	 [Node] Executing "get_dummy" <niworkflows.interfaces.bold.NonsteadyStatesDetector>
250329-10:07:17,796 nipype.workflow INFO:
	 [Node] Setting-up "fmriprep_24_0_wf.sub_35_wf.bold_task_bird_run_5_wf.bold_native_wf.bold_source" in "/work_dir/fmriprep_24_0_wf/sub_35_wf/bold_task_bird_run_5_wf/bold_native_wf/bold_source".
250329-10:07:17,798 nipype.workflow INFO:
	 [Node] Executing "bold_source" <nipype.interfaces.utility.base.Select>
250329-10:07:17,824 nipype.workflow INFO:
	 [Node] Finished "bold_source", elapsed time 0.000412s.
250329-10:07:18,101 nipype.workflow INFO:
	 [Node] Setting-up "fmriprep_24_0_wf.sub_35_wf.bold_task_bird_run_5_wf.bold_fit_wf.hmc_boldref_wf.val_bold" in "/work_dir/fmriprep_24_0_wf/sub_35_wf/bold_task_bird_run_5_wf/bold_fit_wf/hmc_boldref_wf/val_bold".
250329-10:07:18,103 nipype.workflow INFO:
	 [Node] Executing "val_bold" <niworkflows.interfaces.header.ValidateImage>
250329-10:07:18,453 nipype.workflow INFO:
	 [Node] Finished "val_bold", elapsed time 0.329835s.
250329-10:07:18,591 nipype.workflow INFO:
	 [Node] Setting-up "fmriprep_24_0_wf.sub_35_wf.bold_task_bird_run_6_wf.bold_fit_wf.hmc_boldref_wf.val_bold" in "/work_dir/fmriprep_24_0_wf/sub_35_wf/bold_task_bird_run_6_wf/bold_fit_wf/hmc_boldref_wf/val_bold".
250329-10:07:18,594 nipype.workflow INFO:
	 [Node] Executing "val_bold" <niworkflows.interfaces.header.ValidateImage>
250329-10:07:18,899 nipype.workflow INFO:
	 [Node] Finished "val_bold", elapsed time 0.273242s.
250329-10:07:19,168 nipype.workflow INFO:
	 [Node] Finished "get_dummy", elapsed time 6.995019s.
250329-10:07:19,661 nipype.workflow INFO:
	 [Node] Setting-up "fmriprep_24_0_wf.sub_35_wf.bold_task_bird_run_6_wf.bold_native_wf.bold_source" in "/work_dir/fmriprep_24_0_wf/sub_35_wf/bold_task_bird_run_6_wf/bold_native_wf/bold_source".
250329-10:07:19,663 nipype.workflow INFO:
	 [Node] Executing "bold_source" <nipype.interfaces.utility.base.Select>
250329-10:07:19,696 nipype.workflow INFO:
	 [Node] Finished "bold_source", elapsed time 0.000404s.
250329-10:07:20,21 nipype.workflow INFO:
	 [Node] Setting-up "fmriprep_24_0_wf.sub_35_wf.bold_task_bird_run_1_wf.bold_fit_wf.ds_hmc_boldref_wf.sources" in "/work_dir/fmriprep_24_0_wf/sub_35_wf/bold_task_bird_run_1_wf/bold_fit_wf/ds_hmc_boldref_wf/sources".
250329-10:07:20,57 nipype.workflow INFO:
	 [Node] Executing "sources" <fmriprep.interfaces.bids.BIDSURI>
250329-10:07:20,76 nipype.workflow INFO:
	 [Node] Finished "sources", elapsed time 0.000329s.
250329-10:07:20,185 nipype.workflow INFO:
	 [Node] Setting-up "fmriprep_24_0_wf.sub_35_wf.bold_task_bird_run_6_wf.bold_fit_wf.hmc_boldref_wf.get_dummy" in "/work_dir/fmriprep_24_0_wf/sub_35_wf/bold_task_bird_run_6_wf/bold_fit_wf/hmc_boldref_wf/get_dummy".
250329-10:07:20,202 nipype.workflow INFO:
	 [Node] Executing "get_dummy" <niworkflows.interfaces.bold.NonsteadyStatesDetector>
250329-10:07:20,317 nipype.workflow INFO:
	 [Node] Setting-up "fmriprep_24_0_wf.sub_35_wf.bold_task_bird_run_2_wf.bold_fit_wf.ds_hmc_boldref_wf.sources" in "/work_dir/fmriprep_24_0_wf/sub_35_wf/bold_task_bird_run_2_wf/bold_fit_wf/ds_hmc_boldref_wf/sources".
250329-10:07:20,345 nipype.workflow INFO:
	 [Node] Executing "sources" <fmriprep.interfaces.bids.BIDSURI>
250329-10:07:20,366 nipype.workflow INFO:
	 [Node] Finished "sources", elapsed time 0.000336s.
250329-10:07:20,531 nipype.workflow INFO:
	 [Node] Setting-up "fmriprep_24_0_wf.sub_35_wf.anat_fit_wf.anat_template_wf.anat_ref_dimensions" in "/work_dir/fmriprep_24_0_wf/sub_35_wf/anat_fit_wf/anat_template_wf/anat_ref_dimensions".
250329-10:07:20,836 nipype.workflow INFO:
	 [Node] Setting-up "fmriprep_24_0_wf.sub_35_wf.bold_task_bird_run_1_wf.bold_fit_wf.ds_hmc_wf.sources" in "/work_dir/fmriprep_24_0_wf/sub_35_wf/bold_task_bird_run_1_wf/bold_fit_wf/ds_hmc_wf/sources".
250329-10:07:20,847 nipype.workflow INFO:
	 [Node] Executing "sources" <fmriprep.interfaces.bids.BIDSURI>
250329-10:07:20,848 nipype.workflow INFO:
	 [Node] Finished "sources", elapsed time 0.000252s.
250329-10:07:20,883 nipype.workflow INFO:
	 [Node] Setting-up "fmriprep_24_0_wf.sub_35_wf.bold_task_bird_run_1_wf.bold_fit_wf.ds_boldmask_wf.sources" in "/work_dir/fmriprep_24_0_wf/sub_35_wf/bold_task_bird_run_1_wf/bold_fit_wf/ds_boldmask_wf/sources".
250329-10:07:20,918 nipype.workflow INFO:
	 [Node] Executing "sources" <fmriprep.interfaces.bids.BIDSURI>
250329-10:07:20,953 nipype.workflow INFO:
	 [Node] Finished "sources", elapsed time 0.000335s.
250329-10:07:21,434 nipype.workflow INFO:
	 [Node] Setting-up "fmriprep_24_0_wf.sub_35_wf.bold_task_bird_run_1_wf.bold_native_wf.validate_bold" in "/work_dir/fmriprep_24_0_wf/sub_35_wf/bold_task_bird_run_1_wf/bold_native_wf/validate_bold".
250329-10:07:21,437 nipype.workflow INFO:
	 [Node] Executing "validate_bold" <niworkflows.interfaces.header.ValidateImage>
250329-10:07:21,633 nipype.workflow INFO:
	 [Node] Finished "validate_bold", elapsed time 0.195928s.
250329-10:07:22,33 nipype.workflow INFO:
	 [Node] Setting-up "fmriprep_24_0_wf.sub_35_wf.bold_task_bird_run_2_wf.bold_native_wf.validate_bold" in "/work_dir/fmriprep_24_0_wf/sub_35_wf/bold_task_bird_run_2_wf/bold_native_wf/validate_bold".
250329-10:07:22,35 nipype.workflow INFO:
	 [Node] Executing "validate_bold" <niworkflows.interfaces.header.ValidateImage>
250329-10:07:22,69 nipype.workflow INFO:
	 [Node] Setting-up "fmriprep_24_0_wf.sub_35_wf.bold_task_bird_run_2_wf.bold_fit_wf.ds_hmc_wf.sources" in "/work_dir/fmriprep_24_0_wf/sub_35_wf/bold_task_bird_run_2_wf/bold_fit_wf/ds_hmc_wf/sources".
250329-10:07:22,91 nipype.workflow INFO:
	 [Node] Executing "sources" <fmriprep.interfaces.bids.BIDSURI>
250329-10:07:22,92 nipype.workflow INFO:
	 [Node] Finished "sources", elapsed time 0.000277s.
250329-10:07:22,182 nipype.workflow INFO:
	 [Node] Finished "validate_bold", elapsed time 0.123956s.
250329-10:07:22,600 nipype.workflow INFO:
	 [Node] Setting-up "fmriprep_24_0_wf.sub_35_wf.bold_task_bird_run_2_wf.bold_fit_wf.ds_boldmask_wf.sources" in "/work_dir/fmriprep_24_0_wf/sub_35_wf/bold_task_bird_run_2_wf/bold_fit_wf/ds_boldmask_wf/sources".
250329-10:07:22,623 nipype.workflow INFO:
	 [Node] Finished "get_dummy", elapsed time 8.210609s.
250329-10:07:22,629 nipype.workflow INFO:
	 [Node] Executing "sources" <fmriprep.interfaces.bids.BIDSURI>
250329-10:07:22,636 nipype.workflow INFO:
	 [Node] Finished "get_dummy", elapsed time 4.878207s.
250329-10:07:22,640 nipype.workflow INFO:
	 [Node] Finished "sources", elapsed time 0.000332s.
250329-10:07:22,877 nipype.workflow INFO:
	 [Node] Setting-up "fmriprep_24_0_wf.sub_35_wf.bold_task_bird_run_3_wf.bold_native_wf.validate_bold" in "/work_dir/fmriprep_24_0_wf/sub_35_wf/bold_task_bird_run_3_wf/bold_native_wf/validate_bold".
250329-10:07:22,879 nipype.workflow INFO:
	 [Node] Executing "validate_bold" <niworkflows.interfaces.header.ValidateImage>
250329-10:07:23,34 nipype.workflow INFO:
	 [Node] Finished "validate_bold", elapsed time 0.138979s.
250329-10:07:23,119 nipype.workflow INFO:
	 [Node] Setting-up "fmriprep_24_0_wf.sub_35_wf.bold_task_bird_run_2_wf.ds_bold_native_wf.sources" in "/work_dir/fmriprep_24_0_wf/sub_35_wf/bold_task_bird_run_2_wf/ds_bold_native_wf/sources".
250329-10:07:23,144 nipype.workflow INFO:
	 [Node] Executing "sources" <fmriprep.interfaces.bids.BIDSURI>
250329-10:07:23,145 nipype.workflow INFO:
	 [Node] Finished "sources", elapsed time 0.000271s.
250329-10:07:23,302 nipype.workflow INFO:
	 [Node] Setting-up "fmriprep_24_0_wf.sub_35_wf.bold_task_bird_run_4_wf.bold_native_wf.validate_bold" in "/work_dir/fmriprep_24_0_wf/sub_35_wf/bold_task_bird_run_4_wf/bold_native_wf/validate_bold".
250329-10:07:23,304 nipype.workflow INFO:
	 [Node] Executing "validate_bold" <niworkflows.interfaces.header.ValidateImage>
250329-10:07:23,328 nipype.workflow INFO:
	 [Node] Setting-up "fmriprep_24_0_wf.sub_35_wf.bold_task_bird_run_5_wf.ds_bold_native_wf.sources" in "/work_dir/fmriprep_24_0_wf/sub_35_wf/bold_task_bird_run_5_wf/ds_bold_native_wf/sources".
250329-10:07:23,364 nipype.workflow INFO:
	 [Node] Setting-up "fmriprep_24_0_wf.sub_35_wf.bold_task_bird_run_6_wf.ds_bold_native_wf.sources" in "/work_dir/fmriprep_24_0_wf/sub_35_wf/bold_task_bird_run_6_wf/ds_bold_native_wf/sources".
250329-10:07:23,372 nipype.workflow INFO:
	 [Node] Executing "sources" <fmriprep.interfaces.bids.BIDSURI>
250329-10:07:23,373 nipype.workflow INFO:
	 [Node] Finished "sources", elapsed time 0.000267s.
250329-10:07:23,400 nipype.workflow INFO:
	 [Node] Executing "sources" <fmriprep.interfaces.bids.BIDSURI>
250329-10:07:23,401 nipype.workflow INFO:
	 [Node] Finished "sources", elapsed time 0.000275s.
250329-10:07:23,416 nipype.workflow INFO:
	 [Node] Finished "validate_bold", elapsed time 0.079092s.
250329-10:07:23,751 nipype.workflow INFO:
	 [Node] Setting-up "fmriprep_24_0_wf.sub_35_wf.bold_task_bird_run_5_wf.bold_fit_wf.ds_hmc_wf.sources" in "/work_dir/fmriprep_24_0_wf/sub_35_wf/bold_task_bird_run_5_wf/bold_fit_wf/ds_hmc_wf/sources".
250329-10:07:23,786 nipype.workflow INFO:
	 [Node] Executing "sources" <fmriprep.interfaces.bids.BIDSURI>
250329-10:07:23,802 nipype.workflow INFO:
	 [Node] Finished "sources", elapsed time 0.000342s.
250329-10:07:23,855 nipype.workflow INFO:
	 [Node] Setting-up "fmriprep_24_0_wf.sub_35_wf.bold_task_bird_run_5_wf.bold_fit_wf.ds_boldmask_wf.sources" in "/work_dir/fmriprep_24_0_wf/sub_35_wf/bold_task_bird_run_5_wf/bold_fit_wf/ds_boldmask_wf/sources".
250329-10:07:23,873 nipype.workflow INFO:
	 [Node] Executing "sources" <fmriprep.interfaces.bids.BIDSURI>
250329-10:07:23,895 nipype.workflow INFO:
	 [Node] Finished "sources", elapsed time 0.000343s.
250329-10:07:23,904 nipype.workflow INFO:
	 [Node] Setting-up "fmriprep_24_0_wf.sub_35_wf.bold_task_bird_run_5_wf.bold_native_wf.validate_bold" in "/work_dir/fmriprep_24_0_wf/sub_35_wf/bold_task_bird_run_5_wf/bold_native_wf/validate_bold".
250329-10:07:23,907 nipype.workflow INFO:
	 [Node] Executing "validate_bold" <niworkflows.interfaces.header.ValidateImage>
250329-10:07:23,966 nipype.workflow INFO:
	 [Node] Setting-up "fmriprep_24_0_wf.sub_35_wf.bids_info" in "/work_dir/fmriprep_24_0_wf/sub_35_wf/bids_info".
250329-10:07:23,969 nipype.workflow INFO:
	 [Node] Executing "bids_info" <niworkflows.interfaces.bids.BIDSInfo>
250329-10:07:23,976 nipype.workflow INFO:
	 [Node] Finished "validate_bold", elapsed time 0.065434s.
250329-10:07:23,995 nipype.workflow INFO:
	 [Node] Finished "bids_info", elapsed time 0.024749s.
250329-10:07:24,62 nipype.workflow INFO:
	 [Node] Setting-up "fmriprep_24_0_wf.sub_35_wf.bold_task_bird_run_5_wf.bold_fit_wf.ds_hmc_boldref_wf.sources" in "/work_dir/fmriprep_24_0_wf/sub_35_wf/bold_task_bird_run_5_wf/bold_fit_wf/ds_hmc_boldref_wf/sources".
250329-10:07:24,76 nipype.workflow INFO:
	 [Node] Executing "sources" <fmriprep.interfaces.bids.BIDSURI>
250329-10:07:24,90 nipype.workflow INFO:
	 [Node] Finished "sources", elapsed time 0.000325s.
250329-10:07:24,98 nipype.workflow INFO:
	 [Node] Setting-up "fmriprep_24_0_wf.sub_35_wf.bold_task_bird_run_1_wf.bold_fit_wf.hmc_boldref_wf.gen_avg" in "/work_dir/fmriprep_24_0_wf/sub_35_wf/bold_task_bird_run_1_wf/bold_fit_wf/hmc_boldref_wf/gen_avg".
250329-10:07:24,117 nipype.workflow INFO:
	 [Node] Executing "gen_avg" <niworkflows.interfaces.images.RobustAverage>
250329-10:07:24,131 nipype.workflow INFO:
	 [Node] Setting-up "fmriprep_24_0_wf.sub_35_wf.bold_task_bird_run_3_wf.bold_fit_wf.ds_hmc_boldref_wf.sources" in "/work_dir/fmriprep_24_0_wf/sub_35_wf/bold_task_bird_run_3_wf/bold_fit_wf/ds_hmc_boldref_wf/sources".
250329-10:07:24,162 nipype.workflow INFO:
	 [Node] Setting-up "fmriprep_24_0_wf.sub_35_wf.bold_task_bird_run_6_wf.bold_fit_wf.ds_boldmask_wf.sources" in "/work_dir/fmriprep_24_0_wf/sub_35_wf/bold_task_bird_run_6_wf/bold_fit_wf/ds_boldmask_wf/sources".
250329-10:07:24,170 nipype.workflow INFO:
	 [Node] Executing "sources" <fmriprep.interfaces.bids.BIDSURI>
250329-10:07:24,177 nipype.workflow INFO:
	 [Node] Setting-up "fmriprep_24_0_wf.sub_35_wf.bold_task_bird_run_2_wf.bold_fit_wf.hmc_boldref_wf.gen_avg" in "/work_dir/fmriprep_24_0_wf/sub_35_wf/bold_task_bird_run_2_wf/bold_fit_wf/hmc_boldref_wf/gen_avg".
250329-10:07:24,182 nipype.workflow INFO:
	 [Node] Executing "sources" <fmriprep.interfaces.bids.BIDSURI>
250329-10:07:24,186 nipype.workflow INFO:
	 [Node] Finished "sources", elapsed time 0.000336s.
250329-10:07:24,194 nipype.workflow INFO:
	 [Node] Executing "gen_avg" <niworkflows.interfaces.images.RobustAverage>
250329-10:07:24,214 nipype.workflow INFO:
	 [Node] Finished "sources", elapsed time 0.000356s.
250329-10:07:24,260 nipype.workflow INFO:
	 [Node] Setting-up "fmriprep_24_0_wf.sub_35_wf.bold_task_bird_run_4_wf.bold_fit_wf.hmc_boldref_wf.gen_avg" in "/work_dir/fmriprep_24_0_wf/sub_35_wf/bold_task_bird_run_4_wf/bold_fit_wf/hmc_boldref_wf/gen_avg".
250329-10:07:24,278 nipype.workflow INFO:
	 [Node] Executing "gen_avg" <niworkflows.interfaces.images.RobustAverage>
250329-10:07:24,341 nipype.workflow INFO:
	 [Node] Finished "get_dummy", elapsed time 6.844743s.
250329-10:07:24,467 nipype.workflow INFO:
	 [Node] Setting-up "fmriprep_24_0_wf.sub_35_wf.bold_task_bird_run_6_wf.bold_fit_wf.ds_hmc_boldref_wf.sources" in "/work_dir/fmriprep_24_0_wf/sub_35_wf/bold_task_bird_run_6_wf/bold_fit_wf/ds_hmc_boldref_wf/sources".
250329-10:07:24,480 nipype.workflow INFO:
	 [Node] Executing "sources" <fmriprep.interfaces.bids.BIDSURI>
250329-10:07:24,510 nipype.workflow INFO:
	 [Node] Finished "sources", elapsed time 0.000362s.
250329-10:07:24,617 nipype.workflow INFO:
	 [Node] Setting-up "fmriprep_24_0_wf.sub_35_wf.bold_task_bird_run_6_wf.bold_fit_wf.ds_hmc_wf.sources" in "/work_dir/fmriprep_24_0_wf/sub_35_wf/bold_task_bird_run_6_wf/bold_fit_wf/ds_hmc_wf/sources".
250329-10:07:24,636 nipype.workflow INFO:
	 [Node] Executing "sources" <fmriprep.interfaces.bids.BIDSURI>
250329-10:07:24,659 nipype.workflow INFO:
	 [Node] Finished "sources", elapsed time 0.000344s.
250329-10:07:25,114 nipype.workflow INFO:
	 [Node] Setting-up "fmriprep_24_0_wf.sub_35_wf.bold_task_bird_run_6_wf.bold_native_wf.validate_bold" in "/work_dir/fmriprep_24_0_wf/sub_35_wf/bold_task_bird_run_6_wf/bold_native_wf/validate_bold".
250329-10:07:25,116 nipype.workflow INFO:
	 [Node] Executing "validate_bold" <niworkflows.interfaces.header.ValidateImage>
250329-10:07:25,133 nipype.workflow INFO:
	 [Node] Executing "anat_ref_dimensions" <niworkflows.interfaces.images.TemplateDimensions>
250329-10:07:25,248 nipype.workflow INFO:
	 [Node] Finished "anat_ref_dimensions", elapsed time 0.111093s.
250329-10:07:25,258 nipype.workflow INFO:
	 [Node] Finished "validate_bold", elapsed time 0.108996s.
250329-10:07:25,298 nipype.workflow INFO:
	 [Node] Finished "get_dummy", elapsed time 5.064062s.
250329-10:07:25,659 nipype.workflow INFO:
	 [Node] Finished "get_dummy", elapsed time 8.361215s.
250329-10:07:25,733 nipype.workflow INFO:
	 [Node] Setting-up "fmriprep_24_0_wf.sub_35_wf.bold_task_bird_run_3_wf.bold_fit_wf.hmc_boldref_wf.gen_avg" in "/work_dir/fmriprep_24_0_wf/sub_35_wf/bold_task_bird_run_3_wf/bold_fit_wf/hmc_boldref_wf/gen_avg".
250329-10:07:25,746 nipype.workflow INFO:
	 [Node] Executing "gen_avg" <niworkflows.interfaces.images.RobustAverage>
250329-10:07:25,953 nipype.workflow INFO:
	 [Node] Setting-up "fmriprep_24_0_wf.sub_35_wf.bold_task_bird_run_6_wf.bold_fit_wf.hmc_boldref_wf.gen_avg" in "/work_dir/fmriprep_24_0_wf/sub_35_wf/bold_task_bird_run_6_wf/bold_fit_wf/hmc_boldref_wf/gen_avg".
250329-10:07:25,966 nipype.workflow INFO:
	 [Node] Executing "gen_avg" <niworkflows.interfaces.images.RobustAverage>
250329-10:07:26,467 nipype.workflow INFO:
	 [Node] Setting-up "fmriprep_24_0_wf.sub_35_wf.anat_fit_wf.fs_isrunning" in "/work_dir/fmriprep_24_0_wf/sub_35_wf/anat_fit_wf/fs_isrunning".
250329-10:07:26,472 nipype.workflow INFO:
	 [Node] Setting-up "fmriprep_24_0_wf.sub_35_wf.anat_fit_wf.ds_t1w_mask_wf.raw_sources" in "/work_dir/fmriprep_24_0_wf/sub_35_wf/anat_fit_wf/ds_t1w_mask_wf/raw_sources".
250329-10:07:26,472 nipype.workflow INFO:
	 [Node] Setting-up "fmriprep_24_0_wf.sub_35_wf.anat_fit_wf.ds_ribbon_mask_wf.raw_sources" in "/work_dir/fmriprep_24_0_wf/sub_35_wf/anat_fit_wf/ds_ribbon_mask_wf/raw_sources".
250329-10:07:26,478 nipype.workflow INFO:
	 [Node] Executing "raw_sources" <nipype.interfaces.utility.wrappers.Function>
250329-10:07:26,479 nipype.workflow INFO:
	 [Node] Executing "raw_sources" <nipype.interfaces.utility.wrappers.Function>
250329-10:07:26,480 nipype.workflow INFO:
	 [Node] Finished "raw_sources", elapsed time 0.000516s.
250329-10:07:26,480 nipype.workflow INFO:
	 [Node] Finished "raw_sources", elapsed time 0.000488s.
250329-10:07:26,494 nipype.workflow INFO:
	 [Node] Executing "fs_isrunning" <nipype.interfaces.utility.wrappers.Function>
250329-10:07:26,496 nipype.workflow INFO:
	 [Node] Finished "fs_isrunning", elapsed time 0.000676s.
250329-10:07:26,509 nipype.workflow INFO:
	 [Node] Setting-up "_denoise0" in "/work_dir/fmriprep_24_0_wf/sub_35_wf/anat_fit_wf/anat_template_wf/denoise/mapflow/_denoise0".
250329-10:07:26,510 nipype.workflow INFO:
	 [Node] Executing "_denoise0" <nipype.interfaces.ants.segmentation.DenoiseImage>
250329-10:07:27,994 nipype.workflow INFO:
	 [Node] Setting-up "fmriprep_24_0_wf.sub_35_wf.bold_task_bird_run_5_wf.bold_fit_wf.hmc_boldref_wf.gen_avg" in "/work_dir/fmriprep_24_0_wf/sub_35_wf/bold_task_bird_run_5_wf/bold_fit_wf/hmc_boldref_wf/gen_avg".
250329-10:07:28,0 nipype.workflow INFO:
	 [Node] Executing "gen_avg" <niworkflows.interfaces.images.RobustAverage>
250329-10:07:28,147 nipype.interface INFO:
	 stderr 2025-03-29T10:07:28.147839:++ 3dvolreg: AFNI version=AFNI_24.1.14 (May 26 2024) [64-bit]
250329-10:07:28,148 nipype.interface INFO:
	 stderr 2025-03-29T10:07:28.147839:++ Authored by: RW Cox
250329-10:07:28,161 nipype.interface INFO:
	 stderr 2025-03-29T10:07:28.161189:** AFNI converts NIFTI_datatype=512 (UINT16) in file /work_dir/fmriprep_24_0_wf/sub_35_wf/bold_task_bird_run_1_wf/bold_fit_wf/hmc_boldref_wf/gen_avg/sub-35_task-bird_run-1_bold_sliced.nii.gz to FLOAT32
250329-10:07:28,161 nipype.interface INFO:
	 stderr 2025-03-29T10:07:28.161720:     Warnings of this type will be muted for this session.
250329-10:07:28,161 nipype.interface INFO:
	 stderr 2025-03-29T10:07:28.161720:     Set AFNI_NIFTI_TYPE_WARN to YES to see them all, NO to see none.
250329-10:07:28,171 nipype.interface INFO:
	 stderr 2025-03-29T10:07:28.171220:[7m*+ WARNING:[0m   If you are performing spatial transformations on an oblique dset,
250329-10:07:28,171 nipype.interface INFO:
	 stderr 2025-03-29T10:07:28.171220:  such as /work_dir/fmriprep_24_0_wf/sub_35_wf/bold_task_bird_run_1_wf/bold_fit_wf/hmc_boldref_wf/gen_avg/sub-35_task-bird_run-1_bold_sliced.nii.gz,
250329-10:07:28,171 nipype.interface INFO:
	 stderr 2025-03-29T10:07:28.171220:  or viewing/combining it with volumes of differing obliquity,
250329-10:07:28,171 nipype.interface INFO:
	 stderr 2025-03-29T10:07:28.171220:  you should consider running: 
250329-10:07:28,171 nipype.interface INFO:
	 stderr 2025-03-29T10:07:28.171220:     3dWarp -deoblique 
250329-10:07:28,171 nipype.interface INFO:
	 stderr 2025-03-29T10:07:28.171220:  on this and  other oblique datasets in the same session.
250329-10:07:28,171 nipype.interface INFO:
	 stderr 2025-03-29T10:07:28.171220: See 3dWarp -help for details.
250329-10:07:28,171 nipype.interface INFO:
	 stderr 2025-03-29T10:07:28.171220:++ Oblique dataset:/work_dir/fmriprep_24_0_wf/sub_35_wf/bold_task_bird_run_1_wf/bold_fit_wf/hmc_boldref_wf/gen_avg/sub-35_task-bird_run-1_bold_sliced.nii.gz is 10.309637 degrees from plumb.
250329-10:07:28,171 nipype.interface INFO:
	 stderr 2025-03-29T10:07:28.171786:++ Coarse del was 10, replaced with 6
250329-10:07:28,439 nipype.interface INFO:
	 stderr 2025-03-29T10:07:28.439695:++ 3dvolreg: AFNI version=AFNI_24.1.14 (May 26 2024) [64-bit]
250329-10:07:28,439 nipype.interface INFO:
	 stderr 2025-03-29T10:07:28.439961:++ Authored by: RW Cox
250329-10:07:28,443 nipype.interface INFO:
	 stderr 2025-03-29T10:07:28.443837:** AFNI converts NIFTI_datatype=512 (UINT16) in file /work_dir/fmriprep_24_0_wf/sub_35_wf/bold_task_bird_run_2_wf/bold_fit_wf/hmc_boldref_wf/gen_avg/sub-35_task-bird_run-2_bold_sliced.nii.gz to FLOAT32
250329-10:07:28,444 nipype.interface INFO:
	 stderr 2025-03-29T10:07:28.444664:     Warnings of this type will be muted for this session.
250329-10:07:28,444 nipype.interface INFO:
	 stderr 2025-03-29T10:07:28.444664:     Set AFNI_NIFTI_TYPE_WARN to YES to see them all, NO to see none.
250329-10:07:28,447 nipype.interface INFO:
	 stderr 2025-03-29T10:07:28.446985:[7m*+ WARNING:[0m   If you are performing spatial transformations on an oblique dset,
250329-10:07:28,447 nipype.interface INFO:
	 stderr 2025-03-29T10:07:28.446985:  such as /work_dir/fmriprep_24_0_wf/sub_35_wf/bold_task_bird_run_2_wf/bold_fit_wf/hmc_boldref_wf/gen_avg/sub-35_task-bird_run-2_bold_sliced.nii.gz,
250329-10:07:28,447 nipype.interface INFO:
	 stderr 2025-03-29T10:07:28.446985:  or viewing/combining it with volumes of differing obliquity,
250329-10:07:28,447 nipype.interface INFO:
	 stderr 2025-03-29T10:07:28.446985:  you should consider running: 
250329-10:07:28,447 nipype.interface INFO:
	 stderr 2025-03-29T10:07:28.446985:     3dWarp -deoblique 
250329-10:07:28,447 nipype.interface INFO:
	 stderr 2025-03-29T10:07:28.446985:  on this and  other oblique datasets in the same session.
250329-10:07:28,447 nipype.interface INFO:
	 stderr 2025-03-29T10:07:28.446985: See 3dWarp -help for details.
250329-10:07:28,447 nipype.interface INFO:
	 stderr 2025-03-29T10:07:28.446985:++ Oblique dataset:/work_dir/fmriprep_24_0_wf/sub_35_wf/bold_task_bird_run_2_wf/bold_fit_wf/hmc_boldref_wf/gen_avg/sub-35_task-bird_run-2_bold_sliced.nii.gz is 10.309637 degrees from plumb.
250329-10:07:28,447 nipype.interface INFO:
	 stderr 2025-03-29T10:07:28.446985:++ Coarse del was 10, replaced with 6
250329-10:07:28,820 nipype.interface INFO:
	 stderr 2025-03-29T10:07:28.820880:++ 3dvolreg: AFNI version=AFNI_24.1.14 (May 26 2024) [64-bit]
250329-10:07:28,821 nipype.interface INFO:
	 stderr 2025-03-29T10:07:28.820880:++ Authored by: RW Cox
250329-10:07:28,829 nipype.interface INFO:
	 stderr 2025-03-29T10:07:28.829220:** AFNI converts NIFTI_datatype=512 (UINT16) in file /work_dir/fmriprep_24_0_wf/sub_35_wf/bold_task_bird_run_4_wf/bold_fit_wf/hmc_boldref_wf/gen_avg/sub-35_task-bird_run-4_bold_sliced.nii.gz to FLOAT32
250329-10:07:28,829 nipype.interface INFO:
	 stderr 2025-03-29T10:07:28.829677:     Warnings of this type will be muted for this session.
250329-10:07:28,829 nipype.interface INFO:
	 stderr 2025-03-29T10:07:28.829677:     Set AFNI_NIFTI_TYPE_WARN to YES to see them all, NO to see none.
250329-10:07:28,831 nipype.interface INFO:
	 stderr 2025-03-29T10:07:28.831893:[7m*+ WARNING:[0m   If you are performing spatial transformations on an oblique dset,
250329-10:07:28,832 nipype.interface INFO:
	 stderr 2025-03-29T10:07:28.831893:  such as /work_dir/fmriprep_24_0_wf/sub_35_wf/bold_task_bird_run_4_wf/bold_fit_wf/hmc_boldref_wf/gen_avg/sub-35_task-bird_run-4_bold_sliced.nii.gz,
250329-10:07:28,832 nipype.interface INFO:
	 stderr 2025-03-29T10:07:28.831893:  or viewing/combining it with volumes of differing obliquity,
250329-10:07:28,832 nipype.interface INFO:
	 stderr 2025-03-29T10:07:28.831893:  you should consider running: 
250329-10:07:28,832 nipype.interface INFO:
	 stderr 2025-03-29T10:07:28.831893:     3dWarp -deoblique 
250329-10:07:28,832 nipype.interface INFO:
	 stderr 2025-03-29T10:07:28.831893:  on this and  other oblique datasets in the same session.
250329-10:07:28,832 nipype.interface INFO:
	 stderr 2025-03-29T10:07:28.831893: See 3dWarp -help for details.
250329-10:07:28,832 nipype.interface INFO:
	 stderr 2025-03-29T10:07:28.831893:++ Oblique dataset:/work_dir/fmriprep_24_0_wf/sub_35_wf/bold_task_bird_run_4_wf/bold_fit_wf/hmc_boldref_wf/gen_avg/sub-35_task-bird_run-4_bold_sliced.nii.gz is 10.309637 degrees from plumb.
250329-10:07:28,832 nipype.interface INFO:
	 stderr 2025-03-29T10:07:28.832417:++ Coarse del was 10, replaced with 6
250329-10:07:32,753 nipype.workflow INFO:
	 [Node] Setting-up "fmriprep_24_0_wf.sub_35_wf.bold_task_bird_run_4_wf.bold_native_wf.bold_stc_wf.slice_timing_correction" in "/work_dir/fmriprep_24_0_wf/sub_35_wf/bold_task_bird_run_4_wf/bold_native_wf/bold_stc_wf/slice_timing_correction".
250329-10:07:32,776 nipype.workflow INFO:
	 [Node] Executing "slice_timing_correction" <fmriprep.workflows.bold.stc.TShift>
250329-10:07:33,299 nipype.interface INFO:
	 stderr 2025-03-29T10:07:33.299516:++ 3dvolreg: AFNI version=AFNI_24.1.14 (May 26 2024) [64-bit]
250329-10:07:33,299 nipype.interface INFO:
	 stderr 2025-03-29T10:07:33.299777:++ Authored by: RW Cox
250329-10:07:33,317 nipype.interface INFO:
	 stderr 2025-03-29T10:07:33.317740:** AFNI converts NIFTI_datatype=512 (UINT16) in file /work_dir/fmriprep_24_0_wf/sub_35_wf/bold_task_bird_run_3_wf/bold_fit_wf/hmc_boldref_wf/gen_avg/sub-35_task-bird_run-3_bold_sliced.nii.gz to FLOAT32
250329-10:07:33,318 nipype.interface INFO:
	 stderr 2025-03-29T10:07:33.318641:     Warnings of this type will be muted for this session.
250329-10:07:33,318 nipype.interface INFO:
	 stderr 2025-03-29T10:07:33.318641:     Set AFNI_NIFTI_TYPE_WARN to YES to see them all, NO to see none.
250329-10:07:33,321 nipype.interface INFO:
	 stderr 2025-03-29T10:07:33.321331:[7m*+ WARNING:[0m   If you are performing spatial transformations on an oblique dset,
250329-10:07:33,321 nipype.interface INFO:
	 stderr 2025-03-29T10:07:33.321331:  such as /work_dir/fmriprep_24_0_wf/sub_35_wf/bold_task_bird_run_3_wf/bold_fit_wf/hmc_boldref_wf/gen_avg/sub-35_task-bird_run-3_bold_sliced.nii.gz,
250329-10:07:33,321 nipype.interface INFO:
	 stderr 2025-03-29T10:07:33.321331:  or viewing/combining it with volumes of differing obliquity,
250329-10:07:33,321 nipype.interface INFO:
	 stderr 2025-03-29T10:07:33.321331:  you should consider running: 
250329-10:07:33,321 nipype.interface INFO:
	 stderr 2025-03-29T10:07:33.321331:     3dWarp -deoblique 
250329-10:07:33,321 nipype.interface INFO:
	 stderr 2025-03-29T10:07:33.321331:  on this and  other oblique datasets in the same session.
250329-10:07:33,321 nipype.interface INFO:
	 stderr 2025-03-29T10:07:33.321331: See 3dWarp -help for details.
250329-10:07:33,321 nipype.interface INFO:
	 stderr 2025-03-29T10:07:33.321331:++ Oblique dataset:/work_dir/fmriprep_24_0_wf/sub_35_wf/bold_task_bird_run_3_wf/bold_fit_wf/hmc_boldref_wf/gen_avg/sub-35_task-bird_run-3_bold_sliced.nii.gz is 10.309637 degrees from plumb.
250329-10:07:33,321 nipype.interface INFO:
	 stderr 2025-03-29T10:07:33.321331:++ Coarse del was 10, replaced with 6
250329-10:07:34,73 nipype.interface INFO:
	 stderr 2025-03-29T10:07:34.073201:++ 3dvolreg: AFNI version=AFNI_24.1.14 (May 26 2024) [64-bit]
250329-10:07:34,73 nipype.interface INFO:
	 stderr 2025-03-29T10:07:34.073201:++ Authored by: RW Cox
250329-10:07:34,77 nipype.interface INFO:
	 stderr 2025-03-29T10:07:34.077420:** AFNI converts NIFTI_datatype=512 (UINT16) in file /work_dir/fmriprep_24_0_wf/sub_35_wf/bold_task_bird_run_6_wf/bold_fit_wf/hmc_boldref_wf/gen_avg/sub-35_task-bird_run-6_bold_sliced.nii.gz to FLOAT32
250329-10:07:34,77 nipype.interface INFO:
	 stderr 2025-03-29T10:07:34.077883:     Warnings of this type will be muted for this session.
250329-10:07:34,77 nipype.interface INFO:
	 stderr 2025-03-29T10:07:34.077883:     Set AFNI_NIFTI_TYPE_WARN to YES to see them all, NO to see none.
250329-10:07:34,88 nipype.interface INFO:
	 stderr 2025-03-29T10:07:34.088386:[7m*+ WARNING:[0m   If you are performing spatial transformations on an oblique dset,
250329-10:07:34,88 nipype.interface INFO:
	 stderr 2025-03-29T10:07:34.088386:  such as /work_dir/fmriprep_24_0_wf/sub_35_wf/bold_task_bird_run_6_wf/bold_fit_wf/hmc_boldref_wf/gen_avg/sub-35_task-bird_run-6_bold_sliced.nii.gz,
250329-10:07:34,88 nipype.interface INFO:
	 stderr 2025-03-29T10:07:34.088386:  or viewing/combining it with volumes of differing obliquity,
250329-10:07:34,88 nipype.interface INFO:
	 stderr 2025-03-29T10:07:34.088386:  you should consider running: 
250329-10:07:34,88 nipype.interface INFO:
	 stderr 2025-03-29T10:07:34.088386:     3dWarp -deoblique 
250329-10:07:34,88 nipype.interface INFO:
	 stderr 2025-03-29T10:07:34.088386:  on this and  other oblique datasets in the same session.
250329-10:07:34,88 nipype.interface INFO:
	 stderr 2025-03-29T10:07:34.088386: See 3dWarp -help for details.
250329-10:07:34,88 nipype.interface INFO:
	 stderr 2025-03-29T10:07:34.088386:++ Oblique dataset:/work_dir/fmriprep_24_0_wf/sub_35_wf/bold_task_bird_run_6_wf/bold_fit_wf/hmc_boldref_wf/gen_avg/sub-35_task-bird_run-6_bold_sliced.nii.gz is 10.309637 degrees from plumb.
250329-10:07:34,88 nipype.interface INFO:
	 stderr 2025-03-29T10:07:34.088976:++ Coarse del was 10, replaced with 6
250329-10:07:35,435 nipype.workflow INFO:
	 [Node] Setting-up "fmriprep_24_0_wf.sub_35_wf.bold_task_bird_run_3_wf.bold_native_wf.bold_stc_wf.slice_timing_correction" in "/work_dir/fmriprep_24_0_wf/sub_35_wf/bold_task_bird_run_3_wf/bold_native_wf/bold_stc_wf/slice_timing_correction".
250329-10:07:35,470 nipype.workflow INFO:
	 [Node] Executing "slice_timing_correction" <fmriprep.workflows.bold.stc.TShift>
250329-10:07:35,471 nipype.workflow INFO:
	 [Node] Setting-up "fmriprep_24_0_wf.sub_35_wf.bold_task_bird_run_6_wf.bold_native_wf.bold_stc_wf.slice_timing_correction" in "/work_dir/fmriprep_24_0_wf/sub_35_wf/bold_task_bird_run_6_wf/bold_native_wf/bold_stc_wf/slice_timing_correction".
250329-10:07:35,495 nipype.workflow INFO:
	 [Node] Executing "slice_timing_correction" <fmriprep.workflows.bold.stc.TShift>
250329-10:07:35,531 nipype.workflow INFO:
	 [Node] Setting-up "fmriprep_24_0_wf.sub_35_wf.bold_task_bird_run_2_wf.bold_native_wf.bold_stc_wf.slice_timing_correction" in "/work_dir/fmriprep_24_0_wf/sub_35_wf/bold_task_bird_run_2_wf/bold_native_wf/bold_stc_wf/slice_timing_correction".
250329-10:07:35,572 nipype.workflow INFO:
	 [Node] Executing "slice_timing_correction" <fmriprep.workflows.bold.stc.TShift>
250329-10:07:36,878 nipype.workflow INFO:
	 [Node] Setting-up "fmriprep_24_0_wf.sub_35_wf.bold_task_bird_run_1_wf.bold_native_wf.bold_stc_wf.slice_timing_correction" in "/work_dir/fmriprep_24_0_wf/sub_35_wf/bold_task_bird_run_1_wf/bold_native_wf/bold_stc_wf/slice_timing_correction".
250329-10:07:36,901 nipype.workflow INFO:
	 [Node] Executing "slice_timing_correction" <fmriprep.workflows.bold.stc.TShift>
250329-10:07:37,122 nipype.workflow INFO:
	 [Node] Finished "lap_tmpl", elapsed time 24.595492s.
250329-10:07:37,543 nipype.workflow INFO:
	 [Node] Setting-up "fmriprep_24_0_wf.sub_35_wf.bold_task_bird_run_5_wf.bold_native_wf.bold_stc_wf.slice_timing_correction" in "/work_dir/fmriprep_24_0_wf/sub_35_wf/bold_task_bird_run_5_wf/bold_native_wf/bold_stc_wf/slice_timing_correction".
250329-10:07:37,564 nipype.workflow INFO:
	 [Node] Executing "slice_timing_correction" <fmriprep.workflows.bold.stc.TShift>
250329-10:07:38,24 nipype.interface INFO:
	 stderr 2025-03-29T10:07:38.024822:++ 3dvolreg: AFNI version=AFNI_24.1.14 (May 26 2024) [64-bit]
250329-10:07:38,25 nipype.interface INFO:
	 stderr 2025-03-29T10:07:38.024822:++ Authored by: RW Cox
250329-10:07:38,39 nipype.interface INFO:
	 stderr 2025-03-29T10:07:38.039541:** AFNI converts NIFTI_datatype=512 (UINT16) in file /work_dir/fmriprep_24_0_wf/sub_35_wf/bold_task_bird_run_5_wf/bold_fit_wf/hmc_boldref_wf/gen_avg/sub-35_task-bird_run-5_bold_sliced.nii.gz to FLOAT32
250329-10:07:38,40 nipype.interface INFO:
	 stderr 2025-03-29T10:07:38.040245:     Warnings of this type will be muted for this session.
250329-10:07:38,40 nipype.interface INFO:
	 stderr 2025-03-29T10:07:38.040245:     Set AFNI_NIFTI_TYPE_WARN to YES to see them all, NO to see none.
250329-10:07:38,56 nipype.interface INFO:
	 stderr 2025-03-29T10:07:38.056054:[7m*+ WARNING:[0m   If you are performing spatial transformations on an oblique dset,
250329-10:07:38,56 nipype.interface INFO:
	 stderr 2025-03-29T10:07:38.056054:  such as /work_dir/fmriprep_24_0_wf/sub_35_wf/bold_task_bird_run_5_wf/bold_fit_wf/hmc_boldref_wf/gen_avg/sub-35_task-bird_run-5_bold_sliced.nii.gz,
250329-10:07:38,56 nipype.interface INFO:
	 stderr 2025-03-29T10:07:38.056054:  or viewing/combining it with volumes of differing obliquity,
250329-10:07:38,56 nipype.interface INFO:
	 stderr 2025-03-29T10:07:38.056054:  you should consider running: 
250329-10:07:38,56 nipype.interface INFO:
	 stderr 2025-03-29T10:07:38.056054:     3dWarp -deoblique 
250329-10:07:38,56 nipype.interface INFO:
	 stderr 2025-03-29T10:07:38.056054:  on this and  other oblique datasets in the same session.
250329-10:07:38,56 nipype.interface INFO:
	 stderr 2025-03-29T10:07:38.056054: See 3dWarp -help for details.
250329-10:07:38,56 nipype.interface INFO:
	 stderr 2025-03-29T10:07:38.056054:++ Oblique dataset:/work_dir/fmriprep_24_0_wf/sub_35_wf/bold_task_bird_run_5_wf/bold_fit_wf/hmc_boldref_wf/gen_avg/sub-35_task-bird_run-5_bold_sliced.nii.gz is 10.309637 degrees from plumb.
250329-10:07:38,56 nipype.interface INFO:
	 stderr 2025-03-29T10:07:38.056054:++ Coarse del was 10, replaced with 6
250329-10:07:38,550 nipype.workflow INFO:
	 [Node] Setting-up "fmriprep_24_0_wf.sub_35_wf.anat_fit_wf.brain_extraction_wf.mrg_tmpl" in "/work_dir/fmriprep_24_0_wf/sub_35_wf/anat_fit_wf/brain_extraction_wf/mrg_tmpl".
250329-10:07:38,648 nipype.workflow INFO:
	 [Node] Executing "mrg_tmpl" <nipype.interfaces.utility.base.Merge>
250329-10:07:38,649 nipype.workflow INFO:
	 [Node] Finished "mrg_tmpl", elapsed time 0.000215s.
250329-10:09:43,504 nipype.workflow INFO:
	 [Node] Finished "slice_timing_correction", elapsed time 130.727791s.
250329-10:09:44,350 nipype.workflow INFO:
	 [Node] Setting-up "fmriprep_24_0_wf.sub_35_wf.bold_task_bird_run_4_wf.bold_native_wf.bold_stc_wf.copy_xform" in "/work_dir/fmriprep_24_0_wf/sub_35_wf/bold_task_bird_run_4_wf/bold_native_wf/bold_stc_wf/copy_xform".
250329-10:09:47,12 nipype.workflow INFO:
	 [Node] Finished "slice_timing_correction", elapsed time 131.541003s.
250329-10:09:47,572 nipype.workflow INFO:
	 [Node] Executing "copy_xform" <niworkflows.interfaces.header.CopyXForm>
250329-10:09:48,167 nipype.workflow INFO:
	 [Node] Setting-up "fmriprep_24_0_wf.sub_35_wf.bold_task_bird_run_3_wf.bold_native_wf.bold_stc_wf.copy_xform" in "/work_dir/fmriprep_24_0_wf/sub_35_wf/bold_task_bird_run_3_wf/bold_native_wf/bold_stc_wf/copy_xform".
250329-10:09:48,201 nipype.workflow INFO:
	 [Node] Finished "slice_timing_correction", elapsed time 130.636238s.
250329-10:09:49,291 nipype.workflow INFO:
	 [Node] Finished "slice_timing_correction", elapsed time 133.794634s.
250329-10:09:50,143 nipype.workflow INFO:
	 [Node] Finished "slice_timing_correction", elapsed time 134.569611s.
250329-10:09:50,232 nipype.workflow INFO:
	 [Node] Setting-up "fmriprep_24_0_wf.sub_35_wf.bold_task_bird_run_5_wf.bold_native_wf.bold_stc_wf.copy_xform" in "/work_dir/fmriprep_24_0_wf/sub_35_wf/bold_task_bird_run_5_wf/bold_native_wf/bold_stc_wf/copy_xform".
250329-10:09:50,234 nipype.workflow INFO:
	 [Node] Setting-up "fmriprep_24_0_wf.sub_35_wf.bold_task_bird_run_6_wf.bold_native_wf.bold_stc_wf.copy_xform" in "/work_dir/fmriprep_24_0_wf/sub_35_wf/bold_task_bird_run_6_wf/bold_native_wf/bold_stc_wf/copy_xform".
250329-10:09:52,440 nipype.workflow INFO:
	 [Node] Setting-up "fmriprep_24_0_wf.sub_35_wf.bold_task_bird_run_2_wf.bold_native_wf.bold_stc_wf.copy_xform" in "/work_dir/fmriprep_24_0_wf/sub_35_wf/bold_task_bird_run_2_wf/bold_native_wf/bold_stc_wf/copy_xform".
250329-10:09:52,514 nipype.workflow INFO:
	 [Node] Finished "slice_timing_correction", elapsed time 135.612387s.
250329-10:09:53,52 nipype.workflow INFO:
	 [Node] Executing "copy_xform" <niworkflows.interfaces.header.CopyXForm>
250329-10:09:53,843 nipype.workflow INFO:
	 [Node] Finished "_denoise0", elapsed time 147.121028s.
250329-10:09:54,379 nipype.workflow INFO:
	 [Node] Setting-up "fmriprep_24_0_wf.sub_35_wf.bold_task_bird_run_1_wf.bold_native_wf.bold_stc_wf.copy_xform" in "/work_dir/fmriprep_24_0_wf/sub_35_wf/bold_task_bird_run_1_wf/bold_native_wf/bold_stc_wf/copy_xform".
250329-10:09:54,845 nipype.workflow INFO:
	 [Node] Executing "copy_xform" <niworkflows.interfaces.header.CopyXForm>
250329-10:09:56,295 nipype.workflow INFO:
	 [Node] Setting-up "_anat_conform0" in "/work_dir/fmriprep_24_0_wf/sub_35_wf/anat_fit_wf/anat_template_wf/anat_conform/mapflow/_anat_conform0".
250329-10:09:56,297 nipype.workflow INFO:
	 [Node] Executing "_anat_conform0" <niworkflows.interfaces.images.Conform>
250329-10:09:56,442 nipype.workflow INFO:
	 [Node] Finished "_anat_conform0", elapsed time 0.144979s.
250329-10:09:57,26 nipype.workflow INFO:
	 [Node] Executing "copy_xform" <niworkflows.interfaces.header.CopyXForm>
250329-10:09:57,709 nipype.workflow INFO:
	 [Node] Executing "copy_xform" <niworkflows.interfaces.header.CopyXForm>
250329-10:09:58,31 nipype.workflow INFO:
	 [Node] Executing "copy_xform" <niworkflows.interfaces.header.CopyXForm>
250329-10:09:58,290 nipype.workflow INFO:
	 [Node] Setting-up "fmriprep_24_0_wf.sub_35_wf.anat_fit_wf.anat_template_wf.get1st" in "/work_dir/fmriprep_24_0_wf/sub_35_wf/anat_fit_wf/anat_template_wf/get1st".
250329-10:09:58,296 nipype.workflow INFO:
	 [Node] Executing "get1st" <nipype.interfaces.utility.base.Select>
250329-10:09:58,298 nipype.workflow INFO:
	 [Node] Finished "get1st", elapsed time 0.000302s.
250329-10:10:00,749 nipype.interface INFO:
	 stderr 2025-03-29T10:10:00.749104:++ Max displacement in automask = 0.14 (mm) at sub-brick 5
250329-10:10:00,749 nipype.interface INFO:
	 stderr 2025-03-29T10:10:00.749438:++ Max delta displ  in automask = 0.11 (mm) at sub-brick 13
250329-10:10:02,311 nipype.workflow INFO:
	 [Node] Setting-up "fmriprep_24_0_wf.sub_35_wf.anat_fit_wf.surface_recon_wf.fov_check" in "/work_dir/fmriprep_24_0_wf/sub_35_wf/anat_fit_wf/surface_recon_wf/fov_check".
250329-10:10:02,313 nipype.workflow INFO:
	 [Node] Executing "fov_check" <nipype.interfaces.utility.wrappers.Function>
250329-10:10:02,373 nipype.workflow INFO:
	 [Node] Setting-up "_truncate_images0" in "/work_dir/fmriprep_24_0_wf/sub_35_wf/anat_fit_wf/brain_extraction_wf/truncate_images/mapflow/_truncate_images0".
250329-10:10:02,374 nipype.workflow INFO:
	 [Node] Executing "_truncate_images0" <nipype.interfaces.ants.utils.ImageMath>
250329-10:10:03,156 nipype.workflow INFO:
	 [Node] Finished "fov_check", elapsed time 0.841648s.
250329-10:10:04,646 nipype.workflow INFO:
	 [Node] Setting-up "fmriprep_24_0_wf.sub_35_wf.anat_fit_wf.surface_recon_wf.recon_config" in "/work_dir/fmriprep_24_0_wf/sub_35_wf/anat_fit_wf/surface_recon_wf/recon_config".
250329-10:10:04,667 nipype.workflow INFO:
	 [Node] Executing "recon_config" <niworkflows.interfaces.freesurfer.FSDetectInputs>
250329-10:10:04,765 nipype.workflow INFO:
	 [Node] Finished "recon_config", elapsed time 0.097191s.
250329-10:10:05,685 nipype.interface INFO:
	 stderr 2025-03-29T10:10:05.684987:++ Max displacement in automask = 0.09 (mm) at sub-brick 7
250329-10:10:05,685 nipype.interface INFO:
	 stderr 2025-03-29T10:10:05.685289:++ Max delta displ  in automask = 0.12 (mm) at sub-brick 4
250329-10:10:05,902 nipype.interface INFO:
	 stderr 2025-03-29T10:10:05.902833:++ Max displacement in automask = 0.20 (mm) at sub-brick 17
250329-10:10:05,903 nipype.interface INFO:
	 stderr 2025-03-29T10:10:05.903144:++ Max delta displ  in automask = 0.09 (mm) at sub-brick 7
250329-10:10:07,306 nipype.workflow INFO:
	 [Node] Finished "gen_avg", elapsed time 159.294448s.
250329-10:10:07,813 nipype.interface INFO:
	 stderr 2025-03-29T10:10:07.813147:++ Max displacement in automask = 0.10 (mm) at sub-brick 5
250329-10:10:07,813 nipype.interface INFO:
	 stderr 2025-03-29T10:10:07.813147:++ Max delta displ  in automask = 0.08 (mm) at sub-brick 6
250329-10:10:07,949 nipype.workflow INFO:
	 [Node] Setting-up "fmriprep_24_0_wf.sub_35_wf.anat_fit_wf.surface_recon_wf.autorecon1" in "/work_dir/fmriprep_24_0_wf/sub_35_wf/anat_fit_wf/surface_recon_wf/autorecon1".
250329-10:10:07,978 nipype.workflow INFO:
	 [Node] Executing "autorecon1" <smriprep.interfaces.freesurfer.ReconAll>
250329-10:10:08,427 nipype.workflow INFO:
	 [Node] Setting-up "fmriprep_24_0_wf.sub_35_wf.bold_task_bird_run_5_wf.bold_fit_wf.fmapref_buffer" in "/work_dir/fmriprep_24_0_wf/sub_35_wf/bold_task_bird_run_5_wf/bold_fit_wf/fmapref_buffer".
250329-10:10:08,434 nipype.workflow INFO:
	 [Node] Executing "fmapref_buffer" <nipype.interfaces.utility.wrappers.Function>
250329-10:10:08,441 nipype.workflow INFO:
	 [Node] Finished "fmapref_buffer", elapsed time 0.006713s.
250329-10:10:08,532 nipype.interface WARNING:
	 Changing /output/sub-35/func/sub-35_task-bird_run-5_desc-hmc_boldref.nii.gz dtype from uint16 to float32
250329-10:10:09,274 nipype.workflow INFO:
	 [Node] Setting-up "fmriprep_24_0_wf.sub_35_wf.bold_task_bird_run_5_wf.bold_fit_wf.bold_hmc_wf.mcflirt" in "/work_dir/fmriprep_24_0_wf/sub_35_wf/bold_task_bird_run_5_wf/bold_fit_wf/bold_hmc_wf/mcflirt".
250329-10:10:09,281 nipype.workflow INFO:
	 [Node] Executing "mcflirt" <nipype.interfaces.fsl.preprocess.MCFLIRT>
250329-10:10:09,970 nipype.interface INFO:
	 stderr 2025-03-29T10:10:09.970615:++ Max displacement in automask = 0.12 (mm) at sub-brick 2
250329-10:10:09,971 nipype.interface INFO:
	 stderr 2025-03-29T10:10:09.971250:++ Max delta displ  in automask = 0.11 (mm) at sub-brick 1
250329-10:10:10,271 nipype.workflow INFO:
	 [Node] Setting-up "fmriprep_24_0_wf.sub_35_wf.bold_task_bird_run_5_wf.bold_fit_wf.ds_coreg_boldref_wf.sources" in "/work_dir/fmriprep_24_0_wf/sub_35_wf/bold_task_bird_run_5_wf/bold_fit_wf/ds_coreg_boldref_wf/sources".
250329-10:10:10,290 nipype.workflow INFO:
	 [Node] Setting-up "fmriprep_24_0_wf.sub_35_wf.bold_task_bird_run_5_wf.bold_fit_wf.enhance_and_skullstrip_bold_wf.init_aff" in "/work_dir/fmriprep_24_0_wf/sub_35_wf/bold_task_bird_run_5_wf/bold_fit_wf/enhance_and_skullstrip_bold_wf/init_aff".
250329-10:10:10,293 nipype.workflow INFO:
	 [Node] Executing "init_aff" <nipype.interfaces.ants.utils.AI>
250329-10:10:10,304 nipype.workflow INFO:
	 [Node] Executing "sources" <fmriprep.interfaces.bids.BIDSURI>
250329-10:10:10,305 nipype.workflow INFO:
	 [Node] Finished "sources", elapsed time 0.00023s.
250329-10:10:13,647 nipype.workflow INFO:
	 [Node] Finished "gen_avg", elapsed time 169.452659s.
250329-10:10:13,868 nipype.workflow INFO:
	 [Node] Finished "_truncate_images0", elapsed time 10.750775s.
250329-10:10:14,295 nipype.workflow INFO:
	 [Node] Setting-up "fmriprep_24_0_wf.sub_35_wf.bold_task_bird_run_2_wf.bold_fit_wf.fmapref_buffer" in "/work_dir/fmriprep_24_0_wf/sub_35_wf/bold_task_bird_run_2_wf/bold_fit_wf/fmapref_buffer".
250329-10:10:14,297 nipype.workflow INFO:
	 [Node] Executing "fmapref_buffer" <nipype.interfaces.utility.wrappers.Function>
250329-10:10:14,299 nipype.workflow INFO:
	 [Node] Finished "fmapref_buffer", elapsed time 0.001187s.
250329-10:10:14,401 nipype.interface WARNING:
	 Changing /output/sub-35/func/sub-35_task-bird_run-2_desc-hmc_boldref.nii.gz dtype from uint16 to float32
250329-10:10:14,695 nipype.workflow INFO:
	 [Node] Finished "gen_avg", elapsed time 170.41575s.
250329-10:10:15,371 nipype.workflow INFO:
	 [Node] Setting-up "fmriprep_24_0_wf.sub_35_wf.bold_task_bird_run_2_wf.bold_fit_wf.bold_hmc_wf.mcflirt" in "/work_dir/fmriprep_24_0_wf/sub_35_wf/bold_task_bird_run_2_wf/bold_fit_wf/bold_hmc_wf/mcflirt".
250329-10:10:15,405 nipype.workflow INFO:
	 [Node] Executing "mcflirt" <nipype.interfaces.fsl.preprocess.MCFLIRT>
250329-10:10:15,709 nipype.workflow INFO:
	 [Node] Finished "gen_avg", elapsed time 169.962453s.
250329-10:10:16,592 nipype.workflow INFO:
	 [Node] Setting-up "fmriprep_24_0_wf.sub_35_wf.bold_task_bird_run_3_wf.bold_fit_wf.fmapref_buffer" in "/work_dir/fmriprep_24_0_wf/sub_35_wf/bold_task_bird_run_3_wf/bold_fit_wf/fmapref_buffer".
250329-10:10:16,598 nipype.workflow INFO:
	 [Node] Executing "fmapref_buffer" <nipype.interfaces.utility.wrappers.Function>
250329-10:10:16,600 nipype.workflow INFO:
	 [Node] Finished "fmapref_buffer", elapsed time 0.000716s.
250329-10:10:16,746 nipype.interface WARNING:
	 Changing /output/sub-35/func/sub-35_task-bird_run-3_desc-hmc_boldref.nii.gz dtype from uint16 to float32
250329-10:10:16,767 nipype.interface INFO:
	 stderr 2025-03-29T10:10:16.767743:++ Max displacement in automask = 0.10 (mm) at sub-brick 6
250329-10:10:16,778 nipype.interface INFO:
	 stderr 2025-03-29T10:10:16.778199:++ Max delta displ  in automask = 0.12 (mm) at sub-brick 7
250329-10:10:17,577 nipype.workflow INFO:
	 [Node] Setting-up "fmriprep_24_0_wf.sub_35_wf.bold_task_bird_run_3_wf.bold_fit_wf.bold_hmc_wf.mcflirt" in "/work_dir/fmriprep_24_0_wf/sub_35_wf/bold_task_bird_run_3_wf/bold_fit_wf/bold_hmc_wf/mcflirt".
250329-10:10:17,584 nipype.workflow INFO:
	 [Node] Executing "mcflirt" <nipype.interfaces.fsl.preprocess.MCFLIRT>
250329-10:10:17,587 nipype.workflow INFO:
	 [Node] Setting-up "fmriprep_24_0_wf.sub_35_wf.bold_task_bird_run_4_wf.bold_fit_wf.fmapref_buffer" in "/work_dir/fmriprep_24_0_wf/sub_35_wf/bold_task_bird_run_4_wf/bold_fit_wf/fmapref_buffer".
250329-10:10:17,593 nipype.workflow INFO:
	 [Node] Executing "fmapref_buffer" <nipype.interfaces.utility.wrappers.Function>
250329-10:10:17,595 nipype.workflow INFO:
	 [Node] Finished "fmapref_buffer", elapsed time 0.000691s.
250329-10:10:17,647 nipype.interface WARNING:
	 Changing /output/sub-35/func/sub-35_task-bird_run-4_desc-hmc_boldref.nii.gz dtype from uint16 to float32
250329-10:10:17,763 nipype.workflow INFO:
	 [Node] Finished "gen_avg", elapsed time 173.629682s.
250329-10:10:18,231 nipype.workflow INFO:
	 [Node] Setting-up "fmriprep_24_0_wf.sub_35_wf.bold_task_bird_run_4_wf.bold_fit_wf.bold_hmc_wf.mcflirt" in "/work_dir/fmriprep_24_0_wf/sub_35_wf/bold_task_bird_run_4_wf/bold_fit_wf/bold_hmc_wf/mcflirt".
250329-10:10:18,238 nipype.workflow INFO:
	 [Node] Executing "mcflirt" <nipype.interfaces.fsl.preprocess.MCFLIRT>
250329-10:10:18,242 nipype.workflow INFO:
	 [Node] Setting-up "fmriprep_24_0_wf.sub_35_wf.bold_task_bird_run_2_wf.bold_fit_wf.ds_coreg_boldref_wf.sources" in "/work_dir/fmriprep_24_0_wf/sub_35_wf/bold_task_bird_run_2_wf/bold_fit_wf/ds_coreg_boldref_wf/sources".
250329-10:10:18,272 nipype.workflow INFO:
	 [Node] Executing "sources" <fmriprep.interfaces.bids.BIDSURI>
250329-10:10:18,273 nipype.workflow INFO:
	 [Node] Finished "sources", elapsed time 0.000246s.
250329-10:10:18,804 nipype.workflow INFO:
	 [Node] Setting-up "fmriprep_24_0_wf.sub_35_wf.bold_task_bird_run_1_wf.bold_fit_wf.fmapref_buffer" in "/work_dir/fmriprep_24_0_wf/sub_35_wf/bold_task_bird_run_1_wf/bold_fit_wf/fmapref_buffer".
250329-10:10:18,810 nipype.workflow INFO:
	 [Node] Executing "fmapref_buffer" <nipype.interfaces.utility.wrappers.Function>
250329-10:10:18,812 nipype.workflow INFO:
	 [Node] Finished "fmapref_buffer", elapsed time 0.000749s.
250329-10:10:18,987 nipype.interface WARNING:
	 Changing /output/sub-35/func/sub-35_task-bird_run-1_desc-hmc_boldref.nii.gz dtype from uint16 to float32
250329-10:10:20,326 nipype.workflow INFO:
	 [Node] Setting-up "fmriprep_24_0_wf.sub_35_wf.bold_task_bird_run_1_wf.bold_fit_wf.bold_hmc_wf.mcflirt" in "/work_dir/fmriprep_24_0_wf/sub_35_wf/bold_task_bird_run_1_wf/bold_fit_wf/bold_hmc_wf/mcflirt".
250329-10:10:20,327 nipype.workflow INFO:
	 [Node] Setting-up "fmriprep_24_0_wf.sub_35_wf.bold_task_bird_run_4_wf.bold_fit_wf.ds_coreg_boldref_wf.sources" in "/work_dir/fmriprep_24_0_wf/sub_35_wf/bold_task_bird_run_4_wf/bold_fit_wf/ds_coreg_boldref_wf/sources".
250329-10:10:20,336 nipype.workflow INFO:
	 [Node] Executing "mcflirt" <nipype.interfaces.fsl.preprocess.MCFLIRT>
250329-10:10:20,346 nipype.workflow INFO:
	 [Node] Executing "sources" <fmriprep.interfaces.bids.BIDSURI>
250329-10:10:20,347 nipype.workflow INFO:
	 [Node] Finished "sources", elapsed time 0.000242s.
250329-10:10:25,991 nipype.workflow INFO:
	 [Node] Setting-up "fmriprep_24_0_wf.sub_35_wf.bold_task_bird_run_3_wf.bold_fit_wf.ds_coreg_boldref_wf.sources" in "/work_dir/fmriprep_24_0_wf/sub_35_wf/bold_task_bird_run_3_wf/bold_fit_wf/ds_coreg_boldref_wf/sources".
250329-10:10:26,22 nipype.workflow INFO:
	 [Node] Executing "sources" <fmriprep.interfaces.bids.BIDSURI>
250329-10:10:26,23 nipype.workflow INFO:
	 [Node] Finished "sources", elapsed time 0.000234s.
250329-10:10:26,929 nipype.workflow INFO:
	 [Node] Finished "gen_avg", elapsed time 180.962734s.
250329-10:10:26,934 nipype.workflow INFO:
	 [Node] Setting-up "fmriprep_24_0_wf.sub_35_wf.bold_task_bird_run_1_wf.bold_fit_wf.ds_coreg_boldref_wf.sources" in "/work_dir/fmriprep_24_0_wf/sub_35_wf/bold_task_bird_run_1_wf/bold_fit_wf/ds_coreg_boldref_wf/sources".
250329-10:10:26,966 nipype.workflow INFO:
	 [Node] Executing "sources" <fmriprep.interfaces.bids.BIDSURI>
250329-10:10:26,967 nipype.workflow INFO:
	 [Node] Finished "sources", elapsed time 0.000241s.
250329-10:10:28,961 nipype.workflow INFO:
	 [Node] Setting-up "fmriprep_24_0_wf.sub_35_wf.bold_task_bird_run_6_wf.bold_fit_wf.fmapref_buffer" in "/work_dir/fmriprep_24_0_wf/sub_35_wf/bold_task_bird_run_6_wf/bold_fit_wf/fmapref_buffer".
250329-10:10:28,968 nipype.workflow INFO:
	 [Node] Executing "fmapref_buffer" <nipype.interfaces.utility.wrappers.Function>
250329-10:10:28,970 nipype.workflow INFO:
	 [Node] Finished "fmapref_buffer", elapsed time 0.00078s.
250329-10:10:29,58 nipype.interface WARNING:
	 Changing /output/sub-35/func/sub-35_task-bird_run-6_desc-hmc_boldref.nii.gz dtype from uint16 to float32
250329-10:10:29,697 nipype.workflow INFO:
	 [Node] Setting-up "fmriprep_24_0_wf.sub_35_wf.bold_task_bird_run_6_wf.bold_fit_wf.bold_hmc_wf.mcflirt" in "/work_dir/fmriprep_24_0_wf/sub_35_wf/bold_task_bird_run_6_wf/bold_fit_wf/bold_hmc_wf/mcflirt".
250329-10:10:29,705 nipype.workflow INFO:
	 [Node] Executing "mcflirt" <nipype.interfaces.fsl.preprocess.MCFLIRT>
250329-10:10:35,231 nipype.workflow INFO:
	 [Node] Setting-up "fmriprep_24_0_wf.sub_35_wf.bold_task_bird_run_6_wf.bold_fit_wf.ds_coreg_boldref_wf.sources" in "/work_dir/fmriprep_24_0_wf/sub_35_wf/bold_task_bird_run_6_wf/bold_fit_wf/ds_coreg_boldref_wf/sources".
250329-10:10:35,272 nipype.workflow INFO:
	 [Node] Executing "sources" <fmriprep.interfaces.bids.BIDSURI>
250329-10:10:35,273 nipype.workflow INFO:
	 [Node] Finished "sources", elapsed time 0.000241s.
250329-10:11:03,893 nipype.workflow INFO:
	 [Node] Finished "copy_xform", elapsed time 69.046873s.
250329-10:11:05,509 nipype.workflow INFO:
	 [Node] Finished "copy_xform", elapsed time 72.455525s.
250329-10:11:05,913 nipype.workflow INFO:
	 [Node] Finished "copy_xform", elapsed time 78.339705s.
250329-10:11:06,669 nipype.workflow INFO:
	 [Node] Finished "copy_xform", elapsed time 69.642144s.
250329-10:11:07,568 nipype.workflow INFO:
	 [Node] Finished "copy_xform", elapsed time 69.536234s.
250329-10:11:07,745 nipype.workflow INFO:
	 [Node] Finished "copy_xform", elapsed time 70.034416s.
250329-10:11:08,713 nipype.workflow INFO:
	 [Node] Setting-up "fmriprep_24_0_wf.sub_35_wf.bold_task_bird_run_1_wf.bold_fit_wf.enhance_and_skullstrip_bold_wf.init_aff" in "/work_dir/fmriprep_24_0_wf/sub_35_wf/bold_task_bird_run_1_wf/bold_fit_wf/enhance_and_skullstrip_bold_wf/init_aff".
250329-10:11:08,717 nipype.workflow INFO:
	 [Node] Executing "init_aff" <nipype.interfaces.ants.utils.AI>
250329-10:12:10,597 nipype.workflow INFO:
	 [Node] Finished "init_aff", elapsed time 119.621496s.
250329-10:12:12,653 nipype.workflow INFO:
	 [Node] Setting-up "fmriprep_24_0_wf.sub_35_wf.bold_task_bird_run_2_wf.bold_fit_wf.enhance_and_skullstrip_bold_wf.init_aff" in "/work_dir/fmriprep_24_0_wf/sub_35_wf/bold_task_bird_run_2_wf/bold_fit_wf/enhance_and_skullstrip_bold_wf/init_aff".
250329-10:12:12,657 nipype.workflow INFO:
	 [Node] Executing "init_aff" <nipype.interfaces.ants.utils.AI>
250329-10:13:18,111 nipype.workflow INFO:
	 [Node] Finished "init_aff", elapsed time 128.602265s.
250329-10:13:18,771 nipype.workflow INFO:
	 [Node] Setting-up "fmriprep_24_0_wf.sub_35_wf.bold_task_bird_run_3_wf.bold_fit_wf.enhance_and_skullstrip_bold_wf.init_aff" in "/work_dir/fmriprep_24_0_wf/sub_35_wf/bold_task_bird_run_3_wf/bold_fit_wf/enhance_and_skullstrip_bold_wf/init_aff".
250329-10:13:18,774 nipype.workflow INFO:
	 [Node] Executing "init_aff" <nipype.interfaces.ants.utils.AI>
250329-10:14:17,908 nipype.workflow INFO:
	 [Node] Finished "init_aff", elapsed time 124.419325s.
250329-10:14:18,575 nipype.workflow INFO:
	 [Node] Setting-up "fmriprep_24_0_wf.sub_35_wf.bold_task_bird_run_4_wf.bold_fit_wf.enhance_and_skullstrip_bold_wf.init_aff" in "/work_dir/fmriprep_24_0_wf/sub_35_wf/bold_task_bird_run_4_wf/bold_fit_wf/enhance_and_skullstrip_bold_wf/init_aff".
250329-10:14:18,579 nipype.workflow INFO:
	 [Node] Executing "init_aff" <nipype.interfaces.ants.utils.AI>
250329-10:15:16,161 nipype.workflow INFO:
	 [Node] Finished "mcflirt", elapsed time 298.575693s.
250329-10:15:17,531 nipype.workflow INFO:
	 [Node] Setting-up "fmriprep_24_0_wf.sub_35_wf.bold_task_bird_run_3_wf.bold_fit_wf.bold_hmc_wf.normalize_motion" in "/work_dir/fmriprep_24_0_wf/sub_35_wf/bold_task_bird_run_3_wf/bold_fit_wf/bold_hmc_wf/normalize_motion".
250329-10:15:17,618 nipype.workflow INFO:
	 [Node] Executing "normalize_motion" <niworkflows.interfaces.confounds.NormalizeMotionParams>
250329-10:15:17,640 nipype.workflow INFO:
	 [Node] Finished "normalize_motion", elapsed time 0.018809s.
250329-10:15:18,570 nipype.workflow INFO:
	 [Node] Finished "mcflirt", elapsed time 309.288979s.
250329-10:15:18,885 nipype.workflow INFO:
	 [Node] Setting-up "fmriprep_24_0_wf.sub_35_wf.bold_task_bird_run_3_wf.bold_confounds_wf.fdisp" in "/work_dir/fmriprep_24_0_wf/sub_35_wf/bold_task_bird_run_3_wf/bold_confounds_wf/fdisp".
250329-10:15:19,256 nipype.workflow INFO:
	 [Node] Executing "fdisp" <nipype.algorithms.confounds.FramewiseDisplacement>
250329-10:15:19,264 nipype.workflow INFO:
	 [Node] Finished "fdisp", elapsed time 0.007149s.
250329-10:15:20,942 nipype.workflow INFO:
	 [Node] Setting-up "fmriprep_24_0_wf.sub_35_wf.bold_task_bird_run_5_wf.bold_fit_wf.bold_hmc_wf.normalize_motion" in "/work_dir/fmriprep_24_0_wf/sub_35_wf/bold_task_bird_run_5_wf/bold_fit_wf/bold_hmc_wf/normalize_motion".
250329-10:15:21,29 nipype.workflow INFO:
	 [Node] Executing "normalize_motion" <niworkflows.interfaces.confounds.NormalizeMotionParams>
250329-10:15:21,33 nipype.workflow INFO:
	 [Node] Finished "normalize_motion", elapsed time 0.003281s.
250329-10:15:21,470 nipype.workflow INFO:
	 [Node] Finished "mcflirt", elapsed time 301.132583s.
250329-10:15:21,574 nipype.workflow INFO:
	 [Node] Finished "mcflirt", elapsed time 306.168756s.
250329-10:15:21,770 nipype.workflow INFO:
	 [Node] Finished "init_aff", elapsed time 122.527201s.
250329-10:15:22,591 nipype.workflow INFO:
	 [Node] Setting-up "fmriprep_24_0_wf.sub_35_wf.bold_task_bird_run_1_wf.bold_fit_wf.bold_hmc_wf.normalize_motion" in "/work_dir/fmriprep_24_0_wf/sub_35_wf/bold_task_bird_run_1_wf/bold_fit_wf/bold_hmc_wf/normalize_motion".
250329-10:15:22,603 nipype.workflow INFO:
	 [Node] Executing "normalize_motion" <niworkflows.interfaces.confounds.NormalizeMotionParams>
250329-10:15:22,607 nipype.workflow INFO:
	 [Node] Finished "normalize_motion", elapsed time 0.003454s.
250329-10:15:22,763 nipype.workflow INFO:
	 [Node] Setting-up "fmriprep_24_0_wf.sub_35_wf.bold_task_bird_run_1_wf.bold_fit_wf.bold_hmc_wf.fsl2itk" in "/work_dir/fmriprep_24_0_wf/sub_35_wf/bold_task_bird_run_1_wf/bold_fit_wf/bold_hmc_wf/fsl2itk".
250329-10:15:22,971 nipype.workflow INFO:
	 [Node] Executing "fsl2itk" <niworkflows.interfaces.itk.MCFLIRT2ITK>
250329-10:15:22,972 nipype.interface WARNING:
	 Multithreading is deprecated. Remove the num_threads input.
250329-10:15:23,32 nipype.workflow INFO:
	 [Node] Setting-up "fmriprep_24_0_wf.sub_35_wf.bold_task_bird_run_5_wf.bold_confounds_wf.fdisp" in "/work_dir/fmriprep_24_0_wf/sub_35_wf/bold_task_bird_run_5_wf/bold_confounds_wf/fdisp".
250329-10:15:23,36 nipype.workflow INFO:
	 [Node] Executing "fdisp" <nipype.algorithms.confounds.FramewiseDisplacement>
250329-10:15:23,40 nipype.workflow INFO:
	 [Node] Finished "fdisp", elapsed time 0.002753s.
250329-10:15:23,150 nipype.workflow INFO:
	 [Node] Setting-up "fmriprep_24_0_wf.sub_35_wf.bold_task_bird_run_2_wf.bold_fit_wf.bold_hmc_wf.normalize_motion" in "/work_dir/fmriprep_24_0_wf/sub_35_wf/bold_task_bird_run_2_wf/bold_fit_wf/bold_hmc_wf/normalize_motion".
250329-10:15:23,211 nipype.workflow INFO:
	 [Node] Finished "fsl2itk", elapsed time 0.239012s.
250329-10:15:23,236 nipype.workflow INFO:
	 [Node] Executing "normalize_motion" <niworkflows.interfaces.confounds.NormalizeMotionParams>
250329-10:15:23,240 nipype.workflow INFO:
	 [Node] Finished "normalize_motion", elapsed time 0.003279s.
250329-10:15:24,642 nipype.workflow INFO:
	 [Node] Setting-up "fmriprep_24_0_wf.sub_35_wf.bold_task_bird_run_2_wf.bold_fit_wf.bold_hmc_wf.fsl2itk" in "/work_dir/fmriprep_24_0_wf/sub_35_wf/bold_task_bird_run_2_wf/bold_fit_wf/bold_hmc_wf/fsl2itk".
250329-10:15:24,676 nipype.workflow INFO:
	 [Node] Executing "fsl2itk" <niworkflows.interfaces.itk.MCFLIRT2ITK>
250329-10:15:24,677 nipype.interface WARNING:
	 Multithreading is deprecated. Remove the num_threads input.
250329-10:15:24,816 nipype.workflow INFO:
	 [Node] Setting-up "fmriprep_24_0_wf.sub_35_wf.bold_task_bird_run_1_wf.bold_confounds_wf.fdisp" in "/work_dir/fmriprep_24_0_wf/sub_35_wf/bold_task_bird_run_1_wf/bold_confounds_wf/fdisp".
250329-10:15:24,912 nipype.workflow INFO:
	 [Node] Finished "fsl2itk", elapsed time 0.234659s.
250329-10:15:25,39 nipype.workflow INFO:
	 [Node] Setting-up "fmriprep_24_0_wf.sub_35_wf.bold_task_bird_run_2_wf.bold_confounds_wf.fdisp" in "/work_dir/fmriprep_24_0_wf/sub_35_wf/bold_task_bird_run_2_wf/bold_confounds_wf/fdisp".
250329-10:15:25,184 nipype.workflow INFO:
	 [Node] Executing "fdisp" <nipype.algorithms.confounds.FramewiseDisplacement>
250329-10:15:25,188 nipype.workflow INFO:
	 [Node] Finished "fdisp", elapsed time 0.002775s.
250329-10:15:25,571 nipype.workflow INFO:
	 [Node] Executing "fdisp" <nipype.algorithms.confounds.FramewiseDisplacement>
250329-10:15:25,575 nipype.workflow INFO:
	 [Node] Finished "fdisp", elapsed time 0.002542s.
250329-10:15:26,757 nipype.workflow INFO:
	 [Node] Setting-up "fmriprep_24_0_wf.sub_35_wf.bold_task_bird_run_3_wf.bold_fit_wf.bold_hmc_wf.fsl2itk" in "/work_dir/fmriprep_24_0_wf/sub_35_wf/bold_task_bird_run_3_wf/bold_fit_wf/bold_hmc_wf/fsl2itk".
250329-10:15:26,864 nipype.workflow INFO:
	 [Node] Executing "fsl2itk" <niworkflows.interfaces.itk.MCFLIRT2ITK>
250329-10:15:26,865 nipype.interface WARNING:
	 Multithreading is deprecated. Remove the num_threads input.
250329-10:15:27,100 nipype.workflow INFO:
	 [Node] Finished "fsl2itk", elapsed time 0.23509s.
250329-10:15:27,382 nipype.workflow INFO:
	 [Node] Finished "mcflirt", elapsed time 309.142717s.
250329-10:15:28,924 nipype.workflow INFO:
	 [Node] Setting-up "fmriprep_24_0_wf.sub_35_wf.bold_task_bird_run_4_wf.bold_fit_wf.bold_hmc_wf.fsl2itk" in "/work_dir/fmriprep_24_0_wf/sub_35_wf/bold_task_bird_run_4_wf/bold_fit_wf/bold_hmc_wf/fsl2itk".
250329-10:15:29,29 nipype.workflow INFO:
	 [Node] Executing "fsl2itk" <niworkflows.interfaces.itk.MCFLIRT2ITK>
250329-10:15:29,30 nipype.interface WARNING:
	 Multithreading is deprecated. Remove the num_threads input.
250329-10:15:29,98 nipype.workflow INFO:
	 [Node] Setting-up "fmriprep_24_0_wf.sub_35_wf.bold_task_bird_run_4_wf.bold_fit_wf.bold_hmc_wf.normalize_motion" in "/work_dir/fmriprep_24_0_wf/sub_35_wf/bold_task_bird_run_4_wf/bold_fit_wf/bold_hmc_wf/normalize_motion".
250329-10:15:29,182 nipype.workflow INFO:
	 [Node] Executing "normalize_motion" <niworkflows.interfaces.confounds.NormalizeMotionParams>
250329-10:15:29,186 nipype.workflow INFO:
	 [Node] Finished "normalize_motion", elapsed time 0.003255s.
250329-10:15:29,260 nipype.workflow INFO:
	 [Node] Finished "fsl2itk", elapsed time 0.229315s.
250329-10:15:30,812 nipype.workflow INFO:
	 [Node] Setting-up "fmriprep_24_0_wf.sub_35_wf.bold_task_bird_run_4_wf.bold_confounds_wf.fdisp" in "/work_dir/fmriprep_24_0_wf/sub_35_wf/bold_task_bird_run_4_wf/bold_confounds_wf/fdisp".
250329-10:15:30,816 nipype.workflow INFO:
	 [Node] Executing "fdisp" <nipype.algorithms.confounds.FramewiseDisplacement>
250329-10:15:30,820 nipype.workflow INFO:
	 [Node] Finished "fdisp", elapsed time 0.002486s.
250329-10:15:30,941 nipype.workflow INFO:
	 [Node] Setting-up "fmriprep_24_0_wf.sub_35_wf.bold_task_bird_run_5_wf.bold_fit_wf.bold_hmc_wf.fsl2itk" in "/work_dir/fmriprep_24_0_wf/sub_35_wf/bold_task_bird_run_5_wf/bold_fit_wf/bold_hmc_wf/fsl2itk".
250329-10:15:31,54 nipype.workflow INFO:
	 [Node] Executing "fsl2itk" <niworkflows.interfaces.itk.MCFLIRT2ITK>
250329-10:15:31,55 nipype.interface WARNING:
	 Multithreading is deprecated. Remove the num_threads input.
250329-10:15:31,301 nipype.workflow INFO:
	 [Node] Finished "fsl2itk", elapsed time 0.245593s.
250329-10:15:31,584 nipype.workflow INFO:
	 [Node] Finished "mcflirt", elapsed time 301.878215s.
250329-10:15:32,591 nipype.workflow INFO:
	 [Node] Setting-up "fmriprep_24_0_wf.sub_35_wf.bold_task_bird_run_6_wf.bold_fit_wf.enhance_and_skullstrip_bold_wf.init_aff" in "/work_dir/fmriprep_24_0_wf/sub_35_wf/bold_task_bird_run_6_wf/bold_fit_wf/enhance_and_skullstrip_bold_wf/init_aff".
250329-10:15:32,594 nipype.workflow INFO:
	 [Node] Executing "init_aff" <nipype.interfaces.ants.utils.AI>
250329-10:15:32,638 nipype.workflow INFO:
	 [Node] Setting-up "fmriprep_24_0_wf.sub_35_wf.bold_task_bird_run_6_wf.bold_fit_wf.bold_hmc_wf.fsl2itk" in "/work_dir/fmriprep_24_0_wf/sub_35_wf/bold_task_bird_run_6_wf/bold_fit_wf/bold_hmc_wf/fsl2itk".
250329-10:15:32,675 nipype.workflow INFO:
	 [Node] Executing "fsl2itk" <niworkflows.interfaces.itk.MCFLIRT2ITK>
250329-10:15:32,676 nipype.interface WARNING:
	 Multithreading is deprecated. Remove the num_threads input.
250329-10:15:32,913 nipype.workflow INFO:
	 [Node] Finished "fsl2itk", elapsed time 0.236719s.
250329-10:15:34,592 nipype.workflow INFO:
	 [Node] Setting-up "fmriprep_24_0_wf.sub_35_wf.bold_task_bird_run_6_wf.bold_fit_wf.bold_hmc_wf.normalize_motion" in "/work_dir/fmriprep_24_0_wf/sub_35_wf/bold_task_bird_run_6_wf/bold_fit_wf/bold_hmc_wf/normalize_motion".
250329-10:15:34,604 nipype.workflow INFO:
	 [Node] Executing "normalize_motion" <niworkflows.interfaces.confounds.NormalizeMotionParams>
250329-10:15:34,608 nipype.workflow INFO:
	 [Node] Finished "normalize_motion", elapsed time 0.003234s.
250329-10:15:36,590 nipype.workflow INFO:
	 [Node] Setting-up "fmriprep_24_0_wf.sub_35_wf.bold_task_bird_run_1_wf.bold_fit_wf.enhance_and_skullstrip_bold_wf.norm" in "/work_dir/fmriprep_24_0_wf/sub_35_wf/bold_task_bird_run_1_wf/bold_fit_wf/enhance_and_skullstrip_bold_wf/norm".
250329-10:15:36,596 nipype.workflow INFO:
	 [Node] Executing "norm" <niworkflows.interfaces.fixes.FixHeaderRegistration>
250329-10:15:40,893 nipype.workflow INFO:
	 [Node] Finished "norm", elapsed time 3.989548s.
250329-10:15:42,596 nipype.workflow INFO:
	 [Node] Setting-up "fmriprep_24_0_wf.sub_35_wf.bold_task_bird_run_2_wf.bold_fit_wf.enhance_and_skullstrip_bold_wf.norm" in "/work_dir/fmriprep_24_0_wf/sub_35_wf/bold_task_bird_run_2_wf/bold_fit_wf/enhance_and_skullstrip_bold_wf/norm".
250329-10:15:42,601 nipype.workflow INFO:
	 [Node] Executing "norm" <niworkflows.interfaces.fixes.FixHeaderRegistration>
250329-10:15:43,704 nipype.workflow INFO:
	 [Node] Finished "norm", elapsed time 0.830348s.
250329-10:15:44,594 nipype.workflow INFO:
	 [Node] Setting-up "fmriprep_24_0_wf.sub_35_wf.bold_task_bird_run_3_wf.bold_fit_wf.enhance_and_skullstrip_bold_wf.norm" in "/work_dir/fmriprep_24_0_wf/sub_35_wf/bold_task_bird_run_3_wf/bold_fit_wf/enhance_and_skullstrip_bold_wf/norm".
250329-10:15:44,599 nipype.workflow INFO:
	 [Node] Executing "norm" <niworkflows.interfaces.fixes.FixHeaderRegistration>
250329-10:15:45,427 nipype.workflow INFO:
	 [Node] Finished "norm", elapsed time 0.826861s.
250329-10:15:46,598 nipype.workflow INFO:
	 [Node] Setting-up "fmriprep_24_0_wf.sub_35_wf.bold_task_bird_run_5_wf.bold_fit_wf.enhance_and_skullstrip_bold_wf.norm" in "/work_dir/fmriprep_24_0_wf/sub_35_wf/bold_task_bird_run_5_wf/bold_fit_wf/enhance_and_skullstrip_bold_wf/norm".
250329-10:15:46,603 nipype.workflow INFO:
	 [Node] Executing "norm" <niworkflows.interfaces.fixes.FixHeaderRegistration>
250329-10:15:52,41 nipype.workflow INFO:
	 [Node] Finished "init_aff", elapsed time 93.462038s.
250329-10:15:52,595 nipype.workflow INFO:
	 [Node] Setting-up "fmriprep_24_0_wf.sub_35_wf.bold_task_bird_run_4_wf.bold_fit_wf.enhance_and_skullstrip_bold_wf.norm" in "/work_dir/fmriprep_24_0_wf/sub_35_wf/bold_task_bird_run_4_wf/bold_fit_wf/enhance_and_skullstrip_bold_wf/norm".
250329-10:15:52,600 nipype.workflow INFO:
	 [Node] Executing "norm" <niworkflows.interfaces.fixes.FixHeaderRegistration>
250329-10:15:52,931 nipype.workflow INFO:
	 [Node] Finished "norm", elapsed time 6.327462s.
250329-10:15:54,594 nipype.workflow INFO:
	 [Node] Setting-up "fmriprep_24_0_wf.sub_35_wf.bold_task_bird_run_6_wf.bold_confounds_wf.fdisp" in "/work_dir/fmriprep_24_0_wf/sub_35_wf/bold_task_bird_run_6_wf/bold_confounds_wf/fdisp".
250329-10:15:54,598 nipype.workflow INFO:
	 [Node] Executing "fdisp" <nipype.algorithms.confounds.FramewiseDisplacement>
250329-10:15:54,602 nipype.workflow INFO:
	 [Node] Finished "fdisp", elapsed time 0.002586s.
250329-10:15:54,871 nipype.workflow INFO:
	 [Node] Setting-up "fmriprep_24_0_wf.sub_35_wf.bold_task_bird_run_5_wf.bold_fit_wf.enhance_and_skullstrip_bold_wf.map_brainmask" in "/work_dir/fmriprep_24_0_wf/sub_35_wf/bold_task_bird_run_5_wf/bold_fit_wf/enhance_and_skullstrip_bold_wf/map_brainmask".
250329-10:15:54,873 nipype.workflow INFO:
	 [Node] Setting-up "fmriprep_24_0_wf.sub_35_wf.bold_task_bird_run_1_wf.bold_fit_wf.enhance_and_skullstrip_bold_wf.map_brainmask" in "/work_dir/fmriprep_24_0_wf/sub_35_wf/bold_task_bird_run_1_wf/bold_fit_wf/enhance_and_skullstrip_bold_wf/map_brainmask".
250329-10:15:54,875 nipype.workflow INFO:
	 [Node] Setting-up "fmriprep_24_0_wf.sub_35_wf.bold_task_bird_run_2_wf.bold_fit_wf.enhance_and_skullstrip_bold_wf.map_brainmask" in "/work_dir/fmriprep_24_0_wf/sub_35_wf/bold_task_bird_run_2_wf/bold_fit_wf/enhance_and_skullstrip_bold_wf/map_brainmask".
250329-10:15:54,881 nipype.workflow INFO:
	 [Node] Executing "map_brainmask" <niworkflows.interfaces.fixes.FixHeaderApplyTransforms>
250329-10:15:54,881 nipype.workflow INFO:
	 [Node] Executing "map_brainmask" <niworkflows.interfaces.fixes.FixHeaderApplyTransforms>
250329-10:15:54,884 nipype.workflow INFO:
	 [Node] Executing "map_brainmask" <niworkflows.interfaces.fixes.FixHeaderApplyTransforms>
250329-10:15:54,887 nipype.workflow INFO:
	 [Node] Setting-up "fmriprep_24_0_wf.sub_35_wf.bold_task_bird_run_3_wf.bold_fit_wf.enhance_and_skullstrip_bold_wf.map_brainmask" in "/work_dir/fmriprep_24_0_wf/sub_35_wf/bold_task_bird_run_3_wf/bold_fit_wf/enhance_and_skullstrip_bold_wf/map_brainmask".
250329-10:15:54,891 nipype.workflow INFO:
	 [Node] Executing "map_brainmask" <niworkflows.interfaces.fixes.FixHeaderApplyTransforms>
250329-10:15:55,962 nipype.workflow INFO:
	 [Node] Finished "map_brainmask", elapsed time 0.637369s.
250329-10:15:55,974 nipype.workflow INFO:
	 [Node] Finished "map_brainmask", elapsed time 0.740889s.
250329-10:15:56,40 nipype.workflow INFO:
	 [Node] Finished "map_brainmask", elapsed time 0.647225s.
250329-10:15:56,106 nipype.workflow INFO:
	 [Node] Finished "map_brainmask", elapsed time 0.748818s.
250329-10:15:56,370 nipype.workflow INFO:
	 [Node] Finished "norm", elapsed time 3.768911s.
250329-10:15:56,600 nipype.workflow INFO:
	 [Node] Setting-up "fmriprep_24_0_wf.sub_35_wf.bold_task_bird_run_4_wf.bold_fit_wf.enhance_and_skullstrip_bold_wf.map_brainmask" in "/work_dir/fmriprep_24_0_wf/sub_35_wf/bold_task_bird_run_4_wf/bold_fit_wf/enhance_and_skullstrip_bold_wf/map_brainmask".
250329-10:15:56,603 nipype.workflow INFO:
	 [Node] Executing "map_brainmask" <niworkflows.interfaces.fixes.FixHeaderApplyTransforms>
250329-10:15:57,497 nipype.workflow INFO:
	 [Node] Finished "map_brainmask", elapsed time 0.614027s.
250329-10:15:57,709 nipype.workflow INFO:
	 [Node] Setting-up "_inu_n40" in "/work_dir/fmriprep_24_0_wf/sub_35_wf/anat_fit_wf/brain_extraction_wf/inu_n4/mapflow/_inu_n40".
250329-10:15:57,711 nipype.workflow INFO:
	 [Node] Executing "_inu_n40" <nipype.interfaces.ants.segmentation.N4BiasFieldCorrection>
250329-10:15:59,50 nipype.workflow INFO:
	 [Node] Setting-up "fmriprep_24_0_wf.sub_35_wf.bold_task_bird_run_1_wf.bold_fit_wf.enhance_and_skullstrip_bold_wf.n4_correct" in "/work_dir/fmriprep_24_0_wf/sub_35_wf/bold_task_bird_run_1_wf/bold_fit_wf/enhance_and_skullstrip_bold_wf/n4_correct".
250329-10:15:59,55 nipype.workflow INFO:
	 [Node] Executing "n4_correct" <niworkflows.interfaces.fixes.FixN4BiasFieldCorrection>
250329-10:15:59,55 nipype.workflow INFO:
	 [Node] Setting-up "fmriprep_24_0_wf.sub_35_wf.bold_task_bird_run_2_wf.bold_fit_wf.enhance_and_skullstrip_bold_wf.n4_correct" in "/work_dir/fmriprep_24_0_wf/sub_35_wf/bold_task_bird_run_2_wf/bold_fit_wf/enhance_and_skullstrip_bold_wf/n4_correct".
250329-10:15:59,58 nipype.workflow INFO:
	 [Node] Executing "n4_correct" <niworkflows.interfaces.fixes.FixN4BiasFieldCorrection>
250329-10:15:59,60 nipype.workflow INFO:
	 [Node] Setting-up "fmriprep_24_0_wf.sub_35_wf.bold_task_bird_run_3_wf.bold_fit_wf.enhance_and_skullstrip_bold_wf.n4_correct" in "/work_dir/fmriprep_24_0_wf/sub_35_wf/bold_task_bird_run_3_wf/bold_fit_wf/enhance_and_skullstrip_bold_wf/n4_correct".
250329-10:15:59,60 nipype.workflow INFO:
	 [Node] Setting-up "fmriprep_24_0_wf.sub_35_wf.bold_task_bird_run_5_wf.bold_fit_wf.enhance_and_skullstrip_bold_wf.n4_correct" in "/work_dir/fmriprep_24_0_wf/sub_35_wf/bold_task_bird_run_5_wf/bold_fit_wf/enhance_and_skullstrip_bold_wf/n4_correct".
250329-10:15:59,63 nipype.workflow INFO:
	 [Node] Executing "n4_correct" <niworkflows.interfaces.fixes.FixN4BiasFieldCorrection>
250329-10:15:59,63 nipype.workflow INFO:
	 [Node] Executing "n4_correct" <niworkflows.interfaces.fixes.FixN4BiasFieldCorrection>
250329-10:16:00,820 nipype.workflow INFO:
	 [Node] Setting-up "fmriprep_24_0_wf.sub_35_wf.bold_task_bird_run_4_wf.bold_fit_wf.enhance_and_skullstrip_bold_wf.n4_correct" in "/work_dir/fmriprep_24_0_wf/sub_35_wf/bold_task_bird_run_4_wf/bold_fit_wf/enhance_and_skullstrip_bold_wf/n4_correct".
250329-10:16:00,823 nipype.workflow INFO:
	 [Node] Executing "n4_correct" <niworkflows.interfaces.fixes.FixN4BiasFieldCorrection>
250329-10:16:02,324 nipype.workflow INFO:
	 [Node] Finished "n4_correct", elapsed time 3.268616s.
250329-10:16:02,834 nipype.workflow INFO:
	 [Node] Setting-up "fmriprep_24_0_wf.sub_35_wf.bold_task_bird_run_1_wf.bold_fit_wf.enhance_and_skullstrip_bold_wf.skullstrip_first_pass" in "/work_dir/fmriprep_24_0_wf/sub_35_wf/bold_task_bird_run_1_wf/bold_fit_wf/enhance_and_skullstrip_bold_wf/skullstrip_first_pass".
250329-10:16:02,837 nipype.workflow INFO:
	 [Node] Executing "skullstrip_first_pass" <nipype.interfaces.fsl.preprocess.BET>
250329-10:16:02,899 nipype.interface WARNING:
	 Changing /output/sub-35/func/sub-35_task-bird_run-1_desc-coreg_boldref.nii.gz dtype from uint16 to float32
250329-10:16:02,940 nipype.workflow INFO:
	 [Node] Finished "n4_correct", elapsed time 3.507924s.
250329-10:16:03,385 nipype.workflow INFO:
	 [Node] Finished "n4_correct", elapsed time 3.89521s.
250329-10:16:04,630 nipype.workflow INFO:
	 [Node] Finished "n4_correct", elapsed time 5.095424s.
250329-10:16:04,797 nipype.workflow INFO:
	 [Node] Setting-up "fmriprep_24_0_wf.sub_35_wf.bold_task_bird_run_2_wf.bold_fit_wf.enhance_and_skullstrip_bold_wf.skullstrip_first_pass" in "/work_dir/fmriprep_24_0_wf/sub_35_wf/bold_task_bird_run_2_wf/bold_fit_wf/enhance_and_skullstrip_bold_wf/skullstrip_first_pass".
250329-10:16:04,801 nipype.interface WARNING:
	 Changing /output/sub-35/func/sub-35_task-bird_run-2_desc-coreg_boldref.nii.gz dtype from uint16 to float32
250329-10:16:04,845 nipype.workflow INFO:
	 [Node] Executing "skullstrip_first_pass" <nipype.interfaces.fsl.preprocess.BET>
250329-10:16:05,136 nipype.workflow INFO:
	 [Node] Finished "skullstrip_first_pass", elapsed time 2.298119s.
250329-10:16:05,323 nipype.interface WARNING:
	 Changing /output/sub-35/func/sub-35_task-bird_run-3_desc-coreg_boldref.nii.gz dtype from uint16 to float32
250329-10:16:05,432 nipype.workflow INFO:
	 [Node] Setting-up "fmriprep_24_0_wf.sub_35_wf.bold_task_bird_run_3_wf.bold_fit_wf.enhance_and_skullstrip_bold_wf.skullstrip_first_pass" in "/work_dir/fmriprep_24_0_wf/sub_35_wf/bold_task_bird_run_3_wf/bold_fit_wf/enhance_and_skullstrip_bold_wf/skullstrip_first_pass".
250329-10:16:05,437 nipype.workflow INFO:
	 [Node] Executing "skullstrip_first_pass" <nipype.interfaces.fsl.preprocess.BET>
250329-10:16:05,887 nipype.workflow INFO:
	 [Node] Setting-up "fmriprep_24_0_wf.sub_35_wf.bold_task_bird_run_1_wf.bold_fit_wf.ds_boldreg_wf.sources" in "/work_dir/fmriprep_24_0_wf/sub_35_wf/bold_task_bird_run_1_wf/bold_fit_wf/ds_boldreg_wf/sources".
250329-10:16:05,890 nipype.workflow INFO:
	 [Node] Executing "sources" <fmriprep.interfaces.bids.BIDSURI>
250329-10:16:05,891 nipype.workflow INFO:
	 [Node] Finished "sources", elapsed time 0.000216s.
250329-10:16:06,751 nipype.workflow INFO:
	 [Node] Setting-up "fmriprep_24_0_wf.sub_35_wf.bold_task_bird_run_5_wf.bold_fit_wf.enhance_and_skullstrip_bold_wf.skullstrip_first_pass" in "/work_dir/fmriprep_24_0_wf/sub_35_wf/bold_task_bird_run_5_wf/bold_fit_wf/enhance_and_skullstrip_bold_wf/skullstrip_first_pass".
250329-10:16:06,754 nipype.workflow INFO:
	 [Node] Executing "skullstrip_first_pass" <nipype.interfaces.fsl.preprocess.BET>
250329-10:16:06,820 nipype.interface WARNING:
	 Changing /output/sub-35/func/sub-35_task-bird_run-5_desc-coreg_boldref.nii.gz dtype from uint16 to float32
250329-10:16:07,357 nipype.workflow INFO:
	 [Node] Setting-up "fmriprep_24_0_wf.sub_35_wf.bold_task_bird_run_2_wf.bold_fit_wf.ds_boldreg_wf.sources" in "/work_dir/fmriprep_24_0_wf/sub_35_wf/bold_task_bird_run_2_wf/bold_fit_wf/ds_boldreg_wf/sources".
250329-10:16:07,359 nipype.workflow INFO:
	 [Node] Setting-up "fmriprep_24_0_wf.sub_35_wf.bold_task_bird_run_3_wf.bold_fit_wf.ds_boldreg_wf.sources" in "/work_dir/fmriprep_24_0_wf/sub_35_wf/bold_task_bird_run_3_wf/bold_fit_wf/ds_boldreg_wf/sources".
250329-10:16:07,360 nipype.workflow INFO:
	 [Node] Executing "sources" <fmriprep.interfaces.bids.BIDSURI>
250329-10:16:07,361 nipype.workflow INFO:
	 [Node] Setting-up "fmriprep_24_0_wf.sub_35_wf.bold_task_bird_run_1_wf.bold_fit_wf.enhance_and_skullstrip_bold_wf.first_dilate" in "/work_dir/fmriprep_24_0_wf/sub_35_wf/bold_task_bird_run_1_wf/bold_fit_wf/enhance_and_skullstrip_bold_wf/first_dilate".
250329-10:16:07,362 nipype.workflow INFO:
	 [Node] Executing "sources" <fmriprep.interfaces.bids.BIDSURI>
250329-10:16:07,363 nipype.workflow INFO:
	 [Node] Finished "sources", elapsed time 0.000249s.
250329-10:16:07,363 nipype.workflow INFO:
	 [Node] Executing "first_dilate" <niworkflows.interfaces.nibabel.BinaryDilation>
250329-10:16:07,365 nipype.workflow INFO:
	 [Node] Finished "sources", elapsed time 0.000261s.
250329-10:16:07,435 nipype.workflow INFO:
	 [Node] Finished "skullstrip_first_pass", elapsed time 2.588696s.
250329-10:16:07,519 nipype.workflow INFO:
	 [Node] Finished "n4_correct", elapsed time 6.118102s.
250329-10:16:07,733 nipype.workflow INFO:
	 [Node] Finished "skullstrip_first_pass", elapsed time 2.295913s.
250329-10:16:08,224 nipype.workflow INFO:
	 [Node] Finished "first_dilate", elapsed time 0.860289s.
250329-10:16:08,691 nipype.workflow INFO:
	 [Node] Setting-up "fmriprep_24_0_wf.sub_35_wf.bold_task_bird_run_4_wf.bold_fit_wf.enhance_and_skullstrip_bold_wf.skullstrip_first_pass" in "/work_dir/fmriprep_24_0_wf/sub_35_wf/bold_task_bird_run_4_wf/bold_fit_wf/enhance_and_skullstrip_bold_wf/skullstrip_first_pass".
250329-10:16:08,694 nipype.workflow INFO:
	 [Node] Executing "skullstrip_first_pass" <nipype.interfaces.fsl.preprocess.BET>
250329-10:16:08,748 nipype.interface WARNING:
	 Changing /output/sub-35/func/sub-35_task-bird_run-4_desc-coreg_boldref.nii.gz dtype from uint16 to float32
250329-10:16:08,803 nipype.workflow INFO:
	 [Node] Finished "skullstrip_first_pass", elapsed time 2.048893s.
250329-10:16:09,199 nipype.workflow INFO:
	 [Node] Setting-up "fmriprep_24_0_wf.sub_35_wf.bold_task_bird_run_2_wf.bold_fit_wf.enhance_and_skullstrip_bold_wf.first_dilate" in "/work_dir/fmriprep_24_0_wf/sub_35_wf/bold_task_bird_run_2_wf/bold_fit_wf/enhance_and_skullstrip_bold_wf/first_dilate".
250329-10:16:09,202 nipype.workflow INFO:
	 [Node] Executing "first_dilate" <niworkflows.interfaces.nibabel.BinaryDilation>
250329-10:16:09,208 nipype.workflow INFO:
	 [Node] Setting-up "fmriprep_24_0_wf.sub_35_wf.bold_task_bird_run_3_wf.bold_fit_wf.enhance_and_skullstrip_bold_wf.first_dilate" in "/work_dir/fmriprep_24_0_wf/sub_35_wf/bold_task_bird_run_3_wf/bold_fit_wf/enhance_and_skullstrip_bold_wf/first_dilate".
250329-10:16:09,210 nipype.workflow INFO:
	 [Node] Executing "first_dilate" <niworkflows.interfaces.nibabel.BinaryDilation>
250329-10:16:09,214 nipype.workflow INFO:
	 [Node] Setting-up "fmriprep_24_0_wf.sub_35_wf.bold_task_bird_run_5_wf.bold_fit_wf.ds_boldreg_wf.sources" in "/work_dir/fmriprep_24_0_wf/sub_35_wf/bold_task_bird_run_5_wf/bold_fit_wf/ds_boldreg_wf/sources".
250329-10:16:09,217 nipype.workflow INFO:
	 [Node] Executing "sources" <fmriprep.interfaces.bids.BIDSURI>
250329-10:16:09,218 nipype.workflow INFO:
	 [Node] Finished "sources", elapsed time 0.000231s.
250329-10:16:09,226 nipype.workflow INFO:
	 [Node] Setting-up "fmriprep_24_0_wf.sub_35_wf.bold_task_bird_run_1_wf.bold_fit_wf.enhance_and_skullstrip_bold_wf.first_mask" in "/work_dir/fmriprep_24_0_wf/sub_35_wf/bold_task_bird_run_1_wf/bold_fit_wf/enhance_and_skullstrip_bold_wf/first_mask".
250329-10:16:09,236 nipype.workflow INFO:
	 [Node] Executing "first_mask" <niworkflows.interfaces.nibabel.ApplyMask>
250329-10:16:09,337 nipype.workflow INFO:
	 [Node] Finished "first_mask", elapsed time 0.10019s.
250329-10:16:09,987 nipype.workflow INFO:
	 [Node] Finished "first_dilate", elapsed time 0.775915s.
250329-10:16:09,987 nipype.workflow INFO:
	 [Node] Finished "first_dilate", elapsed time 0.78475s.
250329-10:16:10,681 nipype.workflow INFO:
	 [Node] Setting-up "fmriprep_24_0_wf.sub_35_wf.bold_task_bird_run_4_wf.bold_fit_wf.ds_boldreg_wf.sources" in "/work_dir/fmriprep_24_0_wf/sub_35_wf/bold_task_bird_run_4_wf/bold_fit_wf/ds_boldreg_wf/sources".
250329-10:16:10,684 nipype.workflow INFO:
	 [Node] Executing "sources" <fmriprep.interfaces.bids.BIDSURI>
250329-10:16:10,684 nipype.workflow INFO:
	 [Node] Setting-up "fmriprep_24_0_wf.sub_35_wf.bold_task_bird_run_1_wf.bold_fit_wf.enhance_and_skullstrip_bold_wf.unifize" in "/work_dir/fmriprep_24_0_wf/sub_35_wf/bold_task_bird_run_1_wf/bold_fit_wf/enhance_and_skullstrip_bold_wf/unifize".
250329-10:16:10,685 nipype.workflow INFO:
	 [Node] Finished "sources", elapsed time 0.000238s.
250329-10:16:10,699 nipype.workflow INFO:
	 [Node] Setting-up "fmriprep_24_0_wf.sub_35_wf.bold_task_bird_run_2_wf.bold_fit_wf.enhance_and_skullstrip_bold_wf.first_mask" in "/work_dir/fmriprep_24_0_wf/sub_35_wf/bold_task_bird_run_2_wf/bold_fit_wf/enhance_and_skullstrip_bold_wf/first_mask".
250329-10:16:10,701 nipype.workflow INFO:
	 [Node] Setting-up "fmriprep_24_0_wf.sub_35_wf.bold_task_bird_run_3_wf.bold_fit_wf.enhance_and_skullstrip_bold_wf.first_mask" in "/work_dir/fmriprep_24_0_wf/sub_35_wf/bold_task_bird_run_3_wf/bold_fit_wf/enhance_and_skullstrip_bold_wf/first_mask".
250329-10:16:10,703 nipype.workflow INFO:
	 [Node] Setting-up "fmriprep_24_0_wf.sub_35_wf.bold_task_bird_run_5_wf.bold_fit_wf.enhance_and_skullstrip_bold_wf.first_dilate" in "/work_dir/fmriprep_24_0_wf/sub_35_wf/bold_task_bird_run_5_wf/bold_fit_wf/enhance_and_skullstrip_bold_wf/first_dilate".
250329-10:16:10,708 nipype.workflow INFO:
	 [Node] Executing "unifize" <nipype.interfaces.afni.utils.Unifize>
250329-10:16:10,817 nipype.workflow INFO:
	 [Node] Executing "first_mask" <niworkflows.interfaces.nibabel.ApplyMask>
250329-10:16:10,829 nipype.workflow INFO:
	 [Node] Executing "first_mask" <niworkflows.interfaces.nibabel.ApplyMask>
250329-10:16:10,841 nipype.workflow INFO:
	 [Node] Executing "first_dilate" <niworkflows.interfaces.nibabel.BinaryDilation>
250329-10:16:10,895 nipype.workflow INFO:
	 [Node] Finished "skullstrip_first_pass", elapsed time 2.2003880000000002s.
250329-10:16:10,905 nipype.workflow INFO:
	 [Node] Finished "first_mask", elapsed time 0.075385s.
250329-10:16:10,929 nipype.workflow INFO:
	 [Node] Finished "first_mask", elapsed time 0.111612s.
250329-10:16:11,625 nipype.workflow INFO:
	 [Node] Finished "first_dilate", elapsed time 0.782694s.
250329-10:16:12,599 nipype.workflow INFO:
	 [Node] Setting-up "fmriprep_24_0_wf.sub_35_wf.bold_task_bird_run_4_wf.bold_fit_wf.enhance_and_skullstrip_bold_wf.first_dilate" in "/work_dir/fmriprep_24_0_wf/sub_35_wf/bold_task_bird_run_4_wf/bold_fit_wf/enhance_and_skullstrip_bold_wf/first_dilate".
250329-10:16:12,602 nipype.workflow INFO:
	 [Node] Executing "first_dilate" <niworkflows.interfaces.nibabel.BinaryDilation>
250329-10:16:12,603 nipype.workflow INFO:
	 [Node] Setting-up "fmriprep_24_0_wf.sub_35_wf.bold_task_bird_run_2_wf.bold_fit_wf.enhance_and_skullstrip_bold_wf.unifize" in "/work_dir/fmriprep_24_0_wf/sub_35_wf/bold_task_bird_run_2_wf/bold_fit_wf/enhance_and_skullstrip_bold_wf/unifize".
250329-10:16:12,603 nipype.workflow INFO:
	 [Node] Setting-up "fmriprep_24_0_wf.sub_35_wf.bold_task_bird_run_3_wf.bold_fit_wf.enhance_and_skullstrip_bold_wf.unifize" in "/work_dir/fmriprep_24_0_wf/sub_35_wf/bold_task_bird_run_3_wf/bold_fit_wf/enhance_and_skullstrip_bold_wf/unifize".
250329-10:16:12,608 nipype.workflow INFO:
	 [Node] Setting-up "fmriprep_24_0_wf.sub_35_wf.bold_task_bird_run_5_wf.bold_fit_wf.enhance_and_skullstrip_bold_wf.first_mask" in "/work_dir/fmriprep_24_0_wf/sub_35_wf/bold_task_bird_run_5_wf/bold_fit_wf/enhance_and_skullstrip_bold_wf/first_mask".
250329-10:16:12,611 nipype.workflow INFO:
	 [Node] Executing "first_mask" <niworkflows.interfaces.nibabel.ApplyMask>
250329-10:16:12,617 nipype.workflow INFO:
	 [Node] Executing "unifize" <nipype.interfaces.afni.utils.Unifize>
250329-10:16:12,623 nipype.workflow INFO:
	 [Node] Executing "unifize" <nipype.interfaces.afni.utils.Unifize>
250329-10:16:12,695 nipype.workflow INFO:
	 [Node] Finished "first_mask", elapsed time 0.083646s.
250329-10:16:13,375 nipype.workflow INFO:
	 [Node] Finished "first_dilate", elapsed time 0.77273s.
250329-10:16:14,801 nipype.workflow INFO:
	 [Node] Setting-up "fmriprep_24_0_wf.sub_35_wf.bold_task_bird_run_5_wf.bold_fit_wf.enhance_and_skullstrip_bold_wf.unifize" in "/work_dir/fmriprep_24_0_wf/sub_35_wf/bold_task_bird_run_5_wf/bold_fit_wf/enhance_and_skullstrip_bold_wf/unifize".
250329-10:16:14,805 nipype.workflow INFO:
	 [Node] Setting-up "fmriprep_24_0_wf.sub_35_wf.bold_task_bird_run_4_wf.bold_fit_wf.enhance_and_skullstrip_bold_wf.first_mask" in "/work_dir/fmriprep_24_0_wf/sub_35_wf/bold_task_bird_run_4_wf/bold_fit_wf/enhance_and_skullstrip_bold_wf/first_mask".
250329-10:16:14,816 nipype.workflow INFO:
	 [Node] Executing "unifize" <nipype.interfaces.afni.utils.Unifize>
250329-10:16:14,925 nipype.workflow INFO:
	 [Node] Executing "first_mask" <niworkflows.interfaces.nibabel.ApplyMask>
250329-10:16:15,3 nipype.workflow INFO:
	 [Node] Finished "first_mask", elapsed time 0.077155s.
250329-10:16:16,710 nipype.workflow INFO:
	 [Node] Setting-up "fmriprep_24_0_wf.sub_35_wf.bold_task_bird_run_4_wf.bold_fit_wf.enhance_and_skullstrip_bold_wf.unifize" in "/work_dir/fmriprep_24_0_wf/sub_35_wf/bold_task_bird_run_4_wf/bold_fit_wf/enhance_and_skullstrip_bold_wf/unifize".
250329-10:16:16,724 nipype.workflow INFO:
	 [Node] Executing "unifize" <nipype.interfaces.afni.utils.Unifize>
250329-10:17:08,899 nipype.workflow INFO:
	 [Node] Finished "_inu_n40", elapsed time 71.187469s.
250329-10:17:10,184 nipype.workflow INFO:
	 [Node] Finished "init_aff", elapsed time 97.286808s.
250329-10:17:10,607 nipype.workflow INFO:
	 [Node] Setting-up "fmriprep_24_0_wf.sub_35_wf.bold_task_bird_run_6_wf.bold_fit_wf.enhance_and_skullstrip_bold_wf.norm" in "/work_dir/fmriprep_24_0_wf/sub_35_wf/bold_task_bird_run_6_wf/bold_fit_wf/enhance_and_skullstrip_bold_wf/norm".
250329-10:17:10,609 nipype.workflow INFO:
	 [Node] Setting-up "fmriprep_24_0_wf.sub_35_wf.anat_fit_wf.brain_extraction_wf.lap_target" in "/work_dir/fmriprep_24_0_wf/sub_35_wf/anat_fit_wf/brain_extraction_wf/lap_target".
250329-10:17:10,616 nipype.workflow INFO:
	 [Node] Executing "lap_target" <nipype.interfaces.ants.utils.ImageMath>
250329-10:17:10,623 nipype.workflow INFO:
	 [Node] Executing "norm" <niworkflows.interfaces.fixes.FixHeaderRegistration>
250329-10:17:10,624 nipype.workflow INFO:
	 [Node] Setting-up "fmriprep_24_0_wf.sub_35_wf.anat_fit_wf.brain_extraction_wf.res_target" in "/work_dir/fmriprep_24_0_wf/sub_35_wf/anat_fit_wf/brain_extraction_wf/res_target".
250329-10:17:10,626 nipype.workflow INFO:
	 [Node] Executing "res_target" <niworkflows.interfaces.nibabel.RegridToZooms>
250329-10:17:10,633 nipype.workflow INFO:
	 [Node] Setting-up "fmriprep_24_0_wf.sub_35_wf.bold_task_bird_run_1_wf.bold_native_wf.boldref_bold" in "/work_dir/fmriprep_24_0_wf/sub_35_wf/bold_task_bird_run_1_wf/bold_native_wf/boldref_bold".
250329-10:17:10,637 nipype.workflow INFO:
	 [Node] Executing "boldref_bold" <fmriprep.interfaces.resampling.ResampleSeries>
250329-10:17:12,338 nipype.workflow INFO:
	 [Node] Finished "res_target", elapsed time 1.71081s.
250329-10:17:16,843 nipype.workflow INFO:
	 [Node] Finished "norm", elapsed time 6.217698s.
250329-10:17:18,974 nipype.workflow INFO:
	 [Node] Setting-up "fmriprep_24_0_wf.sub_35_wf.bold_task_bird_run_6_wf.bold_fit_wf.enhance_and_skullstrip_bold_wf.map_brainmask" in "/work_dir/fmriprep_24_0_wf/sub_35_wf/bold_task_bird_run_6_wf/bold_fit_wf/enhance_and_skullstrip_bold_wf/map_brainmask".
250329-10:17:18,978 nipype.workflow INFO:
	 [Node] Executing "map_brainmask" <niworkflows.interfaces.fixes.FixHeaderApplyTransforms>
250329-10:17:18,978 nipype.workflow INFO:
	 [Node] Setting-up "fmriprep_24_0_wf.sub_35_wf.anat_fit_wf.brain_extraction_wf.init_aff" in "/work_dir/fmriprep_24_0_wf/sub_35_wf/anat_fit_wf/brain_extraction_wf/init_aff".
250329-10:17:18,988 nipype.workflow INFO:
	 [Node] Executing "init_aff" <nipype.interfaces.ants.utils.AI>
250329-10:17:21,44 nipype.workflow INFO:
	 [Node] Finished "map_brainmask", elapsed time 1.391807s.
250329-10:17:24,974 nipype.workflow INFO:
	 [Node] Setting-up "fmriprep_24_0_wf.sub_35_wf.bold_task_bird_run_6_wf.bold_fit_wf.enhance_and_skullstrip_bold_wf.n4_correct" in "/work_dir/fmriprep_24_0_wf/sub_35_wf/bold_task_bird_run_6_wf/bold_fit_wf/enhance_and_skullstrip_bold_wf/n4_correct".
250329-10:17:24,983 nipype.workflow INFO:
	 [Node] Executing "n4_correct" <niworkflows.interfaces.fixes.FixN4BiasFieldCorrection>
250329-10:17:28,661 nipype.workflow INFO:
	 [Node] Finished "lap_target", elapsed time 18.044637s.
250329-10:17:31,267 nipype.workflow INFO:
	 [Node] Setting-up "fmriprep_24_0_wf.sub_35_wf.anat_fit_wf.brain_extraction_wf.mrg_target" in "/work_dir/fmriprep_24_0_wf/sub_35_wf/anat_fit_wf/brain_extraction_wf/mrg_target".
250329-10:17:31,270 nipype.workflow INFO:
	 [Node] Executing "mrg_target" <nipype.interfaces.utility.base.Merge>
250329-10:17:31,270 nipype.workflow INFO:
	 [Node] Finished "mrg_target", elapsed time 0.0002s.
250329-10:17:37,100 nipype.workflow INFO:
	 [Node] Finished "n4_correct", elapsed time 11.13571s.
250329-10:17:39,18 nipype.workflow INFO:
	 [Node] Setting-up "fmriprep_24_0_wf.sub_35_wf.bold_task_bird_run_6_wf.bold_fit_wf.enhance_and_skullstrip_bold_wf.skullstrip_first_pass" in "/work_dir/fmriprep_24_0_wf/sub_35_wf/bold_task_bird_run_6_wf/bold_fit_wf/enhance_and_skullstrip_bold_wf/skullstrip_first_pass".
250329-10:17:39,21 nipype.workflow INFO:
	 [Node] Executing "skullstrip_first_pass" <nipype.interfaces.fsl.preprocess.BET>
250329-10:17:39,81 nipype.interface WARNING:
	 Changing /output/sub-35/func/sub-35_task-bird_run-6_desc-coreg_boldref.nii.gz dtype from uint16 to float32
250329-10:17:40,894 nipype.workflow INFO:
	 [Node] Setting-up "fmriprep_24_0_wf.sub_35_wf.bold_task_bird_run_6_wf.bold_fit_wf.ds_boldreg_wf.sources" in "/work_dir/fmriprep_24_0_wf/sub_35_wf/bold_task_bird_run_6_wf/bold_fit_wf/ds_boldreg_wf/sources".
250329-10:17:40,897 nipype.workflow INFO:
	 [Node] Executing "sources" <fmriprep.interfaces.bids.BIDSURI>
250329-10:17:40,898 nipype.workflow INFO:
	 [Node] Finished "sources", elapsed time 0.000225s.
250329-10:17:42,429 nipype.workflow INFO:
	 [Node] Finished "skullstrip_first_pass", elapsed time 3.407574s.
250329-10:17:44,606 nipype.workflow INFO:
	 [Node] Setting-up "fmriprep_24_0_wf.sub_35_wf.bold_task_bird_run_6_wf.bold_fit_wf.enhance_and_skullstrip_bold_wf.first_dilate" in "/work_dir/fmriprep_24_0_wf/sub_35_wf/bold_task_bird_run_6_wf/bold_fit_wf/enhance_and_skullstrip_bold_wf/first_dilate".
250329-10:17:44,608 nipype.workflow INFO:
	 [Node] Executing "first_dilate" <niworkflows.interfaces.nibabel.BinaryDilation>
250329-10:17:45,838 nipype.workflow INFO:
	 [Node] Finished "first_dilate", elapsed time 1.229143s.
250329-10:17:46,628 nipype.workflow INFO:
	 [Node] Setting-up "fmriprep_24_0_wf.sub_35_wf.bold_task_bird_run_6_wf.bold_fit_wf.enhance_and_skullstrip_bold_wf.first_mask" in "/work_dir/fmriprep_24_0_wf/sub_35_wf/bold_task_bird_run_6_wf/bold_fit_wf/enhance_and_skullstrip_bold_wf/first_mask".
250329-10:17:46,630 nipype.workflow INFO:
	 [Node] Executing "first_mask" <niworkflows.interfaces.nibabel.ApplyMask>
250329-10:17:46,803 nipype.workflow INFO:
	 [Node] Finished "first_mask", elapsed time 0.172345s.
250329-10:17:48,609 nipype.workflow INFO:
	 [Node] Setting-up "fmriprep_24_0_wf.sub_35_wf.bold_task_bird_run_6_wf.bold_fit_wf.enhance_and_skullstrip_bold_wf.unifize" in "/work_dir/fmriprep_24_0_wf/sub_35_wf/bold_task_bird_run_6_wf/bold_fit_wf/enhance_and_skullstrip_bold_wf/unifize".
250329-10:17:48,619 nipype.workflow INFO:
	 [Node] Executing "unifize" <nipype.interfaces.afni.utils.Unifize>
250329-10:18:12,666 nipype.workflow INFO:
	 [Node] Finished "init_aff", elapsed time 52.977727s.
250329-10:18:14,915 nipype.workflow INFO:
	 [Node] Setting-up "fmriprep_24_0_wf.sub_35_wf.bold_task_bird_run_2_wf.bold_native_wf.boldref_bold" in "/work_dir/fmriprep_24_0_wf/sub_35_wf/bold_task_bird_run_2_wf/bold_native_wf/boldref_bold".
250329-10:18:14,927 nipype.workflow INFO:
	 [Node] Executing "boldref_bold" <fmriprep.interfaces.resampling.ResampleSeries>
250329-10:18:18,839 nipype.workflow INFO:
	 [Node] Finished "boldref_bold", elapsed time 68.200893s.
250329-10:18:21,14 nipype.workflow INFO:
	 [Node] Setting-up "fmriprep_24_0_wf.sub_35_wf.bold_task_bird_run_1_wf.ds_bold_native_wf.ds_bold" in "/work_dir/fmriprep_24_0_wf/sub_35_wf/bold_task_bird_run_1_wf/ds_bold_native_wf/ds_bold".
250329-10:18:21,72 nipype.workflow INFO:
	 [Node] Executing "ds_bold" <fmriprep.interfaces.DerivativesDataSink>
250329-10:18:21,359 nipype.workflow INFO:
	 [Node] Setting-up "fmriprep_24_0_wf.sub_35_wf.bold_task_bird_run_3_wf.bold_native_wf.boldref_bold" in "/work_dir/fmriprep_24_0_wf/sub_35_wf/bold_task_bird_run_3_wf/bold_native_wf/boldref_bold".
250329-10:18:21,374 nipype.workflow INFO:
	 [Node] Executing "boldref_bold" <fmriprep.interfaces.resampling.ResampleSeries>
250329-10:19:22,725 nipype.workflow INFO:
	 [Node] Finished "boldref_bold", elapsed time 67.796859s.
250329-10:19:23,48 nipype.workflow INFO:
	 [Node] Finished "ds_bold", elapsed time 61.974904s.
250329-10:19:24,738 nipype.workflow INFO:
	 [Node] Setting-up "fmriprep_24_0_wf.sub_35_wf.bold_task_bird_run_2_wf.ds_bold_native_wf.ds_bold" in "/work_dir/fmriprep_24_0_wf/sub_35_wf/bold_task_bird_run_2_wf/ds_bold_native_wf/ds_bold".
250329-10:19:24,842 nipype.workflow INFO:
	 [Node] Setting-up "fmriprep_24_0_wf.sub_35_wf.bold_task_bird_run_4_wf.bold_native_wf.boldref_bold" in "/work_dir/fmriprep_24_0_wf/sub_35_wf/bold_task_bird_run_4_wf/bold_native_wf/boldref_bold".
250329-10:19:24,852 nipype.workflow INFO:
	 [Node] Executing "boldref_bold" <fmriprep.interfaces.resampling.ResampleSeries>
250329-10:19:24,926 nipype.workflow INFO:
	 [Node] Executing "ds_bold" <fmriprep.interfaces.DerivativesDataSink>
250329-10:19:29,327 nipype.workflow INFO:
	 [Node] Finished "boldref_bold", elapsed time 67.952117s.
250329-10:19:31,429 nipype.workflow INFO:
	 [Node] Setting-up "fmriprep_24_0_wf.sub_35_wf.bold_task_bird_run_5_wf.bold_native_wf.boldref_bold" in "/work_dir/fmriprep_24_0_wf/sub_35_wf/bold_task_bird_run_5_wf/bold_native_wf/boldref_bold".
250329-10:19:31,445 nipype.workflow INFO:
	 [Node] Executing "boldref_bold" <fmriprep.interfaces.resampling.ResampleSeries>
250329-10:19:36,79 nipype.workflow INFO:
	 [Node] Setting-up "fmriprep_24_0_wf.sub_35_wf.bold_task_bird_run_3_wf.ds_bold_native_wf.ds_bold" in "/work_dir/fmriprep_24_0_wf/sub_35_wf/bold_task_bird_run_3_wf/ds_bold_native_wf/ds_bold".
250329-10:19:36,558 nipype.workflow INFO:
	 [Node] Executing "ds_bold" <fmriprep.interfaces.DerivativesDataSink>
250329-10:20:26,758 nipype.workflow INFO:
	 [Node] Finished "ds_bold", elapsed time 61.83047s.
250329-10:20:38,698 nipype.workflow INFO:
	 [Node] Finished "boldref_bold", elapsed time 73.84487s.
250329-10:20:39,109 nipype.workflow INFO:
	 [Node] Finished "ds_bold", elapsed time 62.54991s.
250329-10:20:39,301 nipype.workflow INFO:
	 [Node] Finished "boldref_bold", elapsed time 67.855448s.
250329-10:20:40,627 nipype.workflow INFO:
	 [Node] Setting-up "fmriprep_24_0_wf.sub_35_wf.anat_fit_wf.brain_extraction_wf.norm" in "/work_dir/fmriprep_24_0_wf/sub_35_wf/anat_fit_wf/brain_extraction_wf/norm".
250329-10:20:40,629 nipype.workflow INFO:
	 [Node] Setting-up "fmriprep_24_0_wf.sub_35_wf.bold_task_bird_run_4_wf.ds_bold_native_wf.ds_bold" in "/work_dir/fmriprep_24_0_wf/sub_35_wf/bold_task_bird_run_4_wf/ds_bold_native_wf/ds_bold".
250329-10:20:40,630 nipype.workflow INFO:
	 [Node] Setting-up "fmriprep_24_0_wf.sub_35_wf.bold_task_bird_run_5_wf.ds_bold_native_wf.ds_bold" in "/work_dir/fmriprep_24_0_wf/sub_35_wf/bold_task_bird_run_5_wf/ds_bold_native_wf/ds_bold".
250329-10:20:40,634 nipype.workflow INFO:
	 [Node] Executing "norm" <niworkflows.interfaces.fixes.FixHeaderRegistration>
250329-10:20:40,927 nipype.workflow INFO:
	 [Node] Setting-up "fmriprep_24_0_wf.sub_35_wf.bold_task_bird_run_6_wf.bold_native_wf.boldref_bold" in "/work_dir/fmriprep_24_0_wf/sub_35_wf/bold_task_bird_run_6_wf/bold_native_wf/boldref_bold".
250329-10:20:40,942 nipype.workflow INFO:
	 [Node] Executing "ds_bold" <fmriprep.interfaces.DerivativesDataSink>
250329-10:20:40,953 nipype.workflow INFO:
	 [Node] Executing "boldref_bold" <fmriprep.interfaces.resampling.ResampleSeries>
250329-10:20:41,250 nipype.workflow INFO:
	 [Node] Executing "ds_bold" <fmriprep.interfaces.DerivativesDataSink>
250329-10:21:55,884 nipype.workflow INFO:
	 [Node] Finished "ds_bold", elapsed time 74.633219s.
250329-10:22:00,317 nipype.workflow INFO:
	 [Node] Finished "ds_bold", elapsed time 79.373835s.
250329-10:22:04,330 nipype.workflow INFO:
	 [Node] Finished "boldref_bold", elapsed time 83.376593s.
250329-10:22:04,659 nipype.workflow INFO:
	 [Node] Setting-up "fmriprep_24_0_wf.sub_35_wf.bold_task_bird_run_6_wf.ds_bold_native_wf.ds_bold" in "/work_dir/fmriprep_24_0_wf/sub_35_wf/bold_task_bird_run_6_wf/ds_bold_native_wf/ds_bold".
250329-10:22:04,950 nipype.workflow INFO:
	 [Node] Executing "ds_bold" <fmriprep.interfaces.DerivativesDataSink>
250329-10:23:09,200 nipype.workflow INFO:
	 [Node] Finished "ds_bold", elapsed time 64.248964s.
250329-10:24:12,488 nipype.workflow INFO:
	 [Node] Finished "unifize", elapsed time 479.869824s.
250329-10:24:14,652 nipype.workflow INFO:
	 [Node] Setting-up "fmriprep_24_0_wf.sub_35_wf.bold_task_bird_run_2_wf.bold_fit_wf.enhance_and_skullstrip_bold_wf.fixhdr_unifize" in "/work_dir/fmriprep_24_0_wf/sub_35_wf/bold_task_bird_run_2_wf/bold_fit_wf/enhance_and_skullstrip_bold_wf/fixhdr_unifize".
250329-10:24:14,654 nipype.workflow INFO:
	 [Node] Executing "fixhdr_unifize" <niworkflows.interfaces.header.CopyXForm>
250329-10:24:14,750 nipype.workflow INFO:
	 [Node] Finished "fixhdr_unifize", elapsed time 0.095324s.
250329-10:24:16,711 nipype.workflow INFO:
	 [Node] Setting-up "fmriprep_24_0_wf.sub_35_wf.bold_task_bird_run_2_wf.bold_fit_wf.enhance_and_skullstrip_bold_wf.skullstrip_second_pass" in "/work_dir/fmriprep_24_0_wf/sub_35_wf/bold_task_bird_run_2_wf/bold_fit_wf/enhance_and_skullstrip_bold_wf/skullstrip_second_pass".
250329-10:24:16,714 nipype.workflow INFO:
	 [Node] Executing "skullstrip_second_pass" <nipype.interfaces.afni.preprocess.Automask>
250329-10:24:17,415 nipype.workflow INFO:
	 [Node] Finished "skullstrip_second_pass", elapsed time 0.700222s.
250329-10:24:18,649 nipype.workflow INFO:
	 [Node] Setting-up "fmriprep_24_0_wf.sub_35_wf.bold_task_bird_run_2_wf.bold_fit_wf.enhance_and_skullstrip_bold_wf.fixhdr_skullstrip2" in "/work_dir/fmriprep_24_0_wf/sub_35_wf/bold_task_bird_run_2_wf/bold_fit_wf/enhance_and_skullstrip_bold_wf/fixhdr_skullstrip2".
250329-10:24:18,652 nipype.workflow INFO:
	 [Node] Executing "fixhdr_skullstrip2" <niworkflows.interfaces.header.CopyXForm>
250329-10:24:18,694 nipype.workflow INFO:
	 [Node] Finished "fixhdr_skullstrip2", elapsed time 0.041388s.
250329-10:24:19,412 nipype.workflow INFO:
	 [Node] Finished "unifize", elapsed time 484.595464s.
250329-10:24:20,660 nipype.workflow INFO:
	 [Node] Setting-up "fmriprep_24_0_wf.sub_35_wf.bold_task_bird_run_5_wf.bold_fit_wf.enhance_and_skullstrip_bold_wf.fixhdr_unifize" in "/work_dir/fmriprep_24_0_wf/sub_35_wf/bold_task_bird_run_5_wf/bold_fit_wf/enhance_and_skullstrip_bold_wf/fixhdr_unifize".
250329-10:24:20,663 nipype.workflow INFO:
	 [Node] Executing "fixhdr_unifize" <niworkflows.interfaces.header.CopyXForm>
250329-10:24:20,670 nipype.workflow INFO:
	 [Node] Setting-up "fmriprep_24_0_wf.sub_35_wf.bold_task_bird_run_2_wf.bold_fit_wf.enhance_and_skullstrip_bold_wf.combine_masks" in "/work_dir/fmriprep_24_0_wf/sub_35_wf/bold_task_bird_run_2_wf/bold_fit_wf/enhance_and_skullstrip_bold_wf/combine_masks".
250329-10:24:20,674 nipype.workflow INFO:
	 [Node] Executing "combine_masks" <nipype.interfaces.fsl.maths.BinaryMaths>
250329-10:24:20,756 nipype.workflow INFO:
	 [Node] Finished "fixhdr_unifize", elapsed time 0.09319s.
250329-10:24:20,898 nipype.workflow INFO:
	 [Node] Finished "combine_masks", elapsed time 0.223119s.
250329-10:24:21,552 nipype.workflow INFO:
	 [Node] Finished "unifize", elapsed time 490.842921s.
250329-10:24:22,729 nipype.workflow INFO:
	 [Node] Setting-up "fmriprep_24_0_wf.sub_35_wf.bold_task_bird_run_1_wf.bold_fit_wf.enhance_and_skullstrip_bold_wf.fixhdr_unifize" in "/work_dir/fmriprep_24_0_wf/sub_35_wf/bold_task_bird_run_1_wf/bold_fit_wf/enhance_and_skullstrip_bold_wf/fixhdr_unifize".
250329-10:24:22,746 nipype.workflow INFO:
	 [Node] Setting-up "fmriprep_24_0_wf.sub_35_wf.bold_task_bird_run_2_wf.bold_fit_wf.enhance_and_skullstrip_bold_wf.apply_mask" in "/work_dir/fmriprep_24_0_wf/sub_35_wf/bold_task_bird_run_2_wf/bold_fit_wf/enhance_and_skullstrip_bold_wf/apply_mask".
250329-10:24:22,755 nipype.workflow INFO:
	 [Node] Executing "apply_mask" <niworkflows.interfaces.nibabel.ApplyMask>
250329-10:24:22,786 nipype.interface WARNING:
	 Changing /output/sub-35/func/sub-35_task-bird_run-2_desc-brain_mask.nii.gz dtype from float32 to uint8
250329-10:24:22,858 nipype.workflow INFO:
	 [Node] Setting-up "fmriprep_24_0_wf.sub_35_wf.bold_task_bird_run_5_wf.bold_fit_wf.enhance_and_skullstrip_bold_wf.skullstrip_second_pass" in "/work_dir/fmriprep_24_0_wf/sub_35_wf/bold_task_bird_run_5_wf/bold_fit_wf/enhance_and_skullstrip_bold_wf/skullstrip_second_pass".
250329-10:24:22,863 nipype.workflow INFO:
	 [Node] Executing "skullstrip_second_pass" <nipype.interfaces.afni.preprocess.Automask>
250329-10:24:22,879 nipype.workflow INFO:
	 [Node] Executing "fixhdr_unifize" <niworkflows.interfaces.header.CopyXForm>
250329-10:24:22,964 nipype.workflow INFO:
	 [Node] Finished "unifize", elapsed time 486.238767s.
250329-10:24:22,995 nipype.workflow INFO:
	 [Node] Finished "apply_mask", elapsed time 0.239636s.
250329-10:24:22,996 nipype.workflow INFO:
	 [Node] Finished "fixhdr_unifize", elapsed time 0.11643s.
250329-10:24:23,403 nipype.workflow INFO:
	 [Node] Finished "skullstrip_second_pass", elapsed time 0.539933s.
250329-10:24:24,780 nipype.workflow INFO:
	 [Node] Setting-up "fmriprep_24_0_wf.sub_35_wf.bold_task_bird_run_4_wf.bold_fit_wf.enhance_and_skullstrip_bold_wf.fixhdr_unifize" in "/work_dir/fmriprep_24_0_wf/sub_35_wf/bold_task_bird_run_4_wf/bold_fit_wf/enhance_and_skullstrip_bold_wf/fixhdr_unifize".
250329-10:24:24,783 nipype.workflow INFO:
	 [Node] Executing "fixhdr_unifize" <niworkflows.interfaces.header.CopyXForm>
250329-10:24:24,810 nipype.workflow INFO:
	 [Node] Setting-up "fmriprep_24_0_wf.sub_35_wf.bold_task_bird_run_5_wf.bold_fit_wf.enhance_and_skullstrip_bold_wf.fixhdr_skullstrip2" in "/work_dir/fmriprep_24_0_wf/sub_35_wf/bold_task_bird_run_5_wf/bold_fit_wf/enhance_and_skullstrip_bold_wf/fixhdr_skullstrip2".
250329-10:24:24,810 nipype.workflow INFO:
	 [Node] Setting-up "fmriprep_24_0_wf.sub_35_wf.bold_task_bird_run_2_wf.bold_confounds_wf.dvars" in "/work_dir/fmriprep_24_0_wf/sub_35_wf/bold_task_bird_run_2_wf/bold_confounds_wf/dvars".
250329-10:24:24,813 nipype.workflow INFO:
	 [Node] Executing "fixhdr_skullstrip2" <niworkflows.interfaces.header.CopyXForm>
250329-10:24:24,814 nipype.workflow INFO:
	 [Node] Setting-up "fmriprep_24_0_wf.sub_35_wf.bold_task_bird_run_2_wf.bold_confounds_wf.tcompcor" in "/work_dir/fmriprep_24_0_wf/sub_35_wf/bold_task_bird_run_2_wf/bold_confounds_wf/tcompcor".
250329-10:24:24,823 nipype.workflow INFO:
	 [Node] Executing "tcompcor" <niworkflows.interfaces.patches.RobustTCompCor>
250329-10:24:24,920 nipype.workflow INFO:
	 [Node] Setting-up "fmriprep_24_0_wf.sub_35_wf.bold_task_bird_run_1_wf.bold_fit_wf.enhance_and_skullstrip_bold_wf.skullstrip_second_pass" in "/work_dir/fmriprep_24_0_wf/sub_35_wf/bold_task_bird_run_1_wf/bold_fit_wf/enhance_and_skullstrip_bold_wf/skullstrip_second_pass".
250329-10:24:24,941 nipype.workflow INFO:
	 [Node] Executing "skullstrip_second_pass" <nipype.interfaces.afni.preprocess.Automask>
250329-10:24:24,956 nipype.workflow INFO:
	 [Node] Finished "fixhdr_skullstrip2", elapsed time 0.14235s.
250329-10:24:24,960 nipype.workflow INFO:
	 [Node] Finished "fixhdr_unifize", elapsed time 0.176393s.
250329-10:24:24,977 nipype.workflow INFO:
	 [Node] Executing "dvars" <nipype.algorithms.confounds.ComputeDVARS>
250329-10:24:26,279 nipype.workflow INFO:
	 [Node] Finished "skullstrip_second_pass", elapsed time 1.336871s.
250329-10:24:26,597 nipype.workflow INFO:
	 [Node] Finished "unifize", elapsed time 493.972766s.
250329-10:24:26,776 nipype.workflow INFO:
	 [Node] Setting-up "fmriprep_24_0_wf.sub_35_wf.bold_task_bird_run_4_wf.bold_fit_wf.enhance_and_skullstrip_bold_wf.skullstrip_second_pass" in "/work_dir/fmriprep_24_0_wf/sub_35_wf/bold_task_bird_run_4_wf/bold_fit_wf/enhance_and_skullstrip_bold_wf/skullstrip_second_pass".
250329-10:24:26,776 nipype.workflow INFO:
	 [Node] Setting-up "fmriprep_24_0_wf.sub_35_wf.bold_task_bird_run_1_wf.bold_fit_wf.enhance_and_skullstrip_bold_wf.fixhdr_skullstrip2" in "/work_dir/fmriprep_24_0_wf/sub_35_wf/bold_task_bird_run_1_wf/bold_fit_wf/enhance_and_skullstrip_bold_wf/fixhdr_skullstrip2".
250329-10:24:26,778 nipype.workflow INFO:
	 [Node] Executing "fixhdr_skullstrip2" <niworkflows.interfaces.header.CopyXForm>
250329-10:24:26,779 nipype.workflow INFO:
	 [Node] Executing "skullstrip_second_pass" <nipype.interfaces.afni.preprocess.Automask>
250329-10:24:26,783 nipype.workflow INFO:
	 [Node] Setting-up "fmriprep_24_0_wf.sub_35_wf.bold_task_bird_run_5_wf.bold_fit_wf.enhance_and_skullstrip_bold_wf.combine_masks" in "/work_dir/fmriprep_24_0_wf/sub_35_wf/bold_task_bird_run_5_wf/bold_fit_wf/enhance_and_skullstrip_bold_wf/combine_masks".
250329-10:24:26,787 nipype.workflow INFO:
	 [Node] Executing "combine_masks" <nipype.interfaces.fsl.maths.BinaryMaths>
250329-10:24:26,855 nipype.workflow INFO:
	 [Node] Finished "fixhdr_skullstrip2", elapsed time 0.075813s.
250329-10:24:27,181 nipype.workflow INFO:
	 [Node] Finished "combine_masks", elapsed time 0.393147s.
250329-10:24:27,434 nipype.workflow INFO:
	 [Node] Finished "skullstrip_second_pass", elapsed time 0.654484s.
250329-10:24:28,661 nipype.workflow INFO:
	 [Node] Setting-up "fmriprep_24_0_wf.sub_35_wf.bold_task_bird_run_3_wf.bold_fit_wf.enhance_and_skullstrip_bold_wf.fixhdr_unifize" in "/work_dir/fmriprep_24_0_wf/sub_35_wf/bold_task_bird_run_3_wf/bold_fit_wf/enhance_and_skullstrip_bold_wf/fixhdr_unifize".
250329-10:24:28,664 nipype.workflow INFO:
	 [Node] Executing "fixhdr_unifize" <niworkflows.interfaces.header.CopyXForm>
250329-10:24:28,674 nipype.workflow INFO:
	 [Node] Setting-up "fmriprep_24_0_wf.sub_35_wf.bold_task_bird_run_4_wf.bold_fit_wf.enhance_and_skullstrip_bold_wf.fixhdr_skullstrip2" in "/work_dir/fmriprep_24_0_wf/sub_35_wf/bold_task_bird_run_4_wf/bold_fit_wf/enhance_and_skullstrip_bold_wf/fixhdr_skullstrip2".
250329-10:24:28,677 nipype.workflow INFO:
	 [Node] Executing "fixhdr_skullstrip2" <niworkflows.interfaces.header.CopyXForm>
250329-10:24:28,682 nipype.workflow INFO:
	 [Node] Setting-up "fmriprep_24_0_wf.sub_35_wf.bold_task_bird_run_1_wf.bold_fit_wf.enhance_and_skullstrip_bold_wf.combine_masks" in "/work_dir/fmriprep_24_0_wf/sub_35_wf/bold_task_bird_run_1_wf/bold_fit_wf/enhance_and_skullstrip_bold_wf/combine_masks".
250329-10:24:28,682 nipype.workflow INFO:
	 [Node] Setting-up "fmriprep_24_0_wf.sub_35_wf.bold_task_bird_run_5_wf.bold_fit_wf.enhance_and_skullstrip_bold_wf.apply_mask" in "/work_dir/fmriprep_24_0_wf/sub_35_wf/bold_task_bird_run_5_wf/bold_fit_wf/enhance_and_skullstrip_bold_wf/apply_mask".
250329-10:24:28,685 nipype.workflow INFO:
	 [Node] Executing "apply_mask" <niworkflows.interfaces.nibabel.ApplyMask>
250329-10:24:28,692 nipype.workflow INFO:
	 [Node] Executing "combine_masks" <nipype.interfaces.fsl.maths.BinaryMaths>
250329-10:24:28,728 nipype.interface WARNING:
	 Changing /output/sub-35/func/sub-35_task-bird_run-5_desc-brain_mask.nii.gz dtype from float32 to uint8
250329-10:24:28,766 nipype.workflow INFO:
	 [Node] Finished "apply_mask", elapsed time 0.080234s.
250329-10:24:28,783 nipype.workflow INFO:
	 [Node] Finished "fixhdr_skullstrip2", elapsed time 0.104436s.
250329-10:24:28,865 nipype.workflow INFO:
	 [Node] Finished "fixhdr_unifize", elapsed time 0.200591s.
250329-10:24:29,16 nipype.workflow INFO:
	 [Node] Finished "combine_masks", elapsed time 0.323266s.
250329-10:24:30,686 nipype.workflow INFO:
	 [Node] Setting-up "fmriprep_24_0_wf.sub_35_wf.bold_task_bird_run_4_wf.bold_fit_wf.enhance_and_skullstrip_bold_wf.combine_masks" in "/work_dir/fmriprep_24_0_wf/sub_35_wf/bold_task_bird_run_4_wf/bold_fit_wf/enhance_and_skullstrip_bold_wf/combine_masks".
250329-10:24:30,688 nipype.workflow INFO:
	 [Node] Setting-up "fmriprep_24_0_wf.sub_35_wf.bold_task_bird_run_1_wf.bold_fit_wf.enhance_and_skullstrip_bold_wf.apply_mask" in "/work_dir/fmriprep_24_0_wf/sub_35_wf/bold_task_bird_run_1_wf/bold_fit_wf/enhance_and_skullstrip_bold_wf/apply_mask".
250329-10:24:30,691 nipype.workflow INFO:
	 [Node] Executing "apply_mask" <niworkflows.interfaces.nibabel.ApplyMask>
250329-10:24:30,698 nipype.workflow INFO:
	 [Node] Executing "combine_masks" <nipype.interfaces.fsl.maths.BinaryMaths>
250329-10:24:30,752 nipype.workflow INFO:
	 [Node] Setting-up "fmriprep_24_0_wf.sub_35_wf.bold_task_bird_run_3_wf.bold_fit_wf.enhance_and_skullstrip_bold_wf.skullstrip_second_pass" in "/work_dir/fmriprep_24_0_wf/sub_35_wf/bold_task_bird_run_3_wf/bold_fit_wf/enhance_and_skullstrip_bold_wf/skullstrip_second_pass".
250329-10:24:30,765 nipype.workflow INFO:
	 [Node] Executing "skullstrip_second_pass" <nipype.interfaces.afni.preprocess.Automask>
250329-10:24:30,773 nipype.workflow INFO:
	 [Node] Finished "apply_mask", elapsed time 0.080951s.
250329-10:24:30,794 nipype.interface WARNING:
	 Changing /output/sub-35/func/sub-35_task-bird_run-1_desc-brain_mask.nii.gz dtype from float32 to uint8
250329-10:24:30,968 nipype.workflow INFO:
	 [Node] Finished "combine_masks", elapsed time 0.269044s.
250329-10:24:31,155 nipype.workflow INFO:
	 [Node] Setting-up "fmriprep_24_0_wf.sub_35_wf.bold_task_bird_run_5_wf.bold_confounds_wf.dvars" in "/work_dir/fmriprep_24_0_wf/sub_35_wf/bold_task_bird_run_5_wf/bold_confounds_wf/dvars".
250329-10:24:31,165 nipype.workflow INFO:
	 [Node] Setting-up "fmriprep_24_0_wf.sub_35_wf.bold_task_bird_run_5_wf.bold_confounds_wf.tcompcor" in "/work_dir/fmriprep_24_0_wf/sub_35_wf/bold_task_bird_run_5_wf/bold_confounds_wf/tcompcor".
250329-10:24:31,169 nipype.workflow INFO:
	 [Node] Executing "dvars" <nipype.algorithms.confounds.ComputeDVARS>
250329-10:24:31,277 nipype.workflow INFO:
	 [Node] Finished "skullstrip_second_pass", elapsed time 0.511488s.
250329-10:24:31,444 nipype.workflow INFO:
	 [Node] Executing "tcompcor" <niworkflows.interfaces.patches.RobustTCompCor>
250329-10:24:33,54 nipype.workflow INFO:
	 [Node] Setting-up "fmriprep_24_0_wf.sub_35_wf.bold_task_bird_run_3_wf.bold_fit_wf.enhance_and_skullstrip_bold_wf.fixhdr_skullstrip2" in "/work_dir/fmriprep_24_0_wf/sub_35_wf/bold_task_bird_run_3_wf/bold_fit_wf/enhance_and_skullstrip_bold_wf/fixhdr_skullstrip2".
250329-10:24:33,55 nipype.workflow INFO:
	 [Node] Setting-up "fmriprep_24_0_wf.sub_35_wf.bold_task_bird_run_4_wf.bold_fit_wf.enhance_and_skullstrip_bold_wf.apply_mask" in "/work_dir/fmriprep_24_0_wf/sub_35_wf/bold_task_bird_run_4_wf/bold_fit_wf/enhance_and_skullstrip_bold_wf/apply_mask".
250329-10:24:33,57 nipype.workflow INFO:
	 [Node] Executing "fixhdr_skullstrip2" <niworkflows.interfaces.header.CopyXForm>
250329-10:24:33,57 nipype.workflow INFO:
	 [Node] Executing "apply_mask" <niworkflows.interfaces.nibabel.ApplyMask>
250329-10:24:33,133 nipype.workflow INFO:
	 [Node] Finished "fixhdr_skullstrip2", elapsed time 0.07507s.
250329-10:24:33,133 nipype.interface WARNING:
	 Changing /output/sub-35/func/sub-35_task-bird_run-4_desc-brain_mask.nii.gz dtype from float32 to uint8
250329-10:24:33,220 nipype.workflow INFO:
	 [Node] Finished "apply_mask", elapsed time 0.162674s.
250329-10:24:33,435 nipype.workflow INFO:
	 [Node] Setting-up "fmriprep_24_0_wf.sub_35_wf.bold_task_bird_run_1_wf.bold_confounds_wf.dvars" in "/work_dir/fmriprep_24_0_wf/sub_35_wf/bold_task_bird_run_1_wf/bold_confounds_wf/dvars".
250329-10:24:33,437 nipype.workflow INFO:
	 [Node] Setting-up "fmriprep_24_0_wf.sub_35_wf.bold_task_bird_run_1_wf.bold_confounds_wf.tcompcor" in "/work_dir/fmriprep_24_0_wf/sub_35_wf/bold_task_bird_run_1_wf/bold_confounds_wf/tcompcor".
250329-10:24:33,544 nipype.workflow INFO:
	 [Node] Executing "tcompcor" <niworkflows.interfaces.patches.RobustTCompCor>
250329-10:24:33,560 nipype.workflow INFO:
	 [Node] Executing "dvars" <nipype.algorithms.confounds.ComputeDVARS>
250329-10:24:34,949 nipype.workflow INFO:
	 [Node] Setting-up "fmriprep_24_0_wf.sub_35_wf.bold_task_bird_run_3_wf.bold_fit_wf.enhance_and_skullstrip_bold_wf.combine_masks" in "/work_dir/fmriprep_24_0_wf/sub_35_wf/bold_task_bird_run_3_wf/bold_fit_wf/enhance_and_skullstrip_bold_wf/combine_masks".
250329-10:24:34,954 nipype.workflow INFO:
	 [Node] Executing "combine_masks" <nipype.interfaces.fsl.maths.BinaryMaths>
250329-10:24:34,957 nipype.workflow INFO:
	 [Node] Setting-up "fmriprep_24_0_wf.sub_35_wf.bold_task_bird_run_4_wf.bold_confounds_wf.dvars" in "/work_dir/fmriprep_24_0_wf/sub_35_wf/bold_task_bird_run_4_wf/bold_confounds_wf/dvars".
250329-10:24:34,957 nipype.workflow INFO:
	 [Node] Setting-up "fmriprep_24_0_wf.sub_35_wf.bold_task_bird_run_4_wf.bold_confounds_wf.tcompcor" in "/work_dir/fmriprep_24_0_wf/sub_35_wf/bold_task_bird_run_4_wf/bold_confounds_wf/tcompcor".
250329-10:24:35,99 nipype.workflow INFO:
	 [Node] Executing "tcompcor" <niworkflows.interfaces.patches.RobustTCompCor>
250329-10:24:35,384 nipype.workflow INFO:
	 [Node] Finished "combine_masks", elapsed time 0.429433s.
250329-10:24:35,672 nipype.workflow INFO:
	 [Node] Finished "tcompcor", elapsed time 10.848317s.
250329-10:24:36,872 nipype.workflow INFO:
	 [Node] Setting-up "fmriprep_24_0_wf.sub_35_wf.bold_task_bird_run_3_wf.bold_fit_wf.enhance_and_skullstrip_bold_wf.apply_mask" in "/work_dir/fmriprep_24_0_wf/sub_35_wf/bold_task_bird_run_3_wf/bold_fit_wf/enhance_and_skullstrip_bold_wf/apply_mask".
250329-10:24:36,948 nipype.interface WARNING:
	 Changing /output/sub-35/func/sub-35_task-bird_run-3_desc-brain_mask.nii.gz dtype from float32 to uint8
250329-10:24:37,18 nipype.workflow INFO:
	 [Node] Executing "apply_mask" <niworkflows.interfaces.nibabel.ApplyMask>
250329-10:24:37,178 nipype.workflow INFO:
	 [Node] Finished "apply_mask", elapsed time 0.159314s.
250329-10:24:37,427 nipype.workflow INFO:
	 [Node] Executing "dvars" <nipype.algorithms.confounds.ComputeDVARS>
250329-10:24:39,47 nipype.workflow INFO:
	 [Node] Setting-up "fmriprep_24_0_wf.sub_35_wf.bold_task_bird_run_3_wf.bold_confounds_wf.dvars" in "/work_dir/fmriprep_24_0_wf/sub_35_wf/bold_task_bird_run_3_wf/bold_confounds_wf/dvars".
250329-10:24:39,62 nipype.workflow INFO:
	 [Node] Setting-up "fmriprep_24_0_wf.sub_35_wf.bold_task_bird_run_3_wf.bold_confounds_wf.tcompcor" in "/work_dir/fmriprep_24_0_wf/sub_35_wf/bold_task_bird_run_3_wf/bold_confounds_wf/tcompcor".
250329-10:24:39,322 nipype.workflow INFO:
	 [Node] Executing "tcompcor" <niworkflows.interfaces.patches.RobustTCompCor>
250329-10:24:39,769 nipype.workflow INFO:
	 [Node] Executing "dvars" <nipype.algorithms.confounds.ComputeDVARS>
250329-10:24:39,978 nipype.workflow INFO:
	 [Node] Setting-up "fmriprep_24_0_wf.sub_35_wf.bold_task_bird_run_2_wf.bold_confounds_wf.tcc_metadata_filter" in "/work_dir/fmriprep_24_0_wf/sub_35_wf/bold_task_bird_run_2_wf/bold_confounds_wf/tcc_metadata_filter".
250329-10:24:39,981 nipype.workflow INFO:
	 [Node] Executing "tcc_metadata_filter" <fmriprep.interfaces.confounds.FilterDropped>
250329-10:24:40,8 nipype.workflow INFO:
	 [Node] Finished "tcc_metadata_filter", elapsed time 0.026633s.
250329-10:24:40,870 nipype.workflow INFO:
	 [Node] Setting-up "fmriprep_24_0_wf.sub_35_wf.bold_task_bird_run_2_wf.bold_confounds_wf.tcc_metadata_fmt" in "/work_dir/fmriprep_24_0_wf/sub_35_wf/bold_task_bird_run_2_wf/bold_confounds_wf/tcc_metadata_fmt".
250329-10:24:40,873 nipype.workflow INFO:
	 [Node] Executing "tcc_metadata_fmt" <niworkflows.interfaces.utility.TSV2JSON>
250329-10:24:40,888 nipype.workflow INFO:
	 [Node] Finished "tcc_metadata_fmt", elapsed time 0.01391s.
250329-10:24:47,586 nipype.workflow INFO:
	 [Node] Finished "tcompcor", elapsed time 16.141468s.
250329-10:24:49,460 nipype.workflow INFO:
	 [Node] Finished "tcompcor", elapsed time 15.902987s.
250329-10:24:53,530 nipype.workflow INFO:
	 [Node] Finished "tcompcor", elapsed time 18.430327s.
250329-10:24:53,836 nipype.workflow INFO:
	 [Node] Setting-up "fmriprep_24_0_wf.sub_35_wf.bold_task_bird_run_5_wf.bold_confounds_wf.tcc_metadata_filter" in "/work_dir/fmriprep_24_0_wf/sub_35_wf/bold_task_bird_run_5_wf/bold_confounds_wf/tcc_metadata_filter".
250329-10:24:53,844 nipype.workflow INFO:
	 [Node] Executing "tcc_metadata_filter" <fmriprep.interfaces.confounds.FilterDropped>
250329-10:24:53,863 nipype.workflow INFO:
	 [Node] Finished "tcc_metadata_filter", elapsed time 0.01851s.
250329-10:24:54,874 nipype.workflow INFO:
	 [Node] Setting-up "fmriprep_24_0_wf.sub_35_wf.bold_task_bird_run_5_wf.bold_confounds_wf.tcc_metadata_fmt" in "/work_dir/fmriprep_24_0_wf/sub_35_wf/bold_task_bird_run_5_wf/bold_confounds_wf/tcc_metadata_fmt".
250329-10:24:54,876 nipype.workflow INFO:
	 [Node] Executing "tcc_metadata_fmt" <niworkflows.interfaces.utility.TSV2JSON>
250329-10:24:54,882 nipype.workflow INFO:
	 [Node] Finished "tcc_metadata_fmt", elapsed time 0.005117s.
250329-10:24:56,60 nipype.workflow INFO:
	 [Node] Setting-up "fmriprep_24_0_wf.sub_35_wf.bold_task_bird_run_1_wf.bold_confounds_wf.tcc_metadata_filter" in "/work_dir/fmriprep_24_0_wf/sub_35_wf/bold_task_bird_run_1_wf/bold_confounds_wf/tcc_metadata_filter".
250329-10:24:56,68 nipype.workflow INFO:
	 [Node] Executing "tcc_metadata_filter" <fmriprep.interfaces.confounds.FilterDropped>
250329-10:24:56,86 nipype.workflow INFO:
	 [Node] Finished "tcc_metadata_filter", elapsed time 0.017511s.
250329-10:24:56,369 nipype.workflow INFO:
	 [Node] Setting-up "fmriprep_24_0_wf.sub_35_wf.bold_task_bird_run_4_wf.bold_confounds_wf.tcc_metadata_filter" in "/work_dir/fmriprep_24_0_wf/sub_35_wf/bold_task_bird_run_4_wf/bold_confounds_wf/tcc_metadata_filter".
250329-10:24:56,372 nipype.workflow INFO:
	 [Node] Executing "tcc_metadata_filter" <fmriprep.interfaces.confounds.FilterDropped>
250329-10:24:56,378 nipype.workflow INFO:
	 [Node] Finished "tcc_metadata_filter", elapsed time 0.004727s.
250329-10:24:56,912 nipype.workflow INFO:
	 [Node] Setting-up "fmriprep_24_0_wf.sub_35_wf.bold_task_bird_run_1_wf.bold_confounds_wf.tcc_metadata_fmt" in "/work_dir/fmriprep_24_0_wf/sub_35_wf/bold_task_bird_run_1_wf/bold_confounds_wf/tcc_metadata_fmt".
250329-10:24:56,923 nipype.workflow INFO:
	 [Node] Setting-up "fmriprep_24_0_wf.sub_35_wf.bold_task_bird_run_4_wf.bold_confounds_wf.tcc_metadata_fmt" in "/work_dir/fmriprep_24_0_wf/sub_35_wf/bold_task_bird_run_4_wf/bold_confounds_wf/tcc_metadata_fmt".
250329-10:24:56,925 nipype.workflow INFO:
	 [Node] Executing "tcc_metadata_fmt" <niworkflows.interfaces.utility.TSV2JSON>
250329-10:24:56,931 nipype.workflow INFO:
	 [Node] Finished "tcc_metadata_fmt", elapsed time 0.005209s.
250329-10:24:57,229 nipype.workflow INFO:
	 [Node] Finished "tcompcor", elapsed time 17.906248s.
250329-10:24:57,972 nipype.workflow INFO:
	 [Node] Executing "tcc_metadata_fmt" <niworkflows.interfaces.utility.TSV2JSON>
250329-10:24:57,978 nipype.workflow INFO:
	 [Node] Finished "tcc_metadata_fmt", elapsed time 0.005225s.
250329-10:25:00,668 nipype.workflow INFO:
	 [Node] Setting-up "fmriprep_24_0_wf.sub_35_wf.bold_task_bird_run_3_wf.bold_confounds_wf.tcc_metadata_filter" in "/work_dir/fmriprep_24_0_wf/sub_35_wf/bold_task_bird_run_3_wf/bold_confounds_wf/tcc_metadata_filter".
250329-10:25:00,680 nipype.workflow INFO:
	 [Node] Executing "tcc_metadata_filter" <fmriprep.interfaces.confounds.FilterDropped>
250329-10:25:00,699 nipype.workflow INFO:
	 [Node] Finished "tcc_metadata_filter", elapsed time 0.017567s.
250329-10:25:02,889 nipype.workflow INFO:
	 [Node] Setting-up "fmriprep_24_0_wf.sub_35_wf.bold_task_bird_run_3_wf.bold_confounds_wf.tcc_metadata_fmt" in "/work_dir/fmriprep_24_0_wf/sub_35_wf/bold_task_bird_run_3_wf/bold_confounds_wf/tcc_metadata_fmt".
250329-10:25:02,891 nipype.workflow INFO:
	 [Node] Executing "tcc_metadata_fmt" <niworkflows.interfaces.utility.TSV2JSON>
250329-10:25:02,916 nipype.workflow INFO:
	 [Node] Finished "tcc_metadata_fmt", elapsed time 0.02441s.
250329-10:25:11,937 nipype.workflow INFO:
	 [Node] Finished "dvars", elapsed time 46.958878s.
250329-10:25:13,570 nipype.workflow INFO:
	 [Node] Finished "dvars", elapsed time 42.399664s.
250329-10:25:15,506 nipype.workflow INFO:
	 [Node] Finished "dvars", elapsed time 41.945032s.
250329-10:25:19,289 nipype.workflow INFO:
	 [Node] Finished "dvars", elapsed time 41.860746s.
250329-10:25:20,654 nipype.workflow INFO:
	 [Node] Finished "dvars", elapsed time 40.883829s.
250329-10:25:50,689 nipype.workflow INFO:
	 [Node] Finished "unifize", elapsed time 482.069803s.
250329-10:25:52,694 nipype.workflow INFO:
	 [Node] Setting-up "fmriprep_24_0_wf.sub_35_wf.bold_task_bird_run_6_wf.bold_fit_wf.enhance_and_skullstrip_bold_wf.fixhdr_unifize" in "/work_dir/fmriprep_24_0_wf/sub_35_wf/bold_task_bird_run_6_wf/bold_fit_wf/enhance_and_skullstrip_bold_wf/fixhdr_unifize".
250329-10:25:52,696 nipype.workflow INFO:
	 [Node] Executing "fixhdr_unifize" <niworkflows.interfaces.header.CopyXForm>
250329-10:25:52,808 nipype.workflow INFO:
	 [Node] Finished "fixhdr_unifize", elapsed time 0.11029s.
250329-10:25:54,728 nipype.workflow INFO:
	 [Node] Setting-up "fmriprep_24_0_wf.sub_35_wf.bold_task_bird_run_6_wf.bold_fit_wf.enhance_and_skullstrip_bold_wf.skullstrip_second_pass" in "/work_dir/fmriprep_24_0_wf/sub_35_wf/bold_task_bird_run_6_wf/bold_fit_wf/enhance_and_skullstrip_bold_wf/skullstrip_second_pass".
250329-10:25:54,736 nipype.workflow INFO:
	 [Node] Executing "skullstrip_second_pass" <nipype.interfaces.afni.preprocess.Automask>
250329-10:25:55,393 nipype.workflow INFO:
	 [Node] Finished "skullstrip_second_pass", elapsed time 0.656765s.
250329-10:25:56,969 nipype.workflow INFO:
	 [Node] Setting-up "fmriprep_24_0_wf.sub_35_wf.bold_task_bird_run_6_wf.bold_fit_wf.enhance_and_skullstrip_bold_wf.fixhdr_skullstrip2" in "/work_dir/fmriprep_24_0_wf/sub_35_wf/bold_task_bird_run_6_wf/bold_fit_wf/enhance_and_skullstrip_bold_wf/fixhdr_skullstrip2".
250329-10:25:57,17 nipype.workflow INFO:
	 [Node] Executing "fixhdr_skullstrip2" <niworkflows.interfaces.header.CopyXForm>
250329-10:25:57,106 nipype.workflow INFO:
	 [Node] Finished "fixhdr_skullstrip2", elapsed time 0.087602s.
250329-10:25:58,677 nipype.workflow INFO:
	 [Node] Setting-up "fmriprep_24_0_wf.sub_35_wf.bold_task_bird_run_6_wf.bold_fit_wf.enhance_and_skullstrip_bold_wf.combine_masks" in "/work_dir/fmriprep_24_0_wf/sub_35_wf/bold_task_bird_run_6_wf/bold_fit_wf/enhance_and_skullstrip_bold_wf/combine_masks".
250329-10:25:58,680 nipype.workflow INFO:
	 [Node] Executing "combine_masks" <nipype.interfaces.fsl.maths.BinaryMaths>
250329-10:25:58,868 nipype.workflow INFO:
	 [Node] Finished "combine_masks", elapsed time 0.186324s.
250329-10:26:00,705 nipype.workflow INFO:
	 [Node] Setting-up "fmriprep_24_0_wf.sub_35_wf.bold_task_bird_run_6_wf.bold_fit_wf.enhance_and_skullstrip_bold_wf.apply_mask" in "/work_dir/fmriprep_24_0_wf/sub_35_wf/bold_task_bird_run_6_wf/bold_fit_wf/enhance_and_skullstrip_bold_wf/apply_mask".
250329-10:26:00,708 nipype.workflow INFO:
	 [Node] Executing "apply_mask" <niworkflows.interfaces.nibabel.ApplyMask>
250329-10:26:00,766 nipype.interface WARNING:
	 Changing /output/sub-35/func/sub-35_task-bird_run-6_desc-brain_mask.nii.gz dtype from float32 to uint8
250329-10:26:00,794 nipype.workflow INFO:
	 [Node] Finished "apply_mask", elapsed time 0.085252s.
250329-10:26:01,96 nipype.workflow INFO:
	 [Node] Finished "autorecon1", elapsed time 953.116737s.
250329-10:26:02,684 nipype.workflow INFO:
	 [Node] Setting-up "fmriprep_24_0_wf.sub_35_wf.anat_fit_wf.surface_recon_wf.fsnative2t1w_xfm" in "/work_dir/fmriprep_24_0_wf/sub_35_wf/anat_fit_wf/surface_recon_wf/fsnative2t1w_xfm".
250329-10:26:02,684 nipype.workflow INFO:
	 [Node] Setting-up "fmriprep_24_0_wf.sub_35_wf.bold_task_bird_run_6_wf.bold_confounds_wf.dvars" in "/work_dir/fmriprep_24_0_wf/sub_35_wf/bold_task_bird_run_6_wf/bold_confounds_wf/dvars".
250329-10:26:02,688 nipype.workflow INFO:
	 [Node] Executing "fsnative2t1w_xfm" <niworkflows.interfaces.freesurfer.PatchedRobustRegister>
250329-10:26:02,690 nipype.workflow INFO:
	 [Node] Setting-up "fmriprep_24_0_wf.sub_35_wf.bold_task_bird_run_6_wf.bold_confounds_wf.tcompcor" in "/work_dir/fmriprep_24_0_wf/sub_35_wf/bold_task_bird_run_6_wf/bold_confounds_wf/tcompcor".
250329-10:26:02,802 nipype.workflow INFO:
	 [Node] Executing "dvars" <nipype.algorithms.confounds.ComputeDVARS>
250329-10:26:02,837 nipype.workflow INFO:
	 [Node] Executing "tcompcor" <niworkflows.interfaces.patches.RobustTCompCor>
250329-10:26:11,660 nipype.workflow INFO:
	 [Node] Finished "tcompcor", elapsed time 8.822346s.
250329-10:26:12,676 nipype.workflow INFO:
	 [Node] Setting-up "fmriprep_24_0_wf.sub_35_wf.bold_task_bird_run_6_wf.bold_confounds_wf.tcc_metadata_filter" in "/work_dir/fmriprep_24_0_wf/sub_35_wf/bold_task_bird_run_6_wf/bold_confounds_wf/tcc_metadata_filter".
250329-10:26:12,678 nipype.workflow INFO:
	 [Node] Executing "tcc_metadata_filter" <fmriprep.interfaces.confounds.FilterDropped>
250329-10:26:12,686 nipype.workflow INFO:
	 [Node] Finished "tcc_metadata_filter", elapsed time 0.007507s.
250329-10:26:14,685 nipype.workflow INFO:
	 [Node] Setting-up "fmriprep_24_0_wf.sub_35_wf.bold_task_bird_run_6_wf.bold_confounds_wf.tcc_metadata_fmt" in "/work_dir/fmriprep_24_0_wf/sub_35_wf/bold_task_bird_run_6_wf/bold_confounds_wf/tcc_metadata_fmt".
250329-10:26:17,549 nipype.workflow INFO:
	 [Node] Executing "tcc_metadata_fmt" <niworkflows.interfaces.utility.TSV2JSON>
250329-10:26:17,555 nipype.workflow INFO:
	 [Node] Finished "tcc_metadata_fmt", elapsed time 0.005241s.
250329-10:26:32,362 nipype.workflow INFO:
	 [Node] Finished "dvars", elapsed time 29.546296s.
250329-10:26:52,671 nipype.workflow INFO:
	 [Node] Finished "fsnative2t1w_xfm", elapsed time 49.982422s.
250329-10:31:29,254 nipype.workflow INFO:
	 [Node] Finished "norm", elapsed time 648.619011s.
250329-10:31:30,660 nipype.workflow INFO:
	 [Node] Setting-up "fmriprep_24_0_wf.sub_35_wf.anat_fit_wf.brain_extraction_wf.map_brainmask" in "/work_dir/fmriprep_24_0_wf/sub_35_wf/anat_fit_wf/brain_extraction_wf/map_brainmask".
250329-10:31:30,661 nipype.workflow INFO:
	 [Node] Setting-up "fmriprep_24_0_wf.sub_35_wf.anat_fit_wf.brain_extraction_wf.map_wmmask" in "/work_dir/fmriprep_24_0_wf/sub_35_wf/anat_fit_wf/brain_extraction_wf/map_wmmask".
250329-10:31:30,667 nipype.workflow INFO:
	 [Node] Executing "map_wmmask" <niworkflows.interfaces.fixes.FixHeaderApplyTransforms>
250329-10:31:30,667 nipype.workflow INFO:
	 [Node] Executing "map_brainmask" <niworkflows.interfaces.fixes.FixHeaderApplyTransforms>
250329-10:31:48,524 nipype.workflow INFO:
	 [Node] Finished "map_brainmask", elapsed time 17.856147s.
250329-10:31:48,872 nipype.workflow INFO:
	 [Node] Finished "map_wmmask", elapsed time 17.998326s.
250329-10:31:50,658 nipype.workflow INFO:
	 [Node] Setting-up "fmriprep_24_0_wf.sub_35_wf.anat_fit_wf.brain_extraction_wf.thr_brainmask" in "/work_dir/fmriprep_24_0_wf/sub_35_wf/anat_fit_wf/brain_extraction_wf/thr_brainmask".
250329-10:31:50,660 nipype.workflow INFO:
	 [Node] Executing "thr_brainmask" <nipype.interfaces.ants.utils.ThresholdImage>
250329-10:31:50,665 nipype.workflow INFO:
	 [Node] Setting-up "_inu_n4_final0" in "/work_dir/fmriprep_24_0_wf/sub_35_wf/anat_fit_wf/brain_extraction_wf/inu_n4_final/mapflow/_inu_n4_final0".
250329-10:31:50,666 nipype.workflow INFO:
	 [Node] Executing "_inu_n4_final0" <nipype.interfaces.ants.segmentation.N4BiasFieldCorrection>
250329-10:31:51,686 nipype.workflow INFO:
	 [Node] Finished "thr_brainmask", elapsed time 1.025039s.
250329-10:31:52,679 nipype.workflow INFO:
	 [Node] Setting-up "fmriprep_24_0_wf.sub_35_wf.anat_fit_wf.brain_extraction_wf.atropos_wf.dil_brainmask" in "/work_dir/fmriprep_24_0_wf/sub_35_wf/anat_fit_wf/brain_extraction_wf/atropos_wf/dil_brainmask".
250329-10:31:52,679 nipype.workflow INFO:
	 [Node] Setting-up "fmriprep_24_0_wf.sub_35_wf.anat_fit_wf.brain_extraction_wf.atropos_wf.03_pad_mask" in "/work_dir/fmriprep_24_0_wf/sub_35_wf/anat_fit_wf/brain_extraction_wf/atropos_wf/03_pad_mask".
250329-10:31:52,682 nipype.workflow INFO:
	 [Node] Executing "03_pad_mask" <nipype.interfaces.ants.utils.ImageMath>
250329-10:31:52,682 nipype.workflow INFO:
	 [Node] Executing "dil_brainmask" <nipype.interfaces.ants.utils.ImageMath>
250329-10:31:53,552 nipype.workflow INFO:
	 [Node] Finished "03_pad_mask", elapsed time 0.86928s.
250329-10:31:54,324 nipype.workflow INFO:
	 [Node] Finished "dil_brainmask", elapsed time 1.392616s.
250329-10:31:54,677 nipype.workflow INFO:
	 [Node] Setting-up "fmriprep_24_0_wf.sub_35_wf.anat_fit_wf.brain_extraction_wf.atropos_wf.get_brainmask" in "/work_dir/fmriprep_24_0_wf/sub_35_wf/anat_fit_wf/brain_extraction_wf/atropos_wf/get_brainmask".
250329-10:31:54,679 nipype.workflow INFO:
	 [Node] Executing "get_brainmask" <nipype.interfaces.ants.utils.ImageMath>
250329-10:31:56,208 nipype.workflow INFO:
	 [Node] Finished "get_brainmask", elapsed time 1.283172s.
250329-10:32:08,647 nipype.workflow INFO:
	 [Node] Finished "_inu_n4_final0", elapsed time 17.979561s.
250329-10:32:10,665 nipype.workflow INFO:
	 [Node] Setting-up "fmriprep_24_0_wf.sub_35_wf.anat_fit_wf.brain_extraction_wf.atropos_wf.01_atropos" in "/work_dir/fmriprep_24_0_wf/sub_35_wf/anat_fit_wf/brain_extraction_wf/atropos_wf/01_atropos".
250329-10:32:10,668 nipype.workflow INFO:
	 [Node] Setting-up "_apply_mask0" in "/work_dir/fmriprep_24_0_wf/sub_35_wf/anat_fit_wf/brain_extraction_wf/apply_mask/mapflow/_apply_mask0".
250329-10:32:10,669 nipype.workflow INFO:
	 [Node] Executing "01_atropos" <nipype.interfaces.ants.segmentation.Atropos>
250329-10:32:10,669 nipype.workflow INFO:
	 [Node] Executing "_apply_mask0" <niworkflows.interfaces.nibabel.ApplyMask>
250329-10:32:11,444 nipype.workflow INFO:
	 [Node] Finished "_apply_mask0", elapsed time 0.774432s.
250329-10:32:38,821 nipype.workflow INFO:
	 [Node] Finished "01_atropos", elapsed time 28.151259s.
250329-10:32:40,684 nipype.workflow INFO:
	 [Node] Setting-up "fmriprep_24_0_wf.sub_35_wf.anat_fit_wf.brain_extraction_wf.atropos_wf.02_pad_segm" in "/work_dir/fmriprep_24_0_wf/sub_35_wf/anat_fit_wf/brain_extraction_wf/atropos_wf/02_pad_segm".
250329-10:32:40,687 nipype.workflow INFO:
	 [Node] Executing "02_pad_segm" <nipype.interfaces.ants.utils.ImageMath>
250329-10:32:41,629 nipype.workflow INFO:
	 [Node] Finished "02_pad_segm", elapsed time 0.941435s.
250329-10:32:42,674 nipype.workflow INFO:
	 [Node] Setting-up "fmriprep_24_0_wf.sub_35_wf.anat_fit_wf.brain_extraction_wf.atropos_wf.04_sel_labels" in "/work_dir/fmriprep_24_0_wf/sub_35_wf/anat_fit_wf/brain_extraction_wf/atropos_wf/04_sel_labels".
250329-10:32:42,676 nipype.workflow INFO:
	 [Node] Executing "04_sel_labels" <nipype.interfaces.utility.wrappers.Function>
250329-10:32:43,31 nipype.workflow INFO:
	 [Node] Finished "04_sel_labels", elapsed time 0.35449s.
250329-10:32:45,281 nipype.workflow INFO:
	 [Node] Setting-up "fmriprep_24_0_wf.sub_35_wf.anat_fit_wf.brain_extraction_wf.atropos_wf.05_get_wm" in "/work_dir/fmriprep_24_0_wf/sub_35_wf/anat_fit_wf/brain_extraction_wf/atropos_wf/05_get_wm".
250329-10:32:45,282 nipype.workflow INFO:
	 [Node] Setting-up "fmriprep_24_0_wf.sub_35_wf.anat_fit_wf.brain_extraction_wf.atropos_wf.06_get_gm" in "/work_dir/fmriprep_24_0_wf/sub_35_wf/anat_fit_wf/brain_extraction_wf/atropos_wf/06_get_gm".
250329-10:32:45,282 nipype.workflow INFO:
	 [Node] Setting-up "fmriprep_24_0_wf.sub_35_wf.anat_fit_wf.brain_extraction_wf.atropos_wf.10_me_csf" in "/work_dir/fmriprep_24_0_wf/sub_35_wf/anat_fit_wf/brain_extraction_wf/atropos_wf/10_me_csf".
250329-10:32:45,282 nipype.workflow INFO:
	 [Node] Setting-up "fmriprep_24_0_wf.sub_35_wf.anat_fit_wf.brain_extraction_wf.atropos_wf.27_depad_csf" in "/work_dir/fmriprep_24_0_wf/sub_35_wf/anat_fit_wf/brain_extraction_wf/atropos_wf/27_depad_csf".
250329-10:32:45,284 nipype.workflow INFO:
	 [Node] Executing "05_get_wm" <nipype.interfaces.ants.utils.ImageMath>
250329-10:32:45,284 nipype.workflow INFO:
	 [Node] Executing "06_get_gm" <nipype.interfaces.ants.utils.ImageMath>
250329-10:32:45,285 nipype.workflow INFO:
	 [Node] Executing "27_depad_csf" <nipype.interfaces.ants.utils.ImageMath>
250329-10:32:45,285 nipype.workflow INFO:
	 [Node] Executing "10_me_csf" <nipype.interfaces.ants.utils.ImageMath>
250329-10:32:45,989 nipype.workflow INFO:
	 [Node] Finished "27_depad_csf", elapsed time 0.704155s.
250329-10:32:46,807 nipype.workflow INFO:
	 [Node] Finished "06_get_gm", elapsed time 1.52256s.
250329-10:32:47,21 nipype.workflow INFO:
	 [Node] Finished "05_get_wm", elapsed time 1.5079660000000001s.
250329-10:32:47,298 nipype.workflow INFO:
	 [Node] Setting-up "fmriprep_24_0_wf.sub_35_wf.anat_fit_wf.brain_extraction_wf.atropos_wf.09_relabel_wm" in "/work_dir/fmriprep_24_0_wf/sub_35_wf/anat_fit_wf/brain_extraction_wf/atropos_wf/09_relabel_wm".
250329-10:32:47,298 nipype.workflow INFO:
	 [Node] Setting-up "fmriprep_24_0_wf.sub_35_wf.anat_fit_wf.brain_extraction_wf.atropos_wf.07_fill_gm" in "/work_dir/fmriprep_24_0_wf/sub_35_wf/anat_fit_wf/brain_extraction_wf/atropos_wf/07_fill_gm".
250329-10:32:47,301 nipype.workflow INFO:
	 [Node] Executing "09_relabel_wm" <nipype.interfaces.ants.utils.MultiplyImages>
250329-10:32:47,301 nipype.workflow INFO:
	 [Node] Executing "07_fill_gm" <nipype.interfaces.ants.utils.ImageMath>
250329-10:32:48,34 nipype.workflow INFO:
	 [Node] Finished "09_relabel_wm", elapsed time 0.732764s.
250329-10:32:48,921 nipype.workflow INFO:
	 [Node] Finished "10_me_csf", elapsed time 3.635248s.
250329-10:32:49,300 nipype.workflow INFO:
	 [Node] Setting-up "fmriprep_24_0_wf.sub_35_wf.anat_fit_wf.brain_extraction_wf.atropos_wf.26_depad_wm" in "/work_dir/fmriprep_24_0_wf/sub_35_wf/anat_fit_wf/brain_extraction_wf/atropos_wf/26_depad_wm".
250329-10:32:49,300 nipype.workflow INFO:
	 [Node] Setting-up "fmriprep_24_0_wf.sub_35_wf.anat_fit_wf.brain_extraction_wf.atropos_wf.apply_wm_prior" in "/work_dir/fmriprep_24_0_wf/sub_35_wf/anat_fit_wf/brain_extraction_wf/atropos_wf/apply_wm_prior".
250329-10:32:49,303 nipype.workflow INFO:
	 [Node] Executing "26_depad_wm" <nipype.interfaces.ants.utils.ImageMath>
250329-10:32:49,303 nipype.workflow INFO:
	 [Node] Executing "apply_wm_prior" <nipype.interfaces.utility.wrappers.Function>
250329-10:32:49,978 nipype.workflow INFO:
	 [Node] Finished "apply_wm_prior", elapsed time 0.674185s.
250329-10:32:50,134 nipype.workflow INFO:
	 [Node] Finished "26_depad_wm", elapsed time 0.830546s.
250329-10:32:51,319 nipype.workflow INFO:
	 [Node] Setting-up "_inu_n4_final0" in "/work_dir/fmriprep_24_0_wf/sub_35_wf/anat_fit_wf/brain_extraction_wf/atropos_wf/inu_n4_final/mapflow/_inu_n4_final0".
250329-10:32:51,321 nipype.workflow INFO:
	 [Node] Executing "_inu_n4_final0" <nipype.interfaces.ants.segmentation.N4BiasFieldCorrection>
250329-10:32:57,801 nipype.workflow INFO:
	 [Node] Finished "07_fill_gm", elapsed time 10.499711s.
250329-10:32:59,308 nipype.workflow INFO:
	 [Node] Setting-up "fmriprep_24_0_wf.sub_35_wf.anat_fit_wf.brain_extraction_wf.atropos_wf.08_mult_gm" in "/work_dir/fmriprep_24_0_wf/sub_35_wf/anat_fit_wf/brain_extraction_wf/atropos_wf/08_mult_gm".
250329-10:32:59,311 nipype.workflow INFO:
	 [Node] Executing "08_mult_gm" <nipype.interfaces.ants.utils.MultiplyImages>
250329-10:33:00,407 nipype.workflow INFO:
	 [Node] Finished "08_mult_gm", elapsed time 0.916637s.
250329-10:33:01,313 nipype.workflow INFO:
	 [Node] Setting-up "fmriprep_24_0_wf.sub_35_wf.anat_fit_wf.brain_extraction_wf.atropos_wf.11_add_gm" in "/work_dir/fmriprep_24_0_wf/sub_35_wf/anat_fit_wf/brain_extraction_wf/atropos_wf/11_add_gm".
250329-10:33:01,316 nipype.workflow INFO:
	 [Node] Executing "11_add_gm" <nipype.interfaces.ants.utils.ImageMath>
250329-10:33:03,10 nipype.workflow INFO:
	 [Node] Finished "11_add_gm", elapsed time 1.693311s.
250329-10:33:03,314 nipype.workflow INFO:
	 [Node] Setting-up "fmriprep_24_0_wf.sub_35_wf.anat_fit_wf.brain_extraction_wf.atropos_wf.12_relabel_gm" in "/work_dir/fmriprep_24_0_wf/sub_35_wf/anat_fit_wf/brain_extraction_wf/atropos_wf/12_relabel_gm".
250329-10:33:03,317 nipype.workflow INFO:
	 [Node] Executing "12_relabel_gm" <nipype.interfaces.ants.utils.MultiplyImages>
250329-10:33:04,75 nipype.workflow INFO:
	 [Node] Finished "12_relabel_gm", elapsed time 0.75825s.
250329-10:33:05,294 nipype.workflow INFO:
	 [Node] Setting-up "fmriprep_24_0_wf.sub_35_wf.anat_fit_wf.brain_extraction_wf.atropos_wf.13_add_gm_wm" in "/work_dir/fmriprep_24_0_wf/sub_35_wf/anat_fit_wf/brain_extraction_wf/atropos_wf/13_add_gm_wm".
250329-10:33:05,294 nipype.workflow INFO:
	 [Node] Setting-up "fmriprep_24_0_wf.sub_35_wf.anat_fit_wf.brain_extraction_wf.atropos_wf.25_depad_gm" in "/work_dir/fmriprep_24_0_wf/sub_35_wf/anat_fit_wf/brain_extraction_wf/atropos_wf/25_depad_gm".
250329-10:33:05,296 nipype.workflow INFO:
	 [Node] Executing "25_depad_gm" <nipype.interfaces.ants.utils.ImageMath>
250329-10:33:05,297 nipype.workflow INFO:
	 [Node] Executing "13_add_gm_wm" <nipype.interfaces.ants.utils.ImageMath>
250329-10:33:06,153 nipype.workflow INFO:
	 [Node] Finished "25_depad_gm", elapsed time 0.85603s.
250329-10:33:07,118 nipype.workflow INFO:
	 [Node] Finished "13_add_gm_wm", elapsed time 1.820382s.
250329-10:33:07,295 nipype.workflow INFO:
	 [Node] Setting-up "fmriprep_24_0_wf.sub_35_wf.anat_fit_wf.brain_extraction_wf.atropos_wf.merge_tpms" in "/work_dir/fmriprep_24_0_wf/sub_35_wf/anat_fit_wf/brain_extraction_wf/atropos_wf/merge_tpms".
250329-10:33:07,299 nipype.workflow INFO:
	 [Node] Executing "merge_tpms" <nipype.interfaces.utility.base.Merge>
250329-10:33:07,300 nipype.workflow INFO:
	 [Node] Finished "merge_tpms", elapsed time 0.000217s.
250329-10:33:09,288 nipype.workflow INFO:
	 [Node] Setting-up "fmriprep_24_0_wf.sub_35_wf.anat_fit_wf.brain_extraction_wf.atropos_wf.14_sel_labels2" in "/work_dir/fmriprep_24_0_wf/sub_35_wf/anat_fit_wf/brain_extraction_wf/atropos_wf/14_sel_labels2".
250329-10:33:09,289 nipype.workflow INFO:
	 [Node] Setting-up "fmriprep_24_0_wf.sub_35_wf.anat_fit_wf.brain_extraction_wf.atropos_wf.24_depad_segm" in "/work_dir/fmriprep_24_0_wf/sub_35_wf/anat_fit_wf/brain_extraction_wf/atropos_wf/24_depad_segm".
250329-10:33:09,291 nipype.workflow INFO:
	 [Node] Executing "14_sel_labels2" <nipype.interfaces.utility.wrappers.Function>
250329-10:33:09,291 nipype.workflow INFO:
	 [Node] Executing "24_depad_segm" <nipype.interfaces.ants.utils.ImageMath>
250329-10:33:09,490 nipype.workflow INFO:
	 [Node] Finished "14_sel_labels2", elapsed time 0.198387s.
250329-10:33:10,58 nipype.workflow INFO:
	 [Node] Finished "_inu_n4_final0", elapsed time 18.494076s.
250329-10:33:10,444 nipype.workflow INFO:
	 [Node] Finished "24_depad_segm", elapsed time 0.859101s.
250329-10:33:11,286 nipype.workflow INFO:
	 [Node] Setting-up "fmriprep_24_0_wf.sub_35_wf.anat_fit_wf.brain_extraction_wf.atropos_wf.15_add_7" in "/work_dir/fmriprep_24_0_wf/sub_35_wf/anat_fit_wf/brain_extraction_wf/atropos_wf/15_add_7".
250329-10:33:11,289 nipype.workflow INFO:
	 [Node] Executing "15_add_7" <nipype.interfaces.ants.utils.ImageMath>
250329-10:33:12,825 nipype.workflow INFO:
	 [Node] Finished "15_add_7", elapsed time 1.536055s.
250329-10:33:13,318 nipype.workflow INFO:
	 [Node] Setting-up "fmriprep_24_0_wf.sub_35_wf.anat_fit_wf.brain_extraction_wf.atropos_wf.16_me_7" in "/work_dir/fmriprep_24_0_wf/sub_35_wf/anat_fit_wf/brain_extraction_wf/atropos_wf/16_me_7".
250329-10:33:13,320 nipype.workflow INFO:
	 [Node] Executing "16_me_7" <nipype.interfaces.ants.utils.ImageMath>
250329-10:33:16,90 nipype.workflow INFO:
	 [Node] Finished "16_me_7", elapsed time 2.768703s.
250329-10:33:17,315 nipype.workflow INFO:
	 [Node] Setting-up "fmriprep_24_0_wf.sub_35_wf.anat_fit_wf.brain_extraction_wf.atropos_wf.17_comp_7" in "/work_dir/fmriprep_24_0_wf/sub_35_wf/anat_fit_wf/brain_extraction_wf/atropos_wf/17_comp_7".
250329-10:33:17,317 nipype.workflow INFO:
	 [Node] Executing "17_comp_7" <nipype.interfaces.ants.utils.ImageMath>
250329-10:33:18,913 nipype.workflow INFO:
	 [Node] Finished "17_comp_7", elapsed time 1.595571s.
250329-10:33:19,293 nipype.workflow INFO:
	 [Node] Setting-up "fmriprep_24_0_wf.sub_35_wf.anat_fit_wf.brain_extraction_wf.atropos_wf.18_md_7" in "/work_dir/fmriprep_24_0_wf/sub_35_wf/anat_fit_wf/brain_extraction_wf/atropos_wf/18_md_7".
250329-10:33:19,296 nipype.workflow INFO:
	 [Node] Executing "18_md_7" <nipype.interfaces.ants.utils.ImageMath>
250329-10:33:20,929 nipype.workflow INFO:
	 [Node] Finished "18_md_7", elapsed time 1.6324480000000001s.
250329-10:33:21,311 nipype.workflow INFO:
	 [Node] Setting-up "fmriprep_24_0_wf.sub_35_wf.anat_fit_wf.brain_extraction_wf.atropos_wf.19_fill_7" in "/work_dir/fmriprep_24_0_wf/sub_35_wf/anat_fit_wf/brain_extraction_wf/atropos_wf/19_fill_7".
250329-10:33:21,313 nipype.workflow INFO:
	 [Node] Executing "19_fill_7" <nipype.interfaces.ants.utils.ImageMath>
250329-10:33:31,229 nipype.workflow INFO:
	 [Node] Finished "19_fill_7", elapsed time 9.914946s.
250329-10:33:33,287 nipype.workflow INFO:
	 [Node] Setting-up "fmriprep_24_0_wf.sub_35_wf.anat_fit_wf.brain_extraction_wf.atropos_wf.20_add_7_2" in "/work_dir/fmriprep_24_0_wf/sub_35_wf/anat_fit_wf/brain_extraction_wf/atropos_wf/20_add_7_2".
250329-10:33:33,290 nipype.workflow INFO:
	 [Node] Executing "20_add_7_2" <nipype.interfaces.ants.utils.ImageMath>
250329-10:33:34,997 nipype.workflow INFO:
	 [Node] Finished "20_add_7_2", elapsed time 1.7061009999999999s.
250329-10:33:35,289 nipype.workflow INFO:
	 [Node] Setting-up "fmriprep_24_0_wf.sub_35_wf.anat_fit_wf.brain_extraction_wf.atropos_wf.21_md_7_2" in "/work_dir/fmriprep_24_0_wf/sub_35_wf/anat_fit_wf/brain_extraction_wf/atropos_wf/21_md_7_2".
250329-10:33:35,292 nipype.workflow INFO:
	 [Node] Executing "21_md_7_2" <nipype.interfaces.ants.utils.ImageMath>
250329-10:33:36,998 nipype.workflow INFO:
	 [Node] Finished "21_md_7_2", elapsed time 1.7054200000000002s.
250329-10:33:37,318 nipype.workflow INFO:
	 [Node] Setting-up "fmriprep_24_0_wf.sub_35_wf.anat_fit_wf.brain_extraction_wf.atropos_wf.22_me_7_2" in "/work_dir/fmriprep_24_0_wf/sub_35_wf/anat_fit_wf/brain_extraction_wf/atropos_wf/22_me_7_2".
250329-10:33:37,320 nipype.workflow INFO:
	 [Node] Executing "22_me_7_2" <nipype.interfaces.ants.utils.ImageMath>
250329-10:33:40,213 nipype.workflow INFO:
	 [Node] Finished "22_me_7_2", elapsed time 2.89193s.
250329-10:33:41,291 nipype.workflow INFO:
	 [Node] Setting-up "fmriprep_24_0_wf.sub_35_wf.anat_fit_wf.brain_extraction_wf.atropos_wf.23_depad_mask" in "/work_dir/fmriprep_24_0_wf/sub_35_wf/anat_fit_wf/brain_extraction_wf/atropos_wf/23_depad_mask".
250329-10:33:41,293 nipype.workflow INFO:
	 [Node] Executing "23_depad_mask" <nipype.interfaces.ants.utils.ImageMath>
250329-10:33:42,46 nipype.workflow INFO:
	 [Node] Finished "23_depad_mask", elapsed time 0.75219s.
250329-10:33:43,306 nipype.workflow INFO:
	 [Node] Setting-up "fmriprep_24_0_wf.sub_35_wf.anat_fit_wf.brain_extraction_wf.atropos_wf.msk_conform" in "/work_dir/fmriprep_24_0_wf/sub_35_wf/anat_fit_wf/brain_extraction_wf/atropos_wf/msk_conform".
250329-10:33:43,308 nipype.workflow INFO:
	 [Node] Executing "msk_conform" <nipype.interfaces.utility.wrappers.Function>
250329-10:33:43,570 nipype.workflow INFO:
	 [Node] Finished "msk_conform", elapsed time 0.260534s.
250329-10:33:51,805 nipype.workflow INFO:
	 [Node] Setting-up "_apply_mask0" in "/work_dir/fmriprep_24_0_wf/sub_35_wf/anat_fit_wf/brain_extraction_wf/atropos_wf/apply_mask/mapflow/_apply_mask0".
250329-10:33:51,806 nipype.workflow INFO:
	 [Node] Executing "_apply_mask0" <niworkflows.interfaces.nibabel.ApplyMask>
250329-10:33:52,582 nipype.workflow INFO:
	 [Node] Finished "_apply_mask0", elapsed time 0.775091s.
250329-10:33:55,460 nipype.workflow INFO:
	 [Node] Setting-up "fmriprep_24_0_wf.sub_35_wf.anat_fit_wf.register_template_wf.trunc_mov" in "/work_dir/fmriprep_24_0_wf/sub_35_wf/anat_fit_wf/register_template_wf/_template_MNI152NLin2009cAsym/trunc_mov".
250329-10:33:55,463 nipype.workflow INFO:
	 [Node] Executing "trunc_mov" <nipype.interfaces.ants.utils.ImageMath>
250329-10:33:55,765 nipype.workflow INFO:
	 [Node] Setting-up "fmriprep_24_0_wf.sub_35_wf.anat_fit_wf.surface_recon_wf.skull_strip_extern" in "/work_dir/fmriprep_24_0_wf/sub_35_wf/anat_fit_wf/surface_recon_wf/skull_strip_extern".
250329-10:33:55,771 nipype.workflow INFO:
	 [Node] Executing "skull_strip_extern" <niworkflows.interfaces.freesurfer.FSInjectBrainExtracted>
250329-10:33:57,419 nipype.workflow INFO:
	 [Node] Finished "skull_strip_extern", elapsed time 1.647024s.
250329-10:33:57,609 nipype.workflow INFO:
	 [Node] Setting-up "fmriprep_24_0_wf.sub_35_wf.anat_fit_wf.surface_recon_wf.autorecon_resume_wf.gcareg" in "/work_dir/fmriprep_24_0_wf/sub_35_wf/anat_fit_wf/surface_recon_wf/autorecon_resume_wf/gcareg".
250329-10:33:57,612 nipype.workflow INFO:
	 [Node] Executing "gcareg" <smriprep.interfaces.freesurfer.ReconAll>
250329-10:33:57,613 nipype.interface INFO:
	 resume recon-all : recon-all -openmp 8 -subjid sub-35 -sd /output/sourcedata/freesurfer -gcareg
250329-10:33:57,614 nipype.interface INFO:
	 resume recon-all : recon-all -openmp 8 -subjid sub-35 -sd /output/sourcedata/freesurfer -gcareg
250329-10:34:01,369 nipype.workflow INFO:
	 [Node] Finished "trunc_mov", elapsed time 5.6657530000000005s.
250329-10:36:07,262 nipype.workflow INFO:
	 [Node] Finished "gcareg", elapsed time 129.649009s.
250329-10:36:08,368 nipype.workflow INFO:
	 [Node] Setting-up "fmriprep_24_0_wf.sub_35_wf.anat_fit_wf.surface_recon_wf.autorecon_resume_wf.autorecon2_vol" in "/work_dir/fmriprep_24_0_wf/sub_35_wf/anat_fit_wf/surface_recon_wf/autorecon_resume_wf/autorecon2_vol".
250329-10:36:08,371 nipype.workflow INFO:
	 [Node] Executing "autorecon2_vol" <smriprep.interfaces.freesurfer.ReconAll>
250329-10:36:08,372 nipype.interface INFO:
	 resume recon-all : recon-all -autorecon2-volonly -openmp 8 -subjid sub-35 -sd /output/sourcedata/freesurfer -nogcareg
250329-10:36:08,373 nipype.interface INFO:
	 resume recon-all : recon-all -autorecon2-volonly -openmp 8 -subjid sub-35 -sd /output/sourcedata/freesurfer -nogcareg
250329-12:23:16,389 nipype.workflow INFO:
	 [Node] Finished "autorecon2_vol", elapsed time 6428.016708s.
250329-12:23:20,108 nipype.workflow INFO:
	 [Node] Setting-up "_autorecon_surfs0" in "/work_dir/fmriprep_24_0_wf/sub_35_wf/anat_fit_wf/surface_recon_wf/autorecon_resume_wf/autorecon_surfs/mapflow/_autorecon_surfs0".
250329-12:23:20,112 nipype.workflow INFO:
	 [Node] Executing "_autorecon_surfs0" <smriprep.interfaces.freesurfer.ReconAll>
250329-12:23:20,113 nipype.interface INFO:
	 resume recon-all : recon-all -autorecon-hemi lh -noparcstats -noparcstats2 -noparcstats3 -nohyporelabel -nobalabels -lh-only -openmp 8 -subjid sub-35 -sd /output/sourcedata/freesurfer 
250329-12:23:20,114 nipype.interface INFO:
	 resume recon-all : recon-all -autorecon-hemi lh -noparcstats -noparcstats2 -noparcstats3 -nohyporelabel -nobalabels -lh-only -openmp 8 -subjid sub-35 -sd /output/sourcedata/freesurfer 
250329-12:23:20,185 nipype.workflow INFO:
	 [Node] Setting-up "_autorecon_surfs1" in "/work_dir/fmriprep_24_0_wf/sub_35_wf/anat_fit_wf/surface_recon_wf/autorecon_resume_wf/autorecon_surfs/mapflow/_autorecon_surfs1".
250329-12:23:20,187 nipype.workflow INFO:
	 [Node] Executing "_autorecon_surfs1" <smriprep.interfaces.freesurfer.ReconAll>
250329-12:23:20,189 nipype.interface INFO:
	 resume recon-all : recon-all -autorecon-hemi rh -noparcstats -noparcstats2 -noparcstats3 -nohyporelabel -nobalabels -rh-only -openmp 8 -subjid sub-35 -sd /output/sourcedata/freesurfer 
250329-12:23:20,189 nipype.interface INFO:
	 resume recon-all : recon-all -autorecon-hemi rh -noparcstats -noparcstats2 -noparcstats3 -nohyporelabel -nobalabels -rh-only -openmp 8 -subjid sub-35 -sd /output/sourcedata/freesurfer 
250329-13:08:02,239 nipype.workflow INFO:
	 [Node] Finished "_autorecon_surfs1", elapsed time 2682.050313s.
250329-13:09:27,993 nipype.workflow INFO:
	 [Node] Finished "_autorecon_surfs0", elapsed time 2767.880369s.
250329-13:09:28,309 nipype.workflow INFO:
	 [Node] Setting-up "_autorecon_surfs0" in "/work_dir/fmriprep_24_0_wf/sub_35_wf/anat_fit_wf/surface_recon_wf/autorecon_resume_wf/autorecon_surfs/mapflow/_autorecon_surfs0".
250329-13:09:28,312 nipype.workflow INFO:
	 [Node] Executing "_autorecon_surfs0" <smriprep.interfaces.freesurfer.ReconAll>
250329-13:09:28,313 nipype.interface INFO:
	 recon-all complete : Not running
250329-13:09:28,314 nipype.interface INFO:
	 recon-all complete : Not running
250329-13:09:28,429 nipype.workflow INFO:
	 [Node] Finished "_autorecon_surfs0", elapsed time 0.11615s.
250329-13:09:28,434 nipype.workflow INFO:
	 [Node] Setting-up "_autorecon_surfs1" in "/work_dir/fmriprep_24_0_wf/sub_35_wf/anat_fit_wf/surface_recon_wf/autorecon_resume_wf/autorecon_surfs/mapflow/_autorecon_surfs1".
250329-13:09:28,436 nipype.workflow INFO:
	 [Node] Executing "_autorecon_surfs1" <smriprep.interfaces.freesurfer.ReconAll>
250329-13:09:28,438 nipype.interface INFO:
	 recon-all complete : Not running
250329-13:09:28,439 nipype.interface INFO:
	 recon-all complete : Not running
250329-13:09:28,550 nipype.workflow INFO:
	 [Node] Finished "_autorecon_surfs1", elapsed time 0.112038s.
250329-13:09:31,16 nipype.workflow INFO:
	 [Node] Setting-up "fmriprep_24_0_wf.sub_35_wf.anat_fit_wf.surface_recon_wf.autorecon_resume_wf.cortribbon" in "/work_dir/fmriprep_24_0_wf/sub_35_wf/anat_fit_wf/surface_recon_wf/autorecon_resume_wf/cortribbon".
250329-13:09:31,19 nipype.workflow INFO:
	 [Node] Executing "cortribbon" <smriprep.interfaces.freesurfer.ReconAll>
250329-13:09:31,20 nipype.interface INFO:
	 resume recon-all : recon-all -parallel -subjid sub-35 -sd /output/sourcedata/freesurfer -cortribbon
250329-13:09:31,21 nipype.interface INFO:
	 resume recon-all : recon-all -parallel -subjid sub-35 -sd /output/sourcedata/freesurfer -cortribbon
250329-13:13:07,595 nipype.workflow INFO:
	 [Node] Finished "cortribbon", elapsed time 216.575106s.
250329-13:13:10,310 nipype.workflow INFO:
	 [Node] Setting-up "_parcstats0" in "/work_dir/fmriprep_24_0_wf/sub_35_wf/anat_fit_wf/surface_recon_wf/autorecon_resume_wf/parcstats/mapflow/_parcstats0".
250329-13:13:10,312 nipype.workflow INFO:
	 [Node] Executing "_parcstats0" <smriprep.interfaces.freesurfer.ReconAll>
250329-13:13:10,314 nipype.interface INFO:
	 resume recon-all : recon-all -autorecon-hemi lh -nohyporelabel -lh-only -openmp 8 -subjid sub-35 -sd /output/sourcedata/freesurfer -notessellate -nosmooth1 -noinflate1 -noqsphere -nofix -nowhite -nosmooth2 -noinflate2 -nocurvHK -nocurvstats -nosphere -nosurfreg -nojacobian_white -noavgcurv -nocortparc -nopial -nocortparc2 -nocortparc3 -nopctsurfcon
250329-13:13:10,314 nipype.interface INFO:
	 resume recon-all : recon-all -autorecon-hemi lh -nohyporelabel -lh-only -openmp 8 -subjid sub-35 -sd /output/sourcedata/freesurfer -notessellate -nosmooth1 -noinflate1 -noqsphere -nofix -nowhite -nosmooth2 -noinflate2 -nocurvHK -nocurvstats -nosphere -nosurfreg -nojacobian_white -noavgcurv -nocortparc -nopial -nocortparc2 -nocortparc3 -nopctsurfcon
250329-13:13:10,743 nipype.workflow INFO:
	 [Node] Setting-up "_parcstats1" in "/work_dir/fmriprep_24_0_wf/sub_35_wf/anat_fit_wf/surface_recon_wf/autorecon_resume_wf/parcstats/mapflow/_parcstats1".
250329-13:13:10,745 nipype.workflow INFO:
	 [Node] Executing "_parcstats1" <smriprep.interfaces.freesurfer.ReconAll>
250329-13:13:10,747 nipype.interface INFO:
	 resume recon-all : recon-all -autorecon-hemi rh -nohyporelabel -rh-only -openmp 8 -subjid sub-35 -sd /output/sourcedata/freesurfer -notessellate -nosmooth1 -noinflate1 -noqsphere -nofix -nowhite -nosmooth2 -noinflate2 -nocurvHK -nocurvstats -nosphere -nosurfreg -nojacobian_white -noavgcurv -nocortparc -nopial -nocortparc2 -nocortparc3 -nopctsurfcon
250329-13:13:10,748 nipype.interface INFO:
	 resume recon-all : recon-all -autorecon-hemi rh -nohyporelabel -rh-only -openmp 8 -subjid sub-35 -sd /output/sourcedata/freesurfer -notessellate -nosmooth1 -noinflate1 -noqsphere -nofix -nowhite -nosmooth2 -noinflate2 -nocurvHK -nocurvstats -nosphere -nosurfreg -nojacobian_white -noavgcurv -nocortparc -nopial -nocortparc2 -nocortparc3 -nopctsurfcon
250329-13:17:36,914 nipype.workflow INFO:
	 [Node] Finished "_parcstats1", elapsed time 266.168136s.
250329-13:17:38,142 nipype.workflow INFO:
	 [Node] Finished "_parcstats0", elapsed time 267.829166s.
250329-13:17:39,56 nipype.workflow INFO:
	 [Node] Setting-up "_parcstats0" in "/work_dir/fmriprep_24_0_wf/sub_35_wf/anat_fit_wf/surface_recon_wf/autorecon_resume_wf/parcstats/mapflow/_parcstats0".
250329-13:17:39,58 nipype.workflow INFO:
	 [Node] Executing "_parcstats0" <smriprep.interfaces.freesurfer.ReconAll>
250329-13:17:39,60 nipype.interface INFO:
	 recon-all complete : Not running
250329-13:17:39,61 nipype.interface INFO:
	 recon-all complete : Not running
250329-13:17:39,143 nipype.workflow INFO:
	 [Node] Finished "_parcstats0", elapsed time 0.083632s.
250329-13:17:39,148 nipype.workflow INFO:
	 [Node] Setting-up "_parcstats1" in "/work_dir/fmriprep_24_0_wf/sub_35_wf/anat_fit_wf/surface_recon_wf/autorecon_resume_wf/parcstats/mapflow/_parcstats1".
250329-13:17:39,150 nipype.workflow INFO:
	 [Node] Executing "_parcstats1" <smriprep.interfaces.freesurfer.ReconAll>
250329-13:17:39,152 nipype.interface INFO:
	 recon-all complete : Not running
250329-13:17:39,153 nipype.interface INFO:
	 recon-all complete : Not running
250329-13:17:39,230 nipype.workflow INFO:
	 [Node] Finished "_parcstats1", elapsed time 0.07815s.
250329-13:17:40,339 nipype.workflow INFO:
	 [Node] Setting-up "fmriprep_24_0_wf.sub_35_wf.anat_fit_wf.surface_recon_wf.autorecon_resume_wf.autorecon3" in "/work_dir/fmriprep_24_0_wf/sub_35_wf/anat_fit_wf/surface_recon_wf/autorecon_resume_wf/autorecon3".
250329-13:17:40,343 nipype.workflow INFO:
	 [Node] Executing "autorecon3" <smriprep.interfaces.freesurfer.ReconAll>
250329-13:17:40,344 nipype.interface INFO:
	 resume recon-all : recon-all -autorecon3 -openmp 8 -subjid sub-35 -sd /output/sourcedata/freesurfer -nosphere -nosurfreg -nojacobian_white -noavgcurv -nocortparc -nopial -noparcstats -nocortparc2 -noparcstats2 -nocortparc3 -noparcstats3 -nopctsurfcon -nocortribbon -nobalabels
250329-13:17:40,345 nipype.interface INFO:
	 resume recon-all : recon-all -autorecon3 -openmp 8 -subjid sub-35 -sd /output/sourcedata/freesurfer -nosphere -nosurfreg -nojacobian_white -noavgcurv -nocortparc -nopial -noparcstats -nocortparc2 -noparcstats2 -nocortparc3 -noparcstats3 -nopctsurfcon -nocortribbon -nobalabels
250329-13:24:03,197 nipype.workflow INFO:
	 [Node] Finished "autorecon3", elapsed time 382.853116s.
250329-13:24:04,368 nipype.workflow INFO:
	 [Node] Setting-up "fmriprep_24_0_wf.sub_35_wf.anat_fit_wf.surface_recon_wf.get_surfaces" in "/work_dir/fmriprep_24_0_wf/sub_35_wf/anat_fit_wf/surface_recon_wf/get_surfaces".
250329-13:24:05,147 nipype.workflow INFO:
	 [Node] Executing "get_surfaces" <nipype.interfaces.io.FreeSurferSource>
250329-13:24:05,157 nipype.workflow INFO:
	 [Node] Finished "get_surfaces", elapsed time 0.009774s.
250329-13:24:09,87 nipype.workflow INFO:
	 [Node] Setting-up "_midthickness0" in "/work_dir/fmriprep_24_0_wf/sub_35_wf/anat_fit_wf/surface_recon_wf/midthickness/mapflow/_midthickness0".
250329-13:24:09,90 nipype.workflow INFO:
	 [Node] Executing "_midthickness0" <smriprep.interfaces.freesurfer.MakeMidthickness>
250329-13:24:09,98 nipype.workflow INFO:
	 [Node] Setting-up "_midthickness1" in "/work_dir/fmriprep_24_0_wf/sub_35_wf/anat_fit_wf/surface_recon_wf/midthickness/mapflow/_midthickness1".
250329-13:24:09,101 nipype.workflow INFO:
	 [Node] Executing "_midthickness1" <smriprep.interfaces.freesurfer.MakeMidthickness>
250329-14:16:58,761 nipype.workflow INFO:
	 [Node] Finished "_midthickness0", elapsed time 3169.670243s.
250329-14:16:58,789 nipype.workflow INFO:
	 [Node] Finished "_midthickness1", elapsed time 3169.687317s.
250329-14:17:01,414 nipype.workflow INFO:
	 [Node] Setting-up "_midthickness0" in "/work_dir/fmriprep_24_0_wf/sub_35_wf/anat_fit_wf/surface_recon_wf/midthickness/mapflow/_midthickness0".
250329-14:17:01,416 nipype.workflow INFO:
	 [Node] Cached "_midthickness0" - collecting precomputed outputs
250329-14:17:01,416 nipype.workflow INFO:
	 [Node] "_midthickness0" found cached.
250329-14:17:01,417 nipype.workflow INFO:
	 [Node] Setting-up "_midthickness1" in "/work_dir/fmriprep_24_0_wf/sub_35_wf/anat_fit_wf/surface_recon_wf/midthickness/mapflow/_midthickness1".
250329-14:17:01,418 nipype.workflow INFO:
	 [Node] Cached "_midthickness1" - collecting precomputed outputs
250329-14:17:01,418 nipype.workflow INFO:
	 [Node] "_midthickness1" found cached.
250329-14:17:02,577 nipype.workflow INFO:
	 [Node] Setting-up "fmriprep_24_0_wf.sub_35_wf.anat_fit_wf.surface_recon_wf.save_midthickness" in "/work_dir/fmriprep_24_0_wf/sub_35_wf/anat_fit_wf/surface_recon_wf/save_midthickness".
250329-14:17:03,311 nipype.workflow INFO:
	 [Node] Executing "save_midthickness" <nipype.interfaces.io.DataSink>
250329-14:17:03,357 nipype.workflow INFO:
	 [Node] Finished "save_midthickness", elapsed time 0.045258s.
250329-14:17:04,577 nipype.workflow INFO:
	 [Node] Setting-up "fmriprep_24_0_wf.sub_35_wf.anat_fit_wf.surface_recon_wf.sync" in "/work_dir/fmriprep_24_0_wf/sub_35_wf/anat_fit_wf/surface_recon_wf/sync".
250329-14:17:04,579 nipype.workflow INFO:
	 [Node] Executing "sync" <nipype.interfaces.utility.wrappers.Function>
250329-14:17:04,580 nipype.workflow INFO:
	 [Node] Finished "sync", elapsed time 0.000689s.
250329-14:17:06,577 nipype.workflow INFO:
	 [Node] Setting-up "fmriprep_24_0_wf.sub_35_wf.anat_fit_wf.gifti_surface_wf.get_surfaces" in "/work_dir/fmriprep_24_0_wf/sub_35_wf/anat_fit_wf/gifti_surface_wf/get_surfaces".
250329-14:17:06,578 nipype.workflow INFO:
	 [Node] Setting-up "fmriprep_24_0_wf.sub_35_wf.anat_fit_wf.gifti_spheres_wf.get_surfaces" in "/work_dir/fmriprep_24_0_wf/sub_35_wf/anat_fit_wf/gifti_spheres_wf/get_surfaces".
250329-14:17:06,578 nipype.workflow INFO:
	 [Node] Setting-up "fmriprep_24_0_wf.sub_35_wf.anat_fit_wf.gifti_morphometrics_wf.get_surfaces" in "/work_dir/fmriprep_24_0_wf/sub_35_wf/anat_fit_wf/gifti_morphometrics_wf/get_surfaces".
250329-14:17:06,578 nipype.workflow INFO:
	 [Node] Setting-up "fmriprep_24_0_wf.sub_35_wf.anat_fit_wf.refinement_wf.segs_to_native_aseg.fs_datasource" in "/work_dir/fmriprep_24_0_wf/sub_35_wf/anat_fit_wf/refinement_wf/segs_to_native_aseg/fs_datasource".
250329-14:17:06,581 nipype.workflow INFO:
	 [Node] Setting-up "fmriprep_24_0_wf.sub_35_wf.anat_fit_wf.anat_reports_wf.recon_report" in "/work_dir/fmriprep_24_0_wf/sub_35_wf/anat_fit_wf/anat_reports_wf/recon_report".
250329-14:17:06,581 nipype.workflow INFO:
	 [Node] Executing "get_surfaces" <nipype.interfaces.io.FreeSurferSource>
250329-14:17:06,581 nipype.workflow INFO:
	 [Node] Executing "get_surfaces" <nipype.interfaces.utility.wrappers.Function>
250329-14:17:06,581 nipype.workflow INFO:
	 [Node] Executing "fs_datasource" <nipype.interfaces.io.FreeSurferSource>
250329-14:17:06,582 nipype.workflow INFO:
	 [Node] Setting-up "fmriprep_24_0_wf.sub_35_wf.bold_task_bird_run_1_wf.bold_fit_wf.bold_reg_wf.bbreg_wf.mri_coreg" in "/work_dir/fmriprep_24_0_wf/sub_35_wf/bold_task_bird_run_1_wf/bold_fit_wf/bold_reg_wf/bbreg_wf/mri_coreg".
250329-14:17:06,582 nipype.workflow INFO:
	 [Node] Executing "get_surfaces" <nipype.interfaces.utility.wrappers.Function>
250329-14:17:06,583 nipype.workflow INFO:
	 [Node] Finished "get_surfaces", elapsed time 0.001439s.
250329-14:17:06,584 nipype.workflow INFO:
	 [Node] Finished "get_surfaces", elapsed time 0.001838s.
250329-14:17:06,585 nipype.workflow INFO:
	 [Node] Executing "recon_report" <smriprep.interfaces.reports.FSSurfaceReport>
250329-14:17:06,586 nipype.workflow INFO:
	 [Node] Executing "mri_coreg" <fmriprep.interfaces.patches.MRICoreg>
250329-14:17:06,592 nipype.workflow INFO:
	 [Node] Finished "get_surfaces", elapsed time 0.010267s.
250329-14:17:06,592 nipype.workflow INFO:
	 [Node] Finished "fs_datasource", elapsed time 0.01018s.
250329-14:17:06,643 nipype.workflow INFO:
	 [Node] Setting-up "fmriprep_24_0_wf.sub_35_wf.bold_task_bird_run_3_wf.bold_fit_wf.bold_reg_wf.bbreg_wf.mri_coreg" in "/work_dir/fmriprep_24_0_wf/sub_35_wf/bold_task_bird_run_3_wf/bold_fit_wf/bold_reg_wf/bbreg_wf/mri_coreg".
250329-14:17:06,648 nipype.workflow INFO:
	 [Node] Executing "mri_coreg" <fmriprep.interfaces.patches.MRICoreg>
250329-14:17:08,666 nipype.workflow INFO:
	 [Node] Setting-up "fmriprep_24_0_wf.sub_35_wf.bold_task_bird_run_2_wf.bold_fit_wf.bold_reg_wf.bbreg_wf.mri_coreg" in "/work_dir/fmriprep_24_0_wf/sub_35_wf/bold_task_bird_run_2_wf/bold_fit_wf/bold_reg_wf/bbreg_wf/mri_coreg".
250329-14:17:08,669 nipype.workflow INFO:
	 [Node] Executing "mri_coreg" <fmriprep.interfaces.patches.MRICoreg>
250329-14:17:10,633 nipype.workflow INFO:
	 [Node] Setting-up "fmriprep_24_0_wf.sub_35_wf.anat_fit_wf.refinement_wf.segs_to_native_aseg.resample" in "/work_dir/fmriprep_24_0_wf/sub_35_wf/anat_fit_wf/refinement_wf/segs_to_native_aseg/resample".
250329-14:17:10,639 nipype.workflow INFO:
	 [Node] Executing "resample" <nipype.interfaces.freesurfer.preprocess.ApplyVolTransform>
250329-14:17:12,603 nipype.workflow INFO:
	 [Node] Setting-up "_fs2gii2" in "/work_dir/fmriprep_24_0_wf/sub_35_wf/anat_fit_wf/gifti_surface_wf/fs2gii/mapflow/_fs2gii2".
250329-14:17:12,603 nipype.workflow INFO:
	 [Node] Setting-up "_fs2gii3" in "/work_dir/fmriprep_24_0_wf/sub_35_wf/anat_fit_wf/gifti_surface_wf/fs2gii/mapflow/_fs2gii3".
250329-14:17:12,604 nipype.workflow INFO:
	 [Node] Setting-up "_fs2gii4" in "/work_dir/fmriprep_24_0_wf/sub_35_wf/anat_fit_wf/gifti_surface_wf/fs2gii/mapflow/_fs2gii4".
250329-14:17:12,604 nipype.workflow INFO:
	 [Node] Setting-up "_fs2gii5" in "/work_dir/fmriprep_24_0_wf/sub_35_wf/anat_fit_wf/gifti_surface_wf/fs2gii/mapflow/_fs2gii5".
250329-14:17:12,606 nipype.workflow INFO:
	 [Node] Executing "_fs2gii2" <nipype.interfaces.freesurfer.utils.MRIsConvert>
250329-14:17:12,609 nipype.workflow INFO:
	 [Node] Executing "_fs2gii3" <nipype.interfaces.freesurfer.utils.MRIsConvert>
250329-14:17:12,613 nipype.workflow INFO:
	 [Node] Executing "_fs2gii5" <nipype.interfaces.freesurfer.utils.MRIsConvert>
250329-14:17:12,615 nipype.workflow INFO:
	 [Node] Executing "_fs2gii4" <nipype.interfaces.freesurfer.utils.MRIsConvert>
250329-14:17:12,662 nipype.workflow INFO:
	 [Node] Setting-up "_fs2gii0" in "/work_dir/fmriprep_24_0_wf/sub_35_wf/anat_fit_wf/gifti_surface_wf/fs2gii/mapflow/_fs2gii0".
250329-14:17:12,662 nipype.workflow INFO:
	 [Node] Setting-up "_fs2gii1" in "/work_dir/fmriprep_24_0_wf/sub_35_wf/anat_fit_wf/gifti_surface_wf/fs2gii/mapflow/_fs2gii1".
250329-14:17:12,664 nipype.workflow INFO:
	 [Node] Executing "_fs2gii0" <nipype.interfaces.freesurfer.utils.MRIsConvert>
250329-14:17:12,664 nipype.workflow INFO:
	 [Node] Executing "_fs2gii1" <nipype.interfaces.freesurfer.utils.MRIsConvert>
250329-14:17:13,374 nipype.workflow INFO:
	 [Node] Finished "resample", elapsed time 2.733963s.
250329-14:17:14,547 nipype.workflow INFO:
	 [Node] Finished "_fs2gii4", elapsed time 1.931012s.
250329-14:17:14,856 nipype.workflow INFO:
	 [Node] Finished "_fs2gii0", elapsed time 2.19114s.
250329-14:17:14,879 nipype.workflow INFO:
	 [Node] Setting-up "fmriprep_24_0_wf.sub_35_wf.anat_fit_wf.refinement_wf.refine" in "/work_dir/fmriprep_24_0_wf/sub_35_wf/anat_fit_wf/refinement_wf/refine".
250329-14:17:14,882 nipype.workflow INFO:
	 [Node] Executing "refine" <niworkflows.interfaces.freesurfer.RefineBrainMask>
250329-14:17:15,106 nipype.workflow INFO:
	 [Node] Finished "_fs2gii1", elapsed time 2.440914s.
250329-14:17:15,116 nipype.workflow INFO:
	 [Node] Finished "_fs2gii2", elapsed time 2.508744s.
250329-14:17:15,273 nipype.workflow INFO:
	 [Node] Finished "_fs2gii3", elapsed time 2.662553s.
250329-14:17:15,422 nipype.workflow INFO:
	 [Node] Finished "_fs2gii5", elapsed time 2.8076499999999998s.
250329-14:17:16,617 nipype.workflow INFO:
	 [Node] Setting-up "_fs2gii0" in "/work_dir/fmriprep_24_0_wf/sub_35_wf/anat_fit_wf/gifti_surface_wf/fs2gii/mapflow/_fs2gii0".
250329-14:17:16,618 nipype.workflow INFO:
	 [Node] Cached "_fs2gii0" - collecting precomputed outputs
250329-14:17:16,618 nipype.workflow INFO:
	 [Node] "_fs2gii0" found cached.
250329-14:17:16,619 nipype.workflow INFO:
	 [Node] Setting-up "_fs2gii1" in "/work_dir/fmriprep_24_0_wf/sub_35_wf/anat_fit_wf/gifti_surface_wf/fs2gii/mapflow/_fs2gii1".
250329-14:17:16,620 nipype.workflow INFO:
	 [Node] Cached "_fs2gii1" - collecting precomputed outputs
250329-14:17:16,620 nipype.workflow INFO:
	 [Node] "_fs2gii1" found cached.
250329-14:17:16,621 nipype.workflow INFO:
	 [Node] Setting-up "_fs2gii2" in "/work_dir/fmriprep_24_0_wf/sub_35_wf/anat_fit_wf/gifti_surface_wf/fs2gii/mapflow/_fs2gii2".
250329-14:17:16,622 nipype.workflow INFO:
	 [Node] Cached "_fs2gii2" - collecting precomputed outputs
250329-14:17:16,622 nipype.workflow INFO:
	 [Node] "_fs2gii2" found cached.
250329-14:17:16,623 nipype.workflow INFO:
	 [Node] Setting-up "_fs2gii3" in "/work_dir/fmriprep_24_0_wf/sub_35_wf/anat_fit_wf/gifti_surface_wf/fs2gii/mapflow/_fs2gii3".
250329-14:17:16,624 nipype.workflow INFO:
	 [Node] Setting-up "_fs2gii1" in "/work_dir/fmriprep_24_0_wf/sub_35_wf/anat_fit_wf/gifti_spheres_wf/fs2gii/mapflow/_fs2gii1".
250329-14:17:16,624 nipype.workflow INFO:
	 [Node] Setting-up "_fs2gii2" in "/work_dir/fmriprep_24_0_wf/sub_35_wf/anat_fit_wf/gifti_spheres_wf/fs2gii/mapflow/_fs2gii2".
250329-14:17:16,624 nipype.workflow INFO:
	 [Node] Setting-up "_fs2gii3" in "/work_dir/fmriprep_24_0_wf/sub_35_wf/anat_fit_wf/gifti_spheres_wf/fs2gii/mapflow/_fs2gii3".
250329-14:17:16,624 nipype.workflow INFO:
	 [Node] Cached "_fs2gii3" - collecting precomputed outputs
250329-14:17:16,624 nipype.workflow INFO:
	 [Node] "_fs2gii3" found cached.
250329-14:17:16,625 nipype.workflow INFO:
	 [Node] Setting-up "_fs2gii4" in "/work_dir/fmriprep_24_0_wf/sub_35_wf/anat_fit_wf/gifti_surface_wf/fs2gii/mapflow/_fs2gii4".
250329-14:17:16,625 nipype.workflow INFO:
	 [Node] Setting-up "_morphs2gii0" in "/work_dir/fmriprep_24_0_wf/sub_35_wf/anat_fit_wf/gifti_morphometrics_wf/morphs2gii/mapflow/_morphs2gii0".
250329-14:17:16,626 nipype.workflow INFO:
	 [Node] Executing "_fs2gii3" <nipype.interfaces.freesurfer.utils.MRIsConvert>
250329-14:17:16,623 nipype.workflow INFO:
	 [Node] Setting-up "_fs2gii0" in "/work_dir/fmriprep_24_0_wf/sub_35_wf/anat_fit_wf/gifti_spheres_wf/fs2gii/mapflow/_fs2gii0".
250329-14:17:16,626 nipype.workflow INFO:
	 [Node] Cached "_fs2gii4" - collecting precomputed outputs
250329-14:17:16,626 nipype.workflow INFO:
	 [Node] "_fs2gii4" found cached.
250329-14:17:16,627 nipype.workflow INFO:
	 [Node] Setting-up "_fs2gii5" in "/work_dir/fmriprep_24_0_wf/sub_35_wf/anat_fit_wf/gifti_surface_wf/fs2gii/mapflow/_fs2gii5".
250329-14:17:16,628 nipype.workflow INFO:
	 [Node] Cached "_fs2gii5" - collecting precomputed outputs
250329-14:17:16,628 nipype.workflow INFO:
	 [Node] Executing "_fs2gii0" <nipype.interfaces.freesurfer.utils.MRIsConvert>
250329-14:17:16,628 nipype.workflow INFO:
	 [Node] "_fs2gii5" found cached.
250329-14:17:16,628 nipype.workflow INFO:
	 [Node] Executing "_fs2gii2" <nipype.interfaces.freesurfer.utils.MRIsConvert>
250329-14:17:16,629 nipype.workflow INFO:
	 [Node] Executing "_fs2gii1" <nipype.interfaces.freesurfer.utils.MRIsConvert>
250329-14:17:16,632 nipype.workflow INFO:
	 [Node] Executing "_morphs2gii0" <smriprep.interfaces.freesurfer.MRIsConvertData>
250329-14:17:18,149 nipype.workflow INFO:
	 [Node] Finished "_morphs2gii0", elapsed time 1.516248s.
250329-14:17:18,607 nipype.workflow INFO:
	 [Node] Finished "_fs2gii2", elapsed time 1.978146s.
250329-14:17:18,854 nipype.workflow INFO:
	 [Node] Setting-up "_morphs2gii1" in "/work_dir/fmriprep_24_0_wf/sub_35_wf/anat_fit_wf/gifti_morphometrics_wf/morphs2gii/mapflow/_morphs2gii1".
250329-14:17:18,854 nipype.workflow INFO:
	 [Node] Setting-up "_morphs2gii2" in "/work_dir/fmriprep_24_0_wf/sub_35_wf/anat_fit_wf/gifti_morphometrics_wf/morphs2gii/mapflow/_morphs2gii2".
250329-14:17:18,856 nipype.workflow INFO:
	 [Node] Executing "_morphs2gii1" <smriprep.interfaces.freesurfer.MRIsConvertData>
250329-14:17:18,856 nipype.workflow INFO:
	 [Node] Executing "_morphs2gii2" <smriprep.interfaces.freesurfer.MRIsConvertData>
250329-14:17:19,51 nipype.workflow INFO:
	 [Node] Finished "_fs2gii3", elapsed time 2.424515s.
250329-14:17:19,219 nipype.workflow INFO:
	 [Node] Finished "_fs2gii1", elapsed time 2.589166s.
250329-14:17:19,406 nipype.workflow INFO:
	 [Node] Finished "_fs2gii0", elapsed time 2.777347s.
250329-14:17:20,125 nipype.workflow INFO:
	 [Node] Finished "_morphs2gii2", elapsed time 1.268159s.
250329-14:17:20,128 nipype.workflow INFO:
	 [Node] Finished "_morphs2gii1", elapsed time 1.272008s.
250329-14:17:20,601 nipype.workflow INFO:
	 [Node] Setting-up "_morphs2gii3" in "/work_dir/fmriprep_24_0_wf/sub_35_wf/anat_fit_wf/gifti_morphometrics_wf/morphs2gii/mapflow/_morphs2gii3".
250329-14:17:20,603 nipype.workflow INFO:
	 [Node] Executing "_morphs2gii3" <smriprep.interfaces.freesurfer.MRIsConvertData>
250329-14:17:20,605 nipype.workflow INFO:
	 [Node] Setting-up "_fix_surfs0" in "/work_dir/fmriprep_24_0_wf/sub_35_wf/anat_fit_wf/gifti_surface_wf/fix_surfs/mapflow/_fix_surfs0".
250329-14:17:20,605 nipype.workflow INFO:
	 [Node] Setting-up "_fix_surfs1" in "/work_dir/fmriprep_24_0_wf/sub_35_wf/anat_fit_wf/gifti_surface_wf/fix_surfs/mapflow/_fix_surfs1".
250329-14:17:20,607 nipype.workflow INFO:
	 [Node] Executing "_fix_surfs0" <smriprep.interfaces.surf.NormalizeSurf>
250329-14:17:20,607 nipype.workflow INFO:
	 [Node] Executing "_fix_surfs1" <smriprep.interfaces.surf.NormalizeSurf>
250329-14:17:20,609 nipype.workflow INFO:
	 [Node] Setting-up "_fix_surfs2" in "/work_dir/fmriprep_24_0_wf/sub_35_wf/anat_fit_wf/gifti_surface_wf/fix_surfs/mapflow/_fix_surfs2".
250329-14:17:20,611 nipype.workflow INFO:
	 [Node] Executing "_fix_surfs2" <smriprep.interfaces.surf.NormalizeSurf>
250329-14:17:20,611 nipype.workflow INFO:
	 [Node] Setting-up "_fs2gii0" in "/work_dir/fmriprep_24_0_wf/sub_35_wf/anat_fit_wf/gifti_spheres_wf/fs2gii/mapflow/_fs2gii0".
250329-14:17:20,612 nipype.workflow INFO:
	 [Node] Setting-up "_fix_surfs3" in "/work_dir/fmriprep_24_0_wf/sub_35_wf/anat_fit_wf/gifti_surface_wf/fix_surfs/mapflow/_fix_surfs3".
250329-14:17:20,612 nipype.workflow INFO:
	 [Node] Cached "_fs2gii0" - collecting precomputed outputs
250329-14:17:20,612 nipype.workflow INFO:
	 [Node] "_fs2gii0" found cached.
250329-14:17:20,613 nipype.workflow INFO:
	 [Node] Setting-up "_fs2gii1" in "/work_dir/fmriprep_24_0_wf/sub_35_wf/anat_fit_wf/gifti_spheres_wf/fs2gii/mapflow/_fs2gii1".
250329-14:17:20,613 nipype.workflow INFO:
	 [Node] Cached "_fs2gii1" - collecting precomputed outputs
250329-14:17:20,613 nipype.workflow INFO:
	 [Node] "_fs2gii1" found cached.
250329-14:17:20,614 nipype.workflow INFO:
	 [Node] Setting-up "_fs2gii2" in "/work_dir/fmriprep_24_0_wf/sub_35_wf/anat_fit_wf/gifti_spheres_wf/fs2gii/mapflow/_fs2gii2".
250329-14:17:20,614 nipype.workflow INFO:
	 [Node] Executing "_fix_surfs3" <smriprep.interfaces.surf.NormalizeSurf>
250329-14:17:20,615 nipype.workflow INFO:
	 [Node] Cached "_fs2gii2" - collecting precomputed outputs
250329-14:17:20,615 nipype.workflow INFO:
	 [Node] "_fs2gii2" found cached.
250329-14:17:20,616 nipype.workflow INFO:
	 [Node] Setting-up "_fs2gii3" in "/work_dir/fmriprep_24_0_wf/sub_35_wf/anat_fit_wf/gifti_spheres_wf/fs2gii/mapflow/_fs2gii3".
250329-14:17:20,617 nipype.workflow INFO:
	 [Node] Cached "_fs2gii3" - collecting precomputed outputs
250329-14:17:20,617 nipype.workflow INFO:
	 [Node] "_fs2gii3" found cached.
250329-14:17:21,222 nipype.workflow INFO:
	 [Node] Finished "_fix_surfs1", elapsed time 0.614682s.
250329-14:17:21,228 nipype.workflow INFO:
	 [Node] Finished "_fix_surfs0", elapsed time 0.620524s.
250329-14:17:21,520 nipype.workflow INFO:
	 [Node] Finished "_fix_surfs2", elapsed time 0.908496s.
250329-14:17:21,527 nipype.workflow INFO:
	 [Node] Finished "_fix_surfs3", elapsed time 0.912225s.
250329-14:17:21,725 nipype.workflow INFO:
	 [Node] Finished "_morphs2gii3", elapsed time 1.121292s.
250329-14:17:22,601 nipype.workflow INFO:
	 [Node] Setting-up "_morphs2gii0" in "/work_dir/fmriprep_24_0_wf/sub_35_wf/anat_fit_wf/gifti_morphometrics_wf/morphs2gii/mapflow/_morphs2gii0".
250329-14:17:22,602 nipype.workflow INFO:
	 [Node] Cached "_morphs2gii0" - collecting precomputed outputs
250329-14:17:22,602 nipype.workflow INFO:
	 [Node] "_morphs2gii0" found cached.
250329-14:17:22,603 nipype.workflow INFO:
	 [Node] Setting-up "_morphs2gii1" in "/work_dir/fmriprep_24_0_wf/sub_35_wf/anat_fit_wf/gifti_morphometrics_wf/morphs2gii/mapflow/_morphs2gii1".
250329-14:17:22,604 nipype.workflow INFO:
	 [Node] Cached "_morphs2gii1" - collecting precomputed outputs
250329-14:17:22,604 nipype.workflow INFO:
	 [Node] "_morphs2gii1" found cached.
250329-14:17:22,605 nipype.workflow INFO:
	 [Node] Setting-up "_morphs2gii2" in "/work_dir/fmriprep_24_0_wf/sub_35_wf/anat_fit_wf/gifti_morphometrics_wf/morphs2gii/mapflow/_morphs2gii2".
250329-14:17:22,605 nipype.workflow INFO:
	 [Node] Cached "_morphs2gii2" - collecting precomputed outputs
250329-14:17:22,605 nipype.workflow INFO:
	 [Node] "_morphs2gii2" found cached.
250329-14:17:22,606 nipype.workflow INFO:
	 [Node] Setting-up "_morphs2gii3" in "/work_dir/fmriprep_24_0_wf/sub_35_wf/anat_fit_wf/gifti_morphometrics_wf/morphs2gii/mapflow/_morphs2gii3".
250329-14:17:22,607 nipype.workflow INFO:
	 [Node] Cached "_morphs2gii3" - collecting precomputed outputs
250329-14:17:22,607 nipype.workflow INFO:
	 [Node] "_morphs2gii3" found cached.
250329-14:17:22,642 nipype.workflow INFO:
	 [Node] Setting-up "_fix_surfs5" in "/work_dir/fmriprep_24_0_wf/sub_35_wf/anat_fit_wf/gifti_surface_wf/fix_surfs/mapflow/_fix_surfs5".
250329-14:17:22,643 nipype.workflow INFO:
	 [Node] Executing "_fix_surfs5" <smriprep.interfaces.surf.NormalizeSurf>
250329-14:17:22,735 nipype.workflow INFO:
	 [Node] Setting-up "_fix_surfs4" in "/work_dir/fmriprep_24_0_wf/sub_35_wf/anat_fit_wf/gifti_surface_wf/fix_surfs/mapflow/_fix_surfs4".
250329-14:17:22,736 nipype.workflow INFO:
	 [Node] Executing "_fix_surfs4" <smriprep.interfaces.surf.NormalizeSurf>
250329-14:17:23,241 nipype.workflow INFO:
	 [Node] Finished "_fix_surfs5", elapsed time 0.597042s.
250329-14:17:23,348 nipype.workflow INFO:
	 [Node] Finished "_fix_surfs4", elapsed time 0.611292s.
250329-14:17:24,610 nipype.workflow INFO:
	 [Node] Setting-up "_fix_surfs0" in "/work_dir/fmriprep_24_0_wf/sub_35_wf/anat_fit_wf/gifti_surface_wf/fix_surfs/mapflow/_fix_surfs0".
250329-14:17:24,611 nipype.workflow INFO:
	 [Node] Cached "_fix_surfs0" - collecting precomputed outputs
250329-14:17:24,611 nipype.workflow INFO:
	 [Node] "_fix_surfs0" found cached.
250329-14:17:24,612 nipype.workflow INFO:
	 [Node] Setting-up "_fix_surfs1" in "/work_dir/fmriprep_24_0_wf/sub_35_wf/anat_fit_wf/gifti_surface_wf/fix_surfs/mapflow/_fix_surfs1".
250329-14:17:24,613 nipype.workflow INFO:
	 [Node] Cached "_fix_surfs1" - collecting precomputed outputs
250329-14:17:24,613 nipype.workflow INFO:
	 [Node] "_fix_surfs1" found cached.
250329-14:17:24,613 nipype.workflow INFO:
	 [Node] Setting-up "_fix_surfs2" in "/work_dir/fmriprep_24_0_wf/sub_35_wf/anat_fit_wf/gifti_surface_wf/fix_surfs/mapflow/_fix_surfs2".
250329-14:17:24,614 nipype.workflow INFO:
	 [Node] Cached "_fix_surfs2" - collecting precomputed outputs
250329-14:17:24,614 nipype.workflow INFO:
	 [Node] "_fix_surfs2" found cached.
250329-14:17:24,615 nipype.workflow INFO:
	 [Node] Setting-up "_fix_surfs3" in "/work_dir/fmriprep_24_0_wf/sub_35_wf/anat_fit_wf/gifti_surface_wf/fix_surfs/mapflow/_fix_surfs3".
250329-14:17:24,615 nipype.workflow INFO:
	 [Node] Cached "_fix_surfs3" - collecting precomputed outputs
250329-14:17:24,615 nipype.workflow INFO:
	 [Node] "_fix_surfs3" found cached.
250329-14:17:24,616 nipype.workflow INFO:
	 [Node] Setting-up "_fix_surfs4" in "/work_dir/fmriprep_24_0_wf/sub_35_wf/anat_fit_wf/gifti_surface_wf/fix_surfs/mapflow/_fix_surfs4".
250329-14:17:24,616 nipype.workflow INFO:
	 [Node] Cached "_fix_surfs4" - collecting precomputed outputs
250329-14:17:24,617 nipype.workflow INFO:
	 [Node] "_fix_surfs4" found cached.
250329-14:17:24,617 nipype.workflow INFO:
	 [Node] Setting-up "_fix_surfs5" in "/work_dir/fmriprep_24_0_wf/sub_35_wf/anat_fit_wf/gifti_surface_wf/fix_surfs/mapflow/_fix_surfs5".
250329-14:17:24,618 nipype.workflow INFO:
	 [Node] Cached "_fix_surfs5" - collecting precomputed outputs
250329-14:17:24,618 nipype.workflow INFO:
	 [Node] "_fix_surfs5" found cached.
250329-14:17:24,810 nipype.workflow INFO:
	 [Node] Setting-up "_fix_surfs0" in "/work_dir/fmriprep_24_0_wf/sub_35_wf/anat_fit_wf/gifti_spheres_wf/fix_surfs/mapflow/_fix_surfs0".
250329-14:17:24,812 nipype.workflow INFO:
	 [Node] Setting-up "_fix_surfs3" in "/work_dir/fmriprep_24_0_wf/sub_35_wf/anat_fit_wf/gifti_spheres_wf/fix_surfs/mapflow/_fix_surfs3".
250329-14:17:24,812 nipype.workflow INFO:
	 [Node] Executing "_fix_surfs0" <smriprep.interfaces.surf.NormalizeSurf>
250329-14:17:24,813 nipype.workflow INFO:
	 [Node] Executing "_fix_surfs3" <smriprep.interfaces.surf.NormalizeSurf>
250329-14:17:24,850 nipype.workflow INFO:
	 [Node] Setting-up "_fix_surfs2" in "/work_dir/fmriprep_24_0_wf/sub_35_wf/anat_fit_wf/gifti_spheres_wf/fix_surfs/mapflow/_fix_surfs2".
250329-14:17:24,852 nipype.workflow INFO:
	 [Node] Executing "_fix_surfs2" <smriprep.interfaces.surf.NormalizeSurf>
250329-14:17:24,930 nipype.workflow INFO:
	 [Node] Setting-up "_fix_surfs1" in "/work_dir/fmriprep_24_0_wf/sub_35_wf/anat_fit_wf/gifti_spheres_wf/fix_surfs/mapflow/_fix_surfs1".
250329-14:17:24,932 nipype.workflow INFO:
	 [Node] Executing "_fix_surfs1" <smriprep.interfaces.surf.NormalizeSurf>
250329-14:17:25,407 nipype.workflow INFO:
	 [Node] Finished "_fix_surfs0", elapsed time 0.594944s.
250329-14:17:25,468 nipype.workflow INFO:
	 [Node] Finished "_fix_surfs2", elapsed time 0.615773s.
250329-14:17:25,718 nipype.workflow INFO:
	 [Node] Finished "_fix_surfs3", elapsed time 0.904549s.
250329-14:17:25,760 nipype.workflow INFO:
	 [Node] Finished "_fix_surfs1", elapsed time 0.827735s.
250329-14:17:26,610 nipype.workflow INFO:
	 [Node] Setting-up "_fix_surfs0" in "/work_dir/fmriprep_24_0_wf/sub_35_wf/anat_fit_wf/gifti_spheres_wf/fix_surfs/mapflow/_fix_surfs0".
250329-14:17:26,611 nipype.workflow INFO:
	 [Node] Cached "_fix_surfs0" - collecting precomputed outputs
250329-14:17:26,611 nipype.workflow INFO:
	 [Node] "_fix_surfs0" found cached.
250329-14:17:26,612 nipype.workflow INFO:
	 [Node] Setting-up "_fix_surfs1" in "/work_dir/fmriprep_24_0_wf/sub_35_wf/anat_fit_wf/gifti_spheres_wf/fix_surfs/mapflow/_fix_surfs1".
250329-14:17:26,613 nipype.workflow INFO:
	 [Node] Cached "_fix_surfs1" - collecting precomputed outputs
250329-14:17:26,613 nipype.workflow INFO:
	 [Node] "_fix_surfs1" found cached.
250329-14:17:26,613 nipype.workflow INFO:
	 [Node] Setting-up "_fix_surfs2" in "/work_dir/fmriprep_24_0_wf/sub_35_wf/anat_fit_wf/gifti_spheres_wf/fix_surfs/mapflow/_fix_surfs2".
250329-14:17:26,614 nipype.workflow INFO:
	 [Node] Cached "_fix_surfs2" - collecting precomputed outputs
250329-14:17:26,614 nipype.workflow INFO:
	 [Node] "_fix_surfs2" found cached.
250329-14:17:26,614 nipype.workflow INFO:
	 [Node] Setting-up "_fix_surfs3" in "/work_dir/fmriprep_24_0_wf/sub_35_wf/anat_fit_wf/gifti_spheres_wf/fix_surfs/mapflow/_fix_surfs3".
250329-14:17:26,615 nipype.workflow INFO:
	 [Node] Cached "_fix_surfs3" - collecting precomputed outputs
250329-14:17:26,615 nipype.workflow INFO:
	 [Node] "_fix_surfs3" found cached.
250329-14:17:28,624 nipype.workflow INFO:
	 [Node] Finished "recon_report", elapsed time 22.038589s.
250329-14:17:29,600 nipype.workflow INFO:
	 [Node] Setting-up "_invert_sulc1" in "/work_dir/fmriprep_24_0_wf/sub_35_wf/anat_fit_wf/msm_sulc_wf/invert_sulc/mapflow/_invert_sulc1".
250329-14:17:29,601 nipype.workflow INFO:
	 [Node] Setting-up "_invert_sulc0" in "/work_dir/fmriprep_24_0_wf/sub_35_wf/anat_fit_wf/msm_sulc_wf/invert_sulc/mapflow/_invert_sulc0".
250329-14:17:29,602 nipype.workflow INFO:
	 [Node] Executing "_invert_sulc1" <smriprep.interfaces.gifti.MetricMath>
250329-14:17:29,602 nipype.workflow INFO:
	 [Node] Executing "_invert_sulc0" <smriprep.interfaces.gifti.MetricMath>
250329-14:17:29,638 nipype.workflow INFO:
	 [Node] Finished "_invert_sulc0", elapsed time 0.034996s.
250329-14:17:29,638 nipype.workflow INFO:
	 [Node] Finished "_invert_sulc1", elapsed time 0.035263s.
250329-14:17:31,240 nipype.workflow INFO:
	 [Node] Setting-up "_invert_sulc0" in "/work_dir/fmriprep_24_0_wf/sub_35_wf/anat_fit_wf/msm_sulc_wf/invert_sulc/mapflow/_invert_sulc0".
250329-14:17:31,241 nipype.workflow INFO:
	 [Node] Cached "_invert_sulc0" - collecting precomputed outputs
250329-14:17:31,241 nipype.workflow INFO:
	 [Node] "_invert_sulc0" found cached.
250329-14:17:31,242 nipype.workflow INFO:
	 [Node] Setting-up "_invert_sulc1" in "/work_dir/fmriprep_24_0_wf/sub_35_wf/anat_fit_wf/msm_sulc_wf/invert_sulc/mapflow/_invert_sulc1".
250329-14:17:31,242 nipype.workflow INFO:
	 [Node] Cached "_invert_sulc1" - collecting precomputed outputs
250329-14:17:31,243 nipype.workflow INFO:
	 [Node] "_invert_sulc1" found cached.
250329-14:17:32,852 nipype.workflow INFO:
	 [Node] Setting-up "_create_wm_distvol1" in "/work_dir/fmriprep_24_0_wf/sub_35_wf/anat_fit_wf/anat_ribbon_wf/create_wm_distvol/mapflow/_create_wm_distvol1".
250329-14:17:32,853 nipype.workflow INFO:
	 [Node] Setting-up "_create_wm_distvol0" in "/work_dir/fmriprep_24_0_wf/sub_35_wf/anat_fit_wf/anat_ribbon_wf/create_wm_distvol/mapflow/_create_wm_distvol0".
250329-14:17:32,854 nipype.workflow INFO:
	 [Node] Executing "_create_wm_distvol1" <smriprep.interfaces.workbench.CreateSignedDistanceVolume>
250329-14:17:32,855 nipype.workflow INFO:
	 [Node] Executing "_create_wm_distvol0" <smriprep.interfaces.workbench.CreateSignedDistanceVolume>
250329-14:17:32,857 nipype.workflow INFO:
	 [Node] Setting-up "_create_pial_distvol0" in "/work_dir/fmriprep_24_0_wf/sub_35_wf/anat_fit_wf/anat_ribbon_wf/create_pial_distvol/mapflow/_create_pial_distvol0".
250329-14:17:32,859 nipype.workflow INFO:
	 [Node] Executing "_create_pial_distvol0" <smriprep.interfaces.workbench.CreateSignedDistanceVolume>
250329-14:17:33,44 nipype.workflow INFO:
	 [Node] Setting-up "_create_pial_distvol1" in "/work_dir/fmriprep_24_0_wf/sub_35_wf/anat_fit_wf/anat_ribbon_wf/create_pial_distvol/mapflow/_create_pial_distvol1".
250329-14:17:33,46 nipype.workflow INFO:
	 [Node] Executing "_create_pial_distvol1" <smriprep.interfaces.workbench.CreateSignedDistanceVolume>
250329-14:17:36,379 nipype.workflow INFO:
	 [Node] Setting-up "_project_unproject0" in "/work_dir/fmriprep_24_0_wf/sub_35_wf/anat_fit_wf/fsLR_reg_wf/project_unproject/mapflow/_project_unproject0".
250329-14:17:36,381 nipype.workflow INFO:
	 [Node] Executing "_project_unproject0" <smriprep.interfaces.workbench.SurfaceSphereProjectUnproject>
250329-14:17:36,693 nipype.workflow INFO:
	 [Node] Setting-up "_project_unproject1" in "/work_dir/fmriprep_24_0_wf/sub_35_wf/anat_fit_wf/fsLR_reg_wf/project_unproject/mapflow/_project_unproject1".
250329-14:17:36,694 nipype.workflow INFO:
	 [Node] Executing "_project_unproject1" <smriprep.interfaces.workbench.SurfaceSphereProjectUnproject>
250329-14:17:41,964 nipype.workflow INFO:
	 [Node] Finished "_project_unproject0", elapsed time 5.037677s.
250329-14:17:42,371 nipype.workflow INFO:
	 [Node] Finished "_project_unproject1", elapsed time 5.160345s.
250329-14:17:44,766 nipype.workflow INFO:
	 [Node] Setting-up "_project_unproject0" in "/work_dir/fmriprep_24_0_wf/sub_35_wf/anat_fit_wf/fsLR_reg_wf/project_unproject/mapflow/_project_unproject0".
250329-14:17:44,767 nipype.workflow INFO:
	 [Node] Cached "_project_unproject0" - collecting precomputed outputs
250329-14:17:44,767 nipype.workflow INFO:
	 [Node] "_project_unproject0" found cached.
250329-14:17:44,768 nipype.workflow INFO:
	 [Node] Setting-up "_project_unproject1" in "/work_dir/fmriprep_24_0_wf/sub_35_wf/anat_fit_wf/fsLR_reg_wf/project_unproject/mapflow/_project_unproject1".
250329-14:17:44,768 nipype.workflow INFO:
	 [Node] Cached "_project_unproject1" - collecting precomputed outputs
250329-14:17:44,768 nipype.workflow INFO:
	 [Node] "_project_unproject1" found cached.
250329-14:17:55,155 nipype.workflow INFO:
	 [Node] Setting-up "_regress_affine0" in "/work_dir/fmriprep_24_0_wf/sub_35_wf/anat_fit_wf/msm_sulc_wf/regress_affine/mapflow/_regress_affine0".
250329-14:17:55,156 nipype.workflow INFO:
	 [Node] Executing "_regress_affine0" <smriprep.interfaces.workbench.SurfaceAffineRegression>
250329-14:17:55,164 nipype.workflow INFO:
	 [Node] Setting-up "_regress_affine1" in "/work_dir/fmriprep_24_0_wf/sub_35_wf/anat_fit_wf/msm_sulc_wf/regress_affine/mapflow/_regress_affine1".
250329-14:17:55,165 nipype.workflow INFO:
	 [Node] Executing "_regress_affine1" <smriprep.interfaces.workbench.SurfaceAffineRegression>
250329-14:17:57,768 nipype.workflow INFO:
	 [Node] Finished "_regress_affine1", elapsed time 1.788237s.
250329-14:17:58,83 nipype.workflow INFO:
	 [Node] Finished "_regress_affine0", elapsed time 2.082923s.
250329-14:17:59,152 nipype.workflow INFO:
	 [Node] Setting-up "_regress_affine0" in "/work_dir/fmriprep_24_0_wf/sub_35_wf/anat_fit_wf/msm_sulc_wf/regress_affine/mapflow/_regress_affine0".
250329-14:17:59,153 nipype.workflow INFO:
	 [Node] Cached "_regress_affine0" - collecting precomputed outputs
250329-14:17:59,153 nipype.workflow INFO:
	 [Node] "_regress_affine0" found cached.
250329-14:17:59,154 nipype.workflow INFO:
	 [Node] Setting-up "_regress_affine1" in "/work_dir/fmriprep_24_0_wf/sub_35_wf/anat_fit_wf/msm_sulc_wf/regress_affine/mapflow/_regress_affine1".
250329-14:17:59,154 nipype.workflow INFO:
	 [Node] Cached "_regress_affine1" - collecting precomputed outputs
250329-14:17:59,154 nipype.workflow INFO:
	 [Node] "_regress_affine1" found cached.
250329-14:18:03,115 nipype.workflow INFO:
	 [Node] Setting-up "_apply_surface_affine0" in "/work_dir/fmriprep_24_0_wf/sub_35_wf/anat_fit_wf/msm_sulc_wf/apply_surface_affine/mapflow/_apply_surface_affine0".
250329-14:18:03,117 nipype.workflow INFO:
	 [Node] Executing "_apply_surface_affine0" <smriprep.interfaces.workbench.SurfaceApplyAffine>
250329-14:18:03,125 nipype.workflow INFO:
	 [Node] Setting-up "_apply_surface_affine1" in "/work_dir/fmriprep_24_0_wf/sub_35_wf/anat_fit_wf/msm_sulc_wf/apply_surface_affine/mapflow/_apply_surface_affine1".
250329-14:18:03,127 nipype.workflow INFO:
	 [Node] Executing "_apply_surface_affine1" <smriprep.interfaces.workbench.SurfaceApplyAffine>
250329-14:18:07,452 nipype.workflow INFO:
	 [Node] Finished "_apply_surface_affine1", elapsed time 3.55275s.
250329-14:18:07,624 nipype.workflow INFO:
	 [Node] Finished "_apply_surface_affine0", elapsed time 3.7364889999999997s.
250329-14:18:09,127 nipype.workflow INFO:
	 [Node] Setting-up "_apply_surface_affine0" in "/work_dir/fmriprep_24_0_wf/sub_35_wf/anat_fit_wf/msm_sulc_wf/apply_surface_affine/mapflow/_apply_surface_affine0".
250329-14:18:09,128 nipype.workflow INFO:
	 [Node] Cached "_apply_surface_affine0" - collecting precomputed outputs
250329-14:18:09,128 nipype.workflow INFO:
	 [Node] "_apply_surface_affine0" found cached.
250329-14:18:09,129 nipype.workflow INFO:
	 [Node] Setting-up "_apply_surface_affine1" in "/work_dir/fmriprep_24_0_wf/sub_35_wf/anat_fit_wf/msm_sulc_wf/apply_surface_affine/mapflow/_apply_surface_affine1".
250329-14:18:09,129 nipype.workflow INFO:
	 [Node] Cached "_apply_surface_affine1" - collecting precomputed outputs
250329-14:18:09,130 nipype.workflow INFO:
	 [Node] "_apply_surface_affine1" found cached.
250329-14:18:13,119 nipype.workflow INFO:
	 [Node] Setting-up "_modify_sphere1" in "/work_dir/fmriprep_24_0_wf/sub_35_wf/anat_fit_wf/msm_sulc_wf/modify_sphere/mapflow/_modify_sphere1".
250329-14:18:13,120 nipype.workflow INFO:
	 [Node] Setting-up "_modify_sphere0" in "/work_dir/fmriprep_24_0_wf/sub_35_wf/anat_fit_wf/msm_sulc_wf/modify_sphere/mapflow/_modify_sphere0".
250329-14:18:13,120 nipype.workflow INFO:
	 [Node] Executing "_modify_sphere1" <smriprep.interfaces.workbench.SurfaceModifySphere>
250329-14:18:13,121 nipype.workflow INFO:
	 [Node] Executing "_modify_sphere0" <smriprep.interfaces.workbench.SurfaceModifySphere>
250329-14:18:17,489 nipype.workflow INFO:
	 [Node] Finished "_modify_sphere0", elapsed time 3.677397s.
250329-14:18:17,927 nipype.workflow INFO:
	 [Node] Finished "_modify_sphere1", elapsed time 3.973844s.
250329-14:18:18,313 nipype.workflow INFO:
	 [Node] Finished "refine", elapsed time 63.430807s.
250329-14:18:18,937 nipype.workflow INFO:
	 [Node] Setting-up "fmriprep_24_0_wf.sub_35_wf.anat_fit_wf.applyrefined" in "/work_dir/fmriprep_24_0_wf/sub_35_wf/anat_fit_wf/applyrefined".
250329-14:18:18,940 nipype.workflow INFO:
	 [Node] Executing "applyrefined" <nipype.interfaces.fsl.maths.ApplyMask>
250329-14:18:20,931 nipype.workflow INFO:
	 [Node] Setting-up "_modify_sphere0" in "/work_dir/fmriprep_24_0_wf/sub_35_wf/anat_fit_wf/msm_sulc_wf/modify_sphere/mapflow/_modify_sphere0".
250329-14:18:20,932 nipype.workflow INFO:
	 [Node] Cached "_modify_sphere0" - collecting precomputed outputs
250329-14:18:20,932 nipype.workflow INFO:
	 [Node] "_modify_sphere0" found cached.
250329-14:18:20,933 nipype.workflow INFO:
	 [Node] Setting-up "_modify_sphere1" in "/work_dir/fmriprep_24_0_wf/sub_35_wf/anat_fit_wf/msm_sulc_wf/modify_sphere/mapflow/_modify_sphere1".
250329-14:18:20,934 nipype.workflow INFO:
	 [Node] Cached "_modify_sphere1" - collecting precomputed outputs
250329-14:18:20,934 nipype.workflow INFO:
	 [Node] "_modify_sphere1" found cached.
250329-14:18:21,527 nipype.workflow INFO:
	 [Node] Setting-up "fmriprep_24_0_wf.sub_35_wf.bold_task_bird_run_1_wf.bold_anat_wf.gen_ref" in "/work_dir/fmriprep_24_0_wf/sub_35_wf/bold_task_bird_run_1_wf/bold_anat_wf/gen_ref".
250329-14:18:21,531 nipype.workflow INFO:
	 [Node] Executing "gen_ref" <niworkflows.interfaces.nibabel.GenerateSamplingReference>
250329-14:18:21,548 nipype.workflow INFO:
	 [Node] Setting-up "fmriprep_24_0_wf.sub_35_wf.bold_task_bird_run_2_wf.bold_anat_wf.gen_ref" in "/work_dir/fmriprep_24_0_wf/sub_35_wf/bold_task_bird_run_2_wf/bold_anat_wf/gen_ref".
250329-14:18:21,552 nipype.workflow INFO:
	 [Node] Executing "gen_ref" <niworkflows.interfaces.nibabel.GenerateSamplingReference>
250329-14:18:21,553 nipype.workflow INFO:
	 [Node] Setting-up "fmriprep_24_0_wf.sub_35_wf.bold_task_bird_run_3_wf.bold_anat_wf.gen_ref" in "/work_dir/fmriprep_24_0_wf/sub_35_wf/bold_task_bird_run_3_wf/bold_anat_wf/gen_ref".
250329-14:18:21,556 nipype.workflow INFO:
	 [Node] Executing "gen_ref" <niworkflows.interfaces.nibabel.GenerateSamplingReference>
250329-14:18:23,762 nipype.workflow INFO:
	 [Node] Finished "mri_coreg", elapsed time 77.113478s.
250329-14:18:24,123 nipype.workflow INFO:
	 [Node] Finished "mri_coreg", elapsed time 77.536953s.
250329-14:18:24,560 nipype.workflow INFO:
	 [Node] Finished "applyrefined", elapsed time 5.619162s.
250329-14:18:25,441 nipype.workflow INFO:
	 [Node] Setting-up "fmriprep_24_0_wf.sub_35_wf.bold_task_bird_run_4_wf.bold_fit_wf.bold_reg_wf.bbreg_wf.mri_coreg" in "/work_dir/fmriprep_24_0_wf/sub_35_wf/bold_task_bird_run_4_wf/bold_fit_wf/bold_reg_wf/bbreg_wf/mri_coreg".
250329-14:18:25,443 nipype.workflow INFO:
	 [Node] Setting-up "fmriprep_24_0_wf.sub_35_wf.bold_task_bird_run_5_wf.bold_fit_wf.bold_reg_wf.bbreg_wf.mri_coreg" in "/work_dir/fmriprep_24_0_wf/sub_35_wf/bold_task_bird_run_5_wf/bold_fit_wf/bold_reg_wf/bbreg_wf/mri_coreg".
250329-14:18:25,444 nipype.workflow INFO:
	 [Node] Executing "mri_coreg" <fmriprep.interfaces.patches.MRICoreg>
250329-14:18:25,446 nipype.workflow INFO:
	 [Node] Executing "mri_coreg" <fmriprep.interfaces.patches.MRICoreg>
250329-14:18:25,717 nipype.workflow INFO:
	 [Node] Setting-up "fmriprep_24_0_wf.sub_35_wf.bold_task_bird_run_1_wf.bold_fit_wf.bold_reg_wf.bbreg_wf.bbregister" in "/work_dir/fmriprep_24_0_wf/sub_35_wf/bold_task_bird_run_1_wf/bold_fit_wf/bold_reg_wf/bbreg_wf/bbregister".
250329-14:18:25,762 nipype.workflow INFO:
	 [Node] Executing "bbregister" <nipype.interfaces.freesurfer.preprocess.BBRegister>
250329-14:18:28,188 nipype.workflow INFO:
	 [Node] Finished "mri_coreg", elapsed time 79.517153s.
250329-14:18:29,503 nipype.workflow INFO:
	 [Node] Setting-up "fmriprep_24_0_wf.sub_35_wf.bold_task_bird_run_6_wf.bold_fit_wf.bold_reg_wf.bbreg_wf.mri_coreg" in "/work_dir/fmriprep_24_0_wf/sub_35_wf/bold_task_bird_run_6_wf/bold_fit_wf/bold_reg_wf/bbreg_wf/mri_coreg".
250329-14:18:29,506 nipype.workflow INFO:
	 [Node] Executing "mri_coreg" <fmriprep.interfaces.patches.MRICoreg>
250329-14:18:32,161 nipype.workflow INFO:
	 [Node] Finished "gen_ref", elapsed time 10.604312s.
250329-14:18:32,771 nipype.workflow INFO:
	 [Node] Finished "gen_ref", elapsed time 11.218824s.
250329-14:18:33,343 nipype.workflow INFO:
	 [Node] Setting-up "fmriprep_24_0_wf.sub_35_wf.bold_task_bird_run_2_wf.bold_fit_wf.bold_reg_wf.bbreg_wf.bbregister" in "/work_dir/fmriprep_24_0_wf/sub_35_wf/bold_task_bird_run_2_wf/bold_fit_wf/bold_reg_wf/bbreg_wf/bbregister".
250329-14:18:33,345 nipype.workflow INFO:
	 [Node] Setting-up "fmriprep_24_0_wf.sub_35_wf.bold_task_bird_run_3_wf.bold_fit_wf.bold_reg_wf.bbreg_wf.bbregister" in "/work_dir/fmriprep_24_0_wf/sub_35_wf/bold_task_bird_run_3_wf/bold_fit_wf/bold_reg_wf/bbreg_wf/bbregister".
250329-14:18:33,348 nipype.workflow INFO:
	 [Node] Executing "bbregister" <nipype.interfaces.freesurfer.preprocess.BBRegister>
250329-14:18:33,350 nipype.workflow INFO:
	 [Node] Executing "bbregister" <nipype.interfaces.freesurfer.preprocess.BBRegister>
250329-14:18:33,989 nipype.workflow INFO:
	 [Node] Finished "gen_ref", elapsed time 12.457817s.
250329-14:18:35,378 nipype.workflow INFO:
	 [Node] Setting-up "fmriprep_24_0_wf.sub_35_wf.anat_fit_wf.fast" in "/work_dir/fmriprep_24_0_wf/sub_35_wf/anat_fit_wf/fast".
250329-14:18:35,380 nipype.workflow INFO:
	 [Node] Executing "fast" <nipype.interfaces.fsl.preprocess.FAST>
250329-14:19:09,746 nipype.workflow INFO:
	 [Node] Finished "bbregister", elapsed time 43.983471s.
250329-14:19:11,605 nipype.workflow INFO:
	 [Node] Finished "_create_wm_distvol0", elapsed time 98.337035s.
250329-14:19:11,706 nipype.workflow INFO:
	 [Node] Setting-up "fmriprep_24_0_wf.sub_35_wf.bold_task_bird_run_4_wf.bold_anat_wf.gen_ref" in "/work_dir/fmriprep_24_0_wf/sub_35_wf/bold_task_bird_run_4_wf/bold_anat_wf/gen_ref".
250329-14:19:11,709 nipype.workflow INFO:
	 [Node] Executing "gen_ref" <niworkflows.interfaces.nibabel.GenerateSamplingReference>
250329-14:19:13,334 nipype.workflow INFO:
	 [Node] Setting-up "fmriprep_24_0_wf.sub_35_wf.bold_task_bird_run_1_wf.bold_fit_wf.bold_reg_wf.bbreg_wf.compare_transforms" in "/work_dir/fmriprep_24_0_wf/sub_35_wf/bold_task_bird_run_1_wf/bold_fit_wf/bold_reg_wf/bbreg_wf/compare_transforms".
250329-14:19:13,336 nipype.workflow INFO:
	 [Node] Executing "compare_transforms" <nipype.interfaces.utility.wrappers.Function>
250329-14:19:13,347 nipype.workflow INFO:
	 [Node] Finished "compare_transforms", elapsed time 0.009791s.
250329-14:19:15,121 nipype.workflow INFO:
	 [Node] Finished "_create_pial_distvol1", elapsed time 101.800184s.
250329-14:19:15,918 nipype.workflow INFO:
	 [Node] Setting-up "fmriprep_24_0_wf.sub_35_wf.bold_task_bird_run_5_wf.bold_anat_wf.gen_ref" in "/work_dir/fmriprep_24_0_wf/sub_35_wf/bold_task_bird_run_5_wf/bold_anat_wf/gen_ref".
250329-14:19:15,921 nipype.workflow INFO:
	 [Node] Executing "gen_ref" <niworkflows.interfaces.nibabel.GenerateSamplingReference>
250329-14:19:17,9 nipype.workflow INFO:
	 [Node] Finished "_create_wm_distvol1", elapsed time 103.673481s.
250329-14:19:17,27 nipype.workflow INFO:
	 [Node] Finished "_create_pial_distvol0", elapsed time 103.785529s.
250329-14:19:17,349 nipype.workflow INFO:
	 [Node] Setting-up "fmriprep_24_0_wf.sub_35_wf.bold_task_bird_run_6_wf.bold_anat_wf.gen_ref" in "/work_dir/fmriprep_24_0_wf/sub_35_wf/bold_task_bird_run_6_wf/bold_anat_wf/gen_ref".
250329-14:19:17,353 nipype.workflow INFO:
	 [Node] Executing "gen_ref" <niworkflows.interfaces.nibabel.GenerateSamplingReference>
250329-14:19:19,309 nipype.workflow INFO:
	 [Node] Setting-up "_create_wm_distvol0" in "/work_dir/fmriprep_24_0_wf/sub_35_wf/anat_fit_wf/anat_ribbon_wf/create_wm_distvol/mapflow/_create_wm_distvol0".
250329-14:19:19,310 nipype.workflow INFO:
	 [Node] Cached "_create_wm_distvol0" - collecting precomputed outputs
250329-14:19:19,310 nipype.workflow INFO:
	 [Node] "_create_wm_distvol0" found cached.
250329-14:19:19,311 nipype.workflow INFO:
	 [Node] Setting-up "_create_wm_distvol1" in "/work_dir/fmriprep_24_0_wf/sub_35_wf/anat_fit_wf/anat_ribbon_wf/create_wm_distvol/mapflow/_create_wm_distvol1".
250329-14:19:19,311 nipype.workflow INFO:
	 [Node] Cached "_create_wm_distvol1" - collecting precomputed outputs
250329-14:19:19,311 nipype.workflow INFO:
	 [Node] "_create_wm_distvol1" found cached.
250329-14:19:19,313 nipype.workflow INFO:
	 [Node] Setting-up "_create_pial_distvol0" in "/work_dir/fmriprep_24_0_wf/sub_35_wf/anat_fit_wf/anat_ribbon_wf/create_pial_distvol/mapflow/_create_pial_distvol0".
250329-14:19:19,314 nipype.workflow INFO:
	 [Node] Cached "_create_pial_distvol0" - collecting precomputed outputs
250329-14:19:19,314 nipype.workflow INFO:
	 [Node] "_create_pial_distvol0" found cached.
250329-14:19:19,315 nipype.workflow INFO:
	 [Node] Setting-up "_create_pial_distvol1" in "/work_dir/fmriprep_24_0_wf/sub_35_wf/anat_fit_wf/anat_ribbon_wf/create_pial_distvol/mapflow/_create_pial_distvol1".
250329-14:19:19,315 nipype.workflow INFO:
	 [Node] Cached "_create_pial_distvol1" - collecting precomputed outputs
250329-14:19:19,315 nipype.workflow INFO:
	 [Node] "_create_pial_distvol1" found cached.
250329-14:19:20,943 nipype.workflow INFO:
	 [Node] Finished "gen_ref", elapsed time 9.232886s.
250329-14:19:22,102 nipype.workflow INFO:
	 [Node] Setting-up "fmriprep_24_0_wf.sub_35_wf.anat_fit_wf.anat_ribbon_wf.make_ribbon" in "/work_dir/fmriprep_24_0_wf/sub_35_wf/anat_fit_wf/anat_ribbon_wf/make_ribbon".
250329-14:19:22,102 nipype.workflow INFO:
	 [Node] Setting-up "_msmsulc0" in "/work_dir/fmriprep_24_0_wf/sub_35_wf/anat_fit_wf/msm_sulc_wf/msmsulc/mapflow/_msmsulc0".
250329-14:19:22,104 nipype.workflow INFO:
	 [Node] Executing "_msmsulc0" <smriprep.interfaces.msm.MSM>
250329-14:19:22,105 nipype.workflow INFO:
	 [Node] Executing "make_ribbon" <smriprep.interfaces.surf.MakeRibbon>
250329-14:19:22,610 nipype.workflow INFO:
	 [Node] Finished "gen_ref", elapsed time 6.688048s.
250329-14:19:23,492 nipype.workflow INFO:
	 [Node] Setting-up "fmriprep_24_0_wf.sub_35_wf.bold_task_bird_run_1_wf.bold_fit_wf.bold_reg_wf.bbreg_wf.concat_xfm" in "/work_dir/fmriprep_24_0_wf/sub_35_wf/bold_task_bird_run_1_wf/bold_fit_wf/bold_reg_wf/bbreg_wf/concat_xfm".
250329-14:19:23,494 nipype.workflow INFO:
	 [Node] Executing "concat_xfm" <niworkflows.interfaces.nitransforms.ConcatenateXFMs>
250329-14:19:23,500 nipype.workflow INFO:
	 [Node] Finished "concat_xfm", elapsed time 0.004946s.
250329-14:19:23,502 nipype.workflow INFO:
	 [Node] Setting-up "_msmsulc1" in "/work_dir/fmriprep_24_0_wf/sub_35_wf/anat_fit_wf/msm_sulc_wf/msmsulc/mapflow/_msmsulc1".
250329-14:19:23,504 nipype.workflow INFO:
	 [Node] Executing "_msmsulc1" <smriprep.interfaces.msm.MSM>
250329-14:19:24,144 nipype.workflow INFO:
	 [Node] Finished "make_ribbon", elapsed time 2.038153s.
250329-14:19:27,259 nipype.workflow INFO:
	 [Node] Finished "bbregister", elapsed time 53.908727999999996s.
250329-14:19:27,913 nipype.workflow INFO:
	 [Node] Finished "gen_ref", elapsed time 10.559406s.
250329-14:19:31,837 nipype.workflow INFO:
	 [Node] Setting-up "fmriprep_24_0_wf.sub_35_wf.bold_task_bird_run_1_wf.bold_fit_wf.func_fit_reports_wf.t1w_boldref" in "/work_dir/fmriprep_24_0_wf/sub_35_wf/bold_task_bird_run_1_wf/bold_fit_wf/func_fit_reports_wf/t1w_boldref".
250329-14:19:31,842 nipype.workflow INFO:
	 [Node] Executing "t1w_boldref" <niworkflows.interfaces.fixes.FixHeaderApplyTransforms>
250329-14:19:32,238 nipype.workflow INFO:
	 [Node] Setting-up "fmriprep_24_0_wf.sub_35_wf.bold_task_bird_run_1_wf.bold_confounds_wf.t1w_mask_tfm" in "/work_dir/fmriprep_24_0_wf/sub_35_wf/bold_task_bird_run_1_wf/bold_confounds_wf/t1w_mask_tfm".
250329-14:19:32,243 nipype.workflow INFO:
	 [Node] Executing "t1w_mask_tfm" <niworkflows.interfaces.fixes.FixHeaderApplyTransforms>
250329-14:19:33,600 nipype.workflow INFO:
	 [Node] Setting-up "fmriprep_24_0_wf.sub_35_wf.bold_task_bird_run_3_wf.bold_fit_wf.bold_reg_wf.bbreg_wf.compare_transforms" in "/work_dir/fmriprep_24_0_wf/sub_35_wf/bold_task_bird_run_3_wf/bold_fit_wf/bold_reg_wf/bbreg_wf/compare_transforms".
250329-14:19:33,602 nipype.workflow INFO:
	 [Node] Executing "compare_transforms" <nipype.interfaces.utility.wrappers.Function>
250329-14:19:33,833 nipype.workflow INFO:
	 [Node] Finished "compare_transforms", elapsed time 0.229847s.
250329-14:19:40,78 nipype.workflow INFO:
	 [Node] Setting-up "fmriprep_24_0_wf.sub_35_wf.bold_task_bird_run_3_wf.bold_fit_wf.bold_reg_wf.bbreg_wf.concat_xfm" in "/work_dir/fmriprep_24_0_wf/sub_35_wf/bold_task_bird_run_3_wf/bold_fit_wf/bold_reg_wf/bbreg_wf/concat_xfm".
250329-14:19:40,80 nipype.workflow INFO:
	 [Node] Executing "concat_xfm" <niworkflows.interfaces.nitransforms.ConcatenateXFMs>
250329-14:19:40,86 nipype.workflow INFO:
	 [Node] Finished "concat_xfm", elapsed time 0.004715s.
250329-14:19:44,46 nipype.workflow INFO:
	 [Node] Setting-up "fmriprep_24_0_wf.sub_35_wf.bold_task_bird_run_3_wf.bold_fit_wf.func_fit_reports_wf.t1w_boldref" in "/work_dir/fmriprep_24_0_wf/sub_35_wf/bold_task_bird_run_3_wf/bold_fit_wf/func_fit_reports_wf/t1w_boldref".
250329-14:19:44,51 nipype.workflow INFO:
	 [Node] Executing "t1w_boldref" <niworkflows.interfaces.fixes.FixHeaderApplyTransforms>
250329-14:19:44,864 nipype.workflow INFO:
	 [Node] Setting-up "fmriprep_24_0_wf.sub_35_wf.bold_task_bird_run_3_wf.bold_confounds_wf.t1w_mask_tfm" in "/work_dir/fmriprep_24_0_wf/sub_35_wf/bold_task_bird_run_3_wf/bold_confounds_wf/t1w_mask_tfm".
250329-14:19:44,868 nipype.workflow INFO:
	 [Node] Executing "t1w_mask_tfm" <niworkflows.interfaces.fixes.FixHeaderApplyTransforms>
250329-14:19:45,472 nipype.workflow INFO:
	 [Node] Finished "t1w_boldref", elapsed time 13.629359000000001s.
250329-14:19:50,368 nipype.workflow INFO:
	 [Node] Finished "t1w_mask_tfm", elapsed time 18.124545s.
250329-14:19:52,47 nipype.workflow INFO:
	 [Node] Setting-up "fmriprep_24_0_wf.sub_35_wf.bold_task_bird_run_1_wf.bold_confounds_wf.union_mask" in "/work_dir/fmriprep_24_0_wf/sub_35_wf/bold_task_bird_run_1_wf/bold_confounds_wf/union_mask".
250329-14:19:52,50 nipype.workflow INFO:
	 [Node] Executing "union_mask" <nipype.interfaces.utility.wrappers.Function>
250329-14:19:52,248 nipype.workflow INFO:
	 [Node] Finished "union_mask", elapsed time 0.19702s.
250329-14:19:54,37 nipype.workflow INFO:
	 [Node] Setting-up "fmriprep_24_0_wf.sub_35_wf.bold_task_bird_run_1_wf.bold_confounds_wf.dilated_mask" in "/work_dir/fmriprep_24_0_wf/sub_35_wf/bold_task_bird_run_1_wf/bold_confounds_wf/dilated_mask".
250329-14:19:54,39 nipype.workflow INFO:
	 [Node] Executing "dilated_mask" <niworkflows.interfaces.morphology.BinaryDilation>
250329-14:19:54,737 nipype.workflow INFO:
	 [Node] Finished "dilated_mask", elapsed time 0.697144s.
250329-14:19:55,485 nipype.workflow INFO:
	 [Node] Finished "mri_coreg", elapsed time 90.032543s.
250329-14:19:56,14 nipype.workflow INFO:
	 [Node] Setting-up "fmriprep_24_0_wf.sub_35_wf.bold_task_bird_run_1_wf.bold_confounds_wf.subtract_mask" in "/work_dir/fmriprep_24_0_wf/sub_35_wf/bold_task_bird_run_1_wf/bold_confounds_wf/subtract_mask".
250329-14:19:56,16 nipype.workflow INFO:
	 [Node] Executing "subtract_mask" <niworkflows.interfaces.morphology.BinarySubtraction>
250329-14:19:56,106 nipype.workflow INFO:
	 [Node] Finished "subtract_mask", elapsed time 0.088783s.
250329-14:19:56,967 nipype.workflow INFO:
	 [Node] Finished "mri_coreg", elapsed time 91.521547s.
250329-14:19:57,441 nipype.workflow INFO:
	 [Node] Finished "t1w_boldref", elapsed time 13.389448s.
250329-14:19:57,786 nipype.workflow INFO:
	 [Node] Setting-up "fmriprep_24_0_wf.sub_35_wf.bold_task_bird_run_5_wf.bold_fit_wf.bold_reg_wf.bbreg_wf.bbregister" in "/work_dir/fmriprep_24_0_wf/sub_35_wf/bold_task_bird_run_5_wf/bold_fit_wf/bold_reg_wf/bbreg_wf/bbregister".
250329-14:19:57,789 nipype.workflow INFO:
	 [Node] Setting-up "fmriprep_24_0_wf.sub_35_wf.anat_fit_wf.register_template_wf.registration" in "/work_dir/fmriprep_24_0_wf/sub_35_wf/anat_fit_wf/register_template_wf/_template_MNI152NLin2009cAsym/registration".
250329-14:19:57,801 nipype.workflow INFO:
	 [Node] Executing "bbregister" <nipype.interfaces.freesurfer.preprocess.BBRegister>
250329-14:19:57,834 nipype.workflow INFO:
	 [Node] Executing "registration" <niworkflows.interfaces.norm.SpatialNormalization>
250329-14:19:57,897 nipype.workflow INFO:
	 [Node] Setting-up "fmriprep_24_0_wf.sub_35_wf.bold_task_bird_run_4_wf.bold_fit_wf.bold_reg_wf.bbreg_wf.bbregister" in "/work_dir/fmriprep_24_0_wf/sub_35_wf/bold_task_bird_run_4_wf/bold_fit_wf/bold_reg_wf/bbreg_wf/bbregister".
250329-14:19:57,909 nipype.workflow INFO:
	 [Node] Executing "bbregister" <nipype.interfaces.freesurfer.preprocess.BBRegister>
250329-14:19:57,924 nipype.workflow INFO:
	 [Node] Setting-up "fmriprep_24_0_wf.sub_35_wf.bold_task_bird_run_1_wf.bold_anat_wf.resample" in "/work_dir/fmriprep_24_0_wf/sub_35_wf/bold_task_bird_run_1_wf/bold_anat_wf/resample".
250329-14:19:57,932 nipype.workflow INFO:
	 [Node] Executing "resample" <fmriprep.interfaces.resampling.ResampleSeries>
250329-14:19:59,834 nipype.workflow INFO:
	 [Node] Setting-up "fmriprep_24_0_wf.sub_35_wf.bold_task_bird_run_1_wf.bold_confounds_wf.crowncompcor" in "/work_dir/fmriprep_24_0_wf/sub_35_wf/bold_task_bird_run_1_wf/bold_confounds_wf/crowncompcor".
250329-14:19:59,843 nipype.workflow INFO:
	 [Node] Executing "crowncompcor" <niworkflows.interfaces.patches.RobustACompCor>
250329-14:20:00,769 nipype.workflow INFO:
	 [Node] Finished "t1w_mask_tfm", elapsed time 15.89962s.
250329-14:20:01,795 nipype.workflow INFO:
	 [Node] Finished "bbregister", elapsed time 88.446105s.
250329-14:20:01,843 nipype.workflow INFO:
	 [Node] Setting-up "fmriprep_24_0_wf.sub_35_wf.bold_task_bird_run_3_wf.bold_confounds_wf.union_mask" in "/work_dir/fmriprep_24_0_wf/sub_35_wf/bold_task_bird_run_3_wf/bold_confounds_wf/union_mask".
250329-14:20:01,846 nipype.workflow INFO:
	 [Node] Executing "union_mask" <nipype.interfaces.utility.wrappers.Function>
250329-14:20:01,950 nipype.workflow INFO:
	 [Node] Finished "union_mask", elapsed time 0.104047s.
250329-14:20:04,464 nipype.workflow INFO:
	 [Node] Setting-up "fmriprep_24_0_wf.sub_35_wf.bold_task_bird_run_3_wf.bold_confounds_wf.dilated_mask" in "/work_dir/fmriprep_24_0_wf/sub_35_wf/bold_task_bird_run_3_wf/bold_confounds_wf/dilated_mask".
250329-14:20:04,466 nipype.workflow INFO:
	 [Node] Executing "dilated_mask" <niworkflows.interfaces.morphology.BinaryDilation>
250329-14:20:04,685 nipype.workflow INFO:
	 [Node] Finished "dilated_mask", elapsed time 0.218238s.
250329-14:20:05,853 nipype.workflow INFO:
	 [Node] Setting-up "fmriprep_24_0_wf.sub_35_wf.bold_task_bird_run_2_wf.bold_fit_wf.bold_reg_wf.bbreg_wf.compare_transforms" in "/work_dir/fmriprep_24_0_wf/sub_35_wf/bold_task_bird_run_2_wf/bold_fit_wf/bold_reg_wf/bbreg_wf/compare_transforms".
250329-14:20:05,856 nipype.workflow INFO:
	 [Node] Executing "compare_transforms" <nipype.interfaces.utility.wrappers.Function>
250329-14:20:05,857 nipype.workflow INFO:
	 [Node] Setting-up "fmriprep_24_0_wf.sub_35_wf.bold_task_bird_run_3_wf.bold_confounds_wf.subtract_mask" in "/work_dir/fmriprep_24_0_wf/sub_35_wf/bold_task_bird_run_3_wf/bold_confounds_wf/subtract_mask".
250329-14:20:05,860 nipype.workflow INFO:
	 [Node] Executing "subtract_mask" <niworkflows.interfaces.morphology.BinarySubtraction>
250329-14:20:05,866 nipype.workflow INFO:
	 [Node] Finished "compare_transforms", elapsed time 0.009272s.
250329-14:20:05,935 nipype.workflow INFO:
	 [Node] Finished "subtract_mask", elapsed time 0.075255s.
250329-14:20:07,554 nipype.workflow INFO:
	 [Node] Finished "mri_coreg", elapsed time 98.04646s.
250329-14:20:08,779 nipype.workflow INFO:
	 [Node] Setting-up "fmriprep_24_0_wf.sub_35_wf.bold_task_bird_run_3_wf.bold_confounds_wf.crowncompcor" in "/work_dir/fmriprep_24_0_wf/sub_35_wf/bold_task_bird_run_3_wf/bold_confounds_wf/crowncompcor".
250329-14:20:08,784 nipype.workflow INFO:
	 [Node] Executing "crowncompcor" <niworkflows.interfaces.patches.RobustACompCor>
250329-14:20:09,826 nipype.workflow INFO:
	 [Node] Setting-up "fmriprep_24_0_wf.sub_35_wf.bold_task_bird_run_6_wf.bold_fit_wf.bold_reg_wf.bbreg_wf.bbregister" in "/work_dir/fmriprep_24_0_wf/sub_35_wf/bold_task_bird_run_6_wf/bold_fit_wf/bold_reg_wf/bbreg_wf/bbregister".
250329-14:20:09,831 nipype.workflow INFO:
	 [Node] Executing "bbregister" <nipype.interfaces.freesurfer.preprocess.BBRegister>
250329-14:20:10,764 nipype.workflow INFO:
	 [Node] Setting-up "fmriprep_24_0_wf.sub_35_wf.bold_task_bird_run_3_wf.bold_anat_wf.resample" in "/work_dir/fmriprep_24_0_wf/sub_35_wf/bold_task_bird_run_3_wf/bold_anat_wf/resample".
250329-14:20:10,767 nipype.workflow INFO:
	 [Node] Executing "resample" <fmriprep.interfaces.resampling.ResampleSeries>
250329-14:20:12,48 nipype.workflow INFO:
	 [Node] Finished "crowncompcor", elapsed time 12.204979s.
250329-14:20:14,16 nipype.workflow INFO:
	 [Node] Setting-up "fmriprep_24_0_wf.sub_35_wf.bold_task_bird_run_2_wf.bold_fit_wf.bold_reg_wf.bbreg_wf.concat_xfm" in "/work_dir/fmriprep_24_0_wf/sub_35_wf/bold_task_bird_run_2_wf/bold_fit_wf/bold_reg_wf/bbreg_wf/concat_xfm".
250329-14:20:14,18 nipype.workflow INFO:
	 [Node] Executing "concat_xfm" <niworkflows.interfaces.nitransforms.ConcatenateXFMs>
250329-14:20:14,23 nipype.workflow INFO:
	 [Node] Finished "concat_xfm", elapsed time 0.004574s.
250329-14:20:16,622 nipype.workflow INFO:
	 [Node] Setting-up "fmriprep_24_0_wf.sub_35_wf.bold_task_bird_run_1_wf.bold_confounds_wf.crowncc_metadata_fmt" in "/work_dir/fmriprep_24_0_wf/sub_35_wf/bold_task_bird_run_1_wf/bold_confounds_wf/crowncc_metadata_fmt".
250329-14:20:16,626 nipype.workflow INFO:
	 [Node] Executing "crowncc_metadata_fmt" <niworkflows.interfaces.utility.TSV2JSON>
250329-14:20:16,647 nipype.workflow INFO:
	 [Node] Finished "crowncc_metadata_fmt", elapsed time 0.006804s.
250329-14:20:17,860 nipype.workflow INFO:
	 [Node] Setting-up "fmriprep_24_0_wf.sub_35_wf.bold_task_bird_run_2_wf.bold_fit_wf.func_fit_reports_wf.t1w_boldref" in "/work_dir/fmriprep_24_0_wf/sub_35_wf/bold_task_bird_run_2_wf/bold_fit_wf/func_fit_reports_wf/t1w_boldref".
250329-14:20:17,864 nipype.workflow INFO:
	 [Node] Executing "t1w_boldref" <niworkflows.interfaces.fixes.FixHeaderApplyTransforms>
250329-14:20:25,401 nipype.workflow INFO:
	 [Node] Finished "crowncompcor", elapsed time 16.616152s.
250329-14:20:27,859 nipype.workflow INFO:
	 [Node] Finished "t1w_boldref", elapsed time 9.994048s.
250329-14:20:28,140 nipype.workflow INFO:
	 [Node] Setting-up "fmriprep_24_0_wf.sub_35_wf.bold_task_bird_run_2_wf.bold_confounds_wf.t1w_mask_tfm" in "/work_dir/fmriprep_24_0_wf/sub_35_wf/bold_task_bird_run_2_wf/bold_confounds_wf/t1w_mask_tfm".
250329-14:20:28,145 nipype.workflow INFO:
	 [Node] Executing "t1w_mask_tfm" <niworkflows.interfaces.fixes.FixHeaderApplyTransforms>
250329-14:20:30,429 nipype.workflow INFO:
	 [Node] Setting-up "fmriprep_24_0_wf.sub_35_wf.bold_task_bird_run_3_wf.bold_confounds_wf.crowncc_metadata_fmt" in "/work_dir/fmriprep_24_0_wf/sub_35_wf/bold_task_bird_run_3_wf/bold_confounds_wf/crowncc_metadata_fmt".
250329-14:20:30,431 nipype.workflow INFO:
	 [Node] Executing "crowncc_metadata_fmt" <niworkflows.interfaces.utility.TSV2JSON>
250329-14:20:30,457 nipype.workflow INFO:
	 [Node] Finished "crowncc_metadata_fmt", elapsed time 0.024986s.
250329-14:20:41,152 nipype.workflow INFO:
	 [Node] Finished "t1w_mask_tfm", elapsed time 13.005777s.
250329-14:20:41,844 nipype.workflow INFO:
	 [Node] Setting-up "fmriprep_24_0_wf.sub_35_wf.bold_task_bird_run_2_wf.bold_confounds_wf.union_mask" in "/work_dir/fmriprep_24_0_wf/sub_35_wf/bold_task_bird_run_2_wf/bold_confounds_wf/union_mask".
250329-14:20:41,847 nipype.workflow INFO:
	 [Node] Executing "union_mask" <nipype.interfaces.utility.wrappers.Function>
250329-14:20:42,34 nipype.workflow INFO:
	 [Node] Finished "union_mask", elapsed time 0.186394s.
250329-14:20:43,838 nipype.workflow INFO:
	 [Node] Setting-up "fmriprep_24_0_wf.sub_35_wf.bold_task_bird_run_2_wf.bold_confounds_wf.dilated_mask" in "/work_dir/fmriprep_24_0_wf/sub_35_wf/bold_task_bird_run_2_wf/bold_confounds_wf/dilated_mask".
250329-14:20:43,840 nipype.workflow INFO:
	 [Node] Executing "dilated_mask" <niworkflows.interfaces.morphology.BinaryDilation>
250329-14:20:43,915 nipype.workflow INFO:
	 [Node] Finished "dilated_mask", elapsed time 0.074545s.
250329-14:20:45,92 nipype.workflow INFO:
	 [Node] Finished "resample", elapsed time 47.158851s.
250329-14:20:45,973 nipype.workflow INFO:
	 [Node] Setting-up "fmriprep_24_0_wf.sub_35_wf.bold_task_bird_run_2_wf.bold_anat_wf.resample" in "/work_dir/fmriprep_24_0_wf/sub_35_wf/bold_task_bird_run_2_wf/bold_anat_wf/resample".
250329-14:20:45,977 nipype.workflow INFO:
	 [Node] Executing "resample" <fmriprep.interfaces.resampling.ResampleSeries>
250329-14:20:45,981 nipype.workflow INFO:
	 [Node] Setting-up "fmriprep_24_0_wf.sub_35_wf.bold_task_bird_run_2_wf.bold_confounds_wf.subtract_mask" in "/work_dir/fmriprep_24_0_wf/sub_35_wf/bold_task_bird_run_2_wf/bold_confounds_wf/subtract_mask".
250329-14:20:45,983 nipype.workflow INFO:
	 [Node] Executing "subtract_mask" <niworkflows.interfaces.morphology.BinarySubtraction>
250329-14:20:46,41 nipype.workflow INFO:
	 [Node] Finished "subtract_mask", elapsed time 0.056719s.
250329-14:20:47,729 nipype.workflow INFO:
	 [Node] Setting-up "fmriprep_24_0_wf.sub_35_wf.bold_task_bird_run_2_wf.bold_confounds_wf.crowncompcor" in "/work_dir/fmriprep_24_0_wf/sub_35_wf/bold_task_bird_run_2_wf/bold_confounds_wf/crowncompcor".
250329-14:20:47,990 nipype.workflow INFO:
	 [Node] Executing "crowncompcor" <niworkflows.interfaces.patches.RobustACompCor>
250329-14:20:57,433 nipype.workflow INFO:
	 [Node] Finished "resample", elapsed time 46.664775s.
250329-14:21:03,562 nipype.workflow INFO:
	 [Node] Finished "crowncompcor", elapsed time 15.571042s.
250329-14:21:05,543 nipype.workflow INFO:
	 [Node] Setting-up "fmriprep_24_0_wf.sub_35_wf.bold_task_bird_run_2_wf.bold_confounds_wf.crowncc_metadata_fmt" in "/work_dir/fmriprep_24_0_wf/sub_35_wf/bold_task_bird_run_2_wf/bold_confounds_wf/crowncc_metadata_fmt".
250329-14:21:05,546 nipype.workflow INFO:
	 [Node] Executing "crowncc_metadata_fmt" <niworkflows.interfaces.utility.TSV2JSON>
250329-14:21:05,553 nipype.workflow INFO:
	 [Node] Finished "crowncc_metadata_fmt", elapsed time 0.006764s.
250329-14:21:20,653 nipype.workflow INFO:
	 [Node] Finished "resample", elapsed time 34.675183s.
250329-14:21:21,320 nipype.workflow INFO:
	 [Node] Finished "bbregister", elapsed time 83.409954s.
250329-14:21:21,862 nipype.workflow INFO:
	 [Node] Finished "fast", elapsed time 166.480439s.
250329-14:21:23,673 nipype.workflow INFO:
	 [Node] Setting-up "fmriprep_24_0_wf.sub_35_wf.anat_fit_wf.lut_t1w_dseg" in "/work_dir/fmriprep_24_0_wf/sub_35_wf/anat_fit_wf/lut_t1w_dseg".
250329-14:21:23,676 nipype.workflow INFO:
	 [Node] Executing "lut_t1w_dseg" <nipype.interfaces.utility.wrappers.Function>
250329-14:21:23,982 nipype.workflow INFO:
	 [Node] Finished "lut_t1w_dseg", elapsed time 0.305777s.
250329-14:21:25,500 nipype.workflow INFO:
	 [Node] Setting-up "fmriprep_24_0_wf.sub_35_wf.bold_task_bird_run_4_wf.bold_fit_wf.bold_reg_wf.bbreg_wf.compare_transforms" in "/work_dir/fmriprep_24_0_wf/sub_35_wf/bold_task_bird_run_4_wf/bold_fit_wf/bold_reg_wf/bbreg_wf/compare_transforms".
250329-14:21:25,502 nipype.workflow INFO:
	 [Node] Executing "compare_transforms" <nipype.interfaces.utility.wrappers.Function>
250329-14:21:25,512 nipype.workflow INFO:
	 [Node] Finished "compare_transforms", elapsed time 0.009066s.
250329-14:21:26,11 nipype.workflow INFO:
	 [Node] Finished "bbregister", elapsed time 76.1791s.
250329-14:21:32,843 nipype.workflow INFO:
	 [Node] Setting-up "fmriprep_24_0_wf.sub_35_wf.bold_task_bird_run_1_wf.bold_fit_wf.func_fit_reports_wf.t1w_wm" in "/work_dir/fmriprep_24_0_wf/sub_35_wf/bold_task_bird_run_1_wf/bold_fit_wf/func_fit_reports_wf/t1w_wm".
250329-14:21:32,845 nipype.workflow INFO:
	 [Node] Executing "t1w_wm" <nipype.interfaces.utility.wrappers.Function>
250329-14:21:32,848 nipype.workflow INFO:
	 [Node] Setting-up "fmriprep_24_0_wf.sub_35_wf.anat_fit_wf.anat_reports_wf.seg_rpt" in "/work_dir/fmriprep_24_0_wf/sub_35_wf/anat_fit_wf/anat_reports_wf/seg_rpt".
250329-14:21:32,851 nipype.workflow INFO:
	 [Node] Setting-up "fmriprep_24_0_wf.sub_35_wf.bold_task_bird_run_2_wf.bold_fit_wf.func_fit_reports_wf.t1w_wm" in "/work_dir/fmriprep_24_0_wf/sub_35_wf/bold_task_bird_run_2_wf/bold_fit_wf/func_fit_reports_wf/t1w_wm".
250329-14:21:32,851 nipype.workflow INFO:
	 [Node] Setting-up "fmriprep_24_0_wf.sub_35_wf.bold_task_bird_run_3_wf.bold_fit_wf.func_fit_reports_wf.t1w_wm" in "/work_dir/fmriprep_24_0_wf/sub_35_wf/bold_task_bird_run_3_wf/bold_fit_wf/func_fit_reports_wf/t1w_wm".
250329-14:21:32,851 nipype.workflow INFO:
	 [Node] Setting-up "fmriprep_24_0_wf.sub_35_wf.bold_task_bird_run_4_wf.bold_fit_wf.func_fit_reports_wf.t1w_wm" in "/work_dir/fmriprep_24_0_wf/sub_35_wf/bold_task_bird_run_4_wf/bold_fit_wf/func_fit_reports_wf/t1w_wm".
250329-14:21:32,851 nipype.workflow INFO:
	 [Node] Setting-up "fmriprep_24_0_wf.sub_35_wf.bold_task_bird_run_5_wf.bold_fit_wf.func_fit_reports_wf.t1w_wm" in "/work_dir/fmriprep_24_0_wf/sub_35_wf/bold_task_bird_run_5_wf/bold_fit_wf/func_fit_reports_wf/t1w_wm".
250329-14:21:32,853 nipype.workflow INFO:
	 [Node] Executing "t1w_wm" <nipype.interfaces.utility.wrappers.Function>
250329-14:21:32,853 nipype.workflow INFO:
	 [Node] Executing "t1w_wm" <nipype.interfaces.utility.wrappers.Function>
250329-14:21:32,853 nipype.workflow INFO:
	 [Node] Executing "t1w_wm" <nipype.interfaces.utility.wrappers.Function>
250329-14:21:32,854 nipype.workflow INFO:
	 [Node] Executing "t1w_wm" <nipype.interfaces.utility.wrappers.Function>
250329-14:21:32,858 nipype.workflow INFO:
	 [Node] Setting-up "fmriprep_24_0_wf.sub_35_wf.bold_task_bird_run_6_wf.bold_fit_wf.func_fit_reports_wf.t1w_wm" in "/work_dir/fmriprep_24_0_wf/sub_35_wf/bold_task_bird_run_6_wf/bold_fit_wf/func_fit_reports_wf/t1w_wm".
250329-14:21:32,860 nipype.workflow INFO:
	 [Node] Executing "t1w_wm" <nipype.interfaces.utility.wrappers.Function>
250329-14:21:32,860 nipype.workflow INFO:
	 [Node] Executing "seg_rpt" <niworkflows.interfaces.reportlets.masks.ROIsPlot>
250329-14:21:32,863 nipype.workflow INFO:
	 [Node] Setting-up "fmriprep_24_0_wf.sub_35_wf.bold_task_bird_run_2_wf.bold_confounds_wf.acc_masks" in "/work_dir/fmriprep_24_0_wf/sub_35_wf/bold_task_bird_run_2_wf/bold_confounds_wf/acc_masks".
250329-14:21:32,868 nipype.workflow INFO:
	 [Node] Setting-up "fmriprep_24_0_wf.sub_35_wf.bold_task_bird_run_5_wf.bold_confounds_wf.acc_masks" in "/work_dir/fmriprep_24_0_wf/sub_35_wf/bold_task_bird_run_5_wf/bold_confounds_wf/acc_masks".
250329-14:21:32,868 nipype.workflow INFO:
	 [Node] Setting-up "fmriprep_24_0_wf.sub_35_wf.bold_task_bird_run_6_wf.bold_confounds_wf.acc_masks" in "/work_dir/fmriprep_24_0_wf/sub_35_wf/bold_task_bird_run_6_wf/bold_confounds_wf/acc_masks".
250329-14:21:33,86 nipype.workflow INFO:
	 [Node] Executing "acc_masks" <fmriprep.interfaces.confounds.aCompCorMasks>
250329-14:21:33,130 nipype.workflow INFO:
	 [Node] Executing "acc_masks" <fmriprep.interfaces.confounds.aCompCorMasks>
250329-14:21:33,194 nipype.workflow INFO:
	 [Node] Finished "t1w_wm", elapsed time 0.33987s.
250329-14:21:33,196 nipype.workflow INFO:
	 [Node] Finished "t1w_wm", elapsed time 0.342349s.
250329-14:21:33,208 nipype.workflow INFO:
	 [Node] Finished "t1w_wm", elapsed time 0.362066s.
250329-14:21:33,211 nipype.workflow INFO:
	 [Node] Finished "t1w_wm", elapsed time 0.356938s.
250329-14:21:33,333 nipype.workflow INFO:
	 [Node] Executing "acc_masks" <fmriprep.interfaces.confounds.aCompCorMasks>
250329-14:21:33,382 nipype.workflow INFO:
	 [Node] Finished "t1w_wm", elapsed time 0.52721s.
250329-14:21:33,477 nipype.workflow INFO:
	 [Node] Finished "t1w_wm", elapsed time 0.61637s.
250329-14:21:33,871 nipype.workflow INFO:
	 [Node] Setting-up "fmriprep_24_0_wf.sub_35_wf.bold_task_bird_run_4_wf.bold_confounds_wf.acc_masks" in "/work_dir/fmriprep_24_0_wf/sub_35_wf/bold_task_bird_run_4_wf/bold_confounds_wf/acc_masks".
250329-14:21:34,60 nipype.workflow INFO:
	 [Node] Executing "acc_masks" <fmriprep.interfaces.confounds.aCompCorMasks>
250329-14:21:34,75 nipype.workflow INFO:
	 [Node] Setting-up "fmriprep_24_0_wf.sub_35_wf.bold_task_bird_run_3_wf.bold_confounds_wf.acc_masks" in "/work_dir/fmriprep_24_0_wf/sub_35_wf/bold_task_bird_run_3_wf/bold_confounds_wf/acc_masks".
250329-14:21:34,250 nipype.workflow INFO:
	 [Node] Executing "acc_masks" <fmriprep.interfaces.confounds.aCompCorMasks>
250329-14:21:34,598 nipype.workflow INFO:
	 [Node] Setting-up "fmriprep_24_0_wf.sub_35_wf.bold_task_bird_run_6_wf.bold_fit_wf.bold_reg_wf.bbreg_wf.compare_transforms" in "/work_dir/fmriprep_24_0_wf/sub_35_wf/bold_task_bird_run_6_wf/bold_fit_wf/bold_reg_wf/bbreg_wf/compare_transforms".
250329-14:21:34,601 nipype.workflow INFO:
	 [Node] Executing "compare_transforms" <nipype.interfaces.utility.wrappers.Function>
250329-14:21:34,613 nipype.workflow INFO:
	 [Node] Finished "compare_transforms", elapsed time 0.011133s.
250329-14:21:34,663 nipype.workflow INFO:
	 [Node] Setting-up "fmriprep_24_0_wf.sub_35_wf.bold_task_bird_run_1_wf.bold_confounds_wf.acc_masks" in "/work_dir/fmriprep_24_0_wf/sub_35_wf/bold_task_bird_run_1_wf/bold_confounds_wf/acc_masks".
250329-14:21:34,792 nipype.workflow INFO:
	 [Node] Executing "acc_masks" <fmriprep.interfaces.confounds.aCompCorMasks>
250329-14:21:35,262 nipype.workflow INFO:
	 [Node] Setting-up "fmriprep_24_0_wf.sub_35_wf.bold_task_bird_run_1_wf.bold_fit_wf.func_fit_reports_wf.boldref_wm" in "/work_dir/fmriprep_24_0_wf/sub_35_wf/bold_task_bird_run_1_wf/bold_fit_wf/func_fit_reports_wf/boldref_wm".
250329-14:21:35,267 nipype.workflow INFO:
	 [Node] Executing "boldref_wm" <niworkflows.interfaces.fixes.FixHeaderApplyTransforms>
250329-14:21:35,269 nipype.workflow INFO:
	 [Node] Setting-up "fmriprep_24_0_wf.sub_35_wf.bold_task_bird_run_2_wf.bold_fit_wf.func_fit_reports_wf.boldref_wm" in "/work_dir/fmriprep_24_0_wf/sub_35_wf/bold_task_bird_run_2_wf/bold_fit_wf/func_fit_reports_wf/boldref_wm".
250329-14:21:35,273 nipype.workflow INFO:
	 [Node] Executing "boldref_wm" <niworkflows.interfaces.fixes.FixHeaderApplyTransforms>
250329-14:21:35,275 nipype.workflow INFO:
	 [Node] Setting-up "fmriprep_24_0_wf.sub_35_wf.bold_task_bird_run_3_wf.bold_fit_wf.func_fit_reports_wf.boldref_wm" in "/work_dir/fmriprep_24_0_wf/sub_35_wf/bold_task_bird_run_3_wf/bold_fit_wf/func_fit_reports_wf/boldref_wm".
250329-14:21:35,279 nipype.workflow INFO:
	 [Node] Executing "boldref_wm" <niworkflows.interfaces.fixes.FixHeaderApplyTransforms>
250329-14:21:36,372 nipype.workflow INFO:
	 [Node] Finished "boldref_wm", elapsed time 1.092284s.
250329-14:21:36,539 nipype.workflow INFO:
	 [Node] Finished "boldref_wm", elapsed time 1.2656589999999999s.
250329-14:21:36,815 nipype.workflow INFO:
	 [Node] Finished "boldref_wm", elapsed time 1.5472839999999999s.
250329-14:21:37,412 nipype.workflow INFO:
	 [Node] Setting-up "fmriprep_24_0_wf.sub_35_wf.bold_task_bird_run_4_wf.bold_fit_wf.bold_reg_wf.bbreg_wf.concat_xfm" in "/work_dir/fmriprep_24_0_wf/sub_35_wf/bold_task_bird_run_4_wf/bold_fit_wf/bold_reg_wf/bbreg_wf/concat_xfm".
250329-14:21:37,414 nipype.workflow INFO:
	 [Node] Executing "concat_xfm" <niworkflows.interfaces.nitransforms.ConcatenateXFMs>
250329-14:21:37,423 nipype.workflow INFO:
	 [Node] Finished "concat_xfm", elapsed time 0.0054s.
250329-14:21:40,417 nipype.workflow INFO:
	 [Node] Setting-up "fmriprep_24_0_wf.sub_35_wf.bold_task_bird_run_6_wf.bold_fit_wf.bold_reg_wf.bbreg_wf.concat_xfm" in "/work_dir/fmriprep_24_0_wf/sub_35_wf/bold_task_bird_run_6_wf/bold_fit_wf/bold_reg_wf/bbreg_wf/concat_xfm".
250329-14:21:40,419 nipype.workflow INFO:
	 [Node] Executing "concat_xfm" <niworkflows.interfaces.nitransforms.ConcatenateXFMs>
250329-14:21:40,420 nipype.workflow INFO:
	 [Node] Setting-up "fmriprep_24_0_wf.sub_35_wf.bold_task_bird_run_4_wf.bold_fit_wf.func_fit_reports_wf.t1w_boldref" in "/work_dir/fmriprep_24_0_wf/sub_35_wf/bold_task_bird_run_4_wf/bold_fit_wf/func_fit_reports_wf/t1w_boldref".
250329-14:21:40,425 nipype.workflow INFO:
	 [Node] Executing "t1w_boldref" <niworkflows.interfaces.fixes.FixHeaderApplyTransforms>
250329-14:21:40,425 nipype.workflow INFO:
	 [Node] Finished "concat_xfm", elapsed time 0.005133s.
250329-14:21:40,458 nipype.workflow INFO:
	 [Node] Setting-up "fmriprep_24_0_wf.sub_35_wf.bold_task_bird_run_2_wf.bold_fit_wf.func_fit_reports_wf.epi_t1_report" in "/work_dir/fmriprep_24_0_wf/sub_35_wf/bold_task_bird_run_2_wf/bold_fit_wf/func_fit_reports_wf/epi_t1_report".
250329-14:21:40,464 nipype.workflow INFO:
	 [Node] Executing "epi_t1_report" <nireports.interfaces.reporting.base.SimpleBeforeAfterRPT>
250329-14:21:40,465 nipype.interface INFO:
	 Report - setting before (/output/sub-35/func/sub-35_task-bird_run-2_desc-coreg_boldref.nii.gz) and after (/work_dir/fmriprep_24_0_wf/sub_35_wf/bold_task_bird_run_2_wf/bold_fit_wf/func_fit_reports_wf/t1w_boldref/sub-35_desc-preproc_T1w_trans.nii.gz) images
250329-14:21:40,465 nipype.interface INFO:
	 Generating visual report
250329-14:21:40,939 nipype.workflow INFO:
	 [Node] Setting-up "fmriprep_24_0_wf.sub_35_wf.bold_task_bird_run_4_wf.bold_confounds_wf.t1w_mask_tfm" in "/work_dir/fmriprep_24_0_wf/sub_35_wf/bold_task_bird_run_4_wf/bold_confounds_wf/t1w_mask_tfm".
250329-14:21:40,943 nipype.workflow INFO:
	 [Node] Executing "t1w_mask_tfm" <niworkflows.interfaces.fixes.FixHeaderApplyTransforms>
250329-14:21:40,957 nipype.workflow INFO:
	 [Node] Setting-up "fmriprep_24_0_wf.sub_35_wf.bold_task_bird_run_4_wf.bold_fit_wf.func_fit_reports_wf.boldref_wm" in "/work_dir/fmriprep_24_0_wf/sub_35_wf/bold_task_bird_run_4_wf/bold_fit_wf/func_fit_reports_wf/boldref_wm".
250329-14:21:40,961 nipype.workflow INFO:
	 [Node] Executing "boldref_wm" <niworkflows.interfaces.fixes.FixHeaderApplyTransforms>
250329-14:21:42,410 nipype.workflow INFO:
	 [Node] Setting-up "fmriprep_24_0_wf.sub_35_wf.bold_task_bird_run_1_wf.bold_fit_wf.func_fit_reports_wf.epi_t1_report" in "/work_dir/fmriprep_24_0_wf/sub_35_wf/bold_task_bird_run_1_wf/bold_fit_wf/func_fit_reports_wf/epi_t1_report".
250329-14:21:42,414 nipype.workflow INFO:
	 [Node] Executing "epi_t1_report" <nireports.interfaces.reporting.base.SimpleBeforeAfterRPT>
250329-14:21:42,415 nipype.interface INFO:
	 Report - setting before (/output/sub-35/func/sub-35_task-bird_run-1_desc-coreg_boldref.nii.gz) and after (/work_dir/fmriprep_24_0_wf/sub_35_wf/bold_task_bird_run_1_wf/bold_fit_wf/func_fit_reports_wf/t1w_boldref/sub-35_desc-preproc_T1w_trans.nii.gz) images
250329-14:21:42,415 nipype.interface INFO:
	 Generating visual report
250329-14:21:42,772 nipype.workflow INFO:
	 [Node] Finished "boldref_wm", elapsed time 1.810459s.
250329-14:21:43,277 nipype.workflow INFO:
	 [Node] Setting-up "fmriprep_24_0_wf.sub_35_wf.bold_task_bird_run_3_wf.bold_fit_wf.func_fit_reports_wf.epi_t1_report" in "/work_dir/fmriprep_24_0_wf/sub_35_wf/bold_task_bird_run_3_wf/bold_fit_wf/func_fit_reports_wf/epi_t1_report".
250329-14:21:43,281 nipype.workflow INFO:
	 [Node] Executing "epi_t1_report" <nireports.interfaces.reporting.base.SimpleBeforeAfterRPT>
250329-14:21:43,281 nipype.interface INFO:
	 Report - setting before (/output/sub-35/func/sub-35_task-bird_run-3_desc-coreg_boldref.nii.gz) and after (/work_dir/fmriprep_24_0_wf/sub_35_wf/bold_task_bird_run_3_wf/bold_fit_wf/func_fit_reports_wf/t1w_boldref/sub-35_desc-preproc_T1w_trans.nii.gz) images
250329-14:21:43,281 nipype.interface INFO:
	 Generating visual report
250329-14:21:44,662 nipype.workflow INFO:
	 [Node] Setting-up "fmriprep_24_0_wf.sub_35_wf.bold_task_bird_run_6_wf.bold_fit_wf.func_fit_reports_wf.t1w_boldref" in "/work_dir/fmriprep_24_0_wf/sub_35_wf/bold_task_bird_run_6_wf/bold_fit_wf/func_fit_reports_wf/t1w_boldref".
250329-14:21:44,666 nipype.workflow INFO:
	 [Node] Executing "t1w_boldref" <niworkflows.interfaces.fixes.FixHeaderApplyTransforms>
250329-14:21:44,754 nipype.workflow INFO:
	 [Node] Finished "acc_masks", elapsed time 11.62283s.
250329-14:21:45,303 nipype.workflow INFO:
	 [Node] Setting-up "fmriprep_24_0_wf.sub_35_wf.bold_task_bird_run_6_wf.bold_confounds_wf.t1w_mask_tfm" in "/work_dir/fmriprep_24_0_wf/sub_35_wf/bold_task_bird_run_6_wf/bold_confounds_wf/t1w_mask_tfm".
250329-14:21:45,307 nipype.workflow INFO:
	 [Node] Executing "t1w_mask_tfm" <niworkflows.interfaces.fixes.FixHeaderApplyTransforms>
250329-14:21:45,309 nipype.workflow INFO:
	 [Node] Setting-up "fmriprep_24_0_wf.sub_35_wf.bold_task_bird_run_6_wf.bold_fit_wf.func_fit_reports_wf.boldref_wm" in "/work_dir/fmriprep_24_0_wf/sub_35_wf/bold_task_bird_run_6_wf/bold_fit_wf/func_fit_reports_wf/boldref_wm".
250329-14:21:45,313 nipype.workflow INFO:
	 [Node] Executing "boldref_wm" <niworkflows.interfaces.fixes.FixHeaderApplyTransforms>
250329-14:21:45,381 nipype.workflow INFO:
	 [Node] Finished "acc_masks", elapsed time 11.303897s.
250329-14:21:46,917 nipype.workflow INFO:
	 [Node] Finished "boldref_wm", elapsed time 1.6034760000000001s.
250329-14:21:47,50 nipype.workflow INFO:
	 [Node] Finished "acc_masks", elapsed time 13.715917s.
250329-14:21:47,158 nipype.workflow INFO:
	 [Node] Finished "acc_masks", elapsed time 14.071204s.
250329-14:21:47,171 nipype.workflow INFO:
	 [Node] Setting-up "fmriprep_24_0_wf.sub_35_wf.bold_task_bird_run_4_wf.bold_anat_wf.resample" in "/work_dir/fmriprep_24_0_wf/sub_35_wf/bold_task_bird_run_4_wf/bold_anat_wf/resample".
250329-14:21:47,175 nipype.workflow INFO:
	 [Node] Executing "resample" <fmriprep.interfaces.resampling.ResampleSeries>
250329-14:21:48,583 nipype.workflow INFO:
	 [Node] Finished "acc_masks", elapsed time 13.790943s.
250329-14:21:48,789 nipype.workflow INFO:
	 [Node] Setting-up "_acc_msk_tfm0" in "/work_dir/fmriprep_24_0_wf/sub_35_wf/bold_task_bird_run_2_wf/bold_confounds_wf/acc_msk_tfm/mapflow/_acc_msk_tfm0".
250329-14:21:48,791 nipype.workflow INFO:
	 [Node] Executing "_acc_msk_tfm0" <niworkflows.interfaces.fixes.FixHeaderApplyTransforms>
250329-14:21:48,804 nipype.workflow INFO:
	 [Node] Setting-up "_acc_msk_tfm1" in "/work_dir/fmriprep_24_0_wf/sub_35_wf/bold_task_bird_run_2_wf/bold_confounds_wf/acc_msk_tfm/mapflow/_acc_msk_tfm1".
250329-14:21:48,806 nipype.workflow INFO:
	 [Node] Executing "_acc_msk_tfm1" <niworkflows.interfaces.fixes.FixHeaderApplyTransforms>
250329-14:21:48,809 nipype.workflow INFO:
	 [Node] Setting-up "_acc_msk_tfm2" in "/work_dir/fmriprep_24_0_wf/sub_35_wf/bold_task_bird_run_2_wf/bold_confounds_wf/acc_msk_tfm/mapflow/_acc_msk_tfm2".
250329-14:21:48,811 nipype.workflow INFO:
	 [Node] Executing "_acc_msk_tfm2" <niworkflows.interfaces.fixes.FixHeaderApplyTransforms>
250329-14:21:48,873 nipype.workflow INFO:
	 [Node] Finished "acc_masks", elapsed time 14.622554000000001s.
250329-14:21:50,193 nipype.workflow INFO:
	 [Node] Finished "t1w_boldref", elapsed time 9.767383s.
250329-14:21:50,656 nipype.workflow INFO:
	 [Node] Setting-up "_acc_msk_tfm0" in "/work_dir/fmriprep_24_0_wf/sub_35_wf/bold_task_bird_run_4_wf/bold_confounds_wf/acc_msk_tfm/mapflow/_acc_msk_tfm0".
250329-14:21:50,658 nipype.workflow INFO:
	 [Node] Executing "_acc_msk_tfm0" <niworkflows.interfaces.fixes.FixHeaderApplyTransforms>
250329-14:21:50,688 nipype.workflow INFO:
	 [Node] Setting-up "_acc_msk_tfm1" in "/work_dir/fmriprep_24_0_wf/sub_35_wf/bold_task_bird_run_4_wf/bold_confounds_wf/acc_msk_tfm/mapflow/_acc_msk_tfm1".
250329-14:21:50,691 nipype.workflow INFO:
	 [Node] Executing "_acc_msk_tfm1" <niworkflows.interfaces.fixes.FixHeaderApplyTransforms>
250329-14:21:52,463 nipype.workflow INFO:
	 [Node] Finished "_acc_msk_tfm2", elapsed time 3.651113s.
250329-14:21:52,695 nipype.workflow INFO:
	 [Node] Finished "_acc_msk_tfm1", elapsed time 3.88775s.
250329-14:21:53,17 nipype.workflow INFO:
	 [Node] Finished "_acc_msk_tfm0", elapsed time 4.225607s.
250329-14:21:53,457 nipype.workflow INFO:
	 [Node] Setting-up "fmriprep_24_0_wf.sub_35_wf.bold_task_bird_run_4_wf.bold_fit_wf.func_fit_reports_wf.epi_t1_report" in "/work_dir/fmriprep_24_0_wf/sub_35_wf/bold_task_bird_run_4_wf/bold_fit_wf/func_fit_reports_wf/epi_t1_report".
250329-14:21:53,460 nipype.workflow INFO:
	 [Node] Executing "epi_t1_report" <nireports.interfaces.reporting.base.SimpleBeforeAfterRPT>
250329-14:21:53,461 nipype.interface INFO:
	 Report - setting before (/output/sub-35/func/sub-35_task-bird_run-4_desc-coreg_boldref.nii.gz) and after (/work_dir/fmriprep_24_0_wf/sub_35_wf/bold_task_bird_run_4_wf/bold_fit_wf/func_fit_reports_wf/t1w_boldref/sub-35_desc-preproc_T1w_trans.nii.gz) images
250329-14:21:53,461 nipype.interface INFO:
	 Generating visual report
250329-14:21:53,962 nipype.workflow INFO:
	 [Node] Finished "_acc_msk_tfm0", elapsed time 3.303561s.
250329-14:21:54,521 nipype.workflow INFO:
	 [Node] Setting-up "_acc_msk_tfm0" in "/work_dir/fmriprep_24_0_wf/sub_35_wf/bold_task_bird_run_2_wf/bold_confounds_wf/acc_msk_tfm/mapflow/_acc_msk_tfm0".
250329-14:21:54,522 nipype.workflow INFO:
	 [Node] Cached "_acc_msk_tfm0" - collecting precomputed outputs
250329-14:21:54,523 nipype.workflow INFO:
	 [Node] "_acc_msk_tfm0" found cached.
250329-14:21:54,524 nipype.workflow INFO:
	 [Node] Setting-up "_acc_msk_tfm1" in "/work_dir/fmriprep_24_0_wf/sub_35_wf/bold_task_bird_run_2_wf/bold_confounds_wf/acc_msk_tfm/mapflow/_acc_msk_tfm1".
250329-14:21:54,525 nipype.workflow INFO:
	 [Node] Cached "_acc_msk_tfm1" - collecting precomputed outputs
250329-14:21:54,525 nipype.workflow INFO:
	 [Node] "_acc_msk_tfm1" found cached.
250329-14:21:54,526 nipype.workflow INFO:
	 [Node] Setting-up "_acc_msk_tfm2" in "/work_dir/fmriprep_24_0_wf/sub_35_wf/bold_task_bird_run_2_wf/bold_confounds_wf/acc_msk_tfm/mapflow/_acc_msk_tfm2".
250329-14:21:54,526 nipype.workflow INFO:
	 [Node] Cached "_acc_msk_tfm2" - collecting precomputed outputs
250329-14:21:54,527 nipype.workflow INFO:
	 [Node] "_acc_msk_tfm2" found cached.
250329-14:21:54,539 nipype.workflow INFO:
	 [Node] Setting-up "_acc_msk_tfm2" in "/work_dir/fmriprep_24_0_wf/sub_35_wf/bold_task_bird_run_4_wf/bold_confounds_wf/acc_msk_tfm/mapflow/_acc_msk_tfm2".
250329-14:21:54,541 nipype.workflow INFO:
	 [Node] Executing "_acc_msk_tfm2" <niworkflows.interfaces.fixes.FixHeaderApplyTransforms>
250329-14:21:54,544 nipype.workflow INFO:
	 [Node] Setting-up "_acc_msk_tfm0" in "/work_dir/fmriprep_24_0_wf/sub_35_wf/bold_task_bird_run_6_wf/bold_confounds_wf/acc_msk_tfm/mapflow/_acc_msk_tfm0".
250329-14:21:54,546 nipype.workflow INFO:
	 [Node] Executing "_acc_msk_tfm0" <niworkflows.interfaces.fixes.FixHeaderApplyTransforms>
250329-14:21:54,549 nipype.workflow INFO:
	 [Node] Setting-up "_acc_msk_tfm1" in "/work_dir/fmriprep_24_0_wf/sub_35_wf/bold_task_bird_run_6_wf/bold_confounds_wf/acc_msk_tfm/mapflow/_acc_msk_tfm1".
250329-14:21:54,551 nipype.workflow INFO:
	 [Node] Executing "_acc_msk_tfm1" <niworkflows.interfaces.fixes.FixHeaderApplyTransforms>
250329-14:21:54,796 nipype.workflow INFO:
	 [Node] Finished "_acc_msk_tfm1", elapsed time 3.284993s.
250329-14:21:54,884 nipype.workflow INFO:
	 [Node] Finished "t1w_boldref", elapsed time 10.216456s.
250329-14:21:55,701 nipype.workflow INFO:
	 [Node] Finished "t1w_mask_tfm", elapsed time 14.758042s.
250329-14:21:56,604 nipype.workflow INFO:
	 [Node] Setting-up "fmriprep_24_0_wf.sub_35_wf.bold_task_bird_run_4_wf.bold_confounds_wf.union_mask" in "/work_dir/fmriprep_24_0_wf/sub_35_wf/bold_task_bird_run_4_wf/bold_confounds_wf/union_mask".
250329-14:21:56,605 nipype.workflow INFO:
	 [Node] Setting-up "fmriprep_24_0_wf.sub_35_wf.bold_task_bird_run_6_wf.bold_fit_wf.func_fit_reports_wf.epi_t1_report" in "/work_dir/fmriprep_24_0_wf/sub_35_wf/bold_task_bird_run_6_wf/bold_fit_wf/func_fit_reports_wf/epi_t1_report".
250329-14:21:56,607 nipype.workflow INFO:
	 [Node] Executing "union_mask" <nipype.interfaces.utility.wrappers.Function>
250329-14:21:56,608 nipype.workflow INFO:
	 [Node] Executing "epi_t1_report" <nireports.interfaces.reporting.base.SimpleBeforeAfterRPT>
250329-14:21:56,608 nipype.interface INFO:
	 Report - setting before (/output/sub-35/func/sub-35_task-bird_run-6_desc-coreg_boldref.nii.gz) and after (/work_dir/fmriprep_24_0_wf/sub_35_wf/bold_task_bird_run_6_wf/bold_fit_wf/func_fit_reports_wf/t1w_boldref/sub-35_desc-preproc_T1w_trans.nii.gz) images
250329-14:21:56,608 nipype.interface INFO:
	 Generating visual report
250329-14:21:56,646 nipype.workflow INFO:
	 [Node] Setting-up "_acc_msk_tfm2" in "/work_dir/fmriprep_24_0_wf/sub_35_wf/bold_task_bird_run_6_wf/bold_confounds_wf/acc_msk_tfm/mapflow/_acc_msk_tfm2".
250329-14:21:56,648 nipype.workflow INFO:
	 [Node] Executing "_acc_msk_tfm2" <niworkflows.interfaces.fixes.FixHeaderApplyTransforms>
250329-14:21:56,657 nipype.workflow INFO:
	 [Node] Setting-up "_acc_msk_tfm0" in "/work_dir/fmriprep_24_0_wf/sub_35_wf/bold_task_bird_run_1_wf/bold_confounds_wf/acc_msk_tfm/mapflow/_acc_msk_tfm0".
250329-14:21:56,660 nipype.workflow INFO:
	 [Node] Executing "_acc_msk_tfm0" <niworkflows.interfaces.fixes.FixHeaderApplyTransforms>
250329-14:21:56,743 nipype.workflow INFO:
	 [Node] Finished "union_mask", elapsed time 0.135332s.
250329-14:21:57,131 nipype.workflow INFO:
	 [Node] Finished "_acc_msk_tfm0", elapsed time 2.5844110000000002s.
250329-14:21:58,435 nipype.workflow INFO:
	 [Node] Finished "_acc_msk_tfm1", elapsed time 3.883014s.
250329-14:21:58,585 nipype.workflow INFO:
	 [Node] Setting-up "fmriprep_24_0_wf.sub_35_wf.bold_task_bird_run_4_wf.bold_confounds_wf.dilated_mask" in "/work_dir/fmriprep_24_0_wf/sub_35_wf/bold_task_bird_run_4_wf/bold_confounds_wf/dilated_mask".
250329-14:21:58,585 nipype.workflow INFO:
	 [Node] Setting-up "_acc_msk_tfm1" in "/work_dir/fmriprep_24_0_wf/sub_35_wf/bold_task_bird_run_1_wf/bold_confounds_wf/acc_msk_tfm/mapflow/_acc_msk_tfm1".
250329-14:21:58,587 nipype.workflow INFO:
	 [Node] Executing "dilated_mask" <niworkflows.interfaces.morphology.BinaryDilation>
250329-14:21:58,588 nipype.workflow INFO:
	 [Node] Executing "_acc_msk_tfm1" <niworkflows.interfaces.fixes.FixHeaderApplyTransforms>
250329-14:21:58,769 nipype.workflow INFO:
	 [Node] Finished "dilated_mask", elapsed time 0.18133s.
250329-14:21:59,38 nipype.workflow INFO:
	 [Node] Finished "_acc_msk_tfm2", elapsed time 4.495598s.
250329-14:22:00,922 nipype.workflow INFO:
	 [Node] Setting-up "_acc_msk_tfm0" in "/work_dir/fmriprep_24_0_wf/sub_35_wf/bold_task_bird_run_4_wf/bold_confounds_wf/acc_msk_tfm/mapflow/_acc_msk_tfm0".
250329-14:22:00,923 nipype.workflow INFO:
	 [Node] Cached "_acc_msk_tfm0" - collecting precomputed outputs
250329-14:22:00,923 nipype.workflow INFO:
	 [Node] "_acc_msk_tfm0" found cached.
250329-14:22:00,924 nipype.workflow INFO:
	 [Node] Setting-up "_acc_msk_tfm1" in "/work_dir/fmriprep_24_0_wf/sub_35_wf/bold_task_bird_run_4_wf/bold_confounds_wf/acc_msk_tfm/mapflow/_acc_msk_tfm1".
250329-14:22:00,925 nipype.workflow INFO:
	 [Node] Cached "_acc_msk_tfm1" - collecting precomputed outputs
250329-14:22:00,925 nipype.workflow INFO:
	 [Node] "_acc_msk_tfm1" found cached.
250329-14:22:00,926 nipype.workflow INFO:
	 [Node] Setting-up "_acc_msk_tfm2" in "/work_dir/fmriprep_24_0_wf/sub_35_wf/bold_task_bird_run_4_wf/bold_confounds_wf/acc_msk_tfm/mapflow/_acc_msk_tfm2".
250329-14:22:00,929 nipype.workflow INFO:
	 [Node] Setting-up "fmriprep_24_0_wf.sub_35_wf.bold_task_bird_run_4_wf.bold_confounds_wf.subtract_mask" in "/work_dir/fmriprep_24_0_wf/sub_35_wf/bold_task_bird_run_4_wf/bold_confounds_wf/subtract_mask".
250329-14:22:00,929 nipype.workflow INFO:
	 [Node] Setting-up "_acc_msk_tfm2" in "/work_dir/fmriprep_24_0_wf/sub_35_wf/bold_task_bird_run_1_wf/bold_confounds_wf/acc_msk_tfm/mapflow/_acc_msk_tfm2".
250329-14:22:00,929 nipype.workflow INFO:
	 [Node] Cached "_acc_msk_tfm2" - collecting precomputed outputs
250329-14:22:00,929 nipype.workflow INFO:
	 [Node] "_acc_msk_tfm2" found cached.
250329-14:22:00,931 nipype.workflow INFO:
	 [Node] Executing "subtract_mask" <niworkflows.interfaces.morphology.BinarySubtraction>
250329-14:22:00,932 nipype.workflow INFO:
	 [Node] Executing "_acc_msk_tfm2" <niworkflows.interfaces.fixes.FixHeaderApplyTransforms>
250329-14:22:01,21 nipype.workflow INFO:
	 [Node] Finished "subtract_mask", elapsed time 0.089558s.
250329-14:22:01,700 nipype.workflow INFO:
	 [Node] Finished "t1w_mask_tfm", elapsed time 16.391833s.
250329-14:22:01,706 nipype.workflow INFO:
	 [Node] Finished "_acc_msk_tfm1", elapsed time 3.11797s.
250329-14:22:02,158 nipype.workflow INFO:
	 [Node] Finished "_acc_msk_tfm0", elapsed time 5.497194s.
250329-14:22:02,463 nipype.workflow INFO:
	 [Node] Finished "_acc_msk_tfm2", elapsed time 5.814559s.
250329-14:22:02,873 nipype.workflow INFO:
	 [Node] Setting-up "fmriprep_24_0_wf.sub_35_wf.bold_task_bird_run_6_wf.bold_confounds_wf.union_mask" in "/work_dir/fmriprep_24_0_wf/sub_35_wf/bold_task_bird_run_6_wf/bold_confounds_wf/union_mask".
250329-14:22:02,876 nipype.workflow INFO:
	 [Node] Executing "union_mask" <nipype.interfaces.utility.wrappers.Function>
250329-14:22:02,903 nipype.workflow INFO:
	 [Node] Setting-up "fmriprep_24_0_wf.sub_35_wf.bold_task_bird_run_4_wf.bold_confounds_wf.crowncompcor" in "/work_dir/fmriprep_24_0_wf/sub_35_wf/bold_task_bird_run_4_wf/bold_confounds_wf/crowncompcor".
250329-14:22:02,923 nipype.workflow INFO:
	 [Node] Setting-up "_acc_msk_tfm0" in "/work_dir/fmriprep_24_0_wf/sub_35_wf/bold_task_bird_run_3_wf/bold_confounds_wf/acc_msk_tfm/mapflow/_acc_msk_tfm0".
250329-14:22:02,926 nipype.workflow INFO:
	 [Node] Executing "_acc_msk_tfm0" <niworkflows.interfaces.fixes.FixHeaderApplyTransforms>
250329-14:22:02,928 nipype.workflow INFO:
	 [Node] Setting-up "_acc_msk_tfm1" in "/work_dir/fmriprep_24_0_wf/sub_35_wf/bold_task_bird_run_3_wf/bold_confounds_wf/acc_msk_tfm/mapflow/_acc_msk_tfm1".
250329-14:22:02,930 nipype.workflow INFO:
	 [Node] Executing "_acc_msk_tfm1" <niworkflows.interfaces.fixes.FixHeaderApplyTransforms>
250329-14:22:03,34 nipype.workflow INFO:
	 [Node] Finished "union_mask", elapsed time 0.156641s.
250329-14:22:03,161 nipype.workflow INFO:
	 [Node] Executing "crowncompcor" <niworkflows.interfaces.patches.RobustACompCor>
250329-14:22:03,668 nipype.workflow INFO:
	 [Node] Finished "_acc_msk_tfm2", elapsed time 2.735884s.
250329-14:22:04,201 nipype.workflow INFO:
	 [Node] Finished "bbregister", elapsed time 126.39869s.
250329-14:22:04,437 nipype.workflow INFO:
	 [Node] Setting-up "_acc_msk_tfm0" in "/work_dir/fmriprep_24_0_wf/sub_35_wf/bold_task_bird_run_1_wf/bold_confounds_wf/acc_msk_tfm/mapflow/_acc_msk_tfm0".
250329-14:22:04,438 nipype.workflow INFO:
	 [Node] Cached "_acc_msk_tfm0" - collecting precomputed outputs
250329-14:22:04,438 nipype.workflow INFO:
	 [Node] "_acc_msk_tfm0" found cached.
250329-14:22:04,439 nipype.workflow INFO:
	 [Node] Setting-up "_acc_msk_tfm1" in "/work_dir/fmriprep_24_0_wf/sub_35_wf/bold_task_bird_run_1_wf/bold_confounds_wf/acc_msk_tfm/mapflow/_acc_msk_tfm1".
250329-14:22:04,440 nipype.workflow INFO:
	 [Node] Cached "_acc_msk_tfm1" - collecting precomputed outputs
250329-14:22:04,440 nipype.workflow INFO:
	 [Node] "_acc_msk_tfm1" found cached.
250329-14:22:04,441 nipype.workflow INFO:
	 [Node] Setting-up "_acc_msk_tfm2" in "/work_dir/fmriprep_24_0_wf/sub_35_wf/bold_task_bird_run_1_wf/bold_confounds_wf/acc_msk_tfm/mapflow/_acc_msk_tfm2".
250329-14:22:04,442 nipype.workflow INFO:
	 [Node] Cached "_acc_msk_tfm2" - collecting precomputed outputs
250329-14:22:04,442 nipype.workflow INFO:
	 [Node] "_acc_msk_tfm2" found cached.
250329-14:22:04,447 nipype.workflow INFO:
	 [Node] Setting-up "_acc_msk_tfm0" in "/work_dir/fmriprep_24_0_wf/sub_35_wf/bold_task_bird_run_6_wf/bold_confounds_wf/acc_msk_tfm/mapflow/_acc_msk_tfm0".
250329-14:22:04,448 nipype.workflow INFO:
	 [Node] Cached "_acc_msk_tfm0" - collecting precomputed outputs
250329-14:22:04,448 nipype.workflow INFO:
	 [Node] "_acc_msk_tfm0" found cached.
250329-14:22:04,449 nipype.workflow INFO:
	 [Node] Setting-up "_acc_msk_tfm1" in "/work_dir/fmriprep_24_0_wf/sub_35_wf/bold_task_bird_run_6_wf/bold_confounds_wf/acc_msk_tfm/mapflow/_acc_msk_tfm1".
250329-14:22:04,450 nipype.workflow INFO:
	 [Node] Cached "_acc_msk_tfm1" - collecting precomputed outputs
250329-14:22:04,450 nipype.workflow INFO:
	 [Node] "_acc_msk_tfm1" found cached.
250329-14:22:04,451 nipype.workflow INFO:
	 [Node] Setting-up "_acc_msk_tfm2" in "/work_dir/fmriprep_24_0_wf/sub_35_wf/bold_task_bird_run_6_wf/bold_confounds_wf/acc_msk_tfm/mapflow/_acc_msk_tfm2".
250329-14:22:04,452 nipype.workflow INFO:
	 [Node] Cached "_acc_msk_tfm2" - collecting precomputed outputs
250329-14:22:04,452 nipype.workflow INFO:
	 [Node] "_acc_msk_tfm2" found cached.
250329-14:22:04,454 nipype.workflow INFO:
	 [Node] Setting-up "fmriprep_24_0_wf.sub_35_wf.bold_task_bird_run_6_wf.bold_confounds_wf.dilated_mask" in "/work_dir/fmriprep_24_0_wf/sub_35_wf/bold_task_bird_run_6_wf/bold_confounds_wf/dilated_mask".
250329-14:22:04,455 nipype.workflow INFO:
	 [Node] Executing "dilated_mask" <niworkflows.interfaces.morphology.BinaryDilation>
250329-14:22:04,465 nipype.workflow INFO:
	 [Node] Setting-up "_acc_msk_tfm2" in "/work_dir/fmriprep_24_0_wf/sub_35_wf/bold_task_bird_run_3_wf/bold_confounds_wf/acc_msk_tfm/mapflow/_acc_msk_tfm2".
250329-14:22:04,468 nipype.workflow INFO:
	 [Node] Executing "_acc_msk_tfm2" <niworkflows.interfaces.fixes.FixHeaderApplyTransforms>
250329-14:22:04,716 nipype.workflow INFO:
	 [Node] Finished "dilated_mask", elapsed time 0.260266s.
250329-14:22:05,924 nipype.workflow INFO:
	 [Node] Finished "_acc_msk_tfm1", elapsed time 2.992938s.
250329-14:22:07,667 nipype.workflow INFO:
	 [Node] Finished "_acc_msk_tfm0", elapsed time 4.740381s.
250329-14:22:07,785 nipype.workflow INFO:
	 [Node] Setting-up "fmriprep_24_0_wf.sub_35_wf.bold_task_bird_run_6_wf.bold_confounds_wf.subtract_mask" in "/work_dir/fmriprep_24_0_wf/sub_35_wf/bold_task_bird_run_6_wf/bold_confounds_wf/subtract_mask".
250329-14:22:07,787 nipype.workflow INFO:
	 [Node] Executing "subtract_mask" <niworkflows.interfaces.morphology.BinarySubtraction>
250329-14:22:07,815 nipype.workflow INFO:
	 [Node] Setting-up "_acc_msk_brain0" in "/work_dir/fmriprep_24_0_wf/sub_35_wf/bold_task_bird_run_2_wf/bold_confounds_wf/acc_msk_brain/mapflow/_acc_msk_brain0".
250329-14:22:07,816 nipype.workflow INFO:
	 [Node] Executing "_acc_msk_brain0" <niworkflows.interfaces.nibabel.ApplyMask>
250329-14:22:07,826 nipype.workflow INFO:
	 [Node] Setting-up "_acc_msk_brain1" in "/work_dir/fmriprep_24_0_wf/sub_35_wf/bold_task_bird_run_2_wf/bold_confounds_wf/acc_msk_brain/mapflow/_acc_msk_brain1".
250329-14:22:07,827 nipype.workflow INFO:
	 [Node] Executing "_acc_msk_brain1" <niworkflows.interfaces.nibabel.ApplyMask>
250329-14:22:07,841 nipype.workflow INFO:
	 [Node] Setting-up "_acc_msk_brain2" in "/work_dir/fmriprep_24_0_wf/sub_35_wf/bold_task_bird_run_2_wf/bold_confounds_wf/acc_msk_brain/mapflow/_acc_msk_brain2".
250329-14:22:07,842 nipype.workflow INFO:
	 [Node] Executing "_acc_msk_brain2" <niworkflows.interfaces.nibabel.ApplyMask>
250329-14:22:07,860 nipype.workflow INFO:
	 [Node] Setting-up "_acc_msk_brain0" in "/work_dir/fmriprep_24_0_wf/sub_35_wf/bold_task_bird_run_4_wf/bold_confounds_wf/acc_msk_brain/mapflow/_acc_msk_brain0".
250329-14:22:07,861 nipype.workflow INFO:
	 [Node] Executing "_acc_msk_brain0" <niworkflows.interfaces.nibabel.ApplyMask>
250329-14:22:07,940 nipype.workflow INFO:
	 [Node] Finished "subtract_mask", elapsed time 0.152849s.
250329-14:22:08,57 nipype.workflow INFO:
	 [Node] Finished "_acc_msk_brain0", elapsed time 0.195087s.
250329-14:22:08,85 nipype.workflow INFO:
	 [Node] Finished "_acc_msk_brain1", elapsed time 0.256856s.
250329-14:22:08,96 nipype.workflow INFO:
	 [Node] Finished "_acc_msk_brain2", elapsed time 0.252506s.
250329-14:22:08,191 nipype.workflow INFO:
	 [Node] Finished "_acc_msk_brain0", elapsed time 0.373836s.
250329-14:22:08,270 nipype.workflow INFO:
	 [Node] Setting-up "fmriprep_24_0_wf.sub_35_wf.bold_task_bird_run_5_wf.bold_fit_wf.bold_reg_wf.bbreg_wf.compare_transforms" in "/work_dir/fmriprep_24_0_wf/sub_35_wf/bold_task_bird_run_5_wf/bold_fit_wf/bold_reg_wf/bbreg_wf/compare_transforms".
250329-14:22:08,272 nipype.workflow INFO:
	 [Node] Executing "compare_transforms" <nipype.interfaces.utility.wrappers.Function>
250329-14:22:08,273 nipype.workflow INFO:
	 [Node] Setting-up "fmriprep_24_0_wf.sub_35_wf.bold_task_bird_run_6_wf.bold_confounds_wf.crowncompcor" in "/work_dir/fmriprep_24_0_wf/sub_35_wf/bold_task_bird_run_6_wf/bold_confounds_wf/crowncompcor".
250329-14:22:08,277 nipype.workflow INFO:
	 [Node] Executing "crowncompcor" <niworkflows.interfaces.patches.RobustACompCor>
250329-14:22:08,296 nipype.workflow INFO:
	 [Node] Finished "compare_transforms", elapsed time 0.022677s.
250329-14:22:08,872 nipype.workflow INFO:
	 [Node] Finished "_acc_msk_tfm2", elapsed time 4.403028s.
250329-14:22:12,231 nipype.workflow INFO:
	 [Node] Setting-up "_acc_msk_tfm0" in "/work_dir/fmriprep_24_0_wf/sub_35_wf/bold_task_bird_run_3_wf/bold_confounds_wf/acc_msk_tfm/mapflow/_acc_msk_tfm0".
250329-14:22:12,232 nipype.workflow INFO:
	 [Node] Cached "_acc_msk_tfm0" - collecting precomputed outputs
250329-14:22:12,232 nipype.workflow INFO:
	 [Node] "_acc_msk_tfm0" found cached.
250329-14:22:12,233 nipype.workflow INFO:
	 [Node] Setting-up "_acc_msk_tfm1" in "/work_dir/fmriprep_24_0_wf/sub_35_wf/bold_task_bird_run_3_wf/bold_confounds_wf/acc_msk_tfm/mapflow/_acc_msk_tfm1".
250329-14:22:12,234 nipype.workflow INFO:
	 [Node] Cached "_acc_msk_tfm1" - collecting precomputed outputs
250329-14:22:12,234 nipype.workflow INFO:
	 [Node] "_acc_msk_tfm1" found cached.
250329-14:22:12,235 nipype.workflow INFO:
	 [Node] Setting-up "_acc_msk_tfm2" in "/work_dir/fmriprep_24_0_wf/sub_35_wf/bold_task_bird_run_3_wf/bold_confounds_wf/acc_msk_tfm/mapflow/_acc_msk_tfm2".
250329-14:22:12,247 nipype.workflow INFO:
	 [Node] Cached "_acc_msk_tfm2" - collecting precomputed outputs
250329-14:22:12,247 nipype.workflow INFO:
	 [Node] "_acc_msk_tfm2" found cached.
250329-14:22:12,251 nipype.workflow INFO:
	 [Node] Setting-up "_acc_msk_brain0" in "/work_dir/fmriprep_24_0_wf/sub_35_wf/bold_task_bird_run_2_wf/bold_confounds_wf/acc_msk_brain/mapflow/_acc_msk_brain0".
250329-14:22:12,252 nipype.workflow INFO:
	 [Node] Cached "_acc_msk_brain0" - collecting precomputed outputs
250329-14:22:12,253 nipype.workflow INFO:
	 [Node] "_acc_msk_brain0" found cached.
250329-14:22:12,253 nipype.workflow INFO:
	 [Node] Setting-up "_acc_msk_brain1" in "/work_dir/fmriprep_24_0_wf/sub_35_wf/bold_task_bird_run_2_wf/bold_confounds_wf/acc_msk_brain/mapflow/_acc_msk_brain1".
250329-14:22:12,254 nipype.workflow INFO:
	 [Node] Cached "_acc_msk_brain1" - collecting precomputed outputs
250329-14:22:12,254 nipype.workflow INFO:
	 [Node] "_acc_msk_brain1" found cached.
250329-14:22:12,255 nipype.workflow INFO:
	 [Node] Setting-up "_acc_msk_brain2" in "/work_dir/fmriprep_24_0_wf/sub_35_wf/bold_task_bird_run_2_wf/bold_confounds_wf/acc_msk_brain/mapflow/_acc_msk_brain2".
250329-14:22:12,255 nipype.workflow INFO:
	 [Node] Setting-up "_acc_msk_brain1" in "/work_dir/fmriprep_24_0_wf/sub_35_wf/bold_task_bird_run_4_wf/bold_confounds_wf/acc_msk_brain/mapflow/_acc_msk_brain1".
250329-14:22:12,255 nipype.workflow INFO:
	 [Node] Cached "_acc_msk_brain2" - collecting precomputed outputs
250329-14:22:12,255 nipype.workflow INFO:
	 [Node] "_acc_msk_brain2" found cached.
250329-14:22:12,256 nipype.workflow INFO:
	 [Node] Executing "_acc_msk_brain1" <niworkflows.interfaces.nibabel.ApplyMask>
250329-14:22:12,266 nipype.workflow INFO:
	 [Node] Setting-up "_acc_msk_brain2" in "/work_dir/fmriprep_24_0_wf/sub_35_wf/bold_task_bird_run_4_wf/bold_confounds_wf/acc_msk_brain/mapflow/_acc_msk_brain2".
250329-14:22:12,267 nipype.workflow INFO:
	 [Node] Executing "_acc_msk_brain2" <niworkflows.interfaces.nibabel.ApplyMask>
250329-14:22:12,275 nipype.workflow INFO:
	 [Node] Setting-up "_acc_msk_brain0" in "/work_dir/fmriprep_24_0_wf/sub_35_wf/bold_task_bird_run_1_wf/bold_confounds_wf/acc_msk_brain/mapflow/_acc_msk_brain0".
250329-14:22:12,276 nipype.workflow INFO:
	 [Node] Executing "_acc_msk_brain0" <niworkflows.interfaces.nibabel.ApplyMask>
250329-14:22:12,286 nipype.workflow INFO:
	 [Node] Setting-up "_acc_msk_brain1" in "/work_dir/fmriprep_24_0_wf/sub_35_wf/bold_task_bird_run_1_wf/bold_confounds_wf/acc_msk_brain/mapflow/_acc_msk_brain1".
250329-14:22:12,288 nipype.workflow INFO:
	 [Node] Executing "_acc_msk_brain1" <niworkflows.interfaces.nibabel.ApplyMask>
250329-14:22:12,539 nipype.workflow INFO:
	 [Node] Finished "_acc_msk_brain1", elapsed time 0.250607s.
250329-14:22:12,781 nipype.workflow INFO:
	 [Node] Finished "_acc_msk_brain1", elapsed time 0.499924s.
250329-14:22:12,823 nipype.workflow INFO:
	 [Node] Finished "_acc_msk_brain2", elapsed time 0.535943s.
250329-14:22:12,887 nipype.workflow INFO:
	 [Node] Finished "_acc_msk_brain0", elapsed time 0.610399s.
250329-14:22:13,916 nipype.workflow INFO:
	 [Node] Setting-up "_acc_msk_brain2" in "/work_dir/fmriprep_24_0_wf/sub_35_wf/bold_task_bird_run_1_wf/bold_confounds_wf/acc_msk_brain/mapflow/_acc_msk_brain2".
250329-14:22:13,918 nipype.workflow INFO:
	 [Node] Executing "_acc_msk_brain2" <niworkflows.interfaces.nibabel.ApplyMask>
250329-14:22:13,922 nipype.workflow INFO:
	 [Node] Setting-up "_acc_msk_brain0" in "/work_dir/fmriprep_24_0_wf/sub_35_wf/bold_task_bird_run_6_wf/bold_confounds_wf/acc_msk_brain/mapflow/_acc_msk_brain0".
250329-14:22:13,924 nipype.workflow INFO:
	 [Node] Executing "_acc_msk_brain0" <niworkflows.interfaces.nibabel.ApplyMask>
250329-14:22:14,224 nipype.workflow INFO:
	 [Node] Finished "_acc_msk_brain2", elapsed time 0.30491s.
250329-14:22:14,301 nipype.workflow INFO:
	 [Node] Finished "_acc_msk_brain0", elapsed time 0.376182s.
250329-14:22:14,714 nipype.workflow INFO:
	 [Node] Setting-up "fmriprep_24_0_wf.sub_35_wf.bold_task_bird_run_5_wf.bold_fit_wf.bold_reg_wf.bbreg_wf.concat_xfm" in "/work_dir/fmriprep_24_0_wf/sub_35_wf/bold_task_bird_run_5_wf/bold_fit_wf/bold_reg_wf/bbreg_wf/concat_xfm".
250329-14:22:14,716 nipype.workflow INFO:
	 [Node] Executing "concat_xfm" <niworkflows.interfaces.nitransforms.ConcatenateXFMs>
250329-14:22:14,717 nipype.workflow INFO:
	 [Node] Setting-up "_acc_msk_brain0" in "/work_dir/fmriprep_24_0_wf/sub_35_wf/bold_task_bird_run_1_wf/bold_confounds_wf/acc_msk_brain/mapflow/_acc_msk_brain0".
250329-14:22:14,718 nipype.workflow INFO:
	 [Node] Cached "_acc_msk_brain0" - collecting precomputed outputs
250329-14:22:14,718 nipype.workflow INFO:
	 [Node] "_acc_msk_brain0" found cached.
250329-14:22:14,719 nipype.workflow INFO:
	 [Node] Setting-up "_acc_msk_brain1" in "/work_dir/fmriprep_24_0_wf/sub_35_wf/bold_task_bird_run_1_wf/bold_confounds_wf/acc_msk_brain/mapflow/_acc_msk_brain1".
250329-14:22:14,720 nipype.workflow INFO:
	 [Node] Cached "_acc_msk_brain1" - collecting precomputed outputs
250329-14:22:14,720 nipype.workflow INFO:
	 [Node] "_acc_msk_brain1" found cached.
250329-14:22:14,720 nipype.workflow INFO:
	 [Node] Setting-up "_acc_msk_brain2" in "/work_dir/fmriprep_24_0_wf/sub_35_wf/bold_task_bird_run_1_wf/bold_confounds_wf/acc_msk_brain/mapflow/_acc_msk_brain2".
250329-14:22:14,721 nipype.workflow INFO:
	 [Node] Cached "_acc_msk_brain2" - collecting precomputed outputs
250329-14:22:14,721 nipype.workflow INFO:
	 [Node] "_acc_msk_brain2" found cached.
250329-14:22:14,722 nipype.workflow INFO:
	 [Node] Finished "concat_xfm", elapsed time 0.004934s.
250329-14:22:14,728 nipype.workflow INFO:
	 [Node] Setting-up "_acc_msk_brain0" in "/work_dir/fmriprep_24_0_wf/sub_35_wf/bold_task_bird_run_4_wf/bold_confounds_wf/acc_msk_brain/mapflow/_acc_msk_brain0".
250329-14:22:14,729 nipype.workflow INFO:
	 [Node] Cached "_acc_msk_brain0" - collecting precomputed outputs
250329-14:22:14,729 nipype.workflow INFO:
	 [Node] "_acc_msk_brain0" found cached.
250329-14:22:14,730 nipype.workflow INFO:
	 [Node] Setting-up "_acc_msk_brain1" in "/work_dir/fmriprep_24_0_wf/sub_35_wf/bold_task_bird_run_4_wf/bold_confounds_wf/acc_msk_brain/mapflow/_acc_msk_brain1".
250329-14:22:14,730 nipype.workflow INFO:
	 [Node] Setting-up "_acc_msk_brain1" in "/work_dir/fmriprep_24_0_wf/sub_35_wf/bold_task_bird_run_6_wf/bold_confounds_wf/acc_msk_brain/mapflow/_acc_msk_brain1".
250329-14:22:14,731 nipype.workflow INFO:
	 [Node] Setting-up "_acc_msk_brain2" in "/work_dir/fmriprep_24_0_wf/sub_35_wf/bold_task_bird_run_6_wf/bold_confounds_wf/acc_msk_brain/mapflow/_acc_msk_brain2".
250329-14:22:14,733 nipype.workflow INFO:
	 [Node] Executing "_acc_msk_brain2" <niworkflows.interfaces.nibabel.ApplyMask>
250329-14:22:14,736 nipype.workflow INFO:
	 [Node] Executing "_acc_msk_brain1" <niworkflows.interfaces.nibabel.ApplyMask>
250329-14:22:14,749 nipype.workflow INFO:
	 [Node] Cached "_acc_msk_brain1" - collecting precomputed outputs
250329-14:22:14,749 nipype.workflow INFO:
	 [Node] "_acc_msk_brain1" found cached.
250329-14:22:14,749 nipype.workflow INFO:
	 [Node] Setting-up "_acc_msk_brain2" in "/work_dir/fmriprep_24_0_wf/sub_35_wf/bold_task_bird_run_4_wf/bold_confounds_wf/acc_msk_brain/mapflow/_acc_msk_brain2".
250329-14:22:14,750 nipype.workflow INFO:
	 [Node] Cached "_acc_msk_brain2" - collecting precomputed outputs
250329-14:22:14,750 nipype.workflow INFO:
	 [Node] "_acc_msk_brain2" found cached.
250329-14:22:14,964 nipype.workflow INFO:
	 [Node] Finished "_acc_msk_brain1", elapsed time 0.226482s.
250329-14:22:14,971 nipype.workflow INFO:
	 [Node] Finished "_acc_msk_brain2", elapsed time 0.237813s.
250329-14:22:17,55 nipype.workflow INFO:
	 [Node] Setting-up "_acc_msk_brain0" in "/work_dir/fmriprep_24_0_wf/sub_35_wf/bold_task_bird_run_6_wf/bold_confounds_wf/acc_msk_brain/mapflow/_acc_msk_brain0".
250329-14:22:17,56 nipype.workflow INFO:
	 [Node] Cached "_acc_msk_brain0" - collecting precomputed outputs
250329-14:22:17,56 nipype.workflow INFO:
	 [Node] "_acc_msk_brain0" found cached.
250329-14:22:17,56 nipype.workflow INFO:
	 [Node] Setting-up "_acc_msk_brain1" in "/work_dir/fmriprep_24_0_wf/sub_35_wf/bold_task_bird_run_6_wf/bold_confounds_wf/acc_msk_brain/mapflow/_acc_msk_brain1".
250329-14:22:17,57 nipype.workflow INFO:
	 [Node] Cached "_acc_msk_brain1" - collecting precomputed outputs
250329-14:22:17,57 nipype.workflow INFO:
	 [Node] "_acc_msk_brain1" found cached.
250329-14:22:17,58 nipype.workflow INFO:
	 [Node] Setting-up "_acc_msk_brain2" in "/work_dir/fmriprep_24_0_wf/sub_35_wf/bold_task_bird_run_6_wf/bold_confounds_wf/acc_msk_brain/mapflow/_acc_msk_brain2".
250329-14:22:17,58 nipype.workflow INFO:
	 [Node] Cached "_acc_msk_brain2" - collecting precomputed outputs
250329-14:22:17,59 nipype.workflow INFO:
	 [Node] "_acc_msk_brain2" found cached.
250329-14:22:17,71 nipype.workflow INFO:
	 [Node] Setting-up "_acc_msk_brain0" in "/work_dir/fmriprep_24_0_wf/sub_35_wf/bold_task_bird_run_3_wf/bold_confounds_wf/acc_msk_brain/mapflow/_acc_msk_brain0".
250329-14:22:17,72 nipype.workflow INFO:
	 [Node] Executing "_acc_msk_brain0" <niworkflows.interfaces.nibabel.ApplyMask>
250329-14:22:17,93 nipype.workflow INFO:
	 [Node] Setting-up "_acc_msk_brain1" in "/work_dir/fmriprep_24_0_wf/sub_35_wf/bold_task_bird_run_3_wf/bold_confounds_wf/acc_msk_brain/mapflow/_acc_msk_brain1".
250329-14:22:17,94 nipype.workflow INFO:
	 [Node] Setting-up "_acc_msk_brain2" in "/work_dir/fmriprep_24_0_wf/sub_35_wf/bold_task_bird_run_3_wf/bold_confounds_wf/acc_msk_brain/mapflow/_acc_msk_brain2".
250329-14:22:17,95 nipype.workflow INFO:
	 [Node] Executing "_acc_msk_brain1" <niworkflows.interfaces.nibabel.ApplyMask>
250329-14:22:17,95 nipype.workflow INFO:
	 [Node] Executing "_acc_msk_brain2" <niworkflows.interfaces.nibabel.ApplyMask>
250329-14:22:17,105 nipype.workflow INFO:
	 [Node] Setting-up "_acc_msk_bin0" in "/work_dir/fmriprep_24_0_wf/sub_35_wf/bold_task_bird_run_2_wf/bold_confounds_wf/acc_msk_bin/mapflow/_acc_msk_bin0".
250329-14:22:17,107 nipype.workflow INFO:
	 [Node] Executing "_acc_msk_bin0" <niworkflows.interfaces.nibabel.Binarize>
250329-14:22:17,109 nipype.workflow INFO:
	 [Node] Setting-up "_acc_msk_bin1" in "/work_dir/fmriprep_24_0_wf/sub_35_wf/bold_task_bird_run_2_wf/bold_confounds_wf/acc_msk_bin/mapflow/_acc_msk_bin1".
250329-14:22:17,110 nipype.workflow INFO:
	 [Node] Executing "_acc_msk_bin1" <niworkflows.interfaces.nibabel.Binarize>
250329-14:22:17,241 nipype.workflow INFO:
	 [Node] Finished "_acc_msk_brain2", elapsed time 0.145516s.
250329-14:22:17,268 nipype.workflow INFO:
	 [Node] Finished "_acc_msk_brain0", elapsed time 0.194632s.
250329-14:22:17,339 nipype.workflow INFO:
	 [Node] Finished "_acc_msk_brain1", elapsed time 0.243736s.
250329-14:22:17,371 nipype.workflow INFO:
	 [Node] Finished "_acc_msk_bin1", elapsed time 0.259988s.
250329-14:22:17,386 nipype.workflow INFO:
	 [Node] Finished "_acc_msk_bin0", elapsed time 0.278402s.
250329-14:22:18,37 nipype.workflow INFO:
	 [Node] Finished "crowncompcor", elapsed time 14.875166s.
250329-14:22:18,751 nipype.workflow INFO:
	 [Node] Setting-up "fmriprep_24_0_wf.sub_35_wf.bold_task_bird_run_5_wf.bold_fit_wf.func_fit_reports_wf.t1w_boldref" in "/work_dir/fmriprep_24_0_wf/sub_35_wf/bold_task_bird_run_5_wf/bold_fit_wf/func_fit_reports_wf/t1w_boldref".
250329-14:22:18,755 nipype.workflow INFO:
	 [Node] Executing "t1w_boldref" <niworkflows.interfaces.fixes.FixHeaderApplyTransforms>
250329-14:22:19,431 nipype.workflow INFO:
	 [Node] Setting-up "fmriprep_24_0_wf.sub_35_wf.bold_task_bird_run_5_wf.bold_confounds_wf.t1w_mask_tfm" in "/work_dir/fmriprep_24_0_wf/sub_35_wf/bold_task_bird_run_5_wf/bold_confounds_wf/t1w_mask_tfm".
250329-14:22:19,435 nipype.workflow INFO:
	 [Node] Executing "t1w_mask_tfm" <niworkflows.interfaces.fixes.FixHeaderApplyTransforms>
250329-14:22:19,445 nipype.workflow INFO:
	 [Node] Setting-up "fmriprep_24_0_wf.sub_35_wf.bold_task_bird_run_5_wf.bold_fit_wf.func_fit_reports_wf.boldref_wm" in "/work_dir/fmriprep_24_0_wf/sub_35_wf/bold_task_bird_run_5_wf/bold_fit_wf/func_fit_reports_wf/boldref_wm".
250329-14:22:19,449 nipype.workflow INFO:
	 [Node] Executing "boldref_wm" <niworkflows.interfaces.fixes.FixHeaderApplyTransforms>
250329-14:22:19,477 nipype.workflow INFO:
	 [Node] Setting-up "_acc_msk_brain0" in "/work_dir/fmriprep_24_0_wf/sub_35_wf/bold_task_bird_run_3_wf/bold_confounds_wf/acc_msk_brain/mapflow/_acc_msk_brain0".
250329-14:22:19,478 nipype.workflow INFO:
	 [Node] Cached "_acc_msk_brain0" - collecting precomputed outputs
250329-14:22:19,478 nipype.workflow INFO:
	 [Node] "_acc_msk_brain0" found cached.
250329-14:22:19,479 nipype.workflow INFO:
	 [Node] Setting-up "_acc_msk_brain1" in "/work_dir/fmriprep_24_0_wf/sub_35_wf/bold_task_bird_run_3_wf/bold_confounds_wf/acc_msk_brain/mapflow/_acc_msk_brain1".
250329-14:22:19,480 nipype.workflow INFO:
	 [Node] Cached "_acc_msk_brain1" - collecting precomputed outputs
250329-14:22:19,480 nipype.workflow INFO:
	 [Node] "_acc_msk_brain1" found cached.
250329-14:22:19,480 nipype.workflow INFO:
	 [Node] Setting-up "_acc_msk_brain2" in "/work_dir/fmriprep_24_0_wf/sub_35_wf/bold_task_bird_run_3_wf/bold_confounds_wf/acc_msk_brain/mapflow/_acc_msk_brain2".
250329-14:22:19,481 nipype.workflow INFO:
	 [Node] Cached "_acc_msk_brain2" - collecting precomputed outputs
250329-14:22:19,481 nipype.workflow INFO:
	 [Node] "_acc_msk_brain2" found cached.
250329-14:22:19,498 nipype.workflow INFO:
	 [Node] Setting-up "fmriprep_24_0_wf.sub_35_wf.bold_task_bird_run_4_wf.bold_confounds_wf.crowncc_metadata_fmt" in "/work_dir/fmriprep_24_0_wf/sub_35_wf/bold_task_bird_run_4_wf/bold_confounds_wf/crowncc_metadata_fmt".
250329-14:22:19,502 nipype.workflow INFO:
	 [Node] Executing "crowncc_metadata_fmt" <niworkflows.interfaces.utility.TSV2JSON>
250329-14:22:19,508 nipype.workflow INFO:
	 [Node] Finished "crowncc_metadata_fmt", elapsed time 0.005542s.
250329-14:22:19,517 nipype.workflow INFO:
	 [Node] Setting-up "_acc_msk_bin2" in "/work_dir/fmriprep_24_0_wf/sub_35_wf/bold_task_bird_run_2_wf/bold_confounds_wf/acc_msk_bin/mapflow/_acc_msk_bin2".
250329-14:22:19,518 nipype.workflow INFO:
	 [Node] Executing "_acc_msk_bin2" <niworkflows.interfaces.nibabel.Binarize>
250329-14:22:19,528 nipype.workflow INFO:
	 [Node] Setting-up "_acc_msk_bin0" in "/work_dir/fmriprep_24_0_wf/sub_35_wf/bold_task_bird_run_1_wf/bold_confounds_wf/acc_msk_bin/mapflow/_acc_msk_bin0".
250329-14:22:19,529 nipype.workflow INFO:
	 [Node] Executing "_acc_msk_bin0" <niworkflows.interfaces.nibabel.Binarize>
250329-14:22:19,661 nipype.workflow INFO:
	 [Node] Finished "_acc_msk_bin0", elapsed time 0.130569s.
250329-14:22:19,698 nipype.workflow INFO:
	 [Node] Finished "_acc_msk_bin2", elapsed time 0.17891s.
250329-14:22:20,799 nipype.workflow INFO:
	 [Node] Finished "boldref_wm", elapsed time 1.349022s.
250329-14:22:21,356 nipype.workflow INFO:
	 [Node] Setting-up "_acc_msk_bin0" in "/work_dir/fmriprep_24_0_wf/sub_35_wf/bold_task_bird_run_2_wf/bold_confounds_wf/acc_msk_bin/mapflow/_acc_msk_bin0".
250329-14:22:21,357 nipype.workflow INFO:
	 [Node] Cached "_acc_msk_bin0" - collecting precomputed outputs
250329-14:22:21,357 nipype.workflow INFO:
	 [Node] "_acc_msk_bin0" found cached.
250329-14:22:21,358 nipype.workflow INFO:
	 [Node] Setting-up "_acc_msk_bin1" in "/work_dir/fmriprep_24_0_wf/sub_35_wf/bold_task_bird_run_2_wf/bold_confounds_wf/acc_msk_bin/mapflow/_acc_msk_bin1".
250329-14:22:21,358 nipype.workflow INFO:
	 [Node] Cached "_acc_msk_bin1" - collecting precomputed outputs
250329-14:22:21,358 nipype.workflow INFO:
	 [Node] "_acc_msk_bin1" found cached.
250329-14:22:21,359 nipype.workflow INFO:
	 [Node] Setting-up "_acc_msk_bin2" in "/work_dir/fmriprep_24_0_wf/sub_35_wf/bold_task_bird_run_2_wf/bold_confounds_wf/acc_msk_bin/mapflow/_acc_msk_bin2".
250329-14:22:21,360 nipype.workflow INFO:
	 [Node] Cached "_acc_msk_bin2" - collecting precomputed outputs
250329-14:22:21,360 nipype.workflow INFO:
	 [Node] "_acc_msk_bin2" found cached.
250329-14:22:21,375 nipype.workflow INFO:
	 [Node] Setting-up "_acc_msk_bin1" in "/work_dir/fmriprep_24_0_wf/sub_35_wf/bold_task_bird_run_1_wf/bold_confounds_wf/acc_msk_bin/mapflow/_acc_msk_bin1".
250329-14:22:21,376 nipype.workflow INFO:
	 [Node] Executing "_acc_msk_bin1" <niworkflows.interfaces.nibabel.Binarize>
250329-14:22:21,379 nipype.workflow INFO:
	 [Node] Setting-up "_acc_msk_bin2" in "/work_dir/fmriprep_24_0_wf/sub_35_wf/bold_task_bird_run_1_wf/bold_confounds_wf/acc_msk_bin/mapflow/_acc_msk_bin2".
250329-14:22:21,380 nipype.workflow INFO:
	 [Node] Executing "_acc_msk_bin2" <niworkflows.interfaces.nibabel.Binarize>
250329-14:22:21,383 nipype.workflow INFO:
	 [Node] Setting-up "_acc_msk_bin0" in "/work_dir/fmriprep_24_0_wf/sub_35_wf/bold_task_bird_run_4_wf/bold_confounds_wf/acc_msk_bin/mapflow/_acc_msk_bin0".
250329-14:22:21,384 nipype.workflow INFO:
	 [Node] Executing "_acc_msk_bin0" <niworkflows.interfaces.nibabel.Binarize>
250329-14:22:21,636 nipype.workflow INFO:
	 [Node] Finished "_acc_msk_bin1", elapsed time 0.259481s.
250329-14:22:21,653 nipype.workflow INFO:
	 [Node] Finished "_acc_msk_bin0", elapsed time 0.268087s.
250329-14:22:21,655 nipype.workflow INFO:
	 [Node] Finished "_acc_msk_bin2", elapsed time 0.274325s.
250329-14:22:22,43 nipype.workflow INFO:
	 [Node] Finished "crowncompcor", elapsed time 13.76578s.
250329-14:22:22,644 nipype.workflow INFO:
	 [Node] Setting-up "fmriprep_24_0_wf.sub_35_wf.bold_task_bird_run_2_wf.bold_confounds_wf.acompcor" in "/work_dir/fmriprep_24_0_wf/sub_35_wf/bold_task_bird_run_2_wf/bold_confounds_wf/acompcor".
250329-14:22:22,646 nipype.workflow INFO:
	 [Node] Setting-up "_acc_msk_bin0" in "/work_dir/fmriprep_24_0_wf/sub_35_wf/bold_task_bird_run_1_wf/bold_confounds_wf/acc_msk_bin/mapflow/_acc_msk_bin0".
250329-14:22:22,647 nipype.workflow INFO:
	 [Node] Cached "_acc_msk_bin0" - collecting precomputed outputs
250329-14:22:22,647 nipype.workflow INFO:
	 [Node] "_acc_msk_bin0" found cached.
250329-14:22:22,647 nipype.workflow INFO:
	 [Node] Setting-up "_acc_msk_bin1" in "/work_dir/fmriprep_24_0_wf/sub_35_wf/bold_task_bird_run_1_wf/bold_confounds_wf/acc_msk_bin/mapflow/_acc_msk_bin1".
250329-14:22:22,648 nipype.workflow INFO:
	 [Node] Cached "_acc_msk_bin1" - collecting precomputed outputs
250329-14:22:22,648 nipype.workflow INFO:
	 [Node] "_acc_msk_bin1" found cached.
250329-14:22:22,648 nipype.workflow INFO:
	 [Node] Executing "acompcor" <niworkflows.interfaces.patches.RobustACompCor>
250329-14:22:22,649 nipype.workflow INFO:
	 [Node] Setting-up "_acc_msk_bin2" in "/work_dir/fmriprep_24_0_wf/sub_35_wf/bold_task_bird_run_1_wf/bold_confounds_wf/acc_msk_bin/mapflow/_acc_msk_bin2".
250329-14:22:22,649 nipype.workflow INFO:
	 [Node] Cached "_acc_msk_bin2" - collecting precomputed outputs
250329-14:22:22,650 nipype.workflow INFO:
	 [Node] "_acc_msk_bin2" found cached.
250329-14:22:23,474 nipype.workflow INFO:
	 [Node] Setting-up "fmriprep_24_0_wf.sub_35_wf.bold_task_bird_run_6_wf.bold_confounds_wf.crowncc_metadata_fmt" in "/work_dir/fmriprep_24_0_wf/sub_35_wf/bold_task_bird_run_6_wf/bold_confounds_wf/crowncc_metadata_fmt".
250329-14:22:23,477 nipype.workflow INFO:
	 [Node] Executing "crowncc_metadata_fmt" <niworkflows.interfaces.utility.TSV2JSON>
250329-14:22:23,485 nipype.workflow INFO:
	 [Node] Finished "crowncc_metadata_fmt", elapsed time 0.006264s.
250329-14:22:23,489 nipype.workflow INFO:
	 [Node] Setting-up "_acc_msk_bin1" in "/work_dir/fmriprep_24_0_wf/sub_35_wf/bold_task_bird_run_4_wf/bold_confounds_wf/acc_msk_bin/mapflow/_acc_msk_bin1".
250329-14:22:23,490 nipype.workflow INFO:
	 [Node] Executing "_acc_msk_bin1" <niworkflows.interfaces.nibabel.Binarize>
250329-14:22:23,500 nipype.workflow INFO:
	 [Node] Setting-up "_acc_msk_bin2" in "/work_dir/fmriprep_24_0_wf/sub_35_wf/bold_task_bird_run_4_wf/bold_confounds_wf/acc_msk_bin/mapflow/_acc_msk_bin2".
250329-14:22:23,501 nipype.workflow INFO:
	 [Node] Executing "_acc_msk_bin2" <niworkflows.interfaces.nibabel.Binarize>
250329-14:22:23,512 nipype.workflow INFO:
	 [Node] Setting-up "_acc_msk_tfm0" in "/work_dir/fmriprep_24_0_wf/sub_35_wf/bold_task_bird_run_5_wf/bold_confounds_wf/acc_msk_tfm/mapflow/_acc_msk_tfm0".
250329-14:22:23,514 nipype.workflow INFO:
	 [Node] Executing "_acc_msk_tfm0" <niworkflows.interfaces.fixes.FixHeaderApplyTransforms>
250329-14:22:23,665 nipype.workflow INFO:
	 [Node] Finished "_acc_msk_bin2", elapsed time 0.163489s.
250329-14:22:23,667 nipype.workflow INFO:
	 [Node] Finished "_acc_msk_bin1", elapsed time 0.161759s.
250329-14:22:24,718 nipype.workflow INFO:
	 [Node] Setting-up "fmriprep_24_0_wf.sub_35_wf.bold_task_bird_run_1_wf.bold_confounds_wf.acompcor" in "/work_dir/fmriprep_24_0_wf/sub_35_wf/bold_task_bird_run_1_wf/bold_confounds_wf/acompcor".
250329-14:22:24,719 nipype.workflow INFO:
	 [Node] Setting-up "_acc_msk_bin0" in "/work_dir/fmriprep_24_0_wf/sub_35_wf/bold_task_bird_run_4_wf/bold_confounds_wf/acc_msk_bin/mapflow/_acc_msk_bin0".
250329-14:22:24,720 nipype.workflow INFO:
	 [Node] Cached "_acc_msk_bin0" - collecting precomputed outputs
250329-14:22:24,720 nipype.workflow INFO:
	 [Node] "_acc_msk_bin0" found cached.
250329-14:22:24,721 nipype.workflow INFO:
	 [Node] Setting-up "_acc_msk_bin1" in "/work_dir/fmriprep_24_0_wf/sub_35_wf/bold_task_bird_run_4_wf/bold_confounds_wf/acc_msk_bin/mapflow/_acc_msk_bin1".
250329-14:22:24,721 nipype.workflow INFO:
	 [Node] Cached "_acc_msk_bin1" - collecting precomputed outputs
250329-14:22:24,721 nipype.workflow INFO:
	 [Node] "_acc_msk_bin1" found cached.
250329-14:22:24,722 nipype.workflow INFO:
	 [Node] Setting-up "_acc_msk_bin2" in "/work_dir/fmriprep_24_0_wf/sub_35_wf/bold_task_bird_run_4_wf/bold_confounds_wf/acc_msk_bin/mapflow/_acc_msk_bin2".
250329-14:22:24,723 nipype.workflow INFO:
	 [Node] Cached "_acc_msk_bin2" - collecting precomputed outputs
250329-14:22:24,723 nipype.workflow INFO:
	 [Node] "_acc_msk_bin2" found cached.
250329-14:22:24,772 nipype.workflow INFO:
	 [Node] Executing "acompcor" <niworkflows.interfaces.patches.RobustACompCor>
250329-14:22:25,940 nipype.workflow INFO:
	 [Node] Setting-up "fmriprep_24_0_wf.sub_35_wf.bold_task_bird_run_2_wf.bold_confounds_wf.signals" in "/work_dir/fmriprep_24_0_wf/sub_35_wf/bold_task_bird_run_2_wf/bold_confounds_wf/signals".
250329-14:22:25,945 nipype.workflow INFO:
	 [Node] Executing "signals" <niworkflows.interfaces.images.SignalExtraction>
250329-14:22:25,952 nipype.workflow INFO:
	 [Node] Setting-up "fmriprep_24_0_wf.sub_35_wf.bold_task_bird_run_2_wf.bold_confounds_wf.rois_plot" in "/work_dir/fmriprep_24_0_wf/sub_35_wf/bold_task_bird_run_2_wf/bold_confounds_wf/rois_plot".
250329-14:22:25,961 nipype.workflow INFO:
	 [Node] Executing "rois_plot" <niworkflows.interfaces.reportlets.masks.ROIsPlot>
250329-14:22:26,969 nipype.workflow INFO:
	 [Node] Setting-up "fmriprep_24_0_wf.sub_35_wf.bold_task_bird_run_4_wf.bold_confounds_wf.acompcor" in "/work_dir/fmriprep_24_0_wf/sub_35_wf/bold_task_bird_run_4_wf/bold_confounds_wf/acompcor".
250329-14:22:26,973 nipype.workflow INFO:
	 [Node] Executing "acompcor" <niworkflows.interfaces.patches.RobustACompCor>
250329-14:22:27,217 nipype.workflow INFO:
	 [Node] Finished "_acc_msk_tfm0", elapsed time 3.701575s.
250329-14:22:28,219 nipype.workflow INFO:
	 [Node] Finished "seg_rpt", elapsed time 55.357461s.
250329-14:22:29,845 nipype.workflow INFO:
	 [Node] Finished "t1w_boldref", elapsed time 11.089054s.
250329-14:22:30,711 nipype.workflow INFO:
	 [Node] Setting-up "fmriprep_24_0_wf.sub_35_wf.bold_task_bird_run_1_wf.bold_confounds_wf.signals" in "/work_dir/fmriprep_24_0_wf/sub_35_wf/bold_task_bird_run_1_wf/bold_confounds_wf/signals".
250329-14:22:30,715 nipype.workflow INFO:
	 [Node] Setting-up "fmriprep_24_0_wf.sub_35_wf.bold_task_bird_run_1_wf.bold_confounds_wf.rois_plot" in "/work_dir/fmriprep_24_0_wf/sub_35_wf/bold_task_bird_run_1_wf/bold_confounds_wf/rois_plot".
250329-14:22:30,718 nipype.workflow INFO:
	 [Node] Executing "rois_plot" <niworkflows.interfaces.reportlets.masks.ROIsPlot>
250329-14:22:30,759 nipype.workflow INFO:
	 [Node] Executing "signals" <niworkflows.interfaces.images.SignalExtraction>
250329-14:22:32,642 nipype.workflow INFO:
	 [Node] Setting-up "fmriprep_24_0_wf.sub_35_wf.bold_task_bird_run_5_wf.bold_fit_wf.func_fit_reports_wf.epi_t1_report" in "/work_dir/fmriprep_24_0_wf/sub_35_wf/bold_task_bird_run_5_wf/bold_fit_wf/func_fit_reports_wf/epi_t1_report".
250329-14:22:32,650 nipype.workflow INFO:
	 [Node] Executing "epi_t1_report" <nireports.interfaces.reporting.base.SimpleBeforeAfterRPT>
250329-14:22:32,651 nipype.interface INFO:
	 Report - setting before (/output/sub-35/func/sub-35_task-bird_run-5_desc-coreg_boldref.nii.gz) and after (/work_dir/fmriprep_24_0_wf/sub_35_wf/bold_task_bird_run_5_wf/bold_fit_wf/func_fit_reports_wf/t1w_boldref/sub-35_desc-preproc_T1w_trans.nii.gz) images
250329-14:22:32,651 nipype.interface INFO:
	 Generating visual report
250329-14:22:35,245 nipype.workflow INFO:
	 [Node] Finished "acompcor", elapsed time 12.595589s.
250329-14:22:35,730 nipype.workflow INFO:
	 [Node] Finished "t1w_mask_tfm", elapsed time 16.293889s.
250329-14:22:37,370 nipype.workflow INFO:
	 [Node] Setting-up "fmriprep_24_0_wf.sub_35_wf.bold_task_bird_run_5_wf.bold_confounds_wf.union_mask" in "/work_dir/fmriprep_24_0_wf/sub_35_wf/bold_task_bird_run_5_wf/bold_confounds_wf/union_mask".
250329-14:22:37,373 nipype.workflow INFO:
	 [Node] Executing "union_mask" <nipype.interfaces.utility.wrappers.Function>
250329-14:22:37,396 nipype.workflow INFO:
	 [Node] Setting-up "fmriprep_24_0_wf.sub_35_wf.bold_task_bird_run_2_wf.bold_confounds_wf.rename_acompcor" in "/work_dir/fmriprep_24_0_wf/sub_35_wf/bold_task_bird_run_2_wf/bold_confounds_wf/rename_acompcor".
250329-14:22:37,399 nipype.workflow INFO:
	 [Node] Executing "rename_acompcor" <fmriprep.interfaces.confounds.RenameACompCor>
250329-14:22:37,467 nipype.workflow INFO:
	 [Node] Finished "union_mask", elapsed time 0.092843s.
250329-14:22:37,540 nipype.workflow INFO:
	 [Node] Finished "acompcor", elapsed time 12.766963s.
250329-14:22:37,779 nipype.workflow INFO:
	 [Node] Finished "rename_acompcor", elapsed time 0.379437s.
250329-14:22:37,849 nipype.workflow INFO:
	 [Node] Finished "epi_t1_report", elapsed time 54.567942s.
250329-14:22:39,187 nipype.workflow INFO:
	 [Node] Finished "acompcor", elapsed time 12.213194s.
250329-14:22:39,353 nipype.workflow INFO:
	 [Node] Setting-up "fmriprep_24_0_wf.sub_35_wf.bold_task_bird_run_5_wf.bold_confounds_wf.dilated_mask" in "/work_dir/fmriprep_24_0_wf/sub_35_wf/bold_task_bird_run_5_wf/bold_confounds_wf/dilated_mask".
250329-14:22:39,355 nipype.workflow INFO:
	 [Node] Setting-up "fmriprep_24_0_wf.sub_35_wf.bold_task_bird_run_1_wf.bold_confounds_wf.rename_acompcor" in "/work_dir/fmriprep_24_0_wf/sub_35_wf/bold_task_bird_run_1_wf/bold_confounds_wf/rename_acompcor".
250329-14:22:39,355 nipype.workflow INFO:
	 [Node] Setting-up "fmriprep_24_0_wf.sub_35_wf.bold_task_bird_run_3_wf.bold_fit_wf.func_fit_reports_wf.ds_epi_t1_report" in "/work_dir/fmriprep_24_0_wf/sub_35_wf/bold_task_bird_run_3_wf/bold_fit_wf/func_fit_reports_wf/ds_epi_t1_report".
250329-14:22:39,355 nipype.workflow INFO:
	 [Node] Executing "dilated_mask" <niworkflows.interfaces.morphology.BinaryDilation>
250329-14:22:39,357 nipype.workflow INFO:
	 [Node] Executing "rename_acompcor" <fmriprep.interfaces.confounds.RenameACompCor>
250329-14:22:39,364 nipype.workflow INFO:
	 [Node] Setting-up "fmriprep_24_0_wf.sub_35_wf.bold_task_bird_run_4_wf.bold_confounds_wf.signals" in "/work_dir/fmriprep_24_0_wf/sub_35_wf/bold_task_bird_run_4_wf/bold_confounds_wf/signals".
250329-14:22:39,368 nipype.workflow INFO:
	 [Node] Executing "signals" <niworkflows.interfaces.images.SignalExtraction>
250329-14:22:39,619 nipype.workflow INFO:
	 [Node] Finished "dilated_mask", elapsed time 0.262981s.
250329-14:22:39,650 nipype.workflow INFO:
	 [Node] Finished "rename_acompcor", elapsed time 0.29243s.
250329-14:22:40,331 nipype.workflow INFO:
	 [Node] Finished "epi_t1_report", elapsed time 59.866102s.
250329-14:22:40,584 nipype.workflow INFO:
	 [Node] Finished "signals", elapsed time 14.638637s.
250329-14:22:41,85 nipype.workflow INFO:
	 [Node] Executing "ds_epi_t1_report" <fmriprep.interfaces.DerivativesDataSink>
250329-14:22:41,356 nipype.workflow INFO:
	 [Node] Setting-up "fmriprep_24_0_wf.sub_35_wf.bold_task_bird_run_2_wf.bold_fit_wf.func_fit_reports_wf.ds_epi_t1_report" in "/work_dir/fmriprep_24_0_wf/sub_35_wf/bold_task_bird_run_2_wf/bold_fit_wf/func_fit_reports_wf/ds_epi_t1_report".
250329-14:22:41,374 nipype.workflow INFO:
	 [Node] Setting-up "fmriprep_24_0_wf.sub_35_wf.bold_task_bird_run_5_wf.bold_confounds_wf.subtract_mask" in "/work_dir/fmriprep_24_0_wf/sub_35_wf/bold_task_bird_run_5_wf/bold_confounds_wf/subtract_mask".
250329-14:22:41,376 nipype.workflow INFO:
	 [Node] Executing "subtract_mask" <niworkflows.interfaces.morphology.BinarySubtraction>
250329-14:22:41,390 nipype.workflow INFO:
	 [Node] Finished "ds_epi_t1_report", elapsed time 0.304548s.
250329-14:22:41,426 nipype.workflow INFO:
	 [Node] Finished "subtract_mask", elapsed time 0.048886s.
250329-14:22:41,867 nipype.workflow INFO:
	 [Node] Finished "resample", elapsed time 54.691127s.
250329-14:22:42,495 nipype.workflow INFO:
	 [Node] Setting-up "fmriprep_24_0_wf.sub_35_wf.bold_task_bird_run_4_wf.bold_confounds_wf.rename_acompcor" in "/work_dir/fmriprep_24_0_wf/sub_35_wf/bold_task_bird_run_4_wf/bold_confounds_wf/rename_acompcor".
250329-14:22:42,501 nipype.workflow INFO:
	 [Node] Executing "rename_acompcor" <fmriprep.interfaces.confounds.RenameACompCor>
250329-14:22:42,717 nipype.workflow INFO:
	 [Node] Finished "rename_acompcor", elapsed time 0.203715s.
250329-14:22:43,161 nipype.workflow INFO:
	 [Node] Setting-up "fmriprep_24_0_wf.sub_35_wf.bold_task_bird_run_4_wf.bold_confounds_wf.rois_plot" in "/work_dir/fmriprep_24_0_wf/sub_35_wf/bold_task_bird_run_4_wf/bold_confounds_wf/rois_plot".
250329-14:22:43,169 nipype.workflow INFO:
	 [Node] Executing "rois_plot" <niworkflows.interfaces.reportlets.masks.ROIsPlot>
250329-14:22:43,454 nipype.workflow INFO:
	 [Node] Setting-up "fmriprep_24_0_wf.sub_35_wf.bold_task_bird_run_1_wf.bold_confounds_wf.acc_metadata_filter" in "/work_dir/fmriprep_24_0_wf/sub_35_wf/bold_task_bird_run_1_wf/bold_confounds_wf/acc_metadata_filter".
250329-14:22:43,463 nipype.workflow INFO:
	 [Node] Executing "ds_epi_t1_report" <fmriprep.interfaces.DerivativesDataSink>
250329-14:22:43,463 nipype.workflow INFO:
	 [Node] Executing "acc_metadata_filter" <fmriprep.interfaces.confounds.FilterDropped>
250329-14:22:43,477 nipype.workflow INFO:
	 [Node] Finished "acc_metadata_filter", elapsed time 0.012872s.
250329-14:22:43,516 nipype.workflow INFO:
	 [Node] Finished "ds_epi_t1_report", elapsed time 0.040016s.
250329-14:22:43,627 nipype.workflow INFO:
	 [Node] Setting-up "fmriprep_24_0_wf.sub_35_wf.bold_task_bird_run_5_wf.bold_anat_wf.resample" in "/work_dir/fmriprep_24_0_wf/sub_35_wf/bold_task_bird_run_5_wf/bold_anat_wf/resample".
250329-14:22:43,630 nipype.workflow INFO:
	 [Node] Executing "resample" <fmriprep.interfaces.resampling.ResampleSeries>
250329-14:22:43,641 nipype.workflow INFO:
	 [Node] Setting-up "fmriprep_24_0_wf.sub_35_wf.bold_task_bird_run_5_wf.bold_confounds_wf.crowncompcor" in "/work_dir/fmriprep_24_0_wf/sub_35_wf/bold_task_bird_run_5_wf/bold_confounds_wf/crowncompcor".
250329-14:22:43,886 nipype.workflow INFO:
	 [Node] Executing "crowncompcor" <niworkflows.interfaces.patches.RobustACompCor>
250329-14:22:44,383 nipype.workflow INFO:
	 [Node] Setting-up "fmriprep_24_0_wf.sub_35_wf.bold_task_bird_run_4_wf.bold_confounds_wf.acc_metadata_filter" in "/work_dir/fmriprep_24_0_wf/sub_35_wf/bold_task_bird_run_4_wf/bold_confounds_wf/acc_metadata_filter".
250329-14:22:44,385 nipype.workflow INFO:
	 [Node] Executing "acc_metadata_filter" <fmriprep.interfaces.confounds.FilterDropped>
250329-14:22:44,392 nipype.workflow INFO:
	 [Node] Finished "acc_metadata_filter", elapsed time 0.006449s.
250329-14:22:44,530 nipype.workflow INFO:
	 [Node] Finished "signals", elapsed time 13.769663s.
250329-14:22:44,678 nipype.workflow INFO:
	 [Node] Finished "epi_t1_report", elapsed time 62.263217s.
250329-14:22:44,725 nipype.workflow INFO:
	 [Node] Setting-up "fmriprep_24_0_wf.sub_35_wf.bold_task_bird_run_2_wf.bold_confounds_wf.acc_metadata_filter" in "/work_dir/fmriprep_24_0_wf/sub_35_wf/bold_task_bird_run_2_wf/bold_confounds_wf/acc_metadata_filter".
250329-14:22:44,727 nipype.workflow INFO:
	 [Node] Executing "acc_metadata_filter" <fmriprep.interfaces.confounds.FilterDropped>
250329-14:22:44,744 nipype.workflow INFO:
	 [Node] Finished "acc_metadata_filter", elapsed time 0.016495s.
250329-14:22:45,870 nipype.workflow INFO:
	 [Node] Setting-up "fmriprep_24_0_wf.sub_35_wf.bold_task_bird_run_1_wf.bold_fit_wf.func_fit_reports_wf.ds_epi_t1_report" in "/work_dir/fmriprep_24_0_wf/sub_35_wf/bold_task_bird_run_1_wf/bold_fit_wf/func_fit_reports_wf/ds_epi_t1_report".
250329-14:22:46,701 nipype.workflow INFO:
	 [Node] Executing "ds_epi_t1_report" <fmriprep.interfaces.DerivativesDataSink>
250329-14:22:46,738 nipype.workflow INFO:
	 [Node] Finished "ds_epi_t1_report", elapsed time 0.036512s.
250329-14:22:46,789 nipype.workflow INFO:
	 [Node] Setting-up "fmriprep_24_0_wf.sub_35_wf.bold_task_bird_run_2_wf.bold_confounds_wf.compcor_plot" in "/work_dir/fmriprep_24_0_wf/sub_35_wf/bold_task_bird_run_2_wf/bold_confounds_wf/compcor_plot".
250329-14:22:46,792 nipype.workflow INFO:
	 [Node] Executing "compcor_plot" <nireports.interfaces.nuisance.CompCorVariancePlot>
250329-14:22:46,794 nipype.workflow INFO:
	 [Node] Setting-up "fmriprep_24_0_wf.sub_35_wf.bold_task_bird_run_2_wf.bold_confounds_wf.acc_metadata_fmt" in "/work_dir/fmriprep_24_0_wf/sub_35_wf/bold_task_bird_run_2_wf/bold_confounds_wf/acc_metadata_fmt".
250329-14:22:46,797 nipype.workflow INFO:
	 [Node] Executing "acc_metadata_fmt" <niworkflows.interfaces.utility.TSV2JSON>
250329-14:22:46,798 nipype.workflow INFO:
	 [Node] Setting-up "fmriprep_24_0_wf.sub_35_wf.bold_task_bird_run_1_wf.bold_confounds_wf.acc_metadata_fmt" in "/work_dir/fmriprep_24_0_wf/sub_35_wf/bold_task_bird_run_1_wf/bold_confounds_wf/acc_metadata_fmt".
250329-14:22:46,813 nipype.workflow INFO:
	 [Node] Executing "acc_metadata_fmt" <niworkflows.interfaces.utility.TSV2JSON>
250329-14:22:46,828 nipype.workflow INFO:
	 [Node] Finished "acc_metadata_fmt", elapsed time 0.03073s.
250329-14:22:46,862 nipype.workflow INFO:
	 [Node] Finished "acc_metadata_fmt", elapsed time 0.038468s.
250329-14:22:47,722 nipype.workflow INFO:
	 [Node] Setting-up "fmriprep_24_0_wf.sub_35_wf.bold_task_bird_run_4_wf.bold_confounds_wf.compcor_plot" in "/work_dir/fmriprep_24_0_wf/sub_35_wf/bold_task_bird_run_4_wf/bold_confounds_wf/compcor_plot".
250329-14:22:47,725 nipype.workflow INFO:
	 [Node] Executing "compcor_plot" <nireports.interfaces.nuisance.CompCorVariancePlot>
250329-14:22:47,796 nipype.workflow INFO:
	 [Node] Setting-up "fmriprep_24_0_wf.sub_35_wf.bold_task_bird_run_1_wf.bold_confounds_wf.model_expansion" in "/work_dir/fmriprep_24_0_wf/sub_35_wf/bold_task_bird_run_1_wf/bold_confounds_wf/model_expansion".
250329-14:22:47,797 nipype.workflow INFO:
	 [Node] Setting-up "fmriprep_24_0_wf.sub_35_wf.bold_task_bird_run_1_wf.bold_confounds_wf.conf_corr_plot" in "/work_dir/fmriprep_24_0_wf/sub_35_wf/bold_task_bird_run_1_wf/bold_confounds_wf/conf_corr_plot".
250329-14:22:47,803 nipype.workflow INFO:
	 [Node] Setting-up "fmriprep_24_0_wf.sub_35_wf.bold_task_bird_run_2_wf.bold_confounds_wf.model_expansion" in "/work_dir/fmriprep_24_0_wf/sub_35_wf/bold_task_bird_run_2_wf/bold_confounds_wf/model_expansion".
250329-14:22:47,805 nipype.workflow INFO:
	 [Node] Executing "model_expansion" <niworkflows.interfaces.confounds.ExpandModel>
250329-14:22:47,844 nipype.workflow INFO:
	 [Node] Executing "conf_corr_plot" <nireports.interfaces.nuisance.ConfoundsCorrelationPlot>
250329-14:22:47,898 nipype.workflow INFO:
	 [Node] Setting-up "fmriprep_24_0_wf.sub_35_wf.bold_task_bird_run_1_wf.bold_confounds_wf.compcor_plot" in "/work_dir/fmriprep_24_0_wf/sub_35_wf/bold_task_bird_run_1_wf/bold_confounds_wf/compcor_plot".
250329-14:22:47,900 nipype.workflow INFO:
	 [Node] Executing "compcor_plot" <nireports.interfaces.nuisance.CompCorVariancePlot>
250329-14:22:48,229 nipype.workflow INFO:
	 [Node] Finished "compcor_plot", elapsed time 1.43553s.
250329-14:22:48,268 nipype.workflow INFO:
	 [Node] Finished "model_expansion", elapsed time 0.462462s.
250329-14:22:48,408 nipype.workflow INFO:
	 [Node] Executing "model_expansion" <niworkflows.interfaces.confounds.ExpandModel>
250329-14:22:48,975 nipype.workflow INFO:
	 [Node] Finished "model_expansion", elapsed time 0.566556s.
250329-14:22:48,998 nipype.workflow INFO:
	 [Node] Finished "compcor_plot", elapsed time 1.272423s.
250329-14:22:49,40 nipype.workflow INFO:
	 [Node] Finished "compcor_plot", elapsed time 1.138608s.
250329-14:22:49,904 nipype.workflow INFO:
	 [Node] Setting-up "fmriprep_24_0_wf.sub_35_wf.bold_task_bird_run_2_wf.bold_confounds_wf.conf_corr_plot" in "/work_dir/fmriprep_24_0_wf/sub_35_wf/bold_task_bird_run_2_wf/bold_confounds_wf/conf_corr_plot".
250329-14:22:49,918 nipype.workflow INFO:
	 [Node] Setting-up "fmriprep_24_0_wf.sub_35_wf.bold_task_bird_run_4_wf.bold_confounds_wf.acc_metadata_fmt" in "/work_dir/fmriprep_24_0_wf/sub_35_wf/bold_task_bird_run_4_wf/bold_confounds_wf/acc_metadata_fmt".
250329-14:22:49,927 nipype.workflow INFO:
	 [Node] Executing "acc_metadata_fmt" <niworkflows.interfaces.utility.TSV2JSON>
250329-14:22:49,928 nipype.workflow INFO:
	 [Node] Executing "conf_corr_plot" <nireports.interfaces.nuisance.ConfoundsCorrelationPlot>
250329-14:22:49,954 nipype.workflow INFO:
	 [Node] Finished "acc_metadata_fmt", elapsed time 0.0266s.
250329-14:22:50,505 nipype.workflow INFO:
	 [Node] Finished "signals", elapsed time 11.134768s.
250329-14:22:50,573 nipype.workflow INFO:
	 [Node] Finished "conf_corr_plot", elapsed time 2.728386s.
250329-14:22:51,879 nipype.workflow INFO:
	 [Node] Setting-up "fmriprep_24_0_wf.sub_35_wf.bold_task_bird_run_1_wf.bold_confounds_wf.spike_regressors" in "/work_dir/fmriprep_24_0_wf/sub_35_wf/bold_task_bird_run_1_wf/bold_confounds_wf/spike_regressors".
250329-14:22:51,883 nipype.workflow INFO:
	 [Node] Executing "spike_regressors" <niworkflows.interfaces.confounds.SpikeRegressors>
250329-14:22:52,206 nipype.workflow INFO:
	 [Node] Finished "spike_regressors", elapsed time 0.32222s.
250329-14:22:52,400 nipype.workflow INFO:
	 [Node] Finished "conf_corr_plot", elapsed time 2.4719160000000002s.
250329-14:22:52,532 nipype.workflow INFO:
	 [Node] Setting-up "fmriprep_24_0_wf.sub_35_wf.bold_task_bird_run_2_wf.bold_confounds_wf.spike_regressors" in "/work_dir/fmriprep_24_0_wf/sub_35_wf/bold_task_bird_run_2_wf/bold_confounds_wf/spike_regressors".
250329-14:22:52,533 nipype.workflow INFO:
	 [Node] Setting-up "_acc_msk_tfm1" in "/work_dir/fmriprep_24_0_wf/sub_35_wf/bold_task_bird_run_5_wf/bold_confounds_wf/acc_msk_tfm/mapflow/_acc_msk_tfm1".
250329-14:22:52,535 nipype.workflow INFO:
	 [Node] Executing "spike_regressors" <niworkflows.interfaces.confounds.SpikeRegressors>
250329-14:22:52,535 nipype.workflow INFO:
	 [Node] Executing "_acc_msk_tfm1" <niworkflows.interfaces.fixes.FixHeaderApplyTransforms>
250329-14:22:52,771 nipype.workflow INFO:
	 [Node] Finished "spike_regressors", elapsed time 0.23508s.
250329-14:22:55,370 nipype.workflow INFO:
	 [Node] Finished "epi_t1_report", elapsed time 61.909s.
250329-14:22:56,25 nipype.workflow INFO:
	 [Node] Finished "crowncompcor", elapsed time 12.138111s.
250329-14:22:56,581 nipype.workflow INFO:
	 [Node] Setting-up "_acc_msk_tfm2" in "/work_dir/fmriprep_24_0_wf/sub_35_wf/bold_task_bird_run_5_wf/bold_confounds_wf/acc_msk_tfm/mapflow/_acc_msk_tfm2".
250329-14:22:56,583 nipype.workflow INFO:
	 [Node] Executing "_acc_msk_tfm2" <niworkflows.interfaces.fixes.FixHeaderApplyTransforms>
250329-14:22:56,585 nipype.workflow INFO:
	 [Node] Setting-up "_acc_msk_bin0" in "/work_dir/fmriprep_24_0_wf/sub_35_wf/bold_task_bird_run_6_wf/bold_confounds_wf/acc_msk_bin/mapflow/_acc_msk_bin0".
250329-14:22:56,586 nipype.workflow INFO:
	 [Node] Executing "_acc_msk_bin0" <niworkflows.interfaces.nibabel.Binarize>
250329-14:22:56,600 nipype.workflow INFO:
	 [Node] Setting-up "_acc_msk_bin1" in "/work_dir/fmriprep_24_0_wf/sub_35_wf/bold_task_bird_run_6_wf/bold_confounds_wf/acc_msk_bin/mapflow/_acc_msk_bin1".
250329-14:22:56,601 nipype.workflow INFO:
	 [Node] Executing "_acc_msk_bin1" <niworkflows.interfaces.nibabel.Binarize>
250329-14:22:56,611 nipype.workflow INFO:
	 [Node] Setting-up "_acc_msk_bin2" in "/work_dir/fmriprep_24_0_wf/sub_35_wf/bold_task_bird_run_6_wf/bold_confounds_wf/acc_msk_bin/mapflow/_acc_msk_bin2".
250329-14:22:56,611 nipype.workflow INFO:
	 [Node] Setting-up "_acc_msk_bin0" in "/work_dir/fmriprep_24_0_wf/sub_35_wf/bold_task_bird_run_3_wf/bold_confounds_wf/acc_msk_bin/mapflow/_acc_msk_bin0".
250329-14:22:56,612 nipype.workflow INFO:
	 [Node] Executing "_acc_msk_bin2" <niworkflows.interfaces.nibabel.Binarize>
250329-14:22:56,613 nipype.workflow INFO:
	 [Node] Executing "_acc_msk_bin0" <niworkflows.interfaces.nibabel.Binarize>
250329-14:22:56,755 nipype.workflow INFO:
	 [Node] Finished "epi_t1_report", elapsed time 60.14692s.
250329-14:22:56,849 nipype.workflow INFO:
	 [Node] Finished "_acc_msk_bin1", elapsed time 0.246882s.
250329-14:22:56,871 nipype.workflow INFO:
	 [Node] Finished "_acc_msk_bin2", elapsed time 0.258367s.
250329-14:22:56,875 nipype.workflow INFO:
	 [Node] Finished "_acc_msk_bin0", elapsed time 0.261344s.
250329-14:22:56,929 nipype.workflow INFO:
	 [Node] Finished "_acc_msk_bin0", elapsed time 0.304519s.
250329-14:22:57,74 nipype.workflow INFO:
	 [Node] Finished "_acc_msk_tfm1", elapsed time 4.538679s.
250329-14:22:57,359 nipype.workflow INFO:
	 [Node] Setting-up "fmriprep_24_0_wf.sub_35_wf.bold_task_bird_run_4_wf.bold_fit_wf.func_fit_reports_wf.ds_epi_t1_report" in "/work_dir/fmriprep_24_0_wf/sub_35_wf/bold_task_bird_run_4_wf/bold_fit_wf/func_fit_reports_wf/ds_epi_t1_report".
250329-14:22:57,363 nipype.workflow INFO:
	 [Node] Setting-up "fmriprep_24_0_wf.sub_35_wf.bold_task_bird_run_5_wf.bold_confounds_wf.crowncc_metadata_fmt" in "/work_dir/fmriprep_24_0_wf/sub_35_wf/bold_task_bird_run_5_wf/bold_confounds_wf/crowncc_metadata_fmt".
250329-14:22:57,363 nipype.workflow INFO:
	 [Node] Setting-up "fmriprep_24_0_wf.sub_35_wf.bold_task_bird_run_4_wf.bold_confounds_wf.model_expansion" in "/work_dir/fmriprep_24_0_wf/sub_35_wf/bold_task_bird_run_4_wf/bold_confounds_wf/model_expansion".
250329-14:22:57,365 nipype.workflow INFO:
	 [Node] Executing "crowncc_metadata_fmt" <niworkflows.interfaces.utility.TSV2JSON>
250329-14:22:57,365 nipype.workflow INFO:
	 [Node] Executing "model_expansion" <niworkflows.interfaces.confounds.ExpandModel>
250329-14:22:57,377 nipype.workflow INFO:
	 [Node] Finished "crowncc_metadata_fmt", elapsed time 0.011448s.
250329-14:22:57,837 nipype.workflow INFO:
	 [Node] Finished "model_expansion", elapsed time 0.471154s.
250329-14:22:58,810 nipype.workflow INFO:
	 [Node] Executing "ds_epi_t1_report" <fmriprep.interfaces.DerivativesDataSink>
250329-14:22:58,863 nipype.workflow INFO:
	 [Node] Finished "ds_epi_t1_report", elapsed time 0.051778s.
250329-14:22:59,471 nipype.workflow INFO:
	 [Node] Setting-up "fmriprep_24_0_wf.sub_35_wf.bold_task_bird_run_6_wf.bold_anat_wf.resample" in "/work_dir/fmriprep_24_0_wf/sub_35_wf/bold_task_bird_run_6_wf/bold_anat_wf/resample".
250329-14:22:59,475 nipype.workflow INFO:
	 [Node] Executing "resample" <fmriprep.interfaces.resampling.ResampleSeries>
250329-14:22:59,583 nipype.workflow INFO:
	 [Node] Finished "_acc_msk_tfm2", elapsed time 2.999286s.
250329-14:23:01,386 nipype.workflow INFO:
	 [Node] Setting-up "_acc_msk_tfm0" in "/work_dir/fmriprep_24_0_wf/sub_35_wf/bold_task_bird_run_5_wf/bold_confounds_wf/acc_msk_tfm/mapflow/_acc_msk_tfm0".
250329-14:23:01,387 nipype.workflow INFO:
	 [Node] Setting-up "fmriprep_24_0_wf.sub_35_wf.bold_task_bird_run_6_wf.bold_fit_wf.func_fit_reports_wf.ds_epi_t1_report" in "/work_dir/fmriprep_24_0_wf/sub_35_wf/bold_task_bird_run_6_wf/bold_fit_wf/func_fit_reports_wf/ds_epi_t1_report".
250329-14:23:01,388 nipype.workflow INFO:
	 [Node] Cached "_acc_msk_tfm0" - collecting precomputed outputs
250329-14:23:01,388 nipype.workflow INFO:
	 [Node] "_acc_msk_tfm0" found cached.
250329-14:23:01,389 nipype.workflow INFO:
	 [Node] Setting-up "_acc_msk_tfm1" in "/work_dir/fmriprep_24_0_wf/sub_35_wf/bold_task_bird_run_5_wf/bold_confounds_wf/acc_msk_tfm/mapflow/_acc_msk_tfm1".
250329-14:23:01,390 nipype.workflow INFO:
	 [Node] Cached "_acc_msk_tfm1" - collecting precomputed outputs
250329-14:23:01,390 nipype.workflow INFO:
	 [Node] "_acc_msk_tfm1" found cached.
250329-14:23:01,391 nipype.workflow INFO:
	 [Node] Executing "ds_epi_t1_report" <fmriprep.interfaces.DerivativesDataSink>
250329-14:23:01,391 nipype.workflow INFO:
	 [Node] Setting-up "_acc_msk_tfm2" in "/work_dir/fmriprep_24_0_wf/sub_35_wf/bold_task_bird_run_5_wf/bold_confounds_wf/acc_msk_tfm/mapflow/_acc_msk_tfm2".
250329-14:23:01,391 nipype.workflow INFO:
	 [Node] Cached "_acc_msk_tfm2" - collecting precomputed outputs
250329-14:23:01,392 nipype.workflow INFO:
	 [Node] "_acc_msk_tfm2" found cached.
250329-14:23:01,443 nipype.workflow INFO:
	 [Node] Finished "ds_epi_t1_report", elapsed time 0.033259s.
250329-14:23:03,204 nipype.workflow INFO:
	 [Node] Setting-up "_acc_msk_bin0" in "/work_dir/fmriprep_24_0_wf/sub_35_wf/bold_task_bird_run_6_wf/bold_confounds_wf/acc_msk_bin/mapflow/_acc_msk_bin0".
250329-14:23:03,205 nipype.workflow INFO:
	 [Node] Cached "_acc_msk_bin0" - collecting precomputed outputs
250329-14:23:03,205 nipype.workflow INFO:
	 [Node] "_acc_msk_bin0" found cached.
250329-14:23:03,206 nipype.workflow INFO:
	 [Node] Setting-up "_acc_msk_bin1" in "/work_dir/fmriprep_24_0_wf/sub_35_wf/bold_task_bird_run_6_wf/bold_confounds_wf/acc_msk_bin/mapflow/_acc_msk_bin1".
250329-14:23:03,206 nipype.workflow INFO:
	 [Node] Cached "_acc_msk_bin1" - collecting precomputed outputs
250329-14:23:03,207 nipype.workflow INFO:
	 [Node] "_acc_msk_bin1" found cached.
250329-14:23:03,207 nipype.workflow INFO:
	 [Node] Setting-up "_acc_msk_bin2" in "/work_dir/fmriprep_24_0_wf/sub_35_wf/bold_task_bird_run_6_wf/bold_confounds_wf/acc_msk_bin/mapflow/_acc_msk_bin2".
250329-14:23:03,208 nipype.workflow INFO:
	 [Node] Cached "_acc_msk_bin2" - collecting precomputed outputs
250329-14:23:03,208 nipype.workflow INFO:
	 [Node] "_acc_msk_bin2" found cached.
250329-14:23:03,210 nipype.workflow INFO:
	 [Node] Setting-up "fmriprep_24_0_wf.sub_35_wf.bold_task_bird_run_4_wf.bold_confounds_wf.conf_corr_plot" in "/work_dir/fmriprep_24_0_wf/sub_35_wf/bold_task_bird_run_4_wf/bold_confounds_wf/conf_corr_plot".
250329-14:23:03,229 nipype.workflow INFO:
	 [Node] Executing "conf_corr_plot" <nireports.interfaces.nuisance.ConfoundsCorrelationPlot>
250329-14:23:05,349 nipype.workflow INFO:
	 [Node] Setting-up "fmriprep_24_0_wf.sub_35_wf.bold_task_bird_run_6_wf.bold_confounds_wf.acompcor" in "/work_dir/fmriprep_24_0_wf/sub_35_wf/bold_task_bird_run_6_wf/bold_confounds_wf/acompcor".
250329-14:23:05,353 nipype.workflow INFO:
	 [Node] Executing "acompcor" <niworkflows.interfaces.patches.RobustACompCor>
250329-14:23:05,522 nipype.workflow INFO:
	 [Node] Finished "conf_corr_plot", elapsed time 2.291796s.
250329-14:23:08,86 nipype.workflow INFO:
	 [Node] Setting-up "fmriprep_24_0_wf.sub_35_wf.bold_task_bird_run_4_wf.bold_confounds_wf.spike_regressors" in "/work_dir/fmriprep_24_0_wf/sub_35_wf/bold_task_bird_run_4_wf/bold_confounds_wf/spike_regressors".
250329-14:23:08,89 nipype.workflow INFO:
	 [Node] Executing "spike_regressors" <niworkflows.interfaces.confounds.SpikeRegressors>
250329-14:23:08,341 nipype.workflow INFO:
	 [Node] Finished "spike_regressors", elapsed time 0.251967s.
250329-14:23:09,221 nipype.workflow INFO:
	 [Node] Setting-up "fmriprep_24_0_wf.sub_35_wf.bold_task_bird_run_6_wf.bold_confounds_wf.signals" in "/work_dir/fmriprep_24_0_wf/sub_35_wf/bold_task_bird_run_6_wf/bold_confounds_wf/signals".
250329-14:23:09,225 nipype.workflow INFO:
	 [Node] Executing "signals" <niworkflows.interfaces.images.SignalExtraction>
250329-14:23:13,443 nipype.workflow INFO:
	 [Node] Finished "rois_plot", elapsed time 47.477944s.
250329-14:23:15,227 nipype.workflow INFO:
	 [Node] Setting-up "fmriprep_24_0_wf.sub_35_wf.bold_task_bird_run_6_wf.bold_confounds_wf.rois_plot" in "/work_dir/fmriprep_24_0_wf/sub_35_wf/bold_task_bird_run_6_wf/bold_confounds_wf/rois_plot".
250329-14:23:15,231 nipype.workflow INFO:
	 [Node] Executing "rois_plot" <niworkflows.interfaces.reportlets.masks.ROIsPlot>
250329-14:23:16,572 nipype.workflow INFO:
	 [Node] Finished "rois_plot", elapsed time 45.853055s.
250329-14:23:17,35 nipype.workflow INFO:
	 [Node] Finished "acompcor", elapsed time 11.681351s.
250329-14:23:20,518 nipype.workflow INFO:
	 [Node] Setting-up "_acc_msk_bin1" in "/work_dir/fmriprep_24_0_wf/sub_35_wf/bold_task_bird_run_3_wf/bold_confounds_wf/acc_msk_bin/mapflow/_acc_msk_bin1".
250329-14:23:20,519 nipype.workflow INFO:
	 [Node] Executing "_acc_msk_bin1" <niworkflows.interfaces.nibabel.Binarize>
250329-14:23:20,634 nipype.workflow INFO:
	 [Node] Finished "_acc_msk_bin1", elapsed time 0.114462s.
250329-14:23:20,794 nipype.workflow INFO:
	 [Node] Setting-up "fmriprep_24_0_wf.sub_35_wf.bold_task_bird_run_6_wf.bold_confounds_wf.rename_acompcor" in "/work_dir/fmriprep_24_0_wf/sub_35_wf/bold_task_bird_run_6_wf/bold_confounds_wf/rename_acompcor".
250329-14:23:20,796 nipype.workflow INFO:
	 [Node] Executing "rename_acompcor" <fmriprep.interfaces.confounds.RenameACompCor>
250329-14:23:20,958 nipype.workflow INFO:
	 [Node] Finished "rename_acompcor", elapsed time 0.161975s.
250329-14:23:21,561 nipype.workflow INFO:
	 [Node] Finished "signals", elapsed time 12.335847s.
250329-14:23:23,329 nipype.workflow INFO:
	 [Node] Setting-up "fmriprep_24_0_wf.sub_35_wf.bold_task_bird_run_6_wf.bold_confounds_wf.acc_metadata_filter" in "/work_dir/fmriprep_24_0_wf/sub_35_wf/bold_task_bird_run_6_wf/bold_confounds_wf/acc_metadata_filter".
250329-14:23:23,331 nipype.workflow INFO:
	 [Node] Executing "acc_metadata_filter" <fmriprep.interfaces.confounds.FilterDropped>
250329-14:23:23,337 nipype.workflow INFO:
	 [Node] Finished "acc_metadata_filter", elapsed time 0.005127s.
250329-14:23:24,39 nipype.workflow INFO:
	 [Node] Setting-up "_acc_msk_bin2" in "/work_dir/fmriprep_24_0_wf/sub_35_wf/bold_task_bird_run_3_wf/bold_confounds_wf/acc_msk_bin/mapflow/_acc_msk_bin2".
250329-14:23:24,41 nipype.workflow INFO:
	 [Node] Executing "_acc_msk_bin2" <niworkflows.interfaces.nibabel.Binarize>
250329-14:23:24,53 nipype.workflow INFO:
	 [Node] Setting-up "_acc_msk_brain0" in "/work_dir/fmriprep_24_0_wf/sub_35_wf/bold_task_bird_run_5_wf/bold_confounds_wf/acc_msk_brain/mapflow/_acc_msk_brain0".
250329-14:23:24,55 nipype.workflow INFO:
	 [Node] Executing "_acc_msk_brain0" <niworkflows.interfaces.nibabel.ApplyMask>
250329-14:23:24,163 nipype.workflow INFO:
	 [Node] Finished "_acc_msk_bin2", elapsed time 0.120771s.
250329-14:23:24,209 nipype.workflow INFO:
	 [Node] Finished "_acc_msk_brain0", elapsed time 0.153857s.
250329-14:23:24,761 nipype.workflow INFO:
	 [Node] Setting-up "_acc_msk_bin0" in "/work_dir/fmriprep_24_0_wf/sub_35_wf/bold_task_bird_run_3_wf/bold_confounds_wf/acc_msk_bin/mapflow/_acc_msk_bin0".
250329-14:23:24,762 nipype.workflow INFO:
	 [Node] Cached "_acc_msk_bin0" - collecting precomputed outputs
250329-14:23:24,763 nipype.workflow INFO:
	 [Node] "_acc_msk_bin0" found cached.
250329-14:23:24,763 nipype.workflow INFO:
	 [Node] Setting-up "_acc_msk_bin1" in "/work_dir/fmriprep_24_0_wf/sub_35_wf/bold_task_bird_run_3_wf/bold_confounds_wf/acc_msk_bin/mapflow/_acc_msk_bin1".
250329-14:23:24,764 nipype.workflow INFO:
	 [Node] Cached "_acc_msk_bin1" - collecting precomputed outputs
250329-14:23:24,764 nipype.workflow INFO:
	 [Node] "_acc_msk_bin1" found cached.
250329-14:23:24,765 nipype.workflow INFO:
	 [Node] Setting-up "_acc_msk_bin2" in "/work_dir/fmriprep_24_0_wf/sub_35_wf/bold_task_bird_run_3_wf/bold_confounds_wf/acc_msk_bin/mapflow/_acc_msk_bin2".
250329-14:23:24,765 nipype.workflow INFO:
	 [Node] Cached "_acc_msk_bin2" - collecting precomputed outputs
250329-14:23:24,765 nipype.workflow INFO:
	 [Node] "_acc_msk_bin2" found cached.
250329-14:23:24,768 nipype.workflow INFO:
	 [Node] Setting-up "fmriprep_24_0_wf.sub_35_wf.bold_task_bird_run_6_wf.bold_confounds_wf.compcor_plot" in "/work_dir/fmriprep_24_0_wf/sub_35_wf/bold_task_bird_run_6_wf/bold_confounds_wf/compcor_plot".
250329-14:23:24,771 nipype.workflow INFO:
	 [Node] Executing "compcor_plot" <nireports.interfaces.nuisance.CompCorVariancePlot>
250329-14:23:24,774 nipype.workflow INFO:
	 [Node] Setting-up "fmriprep_24_0_wf.sub_35_wf.bold_task_bird_run_6_wf.bold_confounds_wf.acc_metadata_fmt" in "/work_dir/fmriprep_24_0_wf/sub_35_wf/bold_task_bird_run_6_wf/bold_confounds_wf/acc_metadata_fmt".
250329-14:23:24,780 nipype.workflow INFO:
	 [Node] Executing "acc_metadata_fmt" <niworkflows.interfaces.utility.TSV2JSON>
250329-14:23:24,802 nipype.workflow INFO:
	 [Node] Finished "acc_metadata_fmt", elapsed time 0.021425s.
250329-14:23:25,329 nipype.workflow INFO:
	 [Node] Finished "compcor_plot", elapsed time 0.557289s.
250329-14:23:26,283 nipype.workflow INFO:
	 [Node] Finished "rois_plot", elapsed time 43.112751s.
250329-14:23:26,747 nipype.workflow INFO:
	 [Node] Setting-up "fmriprep_24_0_wf.sub_35_wf.bold_task_bird_run_3_wf.bold_confounds_wf.acompcor" in "/work_dir/fmriprep_24_0_wf/sub_35_wf/bold_task_bird_run_3_wf/bold_confounds_wf/acompcor".
250329-14:23:26,751 nipype.workflow INFO:
	 [Node] Executing "acompcor" <niworkflows.interfaces.patches.RobustACompCor>
250329-14:23:27,69 nipype.workflow INFO:
	 [Node] Finished "epi_t1_report", elapsed time 54.418197s.
250329-14:23:27,552 nipype.workflow INFO:
	 [Node] Setting-up "fmriprep_24_0_wf.sub_35_wf.bold_task_bird_run_6_wf.bold_confounds_wf.model_expansion" in "/work_dir/fmriprep_24_0_wf/sub_35_wf/bold_task_bird_run_6_wf/bold_confounds_wf/model_expansion".
250329-14:23:27,557 nipype.workflow INFO:
	 [Node] Executing "model_expansion" <niworkflows.interfaces.confounds.ExpandModel>
250329-14:23:27,822 nipype.workflow INFO:
	 [Node] Finished "model_expansion", elapsed time 0.264251s.
250329-14:23:27,881 nipype.workflow INFO:
	 [Node] Setting-up "fmriprep_24_0_wf.sub_35_wf.bold_task_bird_run_6_wf.bold_confounds_wf.conf_corr_plot" in "/work_dir/fmriprep_24_0_wf/sub_35_wf/bold_task_bird_run_6_wf/bold_confounds_wf/conf_corr_plot".
250329-14:23:27,902 nipype.workflow INFO:
	 [Node] Executing "conf_corr_plot" <nireports.interfaces.nuisance.ConfoundsCorrelationPlot>
250329-14:23:28,192 nipype.workflow INFO:
	 [Node] Setting-up "_acc_msk_brain1" in "/work_dir/fmriprep_24_0_wf/sub_35_wf/bold_task_bird_run_5_wf/bold_confounds_wf/acc_msk_brain/mapflow/_acc_msk_brain1".
250329-14:23:28,194 nipype.workflow INFO:
	 [Node] Executing "_acc_msk_brain1" <niworkflows.interfaces.nibabel.ApplyMask>
250329-14:23:28,270 nipype.workflow INFO:
	 [Node] Finished "_acc_msk_brain1", elapsed time 0.075645s.
250329-14:23:28,754 nipype.workflow INFO:
	 [Node] Setting-up "fmriprep_24_0_wf.sub_35_wf.bold_task_bird_run_5_wf.bold_fit_wf.func_fit_reports_wf.ds_epi_t1_report" in "/work_dir/fmriprep_24_0_wf/sub_35_wf/bold_task_bird_run_5_wf/bold_fit_wf/func_fit_reports_wf/ds_epi_t1_report".
250329-14:23:28,758 nipype.workflow INFO:
	 [Node] Executing "ds_epi_t1_report" <fmriprep.interfaces.DerivativesDataSink>
250329-14:23:28,766 nipype.workflow INFO:
	 [Node] Setting-up "fmriprep_24_0_wf.sub_35_wf.bold_task_bird_run_3_wf.bold_confounds_wf.signals" in "/work_dir/fmriprep_24_0_wf/sub_35_wf/bold_task_bird_run_3_wf/bold_confounds_wf/signals".
250329-14:23:28,769 nipype.workflow INFO:
	 [Node] Executing "signals" <niworkflows.interfaces.images.SignalExtraction>
250329-14:23:28,770 nipype.workflow INFO:
	 [Node] Setting-up "fmriprep_24_0_wf.sub_35_wf.bold_task_bird_run_3_wf.bold_confounds_wf.rois_plot" in "/work_dir/fmriprep_24_0_wf/sub_35_wf/bold_task_bird_run_3_wf/bold_confounds_wf/rois_plot".
250329-14:23:28,773 nipype.workflow INFO:
	 [Node] Executing "rois_plot" <niworkflows.interfaces.reportlets.masks.ROIsPlot>
250329-14:23:28,822 nipype.workflow INFO:
	 [Node] Finished "ds_epi_t1_report", elapsed time 0.045834s.
250329-14:23:28,938 nipype.workflow INFO:
	 [Node] Finished "resample", elapsed time 45.307331s.
250329-14:23:29,178 nipype.workflow INFO:
	 [Node] Finished "conf_corr_plot", elapsed time 1.275163s.
250329-14:23:30,952 nipype.workflow INFO:
	 [Node] Setting-up "fmriprep_24_0_wf.sub_35_wf.bold_task_bird_run_6_wf.bold_confounds_wf.spike_regressors" in "/work_dir/fmriprep_24_0_wf/sub_35_wf/bold_task_bird_run_6_wf/bold_confounds_wf/spike_regressors".
250329-14:23:30,955 nipype.workflow INFO:
	 [Node] Executing "spike_regressors" <niworkflows.interfaces.confounds.SpikeRegressors>
250329-14:23:31,200 nipype.workflow INFO:
	 [Node] Finished "spike_regressors", elapsed time 0.244863s.
250329-14:23:31,874 nipype.workflow INFO:
	 [Node] Finished "acompcor", elapsed time 5.122087s.
250329-14:23:31,881 nipype.workflow INFO:
	 [Node] Setting-up "_acc_msk_brain2" in "/work_dir/fmriprep_24_0_wf/sub_35_wf/bold_task_bird_run_5_wf/bold_confounds_wf/acc_msk_brain/mapflow/_acc_msk_brain2".
250329-14:23:31,883 nipype.workflow INFO:
	 [Node] Executing "_acc_msk_brain2" <niworkflows.interfaces.nibabel.ApplyMask>
250329-14:23:31,967 nipype.workflow INFO:
	 [Node] Finished "_acc_msk_brain2", elapsed time 0.08364s.
250329-14:23:32,806 nipype.workflow INFO:
	 [Node] Setting-up "fmriprep_24_0_wf.sub_35_wf.bold_task_bird_run_3_wf.bold_confounds_wf.rename_acompcor" in "/work_dir/fmriprep_24_0_wf/sub_35_wf/bold_task_bird_run_3_wf/bold_confounds_wf/rename_acompcor".
250329-14:23:32,808 nipype.workflow INFO:
	 [Node] Executing "rename_acompcor" <fmriprep.interfaces.confounds.RenameACompCor>
250329-14:23:32,809 nipype.workflow INFO:
	 [Node] Setting-up "_acc_msk_brain0" in "/work_dir/fmriprep_24_0_wf/sub_35_wf/bold_task_bird_run_5_wf/bold_confounds_wf/acc_msk_brain/mapflow/_acc_msk_brain0".
250329-14:23:32,810 nipype.workflow INFO:
	 [Node] Cached "_acc_msk_brain0" - collecting precomputed outputs
250329-14:23:32,810 nipype.workflow INFO:
	 [Node] "_acc_msk_brain0" found cached.
250329-14:23:32,810 nipype.workflow INFO:
	 [Node] Setting-up "_acc_msk_brain1" in "/work_dir/fmriprep_24_0_wf/sub_35_wf/bold_task_bird_run_5_wf/bold_confounds_wf/acc_msk_brain/mapflow/_acc_msk_brain1".
250329-14:23:32,811 nipype.workflow INFO:
	 [Node] Cached "_acc_msk_brain1" - collecting precomputed outputs
250329-14:23:32,811 nipype.workflow INFO:
	 [Node] "_acc_msk_brain1" found cached.
250329-14:23:32,812 nipype.workflow INFO:
	 [Node] Setting-up "_acc_msk_brain2" in "/work_dir/fmriprep_24_0_wf/sub_35_wf/bold_task_bird_run_5_wf/bold_confounds_wf/acc_msk_brain/mapflow/_acc_msk_brain2".
250329-14:23:32,813 nipype.workflow INFO:
	 [Node] Cached "_acc_msk_brain2" - collecting precomputed outputs
250329-14:23:32,813 nipype.workflow INFO:
	 [Node] "_acc_msk_brain2" found cached.
250329-14:23:32,973 nipype.workflow INFO:
	 [Node] Finished "rename_acompcor", elapsed time 0.164201s.
250329-14:23:34,188 nipype.workflow INFO:
	 [Node] Finished "signals", elapsed time 5.418044s.
250329-14:23:35,12 nipype.workflow INFO:
	 [Node] Setting-up "fmriprep_24_0_wf.sub_35_wf.bold_task_bird_run_3_wf.bold_confounds_wf.acc_metadata_filter" in "/work_dir/fmriprep_24_0_wf/sub_35_wf/bold_task_bird_run_3_wf/bold_confounds_wf/acc_metadata_filter".
250329-14:23:35,14 nipype.workflow INFO:
	 [Node] Executing "acc_metadata_filter" <fmriprep.interfaces.confounds.FilterDropped>
250329-14:23:35,19 nipype.workflow INFO:
	 [Node] Finished "acc_metadata_filter", elapsed time 0.004351s.
250329-14:23:35,435 nipype.workflow INFO:
	 [Node] Setting-up "fmriprep_24_0_wf.sub_35_wf.bold_task_bird_run_3_wf.bold_confounds_wf.compcor_plot" in "/work_dir/fmriprep_24_0_wf/sub_35_wf/bold_task_bird_run_3_wf/bold_confounds_wf/compcor_plot".
250329-14:23:35,438 nipype.workflow INFO:
	 [Node] Executing "compcor_plot" <nireports.interfaces.nuisance.CompCorVariancePlot>
250329-14:23:35,799 nipype.workflow INFO:
	 [Node] Finished "resample", elapsed time 36.323417s.
250329-14:23:35,939 nipype.workflow INFO:
	 [Node] Finished "compcor_plot", elapsed time 0.500864s.
250329-14:23:36,792 nipype.workflow INFO:
	 [Node] Setting-up "fmriprep_24_0_wf.sub_35_wf.bold_task_bird_run_3_wf.bold_confounds_wf.acc_metadata_fmt" in "/work_dir/fmriprep_24_0_wf/sub_35_wf/bold_task_bird_run_3_wf/bold_confounds_wf/acc_metadata_fmt".
250329-14:23:36,792 nipype.workflow INFO:
	 [Node] Setting-up "fmriprep_24_0_wf.sub_35_wf.bold_task_bird_run_3_wf.bold_confounds_wf.model_expansion" in "/work_dir/fmriprep_24_0_wf/sub_35_wf/bold_task_bird_run_3_wf/bold_confounds_wf/model_expansion".
250329-14:23:36,794 nipype.workflow INFO:
	 [Node] Executing "acc_metadata_fmt" <niworkflows.interfaces.utility.TSV2JSON>
250329-14:23:36,794 nipype.workflow INFO:
	 [Node] Executing "model_expansion" <niworkflows.interfaces.confounds.ExpandModel>
250329-14:23:36,802 nipype.workflow INFO:
	 [Node] Finished "acc_metadata_fmt", elapsed time 0.007143s.
250329-14:23:36,813 nipype.workflow INFO:
	 [Node] Setting-up "fmriprep_24_0_wf.sub_35_wf.bold_task_bird_run_3_wf.bold_confounds_wf.conf_corr_plot" in "/work_dir/fmriprep_24_0_wf/sub_35_wf/bold_task_bird_run_3_wf/bold_confounds_wf/conf_corr_plot".
250329-14:23:36,824 nipype.workflow INFO:
	 [Node] Executing "conf_corr_plot" <nireports.interfaces.nuisance.ConfoundsCorrelationPlot>
250329-14:23:37,143 nipype.workflow INFO:
	 [Node] Finished "model_expansion", elapsed time 0.347665s.
250329-14:23:37,246 nipype.workflow INFO:
	 [Node] Setting-up "_acc_msk_bin0" in "/work_dir/fmriprep_24_0_wf/sub_35_wf/bold_task_bird_run_5_wf/bold_confounds_wf/acc_msk_bin/mapflow/_acc_msk_bin0".
250329-14:23:37,246 nipype.workflow INFO:
	 [Node] Setting-up "_acc_msk_bin1" in "/work_dir/fmriprep_24_0_wf/sub_35_wf/bold_task_bird_run_5_wf/bold_confounds_wf/acc_msk_bin/mapflow/_acc_msk_bin1".
250329-14:23:37,247 nipype.workflow INFO:
	 [Node] Executing "_acc_msk_bin0" <niworkflows.interfaces.nibabel.Binarize>
250329-14:23:37,247 nipype.workflow INFO:
	 [Node] Executing "_acc_msk_bin1" <niworkflows.interfaces.nibabel.Binarize>
250329-14:23:37,253 nipype.workflow INFO:
	 [Node] Setting-up "_acc_msk_bin2" in "/work_dir/fmriprep_24_0_wf/sub_35_wf/bold_task_bird_run_5_wf/bold_confounds_wf/acc_msk_bin/mapflow/_acc_msk_bin2".
250329-14:23:37,255 nipype.workflow INFO:
	 [Node] Executing "_acc_msk_bin2" <niworkflows.interfaces.nibabel.Binarize>
250329-14:23:37,357 nipype.workflow INFO:
	 [Node] Finished "_acc_msk_bin0", elapsed time 0.108996s.
250329-14:23:37,399 nipype.workflow INFO:
	 [Node] Finished "_acc_msk_bin2", elapsed time 0.143626s.
250329-14:23:37,420 nipype.workflow INFO:
	 [Node] Finished "_acc_msk_bin1", elapsed time 0.171951s.
250329-14:23:37,974 nipype.workflow INFO:
	 [Node] Finished "conf_corr_plot", elapsed time 1.148805s.
250329-14:23:38,835 nipype.workflow INFO:
	 [Node] Setting-up "_acc_msk_bin0" in "/work_dir/fmriprep_24_0_wf/sub_35_wf/bold_task_bird_run_5_wf/bold_confounds_wf/acc_msk_bin/mapflow/_acc_msk_bin0".
250329-14:23:38,836 nipype.workflow INFO:
	 [Node] Cached "_acc_msk_bin0" - collecting precomputed outputs
250329-14:23:38,836 nipype.workflow INFO:
	 [Node] "_acc_msk_bin0" found cached.
250329-14:23:38,837 nipype.workflow INFO:
	 [Node] Setting-up "_acc_msk_bin1" in "/work_dir/fmriprep_24_0_wf/sub_35_wf/bold_task_bird_run_5_wf/bold_confounds_wf/acc_msk_bin/mapflow/_acc_msk_bin1".
250329-14:23:38,838 nipype.workflow INFO:
	 [Node] Cached "_acc_msk_bin1" - collecting precomputed outputs
250329-14:23:38,838 nipype.workflow INFO:
	 [Node] "_acc_msk_bin1" found cached.
250329-14:23:38,838 nipype.workflow INFO:
	 [Node] Setting-up "_acc_msk_bin2" in "/work_dir/fmriprep_24_0_wf/sub_35_wf/bold_task_bird_run_5_wf/bold_confounds_wf/acc_msk_bin/mapflow/_acc_msk_bin2".
250329-14:23:38,839 nipype.workflow INFO:
	 [Node] Cached "_acc_msk_bin2" - collecting precomputed outputs
250329-14:23:38,839 nipype.workflow INFO:
	 [Node] "_acc_msk_bin2" found cached.
250329-14:23:39,197 nipype.workflow INFO:
	 [Node] Setting-up "fmriprep_24_0_wf.sub_35_wf.bold_task_bird_run_3_wf.bold_confounds_wf.spike_regressors" in "/work_dir/fmriprep_24_0_wf/sub_35_wf/bold_task_bird_run_3_wf/bold_confounds_wf/spike_regressors".
250329-14:23:39,200 nipype.workflow INFO:
	 [Node] Executing "spike_regressors" <niworkflows.interfaces.confounds.SpikeRegressors>
250329-14:23:39,410 nipype.workflow INFO:
	 [Node] Finished "spike_regressors", elapsed time 0.208884s.
250329-14:23:40,845 nipype.workflow INFO:
	 [Node] Setting-up "fmriprep_24_0_wf.sub_35_wf.bold_task_bird_run_5_wf.bold_confounds_wf.acompcor" in "/work_dir/fmriprep_24_0_wf/sub_35_wf/bold_task_bird_run_5_wf/bold_confounds_wf/acompcor".
250329-14:23:40,848 nipype.workflow INFO:
	 [Node] Executing "acompcor" <niworkflows.interfaces.patches.RobustACompCor>
250329-14:23:41,478 nipype.workflow INFO:
	 [Node] Finished "rois_plot", elapsed time 26.246502s.
250329-14:23:42,792 nipype.workflow INFO:
	 [Node] Setting-up "fmriprep_24_0_wf.sub_35_wf.bold_task_bird_run_5_wf.bold_confounds_wf.signals" in "/work_dir/fmriprep_24_0_wf/sub_35_wf/bold_task_bird_run_5_wf/bold_confounds_wf/signals".
250329-14:23:42,796 nipype.workflow INFO:
	 [Node] Executing "signals" <niworkflows.interfaces.images.SignalExtraction>
250329-14:23:42,809 nipype.workflow INFO:
	 [Node] Setting-up "fmriprep_24_0_wf.sub_35_wf.bold_task_bird_run_5_wf.bold_confounds_wf.rois_plot" in "/work_dir/fmriprep_24_0_wf/sub_35_wf/bold_task_bird_run_5_wf/bold_confounds_wf/rois_plot".
250329-14:23:42,813 nipype.workflow INFO:
	 [Node] Executing "rois_plot" <niworkflows.interfaces.reportlets.masks.ROIsPlot>
250329-14:23:45,833 nipype.workflow INFO:
	 [Node] Finished "acompcor", elapsed time 4.983424s.
250329-14:23:46,790 nipype.workflow INFO:
	 [Node] Setting-up "fmriprep_24_0_wf.sub_35_wf.bold_task_bird_run_5_wf.bold_confounds_wf.rename_acompcor" in "/work_dir/fmriprep_24_0_wf/sub_35_wf/bold_task_bird_run_5_wf/bold_confounds_wf/rename_acompcor".
250329-14:23:46,793 nipype.workflow INFO:
	 [Node] Executing "rename_acompcor" <fmriprep.interfaces.confounds.RenameACompCor>
250329-14:23:46,871 nipype.workflow INFO:
	 [Node] Finished "rename_acompcor", elapsed time 0.077737s.
250329-14:23:48,255 nipype.workflow INFO:
	 [Node] Finished "signals", elapsed time 5.4588149999999995s.
250329-14:23:48,813 nipype.workflow INFO:
	 [Node] Setting-up "fmriprep_24_0_wf.sub_35_wf.bold_task_bird_run_5_wf.bold_confounds_wf.acc_metadata_filter" in "/work_dir/fmriprep_24_0_wf/sub_35_wf/bold_task_bird_run_5_wf/bold_confounds_wf/acc_metadata_filter".
250329-14:23:48,815 nipype.workflow INFO:
	 [Node] Executing "acc_metadata_filter" <fmriprep.interfaces.confounds.FilterDropped>
250329-14:23:48,822 nipype.workflow INFO:
	 [Node] Finished "acc_metadata_filter", elapsed time 0.00567s.
250329-14:23:49,244 nipype.workflow INFO:
	 [Node] Setting-up "fmriprep_24_0_wf.sub_35_wf.bold_task_bird_run_5_wf.bold_confounds_wf.compcor_plot" in "/work_dir/fmriprep_24_0_wf/sub_35_wf/bold_task_bird_run_5_wf/bold_confounds_wf/compcor_plot".
250329-14:23:49,247 nipype.workflow INFO:
	 [Node] Executing "compcor_plot" <nireports.interfaces.nuisance.CompCorVariancePlot>
250329-14:23:49,513 nipype.workflow INFO:
	 [Node] Finished "rois_plot", elapsed time 20.739142s.
250329-14:23:49,901 nipype.workflow INFO:
	 [Node] Finished "compcor_plot", elapsed time 0.653398s.
250329-14:23:51,271 nipype.workflow INFO:
	 [Node] Setting-up "fmriprep_24_0_wf.sub_35_wf.bold_task_bird_run_5_wf.bold_confounds_wf.acc_metadata_fmt" in "/work_dir/fmriprep_24_0_wf/sub_35_wf/bold_task_bird_run_5_wf/bold_confounds_wf/acc_metadata_fmt".
250329-14:23:51,271 nipype.workflow INFO:
	 [Node] Setting-up "fmriprep_24_0_wf.sub_35_wf.bold_task_bird_run_5_wf.bold_confounds_wf.model_expansion" in "/work_dir/fmriprep_24_0_wf/sub_35_wf/bold_task_bird_run_5_wf/bold_confounds_wf/model_expansion".
250329-14:23:51,272 nipype.workflow INFO:
	 [Node] Setting-up "fmriprep_24_0_wf.sub_35_wf.bold_task_bird_run_5_wf.bold_confounds_wf.conf_corr_plot" in "/work_dir/fmriprep_24_0_wf/sub_35_wf/bold_task_bird_run_5_wf/bold_confounds_wf/conf_corr_plot".
250329-14:23:51,273 nipype.workflow INFO:
	 [Node] Executing "acc_metadata_fmt" <niworkflows.interfaces.utility.TSV2JSON>
250329-14:23:51,273 nipype.workflow INFO:
	 [Node] Executing "model_expansion" <niworkflows.interfaces.confounds.ExpandModel>
250329-14:23:51,280 nipype.workflow INFO:
	 [Node] Finished "acc_metadata_fmt", elapsed time 0.006325s.
250329-14:23:51,284 nipype.workflow INFO:
	 [Node] Executing "conf_corr_plot" <nireports.interfaces.nuisance.ConfoundsCorrelationPlot>
250329-14:23:51,619 nipype.workflow INFO:
	 [Node] Finished "model_expansion", elapsed time 0.344699s.
250329-14:23:52,217 nipype.workflow INFO:
	 [Node] Finished "conf_corr_plot", elapsed time 0.932259s.
250329-14:23:53,85 nipype.workflow INFO:
	 [Node] Setting-up "fmriprep_24_0_wf.sub_35_wf.bold_task_bird_run_5_wf.bold_confounds_wf.spike_regressors" in "/work_dir/fmriprep_24_0_wf/sub_35_wf/bold_task_bird_run_5_wf/bold_confounds_wf/spike_regressors".
250329-14:23:53,87 nipype.workflow INFO:
	 [Node] Executing "spike_regressors" <niworkflows.interfaces.confounds.SpikeRegressors>
250329-14:23:53,208 nipype.workflow INFO:
	 [Node] Finished "spike_regressors", elapsed time 0.119952s.
250329-14:24:04,51 nipype.workflow INFO:
	 [Node] Finished "rois_plot", elapsed time 21.237136s.
250329-14:51:17,742 nipype.workflow INFO:
	 [Node] Finished "registration", elapsed time 1879.907458s.
250329-14:51:18,879 nipype.workflow INFO:
	 [Node] Setting-up "fmriprep_24_0_wf.sub_35_wf.anat_fit_wf.register_template_wf.outputnode" in "/work_dir/fmriprep_24_0_wf/sub_35_wf/anat_fit_wf/register_template_wf/outputnode".
250329-14:51:18,882 nipype.workflow INFO:
	 [Node] Executing "outputnode" <nipype.interfaces.utility.base.IdentityInterface>
250329-14:51:18,883 nipype.workflow INFO:
	 [Node] Finished "outputnode", elapsed time 0.000377s.
250329-14:51:20,877 nipype.workflow INFO:
	 [Node] Setting-up "fmriprep_24_0_wf.sub_35_wf.anat_fit_wf.template_buffer" in "/work_dir/fmriprep_24_0_wf/sub_35_wf/anat_fit_wf/template_buffer".
250329-14:51:20,879 nipype.workflow INFO:
	 [Node] Executing "template_buffer" <nipype.interfaces.utility.base.Merge>
250329-14:51:20,880 nipype.workflow INFO:
	 [Node] Finished "template_buffer", elapsed time 0.000183s.
250329-14:51:22,877 nipype.workflow INFO:
	 [Node] Setting-up "fmriprep_24_0_wf.sub_35_wf.anat_fit_wf.anat2std_buffer" in "/work_dir/fmriprep_24_0_wf/sub_35_wf/anat_fit_wf/anat2std_buffer".
250329-14:51:22,877 nipype.workflow INFO:
	 [Node] Setting-up "fmriprep_24_0_wf.sub_35_wf.anat_fit_wf.std2anat_buffer" in "/work_dir/fmriprep_24_0_wf/sub_35_wf/anat_fit_wf/std2anat_buffer".
250329-14:51:22,879 nipype.workflow INFO:
	 [Node] Executing "std2anat_buffer" <nipype.interfaces.utility.base.Merge>
250329-14:51:22,879 nipype.workflow INFO:
	 [Node] Executing "anat2std_buffer" <nipype.interfaces.utility.base.Merge>
250329-14:51:22,880 nipype.workflow INFO:
	 [Node] Finished "std2anat_buffer", elapsed time 0.000193s.
250329-14:51:22,880 nipype.workflow INFO:
	 [Node] Finished "anat2std_buffer", elapsed time 0.000194s.
250329-14:51:26,886 nipype.workflow INFO:
	 [Node] Setting-up "fmriprep_24_0_wf.sub_35_wf.bold_task_bird_run_1_wf.carpetplot_wf.mrg_xfms" in "/work_dir/fmriprep_24_0_wf/sub_35_wf/bold_task_bird_run_1_wf/carpetplot_wf/mrg_xfms".
250329-14:51:26,886 nipype.workflow INFO:
	 [Node] Setting-up "fmriprep_24_0_wf.sub_35_wf.bold_task_bird_run_2_wf.carpetplot_wf.mrg_xfms" in "/work_dir/fmriprep_24_0_wf/sub_35_wf/bold_task_bird_run_2_wf/carpetplot_wf/mrg_xfms".
250329-14:51:26,886 nipype.workflow INFO:
	 [Node] Setting-up "fmriprep_24_0_wf.sub_35_wf.bold_task_bird_run_3_wf.carpetplot_wf.mrg_xfms" in "/work_dir/fmriprep_24_0_wf/sub_35_wf/bold_task_bird_run_3_wf/carpetplot_wf/mrg_xfms".
250329-14:51:26,886 nipype.workflow INFO:
	 [Node] Setting-up "fmriprep_24_0_wf.sub_35_wf.bold_task_bird_run_5_wf.carpetplot_wf.mrg_xfms" in "/work_dir/fmriprep_24_0_wf/sub_35_wf/bold_task_bird_run_5_wf/carpetplot_wf/mrg_xfms".
250329-14:51:26,887 nipype.workflow INFO:
	 [Node] Setting-up "fmriprep_24_0_wf.sub_35_wf.bold_task_bird_run_4_wf.carpetplot_wf.mrg_xfms" in "/work_dir/fmriprep_24_0_wf/sub_35_wf/bold_task_bird_run_4_wf/carpetplot_wf/mrg_xfms".
250329-14:51:26,887 nipype.workflow INFO:
	 [Node] Setting-up "fmriprep_24_0_wf.sub_35_wf.bold_task_bird_run_6_wf.carpetplot_wf.mrg_xfms" in "/work_dir/fmriprep_24_0_wf/sub_35_wf/bold_task_bird_run_6_wf/carpetplot_wf/mrg_xfms".
250329-14:51:26,890 nipype.workflow INFO:
	 [Node] Executing "mrg_xfms" <nipype.interfaces.utility.base.Merge>
250329-14:51:26,890 nipype.workflow INFO:
	 [Node] Executing "mrg_xfms" <nipype.interfaces.utility.base.Merge>
250329-14:51:26,890 nipype.workflow INFO:
	 [Node] Executing "mrg_xfms" <nipype.interfaces.utility.base.Merge>
250329-14:51:26,890 nipype.workflow INFO:
	 [Node] Finished "mrg_xfms", elapsed time 0.000192s.
250329-14:51:26,890 nipype.workflow INFO:
	 [Node] Finished "mrg_xfms", elapsed time 0.000189s.
250329-14:51:26,891 nipype.workflow INFO:
	 [Node] Finished "mrg_xfms", elapsed time 0.000217s.
250329-14:51:26,894 nipype.workflow INFO:
	 [Node] Executing "mrg_xfms" <nipype.interfaces.utility.base.Merge>
250329-14:51:26,894 nipype.workflow INFO:
	 [Node] Executing "mrg_xfms" <nipype.interfaces.utility.base.Merge>
250329-14:51:26,894 nipype.workflow INFO:
	 [Node] Executing "mrg_xfms" <nipype.interfaces.utility.base.Merge>
250329-14:51:26,895 nipype.workflow INFO:
	 [Node] Finished "mrg_xfms", elapsed time 0.000208s.
250329-14:51:26,895 nipype.workflow INFO:
	 [Node] Finished "mrg_xfms", elapsed time 0.00021s.
250329-14:51:26,895 nipype.workflow INFO:
	 [Node] Finished "mrg_xfms", elapsed time 0.000214s.
250329-14:51:28,937 nipype.workflow INFO:
	 [Node] Setting-up "fmriprep_24_0_wf.sub_35_wf.bold_task_bird_run_1_wf.carpetplot_wf.resample_parc" in "/work_dir/fmriprep_24_0_wf/sub_35_wf/bold_task_bird_run_1_wf/carpetplot_wf/resample_parc".
250329-14:51:28,938 nipype.workflow INFO:
	 [Node] Setting-up "fmriprep_24_0_wf.sub_35_wf.bold_task_bird_run_2_wf.carpetplot_wf.resample_parc" in "/work_dir/fmriprep_24_0_wf/sub_35_wf/bold_task_bird_run_2_wf/carpetplot_wf/resample_parc".
250329-14:51:28,939 nipype.workflow INFO:
	 [Node] Setting-up "fmriprep_24_0_wf.sub_35_wf.bold_task_bird_run_3_wf.carpetplot_wf.resample_parc" in "/work_dir/fmriprep_24_0_wf/sub_35_wf/bold_task_bird_run_3_wf/carpetplot_wf/resample_parc".
250329-14:51:28,939 nipype.workflow INFO:
	 [Node] Setting-up "fmriprep_24_0_wf.sub_35_wf.bold_task_bird_run_4_wf.carpetplot_wf.resample_parc" in "/work_dir/fmriprep_24_0_wf/sub_35_wf/bold_task_bird_run_4_wf/carpetplot_wf/resample_parc".
250329-14:51:28,940 nipype.workflow INFO:
	 [Node] Setting-up "fmriprep_24_0_wf.sub_35_wf.bold_task_bird_run_5_wf.carpetplot_wf.resample_parc" in "/work_dir/fmriprep_24_0_wf/sub_35_wf/bold_task_bird_run_5_wf/carpetplot_wf/resample_parc".
250329-14:51:28,942 nipype.workflow INFO:
	 [Node] Executing "resample_parc" <niworkflows.interfaces.fixes.FixHeaderApplyTransforms>
250329-14:51:28,942 nipype.workflow INFO:
	 [Node] Executing "resample_parc" <niworkflows.interfaces.fixes.FixHeaderApplyTransforms>
250329-14:51:28,943 nipype.workflow INFO:
	 [Node] Executing "resample_parc" <niworkflows.interfaces.fixes.FixHeaderApplyTransforms>
250329-14:51:28,943 nipype.workflow INFO:
	 [Node] Executing "resample_parc" <niworkflows.interfaces.fixes.FixHeaderApplyTransforms>
250329-14:51:28,943 nipype.workflow INFO:
	 [Node] Executing "resample_parc" <niworkflows.interfaces.fixes.FixHeaderApplyTransforms>
250329-14:51:28,944 nipype.workflow INFO:
	 [Node] Setting-up "fmriprep_24_0_wf.sub_35_wf.bold_task_bird_run_6_wf.carpetplot_wf.resample_parc" in "/work_dir/fmriprep_24_0_wf/sub_35_wf/bold_task_bird_run_6_wf/carpetplot_wf/resample_parc".
250329-14:51:28,947 nipype.workflow INFO:
	 [Node] Executing "resample_parc" <niworkflows.interfaces.fixes.FixHeaderApplyTransforms>
250329-14:51:34,336 nipype.workflow INFO:
	 [Node] Finished "resample_parc", elapsed time 5.391894s.
250329-14:51:34,342 nipype.workflow INFO:
	 [Node] Finished "resample_parc", elapsed time 5.394026s.
250329-14:51:34,356 nipype.workflow INFO:
	 [Node] Finished "resample_parc", elapsed time 5.412379s.
250329-14:51:34,391 nipype.workflow INFO:
	 [Node] Finished "resample_parc", elapsed time 5.448265s.
250329-14:51:34,407 nipype.workflow INFO:
	 [Node] Finished "resample_parc", elapsed time 5.462994s.
250329-14:51:34,608 nipype.workflow INFO:
	 [Node] Finished "resample_parc", elapsed time 5.665766s.
250329-14:51:34,892 nipype.workflow INFO:
	 [Node] Setting-up "fmriprep_24_0_wf.sub_35_wf.bold_task_bird_run_1_wf.carpetplot_wf.parcels" in "/work_dir/fmriprep_24_0_wf/sub_35_wf/bold_task_bird_run_1_wf/carpetplot_wf/parcels".
250329-14:51:34,892 nipype.workflow INFO:
	 [Node] Setting-up "fmriprep_24_0_wf.sub_35_wf.bold_task_bird_run_2_wf.carpetplot_wf.parcels" in "/work_dir/fmriprep_24_0_wf/sub_35_wf/bold_task_bird_run_2_wf/carpetplot_wf/parcels".
250329-14:51:34,892 nipype.workflow INFO:
	 [Node] Setting-up "fmriprep_24_0_wf.sub_35_wf.bold_task_bird_run_3_wf.carpetplot_wf.parcels" in "/work_dir/fmriprep_24_0_wf/sub_35_wf/bold_task_bird_run_3_wf/carpetplot_wf/parcels".
250329-14:51:34,893 nipype.workflow INFO:
	 [Node] Setting-up "fmriprep_24_0_wf.sub_35_wf.bold_task_bird_run_4_wf.carpetplot_wf.parcels" in "/work_dir/fmriprep_24_0_wf/sub_35_wf/bold_task_bird_run_4_wf/carpetplot_wf/parcels".
250329-14:51:34,894 nipype.workflow INFO:
	 [Node] Setting-up "fmriprep_24_0_wf.sub_35_wf.bold_task_bird_run_5_wf.carpetplot_wf.parcels" in "/work_dir/fmriprep_24_0_wf/sub_35_wf/bold_task_bird_run_5_wf/carpetplot_wf/parcels".
250329-14:51:34,894 nipype.workflow INFO:
	 [Node] Setting-up "fmriprep_24_0_wf.sub_35_wf.bold_task_bird_run_6_wf.carpetplot_wf.parcels" in "/work_dir/fmriprep_24_0_wf/sub_35_wf/bold_task_bird_run_6_wf/carpetplot_wf/parcels".
250329-14:51:34,895 nipype.workflow INFO:
	 [Node] Executing "parcels" <nipype.interfaces.utility.wrappers.Function>
250329-14:51:34,895 nipype.workflow INFO:
	 [Node] Executing "parcels" <nipype.interfaces.utility.wrappers.Function>
250329-14:51:34,896 nipype.workflow INFO:
	 [Node] Executing "parcels" <nipype.interfaces.utility.wrappers.Function>
250329-14:51:34,897 nipype.workflow INFO:
	 [Node] Executing "parcels" <nipype.interfaces.utility.wrappers.Function>
250329-14:51:34,898 nipype.workflow INFO:
	 [Node] Executing "parcels" <nipype.interfaces.utility.wrappers.Function>
250329-14:51:34,902 nipype.workflow INFO:
	 [Node] Executing "parcels" <nipype.interfaces.utility.wrappers.Function>
250329-14:51:34,961 nipype.workflow INFO:
	 [Node] Finished "parcels", elapsed time 0.065456s.
250329-14:51:34,962 nipype.workflow INFO:
	 [Node] Finished "parcels", elapsed time 0.065818s.
250329-14:51:34,963 nipype.workflow INFO:
	 [Node] Finished "parcels", elapsed time 0.065589s.
250329-14:51:34,963 nipype.workflow INFO:
	 [Node] Finished "parcels", elapsed time 0.065871s.
250329-14:51:34,963 nipype.workflow INFO:
	 [Node] Finished "parcels", elapsed time 0.064857s.
250329-14:51:34,970 nipype.workflow INFO:
	 [Node] Finished "parcels", elapsed time 0.066572s.
250329-14:51:36,879 nipype.workflow INFO:
	 [Node] Setting-up "fmriprep_24_0_wf.sub_35_wf.bold_task_bird_run_1_wf.carpetplot_wf.conf_plot" in "/work_dir/fmriprep_24_0_wf/sub_35_wf/bold_task_bird_run_1_wf/carpetplot_wf/conf_plot".
250329-14:51:36,880 nipype.workflow INFO:
	 [Node] Setting-up "fmriprep_24_0_wf.sub_35_wf.bold_task_bird_run_2_wf.carpetplot_wf.conf_plot" in "/work_dir/fmriprep_24_0_wf/sub_35_wf/bold_task_bird_run_2_wf/carpetplot_wf/conf_plot".
250329-14:51:36,880 nipype.workflow INFO:
	 [Node] Setting-up "fmriprep_24_0_wf.sub_35_wf.bold_task_bird_run_3_wf.carpetplot_wf.conf_plot" in "/work_dir/fmriprep_24_0_wf/sub_35_wf/bold_task_bird_run_3_wf/carpetplot_wf/conf_plot".
250329-14:51:36,881 nipype.workflow INFO:
	 [Node] Setting-up "fmriprep_24_0_wf.sub_35_wf.bold_task_bird_run_4_wf.carpetplot_wf.conf_plot" in "/work_dir/fmriprep_24_0_wf/sub_35_wf/bold_task_bird_run_4_wf/carpetplot_wf/conf_plot".
250329-14:51:36,882 nipype.workflow INFO:
	 [Node] Setting-up "fmriprep_24_0_wf.sub_35_wf.bold_task_bird_run_5_wf.carpetplot_wf.conf_plot" in "/work_dir/fmriprep_24_0_wf/sub_35_wf/bold_task_bird_run_5_wf/carpetplot_wf/conf_plot".
250329-14:51:36,882 nipype.workflow INFO:
	 [Node] Setting-up "fmriprep_24_0_wf.sub_35_wf.bold_task_bird_run_6_wf.carpetplot_wf.conf_plot" in "/work_dir/fmriprep_24_0_wf/sub_35_wf/bold_task_bird_run_6_wf/carpetplot_wf/conf_plot".
250329-14:51:36,885 nipype.workflow INFO:
	 [Node] Executing "conf_plot" <fmriprep.interfaces.confounds.FMRISummary>
250329-14:51:36,885 nipype.workflow INFO:
	 [Node] Executing "conf_plot" <fmriprep.interfaces.confounds.FMRISummary>
250329-14:51:36,885 nipype.workflow INFO:
	 [Node] Executing "conf_plot" <fmriprep.interfaces.confounds.FMRISummary>
250329-14:51:36,885 nipype.workflow INFO:
	 [Node] Executing "conf_plot" <fmriprep.interfaces.confounds.FMRISummary>
250329-14:51:36,886 nipype.workflow INFO:
	 [Node] Executing "conf_plot" <fmriprep.interfaces.confounds.FMRISummary>
250329-14:51:36,894 nipype.workflow INFO:
	 [Node] Executing "conf_plot" <fmriprep.interfaces.confounds.FMRISummary>
250329-14:51:46,419 nipype.workflow INFO:
	 [Node] Finished "conf_plot", elapsed time 9.524237s.
250329-14:51:46,440 nipype.workflow INFO:
	 [Node] Finished "conf_plot", elapsed time 9.553754s.
250329-14:51:46,449 nipype.workflow INFO:
	 [Node] Finished "conf_plot", elapsed time 9.562804s.
250329-14:51:46,655 nipype.workflow INFO:
	 [Node] Finished "conf_plot", elapsed time 9.769023s.
250329-14:51:46,659 nipype.workflow INFO:
	 [Node] Finished "conf_plot", elapsed time 9.772534s.
250329-14:51:47,388 nipype.workflow INFO:
	 [Node] Finished "conf_plot", elapsed time 10.501864s.
250329-15:28:12,104 nipype.workflow INFO:
	 [Node] Finished "_msmsulc1", elapsed time 4128.598886s.
250329-15:29:34,527 nipype.workflow INFO:
	 [Node] Finished "_msmsulc0", elapsed time 4212.421833s.
250329-15:29:35,5 nipype.workflow INFO:
	 [Node] Setting-up "_msmsulc0" in "/work_dir/fmriprep_24_0_wf/sub_35_wf/anat_fit_wf/msm_sulc_wf/msmsulc/mapflow/_msmsulc0".
250329-15:29:35,8 nipype.workflow INFO:
	 [Node] Cached "_msmsulc0" - collecting precomputed outputs
250329-15:29:35,8 nipype.workflow INFO:
	 [Node] "_msmsulc0" found cached.
250329-15:29:35,9 nipype.workflow INFO:
	 [Node] Setting-up "_msmsulc1" in "/work_dir/fmriprep_24_0_wf/sub_35_wf/anat_fit_wf/msm_sulc_wf/msmsulc/mapflow/_msmsulc1".
250329-15:29:35,13 nipype.workflow INFO:
	 [Node] Cached "_msmsulc1" - collecting precomputed outputs
250329-15:29:35,13 nipype.workflow INFO:
	 [Node] "_msmsulc1" found cached.
250329-15:29:42,988 nipype.workflow IMPORTANT:
	 fMRIPrep finished successfully!
250329-15:29:42,993 nipype.workflow IMPORTANT:
	 Works derived from this fMRIPrep execution should include the boilerplate text found in <OUTPUT_PATH>/logs/CITATION.md.
