You are using fMRIPrep-24.0.0, and a newer version of fMRIPrep is available: 25.0.0.
Please check out our documentation about how and when to upgrade:
https://fmriprep.readthedocs.io/en/latest/faq.html#upgrading
bids-validator@1.14.6
(node:1584241) Warning: Closing directory handle on garbage collection
(Use `node --trace-warnings ...` to show where the warning was created)
	[33m1: [WARN] The recommended file /README is missing. See Section 03 (Modality agnostic files) of the BIDS specification. (code: 101 - README_FILE_MISSING)[39m

[36m	Please visit https://neurostars.org/search?q=README_FILE_MISSING for existing conversations about this issue.[39m

        [34m[4mSummary:[24m[39m                  [34m[4mAvailable Tasks:[24m[39m        [34m[4mAvailable Modalities:[39m[24m 
        681 Files, 46.44GB                                MRI                   
        34 - Subjects                                                           
        1 - Session                                                             


[36m	If you have any questions, please post on https://neurostars.org/tags/bids.[39m
250329-09:50:08,110 nipype.workflow IMPORTANT:
	 Running fMRIPrep version 24.0.0

         License NOTICE ##################################################
         fMRIPrep 24.0.0
         Copyright The NiPreps Developers.
         
         This product includes software developed by
         the NiPreps Community (https://nipreps.org/).
         
         Portions of this software were developed at the Department of
         Psychology at Stanford University, Stanford, CA, US.
         
         This software is also distributed as a Docker container image.
         The bootstrapping file for the image ("Dockerfile") is licensed
         under the MIT License.
         
         This software may be distributed through an add-on package called
         "Docker Wrapper" that is under the BSD 3-clause License.
         #################################################################
250329-09:50:08,147 nipype.workflow IMPORTANT:
	 Building fMRIPrep's workflow:
           * BIDS dataset path: /raw.
           * Participant list: ['23'].
           * Run identifier: 20250329-094942_d7af8e49-69f7-4b4d-ab81-8855395e7bf3.
           * Output spaces: func.
           * Pre-run FreeSurfer's SUBJECTS_DIR: /output/sourcedata/freesurfer.
250329-09:50:08,995 nipype.workflow INFO:
	 ANAT Stage 1: Adding template workflow
250329-09:50:09,624 nipype.workflow INFO:
	 ANAT Stage 2: Preparing brain extraction workflow
250329-09:50:09,786 nipype.workflow INFO:
	 ANAT Stage 3: Preparing segmentation workflow
250329-09:50:09,795 nipype.workflow INFO:
	 ANAT Stage 4: Preparing normalization workflow for ['MNI152NLin2009cAsym']
250329-09:50:09,814 nipype.workflow INFO:
	 ANAT Stage 5: Preparing surface reconstruction workflow
250329-09:50:09,851 nipype.workflow INFO:
	 ANAT Stage 6: Preparing mask refinement workflow
250329-09:50:09,856 nipype.workflow INFO:
	 ANAT No T2w images provided - skipping Stage 7
250329-09:50:09,856 nipype.workflow INFO:
	 ANAT Stage 8: Creating GIFTI surfaces for ['white', 'pial', 'midthickness', 'sphere_reg', 'sphere']
250329-09:50:09,889 nipype.workflow INFO:
	 ANAT Stage 8: Creating GIFTI metrics for ['thickness', 'sulc']
250329-09:50:09,902 nipype.workflow INFO:
	 ANAT Stage 8a: Creating cortical ribbon mask
250329-09:50:09,910 nipype.workflow INFO:
	 ANAT Stage 9: Creating fsLR registration sphere
250329-09:50:09,917 nipype.workflow INFO:
	 ANAT Stage 10: Creating MSM-Sulc registration sphere
250329-09:50:10,182 nipype.workflow INFO:
	 No single-band-reference found for sub-23_task-bird_run-1_bold.nii.gz.
250329-09:50:10,298 nipype.workflow INFO:
	 Stage 1: Adding HMC boldref workflow
250329-09:50:10,310 nipype.workflow INFO:
	 Stage 2: Adding motion correction workflow
250329-09:50:10,324 nipype.workflow INFO:
	 Stage 3: Adding coregistration boldref workflow
250329-09:50:10,406 nipype.workflow IMPORTANT:
	 BOLD series will be slice-timing corrected to an offset of 0.959s.
250329-09:50:10,610 nipype.workflow INFO:
	 No single-band-reference found for sub-23_task-bird_run-2_bold.nii.gz.
250329-09:50:10,699 nipype.workflow INFO:
	 Stage 1: Adding HMC boldref workflow
250329-09:50:10,709 nipype.workflow INFO:
	 Stage 2: Adding motion correction workflow
250329-09:50:10,719 nipype.workflow INFO:
	 Stage 3: Adding coregistration boldref workflow
250329-09:50:10,793 nipype.workflow IMPORTANT:
	 BOLD series will be slice-timing corrected to an offset of 0.959s.
250329-09:50:10,959 nipype.workflow INFO:
	 No single-band-reference found for sub-23_task-bird_run-3_bold.nii.gz.
250329-09:50:11,47 nipype.workflow INFO:
	 Stage 1: Adding HMC boldref workflow
250329-09:50:11,56 nipype.workflow INFO:
	 Stage 2: Adding motion correction workflow
250329-09:50:11,64 nipype.workflow INFO:
	 Stage 3: Adding coregistration boldref workflow
250329-09:50:11,138 nipype.workflow IMPORTANT:
	 BOLD series will be slice-timing corrected to an offset of 0.959s.
250329-09:50:11,302 nipype.workflow INFO:
	 No single-band-reference found for sub-23_task-bird_run-4_bold.nii.gz.
250329-09:50:11,391 nipype.workflow INFO:
	 Stage 1: Adding HMC boldref workflow
250329-09:50:11,401 nipype.workflow INFO:
	 Stage 2: Adding motion correction workflow
250329-09:50:11,409 nipype.workflow INFO:
	 Stage 3: Adding coregistration boldref workflow
250329-09:50:11,480 nipype.workflow IMPORTANT:
	 BOLD series will be slice-timing corrected to an offset of 0.96s.
250329-09:50:11,644 nipype.workflow INFO:
	 No single-band-reference found for sub-23_task-bird_run-5_bold.nii.gz.
250329-09:50:11,732 nipype.workflow INFO:
	 Stage 1: Adding HMC boldref workflow
250329-09:50:11,742 nipype.workflow INFO:
	 Stage 2: Adding motion correction workflow
250329-09:50:11,750 nipype.workflow INFO:
	 Stage 3: Adding coregistration boldref workflow
250329-09:50:11,825 nipype.workflow IMPORTANT:
	 BOLD series will be slice-timing corrected to an offset of 0.959s.
250329-09:50:11,991 nipype.workflow INFO:
	 No single-band-reference found for sub-23_task-bird_run-6_bold.nii.gz.
250329-09:50:12,78 nipype.workflow INFO:
	 Stage 1: Adding HMC boldref workflow
250329-09:50:12,88 nipype.workflow INFO:
	 Stage 2: Adding motion correction workflow
250329-09:50:12,96 nipype.workflow INFO:
	 Stage 3: Adding coregistration boldref workflow
250329-09:50:12,167 nipype.workflow IMPORTANT:
	 BOLD series will be slice-timing corrected to an offset of 0.959s.
250329-09:50:18,576 nipype.workflow INFO:
	 fMRIPrep workflow graph with 1089 nodes built successfully.
250329-09:50:42,930 nipype.workflow IMPORTANT:
	 fMRIPrep started!
250329-09:51:04,99 nipype.workflow INFO:
	 [Node] Setting-up "fmriprep_24_0_wf.sub_23_wf.anat_fit_wf.brain_extraction_wf.res_tmpl" in "/work_dir/fmriprep_24_0_wf/sub_23_wf/anat_fit_wf/brain_extraction_wf/res_tmpl".
250329-09:51:04,115 nipype.workflow INFO:
	 [Node] Executing "res_tmpl" <niworkflows.interfaces.nibabel.RegridToZooms>
250329-09:51:04,142 nipype.workflow INFO:
	 [Node] Setting-up "fmriprep_24_0_wf.sub_23_wf.anat_fit_wf.brain_extraction_wf.full_wm" in "/work_dir/fmriprep_24_0_wf/sub_23_wf/anat_fit_wf/brain_extraction_wf/full_wm".
250329-09:51:04,158 nipype.workflow INFO:
	 [Node] Executing "full_wm" <nipype.interfaces.utility.wrappers.Function>
250329-09:51:04,855 nipype.workflow INFO:
	 [Node] Setting-up "fmriprep_24_0_wf.sub_23_wf.anat_fit_wf.brain_extraction_wf.lap_tmpl" in "/work_dir/fmriprep_24_0_wf/sub_23_wf/anat_fit_wf/brain_extraction_wf/lap_tmpl".
250329-09:51:04,881 nipype.workflow INFO:
	 [Node] Executing "lap_tmpl" <nipype.interfaces.ants.utils.ImageMath>
250329-09:51:05,379 nipype.workflow INFO:
	 [Node] Setting-up "fmriprep_24_0_wf.sub_23_wf.bold_task_bird_run_1_wf.bold_fit_wf.hmc_boldref_wf.val_bold" in "/work_dir/fmriprep_24_0_wf/sub_23_wf/bold_task_bird_run_1_wf/bold_fit_wf/hmc_boldref_wf/val_bold".
250329-09:51:05,396 nipype.workflow INFO:
	 [Node] Executing "val_bold" <niworkflows.interfaces.header.ValidateImage>
250329-09:51:05,793 nipype.workflow INFO:
	 [Node] Finished "val_bold", elapsed time 0.361806s.
250329-09:51:06,212 nipype.workflow INFO:
	 [Node] Finished "full_wm", elapsed time 2.025482s.
250329-09:51:06,338 nipype.workflow INFO:
	 [Node] Setting-up "fmriprep_24_0_wf.sub_23_wf.bold_task_bird_run_1_wf.bold_fit_wf.hmc_boldref_wf.get_dummy" in "/work_dir/fmriprep_24_0_wf/sub_23_wf/bold_task_bird_run_1_wf/bold_fit_wf/hmc_boldref_wf/get_dummy".
250329-09:51:06,355 nipype.workflow INFO:
	 [Node] Executing "get_dummy" <niworkflows.interfaces.bold.NonsteadyStatesDetector>
250329-09:51:07,828 nipype.workflow INFO:
	 [Node] Setting-up "fmriprep_24_0_wf.sub_23_wf.bold_task_bird_run_1_wf.bold_native_wf.bold_source" in "/work_dir/fmriprep_24_0_wf/sub_23_wf/bold_task_bird_run_1_wf/bold_native_wf/bold_source".
250329-09:51:07,830 nipype.workflow INFO:
	 [Node] Executing "bold_source" <nipype.interfaces.utility.base.Select>
250329-09:51:07,837 nipype.workflow INFO:
	 [Node] Finished "bold_source", elapsed time 0.000416s.
250329-09:51:09,40 nipype.workflow INFO:
	 [Node] Setting-up "fmriprep_24_0_wf.sub_23_wf.bold_task_bird_run_2_wf.bold_fit_wf.hmc_boldref_wf.val_bold" in "/work_dir/fmriprep_24_0_wf/sub_23_wf/bold_task_bird_run_2_wf/bold_fit_wf/hmc_boldref_wf/val_bold".
250329-09:51:09,42 nipype.workflow INFO:
	 [Node] Executing "val_bold" <niworkflows.interfaces.header.ValidateImage>
250329-09:51:09,225 nipype.workflow INFO:
	 [Node] Finished "val_bold", elapsed time 0.161427s.
250329-09:51:09,274 nipype.workflow INFO:
	 [Node] Setting-up "fmriprep_24_0_wf.sub_23_wf.bold_task_bird_run_2_wf.bold_fit_wf.hmc_boldref_wf.get_dummy" in "/work_dir/fmriprep_24_0_wf/sub_23_wf/bold_task_bird_run_2_wf/bold_fit_wf/hmc_boldref_wf/get_dummy".
250329-09:51:09,293 nipype.workflow INFO:
	 [Node] Executing "get_dummy" <niworkflows.interfaces.bold.NonsteadyStatesDetector>
250329-09:51:09,351 nipype.workflow INFO:
	 [Node] Setting-up "fmriprep_24_0_wf.sub_23_wf.bidssrc" in "/work_dir/fmriprep_24_0_wf/sub_23_wf/bidssrc".
250329-09:51:09,359 nipype.workflow INFO:
	 [Node] Executing "bidssrc" <niworkflows.interfaces.bids.BIDSDataGrabber>
250329-09:51:09,376 nipype.interface INFO:
	 No "t2w" images found for sub-23
250329-09:51:09,376 nipype.interface INFO:
	 No "flair" images found for sub-23
250329-09:51:09,376 nipype.interface INFO:
	 No "fmap" images found for sub-23
250329-09:51:09,377 nipype.interface INFO:
	 No "sbref" images found for sub-23
250329-09:51:09,377 nipype.interface INFO:
	 No "roi" images found for sub-23
250329-09:51:09,377 nipype.interface INFO:
	 No "pet" images found for sub-23
250329-09:51:09,377 nipype.interface INFO:
	 No "asl" images found for sub-23
250329-09:51:09,378 nipype.workflow INFO:
	 [Node] Finished "bidssrc", elapsed time 0.001299s.
250329-09:51:09,393 nipype.workflow INFO:
	 [Node] Setting-up "fmriprep_24_0_wf.sub_23_wf.bold_task_bird_run_2_wf.bold_native_wf.bold_source" in "/work_dir/fmriprep_24_0_wf/sub_23_wf/bold_task_bird_run_2_wf/bold_native_wf/bold_source".
250329-09:51:09,395 nipype.workflow INFO:
	 [Node] Executing "bold_source" <nipype.interfaces.utility.base.Select>
250329-09:51:09,396 nipype.workflow INFO:
	 [Node] Finished "bold_source", elapsed time 0.00032s.
250329-09:51:09,419 nipype.workflow INFO:
	 [Node] Setting-up "fmriprep_24_0_wf.sub_23_wf.bold_task_bird_run_3_wf.bold_fit_wf.hmc_boldref_wf.val_bold" in "/work_dir/fmriprep_24_0_wf/sub_23_wf/bold_task_bird_run_3_wf/bold_fit_wf/hmc_boldref_wf/val_bold".
250329-09:51:09,420 nipype.workflow INFO:
	 [Node] Executing "val_bold" <niworkflows.interfaces.header.ValidateImage>
250329-09:51:09,794 nipype.workflow INFO:
	 [Node] Finished "val_bold", elapsed time 0.372373s.
250329-09:51:09,831 nipype.workflow INFO:
	 [Node] Setting-up "fmriprep_24_0_wf.sub_23_wf.bold_task_bird_run_3_wf.bold_fit_wf.hmc_boldref_wf.get_dummy" in "/work_dir/fmriprep_24_0_wf/sub_23_wf/bold_task_bird_run_3_wf/bold_fit_wf/hmc_boldref_wf/get_dummy".
250329-09:51:09,833 nipype.workflow INFO:
	 [Node] Executing "get_dummy" <niworkflows.interfaces.bold.NonsteadyStatesDetector>
250329-09:51:10,775 nipype.workflow INFO:
	 [Node] Finished "res_tmpl", elapsed time 6.655387s.
250329-09:51:11,823 nipype.workflow INFO:
	 [Node] Setting-up "fmriprep_24_0_wf.sub_23_wf.bold_task_bird_run_1_wf.bold_fit_wf.ds_hmc_boldref_wf.sources" in "/work_dir/fmriprep_24_0_wf/sub_23_wf/bold_task_bird_run_1_wf/bold_fit_wf/ds_hmc_boldref_wf/sources".
250329-09:51:11,837 nipype.workflow INFO:
	 [Node] Executing "sources" <fmriprep.interfaces.bids.BIDSURI>
250329-09:51:11,838 nipype.workflow INFO:
	 [Node] Finished "sources", elapsed time 0.000291s.
250329-09:51:11,858 nipype.workflow INFO:
	 [Node] Setting-up "fmriprep_24_0_wf.sub_23_wf.bold_task_bird_run_3_wf.bold_fit_wf.ds_boldmask_wf.sources" in "/work_dir/fmriprep_24_0_wf/sub_23_wf/bold_task_bird_run_3_wf/bold_fit_wf/ds_boldmask_wf/sources".
250329-09:51:11,861 nipype.workflow INFO:
	 [Node] Executing "sources" <fmriprep.interfaces.bids.BIDSURI>
250329-09:51:11,863 nipype.workflow INFO:
	 [Node] Finished "sources", elapsed time 0.000278s.
250329-09:51:11,865 nipype.workflow INFO:
	 [Node] Setting-up "fmriprep_24_0_wf.sub_23_wf.bold_task_bird_run_3_wf.bold_native_wf.bold_source" in "/work_dir/fmriprep_24_0_wf/sub_23_wf/bold_task_bird_run_3_wf/bold_native_wf/bold_source".
250329-09:51:11,867 nipype.workflow INFO:
	 [Node] Executing "bold_source" <nipype.interfaces.utility.base.Select>
250329-09:51:11,869 nipype.workflow INFO:
	 [Node] Finished "bold_source", elapsed time 0.000587s.
250329-09:51:11,874 nipype.workflow INFO:
	 [Node] Setting-up "fmriprep_24_0_wf.sub_23_wf.bold_task_bird_run_3_wf.ds_bold_native_wf.sources" in "/work_dir/fmriprep_24_0_wf/sub_23_wf/bold_task_bird_run_3_wf/ds_bold_native_wf/sources".
250329-09:51:11,888 nipype.workflow INFO:
	 [Node] Executing "sources" <fmriprep.interfaces.bids.BIDSURI>
250329-09:51:11,889 nipype.workflow INFO:
	 [Node] Finished "sources", elapsed time 0.000278s.
250329-09:51:11,892 nipype.workflow INFO:
	 [Node] Setting-up "fmriprep_24_0_wf.sub_23_wf.bold_task_bird_run_4_wf.bold_fit_wf.hmc_boldref_wf.val_bold" in "/work_dir/fmriprep_24_0_wf/sub_23_wf/bold_task_bird_run_4_wf/bold_fit_wf/hmc_boldref_wf/val_bold".
250329-09:51:11,893 nipype.workflow INFO:
	 [Node] Executing "val_bold" <niworkflows.interfaces.header.ValidateImage>
250329-09:51:12,232 nipype.workflow INFO:
	 [Node] Finished "val_bold", elapsed time 0.337529s.
250329-09:51:12,254 nipype.workflow INFO:
	 [Node] Setting-up "fmriprep_24_0_wf.sub_23_wf.bold_task_bird_run_4_wf.bold_fit_wf.hmc_boldref_wf.get_dummy" in "/work_dir/fmriprep_24_0_wf/sub_23_wf/bold_task_bird_run_4_wf/bold_fit_wf/hmc_boldref_wf/get_dummy".
250329-09:51:12,256 nipype.workflow INFO:
	 [Node] Executing "get_dummy" <niworkflows.interfaces.bold.NonsteadyStatesDetector>
250329-09:51:12,333 nipype.workflow INFO:
	 [Node] Setting-up "fmriprep_24_0_wf.sub_23_wf.bold_task_bird_run_1_wf.bold_fit_wf.ds_hmc_wf.sources" in "/work_dir/fmriprep_24_0_wf/sub_23_wf/bold_task_bird_run_1_wf/bold_fit_wf/ds_hmc_wf/sources".
250329-09:51:12,339 nipype.workflow INFO:
	 [Node] Executing "sources" <fmriprep.interfaces.bids.BIDSURI>
250329-09:51:12,340 nipype.workflow INFO:
	 [Node] Finished "sources", elapsed time 0.000299s.
250329-09:51:12,343 nipype.workflow INFO:
	 [Node] Setting-up "fmriprep_24_0_wf.sub_23_wf.bold_task_bird_run_4_wf.bold_fit_wf.ds_hmc_wf.sources" in "/work_dir/fmriprep_24_0_wf/sub_23_wf/bold_task_bird_run_4_wf/bold_fit_wf/ds_hmc_wf/sources".
250329-09:51:12,346 nipype.workflow INFO:
	 [Node] Executing "sources" <fmriprep.interfaces.bids.BIDSURI>
250329-09:51:12,347 nipype.workflow INFO:
	 [Node] Finished "sources", elapsed time 0.000272s.
250329-09:51:12,360 nipype.workflow INFO:
	 [Node] Setting-up "fmriprep_24_0_wf.sub_23_wf.bold_task_bird_run_4_wf.bold_fit_wf.ds_boldmask_wf.sources" in "/work_dir/fmriprep_24_0_wf/sub_23_wf/bold_task_bird_run_4_wf/bold_fit_wf/ds_boldmask_wf/sources".
250329-09:51:12,361 nipype.workflow INFO:
	 [Node] Setting-up "fmriprep_24_0_wf.sub_23_wf.bold_task_bird_run_4_wf.bold_native_wf.bold_source" in "/work_dir/fmriprep_24_0_wf/sub_23_wf/bold_task_bird_run_4_wf/bold_native_wf/bold_source".
250329-09:51:12,363 nipype.workflow INFO:
	 [Node] Executing "sources" <fmriprep.interfaces.bids.BIDSURI>
250329-09:51:12,364 nipype.workflow INFO:
	 [Node] Finished "sources", elapsed time 0.000282s.
250329-09:51:12,374 nipype.workflow INFO:
	 [Node] Executing "bold_source" <nipype.interfaces.utility.base.Select>
250329-09:51:12,377 nipype.workflow INFO:
	 [Node] Setting-up "fmriprep_24_0_wf.sub_23_wf.bold_task_bird_run_4_wf.ds_bold_native_wf.sources" in "/work_dir/fmriprep_24_0_wf/sub_23_wf/bold_task_bird_run_4_wf/ds_bold_native_wf/sources".
250329-09:51:12,381 nipype.workflow INFO:
	 [Node] Executing "sources" <fmriprep.interfaces.bids.BIDSURI>
250329-09:51:12,382 nipype.workflow INFO:
	 [Node] Finished "sources", elapsed time 0.000289s.
250329-09:51:12,392 nipype.workflow INFO:
	 [Node] Finished "bold_source", elapsed time 0.000429s.
250329-09:51:12,428 nipype.workflow INFO:
	 [Node] Setting-up "fmriprep_24_0_wf.sub_23_wf.bold_task_bird_run_5_wf.bold_fit_wf.hmc_boldref_wf.val_bold" in "/work_dir/fmriprep_24_0_wf/sub_23_wf/bold_task_bird_run_5_wf/bold_fit_wf/hmc_boldref_wf/val_bold".
250329-09:51:12,430 nipype.workflow INFO:
	 [Node] Executing "val_bold" <niworkflows.interfaces.header.ValidateImage>
250329-09:51:12,512 nipype.workflow INFO:
	 [Node] Finished "val_bold", elapsed time 0.081481s.
250329-09:51:12,517 nipype.workflow INFO:
	 [Node] Setting-up "fmriprep_24_0_wf.sub_23_wf.bold_task_bird_run_5_wf.bold_fit_wf.ds_hmc_wf.sources" in "/work_dir/fmriprep_24_0_wf/sub_23_wf/bold_task_bird_run_5_wf/bold_fit_wf/ds_hmc_wf/sources".
250329-09:51:12,519 nipype.workflow INFO:
	 [Node] Executing "sources" <fmriprep.interfaces.bids.BIDSURI>
250329-09:51:12,521 nipype.workflow INFO:
	 [Node] Finished "sources", elapsed time 0.000283s.
250329-09:51:12,528 nipype.workflow INFO:
	 [Node] Setting-up "fmriprep_24_0_wf.sub_23_wf.bold_task_bird_run_5_wf.bold_fit_wf.ds_boldmask_wf.sources" in "/work_dir/fmriprep_24_0_wf/sub_23_wf/bold_task_bird_run_5_wf/bold_fit_wf/ds_boldmask_wf/sources".
250329-09:51:12,530 nipype.workflow INFO:
	 [Node] Executing "sources" <fmriprep.interfaces.bids.BIDSURI>
250329-09:51:12,532 nipype.workflow INFO:
	 [Node] Finished "sources", elapsed time 0.000269s.
250329-09:51:12,539 nipype.workflow INFO:
	 [Node] Setting-up "fmriprep_24_0_wf.sub_23_wf.bold_task_bird_run_5_wf.bold_native_wf.bold_source" in "/work_dir/fmriprep_24_0_wf/sub_23_wf/bold_task_bird_run_5_wf/bold_native_wf/bold_source".
250329-09:51:12,543 nipype.workflow INFO:
	 [Node] Executing "bold_source" <nipype.interfaces.utility.base.Select>
250329-09:51:12,544 nipype.workflow INFO:
	 [Node] Finished "bold_source", elapsed time 0.000376s.
250329-09:51:12,553 nipype.workflow INFO:
	 [Node] Setting-up "fmriprep_24_0_wf.sub_23_wf.bold_task_bird_run_5_wf.ds_bold_native_wf.sources" in "/work_dir/fmriprep_24_0_wf/sub_23_wf/bold_task_bird_run_5_wf/ds_bold_native_wf/sources".
250329-09:51:12,555 nipype.workflow INFO:
	 [Node] Executing "sources" <fmriprep.interfaces.bids.BIDSURI>
250329-09:51:12,556 nipype.workflow INFO:
	 [Node] Finished "sources", elapsed time 0.000279s.
250329-09:51:12,656 nipype.workflow INFO:
	 [Node] Setting-up "fmriprep_24_0_wf.sub_23_wf.bold_task_bird_run_1_wf.bold_fit_wf.ds_boldmask_wf.sources" in "/work_dir/fmriprep_24_0_wf/sub_23_wf/bold_task_bird_run_1_wf/bold_fit_wf/ds_boldmask_wf/sources".
250329-09:51:12,659 nipype.workflow INFO:
	 [Node] Executing "sources" <fmriprep.interfaces.bids.BIDSURI>
250329-09:51:12,675 nipype.workflow INFO:
	 [Node] Finished "sources", elapsed time 0.000379s.
250329-09:51:12,794 nipype.workflow INFO:
	 [Node] Setting-up "fmriprep_24_0_wf.sub_23_wf.bold_task_bird_run_6_wf.bold_fit_wf.hmc_boldref_wf.val_bold" in "/work_dir/fmriprep_24_0_wf/sub_23_wf/bold_task_bird_run_6_wf/bold_fit_wf/hmc_boldref_wf/val_bold".
250329-09:51:12,796 nipype.workflow INFO:
	 [Node] Executing "val_bold" <niworkflows.interfaces.header.ValidateImage>
250329-09:51:12,807 nipype.workflow INFO:
	 [Node] Setting-up "fmriprep_24_0_wf.sub_23_wf.bold_task_bird_run_6_wf.bold_fit_wf.hmc_boldref_wf.get_dummy" in "/work_dir/fmriprep_24_0_wf/sub_23_wf/bold_task_bird_run_6_wf/bold_fit_wf/hmc_boldref_wf/get_dummy".
250329-09:51:12,809 nipype.workflow INFO:
	 [Node] Executing "get_dummy" <niworkflows.interfaces.bold.NonsteadyStatesDetector>
250329-09:51:12,989 nipype.workflow INFO:
	 [Node] Finished "val_bold", elapsed time 0.191686s.
250329-09:51:13,2 nipype.workflow INFO:
	 [Node] Setting-up "fmriprep_24_0_wf.sub_23_wf.bold_task_bird_run_6_wf.bold_fit_wf.ds_boldmask_wf.sources" in "/work_dir/fmriprep_24_0_wf/sub_23_wf/bold_task_bird_run_6_wf/bold_fit_wf/ds_boldmask_wf/sources".
250329-09:51:13,5 nipype.workflow INFO:
	 [Node] Executing "sources" <fmriprep.interfaces.bids.BIDSURI>
250329-09:51:13,6 nipype.workflow INFO:
	 [Node] Finished "sources", elapsed time 0.000434s.
250329-09:51:13,385 nipype.workflow INFO:
	 [Node] Setting-up "fmriprep_24_0_wf.sub_23_wf.bold_task_bird_run_5_wf.bold_fit_wf.hmc_boldref_wf.get_dummy" in "/work_dir/fmriprep_24_0_wf/sub_23_wf/bold_task_bird_run_5_wf/bold_fit_wf/hmc_boldref_wf/get_dummy".
250329-09:51:13,419 nipype.workflow INFO:
	 [Node] Executing "get_dummy" <niworkflows.interfaces.bold.NonsteadyStatesDetector>
250329-09:51:13,693 nipype.workflow INFO:
	 [Node] Setting-up "fmriprep_24_0_wf.sub_23_wf.bold_task_bird_run_2_wf.bold_fit_wf.ds_boldmask_wf.sources" in "/work_dir/fmriprep_24_0_wf/sub_23_wf/bold_task_bird_run_2_wf/bold_fit_wf/ds_boldmask_wf/sources".
250329-09:51:13,707 nipype.workflow INFO:
	 [Node] Executing "sources" <fmriprep.interfaces.bids.BIDSURI>
250329-09:51:13,708 nipype.workflow INFO:
	 [Node] Finished "sources", elapsed time 0.000316s.
250329-09:51:14,449 nipype.workflow INFO:
	 [Node] Setting-up "fmriprep_24_0_wf.sub_23_wf.bold_task_bird_run_6_wf.bold_native_wf.bold_source" in "/work_dir/fmriprep_24_0_wf/sub_23_wf/bold_task_bird_run_6_wf/bold_native_wf/bold_source".
250329-09:51:14,451 nipype.workflow INFO:
	 [Node] Executing "bold_source" <nipype.interfaces.utility.base.Select>
250329-09:51:14,452 nipype.workflow INFO:
	 [Node] Finished "bold_source", elapsed time 0.000273s.
250329-09:51:14,699 nipype.workflow INFO:
	 [Node] Setting-up "fmriprep_24_0_wf.sub_23_wf.bold_task_bird_run_2_wf.ds_bold_native_wf.sources" in "/work_dir/fmriprep_24_0_wf/sub_23_wf/bold_task_bird_run_2_wf/ds_bold_native_wf/sources".
250329-09:51:14,710 nipype.workflow INFO:
	 [Node] Executing "sources" <fmriprep.interfaces.bids.BIDSURI>
250329-09:51:14,762 nipype.workflow INFO:
	 [Node] Finished "sources", elapsed time 0.000447s.
250329-09:51:15,95 nipype.workflow INFO:
	 [Node] Setting-up "fmriprep_24_0_wf.sub_23_wf.anat_fit_wf.anat_template_wf.anat_ref_dimensions" in "/work_dir/fmriprep_24_0_wf/sub_23_wf/anat_fit_wf/anat_template_wf/anat_ref_dimensions".
250329-09:51:15,99 nipype.workflow INFO:
	 [Node] Executing "anat_ref_dimensions" <niworkflows.interfaces.images.TemplateDimensions>
250329-09:51:15,189 nipype.workflow INFO:
	 [Node] Setting-up "fmriprep_24_0_wf.sub_23_wf.bold_task_bird_run_1_wf.ds_bold_native_wf.sources" in "/work_dir/fmriprep_24_0_wf/sub_23_wf/bold_task_bird_run_1_wf/ds_bold_native_wf/sources".
250329-09:51:15,196 nipype.workflow INFO:
	 [Node] Executing "sources" <fmriprep.interfaces.bids.BIDSURI>
250329-09:51:15,197 nipype.workflow INFO:
	 [Node] Finished "sources", elapsed time 0.00033s.
250329-09:51:15,348 nipype.workflow INFO:
	 [Node] Setting-up "fmriprep_24_0_wf.sub_23_wf.bold_task_bird_run_2_wf.bold_fit_wf.ds_hmc_wf.sources" in "/work_dir/fmriprep_24_0_wf/sub_23_wf/bold_task_bird_run_2_wf/bold_fit_wf/ds_hmc_wf/sources".
250329-09:51:15,385 nipype.workflow INFO:
	 [Node] Executing "sources" <fmriprep.interfaces.bids.BIDSURI>
250329-09:51:15,427 nipype.workflow INFO:
	 [Node] Finished "sources", elapsed time 0.000885s.
250329-09:51:15,857 nipype.workflow INFO:
	 [Node] Setting-up "fmriprep_24_0_wf.sub_23_wf.bold_task_bird_run_2_wf.bold_fit_wf.ds_hmc_boldref_wf.sources" in "/work_dir/fmriprep_24_0_wf/sub_23_wf/bold_task_bird_run_2_wf/bold_fit_wf/ds_hmc_boldref_wf/sources".
250329-09:51:15,860 nipype.workflow INFO:
	 [Node] Executing "sources" <fmriprep.interfaces.bids.BIDSURI>
250329-09:51:15,882 nipype.workflow INFO:
	 [Node] Finished "sources", elapsed time 0.000418s.
250329-09:51:15,962 nipype.workflow INFO:
	 [Node] Finished "anat_ref_dimensions", elapsed time 0.861748s.
250329-09:51:17,257 nipype.workflow INFO:
	 [Node] Setting-up "fmriprep_24_0_wf.sub_23_wf.bold_task_bird_run_4_wf.bold_fit_wf.ds_hmc_boldref_wf.sources" in "/work_dir/fmriprep_24_0_wf/sub_23_wf/bold_task_bird_run_4_wf/bold_fit_wf/ds_hmc_boldref_wf/sources".
250329-09:51:17,261 nipype.workflow INFO:
	 [Node] Executing "sources" <fmriprep.interfaces.bids.BIDSURI>
250329-09:51:17,308 nipype.workflow INFO:
	 [Node] Finished "sources", elapsed time 0.000435s.
250329-09:51:17,653 nipype.workflow INFO:
	 [Node] Setting-up "fmriprep_24_0_wf.sub_23_wf.bold_task_bird_run_4_wf.bold_native_wf.validate_bold" in "/work_dir/fmriprep_24_0_wf/sub_23_wf/bold_task_bird_run_4_wf/bold_native_wf/validate_bold".
250329-09:51:17,656 nipype.workflow INFO:
	 [Node] Executing "validate_bold" <niworkflows.interfaces.header.ValidateImage>
250329-09:51:18,39 nipype.workflow INFO:
	 [Node] Setting-up "fmriprep_24_0_wf.sub_23_wf.bold_task_bird_run_1_wf.bold_native_wf.validate_bold" in "/work_dir/fmriprep_24_0_wf/sub_23_wf/bold_task_bird_run_1_wf/bold_native_wf/validate_bold".
250329-09:51:18,49 nipype.workflow INFO:
	 [Node] Setting-up "fmriprep_24_0_wf.sub_23_wf.bold_task_bird_run_3_wf.bold_fit_wf.ds_hmc_wf.sources" in "/work_dir/fmriprep_24_0_wf/sub_23_wf/bold_task_bird_run_3_wf/bold_fit_wf/ds_hmc_wf/sources".
250329-09:51:18,57 nipype.workflow INFO:
	 [Node] Executing "sources" <fmriprep.interfaces.bids.BIDSURI>
250329-09:51:18,91 nipype.workflow INFO:
	 [Node] Executing "validate_bold" <niworkflows.interfaces.header.ValidateImage>
250329-09:51:18,144 nipype.workflow INFO:
	 [Node] Finished "sources", elapsed time 0.000375s.
250329-09:51:18,147 nipype.workflow INFO:
	 [Node] Setting-up "fmriprep_24_0_wf.sub_23_wf.bold_task_bird_run_2_wf.bold_native_wf.validate_bold" in "/work_dir/fmriprep_24_0_wf/sub_23_wf/bold_task_bird_run_2_wf/bold_native_wf/validate_bold".
250329-09:51:18,176 nipype.workflow INFO:
	 [Node] Executing "validate_bold" <niworkflows.interfaces.header.ValidateImage>
250329-09:51:18,316 nipype.workflow INFO:
	 [Node] Finished "validate_bold", elapsed time 0.659822s.
250329-09:51:18,491 nipype.workflow INFO:
	 [Node] Finished "validate_bold", elapsed time 0.363593s.
250329-09:51:18,519 nipype.workflow INFO:
	 [Node] Setting-up "fmriprep_24_0_wf.sub_23_wf.bold_task_bird_run_5_wf.bold_native_wf.validate_bold" in "/work_dir/fmriprep_24_0_wf/sub_23_wf/bold_task_bird_run_5_wf/bold_native_wf/validate_bold".
250329-09:51:18,522 nipype.workflow INFO:
	 [Node] Executing "validate_bold" <niworkflows.interfaces.header.ValidateImage>
250329-09:51:18,533 nipype.workflow INFO:
	 [Node] Finished "validate_bold", elapsed time 0.332442s.
250329-09:51:18,562 nipype.workflow INFO:
	 [Node] Setting-up "fmriprep_24_0_wf.sub_23_wf.bold_task_bird_run_3_wf.bold_native_wf.validate_bold" in "/work_dir/fmriprep_24_0_wf/sub_23_wf/bold_task_bird_run_3_wf/bold_native_wf/validate_bold".
250329-09:51:18,636 nipype.workflow INFO:
	 [Node] Executing "validate_bold" <niworkflows.interfaces.header.ValidateImage>
250329-09:51:18,752 nipype.workflow INFO:
	 [Node] Finished "validate_bold", elapsed time 0.086521s.
250329-09:51:19,42 nipype.workflow INFO:
	 [Node] Setting-up "fmriprep_24_0_wf.sub_23_wf.bold_task_bird_run_6_wf.bold_fit_wf.ds_hmc_wf.sources" in "/work_dir/fmriprep_24_0_wf/sub_23_wf/bold_task_bird_run_6_wf/bold_fit_wf/ds_hmc_wf/sources".
250329-09:51:19,46 nipype.workflow INFO:
	 [Node] Executing "sources" <fmriprep.interfaces.bids.BIDSURI>
250329-09:51:19,50 nipype.workflow INFO:
	 [Node] Finished "sources", elapsed time 0.000335s.
250329-09:51:19,143 nipype.workflow INFO:
	 [Node] Finished "validate_bold", elapsed time 0.609589s.
250329-09:51:19,196 nipype.workflow INFO:
	 [Node] Setting-up "fmriprep_24_0_wf.sub_23_wf.bold_task_bird_run_6_wf.bold_native_wf.validate_bold" in "/work_dir/fmriprep_24_0_wf/sub_23_wf/bold_task_bird_run_6_wf/bold_native_wf/validate_bold".
250329-09:51:19,199 nipype.workflow INFO:
	 [Node] Executing "validate_bold" <niworkflows.interfaces.header.ValidateImage>
250329-09:51:19,358 nipype.workflow INFO:
	 [Node] Finished "validate_bold", elapsed time 0.155359s.
250329-09:51:19,422 nipype.workflow INFO:
	 [Node] Finished "get_dummy", elapsed time 13.053073s.
250329-09:51:19,592 nipype.workflow INFO:
	 [Node] Setting-up "fmriprep_24_0_wf.sub_23_wf.bids_info" in "/work_dir/fmriprep_24_0_wf/sub_23_wf/bids_info".
250329-09:51:19,595 nipype.workflow INFO:
	 [Node] Executing "bids_info" <niworkflows.interfaces.bids.BIDSInfo>
250329-09:51:19,613 nipype.workflow INFO:
	 [Node] Finished "bids_info", elapsed time 0.008695s.
250329-09:51:19,639 nipype.workflow INFO:
	 [Node] Setting-up "fmriprep_24_0_wf.sub_23_wf.bold_task_bird_run_6_wf.bold_fit_wf.ds_hmc_boldref_wf.sources" in "/work_dir/fmriprep_24_0_wf/sub_23_wf/bold_task_bird_run_6_wf/bold_fit_wf/ds_hmc_boldref_wf/sources".
250329-09:51:19,653 nipype.workflow INFO:
	 [Node] Executing "sources" <fmriprep.interfaces.bids.BIDSURI>
250329-09:51:19,669 nipype.workflow INFO:
	 [Node] Finished "sources", elapsed time 0.000564s.
250329-09:51:19,867 nipype.workflow INFO:
	 [Node] Setting-up "fmriprep_24_0_wf.sub_23_wf.bold_task_bird_run_5_wf.bold_fit_wf.ds_hmc_boldref_wf.sources" in "/work_dir/fmriprep_24_0_wf/sub_23_wf/bold_task_bird_run_5_wf/bold_fit_wf/ds_hmc_boldref_wf/sources".
250329-09:51:19,875 nipype.workflow INFO:
	 [Node] Executing "sources" <fmriprep.interfaces.bids.BIDSURI>
250329-09:51:19,894 nipype.workflow INFO:
	 [Node] Finished "sources", elapsed time 0.000465s.
250329-09:51:20,50 nipype.workflow INFO:
	 [Node] Setting-up "fmriprep_24_0_wf.sub_23_wf.anat_fit_wf.ds_t1w_mask_wf.raw_sources" in "/work_dir/fmriprep_24_0_wf/sub_23_wf/anat_fit_wf/ds_t1w_mask_wf/raw_sources".
250329-09:51:20,51 nipype.workflow INFO:
	 [Node] Setting-up "fmriprep_24_0_wf.sub_23_wf.anat_fit_wf.ds_ribbon_mask_wf.raw_sources" in "/work_dir/fmriprep_24_0_wf/sub_23_wf/anat_fit_wf/ds_ribbon_mask_wf/raw_sources".
250329-09:51:20,54 nipype.workflow INFO:
	 [Node] Executing "raw_sources" <nipype.interfaces.utility.wrappers.Function>
250329-09:51:20,56 nipype.workflow INFO:
	 [Node] Finished "raw_sources", elapsed time 0.000656s.
250329-09:51:20,59 nipype.workflow INFO:
	 [Node] Executing "raw_sources" <nipype.interfaces.utility.wrappers.Function>
250329-09:51:20,66 nipype.workflow INFO:
	 [Node] Finished "raw_sources", elapsed time 0.000571s.
250329-09:51:20,103 nipype.workflow INFO:
	 [Node] Setting-up "_denoise0" in "/work_dir/fmriprep_24_0_wf/sub_23_wf/anat_fit_wf/anat_template_wf/denoise/mapflow/_denoise0".
250329-09:51:20,105 nipype.workflow INFO:
	 [Node] Executing "_denoise0" <nipype.interfaces.ants.segmentation.DenoiseImage>
250329-09:51:20,798 nipype.workflow INFO:
	 [Node] Setting-up "fmriprep_24_0_wf.sub_23_wf.bold_task_bird_run_3_wf.bold_fit_wf.ds_hmc_boldref_wf.sources" in "/work_dir/fmriprep_24_0_wf/sub_23_wf/bold_task_bird_run_3_wf/bold_fit_wf/ds_hmc_boldref_wf/sources".
250329-09:51:20,801 nipype.workflow INFO:
	 [Node] Executing "sources" <fmriprep.interfaces.bids.BIDSURI>
250329-09:51:20,803 nipype.workflow INFO:
	 [Node] Finished "sources", elapsed time 0.000326s.
250329-09:51:21,131 nipype.workflow INFO:
	 [Node] Finished "get_dummy", elapsed time 8.873604s.
250329-09:51:21,211 nipype.workflow INFO:
	 [Node] Setting-up "fmriprep_24_0_wf.sub_23_wf.bold_task_bird_run_6_wf.ds_bold_native_wf.sources" in "/work_dir/fmriprep_24_0_wf/sub_23_wf/bold_task_bird_run_6_wf/ds_bold_native_wf/sources".
250329-09:51:21,214 nipype.workflow INFO:
	 [Node] Executing "sources" <fmriprep.interfaces.bids.BIDSURI>
250329-09:51:21,223 nipype.workflow INFO:
	 [Node] Finished "sources", elapsed time 0.000427s.
250329-09:51:21,545 nipype.workflow INFO:
	 [Node] Setting-up "fmriprep_24_0_wf.sub_23_wf.bold_task_bird_run_1_wf.bold_fit_wf.hmc_boldref_wf.gen_avg" in "/work_dir/fmriprep_24_0_wf/sub_23_wf/bold_task_bird_run_1_wf/bold_fit_wf/hmc_boldref_wf/gen_avg".
250329-09:51:21,575 nipype.workflow INFO:
	 [Node] Executing "gen_avg" <niworkflows.interfaces.images.RobustAverage>
250329-09:51:22,875 nipype.workflow INFO:
	 [Node] Setting-up "fmriprep_24_0_wf.sub_23_wf.anat_fit_wf.fs_isrunning" in "/work_dir/fmriprep_24_0_wf/sub_23_wf/anat_fit_wf/fs_isrunning".
250329-09:51:22,880 nipype.workflow INFO:
	 [Node] Executing "fs_isrunning" <nipype.interfaces.utility.wrappers.Function>
250329-09:51:22,882 nipype.workflow INFO:
	 [Node] Finished "fs_isrunning", elapsed time 0.000976s.
250329-09:51:23,550 nipype.workflow INFO:
	 [Node] Finished "get_dummy", elapsed time 10.129892s.
250329-09:51:23,730 nipype.workflow INFO:
	 [Node] Finished "get_dummy", elapsed time 13.895982s.
250329-09:51:23,774 nipype.workflow INFO:
	 [Node] Finished "get_dummy", elapsed time 14.468542s.
250329-09:51:23,977 nipype.workflow INFO:
	 [Node] Setting-up "fmriprep_24_0_wf.sub_23_wf.bold_task_bird_run_4_wf.bold_fit_wf.hmc_boldref_wf.gen_avg" in "/work_dir/fmriprep_24_0_wf/sub_23_wf/bold_task_bird_run_4_wf/bold_fit_wf/hmc_boldref_wf/gen_avg".
250329-09:51:24,2 nipype.workflow INFO:
	 [Node] Executing "gen_avg" <niworkflows.interfaces.images.RobustAverage>
250329-09:51:24,380 nipype.workflow INFO:
	 [Node] Finished "get_dummy", elapsed time 11.569927s.
250329-09:51:25,630 nipype.workflow INFO:
	 [Node] Setting-up "fmriprep_24_0_wf.sub_23_wf.bold_task_bird_run_2_wf.bold_fit_wf.hmc_boldref_wf.gen_avg" in "/work_dir/fmriprep_24_0_wf/sub_23_wf/bold_task_bird_run_2_wf/bold_fit_wf/hmc_boldref_wf/gen_avg".
250329-09:51:25,638 nipype.workflow INFO:
	 [Node] Executing "gen_avg" <niworkflows.interfaces.images.RobustAverage>
250329-09:51:26,36 nipype.workflow INFO:
	 [Node] Setting-up "fmriprep_24_0_wf.sub_23_wf.bold_task_bird_run_3_wf.bold_fit_wf.hmc_boldref_wf.gen_avg" in "/work_dir/fmriprep_24_0_wf/sub_23_wf/bold_task_bird_run_3_wf/bold_fit_wf/hmc_boldref_wf/gen_avg".
250329-09:51:26,51 nipype.workflow INFO:
	 [Node] Executing "gen_avg" <niworkflows.interfaces.images.RobustAverage>
250329-09:51:26,428 nipype.workflow INFO:
	 [Node] Setting-up "fmriprep_24_0_wf.sub_23_wf.bold_task_bird_run_5_wf.bold_fit_wf.hmc_boldref_wf.gen_avg" in "/work_dir/fmriprep_24_0_wf/sub_23_wf/bold_task_bird_run_5_wf/bold_fit_wf/hmc_boldref_wf/gen_avg".
250329-09:51:26,436 nipype.workflow INFO:
	 [Node] Executing "gen_avg" <niworkflows.interfaces.images.RobustAverage>
250329-09:51:27,148 nipype.workflow INFO:
	 [Node] Setting-up "fmriprep_24_0_wf.sub_23_wf.bold_task_bird_run_6_wf.bold_fit_wf.hmc_boldref_wf.gen_avg" in "/work_dir/fmriprep_24_0_wf/sub_23_wf/bold_task_bird_run_6_wf/bold_fit_wf/hmc_boldref_wf/gen_avg".
250329-09:51:27,203 nipype.workflow INFO:
	 [Node] Executing "gen_avg" <niworkflows.interfaces.images.RobustAverage>
250329-09:51:27,934 nipype.workflow INFO:
	 [Node] Setting-up "fmriprep_24_0_wf.sub_23_wf.bold_task_bird_run_1_wf.bold_native_wf.bold_stc_wf.slice_timing_correction" in "/work_dir/fmriprep_24_0_wf/sub_23_wf/bold_task_bird_run_1_wf/bold_native_wf/bold_stc_wf/slice_timing_correction".
250329-09:51:27,954 nipype.workflow INFO:
	 [Node] Executing "slice_timing_correction" <fmriprep.workflows.bold.stc.TShift>
250329-09:51:31,295 nipype.interface INFO:
	 stderr 2025-03-29T09:51:31.295572:++ 3dvolreg: AFNI version=AFNI_24.1.14 (May 26 2024) [64-bit]
250329-09:51:31,296 nipype.interface INFO:
	 stderr 2025-03-29T09:51:31.295572:++ Authored by: RW Cox
250329-09:51:31,306 nipype.interface INFO:
	 stderr 2025-03-29T09:51:31.306252:** AFNI converts NIFTI_datatype=512 (UINT16) in file /work_dir/fmriprep_24_0_wf/sub_23_wf/bold_task_bird_run_4_wf/bold_fit_wf/hmc_boldref_wf/gen_avg/sub-23_task-bird_run-4_bold_sliced.nii.gz to FLOAT32
250329-09:51:31,306 nipype.interface INFO:
	 stderr 2025-03-29T09:51:31.306685:     Warnings of this type will be muted for this session.
250329-09:51:31,306 nipype.interface INFO:
	 stderr 2025-03-29T09:51:31.306685:     Set AFNI_NIFTI_TYPE_WARN to YES to see them all, NO to see none.
250329-09:51:31,318 nipype.interface INFO:
	 stderr 2025-03-29T09:51:31.318695:[7m*+ WARNING:[0m   If you are performing spatial transformations on an oblique dset,
250329-09:51:31,318 nipype.interface INFO:
	 stderr 2025-03-29T09:51:31.318695:  such as /work_dir/fmriprep_24_0_wf/sub_23_wf/bold_task_bird_run_4_wf/bold_fit_wf/hmc_boldref_wf/gen_avg/sub-23_task-bird_run-4_bold_sliced.nii.gz,
250329-09:51:31,318 nipype.interface INFO:
	 stderr 2025-03-29T09:51:31.318695:  or viewing/combining it with volumes of differing obliquity,
250329-09:51:31,319 nipype.interface INFO:
	 stderr 2025-03-29T09:51:31.318695:  you should consider running: 
250329-09:51:31,319 nipype.interface INFO:
	 stderr 2025-03-29T09:51:31.318695:     3dWarp -deoblique 
250329-09:51:31,319 nipype.interface INFO:
	 stderr 2025-03-29T09:51:31.318695:  on this and  other oblique datasets in the same session.
250329-09:51:31,319 nipype.interface INFO:
	 stderr 2025-03-29T09:51:31.318695: See 3dWarp -help for details.
250329-09:51:31,319 nipype.interface INFO:
	 stderr 2025-03-29T09:51:31.318695:++ Oblique dataset:/work_dir/fmriprep_24_0_wf/sub_23_wf/bold_task_bird_run_4_wf/bold_fit_wf/hmc_boldref_wf/gen_avg/sub-23_task-bird_run-4_bold_sliced.nii.gz is 6.110194 degrees from plumb.
250329-09:51:31,319 nipype.interface INFO:
	 stderr 2025-03-29T09:51:31.319317:++ Coarse del was 10, replaced with 6
250329-09:51:32,191 nipype.interface INFO:
	 stderr 2025-03-29T09:51:32.191646:++ 3dvolreg: AFNI version=AFNI_24.1.14 (May 26 2024) [64-bit]
250329-09:51:32,191 nipype.interface INFO:
	 stderr 2025-03-29T09:51:32.191646:++ Authored by: RW Cox
250329-09:51:32,195 nipype.interface INFO:
	 stderr 2025-03-29T09:51:32.194968:** AFNI converts NIFTI_datatype=512 (UINT16) in file /work_dir/fmriprep_24_0_wf/sub_23_wf/bold_task_bird_run_2_wf/bold_fit_wf/hmc_boldref_wf/gen_avg/sub-23_task-bird_run-2_bold_sliced.nii.gz to FLOAT32
250329-09:51:32,195 nipype.interface INFO:
	 stderr 2025-03-29T09:51:32.195411:     Warnings of this type will be muted for this session.
250329-09:51:32,195 nipype.interface INFO:
	 stderr 2025-03-29T09:51:32.195411:     Set AFNI_NIFTI_TYPE_WARN to YES to see them all, NO to see none.
250329-09:51:32,197 nipype.interface INFO:
	 stderr 2025-03-29T09:51:32.197406:[7m*+ WARNING:[0m   If you are performing spatial transformations on an oblique dset,
250329-09:51:32,197 nipype.interface INFO:
	 stderr 2025-03-29T09:51:32.197406:  such as /work_dir/fmriprep_24_0_wf/sub_23_wf/bold_task_bird_run_2_wf/bold_fit_wf/hmc_boldref_wf/gen_avg/sub-23_task-bird_run-2_bold_sliced.nii.gz,
250329-09:51:32,197 nipype.interface INFO:
	 stderr 2025-03-29T09:51:32.197406:  or viewing/combining it with volumes of differing obliquity,
250329-09:51:32,197 nipype.interface INFO:
	 stderr 2025-03-29T09:51:32.197406:  you should consider running: 
250329-09:51:32,197 nipype.interface INFO:
	 stderr 2025-03-29T09:51:32.197406:     3dWarp -deoblique 
250329-09:51:32,197 nipype.interface INFO:
	 stderr 2025-03-29T09:51:32.197406:  on this and  other oblique datasets in the same session.
250329-09:51:32,197 nipype.interface INFO:
	 stderr 2025-03-29T09:51:32.197406: See 3dWarp -help for details.
250329-09:51:32,197 nipype.interface INFO:
	 stderr 2025-03-29T09:51:32.197873:++ Oblique dataset:/work_dir/fmriprep_24_0_wf/sub_23_wf/bold_task_bird_run_2_wf/bold_fit_wf/hmc_boldref_wf/gen_avg/sub-23_task-bird_run-2_bold_sliced.nii.gz is 6.110194 degrees from plumb.
250329-09:51:32,197 nipype.interface INFO:
	 stderr 2025-03-29T09:51:32.197873:++ Coarse del was 10, replaced with 6
250329-09:51:32,812 nipype.workflow INFO:
	 [Node] Setting-up "fmriprep_24_0_wf.sub_23_wf.bold_task_bird_run_4_wf.bold_native_wf.bold_stc_wf.slice_timing_correction" in "/work_dir/fmriprep_24_0_wf/sub_23_wf/bold_task_bird_run_4_wf/bold_native_wf/bold_stc_wf/slice_timing_correction".
250329-09:51:32,840 nipype.workflow INFO:
	 [Node] Executing "slice_timing_correction" <fmriprep.workflows.bold.stc.TShift>
250329-09:51:32,872 nipype.workflow INFO:
	 [Node] Setting-up "fmriprep_24_0_wf.sub_23_wf.bold_task_bird_run_5_wf.bold_native_wf.bold_stc_wf.slice_timing_correction" in "/work_dir/fmriprep_24_0_wf/sub_23_wf/bold_task_bird_run_5_wf/bold_native_wf/bold_stc_wf/slice_timing_correction".
250329-09:51:32,891 nipype.workflow INFO:
	 [Node] Executing "slice_timing_correction" <fmriprep.workflows.bold.stc.TShift>
250329-09:51:33,599 nipype.workflow INFO:
	 [Node] Setting-up "fmriprep_24_0_wf.sub_23_wf.bold_task_bird_run_2_wf.bold_native_wf.bold_stc_wf.slice_timing_correction" in "/work_dir/fmriprep_24_0_wf/sub_23_wf/bold_task_bird_run_2_wf/bold_native_wf/bold_stc_wf/slice_timing_correction".
250329-09:51:33,604 nipype.interface INFO:
	 stderr 2025-03-29T09:51:33.604131:++ 3dvolreg: AFNI version=AFNI_24.1.14 (May 26 2024) [64-bit]
250329-09:51:33,604 nipype.interface INFO:
	 stderr 2025-03-29T09:51:33.604131:++ Authored by: RW Cox
250329-09:51:33,607 nipype.interface INFO:
	 stderr 2025-03-29T09:51:33.607063:** AFNI converts NIFTI_datatype=512 (UINT16) in file /work_dir/fmriprep_24_0_wf/sub_23_wf/bold_task_bird_run_3_wf/bold_fit_wf/hmc_boldref_wf/gen_avg/sub-23_task-bird_run-3_bold_sliced.nii.gz to FLOAT32
250329-09:51:33,607 nipype.interface INFO:
	 stderr 2025-03-29T09:51:33.607403:     Warnings of this type will be muted for this session.
250329-09:51:33,607 nipype.interface INFO:
	 stderr 2025-03-29T09:51:33.607403:     Set AFNI_NIFTI_TYPE_WARN to YES to see them all, NO to see none.
250329-09:51:33,609 nipype.interface INFO:
	 stderr 2025-03-29T09:51:33.609301:[7m*+ WARNING:[0m   If you are performing spatial transformations on an oblique dset,
250329-09:51:33,609 nipype.interface INFO:
	 stderr 2025-03-29T09:51:33.609301:  such as /work_dir/fmriprep_24_0_wf/sub_23_wf/bold_task_bird_run_3_wf/bold_fit_wf/hmc_boldref_wf/gen_avg/sub-23_task-bird_run-3_bold_sliced.nii.gz,
250329-09:51:33,609 nipype.interface INFO:
	 stderr 2025-03-29T09:51:33.609301:  or viewing/combining it with volumes of differing obliquity,
250329-09:51:33,609 nipype.interface INFO:
	 stderr 2025-03-29T09:51:33.609301:  you should consider running: 
250329-09:51:33,609 nipype.interface INFO:
	 stderr 2025-03-29T09:51:33.609301:     3dWarp -deoblique 
250329-09:51:33,609 nipype.interface INFO:
	 stderr 2025-03-29T09:51:33.609301:  on this and  other oblique datasets in the same session.
250329-09:51:33,609 nipype.interface INFO:
	 stderr 2025-03-29T09:51:33.609301: See 3dWarp -help for details.
250329-09:51:33,609 nipype.interface INFO:
	 stderr 2025-03-29T09:51:33.609301:++ Oblique dataset:/work_dir/fmriprep_24_0_wf/sub_23_wf/bold_task_bird_run_3_wf/bold_fit_wf/hmc_boldref_wf/gen_avg/sub-23_task-bird_run-3_bold_sliced.nii.gz is 6.110194 degrees from plumb.
250329-09:51:33,609 nipype.interface INFO:
	 stderr 2025-03-29T09:51:33.609857:++ Coarse del was 10, replaced with 6
250329-09:51:33,613 nipype.workflow INFO:
	 [Node] Executing "slice_timing_correction" <fmriprep.workflows.bold.stc.TShift>
250329-09:51:35,107 nipype.interface INFO:
	 stderr 2025-03-29T09:51:35.107011:++ 3dvolreg: AFNI version=AFNI_24.1.14 (May 26 2024) [64-bit]
250329-09:51:35,107 nipype.interface INFO:
	 stderr 2025-03-29T09:51:35.107011:++ Authored by: RW Cox
250329-09:51:35,110 nipype.interface INFO:
	 stderr 2025-03-29T09:51:35.110201:** AFNI converts NIFTI_datatype=512 (UINT16) in file /work_dir/fmriprep_24_0_wf/sub_23_wf/bold_task_bird_run_5_wf/bold_fit_wf/hmc_boldref_wf/gen_avg/sub-23_task-bird_run-5_bold_sliced.nii.gz to FLOAT32
250329-09:51:35,110 nipype.interface INFO:
	 stderr 2025-03-29T09:51:35.110721:     Warnings of this type will be muted for this session.
250329-09:51:35,110 nipype.interface INFO:
	 stderr 2025-03-29T09:51:35.110721:     Set AFNI_NIFTI_TYPE_WARN to YES to see them all, NO to see none.
250329-09:51:35,112 nipype.interface INFO:
	 stderr 2025-03-29T09:51:35.112717:[7m*+ WARNING:[0m   If you are performing spatial transformations on an oblique dset,
250329-09:51:35,112 nipype.interface INFO:
	 stderr 2025-03-29T09:51:35.112717:  such as /work_dir/fmriprep_24_0_wf/sub_23_wf/bold_task_bird_run_5_wf/bold_fit_wf/hmc_boldref_wf/gen_avg/sub-23_task-bird_run-5_bold_sliced.nii.gz,
250329-09:51:35,112 nipype.interface INFO:
	 stderr 2025-03-29T09:51:35.112717:  or viewing/combining it with volumes of differing obliquity,
250329-09:51:35,112 nipype.interface INFO:
	 stderr 2025-03-29T09:51:35.112717:  you should consider running: 
250329-09:51:35,113 nipype.interface INFO:
	 stderr 2025-03-29T09:51:35.112717:     3dWarp -deoblique 
250329-09:51:35,113 nipype.interface INFO:
	 stderr 2025-03-29T09:51:35.112717:  on this and  other oblique datasets in the same session.
250329-09:51:35,113 nipype.interface INFO:
	 stderr 2025-03-29T09:51:35.112717: See 3dWarp -help for details.
250329-09:51:35,113 nipype.interface INFO:
	 stderr 2025-03-29T09:51:35.112717:++ Oblique dataset:/work_dir/fmriprep_24_0_wf/sub_23_wf/bold_task_bird_run_5_wf/bold_fit_wf/hmc_boldref_wf/gen_avg/sub-23_task-bird_run-5_bold_sliced.nii.gz is 6.110194 degrees from plumb.
250329-09:51:35,113 nipype.interface INFO:
	 stderr 2025-03-29T09:51:35.112717:++ Coarse del was 10, replaced with 6
250329-09:51:37,791 nipype.workflow INFO:
	 [Node] Finished "lap_tmpl", elapsed time 31.646003s.
250329-09:51:39,661 nipype.interface INFO:
	 stderr 2025-03-29T09:51:39.661121:++ 3dvolreg: AFNI version=AFNI_24.1.14 (May 26 2024) [64-bit]
250329-09:51:39,661 nipype.interface INFO:
	 stderr 2025-03-29T09:51:39.661449:++ Authored by: RW Cox
250329-09:51:39,664 nipype.interface INFO:
	 stderr 2025-03-29T09:51:39.664717:** AFNI converts NIFTI_datatype=512 (UINT16) in file /work_dir/fmriprep_24_0_wf/sub_23_wf/bold_task_bird_run_1_wf/bold_fit_wf/hmc_boldref_wf/gen_avg/sub-23_task-bird_run-1_bold_sliced.nii.gz to FLOAT32
250329-09:51:39,665 nipype.interface INFO:
	 stderr 2025-03-29T09:51:39.665440:     Warnings of this type will be muted for this session.
250329-09:51:39,665 nipype.interface INFO:
	 stderr 2025-03-29T09:51:39.665440:     Set AFNI_NIFTI_TYPE_WARN to YES to see them all, NO to see none.
250329-09:51:39,671 nipype.interface INFO:
	 stderr 2025-03-29T09:51:39.671716:[7m*+ WARNING:[0m   If you are performing spatial transformations on an oblique dset,
250329-09:51:39,671 nipype.interface INFO:
	 stderr 2025-03-29T09:51:39.671716:  such as /work_dir/fmriprep_24_0_wf/sub_23_wf/bold_task_bird_run_1_wf/bold_fit_wf/hmc_boldref_wf/gen_avg/sub-23_task-bird_run-1_bold_sliced.nii.gz,
250329-09:51:39,671 nipype.interface INFO:
	 stderr 2025-03-29T09:51:39.671716:  or viewing/combining it with volumes of differing obliquity,
250329-09:51:39,672 nipype.interface INFO:
	 stderr 2025-03-29T09:51:39.671716:  you should consider running: 
250329-09:51:39,672 nipype.interface INFO:
	 stderr 2025-03-29T09:51:39.671716:     3dWarp -deoblique 
250329-09:51:39,672 nipype.interface INFO:
	 stderr 2025-03-29T09:51:39.671716:  on this and  other oblique datasets in the same session.
250329-09:51:39,672 nipype.interface INFO:
	 stderr 2025-03-29T09:51:39.671716: See 3dWarp -help for details.
250329-09:51:39,672 nipype.interface INFO:
	 stderr 2025-03-29T09:51:39.672322:++ Oblique dataset:/work_dir/fmriprep_24_0_wf/sub_23_wf/bold_task_bird_run_1_wf/bold_fit_wf/hmc_boldref_wf/gen_avg/sub-23_task-bird_run-1_bold_sliced.nii.gz is 6.110194 degrees from plumb.
250329-09:51:39,672 nipype.interface INFO:
	 stderr 2025-03-29T09:51:39.672482:++ Coarse del was 10, replaced with 6
250329-09:51:39,698 nipype.workflow INFO:
	 [Node] Setting-up "fmriprep_24_0_wf.sub_23_wf.anat_fit_wf.brain_extraction_wf.mrg_tmpl" in "/work_dir/fmriprep_24_0_wf/sub_23_wf/anat_fit_wf/brain_extraction_wf/mrg_tmpl".
250329-09:51:39,781 nipype.workflow INFO:
	 [Node] Executing "mrg_tmpl" <nipype.interfaces.utility.base.Merge>
250329-09:51:39,782 nipype.workflow INFO:
	 [Node] Finished "mrg_tmpl", elapsed time 0.000259s.
250329-09:51:53,719 nipype.interface INFO:
	 stderr 2025-03-29T09:51:53.719208:++ 3dvolreg: AFNI version=AFNI_24.1.14 (May 26 2024) [64-bit]
250329-09:51:53,719 nipype.interface INFO:
	 stderr 2025-03-29T09:51:53.719208:++ Authored by: RW Cox
250329-09:51:53,725 nipype.interface INFO:
	 stderr 2025-03-29T09:51:53.725931:** AFNI converts NIFTI_datatype=512 (UINT16) in file /work_dir/fmriprep_24_0_wf/sub_23_wf/bold_task_bird_run_6_wf/bold_fit_wf/hmc_boldref_wf/gen_avg/sub-23_task-bird_run-6_bold_sliced.nii.gz to FLOAT32
250329-09:51:53,726 nipype.interface INFO:
	 stderr 2025-03-29T09:51:53.726325:     Warnings of this type will be muted for this session.
250329-09:51:53,726 nipype.interface INFO:
	 stderr 2025-03-29T09:51:53.726325:     Set AFNI_NIFTI_TYPE_WARN to YES to see them all, NO to see none.
250329-09:51:53,728 nipype.interface INFO:
	 stderr 2025-03-29T09:51:53.728303:[7m*+ WARNING:[0m   If you are performing spatial transformations on an oblique dset,
250329-09:51:53,728 nipype.interface INFO:
	 stderr 2025-03-29T09:51:53.728303:  such as /work_dir/fmriprep_24_0_wf/sub_23_wf/bold_task_bird_run_6_wf/bold_fit_wf/hmc_boldref_wf/gen_avg/sub-23_task-bird_run-6_bold_sliced.nii.gz,
250329-09:51:53,728 nipype.interface INFO:
	 stderr 2025-03-29T09:51:53.728303:  or viewing/combining it with volumes of differing obliquity,
250329-09:51:53,728 nipype.interface INFO:
	 stderr 2025-03-29T09:51:53.728303:  you should consider running: 
250329-09:51:53,728 nipype.interface INFO:
	 stderr 2025-03-29T09:51:53.728303:     3dWarp -deoblique 
250329-09:51:53,728 nipype.interface INFO:
	 stderr 2025-03-29T09:51:53.728303:  on this and  other oblique datasets in the same session.
250329-09:51:53,728 nipype.interface INFO:
	 stderr 2025-03-29T09:51:53.728303: See 3dWarp -help for details.
250329-09:51:53,728 nipype.interface INFO:
	 stderr 2025-03-29T09:51:53.728303:++ Oblique dataset:/work_dir/fmriprep_24_0_wf/sub_23_wf/bold_task_bird_run_6_wf/bold_fit_wf/hmc_boldref_wf/gen_avg/sub-23_task-bird_run-6_bold_sliced.nii.gz is 6.110194 degrees from plumb.
250329-09:51:53,728 nipype.interface INFO:
	 stderr 2025-03-29T09:51:53.728871:++ Coarse del was 10, replaced with 6
250329-09:51:53,988 nipype.workflow INFO:
	 [Node] Setting-up "fmriprep_24_0_wf.sub_23_wf.bold_task_bird_run_6_wf.bold_native_wf.bold_stc_wf.slice_timing_correction" in "/work_dir/fmriprep_24_0_wf/sub_23_wf/bold_task_bird_run_6_wf/bold_native_wf/bold_stc_wf/slice_timing_correction".
250329-09:51:54,63 nipype.workflow INFO:
	 [Node] Executing "slice_timing_correction" <fmriprep.workflows.bold.stc.TShift>
250329-09:51:56,363 nipype.workflow INFO:
	 [Node] Setting-up "fmriprep_24_0_wf.sub_23_wf.bold_task_bird_run_3_wf.bold_native_wf.bold_stc_wf.slice_timing_correction" in "/work_dir/fmriprep_24_0_wf/sub_23_wf/bold_task_bird_run_3_wf/bold_native_wf/bold_stc_wf/slice_timing_correction".
250329-09:51:56,450 nipype.workflow INFO:
	 [Node] Executing "slice_timing_correction" <fmriprep.workflows.bold.stc.TShift>
250329-09:52:55,344 nipype.workflow INFO:
	 [Node] Finished "slice_timing_correction", elapsed time 82.452102s.
250329-09:52:55,606 nipype.workflow INFO:
	 [Node] Setting-up "fmriprep_24_0_wf.sub_23_wf.bold_task_bird_run_5_wf.bold_native_wf.bold_stc_wf.copy_xform" in "/work_dir/fmriprep_24_0_wf/sub_23_wf/bold_task_bird_run_5_wf/bold_native_wf/bold_stc_wf/copy_xform".
250329-09:52:55,607 nipype.workflow INFO:
	 [Node] Finished "slice_timing_correction", elapsed time 81.9933s.
250329-09:52:57,473 nipype.workflow INFO:
	 [Node] Finished "slice_timing_correction", elapsed time 84.631627s.
250329-09:52:57,858 nipype.workflow INFO:
	 [Node] Finished "slice_timing_correction", elapsed time 89.903486s.
250329-09:52:57,911 nipype.workflow INFO:
	 [Node] Setting-up "fmriprep_24_0_wf.sub_23_wf.bold_task_bird_run_2_wf.bold_native_wf.bold_stc_wf.copy_xform" in "/work_dir/fmriprep_24_0_wf/sub_23_wf/bold_task_bird_run_2_wf/bold_native_wf/bold_stc_wf/copy_xform".
250329-09:52:58,605 nipype.workflow INFO:
	 [Node] Executing "copy_xform" <niworkflows.interfaces.header.CopyXForm>
250329-09:52:59,601 nipype.workflow INFO:
	 [Node] Setting-up "fmriprep_24_0_wf.sub_23_wf.bold_task_bird_run_4_wf.bold_native_wf.bold_stc_wf.copy_xform" in "/work_dir/fmriprep_24_0_wf/sub_23_wf/bold_task_bird_run_4_wf/bold_native_wf/bold_stc_wf/copy_xform".
250329-09:52:59,860 nipype.workflow INFO:
	 [Node] Setting-up "fmriprep_24_0_wf.sub_23_wf.bold_task_bird_run_1_wf.bold_native_wf.bold_stc_wf.copy_xform" in "/work_dir/fmriprep_24_0_wf/sub_23_wf/bold_task_bird_run_1_wf/bold_native_wf/bold_stc_wf/copy_xform".
250329-09:53:02,255 nipype.workflow INFO:
	 [Node] Executing "copy_xform" <niworkflows.interfaces.header.CopyXForm>
250329-09:53:19,897 nipype.workflow INFO:
	 [Node] Executing "copy_xform" <niworkflows.interfaces.header.CopyXForm>
250329-09:53:22,167 nipype.workflow INFO:
	 [Node] Executing "copy_xform" <niworkflows.interfaces.header.CopyXForm>
250329-09:53:33,114 nipype.interface INFO:
	 stderr 2025-03-29T09:53:33.114774:++ Max displacement in automask = 0.24 (mm) at sub-brick 19
250329-09:53:33,115 nipype.interface INFO:
	 stderr 2025-03-29T09:53:33.115096:++ Max delta displ  in automask = 0.07 (mm) at sub-brick 15
250329-09:53:38,650 nipype.workflow INFO:
	 [Node] Finished "gen_avg", elapsed time 134.646719s.
250329-09:53:39,582 nipype.workflow INFO:
	 [Node] Setting-up "fmriprep_24_0_wf.sub_23_wf.bold_task_bird_run_4_wf.bold_fit_wf.fmapref_buffer" in "/work_dir/fmriprep_24_0_wf/sub_23_wf/bold_task_bird_run_4_wf/bold_fit_wf/fmapref_buffer".
250329-09:53:39,675 nipype.interface WARNING:
	 Changing /output/sub-23/func/sub-23_task-bird_run-4_desc-hmc_boldref.nii.gz dtype from uint16 to float32
250329-09:53:39,817 nipype.workflow INFO:
	 [Node] Executing "fmapref_buffer" <nipype.interfaces.utility.wrappers.Function>
250329-09:53:39,845 nipype.workflow INFO:
	 [Node] Finished "fmapref_buffer", elapsed time 0.001397s.
250329-09:53:40,267 nipype.workflow INFO:
	 [Node] Setting-up "fmriprep_24_0_wf.sub_23_wf.bold_task_bird_run_4_wf.bold_fit_wf.bold_hmc_wf.mcflirt" in "/work_dir/fmriprep_24_0_wf/sub_23_wf/bold_task_bird_run_4_wf/bold_fit_wf/bold_hmc_wf/mcflirt".
250329-09:53:40,272 nipype.workflow INFO:
	 [Node] Executing "mcflirt" <nipype.interfaces.fsl.preprocess.MCFLIRT>
250329-09:53:40,558 nipype.interface INFO:
	 stderr 2025-03-29T09:53:40.558580:++ Max displacement in automask = 0.11 (mm) at sub-brick 19
250329-09:53:40,558 nipype.interface INFO:
	 stderr 2025-03-29T09:53:40.558905:++ Max delta displ  in automask = 0.09 (mm) at sub-brick 19
250329-09:53:41,768 nipype.workflow INFO:
	 [Node] Setting-up "fmriprep_24_0_wf.sub_23_wf.bold_task_bird_run_4_wf.bold_fit_wf.enhance_and_skullstrip_bold_wf.init_aff" in "/work_dir/fmriprep_24_0_wf/sub_23_wf/bold_task_bird_run_4_wf/bold_fit_wf/enhance_and_skullstrip_bold_wf/init_aff".
250329-09:53:41,782 nipype.workflow INFO:
	 [Node] Executing "init_aff" <nipype.interfaces.ants.utils.AI>
250329-09:53:46,494 nipype.workflow INFO:
	 [Node] Finished "gen_avg", elapsed time 140.057051s.
250329-09:53:46,847 nipype.workflow INFO:
	 [Node] Finished "copy_xform", elapsed time 48.240705s.
250329-09:53:47,604 nipype.workflow INFO:
	 [Node] Finished "copy_xform", elapsed time 45.347727s.
250329-09:53:47,656 nipype.workflow INFO:
	 [Node] Setting-up "fmriprep_24_0_wf.sub_23_wf.bold_task_bird_run_5_wf.bold_fit_wf.fmapref_buffer" in "/work_dir/fmriprep_24_0_wf/sub_23_wf/bold_task_bird_run_5_wf/bold_fit_wf/fmapref_buffer".
250329-09:53:47,851 nipype.interface WARNING:
	 Changing /output/sub-23/func/sub-23_task-bird_run-5_desc-hmc_boldref.nii.gz dtype from uint16 to float32
250329-09:53:48,104 nipype.workflow INFO:
	 [Node] Executing "fmapref_buffer" <nipype.interfaces.utility.wrappers.Function>
250329-09:53:48,117 nipype.workflow INFO:
	 [Node] Finished "fmapref_buffer", elapsed time 0.001669s.
250329-09:53:49,62 nipype.workflow INFO:
	 [Node] Setting-up "fmriprep_24_0_wf.sub_23_wf.bold_task_bird_run_5_wf.bold_fit_wf.bold_hmc_wf.mcflirt" in "/work_dir/fmriprep_24_0_wf/sub_23_wf/bold_task_bird_run_5_wf/bold_fit_wf/bold_hmc_wf/mcflirt".
250329-09:53:49,128 nipype.workflow INFO:
	 [Node] Executing "mcflirt" <nipype.interfaces.fsl.preprocess.MCFLIRT>
250329-09:53:49,638 nipype.workflow INFO:
	 [Node] Setting-up "fmriprep_24_0_wf.sub_23_wf.bold_task_bird_run_5_wf.bold_fit_wf.ds_coreg_boldref_wf.sources" in "/work_dir/fmriprep_24_0_wf/sub_23_wf/bold_task_bird_run_5_wf/bold_fit_wf/ds_coreg_boldref_wf/sources".
250329-09:53:49,644 nipype.workflow INFO:
	 [Node] Executing "sources" <fmriprep.interfaces.bids.BIDSURI>
250329-09:53:49,646 nipype.workflow INFO:
	 [Node] Finished "sources", elapsed time 0.000516s.
250329-09:54:01,231 nipype.workflow INFO:
	 [Node] Setting-up "fmriprep_24_0_wf.sub_23_wf.bold_task_bird_run_4_wf.bold_fit_wf.ds_coreg_boldref_wf.sources" in "/work_dir/fmriprep_24_0_wf/sub_23_wf/bold_task_bird_run_4_wf/bold_fit_wf/ds_coreg_boldref_wf/sources".
250329-09:54:01,235 nipype.workflow INFO:
	 [Node] Executing "sources" <fmriprep.interfaces.bids.BIDSURI>
250329-09:54:01,364 nipype.workflow INFO:
	 [Node] Finished "sources", elapsed time 0.000382s.
250329-09:54:04,677 nipype.workflow INFO:
	 [Node] Finished "copy_xform", elapsed time 44.753768s.
250329-09:54:05,743 nipype.workflow INFO:
	 [Node] Finished "copy_xform", elapsed time 43.571877s.
250329-09:54:07,662 nipype.workflow INFO:
	 [Node] Setting-up "fmriprep_24_0_wf.sub_23_wf.bold_task_bird_run_5_wf.bold_fit_wf.enhance_and_skullstrip_bold_wf.init_aff" in "/work_dir/fmriprep_24_0_wf/sub_23_wf/bold_task_bird_run_5_wf/bold_fit_wf/enhance_and_skullstrip_bold_wf/init_aff".
250329-09:54:07,680 nipype.workflow INFO:
	 [Node] Executing "init_aff" <nipype.interfaces.ants.utils.AI>
250329-09:55:34,763 nipype.interface INFO:
	 stderr 2025-03-29T09:55:34.763106:++ Max displacement in automask = 0.15 (mm) at sub-brick 16
250329-09:55:34,765 nipype.interface INFO:
	 stderr 2025-03-29T09:55:34.765372:++ Max delta displ  in automask = 0.10 (mm) at sub-brick 17
250329-09:55:50,489 nipype.workflow INFO:
	 [Node] Finished "init_aff", elapsed time 128.058366s.
250329-09:55:51,654 nipype.workflow INFO:
	 [Node] Setting-up "fmriprep_24_0_wf.sub_23_wf.bold_task_bird_run_4_wf.bold_fit_wf.enhance_and_skullstrip_bold_wf.norm" in "/work_dir/fmriprep_24_0_wf/sub_23_wf/bold_task_bird_run_4_wf/bold_fit_wf/enhance_and_skullstrip_bold_wf/norm".
250329-09:55:51,667 nipype.workflow INFO:
	 [Node] Executing "norm" <niworkflows.interfaces.fixes.FixHeaderRegistration>
250329-09:55:53,35 nipype.interface INFO:
	 stderr 2025-03-29T09:55:53.035329:++ Max displacement in automask = 0.14 (mm) at sub-brick 15
250329-09:55:53,46 nipype.interface INFO:
	 stderr 2025-03-29T09:55:53.046394:++ Max delta displ  in automask = 0.10 (mm) at sub-brick 15
250329-09:55:56,942 nipype.workflow INFO:
	 [Node] Finished "norm", elapsed time 4.88162s.
250329-09:55:57,99 nipype.workflow INFO:
	 [Node] Finished "gen_avg", elapsed time 271.046869s.
250329-09:55:57,616 nipype.workflow INFO:
	 [Node] Setting-up "fmriprep_24_0_wf.sub_23_wf.bold_task_bird_run_3_wf.bold_fit_wf.fmapref_buffer" in "/work_dir/fmriprep_24_0_wf/sub_23_wf/bold_task_bird_run_3_wf/bold_fit_wf/fmapref_buffer".
250329-09:55:57,624 nipype.workflow INFO:
	 [Node] Executing "fmapref_buffer" <nipype.interfaces.utility.wrappers.Function>
250329-09:55:57,633 nipype.workflow INFO:
	 [Node] Finished "fmapref_buffer", elapsed time 0.007388s.
250329-09:55:57,678 nipype.interface WARNING:
	 Changing /output/sub-23/func/sub-23_task-bird_run-3_desc-hmc_boldref.nii.gz dtype from uint16 to float32
250329-09:55:58,234 nipype.workflow INFO:
	 [Node] Setting-up "fmriprep_24_0_wf.sub_23_wf.bold_task_bird_run_4_wf.bold_fit_wf.enhance_and_skullstrip_bold_wf.map_brainmask" in "/work_dir/fmriprep_24_0_wf/sub_23_wf/bold_task_bird_run_4_wf/bold_fit_wf/enhance_and_skullstrip_bold_wf/map_brainmask".
250329-09:55:58,250 nipype.workflow INFO:
	 [Node] Executing "map_brainmask" <niworkflows.interfaces.fixes.FixHeaderApplyTransforms>
250329-09:55:58,261 nipype.workflow INFO:
	 [Node] Setting-up "fmriprep_24_0_wf.sub_23_wf.bold_task_bird_run_3_wf.bold_fit_wf.bold_hmc_wf.mcflirt" in "/work_dir/fmriprep_24_0_wf/sub_23_wf/bold_task_bird_run_3_wf/bold_fit_wf/bold_hmc_wf/mcflirt".
250329-09:55:58,273 nipype.workflow INFO:
	 [Node] Executing "mcflirt" <nipype.interfaces.fsl.preprocess.MCFLIRT>
250329-09:55:59,662 nipype.workflow INFO:
	 [Node] Finished "map_brainmask", elapsed time 1.028041s.
250329-09:55:59,709 nipype.workflow INFO:
	 [Node] Setting-up "fmriprep_24_0_wf.sub_23_wf.bold_task_bird_run_3_wf.bold_fit_wf.ds_coreg_boldref_wf.sources" in "/work_dir/fmriprep_24_0_wf/sub_23_wf/bold_task_bird_run_3_wf/bold_fit_wf/ds_coreg_boldref_wf/sources".
250329-09:55:59,713 nipype.workflow INFO:
	 [Node] Executing "sources" <fmriprep.interfaces.bids.BIDSURI>
250329-09:55:59,715 nipype.workflow INFO:
	 [Node] Finished "sources", elapsed time 0.000321s.
250329-09:56:01,690 nipype.workflow INFO:
	 [Node] Setting-up "fmriprep_24_0_wf.sub_23_wf.bold_task_bird_run_3_wf.bold_fit_wf.enhance_and_skullstrip_bold_wf.init_aff" in "/work_dir/fmriprep_24_0_wf/sub_23_wf/bold_task_bird_run_3_wf/bold_fit_wf/enhance_and_skullstrip_bold_wf/init_aff".
250329-09:56:01,694 nipype.workflow INFO:
	 [Node] Executing "init_aff" <nipype.interfaces.ants.utils.AI>
250329-09:56:23,701 nipype.workflow INFO:
	 [Node] Finished "init_aff", elapsed time 134.308673s.
250329-09:56:24,963 nipype.workflow INFO:
	 [Node] Finished "gen_avg", elapsed time 299.324479s.
250329-09:56:25,660 nipype.workflow INFO:
	 [Node] Setting-up "fmriprep_24_0_wf.sub_23_wf.bold_task_bird_run_2_wf.bold_fit_wf.fmapref_buffer" in "/work_dir/fmriprep_24_0_wf/sub_23_wf/bold_task_bird_run_2_wf/bold_fit_wf/fmapref_buffer".
250329-09:56:25,668 nipype.workflow INFO:
	 [Node] Executing "fmapref_buffer" <nipype.interfaces.utility.wrappers.Function>
250329-09:56:25,670 nipype.workflow INFO:
	 [Node] Finished "fmapref_buffer", elapsed time 0.000928s.
250329-09:56:25,743 nipype.interface WARNING:
	 Changing /output/sub-23/func/sub-23_task-bird_run-2_desc-hmc_boldref.nii.gz dtype from uint16 to float32
250329-09:56:26,209 nipype.workflow INFO:
	 [Node] Setting-up "fmriprep_24_0_wf.sub_23_wf.bold_task_bird_run_2_wf.bold_fit_wf.bold_hmc_wf.mcflirt" in "/work_dir/fmriprep_24_0_wf/sub_23_wf/bold_task_bird_run_2_wf/bold_fit_wf/bold_hmc_wf/mcflirt".
250329-09:56:26,218 nipype.workflow INFO:
	 [Node] Executing "mcflirt" <nipype.interfaces.fsl.preprocess.MCFLIRT>
250329-09:56:27,617 nipype.workflow INFO:
	 [Node] Setting-up "fmriprep_24_0_wf.sub_23_wf.bold_task_bird_run_2_wf.bold_fit_wf.enhance_and_skullstrip_bold_wf.init_aff" in "/work_dir/fmriprep_24_0_wf/sub_23_wf/bold_task_bird_run_2_wf/bold_fit_wf/enhance_and_skullstrip_bold_wf/init_aff".
250329-09:56:27,621 nipype.workflow INFO:
	 [Node] Executing "init_aff" <nipype.interfaces.ants.utils.AI>
250329-09:57:06,99 nipype.interface INFO:
	 stderr 2025-03-29T09:57:06.099685:++ Max displacement in automask = 0.16 (mm) at sub-brick 15
250329-09:57:06,99 nipype.interface INFO:
	 stderr 2025-03-29T09:57:06.099685:++ Max delta displ  in automask = 0.12 (mm) at sub-brick 10
250329-09:57:20,164 nipype.interface INFO:
	 stderr 2025-03-29T09:57:20.164152:++ Max displacement in automask = 0.30 (mm) at sub-brick 19
250329-09:57:20,168 nipype.interface INFO:
	 stderr 2025-03-29T09:57:20.168426:++ Max delta displ  in automask = 0.10 (mm) at sub-brick 13
250329-09:57:32,93 nipype.workflow INFO:
	 [Node] Finished "gen_avg", elapsed time 364.864693s.
250329-09:57:33,714 nipype.workflow INFO:
	 [Node] Setting-up "fmriprep_24_0_wf.sub_23_wf.bold_task_bird_run_6_wf.bold_fit_wf.fmapref_buffer" in "/work_dir/fmriprep_24_0_wf/sub_23_wf/bold_task_bird_run_6_wf/bold_fit_wf/fmapref_buffer".
250329-09:57:33,731 nipype.workflow INFO:
	 [Node] Executing "fmapref_buffer" <nipype.interfaces.utility.wrappers.Function>
250329-09:57:33,732 nipype.workflow INFO:
	 [Node] Finished "fmapref_buffer", elapsed time 0.000834s.
250329-09:57:36,193 nipype.interface WARNING:
	 Changing /output/sub-23/func/sub-23_task-bird_run-6_desc-hmc_boldref.nii.gz dtype from uint16 to float32
250329-09:57:36,650 nipype.workflow INFO:
	 [Node] Setting-up "fmriprep_24_0_wf.sub_23_wf.bold_task_bird_run_6_wf.bold_fit_wf.bold_hmc_wf.mcflirt" in "/work_dir/fmriprep_24_0_wf/sub_23_wf/bold_task_bird_run_6_wf/bold_fit_wf/bold_hmc_wf/mcflirt".
250329-09:57:36,659 nipype.workflow INFO:
	 [Node] Executing "mcflirt" <nipype.interfaces.fsl.preprocess.MCFLIRT>
250329-09:57:39,989 nipype.workflow INFO:
	 [Node] Finished "gen_avg", elapsed time 378.381404s.
250329-09:57:41,891 nipype.workflow INFO:
	 [Node] Setting-up "fmriprep_24_0_wf.sub_23_wf.bold_task_bird_run_1_wf.bold_fit_wf.fmapref_buffer" in "/work_dir/fmriprep_24_0_wf/sub_23_wf/bold_task_bird_run_1_wf/bold_fit_wf/fmapref_buffer".
250329-09:57:41,894 nipype.workflow INFO:
	 [Node] Executing "fmapref_buffer" <nipype.interfaces.utility.wrappers.Function>
250329-09:57:41,911 nipype.workflow INFO:
	 [Node] Finished "fmapref_buffer", elapsed time 0.015614s.
250329-09:57:44,329 nipype.interface WARNING:
	 Changing /output/sub-23/func/sub-23_task-bird_run-1_desc-hmc_boldref.nii.gz dtype from uint16 to float32
250329-09:57:46,605 nipype.workflow INFO:
	 [Node] Setting-up "fmriprep_24_0_wf.sub_23_wf.bold_task_bird_run_1_wf.bold_fit_wf.bold_hmc_wf.mcflirt" in "/work_dir/fmriprep_24_0_wf/sub_23_wf/bold_task_bird_run_1_wf/bold_fit_wf/bold_hmc_wf/mcflirt".
250329-09:57:46,688 nipype.workflow INFO:
	 [Node] Executing "mcflirt" <nipype.interfaces.fsl.preprocess.MCFLIRT>
250329-09:58:16,46 nipype.workflow INFO:
	 [Node] Finished "_denoise0", elapsed time 415.158396s.
250329-09:58:17,36 nipype.workflow INFO:
	 [Node] Setting-up "_anat_conform0" in "/work_dir/fmriprep_24_0_wf/sub_23_wf/anat_fit_wf/anat_template_wf/anat_conform/mapflow/_anat_conform0".
250329-09:58:17,38 nipype.workflow INFO:
	 [Node] Executing "_anat_conform0" <niworkflows.interfaces.images.Conform>
250329-09:58:17,40 nipype.workflow INFO:
	 [Node] Setting-up "fmriprep_24_0_wf.sub_23_wf.bold_task_bird_run_1_wf.bold_fit_wf.ds_coreg_boldref_wf.sources" in "/work_dir/fmriprep_24_0_wf/sub_23_wf/bold_task_bird_run_1_wf/bold_fit_wf/ds_coreg_boldref_wf/sources".
250329-09:58:17,44 nipype.workflow INFO:
	 [Node] Setting-up "fmriprep_24_0_wf.sub_23_wf.bold_task_bird_run_2_wf.bold_fit_wf.ds_coreg_boldref_wf.sources" in "/work_dir/fmriprep_24_0_wf/sub_23_wf/bold_task_bird_run_2_wf/bold_fit_wf/ds_coreg_boldref_wf/sources".
250329-09:58:17,44 nipype.workflow INFO:
	 [Node] Executing "sources" <fmriprep.interfaces.bids.BIDSURI>
250329-09:58:17,45 nipype.workflow INFO:
	 [Node] Finished "sources", elapsed time 0.00029s.
250329-09:58:17,47 nipype.workflow INFO:
	 [Node] Executing "sources" <fmriprep.interfaces.bids.BIDSURI>
250329-09:58:17,48 nipype.workflow INFO:
	 [Node] Finished "sources", elapsed time 0.00029s.
250329-09:58:17,135 nipype.workflow INFO:
	 [Node] Setting-up "fmriprep_24_0_wf.sub_23_wf.bold_task_bird_run_4_wf.bold_fit_wf.enhance_and_skullstrip_bold_wf.n4_correct" in "/work_dir/fmriprep_24_0_wf/sub_23_wf/bold_task_bird_run_4_wf/bold_fit_wf/enhance_and_skullstrip_bold_wf/n4_correct".
250329-09:58:17,139 nipype.workflow INFO:
	 [Node] Executing "n4_correct" <niworkflows.interfaces.fixes.FixN4BiasFieldCorrection>
250329-09:58:17,157 nipype.workflow INFO:
	 [Node] Finished "_anat_conform0", elapsed time 0.118357s.
250329-09:58:18,737 nipype.workflow INFO:
	 [Node] Finished "slice_timing_correction", elapsed time 384.672813s.
250329-09:58:18,956 nipype.workflow INFO:
	 [Node] Setting-up "fmriprep_24_0_wf.sub_23_wf.anat_fit_wf.anat_template_wf.get1st" in "/work_dir/fmriprep_24_0_wf/sub_23_wf/anat_fit_wf/anat_template_wf/get1st".
250329-09:58:18,964 nipype.workflow INFO:
	 [Node] Executing "get1st" <nipype.interfaces.utility.base.Select>
250329-09:58:18,965 nipype.workflow INFO:
	 [Node] Finished "get1st", elapsed time 0.00047s.
250329-09:58:20,756 nipype.workflow INFO:
	 [Node] Setting-up "fmriprep_24_0_wf.sub_23_wf.bold_task_bird_run_6_wf.bold_native_wf.bold_stc_wf.copy_xform" in "/work_dir/fmriprep_24_0_wf/sub_23_wf/bold_task_bird_run_6_wf/bold_native_wf/bold_stc_wf/copy_xform".
250329-09:58:20,758 nipype.workflow INFO:
	 [Node] Finished "slice_timing_correction", elapsed time 384.279745s.
250329-09:58:20,762 nipype.workflow INFO:
	 [Node] Executing "copy_xform" <niworkflows.interfaces.header.CopyXForm>
250329-09:58:20,926 nipype.workflow INFO:
	 [Node] Setting-up "fmriprep_24_0_wf.sub_23_wf.bold_task_bird_run_6_wf.bold_fit_wf.ds_coreg_boldref_wf.sources" in "/work_dir/fmriprep_24_0_wf/sub_23_wf/bold_task_bird_run_6_wf/bold_fit_wf/ds_coreg_boldref_wf/sources".
250329-09:58:20,931 nipype.workflow INFO:
	 [Node] Executing "sources" <fmriprep.interfaces.bids.BIDSURI>
250329-09:58:20,932 nipype.workflow INFO:
	 [Node] Finished "sources", elapsed time 0.000299s.
250329-09:58:22,557 nipype.workflow INFO:
	 [Node] Setting-up "fmriprep_24_0_wf.sub_23_wf.bold_task_bird_run_1_wf.bold_fit_wf.enhance_and_skullstrip_bold_wf.init_aff" in "/work_dir/fmriprep_24_0_wf/sub_23_wf/bold_task_bird_run_1_wf/bold_fit_wf/enhance_and_skullstrip_bold_wf/init_aff".
250329-09:58:22,561 nipype.workflow INFO:
	 [Node] Executing "init_aff" <nipype.interfaces.ants.utils.AI>
250329-09:58:28,723 nipype.workflow INFO:
	 [Node] Finished "mcflirt", elapsed time 288.449809s.
250329-09:58:30,644 nipype.workflow INFO:
	 [Node] Setting-up "fmriprep_24_0_wf.sub_23_wf.bold_task_bird_run_3_wf.bold_native_wf.bold_stc_wf.copy_xform" in "/work_dir/fmriprep_24_0_wf/sub_23_wf/bold_task_bird_run_3_wf/bold_native_wf/bold_stc_wf/copy_xform".
250329-09:58:34,193 nipype.workflow INFO:
	 [Node] Finished "n4_correct", elapsed time 16.551724s.
250329-09:58:34,720 nipype.workflow INFO:
	 [Node] Finished "mcflirt", elapsed time 285.58982s.
250329-09:58:36,392 nipype.workflow INFO:
	 [Node] Setting-up "fmriprep_24_0_wf.sub_23_wf.bold_task_bird_run_4_wf.bold_fit_wf.bold_hmc_wf.normalize_motion" in "/work_dir/fmriprep_24_0_wf/sub_23_wf/bold_task_bird_run_4_wf/bold_fit_wf/bold_hmc_wf/normalize_motion".
250329-09:58:36,679 nipype.workflow INFO:
	 [Node] Executing "normalize_motion" <niworkflows.interfaces.confounds.NormalizeMotionParams>
250329-09:58:36,687 nipype.workflow INFO:
	 [Node] Finished "normalize_motion", elapsed time 0.005736s.
250329-09:58:37,687 nipype.workflow INFO:
	 [Node] Executing "copy_xform" <niworkflows.interfaces.header.CopyXForm>
250329-09:58:38,736 nipype.workflow INFO:
	 [Node] Setting-up "fmriprep_24_0_wf.sub_23_wf.bold_task_bird_run_5_wf.bold_fit_wf.bold_hmc_wf.normalize_motion" in "/work_dir/fmriprep_24_0_wf/sub_23_wf/bold_task_bird_run_5_wf/bold_fit_wf/bold_hmc_wf/normalize_motion".
250329-09:58:39,5 nipype.workflow INFO:
	 [Node] Executing "normalize_motion" <niworkflows.interfaces.confounds.NormalizeMotionParams>
250329-09:58:39,10 nipype.workflow INFO:
	 [Node] Finished "normalize_motion", elapsed time 0.004045s.
250329-09:58:39,749 nipype.workflow INFO:
	 [Node] Setting-up "fmriprep_24_0_wf.sub_23_wf.bold_task_bird_run_4_wf.bold_confounds_wf.fdisp" in "/work_dir/fmriprep_24_0_wf/sub_23_wf/bold_task_bird_run_4_wf/bold_confounds_wf/fdisp".
250329-09:58:41,56 nipype.workflow INFO:
	 [Node] Setting-up "fmriprep_24_0_wf.sub_23_wf.bold_task_bird_run_5_wf.bold_confounds_wf.fdisp" in "/work_dir/fmriprep_24_0_wf/sub_23_wf/bold_task_bird_run_5_wf/bold_confounds_wf/fdisp".
250329-09:58:41,542 nipype.workflow INFO:
	 [Node] Executing "fdisp" <nipype.algorithms.confounds.FramewiseDisplacement>
250329-09:58:41,556 nipype.workflow INFO:
	 [Node] Finished "fdisp", elapsed time 0.009399s.
250329-09:58:42,355 nipype.workflow INFO:
	 [Node] Executing "fdisp" <nipype.algorithms.confounds.FramewiseDisplacement>
250329-09:58:42,365 nipype.workflow INFO:
	 [Node] Finished "fdisp", elapsed time 0.009265s.
250329-09:58:43,558 nipype.workflow INFO:
	 [Node] Setting-up "_truncate_images0" in "/work_dir/fmriprep_24_0_wf/sub_23_wf/anat_fit_wf/brain_extraction_wf/truncate_images/mapflow/_truncate_images0".
250329-09:58:43,560 nipype.workflow INFO:
	 [Node] Executing "_truncate_images0" <nipype.interfaces.ants.utils.ImageMath>
250329-09:58:47,307 nipype.workflow INFO:
	 [Node] Setting-up "fmriprep_24_0_wf.sub_23_wf.anat_fit_wf.surface_recon_wf.recon_config" in "/work_dir/fmriprep_24_0_wf/sub_23_wf/anat_fit_wf/surface_recon_wf/recon_config".
250329-09:58:47,317 nipype.workflow INFO:
	 [Node] Executing "recon_config" <niworkflows.interfaces.freesurfer.FSDetectInputs>
250329-09:58:47,392 nipype.workflow INFO:
	 [Node] Finished "recon_config", elapsed time 0.074552s.
250329-09:58:49,33 nipype.workflow INFO:
	 [Node] Setting-up "fmriprep_24_0_wf.sub_23_wf.anat_fit_wf.surface_recon_wf.fov_check" in "/work_dir/fmriprep_24_0_wf/sub_23_wf/anat_fit_wf/surface_recon_wf/fov_check".
250329-09:58:49,36 nipype.workflow INFO:
	 [Node] Executing "fov_check" <nipype.interfaces.utility.wrappers.Function>
250329-09:58:51,311 nipype.workflow INFO:
	 [Node] Finished "fov_check", elapsed time 2.27397s.
250329-09:58:53,226 nipype.workflow INFO:
	 [Node] Setting-up "fmriprep_24_0_wf.sub_23_wf.bold_task_bird_run_4_wf.bold_fit_wf.enhance_and_skullstrip_bold_wf.skullstrip_first_pass" in "/work_dir/fmriprep_24_0_wf/sub_23_wf/bold_task_bird_run_4_wf/bold_fit_wf/enhance_and_skullstrip_bold_wf/skullstrip_first_pass".
250329-09:58:53,232 nipype.workflow INFO:
	 [Node] Executing "skullstrip_first_pass" <nipype.interfaces.fsl.preprocess.BET>
250329-09:59:00,10 nipype.workflow INFO:
	 [Node] Finished "skullstrip_first_pass", elapsed time 6.776905s.
250329-09:59:00,293 nipype.workflow INFO:
	 [Node] Finished "_truncate_images0", elapsed time 15.245692s.
250329-09:59:00,851 nipype.interface WARNING:
	 Changing /output/sub-23/func/sub-23_task-bird_run-4_desc-coreg_boldref.nii.gz dtype from uint16 to float32
250329-09:59:01,714 nipype.workflow INFO:
	 [Node] Setting-up "fmriprep_24_0_wf.sub_23_wf.bold_task_bird_run_4_wf.bold_fit_wf.enhance_and_skullstrip_bold_wf.first_dilate" in "/work_dir/fmriprep_24_0_wf/sub_23_wf/bold_task_bird_run_4_wf/bold_fit_wf/enhance_and_skullstrip_bold_wf/first_dilate".
250329-09:59:01,899 nipype.workflow INFO:
	 [Node] Executing "first_dilate" <niworkflows.interfaces.nibabel.BinaryDilation>
250329-09:59:02,694 nipype.workflow INFO:
	 [Node] Setting-up "fmriprep_24_0_wf.sub_23_wf.bold_task_bird_run_4_wf.bold_fit_wf.ds_boldreg_wf.sources" in "/work_dir/fmriprep_24_0_wf/sub_23_wf/bold_task_bird_run_4_wf/bold_fit_wf/ds_boldreg_wf/sources".
250329-09:59:02,697 nipype.workflow INFO:
	 [Node] Executing "sources" <fmriprep.interfaces.bids.BIDSURI>
250329-09:59:02,698 nipype.workflow INFO:
	 [Node] Finished "sources", elapsed time 0.00028s.
250329-09:59:02,992 nipype.workflow INFO:
	 [Node] Finished "init_aff", elapsed time 181.297663s.
250329-09:59:03,734 nipype.workflow INFO:
	 [Node] Finished "first_dilate", elapsed time 1.833431s.
250329-09:59:04,652 nipype.workflow INFO:
	 [Node] Setting-up "fmriprep_24_0_wf.sub_23_wf.bold_task_bird_run_4_wf.bold_fit_wf.enhance_and_skullstrip_bold_wf.first_mask" in "/work_dir/fmriprep_24_0_wf/sub_23_wf/bold_task_bird_run_4_wf/bold_fit_wf/enhance_and_skullstrip_bold_wf/first_mask".
250329-09:59:05,39 nipype.workflow INFO:
	 [Node] Executing "first_mask" <niworkflows.interfaces.nibabel.ApplyMask>
250329-09:59:05,98 nipype.workflow INFO:
	 [Node] Setting-up "fmriprep_24_0_wf.sub_23_wf.bold_task_bird_run_4_wf.bold_fit_wf.bold_hmc_wf.fsl2itk" in "/work_dir/fmriprep_24_0_wf/sub_23_wf/bold_task_bird_run_4_wf/bold_fit_wf/bold_hmc_wf/fsl2itk".
250329-09:59:05,322 nipype.workflow INFO:
	 [Node] Finished "first_mask", elapsed time 0.281837s.
250329-09:59:05,380 nipype.workflow INFO:
	 [Node] Executing "fsl2itk" <niworkflows.interfaces.itk.MCFLIRT2ITK>
250329-09:59:05,381 nipype.interface WARNING:
	 Multithreading is deprecated. Remove the num_threads input.
250329-09:59:05,948 nipype.workflow INFO:
	 [Node] Finished "fsl2itk", elapsed time 0.567531s.
250329-09:59:06,895 nipype.workflow INFO:
	 [Node] Setting-up "fmriprep_24_0_wf.sub_23_wf.bold_task_bird_run_5_wf.bold_fit_wf.bold_hmc_wf.fsl2itk" in "/work_dir/fmriprep_24_0_wf/sub_23_wf/bold_task_bird_run_5_wf/bold_fit_wf/bold_hmc_wf/fsl2itk".
250329-09:59:07,280 nipype.workflow INFO:
	 [Node] Executing "fsl2itk" <niworkflows.interfaces.itk.MCFLIRT2ITK>
250329-09:59:07,281 nipype.interface WARNING:
	 Multithreading is deprecated. Remove the num_threads input.
250329-09:59:07,565 nipype.workflow INFO:
	 [Node] Setting-up "fmriprep_24_0_wf.sub_23_wf.bold_task_bird_run_4_wf.bold_fit_wf.enhance_and_skullstrip_bold_wf.unifize" in "/work_dir/fmriprep_24_0_wf/sub_23_wf/bold_task_bird_run_4_wf/bold_fit_wf/enhance_and_skullstrip_bold_wf/unifize".
250329-09:59:07,583 nipype.workflow INFO:
	 [Node] Executing "unifize" <nipype.interfaces.afni.utils.Unifize>
250329-09:59:08,260 nipype.workflow INFO:
	 [Node] Finished "fsl2itk", elapsed time 0.97843s.
250329-09:59:08,971 nipype.workflow INFO:
	 [Node] Setting-up "fmriprep_24_0_wf.sub_23_wf.bold_task_bird_run_6_wf.bold_fit_wf.enhance_and_skullstrip_bold_wf.init_aff" in "/work_dir/fmriprep_24_0_wf/sub_23_wf/bold_task_bird_run_6_wf/bold_fit_wf/enhance_and_skullstrip_bold_wf/init_aff".
250329-09:59:08,976 nipype.workflow INFO:
	 [Node] Executing "init_aff" <nipype.interfaces.ants.utils.AI>
250329-09:59:22,628 nipype.workflow INFO:
	 [Node] Finished "init_aff", elapsed time 174.652478s.
250329-09:59:24,965 nipype.workflow INFO:
	 [Node] Setting-up "fmriprep_24_0_wf.sub_23_wf.bold_task_bird_run_2_wf.bold_fit_wf.enhance_and_skullstrip_bold_wf.norm" in "/work_dir/fmriprep_24_0_wf/sub_23_wf/bold_task_bird_run_2_wf/bold_fit_wf/enhance_and_skullstrip_bold_wf/norm".
250329-09:59:24,998 nipype.workflow INFO:
	 [Node] Executing "norm" <niworkflows.interfaces.fixes.FixHeaderRegistration>
250329-09:59:27,7 nipype.workflow INFO:
	 [Node] Finished "copy_xform", elapsed time 66.24418s.
250329-09:59:28,101 nipype.workflow INFO:
	 [Node] Finished "norm", elapsed time 2.5321540000000002s.
250329-09:59:28,606 nipype.workflow INFO:
	 [Node] Setting-up "fmriprep_24_0_wf.sub_23_wf.bold_task_bird_run_3_wf.bold_fit_wf.enhance_and_skullstrip_bold_wf.norm" in "/work_dir/fmriprep_24_0_wf/sub_23_wf/bold_task_bird_run_3_wf/bold_fit_wf/enhance_and_skullstrip_bold_wf/norm".
250329-09:59:28,612 nipype.workflow INFO:
	 [Node] Executing "norm" <niworkflows.interfaces.fixes.FixHeaderRegistration>
250329-09:59:28,659 nipype.workflow INFO:
	 [Node] Setting-up "fmriprep_24_0_wf.sub_23_wf.bold_task_bird_run_2_wf.bold_fit_wf.enhance_and_skullstrip_bold_wf.map_brainmask" in "/work_dir/fmriprep_24_0_wf/sub_23_wf/bold_task_bird_run_2_wf/bold_fit_wf/enhance_and_skullstrip_bold_wf/map_brainmask".
250329-09:59:28,667 nipype.workflow INFO:
	 [Node] Executing "map_brainmask" <niworkflows.interfaces.fixes.FixHeaderApplyTransforms>
250329-09:59:31,23 nipype.workflow INFO:
	 [Node] Finished "map_brainmask", elapsed time 1.451741s.
250329-09:59:34,631 nipype.workflow INFO:
	 [Node] Setting-up "fmriprep_24_0_wf.sub_23_wf.bold_task_bird_run_2_wf.bold_fit_wf.enhance_and_skullstrip_bold_wf.n4_correct" in "/work_dir/fmriprep_24_0_wf/sub_23_wf/bold_task_bird_run_2_wf/bold_fit_wf/enhance_and_skullstrip_bold_wf/n4_correct".
250329-09:59:34,636 nipype.workflow INFO:
	 [Node] Executing "n4_correct" <niworkflows.interfaces.fixes.FixN4BiasFieldCorrection>
250329-09:59:35,648 nipype.workflow INFO:
	 [Node] Finished "norm", elapsed time 6.339179s.
250329-09:59:36,246 nipype.workflow INFO:
	 [Node] Finished "copy_xform", elapsed time 58.558004s.
250329-09:59:36,700 nipype.workflow INFO:
	 [Node] Setting-up "fmriprep_24_0_wf.sub_23_wf.bold_task_bird_run_3_wf.bold_fit_wf.enhance_and_skullstrip_bold_wf.map_brainmask" in "/work_dir/fmriprep_24_0_wf/sub_23_wf/bold_task_bird_run_3_wf/bold_fit_wf/enhance_and_skullstrip_bold_wf/map_brainmask".
250329-09:59:36,704 nipype.workflow INFO:
	 [Node] Executing "map_brainmask" <niworkflows.interfaces.fixes.FixHeaderApplyTransforms>
250329-09:59:36,726 nipype.workflow INFO:
	 [Node] Setting-up "fmriprep_24_0_wf.sub_23_wf.bold_task_bird_run_5_wf.bold_fit_wf.enhance_and_skullstrip_bold_wf.norm" in "/work_dir/fmriprep_24_0_wf/sub_23_wf/bold_task_bird_run_5_wf/bold_fit_wf/enhance_and_skullstrip_bold_wf/norm".
250329-09:59:36,747 nipype.workflow INFO:
	 [Node] Executing "norm" <niworkflows.interfaces.fixes.FixHeaderRegistration>
250329-09:59:38,776 nipype.workflow INFO:
	 [Node] Finished "map_brainmask", elapsed time 1.425757s.
250329-09:59:41,445 nipype.workflow INFO:
	 [Node] Finished "norm", elapsed time 3.759147s.
250329-09:59:42,726 nipype.workflow INFO:
	 [Node] Setting-up "fmriprep_24_0_wf.sub_23_wf.bold_task_bird_run_5_wf.bold_fit_wf.enhance_and_skullstrip_bold_wf.map_brainmask" in "/work_dir/fmriprep_24_0_wf/sub_23_wf/bold_task_bird_run_5_wf/bold_fit_wf/enhance_and_skullstrip_bold_wf/map_brainmask".
250329-09:59:42,732 nipype.workflow INFO:
	 [Node] Setting-up "fmriprep_24_0_wf.sub_23_wf.bold_task_bird_run_3_wf.bold_fit_wf.enhance_and_skullstrip_bold_wf.n4_correct" in "/work_dir/fmriprep_24_0_wf/sub_23_wf/bold_task_bird_run_3_wf/bold_fit_wf/enhance_and_skullstrip_bold_wf/n4_correct".
250329-09:59:42,733 nipype.workflow INFO:
	 [Node] Executing "map_brainmask" <niworkflows.interfaces.fixes.FixHeaderApplyTransforms>
250329-09:59:42,746 nipype.workflow INFO:
	 [Node] Executing "n4_correct" <niworkflows.interfaces.fixes.FixN4BiasFieldCorrection>
250329-09:59:42,776 nipype.workflow INFO:
	 [Node] Setting-up "_inu_n40" in "/work_dir/fmriprep_24_0_wf/sub_23_wf/anat_fit_wf/brain_extraction_wf/inu_n4/mapflow/_inu_n40".
250329-09:59:42,778 nipype.workflow INFO:
	 [Node] Executing "_inu_n40" <nipype.interfaces.ants.segmentation.N4BiasFieldCorrection>
250329-09:59:45,15 nipype.workflow INFO:
	 [Node] Finished "map_brainmask", elapsed time 2.279244s.
250329-09:59:48,653 nipype.workflow INFO:
	 [Node] Setting-up "fmriprep_24_0_wf.sub_23_wf.bold_task_bird_run_5_wf.bold_fit_wf.enhance_and_skullstrip_bold_wf.n4_correct" in "/work_dir/fmriprep_24_0_wf/sub_23_wf/bold_task_bird_run_5_wf/bold_fit_wf/enhance_and_skullstrip_bold_wf/n4_correct".
250329-09:59:48,657 nipype.workflow INFO:
	 [Node] Executing "n4_correct" <niworkflows.interfaces.fixes.FixN4BiasFieldCorrection>
250329-09:59:49,443 nipype.workflow INFO:
	 [Node] Finished "n4_correct", elapsed time 13.864805s.
250329-09:59:51,102 nipype.workflow INFO:
	 [Node] Setting-up "fmriprep_24_0_wf.sub_23_wf.bold_task_bird_run_2_wf.bold_fit_wf.enhance_and_skullstrip_bold_wf.skullstrip_first_pass" in "/work_dir/fmriprep_24_0_wf/sub_23_wf/bold_task_bird_run_2_wf/bold_fit_wf/enhance_and_skullstrip_bold_wf/skullstrip_first_pass".
250329-09:59:51,300 nipype.workflow INFO:
	 [Node] Executing "skullstrip_first_pass" <nipype.interfaces.fsl.preprocess.BET>
250329-09:59:53,299 nipype.workflow INFO:
	 [Node] Finished "n4_correct", elapsed time 10.552636s.
250329-09:59:54,692 nipype.interface WARNING:
	 Changing /output/sub-23/func/sub-23_task-bird_run-2_desc-coreg_boldref.nii.gz dtype from uint16 to float32
250329-09:59:55,297 nipype.workflow INFO:
	 [Node] Setting-up "fmriprep_24_0_wf.sub_23_wf.bold_task_bird_run_3_wf.bold_fit_wf.enhance_and_skullstrip_bold_wf.skullstrip_first_pass" in "/work_dir/fmriprep_24_0_wf/sub_23_wf/bold_task_bird_run_3_wf/bold_fit_wf/enhance_and_skullstrip_bold_wf/skullstrip_first_pass".
250329-09:59:55,301 nipype.workflow INFO:
	 [Node] Executing "skullstrip_first_pass" <nipype.interfaces.fsl.preprocess.BET>
250329-09:59:56,60 nipype.workflow INFO:
	 [Node] Finished "skullstrip_first_pass", elapsed time 4.758947s.
250329-09:59:57,6 nipype.interface WARNING:
	 Changing /output/sub-23/func/sub-23_task-bird_run-3_desc-coreg_boldref.nii.gz dtype from uint16 to float32
250329-09:59:57,520 nipype.workflow INFO:
	 [Node] Setting-up "fmriprep_24_0_wf.sub_23_wf.bold_task_bird_run_2_wf.bold_fit_wf.enhance_and_skullstrip_bold_wf.first_dilate" in "/work_dir/fmriprep_24_0_wf/sub_23_wf/bold_task_bird_run_2_wf/bold_fit_wf/enhance_and_skullstrip_bold_wf/first_dilate".
250329-09:59:57,524 nipype.workflow INFO:
	 [Node] Executing "first_dilate" <niworkflows.interfaces.nibabel.BinaryDilation>
250329-09:59:59,158 nipype.workflow INFO:
	 [Node] Finished "n4_correct", elapsed time 10.03623s.
250329-09:59:59,206 nipype.workflow INFO:
	 [Node] Finished "skullstrip_first_pass", elapsed time 3.9049329999999998s.
250329-10:00:00,663 nipype.interface WARNING:
	 Changing /output/sub-23/func/sub-23_task-bird_run-5_desc-coreg_boldref.nii.gz dtype from uint16 to float32
250329-10:00:00,679 nipype.workflow INFO:
	 [Node] Setting-up "fmriprep_24_0_wf.sub_23_wf.bold_task_bird_run_5_wf.bold_fit_wf.enhance_and_skullstrip_bold_wf.skullstrip_first_pass" in "/work_dir/fmriprep_24_0_wf/sub_23_wf/bold_task_bird_run_5_wf/bold_fit_wf/enhance_and_skullstrip_bold_wf/skullstrip_first_pass".
250329-10:00:00,723 nipype.workflow INFO:
	 [Node] Executing "skullstrip_first_pass" <nipype.interfaces.fsl.preprocess.BET>
250329-10:00:01,110 nipype.workflow INFO:
	 [Node] Setting-up "fmriprep_24_0_wf.sub_23_wf.bold_task_bird_run_2_wf.bold_fit_wf.ds_boldreg_wf.sources" in "/work_dir/fmriprep_24_0_wf/sub_23_wf/bold_task_bird_run_2_wf/bold_fit_wf/ds_boldreg_wf/sources".
250329-10:00:01,113 nipype.workflow INFO:
	 [Node] Executing "sources" <fmriprep.interfaces.bids.BIDSURI>
250329-10:00:01,114 nipype.workflow INFO:
	 [Node] Finished "sources", elapsed time 0.000262s.
250329-10:00:02,600 nipype.workflow INFO:
	 [Node] Setting-up "fmriprep_24_0_wf.sub_23_wf.bold_task_bird_run_3_wf.bold_fit_wf.enhance_and_skullstrip_bold_wf.first_dilate" in "/work_dir/fmriprep_24_0_wf/sub_23_wf/bold_task_bird_run_3_wf/bold_fit_wf/enhance_and_skullstrip_bold_wf/first_dilate".
250329-10:00:02,689 nipype.workflow INFO:
	 [Node] Executing "first_dilate" <niworkflows.interfaces.nibabel.BinaryDilation>
250329-10:00:03,288 nipype.workflow INFO:
	 [Node] Finished "skullstrip_first_pass", elapsed time 2.563418s.
250329-10:00:03,562 nipype.workflow INFO:
	 [Node] Finished "first_dilate", elapsed time 0.871833s.
250329-10:00:04,479 nipype.workflow INFO:
	 [Node] Finished "first_dilate", elapsed time 6.954763s.
250329-10:00:04,580 nipype.workflow INFO:
	 [Node] Setting-up "fmriprep_24_0_wf.sub_23_wf.bold_task_bird_run_3_wf.bold_fit_wf.ds_boldreg_wf.sources" in "/work_dir/fmriprep_24_0_wf/sub_23_wf/bold_task_bird_run_3_wf/bold_fit_wf/ds_boldreg_wf/sources".
250329-10:00:04,584 nipype.workflow INFO:
	 [Node] Executing "sources" <fmriprep.interfaces.bids.BIDSURI>
250329-10:00:04,585 nipype.workflow INFO:
	 [Node] Finished "sources", elapsed time 0.000262s.
250329-10:00:04,709 nipype.workflow INFO:
	 [Node] Setting-up "fmriprep_24_0_wf.sub_23_wf.bold_task_bird_run_5_wf.bold_fit_wf.enhance_and_skullstrip_bold_wf.first_dilate" in "/work_dir/fmriprep_24_0_wf/sub_23_wf/bold_task_bird_run_5_wf/bold_fit_wf/enhance_and_skullstrip_bold_wf/first_dilate".
250329-10:00:04,798 nipype.workflow INFO:
	 [Node] Executing "first_dilate" <niworkflows.interfaces.nibabel.BinaryDilation>
250329-10:00:05,580 nipype.workflow INFO:
	 [Node] Finished "first_dilate", elapsed time 0.781151s.
250329-10:00:06,584 nipype.workflow INFO:
	 [Node] Setting-up "fmriprep_24_0_wf.sub_23_wf.bold_task_bird_run_2_wf.bold_fit_wf.enhance_and_skullstrip_bold_wf.first_mask" in "/work_dir/fmriprep_24_0_wf/sub_23_wf/bold_task_bird_run_2_wf/bold_fit_wf/enhance_and_skullstrip_bold_wf/first_mask".
250329-10:00:06,587 nipype.workflow INFO:
	 [Node] Executing "first_mask" <niworkflows.interfaces.nibabel.ApplyMask>
250329-10:00:06,597 nipype.workflow INFO:
	 [Node] Setting-up "fmriprep_24_0_wf.sub_23_wf.bold_task_bird_run_3_wf.bold_fit_wf.enhance_and_skullstrip_bold_wf.first_mask" in "/work_dir/fmriprep_24_0_wf/sub_23_wf/bold_task_bird_run_3_wf/bold_fit_wf/enhance_and_skullstrip_bold_wf/first_mask".
250329-10:00:06,600 nipype.workflow INFO:
	 [Node] Executing "first_mask" <niworkflows.interfaces.nibabel.ApplyMask>
250329-10:00:06,764 nipype.workflow INFO:
	 [Node] Finished "first_mask", elapsed time 0.175542s.
250329-10:00:06,933 nipype.workflow INFO:
	 [Node] Finished "first_mask", elapsed time 0.331903s.
250329-10:00:08,577 nipype.workflow INFO:
	 [Node] Setting-up "fmriprep_24_0_wf.sub_23_wf.bold_task_bird_run_2_wf.bold_fit_wf.enhance_and_skullstrip_bold_wf.unifize" in "/work_dir/fmriprep_24_0_wf/sub_23_wf/bold_task_bird_run_2_wf/bold_fit_wf/enhance_and_skullstrip_bold_wf/unifize".
250329-10:00:08,583 nipype.workflow INFO:
	 [Node] Setting-up "fmriprep_24_0_wf.sub_23_wf.bold_task_bird_run_5_wf.bold_fit_wf.enhance_and_skullstrip_bold_wf.first_mask" in "/work_dir/fmriprep_24_0_wf/sub_23_wf/bold_task_bird_run_5_wf/bold_fit_wf/enhance_and_skullstrip_bold_wf/first_mask".
250329-10:00:08,586 nipype.workflow INFO:
	 [Node] Executing "first_mask" <niworkflows.interfaces.nibabel.ApplyMask>
250329-10:00:08,587 nipype.workflow INFO:
	 [Node] Executing "unifize" <nipype.interfaces.afni.utils.Unifize>
250329-10:00:08,904 nipype.workflow INFO:
	 [Node] Finished "first_mask", elapsed time 0.316799s.
250329-10:00:10,572 nipype.workflow INFO:
	 [Node] Setting-up "fmriprep_24_0_wf.sub_23_wf.bold_task_bird_run_3_wf.bold_fit_wf.enhance_and_skullstrip_bold_wf.unifize" in "/work_dir/fmriprep_24_0_wf/sub_23_wf/bold_task_bird_run_3_wf/bold_fit_wf/enhance_and_skullstrip_bold_wf/unifize".
250329-10:00:10,582 nipype.workflow INFO:
	 [Node] Executing "unifize" <nipype.interfaces.afni.utils.Unifize>
250329-10:00:22,352 nipype.workflow INFO:
	 [Node] Setting-up "fmriprep_24_0_wf.sub_23_wf.bold_task_bird_run_5_wf.bold_fit_wf.ds_boldreg_wf.sources" in "/work_dir/fmriprep_24_0_wf/sub_23_wf/bold_task_bird_run_5_wf/bold_fit_wf/ds_boldreg_wf/sources".
250329-10:00:22,417 nipype.workflow INFO:
	 [Node] Executing "sources" <fmriprep.interfaces.bids.BIDSURI>
250329-10:00:22,419 nipype.workflow INFO:
	 [Node] Finished "sources", elapsed time 0.000426s.
250329-10:00:24,952 nipype.workflow INFO:
	 [Node] Setting-up "fmriprep_24_0_wf.sub_23_wf.bold_task_bird_run_5_wf.bold_fit_wf.enhance_and_skullstrip_bold_wf.unifize" in "/work_dir/fmriprep_24_0_wf/sub_23_wf/bold_task_bird_run_5_wf/bold_fit_wf/enhance_and_skullstrip_bold_wf/unifize".
250329-10:00:24,973 nipype.workflow INFO:
	 [Node] Executing "unifize" <nipype.interfaces.afni.utils.Unifize>
250329-10:01:12,508 nipype.workflow INFO:
	 [Node] Finished "init_aff", elapsed time 169.240024s.
250329-10:01:14,581 nipype.workflow INFO:
	 [Node] Setting-up "fmriprep_24_0_wf.sub_23_wf.bold_task_bird_run_1_wf.bold_fit_wf.enhance_and_skullstrip_bold_wf.norm" in "/work_dir/fmriprep_24_0_wf/sub_23_wf/bold_task_bird_run_1_wf/bold_fit_wf/enhance_and_skullstrip_bold_wf/norm".
250329-10:01:14,590 nipype.workflow INFO:
	 [Node] Executing "norm" <niworkflows.interfaces.fixes.FixHeaderRegistration>
250329-10:01:17,898 nipype.workflow INFO:
	 [Node] Finished "mcflirt", elapsed time 319.62321s.
250329-10:01:18,391 nipype.workflow INFO:
	 [Node] Finished "norm", elapsed time 3.799144s.
250329-10:01:18,582 nipype.workflow INFO:
	 [Node] Setting-up "fmriprep_24_0_wf.sub_23_wf.bold_task_bird_run_3_wf.bold_fit_wf.bold_hmc_wf.normalize_motion" in "/work_dir/fmriprep_24_0_wf/sub_23_wf/bold_task_bird_run_3_wf/bold_fit_wf/bold_hmc_wf/normalize_motion".
250329-10:01:18,680 nipype.workflow INFO:
	 [Node] Executing "normalize_motion" <niworkflows.interfaces.confounds.NormalizeMotionParams>
250329-10:01:18,746 nipype.workflow INFO:
	 [Node] Finished "normalize_motion", elapsed time 0.025526s.
250329-10:01:20,660 nipype.workflow INFO:
	 [Node] Setting-up "fmriprep_24_0_wf.sub_23_wf.bold_task_bird_run_3_wf.bold_fit_wf.bold_hmc_wf.fsl2itk" in "/work_dir/fmriprep_24_0_wf/sub_23_wf/bold_task_bird_run_3_wf/bold_fit_wf/bold_hmc_wf/fsl2itk".
250329-10:01:20,702 nipype.workflow INFO:
	 [Node] Executing "fsl2itk" <niworkflows.interfaces.itk.MCFLIRT2ITK>
250329-10:01:20,702 nipype.interface WARNING:
	 Multithreading is deprecated. Remove the num_threads input.
250329-10:01:21,151 nipype.workflow INFO:
	 [Node] Finished "fsl2itk", elapsed time 0.448266s.
250329-10:01:21,210 nipype.workflow INFO:
	 [Node] Setting-up "fmriprep_24_0_wf.sub_23_wf.bold_task_bird_run_3_wf.bold_confounds_wf.fdisp" in "/work_dir/fmriprep_24_0_wf/sub_23_wf/bold_task_bird_run_3_wf/bold_confounds_wf/fdisp".
250329-10:01:21,609 nipype.workflow INFO:
	 [Node] Executing "fdisp" <nipype.algorithms.confounds.FramewiseDisplacement>
250329-10:01:21,618 nipype.workflow INFO:
	 [Node] Finished "fdisp", elapsed time 0.007607s.
250329-10:01:23,39 nipype.workflow INFO:
	 [Node] Setting-up "fmriprep_24_0_wf.sub_23_wf.bold_task_bird_run_1_wf.bold_fit_wf.enhance_and_skullstrip_bold_wf.map_brainmask" in "/work_dir/fmriprep_24_0_wf/sub_23_wf/bold_task_bird_run_1_wf/bold_fit_wf/enhance_and_skullstrip_bold_wf/map_brainmask".
250329-10:01:23,44 nipype.workflow INFO:
	 [Node] Executing "map_brainmask" <niworkflows.interfaces.fixes.FixHeaderApplyTransforms>
250329-10:01:23,985 nipype.workflow INFO:
	 [Node] Finished "map_brainmask", elapsed time 0.939985s.
250329-10:01:26,675 nipype.workflow INFO:
	 [Node] Setting-up "fmriprep_24_0_wf.sub_23_wf.bold_task_bird_run_1_wf.bold_fit_wf.enhance_and_skullstrip_bold_wf.n4_correct" in "/work_dir/fmriprep_24_0_wf/sub_23_wf/bold_task_bird_run_1_wf/bold_fit_wf/enhance_and_skullstrip_bold_wf/n4_correct".
250329-10:01:26,679 nipype.workflow INFO:
	 [Node] Executing "n4_correct" <niworkflows.interfaces.fixes.FixN4BiasFieldCorrection>
250329-10:01:26,863 nipype.workflow INFO:
	 [Node] Setting-up "fmriprep_24_0_wf.sub_23_wf.anat_fit_wf.surface_recon_wf.autorecon1" in "/work_dir/fmriprep_24_0_wf/sub_23_wf/anat_fit_wf/surface_recon_wf/autorecon1".
250329-10:01:26,884 nipype.workflow INFO:
	 [Node] Executing "autorecon1" <smriprep.interfaces.freesurfer.ReconAll>
250329-10:01:36,503 nipype.workflow INFO:
	 [Node] Finished "n4_correct", elapsed time 9.822986s.
250329-10:01:38,606 nipype.workflow INFO:
	 [Node] Setting-up "fmriprep_24_0_wf.sub_23_wf.bold_task_bird_run_1_wf.bold_fit_wf.enhance_and_skullstrip_bold_wf.skullstrip_first_pass" in "/work_dir/fmriprep_24_0_wf/sub_23_wf/bold_task_bird_run_1_wf/bold_fit_wf/enhance_and_skullstrip_bold_wf/skullstrip_first_pass".
250329-10:01:38,610 nipype.workflow INFO:
	 [Node] Executing "skullstrip_first_pass" <nipype.interfaces.fsl.preprocess.BET>
250329-10:01:41,592 nipype.workflow INFO:
	 [Node] Finished "skullstrip_first_pass", elapsed time 2.981948s.
250329-10:01:42,671 nipype.interface WARNING:
	 Changing /output/sub-23/func/sub-23_task-bird_run-1_desc-coreg_boldref.nii.gz dtype from uint16 to float32
250329-10:01:43,141 nipype.workflow INFO:
	 [Node] Setting-up "fmriprep_24_0_wf.sub_23_wf.bold_task_bird_run_1_wf.bold_fit_wf.enhance_and_skullstrip_bold_wf.first_dilate" in "/work_dir/fmriprep_24_0_wf/sub_23_wf/bold_task_bird_run_1_wf/bold_fit_wf/enhance_and_skullstrip_bold_wf/first_dilate".
250329-10:01:43,144 nipype.workflow INFO:
	 [Node] Executing "first_dilate" <niworkflows.interfaces.nibabel.BinaryDilation>
250329-10:01:44,740 nipype.workflow INFO:
	 [Node] Finished "first_dilate", elapsed time 1.5951689999999998s.
250329-10:01:49,257 nipype.workflow INFO:
	 [Node] Setting-up "fmriprep_24_0_wf.sub_23_wf.bold_task_bird_run_1_wf.bold_fit_wf.ds_boldreg_wf.sources" in "/work_dir/fmriprep_24_0_wf/sub_23_wf/bold_task_bird_run_1_wf/bold_fit_wf/ds_boldreg_wf/sources".
250329-10:01:49,267 nipype.workflow INFO:
	 [Node] Executing "sources" <fmriprep.interfaces.bids.BIDSURI>
250329-10:01:49,268 nipype.workflow INFO:
	 [Node] Finished "sources", elapsed time 0.000285s.
250329-10:01:50,507 nipype.workflow INFO:
	 [Node] Finished "mcflirt", elapsed time 324.287834s.
250329-10:01:50,599 nipype.workflow INFO:
	 [Node] Setting-up "fmriprep_24_0_wf.sub_23_wf.bold_task_bird_run_1_wf.bold_fit_wf.enhance_and_skullstrip_bold_wf.first_mask" in "/work_dir/fmriprep_24_0_wf/sub_23_wf/bold_task_bird_run_1_wf/bold_fit_wf/enhance_and_skullstrip_bold_wf/first_mask".
250329-10:01:50,603 nipype.workflow INFO:
	 [Node] Executing "first_mask" <niworkflows.interfaces.nibabel.ApplyMask>
250329-10:01:50,711 nipype.workflow INFO:
	 [Node] Finished "first_mask", elapsed time 0.107338s.
250329-10:01:52,818 nipype.workflow INFO:
	 [Node] Setting-up "fmriprep_24_0_wf.sub_23_wf.bold_task_bird_run_1_wf.bold_fit_wf.enhance_and_skullstrip_bold_wf.unifize" in "/work_dir/fmriprep_24_0_wf/sub_23_wf/bold_task_bird_run_1_wf/bold_fit_wf/enhance_and_skullstrip_bold_wf/unifize".
250329-10:01:52,836 nipype.workflow INFO:
	 [Node] Executing "unifize" <nipype.interfaces.afni.utils.Unifize>
250329-10:01:53,268 nipype.workflow INFO:
	 [Node] Setting-up "fmriprep_24_0_wf.sub_23_wf.bold_task_bird_run_2_wf.bold_fit_wf.bold_hmc_wf.normalize_motion" in "/work_dir/fmriprep_24_0_wf/sub_23_wf/bold_task_bird_run_2_wf/bold_fit_wf/bold_hmc_wf/normalize_motion".
250329-10:01:53,283 nipype.workflow INFO:
	 [Node] Executing "normalize_motion" <niworkflows.interfaces.confounds.NormalizeMotionParams>
250329-10:01:53,288 nipype.workflow INFO:
	 [Node] Finished "normalize_motion", elapsed time 0.004091s.
250329-10:01:54,692 nipype.workflow INFO:
	 [Node] Setting-up "fmriprep_24_0_wf.sub_23_wf.bold_task_bird_run_2_wf.bold_confounds_wf.fdisp" in "/work_dir/fmriprep_24_0_wf/sub_23_wf/bold_task_bird_run_2_wf/bold_confounds_wf/fdisp".
250329-10:01:55,531 nipype.workflow INFO:
	 [Node] Executing "fdisp" <nipype.algorithms.confounds.FramewiseDisplacement>
250329-10:01:55,535 nipype.workflow INFO:
	 [Node] Finished "fdisp", elapsed time 0.00306s.
250329-10:02:39,833 nipype.workflow INFO:
	 [Node] Finished "_inu_n40", elapsed time 175.869854s.
250329-10:02:40,812 nipype.workflow INFO:
	 [Node] Setting-up "fmriprep_24_0_wf.sub_23_wf.anat_fit_wf.brain_extraction_wf.res_target" in "/work_dir/fmriprep_24_0_wf/sub_23_wf/anat_fit_wf/brain_extraction_wf/res_target".
250329-10:02:40,814 nipype.workflow INFO:
	 [Node] Executing "res_target" <niworkflows.interfaces.nibabel.RegridToZooms>
250329-10:02:40,947 nipype.workflow INFO:
	 [Node] Setting-up "fmriprep_24_0_wf.sub_23_wf.bold_task_bird_run_2_wf.bold_fit_wf.bold_hmc_wf.fsl2itk" in "/work_dir/fmriprep_24_0_wf/sub_23_wf/bold_task_bird_run_2_wf/bold_fit_wf/bold_hmc_wf/fsl2itk".
250329-10:02:41,51 nipype.workflow INFO:
	 [Node] Executing "fsl2itk" <niworkflows.interfaces.itk.MCFLIRT2ITK>
250329-10:02:41,52 nipype.interface WARNING:
	 Multithreading is deprecated. Remove the num_threads input.
250329-10:02:41,426 nipype.workflow INFO:
	 [Node] Finished "init_aff", elapsed time 211.453595s.
250329-10:02:41,622 nipype.workflow INFO:
	 [Node] Finished "fsl2itk", elapsed time 0.569228s.
250329-10:02:42,141 nipype.workflow INFO:
	 [Node] Finished "res_target", elapsed time 1.32603s.
250329-10:02:42,814 nipype.workflow INFO:
	 [Node] Setting-up "fmriprep_24_0_wf.sub_23_wf.anat_fit_wf.brain_extraction_wf.init_aff" in "/work_dir/fmriprep_24_0_wf/sub_23_wf/anat_fit_wf/brain_extraction_wf/init_aff".
250329-10:02:42,815 nipype.workflow INFO:
	 [Node] Setting-up "fmriprep_24_0_wf.sub_23_wf.bold_task_bird_run_6_wf.bold_fit_wf.enhance_and_skullstrip_bold_wf.norm" in "/work_dir/fmriprep_24_0_wf/sub_23_wf/bold_task_bird_run_6_wf/bold_fit_wf/enhance_and_skullstrip_bold_wf/norm".
250329-10:02:42,819 nipype.workflow INFO:
	 [Node] Executing "init_aff" <nipype.interfaces.ants.utils.AI>
250329-10:02:42,829 nipype.workflow INFO:
	 [Node] Executing "norm" <niworkflows.interfaces.fixes.FixHeaderRegistration>
250329-10:02:42,850 nipype.workflow INFO:
	 [Node] Setting-up "fmriprep_24_0_wf.sub_23_wf.anat_fit_wf.brain_extraction_wf.lap_target" in "/work_dir/fmriprep_24_0_wf/sub_23_wf/anat_fit_wf/brain_extraction_wf/lap_target".
250329-10:02:42,853 nipype.workflow INFO:
	 [Node] Executing "lap_target" <nipype.interfaces.ants.utils.ImageMath>
250329-10:02:49,244 nipype.workflow INFO:
	 [Node] Finished "norm", elapsed time 6.413633s.
250329-10:02:50,662 nipype.workflow INFO:
	 [Node] Setting-up "fmriprep_24_0_wf.sub_23_wf.bold_task_bird_run_6_wf.bold_fit_wf.enhance_and_skullstrip_bold_wf.map_brainmask" in "/work_dir/fmriprep_24_0_wf/sub_23_wf/bold_task_bird_run_6_wf/bold_fit_wf/enhance_and_skullstrip_bold_wf/map_brainmask".
250329-10:02:50,668 nipype.workflow INFO:
	 [Node] Executing "map_brainmask" <niworkflows.interfaces.fixes.FixHeaderApplyTransforms>
250329-10:02:52,829 nipype.workflow INFO:
	 [Node] Finished "map_brainmask", elapsed time 2.159844s.
250329-10:02:55,879 nipype.workflow INFO:
	 [Node] Setting-up "fmriprep_24_0_wf.sub_23_wf.bold_task_bird_run_2_wf.bold_native_wf.boldref_bold" in "/work_dir/fmriprep_24_0_wf/sub_23_wf/bold_task_bird_run_2_wf/bold_native_wf/boldref_bold".
250329-10:02:55,884 nipype.workflow INFO:
	 [Node] Executing "boldref_bold" <fmriprep.interfaces.resampling.ResampleSeries>
250329-10:02:59,637 nipype.workflow INFO:
	 [Node] Finished "lap_target", elapsed time 15.877891s.
250329-10:03:00,583 nipype.workflow INFO:
	 [Node] Setting-up "fmriprep_24_0_wf.sub_23_wf.bold_task_bird_run_6_wf.bold_fit_wf.enhance_and_skullstrip_bold_wf.n4_correct" in "/work_dir/fmriprep_24_0_wf/sub_23_wf/bold_task_bird_run_6_wf/bold_fit_wf/enhance_and_skullstrip_bold_wf/n4_correct".
250329-10:03:00,586 nipype.workflow INFO:
	 [Node] Executing "n4_correct" <niworkflows.interfaces.fixes.FixN4BiasFieldCorrection>
250329-10:03:06,612 nipype.workflow INFO:
	 [Node] Finished "n4_correct", elapsed time 6.024693s.
250329-10:03:08,587 nipype.workflow INFO:
	 [Node] Setting-up "fmriprep_24_0_wf.sub_23_wf.bold_task_bird_run_6_wf.bold_fit_wf.enhance_and_skullstrip_bold_wf.skullstrip_first_pass" in "/work_dir/fmriprep_24_0_wf/sub_23_wf/bold_task_bird_run_6_wf/bold_fit_wf/enhance_and_skullstrip_bold_wf/skullstrip_first_pass".
250329-10:03:08,624 nipype.workflow INFO:
	 [Node] Executing "skullstrip_first_pass" <nipype.interfaces.fsl.preprocess.BET>
250329-10:03:12,548 nipype.workflow INFO:
	 [Node] Finished "skullstrip_first_pass", elapsed time 3.9233000000000002s.
250329-10:03:14,938 nipype.interface WARNING:
	 Changing /output/sub-23/func/sub-23_task-bird_run-6_desc-coreg_boldref.nii.gz dtype from uint16 to float32
250329-10:03:16,161 nipype.workflow INFO:
	 [Node] Setting-up "fmriprep_24_0_wf.sub_23_wf.anat_fit_wf.brain_extraction_wf.mrg_target" in "/work_dir/fmriprep_24_0_wf/sub_23_wf/anat_fit_wf/brain_extraction_wf/mrg_target".
250329-10:03:16,165 nipype.workflow INFO:
	 [Node] Executing "mrg_target" <nipype.interfaces.utility.base.Merge>
250329-10:03:16,166 nipype.workflow INFO:
	 [Node] Finished "mrg_target", elapsed time 0.000245s.
250329-10:03:16,928 nipype.workflow INFO:
	 [Node] Setting-up "fmriprep_24_0_wf.sub_23_wf.bold_task_bird_run_6_wf.bold_fit_wf.enhance_and_skullstrip_bold_wf.first_dilate" in "/work_dir/fmriprep_24_0_wf/sub_23_wf/bold_task_bird_run_6_wf/bold_fit_wf/enhance_and_skullstrip_bold_wf/first_dilate".
250329-10:03:16,931 nipype.workflow INFO:
	 [Node] Executing "first_dilate" <niworkflows.interfaces.nibabel.BinaryDilation>
250329-10:03:19,578 nipype.workflow INFO:
	 [Node] Finished "first_dilate", elapsed time 2.646245s.
250329-10:03:20,825 nipype.workflow INFO:
	 [Node] Setting-up "fmriprep_24_0_wf.sub_23_wf.bold_task_bird_run_6_wf.bold_fit_wf.ds_boldreg_wf.sources" in "/work_dir/fmriprep_24_0_wf/sub_23_wf/bold_task_bird_run_6_wf/bold_fit_wf/ds_boldreg_wf/sources".
250329-10:03:20,829 nipype.workflow INFO:
	 [Node] Executing "sources" <fmriprep.interfaces.bids.BIDSURI>
250329-10:03:20,830 nipype.workflow INFO:
	 [Node] Finished "sources", elapsed time 0.000266s.
250329-10:03:22,908 nipype.workflow INFO:
	 [Node] Setting-up "fmriprep_24_0_wf.sub_23_wf.bold_task_bird_run_6_wf.bold_fit_wf.enhance_and_skullstrip_bold_wf.first_mask" in "/work_dir/fmriprep_24_0_wf/sub_23_wf/bold_task_bird_run_6_wf/bold_fit_wf/enhance_and_skullstrip_bold_wf/first_mask".
250329-10:03:22,912 nipype.workflow INFO:
	 [Node] Executing "first_mask" <niworkflows.interfaces.nibabel.ApplyMask>
250329-10:03:23,34 nipype.workflow INFO:
	 [Node] Finished "first_mask", elapsed time 0.121808s.
250329-10:03:24,811 nipype.workflow INFO:
	 [Node] Setting-up "fmriprep_24_0_wf.sub_23_wf.bold_task_bird_run_6_wf.bold_fit_wf.enhance_and_skullstrip_bold_wf.unifize" in "/work_dir/fmriprep_24_0_wf/sub_23_wf/bold_task_bird_run_6_wf/bold_fit_wf/enhance_and_skullstrip_bold_wf/unifize".
250329-10:03:24,821 nipype.workflow INFO:
	 [Node] Executing "unifize" <nipype.interfaces.afni.utils.Unifize>
250329-10:04:07,629 nipype.workflow INFO:
	 [Node] Finished "init_aff", elapsed time 84.009971s.
250329-10:04:08,781 nipype.workflow INFO:
	 [Node] Setting-up "fmriprep_24_0_wf.sub_23_wf.bold_task_bird_run_3_wf.bold_native_wf.boldref_bold" in "/work_dir/fmriprep_24_0_wf/sub_23_wf/bold_task_bird_run_3_wf/bold_native_wf/boldref_bold".
250329-10:04:08,801 nipype.workflow INFO:
	 [Node] Executing "boldref_bold" <fmriprep.interfaces.resampling.ResampleSeries>
250329-10:05:24,91 nipype.workflow INFO:
	 [Node] Finished "boldref_bold", elapsed time 75.288246s.
250329-10:05:24,873 nipype.workflow INFO:
	 [Node] Setting-up "fmriprep_24_0_wf.sub_23_wf.bold_task_bird_run_4_wf.bold_native_wf.boldref_bold" in "/work_dir/fmriprep_24_0_wf/sub_23_wf/bold_task_bird_run_4_wf/bold_native_wf/boldref_bold".
250329-10:05:24,878 nipype.workflow INFO:
	 [Node] Executing "boldref_bold" <fmriprep.interfaces.resampling.ResampleSeries>
250329-10:05:40,386 nipype.workflow INFO:
	 [Node] Finished "boldref_bold", elapsed time 164.499897s.
250329-10:05:47,110 nipype.workflow INFO:
	 [Node] Setting-up "fmriprep_24_0_wf.sub_23_wf.bold_task_bird_run_5_wf.bold_native_wf.boldref_bold" in "/work_dir/fmriprep_24_0_wf/sub_23_wf/bold_task_bird_run_5_wf/bold_native_wf/boldref_bold".
250329-10:05:47,172 nipype.workflow INFO:
	 [Node] Executing "boldref_bold" <fmriprep.interfaces.resampling.ResampleSeries>
250329-10:06:45,735 nipype.workflow INFO:
	 [Node] Finished "boldref_bold", elapsed time 80.85473s.
250329-10:06:46,622 nipype.workflow INFO:
	 [Node] Setting-up "fmriprep_24_0_wf.sub_23_wf.anat_fit_wf.brain_extraction_wf.norm" in "/work_dir/fmriprep_24_0_wf/sub_23_wf/anat_fit_wf/brain_extraction_wf/norm".
250329-10:06:46,637 nipype.workflow INFO:
	 [Node] Executing "norm" <niworkflows.interfaces.fixes.FixHeaderRegistration>
250329-10:07:04,885 nipype.workflow INFO:
	 [Node] Finished "boldref_bold", elapsed time 77.711274s.
250329-10:07:06,610 nipype.workflow INFO:
	 [Node] Setting-up "fmriprep_24_0_wf.sub_23_wf.bold_task_bird_run_2_wf.ds_bold_native_wf.ds_bold" in "/work_dir/fmriprep_24_0_wf/sub_23_wf/bold_task_bird_run_2_wf/ds_bold_native_wf/ds_bold".
250329-10:07:06,636 nipype.workflow INFO:
	 [Node] Setting-up "fmriprep_24_0_wf.sub_23_wf.bold_task_bird_run_4_wf.ds_bold_native_wf.ds_bold" in "/work_dir/fmriprep_24_0_wf/sub_23_wf/bold_task_bird_run_4_wf/ds_bold_native_wf/ds_bold".
250329-10:07:06,649 nipype.workflow INFO:
	 [Node] Setting-up "fmriprep_24_0_wf.sub_23_wf.bold_task_bird_run_5_wf.ds_bold_native_wf.ds_bold" in "/work_dir/fmriprep_24_0_wf/sub_23_wf/bold_task_bird_run_5_wf/ds_bold_native_wf/ds_bold".
250329-10:07:06,865 nipype.workflow INFO:
	 [Node] Executing "ds_bold" <fmriprep.interfaces.DerivativesDataSink>
250329-10:07:07,78 nipype.workflow INFO:
	 [Node] Executing "ds_bold" <fmriprep.interfaces.DerivativesDataSink>
250329-10:07:07,363 nipype.workflow INFO:
	 [Node] Executing "ds_bold" <fmriprep.interfaces.DerivativesDataSink>
250329-10:07:08,714 nipype.workflow INFO:
	 [Node] Setting-up "fmriprep_24_0_wf.sub_23_wf.bold_task_bird_run_3_wf.ds_bold_native_wf.ds_bold" in "/work_dir/fmriprep_24_0_wf/sub_23_wf/bold_task_bird_run_3_wf/ds_bold_native_wf/ds_bold".
250329-10:07:09,200 nipype.workflow INFO:
	 [Node] Executing "ds_bold" <fmriprep.interfaces.DerivativesDataSink>
250329-10:08:10,360 nipype.workflow INFO:
	 [Node] Finished "ds_bold", elapsed time 63.492876s.
250329-10:08:11,613 nipype.workflow INFO:
	 [Node] Finished "ds_bold", elapsed time 64.533993s.
250329-10:08:13,51 nipype.workflow INFO:
	 [Node] Finished "ds_bold", elapsed time 65.687408s.
250329-10:08:14,863 nipype.workflow INFO:
	 [Node] Finished "ds_bold", elapsed time 65.661728s.
250329-10:09:58,93 nipype.workflow INFO:
	 [Node] Finished "unifize", elapsed time 587.510476s.
250329-10:09:58,690 nipype.workflow INFO:
	 [Node] Setting-up "fmriprep_24_0_wf.sub_23_wf.bold_task_bird_run_3_wf.bold_fit_wf.enhance_and_skullstrip_bold_wf.fixhdr_unifize" in "/work_dir/fmriprep_24_0_wf/sub_23_wf/bold_task_bird_run_3_wf/bold_fit_wf/enhance_and_skullstrip_bold_wf/fixhdr_unifize".
250329-10:09:58,915 nipype.workflow INFO:
	 [Node] Executing "fixhdr_unifize" <niworkflows.interfaces.header.CopyXForm>
250329-10:09:59,164 nipype.workflow INFO:
	 [Node] Finished "fixhdr_unifize", elapsed time 0.247619s.
250329-10:10:00,954 nipype.workflow INFO:
	 [Node] Setting-up "fmriprep_24_0_wf.sub_23_wf.bold_task_bird_run_3_wf.bold_fit_wf.enhance_and_skullstrip_bold_wf.skullstrip_second_pass" in "/work_dir/fmriprep_24_0_wf/sub_23_wf/bold_task_bird_run_3_wf/bold_fit_wf/enhance_and_skullstrip_bold_wf/skullstrip_second_pass".
250329-10:10:00,958 nipype.workflow INFO:
	 [Node] Executing "skullstrip_second_pass" <nipype.interfaces.afni.preprocess.Automask>
250329-10:10:01,852 nipype.workflow INFO:
	 [Node] Finished "skullstrip_second_pass", elapsed time 0.893469s.
250329-10:10:02,700 nipype.workflow INFO:
	 [Node] Setting-up "fmriprep_24_0_wf.sub_23_wf.bold_task_bird_run_3_wf.bold_fit_wf.enhance_and_skullstrip_bold_wf.fixhdr_skullstrip2" in "/work_dir/fmriprep_24_0_wf/sub_23_wf/bold_task_bird_run_3_wf/bold_fit_wf/enhance_and_skullstrip_bold_wf/fixhdr_skullstrip2".
250329-10:10:02,762 nipype.workflow INFO:
	 [Node] Executing "fixhdr_skullstrip2" <niworkflows.interfaces.header.CopyXForm>
250329-10:10:02,838 nipype.workflow INFO:
	 [Node] Finished "fixhdr_skullstrip2", elapsed time 0.074852s.
250329-10:10:04,647 nipype.workflow INFO:
	 [Node] Setting-up "fmriprep_24_0_wf.sub_23_wf.bold_task_bird_run_3_wf.bold_fit_wf.enhance_and_skullstrip_bold_wf.combine_masks" in "/work_dir/fmriprep_24_0_wf/sub_23_wf/bold_task_bird_run_3_wf/bold_fit_wf/enhance_and_skullstrip_bold_wf/combine_masks".
250329-10:10:04,651 nipype.workflow INFO:
	 [Node] Executing "combine_masks" <nipype.interfaces.fsl.maths.BinaryMaths>
250329-10:10:05,111 nipype.workflow INFO:
	 [Node] Finished "combine_masks", elapsed time 0.458596s.
250329-10:10:06,728 nipype.workflow INFO:
	 [Node] Setting-up "fmriprep_24_0_wf.sub_23_wf.bold_task_bird_run_3_wf.bold_fit_wf.enhance_and_skullstrip_bold_wf.apply_mask" in "/work_dir/fmriprep_24_0_wf/sub_23_wf/bold_task_bird_run_3_wf/bold_fit_wf/enhance_and_skullstrip_bold_wf/apply_mask".
250329-10:10:06,737 nipype.workflow INFO:
	 [Node] Executing "apply_mask" <niworkflows.interfaces.nibabel.ApplyMask>
250329-10:10:06,800 nipype.interface WARNING:
	 Changing /output/sub-23/func/sub-23_task-bird_run-3_desc-brain_mask.nii.gz dtype from float32 to uint8
250329-10:10:07,47 nipype.workflow INFO:
	 [Node] Finished "apply_mask", elapsed time 0.309191s.
250329-10:10:08,636 nipype.workflow INFO:
	 [Node] Setting-up "fmriprep_24_0_wf.sub_23_wf.bold_task_bird_run_3_wf.bold_confounds_wf.dvars" in "/work_dir/fmriprep_24_0_wf/sub_23_wf/bold_task_bird_run_3_wf/bold_confounds_wf/dvars".
250329-10:10:08,639 nipype.workflow INFO:
	 [Node] Setting-up "fmriprep_24_0_wf.sub_23_wf.bold_task_bird_run_3_wf.bold_confounds_wf.tcompcor" in "/work_dir/fmriprep_24_0_wf/sub_23_wf/bold_task_bird_run_3_wf/bold_confounds_wf/tcompcor".
250329-10:10:08,945 nipype.workflow INFO:
	 [Node] Executing "dvars" <nipype.algorithms.confounds.ComputeDVARS>
250329-10:10:09,136 nipype.workflow INFO:
	 [Node] Executing "tcompcor" <niworkflows.interfaces.patches.RobustTCompCor>
250329-10:10:27,724 nipype.workflow INFO:
	 [Node] Finished "tcompcor", elapsed time 18.587307s.
250329-10:10:28,943 nipype.workflow INFO:
	 [Node] Setting-up "fmriprep_24_0_wf.sub_23_wf.bold_task_bird_run_3_wf.bold_confounds_wf.tcc_metadata_filter" in "/work_dir/fmriprep_24_0_wf/sub_23_wf/bold_task_bird_run_3_wf/bold_confounds_wf/tcc_metadata_filter".
250329-10:10:28,947 nipype.workflow INFO:
	 [Node] Executing "tcc_metadata_filter" <fmriprep.interfaces.confounds.FilterDropped>
250329-10:10:28,972 nipype.workflow INFO:
	 [Node] Finished "tcc_metadata_filter", elapsed time 0.023632s.
250329-10:10:31,24 nipype.workflow INFO:
	 [Node] Setting-up "fmriprep_24_0_wf.sub_23_wf.bold_task_bird_run_3_wf.bold_confounds_wf.tcc_metadata_fmt" in "/work_dir/fmriprep_24_0_wf/sub_23_wf/bold_task_bird_run_3_wf/bold_confounds_wf/tcc_metadata_fmt".
250329-10:10:33,700 nipype.workflow INFO:
	 [Node] Executing "tcc_metadata_fmt" <niworkflows.interfaces.utility.TSV2JSON>
250329-10:10:33,709 nipype.workflow INFO:
	 [Node] Finished "tcc_metadata_fmt", elapsed time 0.008395s.
250329-10:10:34,360 nipype.workflow INFO:
	 [Node] Finished "mcflirt", elapsed time 767.670992s.
250329-10:10:37,10 nipype.workflow INFO:
	 [Node] Setting-up "fmriprep_24_0_wf.sub_23_wf.bold_task_bird_run_1_wf.bold_fit_wf.bold_hmc_wf.normalize_motion" in "/work_dir/fmriprep_24_0_wf/sub_23_wf/bold_task_bird_run_1_wf/bold_fit_wf/bold_hmc_wf/normalize_motion".
250329-10:10:37,38 nipype.workflow INFO:
	 [Node] Executing "normalize_motion" <niworkflows.interfaces.confounds.NormalizeMotionParams>
250329-10:10:37,42 nipype.workflow INFO:
	 [Node] Finished "normalize_motion", elapsed time 0.003939s.
250329-10:10:37,489 nipype.workflow INFO:
	 [Node] Setting-up "fmriprep_24_0_wf.sub_23_wf.bold_task_bird_run_1_wf.bold_fit_wf.bold_hmc_wf.fsl2itk" in "/work_dir/fmriprep_24_0_wf/sub_23_wf/bold_task_bird_run_1_wf/bold_fit_wf/bold_hmc_wf/fsl2itk".
250329-10:10:37,618 nipype.workflow INFO:
	 [Node] Executing "fsl2itk" <niworkflows.interfaces.itk.MCFLIRT2ITK>
250329-10:10:37,619 nipype.interface WARNING:
	 Multithreading is deprecated. Remove the num_threads input.
250329-10:10:38,57 nipype.workflow INFO:
	 [Node] Finished "fsl2itk", elapsed time 0.438054s.
250329-10:10:39,694 nipype.workflow INFO:
	 [Node] Setting-up "fmriprep_24_0_wf.sub_23_wf.bold_task_bird_run_1_wf.bold_confounds_wf.fdisp" in "/work_dir/fmriprep_24_0_wf/sub_23_wf/bold_task_bird_run_1_wf/bold_confounds_wf/fdisp".
250329-10:10:39,737 nipype.workflow INFO:
	 [Node] Executing "fdisp" <nipype.algorithms.confounds.FramewiseDisplacement>
250329-10:10:39,742 nipype.workflow INFO:
	 [Node] Finished "fdisp", elapsed time 0.003831s.
250329-10:10:41,344 nipype.workflow INFO:
	 [Node] Finished "mcflirt", elapsed time 784.683423s.
250329-10:10:41,724 nipype.workflow INFO:
	 [Node] Setting-up "fmriprep_24_0_wf.sub_23_wf.bold_task_bird_run_1_wf.bold_native_wf.boldref_bold" in "/work_dir/fmriprep_24_0_wf/sub_23_wf/bold_task_bird_run_1_wf/bold_native_wf/boldref_bold".
250329-10:10:41,739 nipype.workflow INFO:
	 [Node] Executing "boldref_bold" <fmriprep.interfaces.resampling.ResampleSeries>
250329-10:10:43,913 nipype.workflow INFO:
	 [Node] Setting-up "fmriprep_24_0_wf.sub_23_wf.bold_task_bird_run_6_wf.bold_fit_wf.bold_hmc_wf.normalize_motion" in "/work_dir/fmriprep_24_0_wf/sub_23_wf/bold_task_bird_run_6_wf/bold_fit_wf/bold_hmc_wf/normalize_motion".
250329-10:10:43,941 nipype.workflow INFO:
	 [Node] Executing "normalize_motion" <niworkflows.interfaces.confounds.NormalizeMotionParams>
250329-10:10:43,946 nipype.workflow INFO:
	 [Node] Finished "normalize_motion", elapsed time 0.004065s.
250329-10:10:44,925 nipype.workflow INFO:
	 [Node] Setting-up "fmriprep_24_0_wf.sub_23_wf.bold_task_bird_run_6_wf.bold_confounds_wf.fdisp" in "/work_dir/fmriprep_24_0_wf/sub_23_wf/bold_task_bird_run_6_wf/bold_confounds_wf/fdisp".
250329-10:10:44,934 nipype.workflow INFO:
	 [Node] Executing "fdisp" <nipype.algorithms.confounds.FramewiseDisplacement>
250329-10:10:44,956 nipype.workflow INFO:
	 [Node] Finished "fdisp", elapsed time 0.004587s.
250329-10:11:36,316 nipype.workflow INFO:
	 [Node] Finished "dvars", elapsed time 87.369931s.
250329-10:11:38,489 nipype.workflow INFO:
	 [Node] Finished "unifize", elapsed time 689.9014s.
250329-10:11:41,146 nipype.workflow INFO:
	 [Node] Setting-up "fmriprep_24_0_wf.sub_23_wf.bold_task_bird_run_2_wf.bold_fit_wf.enhance_and_skullstrip_bold_wf.fixhdr_unifize" in "/work_dir/fmriprep_24_0_wf/sub_23_wf/bold_task_bird_run_2_wf/bold_fit_wf/enhance_and_skullstrip_bold_wf/fixhdr_unifize".
250329-10:11:41,151 nipype.workflow INFO:
	 [Node] Executing "fixhdr_unifize" <niworkflows.interfaces.header.CopyXForm>
250329-10:11:41,270 nipype.workflow INFO:
	 [Node] Finished "fixhdr_unifize", elapsed time 0.11763s.
250329-10:11:42,951 nipype.workflow INFO:
	 [Node] Setting-up "fmriprep_24_0_wf.sub_23_wf.bold_task_bird_run_2_wf.bold_fit_wf.enhance_and_skullstrip_bold_wf.skullstrip_second_pass" in "/work_dir/fmriprep_24_0_wf/sub_23_wf/bold_task_bird_run_2_wf/bold_fit_wf/enhance_and_skullstrip_bold_wf/skullstrip_second_pass".
250329-10:11:42,961 nipype.workflow INFO:
	 [Node] Executing "skullstrip_second_pass" <nipype.interfaces.afni.preprocess.Automask>
250329-10:11:43,626 nipype.workflow INFO:
	 [Node] Finished "skullstrip_second_pass", elapsed time 0.663852s.
250329-10:11:45,149 nipype.workflow INFO:
	 [Node] Setting-up "fmriprep_24_0_wf.sub_23_wf.bold_task_bird_run_2_wf.bold_fit_wf.enhance_and_skullstrip_bold_wf.fixhdr_skullstrip2" in "/work_dir/fmriprep_24_0_wf/sub_23_wf/bold_task_bird_run_2_wf/bold_fit_wf/enhance_and_skullstrip_bold_wf/fixhdr_skullstrip2".
250329-10:11:45,277 nipype.workflow INFO:
	 [Node] Executing "fixhdr_skullstrip2" <niworkflows.interfaces.header.CopyXForm>
250329-10:11:45,392 nipype.workflow INFO:
	 [Node] Finished "fixhdr_skullstrip2", elapsed time 0.114017s.
250329-10:11:47,79 nipype.workflow INFO:
	 [Node] Setting-up "fmriprep_24_0_wf.sub_23_wf.bold_task_bird_run_2_wf.bold_fit_wf.enhance_and_skullstrip_bold_wf.combine_masks" in "/work_dir/fmriprep_24_0_wf/sub_23_wf/bold_task_bird_run_2_wf/bold_fit_wf/enhance_and_skullstrip_bold_wf/combine_masks".
250329-10:11:47,108 nipype.workflow INFO:
	 [Node] Executing "combine_masks" <nipype.interfaces.fsl.maths.BinaryMaths>
250329-10:11:47,594 nipype.workflow INFO:
	 [Node] Finished "combine_masks", elapsed time 0.484538s.
250329-10:11:48,865 nipype.workflow INFO:
	 [Node] Setting-up "fmriprep_24_0_wf.sub_23_wf.bold_task_bird_run_2_wf.bold_fit_wf.enhance_and_skullstrip_bold_wf.apply_mask" in "/work_dir/fmriprep_24_0_wf/sub_23_wf/bold_task_bird_run_2_wf/bold_fit_wf/enhance_and_skullstrip_bold_wf/apply_mask".
250329-10:11:48,893 nipype.workflow INFO:
	 [Node] Executing "apply_mask" <niworkflows.interfaces.nibabel.ApplyMask>
250329-10:11:48,984 nipype.interface WARNING:
	 Changing /output/sub-23/func/sub-23_task-bird_run-2_desc-brain_mask.nii.gz dtype from float32 to uint8
250329-10:11:49,100 nipype.workflow INFO:
	 [Node] Finished "apply_mask", elapsed time 0.204613s.
250329-10:11:51,4 nipype.workflow INFO:
	 [Node] Setting-up "fmriprep_24_0_wf.sub_23_wf.bold_task_bird_run_2_wf.bold_confounds_wf.tcompcor" in "/work_dir/fmriprep_24_0_wf/sub_23_wf/bold_task_bird_run_2_wf/bold_confounds_wf/tcompcor".
250329-10:11:51,28 nipype.workflow INFO:
	 [Node] Setting-up "fmriprep_24_0_wf.sub_23_wf.bold_task_bird_run_2_wf.bold_confounds_wf.dvars" in "/work_dir/fmriprep_24_0_wf/sub_23_wf/bold_task_bird_run_2_wf/bold_confounds_wf/dvars".
250329-10:11:51,37 nipype.workflow INFO:
	 [Node] Executing "tcompcor" <niworkflows.interfaces.patches.RobustTCompCor>
250329-10:11:51,49 nipype.workflow INFO:
	 [Node] Executing "dvars" <nipype.algorithms.confounds.ComputeDVARS>
250329-10:12:03,572 nipype.workflow INFO:
	 [Node] Finished "unifize", elapsed time 775.987745s.
250329-10:12:04,848 nipype.workflow INFO:
	 [Node] Setting-up "fmriprep_24_0_wf.sub_23_wf.bold_task_bird_run_4_wf.bold_fit_wf.enhance_and_skullstrip_bold_wf.fixhdr_unifize" in "/work_dir/fmriprep_24_0_wf/sub_23_wf/bold_task_bird_run_4_wf/bold_fit_wf/enhance_and_skullstrip_bold_wf/fixhdr_unifize".
250329-10:12:04,854 nipype.workflow INFO:
	 [Node] Executing "fixhdr_unifize" <niworkflows.interfaces.header.CopyXForm>
250329-10:12:05,49 nipype.workflow INFO:
	 [Node] Finished "fixhdr_unifize", elapsed time 0.194517s.
250329-10:12:06,736 nipype.workflow INFO:
	 [Node] Setting-up "fmriprep_24_0_wf.sub_23_wf.bold_task_bird_run_4_wf.bold_fit_wf.enhance_and_skullstrip_bold_wf.skullstrip_second_pass" in "/work_dir/fmriprep_24_0_wf/sub_23_wf/bold_task_bird_run_4_wf/bold_fit_wf/enhance_and_skullstrip_bold_wf/skullstrip_second_pass".
250329-10:12:06,746 nipype.workflow INFO:
	 [Node] Executing "skullstrip_second_pass" <nipype.interfaces.afni.preprocess.Automask>
250329-10:12:07,416 nipype.workflow INFO:
	 [Node] Finished "tcompcor", elapsed time 16.376208s.
250329-10:12:07,534 nipype.workflow INFO:
	 [Node] Finished "skullstrip_second_pass", elapsed time 0.787128s.
250329-10:12:08,732 nipype.workflow INFO:
	 [Node] Setting-up "fmriprep_24_0_wf.sub_23_wf.bold_task_bird_run_4_wf.bold_fit_wf.enhance_and_skullstrip_bold_wf.fixhdr_skullstrip2" in "/work_dir/fmriprep_24_0_wf/sub_23_wf/bold_task_bird_run_4_wf/bold_fit_wf/enhance_and_skullstrip_bold_wf/fixhdr_skullstrip2".
250329-10:12:08,735 nipype.workflow INFO:
	 [Node] Executing "fixhdr_skullstrip2" <niworkflows.interfaces.header.CopyXForm>
250329-10:12:08,827 nipype.workflow INFO:
	 [Node] Finished "fixhdr_skullstrip2", elapsed time 0.091174s.
250329-10:12:09,384 nipype.workflow INFO:
	 [Node] Setting-up "fmriprep_24_0_wf.sub_23_wf.bold_task_bird_run_2_wf.bold_confounds_wf.tcc_metadata_filter" in "/work_dir/fmriprep_24_0_wf/sub_23_wf/bold_task_bird_run_2_wf/bold_confounds_wf/tcc_metadata_filter".
250329-10:12:09,393 nipype.workflow INFO:
	 [Node] Executing "tcc_metadata_filter" <fmriprep.interfaces.confounds.FilterDropped>
250329-10:12:09,400 nipype.workflow INFO:
	 [Node] Finished "tcc_metadata_filter", elapsed time 0.006199s.
250329-10:12:10,689 nipype.workflow INFO:
	 [Node] Setting-up "fmriprep_24_0_wf.sub_23_wf.bold_task_bird_run_4_wf.bold_fit_wf.enhance_and_skullstrip_bold_wf.combine_masks" in "/work_dir/fmriprep_24_0_wf/sub_23_wf/bold_task_bird_run_4_wf/bold_fit_wf/enhance_and_skullstrip_bold_wf/combine_masks".
250329-10:12:10,700 nipype.workflow INFO:
	 [Node] Executing "combine_masks" <nipype.interfaces.fsl.maths.BinaryMaths>
250329-10:12:10,708 nipype.workflow INFO:
	 [Node] Setting-up "fmriprep_24_0_wf.sub_23_wf.bold_task_bird_run_2_wf.bold_confounds_wf.tcc_metadata_fmt" in "/work_dir/fmriprep_24_0_wf/sub_23_wf/bold_task_bird_run_2_wf/bold_confounds_wf/tcc_metadata_fmt".
250329-10:12:10,952 nipype.workflow INFO:
	 [Node] Finished "combine_masks", elapsed time 0.25085s.
250329-10:12:11,964 nipype.workflow INFO:
	 [Node] Finished "boldref_bold", elapsed time 90.223726s.
250329-10:12:12,692 nipype.workflow INFO:
	 [Node] Setting-up "fmriprep_24_0_wf.sub_23_wf.bold_task_bird_run_1_wf.ds_bold_native_wf.ds_bold" in "/work_dir/fmriprep_24_0_wf/sub_23_wf/bold_task_bird_run_1_wf/ds_bold_native_wf/ds_bold".
250329-10:12:12,693 nipype.workflow INFO:
	 [Node] Setting-up "fmriprep_24_0_wf.sub_23_wf.bold_task_bird_run_6_wf.bold_fit_wf.bold_hmc_wf.fsl2itk" in "/work_dir/fmriprep_24_0_wf/sub_23_wf/bold_task_bird_run_6_wf/bold_fit_wf/bold_hmc_wf/fsl2itk".
250329-10:12:12,703 nipype.workflow INFO:
	 [Node] Setting-up "fmriprep_24_0_wf.sub_23_wf.bold_task_bird_run_4_wf.bold_fit_wf.enhance_and_skullstrip_bold_wf.apply_mask" in "/work_dir/fmriprep_24_0_wf/sub_23_wf/bold_task_bird_run_4_wf/bold_fit_wf/enhance_and_skullstrip_bold_wf/apply_mask".
250329-10:12:12,720 nipype.workflow INFO:
	 [Node] Executing "apply_mask" <niworkflows.interfaces.nibabel.ApplyMask>
250329-10:12:12,775 nipype.workflow INFO:
	 [Node] Executing "fsl2itk" <niworkflows.interfaces.itk.MCFLIRT2ITK>
250329-10:12:12,776 nipype.interface WARNING:
	 Multithreading is deprecated. Remove the num_threads input.
250329-10:12:12,784 nipype.interface WARNING:
	 Changing /output/sub-23/func/sub-23_task-bird_run-4_desc-brain_mask.nii.gz dtype from float32 to uint8
250329-10:12:12,888 nipype.workflow INFO:
	 [Node] Executing "ds_bold" <fmriprep.interfaces.DerivativesDataSink>
250329-10:12:12,939 nipype.workflow INFO:
	 [Node] Finished "apply_mask", elapsed time 0.21784s.
250329-10:12:13,343 nipype.workflow INFO:
	 [Node] Finished "fsl2itk", elapsed time 0.555216s.
250329-10:12:15,200 nipype.workflow INFO:
	 [Node] Setting-up "fmriprep_24_0_wf.sub_23_wf.bold_task_bird_run_4_wf.bold_confounds_wf.dvars" in "/work_dir/fmriprep_24_0_wf/sub_23_wf/bold_task_bird_run_4_wf/bold_confounds_wf/dvars".
250329-10:12:15,210 nipype.workflow INFO:
	 [Node] Setting-up "fmriprep_24_0_wf.sub_23_wf.bold_task_bird_run_4_wf.bold_confounds_wf.tcompcor" in "/work_dir/fmriprep_24_0_wf/sub_23_wf/bold_task_bird_run_4_wf/bold_confounds_wf/tcompcor".
250329-10:12:15,424 nipype.workflow INFO:
	 [Node] Executing "tcompcor" <niworkflows.interfaces.patches.RobustTCompCor>
250329-10:12:15,619 nipype.workflow INFO:
	 [Node] Executing "tcc_metadata_fmt" <niworkflows.interfaces.utility.TSV2JSON>
250329-10:12:15,644 nipype.workflow INFO:
	 [Node] Finished "tcc_metadata_fmt", elapsed time 0.022805s.
250329-10:12:17,23 nipype.workflow INFO:
	 [Node] Setting-up "fmriprep_24_0_wf.sub_23_wf.bold_task_bird_run_6_wf.bold_native_wf.boldref_bold" in "/work_dir/fmriprep_24_0_wf/sub_23_wf/bold_task_bird_run_6_wf/bold_native_wf/boldref_bold".
250329-10:12:17,31 nipype.workflow INFO:
	 [Node] Executing "boldref_bold" <fmriprep.interfaces.resampling.ResampleSeries>
250329-10:12:20,236 nipype.workflow INFO:
	 [Node] Executing "dvars" <nipype.algorithms.confounds.ComputeDVARS>
250329-10:12:26,64 nipype.workflow INFO:
	 [Node] Finished "unifize", elapsed time 633.226521s.
250329-10:12:26,984 nipype.workflow INFO:
	 [Node] Setting-up "fmriprep_24_0_wf.sub_23_wf.bold_task_bird_run_1_wf.bold_fit_wf.enhance_and_skullstrip_bold_wf.fixhdr_unifize" in "/work_dir/fmriprep_24_0_wf/sub_23_wf/bold_task_bird_run_1_wf/bold_fit_wf/enhance_and_skullstrip_bold_wf/fixhdr_unifize".
250329-10:12:26,987 nipype.workflow INFO:
	 [Node] Executing "fixhdr_unifize" <niworkflows.interfaces.header.CopyXForm>
250329-10:12:27,224 nipype.workflow INFO:
	 [Node] Finished "fixhdr_unifize", elapsed time 0.236588s.
250329-10:12:28,849 nipype.workflow INFO:
	 [Node] Setting-up "fmriprep_24_0_wf.sub_23_wf.bold_task_bird_run_1_wf.bold_fit_wf.enhance_and_skullstrip_bold_wf.skullstrip_second_pass" in "/work_dir/fmriprep_24_0_wf/sub_23_wf/bold_task_bird_run_1_wf/bold_fit_wf/enhance_and_skullstrip_bold_wf/skullstrip_second_pass".
250329-10:12:28,852 nipype.workflow INFO:
	 [Node] Executing "skullstrip_second_pass" <nipype.interfaces.afni.preprocess.Automask>
250329-10:12:30,683 nipype.workflow INFO:
	 [Node] Finished "skullstrip_second_pass", elapsed time 1.830133s.
250329-10:12:32,828 nipype.workflow INFO:
	 [Node] Setting-up "fmriprep_24_0_wf.sub_23_wf.bold_task_bird_run_1_wf.bold_fit_wf.enhance_and_skullstrip_bold_wf.fixhdr_skullstrip2" in "/work_dir/fmriprep_24_0_wf/sub_23_wf/bold_task_bird_run_1_wf/bold_fit_wf/enhance_and_skullstrip_bold_wf/fixhdr_skullstrip2".
250329-10:12:32,832 nipype.workflow INFO:
	 [Node] Executing "fixhdr_skullstrip2" <niworkflows.interfaces.header.CopyXForm>
250329-10:12:33,36 nipype.workflow INFO:
	 [Node] Finished "fixhdr_skullstrip2", elapsed time 0.202805s.
250329-10:12:34,882 nipype.workflow INFO:
	 [Node] Setting-up "fmriprep_24_0_wf.sub_23_wf.bold_task_bird_run_1_wf.bold_fit_wf.enhance_and_skullstrip_bold_wf.combine_masks" in "/work_dir/fmriprep_24_0_wf/sub_23_wf/bold_task_bird_run_1_wf/bold_fit_wf/enhance_and_skullstrip_bold_wf/combine_masks".
250329-10:12:34,892 nipype.workflow INFO:
	 [Node] Executing "combine_masks" <nipype.interfaces.fsl.maths.BinaryMaths>
250329-10:12:35,847 nipype.workflow INFO:
	 [Node] Finished "combine_masks", elapsed time 0.95415s.
250329-10:12:36,736 nipype.workflow INFO:
	 [Node] Setting-up "fmriprep_24_0_wf.sub_23_wf.bold_task_bird_run_1_wf.bold_fit_wf.enhance_and_skullstrip_bold_wf.apply_mask" in "/work_dir/fmriprep_24_0_wf/sub_23_wf/bold_task_bird_run_1_wf/bold_fit_wf/enhance_and_skullstrip_bold_wf/apply_mask".
250329-10:12:36,742 nipype.workflow INFO:
	 [Node] Executing "apply_mask" <niworkflows.interfaces.nibabel.ApplyMask>
250329-10:12:36,915 nipype.interface WARNING:
	 Changing /output/sub-23/func/sub-23_task-bird_run-1_desc-brain_mask.nii.gz dtype from float32 to uint8
250329-10:12:37,72 nipype.workflow INFO:
	 [Node] Finished "apply_mask", elapsed time 0.32933s.
250329-10:12:37,189 nipype.workflow INFO:
	 [Node] Finished "tcompcor", elapsed time 21.763598s.
250329-10:12:39,14 nipype.workflow INFO:
	 [Node] Setting-up "fmriprep_24_0_wf.sub_23_wf.bold_task_bird_run_1_wf.bold_confounds_wf.dvars" in "/work_dir/fmriprep_24_0_wf/sub_23_wf/bold_task_bird_run_1_wf/bold_confounds_wf/dvars".
250329-10:12:39,65 nipype.workflow INFO:
	 [Node] Setting-up "fmriprep_24_0_wf.sub_23_wf.bold_task_bird_run_1_wf.bold_confounds_wf.tcompcor" in "/work_dir/fmriprep_24_0_wf/sub_23_wf/bold_task_bird_run_1_wf/bold_confounds_wf/tcompcor".
250329-10:12:39,88 nipype.workflow INFO:
	 [Node] Executing "tcompcor" <niworkflows.interfaces.patches.RobustTCompCor>
250329-10:12:39,292 nipype.workflow INFO:
	 [Node] Executing "dvars" <nipype.algorithms.confounds.ComputeDVARS>
250329-10:12:41,333 nipype.workflow INFO:
	 [Node] Setting-up "fmriprep_24_0_wf.sub_23_wf.bold_task_bird_run_4_wf.bold_confounds_wf.tcc_metadata_filter" in "/work_dir/fmriprep_24_0_wf/sub_23_wf/bold_task_bird_run_4_wf/bold_confounds_wf/tcc_metadata_filter".
250329-10:12:41,342 nipype.workflow INFO:
	 [Node] Executing "tcc_metadata_filter" <fmriprep.interfaces.confounds.FilterDropped>
250329-10:12:41,381 nipype.workflow INFO:
	 [Node] Finished "tcc_metadata_filter", elapsed time 0.014879s.
250329-10:12:42,984 nipype.workflow INFO:
	 [Node] Setting-up "fmriprep_24_0_wf.sub_23_wf.bold_task_bird_run_4_wf.bold_confounds_wf.tcc_metadata_fmt" in "/work_dir/fmriprep_24_0_wf/sub_23_wf/bold_task_bird_run_4_wf/bold_confounds_wf/tcc_metadata_fmt".
250329-10:12:44,702 nipype.workflow INFO:
	 [Node] Executing "tcc_metadata_fmt" <niworkflows.interfaces.utility.TSV2JSON>
250329-10:12:44,728 nipype.workflow INFO:
	 [Node] Finished "tcc_metadata_fmt", elapsed time 0.024499s.
250329-10:13:01,395 nipype.workflow INFO:
	 [Node] Finished "tcompcor", elapsed time 22.305159s.
250329-10:13:02,823 nipype.workflow INFO:
	 [Node] Setting-up "fmriprep_24_0_wf.sub_23_wf.bold_task_bird_run_1_wf.bold_confounds_wf.tcc_metadata_filter" in "/work_dir/fmriprep_24_0_wf/sub_23_wf/bold_task_bird_run_1_wf/bold_confounds_wf/tcc_metadata_filter".
250329-10:13:02,826 nipype.workflow INFO:
	 [Node] Executing "tcc_metadata_filter" <fmriprep.interfaces.confounds.FilterDropped>
250329-10:13:02,833 nipype.workflow INFO:
	 [Node] Finished "tcc_metadata_filter", elapsed time 0.005785s.
250329-10:13:04,760 nipype.workflow INFO:
	 [Node] Finished "dvars", elapsed time 73.709022s.
250329-10:13:05,45 nipype.workflow INFO:
	 [Node] Setting-up "fmriprep_24_0_wf.sub_23_wf.bold_task_bird_run_1_wf.bold_confounds_wf.tcc_metadata_fmt" in "/work_dir/fmriprep_24_0_wf/sub_23_wf/bold_task_bird_run_1_wf/bold_confounds_wf/tcc_metadata_fmt".
250329-10:13:07,593 nipype.workflow INFO:
	 [Node] Executing "tcc_metadata_fmt" <niworkflows.interfaces.utility.TSV2JSON>
250329-10:13:07,601 nipype.workflow INFO:
	 [Node] Finished "tcc_metadata_fmt", elapsed time 0.006497s.
250329-10:13:33,259 nipype.workflow INFO:
	 [Node] Finished "ds_bold", elapsed time 80.369515s.
250329-10:13:38,404 nipype.workflow INFO:
	 [Node] Finished "dvars", elapsed time 78.166881s.
250329-10:13:51,32 nipype.workflow INFO:
	 [Node] Finished "dvars", elapsed time 71.739006s.
250329-10:13:53,105 nipype.workflow INFO:
	 [Node] Finished "boldref_bold", elapsed time 96.073041s.
250329-10:13:54,706 nipype.workflow INFO:
	 [Node] Setting-up "fmriprep_24_0_wf.sub_23_wf.bold_task_bird_run_6_wf.ds_bold_native_wf.ds_bold" in "/work_dir/fmriprep_24_0_wf/sub_23_wf/bold_task_bird_run_6_wf/ds_bold_native_wf/ds_bold".
250329-10:13:54,787 nipype.workflow INFO:
	 [Node] Executing "ds_bold" <fmriprep.interfaces.DerivativesDataSink>
250329-10:14:21,875 nipype.workflow INFO:
	 [Node] Finished "unifize", elapsed time 657.05327s.
250329-10:14:22,738 nipype.workflow INFO:
	 [Node] Setting-up "fmriprep_24_0_wf.sub_23_wf.bold_task_bird_run_6_wf.bold_fit_wf.enhance_and_skullstrip_bold_wf.fixhdr_unifize" in "/work_dir/fmriprep_24_0_wf/sub_23_wf/bold_task_bird_run_6_wf/bold_fit_wf/enhance_and_skullstrip_bold_wf/fixhdr_unifize".
250329-10:14:22,741 nipype.workflow INFO:
	 [Node] Executing "fixhdr_unifize" <niworkflows.interfaces.header.CopyXForm>
250329-10:14:22,868 nipype.workflow INFO:
	 [Node] Finished "fixhdr_unifize", elapsed time 0.125472s.
250329-10:14:24,863 nipype.workflow INFO:
	 [Node] Setting-up "fmriprep_24_0_wf.sub_23_wf.bold_task_bird_run_6_wf.bold_fit_wf.enhance_and_skullstrip_bold_wf.skullstrip_second_pass" in "/work_dir/fmriprep_24_0_wf/sub_23_wf/bold_task_bird_run_6_wf/bold_fit_wf/enhance_and_skullstrip_bold_wf/skullstrip_second_pass".
250329-10:14:24,869 nipype.workflow INFO:
	 [Node] Executing "skullstrip_second_pass" <nipype.interfaces.afni.preprocess.Automask>
250329-10:14:25,474 nipype.workflow INFO:
	 [Node] Finished "skullstrip_second_pass", elapsed time 0.60331s.
250329-10:14:26,792 nipype.workflow INFO:
	 [Node] Setting-up "fmriprep_24_0_wf.sub_23_wf.bold_task_bird_run_6_wf.bold_fit_wf.enhance_and_skullstrip_bold_wf.fixhdr_skullstrip2" in "/work_dir/fmriprep_24_0_wf/sub_23_wf/bold_task_bird_run_6_wf/bold_fit_wf/enhance_and_skullstrip_bold_wf/fixhdr_skullstrip2".
250329-10:14:26,795 nipype.workflow INFO:
	 [Node] Executing "fixhdr_skullstrip2" <niworkflows.interfaces.header.CopyXForm>
250329-10:14:26,910 nipype.workflow INFO:
	 [Node] Finished "fixhdr_skullstrip2", elapsed time 0.114193s.
250329-10:14:28,656 nipype.workflow INFO:
	 [Node] Setting-up "fmriprep_24_0_wf.sub_23_wf.bold_task_bird_run_6_wf.bold_fit_wf.enhance_and_skullstrip_bold_wf.combine_masks" in "/work_dir/fmriprep_24_0_wf/sub_23_wf/bold_task_bird_run_6_wf/bold_fit_wf/enhance_and_skullstrip_bold_wf/combine_masks".
250329-10:14:28,660 nipype.workflow INFO:
	 [Node] Executing "combine_masks" <nipype.interfaces.fsl.maths.BinaryMaths>
250329-10:14:28,900 nipype.workflow INFO:
	 [Node] Finished "combine_masks", elapsed time 0.239642s.
250329-10:14:30,679 nipype.workflow INFO:
	 [Node] Setting-up "fmriprep_24_0_wf.sub_23_wf.bold_task_bird_run_6_wf.bold_fit_wf.enhance_and_skullstrip_bold_wf.apply_mask" in "/work_dir/fmriprep_24_0_wf/sub_23_wf/bold_task_bird_run_6_wf/bold_fit_wf/enhance_and_skullstrip_bold_wf/apply_mask".
250329-10:14:30,702 nipype.workflow INFO:
	 [Node] Executing "apply_mask" <niworkflows.interfaces.nibabel.ApplyMask>
250329-10:14:30,763 nipype.interface WARNING:
	 Changing /output/sub-23/func/sub-23_task-bird_run-6_desc-brain_mask.nii.gz dtype from float32 to uint8
250329-10:14:30,953 nipype.workflow INFO:
	 [Node] Finished "apply_mask", elapsed time 0.250063s.
250329-10:14:32,728 nipype.workflow INFO:
	 [Node] Setting-up "fmriprep_24_0_wf.sub_23_wf.bold_task_bird_run_6_wf.bold_confounds_wf.dvars" in "/work_dir/fmriprep_24_0_wf/sub_23_wf/bold_task_bird_run_6_wf/bold_confounds_wf/dvars".
250329-10:14:32,732 nipype.workflow INFO:
	 [Node] Setting-up "fmriprep_24_0_wf.sub_23_wf.bold_task_bird_run_6_wf.bold_confounds_wf.tcompcor" in "/work_dir/fmriprep_24_0_wf/sub_23_wf/bold_task_bird_run_6_wf/bold_confounds_wf/tcompcor".
250329-10:14:32,738 nipype.workflow INFO:
	 [Node] Executing "tcompcor" <niworkflows.interfaces.patches.RobustTCompCor>
250329-10:14:32,808 nipype.workflow INFO:
	 [Node] Executing "dvars" <nipype.algorithms.confounds.ComputeDVARS>
250329-10:14:44,384 nipype.workflow INFO:
	 [Node] Finished "tcompcor", elapsed time 11.645273s.
250329-10:14:44,656 nipype.workflow INFO:
	 [Node] Setting-up "fmriprep_24_0_wf.sub_23_wf.bold_task_bird_run_6_wf.bold_confounds_wf.tcc_metadata_filter" in "/work_dir/fmriprep_24_0_wf/sub_23_wf/bold_task_bird_run_6_wf/bold_confounds_wf/tcc_metadata_filter".
250329-10:14:44,659 nipype.workflow INFO:
	 [Node] Executing "tcc_metadata_filter" <fmriprep.interfaces.confounds.FilterDropped>
250329-10:14:44,665 nipype.workflow INFO:
	 [Node] Finished "tcc_metadata_filter", elapsed time 0.00474s.
250329-10:14:45,171 nipype.workflow INFO:
	 [Node] Finished "ds_bold", elapsed time 50.38262s.
250329-10:14:46,680 nipype.workflow INFO:
	 [Node] Setting-up "fmriprep_24_0_wf.sub_23_wf.bold_task_bird_run_6_wf.bold_confounds_wf.tcc_metadata_fmt" in "/work_dir/fmriprep_24_0_wf/sub_23_wf/bold_task_bird_run_6_wf/bold_confounds_wf/tcc_metadata_fmt".
250329-10:14:47,994 nipype.workflow INFO:
	 [Node] Executing "tcc_metadata_fmt" <niworkflows.interfaces.utility.TSV2JSON>
250329-10:14:48,1 nipype.workflow INFO:
	 [Node] Finished "tcc_metadata_fmt", elapsed time 0.00618s.
250329-10:15:23,284 nipype.workflow INFO:
	 [Node] Finished "dvars", elapsed time 50.474375s.
250329-10:16:49,161 nipype.workflow INFO:
	 [Node] Finished "unifize", elapsed time 984.186465s.
250329-10:16:50,919 nipype.workflow INFO:
	 [Node] Setting-up "fmriprep_24_0_wf.sub_23_wf.bold_task_bird_run_5_wf.bold_fit_wf.enhance_and_skullstrip_bold_wf.fixhdr_unifize" in "/work_dir/fmriprep_24_0_wf/sub_23_wf/bold_task_bird_run_5_wf/bold_fit_wf/enhance_and_skullstrip_bold_wf/fixhdr_unifize".
250329-10:16:51,317 nipype.workflow INFO:
	 [Node] Executing "fixhdr_unifize" <niworkflows.interfaces.header.CopyXForm>
250329-10:16:51,559 nipype.workflow INFO:
	 [Node] Finished "fixhdr_unifize", elapsed time 0.240345s.
250329-10:16:52,840 nipype.workflow INFO:
	 [Node] Setting-up "fmriprep_24_0_wf.sub_23_wf.bold_task_bird_run_5_wf.bold_fit_wf.enhance_and_skullstrip_bold_wf.skullstrip_second_pass" in "/work_dir/fmriprep_24_0_wf/sub_23_wf/bold_task_bird_run_5_wf/bold_fit_wf/enhance_and_skullstrip_bold_wf/skullstrip_second_pass".
250329-10:16:52,843 nipype.workflow INFO:
	 [Node] Executing "skullstrip_second_pass" <nipype.interfaces.afni.preprocess.Automask>
250329-10:16:53,344 nipype.workflow INFO:
	 [Node] Finished "skullstrip_second_pass", elapsed time 0.49957s.
250329-10:16:54,739 nipype.workflow INFO:
	 [Node] Setting-up "fmriprep_24_0_wf.sub_23_wf.bold_task_bird_run_5_wf.bold_fit_wf.enhance_and_skullstrip_bold_wf.fixhdr_skullstrip2" in "/work_dir/fmriprep_24_0_wf/sub_23_wf/bold_task_bird_run_5_wf/bold_fit_wf/enhance_and_skullstrip_bold_wf/fixhdr_skullstrip2".
250329-10:16:54,742 nipype.workflow INFO:
	 [Node] Executing "fixhdr_skullstrip2" <niworkflows.interfaces.header.CopyXForm>
250329-10:16:54,824 nipype.workflow INFO:
	 [Node] Finished "fixhdr_skullstrip2", elapsed time 0.081418s.
250329-10:16:56,925 nipype.workflow INFO:
	 [Node] Setting-up "fmriprep_24_0_wf.sub_23_wf.bold_task_bird_run_5_wf.bold_fit_wf.enhance_and_skullstrip_bold_wf.combine_masks" in "/work_dir/fmriprep_24_0_wf/sub_23_wf/bold_task_bird_run_5_wf/bold_fit_wf/enhance_and_skullstrip_bold_wf/combine_masks".
250329-10:16:56,930 nipype.workflow INFO:
	 [Node] Executing "combine_masks" <nipype.interfaces.fsl.maths.BinaryMaths>
250329-10:16:57,153 nipype.workflow INFO:
	 [Node] Finished "combine_masks", elapsed time 0.22293s.
250329-10:16:58,844 nipype.workflow INFO:
	 [Node] Setting-up "fmriprep_24_0_wf.sub_23_wf.bold_task_bird_run_5_wf.bold_fit_wf.enhance_and_skullstrip_bold_wf.apply_mask" in "/work_dir/fmriprep_24_0_wf/sub_23_wf/bold_task_bird_run_5_wf/bold_fit_wf/enhance_and_skullstrip_bold_wf/apply_mask".
250329-10:16:58,847 nipype.workflow INFO:
	 [Node] Executing "apply_mask" <niworkflows.interfaces.nibabel.ApplyMask>
250329-10:16:58,897 nipype.interface WARNING:
	 Changing /output/sub-23/func/sub-23_task-bird_run-5_desc-brain_mask.nii.gz dtype from float32 to uint8
250329-10:16:58,954 nipype.workflow INFO:
	 [Node] Finished "apply_mask", elapsed time 0.10645s.
250329-10:17:00,685 nipype.workflow INFO:
	 [Node] Setting-up "fmriprep_24_0_wf.sub_23_wf.bold_task_bird_run_5_wf.bold_confounds_wf.dvars" in "/work_dir/fmriprep_24_0_wf/sub_23_wf/bold_task_bird_run_5_wf/bold_confounds_wf/dvars".
250329-10:17:00,695 nipype.workflow INFO:
	 [Node] Setting-up "fmriprep_24_0_wf.sub_23_wf.bold_task_bird_run_5_wf.bold_confounds_wf.tcompcor" in "/work_dir/fmriprep_24_0_wf/sub_23_wf/bold_task_bird_run_5_wf/bold_confounds_wf/tcompcor".
250329-10:17:00,698 nipype.workflow INFO:
	 [Node] Executing "dvars" <nipype.algorithms.confounds.ComputeDVARS>
250329-10:17:00,723 nipype.workflow INFO:
	 [Node] Executing "tcompcor" <niworkflows.interfaces.patches.RobustTCompCor>
250329-10:17:12,459 nipype.workflow INFO:
	 [Node] Finished "tcompcor", elapsed time 11.73381s.
250329-10:17:12,662 nipype.workflow INFO:
	 [Node] Setting-up "fmriprep_24_0_wf.sub_23_wf.bold_task_bird_run_5_wf.bold_confounds_wf.tcc_metadata_filter" in "/work_dir/fmriprep_24_0_wf/sub_23_wf/bold_task_bird_run_5_wf/bold_confounds_wf/tcc_metadata_filter".
250329-10:17:12,665 nipype.workflow INFO:
	 [Node] Executing "tcc_metadata_filter" <fmriprep.interfaces.confounds.FilterDropped>
250329-10:17:12,672 nipype.workflow INFO:
	 [Node] Finished "tcc_metadata_filter", elapsed time 0.006421s.
250329-10:17:14,783 nipype.workflow INFO:
	 [Node] Setting-up "fmriprep_24_0_wf.sub_23_wf.bold_task_bird_run_5_wf.bold_confounds_wf.tcc_metadata_fmt" in "/work_dir/fmriprep_24_0_wf/sub_23_wf/bold_task_bird_run_5_wf/bold_confounds_wf/tcc_metadata_fmt".
250329-10:17:14,796 nipype.workflow INFO:
	 [Node] Executing "tcc_metadata_fmt" <niworkflows.interfaces.utility.TSV2JSON>
250329-10:17:14,802 nipype.workflow INFO:
	 [Node] Finished "tcc_metadata_fmt", elapsed time 0.005161s.
250329-10:17:59,396 nipype.workflow INFO:
	 [Node] Finished "dvars", elapsed time 58.696399s.
250329-10:18:30,170 nipype.workflow INFO:
	 [Node] Finished "autorecon1", elapsed time 1023.284897s.
250329-10:18:31,12 nipype.workflow INFO:
	 [Node] Setting-up "fmriprep_24_0_wf.sub_23_wf.anat_fit_wf.surface_recon_wf.fsnative2t1w_xfm" in "/work_dir/fmriprep_24_0_wf/sub_23_wf/anat_fit_wf/surface_recon_wf/fsnative2t1w_xfm".
250329-10:18:31,21 nipype.workflow INFO:
	 [Node] Executing "fsnative2t1w_xfm" <niworkflows.interfaces.freesurfer.PatchedRobustRegister>
250329-10:19:32,292 nipype.workflow INFO:
	 [Node] Finished "fsnative2t1w_xfm", elapsed time 61.269942s.
250329-10:22:33,390 nipype.workflow INFO:
	 [Node] Finished "norm", elapsed time 946.75204s.
250329-10:22:34,676 nipype.workflow INFO:
	 [Node] Setting-up "fmriprep_24_0_wf.sub_23_wf.anat_fit_wf.brain_extraction_wf.map_wmmask" in "/work_dir/fmriprep_24_0_wf/sub_23_wf/anat_fit_wf/brain_extraction_wf/map_wmmask".
250329-10:22:34,683 nipype.workflow INFO:
	 [Node] Executing "map_wmmask" <niworkflows.interfaces.fixes.FixHeaderApplyTransforms>
250329-10:22:34,723 nipype.workflow INFO:
	 [Node] Setting-up "fmriprep_24_0_wf.sub_23_wf.anat_fit_wf.brain_extraction_wf.map_brainmask" in "/work_dir/fmriprep_24_0_wf/sub_23_wf/anat_fit_wf/brain_extraction_wf/map_brainmask".
250329-10:22:34,730 nipype.workflow INFO:
	 [Node] Executing "map_brainmask" <niworkflows.interfaces.fixes.FixHeaderApplyTransforms>
250329-10:22:59,104 nipype.workflow INFO:
	 [Node] Finished "map_brainmask", elapsed time 23.900294s.
250329-10:22:59,277 nipype.workflow INFO:
	 [Node] Finished "map_wmmask", elapsed time 24.331071s.
250329-10:23:00,678 nipype.workflow INFO:
	 [Node] Setting-up "fmriprep_24_0_wf.sub_23_wf.anat_fit_wf.brain_extraction_wf.thr_brainmask" in "/work_dir/fmriprep_24_0_wf/sub_23_wf/anat_fit_wf/brain_extraction_wf/thr_brainmask".
250329-10:23:00,681 nipype.workflow INFO:
	 [Node] Executing "thr_brainmask" <nipype.interfaces.ants.utils.ThresholdImage>
250329-10:23:00,685 nipype.workflow INFO:
	 [Node] Setting-up "_inu_n4_final0" in "/work_dir/fmriprep_24_0_wf/sub_23_wf/anat_fit_wf/brain_extraction_wf/inu_n4_final/mapflow/_inu_n4_final0".
250329-10:23:00,687 nipype.workflow INFO:
	 [Node] Executing "_inu_n4_final0" <nipype.interfaces.ants.segmentation.N4BiasFieldCorrection>
250329-10:23:02,112 nipype.workflow INFO:
	 [Node] Finished "thr_brainmask", elapsed time 1.215516s.
250329-10:23:02,678 nipype.workflow INFO:
	 [Node] Setting-up "fmriprep_24_0_wf.sub_23_wf.anat_fit_wf.brain_extraction_wf.atropos_wf.dil_brainmask" in "/work_dir/fmriprep_24_0_wf/sub_23_wf/anat_fit_wf/brain_extraction_wf/atropos_wf/dil_brainmask".
250329-10:23:02,682 nipype.workflow INFO:
	 [Node] Executing "dil_brainmask" <nipype.interfaces.ants.utils.ImageMath>
250329-10:23:02,715 nipype.workflow INFO:
	 [Node] Setting-up "fmriprep_24_0_wf.sub_23_wf.anat_fit_wf.brain_extraction_wf.atropos_wf.03_pad_mask" in "/work_dir/fmriprep_24_0_wf/sub_23_wf/anat_fit_wf/brain_extraction_wf/atropos_wf/03_pad_mask".
250329-10:23:02,718 nipype.workflow INFO:
	 [Node] Executing "03_pad_mask" <nipype.interfaces.ants.utils.ImageMath>
250329-10:23:03,889 nipype.workflow INFO:
	 [Node] Finished "03_pad_mask", elapsed time 0.927203s.
250329-10:23:04,427 nipype.workflow INFO:
	 [Node] Finished "dil_brainmask", elapsed time 1.744398s.
250329-10:23:04,680 nipype.workflow INFO:
	 [Node] Setting-up "fmriprep_24_0_wf.sub_23_wf.anat_fit_wf.brain_extraction_wf.atropos_wf.get_brainmask" in "/work_dir/fmriprep_24_0_wf/sub_23_wf/anat_fit_wf/brain_extraction_wf/atropos_wf/get_brainmask".
250329-10:23:04,683 nipype.workflow INFO:
	 [Node] Executing "get_brainmask" <nipype.interfaces.ants.utils.ImageMath>
250329-10:23:06,226 nipype.workflow INFO:
	 [Node] Finished "get_brainmask", elapsed time 1.542119s.
250329-10:23:24,145 nipype.workflow INFO:
	 [Node] Finished "_inu_n4_final0", elapsed time 23.456721s.
250329-10:23:24,678 nipype.workflow INFO:
	 [Node] Setting-up "fmriprep_24_0_wf.sub_23_wf.anat_fit_wf.brain_extraction_wf.atropos_wf.01_atropos" in "/work_dir/fmriprep_24_0_wf/sub_23_wf/anat_fit_wf/brain_extraction_wf/atropos_wf/01_atropos".
250329-10:23:24,682 nipype.workflow INFO:
	 [Node] Executing "01_atropos" <nipype.interfaces.ants.segmentation.Atropos>
250329-10:23:24,695 nipype.workflow INFO:
	 [Node] Setting-up "_apply_mask0" in "/work_dir/fmriprep_24_0_wf/sub_23_wf/anat_fit_wf/brain_extraction_wf/apply_mask/mapflow/_apply_mask0".
250329-10:23:24,698 nipype.workflow INFO:
	 [Node] Executing "_apply_mask0" <niworkflows.interfaces.nibabel.ApplyMask>
250329-10:23:25,750 nipype.workflow INFO:
	 [Node] Finished "_apply_mask0", elapsed time 1.049998s.
250329-10:24:08,296 nipype.workflow INFO:
	 [Node] Finished "01_atropos", elapsed time 43.613265s.
250329-10:24:08,678 nipype.workflow INFO:
	 [Node] Setting-up "fmriprep_24_0_wf.sub_23_wf.anat_fit_wf.brain_extraction_wf.atropos_wf.02_pad_segm" in "/work_dir/fmriprep_24_0_wf/sub_23_wf/anat_fit_wf/brain_extraction_wf/atropos_wf/02_pad_segm".
250329-10:24:08,682 nipype.workflow INFO:
	 [Node] Executing "02_pad_segm" <nipype.interfaces.ants.utils.ImageMath>
250329-10:24:10,91 nipype.workflow INFO:
	 [Node] Finished "02_pad_segm", elapsed time 1.143796s.
250329-10:24:10,678 nipype.workflow INFO:
	 [Node] Setting-up "fmriprep_24_0_wf.sub_23_wf.anat_fit_wf.brain_extraction_wf.atropos_wf.04_sel_labels" in "/work_dir/fmriprep_24_0_wf/sub_23_wf/anat_fit_wf/brain_extraction_wf/atropos_wf/04_sel_labels".
250329-10:24:10,681 nipype.workflow INFO:
	 [Node] Executing "04_sel_labels" <nipype.interfaces.utility.wrappers.Function>
250329-10:24:11,121 nipype.workflow INFO:
	 [Node] Finished "04_sel_labels", elapsed time 0.438967s.
250329-10:24:13,738 nipype.workflow INFO:
	 [Node] Setting-up "fmriprep_24_0_wf.sub_23_wf.anat_fit_wf.brain_extraction_wf.atropos_wf.05_get_wm" in "/work_dir/fmriprep_24_0_wf/sub_23_wf/anat_fit_wf/brain_extraction_wf/atropos_wf/05_get_wm".
250329-10:24:13,738 nipype.workflow INFO:
	 [Node] Setting-up "fmriprep_24_0_wf.sub_23_wf.anat_fit_wf.brain_extraction_wf.atropos_wf.06_get_gm" in "/work_dir/fmriprep_24_0_wf/sub_23_wf/anat_fit_wf/brain_extraction_wf/atropos_wf/06_get_gm".
250329-10:24:13,739 nipype.workflow INFO:
	 [Node] Setting-up "fmriprep_24_0_wf.sub_23_wf.anat_fit_wf.brain_extraction_wf.atropos_wf.10_me_csf" in "/work_dir/fmriprep_24_0_wf/sub_23_wf/anat_fit_wf/brain_extraction_wf/atropos_wf/10_me_csf".
250329-10:24:13,739 nipype.workflow INFO:
	 [Node] Setting-up "fmriprep_24_0_wf.sub_23_wf.anat_fit_wf.brain_extraction_wf.atropos_wf.27_depad_csf" in "/work_dir/fmriprep_24_0_wf/sub_23_wf/anat_fit_wf/brain_extraction_wf/atropos_wf/27_depad_csf".
250329-10:24:13,741 nipype.workflow INFO:
	 [Node] Executing "06_get_gm" <nipype.interfaces.ants.utils.ImageMath>
250329-10:24:13,741 nipype.workflow INFO:
	 [Node] Executing "05_get_wm" <nipype.interfaces.ants.utils.ImageMath>
250329-10:24:13,742 nipype.workflow INFO:
	 [Node] Executing "27_depad_csf" <nipype.interfaces.ants.utils.ImageMath>
250329-10:24:13,742 nipype.workflow INFO:
	 [Node] Executing "10_me_csf" <nipype.interfaces.ants.utils.ImageMath>
250329-10:24:14,590 nipype.workflow INFO:
	 [Node] Finished "27_depad_csf", elapsed time 0.846955s.
250329-10:24:15,561 nipype.workflow INFO:
	 [Node] Finished "05_get_wm", elapsed time 1.8187069999999999s.
250329-10:24:15,674 nipype.workflow INFO:
	 [Node] Finished "06_get_gm", elapsed time 1.931701s.
250329-10:24:17,732 nipype.workflow INFO:
	 [Node] Setting-up "fmriprep_24_0_wf.sub_23_wf.anat_fit_wf.brain_extraction_wf.atropos_wf.09_relabel_wm" in "/work_dir/fmriprep_24_0_wf/sub_23_wf/anat_fit_wf/brain_extraction_wf/atropos_wf/09_relabel_wm".
250329-10:24:17,732 nipype.workflow INFO:
	 [Node] Setting-up "fmriprep_24_0_wf.sub_23_wf.anat_fit_wf.brain_extraction_wf.atropos_wf.07_fill_gm" in "/work_dir/fmriprep_24_0_wf/sub_23_wf/anat_fit_wf/brain_extraction_wf/atropos_wf/07_fill_gm".
250329-10:24:17,733 nipype.workflow INFO:
	 [Node] Setting-up "fmriprep_24_0_wf.sub_23_wf.anat_fit_wf.brain_extraction_wf.atropos_wf.apply_wm_prior" in "/work_dir/fmriprep_24_0_wf/sub_23_wf/anat_fit_wf/brain_extraction_wf/atropos_wf/apply_wm_prior".
250329-10:24:17,735 nipype.workflow INFO:
	 [Node] Executing "09_relabel_wm" <nipype.interfaces.ants.utils.MultiplyImages>
250329-10:24:17,735 nipype.workflow INFO:
	 [Node] Executing "07_fill_gm" <nipype.interfaces.ants.utils.ImageMath>
250329-10:24:17,736 nipype.workflow INFO:
	 [Node] Executing "apply_wm_prior" <nipype.interfaces.utility.wrappers.Function>
250329-10:24:18,508 nipype.workflow INFO:
	 [Node] Finished "10_me_csf", elapsed time 4.764527s.
250329-10:24:18,622 nipype.workflow INFO:
	 [Node] Finished "apply_wm_prior", elapsed time 0.885s.
250329-10:24:18,920 nipype.workflow INFO:
	 [Node] Finished "09_relabel_wm", elapsed time 0.945062s.
250329-10:24:19,739 nipype.workflow INFO:
	 [Node] Setting-up "fmriprep_24_0_wf.sub_23_wf.anat_fit_wf.brain_extraction_wf.atropos_wf.26_depad_wm" in "/work_dir/fmriprep_24_0_wf/sub_23_wf/anat_fit_wf/brain_extraction_wf/atropos_wf/26_depad_wm".
250329-10:24:19,742 nipype.workflow INFO:
	 [Node] Executing "26_depad_wm" <nipype.interfaces.ants.utils.ImageMath>
250329-10:24:19,746 nipype.workflow INFO:
	 [Node] Setting-up "_inu_n4_final0" in "/work_dir/fmriprep_24_0_wf/sub_23_wf/anat_fit_wf/brain_extraction_wf/atropos_wf/inu_n4_final/mapflow/_inu_n4_final0".
250329-10:24:19,748 nipype.workflow INFO:
	 [Node] Executing "_inu_n4_final0" <nipype.interfaces.ants.segmentation.N4BiasFieldCorrection>
250329-10:24:21,123 nipype.workflow INFO:
	 [Node] Finished "26_depad_wm", elapsed time 1.119023s.
250329-10:24:31,92 nipype.workflow INFO:
	 [Node] Finished "07_fill_gm", elapsed time 13.087074s.
250329-10:24:31,736 nipype.workflow INFO:
	 [Node] Setting-up "fmriprep_24_0_wf.sub_23_wf.anat_fit_wf.brain_extraction_wf.atropos_wf.08_mult_gm" in "/work_dir/fmriprep_24_0_wf/sub_23_wf/anat_fit_wf/brain_extraction_wf/atropos_wf/08_mult_gm".
250329-10:24:31,741 nipype.workflow INFO:
	 [Node] Executing "08_mult_gm" <nipype.interfaces.ants.utils.MultiplyImages>
250329-10:24:33,74 nipype.workflow INFO:
	 [Node] Finished "08_mult_gm", elapsed time 1.332351s.
250329-10:24:33,734 nipype.workflow INFO:
	 [Node] Setting-up "fmriprep_24_0_wf.sub_23_wf.anat_fit_wf.brain_extraction_wf.atropos_wf.11_add_gm" in "/work_dir/fmriprep_24_0_wf/sub_23_wf/anat_fit_wf/brain_extraction_wf/atropos_wf/11_add_gm".
250329-10:24:33,738 nipype.workflow INFO:
	 [Node] Executing "11_add_gm" <nipype.interfaces.ants.utils.ImageMath>
250329-10:24:36,79 nipype.workflow INFO:
	 [Node] Finished "11_add_gm", elapsed time 2.143536s.
250329-10:24:37,738 nipype.workflow INFO:
	 [Node] Setting-up "fmriprep_24_0_wf.sub_23_wf.anat_fit_wf.brain_extraction_wf.atropos_wf.12_relabel_gm" in "/work_dir/fmriprep_24_0_wf/sub_23_wf/anat_fit_wf/brain_extraction_wf/atropos_wf/12_relabel_gm".
250329-10:24:37,741 nipype.workflow INFO:
	 [Node] Executing "12_relabel_gm" <nipype.interfaces.ants.utils.MultiplyImages>
250329-10:24:38,812 nipype.workflow INFO:
	 [Node] Finished "12_relabel_gm", elapsed time 1.06959s.
250329-10:24:39,736 nipype.workflow INFO:
	 [Node] Setting-up "fmriprep_24_0_wf.sub_23_wf.anat_fit_wf.brain_extraction_wf.atropos_wf.13_add_gm_wm" in "/work_dir/fmriprep_24_0_wf/sub_23_wf/anat_fit_wf/brain_extraction_wf/atropos_wf/13_add_gm_wm".
250329-10:24:39,736 nipype.workflow INFO:
	 [Node] Setting-up "fmriprep_24_0_wf.sub_23_wf.anat_fit_wf.brain_extraction_wf.atropos_wf.25_depad_gm" in "/work_dir/fmriprep_24_0_wf/sub_23_wf/anat_fit_wf/brain_extraction_wf/atropos_wf/25_depad_gm".
250329-10:24:39,739 nipype.workflow INFO:
	 [Node] Executing "13_add_gm_wm" <nipype.interfaces.ants.utils.ImageMath>
250329-10:24:39,740 nipype.workflow INFO:
	 [Node] Executing "25_depad_gm" <nipype.interfaces.ants.utils.ImageMath>
250329-10:24:40,973 nipype.workflow INFO:
	 [Node] Finished "25_depad_gm", elapsed time 1.232808s.
250329-10:24:41,738 nipype.workflow INFO:
	 [Node] Setting-up "fmriprep_24_0_wf.sub_23_wf.anat_fit_wf.brain_extraction_wf.atropos_wf.merge_tpms" in "/work_dir/fmriprep_24_0_wf/sub_23_wf/anat_fit_wf/brain_extraction_wf/atropos_wf/merge_tpms".
250329-10:24:41,744 nipype.workflow INFO:
	 [Node] Executing "merge_tpms" <nipype.interfaces.utility.base.Merge>
250329-10:24:41,745 nipype.workflow INFO:
	 [Node] Finished "merge_tpms", elapsed time 0.000295s.
250329-10:24:42,373 nipype.workflow INFO:
	 [Node] Finished "13_add_gm_wm", elapsed time 2.37313s.
250329-10:24:43,738 nipype.workflow INFO:
	 [Node] Setting-up "fmriprep_24_0_wf.sub_23_wf.anat_fit_wf.brain_extraction_wf.atropos_wf.14_sel_labels2" in "/work_dir/fmriprep_24_0_wf/sub_23_wf/anat_fit_wf/brain_extraction_wf/atropos_wf/14_sel_labels2".
250329-10:24:43,738 nipype.workflow INFO:
	 [Node] Setting-up "fmriprep_24_0_wf.sub_23_wf.anat_fit_wf.brain_extraction_wf.atropos_wf.24_depad_segm" in "/work_dir/fmriprep_24_0_wf/sub_23_wf/anat_fit_wf/brain_extraction_wf/atropos_wf/24_depad_segm".
250329-10:24:43,741 nipype.workflow INFO:
	 [Node] Executing "14_sel_labels2" <nipype.interfaces.utility.wrappers.Function>
250329-10:24:43,741 nipype.workflow INFO:
	 [Node] Executing "24_depad_segm" <nipype.interfaces.ants.utils.ImageMath>
250329-10:24:44,5 nipype.workflow INFO:
	 [Node] Finished "14_sel_labels2", elapsed time 0.262074s.
250329-10:24:44,186 nipype.workflow INFO:
	 [Node] Finished "_inu_n4_final0", elapsed time 24.436451s.
250329-10:24:44,799 nipype.workflow INFO:
	 [Node] Finished "24_depad_segm", elapsed time 1.056941s.
250329-10:24:45,737 nipype.workflow INFO:
	 [Node] Setting-up "fmriprep_24_0_wf.sub_23_wf.anat_fit_wf.brain_extraction_wf.atropos_wf.15_add_7" in "/work_dir/fmriprep_24_0_wf/sub_23_wf/anat_fit_wf/brain_extraction_wf/atropos_wf/15_add_7".
250329-10:24:45,740 nipype.workflow INFO:
	 [Node] Executing "15_add_7" <nipype.interfaces.ants.utils.ImageMath>
250329-10:24:47,511 nipype.workflow INFO:
	 [Node] Finished "15_add_7", elapsed time 1.770084s.
250329-10:24:47,736 nipype.workflow INFO:
	 [Node] Setting-up "fmriprep_24_0_wf.sub_23_wf.anat_fit_wf.brain_extraction_wf.atropos_wf.16_me_7" in "/work_dir/fmriprep_24_0_wf/sub_23_wf/anat_fit_wf/brain_extraction_wf/atropos_wf/16_me_7".
250329-10:24:47,739 nipype.workflow INFO:
	 [Node] Executing "16_me_7" <nipype.interfaces.ants.utils.ImageMath>
250329-10:24:51,98 nipype.workflow INFO:
	 [Node] Finished "16_me_7", elapsed time 3.35858s.
250329-10:24:51,737 nipype.workflow INFO:
	 [Node] Setting-up "fmriprep_24_0_wf.sub_23_wf.anat_fit_wf.brain_extraction_wf.atropos_wf.17_comp_7" in "/work_dir/fmriprep_24_0_wf/sub_23_wf/anat_fit_wf/brain_extraction_wf/atropos_wf/17_comp_7".
250329-10:24:51,740 nipype.workflow INFO:
	 [Node] Executing "17_comp_7" <nipype.interfaces.ants.utils.ImageMath>
250329-10:24:53,986 nipype.workflow INFO:
	 [Node] Finished "17_comp_7", elapsed time 1.932913s.
250329-10:24:55,737 nipype.workflow INFO:
	 [Node] Setting-up "fmriprep_24_0_wf.sub_23_wf.anat_fit_wf.brain_extraction_wf.atropos_wf.18_md_7" in "/work_dir/fmriprep_24_0_wf/sub_23_wf/anat_fit_wf/brain_extraction_wf/atropos_wf/18_md_7".
250329-10:24:55,740 nipype.workflow INFO:
	 [Node] Executing "18_md_7" <nipype.interfaces.ants.utils.ImageMath>
250329-10:24:57,890 nipype.workflow INFO:
	 [Node] Finished "18_md_7", elapsed time 2.149289s.
250329-10:24:59,737 nipype.workflow INFO:
	 [Node] Setting-up "fmriprep_24_0_wf.sub_23_wf.anat_fit_wf.brain_extraction_wf.atropos_wf.19_fill_7" in "/work_dir/fmriprep_24_0_wf/sub_23_wf/anat_fit_wf/brain_extraction_wf/atropos_wf/19_fill_7".
250329-10:24:59,740 nipype.workflow INFO:
	 [Node] Executing "19_fill_7" <nipype.interfaces.ants.utils.ImageMath>
250329-10:25:11,783 nipype.workflow INFO:
	 [Node] Finished "19_fill_7", elapsed time 12.042213s.
250329-10:25:13,738 nipype.workflow INFO:
	 [Node] Setting-up "fmriprep_24_0_wf.sub_23_wf.anat_fit_wf.brain_extraction_wf.atropos_wf.20_add_7_2" in "/work_dir/fmriprep_24_0_wf/sub_23_wf/anat_fit_wf/brain_extraction_wf/atropos_wf/20_add_7_2".
250329-10:25:13,742 nipype.workflow INFO:
	 [Node] Executing "20_add_7_2" <nipype.interfaces.ants.utils.ImageMath>
250329-10:25:15,758 nipype.workflow INFO:
	 [Node] Finished "20_add_7_2", elapsed time 2.015452s.
250329-10:25:17,738 nipype.workflow INFO:
	 [Node] Setting-up "fmriprep_24_0_wf.sub_23_wf.anat_fit_wf.brain_extraction_wf.atropos_wf.21_md_7_2" in "/work_dir/fmriprep_24_0_wf/sub_23_wf/anat_fit_wf/brain_extraction_wf/atropos_wf/21_md_7_2".
250329-10:25:17,741 nipype.workflow INFO:
	 [Node] Executing "21_md_7_2" <nipype.interfaces.ants.utils.ImageMath>
250329-10:25:19,840 nipype.workflow INFO:
	 [Node] Finished "21_md_7_2", elapsed time 2.098295s.
250329-10:25:21,739 nipype.workflow INFO:
	 [Node] Setting-up "fmriprep_24_0_wf.sub_23_wf.anat_fit_wf.brain_extraction_wf.atropos_wf.22_me_7_2" in "/work_dir/fmriprep_24_0_wf/sub_23_wf/anat_fit_wf/brain_extraction_wf/atropos_wf/22_me_7_2".
250329-10:25:21,741 nipype.workflow INFO:
	 [Node] Executing "22_me_7_2" <nipype.interfaces.ants.utils.ImageMath>
250329-10:25:25,101 nipype.workflow INFO:
	 [Node] Finished "22_me_7_2", elapsed time 3.3585979999999998s.
250329-10:25:25,738 nipype.workflow INFO:
	 [Node] Setting-up "fmriprep_24_0_wf.sub_23_wf.anat_fit_wf.brain_extraction_wf.atropos_wf.23_depad_mask" in "/work_dir/fmriprep_24_0_wf/sub_23_wf/anat_fit_wf/brain_extraction_wf/atropos_wf/23_depad_mask".
250329-10:25:25,741 nipype.workflow INFO:
	 [Node] Executing "23_depad_mask" <nipype.interfaces.ants.utils.ImageMath>
250329-10:25:26,675 nipype.workflow INFO:
	 [Node] Finished "23_depad_mask", elapsed time 0.932782s.
250329-10:25:27,739 nipype.workflow INFO:
	 [Node] Setting-up "fmriprep_24_0_wf.sub_23_wf.anat_fit_wf.brain_extraction_wf.atropos_wf.msk_conform" in "/work_dir/fmriprep_24_0_wf/sub_23_wf/anat_fit_wf/brain_extraction_wf/atropos_wf/msk_conform".
250329-10:25:27,742 nipype.workflow INFO:
	 [Node] Executing "msk_conform" <nipype.interfaces.utility.wrappers.Function>
250329-10:25:28,65 nipype.workflow INFO:
	 [Node] Finished "msk_conform", elapsed time 0.321629s.
250329-10:25:37,669 nipype.workflow INFO:
	 [Node] Setting-up "_apply_mask0" in "/work_dir/fmriprep_24_0_wf/sub_23_wf/anat_fit_wf/brain_extraction_wf/atropos_wf/apply_mask/mapflow/_apply_mask0".
250329-10:25:37,670 nipype.workflow INFO:
	 [Node] Executing "_apply_mask0" <niworkflows.interfaces.nibabel.ApplyMask>
250329-10:25:38,715 nipype.workflow INFO:
	 [Node] Finished "_apply_mask0", elapsed time 1.04394s.
250329-10:25:43,285 nipype.workflow INFO:
	 [Node] Setting-up "fmriprep_24_0_wf.sub_23_wf.anat_fit_wf.register_template_wf.trunc_mov" in "/work_dir/fmriprep_24_0_wf/sub_23_wf/anat_fit_wf/register_template_wf/_template_MNI152NLin2009cAsym/trunc_mov".
250329-10:25:43,290 nipype.workflow INFO:
	 [Node] Executing "trunc_mov" <nipype.interfaces.ants.utils.ImageMath>
250329-10:25:44,424 nipype.workflow INFO:
	 [Node] Setting-up "fmriprep_24_0_wf.sub_23_wf.anat_fit_wf.surface_recon_wf.skull_strip_extern" in "/work_dir/fmriprep_24_0_wf/sub_23_wf/anat_fit_wf/surface_recon_wf/skull_strip_extern".
250329-10:25:44,432 nipype.workflow INFO:
	 [Node] Executing "skull_strip_extern" <niworkflows.interfaces.freesurfer.FSInjectBrainExtracted>
250329-10:25:47,974 nipype.workflow INFO:
	 [Node] Finished "skull_strip_extern", elapsed time 3.541442s.
250329-10:25:49,468 nipype.workflow INFO:
	 [Node] Setting-up "fmriprep_24_0_wf.sub_23_wf.anat_fit_wf.surface_recon_wf.autorecon_resume_wf.gcareg" in "/work_dir/fmriprep_24_0_wf/sub_23_wf/anat_fit_wf/surface_recon_wf/autorecon_resume_wf/gcareg".
250329-10:25:49,472 nipype.workflow INFO:
	 [Node] Executing "gcareg" <smriprep.interfaces.freesurfer.ReconAll>
250329-10:25:49,473 nipype.interface INFO:
	 resume recon-all : recon-all -openmp 8 -subjid sub-23 -sd /output/sourcedata/freesurfer -gcareg
250329-10:25:49,474 nipype.interface INFO:
	 resume recon-all : recon-all -openmp 8 -subjid sub-23 -sd /output/sourcedata/freesurfer -gcareg
250329-10:25:50,272 nipype.workflow INFO:
	 [Node] Finished "trunc_mov", elapsed time 6.980175s.
250329-10:28:54,188 nipype.workflow INFO:
	 [Node] Finished "gcareg", elapsed time 184.715041s.
250329-10:28:55,904 nipype.workflow INFO:
	 [Node] Setting-up "fmriprep_24_0_wf.sub_23_wf.anat_fit_wf.surface_recon_wf.autorecon_resume_wf.autorecon2_vol" in "/work_dir/fmriprep_24_0_wf/sub_23_wf/anat_fit_wf/surface_recon_wf/autorecon_resume_wf/autorecon2_vol".
250329-10:28:55,908 nipype.workflow INFO:
	 [Node] Executing "autorecon2_vol" <smriprep.interfaces.freesurfer.ReconAll>
250329-10:28:55,910 nipype.interface INFO:
	 resume recon-all : recon-all -autorecon2-volonly -openmp 8 -subjid sub-23 -sd /output/sourcedata/freesurfer -nogcareg
250329-10:28:55,911 nipype.interface INFO:
	 resume recon-all : recon-all -autorecon2-volonly -openmp 8 -subjid sub-23 -sd /output/sourcedata/freesurfer -nogcareg
250329-12:53:49,69 nipype.workflow INFO:
	 [Node] Finished "autorecon2_vol", elapsed time 8693.159204s.
250329-12:53:52,554 nipype.workflow INFO:
	 [Node] Setting-up "_autorecon_surfs0" in "/work_dir/fmriprep_24_0_wf/sub_23_wf/anat_fit_wf/surface_recon_wf/autorecon_resume_wf/autorecon_surfs/mapflow/_autorecon_surfs0".
250329-12:53:52,558 nipype.workflow INFO:
	 [Node] Executing "_autorecon_surfs0" <smriprep.interfaces.freesurfer.ReconAll>
250329-12:53:52,559 nipype.interface INFO:
	 resume recon-all : recon-all -autorecon-hemi lh -noparcstats -noparcstats2 -noparcstats3 -nohyporelabel -nobalabels -lh-only -openmp 8 -subjid sub-23 -sd /output/sourcedata/freesurfer 
250329-12:53:52,560 nipype.interface INFO:
	 resume recon-all : recon-all -autorecon-hemi lh -noparcstats -noparcstats2 -noparcstats3 -nohyporelabel -nobalabels -lh-only -openmp 8 -subjid sub-23 -sd /output/sourcedata/freesurfer 
250329-12:53:53,105 nipype.workflow INFO:
	 [Node] Setting-up "_autorecon_surfs1" in "/work_dir/fmriprep_24_0_wf/sub_23_wf/anat_fit_wf/surface_recon_wf/autorecon_resume_wf/autorecon_surfs/mapflow/_autorecon_surfs1".
250329-12:53:53,109 nipype.workflow INFO:
	 [Node] Executing "_autorecon_surfs1" <smriprep.interfaces.freesurfer.ReconAll>
250329-12:53:53,111 nipype.interface INFO:
	 resume recon-all : recon-all -autorecon-hemi rh -noparcstats -noparcstats2 -noparcstats3 -nohyporelabel -nobalabels -rh-only -openmp 8 -subjid sub-23 -sd /output/sourcedata/freesurfer 
250329-12:53:53,111 nipype.interface INFO:
	 resume recon-all : recon-all -autorecon-hemi rh -noparcstats -noparcstats2 -noparcstats3 -nohyporelabel -nobalabels -rh-only -openmp 8 -subjid sub-23 -sd /output/sourcedata/freesurfer 
250329-14:05:53,979 nipype.workflow INFO:
	 [Node] Finished "_autorecon_surfs1", elapsed time 4320.869096s.
250329-14:30:36,126 nipype.workflow INFO:
	 [Node] Finished "_autorecon_surfs0", elapsed time 5803.567555s.
250329-14:30:36,571 nipype.workflow INFO:
	 [Node] Setting-up "_autorecon_surfs0" in "/work_dir/fmriprep_24_0_wf/sub_23_wf/anat_fit_wf/surface_recon_wf/autorecon_resume_wf/autorecon_surfs/mapflow/_autorecon_surfs0".
250329-14:30:36,574 nipype.workflow INFO:
	 [Node] Executing "_autorecon_surfs0" <smriprep.interfaces.freesurfer.ReconAll>
250329-14:30:36,576 nipype.interface INFO:
	 recon-all complete : Not running
250329-14:30:36,577 nipype.interface INFO:
	 recon-all complete : Not running
250329-14:30:36,717 nipype.workflow INFO:
	 [Node] Finished "_autorecon_surfs0", elapsed time 0.141066s.
250329-14:30:36,723 nipype.workflow INFO:
	 [Node] Setting-up "_autorecon_surfs1" in "/work_dir/fmriprep_24_0_wf/sub_23_wf/anat_fit_wf/surface_recon_wf/autorecon_resume_wf/autorecon_surfs/mapflow/_autorecon_surfs1".
250329-14:30:36,725 nipype.workflow INFO:
	 [Node] Executing "_autorecon_surfs1" <smriprep.interfaces.freesurfer.ReconAll>
250329-14:30:36,727 nipype.interface INFO:
	 recon-all complete : Not running
250329-14:30:36,728 nipype.interface INFO:
	 recon-all complete : Not running
250329-14:30:36,867 nipype.workflow INFO:
	 [Node] Finished "_autorecon_surfs1", elapsed time 0.140153s.
250329-14:30:38,593 nipype.workflow INFO:
	 [Node] Setting-up "fmriprep_24_0_wf.sub_23_wf.anat_fit_wf.surface_recon_wf.autorecon_resume_wf.cortribbon" in "/work_dir/fmriprep_24_0_wf/sub_23_wf/anat_fit_wf/surface_recon_wf/autorecon_resume_wf/cortribbon".
250329-14:30:38,600 nipype.workflow INFO:
	 [Node] Executing "cortribbon" <smriprep.interfaces.freesurfer.ReconAll>
250329-14:30:38,602 nipype.interface INFO:
	 resume recon-all : recon-all -parallel -subjid sub-23 -sd /output/sourcedata/freesurfer -cortribbon
250329-14:30:38,602 nipype.interface INFO:
	 resume recon-all : recon-all -parallel -subjid sub-23 -sd /output/sourcedata/freesurfer -cortribbon
250329-14:41:35,365 nipype.workflow INFO:
	 [Node] Finished "cortribbon", elapsed time 656.763123s.
250329-14:41:38,696 nipype.workflow INFO:
	 [Node] Setting-up "_parcstats1" in "/work_dir/fmriprep_24_0_wf/sub_23_wf/anat_fit_wf/surface_recon_wf/autorecon_resume_wf/parcstats/mapflow/_parcstats1".
250329-14:41:38,700 nipype.workflow INFO:
	 [Node] Setting-up "_parcstats0" in "/work_dir/fmriprep_24_0_wf/sub_23_wf/anat_fit_wf/surface_recon_wf/autorecon_resume_wf/parcstats/mapflow/_parcstats0".
250329-14:41:38,700 nipype.workflow INFO:
	 [Node] Executing "_parcstats1" <smriprep.interfaces.freesurfer.ReconAll>
250329-14:41:38,702 nipype.interface INFO:
	 resume recon-all : recon-all -autorecon-hemi rh -nohyporelabel -rh-only -openmp 8 -subjid sub-23 -sd /output/sourcedata/freesurfer -notessellate -nosmooth1 -noinflate1 -noqsphere -nofix -nowhite -nosmooth2 -noinflate2 -nocurvHK -nocurvstats -nosphere -nosurfreg -nojacobian_white -noavgcurv -nocortparc -nopial -nocortparc2 -nocortparc3 -nopctsurfcon
250329-14:41:38,703 nipype.interface INFO:
	 resume recon-all : recon-all -autorecon-hemi rh -nohyporelabel -rh-only -openmp 8 -subjid sub-23 -sd /output/sourcedata/freesurfer -notessellate -nosmooth1 -noinflate1 -noqsphere -nofix -nowhite -nosmooth2 -noinflate2 -nocurvHK -nocurvstats -nosphere -nosurfreg -nojacobian_white -noavgcurv -nocortparc -nopial -nocortparc2 -nocortparc3 -nopctsurfcon
250329-14:41:38,704 nipype.workflow INFO:
	 [Node] Executing "_parcstats0" <smriprep.interfaces.freesurfer.ReconAll>
250329-14:41:38,705 nipype.interface INFO:
	 resume recon-all : recon-all -autorecon-hemi lh -nohyporelabel -lh-only -openmp 8 -subjid sub-23 -sd /output/sourcedata/freesurfer -notessellate -nosmooth1 -noinflate1 -noqsphere -nofix -nowhite -nosmooth2 -noinflate2 -nocurvHK -nocurvstats -nosphere -nosurfreg -nojacobian_white -noavgcurv -nocortparc -nopial -nocortparc2 -nocortparc3 -nopctsurfcon
250329-14:41:38,706 nipype.interface INFO:
	 resume recon-all : recon-all -autorecon-hemi lh -nohyporelabel -lh-only -openmp 8 -subjid sub-23 -sd /output/sourcedata/freesurfer -notessellate -nosmooth1 -noinflate1 -noqsphere -nofix -nowhite -nosmooth2 -noinflate2 -nocurvHK -nocurvstats -nosphere -nosurfreg -nojacobian_white -noavgcurv -nocortparc -nopial -nocortparc2 -nocortparc3 -nopctsurfcon
250329-14:48:39,420 nipype.workflow INFO:
	 [Node] Finished "_parcstats1", elapsed time 420.71817s.
250329-14:48:45,619 nipype.workflow INFO:
	 [Node] Finished "_parcstats0", elapsed time 426.914496s.
250329-14:48:46,653 nipype.workflow INFO:
	 [Node] Setting-up "_parcstats0" in "/work_dir/fmriprep_24_0_wf/sub_23_wf/anat_fit_wf/surface_recon_wf/autorecon_resume_wf/parcstats/mapflow/_parcstats0".
250329-14:48:46,656 nipype.workflow INFO:
	 [Node] Executing "_parcstats0" <smriprep.interfaces.freesurfer.ReconAll>
250329-14:48:46,658 nipype.interface INFO:
	 recon-all complete : Not running
250329-14:48:46,659 nipype.interface INFO:
	 recon-all complete : Not running
250329-14:48:46,808 nipype.workflow INFO:
	 [Node] Finished "_parcstats0", elapsed time 0.15007s.
250329-14:48:46,814 nipype.workflow INFO:
	 [Node] Setting-up "_parcstats1" in "/work_dir/fmriprep_24_0_wf/sub_23_wf/anat_fit_wf/surface_recon_wf/autorecon_resume_wf/parcstats/mapflow/_parcstats1".
250329-14:48:46,817 nipype.workflow INFO:
	 [Node] Executing "_parcstats1" <smriprep.interfaces.freesurfer.ReconAll>
250329-14:48:46,819 nipype.interface INFO:
	 recon-all complete : Not running
250329-14:48:46,820 nipype.interface INFO:
	 recon-all complete : Not running
250329-14:48:46,968 nipype.workflow INFO:
	 [Node] Finished "_parcstats1", elapsed time 0.150295s.
250329-14:48:48,644 nipype.workflow INFO:
	 [Node] Setting-up "fmriprep_24_0_wf.sub_23_wf.anat_fit_wf.surface_recon_wf.autorecon_resume_wf.autorecon3" in "/work_dir/fmriprep_24_0_wf/sub_23_wf/anat_fit_wf/surface_recon_wf/autorecon_resume_wf/autorecon3".
250329-14:48:48,648 nipype.workflow INFO:
	 [Node] Executing "autorecon3" <smriprep.interfaces.freesurfer.ReconAll>
250329-14:48:48,650 nipype.interface INFO:
	 resume recon-all : recon-all -autorecon3 -openmp 8 -subjid sub-23 -sd /output/sourcedata/freesurfer -nosphere -nosurfreg -nojacobian_white -noavgcurv -nocortparc -nopial -noparcstats -nocortparc2 -noparcstats2 -nocortparc3 -noparcstats3 -nopctsurfcon -nocortribbon -nobalabels
250329-14:48:48,651 nipype.interface INFO:
	 resume recon-all : recon-all -autorecon3 -openmp 8 -subjid sub-23 -sd /output/sourcedata/freesurfer -nosphere -nosurfreg -nojacobian_white -noavgcurv -nocortparc -nopial -noparcstats -nocortparc2 -noparcstats2 -nocortparc3 -noparcstats3 -nopctsurfcon -nocortribbon -nobalabels
250329-14:58:40,822 nipype.workflow INFO:
	 [Node] Finished "autorecon3", elapsed time 592.173057s.
250329-14:58:42,699 nipype.workflow INFO:
	 [Node] Setting-up "fmriprep_24_0_wf.sub_23_wf.anat_fit_wf.surface_recon_wf.get_surfaces" in "/work_dir/fmriprep_24_0_wf/sub_23_wf/anat_fit_wf/surface_recon_wf/get_surfaces".
250329-14:58:42,790 nipype.workflow INFO:
	 [Node] Executing "get_surfaces" <nipype.interfaces.io.FreeSurferSource>
250329-14:58:42,803 nipype.workflow INFO:
	 [Node] Finished "get_surfaces", elapsed time 0.01219s.
250329-14:58:46,717 nipype.workflow INFO:
	 [Node] Setting-up "_midthickness1" in "/work_dir/fmriprep_24_0_wf/sub_23_wf/anat_fit_wf/surface_recon_wf/midthickness/mapflow/_midthickness1".
250329-14:58:46,720 nipype.workflow INFO:
	 [Node] Executing "_midthickness1" <smriprep.interfaces.freesurfer.MakeMidthickness>
250329-14:58:49,832 nipype.workflow INFO:
	 [Node] Setting-up "_midthickness0" in "/work_dir/fmriprep_24_0_wf/sub_23_wf/anat_fit_wf/surface_recon_wf/midthickness/mapflow/_midthickness0".
250329-14:58:49,836 nipype.workflow INFO:
	 [Node] Executing "_midthickness0" <smriprep.interfaces.freesurfer.MakeMidthickness>
250329-16:29:49,408 nipype.workflow INFO:
	 [Node] Finished "_midthickness0", elapsed time 5459.571048s.
250329-16:38:56,21 nipype.workflow INFO:
	 [Node] Finished "_midthickness1", elapsed time 6009.299207s.
250329-16:38:59,642 nipype.workflow INFO:
	 [Node] Setting-up "_midthickness0" in "/work_dir/fmriprep_24_0_wf/sub_23_wf/anat_fit_wf/surface_recon_wf/midthickness/mapflow/_midthickness0".
250329-16:38:59,644 nipype.workflow INFO:
	 [Node] Cached "_midthickness0" - collecting precomputed outputs
250329-16:38:59,645 nipype.workflow INFO:
	 [Node] "_midthickness0" found cached.
250329-16:38:59,646 nipype.workflow INFO:
	 [Node] Setting-up "_midthickness1" in "/work_dir/fmriprep_24_0_wf/sub_23_wf/anat_fit_wf/surface_recon_wf/midthickness/mapflow/_midthickness1".
250329-16:38:59,647 nipype.workflow INFO:
	 [Node] Cached "_midthickness1" - collecting precomputed outputs
250329-16:38:59,647 nipype.workflow INFO:
	 [Node] "_midthickness1" found cached.
250329-16:39:01,202 nipype.workflow INFO:
	 [Node] Setting-up "fmriprep_24_0_wf.sub_23_wf.anat_fit_wf.surface_recon_wf.save_midthickness" in "/work_dir/fmriprep_24_0_wf/sub_23_wf/anat_fit_wf/surface_recon_wf/save_midthickness".
250329-16:39:02,219 nipype.workflow INFO:
	 [Node] Executing "save_midthickness" <nipype.interfaces.io.DataSink>
250329-16:39:02,297 nipype.workflow INFO:
	 [Node] Finished "save_midthickness", elapsed time 0.076434s.
250329-16:39:03,206 nipype.workflow INFO:
	 [Node] Setting-up "fmriprep_24_0_wf.sub_23_wf.anat_fit_wf.surface_recon_wf.sync" in "/work_dir/fmriprep_24_0_wf/sub_23_wf/anat_fit_wf/surface_recon_wf/sync".
250329-16:39:03,208 nipype.workflow INFO:
	 [Node] Executing "sync" <nipype.interfaces.utility.wrappers.Function>
250329-16:39:03,211 nipype.workflow INFO:
	 [Node] Finished "sync", elapsed time 0.001459s.
250329-16:39:05,204 nipype.workflow INFO:
	 [Node] Setting-up "fmriprep_24_0_wf.sub_23_wf.anat_fit_wf.gifti_surface_wf.get_surfaces" in "/work_dir/fmriprep_24_0_wf/sub_23_wf/anat_fit_wf/gifti_surface_wf/get_surfaces".
250329-16:39:05,204 nipype.workflow INFO:
	 [Node] Setting-up "fmriprep_24_0_wf.sub_23_wf.anat_fit_wf.gifti_spheres_wf.get_surfaces" in "/work_dir/fmriprep_24_0_wf/sub_23_wf/anat_fit_wf/gifti_spheres_wf/get_surfaces".
250329-16:39:05,206 nipype.workflow INFO:
	 [Node] Setting-up "fmriprep_24_0_wf.sub_23_wf.anat_fit_wf.gifti_morphometrics_wf.get_surfaces" in "/work_dir/fmriprep_24_0_wf/sub_23_wf/anat_fit_wf/gifti_morphometrics_wf/get_surfaces".
250329-16:39:05,206 nipype.workflow INFO:
	 [Node] Setting-up "fmriprep_24_0_wf.sub_23_wf.anat_fit_wf.refinement_wf.segs_to_native_aseg.fs_datasource" in "/work_dir/fmriprep_24_0_wf/sub_23_wf/anat_fit_wf/refinement_wf/segs_to_native_aseg/fs_datasource".
250329-16:39:05,208 nipype.workflow INFO:
	 [Node] Setting-up "fmriprep_24_0_wf.sub_23_wf.anat_fit_wf.anat_reports_wf.recon_report" in "/work_dir/fmriprep_24_0_wf/sub_23_wf/anat_fit_wf/anat_reports_wf/recon_report".
250329-16:39:05,208 nipype.workflow INFO:
	 [Node] Executing "get_surfaces" <nipype.interfaces.utility.wrappers.Function>
250329-16:39:05,209 nipype.workflow INFO:
	 [Node] Executing "get_surfaces" <nipype.interfaces.io.FreeSurferSource>
250329-16:39:05,209 nipype.workflow INFO:
	 [Node] Executing "fs_datasource" <nipype.interfaces.io.FreeSurferSource>
250329-16:39:05,209 nipype.workflow INFO:
	 [Node] Executing "get_surfaces" <nipype.interfaces.utility.wrappers.Function>
250329-16:39:05,209 nipype.workflow INFO:
	 [Node] Setting-up "fmriprep_24_0_wf.sub_23_wf.bold_task_bird_run_1_wf.bold_fit_wf.bold_reg_wf.bbreg_wf.mri_coreg" in "/work_dir/fmriprep_24_0_wf/sub_23_wf/bold_task_bird_run_1_wf/bold_fit_wf/bold_reg_wf/bbreg_wf/mri_coreg".
250329-16:39:05,210 nipype.workflow INFO:
	 [Node] Finished "get_surfaces", elapsed time 0.001634s.
250329-16:39:05,211 nipype.workflow INFO:
	 [Node] Executing "recon_report" <smriprep.interfaces.reports.FSSurfaceReport>
250329-16:39:05,213 nipype.workflow INFO:
	 [Node] Finished "get_surfaces", elapsed time 0.003198s.
250329-16:39:05,213 nipype.workflow INFO:
	 [Node] Executing "mri_coreg" <fmriprep.interfaces.patches.MRICoreg>
250329-16:39:05,222 nipype.workflow INFO:
	 [Node] Finished "get_surfaces", elapsed time 0.012774s.
250329-16:39:05,223 nipype.workflow INFO:
	 [Node] Finished "fs_datasource", elapsed time 0.013023s.
250329-16:39:05,288 nipype.workflow INFO:
	 [Node] Setting-up "fmriprep_24_0_wf.sub_23_wf.bold_task_bird_run_3_wf.bold_fit_wf.bold_reg_wf.bbreg_wf.mri_coreg" in "/work_dir/fmriprep_24_0_wf/sub_23_wf/bold_task_bird_run_3_wf/bold_fit_wf/bold_reg_wf/bbreg_wf/mri_coreg".
250329-16:39:05,292 nipype.workflow INFO:
	 [Node] Setting-up "fmriprep_24_0_wf.sub_23_wf.bold_task_bird_run_2_wf.bold_fit_wf.bold_reg_wf.bbreg_wf.mri_coreg" in "/work_dir/fmriprep_24_0_wf/sub_23_wf/bold_task_bird_run_2_wf/bold_fit_wf/bold_reg_wf/bbreg_wf/mri_coreg".
250329-16:39:05,293 nipype.workflow INFO:
	 [Node] Executing "mri_coreg" <fmriprep.interfaces.patches.MRICoreg>
250329-16:39:05,296 nipype.workflow INFO:
	 [Node] Executing "mri_coreg" <fmriprep.interfaces.patches.MRICoreg>
250329-16:39:09,248 nipype.workflow INFO:
	 [Node] Setting-up "fmriprep_24_0_wf.sub_23_wf.anat_fit_wf.refinement_wf.segs_to_native_aseg.resample" in "/work_dir/fmriprep_24_0_wf/sub_23_wf/anat_fit_wf/refinement_wf/segs_to_native_aseg/resample".
250329-16:39:09,256 nipype.workflow INFO:
	 [Node] Executing "resample" <nipype.interfaces.freesurfer.preprocess.ApplyVolTransform>
250329-16:39:11,236 nipype.workflow INFO:
	 [Node] Setting-up "_fs2gii2" in "/work_dir/fmriprep_24_0_wf/sub_23_wf/anat_fit_wf/gifti_surface_wf/fs2gii/mapflow/_fs2gii2".
250329-16:39:11,236 nipype.workflow INFO:
	 [Node] Setting-up "_fs2gii3" in "/work_dir/fmriprep_24_0_wf/sub_23_wf/anat_fit_wf/gifti_surface_wf/fs2gii/mapflow/_fs2gii3".
250329-16:39:11,238 nipype.workflow INFO:
	 [Node] Executing "_fs2gii2" <nipype.interfaces.freesurfer.utils.MRIsConvert>
250329-16:39:11,238 nipype.workflow INFO:
	 [Node] Executing "_fs2gii3" <nipype.interfaces.freesurfer.utils.MRIsConvert>
250329-16:39:11,241 nipype.workflow INFO:
	 [Node] Setting-up "_fs2gii5" in "/work_dir/fmriprep_24_0_wf/sub_23_wf/anat_fit_wf/gifti_surface_wf/fs2gii/mapflow/_fs2gii5".
250329-16:39:11,243 nipype.workflow INFO:
	 [Node] Executing "_fs2gii5" <nipype.interfaces.freesurfer.utils.MRIsConvert>
250329-16:39:11,314 nipype.workflow INFO:
	 [Node] Setting-up "_fs2gii0" in "/work_dir/fmriprep_24_0_wf/sub_23_wf/anat_fit_wf/gifti_surface_wf/fs2gii/mapflow/_fs2gii0".
250329-16:39:11,316 nipype.workflow INFO:
	 [Node] Executing "_fs2gii0" <nipype.interfaces.freesurfer.utils.MRIsConvert>
250329-16:39:11,437 nipype.workflow INFO:
	 [Node] Setting-up "_fs2gii4" in "/work_dir/fmriprep_24_0_wf/sub_23_wf/anat_fit_wf/gifti_surface_wf/fs2gii/mapflow/_fs2gii4".
250329-16:39:11,440 nipype.workflow INFO:
	 [Node] Executing "_fs2gii4" <nipype.interfaces.freesurfer.utils.MRIsConvert>
250329-16:39:11,480 nipype.workflow INFO:
	 [Node] Setting-up "_fs2gii1" in "/work_dir/fmriprep_24_0_wf/sub_23_wf/anat_fit_wf/gifti_surface_wf/fs2gii/mapflow/_fs2gii1".
250329-16:39:11,483 nipype.workflow INFO:
	 [Node] Executing "_fs2gii1" <nipype.interfaces.freesurfer.utils.MRIsConvert>
250329-16:39:12,62 nipype.workflow INFO:
	 [Node] Finished "resample", elapsed time 2.805116s.
250329-16:39:13,995 nipype.workflow INFO:
	 [Node] Finished "_fs2gii3", elapsed time 2.75591s.
250329-16:39:14,401 nipype.workflow INFO:
	 [Node] Finished "_fs2gii2", elapsed time 3.161599s.
250329-16:39:14,519 nipype.workflow INFO:
	 [Node] Finished "_fs2gii4", elapsed time 3.077006s.
250329-16:39:14,614 nipype.workflow INFO:
	 [Node] Setting-up "fmriprep_24_0_wf.sub_23_wf.anat_fit_wf.refinement_wf.refine" in "/work_dir/fmriprep_24_0_wf/sub_23_wf/anat_fit_wf/refinement_wf/refine".
250329-16:39:14,618 nipype.workflow INFO:
	 [Node] Executing "refine" <niworkflows.interfaces.freesurfer.RefineBrainMask>
250329-16:39:15,104 nipype.workflow INFO:
	 [Node] Finished "_fs2gii5", elapsed time 3.860008s.
250329-16:39:15,262 nipype.workflow INFO:
	 [Node] Setting-up "_fs2gii0" in "/work_dir/fmriprep_24_0_wf/sub_23_wf/anat_fit_wf/gifti_spheres_wf/fs2gii/mapflow/_fs2gii0".
250329-16:39:15,264 nipype.workflow INFO:
	 [Node] Executing "_fs2gii0" <nipype.interfaces.freesurfer.utils.MRIsConvert>
250329-16:39:15,266 nipype.workflow INFO:
	 [Node] Setting-up "_fs2gii1" in "/work_dir/fmriprep_24_0_wf/sub_23_wf/anat_fit_wf/gifti_spheres_wf/fs2gii/mapflow/_fs2gii1".
250329-16:39:15,268 nipype.workflow INFO:
	 [Node] Executing "_fs2gii1" <nipype.interfaces.freesurfer.utils.MRIsConvert>
250329-16:39:15,270 nipype.workflow INFO:
	 [Node] Setting-up "_fs2gii2" in "/work_dir/fmriprep_24_0_wf/sub_23_wf/anat_fit_wf/gifti_spheres_wf/fs2gii/mapflow/_fs2gii2".
250329-16:39:15,272 nipype.workflow INFO:
	 [Node] Executing "_fs2gii2" <nipype.interfaces.freesurfer.utils.MRIsConvert>
250329-16:39:15,376 nipype.workflow INFO:
	 [Node] Finished "_fs2gii1", elapsed time 3.891927s.
250329-16:39:15,457 nipype.workflow INFO:
	 [Node] Finished "_fs2gii0", elapsed time 4.140192s.
250329-16:39:17,358 nipype.workflow INFO:
	 [Node] Setting-up "_fs2gii0" in "/work_dir/fmriprep_24_0_wf/sub_23_wf/anat_fit_wf/gifti_surface_wf/fs2gii/mapflow/_fs2gii0".
250329-16:39:17,360 nipype.workflow INFO:
	 [Node] Cached "_fs2gii0" - collecting precomputed outputs
250329-16:39:17,360 nipype.workflow INFO:
	 [Node] "_fs2gii0" found cached.
250329-16:39:17,361 nipype.workflow INFO:
	 [Node] Setting-up "_fs2gii1" in "/work_dir/fmriprep_24_0_wf/sub_23_wf/anat_fit_wf/gifti_surface_wf/fs2gii/mapflow/_fs2gii1".
250329-16:39:17,362 nipype.workflow INFO:
	 [Node] Cached "_fs2gii1" - collecting precomputed outputs
250329-16:39:17,362 nipype.workflow INFO:
	 [Node] "_fs2gii1" found cached.
250329-16:39:17,363 nipype.workflow INFO:
	 [Node] Setting-up "_fs2gii2" in "/work_dir/fmriprep_24_0_wf/sub_23_wf/anat_fit_wf/gifti_surface_wf/fs2gii/mapflow/_fs2gii2".
250329-16:39:17,364 nipype.workflow INFO:
	 [Node] Cached "_fs2gii2" - collecting precomputed outputs
250329-16:39:17,364 nipype.workflow INFO:
	 [Node] "_fs2gii2" found cached.
250329-16:39:17,365 nipype.workflow INFO:
	 [Node] Setting-up "_fs2gii3" in "/work_dir/fmriprep_24_0_wf/sub_23_wf/anat_fit_wf/gifti_surface_wf/fs2gii/mapflow/_fs2gii3".
250329-16:39:17,365 nipype.workflow INFO:
	 [Node] Setting-up "_fs2gii3" in "/work_dir/fmriprep_24_0_wf/sub_23_wf/anat_fit_wf/gifti_spheres_wf/fs2gii/mapflow/_fs2gii3".
250329-16:39:17,366 nipype.workflow INFO:
	 [Node] Cached "_fs2gii3" - collecting precomputed outputs
250329-16:39:17,366 nipype.workflow INFO:
	 [Node] "_fs2gii3" found cached.
250329-16:39:17,367 nipype.workflow INFO:
	 [Node] Setting-up "_fs2gii4" in "/work_dir/fmriprep_24_0_wf/sub_23_wf/anat_fit_wf/gifti_surface_wf/fs2gii/mapflow/_fs2gii4".
250329-16:39:17,368 nipype.workflow INFO:
	 [Node] Executing "_fs2gii3" <nipype.interfaces.freesurfer.utils.MRIsConvert>
250329-16:39:17,368 nipype.workflow INFO:
	 [Node] Cached "_fs2gii4" - collecting precomputed outputs
250329-16:39:17,368 nipype.workflow INFO:
	 [Node] "_fs2gii4" found cached.
250329-16:39:17,369 nipype.workflow INFO:
	 [Node] Setting-up "_fs2gii5" in "/work_dir/fmriprep_24_0_wf/sub_23_wf/anat_fit_wf/gifti_surface_wf/fs2gii/mapflow/_fs2gii5".
250329-16:39:17,370 nipype.workflow INFO:
	 [Node] Setting-up "_morphs2gii0" in "/work_dir/fmriprep_24_0_wf/sub_23_wf/anat_fit_wf/gifti_morphometrics_wf/morphs2gii/mapflow/_morphs2gii0".
250329-16:39:17,372 nipype.workflow INFO:
	 [Node] Executing "_morphs2gii0" <smriprep.interfaces.freesurfer.MRIsConvertData>
250329-16:39:17,383 nipype.workflow INFO:
	 [Node] Cached "_fs2gii5" - collecting precomputed outputs
250329-16:39:17,383 nipype.workflow INFO:
	 [Node] "_fs2gii5" found cached.
250329-16:39:17,959 nipype.workflow INFO:
	 [Node] Finished "_fs2gii0", elapsed time 2.69401s.
250329-16:39:18,26 nipype.workflow INFO:
	 [Node] Finished "_fs2gii1", elapsed time 2.756636s.
250329-16:39:18,74 nipype.workflow INFO:
	 [Node] Finished "_fs2gii2", elapsed time 2.800174s.
250329-16:39:19,253 nipype.workflow INFO:
	 [Node] Setting-up "_morphs2gii1" in "/work_dir/fmriprep_24_0_wf/sub_23_wf/anat_fit_wf/gifti_morphometrics_wf/morphs2gii/mapflow/_morphs2gii1".
250329-16:39:19,255 nipype.workflow INFO:
	 [Node] Executing "_morphs2gii1" <smriprep.interfaces.freesurfer.MRIsConvertData>
250329-16:39:19,264 nipype.workflow INFO:
	 [Node] Setting-up "_morphs2gii2" in "/work_dir/fmriprep_24_0_wf/sub_23_wf/anat_fit_wf/gifti_morphometrics_wf/morphs2gii/mapflow/_morphs2gii2".
250329-16:39:19,266 nipype.workflow INFO:
	 [Node] Executing "_morphs2gii2" <smriprep.interfaces.freesurfer.MRIsConvertData>
250329-16:39:19,268 nipype.workflow INFO:
	 [Node] Setting-up "_morphs2gii3" in "/work_dir/fmriprep_24_0_wf/sub_23_wf/anat_fit_wf/gifti_morphometrics_wf/morphs2gii/mapflow/_morphs2gii3".
250329-16:39:19,270 nipype.workflow INFO:
	 [Node] Executing "_morphs2gii3" <smriprep.interfaces.freesurfer.MRIsConvertData>
250329-16:39:19,284 nipype.workflow INFO:
	 [Node] Finished "_morphs2gii0", elapsed time 1.91128s.
250329-16:39:20,388 nipype.workflow INFO:
	 [Node] Finished "_fs2gii3", elapsed time 3.019055s.
250329-16:39:20,790 nipype.workflow INFO:
	 [Node] Finished "_morphs2gii1", elapsed time 1.533966s.
250329-16:39:20,997 nipype.workflow INFO:
	 [Node] Finished "_morphs2gii2", elapsed time 1.729788s.
250329-16:39:21,148 nipype.workflow INFO:
	 [Node] Finished "_morphs2gii3", elapsed time 1.877151s.
250329-16:39:21,225 nipype.workflow INFO:
	 [Node] Setting-up "_fix_surfs3" in "/work_dir/fmriprep_24_0_wf/sub_23_wf/anat_fit_wf/gifti_surface_wf/fix_surfs/mapflow/_fix_surfs3".
250329-16:39:21,225 nipype.workflow INFO:
	 [Node] Setting-up "_fs2gii0" in "/work_dir/fmriprep_24_0_wf/sub_23_wf/anat_fit_wf/gifti_spheres_wf/fs2gii/mapflow/_fs2gii0".
250329-16:39:21,226 nipype.workflow INFO:
	 [Node] Setting-up "_fix_surfs2" in "/work_dir/fmriprep_24_0_wf/sub_23_wf/anat_fit_wf/gifti_surface_wf/fix_surfs/mapflow/_fix_surfs2".
250329-16:39:21,227 nipype.workflow INFO:
	 [Node] Cached "_fs2gii0" - collecting precomputed outputs
250329-16:39:21,227 nipype.workflow INFO:
	 [Node] "_fs2gii0" found cached.
250329-16:39:21,227 nipype.workflow INFO:
	 [Node] Executing "_fix_surfs3" <smriprep.interfaces.surf.NormalizeSurf>
250329-16:39:21,227 nipype.workflow INFO:
	 [Node] Executing "_fix_surfs2" <smriprep.interfaces.surf.NormalizeSurf>
250329-16:39:21,228 nipype.workflow INFO:
	 [Node] Setting-up "_fs2gii1" in "/work_dir/fmriprep_24_0_wf/sub_23_wf/anat_fit_wf/gifti_spheres_wf/fs2gii/mapflow/_fs2gii1".
250329-16:39:21,229 nipype.workflow INFO:
	 [Node] Cached "_fs2gii1" - collecting precomputed outputs
250329-16:39:21,229 nipype.workflow INFO:
	 [Node] "_fs2gii1" found cached.
250329-16:39:21,230 nipype.workflow INFO:
	 [Node] Setting-up "_fs2gii2" in "/work_dir/fmriprep_24_0_wf/sub_23_wf/anat_fit_wf/gifti_spheres_wf/fs2gii/mapflow/_fs2gii2".
250329-16:39:21,230 nipype.workflow INFO:
	 [Node] Cached "_fs2gii2" - collecting precomputed outputs
250329-16:39:21,231 nipype.workflow INFO:
	 [Node] "_fs2gii2" found cached.
250329-16:39:21,231 nipype.workflow INFO:
	 [Node] Setting-up "_fs2gii3" in "/work_dir/fmriprep_24_0_wf/sub_23_wf/anat_fit_wf/gifti_spheres_wf/fs2gii/mapflow/_fs2gii3".
250329-16:39:21,232 nipype.workflow INFO:
	 [Node] Cached "_fs2gii3" - collecting precomputed outputs
250329-16:39:21,232 nipype.workflow INFO:
	 [Node] "_fs2gii3" found cached.
250329-16:39:21,367 nipype.workflow INFO:
	 [Node] Setting-up "_fix_surfs0" in "/work_dir/fmriprep_24_0_wf/sub_23_wf/anat_fit_wf/gifti_surface_wf/fix_surfs/mapflow/_fix_surfs0".
250329-16:39:21,369 nipype.workflow INFO:
	 [Node] Executing "_fix_surfs0" <smriprep.interfaces.surf.NormalizeSurf>
250329-16:39:21,574 nipype.workflow INFO:
	 [Node] Setting-up "_fix_surfs1" in "/work_dir/fmriprep_24_0_wf/sub_23_wf/anat_fit_wf/gifti_surface_wf/fix_surfs/mapflow/_fix_surfs1".
250329-16:39:21,576 nipype.workflow INFO:
	 [Node] Executing "_fix_surfs1" <smriprep.interfaces.surf.NormalizeSurf>
250329-16:39:22,119 nipype.workflow INFO:
	 [Node] Finished "_fix_surfs2", elapsed time 0.890592s.
250329-16:39:22,124 nipype.workflow INFO:
	 [Node] Finished "_fix_surfs3", elapsed time 0.895926s.
250329-16:39:22,397 nipype.workflow INFO:
	 [Node] Finished "_fix_surfs0", elapsed time 1.023252s.
250329-16:39:22,742 nipype.workflow INFO:
	 [Node] Finished "_fix_surfs1", elapsed time 1.165354s.
250329-16:39:23,223 nipype.workflow INFO:
	 [Node] Setting-up "_morphs2gii0" in "/work_dir/fmriprep_24_0_wf/sub_23_wf/anat_fit_wf/gifti_morphometrics_wf/morphs2gii/mapflow/_morphs2gii0".
250329-16:39:23,224 nipype.workflow INFO:
	 [Node] Cached "_morphs2gii0" - collecting precomputed outputs
250329-16:39:23,224 nipype.workflow INFO:
	 [Node] "_morphs2gii0" found cached.
250329-16:39:23,225 nipype.workflow INFO:
	 [Node] Setting-up "_morphs2gii1" in "/work_dir/fmriprep_24_0_wf/sub_23_wf/anat_fit_wf/gifti_morphometrics_wf/morphs2gii/mapflow/_morphs2gii1".
250329-16:39:23,226 nipype.workflow INFO:
	 [Node] Cached "_morphs2gii1" - collecting precomputed outputs
250329-16:39:23,226 nipype.workflow INFO:
	 [Node] "_morphs2gii1" found cached.
250329-16:39:23,227 nipype.workflow INFO:
	 [Node] Setting-up "_morphs2gii2" in "/work_dir/fmriprep_24_0_wf/sub_23_wf/anat_fit_wf/gifti_morphometrics_wf/morphs2gii/mapflow/_morphs2gii2".
250329-16:39:23,228 nipype.workflow INFO:
	 [Node] Cached "_morphs2gii2" - collecting precomputed outputs
250329-16:39:23,228 nipype.workflow INFO:
	 [Node] "_morphs2gii2" found cached.
250329-16:39:23,229 nipype.workflow INFO:
	 [Node] Setting-up "_morphs2gii3" in "/work_dir/fmriprep_24_0_wf/sub_23_wf/anat_fit_wf/gifti_morphometrics_wf/morphs2gii/mapflow/_morphs2gii3".
250329-16:39:23,230 nipype.workflow INFO:
	 [Node] Cached "_morphs2gii3" - collecting precomputed outputs
250329-16:39:23,230 nipype.workflow INFO:
	 [Node] "_morphs2gii3" found cached.
250329-16:39:23,272 nipype.workflow INFO:
	 [Node] Setting-up "_fix_surfs4" in "/work_dir/fmriprep_24_0_wf/sub_23_wf/anat_fit_wf/gifti_surface_wf/fix_surfs/mapflow/_fix_surfs4".
250329-16:39:23,274 nipype.workflow INFO:
	 [Node] Executing "_fix_surfs4" <smriprep.interfaces.surf.NormalizeSurf>
250329-16:39:24,164 nipype.workflow INFO:
	 [Node] Finished "_fix_surfs4", elapsed time 0.888636s.
250329-16:39:25,380 nipype.workflow INFO:
	 [Node] Setting-up "_fix_surfs5" in "/work_dir/fmriprep_24_0_wf/sub_23_wf/anat_fit_wf/gifti_surface_wf/fix_surfs/mapflow/_fix_surfs5".
250329-16:39:25,382 nipype.workflow INFO:
	 [Node] Executing "_fix_surfs5" <smriprep.interfaces.surf.NormalizeSurf>
250329-16:39:25,413 nipype.workflow INFO:
	 [Node] Setting-up "_fix_surfs0" in "/work_dir/fmriprep_24_0_wf/sub_23_wf/anat_fit_wf/gifti_spheres_wf/fix_surfs/mapflow/_fix_surfs0".
250329-16:39:25,414 nipype.workflow INFO:
	 [Node] Setting-up "_fix_surfs2" in "/work_dir/fmriprep_24_0_wf/sub_23_wf/anat_fit_wf/gifti_spheres_wf/fix_surfs/mapflow/_fix_surfs2".
250329-16:39:25,414 nipype.workflow INFO:
	 [Node] Setting-up "_fix_surfs3" in "/work_dir/fmriprep_24_0_wf/sub_23_wf/anat_fit_wf/gifti_spheres_wf/fix_surfs/mapflow/_fix_surfs3".
250329-16:39:25,414 nipype.workflow INFO:
	 [Node] Executing "_fix_surfs0" <smriprep.interfaces.surf.NormalizeSurf>
250329-16:39:25,416 nipype.workflow INFO:
	 [Node] Executing "_fix_surfs2" <smriprep.interfaces.surf.NormalizeSurf>
250329-16:39:25,416 nipype.workflow INFO:
	 [Node] Executing "_fix_surfs3" <smriprep.interfaces.surf.NormalizeSurf>
250329-16:39:25,422 nipype.workflow INFO:
	 [Node] Setting-up "_fix_surfs1" in "/work_dir/fmriprep_24_0_wf/sub_23_wf/anat_fit_wf/gifti_spheres_wf/fix_surfs/mapflow/_fix_surfs1".
250329-16:39:25,423 nipype.workflow INFO:
	 [Node] Executing "_fix_surfs1" <smriprep.interfaces.surf.NormalizeSurf>
250329-16:39:26,327 nipype.workflow INFO:
	 [Node] Finished "_fix_surfs0", elapsed time 0.911571s.
250329-16:39:26,366 nipype.workflow INFO:
	 [Node] Finished "_fix_surfs5", elapsed time 0.983471s.
250329-16:39:26,676 nipype.workflow INFO:
	 [Node] Finished "_fix_surfs3", elapsed time 1.259626s.
250329-16:39:26,690 nipype.workflow INFO:
	 [Node] Finished "_fix_surfs1", elapsed time 1.26611s.
250329-16:39:26,728 nipype.workflow INFO:
	 [Node] Finished "_fix_surfs2", elapsed time 1.311345s.
250329-16:39:27,226 nipype.workflow INFO:
	 [Node] Setting-up "_fix_surfs0" in "/work_dir/fmriprep_24_0_wf/sub_23_wf/anat_fit_wf/gifti_surface_wf/fix_surfs/mapflow/_fix_surfs0".
250329-16:39:27,227 nipype.workflow INFO:
	 [Node] Cached "_fix_surfs0" - collecting precomputed outputs
250329-16:39:27,227 nipype.workflow INFO:
	 [Node] "_fix_surfs0" found cached.
250329-16:39:27,228 nipype.workflow INFO:
	 [Node] Setting-up "_fix_surfs1" in "/work_dir/fmriprep_24_0_wf/sub_23_wf/anat_fit_wf/gifti_surface_wf/fix_surfs/mapflow/_fix_surfs1".
250329-16:39:27,229 nipype.workflow INFO:
	 [Node] Cached "_fix_surfs1" - collecting precomputed outputs
250329-16:39:27,229 nipype.workflow INFO:
	 [Node] "_fix_surfs1" found cached.
250329-16:39:27,229 nipype.workflow INFO:
	 [Node] Setting-up "_fix_surfs2" in "/work_dir/fmriprep_24_0_wf/sub_23_wf/anat_fit_wf/gifti_surface_wf/fix_surfs/mapflow/_fix_surfs2".
250329-16:39:27,230 nipype.workflow INFO:
	 [Node] Cached "_fix_surfs2" - collecting precomputed outputs
250329-16:39:27,230 nipype.workflow INFO:
	 [Node] "_fix_surfs2" found cached.
250329-16:39:27,231 nipype.workflow INFO:
	 [Node] Setting-up "_fix_surfs3" in "/work_dir/fmriprep_24_0_wf/sub_23_wf/anat_fit_wf/gifti_surface_wf/fix_surfs/mapflow/_fix_surfs3".
250329-16:39:27,232 nipype.workflow INFO:
	 [Node] Cached "_fix_surfs3" - collecting precomputed outputs
250329-16:39:27,232 nipype.workflow INFO:
	 [Node] "_fix_surfs3" found cached.
250329-16:39:27,232 nipype.workflow INFO:
	 [Node] Setting-up "_fix_surfs0" in "/work_dir/fmriprep_24_0_wf/sub_23_wf/anat_fit_wf/gifti_spheres_wf/fix_surfs/mapflow/_fix_surfs0".
250329-16:39:27,233 nipype.workflow INFO:
	 [Node] Setting-up "_fix_surfs4" in "/work_dir/fmriprep_24_0_wf/sub_23_wf/anat_fit_wf/gifti_surface_wf/fix_surfs/mapflow/_fix_surfs4".
250329-16:39:27,233 nipype.workflow INFO:
	 [Node] Cached "_fix_surfs0" - collecting precomputed outputs
250329-16:39:27,233 nipype.workflow INFO:
	 [Node] "_fix_surfs0" found cached.
250329-16:39:27,233 nipype.workflow INFO:
	 [Node] Cached "_fix_surfs4" - collecting precomputed outputs
250329-16:39:27,234 nipype.workflow INFO:
	 [Node] "_fix_surfs4" found cached.
250329-16:39:27,234 nipype.workflow INFO:
	 [Node] Setting-up "_fix_surfs1" in "/work_dir/fmriprep_24_0_wf/sub_23_wf/anat_fit_wf/gifti_spheres_wf/fix_surfs/mapflow/_fix_surfs1".
250329-16:39:27,234 nipype.workflow INFO:
	 [Node] Setting-up "_fix_surfs5" in "/work_dir/fmriprep_24_0_wf/sub_23_wf/anat_fit_wf/gifti_surface_wf/fix_surfs/mapflow/_fix_surfs5".
250329-16:39:27,235 nipype.workflow INFO:
	 [Node] Cached "_fix_surfs5" - collecting precomputed outputs
250329-16:39:27,235 nipype.workflow INFO:
	 [Node] "_fix_surfs5" found cached.
250329-16:39:27,237 nipype.workflow INFO:
	 [Node] Cached "_fix_surfs1" - collecting precomputed outputs
250329-16:39:27,237 nipype.workflow INFO:
	 [Node] "_fix_surfs1" found cached.
250329-16:39:27,238 nipype.workflow INFO:
	 [Node] Setting-up "_fix_surfs2" in "/work_dir/fmriprep_24_0_wf/sub_23_wf/anat_fit_wf/gifti_spheres_wf/fix_surfs/mapflow/_fix_surfs2".
250329-16:39:27,239 nipype.workflow INFO:
	 [Node] Cached "_fix_surfs2" - collecting precomputed outputs
250329-16:39:27,239 nipype.workflow INFO:
	 [Node] "_fix_surfs2" found cached.
250329-16:39:27,239 nipype.workflow INFO:
	 [Node] Setting-up "_fix_surfs3" in "/work_dir/fmriprep_24_0_wf/sub_23_wf/anat_fit_wf/gifti_spheres_wf/fix_surfs/mapflow/_fix_surfs3".
250329-16:39:27,240 nipype.workflow INFO:
	 [Node] Cached "_fix_surfs3" - collecting precomputed outputs
250329-16:39:27,240 nipype.workflow INFO:
	 [Node] "_fix_surfs3" found cached.
250329-16:39:30,424 nipype.workflow INFO:
	 [Node] Setting-up "_invert_sulc1" in "/work_dir/fmriprep_24_0_wf/sub_23_wf/anat_fit_wf/msm_sulc_wf/invert_sulc/mapflow/_invert_sulc1".
250329-16:39:30,426 nipype.workflow INFO:
	 [Node] Executing "_invert_sulc1" <smriprep.interfaces.gifti.MetricMath>
250329-16:39:30,431 nipype.workflow INFO:
	 [Node] Setting-up "_invert_sulc0" in "/work_dir/fmriprep_24_0_wf/sub_23_wf/anat_fit_wf/msm_sulc_wf/invert_sulc/mapflow/_invert_sulc0".
250329-16:39:30,433 nipype.workflow INFO:
	 [Node] Executing "_invert_sulc0" <smriprep.interfaces.gifti.MetricMath>
250329-16:39:30,488 nipype.workflow INFO:
	 [Node] Finished "_invert_sulc1", elapsed time 0.060596s.
250329-16:39:30,495 nipype.workflow INFO:
	 [Node] Finished "_invert_sulc0", elapsed time 0.061171s.
250329-16:39:31,717 nipype.workflow INFO:
	 [Node] Setting-up "_invert_sulc0" in "/work_dir/fmriprep_24_0_wf/sub_23_wf/anat_fit_wf/msm_sulc_wf/invert_sulc/mapflow/_invert_sulc0".
250329-16:39:31,718 nipype.workflow INFO:
	 [Node] Cached "_invert_sulc0" - collecting precomputed outputs
250329-16:39:31,719 nipype.workflow INFO:
	 [Node] "_invert_sulc0" found cached.
250329-16:39:31,719 nipype.workflow INFO:
	 [Node] Setting-up "_invert_sulc1" in "/work_dir/fmriprep_24_0_wf/sub_23_wf/anat_fit_wf/msm_sulc_wf/invert_sulc/mapflow/_invert_sulc1".
250329-16:39:31,720 nipype.workflow INFO:
	 [Node] Cached "_invert_sulc1" - collecting precomputed outputs
250329-16:39:31,720 nipype.workflow INFO:
	 [Node] "_invert_sulc1" found cached.
250329-16:39:33,15 nipype.workflow INFO:
	 [Node] Finished "recon_report", elapsed time 27.803192s.
250329-16:39:35,208 nipype.workflow INFO:
	 [Node] Setting-up "_create_pial_distvol0" in "/work_dir/fmriprep_24_0_wf/sub_23_wf/anat_fit_wf/anat_ribbon_wf/create_pial_distvol/mapflow/_create_pial_distvol0".
250329-16:39:35,211 nipype.workflow INFO:
	 [Node] Executing "_create_pial_distvol0" <smriprep.interfaces.workbench.CreateSignedDistanceVolume>
250329-16:39:35,218 nipype.workflow INFO:
	 [Node] Setting-up "_create_wm_distvol0" in "/work_dir/fmriprep_24_0_wf/sub_23_wf/anat_fit_wf/anat_ribbon_wf/create_wm_distvol/mapflow/_create_wm_distvol0".
250329-16:39:35,224 nipype.workflow INFO:
	 [Node] Setting-up "_create_pial_distvol1" in "/work_dir/fmriprep_24_0_wf/sub_23_wf/anat_fit_wf/anat_ribbon_wf/create_pial_distvol/mapflow/_create_pial_distvol1".
250329-16:39:35,226 nipype.workflow INFO:
	 [Node] Executing "_create_pial_distvol1" <smriprep.interfaces.workbench.CreateSignedDistanceVolume>
250329-16:39:35,228 nipype.workflow INFO:
	 [Node] Setting-up "_create_wm_distvol1" in "/work_dir/fmriprep_24_0_wf/sub_23_wf/anat_fit_wf/anat_ribbon_wf/create_wm_distvol/mapflow/_create_wm_distvol1".
250329-16:39:35,230 nipype.workflow INFO:
	 [Node] Executing "_create_wm_distvol1" <smriprep.interfaces.workbench.CreateSignedDistanceVolume>
250329-16:39:35,231 nipype.workflow INFO:
	 [Node] Executing "_create_wm_distvol0" <smriprep.interfaces.workbench.CreateSignedDistanceVolume>
250329-16:39:36,484 nipype.workflow INFO:
	 [Node] Setting-up "_project_unproject0" in "/work_dir/fmriprep_24_0_wf/sub_23_wf/anat_fit_wf/fsLR_reg_wf/project_unproject/mapflow/_project_unproject0".
250329-16:39:36,486 nipype.workflow INFO:
	 [Node] Setting-up "_project_unproject1" in "/work_dir/fmriprep_24_0_wf/sub_23_wf/anat_fit_wf/fsLR_reg_wf/project_unproject/mapflow/_project_unproject1".
250329-16:39:36,486 nipype.workflow INFO:
	 [Node] Executing "_project_unproject0" <smriprep.interfaces.workbench.SurfaceSphereProjectUnproject>
250329-16:39:36,488 nipype.workflow INFO:
	 [Node] Executing "_project_unproject1" <smriprep.interfaces.workbench.SurfaceSphereProjectUnproject>
250329-16:39:44,404 nipype.workflow INFO:
	 [Node] Finished "_project_unproject1", elapsed time 7.564596s.
250329-16:39:45,642 nipype.workflow INFO:
	 [Node] Finished "_project_unproject0", elapsed time 8.890482s.
250329-16:39:48,162 nipype.workflow INFO:
	 [Node] Setting-up "_project_unproject0" in "/work_dir/fmriprep_24_0_wf/sub_23_wf/anat_fit_wf/fsLR_reg_wf/project_unproject/mapflow/_project_unproject0".
250329-16:39:48,163 nipype.workflow INFO:
	 [Node] Cached "_project_unproject0" - collecting precomputed outputs
250329-16:39:48,163 nipype.workflow INFO:
	 [Node] "_project_unproject0" found cached.
250329-16:39:48,164 nipype.workflow INFO:
	 [Node] Setting-up "_project_unproject1" in "/work_dir/fmriprep_24_0_wf/sub_23_wf/anat_fit_wf/fsLR_reg_wf/project_unproject/mapflow/_project_unproject1".
250329-16:39:48,165 nipype.workflow INFO:
	 [Node] Cached "_project_unproject1" - collecting precomputed outputs
250329-16:39:48,165 nipype.workflow INFO:
	 [Node] "_project_unproject1" found cached.
250329-16:39:58,203 nipype.workflow INFO:
	 [Node] Setting-up "_regress_affine0" in "/work_dir/fmriprep_24_0_wf/sub_23_wf/anat_fit_wf/msm_sulc_wf/regress_affine/mapflow/_regress_affine0".
250329-16:39:58,205 nipype.workflow INFO:
	 [Node] Executing "_regress_affine0" <smriprep.interfaces.workbench.SurfaceAffineRegression>
250329-16:39:58,205 nipype.workflow INFO:
	 [Node] Setting-up "_regress_affine1" in "/work_dir/fmriprep_24_0_wf/sub_23_wf/anat_fit_wf/msm_sulc_wf/regress_affine/mapflow/_regress_affine1".
250329-16:39:58,207 nipype.workflow INFO:
	 [Node] Executing "_regress_affine1" <smriprep.interfaces.workbench.SurfaceAffineRegression>
250329-16:40:00,475 nipype.workflow INFO:
	 [Node] Finished "_regress_affine1", elapsed time 1.680834s.
250329-16:40:00,594 nipype.workflow INFO:
	 [Node] Finished "_regress_affine0", elapsed time 1.794927s.
250329-16:40:02,758 nipype.workflow INFO:
	 [Node] Setting-up "_regress_affine0" in "/work_dir/fmriprep_24_0_wf/sub_23_wf/anat_fit_wf/msm_sulc_wf/regress_affine/mapflow/_regress_affine0".
250329-16:40:02,759 nipype.workflow INFO:
	 [Node] Cached "_regress_affine0" - collecting precomputed outputs
250329-16:40:02,759 nipype.workflow INFO:
	 [Node] "_regress_affine0" found cached.
250329-16:40:02,760 nipype.workflow INFO:
	 [Node] Setting-up "_regress_affine1" in "/work_dir/fmriprep_24_0_wf/sub_23_wf/anat_fit_wf/msm_sulc_wf/regress_affine/mapflow/_regress_affine1".
250329-16:40:02,761 nipype.workflow INFO:
	 [Node] Cached "_regress_affine1" - collecting precomputed outputs
250329-16:40:02,761 nipype.workflow INFO:
	 [Node] "_regress_affine1" found cached.
250329-16:40:06,623 nipype.workflow INFO:
	 [Node] Setting-up "_apply_surface_affine0" in "/work_dir/fmriprep_24_0_wf/sub_23_wf/anat_fit_wf/msm_sulc_wf/apply_surface_affine/mapflow/_apply_surface_affine0".
250329-16:40:06,625 nipype.workflow INFO:
	 [Node] Executing "_apply_surface_affine0" <smriprep.interfaces.workbench.SurfaceApplyAffine>
250329-16:40:06,632 nipype.workflow INFO:
	 [Node] Setting-up "_apply_surface_affine1" in "/work_dir/fmriprep_24_0_wf/sub_23_wf/anat_fit_wf/msm_sulc_wf/apply_surface_affine/mapflow/_apply_surface_affine1".
250329-16:40:06,634 nipype.workflow INFO:
	 [Node] Executing "_apply_surface_affine1" <smriprep.interfaces.workbench.SurfaceApplyAffine>
250329-16:40:11,190 nipype.workflow INFO:
	 [Node] Finished "_apply_surface_affine1", elapsed time 3.717755s.
250329-16:40:12,566 nipype.workflow INFO:
	 [Node] Finished "_apply_surface_affine0", elapsed time 5.067773s.
250329-16:40:14,584 nipype.workflow INFO:
	 [Node] Setting-up "_apply_surface_affine0" in "/work_dir/fmriprep_24_0_wf/sub_23_wf/anat_fit_wf/msm_sulc_wf/apply_surface_affine/mapflow/_apply_surface_affine0".
250329-16:40:14,586 nipype.workflow INFO:
	 [Node] Cached "_apply_surface_affine0" - collecting precomputed outputs
250329-16:40:14,586 nipype.workflow INFO:
	 [Node] "_apply_surface_affine0" found cached.
250329-16:40:14,587 nipype.workflow INFO:
	 [Node] Setting-up "_apply_surface_affine1" in "/work_dir/fmriprep_24_0_wf/sub_23_wf/anat_fit_wf/msm_sulc_wf/apply_surface_affine/mapflow/_apply_surface_affine1".
250329-16:40:14,593 nipype.workflow INFO:
	 [Node] Cached "_apply_surface_affine1" - collecting precomputed outputs
250329-16:40:14,593 nipype.workflow INFO:
	 [Node] "_apply_surface_affine1" found cached.
250329-16:40:18,470 nipype.workflow INFO:
	 [Node] Finished "refine", elapsed time 63.850776s.
250329-16:40:18,553 nipype.workflow INFO:
	 [Node] Setting-up "_modify_sphere0" in "/work_dir/fmriprep_24_0_wf/sub_23_wf/anat_fit_wf/msm_sulc_wf/modify_sphere/mapflow/_modify_sphere0".
250329-16:40:18,556 nipype.workflow INFO:
	 [Node] Executing "_modify_sphere0" <smriprep.interfaces.workbench.SurfaceModifySphere>
250329-16:40:18,558 nipype.workflow INFO:
	 [Node] Setting-up "_modify_sphere1" in "/work_dir/fmriprep_24_0_wf/sub_23_wf/anat_fit_wf/msm_sulc_wf/modify_sphere/mapflow/_modify_sphere1".
250329-16:40:18,560 nipype.workflow INFO:
	 [Node] Executing "_modify_sphere1" <smriprep.interfaces.workbench.SurfaceModifySphere>
250329-16:40:20,707 nipype.workflow INFO:
	 [Node] Setting-up "fmriprep_24_0_wf.sub_23_wf.anat_fit_wf.applyrefined" in "/work_dir/fmriprep_24_0_wf/sub_23_wf/anat_fit_wf/applyrefined".
250329-16:40:20,711 nipype.workflow INFO:
	 [Node] Executing "applyrefined" <nipype.interfaces.fsl.maths.ApplyMask>
250329-16:40:22,299 nipype.workflow INFO:
	 [Node] Finished "_modify_sphere1", elapsed time 3.434601s.
250329-16:40:23,232 nipype.workflow INFO:
	 [Node] Setting-up "fmriprep_24_0_wf.sub_23_wf.bold_task_bird_run_1_wf.bold_anat_wf.gen_ref" in "/work_dir/fmriprep_24_0_wf/sub_23_wf/bold_task_bird_run_1_wf/bold_anat_wf/gen_ref".
250329-16:40:23,236 nipype.workflow INFO:
	 [Node] Executing "gen_ref" <niworkflows.interfaces.nibabel.GenerateSamplingReference>
250329-16:40:23,238 nipype.workflow INFO:
	 [Node] Setting-up "fmriprep_24_0_wf.sub_23_wf.bold_task_bird_run_2_wf.bold_anat_wf.gen_ref" in "/work_dir/fmriprep_24_0_wf/sub_23_wf/bold_task_bird_run_2_wf/bold_anat_wf/gen_ref".
250329-16:40:23,242 nipype.workflow INFO:
	 [Node] Executing "gen_ref" <niworkflows.interfaces.nibabel.GenerateSamplingReference>
250329-16:40:23,721 nipype.workflow INFO:
	 [Node] Finished "_modify_sphere0", elapsed time 4.744714s.
250329-16:40:26,45 nipype.workflow INFO:
	 [Node] Setting-up "fmriprep_24_0_wf.sub_23_wf.bold_task_bird_run_3_wf.bold_anat_wf.gen_ref" in "/work_dir/fmriprep_24_0_wf/sub_23_wf/bold_task_bird_run_3_wf/bold_anat_wf/gen_ref".
250329-16:40:26,50 nipype.workflow INFO:
	 [Node] Executing "gen_ref" <niworkflows.interfaces.nibabel.GenerateSamplingReference>
250329-16:40:30,775 nipype.workflow INFO:
	 [Node] Finished "applyrefined", elapsed time 10.062994s.
250329-16:40:32,631 nipype.workflow INFO:
	 [Node] Finished "gen_ref", elapsed time 9.38799s.
250329-16:40:33,734 nipype.workflow INFO:
	 [Node] Setting-up "fmriprep_24_0_wf.sub_23_wf.anat_fit_wf.fast" in "/work_dir/fmriprep_24_0_wf/sub_23_wf/anat_fit_wf/fast".
250329-16:40:33,743 nipype.workflow INFO:
	 [Node] Executing "fast" <nipype.interfaces.fsl.preprocess.FAST>
250329-16:40:33,762 nipype.workflow INFO:
	 [Node] Setting-up "fmriprep_24_0_wf.sub_23_wf.bold_task_bird_run_4_wf.bold_anat_wf.gen_ref" in "/work_dir/fmriprep_24_0_wf/sub_23_wf/bold_task_bird_run_4_wf/bold_anat_wf/gen_ref".
250329-16:40:33,768 nipype.workflow INFO:
	 [Node] Executing "gen_ref" <niworkflows.interfaces.nibabel.GenerateSamplingReference>
250329-16:40:38,703 nipype.workflow INFO:
	 [Node] Finished "mri_coreg", elapsed time 93.406096s.
250329-16:40:39,153 nipype.workflow INFO:
	 [Node] Setting-up "fmriprep_24_0_wf.sub_23_wf.bold_task_bird_run_4_wf.bold_fit_wf.bold_reg_wf.bbreg_wf.mri_coreg" in "/work_dir/fmriprep_24_0_wf/sub_23_wf/bold_task_bird_run_4_wf/bold_fit_wf/bold_reg_wf/bbreg_wf/mri_coreg".
250329-16:40:39,160 nipype.workflow INFO:
	 [Node] Executing "mri_coreg" <fmriprep.interfaces.patches.MRICoreg>
250329-16:40:41,729 nipype.workflow INFO:
	 [Node] Finished "mri_coreg", elapsed time 96.435468s.
250329-16:40:43,380 nipype.workflow INFO:
	 [Node] Setting-up "fmriprep_24_0_wf.sub_23_wf.bold_task_bird_run_5_wf.bold_fit_wf.bold_reg_wf.bbreg_wf.mri_coreg" in "/work_dir/fmriprep_24_0_wf/sub_23_wf/bold_task_bird_run_5_wf/bold_fit_wf/bold_reg_wf/bbreg_wf/mri_coreg".
250329-16:40:43,384 nipype.workflow INFO:
	 [Node] Executing "mri_coreg" <fmriprep.interfaces.patches.MRICoreg>
250329-16:40:44,698 nipype.workflow INFO:
	 [Node] Finished "mri_coreg", elapsed time 99.483541s.
250329-16:40:45,322 nipype.workflow INFO:
	 [Node] Setting-up "fmriprep_24_0_wf.sub_23_wf.bold_task_bird_run_6_wf.bold_fit_wf.bold_reg_wf.bbreg_wf.mri_coreg" in "/work_dir/fmriprep_24_0_wf/sub_23_wf/bold_task_bird_run_6_wf/bold_fit_wf/bold_reg_wf/bbreg_wf/mri_coreg".
250329-16:40:45,326 nipype.workflow INFO:
	 [Node] Executing "mri_coreg" <fmriprep.interfaces.patches.MRICoreg>
250329-16:40:48,166 nipype.workflow INFO:
	 [Node] Finished "gen_ref", elapsed time 24.929469s.
250329-16:40:48,875 nipype.workflow INFO:
	 [Node] Finished "gen_ref", elapsed time 22.823983s.
250329-16:40:49,40 nipype.workflow INFO:
	 [Node] Setting-up "fmriprep_24_0_wf.sub_23_wf.bold_task_bird_run_1_wf.bold_fit_wf.bold_reg_wf.bbreg_wf.bbregister" in "/work_dir/fmriprep_24_0_wf/sub_23_wf/bold_task_bird_run_1_wf/bold_fit_wf/bold_reg_wf/bbreg_wf/bbregister".
250329-16:40:49,63 nipype.workflow INFO:
	 [Node] Executing "bbregister" <nipype.interfaces.freesurfer.preprocess.BBRegister>
250329-16:40:50,971 nipype.workflow INFO:
	 [Node] Finished "gen_ref", elapsed time 17.201238s.
250329-16:40:51,127 nipype.workflow INFO:
	 [Node] Setting-up "fmriprep_24_0_wf.sub_23_wf.bold_task_bird_run_2_wf.bold_fit_wf.bold_reg_wf.bbreg_wf.bbregister" in "/work_dir/fmriprep_24_0_wf/sub_23_wf/bold_task_bird_run_2_wf/bold_fit_wf/bold_reg_wf/bbreg_wf/bbregister".
250329-16:40:51,133 nipype.workflow INFO:
	 [Node] Executing "bbregister" <nipype.interfaces.freesurfer.preprocess.BBRegister>
250329-16:40:53,129 nipype.workflow INFO:
	 [Node] Setting-up "fmriprep_24_0_wf.sub_23_wf.bold_task_bird_run_3_wf.bold_fit_wf.bold_reg_wf.bbreg_wf.bbregister" in "/work_dir/fmriprep_24_0_wf/sub_23_wf/bold_task_bird_run_3_wf/bold_fit_wf/bold_reg_wf/bbreg_wf/bbregister".
250329-16:40:53,136 nipype.workflow INFO:
	 [Node] Executing "bbregister" <nipype.interfaces.freesurfer.preprocess.BBRegister>
250329-16:41:26,226 nipype.workflow INFO:
	 [Node] Finished "_create_pial_distvol0", elapsed time 110.481835s.
250329-16:41:27,187 nipype.workflow INFO:
	 [Node] Setting-up "fmriprep_24_0_wf.sub_23_wf.bold_task_bird_run_5_wf.bold_anat_wf.gen_ref" in "/work_dir/fmriprep_24_0_wf/sub_23_wf/bold_task_bird_run_5_wf/bold_anat_wf/gen_ref".
250329-16:41:27,200 nipype.workflow INFO:
	 [Node] Executing "gen_ref" <niworkflows.interfaces.nibabel.GenerateSamplingReference>
250329-16:41:33,792 nipype.workflow INFO:
	 [Node] Finished "gen_ref", elapsed time 6.591045s.
250329-16:41:35,113 nipype.workflow INFO:
	 [Node] Setting-up "fmriprep_24_0_wf.sub_23_wf.bold_task_bird_run_6_wf.bold_anat_wf.gen_ref" in "/work_dir/fmriprep_24_0_wf/sub_23_wf/bold_task_bird_run_6_wf/bold_anat_wf/gen_ref".
250329-16:41:35,117 nipype.workflow INFO:
	 [Node] Executing "gen_ref" <niworkflows.interfaces.nibabel.GenerateSamplingReference>
250329-16:41:41,901 nipype.workflow INFO:
	 [Node] Finished "gen_ref", elapsed time 6.782655s.
250329-16:41:43,139 nipype.workflow INFO:
	 [Node] Setting-up "_modify_sphere0" in "/work_dir/fmriprep_24_0_wf/sub_23_wf/anat_fit_wf/msm_sulc_wf/modify_sphere/mapflow/_modify_sphere0".
250329-16:41:43,140 nipype.workflow INFO:
	 [Node] Cached "_modify_sphere0" - collecting precomputed outputs
250329-16:41:43,141 nipype.workflow INFO:
	 [Node] "_modify_sphere0" found cached.
250329-16:41:43,141 nipype.workflow INFO:
	 [Node] Setting-up "_modify_sphere1" in "/work_dir/fmriprep_24_0_wf/sub_23_wf/anat_fit_wf/msm_sulc_wf/modify_sphere/mapflow/_modify_sphere1".
250329-16:41:43,142 nipype.workflow INFO:
	 [Node] Cached "_modify_sphere1" - collecting precomputed outputs
250329-16:41:43,142 nipype.workflow INFO:
	 [Node] "_modify_sphere1" found cached.
250329-16:41:47,190 nipype.workflow INFO:
	 [Node] Setting-up "_msmsulc0" in "/work_dir/fmriprep_24_0_wf/sub_23_wf/anat_fit_wf/msm_sulc_wf/msmsulc/mapflow/_msmsulc0".
250329-16:41:47,211 nipype.workflow INFO:
	 [Node] Executing "_msmsulc0" <smriprep.interfaces.msm.MSM>
250329-16:41:52,359 nipype.workflow INFO:
	 [Node] Finished "bbregister", elapsed time 61.224364s.
250329-16:41:54,826 nipype.workflow INFO:
	 [Node] Setting-up "_msmsulc1" in "/work_dir/fmriprep_24_0_wf/sub_23_wf/anat_fit_wf/msm_sulc_wf/msmsulc/mapflow/_msmsulc1".
250329-16:41:54,828 nipype.workflow INFO:
	 [Node] Executing "_msmsulc1" <smriprep.interfaces.msm.MSM>
250329-16:41:58,244 nipype.workflow INFO:
	 [Node] Finished "_create_wm_distvol1", elapsed time 142.525591s.
250329-16:42:00,75 nipype.workflow INFO:
	 [Node] Setting-up "fmriprep_24_0_wf.sub_23_wf.bold_task_bird_run_2_wf.bold_fit_wf.bold_reg_wf.bbreg_wf.compare_transforms" in "/work_dir/fmriprep_24_0_wf/sub_23_wf/bold_task_bird_run_2_wf/bold_fit_wf/bold_reg_wf/bbreg_wf/compare_transforms".
250329-16:42:00,78 nipype.workflow INFO:
	 [Node] Executing "compare_transforms" <nipype.interfaces.utility.wrappers.Function>
250329-16:42:00,185 nipype.workflow INFO:
	 [Node] Finished "compare_transforms", elapsed time 0.097102s.
250329-16:42:07,386 nipype.workflow INFO:
	 [Node] Setting-up "fmriprep_24_0_wf.sub_23_wf.bold_task_bird_run_2_wf.bold_fit_wf.bold_reg_wf.bbreg_wf.concat_xfm" in "/work_dir/fmriprep_24_0_wf/sub_23_wf/bold_task_bird_run_2_wf/bold_fit_wf/bold_reg_wf/bbreg_wf/concat_xfm".
250329-16:42:07,389 nipype.workflow INFO:
	 [Node] Executing "concat_xfm" <niworkflows.interfaces.nitransforms.ConcatenateXFMs>
250329-16:42:07,395 nipype.workflow INFO:
	 [Node] Finished "concat_xfm", elapsed time 0.005724s.
250329-16:42:11,386 nipype.workflow INFO:
	 [Node] Setting-up "fmriprep_24_0_wf.sub_23_wf.bold_task_bird_run_2_wf.bold_fit_wf.func_fit_reports_wf.t1w_boldref" in "/work_dir/fmriprep_24_0_wf/sub_23_wf/bold_task_bird_run_2_wf/bold_fit_wf/func_fit_reports_wf/t1w_boldref".
250329-16:42:11,391 nipype.workflow INFO:
	 [Node] Executing "t1w_boldref" <niworkflows.interfaces.fixes.FixHeaderApplyTransforms>
250329-16:42:17,972 nipype.workflow INFO:
	 [Node] Finished "t1w_boldref", elapsed time 6.579968s.
250329-16:42:19,627 nipype.workflow INFO:
	 [Node] Setting-up "fmriprep_24_0_wf.sub_23_wf.bold_task_bird_run_2_wf.bold_confounds_wf.t1w_mask_tfm" in "/work_dir/fmriprep_24_0_wf/sub_23_wf/bold_task_bird_run_2_wf/bold_confounds_wf/t1w_mask_tfm".
250329-16:42:19,633 nipype.workflow INFO:
	 [Node] Executing "t1w_mask_tfm" <niworkflows.interfaces.fixes.FixHeaderApplyTransforms>
250329-16:42:26,443 nipype.workflow INFO:
	 [Node] Finished "t1w_mask_tfm", elapsed time 6.809816s.
250329-16:42:27,577 nipype.workflow INFO:
	 [Node] Setting-up "fmriprep_24_0_wf.sub_23_wf.bold_task_bird_run_2_wf.bold_confounds_wf.union_mask" in "/work_dir/fmriprep_24_0_wf/sub_23_wf/bold_task_bird_run_2_wf/bold_confounds_wf/union_mask".
250329-16:42:27,582 nipype.workflow INFO:
	 [Node] Executing "union_mask" <nipype.interfaces.utility.wrappers.Function>
250329-16:42:27,883 nipype.workflow INFO:
	 [Node] Finished "union_mask", elapsed time 0.299775s.
250329-16:42:28,380 nipype.workflow INFO:
	 [Node] Finished "mri_coreg", elapsed time 104.982332s.
250329-16:42:29,380 nipype.workflow INFO:
	 [Node] Setting-up "fmriprep_24_0_wf.sub_23_wf.bold_task_bird_run_5_wf.bold_fit_wf.bold_reg_wf.bbreg_wf.bbregister" in "/work_dir/fmriprep_24_0_wf/sub_23_wf/bold_task_bird_run_5_wf/bold_fit_wf/bold_reg_wf/bbreg_wf/bbregister".
250329-16:42:29,381 nipype.workflow INFO:
	 [Node] Setting-up "fmriprep_24_0_wf.sub_23_wf.anat_fit_wf.register_template_wf.registration" in "/work_dir/fmriprep_24_0_wf/sub_23_wf/anat_fit_wf/register_template_wf/_template_MNI152NLin2009cAsym/registration".
250329-16:42:29,389 nipype.workflow INFO:
	 [Node] Executing "registration" <niworkflows.interfaces.norm.SpatialNormalization>
250329-16:42:29,396 nipype.workflow INFO:
	 [Node] Executing "bbregister" <nipype.interfaces.freesurfer.preprocess.BBRegister>
250329-16:42:32,793 nipype.workflow INFO:
	 [Node] Finished "_create_wm_distvol0", elapsed time 177.095552s.
250329-16:42:33,464 nipype.workflow INFO:
	 [Node] Setting-up "_create_wm_distvol0" in "/work_dir/fmriprep_24_0_wf/sub_23_wf/anat_fit_wf/anat_ribbon_wf/create_wm_distvol/mapflow/_create_wm_distvol0".
250329-16:42:33,466 nipype.workflow INFO:
	 [Node] Cached "_create_wm_distvol0" - collecting precomputed outputs
250329-16:42:33,466 nipype.workflow INFO:
	 [Node] "_create_wm_distvol0" found cached.
250329-16:42:33,467 nipype.workflow INFO:
	 [Node] Setting-up "_create_wm_distvol1" in "/work_dir/fmriprep_24_0_wf/sub_23_wf/anat_fit_wf/anat_ribbon_wf/create_wm_distvol/mapflow/_create_wm_distvol1".
250329-16:42:33,467 nipype.workflow INFO:
	 [Node] Cached "_create_wm_distvol1" - collecting precomputed outputs
250329-16:42:33,468 nipype.workflow INFO:
	 [Node] "_create_wm_distvol1" found cached.
250329-16:42:35,366 nipype.workflow INFO:
	 [Node] Finished "mri_coreg", elapsed time 116.204718s.
250329-16:42:35,389 nipype.workflow INFO:
	 [Node] Setting-up "fmriprep_24_0_wf.sub_23_wf.bold_task_bird_run_2_wf.bold_confounds_wf.dilated_mask" in "/work_dir/fmriprep_24_0_wf/sub_23_wf/bold_task_bird_run_2_wf/bold_confounds_wf/dilated_mask".
250329-16:42:35,392 nipype.workflow INFO:
	 [Node] Executing "dilated_mask" <niworkflows.interfaces.morphology.BinaryDilation>
250329-16:42:35,483 nipype.workflow INFO:
	 [Node] Finished "dilated_mask", elapsed time 0.090249s.
250329-16:42:37,542 nipype.workflow INFO:
	 [Node] Setting-up "fmriprep_24_0_wf.sub_23_wf.bold_task_bird_run_4_wf.bold_fit_wf.bold_reg_wf.bbreg_wf.bbregister" in "/work_dir/fmriprep_24_0_wf/sub_23_wf/bold_task_bird_run_4_wf/bold_fit_wf/bold_reg_wf/bbreg_wf/bbregister".
250329-16:42:37,559 nipype.workflow INFO:
	 [Node] Executing "bbregister" <nipype.interfaces.freesurfer.preprocess.BBRegister>
250329-16:42:37,942 nipype.workflow INFO:
	 [Node] Setting-up "fmriprep_24_0_wf.sub_23_wf.bold_task_bird_run_2_wf.bold_anat_wf.resample" in "/work_dir/fmriprep_24_0_wf/sub_23_wf/bold_task_bird_run_2_wf/bold_anat_wf/resample".
250329-16:42:37,953 nipype.workflow INFO:
	 [Node] Executing "resample" <fmriprep.interfaces.resampling.ResampleSeries>
250329-16:42:40,764 nipype.workflow INFO:
	 [Node] Finished "bbregister", elapsed time 111.699664s.
250329-16:42:40,946 nipype.workflow INFO:
	 [Node] Finished "bbregister", elapsed time 107.809192s.
250329-16:42:42,228 nipype.workflow INFO:
	 [Node] Setting-up "fmriprep_24_0_wf.sub_23_wf.bold_task_bird_run_2_wf.bold_confounds_wf.subtract_mask" in "/work_dir/fmriprep_24_0_wf/sub_23_wf/bold_task_bird_run_2_wf/bold_confounds_wf/subtract_mask".
250329-16:42:42,231 nipype.workflow INFO:
	 [Node] Executing "subtract_mask" <niworkflows.interfaces.morphology.BinarySubtraction>
250329-16:42:42,317 nipype.workflow INFO:
	 [Node] Finished "subtract_mask", elapsed time 0.085647s.
250329-16:42:43,560 nipype.workflow INFO:
	 [Node] Setting-up "fmriprep_24_0_wf.sub_23_wf.bold_task_bird_run_1_wf.bold_fit_wf.bold_reg_wf.bbreg_wf.compare_transforms" in "/work_dir/fmriprep_24_0_wf/sub_23_wf/bold_task_bird_run_1_wf/bold_fit_wf/bold_reg_wf/bbreg_wf/compare_transforms".
250329-16:42:43,563 nipype.workflow INFO:
	 [Node] Executing "compare_transforms" <nipype.interfaces.utility.wrappers.Function>
250329-16:42:43,574 nipype.workflow INFO:
	 [Node] Setting-up "fmriprep_24_0_wf.sub_23_wf.bold_task_bird_run_3_wf.bold_fit_wf.bold_reg_wf.bbreg_wf.compare_transforms" in "/work_dir/fmriprep_24_0_wf/sub_23_wf/bold_task_bird_run_3_wf/bold_fit_wf/bold_reg_wf/bbreg_wf/compare_transforms".
250329-16:42:43,578 nipype.workflow INFO:
	 [Node] Executing "compare_transforms" <nipype.interfaces.utility.wrappers.Function>
250329-16:42:43,595 nipype.workflow INFO:
	 [Node] Finished "compare_transforms", elapsed time 0.031005s.
250329-16:42:43,610 nipype.workflow INFO:
	 [Node] Finished "compare_transforms", elapsed time 0.03063s.
250329-16:42:46,772 nipype.workflow INFO:
	 [Node] Setting-up "fmriprep_24_0_wf.sub_23_wf.bold_task_bird_run_2_wf.bold_confounds_wf.crowncompcor" in "/work_dir/fmriprep_24_0_wf/sub_23_wf/bold_task_bird_run_2_wf/bold_confounds_wf/crowncompcor".
250329-16:42:46,861 nipype.workflow INFO:
	 [Node] Executing "crowncompcor" <niworkflows.interfaces.patches.RobustACompCor>
250329-16:42:51,910 nipype.workflow INFO:
	 [Node] Setting-up "fmriprep_24_0_wf.sub_23_wf.bold_task_bird_run_1_wf.bold_fit_wf.bold_reg_wf.bbreg_wf.concat_xfm" in "/work_dir/fmriprep_24_0_wf/sub_23_wf/bold_task_bird_run_1_wf/bold_fit_wf/bold_reg_wf/bbreg_wf/concat_xfm".
250329-16:42:51,930 nipype.workflow INFO:
	 [Node] Executing "concat_xfm" <niworkflows.interfaces.nitransforms.ConcatenateXFMs>
250329-16:42:51,958 nipype.workflow INFO:
	 [Node] Finished "concat_xfm", elapsed time 0.026802s.
250329-16:42:52,417 nipype.workflow INFO:
	 [Node] Finished "mri_coreg", elapsed time 127.090447s.
250329-16:42:54,318 nipype.workflow INFO:
	 [Node] Setting-up "fmriprep_24_0_wf.sub_23_wf.bold_task_bird_run_6_wf.bold_fit_wf.bold_reg_wf.bbreg_wf.bbregister" in "/work_dir/fmriprep_24_0_wf/sub_23_wf/bold_task_bird_run_6_wf/bold_fit_wf/bold_reg_wf/bbreg_wf/bbregister".
250329-16:42:54,324 nipype.workflow INFO:
	 [Node] Executing "bbregister" <nipype.interfaces.freesurfer.preprocess.BBRegister>
250329-16:42:54,330 nipype.workflow INFO:
	 [Node] Setting-up "fmriprep_24_0_wf.sub_23_wf.bold_task_bird_run_3_wf.bold_fit_wf.bold_reg_wf.bbreg_wf.concat_xfm" in "/work_dir/fmriprep_24_0_wf/sub_23_wf/bold_task_bird_run_3_wf/bold_fit_wf/bold_reg_wf/bbreg_wf/concat_xfm".
250329-16:42:54,332 nipype.workflow INFO:
	 [Node] Executing "concat_xfm" <niworkflows.interfaces.nitransforms.ConcatenateXFMs>
250329-16:42:54,614 nipype.workflow INFO:
	 [Node] Finished "concat_xfm", elapsed time 0.280782s.
250329-16:42:56,482 nipype.workflow INFO:
	 [Node] Setting-up "fmriprep_24_0_wf.sub_23_wf.bold_task_bird_run_1_wf.bold_fit_wf.func_fit_reports_wf.t1w_boldref" in "/work_dir/fmriprep_24_0_wf/sub_23_wf/bold_task_bird_run_1_wf/bold_fit_wf/func_fit_reports_wf/t1w_boldref".
250329-16:42:56,493 nipype.workflow INFO:
	 [Node] Executing "t1w_boldref" <niworkflows.interfaces.fixes.FixHeaderApplyTransforms>
250329-16:42:56,682 nipype.workflow INFO:
	 [Node] Setting-up "fmriprep_24_0_wf.sub_23_wf.bold_task_bird_run_1_wf.bold_confounds_wf.t1w_mask_tfm" in "/work_dir/fmriprep_24_0_wf/sub_23_wf/bold_task_bird_run_1_wf/bold_confounds_wf/t1w_mask_tfm".
250329-16:42:56,687 nipype.workflow INFO:
	 [Node] Executing "t1w_mask_tfm" <niworkflows.interfaces.fixes.FixHeaderApplyTransforms>
250329-16:42:57,949 nipype.workflow INFO:
	 [Node] Setting-up "fmriprep_24_0_wf.sub_23_wf.bold_task_bird_run_3_wf.bold_fit_wf.func_fit_reports_wf.t1w_boldref" in "/work_dir/fmriprep_24_0_wf/sub_23_wf/bold_task_bird_run_3_wf/bold_fit_wf/func_fit_reports_wf/t1w_boldref".
250329-16:42:57,953 nipype.workflow INFO:
	 [Node] Executing "t1w_boldref" <niworkflows.interfaces.fixes.FixHeaderApplyTransforms>
250329-16:42:58,478 nipype.workflow INFO:
	 [Node] Setting-up "fmriprep_24_0_wf.sub_23_wf.bold_task_bird_run_3_wf.bold_confounds_wf.t1w_mask_tfm" in "/work_dir/fmriprep_24_0_wf/sub_23_wf/bold_task_bird_run_3_wf/bold_confounds_wf/t1w_mask_tfm".
250329-16:42:58,483 nipype.workflow INFO:
	 [Node] Executing "t1w_mask_tfm" <niworkflows.interfaces.fixes.FixHeaderApplyTransforms>
250329-16:43:07,672 nipype.workflow INFO:
	 [Node] Finished "t1w_boldref", elapsed time 9.718171s.
250329-16:43:08,707 nipype.workflow INFO:
	 [Node] Finished "crowncompcor", elapsed time 21.844357s.
250329-16:43:10,141 nipype.workflow INFO:
	 [Node] Setting-up "fmriprep_24_0_wf.sub_23_wf.bold_task_bird_run_2_wf.bold_confounds_wf.crowncc_metadata_fmt" in "/work_dir/fmriprep_24_0_wf/sub_23_wf/bold_task_bird_run_2_wf/bold_confounds_wf/crowncc_metadata_fmt".
250329-16:43:10,144 nipype.workflow INFO:
	 [Node] Executing "crowncc_metadata_fmt" <niworkflows.interfaces.utility.TSV2JSON>
250329-16:43:10,152 nipype.workflow INFO:
	 [Node] Finished "crowncc_metadata_fmt", elapsed time 0.006717s.
250329-16:43:10,432 nipype.workflow INFO:
	 [Node] Finished "t1w_boldref", elapsed time 13.938196s.
250329-16:43:17,416 nipype.workflow INFO:
	 [Node] Finished "t1w_mask_tfm", elapsed time 18.932145s.
250329-16:43:19,777 nipype.workflow INFO:
	 [Node] Setting-up "fmriprep_24_0_wf.sub_23_wf.bold_task_bird_run_3_wf.bold_confounds_wf.union_mask" in "/work_dir/fmriprep_24_0_wf/sub_23_wf/bold_task_bird_run_3_wf/bold_confounds_wf/union_mask".
250329-16:43:19,781 nipype.workflow INFO:
	 [Node] Executing "union_mask" <nipype.interfaces.utility.wrappers.Function>
250329-16:43:19,882 nipype.workflow INFO:
	 [Node] Finished "union_mask", elapsed time 0.099736s.
250329-16:43:19,892 nipype.workflow INFO:
	 [Node] Finished "t1w_mask_tfm", elapsed time 23.204263s.
250329-16:43:21,921 nipype.workflow INFO:
	 [Node] Setting-up "fmriprep_24_0_wf.sub_23_wf.bold_task_bird_run_1_wf.bold_confounds_wf.union_mask" in "/work_dir/fmriprep_24_0_wf/sub_23_wf/bold_task_bird_run_1_wf/bold_confounds_wf/union_mask".
250329-16:43:21,924 nipype.workflow INFO:
	 [Node] Executing "union_mask" <nipype.interfaces.utility.wrappers.Function>
250329-16:43:21,926 nipype.workflow INFO:
	 [Node] Setting-up "fmriprep_24_0_wf.sub_23_wf.bold_task_bird_run_1_wf.bold_anat_wf.resample" in "/work_dir/fmriprep_24_0_wf/sub_23_wf/bold_task_bird_run_1_wf/bold_anat_wf/resample".
250329-16:43:21,931 nipype.workflow INFO:
	 [Node] Executing "resample" <fmriprep.interfaces.resampling.ResampleSeries>
250329-16:43:22,142 nipype.workflow INFO:
	 [Node] Finished "union_mask", elapsed time 0.217347s.
250329-16:43:23,891 nipype.workflow INFO:
	 [Node] Setting-up "fmriprep_24_0_wf.sub_23_wf.bold_task_bird_run_1_wf.bold_confounds_wf.dilated_mask" in "/work_dir/fmriprep_24_0_wf/sub_23_wf/bold_task_bird_run_1_wf/bold_confounds_wf/dilated_mask".
250329-16:43:23,893 nipype.workflow INFO:
	 [Node] Executing "dilated_mask" <niworkflows.interfaces.morphology.BinaryDilation>
250329-16:43:24,169 nipype.workflow INFO:
	 [Node] Finished "dilated_mask", elapsed time 0.26222s.
250329-16:43:24,497 nipype.workflow INFO:
	 [Node] Finished "_create_pial_distvol1", elapsed time 228.828475s.
250329-16:43:25,815 nipype.workflow INFO:
	 [Node] Setting-up "_create_pial_distvol0" in "/work_dir/fmriprep_24_0_wf/sub_23_wf/anat_fit_wf/anat_ribbon_wf/create_pial_distvol/mapflow/_create_pial_distvol0".
250329-16:43:25,816 nipype.workflow INFO:
	 [Node] Cached "_create_pial_distvol0" - collecting precomputed outputs
250329-16:43:25,816 nipype.workflow INFO:
	 [Node] "_create_pial_distvol0" found cached.
250329-16:43:25,817 nipype.workflow INFO:
	 [Node] Setting-up "_create_pial_distvol1" in "/work_dir/fmriprep_24_0_wf/sub_23_wf/anat_fit_wf/anat_ribbon_wf/create_pial_distvol/mapflow/_create_pial_distvol1".
250329-16:43:25,818 nipype.workflow INFO:
	 [Node] Cached "_create_pial_distvol1" - collecting precomputed outputs
250329-16:43:25,818 nipype.workflow INFO:
	 [Node] "_create_pial_distvol1" found cached.
250329-16:43:25,819 nipype.workflow INFO:
	 [Node] Setting-up "fmriprep_24_0_wf.sub_23_wf.bold_task_bird_run_3_wf.bold_confounds_wf.dilated_mask" in "/work_dir/fmriprep_24_0_wf/sub_23_wf/bold_task_bird_run_3_wf/bold_confounds_wf/dilated_mask".
250329-16:43:25,821 nipype.workflow INFO:
	 [Node] Executing "dilated_mask" <niworkflows.interfaces.morphology.BinaryDilation>
250329-16:43:25,994 nipype.workflow INFO:
	 [Node] Finished "dilated_mask", elapsed time 0.172198s.
250329-16:43:27,702 nipype.workflow INFO:
	 [Node] Setting-up "fmriprep_24_0_wf.sub_23_wf.anat_fit_wf.anat_ribbon_wf.make_ribbon" in "/work_dir/fmriprep_24_0_wf/sub_23_wf/anat_fit_wf/anat_ribbon_wf/make_ribbon".
250329-16:43:27,705 nipype.workflow INFO:
	 [Node] Executing "make_ribbon" <smriprep.interfaces.surf.MakeRibbon>
250329-16:43:27,711 nipype.workflow INFO:
	 [Node] Setting-up "fmriprep_24_0_wf.sub_23_wf.bold_task_bird_run_1_wf.bold_confounds_wf.subtract_mask" in "/work_dir/fmriprep_24_0_wf/sub_23_wf/bold_task_bird_run_1_wf/bold_confounds_wf/subtract_mask".
250329-16:43:27,713 nipype.workflow INFO:
	 [Node] Executing "subtract_mask" <niworkflows.interfaces.morphology.BinarySubtraction>
250329-16:43:27,767 nipype.workflow INFO:
	 [Node] Finished "subtract_mask", elapsed time 0.053153s.
250329-16:43:29,44 nipype.workflow INFO:
	 [Node] Finished "make_ribbon", elapsed time 1.337189s.
250329-16:43:34,481 nipype.workflow INFO:
	 [Node] Setting-up "fmriprep_24_0_wf.sub_23_wf.bold_task_bird_run_3_wf.bold_confounds_wf.subtract_mask" in "/work_dir/fmriprep_24_0_wf/sub_23_wf/bold_task_bird_run_3_wf/bold_confounds_wf/subtract_mask".
250329-16:43:34,484 nipype.workflow INFO:
	 [Node] Executing "subtract_mask" <niworkflows.interfaces.morphology.BinarySubtraction>
250329-16:43:34,503 nipype.workflow INFO:
	 [Node] Setting-up "fmriprep_24_0_wf.sub_23_wf.bold_task_bird_run_1_wf.bold_confounds_wf.crowncompcor" in "/work_dir/fmriprep_24_0_wf/sub_23_wf/bold_task_bird_run_1_wf/bold_confounds_wf/crowncompcor".
250329-16:43:34,567 nipype.workflow INFO:
	 [Node] Finished "subtract_mask", elapsed time 0.082298s.
250329-16:43:34,751 nipype.workflow INFO:
	 [Node] Executing "crowncompcor" <niworkflows.interfaces.patches.RobustACompCor>
250329-16:43:36,934 nipype.workflow INFO:
	 [Node] Setting-up "fmriprep_24_0_wf.sub_23_wf.bold_task_bird_run_3_wf.bold_confounds_wf.crowncompcor" in "/work_dir/fmriprep_24_0_wf/sub_23_wf/bold_task_bird_run_3_wf/bold_confounds_wf/crowncompcor".
250329-16:43:36,939 nipype.workflow INFO:
	 [Node] Executing "crowncompcor" <niworkflows.interfaces.patches.RobustACompCor>
250329-16:43:55,493 nipype.workflow INFO:
	 [Node] Finished "crowncompcor", elapsed time 20.74066s.
250329-16:43:57,132 nipype.workflow INFO:
	 [Node] Setting-up "fmriprep_24_0_wf.sub_23_wf.bold_task_bird_run_1_wf.bold_confounds_wf.crowncc_metadata_fmt" in "/work_dir/fmriprep_24_0_wf/sub_23_wf/bold_task_bird_run_1_wf/bold_confounds_wf/crowncc_metadata_fmt".
250329-16:43:57,135 nipype.workflow INFO:
	 [Node] Executing "crowncc_metadata_fmt" <niworkflows.interfaces.utility.TSV2JSON>
250329-16:43:57,274 nipype.workflow INFO:
	 [Node] Finished "crowncompcor", elapsed time 20.333513s.
250329-16:43:58,181 nipype.workflow INFO:
	 [Node] Finished "crowncc_metadata_fmt", elapsed time 1.045016s.
250329-16:43:58,714 nipype.workflow INFO:
	 [Node] Setting-up "fmriprep_24_0_wf.sub_23_wf.bold_task_bird_run_3_wf.bold_confounds_wf.crowncc_metadata_fmt" in "/work_dir/fmriprep_24_0_wf/sub_23_wf/bold_task_bird_run_3_wf/bold_confounds_wf/crowncc_metadata_fmt".
250329-16:43:58,719 nipype.workflow INFO:
	 [Node] Executing "crowncc_metadata_fmt" <niworkflows.interfaces.utility.TSV2JSON>
250329-16:43:58,726 nipype.workflow INFO:
	 [Node] Finished "crowncc_metadata_fmt", elapsed time 0.006657s.
250329-16:44:00,89 nipype.workflow INFO:
	 [Node] Finished "bbregister", elapsed time 90.69207s.
250329-16:44:02,960 nipype.workflow INFO:
	 [Node] Setting-up "fmriprep_24_0_wf.sub_23_wf.bold_task_bird_run_5_wf.bold_fit_wf.bold_reg_wf.bbreg_wf.compare_transforms" in "/work_dir/fmriprep_24_0_wf/sub_23_wf/bold_task_bird_run_5_wf/bold_fit_wf/bold_reg_wf/bbreg_wf/compare_transforms".
250329-16:44:02,963 nipype.workflow INFO:
	 [Node] Executing "compare_transforms" <nipype.interfaces.utility.wrappers.Function>
250329-16:44:02,971 nipype.workflow INFO:
	 [Node] Finished "compare_transforms", elapsed time 0.007526s.
250329-16:44:07,215 nipype.workflow INFO:
	 [Node] Finished "resample", elapsed time 89.261123s.
250329-16:44:08,714 nipype.workflow INFO:
	 [Node] Setting-up "fmriprep_24_0_wf.sub_23_wf.bold_task_bird_run_5_wf.bold_fit_wf.bold_reg_wf.bbreg_wf.concat_xfm" in "/work_dir/fmriprep_24_0_wf/sub_23_wf/bold_task_bird_run_5_wf/bold_fit_wf/bold_reg_wf/bbreg_wf/concat_xfm".
250329-16:44:08,715 nipype.workflow INFO:
	 [Node] Setting-up "fmriprep_24_0_wf.sub_23_wf.bold_task_bird_run_3_wf.bold_anat_wf.resample" in "/work_dir/fmriprep_24_0_wf/sub_23_wf/bold_task_bird_run_3_wf/bold_anat_wf/resample".
250329-16:44:08,717 nipype.workflow INFO:
	 [Node] Executing "concat_xfm" <niworkflows.interfaces.nitransforms.ConcatenateXFMs>
250329-16:44:08,719 nipype.workflow INFO:
	 [Node] Executing "resample" <fmriprep.interfaces.resampling.ResampleSeries>
250329-16:44:08,723 nipype.workflow INFO:
	 [Node] Finished "concat_xfm", elapsed time 0.005681s.
250329-16:44:09,393 nipype.workflow INFO:
	 [Node] Finished "bbregister", elapsed time 75.068152s.
250329-16:44:12,906 nipype.workflow INFO:
	 [Node] Setting-up "fmriprep_24_0_wf.sub_23_wf.bold_task_bird_run_6_wf.bold_fit_wf.bold_reg_wf.bbreg_wf.compare_transforms" in "/work_dir/fmriprep_24_0_wf/sub_23_wf/bold_task_bird_run_6_wf/bold_fit_wf/bold_reg_wf/bbreg_wf/compare_transforms".
250329-16:44:12,908 nipype.workflow INFO:
	 [Node] Executing "compare_transforms" <nipype.interfaces.utility.wrappers.Function>
250329-16:44:12,910 nipype.workflow INFO:
	 [Node] Setting-up "fmriprep_24_0_wf.sub_23_wf.bold_task_bird_run_5_wf.bold_fit_wf.func_fit_reports_wf.t1w_boldref" in "/work_dir/fmriprep_24_0_wf/sub_23_wf/bold_task_bird_run_5_wf/bold_fit_wf/func_fit_reports_wf/t1w_boldref".
250329-16:44:12,915 nipype.workflow INFO:
	 [Node] Executing "t1w_boldref" <niworkflows.interfaces.fixes.FixHeaderApplyTransforms>
250329-16:44:12,960 nipype.workflow INFO:
	 [Node] Finished "compare_transforms", elapsed time 0.050508s.
250329-16:44:13,199 nipype.workflow INFO:
	 [Node] Setting-up "fmriprep_24_0_wf.sub_23_wf.bold_task_bird_run_5_wf.bold_confounds_wf.t1w_mask_tfm" in "/work_dir/fmriprep_24_0_wf/sub_23_wf/bold_task_bird_run_5_wf/bold_confounds_wf/t1w_mask_tfm".
250329-16:44:13,229 nipype.workflow INFO:
	 [Node] Executing "t1w_mask_tfm" <niworkflows.interfaces.fixes.FixHeaderApplyTransforms>
250329-16:44:20,49 nipype.workflow INFO:
	 [Node] Setting-up "fmriprep_24_0_wf.sub_23_wf.bold_task_bird_run_6_wf.bold_fit_wf.bold_reg_wf.bbreg_wf.concat_xfm" in "/work_dir/fmriprep_24_0_wf/sub_23_wf/bold_task_bird_run_6_wf/bold_fit_wf/bold_reg_wf/bbreg_wf/concat_xfm".
250329-16:44:20,52 nipype.workflow INFO:
	 [Node] Executing "concat_xfm" <niworkflows.interfaces.nitransforms.ConcatenateXFMs>
250329-16:44:20,58 nipype.workflow INFO:
	 [Node] Finished "concat_xfm", elapsed time 0.005612s.
250329-16:44:24,235 nipype.workflow INFO:
	 [Node] Setting-up "fmriprep_24_0_wf.sub_23_wf.bold_task_bird_run_6_wf.bold_fit_wf.func_fit_reports_wf.t1w_boldref" in "/work_dir/fmriprep_24_0_wf/sub_23_wf/bold_task_bird_run_6_wf/bold_fit_wf/func_fit_reports_wf/t1w_boldref".
250329-16:44:24,239 nipype.workflow INFO:
	 [Node] Executing "t1w_boldref" <niworkflows.interfaces.fixes.FixHeaderApplyTransforms>
250329-16:44:25,360 nipype.workflow INFO:
	 [Node] Finished "t1w_boldref", elapsed time 12.444544s.
250329-16:44:25,406 nipype.workflow INFO:
	 [Node] Setting-up "fmriprep_24_0_wf.sub_23_wf.bold_task_bird_run_6_wf.bold_confounds_wf.t1w_mask_tfm" in "/work_dir/fmriprep_24_0_wf/sub_23_wf/bold_task_bird_run_6_wf/bold_confounds_wf/t1w_mask_tfm".
250329-16:44:25,410 nipype.workflow INFO:
	 [Node] Executing "t1w_mask_tfm" <niworkflows.interfaces.fixes.FixHeaderApplyTransforms>
250329-16:44:30,87 nipype.workflow INFO:
	 [Node] Finished "resample", elapsed time 68.155138s.
250329-16:44:30,118 nipype.workflow INFO:
	 [Node] Finished "t1w_mask_tfm", elapsed time 16.886712s.
250329-16:44:31,609 nipype.workflow INFO:
	 [Node] Setting-up "fmriprep_24_0_wf.sub_23_wf.bold_task_bird_run_5_wf.bold_confounds_wf.union_mask" in "/work_dir/fmriprep_24_0_wf/sub_23_wf/bold_task_bird_run_5_wf/bold_confounds_wf/union_mask".
250329-16:44:31,613 nipype.workflow INFO:
	 [Node] Executing "union_mask" <nipype.interfaces.utility.wrappers.Function>
250329-16:44:31,722 nipype.workflow INFO:
	 [Node] Finished "union_mask", elapsed time 0.108074s.
250329-16:44:32,199 nipype.workflow INFO:
	 [Node] Setting-up "fmriprep_24_0_wf.sub_23_wf.bold_task_bird_run_5_wf.bold_anat_wf.resample" in "/work_dir/fmriprep_24_0_wf/sub_23_wf/bold_task_bird_run_5_wf/bold_anat_wf/resample".
250329-16:44:32,203 nipype.workflow INFO:
	 [Node] Executing "resample" <fmriprep.interfaces.resampling.ResampleSeries>
250329-16:44:33,760 nipype.workflow INFO:
	 [Node] Finished "t1w_boldref", elapsed time 9.519693s.
250329-16:44:33,837 nipype.workflow INFO:
	 [Node] Setting-up "fmriprep_24_0_wf.sub_23_wf.bold_task_bird_run_5_wf.bold_confounds_wf.dilated_mask" in "/work_dir/fmriprep_24_0_wf/sub_23_wf/bold_task_bird_run_5_wf/bold_confounds_wf/dilated_mask".
250329-16:44:33,840 nipype.workflow INFO:
	 [Node] Executing "dilated_mask" <niworkflows.interfaces.morphology.BinaryDilation>
250329-16:44:34,107 nipype.workflow INFO:
	 [Node] Finished "dilated_mask", elapsed time 0.266253s.
250329-16:44:35,637 nipype.workflow INFO:
	 [Node] Setting-up "fmriprep_24_0_wf.sub_23_wf.bold_task_bird_run_5_wf.bold_confounds_wf.subtract_mask" in "/work_dir/fmriprep_24_0_wf/sub_23_wf/bold_task_bird_run_5_wf/bold_confounds_wf/subtract_mask".
250329-16:44:35,641 nipype.workflow INFO:
	 [Node] Executing "subtract_mask" <niworkflows.interfaces.morphology.BinarySubtraction>
250329-16:44:35,749 nipype.workflow INFO:
	 [Node] Finished "subtract_mask", elapsed time 0.107428s.
250329-16:44:37,619 nipype.workflow INFO:
	 [Node] Finished "t1w_mask_tfm", elapsed time 12.208307s.
250329-16:44:37,624 nipype.workflow INFO:
	 [Node] Setting-up "fmriprep_24_0_wf.sub_23_wf.bold_task_bird_run_5_wf.bold_confounds_wf.crowncompcor" in "/work_dir/fmriprep_24_0_wf/sub_23_wf/bold_task_bird_run_5_wf/bold_confounds_wf/crowncompcor".
250329-16:44:37,630 nipype.workflow INFO:
	 [Node] Executing "crowncompcor" <niworkflows.interfaces.patches.RobustACompCor>
250329-16:44:39,675 nipype.workflow INFO:
	 [Node] Setting-up "fmriprep_24_0_wf.sub_23_wf.bold_task_bird_run_6_wf.bold_confounds_wf.union_mask" in "/work_dir/fmriprep_24_0_wf/sub_23_wf/bold_task_bird_run_6_wf/bold_confounds_wf/union_mask".
250329-16:44:39,678 nipype.workflow INFO:
	 [Node] Executing "union_mask" <nipype.interfaces.utility.wrappers.Function>
250329-16:44:39,814 nipype.workflow INFO:
	 [Node] Finished "union_mask", elapsed time 0.134778s.
250329-16:44:40,619 nipype.workflow INFO:
	 [Node] Finished "bbregister", elapsed time 123.058817s.
250329-16:44:42,16 nipype.workflow INFO:
	 [Node] Setting-up "fmriprep_24_0_wf.sub_23_wf.bold_task_bird_run_6_wf.bold_confounds_wf.dilated_mask" in "/work_dir/fmriprep_24_0_wf/sub_23_wf/bold_task_bird_run_6_wf/bold_confounds_wf/dilated_mask".
250329-16:44:42,18 nipype.workflow INFO:
	 [Node] Executing "dilated_mask" <niworkflows.interfaces.morphology.BinaryDilation>
250329-16:44:42,243 nipype.workflow INFO:
	 [Node] Finished "dilated_mask", elapsed time 0.224144s.
250329-16:44:43,615 nipype.workflow INFO:
	 [Node] Setting-up "fmriprep_24_0_wf.sub_23_wf.bold_task_bird_run_4_wf.bold_fit_wf.bold_reg_wf.bbreg_wf.compare_transforms" in "/work_dir/fmriprep_24_0_wf/sub_23_wf/bold_task_bird_run_4_wf/bold_fit_wf/bold_reg_wf/bbreg_wf/compare_transforms".
250329-16:44:43,618 nipype.workflow INFO:
	 [Node] Executing "compare_transforms" <nipype.interfaces.utility.wrappers.Function>
250329-16:44:43,622 nipype.workflow INFO:
	 [Node] Setting-up "fmriprep_24_0_wf.sub_23_wf.bold_task_bird_run_6_wf.bold_confounds_wf.subtract_mask" in "/work_dir/fmriprep_24_0_wf/sub_23_wf/bold_task_bird_run_6_wf/bold_confounds_wf/subtract_mask".
250329-16:44:43,626 nipype.workflow INFO:
	 [Node] Executing "subtract_mask" <niworkflows.interfaces.morphology.BinarySubtraction>
250329-16:44:43,630 nipype.workflow INFO:
	 [Node] Finished "compare_transforms", elapsed time 0.010703s.
250329-16:44:43,694 nipype.workflow INFO:
	 [Node] Finished "subtract_mask", elapsed time 0.067349s.
250329-16:44:46,379 nipype.workflow INFO:
	 [Node] Setting-up "fmriprep_24_0_wf.sub_23_wf.bold_task_bird_run_6_wf.bold_confounds_wf.crowncompcor" in "/work_dir/fmriprep_24_0_wf/sub_23_wf/bold_task_bird_run_6_wf/bold_confounds_wf/crowncompcor".
250329-16:44:46,383 nipype.workflow INFO:
	 [Node] Executing "crowncompcor" <niworkflows.interfaces.patches.RobustACompCor>
250329-16:44:49,794 nipype.workflow INFO:
	 [Node] Setting-up "fmriprep_24_0_wf.sub_23_wf.bold_task_bird_run_4_wf.bold_fit_wf.bold_reg_wf.bbreg_wf.concat_xfm" in "/work_dir/fmriprep_24_0_wf/sub_23_wf/bold_task_bird_run_4_wf/bold_fit_wf/bold_reg_wf/bbreg_wf/concat_xfm".
250329-16:44:49,796 nipype.workflow INFO:
	 [Node] Executing "concat_xfm" <niworkflows.interfaces.nitransforms.ConcatenateXFMs>
250329-16:44:49,803 nipype.workflow INFO:
	 [Node] Finished "concat_xfm", elapsed time 0.006183s.
250329-16:44:52,287 nipype.workflow INFO:
	 [Node] Finished "crowncompcor", elapsed time 14.65674s.
250329-16:44:53,620 nipype.workflow INFO:
	 [Node] Setting-up "fmriprep_24_0_wf.sub_23_wf.bold_task_bird_run_4_wf.bold_fit_wf.func_fit_reports_wf.t1w_boldref" in "/work_dir/fmriprep_24_0_wf/sub_23_wf/bold_task_bird_run_4_wf/bold_fit_wf/func_fit_reports_wf/t1w_boldref".
250329-16:44:53,625 nipype.workflow INFO:
	 [Node] Executing "t1w_boldref" <niworkflows.interfaces.fixes.FixHeaderApplyTransforms>
250329-16:44:53,818 nipype.workflow INFO:
	 [Node] Setting-up "fmriprep_24_0_wf.sub_23_wf.bold_task_bird_run_4_wf.bold_confounds_wf.t1w_mask_tfm" in "/work_dir/fmriprep_24_0_wf/sub_23_wf/bold_task_bird_run_4_wf/bold_confounds_wf/t1w_mask_tfm".
250329-16:44:53,818 nipype.workflow INFO:
	 [Node] Setting-up "fmriprep_24_0_wf.sub_23_wf.bold_task_bird_run_5_wf.bold_confounds_wf.crowncc_metadata_fmt" in "/work_dir/fmriprep_24_0_wf/sub_23_wf/bold_task_bird_run_5_wf/bold_confounds_wf/crowncc_metadata_fmt".
250329-16:44:53,821 nipype.workflow INFO:
	 [Node] Executing "crowncc_metadata_fmt" <niworkflows.interfaces.utility.TSV2JSON>
250329-16:44:53,827 nipype.workflow INFO:
	 [Node] Executing "t1w_mask_tfm" <niworkflows.interfaces.fixes.FixHeaderApplyTransforms>
250329-16:44:53,828 nipype.workflow INFO:
	 [Node] Finished "crowncc_metadata_fmt", elapsed time 0.006267s.
250329-16:44:58,318 nipype.workflow INFO:
	 [Node] Finished "crowncompcor", elapsed time 11.933971s.
250329-16:44:59,860 nipype.workflow INFO:
	 [Node] Setting-up "fmriprep_24_0_wf.sub_23_wf.bold_task_bird_run_6_wf.bold_confounds_wf.crowncc_metadata_fmt" in "/work_dir/fmriprep_24_0_wf/sub_23_wf/bold_task_bird_run_6_wf/bold_confounds_wf/crowncc_metadata_fmt".
250329-16:44:59,864 nipype.workflow INFO:
	 [Node] Executing "crowncc_metadata_fmt" <niworkflows.interfaces.utility.TSV2JSON>
250329-16:44:59,872 nipype.workflow INFO:
	 [Node] Finished "crowncc_metadata_fmt", elapsed time 0.008005s.
250329-16:45:02,957 nipype.workflow INFO:
	 [Node] Finished "resample", elapsed time 54.236138s.
250329-16:45:03,406 nipype.workflow INFO:
	 [Node] Finished "t1w_boldref", elapsed time 9.780143s.
250329-16:45:03,653 nipype.workflow INFO:
	 [Node] Setting-up "fmriprep_24_0_wf.sub_23_wf.bold_task_bird_run_4_wf.bold_anat_wf.resample" in "/work_dir/fmriprep_24_0_wf/sub_23_wf/bold_task_bird_run_4_wf/bold_anat_wf/resample".
250329-16:45:03,657 nipype.workflow INFO:
	 [Node] Executing "resample" <fmriprep.interfaces.resampling.ResampleSeries>
250329-16:45:04,743 nipype.workflow INFO:
	 [Node] Finished "t1w_mask_tfm", elapsed time 10.915642s.
250329-16:45:05,724 nipype.workflow INFO:
	 [Node] Setting-up "fmriprep_24_0_wf.sub_23_wf.bold_task_bird_run_4_wf.bold_confounds_wf.union_mask" in "/work_dir/fmriprep_24_0_wf/sub_23_wf/bold_task_bird_run_4_wf/bold_confounds_wf/union_mask".
250329-16:45:05,728 nipype.workflow INFO:
	 [Node] Executing "union_mask" <nipype.interfaces.utility.wrappers.Function>
250329-16:45:05,798 nipype.workflow INFO:
	 [Node] Finished "union_mask", elapsed time 0.068921s.
250329-16:45:07,709 nipype.workflow INFO:
	 [Node] Setting-up "fmriprep_24_0_wf.sub_23_wf.bold_task_bird_run_4_wf.bold_confounds_wf.dilated_mask" in "/work_dir/fmriprep_24_0_wf/sub_23_wf/bold_task_bird_run_4_wf/bold_confounds_wf/dilated_mask".
250329-16:45:07,711 nipype.workflow INFO:
	 [Node] Executing "dilated_mask" <niworkflows.interfaces.morphology.BinaryDilation>
250329-16:45:07,843 nipype.workflow INFO:
	 [Node] Finished "dilated_mask", elapsed time 0.130519s.
250329-16:45:09,657 nipype.workflow INFO:
	 [Node] Setting-up "fmriprep_24_0_wf.sub_23_wf.bold_task_bird_run_4_wf.bold_confounds_wf.subtract_mask" in "/work_dir/fmriprep_24_0_wf/sub_23_wf/bold_task_bird_run_4_wf/bold_confounds_wf/subtract_mask".
250329-16:45:09,660 nipype.workflow INFO:
	 [Node] Executing "subtract_mask" <niworkflows.interfaces.morphology.BinarySubtraction>
250329-16:45:09,753 nipype.workflow INFO:
	 [Node] Finished "subtract_mask", elapsed time 0.092755s.
250329-16:45:12,235 nipype.workflow INFO:
	 [Node] Setting-up "fmriprep_24_0_wf.sub_23_wf.bold_task_bird_run_4_wf.bold_confounds_wf.crowncompcor" in "/work_dir/fmriprep_24_0_wf/sub_23_wf/bold_task_bird_run_4_wf/bold_confounds_wf/crowncompcor".
250329-16:45:12,267 nipype.workflow INFO:
	 [Node] Executing "crowncompcor" <niworkflows.interfaces.patches.RobustACompCor>
250329-16:45:21,911 nipype.workflow INFO:
	 [Node] Finished "crowncompcor", elapsed time 9.643103s.
250329-16:45:24,17 nipype.workflow INFO:
	 [Node] Setting-up "fmriprep_24_0_wf.sub_23_wf.bold_task_bird_run_4_wf.bold_confounds_wf.crowncc_metadata_fmt" in "/work_dir/fmriprep_24_0_wf/sub_23_wf/bold_task_bird_run_4_wf/bold_confounds_wf/crowncc_metadata_fmt".
250329-16:45:24,20 nipype.workflow INFO:
	 [Node] Executing "crowncc_metadata_fmt" <niworkflows.interfaces.utility.TSV2JSON>
250329-16:45:24,27 nipype.workflow INFO:
	 [Node] Finished "crowncc_metadata_fmt", elapsed time 0.006294s.
250329-16:45:25,22 nipype.workflow INFO:
	 [Node] Finished "resample", elapsed time 52.816878s.
250329-16:45:25,653 nipype.workflow INFO:
	 [Node] Setting-up "fmriprep_24_0_wf.sub_23_wf.bold_task_bird_run_6_wf.bold_anat_wf.resample" in "/work_dir/fmriprep_24_0_wf/sub_23_wf/bold_task_bird_run_6_wf/bold_anat_wf/resample".
250329-16:45:25,657 nipype.workflow INFO:
	 [Node] Executing "resample" <fmriprep.interfaces.resampling.ResampleSeries>
250329-16:45:35,546 nipype.workflow INFO:
	 [Node] Finished "fast", elapsed time 301.802244s.
250329-16:45:38,37 nipype.workflow INFO:
	 [Node] Setting-up "fmriprep_24_0_wf.sub_23_wf.anat_fit_wf.lut_t1w_dseg" in "/work_dir/fmriprep_24_0_wf/sub_23_wf/anat_fit_wf/lut_t1w_dseg".
250329-16:45:38,43 nipype.workflow INFO:
	 [Node] Executing "lut_t1w_dseg" <nipype.interfaces.utility.wrappers.Function>
250329-16:45:38,787 nipype.workflow INFO:
	 [Node] Finished "lut_t1w_dseg", elapsed time 0.743135s.
250329-16:45:52,836 nipype.workflow INFO:
	 [Node] Setting-up "fmriprep_24_0_wf.sub_23_wf.bold_task_bird_run_1_wf.bold_fit_wf.func_fit_reports_wf.t1w_wm" in "/work_dir/fmriprep_24_0_wf/sub_23_wf/bold_task_bird_run_1_wf/bold_fit_wf/func_fit_reports_wf/t1w_wm".
250329-16:45:52,838 nipype.workflow INFO:
	 [Node] Setting-up "fmriprep_24_0_wf.sub_23_wf.bold_task_bird_run_2_wf.bold_fit_wf.func_fit_reports_wf.t1w_wm" in "/work_dir/fmriprep_24_0_wf/sub_23_wf/bold_task_bird_run_2_wf/bold_fit_wf/func_fit_reports_wf/t1w_wm".
250329-16:45:52,839 nipype.workflow INFO:
	 [Node] Setting-up "fmriprep_24_0_wf.sub_23_wf.bold_task_bird_run_3_wf.bold_fit_wf.func_fit_reports_wf.t1w_wm" in "/work_dir/fmriprep_24_0_wf/sub_23_wf/bold_task_bird_run_3_wf/bold_fit_wf/func_fit_reports_wf/t1w_wm".
250329-16:45:52,840 nipype.workflow INFO:
	 [Node] Executing "t1w_wm" <nipype.interfaces.utility.wrappers.Function>
250329-16:45:52,841 nipype.workflow INFO:
	 [Node] Executing "t1w_wm" <nipype.interfaces.utility.wrappers.Function>
250329-16:45:52,841 nipype.workflow INFO:
	 [Node] Executing "t1w_wm" <nipype.interfaces.utility.wrappers.Function>
250329-16:45:52,843 nipype.workflow INFO:
	 [Node] Setting-up "fmriprep_24_0_wf.sub_23_wf.bold_task_bird_run_5_wf.bold_fit_wf.func_fit_reports_wf.t1w_wm" in "/work_dir/fmriprep_24_0_wf/sub_23_wf/bold_task_bird_run_5_wf/bold_fit_wf/func_fit_reports_wf/t1w_wm".
250329-16:45:52,843 nipype.workflow INFO:
	 [Node] Setting-up "fmriprep_24_0_wf.sub_23_wf.bold_task_bird_run_4_wf.bold_fit_wf.func_fit_reports_wf.t1w_wm" in "/work_dir/fmriprep_24_0_wf/sub_23_wf/bold_task_bird_run_4_wf/bold_fit_wf/func_fit_reports_wf/t1w_wm".
250329-16:45:52,846 nipype.workflow INFO:
	 [Node] Executing "t1w_wm" <nipype.interfaces.utility.wrappers.Function>
250329-16:45:52,846 nipype.workflow INFO:
	 [Node] Executing "t1w_wm" <nipype.interfaces.utility.wrappers.Function>
250329-16:45:53,21 nipype.workflow INFO:
	 [Node] Finished "t1w_wm", elapsed time 0.180245s.
250329-16:45:53,21 nipype.workflow INFO:
	 [Node] Finished "t1w_wm", elapsed time 0.179083s.
250329-16:45:53,206 nipype.workflow INFO:
	 [Node] Finished "t1w_wm", elapsed time 0.363621s.
250329-16:45:53,223 nipype.workflow INFO:
	 [Node] Finished "t1w_wm", elapsed time 0.376544s.
250329-16:45:53,244 nipype.workflow INFO:
	 [Node] Finished "t1w_wm", elapsed time 0.396219s.
250329-16:45:53,619 nipype.workflow INFO:
	 [Node] Setting-up "fmriprep_24_0_wf.sub_23_wf.anat_fit_wf.anat_reports_wf.seg_rpt" in "/work_dir/fmriprep_24_0_wf/sub_23_wf/anat_fit_wf/anat_reports_wf/seg_rpt".
250329-16:45:53,625 nipype.workflow INFO:
	 [Node] Executing "seg_rpt" <niworkflows.interfaces.reportlets.masks.ROIsPlot>
250329-16:45:54,517 nipype.workflow INFO:
	 [Node] Finished "resample", elapsed time 50.858612s.
250329-16:45:54,842 nipype.workflow INFO:
	 [Node] Setting-up "fmriprep_24_0_wf.sub_23_wf.bold_task_bird_run_6_wf.bold_fit_wf.func_fit_reports_wf.t1w_wm" in "/work_dir/fmriprep_24_0_wf/sub_23_wf/bold_task_bird_run_6_wf/bold_fit_wf/func_fit_reports_wf/t1w_wm".
250329-16:45:54,844 nipype.workflow INFO:
	 [Node] Setting-up "fmriprep_24_0_wf.sub_23_wf.bold_task_bird_run_1_wf.bold_confounds_wf.acc_masks" in "/work_dir/fmriprep_24_0_wf/sub_23_wf/bold_task_bird_run_1_wf/bold_confounds_wf/acc_masks".
250329-16:45:54,845 nipype.workflow INFO:
	 [Node] Executing "t1w_wm" <nipype.interfaces.utility.wrappers.Function>
250329-16:45:54,858 nipype.workflow INFO:
	 [Node] Setting-up "fmriprep_24_0_wf.sub_23_wf.bold_task_bird_run_3_wf.bold_confounds_wf.acc_masks" in "/work_dir/fmriprep_24_0_wf/sub_23_wf/bold_task_bird_run_3_wf/bold_confounds_wf/acc_masks".
250329-16:45:54,863 nipype.workflow INFO:
	 [Node] Setting-up "fmriprep_24_0_wf.sub_23_wf.bold_task_bird_run_4_wf.bold_confounds_wf.acc_masks" in "/work_dir/fmriprep_24_0_wf/sub_23_wf/bold_task_bird_run_4_wf/bold_confounds_wf/acc_masks".
250329-16:45:54,865 nipype.workflow INFO:
	 [Node] Setting-up "fmriprep_24_0_wf.sub_23_wf.bold_task_bird_run_1_wf.bold_fit_wf.func_fit_reports_wf.boldref_wm" in "/work_dir/fmriprep_24_0_wf/sub_23_wf/bold_task_bird_run_1_wf/bold_fit_wf/func_fit_reports_wf/boldref_wm".
250329-16:45:54,868 nipype.workflow INFO:
	 [Node] Setting-up "fmriprep_24_0_wf.sub_23_wf.bold_task_bird_run_3_wf.bold_fit_wf.func_fit_reports_wf.boldref_wm" in "/work_dir/fmriprep_24_0_wf/sub_23_wf/bold_task_bird_run_3_wf/bold_fit_wf/func_fit_reports_wf/boldref_wm".
250329-16:45:54,868 nipype.workflow INFO:
	 [Node] Setting-up "fmriprep_24_0_wf.sub_23_wf.bold_task_bird_run_2_wf.bold_fit_wf.func_fit_reports_wf.boldref_wm" in "/work_dir/fmriprep_24_0_wf/sub_23_wf/bold_task_bird_run_2_wf/bold_fit_wf/func_fit_reports_wf/boldref_wm".
250329-16:45:54,872 nipype.workflow INFO:
	 [Node] Setting-up "fmriprep_24_0_wf.sub_23_wf.bold_task_bird_run_4_wf.bold_fit_wf.func_fit_reports_wf.boldref_wm" in "/work_dir/fmriprep_24_0_wf/sub_23_wf/bold_task_bird_run_4_wf/bold_fit_wf/func_fit_reports_wf/boldref_wm".
250329-16:45:54,878 nipype.workflow INFO:
	 [Node] Executing "boldref_wm" <niworkflows.interfaces.fixes.FixHeaderApplyTransforms>
250329-16:45:54,878 nipype.workflow INFO:
	 [Node] Executing "boldref_wm" <niworkflows.interfaces.fixes.FixHeaderApplyTransforms>
250329-16:45:54,878 nipype.workflow INFO:
	 [Node] Executing "boldref_wm" <niworkflows.interfaces.fixes.FixHeaderApplyTransforms>
250329-16:45:54,880 nipype.workflow INFO:
	 [Node] Setting-up "fmriprep_24_0_wf.sub_23_wf.bold_task_bird_run_5_wf.bold_fit_wf.func_fit_reports_wf.boldref_wm" in "/work_dir/fmriprep_24_0_wf/sub_23_wf/bold_task_bird_run_5_wf/bold_fit_wf/func_fit_reports_wf/boldref_wm".
250329-16:45:54,881 nipype.workflow INFO:
	 [Node] Executing "boldref_wm" <niworkflows.interfaces.fixes.FixHeaderApplyTransforms>
250329-16:45:54,890 nipype.workflow INFO:
	 [Node] Executing "boldref_wm" <niworkflows.interfaces.fixes.FixHeaderApplyTransforms>
250329-16:45:54,971 nipype.workflow INFO:
	 [Node] Executing "acc_masks" <fmriprep.interfaces.confounds.aCompCorMasks>
250329-16:45:55,97 nipype.workflow INFO:
	 [Node] Finished "t1w_wm", elapsed time 0.250928s.
250329-16:45:55,177 nipype.workflow INFO:
	 [Node] Executing "acc_masks" <fmriprep.interfaces.confounds.aCompCorMasks>
250329-16:45:55,202 nipype.workflow INFO:
	 [Node] Executing "acc_masks" <fmriprep.interfaces.confounds.aCompCorMasks>
250329-16:45:55,671 nipype.workflow INFO:
	 [Node] Setting-up "fmriprep_24_0_wf.sub_23_wf.bold_task_bird_run_5_wf.bold_confounds_wf.acc_masks" in "/work_dir/fmriprep_24_0_wf/sub_23_wf/bold_task_bird_run_5_wf/bold_confounds_wf/acc_masks".
250329-16:45:55,760 nipype.workflow INFO:
	 [Node] Finished "boldref_wm", elapsed time 0.881232s.
250329-16:45:55,955 nipype.workflow INFO:
	 [Node] Executing "acc_masks" <fmriprep.interfaces.confounds.aCompCorMasks>
250329-16:45:56,268 nipype.workflow INFO:
	 [Node] Finished "boldref_wm", elapsed time 1.389053s.
250329-16:45:56,341 nipype.workflow INFO:
	 [Node] Finished "boldref_wm", elapsed time 1.458848s.
250329-16:45:56,540 nipype.workflow INFO:
	 [Node] Setting-up "fmriprep_24_0_wf.sub_23_wf.bold_task_bird_run_6_wf.bold_confounds_wf.acc_masks" in "/work_dir/fmriprep_24_0_wf/sub_23_wf/bold_task_bird_run_6_wf/bold_confounds_wf/acc_masks".
250329-16:45:56,586 nipype.workflow INFO:
	 [Node] Finished "boldref_wm", elapsed time 1.695122s.
250329-16:45:56,721 nipype.workflow INFO:
	 [Node] Finished "boldref_wm", elapsed time 1.842239s.
250329-16:45:56,775 nipype.workflow INFO:
	 [Node] Executing "acc_masks" <fmriprep.interfaces.confounds.aCompCorMasks>
250329-16:45:57,30 nipype.workflow INFO:
	 [Node] Setting-up "fmriprep_24_0_wf.sub_23_wf.bold_task_bird_run_6_wf.bold_fit_wf.func_fit_reports_wf.boldref_wm" in "/work_dir/fmriprep_24_0_wf/sub_23_wf/bold_task_bird_run_6_wf/bold_fit_wf/func_fit_reports_wf/boldref_wm".
250329-16:45:57,37 nipype.workflow INFO:
	 [Node] Setting-up "fmriprep_24_0_wf.sub_23_wf.bold_task_bird_run_4_wf.bold_fit_wf.func_fit_reports_wf.epi_t1_report" in "/work_dir/fmriprep_24_0_wf/sub_23_wf/bold_task_bird_run_4_wf/bold_fit_wf/func_fit_reports_wf/epi_t1_report".
250329-16:45:57,42 nipype.workflow INFO:
	 [Node] Executing "epi_t1_report" <nireports.interfaces.reporting.base.SimpleBeforeAfterRPT>
250329-16:45:57,42 nipype.interface INFO:
	 Report - setting before (/output/sub-23/func/sub-23_task-bird_run-4_desc-coreg_boldref.nii.gz) and after (/work_dir/fmriprep_24_0_wf/sub_23_wf/bold_task_bird_run_4_wf/bold_fit_wf/func_fit_reports_wf/t1w_boldref/sub-23_desc-preproc_T1w_trans.nii.gz) images
250329-16:45:57,42 nipype.interface INFO:
	 Generating visual report
250329-16:45:57,48 nipype.workflow INFO:
	 [Node] Executing "boldref_wm" <niworkflows.interfaces.fixes.FixHeaderApplyTransforms>
250329-16:45:57,631 nipype.workflow INFO:
	 [Node] Setting-up "fmriprep_24_0_wf.sub_23_wf.bold_task_bird_run_2_wf.bold_confounds_wf.acc_masks" in "/work_dir/fmriprep_24_0_wf/sub_23_wf/bold_task_bird_run_2_wf/bold_confounds_wf/acc_masks".
250329-16:45:57,931 nipype.workflow INFO:
	 [Node] Setting-up "fmriprep_24_0_wf.sub_23_wf.bold_task_bird_run_5_wf.bold_fit_wf.func_fit_reports_wf.epi_t1_report" in "/work_dir/fmriprep_24_0_wf/sub_23_wf/bold_task_bird_run_5_wf/bold_fit_wf/func_fit_reports_wf/epi_t1_report".
250329-16:45:57,936 nipype.workflow INFO:
	 [Node] Executing "epi_t1_report" <nireports.interfaces.reporting.base.SimpleBeforeAfterRPT>
250329-16:45:57,936 nipype.interface INFO:
	 Report - setting before (/output/sub-23/func/sub-23_task-bird_run-5_desc-coreg_boldref.nii.gz) and after (/work_dir/fmriprep_24_0_wf/sub_23_wf/bold_task_bird_run_5_wf/bold_fit_wf/func_fit_reports_wf/t1w_boldref/sub-23_desc-preproc_T1w_trans.nii.gz) images
250329-16:45:57,937 nipype.interface INFO:
	 Generating visual report
250329-16:45:57,964 nipype.workflow INFO:
	 [Node] Executing "acc_masks" <fmriprep.interfaces.confounds.aCompCorMasks>
250329-16:45:58,62 nipype.workflow INFO:
	 [Node] Setting-up "fmriprep_24_0_wf.sub_23_wf.bold_task_bird_run_3_wf.bold_fit_wf.func_fit_reports_wf.epi_t1_report" in "/work_dir/fmriprep_24_0_wf/sub_23_wf/bold_task_bird_run_3_wf/bold_fit_wf/func_fit_reports_wf/epi_t1_report".
250329-16:45:58,66 nipype.workflow INFO:
	 [Node] Executing "epi_t1_report" <nireports.interfaces.reporting.base.SimpleBeforeAfterRPT>
250329-16:45:58,66 nipype.interface INFO:
	 Report - setting before (/output/sub-23/func/sub-23_task-bird_run-3_desc-coreg_boldref.nii.gz) and after (/work_dir/fmriprep_24_0_wf/sub_23_wf/bold_task_bird_run_3_wf/bold_fit_wf/func_fit_reports_wf/t1w_boldref/sub-23_desc-preproc_T1w_trans.nii.gz) images
250329-16:45:58,66 nipype.interface INFO:
	 Generating visual report
250329-16:45:59,132 nipype.workflow INFO:
	 [Node] Finished "boldref_wm", elapsed time 2.083394s.
250329-16:46:00,788 nipype.workflow INFO:
	 [Node] Setting-up "fmriprep_24_0_wf.sub_23_wf.bold_task_bird_run_1_wf.bold_fit_wf.func_fit_reports_wf.epi_t1_report" in "/work_dir/fmriprep_24_0_wf/sub_23_wf/bold_task_bird_run_1_wf/bold_fit_wf/func_fit_reports_wf/epi_t1_report".
250329-16:46:00,809 nipype.workflow INFO:
	 [Node] Executing "epi_t1_report" <nireports.interfaces.reporting.base.SimpleBeforeAfterRPT>
250329-16:46:00,809 nipype.interface INFO:
	 Report - setting before (/output/sub-23/func/sub-23_task-bird_run-1_desc-coreg_boldref.nii.gz) and after (/work_dir/fmriprep_24_0_wf/sub_23_wf/bold_task_bird_run_1_wf/bold_fit_wf/func_fit_reports_wf/t1w_boldref/sub-23_desc-preproc_T1w_trans.nii.gz) images
250329-16:46:00,810 nipype.interface INFO:
	 Generating visual report
250329-16:46:01,486 nipype.workflow INFO:
	 [Node] Setting-up "fmriprep_24_0_wf.sub_23_wf.bold_task_bird_run_2_wf.bold_fit_wf.func_fit_reports_wf.epi_t1_report" in "/work_dir/fmriprep_24_0_wf/sub_23_wf/bold_task_bird_run_2_wf/bold_fit_wf/func_fit_reports_wf/epi_t1_report".
250329-16:46:01,490 nipype.workflow INFO:
	 [Node] Executing "epi_t1_report" <nireports.interfaces.reporting.base.SimpleBeforeAfterRPT>
250329-16:46:01,491 nipype.interface INFO:
	 Report - setting before (/output/sub-23/func/sub-23_task-bird_run-2_desc-coreg_boldref.nii.gz) and after (/work_dir/fmriprep_24_0_wf/sub_23_wf/bold_task_bird_run_2_wf/bold_fit_wf/func_fit_reports_wf/t1w_boldref/sub-23_desc-preproc_T1w_trans.nii.gz) images
250329-16:46:01,491 nipype.interface INFO:
	 Generating visual report
250329-16:46:03,384 nipype.workflow INFO:
	 [Node] Setting-up "fmriprep_24_0_wf.sub_23_wf.bold_task_bird_run_6_wf.bold_fit_wf.func_fit_reports_wf.epi_t1_report" in "/work_dir/fmriprep_24_0_wf/sub_23_wf/bold_task_bird_run_6_wf/bold_fit_wf/func_fit_reports_wf/epi_t1_report".
250329-16:46:03,389 nipype.workflow INFO:
	 [Node] Executing "epi_t1_report" <nireports.interfaces.reporting.base.SimpleBeforeAfterRPT>
250329-16:46:03,389 nipype.interface INFO:
	 Report - setting before (/output/sub-23/func/sub-23_task-bird_run-6_desc-coreg_boldref.nii.gz) and after (/work_dir/fmriprep_24_0_wf/sub_23_wf/bold_task_bird_run_6_wf/bold_fit_wf/func_fit_reports_wf/t1w_boldref/sub-23_desc-preproc_T1w_trans.nii.gz) images
250329-16:46:03,389 nipype.interface INFO:
	 Generating visual report
250329-16:46:10,370 nipype.workflow INFO:
	 [Node] Finished "acc_masks", elapsed time 15.3954s.
250329-16:46:10,983 nipype.workflow INFO:
	 [Node] Finished "acc_masks", elapsed time 15.780298s.
250329-16:46:11,963 nipype.workflow INFO:
	 [Node] Finished "acc_masks", elapsed time 16.78578s.
250329-16:46:13,111 nipype.workflow INFO:
	 [Node] Setting-up "_acc_msk_tfm0" in "/work_dir/fmriprep_24_0_wf/sub_23_wf/bold_task_bird_run_1_wf/bold_confounds_wf/acc_msk_tfm/mapflow/_acc_msk_tfm0".
250329-16:46:13,113 nipype.workflow INFO:
	 [Node] Setting-up "_acc_msk_tfm1" in "/work_dir/fmriprep_24_0_wf/sub_23_wf/bold_task_bird_run_1_wf/bold_confounds_wf/acc_msk_tfm/mapflow/_acc_msk_tfm1".
250329-16:46:13,114 nipype.workflow INFO:
	 [Node] Setting-up "_acc_msk_tfm2" in "/work_dir/fmriprep_24_0_wf/sub_23_wf/bold_task_bird_run_1_wf/bold_confounds_wf/acc_msk_tfm/mapflow/_acc_msk_tfm2".
250329-16:46:13,114 nipype.workflow INFO:
	 [Node] Executing "_acc_msk_tfm0" <niworkflows.interfaces.fixes.FixHeaderApplyTransforms>
250329-16:46:13,115 nipype.workflow INFO:
	 [Node] Executing "_acc_msk_tfm1" <niworkflows.interfaces.fixes.FixHeaderApplyTransforms>
250329-16:46:13,116 nipype.workflow INFO:
	 [Node] Executing "_acc_msk_tfm2" <niworkflows.interfaces.fixes.FixHeaderApplyTransforms>
250329-16:46:14,546 nipype.workflow INFO:
	 [Node] Finished "acc_masks", elapsed time 16.581058s.
250329-16:46:14,769 nipype.workflow INFO:
	 [Node] Finished "acc_masks", elapsed time 18.813427s.
250329-16:46:15,867 nipype.workflow INFO:
	 [Node] Setting-up "_acc_msk_tfm0" in "/work_dir/fmriprep_24_0_wf/sub_23_wf/bold_task_bird_run_3_wf/bold_confounds_wf/acc_msk_tfm/mapflow/_acc_msk_tfm0".
250329-16:46:15,870 nipype.workflow INFO:
	 [Node] Executing "_acc_msk_tfm0" <niworkflows.interfaces.fixes.FixHeaderApplyTransforms>
250329-16:46:15,887 nipype.workflow INFO:
	 [Node] Setting-up "_acc_msk_tfm1" in "/work_dir/fmriprep_24_0_wf/sub_23_wf/bold_task_bird_run_3_wf/bold_confounds_wf/acc_msk_tfm/mapflow/_acc_msk_tfm1".
250329-16:46:15,890 nipype.workflow INFO:
	 [Node] Executing "_acc_msk_tfm1" <niworkflows.interfaces.fixes.FixHeaderApplyTransforms>
250329-16:46:15,918 nipype.workflow INFO:
	 [Node] Finished "acc_masks", elapsed time 19.141302s.
250329-16:46:16,559 nipype.workflow INFO:
	 [Node] Finished "_acc_msk_tfm1", elapsed time 3.442968s.
250329-16:46:16,713 nipype.workflow INFO:
	 [Node] Finished "_acc_msk_tfm0", elapsed time 3.597401s.
250329-16:46:17,719 nipype.workflow INFO:
	 [Node] Finished "_acc_msk_tfm2", elapsed time 4.602254s.
250329-16:46:18,43 nipype.workflow INFO:
	 [Node] Setting-up "_acc_msk_tfm2" in "/work_dir/fmriprep_24_0_wf/sub_23_wf/bold_task_bird_run_3_wf/bold_confounds_wf/acc_msk_tfm/mapflow/_acc_msk_tfm2".
250329-16:46:18,46 nipype.workflow INFO:
	 [Node] Executing "_acc_msk_tfm2" <niworkflows.interfaces.fixes.FixHeaderApplyTransforms>
250329-16:46:18,56 nipype.workflow INFO:
	 [Node] Setting-up "_acc_msk_tfm0" in "/work_dir/fmriprep_24_0_wf/sub_23_wf/bold_task_bird_run_4_wf/bold_confounds_wf/acc_msk_tfm/mapflow/_acc_msk_tfm0".
250329-16:46:18,59 nipype.workflow INFO:
	 [Node] Executing "_acc_msk_tfm0" <niworkflows.interfaces.fixes.FixHeaderApplyTransforms>
250329-16:46:18,65 nipype.workflow INFO:
	 [Node] Setting-up "_acc_msk_tfm1" in "/work_dir/fmriprep_24_0_wf/sub_23_wf/bold_task_bird_run_4_wf/bold_confounds_wf/acc_msk_tfm/mapflow/_acc_msk_tfm1".
250329-16:46:18,69 nipype.workflow INFO:
	 [Node] Executing "_acc_msk_tfm1" <niworkflows.interfaces.fixes.FixHeaderApplyTransforms>
250329-16:46:19,315 nipype.workflow INFO:
	 [Node] Finished "_acc_msk_tfm1", elapsed time 3.423946s.
250329-16:46:19,532 nipype.workflow INFO:
	 [Node] Setting-up "_acc_msk_tfm0" in "/work_dir/fmriprep_24_0_wf/sub_23_wf/bold_task_bird_run_1_wf/bold_confounds_wf/acc_msk_tfm/mapflow/_acc_msk_tfm0".
250329-16:46:19,533 nipype.workflow INFO:
	 [Node] Cached "_acc_msk_tfm0" - collecting precomputed outputs
250329-16:46:19,533 nipype.workflow INFO:
	 [Node] "_acc_msk_tfm0" found cached.
250329-16:46:19,535 nipype.workflow INFO:
	 [Node] Setting-up "_acc_msk_tfm1" in "/work_dir/fmriprep_24_0_wf/sub_23_wf/bold_task_bird_run_1_wf/bold_confounds_wf/acc_msk_tfm/mapflow/_acc_msk_tfm1".
250329-16:46:19,536 nipype.workflow INFO:
	 [Node] Cached "_acc_msk_tfm1" - collecting precomputed outputs
250329-16:46:19,536 nipype.workflow INFO:
	 [Node] "_acc_msk_tfm1" found cached.
250329-16:46:19,537 nipype.workflow INFO:
	 [Node] Setting-up "_acc_msk_tfm2" in "/work_dir/fmriprep_24_0_wf/sub_23_wf/bold_task_bird_run_1_wf/bold_confounds_wf/acc_msk_tfm/mapflow/_acc_msk_tfm2".
250329-16:46:19,538 nipype.workflow INFO:
	 [Node] Cached "_acc_msk_tfm2" - collecting precomputed outputs
250329-16:46:19,538 nipype.workflow INFO:
	 [Node] "_acc_msk_tfm2" found cached.
250329-16:46:19,550 nipype.workflow INFO:
	 [Node] Setting-up "_acc_msk_tfm2" in "/work_dir/fmriprep_24_0_wf/sub_23_wf/bold_task_bird_run_4_wf/bold_confounds_wf/acc_msk_tfm/mapflow/_acc_msk_tfm2".
250329-16:46:19,552 nipype.workflow INFO:
	 [Node] Executing "_acc_msk_tfm2" <niworkflows.interfaces.fixes.FixHeaderApplyTransforms>
250329-16:46:19,951 nipype.workflow INFO:
	 [Node] Finished "_acc_msk_tfm0", elapsed time 4.07983s.
250329-16:46:20,941 nipype.workflow INFO:
	 [Node] Finished "_acc_msk_tfm2", elapsed time 2.8945790000000002s.
250329-16:46:21,246 nipype.workflow INFO:
	 [Node] Finished "_acc_msk_tfm1", elapsed time 3.175641s.
250329-16:46:21,438 nipype.workflow INFO:
	 [Node] Setting-up "_acc_msk_tfm0" in "/work_dir/fmriprep_24_0_wf/sub_23_wf/bold_task_bird_run_2_wf/bold_confounds_wf/acc_msk_tfm/mapflow/_acc_msk_tfm0".
250329-16:46:21,440 nipype.workflow INFO:
	 [Node] Executing "_acc_msk_tfm0" <niworkflows.interfaces.fixes.FixHeaderApplyTransforms>
250329-16:46:21,458 nipype.workflow INFO:
	 [Node] Setting-up "_acc_msk_tfm1" in "/work_dir/fmriprep_24_0_wf/sub_23_wf/bold_task_bird_run_2_wf/bold_confounds_wf/acc_msk_tfm/mapflow/_acc_msk_tfm1".
250329-16:46:21,459 nipype.workflow INFO:
	 [Node] Setting-up "_acc_msk_tfm2" in "/work_dir/fmriprep_24_0_wf/sub_23_wf/bold_task_bird_run_2_wf/bold_confounds_wf/acc_msk_tfm/mapflow/_acc_msk_tfm2".
250329-16:46:21,460 nipype.workflow INFO:
	 [Node] Executing "_acc_msk_tfm1" <niworkflows.interfaces.fixes.FixHeaderApplyTransforms>
250329-16:46:21,462 nipype.workflow INFO:
	 [Node] Executing "_acc_msk_tfm2" <niworkflows.interfaces.fixes.FixHeaderApplyTransforms>
250329-16:46:23,102 nipype.workflow INFO:
	 [Node] Finished "_acc_msk_tfm2", elapsed time 3.549118s.
250329-16:46:23,233 nipype.workflow INFO:
	 [Node] Setting-up "_acc_msk_tfm0" in "/work_dir/fmriprep_24_0_wf/sub_23_wf/bold_task_bird_run_5_wf/bold_confounds_wf/acc_msk_tfm/mapflow/_acc_msk_tfm0".
250329-16:46:23,235 nipype.workflow INFO:
	 [Node] Executing "_acc_msk_tfm0" <niworkflows.interfaces.fixes.FixHeaderApplyTransforms>
250329-16:46:23,239 nipype.workflow INFO:
	 [Node] Setting-up "_acc_msk_tfm0" in "/work_dir/fmriprep_24_0_wf/sub_23_wf/bold_task_bird_run_3_wf/bold_confounds_wf/acc_msk_tfm/mapflow/_acc_msk_tfm0".
250329-16:46:23,241 nipype.workflow INFO:
	 [Node] Cached "_acc_msk_tfm0" - collecting precomputed outputs
250329-16:46:23,241 nipype.workflow INFO:
	 [Node] "_acc_msk_tfm0" found cached.
250329-16:46:23,242 nipype.workflow INFO:
	 [Node] Setting-up "_acc_msk_tfm1" in "/work_dir/fmriprep_24_0_wf/sub_23_wf/bold_task_bird_run_3_wf/bold_confounds_wf/acc_msk_tfm/mapflow/_acc_msk_tfm1".
250329-16:46:23,244 nipype.workflow INFO:
	 [Node] Cached "_acc_msk_tfm1" - collecting precomputed outputs
250329-16:46:23,244 nipype.workflow INFO:
	 [Node] "_acc_msk_tfm1" found cached.
250329-16:46:23,245 nipype.workflow INFO:
	 [Node] Setting-up "_acc_msk_tfm2" in "/work_dir/fmriprep_24_0_wf/sub_23_wf/bold_task_bird_run_3_wf/bold_confounds_wf/acc_msk_tfm/mapflow/_acc_msk_tfm2".
250329-16:46:23,246 nipype.workflow INFO:
	 [Node] Cached "_acc_msk_tfm2" - collecting precomputed outputs
250329-16:46:23,246 nipype.workflow INFO:
	 [Node] "_acc_msk_tfm2" found cached.
250329-16:46:23,997 nipype.workflow INFO:
	 [Node] Finished "_acc_msk_tfm0", elapsed time 5.936961s.
250329-16:46:24,576 nipype.workflow INFO:
	 [Node] Finished "resample", elapsed time 58.91731s.
250329-16:46:24,657 nipype.workflow INFO:
	 [Node] Finished "_acc_msk_tfm0", elapsed time 3.215526s.
250329-16:46:25,238 nipype.workflow INFO:
	 [Node] Setting-up "_acc_msk_tfm0" in "/work_dir/fmriprep_24_0_wf/sub_23_wf/bold_task_bird_run_4_wf/bold_confounds_wf/acc_msk_tfm/mapflow/_acc_msk_tfm0".
250329-16:46:25,240 nipype.workflow INFO:
	 [Node] Cached "_acc_msk_tfm0" - collecting precomputed outputs
250329-16:46:25,240 nipype.workflow INFO:
	 [Node] "_acc_msk_tfm0" found cached.
250329-16:46:25,241 nipype.workflow INFO:
	 [Node] Setting-up "_acc_msk_tfm1" in "/work_dir/fmriprep_24_0_wf/sub_23_wf/bold_task_bird_run_4_wf/bold_confounds_wf/acc_msk_tfm/mapflow/_acc_msk_tfm1".
250329-16:46:25,242 nipype.workflow INFO:
	 [Node] Cached "_acc_msk_tfm1" - collecting precomputed outputs
250329-16:46:25,242 nipype.workflow INFO:
	 [Node] "_acc_msk_tfm1" found cached.
250329-16:46:25,243 nipype.workflow INFO:
	 [Node] Setting-up "_acc_msk_tfm2" in "/work_dir/fmriprep_24_0_wf/sub_23_wf/bold_task_bird_run_4_wf/bold_confounds_wf/acc_msk_tfm/mapflow/_acc_msk_tfm2".
250329-16:46:25,244 nipype.workflow INFO:
	 [Node] Cached "_acc_msk_tfm2" - collecting precomputed outputs
250329-16:46:25,244 nipype.workflow INFO:
	 [Node] "_acc_msk_tfm2" found cached.
250329-16:46:25,259 nipype.workflow INFO:
	 [Node] Setting-up "_acc_msk_tfm1" in "/work_dir/fmriprep_24_0_wf/sub_23_wf/bold_task_bird_run_5_wf/bold_confounds_wf/acc_msk_tfm/mapflow/_acc_msk_tfm1".
250329-16:46:25,260 nipype.workflow INFO:
	 [Node] Setting-up "_acc_msk_tfm2" in "/work_dir/fmriprep_24_0_wf/sub_23_wf/bold_task_bird_run_5_wf/bold_confounds_wf/acc_msk_tfm/mapflow/_acc_msk_tfm2".
250329-16:46:25,261 nipype.workflow INFO:
	 [Node] Executing "_acc_msk_tfm1" <niworkflows.interfaces.fixes.FixHeaderApplyTransforms>
250329-16:46:25,263 nipype.workflow INFO:
	 [Node] Executing "_acc_msk_tfm2" <niworkflows.interfaces.fixes.FixHeaderApplyTransforms>
250329-16:46:25,265 nipype.workflow INFO:
	 [Node] Setting-up "_acc_msk_tfm0" in "/work_dir/fmriprep_24_0_wf/sub_23_wf/bold_task_bird_run_6_wf/bold_confounds_wf/acc_msk_tfm/mapflow/_acc_msk_tfm0".
250329-16:46:25,268 nipype.workflow INFO:
	 [Node] Executing "_acc_msk_tfm0" <niworkflows.interfaces.fixes.FixHeaderApplyTransforms>
250329-16:46:25,277 nipype.workflow INFO:
	 [Node] Setting-up "_acc_msk_tfm2" in "/work_dir/fmriprep_24_0_wf/sub_23_wf/bold_task_bird_run_6_wf/bold_confounds_wf/acc_msk_tfm/mapflow/_acc_msk_tfm2".
250329-16:46:25,277 nipype.workflow INFO:
	 [Node] Setting-up "_acc_msk_tfm1" in "/work_dir/fmriprep_24_0_wf/sub_23_wf/bold_task_bird_run_6_wf/bold_confounds_wf/acc_msk_tfm/mapflow/_acc_msk_tfm1".
250329-16:46:25,279 nipype.workflow INFO:
	 [Node] Executing "_acc_msk_tfm2" <niworkflows.interfaces.fixes.FixHeaderApplyTransforms>
250329-16:46:25,279 nipype.workflow INFO:
	 [Node] Executing "_acc_msk_tfm1" <niworkflows.interfaces.fixes.FixHeaderApplyTransforms>
250329-16:46:25,280 nipype.workflow INFO:
	 [Node] Setting-up "_acc_msk_brain0" in "/work_dir/fmriprep_24_0_wf/sub_23_wf/bold_task_bird_run_1_wf/bold_confounds_wf/acc_msk_brain/mapflow/_acc_msk_brain0".
250329-16:46:25,282 nipype.workflow INFO:
	 [Node] Executing "_acc_msk_brain0" <niworkflows.interfaces.nibabel.ApplyMask>
250329-16:46:25,284 nipype.workflow INFO:
	 [Node] Setting-up "_acc_msk_brain1" in "/work_dir/fmriprep_24_0_wf/sub_23_wf/bold_task_bird_run_1_wf/bold_confounds_wf/acc_msk_brain/mapflow/_acc_msk_brain1".
250329-16:46:25,284 nipype.workflow INFO:
	 [Node] Setting-up "_acc_msk_brain2" in "/work_dir/fmriprep_24_0_wf/sub_23_wf/bold_task_bird_run_1_wf/bold_confounds_wf/acc_msk_brain/mapflow/_acc_msk_brain2".
250329-16:46:25,286 nipype.workflow INFO:
	 [Node] Executing "_acc_msk_brain1" <niworkflows.interfaces.nibabel.ApplyMask>
250329-16:46:25,286 nipype.workflow INFO:
	 [Node] Executing "_acc_msk_brain2" <niworkflows.interfaces.nibabel.ApplyMask>
250329-16:46:25,341 nipype.workflow INFO:
	 [Node] Finished "_acc_msk_tfm1", elapsed time 3.880162s.
250329-16:46:25,432 nipype.workflow INFO:
	 [Node] Finished "_acc_msk_brain2", elapsed time 0.145013s.
250329-16:46:25,737 nipype.workflow INFO:
	 [Node] Finished "_acc_msk_brain1", elapsed time 0.450166s.
250329-16:46:25,875 nipype.workflow INFO:
	 [Node] Finished "_acc_msk_brain0", elapsed time 0.592348s.
250329-16:46:26,409 nipype.workflow INFO:
	 [Node] Finished "_acc_msk_tfm2", elapsed time 4.9461770000000005s.
250329-16:46:27,567 nipype.workflow INFO:
	 [Node] Setting-up "_acc_msk_tfm0" in "/work_dir/fmriprep_24_0_wf/sub_23_wf/bold_task_bird_run_2_wf/bold_confounds_wf/acc_msk_tfm/mapflow/_acc_msk_tfm0".
250329-16:46:27,568 nipype.workflow INFO:
	 [Node] Cached "_acc_msk_tfm0" - collecting precomputed outputs
250329-16:46:27,569 nipype.workflow INFO:
	 [Node] "_acc_msk_tfm0" found cached.
250329-16:46:27,570 nipype.workflow INFO:
	 [Node] Setting-up "_acc_msk_tfm1" in "/work_dir/fmriprep_24_0_wf/sub_23_wf/bold_task_bird_run_2_wf/bold_confounds_wf/acc_msk_tfm/mapflow/_acc_msk_tfm1".
250329-16:46:27,571 nipype.workflow INFO:
	 [Node] Cached "_acc_msk_tfm1" - collecting precomputed outputs
250329-16:46:27,571 nipype.workflow INFO:
	 [Node] "_acc_msk_tfm1" found cached.
250329-16:46:27,572 nipype.workflow INFO:
	 [Node] Setting-up "_acc_msk_brain0" in "/work_dir/fmriprep_24_0_wf/sub_23_wf/bold_task_bird_run_1_wf/bold_confounds_wf/acc_msk_brain/mapflow/_acc_msk_brain0".
250329-16:46:27,572 nipype.workflow INFO:
	 [Node] Setting-up "_acc_msk_tfm2" in "/work_dir/fmriprep_24_0_wf/sub_23_wf/bold_task_bird_run_2_wf/bold_confounds_wf/acc_msk_tfm/mapflow/_acc_msk_tfm2".
250329-16:46:27,573 nipype.workflow INFO:
	 [Node] Cached "_acc_msk_brain0" - collecting precomputed outputs
250329-16:46:27,573 nipype.workflow INFO:
	 [Node] "_acc_msk_brain0" found cached.
250329-16:46:27,573 nipype.workflow INFO:
	 [Node] Cached "_acc_msk_tfm2" - collecting precomputed outputs
250329-16:46:27,573 nipype.workflow INFO:
	 [Node] "_acc_msk_tfm2" found cached.
250329-16:46:27,574 nipype.workflow INFO:
	 [Node] Setting-up "_acc_msk_brain1" in "/work_dir/fmriprep_24_0_wf/sub_23_wf/bold_task_bird_run_1_wf/bold_confounds_wf/acc_msk_brain/mapflow/_acc_msk_brain1".
250329-16:46:27,575 nipype.workflow INFO:
	 [Node] Cached "_acc_msk_brain1" - collecting precomputed outputs
250329-16:46:27,575 nipype.workflow INFO:
	 [Node] "_acc_msk_brain1" found cached.
250329-16:46:27,576 nipype.workflow INFO:
	 [Node] Setting-up "_acc_msk_brain2" in "/work_dir/fmriprep_24_0_wf/sub_23_wf/bold_task_bird_run_1_wf/bold_confounds_wf/acc_msk_brain/mapflow/_acc_msk_brain2".
250329-16:46:27,577 nipype.workflow INFO:
	 [Node] Cached "_acc_msk_brain2" - collecting precomputed outputs
250329-16:46:27,577 nipype.workflow INFO:
	 [Node] "_acc_msk_brain2" found cached.
250329-16:46:27,599 nipype.workflow INFO:
	 [Node] Setting-up "_acc_msk_brain0" in "/work_dir/fmriprep_24_0_wf/sub_23_wf/bold_task_bird_run_3_wf/bold_confounds_wf/acc_msk_brain/mapflow/_acc_msk_brain0".
250329-16:46:27,606 nipype.workflow INFO:
	 [Node] Executing "_acc_msk_brain0" <niworkflows.interfaces.nibabel.ApplyMask>
250329-16:46:27,612 nipype.workflow INFO:
	 [Node] Setting-up "_acc_msk_brain1" in "/work_dir/fmriprep_24_0_wf/sub_23_wf/bold_task_bird_run_3_wf/bold_confounds_wf/acc_msk_brain/mapflow/_acc_msk_brain1".
250329-16:46:27,614 nipype.workflow INFO:
	 [Node] Executing "_acc_msk_brain1" <niworkflows.interfaces.nibabel.ApplyMask>
250329-16:46:27,627 nipype.workflow INFO:
	 [Node] Setting-up "_acc_msk_brain2" in "/work_dir/fmriprep_24_0_wf/sub_23_wf/bold_task_bird_run_3_wf/bold_confounds_wf/acc_msk_brain/mapflow/_acc_msk_brain2".
250329-16:46:27,629 nipype.workflow INFO:
	 [Node] Executing "_acc_msk_brain2" <niworkflows.interfaces.nibabel.ApplyMask>
250329-16:46:27,696 nipype.workflow INFO:
	 [Node] Finished "_acc_msk_tfm1", elapsed time 2.433681s.
250329-16:46:27,975 nipype.workflow INFO:
	 [Node] Finished "_acc_msk_brain2", elapsed time 0.344568s.
250329-16:46:28,62 nipype.workflow INFO:
	 [Node] Finished "_acc_msk_brain1", elapsed time 0.446482s.
250329-16:46:28,119 nipype.workflow INFO:
	 [Node] Finished "_acc_msk_brain0", elapsed time 0.511816s.
250329-16:46:28,916 nipype.workflow INFO:
	 [Node] Finished "_acc_msk_tfm2", elapsed time 3.651998s.
250329-16:46:29,42 nipype.workflow INFO:
	 [Node] Finished "_acc_msk_tfm0", elapsed time 5.805526s.
250329-16:46:29,63 nipype.workflow INFO:
	 [Node] Setting-up "_acc_msk_brain0" in "/work_dir/fmriprep_24_0_wf/sub_23_wf/bold_task_bird_run_3_wf/bold_confounds_wf/acc_msk_brain/mapflow/_acc_msk_brain0".
250329-16:46:29,64 nipype.workflow INFO:
	 [Node] Cached "_acc_msk_brain0" - collecting precomputed outputs
250329-16:46:29,65 nipype.workflow INFO:
	 [Node] "_acc_msk_brain0" found cached.
250329-16:46:29,65 nipype.workflow INFO:
	 [Node] Setting-up "_acc_msk_brain1" in "/work_dir/fmriprep_24_0_wf/sub_23_wf/bold_task_bird_run_3_wf/bold_confounds_wf/acc_msk_brain/mapflow/_acc_msk_brain1".
250329-16:46:29,66 nipype.workflow INFO:
	 [Node] Cached "_acc_msk_brain1" - collecting precomputed outputs
250329-16:46:29,66 nipype.workflow INFO:
	 [Node] "_acc_msk_brain1" found cached.
250329-16:46:29,67 nipype.workflow INFO:
	 [Node] Setting-up "_acc_msk_brain2" in "/work_dir/fmriprep_24_0_wf/sub_23_wf/bold_task_bird_run_3_wf/bold_confounds_wf/acc_msk_brain/mapflow/_acc_msk_brain2".
250329-16:46:29,68 nipype.workflow INFO:
	 [Node] Cached "_acc_msk_brain2" - collecting precomputed outputs
250329-16:46:29,68 nipype.workflow INFO:
	 [Node] "_acc_msk_brain2" found cached.
250329-16:46:29,85 nipype.workflow INFO:
	 [Node] Setting-up "_acc_msk_brain0" in "/work_dir/fmriprep_24_0_wf/sub_23_wf/bold_task_bird_run_4_wf/bold_confounds_wf/acc_msk_brain/mapflow/_acc_msk_brain0".
250329-16:46:29,87 nipype.workflow INFO:
	 [Node] Executing "_acc_msk_brain0" <niworkflows.interfaces.nibabel.ApplyMask>
250329-16:46:29,89 nipype.workflow INFO:
	 [Node] Setting-up "_acc_msk_brain1" in "/work_dir/fmriprep_24_0_wf/sub_23_wf/bold_task_bird_run_4_wf/bold_confounds_wf/acc_msk_brain/mapflow/_acc_msk_brain1".
250329-16:46:29,95 nipype.workflow INFO:
	 [Node] Setting-up "_acc_msk_brain2" in "/work_dir/fmriprep_24_0_wf/sub_23_wf/bold_task_bird_run_4_wf/bold_confounds_wf/acc_msk_brain/mapflow/_acc_msk_brain2".
250329-16:46:29,97 nipype.workflow INFO:
	 [Node] Executing "_acc_msk_brain2" <niworkflows.interfaces.nibabel.ApplyMask>
250329-16:46:29,104 nipype.workflow INFO:
	 [Node] Executing "_acc_msk_brain1" <niworkflows.interfaces.nibabel.ApplyMask>
250329-16:46:29,215 nipype.workflow INFO:
	 [Node] Finished "_acc_msk_brain2", elapsed time 0.11701s.
250329-16:46:29,585 nipype.workflow INFO:
	 [Node] Finished "_acc_msk_brain1", elapsed time 0.459724s.
250329-16:46:29,613 nipype.workflow INFO:
	 [Node] Finished "_acc_msk_tfm2", elapsed time 4.3328s.
250329-16:46:29,713 nipype.workflow INFO:
	 [Node] Finished "_acc_msk_brain0", elapsed time 0.622252s.
250329-16:46:29,961 nipype.workflow INFO:
	 [Node] Finished "_acc_msk_tfm1", elapsed time 4.680847s.
250329-16:46:30,55 nipype.workflow INFO:
	 [Node] Finished "_acc_msk_tfm0", elapsed time 4.786911s.
250329-16:46:31,164 nipype.workflow INFO:
	 [Node] Setting-up "_acc_msk_tfm0" in "/work_dir/fmriprep_24_0_wf/sub_23_wf/bold_task_bird_run_5_wf/bold_confounds_wf/acc_msk_tfm/mapflow/_acc_msk_tfm0".
250329-16:46:31,165 nipype.workflow INFO:
	 [Node] Cached "_acc_msk_tfm0" - collecting precomputed outputs
250329-16:46:31,165 nipype.workflow INFO:
	 [Node] "_acc_msk_tfm0" found cached.
250329-16:46:31,166 nipype.workflow INFO:
	 [Node] Setting-up "_acc_msk_tfm1" in "/work_dir/fmriprep_24_0_wf/sub_23_wf/bold_task_bird_run_5_wf/bold_confounds_wf/acc_msk_tfm/mapflow/_acc_msk_tfm1".
250329-16:46:31,167 nipype.workflow INFO:
	 [Node] Cached "_acc_msk_tfm1" - collecting precomputed outputs
250329-16:46:31,168 nipype.workflow INFO:
	 [Node] "_acc_msk_tfm1" found cached.
250329-16:46:31,169 nipype.workflow INFO:
	 [Node] Setting-up "_acc_msk_tfm2" in "/work_dir/fmriprep_24_0_wf/sub_23_wf/bold_task_bird_run_5_wf/bold_confounds_wf/acc_msk_tfm/mapflow/_acc_msk_tfm2".
250329-16:46:31,170 nipype.workflow INFO:
	 [Node] Cached "_acc_msk_tfm2" - collecting precomputed outputs
250329-16:46:31,170 nipype.workflow INFO:
	 [Node] "_acc_msk_tfm2" found cached.
250329-16:46:31,180 nipype.workflow INFO:
	 [Node] Setting-up "_acc_msk_tfm0" in "/work_dir/fmriprep_24_0_wf/sub_23_wf/bold_task_bird_run_6_wf/bold_confounds_wf/acc_msk_tfm/mapflow/_acc_msk_tfm0".
250329-16:46:31,181 nipype.workflow INFO:
	 [Node] Cached "_acc_msk_tfm0" - collecting precomputed outputs
250329-16:46:31,181 nipype.workflow INFO:
	 [Node] "_acc_msk_tfm0" found cached.
250329-16:46:31,182 nipype.workflow INFO:
	 [Node] Setting-up "_acc_msk_tfm1" in "/work_dir/fmriprep_24_0_wf/sub_23_wf/bold_task_bird_run_6_wf/bold_confounds_wf/acc_msk_tfm/mapflow/_acc_msk_tfm1".
250329-16:46:31,184 nipype.workflow INFO:
	 [Node] Cached "_acc_msk_tfm1" - collecting precomputed outputs
250329-16:46:31,184 nipype.workflow INFO:
	 [Node] "_acc_msk_tfm1" found cached.
250329-16:46:31,185 nipype.workflow INFO:
	 [Node] Setting-up "_acc_msk_tfm2" in "/work_dir/fmriprep_24_0_wf/sub_23_wf/bold_task_bird_run_6_wf/bold_confounds_wf/acc_msk_tfm/mapflow/_acc_msk_tfm2".
250329-16:46:31,185 nipype.workflow INFO:
	 [Node] Setting-up "_acc_msk_brain0" in "/work_dir/fmriprep_24_0_wf/sub_23_wf/bold_task_bird_run_2_wf/bold_confounds_wf/acc_msk_brain/mapflow/_acc_msk_brain0".
250329-16:46:31,186 nipype.workflow INFO:
	 [Node] Cached "_acc_msk_tfm2" - collecting precomputed outputs
250329-16:46:31,186 nipype.workflow INFO:
	 [Node] "_acc_msk_tfm2" found cached.
250329-16:46:31,187 nipype.workflow INFO:
	 [Node] Executing "_acc_msk_brain0" <niworkflows.interfaces.nibabel.ApplyMask>
250329-16:46:31,198 nipype.workflow INFO:
	 [Node] Setting-up "_acc_msk_brain0" in "/work_dir/fmriprep_24_0_wf/sub_23_wf/bold_task_bird_run_4_wf/bold_confounds_wf/acc_msk_brain/mapflow/_acc_msk_brain0".
250329-16:46:31,200 nipype.workflow INFO:
	 [Node] Cached "_acc_msk_brain0" - collecting precomputed outputs
250329-16:46:31,200 nipype.workflow INFO:
	 [Node] "_acc_msk_brain0" found cached.
250329-16:46:31,201 nipype.workflow INFO:
	 [Node] Setting-up "_acc_msk_brain1" in "/work_dir/fmriprep_24_0_wf/sub_23_wf/bold_task_bird_run_4_wf/bold_confounds_wf/acc_msk_brain/mapflow/_acc_msk_brain1".
250329-16:46:31,202 nipype.workflow INFO:
	 [Node] Cached "_acc_msk_brain1" - collecting precomputed outputs
250329-16:46:31,202 nipype.workflow INFO:
	 [Node] "_acc_msk_brain1" found cached.
250329-16:46:31,202 nipype.workflow INFO:
	 [Node] Setting-up "_acc_msk_brain2" in "/work_dir/fmriprep_24_0_wf/sub_23_wf/bold_task_bird_run_4_wf/bold_confounds_wf/acc_msk_brain/mapflow/_acc_msk_brain2".
250329-16:46:31,203 nipype.workflow INFO:
	 [Node] Cached "_acc_msk_brain2" - collecting precomputed outputs
250329-16:46:31,203 nipype.workflow INFO:
	 [Node] "_acc_msk_brain2" found cached.
250329-16:46:31,210 nipype.workflow INFO:
	 [Node] Setting-up "_acc_msk_brain1" in "/work_dir/fmriprep_24_0_wf/sub_23_wf/bold_task_bird_run_2_wf/bold_confounds_wf/acc_msk_brain/mapflow/_acc_msk_brain1".
250329-16:46:31,212 nipype.workflow INFO:
	 [Node] Executing "_acc_msk_brain1" <niworkflows.interfaces.nibabel.ApplyMask>
250329-16:46:31,226 nipype.workflow INFO:
	 [Node] Setting-up "_acc_msk_brain2" in "/work_dir/fmriprep_24_0_wf/sub_23_wf/bold_task_bird_run_2_wf/bold_confounds_wf/acc_msk_brain/mapflow/_acc_msk_brain2".
250329-16:46:31,228 nipype.workflow INFO:
	 [Node] Executing "_acc_msk_brain2" <niworkflows.interfaces.nibabel.ApplyMask>
250329-16:46:31,251 nipype.workflow INFO:
	 [Node] Setting-up "_acc_msk_bin0" in "/work_dir/fmriprep_24_0_wf/sub_23_wf/bold_task_bird_run_1_wf/bold_confounds_wf/acc_msk_bin/mapflow/_acc_msk_bin0".
250329-16:46:31,253 nipype.workflow INFO:
	 [Node] Executing "_acc_msk_bin0" <niworkflows.interfaces.nibabel.Binarize>
250329-16:46:31,273 nipype.workflow INFO:
	 [Node] Setting-up "_acc_msk_bin1" in "/work_dir/fmriprep_24_0_wf/sub_23_wf/bold_task_bird_run_1_wf/bold_confounds_wf/acc_msk_bin/mapflow/_acc_msk_bin1".
250329-16:46:31,275 nipype.workflow INFO:
	 [Node] Executing "_acc_msk_bin1" <niworkflows.interfaces.nibabel.Binarize>
250329-16:46:31,290 nipype.workflow INFO:
	 [Node] Setting-up "_acc_msk_bin2" in "/work_dir/fmriprep_24_0_wf/sub_23_wf/bold_task_bird_run_1_wf/bold_confounds_wf/acc_msk_bin/mapflow/_acc_msk_bin2".
250329-16:46:31,292 nipype.workflow INFO:
	 [Node] Executing "_acc_msk_bin2" <niworkflows.interfaces.nibabel.Binarize>
250329-16:46:31,409 nipype.workflow INFO:
	 [Node] Finished "_acc_msk_brain2", elapsed time 0.180008s.
250329-16:46:31,431 nipype.workflow INFO:
	 [Node] Finished "_acc_msk_brain0", elapsed time 0.243452s.
250329-16:46:31,565 nipype.workflow INFO:
	 [Node] Finished "_acc_msk_bin2", elapsed time 0.271776s.
250329-16:46:31,577 nipype.workflow INFO:
	 [Node] Finished "_acc_msk_brain1", elapsed time 0.364488s.
250329-16:46:31,588 nipype.workflow INFO:
	 [Node] Finished "_acc_msk_bin1", elapsed time 0.311858s.
250329-16:46:31,597 nipype.workflow INFO:
	 [Node] Finished "_acc_msk_bin0", elapsed time 0.343347s.
250329-16:46:33,705 nipype.workflow INFO:
	 [Node] Setting-up "_acc_msk_brain0" in "/work_dir/fmriprep_24_0_wf/sub_23_wf/bold_task_bird_run_2_wf/bold_confounds_wf/acc_msk_brain/mapflow/_acc_msk_brain0".
250329-16:46:33,707 nipype.workflow INFO:
	 [Node] Cached "_acc_msk_brain0" - collecting precomputed outputs
250329-16:46:33,707 nipype.workflow INFO:
	 [Node] "_acc_msk_brain0" found cached.
250329-16:46:33,708 nipype.workflow INFO:
	 [Node] Setting-up "_acc_msk_brain1" in "/work_dir/fmriprep_24_0_wf/sub_23_wf/bold_task_bird_run_2_wf/bold_confounds_wf/acc_msk_brain/mapflow/_acc_msk_brain1".
250329-16:46:33,709 nipype.workflow INFO:
	 [Node] Cached "_acc_msk_brain1" - collecting precomputed outputs
250329-16:46:33,709 nipype.workflow INFO:
	 [Node] "_acc_msk_brain1" found cached.
250329-16:46:33,709 nipype.workflow INFO:
	 [Node] Setting-up "_acc_msk_brain2" in "/work_dir/fmriprep_24_0_wf/sub_23_wf/bold_task_bird_run_2_wf/bold_confounds_wf/acc_msk_brain/mapflow/_acc_msk_brain2".
250329-16:46:33,710 nipype.workflow INFO:
	 [Node] Cached "_acc_msk_brain2" - collecting precomputed outputs
250329-16:46:33,710 nipype.workflow INFO:
	 [Node] "_acc_msk_brain2" found cached.
250329-16:46:33,748 nipype.workflow INFO:
	 [Node] Setting-up "_acc_msk_bin0" in "/work_dir/fmriprep_24_0_wf/sub_23_wf/bold_task_bird_run_1_wf/bold_confounds_wf/acc_msk_bin/mapflow/_acc_msk_bin0".
250329-16:46:33,749 nipype.workflow INFO:
	 [Node] Cached "_acc_msk_bin0" - collecting precomputed outputs
250329-16:46:33,749 nipype.workflow INFO:
	 [Node] "_acc_msk_bin0" found cached.
250329-16:46:33,750 nipype.workflow INFO:
	 [Node] Setting-up "_acc_msk_bin1" in "/work_dir/fmriprep_24_0_wf/sub_23_wf/bold_task_bird_run_1_wf/bold_confounds_wf/acc_msk_bin/mapflow/_acc_msk_bin1".
250329-16:46:33,751 nipype.workflow INFO:
	 [Node] Cached "_acc_msk_bin1" - collecting precomputed outputs
250329-16:46:33,751 nipype.workflow INFO:
	 [Node] "_acc_msk_bin1" found cached.
250329-16:46:33,752 nipype.workflow INFO:
	 [Node] Setting-up "_acc_msk_bin2" in "/work_dir/fmriprep_24_0_wf/sub_23_wf/bold_task_bird_run_1_wf/bold_confounds_wf/acc_msk_bin/mapflow/_acc_msk_bin2".
250329-16:46:33,753 nipype.workflow INFO:
	 [Node] Cached "_acc_msk_bin2" - collecting precomputed outputs
250329-16:46:33,753 nipype.workflow INFO:
	 [Node] "_acc_msk_bin2" found cached.
250329-16:46:33,778 nipype.workflow INFO:
	 [Node] Setting-up "_acc_msk_bin0" in "/work_dir/fmriprep_24_0_wf/sub_23_wf/bold_task_bird_run_3_wf/bold_confounds_wf/acc_msk_bin/mapflow/_acc_msk_bin0".
250329-16:46:33,779 nipype.workflow INFO:
	 [Node] Setting-up "_acc_msk_bin1" in "/work_dir/fmriprep_24_0_wf/sub_23_wf/bold_task_bird_run_3_wf/bold_confounds_wf/acc_msk_bin/mapflow/_acc_msk_bin1".
250329-16:46:33,780 nipype.workflow INFO:
	 [Node] Executing "_acc_msk_bin0" <niworkflows.interfaces.nibabel.Binarize>
250329-16:46:33,781 nipype.workflow INFO:
	 [Node] Executing "_acc_msk_bin1" <niworkflows.interfaces.nibabel.Binarize>
250329-16:46:33,787 nipype.workflow INFO:
	 [Node] Setting-up "_acc_msk_bin2" in "/work_dir/fmriprep_24_0_wf/sub_23_wf/bold_task_bird_run_3_wf/bold_confounds_wf/acc_msk_bin/mapflow/_acc_msk_bin2".
250329-16:46:33,789 nipype.workflow INFO:
	 [Node] Executing "_acc_msk_bin2" <niworkflows.interfaces.nibabel.Binarize>
250329-16:46:33,996 nipype.workflow INFO:
	 [Node] Finished "_acc_msk_bin1", elapsed time 0.214036s.
250329-16:46:34,9 nipype.workflow INFO:
	 [Node] Finished "_acc_msk_bin0", elapsed time 0.228327s.
250329-16:46:34,15 nipype.workflow INFO:
	 [Node] Finished "_acc_msk_bin2", elapsed time 0.222983s.
250329-16:46:35,20 nipype.workflow INFO:
	 [Node] Setting-up "fmriprep_24_0_wf.sub_23_wf.bold_task_bird_run_1_wf.bold_confounds_wf.acompcor" in "/work_dir/fmriprep_24_0_wf/sub_23_wf/bold_task_bird_run_1_wf/bold_confounds_wf/acompcor".
250329-16:46:35,24 nipype.workflow INFO:
	 [Node] Setting-up "_acc_msk_bin0" in "/work_dir/fmriprep_24_0_wf/sub_23_wf/bold_task_bird_run_3_wf/bold_confounds_wf/acc_msk_bin/mapflow/_acc_msk_bin0".
250329-16:46:35,25 nipype.workflow INFO:
	 [Node] Executing "acompcor" <niworkflows.interfaces.patches.RobustACompCor>
250329-16:46:35,25 nipype.workflow INFO:
	 [Node] Cached "_acc_msk_bin0" - collecting precomputed outputs
250329-16:46:35,25 nipype.workflow INFO:
	 [Node] "_acc_msk_bin0" found cached.
250329-16:46:35,26 nipype.workflow INFO:
	 [Node] Setting-up "_acc_msk_bin1" in "/work_dir/fmriprep_24_0_wf/sub_23_wf/bold_task_bird_run_3_wf/bold_confounds_wf/acc_msk_bin/mapflow/_acc_msk_bin1".
250329-16:46:35,27 nipype.workflow INFO:
	 [Node] Cached "_acc_msk_bin1" - collecting precomputed outputs
250329-16:46:35,27 nipype.workflow INFO:
	 [Node] "_acc_msk_bin1" found cached.
250329-16:46:35,28 nipype.workflow INFO:
	 [Node] Setting-up "_acc_msk_bin2" in "/work_dir/fmriprep_24_0_wf/sub_23_wf/bold_task_bird_run_3_wf/bold_confounds_wf/acc_msk_bin/mapflow/_acc_msk_bin2".
250329-16:46:35,28 nipype.workflow INFO:
	 [Node] Cached "_acc_msk_bin2" - collecting precomputed outputs
250329-16:46:35,28 nipype.workflow INFO:
	 [Node] "_acc_msk_bin2" found cached.
250329-16:46:36,250 nipype.workflow INFO:
	 [Node] Setting-up "_acc_msk_brain0" in "/work_dir/fmriprep_24_0_wf/sub_23_wf/bold_task_bird_run_5_wf/bold_confounds_wf/acc_msk_brain/mapflow/_acc_msk_brain0".
250329-16:46:36,251 nipype.workflow INFO:
	 [Node] Setting-up "_acc_msk_brain1" in "/work_dir/fmriprep_24_0_wf/sub_23_wf/bold_task_bird_run_5_wf/bold_confounds_wf/acc_msk_brain/mapflow/_acc_msk_brain1".
250329-16:46:36,252 nipype.workflow INFO:
	 [Node] Executing "_acc_msk_brain0" <niworkflows.interfaces.nibabel.ApplyMask>
250329-16:46:36,253 nipype.workflow INFO:
	 [Node] Executing "_acc_msk_brain1" <niworkflows.interfaces.nibabel.ApplyMask>
250329-16:46:36,271 nipype.workflow INFO:
	 [Node] Setting-up "_acc_msk_brain2" in "/work_dir/fmriprep_24_0_wf/sub_23_wf/bold_task_bird_run_5_wf/bold_confounds_wf/acc_msk_brain/mapflow/_acc_msk_brain2".
250329-16:46:36,273 nipype.workflow INFO:
	 [Node] Executing "_acc_msk_brain2" <niworkflows.interfaces.nibabel.ApplyMask>
250329-16:46:36,284 nipype.workflow INFO:
	 [Node] Setting-up "_acc_msk_brain0" in "/work_dir/fmriprep_24_0_wf/sub_23_wf/bold_task_bird_run_6_wf/bold_confounds_wf/acc_msk_brain/mapflow/_acc_msk_brain0".
250329-16:46:36,286 nipype.workflow INFO:
	 [Node] Executing "_acc_msk_brain0" <niworkflows.interfaces.nibabel.ApplyMask>
250329-16:46:36,301 nipype.workflow INFO:
	 [Node] Setting-up "_acc_msk_brain1" in "/work_dir/fmriprep_24_0_wf/sub_23_wf/bold_task_bird_run_6_wf/bold_confounds_wf/acc_msk_brain/mapflow/_acc_msk_brain1".
250329-16:46:36,302 nipype.workflow INFO:
	 [Node] Setting-up "_acc_msk_brain2" in "/work_dir/fmriprep_24_0_wf/sub_23_wf/bold_task_bird_run_6_wf/bold_confounds_wf/acc_msk_brain/mapflow/_acc_msk_brain2".
250329-16:46:36,303 nipype.workflow INFO:
	 [Node] Executing "_acc_msk_brain1" <niworkflows.interfaces.nibabel.ApplyMask>
250329-16:46:36,304 nipype.workflow INFO:
	 [Node] Executing "_acc_msk_brain2" <niworkflows.interfaces.nibabel.ApplyMask>
250329-16:46:36,306 nipype.workflow INFO:
	 [Node] Setting-up "_acc_msk_bin0" in "/work_dir/fmriprep_24_0_wf/sub_23_wf/bold_task_bird_run_4_wf/bold_confounds_wf/acc_msk_bin/mapflow/_acc_msk_bin0".
250329-16:46:36,308 nipype.workflow INFO:
	 [Node] Executing "_acc_msk_bin0" <niworkflows.interfaces.nibabel.Binarize>
250329-16:46:36,310 nipype.workflow INFO:
	 [Node] Setting-up "_acc_msk_bin2" in "/work_dir/fmriprep_24_0_wf/sub_23_wf/bold_task_bird_run_4_wf/bold_confounds_wf/acc_msk_bin/mapflow/_acc_msk_bin2".
250329-16:46:36,312 nipype.workflow INFO:
	 [Node] Executing "_acc_msk_bin2" <niworkflows.interfaces.nibabel.Binarize>
250329-16:46:36,316 nipype.workflow INFO:
	 [Node] Setting-up "_acc_msk_bin1" in "/work_dir/fmriprep_24_0_wf/sub_23_wf/bold_task_bird_run_4_wf/bold_confounds_wf/acc_msk_bin/mapflow/_acc_msk_bin1".
250329-16:46:36,318 nipype.workflow INFO:
	 [Node] Executing "_acc_msk_bin1" <niworkflows.interfaces.nibabel.Binarize>
250329-16:46:36,541 nipype.workflow INFO:
	 [Node] Finished "_acc_msk_brain0", elapsed time 0.288671s.
250329-16:46:36,545 nipype.workflow INFO:
	 [Node] Finished "_acc_msk_bin2", elapsed time 0.23166s.
250329-16:46:36,545 nipype.workflow INFO:
	 [Node] Finished "_acc_msk_brain1", elapsed time 0.291668s.
250329-16:46:36,561 nipype.workflow INFO:
	 [Node] Finished "_acc_msk_brain2", elapsed time 0.286708s.
250329-16:46:36,577 nipype.workflow INFO:
	 [Node] Finished "_acc_msk_bin1", elapsed time 0.258108s.
250329-16:46:36,662 nipype.workflow INFO:
	 [Node] Finished "_acc_msk_brain1", elapsed time 0.357429s.
250329-16:46:36,681 nipype.workflow INFO:
	 [Node] Finished "_acc_msk_bin0", elapsed time 0.37175s.
250329-16:46:36,714 nipype.workflow INFO:
	 [Node] Finished "_acc_msk_brain2", elapsed time 0.409373s.
250329-16:46:36,939 nipype.workflow INFO:
	 [Node] Finished "_acc_msk_brain0", elapsed time 0.652022s.
250329-16:46:37,286 nipype.workflow INFO:
	 [Node] Setting-up "_acc_msk_brain0" in "/work_dir/fmriprep_24_0_wf/sub_23_wf/bold_task_bird_run_5_wf/bold_confounds_wf/acc_msk_brain/mapflow/_acc_msk_brain0".
250329-16:46:37,288 nipype.workflow INFO:
	 [Node] Cached "_acc_msk_brain0" - collecting precomputed outputs
250329-16:46:37,288 nipype.workflow INFO:
	 [Node] "_acc_msk_brain0" found cached.
250329-16:46:37,288 nipype.workflow INFO:
	 [Node] Setting-up "_acc_msk_brain1" in "/work_dir/fmriprep_24_0_wf/sub_23_wf/bold_task_bird_run_5_wf/bold_confounds_wf/acc_msk_brain/mapflow/_acc_msk_brain1".
250329-16:46:37,289 nipype.workflow INFO:
	 [Node] Cached "_acc_msk_brain1" - collecting precomputed outputs
250329-16:46:37,289 nipype.workflow INFO:
	 [Node] "_acc_msk_brain1" found cached.
250329-16:46:37,290 nipype.workflow INFO:
	 [Node] Setting-up "_acc_msk_brain2" in "/work_dir/fmriprep_24_0_wf/sub_23_wf/bold_task_bird_run_5_wf/bold_confounds_wf/acc_msk_brain/mapflow/_acc_msk_brain2".
250329-16:46:37,291 nipype.workflow INFO:
	 [Node] Cached "_acc_msk_brain2" - collecting precomputed outputs
250329-16:46:37,291 nipype.workflow INFO:
	 [Node] "_acc_msk_brain2" found cached.
250329-16:46:37,299 nipype.workflow INFO:
	 [Node] Setting-up "fmriprep_24_0_wf.sub_23_wf.bold_task_bird_run_3_wf.bold_confounds_wf.acompcor" in "/work_dir/fmriprep_24_0_wf/sub_23_wf/bold_task_bird_run_3_wf/bold_confounds_wf/acompcor".
250329-16:46:37,304 nipype.workflow INFO:
	 [Node] Executing "acompcor" <niworkflows.interfaces.patches.RobustACompCor>
250329-16:46:38,586 nipype.workflow INFO:
	 [Node] Setting-up "fmriprep_24_0_wf.sub_23_wf.bold_task_bird_run_1_wf.bold_confounds_wf.signals" in "/work_dir/fmriprep_24_0_wf/sub_23_wf/bold_task_bird_run_1_wf/bold_confounds_wf/signals".
250329-16:46:38,589 nipype.workflow INFO:
	 [Node] Setting-up "_acc_msk_bin1" in "/work_dir/fmriprep_24_0_wf/sub_23_wf/bold_task_bird_run_2_wf/bold_confounds_wf/acc_msk_bin/mapflow/_acc_msk_bin1".
250329-16:46:38,589 nipype.workflow INFO:
	 [Node] Setting-up "_acc_msk_bin0" in "/work_dir/fmriprep_24_0_wf/sub_23_wf/bold_task_bird_run_2_wf/bold_confounds_wf/acc_msk_bin/mapflow/_acc_msk_bin0".
250329-16:46:38,590 nipype.workflow INFO:
	 [Node] Executing "_acc_msk_bin1" <niworkflows.interfaces.nibabel.Binarize>
250329-16:46:38,590 nipype.workflow INFO:
	 [Node] Executing "_acc_msk_bin0" <niworkflows.interfaces.nibabel.Binarize>
250329-16:46:38,591 nipype.workflow INFO:
	 [Node] Executing "signals" <niworkflows.interfaces.images.SignalExtraction>
250329-16:46:38,592 nipype.workflow INFO:
	 [Node] Setting-up "fmriprep_24_0_wf.sub_23_wf.bold_task_bird_run_1_wf.bold_confounds_wf.rois_plot" in "/work_dir/fmriprep_24_0_wf/sub_23_wf/bold_task_bird_run_1_wf/bold_confounds_wf/rois_plot".
250329-16:46:38,594 nipype.workflow INFO:
	 [Node] Setting-up "_acc_msk_bin2" in "/work_dir/fmriprep_24_0_wf/sub_23_wf/bold_task_bird_run_2_wf/bold_confounds_wf/acc_msk_bin/mapflow/_acc_msk_bin2".
250329-16:46:38,596 nipype.workflow INFO:
	 [Node] Executing "_acc_msk_bin2" <niworkflows.interfaces.nibabel.Binarize>
250329-16:46:38,658 nipype.workflow INFO:
	 [Node] Executing "rois_plot" <niworkflows.interfaces.reportlets.masks.ROIsPlot>
250329-16:46:38,824 nipype.workflow INFO:
	 [Node] Finished "_acc_msk_bin0", elapsed time 0.232941s.
250329-16:46:38,908 nipype.workflow INFO:
	 [Node] Finished "_acc_msk_bin1", elapsed time 0.317017s.
250329-16:46:38,927 nipype.workflow INFO:
	 [Node] Finished "_acc_msk_bin2", elapsed time 0.33023s.
250329-16:46:39,321 nipype.workflow INFO:
	 [Node] Setting-up "_acc_msk_brain0" in "/work_dir/fmriprep_24_0_wf/sub_23_wf/bold_task_bird_run_6_wf/bold_confounds_wf/acc_msk_brain/mapflow/_acc_msk_brain0".
250329-16:46:39,324 nipype.workflow INFO:
	 [Node] Cached "_acc_msk_brain0" - collecting precomputed outputs
250329-16:46:39,324 nipype.workflow INFO:
	 [Node] "_acc_msk_brain0" found cached.
250329-16:46:39,326 nipype.workflow INFO:
	 [Node] Setting-up "_acc_msk_brain1" in "/work_dir/fmriprep_24_0_wf/sub_23_wf/bold_task_bird_run_6_wf/bold_confounds_wf/acc_msk_brain/mapflow/_acc_msk_brain1".
250329-16:46:39,327 nipype.workflow INFO:
	 [Node] Cached "_acc_msk_brain1" - collecting precomputed outputs
250329-16:46:39,327 nipype.workflow INFO:
	 [Node] "_acc_msk_brain1" found cached.
250329-16:46:39,327 nipype.workflow INFO:
	 [Node] Setting-up "_acc_msk_bin0" in "/work_dir/fmriprep_24_0_wf/sub_23_wf/bold_task_bird_run_4_wf/bold_confounds_wf/acc_msk_bin/mapflow/_acc_msk_bin0".
250329-16:46:39,327 nipype.workflow INFO:
	 [Node] Setting-up "_acc_msk_brain2" in "/work_dir/fmriprep_24_0_wf/sub_23_wf/bold_task_bird_run_6_wf/bold_confounds_wf/acc_msk_brain/mapflow/_acc_msk_brain2".
250329-16:46:39,328 nipype.workflow INFO:
	 [Node] Cached "_acc_msk_bin0" - collecting precomputed outputs
250329-16:46:39,328 nipype.workflow INFO:
	 [Node] Cached "_acc_msk_brain2" - collecting precomputed outputs
250329-16:46:39,328 nipype.workflow INFO:
	 [Node] "_acc_msk_bin0" found cached.
250329-16:46:39,328 nipype.workflow INFO:
	 [Node] "_acc_msk_brain2" found cached.
250329-16:46:39,329 nipype.workflow INFO:
	 [Node] Setting-up "_acc_msk_bin1" in "/work_dir/fmriprep_24_0_wf/sub_23_wf/bold_task_bird_run_4_wf/bold_confounds_wf/acc_msk_bin/mapflow/_acc_msk_bin1".
250329-16:46:39,330 nipype.workflow INFO:
	 [Node] Cached "_acc_msk_bin1" - collecting precomputed outputs
250329-16:46:39,330 nipype.workflow INFO:
	 [Node] "_acc_msk_bin1" found cached.
250329-16:46:39,331 nipype.workflow INFO:
	 [Node] Setting-up "_acc_msk_bin2" in "/work_dir/fmriprep_24_0_wf/sub_23_wf/bold_task_bird_run_4_wf/bold_confounds_wf/acc_msk_bin/mapflow/_acc_msk_bin2".
250329-16:46:39,332 nipype.workflow INFO:
	 [Node] Cached "_acc_msk_bin2" - collecting precomputed outputs
250329-16:46:39,332 nipype.workflow INFO:
	 [Node] "_acc_msk_bin2" found cached.
250329-16:46:39,341 nipype.workflow INFO:
	 [Node] Setting-up "fmriprep_24_0_wf.sub_23_wf.bold_task_bird_run_3_wf.bold_confounds_wf.signals" in "/work_dir/fmriprep_24_0_wf/sub_23_wf/bold_task_bird_run_3_wf/bold_confounds_wf/signals".
250329-16:46:39,346 nipype.workflow INFO:
	 [Node] Executing "signals" <niworkflows.interfaces.images.SignalExtraction>
250329-16:46:39,357 nipype.workflow INFO:
	 [Node] Setting-up "fmriprep_24_0_wf.sub_23_wf.bold_task_bird_run_3_wf.bold_confounds_wf.rois_plot" in "/work_dir/fmriprep_24_0_wf/sub_23_wf/bold_task_bird_run_3_wf/bold_confounds_wf/rois_plot".
250329-16:46:39,380 nipype.workflow INFO:
	 [Node] Executing "rois_plot" <niworkflows.interfaces.reportlets.masks.ROIsPlot>
250329-16:46:41,679 nipype.workflow INFO:
	 [Node] Setting-up "_acc_msk_bin0" in "/work_dir/fmriprep_24_0_wf/sub_23_wf/bold_task_bird_run_2_wf/bold_confounds_wf/acc_msk_bin/mapflow/_acc_msk_bin0".
250329-16:46:41,680 nipype.workflow INFO:
	 [Node] Cached "_acc_msk_bin0" - collecting precomputed outputs
250329-16:46:41,680 nipype.workflow INFO:
	 [Node] "_acc_msk_bin0" found cached.
250329-16:46:41,681 nipype.workflow INFO:
	 [Node] Setting-up "_acc_msk_bin1" in "/work_dir/fmriprep_24_0_wf/sub_23_wf/bold_task_bird_run_2_wf/bold_confounds_wf/acc_msk_bin/mapflow/_acc_msk_bin1".
250329-16:46:41,682 nipype.workflow INFO:
	 [Node] Cached "_acc_msk_bin1" - collecting precomputed outputs
250329-16:46:41,682 nipype.workflow INFO:
	 [Node] "_acc_msk_bin1" found cached.
250329-16:46:41,683 nipype.workflow INFO:
	 [Node] Setting-up "_acc_msk_bin2" in "/work_dir/fmriprep_24_0_wf/sub_23_wf/bold_task_bird_run_2_wf/bold_confounds_wf/acc_msk_bin/mapflow/_acc_msk_bin2".
250329-16:46:41,683 nipype.workflow INFO:
	 [Node] Cached "_acc_msk_bin2" - collecting precomputed outputs
250329-16:46:41,683 nipype.workflow INFO:
	 [Node] "_acc_msk_bin2" found cached.
250329-16:46:41,701 nipype.workflow INFO:
	 [Node] Setting-up "fmriprep_24_0_wf.sub_23_wf.bold_task_bird_run_4_wf.bold_confounds_wf.acompcor" in "/work_dir/fmriprep_24_0_wf/sub_23_wf/bold_task_bird_run_4_wf/bold_confounds_wf/acompcor".
250329-16:46:41,705 nipype.workflow INFO:
	 [Node] Executing "acompcor" <niworkflows.interfaces.patches.RobustACompCor>
250329-16:46:43,198 nipype.workflow INFO:
	 [Node] Setting-up "_acc_msk_bin0" in "/work_dir/fmriprep_24_0_wf/sub_23_wf/bold_task_bird_run_5_wf/bold_confounds_wf/acc_msk_bin/mapflow/_acc_msk_bin0".
250329-16:46:43,204 nipype.workflow INFO:
	 [Node] Setting-up "_acc_msk_bin1" in "/work_dir/fmriprep_24_0_wf/sub_23_wf/bold_task_bird_run_5_wf/bold_confounds_wf/acc_msk_bin/mapflow/_acc_msk_bin1".
250329-16:46:43,206 nipype.workflow INFO:
	 [Node] Executing "_acc_msk_bin1" <niworkflows.interfaces.nibabel.Binarize>
250329-16:46:43,211 nipype.workflow INFO:
	 [Node] Executing "_acc_msk_bin0" <niworkflows.interfaces.nibabel.Binarize>
250329-16:46:43,215 nipype.workflow INFO:
	 [Node] Setting-up "_acc_msk_bin2" in "/work_dir/fmriprep_24_0_wf/sub_23_wf/bold_task_bird_run_5_wf/bold_confounds_wf/acc_msk_bin/mapflow/_acc_msk_bin2".
250329-16:46:43,217 nipype.workflow INFO:
	 [Node] Executing "_acc_msk_bin2" <niworkflows.interfaces.nibabel.Binarize>
250329-16:46:43,442 nipype.workflow INFO:
	 [Node] Finished "_acc_msk_bin1", elapsed time 0.23498s.
250329-16:46:43,593 nipype.workflow INFO:
	 [Node] Finished "_acc_msk_bin2", elapsed time 0.375004s.
250329-16:46:43,731 nipype.workflow INFO:
	 [Node] Finished "_acc_msk_bin0", elapsed time 0.464154s.
250329-16:46:44,354 nipype.workflow INFO:
	 [Node] Setting-up "fmriprep_24_0_wf.sub_23_wf.bold_task_bird_run_2_wf.bold_confounds_wf.acompcor" in "/work_dir/fmriprep_24_0_wf/sub_23_wf/bold_task_bird_run_2_wf/bold_confounds_wf/acompcor".
250329-16:46:44,359 nipype.workflow INFO:
	 [Node] Executing "acompcor" <niworkflows.interfaces.patches.RobustACompCor>
250329-16:46:46,55 nipype.workflow INFO:
	 [Node] Setting-up "fmriprep_24_0_wf.sub_23_wf.bold_task_bird_run_4_wf.bold_confounds_wf.signals" in "/work_dir/fmriprep_24_0_wf/sub_23_wf/bold_task_bird_run_4_wf/bold_confounds_wf/signals".
250329-16:46:46,59 nipype.workflow INFO:
	 [Node] Executing "signals" <niworkflows.interfaces.images.SignalExtraction>
250329-16:46:46,74 nipype.workflow INFO:
	 [Node] Setting-up "fmriprep_24_0_wf.sub_23_wf.bold_task_bird_run_4_wf.bold_confounds_wf.rois_plot" in "/work_dir/fmriprep_24_0_wf/sub_23_wf/bold_task_bird_run_4_wf/bold_confounds_wf/rois_plot".
250329-16:46:46,85 nipype.workflow INFO:
	 [Node] Setting-up "_acc_msk_bin0" in "/work_dir/fmriprep_24_0_wf/sub_23_wf/bold_task_bird_run_6_wf/bold_confounds_wf/acc_msk_bin/mapflow/_acc_msk_bin0".
250329-16:46:46,87 nipype.workflow INFO:
	 [Node] Executing "_acc_msk_bin0" <niworkflows.interfaces.nibabel.Binarize>
250329-16:46:46,91 nipype.workflow INFO:
	 [Node] Setting-up "_acc_msk_bin1" in "/work_dir/fmriprep_24_0_wf/sub_23_wf/bold_task_bird_run_6_wf/bold_confounds_wf/acc_msk_bin/mapflow/_acc_msk_bin1".
250329-16:46:46,93 nipype.workflow INFO:
	 [Node] Executing "_acc_msk_bin1" <niworkflows.interfaces.nibabel.Binarize>
250329-16:46:46,185 nipype.workflow INFO:
	 [Node] Executing "rois_plot" <niworkflows.interfaces.reportlets.masks.ROIsPlot>
250329-16:46:46,399 nipype.workflow INFO:
	 [Node] Finished "_acc_msk_bin1", elapsed time 0.305278s.
250329-16:46:46,448 nipype.workflow INFO:
	 [Node] Finished "_acc_msk_bin0", elapsed time 0.347657s.
250329-16:46:46,827 nipype.workflow INFO:
	 [Node] Setting-up "_acc_msk_bin0" in "/work_dir/fmriprep_24_0_wf/sub_23_wf/bold_task_bird_run_5_wf/bold_confounds_wf/acc_msk_bin/mapflow/_acc_msk_bin0".
250329-16:46:46,828 nipype.workflow INFO:
	 [Node] Cached "_acc_msk_bin0" - collecting precomputed outputs
250329-16:46:46,828 nipype.workflow INFO:
	 [Node] "_acc_msk_bin0" found cached.
250329-16:46:46,829 nipype.workflow INFO:
	 [Node] Setting-up "_acc_msk_bin1" in "/work_dir/fmriprep_24_0_wf/sub_23_wf/bold_task_bird_run_5_wf/bold_confounds_wf/acc_msk_bin/mapflow/_acc_msk_bin1".
250329-16:46:46,830 nipype.workflow INFO:
	 [Node] Cached "_acc_msk_bin1" - collecting precomputed outputs
250329-16:46:46,830 nipype.workflow INFO:
	 [Node] "_acc_msk_bin1" found cached.
250329-16:46:46,831 nipype.workflow INFO:
	 [Node] Setting-up "_acc_msk_bin2" in "/work_dir/fmriprep_24_0_wf/sub_23_wf/bold_task_bird_run_5_wf/bold_confounds_wf/acc_msk_bin/mapflow/_acc_msk_bin2".
250329-16:46:46,832 nipype.workflow INFO:
	 [Node] Cached "_acc_msk_bin2" - collecting precomputed outputs
250329-16:46:46,832 nipype.workflow INFO:
	 [Node] "_acc_msk_bin2" found cached.
250329-16:46:46,836 nipype.workflow INFO:
	 [Node] Setting-up "fmriprep_24_0_wf.sub_23_wf.bold_task_bird_run_2_wf.bold_confounds_wf.signals" in "/work_dir/fmriprep_24_0_wf/sub_23_wf/bold_task_bird_run_2_wf/bold_confounds_wf/signals".
250329-16:46:46,840 nipype.workflow INFO:
	 [Node] Executing "signals" <niworkflows.interfaces.images.SignalExtraction>
250329-16:46:48,950 nipype.workflow INFO:
	 [Node] Setting-up "fmriprep_24_0_wf.sub_23_wf.bold_task_bird_run_5_wf.bold_confounds_wf.acompcor" in "/work_dir/fmriprep_24_0_wf/sub_23_wf/bold_task_bird_run_5_wf/bold_confounds_wf/acompcor".
250329-16:46:48,955 nipype.workflow INFO:
	 [Node] Executing "acompcor" <niworkflows.interfaces.patches.RobustACompCor>
250329-16:46:49,26 nipype.workflow INFO:
	 [Node] Setting-up "fmriprep_24_0_wf.sub_23_wf.bold_task_bird_run_2_wf.bold_confounds_wf.rois_plot" in "/work_dir/fmriprep_24_0_wf/sub_23_wf/bold_task_bird_run_2_wf/bold_confounds_wf/rois_plot".
250329-16:46:49,49 nipype.workflow INFO:
	 [Node] Executing "rois_plot" <niworkflows.interfaces.reportlets.masks.ROIsPlot>
250329-16:46:49,521 nipype.workflow INFO:
	 [Node] Finished "acompcor", elapsed time 14.494993000000001s.
250329-16:46:50,874 nipype.workflow INFO:
	 [Node] Setting-up "_acc_msk_bin2" in "/work_dir/fmriprep_24_0_wf/sub_23_wf/bold_task_bird_run_6_wf/bold_confounds_wf/acc_msk_bin/mapflow/_acc_msk_bin2".
250329-16:46:50,875 nipype.workflow INFO:
	 [Node] Executing "_acc_msk_bin2" <niworkflows.interfaces.nibabel.Binarize>
250329-16:46:51,146 nipype.workflow INFO:
	 [Node] Finished "_acc_msk_bin2", elapsed time 0.270158s.
250329-16:46:51,864 nipype.workflow INFO:
	 [Node] Setting-up "fmriprep_24_0_wf.sub_23_wf.bold_task_bird_run_5_wf.bold_confounds_wf.signals" in "/work_dir/fmriprep_24_0_wf/sub_23_wf/bold_task_bird_run_5_wf/bold_confounds_wf/signals".
250329-16:46:51,868 nipype.workflow INFO:
	 [Node] Executing "signals" <niworkflows.interfaces.images.SignalExtraction>
250329-16:46:52,453 nipype.workflow INFO:
	 [Node] Finished "acompcor", elapsed time 15.148532s.
250329-16:46:53,313 nipype.workflow INFO:
	 [Node] Setting-up "fmriprep_24_0_wf.sub_23_wf.bold_task_bird_run_1_wf.bold_confounds_wf.rename_acompcor" in "/work_dir/fmriprep_24_0_wf/sub_23_wf/bold_task_bird_run_1_wf/bold_confounds_wf/rename_acompcor".
250329-16:46:53,316 nipype.workflow INFO:
	 [Node] Executing "rename_acompcor" <fmriprep.interfaces.confounds.RenameACompCor>
250329-16:46:53,730 nipype.workflow INFO:
	 [Node] Setting-up "_acc_msk_bin0" in "/work_dir/fmriprep_24_0_wf/sub_23_wf/bold_task_bird_run_6_wf/bold_confounds_wf/acc_msk_bin/mapflow/_acc_msk_bin0".
250329-16:46:53,731 nipype.workflow INFO:
	 [Node] Cached "_acc_msk_bin0" - collecting precomputed outputs
250329-16:46:53,731 nipype.workflow INFO:
	 [Node] "_acc_msk_bin0" found cached.
250329-16:46:53,732 nipype.workflow INFO:
	 [Node] Setting-up "_acc_msk_bin1" in "/work_dir/fmriprep_24_0_wf/sub_23_wf/bold_task_bird_run_6_wf/bold_confounds_wf/acc_msk_bin/mapflow/_acc_msk_bin1".
250329-16:46:53,733 nipype.workflow INFO:
	 [Node] Cached "_acc_msk_bin1" - collecting precomputed outputs
250329-16:46:53,733 nipype.workflow INFO:
	 [Node] "_acc_msk_bin1" found cached.
250329-16:46:53,733 nipype.workflow INFO:
	 [Node] Setting-up "_acc_msk_bin2" in "/work_dir/fmriprep_24_0_wf/sub_23_wf/bold_task_bird_run_6_wf/bold_confounds_wf/acc_msk_bin/mapflow/_acc_msk_bin2".
250329-16:46:53,734 nipype.workflow INFO:
	 [Node] Cached "_acc_msk_bin2" - collecting precomputed outputs
250329-16:46:53,734 nipype.workflow INFO:
	 [Node] "_acc_msk_bin2" found cached.
250329-16:46:53,775 nipype.workflow INFO:
	 [Node] Finished "rename_acompcor", elapsed time 0.440241s.
250329-16:46:55,529 nipype.workflow INFO:
	 [Node] Setting-up "fmriprep_24_0_wf.sub_23_wf.bold_task_bird_run_3_wf.bold_confounds_wf.rename_acompcor" in "/work_dir/fmriprep_24_0_wf/sub_23_wf/bold_task_bird_run_3_wf/bold_confounds_wf/rename_acompcor".
250329-16:46:55,533 nipype.workflow INFO:
	 [Node] Setting-up "fmriprep_24_0_wf.sub_23_wf.bold_task_bird_run_6_wf.bold_confounds_wf.acompcor" in "/work_dir/fmriprep_24_0_wf/sub_23_wf/bold_task_bird_run_6_wf/bold_confounds_wf/acompcor".
250329-16:46:55,538 nipype.workflow INFO:
	 [Node] Executing "acompcor" <niworkflows.interfaces.patches.RobustACompCor>
250329-16:46:55,552 nipype.workflow INFO:
	 [Node] Executing "rename_acompcor" <fmriprep.interfaces.confounds.RenameACompCor>
250329-16:46:55,791 nipype.workflow INFO:
	 [Node] Finished "rename_acompcor", elapsed time 0.237392s.
250329-16:46:58,984 nipype.workflow INFO:
	 [Node] Finished "signals", elapsed time 19.637588s.
250329-16:46:59,542 nipype.workflow INFO:
	 [Node] Setting-up "fmriprep_24_0_wf.sub_23_wf.bold_task_bird_run_5_wf.bold_confounds_wf.rois_plot" in "/work_dir/fmriprep_24_0_wf/sub_23_wf/bold_task_bird_run_5_wf/bold_confounds_wf/rois_plot".
250329-16:46:59,547 nipype.workflow INFO:
	 [Node] Executing "rois_plot" <niworkflows.interfaces.reportlets.masks.ROIsPlot>
250329-16:46:59,879 nipype.workflow INFO:
	 [Node] Finished "signals", elapsed time 21.286872s.
250329-16:47:00,131 nipype.workflow INFO:
	 [Node] Setting-up "fmriprep_24_0_wf.sub_23_wf.bold_task_bird_run_6_wf.bold_confounds_wf.signals" in "/work_dir/fmriprep_24_0_wf/sub_23_wf/bold_task_bird_run_6_wf/bold_confounds_wf/signals".
250329-16:47:00,139 nipype.workflow INFO:
	 [Node] Executing "signals" <niworkflows.interfaces.images.SignalExtraction>
250329-16:47:00,139 nipype.workflow INFO:
	 [Node] Setting-up "fmriprep_24_0_wf.sub_23_wf.bold_task_bird_run_6_wf.bold_confounds_wf.rois_plot" in "/work_dir/fmriprep_24_0_wf/sub_23_wf/bold_task_bird_run_6_wf/bold_confounds_wf/rois_plot".
250329-16:47:00,144 nipype.workflow INFO:
	 [Node] Executing "rois_plot" <niworkflows.interfaces.reportlets.masks.ROIsPlot>
250329-16:47:00,499 nipype.workflow INFO:
	 [Node] Finished "acompcor", elapsed time 18.792504s.
250329-16:47:01,375 nipype.workflow INFO:
	 [Node] Finished "acompcor", elapsed time 17.015239s.
250329-16:47:02,186 nipype.workflow INFO:
	 [Node] Setting-up "fmriprep_24_0_wf.sub_23_wf.bold_task_bird_run_4_wf.bold_confounds_wf.rename_acompcor" in "/work_dir/fmriprep_24_0_wf/sub_23_wf/bold_task_bird_run_4_wf/bold_confounds_wf/rename_acompcor".
250329-16:47:02,190 nipype.workflow INFO:
	 [Node] Executing "rename_acompcor" <fmriprep.interfaces.confounds.RenameACompCor>
250329-16:47:02,655 nipype.workflow INFO:
	 [Node] Finished "rename_acompcor", elapsed time 0.443198s.
250329-16:47:03,496 nipype.workflow INFO:
	 [Node] Setting-up "fmriprep_24_0_wf.sub_23_wf.bold_task_bird_run_2_wf.bold_confounds_wf.rename_acompcor" in "/work_dir/fmriprep_24_0_wf/sub_23_wf/bold_task_bird_run_2_wf/bold_confounds_wf/rename_acompcor".
250329-16:47:03,499 nipype.workflow INFO:
	 [Node] Executing "rename_acompcor" <fmriprep.interfaces.confounds.RenameACompCor>
250329-16:47:03,840 nipype.workflow INFO:
	 [Node] Finished "rename_acompcor", elapsed time 0.340159s.
250329-16:47:04,28 nipype.workflow INFO:
	 [Node] Setting-up "fmriprep_24_0_wf.sub_23_wf.bold_task_bird_run_1_wf.bold_confounds_wf.acc_metadata_filter" in "/work_dir/fmriprep_24_0_wf/sub_23_wf/bold_task_bird_run_1_wf/bold_confounds_wf/acc_metadata_filter".
250329-16:47:04,31 nipype.workflow INFO:
	 [Node] Executing "acc_metadata_filter" <fmriprep.interfaces.confounds.FilterDropped>
250329-16:47:04,40 nipype.workflow INFO:
	 [Node] Finished "acc_metadata_filter", elapsed time 0.009144s.
250329-16:47:04,410 nipype.workflow INFO:
	 [Node] Finished "epi_t1_report", elapsed time 66.465238s.
250329-16:47:04,912 nipype.workflow INFO:
	 [Node] Finished "seg_rpt", elapsed time 71.286431s.
250329-16:47:05,159 nipype.workflow INFO:
	 [Node] Finished "signals", elapsed time 19.099548s.
250329-16:47:05,354 nipype.workflow INFO:
	 [Node] Setting-up "fmriprep_24_0_wf.sub_23_wf.bold_task_bird_run_3_wf.bold_confounds_wf.acc_metadata_filter" in "/work_dir/fmriprep_24_0_wf/sub_23_wf/bold_task_bird_run_3_wf/bold_confounds_wf/acc_metadata_filter".
250329-16:47:05,356 nipype.workflow INFO:
	 [Node] Executing "acc_metadata_filter" <fmriprep.interfaces.confounds.FilterDropped>
250329-16:47:05,365 nipype.workflow INFO:
	 [Node] Finished "acc_metadata_filter", elapsed time 0.007658s.
250329-16:47:07,222 nipype.workflow INFO:
	 [Node] Setting-up "fmriprep_24_0_wf.sub_23_wf.bold_task_bird_run_5_wf.bold_fit_wf.func_fit_reports_wf.ds_epi_t1_report" in "/work_dir/fmriprep_24_0_wf/sub_23_wf/bold_task_bird_run_5_wf/bold_fit_wf/func_fit_reports_wf/ds_epi_t1_report".
250329-16:47:07,237 nipype.workflow INFO:
	 [Node] Setting-up "fmriprep_24_0_wf.sub_23_wf.bold_task_bird_run_2_wf.bold_confounds_wf.acc_metadata_filter" in "/work_dir/fmriprep_24_0_wf/sub_23_wf/bold_task_bird_run_2_wf/bold_confounds_wf/acc_metadata_filter".
250329-16:47:07,239 nipype.workflow INFO:
	 [Node] Executing "acc_metadata_filter" <fmriprep.interfaces.confounds.FilterDropped>
250329-16:47:07,245 nipype.workflow INFO:
	 [Node] Finished "acc_metadata_filter", elapsed time 0.005127s.
250329-16:47:07,492 nipype.workflow INFO:
	 [Node] Finished "signals", elapsed time 20.651133s.
250329-16:47:08,235 nipype.workflow INFO:
	 [Node] Setting-up "fmriprep_24_0_wf.sub_23_wf.bold_task_bird_run_4_wf.bold_confounds_wf.acc_metadata_filter" in "/work_dir/fmriprep_24_0_wf/sub_23_wf/bold_task_bird_run_4_wf/bold_confounds_wf/acc_metadata_filter".
250329-16:47:08,237 nipype.workflow INFO:
	 [Node] Executing "acc_metadata_filter" <fmriprep.interfaces.confounds.FilterDropped>
250329-16:47:08,263 nipype.workflow INFO:
	 [Node] Finished "acc_metadata_filter", elapsed time 0.024866s.
250329-16:47:08,662 nipype.workflow INFO:
	 [Node] Finished "epi_t1_report", elapsed time 65.272553s.
250329-16:47:08,906 nipype.workflow INFO:
	 [Node] Executing "ds_epi_t1_report" <fmriprep.interfaces.DerivativesDataSink>
250329-16:47:08,961 nipype.workflow INFO:
	 [Node] Finished "ds_epi_t1_report", elapsed time 0.053113s.
250329-16:47:08,987 nipype.workflow INFO:
	 [Node] Setting-up "fmriprep_24_0_wf.sub_23_wf.bold_task_bird_run_1_wf.bold_confounds_wf.compcor_plot" in "/work_dir/fmriprep_24_0_wf/sub_23_wf/bold_task_bird_run_1_wf/bold_confounds_wf/compcor_plot".
250329-16:47:08,988 nipype.workflow INFO:
	 [Node] Setting-up "fmriprep_24_0_wf.sub_23_wf.bold_task_bird_run_3_wf.bold_confounds_wf.compcor_plot" in "/work_dir/fmriprep_24_0_wf/sub_23_wf/bold_task_bird_run_3_wf/bold_confounds_wf/compcor_plot".
250329-16:47:08,991 nipype.workflow INFO:
	 [Node] Executing "compcor_plot" <nireports.interfaces.nuisance.CompCorVariancePlot>
250329-16:47:08,995 nipype.workflow INFO:
	 [Node] Executing "compcor_plot" <nireports.interfaces.nuisance.CompCorVariancePlot>
250329-16:47:09,524 nipype.workflow INFO:
	 [Node] Setting-up "fmriprep_24_0_wf.sub_23_wf.bold_task_bird_run_6_wf.bold_fit_wf.func_fit_reports_wf.ds_epi_t1_report" in "/work_dir/fmriprep_24_0_wf/sub_23_wf/bold_task_bird_run_6_wf/bold_fit_wf/func_fit_reports_wf/ds_epi_t1_report".
250329-16:47:09,529 nipype.workflow INFO:
	 [Node] Executing "ds_epi_t1_report" <fmriprep.interfaces.DerivativesDataSink>
250329-16:47:09,595 nipype.workflow INFO:
	 [Node] Finished "ds_epi_t1_report", elapsed time 0.065498s.
250329-16:47:10,481 nipype.workflow INFO:
	 [Node] Finished "compcor_plot", elapsed time 1.475378s.
250329-16:47:10,577 nipype.workflow INFO:
	 [Node] Setting-up "fmriprep_24_0_wf.sub_23_wf.bold_task_bird_run_1_wf.bold_confounds_wf.acc_metadata_fmt" in "/work_dir/fmriprep_24_0_wf/sub_23_wf/bold_task_bird_run_1_wf/bold_confounds_wf/acc_metadata_fmt".
250329-16:47:10,579 nipype.workflow INFO:
	 [Node] Executing "acc_metadata_fmt" <niworkflows.interfaces.utility.TSV2JSON>
250329-16:47:10,603 nipype.workflow INFO:
	 [Node] Setting-up "fmriprep_24_0_wf.sub_23_wf.bold_task_bird_run_1_wf.bold_confounds_wf.model_expansion" in "/work_dir/fmriprep_24_0_wf/sub_23_wf/bold_task_bird_run_1_wf/bold_confounds_wf/model_expansion".
250329-16:47:10,614 nipype.workflow INFO:
	 [Node] Finished "acc_metadata_fmt", elapsed time 0.034176s.
250329-16:47:10,626 nipype.workflow INFO:
	 [Node] Executing "model_expansion" <niworkflows.interfaces.confounds.ExpandModel>
250329-16:47:10,640 nipype.workflow INFO:
	 [Node] Finished "acompcor", elapsed time 21.68474s.
250329-16:47:10,809 nipype.workflow INFO:
	 [Node] Setting-up "fmriprep_24_0_wf.sub_23_wf.bold_task_bird_run_2_wf.bold_confounds_wf.compcor_plot" in "/work_dir/fmriprep_24_0_wf/sub_23_wf/bold_task_bird_run_2_wf/bold_confounds_wf/compcor_plot".
250329-16:47:10,819 nipype.workflow INFO:
	 [Node] Executing "compcor_plot" <nireports.interfaces.nuisance.CompCorVariancePlot>
250329-16:47:10,886 nipype.workflow INFO:
	 [Node] Finished "compcor_plot", elapsed time 1.8941590000000001s.
250329-16:47:10,960 nipype.workflow INFO:
	 [Node] Finished "model_expansion", elapsed time 0.333715s.
250329-16:47:11,20 nipype.workflow INFO:
	 [Node] Setting-up "fmriprep_24_0_wf.sub_23_wf.bold_task_bird_run_1_wf.bold_confounds_wf.conf_corr_plot" in "/work_dir/fmriprep_24_0_wf/sub_23_wf/bold_task_bird_run_1_wf/bold_confounds_wf/conf_corr_plot".
250329-16:47:11,139 nipype.workflow INFO:
	 [Node] Executing "conf_corr_plot" <nireports.interfaces.nuisance.ConfoundsCorrelationPlot>
250329-16:47:11,256 nipype.workflow INFO:
	 [Node] Setting-up "fmriprep_24_0_wf.sub_23_wf.bold_task_bird_run_5_wf.bold_confounds_wf.rename_acompcor" in "/work_dir/fmriprep_24_0_wf/sub_23_wf/bold_task_bird_run_5_wf/bold_confounds_wf/rename_acompcor".
250329-16:47:11,258 nipype.workflow INFO:
	 [Node] Executing "rename_acompcor" <fmriprep.interfaces.confounds.RenameACompCor>
250329-16:47:11,508 nipype.workflow INFO:
	 [Node] Setting-up "fmriprep_24_0_wf.sub_23_wf.bold_task_bird_run_2_wf.bold_confounds_wf.model_expansion" in "/work_dir/fmriprep_24_0_wf/sub_23_wf/bold_task_bird_run_2_wf/bold_confounds_wf/model_expansion".
250329-16:47:11,509 nipype.workflow INFO:
	 [Node] Setting-up "fmriprep_24_0_wf.sub_23_wf.bold_task_bird_run_2_wf.bold_confounds_wf.conf_corr_plot" in "/work_dir/fmriprep_24_0_wf/sub_23_wf/bold_task_bird_run_2_wf/bold_confounds_wf/conf_corr_plot".
250329-16:47:11,510 nipype.workflow INFO:
	 [Node] Executing "model_expansion" <niworkflows.interfaces.confounds.ExpandModel>
250329-16:47:11,513 nipype.workflow INFO:
	 [Node] Setting-up "fmriprep_24_0_wf.sub_23_wf.bold_task_bird_run_3_wf.bold_confounds_wf.model_expansion" in "/work_dir/fmriprep_24_0_wf/sub_23_wf/bold_task_bird_run_3_wf/bold_confounds_wf/model_expansion".
250329-16:47:11,517 nipype.workflow INFO:
	 [Node] Setting-up "fmriprep_24_0_wf.sub_23_wf.bold_task_bird_run_2_wf.bold_confounds_wf.acc_metadata_fmt" in "/work_dir/fmriprep_24_0_wf/sub_23_wf/bold_task_bird_run_2_wf/bold_confounds_wf/acc_metadata_fmt".
250329-16:47:11,520 nipype.workflow INFO:
	 [Node] Executing "model_expansion" <niworkflows.interfaces.confounds.ExpandModel>
250329-16:47:11,520 nipype.workflow INFO:
	 [Node] Executing "acc_metadata_fmt" <niworkflows.interfaces.utility.TSV2JSON>
250329-16:47:11,523 nipype.workflow INFO:
	 [Node] Setting-up "fmriprep_24_0_wf.sub_23_wf.bold_task_bird_run_3_wf.bold_confounds_wf.acc_metadata_fmt" in "/work_dir/fmriprep_24_0_wf/sub_23_wf/bold_task_bird_run_3_wf/bold_confounds_wf/acc_metadata_fmt".
250329-16:47:11,527 nipype.workflow INFO:
	 [Node] Executing "acc_metadata_fmt" <niworkflows.interfaces.utility.TSV2JSON>
250329-16:47:11,568 nipype.workflow INFO:
	 [Node] Finished "acc_metadata_fmt", elapsed time 0.040597s.
250329-16:47:11,570 nipype.workflow INFO:
	 [Node] Finished "acc_metadata_fmt", elapsed time 0.043486s.
250329-16:47:11,575 nipype.workflow INFO:
	 [Node] Executing "conf_corr_plot" <nireports.interfaces.nuisance.ConfoundsCorrelationPlot>
250329-16:47:11,582 nipype.workflow INFO:
	 [Node] Finished "rename_acompcor", elapsed time 0.300645s.
250329-16:47:12,117 nipype.workflow INFO:
	 [Node] Finished "model_expansion", elapsed time 0.596434s.
250329-16:47:12,128 nipype.workflow INFO:
	 [Node] Finished "model_expansion", elapsed time 0.61694s.
250329-16:47:12,175 nipype.workflow INFO:
	 [Node] Finished "signals", elapsed time 20.305702s.
250329-16:47:12,335 nipype.workflow INFO:
	 [Node] Setting-up "fmriprep_24_0_wf.sub_23_wf.bold_task_bird_run_4_wf.bold_confounds_wf.compcor_plot" in "/work_dir/fmriprep_24_0_wf/sub_23_wf/bold_task_bird_run_4_wf/bold_confounds_wf/compcor_plot".
250329-16:47:12,349 nipype.workflow INFO:
	 [Node] Executing "compcor_plot" <nireports.interfaces.nuisance.CompCorVariancePlot>
250329-16:47:12,924 nipype.workflow INFO:
	 [Node] Finished "compcor_plot", elapsed time 2.103783s.
250329-16:47:13,639 nipype.workflow INFO:
	 [Node] Setting-up "fmriprep_24_0_wf.sub_23_wf.bold_task_bird_run_5_wf.bold_confounds_wf.acc_metadata_filter" in "/work_dir/fmriprep_24_0_wf/sub_23_wf/bold_task_bird_run_5_wf/bold_confounds_wf/acc_metadata_filter".
250329-16:47:13,642 nipype.workflow INFO:
	 [Node] Executing "acc_metadata_filter" <fmriprep.interfaces.confounds.FilterDropped>
250329-16:47:13,649 nipype.workflow INFO:
	 [Node] Finished "acc_metadata_filter", elapsed time 0.006203s.
250329-16:47:14,149 nipype.workflow INFO:
	 [Node] Finished "compcor_plot", elapsed time 1.798889s.
250329-16:47:14,458 nipype.workflow INFO:
	 [Node] Setting-up "fmriprep_24_0_wf.sub_23_wf.bold_task_bird_run_5_wf.bold_confounds_wf.compcor_plot" in "/work_dir/fmriprep_24_0_wf/sub_23_wf/bold_task_bird_run_5_wf/bold_confounds_wf/compcor_plot".
250329-16:47:14,461 nipype.workflow INFO:
	 [Node] Executing "compcor_plot" <nireports.interfaces.nuisance.CompCorVariancePlot>
250329-16:47:14,475 nipype.workflow INFO:
	 [Node] Finished "conf_corr_plot", elapsed time 3.335181s.
250329-16:47:14,491 nipype.workflow INFO:
	 [Node] Setting-up "fmriprep_24_0_wf.sub_23_wf.bold_task_bird_run_3_wf.bold_confounds_wf.conf_corr_plot" in "/work_dir/fmriprep_24_0_wf/sub_23_wf/bold_task_bird_run_3_wf/bold_confounds_wf/conf_corr_plot".
250329-16:47:14,509 nipype.workflow INFO:
	 [Node] Setting-up "fmriprep_24_0_wf.sub_23_wf.bold_task_bird_run_4_wf.bold_confounds_wf.conf_corr_plot" in "/work_dir/fmriprep_24_0_wf/sub_23_wf/bold_task_bird_run_4_wf/bold_confounds_wf/conf_corr_plot".
250329-16:47:14,510 nipype.workflow INFO:
	 [Node] Setting-up "fmriprep_24_0_wf.sub_23_wf.bold_task_bird_run_4_wf.bold_confounds_wf.model_expansion" in "/work_dir/fmriprep_24_0_wf/sub_23_wf/bold_task_bird_run_4_wf/bold_confounds_wf/model_expansion".
250329-16:47:14,512 nipype.workflow INFO:
	 [Node] Executing "model_expansion" <niworkflows.interfaces.confounds.ExpandModel>
250329-16:47:14,517 nipype.workflow INFO:
	 [Node] Setting-up "fmriprep_24_0_wf.sub_23_wf.bold_task_bird_run_4_wf.bold_confounds_wf.acc_metadata_fmt" in "/work_dir/fmriprep_24_0_wf/sub_23_wf/bold_task_bird_run_4_wf/bold_confounds_wf/acc_metadata_fmt".
250329-16:47:14,527 nipype.workflow INFO:
	 [Node] Executing "conf_corr_plot" <nireports.interfaces.nuisance.ConfoundsCorrelationPlot>
250329-16:47:14,529 nipype.workflow INFO:
	 [Node] Executing "acc_metadata_fmt" <niworkflows.interfaces.utility.TSV2JSON>
250329-16:47:14,542 nipype.workflow INFO:
	 [Node] Executing "conf_corr_plot" <nireports.interfaces.nuisance.ConfoundsCorrelationPlot>
250329-16:47:14,583 nipype.workflow INFO:
	 [Node] Finished "acc_metadata_fmt", elapsed time 0.052611s.
250329-16:47:15,51 nipype.workflow INFO:
	 [Node] Finished "model_expansion", elapsed time 0.537664s.
250329-16:47:15,549 nipype.workflow INFO:
	 [Node] Finished "epi_t1_report", elapsed time 77.482477s.
250329-16:47:16,347 nipype.workflow INFO:
	 [Node] Finished "conf_corr_plot", elapsed time 4.771051s.
250329-16:47:16,548 nipype.workflow INFO:
	 [Node] Finished "acompcor", elapsed time 21.008788s.
250329-16:47:16,576 nipype.workflow INFO:
	 [Node] Finished "compcor_plot", elapsed time 2.113889s.
250329-16:47:16,825 nipype.workflow INFO:
	 [Node] Finished "epi_t1_report", elapsed time 75.333864s.
250329-16:47:16,901 nipype.workflow INFO:
	 [Node] Setting-up "fmriprep_24_0_wf.sub_23_wf.bold_task_bird_run_1_wf.bold_confounds_wf.spike_regressors" in "/work_dir/fmriprep_24_0_wf/sub_23_wf/bold_task_bird_run_1_wf/bold_confounds_wf/spike_regressors".
250329-16:47:16,904 nipype.workflow INFO:
	 [Node] Executing "spike_regressors" <niworkflows.interfaces.confounds.SpikeRegressors>
250329-16:47:16,919 nipype.workflow INFO:
	 [Node] Finished "epi_t1_report", elapsed time 79.877031s.
250329-16:47:17,130 nipype.workflow INFO:
	 [Node] Finished "conf_corr_plot", elapsed time 2.601763s.
250329-16:47:17,255 nipype.workflow INFO:
	 [Node] Finished "spike_regressors", elapsed time 0.350308s.
250329-16:47:17,258 nipype.workflow INFO:
	 [Node] Finished "epi_t1_report", elapsed time 76.448352s.
250329-16:47:17,346 nipype.workflow INFO:
	 [Node] Setting-up "fmriprep_24_0_wf.sub_23_wf.bold_task_bird_run_2_wf.bold_fit_wf.func_fit_reports_wf.ds_epi_t1_report" in "/work_dir/fmriprep_24_0_wf/sub_23_wf/bold_task_bird_run_2_wf/bold_fit_wf/func_fit_reports_wf/ds_epi_t1_report".
250329-16:47:17,348 nipype.workflow INFO:
	 [Node] Setting-up "fmriprep_24_0_wf.sub_23_wf.bold_task_bird_run_3_wf.bold_fit_wf.func_fit_reports_wf.ds_epi_t1_report" in "/work_dir/fmriprep_24_0_wf/sub_23_wf/bold_task_bird_run_3_wf/bold_fit_wf/func_fit_reports_wf/ds_epi_t1_report".
250329-16:47:17,348 nipype.workflow INFO:
	 [Node] Setting-up "fmriprep_24_0_wf.sub_23_wf.bold_task_bird_run_6_wf.bold_confounds_wf.rename_acompcor" in "/work_dir/fmriprep_24_0_wf/sub_23_wf/bold_task_bird_run_6_wf/bold_confounds_wf/rename_acompcor".
250329-16:47:17,351 nipype.workflow INFO:
	 [Node] Executing "rename_acompcor" <fmriprep.interfaces.confounds.RenameACompCor>
250329-16:47:17,352 nipype.workflow INFO:
	 [Node] Executing "ds_epi_t1_report" <fmriprep.interfaces.DerivativesDataSink>
250329-16:47:17,413 nipype.workflow INFO:
	 [Node] Finished "ds_epi_t1_report", elapsed time 0.059202s.
250329-16:47:17,566 nipype.workflow INFO:
	 [Node] Finished "rename_acompcor", elapsed time 0.214425s.
250329-16:47:17,727 nipype.workflow INFO:
	 [Node] Setting-up "fmriprep_24_0_wf.sub_23_wf.bold_task_bird_run_5_wf.bold_confounds_wf.acc_metadata_fmt" in "/work_dir/fmriprep_24_0_wf/sub_23_wf/bold_task_bird_run_5_wf/bold_confounds_wf/acc_metadata_fmt".
250329-16:47:17,730 nipype.workflow INFO:
	 [Node] Executing "acc_metadata_fmt" <niworkflows.interfaces.utility.TSV2JSON>
250329-16:47:17,731 nipype.workflow INFO:
	 [Node] Setting-up "fmriprep_24_0_wf.sub_23_wf.bold_task_bird_run_5_wf.bold_confounds_wf.model_expansion" in "/work_dir/fmriprep_24_0_wf/sub_23_wf/bold_task_bird_run_5_wf/bold_confounds_wf/model_expansion".
250329-16:47:17,734 nipype.workflow INFO:
	 [Node] Executing "model_expansion" <niworkflows.interfaces.confounds.ExpandModel>
250329-16:47:17,774 nipype.workflow INFO:
	 [Node] Finished "acc_metadata_fmt", elapsed time 0.042988s.
250329-16:47:17,857 nipype.workflow INFO:
	 [Node] Finished "conf_corr_plot", elapsed time 3.314436s.
250329-16:47:18,32 nipype.workflow INFO:
	 [Node] Executing "ds_epi_t1_report" <fmriprep.interfaces.DerivativesDataSink>
250329-16:47:18,76 nipype.workflow INFO:
	 [Node] Finished "ds_epi_t1_report", elapsed time 0.042937s.
250329-16:47:18,421 nipype.workflow INFO:
	 [Node] Finished "model_expansion", elapsed time 0.686147s.
250329-16:47:18,612 nipype.workflow INFO:
	 [Node] Finished "signals", elapsed time 18.472036s.
250329-16:47:19,131 nipype.workflow INFO:
	 [Node] Setting-up "fmriprep_24_0_wf.sub_23_wf.bold_task_bird_run_2_wf.bold_confounds_wf.spike_regressors" in "/work_dir/fmriprep_24_0_wf/sub_23_wf/bold_task_bird_run_2_wf/bold_confounds_wf/spike_regressors".
250329-16:47:19,134 nipype.workflow INFO:
	 [Node] Executing "spike_regressors" <niworkflows.interfaces.confounds.SpikeRegressors>
250329-16:47:19,432 nipype.workflow INFO:
	 [Node] Finished "spike_regressors", elapsed time 0.297158s.
250329-16:47:20,411 nipype.workflow INFO:
	 [Node] Setting-up "fmriprep_24_0_wf.sub_23_wf.bold_task_bird_run_3_wf.bold_confounds_wf.spike_regressors" in "/work_dir/fmriprep_24_0_wf/sub_23_wf/bold_task_bird_run_3_wf/bold_confounds_wf/spike_regressors".
250329-16:47:20,414 nipype.workflow INFO:
	 [Node] Executing "spike_regressors" <niworkflows.interfaces.confounds.SpikeRegressors>
250329-16:47:20,640 nipype.workflow INFO:
	 [Node] Finished "spike_regressors", elapsed time 0.225539s.
250329-16:47:20,856 nipype.workflow INFO:
	 [Node] Setting-up "fmriprep_24_0_wf.sub_23_wf.bold_task_bird_run_4_wf.bold_confounds_wf.spike_regressors" in "/work_dir/fmriprep_24_0_wf/sub_23_wf/bold_task_bird_run_4_wf/bold_confounds_wf/spike_regressors".
250329-16:47:20,858 nipype.workflow INFO:
	 [Node] Executing "spike_regressors" <niworkflows.interfaces.confounds.SpikeRegressors>
250329-16:47:21,81 nipype.workflow INFO:
	 [Node] Setting-up "fmriprep_24_0_wf.sub_23_wf.bold_task_bird_run_5_wf.bold_confounds_wf.conf_corr_plot" in "/work_dir/fmriprep_24_0_wf/sub_23_wf/bold_task_bird_run_5_wf/bold_confounds_wf/conf_corr_plot".
250329-16:47:21,146 nipype.workflow INFO:
	 [Node] Executing "conf_corr_plot" <nireports.interfaces.nuisance.ConfoundsCorrelationPlot>
250329-16:47:21,176 nipype.workflow INFO:
	 [Node] Finished "spike_regressors", elapsed time 0.316467s.
250329-16:47:21,898 nipype.workflow INFO:
	 [Node] Setting-up "fmriprep_24_0_wf.sub_23_wf.bold_task_bird_run_1_wf.bold_fit_wf.func_fit_reports_wf.ds_epi_t1_report" in "/work_dir/fmriprep_24_0_wf/sub_23_wf/bold_task_bird_run_1_wf/bold_fit_wf/func_fit_reports_wf/ds_epi_t1_report".
250329-16:47:21,903 nipype.workflow INFO:
	 [Node] Setting-up "fmriprep_24_0_wf.sub_23_wf.bold_task_bird_run_4_wf.bold_fit_wf.func_fit_reports_wf.ds_epi_t1_report" in "/work_dir/fmriprep_24_0_wf/sub_23_wf/bold_task_bird_run_4_wf/bold_fit_wf/func_fit_reports_wf/ds_epi_t1_report".
250329-16:47:21,905 nipype.workflow INFO:
	 [Node] Executing "ds_epi_t1_report" <fmriprep.interfaces.DerivativesDataSink>
250329-16:47:21,907 nipype.workflow INFO:
	 [Node] Executing "ds_epi_t1_report" <fmriprep.interfaces.DerivativesDataSink>
250329-16:47:21,922 nipype.workflow INFO:
	 [Node] Setting-up "fmriprep_24_0_wf.sub_23_wf.bold_task_bird_run_6_wf.bold_confounds_wf.acc_metadata_filter" in "/work_dir/fmriprep_24_0_wf/sub_23_wf/bold_task_bird_run_6_wf/bold_confounds_wf/acc_metadata_filter".
250329-16:47:21,924 nipype.workflow INFO:
	 [Node] Executing "acc_metadata_filter" <fmriprep.interfaces.confounds.FilterDropped>
250329-16:47:21,930 nipype.workflow INFO:
	 [Node] Finished "acc_metadata_filter", elapsed time 0.005214s.
250329-16:47:21,957 nipype.workflow INFO:
	 [Node] Finished "ds_epi_t1_report", elapsed time 0.050568s.
250329-16:47:21,968 nipype.workflow INFO:
	 [Node] Finished "ds_epi_t1_report", elapsed time 0.059488s.
250329-16:47:22,506 nipype.workflow INFO:
	 [Node] Setting-up "fmriprep_24_0_wf.sub_23_wf.bold_task_bird_run_6_wf.bold_confounds_wf.compcor_plot" in "/work_dir/fmriprep_24_0_wf/sub_23_wf/bold_task_bird_run_6_wf/bold_confounds_wf/compcor_plot".
250329-16:47:22,509 nipype.workflow INFO:
	 [Node] Executing "compcor_plot" <nireports.interfaces.nuisance.CompCorVariancePlot>
250329-16:47:23,236 nipype.workflow INFO:
	 [Node] Finished "conf_corr_plot", elapsed time 2.088825s.
250329-16:47:23,792 nipype.workflow INFO:
	 [Node] Setting-up "fmriprep_24_0_wf.sub_23_wf.bold_task_bird_run_5_wf.bold_confounds_wf.spike_regressors" in "/work_dir/fmriprep_24_0_wf/sub_23_wf/bold_task_bird_run_5_wf/bold_confounds_wf/spike_regressors".
250329-16:47:23,796 nipype.workflow INFO:
	 [Node] Executing "spike_regressors" <niworkflows.interfaces.confounds.SpikeRegressors>
250329-16:47:23,820 nipype.workflow INFO:
	 [Node] Finished "compcor_plot", elapsed time 1.293448s.
250329-16:47:24,28 nipype.workflow INFO:
	 [Node] Finished "spike_regressors", elapsed time 0.230935s.
250329-16:47:25,595 nipype.workflow INFO:
	 [Node] Setting-up "fmriprep_24_0_wf.sub_23_wf.bold_task_bird_run_6_wf.bold_confounds_wf.model_expansion" in "/work_dir/fmriprep_24_0_wf/sub_23_wf/bold_task_bird_run_6_wf/bold_confounds_wf/model_expansion".
250329-16:47:25,598 nipype.workflow INFO:
	 [Node] Executing "model_expansion" <niworkflows.interfaces.confounds.ExpandModel>
250329-16:47:25,600 nipype.workflow INFO:
	 [Node] Setting-up "fmriprep_24_0_wf.sub_23_wf.bold_task_bird_run_6_wf.bold_confounds_wf.conf_corr_plot" in "/work_dir/fmriprep_24_0_wf/sub_23_wf/bold_task_bird_run_6_wf/bold_confounds_wf/conf_corr_plot".
250329-16:47:25,660 nipype.workflow INFO:
	 [Node] Executing "conf_corr_plot" <nireports.interfaces.nuisance.ConfoundsCorrelationPlot>
250329-16:47:25,661 nipype.workflow INFO:
	 [Node] Setting-up "fmriprep_24_0_wf.sub_23_wf.bold_task_bird_run_6_wf.bold_confounds_wf.acc_metadata_fmt" in "/work_dir/fmriprep_24_0_wf/sub_23_wf/bold_task_bird_run_6_wf/bold_confounds_wf/acc_metadata_fmt".
250329-16:47:25,686 nipype.workflow INFO:
	 [Node] Executing "acc_metadata_fmt" <niworkflows.interfaces.utility.TSV2JSON>
250329-16:47:25,735 nipype.workflow INFO:
	 [Node] Finished "acc_metadata_fmt", elapsed time 0.048144s.
250329-16:47:25,835 nipype.workflow INFO:
	 [Node] Finished "model_expansion", elapsed time 0.236359s.
250329-16:47:27,803 nipype.workflow INFO:
	 [Node] Finished "conf_corr_plot", elapsed time 2.141632s.
250329-16:47:29,674 nipype.workflow INFO:
	 [Node] Setting-up "fmriprep_24_0_wf.sub_23_wf.bold_task_bird_run_6_wf.bold_confounds_wf.spike_regressors" in "/work_dir/fmriprep_24_0_wf/sub_23_wf/bold_task_bird_run_6_wf/bold_confounds_wf/spike_regressors".
250329-16:47:29,677 nipype.workflow INFO:
	 [Node] Executing "spike_regressors" <niworkflows.interfaces.confounds.SpikeRegressors>
250329-16:47:30,137 nipype.workflow INFO:
	 [Node] Finished "spike_regressors", elapsed time 0.458857s.
250329-16:47:32,729 nipype.workflow INFO:
	 [Node] Finished "rois_plot", elapsed time 54.06918s.
250329-16:47:34,560 nipype.workflow INFO:
	 [Node] Finished "rois_plot", elapsed time 48.35017s.
250329-16:47:37,503 nipype.workflow INFO:
	 [Node] Finished "rois_plot", elapsed time 58.122934s.
250329-16:47:41,600 nipype.workflow INFO:
	 [Node] Finished "rois_plot", elapsed time 52.549606s.
250329-16:47:44,502 nipype.workflow INFO:
	 [Node] Finished "rois_plot", elapsed time 44.356799s.
250329-16:47:44,825 nipype.workflow INFO:
	 [Node] Finished "rois_plot", elapsed time 45.277849s.
250329-17:22:43,438 nipype.workflow INFO:
	 [Node] Finished "registration", elapsed time 2414.047973s.
250329-17:22:45,82 nipype.workflow INFO:
	 [Node] Setting-up "fmriprep_24_0_wf.sub_23_wf.anat_fit_wf.register_template_wf.outputnode" in "/work_dir/fmriprep_24_0_wf/sub_23_wf/anat_fit_wf/register_template_wf/outputnode".
250329-17:22:45,113 nipype.workflow INFO:
	 [Node] Executing "outputnode" <nipype.interfaces.utility.base.IdentityInterface>
250329-17:22:45,116 nipype.workflow INFO:
	 [Node] Finished "outputnode", elapsed time 0.000664s.
250329-17:22:47,82 nipype.workflow INFO:
	 [Node] Setting-up "fmriprep_24_0_wf.sub_23_wf.anat_fit_wf.template_buffer" in "/work_dir/fmriprep_24_0_wf/sub_23_wf/anat_fit_wf/template_buffer".
250329-17:22:47,85 nipype.workflow INFO:
	 [Node] Executing "template_buffer" <nipype.interfaces.utility.base.Merge>
250329-17:22:47,86 nipype.workflow INFO:
	 [Node] Finished "template_buffer", elapsed time 0.000269s.
250329-17:22:49,74 nipype.workflow INFO:
	 [Node] Setting-up "fmriprep_24_0_wf.sub_23_wf.anat_fit_wf.anat2std_buffer" in "/work_dir/fmriprep_24_0_wf/sub_23_wf/anat_fit_wf/anat2std_buffer".
250329-17:22:49,74 nipype.workflow INFO:
	 [Node] Setting-up "fmriprep_24_0_wf.sub_23_wf.anat_fit_wf.std2anat_buffer" in "/work_dir/fmriprep_24_0_wf/sub_23_wf/anat_fit_wf/std2anat_buffer".
250329-17:22:49,77 nipype.workflow INFO:
	 [Node] Executing "std2anat_buffer" <nipype.interfaces.utility.base.Merge>
250329-17:22:49,77 nipype.workflow INFO:
	 [Node] Executing "anat2std_buffer" <nipype.interfaces.utility.base.Merge>
250329-17:22:49,78 nipype.workflow INFO:
	 [Node] Finished "std2anat_buffer", elapsed time 0.000209s.
250329-17:22:49,78 nipype.workflow INFO:
	 [Node] Finished "anat2std_buffer", elapsed time 0.000228s.
250329-17:22:53,81 nipype.workflow INFO:
	 [Node] Setting-up "fmriprep_24_0_wf.sub_23_wf.bold_task_bird_run_1_wf.carpetplot_wf.mrg_xfms" in "/work_dir/fmriprep_24_0_wf/sub_23_wf/bold_task_bird_run_1_wf/carpetplot_wf/mrg_xfms".
250329-17:22:53,83 nipype.workflow INFO:
	 [Node] Setting-up "fmriprep_24_0_wf.sub_23_wf.bold_task_bird_run_3_wf.carpetplot_wf.mrg_xfms" in "/work_dir/fmriprep_24_0_wf/sub_23_wf/bold_task_bird_run_3_wf/carpetplot_wf/mrg_xfms".
250329-17:22:53,82 nipype.workflow INFO:
	 [Node] Setting-up "fmriprep_24_0_wf.sub_23_wf.bold_task_bird_run_2_wf.carpetplot_wf.mrg_xfms" in "/work_dir/fmriprep_24_0_wf/sub_23_wf/bold_task_bird_run_2_wf/carpetplot_wf/mrg_xfms".
250329-17:22:53,83 nipype.workflow INFO:
	 [Node] Setting-up "fmriprep_24_0_wf.sub_23_wf.bold_task_bird_run_4_wf.carpetplot_wf.mrg_xfms" in "/work_dir/fmriprep_24_0_wf/sub_23_wf/bold_task_bird_run_4_wf/carpetplot_wf/mrg_xfms".
250329-17:22:53,84 nipype.workflow INFO:
	 [Node] Setting-up "fmriprep_24_0_wf.sub_23_wf.bold_task_bird_run_5_wf.carpetplot_wf.mrg_xfms" in "/work_dir/fmriprep_24_0_wf/sub_23_wf/bold_task_bird_run_5_wf/carpetplot_wf/mrg_xfms".
250329-17:22:53,85 nipype.workflow INFO:
	 [Node] Executing "mrg_xfms" <nipype.interfaces.utility.base.Merge>
250329-17:22:53,86 nipype.workflow INFO:
	 [Node] Finished "mrg_xfms", elapsed time 0.000247s.
250329-17:22:53,87 nipype.workflow INFO:
	 [Node] Executing "mrg_xfms" <nipype.interfaces.utility.base.Merge>
250329-17:22:53,88 nipype.workflow INFO:
	 [Node] Finished "mrg_xfms", elapsed time 0.000253s.
250329-17:22:53,92 nipype.workflow INFO:
	 [Node] Executing "mrg_xfms" <nipype.interfaces.utility.base.Merge>
250329-17:22:53,93 nipype.workflow INFO:
	 [Node] Finished "mrg_xfms", elapsed time 0.000208s.
250329-17:22:53,93 nipype.workflow INFO:
	 [Node] Executing "mrg_xfms" <nipype.interfaces.utility.base.Merge>
250329-17:22:53,94 nipype.workflow INFO:
	 [Node] Executing "mrg_xfms" <nipype.interfaces.utility.base.Merge>
250329-17:22:53,94 nipype.workflow INFO:
	 [Node] Finished "mrg_xfms", elapsed time 0.000226s.
250329-17:22:53,95 nipype.workflow INFO:
	 [Node] Finished "mrg_xfms", elapsed time 0.000294s.
250329-17:22:53,94 nipype.workflow INFO:
	 [Node] Setting-up "fmriprep_24_0_wf.sub_23_wf.bold_task_bird_run_6_wf.carpetplot_wf.mrg_xfms" in "/work_dir/fmriprep_24_0_wf/sub_23_wf/bold_task_bird_run_6_wf/carpetplot_wf/mrg_xfms".
250329-17:22:53,140 nipype.workflow INFO:
	 [Node] Executing "mrg_xfms" <nipype.interfaces.utility.base.Merge>
250329-17:22:53,142 nipype.workflow INFO:
	 [Node] Finished "mrg_xfms", elapsed time 0.000243s.
250329-17:22:55,409 nipype.workflow INFO:
	 [Node] Setting-up "fmriprep_24_0_wf.sub_23_wf.bold_task_bird_run_1_wf.carpetplot_wf.resample_parc" in "/work_dir/fmriprep_24_0_wf/sub_23_wf/bold_task_bird_run_1_wf/carpetplot_wf/resample_parc".
250329-17:22:55,410 nipype.workflow INFO:
	 [Node] Setting-up "fmriprep_24_0_wf.sub_23_wf.bold_task_bird_run_2_wf.carpetplot_wf.resample_parc" in "/work_dir/fmriprep_24_0_wf/sub_23_wf/bold_task_bird_run_2_wf/carpetplot_wf/resample_parc".
250329-17:22:55,411 nipype.workflow INFO:
	 [Node] Setting-up "fmriprep_24_0_wf.sub_23_wf.bold_task_bird_run_3_wf.carpetplot_wf.resample_parc" in "/work_dir/fmriprep_24_0_wf/sub_23_wf/bold_task_bird_run_3_wf/carpetplot_wf/resample_parc".
250329-17:22:55,412 nipype.workflow INFO:
	 [Node] Setting-up "fmriprep_24_0_wf.sub_23_wf.bold_task_bird_run_4_wf.carpetplot_wf.resample_parc" in "/work_dir/fmriprep_24_0_wf/sub_23_wf/bold_task_bird_run_4_wf/carpetplot_wf/resample_parc".
250329-17:22:55,413 nipype.workflow INFO:
	 [Node] Setting-up "fmriprep_24_0_wf.sub_23_wf.bold_task_bird_run_5_wf.carpetplot_wf.resample_parc" in "/work_dir/fmriprep_24_0_wf/sub_23_wf/bold_task_bird_run_5_wf/carpetplot_wf/resample_parc".
250329-17:22:55,413 nipype.workflow INFO:
	 [Node] Setting-up "fmriprep_24_0_wf.sub_23_wf.bold_task_bird_run_6_wf.carpetplot_wf.resample_parc" in "/work_dir/fmriprep_24_0_wf/sub_23_wf/bold_task_bird_run_6_wf/carpetplot_wf/resample_parc".
250329-17:22:55,415 nipype.workflow INFO:
	 [Node] Executing "resample_parc" <niworkflows.interfaces.fixes.FixHeaderApplyTransforms>
250329-17:22:55,418 nipype.workflow INFO:
	 [Node] Executing "resample_parc" <niworkflows.interfaces.fixes.FixHeaderApplyTransforms>
250329-17:22:55,418 nipype.workflow INFO:
	 [Node] Executing "resample_parc" <niworkflows.interfaces.fixes.FixHeaderApplyTransforms>
250329-17:22:55,418 nipype.workflow INFO:
	 [Node] Executing "resample_parc" <niworkflows.interfaces.fixes.FixHeaderApplyTransforms>
250329-17:22:55,419 nipype.workflow INFO:
	 [Node] Executing "resample_parc" <niworkflows.interfaces.fixes.FixHeaderApplyTransforms>
250329-17:22:55,422 nipype.workflow INFO:
	 [Node] Executing "resample_parc" <niworkflows.interfaces.fixes.FixHeaderApplyTransforms>
250329-17:23:03,252 nipype.workflow INFO:
	 [Node] Finished "resample_parc", elapsed time 7.83267s.
250329-17:23:03,253 nipype.workflow INFO:
	 [Node] Finished "resample_parc", elapsed time 7.834475s.
250329-17:23:03,384 nipype.workflow INFO:
	 [Node] Finished "resample_parc", elapsed time 7.969012s.
250329-17:23:03,437 nipype.workflow INFO:
	 [Node] Finished "resample_parc", elapsed time 8.013524s.
250329-17:23:03,510 nipype.workflow INFO:
	 [Node] Finished "resample_parc", elapsed time 8.088536s.
250329-17:23:04,153 nipype.workflow INFO:
	 [Node] Finished "resample_parc", elapsed time 8.734422s.
250329-17:23:05,89 nipype.workflow INFO:
	 [Node] Setting-up "fmriprep_24_0_wf.sub_23_wf.bold_task_bird_run_1_wf.carpetplot_wf.parcels" in "/work_dir/fmriprep_24_0_wf/sub_23_wf/bold_task_bird_run_1_wf/carpetplot_wf/parcels".
250329-17:23:05,90 nipype.workflow INFO:
	 [Node] Setting-up "fmriprep_24_0_wf.sub_23_wf.bold_task_bird_run_2_wf.carpetplot_wf.parcels" in "/work_dir/fmriprep_24_0_wf/sub_23_wf/bold_task_bird_run_2_wf/carpetplot_wf/parcels".
250329-17:23:05,91 nipype.workflow INFO:
	 [Node] Setting-up "fmriprep_24_0_wf.sub_23_wf.bold_task_bird_run_3_wf.carpetplot_wf.parcels" in "/work_dir/fmriprep_24_0_wf/sub_23_wf/bold_task_bird_run_3_wf/carpetplot_wf/parcels".
250329-17:23:05,93 nipype.workflow INFO:
	 [Node] Executing "parcels" <nipype.interfaces.utility.wrappers.Function>
250329-17:23:05,93 nipype.workflow INFO:
	 [Node] Setting-up "fmriprep_24_0_wf.sub_23_wf.bold_task_bird_run_4_wf.carpetplot_wf.parcels" in "/work_dir/fmriprep_24_0_wf/sub_23_wf/bold_task_bird_run_4_wf/carpetplot_wf/parcels".
250329-17:23:05,94 nipype.workflow INFO:
	 [Node] Executing "parcels" <nipype.interfaces.utility.wrappers.Function>
250329-17:23:05,96 nipype.workflow INFO:
	 [Node] Executing "parcels" <nipype.interfaces.utility.wrappers.Function>
250329-17:23:05,97 nipype.workflow INFO:
	 [Node] Executing "parcels" <nipype.interfaces.utility.wrappers.Function>
250329-17:23:05,98 nipype.workflow INFO:
	 [Node] Setting-up "fmriprep_24_0_wf.sub_23_wf.bold_task_bird_run_5_wf.carpetplot_wf.parcels" in "/work_dir/fmriprep_24_0_wf/sub_23_wf/bold_task_bird_run_5_wf/carpetplot_wf/parcels".
250329-17:23:05,99 nipype.workflow INFO:
	 [Node] Setting-up "fmriprep_24_0_wf.sub_23_wf.bold_task_bird_run_6_wf.carpetplot_wf.parcels" in "/work_dir/fmriprep_24_0_wf/sub_23_wf/bold_task_bird_run_6_wf/carpetplot_wf/parcels".
250329-17:23:05,102 nipype.workflow INFO:
	 [Node] Executing "parcels" <nipype.interfaces.utility.wrappers.Function>
250329-17:23:05,103 nipype.workflow INFO:
	 [Node] Executing "parcels" <nipype.interfaces.utility.wrappers.Function>
250329-17:23:05,174 nipype.workflow INFO:
	 [Node] Finished "parcels", elapsed time 0.079684s.
250329-17:23:05,177 nipype.workflow INFO:
	 [Node] Finished "parcels", elapsed time 0.083341s.
250329-17:23:05,181 nipype.workflow INFO:
	 [Node] Finished "parcels", elapsed time 0.078078s.
250329-17:23:05,181 nipype.workflow INFO:
	 [Node] Finished "parcels", elapsed time 0.083733s.
250329-17:23:05,193 nipype.workflow INFO:
	 [Node] Finished "parcels", elapsed time 0.096527s.
250329-17:23:05,194 nipype.workflow INFO:
	 [Node] Finished "parcels", elapsed time 0.089823s.
250329-17:23:07,88 nipype.workflow INFO:
	 [Node] Setting-up "fmriprep_24_0_wf.sub_23_wf.bold_task_bird_run_1_wf.carpetplot_wf.conf_plot" in "/work_dir/fmriprep_24_0_wf/sub_23_wf/bold_task_bird_run_1_wf/carpetplot_wf/conf_plot".
250329-17:23:07,89 nipype.workflow INFO:
	 [Node] Setting-up "fmriprep_24_0_wf.sub_23_wf.bold_task_bird_run_2_wf.carpetplot_wf.conf_plot" in "/work_dir/fmriprep_24_0_wf/sub_23_wf/bold_task_bird_run_2_wf/carpetplot_wf/conf_plot".
250329-17:23:07,90 nipype.workflow INFO:
	 [Node] Setting-up "fmriprep_24_0_wf.sub_23_wf.bold_task_bird_run_3_wf.carpetplot_wf.conf_plot" in "/work_dir/fmriprep_24_0_wf/sub_23_wf/bold_task_bird_run_3_wf/carpetplot_wf/conf_plot".
250329-17:23:07,91 nipype.workflow INFO:
	 [Node] Setting-up "fmriprep_24_0_wf.sub_23_wf.bold_task_bird_run_4_wf.carpetplot_wf.conf_plot" in "/work_dir/fmriprep_24_0_wf/sub_23_wf/bold_task_bird_run_4_wf/carpetplot_wf/conf_plot".
250329-17:23:07,94 nipype.workflow INFO:
	 [Node] Setting-up "fmriprep_24_0_wf.sub_23_wf.bold_task_bird_run_6_wf.carpetplot_wf.conf_plot" in "/work_dir/fmriprep_24_0_wf/sub_23_wf/bold_task_bird_run_6_wf/carpetplot_wf/conf_plot".
250329-17:23:07,96 nipype.workflow INFO:
	 [Node] Executing "conf_plot" <fmriprep.interfaces.confounds.FMRISummary>
250329-17:23:07,98 nipype.workflow INFO:
	 [Node] Executing "conf_plot" <fmriprep.interfaces.confounds.FMRISummary>
250329-17:23:07,98 nipype.workflow INFO:
	 [Node] Executing "conf_plot" <fmriprep.interfaces.confounds.FMRISummary>
250329-17:23:07,103 nipype.workflow INFO:
	 [Node] Executing "conf_plot" <fmriprep.interfaces.confounds.FMRISummary>
250329-17:23:07,160 nipype.workflow INFO:
	 [Node] Executing "conf_plot" <fmriprep.interfaces.confounds.FMRISummary>
250329-17:23:07,210 nipype.workflow INFO:
	 [Node] Setting-up "fmriprep_24_0_wf.sub_23_wf.bold_task_bird_run_5_wf.carpetplot_wf.conf_plot" in "/work_dir/fmriprep_24_0_wf/sub_23_wf/bold_task_bird_run_5_wf/carpetplot_wf/conf_plot".
250329-17:23:07,216 nipype.workflow INFO:
	 [Node] Executing "conf_plot" <fmriprep.interfaces.confounds.FMRISummary>
250329-17:23:17,188 nipype.workflow INFO:
	 [Node] Finished "conf_plot", elapsed time 10.090257s.
250329-17:23:17,260 nipype.workflow INFO:
	 [Node] Finished "conf_plot", elapsed time 10.161305s.
250329-17:23:17,490 nipype.workflow INFO:
	 [Node] Finished "conf_plot", elapsed time 10.272593s.
250329-17:23:17,776 nipype.workflow INFO:
	 [Node] Finished "conf_plot", elapsed time 10.615287s.
250329-17:23:17,918 nipype.workflow INFO:
	 [Node] Finished "conf_plot", elapsed time 10.813792s.
250329-17:23:18,378 nipype.workflow INFO:
	 [Node] Finished "conf_plot", elapsed time 11.279199s.
250329-18:03:41,437 nipype.workflow INFO:
	 [Node] Finished "_msmsulc1", elapsed time 4906.607951s.
250329-18:05:51,662 nipype.workflow INFO:
	 [Node] Finished "_msmsulc0", elapsed time 5044.446122s.
250329-18:05:53,257 nipype.workflow INFO:
	 [Node] Setting-up "_msmsulc0" in "/work_dir/fmriprep_24_0_wf/sub_23_wf/anat_fit_wf/msm_sulc_wf/msmsulc/mapflow/_msmsulc0".
250329-18:05:53,261 nipype.workflow INFO:
	 [Node] Cached "_msmsulc0" - collecting precomputed outputs
250329-18:05:53,262 nipype.workflow INFO:
	 [Node] "_msmsulc0" found cached.
250329-18:05:53,263 nipype.workflow INFO:
	 [Node] Setting-up "_msmsulc1" in "/work_dir/fmriprep_24_0_wf/sub_23_wf/anat_fit_wf/msm_sulc_wf/msmsulc/mapflow/_msmsulc1".
250329-18:05:53,267 nipype.workflow INFO:
	 [Node] Cached "_msmsulc1" - collecting precomputed outputs
250329-18:05:53,267 nipype.workflow INFO:
	 [Node] "_msmsulc1" found cached.
250329-18:06:01,199 nipype.workflow IMPORTANT:
	 fMRIPrep finished successfully!
250329-18:06:01,205 nipype.workflow IMPORTANT:
	 Works derived from this fMRIPrep execution should include the boilerplate text found in <OUTPUT_PATH>/logs/CITATION.md.
