You are using fMRIPrep-24.0.0, and a newer version of fMRIPrep is available: 25.0.0.
Please check out our documentation about how and when to upgrade:
https://fmriprep.readthedocs.io/en/latest/faq.html#upgrading
bids-validator@1.14.6
(node:797890) Warning: Closing directory handle on garbage collection
(Use `node --trace-warnings ...` to show where the warning was created)
	[33m1: [WARN] The recommended file /README is missing. See Section 03 (Modality agnostic files) of the BIDS specification. (code: 101 - README_FILE_MISSING)[39m

[36m	Please visit https://neurostars.org/search?q=README_FILE_MISSING for existing conversations about this issue.[39m

        [34m[4mSummary:[24m[39m                  [34m[4mAvailable Tasks:[24m[39m        [34m[4mAvailable Modalities:[39m[24m 
        681 Files, 46.44GB                                MRI                   
        34 - Subjects                                                           
        1 - Session                                                             


[36m	If you have any questions, please post on https://neurostars.org/tags/bids.[39m
250329-09:49:17,954 nipype.workflow IMPORTANT:
	 Running fMRIPrep version 24.0.0

         License NOTICE ##################################################
         fMRIPrep 24.0.0
         Copyright The NiPreps Developers.
         
         This product includes software developed by
         the NiPreps Community (https://nipreps.org/).
         
         Portions of this software were developed at the Department of
         Psychology at Stanford University, Stanford, CA, US.
         
         This software is also distributed as a Docker container image.
         The bootstrapping file for the image ("Dockerfile") is licensed
         under the MIT License.
         
         This software may be distributed through an add-on package called
         "Docker Wrapper" that is under the BSD 3-clause License.
         #################################################################
250329-09:49:17,990 nipype.workflow IMPORTANT:
	 Building fMRIPrep's workflow:
           * BIDS dataset path: /raw.
           * Participant list: ['14'].
           * Run identifier: 20250329-094854_0f646160-4930-4514-8d66-749b68d441f2.
           * Output spaces: func.
           * Pre-run FreeSurfer's SUBJECTS_DIR: /output/sourcedata/freesurfer.
250329-09:49:18,816 nipype.workflow INFO:
	 ANAT Stage 1: Adding template workflow
250329-09:49:19,476 nipype.workflow INFO:
	 ANAT Stage 2: Preparing brain extraction workflow
250329-09:49:19,620 nipype.workflow INFO:
	 ANAT Stage 3: Preparing segmentation workflow
250329-09:49:19,628 nipype.workflow INFO:
	 ANAT Stage 4: Preparing normalization workflow for ['MNI152NLin2009cAsym']
250329-09:49:19,644 nipype.workflow INFO:
	 ANAT Stage 5: Preparing surface reconstruction workflow
250329-09:49:19,676 nipype.workflow INFO:
	 ANAT Stage 6: Preparing mask refinement workflow
250329-09:49:19,681 nipype.workflow INFO:
	 ANAT No T2w images provided - skipping Stage 7
250329-09:49:19,681 nipype.workflow INFO:
	 ANAT Stage 8: Creating GIFTI surfaces for ['white', 'pial', 'midthickness', 'sphere_reg', 'sphere']
250329-09:49:19,711 nipype.workflow INFO:
	 ANAT Stage 8: Creating GIFTI metrics for ['thickness', 'sulc']
250329-09:49:19,723 nipype.workflow INFO:
	 ANAT Stage 8a: Creating cortical ribbon mask
250329-09:49:19,728 nipype.workflow INFO:
	 ANAT Stage 9: Creating fsLR registration sphere
250329-09:49:19,735 nipype.workflow INFO:
	 ANAT Stage 10: Creating MSM-Sulc registration sphere
250329-09:49:19,977 nipype.workflow INFO:
	 No single-band-reference found for sub-14_task-bird_run-1_bold.nii.gz.
250329-09:49:20,88 nipype.workflow INFO:
	 Stage 1: Adding HMC boldref workflow
250329-09:49:20,100 nipype.workflow INFO:
	 Stage 2: Adding motion correction workflow
250329-09:49:20,113 nipype.workflow INFO:
	 Stage 3: Adding coregistration boldref workflow
250329-09:49:20,188 nipype.workflow IMPORTANT:
	 BOLD series will be slice-timing corrected to an offset of 0.959s.
250329-09:49:20,360 nipype.workflow INFO:
	 No single-band-reference found for sub-14_task-bird_run-2_bold.nii.gz.
250329-09:49:20,446 nipype.workflow INFO:
	 Stage 1: Adding HMC boldref workflow
250329-09:49:20,456 nipype.workflow INFO:
	 Stage 2: Adding motion correction workflow
250329-09:49:20,464 nipype.workflow INFO:
	 Stage 3: Adding coregistration boldref workflow
250329-09:49:20,529 nipype.workflow IMPORTANT:
	 BOLD series will be slice-timing corrected to an offset of 0.959s.
250329-09:49:20,687 nipype.workflow INFO:
	 No single-band-reference found for sub-14_task-bird_run-3_bold.nii.gz.
250329-09:49:20,772 nipype.workflow INFO:
	 Stage 1: Adding HMC boldref workflow
250329-09:49:20,781 nipype.workflow INFO:
	 Stage 2: Adding motion correction workflow
250329-09:49:20,789 nipype.workflow INFO:
	 Stage 3: Adding coregistration boldref workflow
250329-09:49:20,855 nipype.workflow IMPORTANT:
	 BOLD series will be slice-timing corrected to an offset of 0.959s.
250329-09:49:21,11 nipype.workflow INFO:
	 No single-band-reference found for sub-14_task-bird_run-4_bold.nii.gz.
250329-09:49:21,98 nipype.workflow INFO:
	 Stage 1: Adding HMC boldref workflow
250329-09:49:21,108 nipype.workflow INFO:
	 Stage 2: Adding motion correction workflow
250329-09:49:21,115 nipype.workflow INFO:
	 Stage 3: Adding coregistration boldref workflow
250329-09:49:21,179 nipype.workflow IMPORTANT:
	 BOLD series will be slice-timing corrected to an offset of 0.959s.
250329-09:49:21,336 nipype.workflow INFO:
	 No single-band-reference found for sub-14_task-bird_run-5_bold.nii.gz.
250329-09:49:21,422 nipype.workflow INFO:
	 Stage 1: Adding HMC boldref workflow
250329-09:49:21,431 nipype.workflow INFO:
	 Stage 2: Adding motion correction workflow
250329-09:49:21,439 nipype.workflow INFO:
	 Stage 3: Adding coregistration boldref workflow
250329-09:49:21,504 nipype.workflow IMPORTANT:
	 BOLD series will be slice-timing corrected to an offset of 0.959s.
250329-09:49:21,662 nipype.workflow INFO:
	 No single-band-reference found for sub-14_task-bird_run-6_bold.nii.gz.
250329-09:49:21,747 nipype.workflow INFO:
	 Stage 1: Adding HMC boldref workflow
250329-09:49:21,756 nipype.workflow INFO:
	 Stage 2: Adding motion correction workflow
250329-09:49:21,764 nipype.workflow INFO:
	 Stage 3: Adding coregistration boldref workflow
250329-09:49:21,828 nipype.workflow IMPORTANT:
	 BOLD series will be slice-timing corrected to an offset of 0.959s.
250329-09:49:27,648 nipype.workflow INFO:
	 fMRIPrep workflow graph with 1089 nodes built successfully.
250329-09:49:50,534 nipype.workflow IMPORTANT:
	 fMRIPrep started!
250329-09:50:05,624 nipype.workflow INFO:
	 [Node] Setting-up "fmriprep_24_0_wf.sub_14_wf.anat_fit_wf.brain_extraction_wf.res_tmpl" in "/work_dir/fmriprep_24_0_wf/sub_14_wf/anat_fit_wf/brain_extraction_wf/res_tmpl".
250329-09:50:05,647 nipype.workflow INFO:
	 [Node] Executing "res_tmpl" <niworkflows.interfaces.nibabel.RegridToZooms>
250329-09:50:05,710 nipype.workflow INFO:
	 [Node] Setting-up "fmriprep_24_0_wf.sub_14_wf.anat_fit_wf.brain_extraction_wf.full_wm" in "/work_dir/fmriprep_24_0_wf/sub_14_wf/anat_fit_wf/brain_extraction_wf/full_wm".
250329-09:50:05,720 nipype.workflow INFO:
	 [Node] Executing "full_wm" <nipype.interfaces.utility.wrappers.Function>
250329-09:50:06,217 nipype.workflow INFO:
	 [Node] Setting-up "fmriprep_24_0_wf.sub_14_wf.anat_fit_wf.brain_extraction_wf.lap_tmpl" in "/work_dir/fmriprep_24_0_wf/sub_14_wf/anat_fit_wf/brain_extraction_wf/lap_tmpl".
250329-09:50:06,234 nipype.workflow INFO:
	 [Node] Executing "lap_tmpl" <nipype.interfaces.ants.utils.ImageMath>
250329-09:50:09,351 nipype.workflow INFO:
	 [Node] Finished "full_wm", elapsed time 3.59891s.
250329-09:50:09,890 nipype.workflow INFO:
	 [Node] Setting-up "fmriprep_24_0_wf.sub_14_wf.bold_task_bird_run_1_wf.bold_fit_wf.hmc_boldref_wf.val_bold" in "/work_dir/fmriprep_24_0_wf/sub_14_wf/bold_task_bird_run_1_wf/bold_fit_wf/hmc_boldref_wf/val_bold".
250329-09:50:09,891 nipype.workflow INFO:
	 [Node] Executing "val_bold" <niworkflows.interfaces.header.ValidateImage>
250329-09:50:10,193 nipype.workflow INFO:
	 [Node] Finished "val_bold", elapsed time 0.300775s.
250329-09:50:10,203 nipype.workflow INFO:
	 [Node] Setting-up "fmriprep_24_0_wf.sub_14_wf.bold_task_bird_run_1_wf.bold_fit_wf.hmc_boldref_wf.get_dummy" in "/work_dir/fmriprep_24_0_wf/sub_14_wf/bold_task_bird_run_1_wf/bold_fit_wf/hmc_boldref_wf/get_dummy".
250329-09:50:10,204 nipype.workflow INFO:
	 [Node] Executing "get_dummy" <niworkflows.interfaces.bold.NonsteadyStatesDetector>
250329-09:50:12,674 nipype.workflow INFO:
	 [Node] Setting-up "fmriprep_24_0_wf.sub_14_wf.bidssrc" in "/work_dir/fmriprep_24_0_wf/sub_14_wf/bidssrc".
250329-09:50:12,690 nipype.workflow INFO:
	 [Node] Executing "bidssrc" <niworkflows.interfaces.bids.BIDSDataGrabber>
250329-09:50:12,705 nipype.interface INFO:
	 No "t2w" images found for sub-14
250329-09:50:12,705 nipype.interface INFO:
	 No "flair" images found for sub-14
250329-09:50:12,705 nipype.interface INFO:
	 No "fmap" images found for sub-14
250329-09:50:12,705 nipype.interface INFO:
	 No "sbref" images found for sub-14
250329-09:50:12,705 nipype.interface INFO:
	 No "roi" images found for sub-14
250329-09:50:12,705 nipype.interface INFO:
	 No "pet" images found for sub-14
250329-09:50:12,705 nipype.interface INFO:
	 No "asl" images found for sub-14
250329-09:50:12,706 nipype.workflow INFO:
	 [Node] Finished "bidssrc", elapsed time 0.001184s.
250329-09:50:12,727 nipype.workflow INFO:
	 [Node] Setting-up "fmriprep_24_0_wf.sub_14_wf.bold_task_bird_run_1_wf.bold_fit_wf.ds_hmc_wf.sources" in "/work_dir/fmriprep_24_0_wf/sub_14_wf/bold_task_bird_run_1_wf/bold_fit_wf/ds_hmc_wf/sources".
250329-09:50:12,737 nipype.workflow INFO:
	 [Node] Executing "sources" <fmriprep.interfaces.bids.BIDSURI>
250329-09:50:12,738 nipype.workflow INFO:
	 [Node] Finished "sources", elapsed time 0.000292s.
250329-09:50:12,740 nipype.workflow INFO:
	 [Node] Finished "res_tmpl", elapsed time 7.074669s.
250329-09:50:12,760 nipype.workflow INFO:
	 [Node] Setting-up "fmriprep_24_0_wf.sub_14_wf.bold_task_bird_run_1_wf.bold_native_wf.bold_source" in "/work_dir/fmriprep_24_0_wf/sub_14_wf/bold_task_bird_run_1_wf/bold_native_wf/bold_source".
250329-09:50:12,762 nipype.workflow INFO:
	 [Node] Executing "bold_source" <nipype.interfaces.utility.base.Select>
250329-09:50:12,763 nipype.workflow INFO:
	 [Node] Finished "bold_source", elapsed time 0.00029s.
250329-09:50:12,771 nipype.workflow INFO:
	 [Node] Setting-up "fmriprep_24_0_wf.sub_14_wf.bold_task_bird_run_1_wf.ds_bold_native_wf.sources" in "/work_dir/fmriprep_24_0_wf/sub_14_wf/bold_task_bird_run_1_wf/ds_bold_native_wf/sources".
250329-09:50:12,777 nipype.workflow INFO:
	 [Node] Executing "sources" <fmriprep.interfaces.bids.BIDSURI>
250329-09:50:12,778 nipype.workflow INFO:
	 [Node] Finished "sources", elapsed time 0.000265s.
250329-09:50:12,809 nipype.workflow INFO:
	 [Node] Setting-up "fmriprep_24_0_wf.sub_14_wf.bold_task_bird_run_2_wf.bold_fit_wf.hmc_boldref_wf.val_bold" in "/work_dir/fmriprep_24_0_wf/sub_14_wf/bold_task_bird_run_2_wf/bold_fit_wf/hmc_boldref_wf/val_bold".
250329-09:50:12,811 nipype.workflow INFO:
	 [Node] Executing "val_bold" <niworkflows.interfaces.header.ValidateImage>
250329-09:50:13,268 nipype.workflow INFO:
	 [Node] Finished "val_bold", elapsed time 0.437484s.
250329-09:50:13,305 nipype.workflow INFO:
	 [Node] Setting-up "fmriprep_24_0_wf.sub_14_wf.bold_task_bird_run_2_wf.bold_fit_wf.hmc_boldref_wf.get_dummy" in "/work_dir/fmriprep_24_0_wf/sub_14_wf/bold_task_bird_run_2_wf/bold_fit_wf/hmc_boldref_wf/get_dummy".
250329-09:50:13,306 nipype.workflow INFO:
	 [Node] Executing "get_dummy" <niworkflows.interfaces.bold.NonsteadyStatesDetector>
250329-09:50:17,374 nipype.workflow INFO:
	 [Node] Setting-up "fmriprep_24_0_wf.sub_14_wf.bold_task_bird_run_2_wf.bold_native_wf.bold_source" in "/work_dir/fmriprep_24_0_wf/sub_14_wf/bold_task_bird_run_2_wf/bold_native_wf/bold_source".
250329-09:50:17,376 nipype.workflow INFO:
	 [Node] Executing "bold_source" <nipype.interfaces.utility.base.Select>
250329-09:50:17,408 nipype.workflow INFO:
	 [Node] Finished "bold_source", elapsed time 0.000601s.
250329-09:50:18,206 nipype.workflow INFO:
	 [Node] Setting-up "fmriprep_24_0_wf.sub_14_wf.bold_task_bird_run_3_wf.bold_native_wf.bold_source" in "/work_dir/fmriprep_24_0_wf/sub_14_wf/bold_task_bird_run_3_wf/bold_native_wf/bold_source".
250329-09:50:18,209 nipype.workflow INFO:
	 [Node] Executing "bold_source" <nipype.interfaces.utility.base.Select>
250329-09:50:18,227 nipype.workflow INFO:
	 [Node] Finished "bold_source", elapsed time 0.000439s.
250329-09:50:18,578 nipype.workflow INFO:
	 [Node] Setting-up "fmriprep_24_0_wf.sub_14_wf.bold_task_bird_run_3_wf.bold_fit_wf.hmc_boldref_wf.val_bold" in "/work_dir/fmriprep_24_0_wf/sub_14_wf/bold_task_bird_run_3_wf/bold_fit_wf/hmc_boldref_wf/val_bold".
250329-09:50:18,580 nipype.workflow INFO:
	 [Node] Executing "val_bold" <niworkflows.interfaces.header.ValidateImage>
250329-09:50:18,671 nipype.workflow INFO:
	 [Node] Setting-up "fmriprep_24_0_wf.sub_14_wf.bold_task_bird_run_3_wf.bold_fit_wf.hmc_boldref_wf.get_dummy" in "/work_dir/fmriprep_24_0_wf/sub_14_wf/bold_task_bird_run_3_wf/bold_fit_wf/hmc_boldref_wf/get_dummy".
250329-09:50:18,673 nipype.workflow INFO:
	 [Node] Executing "get_dummy" <niworkflows.interfaces.bold.NonsteadyStatesDetector>
250329-09:50:18,902 nipype.workflow INFO:
	 [Node] Finished "val_bold", elapsed time 0.300005s.
250329-09:50:18,934 nipype.workflow INFO:
	 [Node] Setting-up "fmriprep_24_0_wf.sub_14_wf.bold_task_bird_run_4_wf.bold_fit_wf.hmc_boldref_wf.val_bold" in "/work_dir/fmriprep_24_0_wf/sub_14_wf/bold_task_bird_run_4_wf/bold_fit_wf/hmc_boldref_wf/val_bold".
250329-09:50:18,957 nipype.workflow INFO:
	 [Node] Executing "val_bold" <niworkflows.interfaces.header.ValidateImage>
250329-09:50:19,47 nipype.workflow INFO:
	 [Node] Setting-up "fmriprep_24_0_wf.sub_14_wf.bold_task_bird_run_4_wf.bold_fit_wf.hmc_boldref_wf.get_dummy" in "/work_dir/fmriprep_24_0_wf/sub_14_wf/bold_task_bird_run_4_wf/bold_fit_wf/hmc_boldref_wf/get_dummy".
250329-09:50:19,50 nipype.workflow INFO:
	 [Node] Executing "get_dummy" <niworkflows.interfaces.bold.NonsteadyStatesDetector>
250329-09:50:19,270 nipype.workflow INFO:
	 [Node] Finished "val_bold", elapsed time 0.27738s.
250329-09:50:19,295 nipype.workflow INFO:
	 [Node] Setting-up "fmriprep_24_0_wf.sub_14_wf.bold_task_bird_run_4_wf.bold_native_wf.bold_source" in "/work_dir/fmriprep_24_0_wf/sub_14_wf/bold_task_bird_run_4_wf/bold_native_wf/bold_source".
250329-09:50:19,297 nipype.workflow INFO:
	 [Node] Executing "bold_source" <nipype.interfaces.utility.base.Select>
250329-09:50:19,298 nipype.workflow INFO:
	 [Node] Finished "bold_source", elapsed time 0.00038s.
250329-09:50:19,335 nipype.workflow INFO:
	 [Node] Setting-up "fmriprep_24_0_wf.sub_14_wf.bold_task_bird_run_5_wf.bold_fit_wf.hmc_boldref_wf.val_bold" in "/work_dir/fmriprep_24_0_wf/sub_14_wf/bold_task_bird_run_5_wf/bold_fit_wf/hmc_boldref_wf/val_bold".
250329-09:50:19,337 nipype.workflow INFO:
	 [Node] Executing "val_bold" <niworkflows.interfaces.header.ValidateImage>
250329-09:50:19,404 nipype.workflow INFO:
	 [Node] Finished "get_dummy", elapsed time 9.198791s.
250329-09:50:19,644 nipype.workflow INFO:
	 [Node] Setting-up "fmriprep_24_0_wf.sub_14_wf.bold_task_bird_run_5_wf.bold_native_wf.bold_source" in "/work_dir/fmriprep_24_0_wf/sub_14_wf/bold_task_bird_run_5_wf/bold_native_wf/bold_source".
250329-09:50:19,646 nipype.workflow INFO:
	 [Node] Executing "bold_source" <nipype.interfaces.utility.base.Select>
250329-09:50:19,668 nipype.workflow INFO:
	 [Node] Finished "bold_source", elapsed time 0.000455s.
250329-09:50:19,740 nipype.workflow INFO:
	 [Node] Finished "val_bold", elapsed time 0.402802s.
250329-09:50:19,749 nipype.workflow INFO:
	 [Node] Setting-up "fmriprep_24_0_wf.sub_14_wf.bold_task_bird_run_6_wf.bold_fit_wf.hmc_boldref_wf.val_bold" in "/work_dir/fmriprep_24_0_wf/sub_14_wf/bold_task_bird_run_6_wf/bold_fit_wf/hmc_boldref_wf/val_bold".
250329-09:50:19,751 nipype.workflow INFO:
	 [Node] Executing "val_bold" <niworkflows.interfaces.header.ValidateImage>
250329-09:50:19,832 nipype.workflow INFO:
	 [Node] Finished "val_bold", elapsed time 0.080825s.
250329-09:50:20,19 nipype.workflow INFO:
	 [Node] Setting-up "fmriprep_24_0_wf.sub_14_wf.bold_task_bird_run_1_wf.bold_fit_wf.ds_hmc_boldref_wf.sources" in "/work_dir/fmriprep_24_0_wf/sub_14_wf/bold_task_bird_run_1_wf/bold_fit_wf/ds_hmc_boldref_wf/sources".
250329-09:50:20,24 nipype.workflow INFO:
	 [Node] Executing "sources" <fmriprep.interfaces.bids.BIDSURI>
250329-09:50:20,43 nipype.workflow INFO:
	 [Node] Finished "sources", elapsed time 0.000336s.
250329-09:50:20,171 nipype.workflow INFO:
	 [Node] Setting-up "fmriprep_24_0_wf.sub_14_wf.bold_task_bird_run_1_wf.bold_fit_wf.ds_boldmask_wf.sources" in "/work_dir/fmriprep_24_0_wf/sub_14_wf/bold_task_bird_run_1_wf/bold_fit_wf/ds_boldmask_wf/sources".
250329-09:50:20,187 nipype.workflow INFO:
	 [Node] Executing "sources" <fmriprep.interfaces.bids.BIDSURI>
250329-09:50:20,188 nipype.workflow INFO:
	 [Node] Finished "sources", elapsed time 0.000291s.
250329-09:50:20,216 nipype.workflow INFO:
	 [Node] Setting-up "fmriprep_24_0_wf.sub_14_wf.bold_task_bird_run_6_wf.bold_fit_wf.ds_boldmask_wf.sources" in "/work_dir/fmriprep_24_0_wf/sub_14_wf/bold_task_bird_run_6_wf/bold_fit_wf/ds_boldmask_wf/sources".
250329-09:50:20,218 nipype.workflow INFO:
	 [Node] Executing "sources" <fmriprep.interfaces.bids.BIDSURI>
250329-09:50:20,219 nipype.workflow INFO:
	 [Node] Finished "sources", elapsed time 0.000268s.
250329-09:50:20,353 nipype.workflow INFO:
	 [Node] Setting-up "fmriprep_24_0_wf.sub_14_wf.bold_task_bird_run_5_wf.bold_fit_wf.hmc_boldref_wf.get_dummy" in "/work_dir/fmriprep_24_0_wf/sub_14_wf/bold_task_bird_run_5_wf/bold_fit_wf/hmc_boldref_wf/get_dummy".
250329-09:50:20,379 nipype.workflow INFO:
	 [Node] Executing "get_dummy" <niworkflows.interfaces.bold.NonsteadyStatesDetector>
250329-09:50:20,858 nipype.workflow INFO:
	 [Node] Setting-up "fmriprep_24_0_wf.sub_14_wf.bold_task_bird_run_6_wf.bold_fit_wf.hmc_boldref_wf.get_dummy" in "/work_dir/fmriprep_24_0_wf/sub_14_wf/bold_task_bird_run_6_wf/bold_fit_wf/hmc_boldref_wf/get_dummy".
250329-09:50:20,860 nipype.workflow INFO:
	 [Node] Executing "get_dummy" <niworkflows.interfaces.bold.NonsteadyStatesDetector>
250329-09:50:22,199 nipype.workflow INFO:
	 [Node] Setting-up "fmriprep_24_0_wf.sub_14_wf.bold_task_bird_run_2_wf.bold_fit_wf.ds_hmc_boldref_wf.sources" in "/work_dir/fmriprep_24_0_wf/sub_14_wf/bold_task_bird_run_2_wf/bold_fit_wf/ds_hmc_boldref_wf/sources".
250329-09:50:22,202 nipype.workflow INFO:
	 [Node] Executing "sources" <fmriprep.interfaces.bids.BIDSURI>
250329-09:50:22,206 nipype.workflow INFO:
	 [Node] Setting-up "fmriprep_24_0_wf.sub_14_wf.bold_task_bird_run_6_wf.bold_native_wf.bold_source" in "/work_dir/fmriprep_24_0_wf/sub_14_wf/bold_task_bird_run_6_wf/bold_native_wf/bold_source".
250329-09:50:22,208 nipype.workflow INFO:
	 [Node] Executing "bold_source" <nipype.interfaces.utility.base.Select>
250329-09:50:22,209 nipype.workflow INFO:
	 [Node] Finished "bold_source", elapsed time 0.000442s.
250329-09:50:22,214 nipype.workflow INFO:
	 [Node] Setting-up "fmriprep_24_0_wf.sub_14_wf.bold_task_bird_run_6_wf.ds_bold_native_wf.sources" in "/work_dir/fmriprep_24_0_wf/sub_14_wf/bold_task_bird_run_6_wf/ds_bold_native_wf/sources".
250329-09:50:22,217 nipype.workflow INFO:
	 [Node] Executing "sources" <fmriprep.interfaces.bids.BIDSURI>
250329-09:50:22,218 nipype.workflow INFO:
	 [Node] Finished "sources", elapsed time 0.000259s.
250329-09:50:22,234 nipype.workflow INFO:
	 [Node] Finished "sources", elapsed time 0.00036s.
250329-09:50:23,229 nipype.workflow INFO:
	 [Node] Finished "get_dummy", elapsed time 9.92153s.
250329-09:50:23,289 nipype.workflow INFO:
	 [Node] Setting-up "fmriprep_24_0_wf.sub_14_wf.anat_fit_wf.anat_template_wf.anat_ref_dimensions" in "/work_dir/fmriprep_24_0_wf/sub_14_wf/anat_fit_wf/anat_template_wf/anat_ref_dimensions".
250329-09:50:23,613 nipype.workflow INFO:
	 [Node] Setting-up "fmriprep_24_0_wf.sub_14_wf.bold_task_bird_run_2_wf.bold_fit_wf.ds_hmc_wf.sources" in "/work_dir/fmriprep_24_0_wf/sub_14_wf/bold_task_bird_run_2_wf/bold_fit_wf/ds_hmc_wf/sources".
250329-09:50:23,616 nipype.workflow INFO:
	 [Node] Executing "sources" <fmriprep.interfaces.bids.BIDSURI>
250329-09:50:23,659 nipype.workflow INFO:
	 [Node] Finished "sources", elapsed time 0.000373s.
250329-09:50:23,876 nipype.workflow INFO:
	 [Node] Setting-up "fmriprep_24_0_wf.sub_14_wf.bold_task_bird_run_3_wf.ds_bold_native_wf.sources" in "/work_dir/fmriprep_24_0_wf/sub_14_wf/bold_task_bird_run_3_wf/ds_bold_native_wf/sources".
250329-09:50:23,888 nipype.workflow INFO:
	 [Node] Executing "sources" <fmriprep.interfaces.bids.BIDSURI>
250329-09:50:23,890 nipype.workflow INFO:
	 [Node] Finished "sources", elapsed time 0.000281s.
250329-09:50:24,106 nipype.workflow INFO:
	 [Node] Setting-up "fmriprep_24_0_wf.sub_14_wf.bold_task_bird_run_2_wf.bold_fit_wf.ds_boldmask_wf.sources" in "/work_dir/fmriprep_24_0_wf/sub_14_wf/bold_task_bird_run_2_wf/bold_fit_wf/ds_boldmask_wf/sources".
250329-09:50:24,121 nipype.workflow INFO:
	 [Node] Executing "sources" <fmriprep.interfaces.bids.BIDSURI>
250329-09:50:24,141 nipype.workflow INFO:
	 [Node] Finished "sources", elapsed time 0.000493s.
250329-09:50:24,503 nipype.workflow INFO:
	 [Node] Setting-up "fmriprep_24_0_wf.sub_14_wf.bold_task_bird_run_3_wf.bold_fit_wf.ds_hmc_boldref_wf.sources" in "/work_dir/fmriprep_24_0_wf/sub_14_wf/bold_task_bird_run_3_wf/bold_fit_wf/ds_hmc_boldref_wf/sources".
250329-09:50:24,506 nipype.workflow INFO:
	 [Node] Executing "sources" <fmriprep.interfaces.bids.BIDSURI>
250329-09:50:24,536 nipype.workflow INFO:
	 [Node] Finished "sources", elapsed time 0.00036s.
250329-09:50:24,542 nipype.workflow INFO:
	 [Node] Setting-up "fmriprep_24_0_wf.sub_14_wf.bold_task_bird_run_6_wf.bold_fit_wf.ds_hmc_wf.sources" in "/work_dir/fmriprep_24_0_wf/sub_14_wf/bold_task_bird_run_6_wf/bold_fit_wf/ds_hmc_wf/sources".
250329-09:50:24,555 nipype.workflow INFO:
	 [Node] Executing "sources" <fmriprep.interfaces.bids.BIDSURI>
250329-09:50:24,556 nipype.workflow INFO:
	 [Node] Finished "sources", elapsed time 0.000303s.
250329-09:50:24,602 nipype.workflow INFO:
	 [Node] Setting-up "fmriprep_24_0_wf.sub_14_wf.bold_task_bird_run_3_wf.bold_fit_wf.ds_boldmask_wf.sources" in "/work_dir/fmriprep_24_0_wf/sub_14_wf/bold_task_bird_run_3_wf/bold_fit_wf/ds_boldmask_wf/sources".
250329-09:50:24,616 nipype.workflow INFO:
	 [Node] Executing "sources" <fmriprep.interfaces.bids.BIDSURI>
250329-09:50:24,639 nipype.workflow INFO:
	 [Node] Finished "sources", elapsed time 0.0004s.
250329-09:50:24,775 nipype.workflow INFO:
	 [Node] Setting-up "fmriprep_24_0_wf.sub_14_wf.bold_task_bird_run_5_wf.bold_fit_wf.ds_hmc_boldref_wf.sources" in "/work_dir/fmriprep_24_0_wf/sub_14_wf/bold_task_bird_run_5_wf/bold_fit_wf/ds_hmc_boldref_wf/sources".
250329-09:50:24,781 nipype.workflow INFO:
	 [Node] Executing "sources" <fmriprep.interfaces.bids.BIDSURI>
250329-09:50:24,782 nipype.workflow INFO:
	 [Node] Finished "sources", elapsed time 0.000271s.
250329-09:50:24,942 nipype.workflow INFO:
	 [Node] Setting-up "fmriprep_24_0_wf.sub_14_wf.bold_task_bird_run_5_wf.ds_bold_native_wf.sources" in "/work_dir/fmriprep_24_0_wf/sub_14_wf/bold_task_bird_run_5_wf/ds_bold_native_wf/sources".
250329-09:50:24,948 nipype.workflow INFO:
	 [Node] Executing "sources" <fmriprep.interfaces.bids.BIDSURI>
250329-09:50:24,949 nipype.workflow INFO:
	 [Node] Finished "sources", elapsed time 0.000277s.
250329-09:50:24,952 nipype.workflow INFO:
	 [Node] Setting-up "fmriprep_24_0_wf.sub_14_wf.bold_task_bird_run_4_wf.bold_fit_wf.ds_boldmask_wf.sources" in "/work_dir/fmriprep_24_0_wf/sub_14_wf/bold_task_bird_run_4_wf/bold_fit_wf/ds_boldmask_wf/sources".
250329-09:50:24,962 nipype.workflow INFO:
	 [Node] Executing "sources" <fmriprep.interfaces.bids.BIDSURI>
250329-09:50:24,973 nipype.workflow INFO:
	 [Node] Finished "sources", elapsed time 0.00033s.
250329-09:50:24,998 nipype.workflow INFO:
	 [Node] Setting-up "fmriprep_24_0_wf.sub_14_wf.bold_task_bird_run_1_wf.bold_fit_wf.hmc_boldref_wf.gen_avg" in "/work_dir/fmriprep_24_0_wf/sub_14_wf/bold_task_bird_run_1_wf/bold_fit_wf/hmc_boldref_wf/gen_avg".
250329-09:50:25,29 nipype.workflow INFO:
	 [Node] Executing "gen_avg" <niworkflows.interfaces.images.RobustAverage>
250329-09:50:25,122 nipype.workflow INFO:
	 [Node] Setting-up "fmriprep_24_0_wf.sub_14_wf.bold_task_bird_run_1_wf.bold_native_wf.validate_bold" in "/work_dir/fmriprep_24_0_wf/sub_14_wf/bold_task_bird_run_1_wf/bold_native_wf/validate_bold".
250329-09:50:25,124 nipype.workflow INFO:
	 [Node] Executing "validate_bold" <niworkflows.interfaces.header.ValidateImage>
250329-09:50:25,142 nipype.workflow INFO:
	 [Node] Setting-up "fmriprep_24_0_wf.sub_14_wf.bold_task_bird_run_5_wf.bold_fit_wf.ds_boldmask_wf.sources" in "/work_dir/fmriprep_24_0_wf/sub_14_wf/bold_task_bird_run_5_wf/bold_fit_wf/ds_boldmask_wf/sources".
250329-09:50:25,144 nipype.workflow INFO:
	 [Node] Executing "sources" <fmriprep.interfaces.bids.BIDSURI>
250329-09:50:25,148 nipype.workflow INFO:
	 [Node] Finished "sources", elapsed time 0.000308s.
250329-09:50:25,206 nipype.workflow INFO:
	 [Node] Finished "validate_bold", elapsed time 0.078617s.
250329-09:50:25,283 nipype.workflow INFO:
	 [Node] Setting-up "fmriprep_24_0_wf.sub_14_wf.bold_task_bird_run_5_wf.bold_fit_wf.ds_hmc_wf.sources" in "/work_dir/fmriprep_24_0_wf/sub_14_wf/bold_task_bird_run_5_wf/bold_fit_wf/ds_hmc_wf/sources".
250329-09:50:25,286 nipype.workflow INFO:
	 [Node] Executing "sources" <fmriprep.interfaces.bids.BIDSURI>
250329-09:50:25,290 nipype.workflow INFO:
	 [Node] Finished "sources", elapsed time 0.000307s.
250329-09:50:25,576 nipype.workflow INFO:
	 [Node] Setting-up "fmriprep_24_0_wf.sub_14_wf.bold_task_bird_run_4_wf.bold_fit_wf.ds_hmc_wf.sources" in "/work_dir/fmriprep_24_0_wf/sub_14_wf/bold_task_bird_run_4_wf/bold_fit_wf/ds_hmc_wf/sources".
250329-09:50:25,602 nipype.workflow INFO:
	 [Node] Executing "sources" <fmriprep.interfaces.bids.BIDSURI>
250329-09:50:25,606 nipype.workflow INFO:
	 [Node] Finished "sources", elapsed time 0.000731s.
250329-09:50:25,609 nipype.workflow INFO:
	 [Node] Setting-up "fmriprep_24_0_wf.sub_14_wf.bold_task_bird_run_2_wf.bold_native_wf.validate_bold" in "/work_dir/fmriprep_24_0_wf/sub_14_wf/bold_task_bird_run_2_wf/bold_native_wf/validate_bold".
250329-09:50:25,612 nipype.workflow INFO:
	 [Node] Executing "validate_bold" <niworkflows.interfaces.header.ValidateImage>
250329-09:50:25,682 nipype.workflow INFO:
	 [Node] Setting-up "fmriprep_24_0_wf.sub_14_wf.bold_task_bird_run_2_wf.bold_fit_wf.hmc_boldref_wf.gen_avg" in "/work_dir/fmriprep_24_0_wf/sub_14_wf/bold_task_bird_run_2_wf/bold_fit_wf/hmc_boldref_wf/gen_avg".
250329-09:50:25,708 nipype.workflow INFO:
	 [Node] Executing "gen_avg" <niworkflows.interfaces.images.RobustAverage>
250329-09:50:25,753 nipype.workflow INFO:
	 [Node] Finished "validate_bold", elapsed time 0.110025s.
250329-09:50:25,890 nipype.workflow INFO:
	 [Node] Setting-up "fmriprep_24_0_wf.sub_14_wf.bold_task_bird_run_3_wf.bold_native_wf.validate_bold" in "/work_dir/fmriprep_24_0_wf/sub_14_wf/bold_task_bird_run_3_wf/bold_native_wf/validate_bold".
250329-09:50:25,892 nipype.workflow INFO:
	 [Node] Executing "validate_bold" <niworkflows.interfaces.header.ValidateImage>
250329-09:50:25,945 nipype.workflow INFO:
	 [Node] Setting-up "fmriprep_24_0_wf.sub_14_wf.bold_task_bird_run_6_wf.bold_fit_wf.ds_hmc_boldref_wf.sources" in "/work_dir/fmriprep_24_0_wf/sub_14_wf/bold_task_bird_run_6_wf/bold_fit_wf/ds_hmc_boldref_wf/sources".
250329-09:50:25,948 nipype.workflow INFO:
	 [Node] Executing "sources" <fmriprep.interfaces.bids.BIDSURI>
250329-09:50:25,969 nipype.workflow INFO:
	 [Node] Finished "sources", elapsed time 0.00044s.
250329-09:50:25,981 nipype.workflow INFO:
	 [Node] Finished "validate_bold", elapsed time 0.08469s.
250329-09:50:26,74 nipype.workflow INFO:
	 [Node] Setting-up "fmriprep_24_0_wf.sub_14_wf.bold_task_bird_run_3_wf.bold_fit_wf.ds_hmc_wf.sources" in "/work_dir/fmriprep_24_0_wf/sub_14_wf/bold_task_bird_run_3_wf/bold_fit_wf/ds_hmc_wf/sources".
250329-09:50:26,81 nipype.workflow INFO:
	 [Node] Executing "sources" <fmriprep.interfaces.bids.BIDSURI>
250329-09:50:26,88 nipype.workflow INFO:
	 [Node] Finished "sources", elapsed time 0.000758s.
250329-09:50:26,163 nipype.workflow INFO:
	 [Node] Setting-up "fmriprep_24_0_wf.sub_14_wf.bold_task_bird_run_4_wf.bold_native_wf.validate_bold" in "/work_dir/fmriprep_24_0_wf/sub_14_wf/bold_task_bird_run_4_wf/bold_native_wf/validate_bold".
250329-09:50:26,165 nipype.workflow INFO:
	 [Node] Executing "validate_bold" <niworkflows.interfaces.header.ValidateImage>
250329-09:50:26,245 nipype.workflow INFO:
	 [Node] Finished "validate_bold", elapsed time 0.079133s.
250329-09:50:26,342 nipype.workflow INFO:
	 [Node] Setting-up "fmriprep_24_0_wf.sub_14_wf.bold_task_bird_run_4_wf.ds_bold_native_wf.sources" in "/work_dir/fmriprep_24_0_wf/sub_14_wf/bold_task_bird_run_4_wf/ds_bold_native_wf/sources".
250329-09:50:26,345 nipype.workflow INFO:
	 [Node] Executing "sources" <fmriprep.interfaces.bids.BIDSURI>
250329-09:50:26,350 nipype.workflow INFO:
	 [Node] Finished "sources", elapsed time 0.000491s.
250329-09:50:26,388 nipype.workflow INFO:
	 [Node] Setting-up "fmriprep_24_0_wf.sub_14_wf.bold_task_bird_run_5_wf.bold_native_wf.validate_bold" in "/work_dir/fmriprep_24_0_wf/sub_14_wf/bold_task_bird_run_5_wf/bold_native_wf/validate_bold".
250329-09:50:26,391 nipype.workflow INFO:
	 [Node] Executing "validate_bold" <niworkflows.interfaces.header.ValidateImage>
250329-09:50:26,471 nipype.workflow INFO:
	 [Node] Finished "validate_bold", elapsed time 0.079636s.
250329-09:50:26,491 nipype.workflow INFO:
	 [Node] Setting-up "fmriprep_24_0_wf.sub_14_wf.bold_task_bird_run_2_wf.ds_bold_native_wf.sources" in "/work_dir/fmriprep_24_0_wf/sub_14_wf/bold_task_bird_run_2_wf/ds_bold_native_wf/sources".
250329-09:50:26,494 nipype.workflow INFO:
	 [Node] Executing "sources" <fmriprep.interfaces.bids.BIDSURI>
250329-09:50:26,495 nipype.workflow INFO:
	 [Node] Finished "sources", elapsed time 0.000282s.
250329-09:50:26,584 nipype.workflow INFO:
	 [Node] Setting-up "fmriprep_24_0_wf.sub_14_wf.bold_task_bird_run_6_wf.bold_native_wf.validate_bold" in "/work_dir/fmriprep_24_0_wf/sub_14_wf/bold_task_bird_run_6_wf/bold_native_wf/validate_bold".
250329-09:50:26,586 nipype.workflow INFO:
	 [Node] Executing "validate_bold" <niworkflows.interfaces.header.ValidateImage>
250329-09:50:26,657 nipype.workflow INFO:
	 [Node] Setting-up "fmriprep_24_0_wf.sub_14_wf.bold_task_bird_run_4_wf.bold_fit_wf.ds_hmc_boldref_wf.sources" in "/work_dir/fmriprep_24_0_wf/sub_14_wf/bold_task_bird_run_4_wf/bold_fit_wf/ds_hmc_boldref_wf/sources".
250329-09:50:26,659 nipype.workflow INFO:
	 [Node] Executing "sources" <fmriprep.interfaces.bids.BIDSURI>
250329-09:50:26,682 nipype.workflow INFO:
	 [Node] Finished "sources", elapsed time 0.000363s.
250329-09:50:26,715 nipype.workflow INFO:
	 [Node] Finished "validate_bold", elapsed time 0.128179s.
250329-09:50:27,887 nipype.workflow INFO:
	 [Node] Finished "get_dummy", elapsed time 8.819663s.
250329-09:50:27,947 nipype.workflow INFO:
	 [Node] Setting-up "fmriprep_24_0_wf.sub_14_wf.bids_info" in "/work_dir/fmriprep_24_0_wf/sub_14_wf/bids_info".
250329-09:50:27,951 nipype.workflow INFO:
	 [Node] Executing "bids_info" <niworkflows.interfaces.bids.BIDSInfo>
250329-09:50:27,988 nipype.workflow INFO:
	 [Node] Finished "bids_info", elapsed time 0.008702s.
250329-09:50:28,130 nipype.workflow INFO:
	 [Node] Finished "get_dummy", elapsed time 7.682529s.
250329-09:50:28,329 nipype.workflow INFO:
	 [Node] Finished "get_dummy", elapsed time 9.618024s.
250329-09:50:28,702 nipype.workflow INFO:
	 [Node] Executing "anat_ref_dimensions" <niworkflows.interfaces.images.TemplateDimensions>
250329-09:50:28,842 nipype.workflow INFO:
	 [Node] Finished "anat_ref_dimensions", elapsed time 0.136354s.
250329-09:50:28,995 nipype.workflow INFO:
	 [Node] Finished "get_dummy", elapsed time 8.110687s.
250329-09:50:29,668 nipype.workflow INFO:
	 [Node] Setting-up "fmriprep_24_0_wf.sub_14_wf.bold_task_bird_run_3_wf.bold_fit_wf.hmc_boldref_wf.gen_avg" in "/work_dir/fmriprep_24_0_wf/sub_14_wf/bold_task_bird_run_3_wf/bold_fit_wf/hmc_boldref_wf/gen_avg".
250329-09:50:29,683 nipype.workflow INFO:
	 [Node] Executing "gen_avg" <niworkflows.interfaces.images.RobustAverage>
250329-09:50:29,715 nipype.interface INFO:
	 stderr 2025-03-29T09:50:29.714993:++ 3dvolreg: AFNI version=AFNI_24.1.14 (May 26 2024) [64-bit]
250329-09:50:29,715 nipype.interface INFO:
	 stderr 2025-03-29T09:50:29.715529:++ Authored by: RW Cox
250329-09:50:29,728 nipype.interface INFO:
	 stderr 2025-03-29T09:50:29.728369:** AFNI converts NIFTI_datatype=512 (UINT16) in file /work_dir/fmriprep_24_0_wf/sub_14_wf/bold_task_bird_run_1_wf/bold_fit_wf/hmc_boldref_wf/gen_avg/sub-14_task-bird_run-1_bold_sliced.nii.gz to FLOAT32
250329-09:50:29,729 nipype.interface INFO:
	 stderr 2025-03-29T09:50:29.729019:     Warnings of this type will be muted for this session.
250329-09:50:29,729 nipype.interface INFO:
	 stderr 2025-03-29T09:50:29.729019:     Set AFNI_NIFTI_TYPE_WARN to YES to see them all, NO to see none.
250329-09:50:29,739 nipype.interface INFO:
	 stderr 2025-03-29T09:50:29.739722:[7m*+ WARNING:[0m   If you are performing spatial transformations on an oblique dset,
250329-09:50:29,739 nipype.interface INFO:
	 stderr 2025-03-29T09:50:29.739722:  such as /work_dir/fmriprep_24_0_wf/sub_14_wf/bold_task_bird_run_1_wf/bold_fit_wf/hmc_boldref_wf/gen_avg/sub-14_task-bird_run-1_bold_sliced.nii.gz,
250329-09:50:29,739 nipype.interface INFO:
	 stderr 2025-03-29T09:50:29.739722:  or viewing/combining it with volumes of differing obliquity,
250329-09:50:29,740 nipype.interface INFO:
	 stderr 2025-03-29T09:50:29.739722:  you should consider running: 
250329-09:50:29,740 nipype.interface INFO:
	 stderr 2025-03-29T09:50:29.739722:     3dWarp -deoblique 
250329-09:50:29,740 nipype.interface INFO:
	 stderr 2025-03-29T09:50:29.739722:  on this and  other oblique datasets in the same session.
250329-09:50:29,740 nipype.interface INFO:
	 stderr 2025-03-29T09:50:29.739722: See 3dWarp -help for details.
250329-09:50:29,740 nipype.interface INFO:
	 stderr 2025-03-29T09:50:29.740311:++ Oblique dataset:/work_dir/fmriprep_24_0_wf/sub_14_wf/bold_task_bird_run_1_wf/bold_fit_wf/hmc_boldref_wf/gen_avg/sub-14_task-bird_run-1_bold_sliced.nii.gz is 5.639549 degrees from plumb.
250329-09:50:29,740 nipype.interface INFO:
	 stderr 2025-03-29T09:50:29.740540:++ Coarse del was 10, replaced with 6
250329-09:50:29,861 nipype.workflow INFO:
	 [Node] Setting-up "fmriprep_24_0_wf.sub_14_wf.bold_task_bird_run_4_wf.bold_fit_wf.hmc_boldref_wf.gen_avg" in "/work_dir/fmriprep_24_0_wf/sub_14_wf/bold_task_bird_run_4_wf/bold_fit_wf/hmc_boldref_wf/gen_avg".
250329-09:50:29,876 nipype.workflow INFO:
	 [Node] Executing "gen_avg" <niworkflows.interfaces.images.RobustAverage>
250329-09:50:29,922 nipype.workflow INFO:
	 [Node] Setting-up "fmriprep_24_0_wf.sub_14_wf.bold_task_bird_run_1_wf.bold_native_wf.bold_stc_wf.slice_timing_correction" in "/work_dir/fmriprep_24_0_wf/sub_14_wf/bold_task_bird_run_1_wf/bold_native_wf/bold_stc_wf/slice_timing_correction".
250329-09:50:29,933 nipype.workflow INFO:
	 [Node] Executing "slice_timing_correction" <fmriprep.workflows.bold.stc.TShift>
250329-09:50:30,146 nipype.workflow INFO:
	 [Node] Setting-up "fmriprep_24_0_wf.sub_14_wf.bold_task_bird_run_5_wf.bold_fit_wf.hmc_boldref_wf.gen_avg" in "/work_dir/fmriprep_24_0_wf/sub_14_wf/bold_task_bird_run_5_wf/bold_fit_wf/hmc_boldref_wf/gen_avg".
250329-09:50:30,154 nipype.workflow INFO:
	 [Node] Executing "gen_avg" <niworkflows.interfaces.images.RobustAverage>
250329-09:50:30,267 nipype.interface INFO:
	 stderr 2025-03-29T09:50:30.267274:++ 3dvolreg: AFNI version=AFNI_24.1.14 (May 26 2024) [64-bit]
250329-09:50:30,267 nipype.interface INFO:
	 stderr 2025-03-29T09:50:30.267519:++ Authored by: RW Cox
250329-09:50:30,270 nipype.interface INFO:
	 stderr 2025-03-29T09:50:30.270746:** AFNI converts NIFTI_datatype=512 (UINT16) in file /work_dir/fmriprep_24_0_wf/sub_14_wf/bold_task_bird_run_2_wf/bold_fit_wf/hmc_boldref_wf/gen_avg/sub-14_task-bird_run-2_bold_sliced.nii.gz to FLOAT32
250329-09:50:30,271 nipype.interface INFO:
	 stderr 2025-03-29T09:50:30.271505:     Warnings of this type will be muted for this session.
250329-09:50:30,271 nipype.interface INFO:
	 stderr 2025-03-29T09:50:30.271505:     Set AFNI_NIFTI_TYPE_WARN to YES to see them all, NO to see none.
250329-09:50:30,274 nipype.interface INFO:
	 stderr 2025-03-29T09:50:30.273985:[7m*+ WARNING:[0m   If you are performing spatial transformations on an oblique dset,
250329-09:50:30,274 nipype.interface INFO:
	 stderr 2025-03-29T09:50:30.273985:  such as /work_dir/fmriprep_24_0_wf/sub_14_wf/bold_task_bird_run_2_wf/bold_fit_wf/hmc_boldref_wf/gen_avg/sub-14_task-bird_run-2_bold_sliced.nii.gz,
250329-09:50:30,274 nipype.interface INFO:
	 stderr 2025-03-29T09:50:30.273985:  or viewing/combining it with volumes of differing obliquity,
250329-09:50:30,274 nipype.interface INFO:
	 stderr 2025-03-29T09:50:30.273985:  you should consider running: 
250329-09:50:30,274 nipype.interface INFO:
	 stderr 2025-03-29T09:50:30.273985:     3dWarp -deoblique 
250329-09:50:30,274 nipype.interface INFO:
	 stderr 2025-03-29T09:50:30.273985:  on this and  other oblique datasets in the same session.
250329-09:50:30,274 nipype.interface INFO:
	 stderr 2025-03-29T09:50:30.273985: See 3dWarp -help for details.
250329-09:50:30,274 nipype.interface INFO:
	 stderr 2025-03-29T09:50:30.274606:++ Oblique dataset:/work_dir/fmriprep_24_0_wf/sub_14_wf/bold_task_bird_run_2_wf/bold_fit_wf/hmc_boldref_wf/gen_avg/sub-14_task-bird_run-2_bold_sliced.nii.gz is 5.639549 degrees from plumb.
250329-09:50:30,274 nipype.interface INFO:
	 stderr 2025-03-29T09:50:30.274761:++ Coarse del was 10, replaced with 6
250329-09:50:30,355 nipype.workflow INFO:
	 [Node] Setting-up "fmriprep_24_0_wf.sub_14_wf.bold_task_bird_run_6_wf.bold_fit_wf.hmc_boldref_wf.gen_avg" in "/work_dir/fmriprep_24_0_wf/sub_14_wf/bold_task_bird_run_6_wf/bold_fit_wf/hmc_boldref_wf/gen_avg".
250329-09:50:30,386 nipype.workflow INFO:
	 [Node] Executing "gen_avg" <niworkflows.interfaces.images.RobustAverage>
250329-09:50:30,476 nipype.workflow INFO:
	 [Node] Setting-up "fmriprep_24_0_wf.sub_14_wf.bold_task_bird_run_2_wf.bold_native_wf.bold_stc_wf.slice_timing_correction" in "/work_dir/fmriprep_24_0_wf/sub_14_wf/bold_task_bird_run_2_wf/bold_native_wf/bold_stc_wf/slice_timing_correction".
250329-09:50:30,505 nipype.workflow INFO:
	 [Node] Executing "slice_timing_correction" <fmriprep.workflows.bold.stc.TShift>
250329-09:50:31,93 nipype.workflow INFO:
	 [Node] Setting-up "fmriprep_24_0_wf.sub_14_wf.anat_fit_wf.fs_isrunning" in "/work_dir/fmriprep_24_0_wf/sub_14_wf/anat_fit_wf/fs_isrunning".
250329-09:50:31,97 nipype.workflow INFO:
	 [Node] Executing "fs_isrunning" <nipype.interfaces.utility.wrappers.Function>
250329-09:50:31,98 nipype.workflow INFO:
	 [Node] Finished "fs_isrunning", elapsed time 0.000768s.
250329-09:50:31,101 nipype.workflow INFO:
	 [Node] Setting-up "fmriprep_24_0_wf.sub_14_wf.anat_fit_wf.ds_t1w_mask_wf.raw_sources" in "/work_dir/fmriprep_24_0_wf/sub_14_wf/anat_fit_wf/ds_t1w_mask_wf/raw_sources".
250329-09:50:31,102 nipype.workflow INFO:
	 [Node] Setting-up "fmriprep_24_0_wf.sub_14_wf.anat_fit_wf.ds_ribbon_mask_wf.raw_sources" in "/work_dir/fmriprep_24_0_wf/sub_14_wf/anat_fit_wf/ds_ribbon_mask_wf/raw_sources".
250329-09:50:31,114 nipype.workflow INFO:
	 [Node] Executing "raw_sources" <nipype.interfaces.utility.wrappers.Function>
250329-09:50:31,116 nipype.workflow INFO:
	 [Node] Finished "raw_sources", elapsed time 0.000577s.
250329-09:50:31,125 nipype.workflow INFO:
	 [Node] Executing "raw_sources" <nipype.interfaces.utility.wrappers.Function>
250329-09:50:31,127 nipype.workflow INFO:
	 [Node] Finished "raw_sources", elapsed time 0.00059s.
250329-09:50:31,201 nipype.workflow INFO:
	 [Node] Setting-up "_denoise0" in "/work_dir/fmriprep_24_0_wf/sub_14_wf/anat_fit_wf/anat_template_wf/denoise/mapflow/_denoise0".
250329-09:50:31,204 nipype.workflow INFO:
	 [Node] Executing "_denoise0" <nipype.interfaces.ants.segmentation.DenoiseImage>
250329-09:50:35,714 nipype.interface INFO:
	 stderr 2025-03-29T09:50:35.714350:++ 3dvolreg: AFNI version=AFNI_24.1.14 (May 26 2024) [64-bit]
250329-09:50:35,714 nipype.interface INFO:
	 stderr 2025-03-29T09:50:35.714350:++ Authored by: RW Cox
250329-09:50:35,717 nipype.interface INFO:
	 stderr 2025-03-29T09:50:35.717952:** AFNI converts NIFTI_datatype=512 (UINT16) in file /work_dir/fmriprep_24_0_wf/sub_14_wf/bold_task_bird_run_4_wf/bold_fit_wf/hmc_boldref_wf/gen_avg/sub-14_task-bird_run-4_bold_sliced.nii.gz to FLOAT32
250329-09:50:35,739 nipype.interface INFO:
	 stderr 2025-03-29T09:50:35.739122:     Warnings of this type will be muted for this session.
250329-09:50:35,739 nipype.interface INFO:
	 stderr 2025-03-29T09:50:35.739122:     Set AFNI_NIFTI_TYPE_WARN to YES to see them all, NO to see none.
250329-09:50:35,741 nipype.interface INFO:
	 stderr 2025-03-29T09:50:35.741744:[7m*+ WARNING:[0m   If you are performing spatial transformations on an oblique dset,
250329-09:50:35,741 nipype.interface INFO:
	 stderr 2025-03-29T09:50:35.741744:  such as /work_dir/fmriprep_24_0_wf/sub_14_wf/bold_task_bird_run_4_wf/bold_fit_wf/hmc_boldref_wf/gen_avg/sub-14_task-bird_run-4_bold_sliced.nii.gz,
250329-09:50:35,741 nipype.interface INFO:
	 stderr 2025-03-29T09:50:35.741744:  or viewing/combining it with volumes of differing obliquity,
250329-09:50:35,742 nipype.interface INFO:
	 stderr 2025-03-29T09:50:35.741744:  you should consider running: 
250329-09:50:35,742 nipype.interface INFO:
	 stderr 2025-03-29T09:50:35.741744:     3dWarp -deoblique 
250329-09:50:35,742 nipype.interface INFO:
	 stderr 2025-03-29T09:50:35.741744:  on this and  other oblique datasets in the same session.
250329-09:50:35,742 nipype.interface INFO:
	 stderr 2025-03-29T09:50:35.741744: See 3dWarp -help for details.
250329-09:50:35,742 nipype.interface INFO:
	 stderr 2025-03-29T09:50:35.741744:++ Oblique dataset:/work_dir/fmriprep_24_0_wf/sub_14_wf/bold_task_bird_run_4_wf/bold_fit_wf/hmc_boldref_wf/gen_avg/sub-14_task-bird_run-4_bold_sliced.nii.gz is 5.639549 degrees from plumb.
250329-09:50:35,742 nipype.interface INFO:
	 stderr 2025-03-29T09:50:35.741744:++ Coarse del was 10, replaced with 6
250329-09:50:36,321 nipype.interface INFO:
	 stderr 2025-03-29T09:50:36.321714:++ 3dvolreg: AFNI version=AFNI_24.1.14 (May 26 2024) [64-bit]
250329-09:50:36,322 nipype.interface INFO:
	 stderr 2025-03-29T09:50:36.321714:++ Authored by: RW Cox
250329-09:50:36,325 nipype.interface INFO:
	 stderr 2025-03-29T09:50:36.325180:** AFNI converts NIFTI_datatype=512 (UINT16) in file /work_dir/fmriprep_24_0_wf/sub_14_wf/bold_task_bird_run_6_wf/bold_fit_wf/hmc_boldref_wf/gen_avg/sub-14_task-bird_run-6_bold_sliced.nii.gz to FLOAT32
250329-09:50:36,325 nipype.interface INFO:
	 stderr 2025-03-29T09:50:36.325661:     Warnings of this type will be muted for this session.
250329-09:50:36,325 nipype.interface INFO:
	 stderr 2025-03-29T09:50:36.325661:     Set AFNI_NIFTI_TYPE_WARN to YES to see them all, NO to see none.
250329-09:50:36,327 nipype.interface INFO:
	 stderr 2025-03-29T09:50:36.327960:[7m*+ WARNING:[0m   If you are performing spatial transformations on an oblique dset,
250329-09:50:36,328 nipype.interface INFO:
	 stderr 2025-03-29T09:50:36.327960:  such as /work_dir/fmriprep_24_0_wf/sub_14_wf/bold_task_bird_run_6_wf/bold_fit_wf/hmc_boldref_wf/gen_avg/sub-14_task-bird_run-6_bold_sliced.nii.gz,
250329-09:50:36,328 nipype.interface INFO:
	 stderr 2025-03-29T09:50:36.327960:  or viewing/combining it with volumes of differing obliquity,
250329-09:50:36,328 nipype.interface INFO:
	 stderr 2025-03-29T09:50:36.327960:  you should consider running: 
250329-09:50:36,328 nipype.interface INFO:
	 stderr 2025-03-29T09:50:36.327960:     3dWarp -deoblique 
250329-09:50:36,328 nipype.interface INFO:
	 stderr 2025-03-29T09:50:36.327960:  on this and  other oblique datasets in the same session.
250329-09:50:36,328 nipype.interface INFO:
	 stderr 2025-03-29T09:50:36.327960: See 3dWarp -help for details.
250329-09:50:36,328 nipype.interface INFO:
	 stderr 2025-03-29T09:50:36.327960:++ Oblique dataset:/work_dir/fmriprep_24_0_wf/sub_14_wf/bold_task_bird_run_6_wf/bold_fit_wf/hmc_boldref_wf/gen_avg/sub-14_task-bird_run-6_bold_sliced.nii.gz is 5.639549 degrees from plumb.
250329-09:50:36,328 nipype.interface INFO:
	 stderr 2025-03-29T09:50:36.327960:++ Coarse del was 10, replaced with 6
250329-09:50:37,4 nipype.interface INFO:
	 stderr 2025-03-29T09:50:37.004049:++ 3dvolreg: AFNI version=AFNI_24.1.14 (May 26 2024) [64-bit]
250329-09:50:37,4 nipype.interface INFO:
	 stderr 2025-03-29T09:50:37.004049:++ Authored by: RW Cox
250329-09:50:37,7 nipype.interface INFO:
	 stderr 2025-03-29T09:50:37.007042:** AFNI converts NIFTI_datatype=512 (UINT16) in file /work_dir/fmriprep_24_0_wf/sub_14_wf/bold_task_bird_run_5_wf/bold_fit_wf/hmc_boldref_wf/gen_avg/sub-14_task-bird_run-5_bold_sliced.nii.gz to FLOAT32
250329-09:50:37,7 nipype.interface INFO:
	 stderr 2025-03-29T09:50:37.007603:     Warnings of this type will be muted for this session.
250329-09:50:37,7 nipype.interface INFO:
	 stderr 2025-03-29T09:50:37.007603:     Set AFNI_NIFTI_TYPE_WARN to YES to see them all, NO to see none.
250329-09:50:37,10 nipype.interface INFO:
	 stderr 2025-03-29T09:50:37.010748:[7m*+ WARNING:[0m   If you are performing spatial transformations on an oblique dset,
250329-09:50:37,10 nipype.interface INFO:
	 stderr 2025-03-29T09:50:37.010748:  such as /work_dir/fmriprep_24_0_wf/sub_14_wf/bold_task_bird_run_5_wf/bold_fit_wf/hmc_boldref_wf/gen_avg/sub-14_task-bird_run-5_bold_sliced.nii.gz,
250329-09:50:37,10 nipype.interface INFO:
	 stderr 2025-03-29T09:50:37.010748:  or viewing/combining it with volumes of differing obliquity,
250329-09:50:37,11 nipype.interface INFO:
	 stderr 2025-03-29T09:50:37.010748:  you should consider running: 
250329-09:50:37,11 nipype.interface INFO:
	 stderr 2025-03-29T09:50:37.010748:     3dWarp -deoblique 
250329-09:50:37,11 nipype.interface INFO:
	 stderr 2025-03-29T09:50:37.010748:  on this and  other oblique datasets in the same session.
250329-09:50:37,11 nipype.interface INFO:
	 stderr 2025-03-29T09:50:37.010748: See 3dWarp -help for details.
250329-09:50:37,11 nipype.interface INFO:
	 stderr 2025-03-29T09:50:37.010748:++ Oblique dataset:/work_dir/fmriprep_24_0_wf/sub_14_wf/bold_task_bird_run_5_wf/bold_fit_wf/hmc_boldref_wf/gen_avg/sub-14_task-bird_run-5_bold_sliced.nii.gz is 5.639549 degrees from plumb.
250329-09:50:37,11 nipype.interface INFO:
	 stderr 2025-03-29T09:50:37.010748:++ Coarse del was 10, replaced with 6
250329-09:50:37,25 nipype.interface INFO:
	 stderr 2025-03-29T09:50:37.025685:++ 3dvolreg: AFNI version=AFNI_24.1.14 (May 26 2024) [64-bit]
250329-09:50:37,25 nipype.interface INFO:
	 stderr 2025-03-29T09:50:37.025685:++ Authored by: RW Cox
250329-09:50:37,29 nipype.interface INFO:
	 stderr 2025-03-29T09:50:37.029340:** AFNI converts NIFTI_datatype=512 (UINT16) in file /work_dir/fmriprep_24_0_wf/sub_14_wf/bold_task_bird_run_3_wf/bold_fit_wf/hmc_boldref_wf/gen_avg/sub-14_task-bird_run-3_bold_sliced.nii.gz to FLOAT32
250329-09:50:37,29 nipype.interface INFO:
	 stderr 2025-03-29T09:50:37.029863:     Warnings of this type will be muted for this session.
250329-09:50:37,30 nipype.interface INFO:
	 stderr 2025-03-29T09:50:37.029863:     Set AFNI_NIFTI_TYPE_WARN to YES to see them all, NO to see none.
250329-09:50:37,37 nipype.interface INFO:
	 stderr 2025-03-29T09:50:37.037744:[7m*+ WARNING:[0m   If you are performing spatial transformations on an oblique dset,
250329-09:50:37,37 nipype.interface INFO:
	 stderr 2025-03-29T09:50:37.037744:  such as /work_dir/fmriprep_24_0_wf/sub_14_wf/bold_task_bird_run_3_wf/bold_fit_wf/hmc_boldref_wf/gen_avg/sub-14_task-bird_run-3_bold_sliced.nii.gz,
250329-09:50:37,37 nipype.interface INFO:
	 stderr 2025-03-29T09:50:37.037744:  or viewing/combining it with volumes of differing obliquity,
250329-09:50:37,38 nipype.interface INFO:
	 stderr 2025-03-29T09:50:37.037744:  you should consider running: 
250329-09:50:37,38 nipype.interface INFO:
	 stderr 2025-03-29T09:50:37.037744:     3dWarp -deoblique 
250329-09:50:37,38 nipype.interface INFO:
	 stderr 2025-03-29T09:50:37.037744:  on this and  other oblique datasets in the same session.
250329-09:50:37,38 nipype.interface INFO:
	 stderr 2025-03-29T09:50:37.037744: See 3dWarp -help for details.
250329-09:50:37,38 nipype.interface INFO:
	 stderr 2025-03-29T09:50:37.037744:++ Oblique dataset:/work_dir/fmriprep_24_0_wf/sub_14_wf/bold_task_bird_run_3_wf/bold_fit_wf/hmc_boldref_wf/gen_avg/sub-14_task-bird_run-3_bold_sliced.nii.gz is 5.639549 degrees from plumb.
250329-09:50:37,38 nipype.interface INFO:
	 stderr 2025-03-29T09:50:37.037744:++ Coarse del was 10, replaced with 6
250329-09:50:37,76 nipype.workflow INFO:
	 [Node] Setting-up "fmriprep_24_0_wf.sub_14_wf.bold_task_bird_run_4_wf.bold_native_wf.bold_stc_wf.slice_timing_correction" in "/work_dir/fmriprep_24_0_wf/sub_14_wf/bold_task_bird_run_4_wf/bold_native_wf/bold_stc_wf/slice_timing_correction".
250329-09:50:37,116 nipype.workflow INFO:
	 [Node] Executing "slice_timing_correction" <fmriprep.workflows.bold.stc.TShift>
250329-09:50:37,276 nipype.workflow INFO:
	 [Node] Setting-up "fmriprep_24_0_wf.sub_14_wf.bold_task_bird_run_5_wf.bold_native_wf.bold_stc_wf.slice_timing_correction" in "/work_dir/fmriprep_24_0_wf/sub_14_wf/bold_task_bird_run_5_wf/bold_native_wf/bold_stc_wf/slice_timing_correction".
250329-09:50:37,293 nipype.workflow INFO:
	 [Node] Executing "slice_timing_correction" <fmriprep.workflows.bold.stc.TShift>
250329-09:50:38,232 nipype.workflow INFO:
	 [Node] Finished "lap_tmpl", elapsed time 30.695813s.
250329-09:50:40,596 nipype.workflow INFO:
	 [Node] Setting-up "fmriprep_24_0_wf.sub_14_wf.anat_fit_wf.brain_extraction_wf.mrg_tmpl" in "/work_dir/fmriprep_24_0_wf/sub_14_wf/anat_fit_wf/brain_extraction_wf/mrg_tmpl".
250329-09:50:40,664 nipype.workflow INFO:
	 [Node] Executing "mrg_tmpl" <nipype.interfaces.utility.base.Merge>
250329-09:50:40,666 nipype.workflow INFO:
	 [Node] Finished "mrg_tmpl", elapsed time 0.000253s.
250329-09:50:41,820 nipype.workflow INFO:
	 [Node] Setting-up "fmriprep_24_0_wf.sub_14_wf.bold_task_bird_run_3_wf.bold_native_wf.bold_stc_wf.slice_timing_correction" in "/work_dir/fmriprep_24_0_wf/sub_14_wf/bold_task_bird_run_3_wf/bold_native_wf/bold_stc_wf/slice_timing_correction".
250329-09:50:41,835 nipype.workflow INFO:
	 [Node] Executing "slice_timing_correction" <fmriprep.workflows.bold.stc.TShift>
250329-09:50:44,217 nipype.workflow INFO:
	 [Node] Setting-up "fmriprep_24_0_wf.sub_14_wf.bold_task_bird_run_6_wf.bold_native_wf.bold_stc_wf.slice_timing_correction" in "/work_dir/fmriprep_24_0_wf/sub_14_wf/bold_task_bird_run_6_wf/bold_native_wf/bold_stc_wf/slice_timing_correction".
250329-09:50:44,270 nipype.workflow INFO:
	 [Node] Executing "slice_timing_correction" <fmriprep.workflows.bold.stc.TShift>
250329-09:52:03,751 nipype.workflow INFO:
	 [Node] Finished "slice_timing_correction", elapsed time 86.457784s.
250329-09:52:04,191 nipype.workflow INFO:
	 [Node] Finished "slice_timing_correction", elapsed time 87.074428s.
250329-09:52:07,171 nipype.workflow INFO:
	 [Node] Setting-up "fmriprep_24_0_wf.sub_14_wf.bold_task_bird_run_4_wf.bold_native_wf.bold_stc_wf.copy_xform" in "/work_dir/fmriprep_24_0_wf/sub_14_wf/bold_task_bird_run_4_wf/bold_native_wf/bold_stc_wf/copy_xform".
250329-09:52:07,190 nipype.workflow INFO:
	 [Node] Setting-up "fmriprep_24_0_wf.sub_14_wf.bold_task_bird_run_5_wf.bold_native_wf.bold_stc_wf.copy_xform" in "/work_dir/fmriprep_24_0_wf/sub_14_wf/bold_task_bird_run_5_wf/bold_native_wf/bold_stc_wf/copy_xform".
250329-09:52:10,784 nipype.workflow INFO:
	 [Node] Executing "copy_xform" <niworkflows.interfaces.header.CopyXForm>
250329-09:52:14,10 nipype.workflow INFO:
	 [Node] Finished "slice_timing_correction", elapsed time 92.173917s.
250329-09:52:16,562 nipype.workflow INFO:
	 [Node] Executing "copy_xform" <niworkflows.interfaces.header.CopyXForm>
250329-09:52:17,416 nipype.workflow INFO:
	 [Node] Setting-up "fmriprep_24_0_wf.sub_14_wf.bold_task_bird_run_3_wf.bold_native_wf.bold_stc_wf.copy_xform" in "/work_dir/fmriprep_24_0_wf/sub_14_wf/bold_task_bird_run_3_wf/bold_native_wf/bold_stc_wf/copy_xform".
250329-09:52:20,725 nipype.workflow INFO:
	 [Node] Executing "copy_xform" <niworkflows.interfaces.header.CopyXForm>
250329-09:52:59,217 nipype.workflow INFO:
	 [Node] Finished "copy_xform", elapsed time 48.431599s.
250329-09:53:08,125 nipype.workflow INFO:
	 [Node] Finished "copy_xform", elapsed time 51.56131s.
250329-09:53:09,724 nipype.workflow INFO:
	 [Node] Finished "copy_xform", elapsed time 48.998938s.
250329-09:53:29,691 nipype.workflow INFO:
	 [Node] Finished "slice_timing_correction", elapsed time 179.756506s.
250329-09:53:30,225 nipype.workflow INFO:
	 [Node] Setting-up "fmriprep_24_0_wf.sub_14_wf.bold_task_bird_run_1_wf.bold_native_wf.bold_stc_wf.copy_xform" in "/work_dir/fmriprep_24_0_wf/sub_14_wf/bold_task_bird_run_1_wf/bold_native_wf/bold_stc_wf/copy_xform".
250329-09:53:32,491 nipype.workflow INFO:
	 [Node] Finished "_denoise0", elapsed time 180.615985s.
250329-09:53:33,219 nipype.workflow INFO:
	 [Node] Executing "copy_xform" <niworkflows.interfaces.header.CopyXForm>
250329-09:53:34,139 nipype.workflow INFO:
	 [Node] Setting-up "_anat_conform0" in "/work_dir/fmriprep_24_0_wf/sub_14_wf/anat_fit_wf/anat_template_wf/anat_conform/mapflow/_anat_conform0".
250329-09:53:34,141 nipype.workflow INFO:
	 [Node] Executing "_anat_conform0" <niworkflows.interfaces.images.Conform>
250329-09:53:34,232 nipype.workflow INFO:
	 [Node] Finished "_anat_conform0", elapsed time 0.090049s.
250329-09:53:35,946 nipype.workflow INFO:
	 [Node] Setting-up "fmriprep_24_0_wf.sub_14_wf.anat_fit_wf.anat_template_wf.get1st" in "/work_dir/fmriprep_24_0_wf/sub_14_wf/anat_fit_wf/anat_template_wf/get1st".
250329-09:53:35,955 nipype.workflow INFO:
	 [Node] Executing "get1st" <nipype.interfaces.utility.base.Select>
250329-09:53:35,956 nipype.workflow INFO:
	 [Node] Finished "get1st", elapsed time 0.000338s.
250329-09:53:36,467 nipype.workflow INFO:
	 [Node] Finished "slice_timing_correction", elapsed time 172.19516s.
250329-09:53:37,988 nipype.workflow INFO:
	 [Node] Setting-up "fmriprep_24_0_wf.sub_14_wf.bold_task_bird_run_6_wf.bold_native_wf.bold_stc_wf.copy_xform" in "/work_dir/fmriprep_24_0_wf/sub_14_wf/bold_task_bird_run_6_wf/bold_native_wf/bold_stc_wf/copy_xform".
250329-09:53:40,28 nipype.workflow INFO:
	 [Node] Setting-up "fmriprep_24_0_wf.sub_14_wf.anat_fit_wf.surface_recon_wf.fov_check" in "/work_dir/fmriprep_24_0_wf/sub_14_wf/anat_fit_wf/surface_recon_wf/fov_check".
250329-09:53:40,44 nipype.workflow INFO:
	 [Node] Executing "fov_check" <nipype.interfaces.utility.wrappers.Function>
250329-09:53:40,105 nipype.workflow INFO:
	 [Node] Setting-up "_truncate_images0" in "/work_dir/fmriprep_24_0_wf/sub_14_wf/anat_fit_wf/brain_extraction_wf/truncate_images/mapflow/_truncate_images0".
250329-09:53:40,112 nipype.workflow INFO:
	 [Node] Executing "_truncate_images0" <nipype.interfaces.ants.utils.ImageMath>
250329-09:53:40,646 nipype.workflow INFO:
	 [Node] Finished "fov_check", elapsed time 0.60084s.
250329-09:53:41,57 nipype.workflow INFO:
	 [Node] Executing "copy_xform" <niworkflows.interfaces.header.CopyXForm>
250329-09:53:41,931 nipype.workflow INFO:
	 [Node] Setting-up "fmriprep_24_0_wf.sub_14_wf.anat_fit_wf.surface_recon_wf.recon_config" in "/work_dir/fmriprep_24_0_wf/sub_14_wf/anat_fit_wf/surface_recon_wf/recon_config".
250329-09:53:44,677 nipype.interface INFO:
	 stderr 2025-03-29T09:53:44.677263:++ Max displacement in automask = 0.10 (mm) at sub-brick 17
250329-09:53:44,677 nipype.interface INFO:
	 stderr 2025-03-29T09:53:44.677596:++ Max delta displ  in automask = 0.09 (mm) at sub-brick 19
250329-09:53:45,703 nipype.workflow INFO:
	 [Node] Executing "recon_config" <niworkflows.interfaces.freesurfer.FSDetectInputs>
250329-09:53:45,773 nipype.workflow INFO:
	 [Node] Finished "recon_config", elapsed time 0.069385s.
250329-09:53:47,50 nipype.workflow INFO:
	 [Node] Finished "slice_timing_correction", elapsed time 196.543896s.
250329-09:53:47,396 nipype.interface INFO:
	 stderr 2025-03-29T09:53:47.396197:++ Max displacement in automask = 0.13 (mm) at sub-brick 15
250329-09:53:47,396 nipype.interface INFO:
	 stderr 2025-03-29T09:53:47.396197:++ Max delta displ  in automask = 0.10 (mm) at sub-brick 8
250329-09:53:48,12 nipype.workflow INFO:
	 [Node] Finished "_truncate_images0", elapsed time 7.320343s.
250329-09:53:48,153 nipype.workflow INFO:
	 [Node] Setting-up "fmriprep_24_0_wf.sub_14_wf.bold_task_bird_run_2_wf.bold_native_wf.bold_stc_wf.copy_xform" in "/work_dir/fmriprep_24_0_wf/sub_14_wf/bold_task_bird_run_2_wf/bold_native_wf/bold_stc_wf/copy_xform".
250329-09:53:49,622 nipype.workflow INFO:
	 [Node] Finished "gen_avg", elapsed time 199.235008s.
250329-09:53:50,127 nipype.workflow INFO:
	 [Node] Setting-up "fmriprep_24_0_wf.sub_14_wf.bold_task_bird_run_6_wf.bold_fit_wf.fmapref_buffer" in "/work_dir/fmriprep_24_0_wf/sub_14_wf/bold_task_bird_run_6_wf/bold_fit_wf/fmapref_buffer".
250329-09:53:50,130 nipype.workflow INFO:
	 [Node] Executing "fmapref_buffer" <nipype.interfaces.utility.wrappers.Function>
250329-09:53:50,132 nipype.workflow INFO:
	 [Node] Finished "fmapref_buffer", elapsed time 0.001072s.
250329-09:53:50,254 nipype.interface WARNING:
	 Changing /output/sub-14/func/sub-14_task-bird_run-6_desc-hmc_boldref.nii.gz dtype from uint16 to float32
250329-09:53:51,267 nipype.workflow INFO:
	 [Node] Setting-up "_inu_n40" in "/work_dir/fmriprep_24_0_wf/sub_14_wf/anat_fit_wf/brain_extraction_wf/inu_n4/mapflow/_inu_n40".
250329-09:53:51,270 nipype.workflow INFO:
	 [Node] Executing "_inu_n40" <nipype.interfaces.ants.segmentation.N4BiasFieldCorrection>
250329-09:53:51,349 nipype.workflow INFO:
	 [Node] Setting-up "fmriprep_24_0_wf.sub_14_wf.bold_task_bird_run_6_wf.bold_fit_wf.bold_hmc_wf.mcflirt" in "/work_dir/fmriprep_24_0_wf/sub_14_wf/bold_task_bird_run_6_wf/bold_fit_wf/bold_hmc_wf/mcflirt".
250329-09:53:51,373 nipype.workflow INFO:
	 [Node] Executing "mcflirt" <nipype.interfaces.fsl.preprocess.MCFLIRT>
250329-09:53:51,642 nipype.interface INFO:
	 stderr 2025-03-29T09:53:51.642354:++ Max displacement in automask = 0.09 (mm) at sub-brick 16
250329-09:53:51,642 nipype.interface INFO:
	 stderr 2025-03-29T09:53:51.642668:++ Max delta displ  in automask = 0.08 (mm) at sub-brick 15
250329-09:53:52,124 nipype.workflow INFO:
	 [Node] Setting-up "fmriprep_24_0_wf.sub_14_wf.bold_task_bird_run_6_wf.bold_fit_wf.ds_coreg_boldref_wf.sources" in "/work_dir/fmriprep_24_0_wf/sub_14_wf/bold_task_bird_run_6_wf/bold_fit_wf/ds_coreg_boldref_wf/sources".
250329-09:53:52,127 nipype.workflow INFO:
	 [Node] Executing "sources" <fmriprep.interfaces.bids.BIDSURI>
250329-09:53:52,129 nipype.workflow INFO:
	 [Node] Finished "sources", elapsed time 0.00026s.
250329-09:53:52,973 nipype.workflow INFO:
	 [Node] Finished "gen_avg", elapsed time 203.289345s.
250329-09:53:53,87 nipype.workflow INFO:
	 [Node] Executing "copy_xform" <niworkflows.interfaces.header.CopyXForm>
250329-09:53:53,600 nipype.workflow INFO:
	 [Node] Setting-up "fmriprep_24_0_wf.sub_14_wf.anat_fit_wf.surface_recon_wf.autorecon1" in "/work_dir/fmriprep_24_0_wf/sub_14_wf/anat_fit_wf/surface_recon_wf/autorecon1".
250329-09:53:53,632 nipype.workflow INFO:
	 [Node] Executing "autorecon1" <smriprep.interfaces.freesurfer.ReconAll>
250329-09:53:54,246 nipype.workflow INFO:
	 [Node] Setting-up "fmriprep_24_0_wf.sub_14_wf.bold_task_bird_run_3_wf.bold_fit_wf.fmapref_buffer" in "/work_dir/fmriprep_24_0_wf/sub_14_wf/bold_task_bird_run_3_wf/bold_fit_wf/fmapref_buffer".
250329-09:53:54,249 nipype.workflow INFO:
	 [Node] Executing "fmapref_buffer" <nipype.interfaces.utility.wrappers.Function>
250329-09:53:54,251 nipype.workflow INFO:
	 [Node] Finished "fmapref_buffer", elapsed time 0.001088s.
250329-09:53:54,375 nipype.interface WARNING:
	 Changing /output/sub-14/func/sub-14_task-bird_run-3_desc-hmc_boldref.nii.gz dtype from uint16 to float32
250329-09:53:55,573 nipype.workflow INFO:
	 [Node] Setting-up "fmriprep_24_0_wf.sub_14_wf.bold_task_bird_run_3_wf.bold_fit_wf.bold_hmc_wf.mcflirt" in "/work_dir/fmriprep_24_0_wf/sub_14_wf/bold_task_bird_run_3_wf/bold_fit_wf/bold_hmc_wf/mcflirt".
250329-09:53:55,813 nipype.workflow INFO:
	 [Node] Executing "mcflirt" <nipype.interfaces.fsl.preprocess.MCFLIRT>
250329-09:53:56,124 nipype.workflow INFO:
	 [Node] Setting-up "fmriprep_24_0_wf.sub_14_wf.bold_task_bird_run_3_wf.bold_fit_wf.ds_coreg_boldref_wf.sources" in "/work_dir/fmriprep_24_0_wf/sub_14_wf/bold_task_bird_run_3_wf/bold_fit_wf/ds_coreg_boldref_wf/sources".
250329-09:53:56,128 nipype.workflow INFO:
	 [Node] Executing "sources" <fmriprep.interfaces.bids.BIDSURI>
250329-09:53:56,129 nipype.workflow INFO:
	 [Node] Finished "sources", elapsed time 0.000273s.
250329-09:53:57,903 nipype.interface INFO:
	 stderr 2025-03-29T09:53:57.903412:++ Max displacement in automask = 0.13 (mm) at sub-brick 2
250329-09:53:57,903 nipype.interface INFO:
	 stderr 2025-03-29T09:53:57.903766:++ Max delta displ  in automask = 0.08 (mm) at sub-brick 2
250329-09:53:58,801 nipype.workflow INFO:
	 [Node] Finished "gen_avg", elapsed time 213.091389s.
250329-09:53:59,139 nipype.interface INFO:
	 stderr 2025-03-29T09:53:59.139456:++ Max displacement in automask = 0.10 (mm) at sub-brick 19
250329-09:53:59,139 nipype.interface INFO:
	 stderr 2025-03-29T09:53:59.139731:++ Max delta displ  in automask = 0.09 (mm) at sub-brick 3
250329-09:54:00,230 nipype.workflow INFO:
	 [Node] Setting-up "fmriprep_24_0_wf.sub_14_wf.bold_task_bird_run_2_wf.bold_fit_wf.fmapref_buffer" in "/work_dir/fmriprep_24_0_wf/sub_14_wf/bold_task_bird_run_2_wf/bold_fit_wf/fmapref_buffer".
250329-09:54:00,238 nipype.workflow INFO:
	 [Node] Executing "fmapref_buffer" <nipype.interfaces.utility.wrappers.Function>
250329-09:54:00,239 nipype.workflow INFO:
	 [Node] Finished "fmapref_buffer", elapsed time 0.000776s.
250329-09:54:00,353 nipype.interface WARNING:
	 Changing /output/sub-14/func/sub-14_task-bird_run-2_desc-hmc_boldref.nii.gz dtype from uint16 to float32
250329-09:54:01,24 nipype.workflow INFO:
	 [Node] Setting-up "fmriprep_24_0_wf.sub_14_wf.bold_task_bird_run_2_wf.bold_fit_wf.bold_hmc_wf.mcflirt" in "/work_dir/fmriprep_24_0_wf/sub_14_wf/bold_task_bird_run_2_wf/bold_fit_wf/bold_hmc_wf/mcflirt".
250329-09:54:01,32 nipype.workflow INFO:
	 [Node] Executing "mcflirt" <nipype.interfaces.fsl.preprocess.MCFLIRT>
250329-09:54:02,21 nipype.interface INFO:
	 stderr 2025-03-29T09:54:02.021796:++ Max displacement in automask = 0.10 (mm) at sub-brick 17
250329-09:54:02,22 nipype.interface INFO:
	 stderr 2025-03-29T09:54:02.021796:++ Max delta displ  in automask = 0.09 (mm) at sub-brick 8
250329-09:54:02,124 nipype.workflow INFO:
	 [Node] Setting-up "fmriprep_24_0_wf.sub_14_wf.bold_task_bird_run_2_wf.bold_fit_wf.ds_coreg_boldref_wf.sources" in "/work_dir/fmriprep_24_0_wf/sub_14_wf/bold_task_bird_run_2_wf/bold_fit_wf/ds_coreg_boldref_wf/sources".
250329-09:54:02,130 nipype.workflow INFO:
	 [Node] Executing "sources" <fmriprep.interfaces.bids.BIDSURI>
250329-09:54:02,132 nipype.workflow INFO:
	 [Node] Finished "sources", elapsed time 0.000452s.
250329-09:54:08,95 nipype.workflow INFO:
	 [Node] Finished "gen_avg", elapsed time 223.060785s.
250329-09:54:08,449 nipype.workflow INFO:
	 [Node] Finished "gen_avg", elapsed time 218.293985s.
250329-09:54:10,59 nipype.workflow INFO:
	 [Node] Finished "gen_avg", elapsed time 220.18176s.
250329-09:54:10,143 nipype.workflow INFO:
	 [Node] Setting-up "fmriprep_24_0_wf.sub_14_wf.bold_task_bird_run_1_wf.bold_fit_wf.fmapref_buffer" in "/work_dir/fmriprep_24_0_wf/sub_14_wf/bold_task_bird_run_1_wf/bold_fit_wf/fmapref_buffer".
250329-09:54:10,192 nipype.workflow INFO:
	 [Node] Executing "fmapref_buffer" <nipype.interfaces.utility.wrappers.Function>
250329-09:54:10,207 nipype.workflow INFO:
	 [Node] Finished "fmapref_buffer", elapsed time 0.013604s.
250329-09:54:10,237 nipype.interface WARNING:
	 Changing /output/sub-14/func/sub-14_task-bird_run-1_desc-hmc_boldref.nii.gz dtype from uint16 to float32
250329-09:54:10,787 nipype.workflow INFO:
	 [Node] Setting-up "fmriprep_24_0_wf.sub_14_wf.bold_task_bird_run_1_wf.bold_fit_wf.bold_hmc_wf.mcflirt" in "/work_dir/fmriprep_24_0_wf/sub_14_wf/bold_task_bird_run_1_wf/bold_fit_wf/bold_hmc_wf/mcflirt".
250329-09:54:10,794 nipype.workflow INFO:
	 [Node] Setting-up "fmriprep_24_0_wf.sub_14_wf.bold_task_bird_run_5_wf.bold_fit_wf.fmapref_buffer" in "/work_dir/fmriprep_24_0_wf/sub_14_wf/bold_task_bird_run_5_wf/bold_fit_wf/fmapref_buffer".
250329-09:54:10,798 nipype.workflow INFO:
	 [Node] Executing "mcflirt" <nipype.interfaces.fsl.preprocess.MCFLIRT>
250329-09:54:10,801 nipype.workflow INFO:
	 [Node] Executing "fmapref_buffer" <nipype.interfaces.utility.wrappers.Function>
250329-09:54:10,812 nipype.workflow INFO:
	 [Node] Finished "fmapref_buffer", elapsed time 0.009881s.
250329-09:54:10,844 nipype.interface WARNING:
	 Changing /output/sub-14/func/sub-14_task-bird_run-5_desc-hmc_boldref.nii.gz dtype from uint16 to float32
250329-09:54:11,283 nipype.workflow INFO:
	 [Node] Setting-up "fmriprep_24_0_wf.sub_14_wf.bold_task_bird_run_5_wf.bold_fit_wf.bold_hmc_wf.mcflirt" in "/work_dir/fmriprep_24_0_wf/sub_14_wf/bold_task_bird_run_5_wf/bold_fit_wf/bold_hmc_wf/mcflirt".
250329-09:54:11,291 nipype.workflow INFO:
	 [Node] Executing "mcflirt" <nipype.interfaces.fsl.preprocess.MCFLIRT>
250329-09:54:12,156 nipype.workflow INFO:
	 [Node] Setting-up "fmriprep_24_0_wf.sub_14_wf.bold_task_bird_run_4_wf.bold_fit_wf.fmapref_buffer" in "/work_dir/fmriprep_24_0_wf/sub_14_wf/bold_task_bird_run_4_wf/bold_fit_wf/fmapref_buffer".
250329-09:54:12,164 nipype.workflow INFO:
	 [Node] Executing "fmapref_buffer" <nipype.interfaces.utility.wrappers.Function>
250329-09:54:12,169 nipype.workflow INFO:
	 [Node] Finished "fmapref_buffer", elapsed time 0.000898s.
250329-09:54:12,275 nipype.interface WARNING:
	 Changing /output/sub-14/func/sub-14_task-bird_run-4_desc-hmc_boldref.nii.gz dtype from uint16 to float32
250329-09:54:13,52 nipype.workflow INFO:
	 [Node] Setting-up "fmriprep_24_0_wf.sub_14_wf.bold_task_bird_run_1_wf.bold_fit_wf.ds_coreg_boldref_wf.sources" in "/work_dir/fmriprep_24_0_wf/sub_14_wf/bold_task_bird_run_1_wf/bold_fit_wf/ds_coreg_boldref_wf/sources".
250329-09:54:13,55 nipype.workflow INFO:
	 [Node] Setting-up "fmriprep_24_0_wf.sub_14_wf.bold_task_bird_run_5_wf.bold_fit_wf.ds_coreg_boldref_wf.sources" in "/work_dir/fmriprep_24_0_wf/sub_14_wf/bold_task_bird_run_5_wf/bold_fit_wf/ds_coreg_boldref_wf/sources".
250329-09:54:13,59 nipype.workflow INFO:
	 [Node] Executing "sources" <fmriprep.interfaces.bids.BIDSURI>
250329-09:54:13,60 nipype.workflow INFO:
	 [Node] Finished "sources", elapsed time 0.000256s.
250329-09:54:13,71 nipype.workflow INFO:
	 [Node] Executing "sources" <fmriprep.interfaces.bids.BIDSURI>
250329-09:54:13,72 nipype.workflow INFO:
	 [Node] Finished "sources", elapsed time 0.000282s.
250329-09:54:13,259 nipype.workflow INFO:
	 [Node] Setting-up "fmriprep_24_0_wf.sub_14_wf.bold_task_bird_run_4_wf.bold_fit_wf.bold_hmc_wf.mcflirt" in "/work_dir/fmriprep_24_0_wf/sub_14_wf/bold_task_bird_run_4_wf/bold_fit_wf/bold_hmc_wf/mcflirt".
250329-09:54:13,263 nipype.workflow INFO:
	 [Node] Executing "mcflirt" <nipype.interfaces.fsl.preprocess.MCFLIRT>
250329-09:54:14,312 nipype.workflow INFO:
	 [Node] Setting-up "fmriprep_24_0_wf.sub_14_wf.bold_task_bird_run_4_wf.bold_fit_wf.ds_coreg_boldref_wf.sources" in "/work_dir/fmriprep_24_0_wf/sub_14_wf/bold_task_bird_run_4_wf/bold_fit_wf/ds_coreg_boldref_wf/sources".
250329-09:54:14,315 nipype.workflow INFO:
	 [Node] Executing "sources" <fmriprep.interfaces.bids.BIDSURI>
250329-09:54:14,316 nipype.workflow INFO:
	 [Node] Finished "sources", elapsed time 0.000284s.
250329-09:54:41,31 nipype.workflow INFO:
	 [Node] Finished "copy_xform", elapsed time 67.810146s.
250329-09:54:42,491 nipype.workflow INFO:
	 [Node] Setting-up "fmriprep_24_0_wf.sub_14_wf.bold_task_bird_run_1_wf.bold_fit_wf.enhance_and_skullstrip_bold_wf.init_aff" in "/work_dir/fmriprep_24_0_wf/sub_14_wf/bold_task_bird_run_1_wf/bold_fit_wf/enhance_and_skullstrip_bold_wf/init_aff".
250329-09:54:42,512 nipype.workflow INFO:
	 [Node] Executing "init_aff" <nipype.interfaces.ants.utils.AI>
250329-09:54:46,532 nipype.workflow INFO:
	 [Node] Finished "copy_xform", elapsed time 53.443353s.
250329-09:54:52,562 nipype.workflow INFO:
	 [Node] Finished "copy_xform", elapsed time 71.503475s.
250329-09:55:33,636 nipype.workflow INFO:
	 [Node] Finished "_inu_n40", elapsed time 101.922925s.
250329-09:55:34,141 nipype.workflow INFO:
	 [Node] Setting-up "fmriprep_24_0_wf.sub_14_wf.bold_task_bird_run_2_wf.bold_fit_wf.enhance_and_skullstrip_bold_wf.init_aff" in "/work_dir/fmriprep_24_0_wf/sub_14_wf/bold_task_bird_run_2_wf/bold_fit_wf/enhance_and_skullstrip_bold_wf/init_aff".
250329-09:55:34,149 nipype.workflow INFO:
	 [Node] Setting-up "fmriprep_24_0_wf.sub_14_wf.anat_fit_wf.brain_extraction_wf.res_target" in "/work_dir/fmriprep_24_0_wf/sub_14_wf/anat_fit_wf/brain_extraction_wf/res_target".
250329-09:55:34,155 nipype.workflow INFO:
	 [Node] Executing "init_aff" <nipype.interfaces.ants.utils.AI>
250329-09:55:34,157 nipype.workflow INFO:
	 [Node] Executing "res_target" <niworkflows.interfaces.nibabel.RegridToZooms>
250329-09:55:34,260 nipype.workflow INFO:
	 [Node] Setting-up "fmriprep_24_0_wf.sub_14_wf.anat_fit_wf.brain_extraction_wf.lap_target" in "/work_dir/fmriprep_24_0_wf/sub_14_wf/anat_fit_wf/brain_extraction_wf/lap_target".
250329-09:55:34,289 nipype.workflow INFO:
	 [Node] Executing "lap_target" <nipype.interfaces.ants.utils.ImageMath>
250329-09:55:36,937 nipype.workflow INFO:
	 [Node] Finished "res_target", elapsed time 2.778786s.
250329-09:56:00,674 nipype.workflow INFO:
	 [Node] Finished "lap_target", elapsed time 25.515499s.
250329-09:56:02,405 nipype.workflow INFO:
	 [Node] Setting-up "fmriprep_24_0_wf.sub_14_wf.anat_fit_wf.brain_extraction_wf.mrg_target" in "/work_dir/fmriprep_24_0_wf/sub_14_wf/anat_fit_wf/brain_extraction_wf/mrg_target".
250329-09:56:02,530 nipype.workflow INFO:
	 [Node] Executing "mrg_target" <nipype.interfaces.utility.base.Merge>
250329-09:56:02,532 nipype.workflow INFO:
	 [Node] Finished "mrg_target", elapsed time 0.000267s.
250329-09:57:12,67 nipype.workflow INFO:
	 [Node] Finished "init_aff", elapsed time 148.69647s.
250329-09:57:14,219 nipype.workflow INFO:
	 [Node] Setting-up "fmriprep_24_0_wf.sub_14_wf.bold_task_bird_run_3_wf.bold_fit_wf.enhance_and_skullstrip_bold_wf.init_aff" in "/work_dir/fmriprep_24_0_wf/sub_14_wf/bold_task_bird_run_3_wf/bold_fit_wf/enhance_and_skullstrip_bold_wf/init_aff".
250329-09:57:14,236 nipype.workflow INFO:
	 [Node] Executing "init_aff" <nipype.interfaces.ants.utils.AI>
250329-09:57:49,408 nipype.workflow INFO:
	 [Node] Finished "init_aff", elapsed time 134.585798s.
250329-09:57:50,465 nipype.workflow INFO:
	 [Node] Setting-up "fmriprep_24_0_wf.sub_14_wf.bold_task_bird_run_4_wf.bold_fit_wf.enhance_and_skullstrip_bold_wf.init_aff" in "/work_dir/fmriprep_24_0_wf/sub_14_wf/bold_task_bird_run_4_wf/bold_fit_wf/enhance_and_skullstrip_bold_wf/init_aff".
250329-09:57:50,469 nipype.workflow INFO:
	 [Node] Executing "init_aff" <nipype.interfaces.ants.utils.AI>
250329-09:58:33,795 nipype.workflow INFO:
	 [Node] Finished "mcflirt", elapsed time 282.41983s.
250329-09:58:36,28 nipype.workflow INFO:
	 [Node] Finished "mcflirt", elapsed time 280.213876s.
250329-09:58:37,29 nipype.workflow INFO:
	 [Node] Setting-up "fmriprep_24_0_wf.sub_14_wf.bold_task_bird_run_6_wf.bold_fit_wf.bold_hmc_wf.normalize_motion" in "/work_dir/fmriprep_24_0_wf/sub_14_wf/bold_task_bird_run_6_wf/bold_fit_wf/bold_hmc_wf/normalize_motion".
250329-09:58:37,130 nipype.workflow INFO:
	 [Node] Executing "normalize_motion" <niworkflows.interfaces.confounds.NormalizeMotionParams>
250329-09:58:37,135 nipype.workflow INFO:
	 [Node] Finished "normalize_motion", elapsed time 0.004135s.
250329-09:58:39,266 nipype.workflow INFO:
	 [Node] Setting-up "fmriprep_24_0_wf.sub_14_wf.bold_task_bird_run_6_wf.bold_confounds_wf.fdisp" in "/work_dir/fmriprep_24_0_wf/sub_14_wf/bold_task_bird_run_6_wf/bold_confounds_wf/fdisp".
250329-09:58:39,271 nipype.workflow INFO:
	 [Node] Setting-up "fmriprep_24_0_wf.sub_14_wf.bold_task_bird_run_3_wf.bold_fit_wf.bold_hmc_wf.normalize_motion" in "/work_dir/fmriprep_24_0_wf/sub_14_wf/bold_task_bird_run_3_wf/bold_fit_wf/bold_hmc_wf/normalize_motion".
250329-09:58:39,587 nipype.workflow INFO:
	 [Node] Executing "normalize_motion" <niworkflows.interfaces.confounds.NormalizeMotionParams>
250329-09:58:39,606 nipype.workflow INFO:
	 [Node] Finished "normalize_motion", elapsed time 0.018512s.
250329-09:58:40,102 nipype.workflow INFO:
	 [Node] Executing "fdisp" <nipype.algorithms.confounds.FramewiseDisplacement>
250329-09:58:40,106 nipype.workflow INFO:
	 [Node] Finished "fdisp", elapsed time 0.00311s.
250329-09:58:40,909 nipype.workflow INFO:
	 [Node] Setting-up "fmriprep_24_0_wf.sub_14_wf.bold_task_bird_run_3_wf.bold_confounds_wf.fdisp" in "/work_dir/fmriprep_24_0_wf/sub_14_wf/bold_task_bird_run_3_wf/bold_confounds_wf/fdisp".
250329-09:58:40,914 nipype.workflow INFO:
	 [Node] Executing "fdisp" <nipype.algorithms.confounds.FramewiseDisplacement>
250329-09:58:40,918 nipype.workflow INFO:
	 [Node] Finished "fdisp", elapsed time 0.003333s.
250329-10:00:04,466 nipype.workflow INFO:
	 [Node] Finished "init_aff", elapsed time 169.759488s.
250329-10:00:06,385 nipype.workflow INFO:
	 [Node] Setting-up "fmriprep_24_0_wf.sub_14_wf.bold_task_bird_run_3_wf.bold_fit_wf.bold_hmc_wf.fsl2itk" in "/work_dir/fmriprep_24_0_wf/sub_14_wf/bold_task_bird_run_3_wf/bold_fit_wf/bold_hmc_wf/fsl2itk".
250329-10:00:06,430 nipype.workflow INFO:
	 [Node] Executing "fsl2itk" <niworkflows.interfaces.itk.MCFLIRT2ITK>
250329-10:00:06,431 nipype.interface WARNING:
	 Multithreading is deprecated. Remove the num_threads input.
250329-10:00:06,706 nipype.workflow INFO:
	 [Node] Finished "fsl2itk", elapsed time 0.275006s.
250329-10:00:08,379 nipype.workflow INFO:
	 [Node] Setting-up "fmriprep_24_0_wf.sub_14_wf.bold_task_bird_run_5_wf.bold_fit_wf.enhance_and_skullstrip_bold_wf.init_aff" in "/work_dir/fmriprep_24_0_wf/sub_14_wf/bold_task_bird_run_5_wf/bold_fit_wf/enhance_and_skullstrip_bold_wf/init_aff".
250329-10:00:08,383 nipype.workflow INFO:
	 [Node] Executing "init_aff" <nipype.interfaces.ants.utils.AI>
250329-10:00:11,184 nipype.workflow INFO:
	 [Node] Finished "mcflirt", elapsed time 360.385142s.
250329-10:00:12,820 nipype.workflow INFO:
	 [Node] Setting-up "fmriprep_24_0_wf.sub_14_wf.bold_task_bird_run_1_wf.bold_fit_wf.bold_hmc_wf.normalize_motion" in "/work_dir/fmriprep_24_0_wf/sub_14_wf/bold_task_bird_run_1_wf/bold_fit_wf/bold_hmc_wf/normalize_motion".
250329-10:00:12,972 nipype.workflow INFO:
	 [Node] Executing "normalize_motion" <niworkflows.interfaces.confounds.NormalizeMotionParams>
250329-10:00:12,977 nipype.workflow INFO:
	 [Node] Finished "normalize_motion", elapsed time 0.004075s.
250329-10:00:14,395 nipype.workflow INFO:
	 [Node] Setting-up "fmriprep_24_0_wf.sub_14_wf.bold_task_bird_run_1_wf.bold_confounds_wf.fdisp" in "/work_dir/fmriprep_24_0_wf/sub_14_wf/bold_task_bird_run_1_wf/bold_confounds_wf/fdisp".
250329-10:00:15,253 nipype.workflow INFO:
	 [Node] Executing "fdisp" <nipype.algorithms.confounds.FramewiseDisplacement>
250329-10:00:15,257 nipype.workflow INFO:
	 [Node] Finished "fdisp", elapsed time 0.003118s.
250329-10:00:17,321 nipype.workflow INFO:
	 [Node] Finished "init_aff", elapsed time 146.425002s.
250329-10:00:18,458 nipype.workflow INFO:
	 [Node] Setting-up "fmriprep_24_0_wf.sub_14_wf.bold_task_bird_run_1_wf.bold_fit_wf.bold_hmc_wf.fsl2itk" in "/work_dir/fmriprep_24_0_wf/sub_14_wf/bold_task_bird_run_1_wf/bold_fit_wf/bold_hmc_wf/fsl2itk".
250329-10:00:18,498 nipype.workflow INFO:
	 [Node] Executing "fsl2itk" <niworkflows.interfaces.itk.MCFLIRT2ITK>
250329-10:00:18,499 nipype.interface WARNING:
	 Multithreading is deprecated. Remove the num_threads input.
250329-10:00:18,764 nipype.workflow INFO:
	 [Node] Finished "fsl2itk", elapsed time 0.264637s.
250329-10:00:20,361 nipype.workflow INFO:
	 [Node] Setting-up "fmriprep_24_0_wf.sub_14_wf.bold_task_bird_run_6_wf.bold_fit_wf.enhance_and_skullstrip_bold_wf.init_aff" in "/work_dir/fmriprep_24_0_wf/sub_14_wf/bold_task_bird_run_6_wf/bold_fit_wf/enhance_and_skullstrip_bold_wf/init_aff".
250329-10:00:20,364 nipype.workflow INFO:
	 [Node] Executing "init_aff" <nipype.interfaces.ants.utils.AI>
250329-10:00:44,845 nipype.workflow INFO:
	 [Node] Finished "mcflirt", elapsed time 393.55263s.
250329-10:00:45,160 nipype.workflow INFO:
	 [Node] Finished "mcflirt", elapsed time 404.126709s.
250329-10:00:46,931 nipype.workflow INFO:
	 [Node] Setting-up "fmriprep_24_0_wf.sub_14_wf.bold_task_bird_run_2_wf.bold_fit_wf.bold_hmc_wf.normalize_motion" in "/work_dir/fmriprep_24_0_wf/sub_14_wf/bold_task_bird_run_2_wf/bold_fit_wf/bold_hmc_wf/normalize_motion".
250329-10:00:47,84 nipype.workflow INFO:
	 [Node] Executing "normalize_motion" <niworkflows.interfaces.confounds.NormalizeMotionParams>
250329-10:00:47,89 nipype.workflow INFO:
	 [Node] Finished "normalize_motion", elapsed time 0.004557s.
250329-10:00:47,215 nipype.workflow INFO:
	 [Node] Setting-up "fmriprep_24_0_wf.sub_14_wf.bold_task_bird_run_5_wf.bold_fit_wf.bold_hmc_wf.normalize_motion" in "/work_dir/fmriprep_24_0_wf/sub_14_wf/bold_task_bird_run_5_wf/bold_fit_wf/bold_hmc_wf/normalize_motion".
250329-10:00:47,318 nipype.workflow INFO:
	 [Node] Executing "normalize_motion" <niworkflows.interfaces.confounds.NormalizeMotionParams>
250329-10:00:47,323 nipype.workflow INFO:
	 [Node] Finished "normalize_motion", elapsed time 0.00417s.
250329-10:00:48,343 nipype.workflow INFO:
	 [Node] Setting-up "fmriprep_24_0_wf.sub_14_wf.bold_task_bird_run_2_wf.bold_confounds_wf.fdisp" in "/work_dir/fmriprep_24_0_wf/sub_14_wf/bold_task_bird_run_2_wf/bold_confounds_wf/fdisp".
250329-10:00:48,348 nipype.workflow INFO:
	 [Node] Executing "fdisp" <nipype.algorithms.confounds.FramewiseDisplacement>
250329-10:00:48,353 nipype.workflow INFO:
	 [Node] Finished "fdisp", elapsed time 0.003275s.
250329-10:00:48,552 nipype.workflow INFO:
	 [Node] Setting-up "fmriprep_24_0_wf.sub_14_wf.bold_task_bird_run_5_wf.bold_confounds_wf.fdisp" in "/work_dir/fmriprep_24_0_wf/sub_14_wf/bold_task_bird_run_5_wf/bold_confounds_wf/fdisp".
250329-10:00:48,948 nipype.workflow INFO:
	 [Node] Executing "fdisp" <nipype.algorithms.confounds.FramewiseDisplacement>
250329-10:00:48,953 nipype.workflow INFO:
	 [Node] Finished "fdisp", elapsed time 0.003547s.
250329-10:01:11,363 nipype.workflow INFO:
	 [Node] Finished "mcflirt", elapsed time 418.098893s.
250329-10:01:12,397 nipype.workflow INFO:
	 [Node] Setting-up "fmriprep_24_0_wf.sub_14_wf.bold_task_bird_run_2_wf.bold_fit_wf.bold_hmc_wf.fsl2itk" in "/work_dir/fmriprep_24_0_wf/sub_14_wf/bold_task_bird_run_2_wf/bold_fit_wf/bold_hmc_wf/fsl2itk".
250329-10:01:12,440 nipype.workflow INFO:
	 [Node] Executing "fsl2itk" <niworkflows.interfaces.itk.MCFLIRT2ITK>
250329-10:01:12,440 nipype.interface WARNING:
	 Multithreading is deprecated. Remove the num_threads input.
250329-10:01:12,709 nipype.workflow INFO:
	 [Node] Finished "fsl2itk", elapsed time 0.2685s.
250329-10:01:14,433 nipype.workflow INFO:
	 [Node] Setting-up "fmriprep_24_0_wf.sub_14_wf.bold_task_bird_run_4_wf.bold_fit_wf.bold_hmc_wf.fsl2itk" in "/work_dir/fmriprep_24_0_wf/sub_14_wf/bold_task_bird_run_4_wf/bold_fit_wf/bold_hmc_wf/fsl2itk".
250329-10:01:14,486 nipype.workflow INFO:
	 [Node] Executing "fsl2itk" <niworkflows.interfaces.itk.MCFLIRT2ITK>
250329-10:01:14,487 nipype.interface WARNING:
	 Multithreading is deprecated. Remove the num_threads input.
250329-10:01:14,758 nipype.workflow INFO:
	 [Node] Finished "fsl2itk", elapsed time 0.269887s.
250329-10:01:16,352 nipype.workflow INFO:
	 [Node] Setting-up "fmriprep_24_0_wf.sub_14_wf.bold_task_bird_run_4_wf.bold_fit_wf.bold_hmc_wf.normalize_motion" in "/work_dir/fmriprep_24_0_wf/sub_14_wf/bold_task_bird_run_4_wf/bold_fit_wf/bold_hmc_wf/normalize_motion".
250329-10:01:16,372 nipype.workflow INFO:
	 [Node] Executing "normalize_motion" <niworkflows.interfaces.confounds.NormalizeMotionParams>
250329-10:01:16,377 nipype.workflow INFO:
	 [Node] Finished "normalize_motion", elapsed time 0.004529s.
250329-10:01:18,505 nipype.workflow INFO:
	 [Node] Setting-up "fmriprep_24_0_wf.sub_14_wf.bold_task_bird_run_5_wf.bold_fit_wf.bold_hmc_wf.fsl2itk" in "/work_dir/fmriprep_24_0_wf/sub_14_wf/bold_task_bird_run_5_wf/bold_fit_wf/bold_hmc_wf/fsl2itk".
250329-10:01:18,638 nipype.workflow INFO:
	 [Node] Executing "fsl2itk" <niworkflows.interfaces.itk.MCFLIRT2ITK>
250329-10:01:18,639 nipype.interface WARNING:
	 Multithreading is deprecated. Remove the num_threads input.
250329-10:01:18,921 nipype.workflow INFO:
	 [Node] Finished "fsl2itk", elapsed time 0.282327s.
250329-10:01:20,477 nipype.workflow INFO:
	 [Node] Setting-up "fmriprep_24_0_wf.sub_14_wf.bold_task_bird_run_6_wf.bold_fit_wf.bold_hmc_wf.fsl2itk" in "/work_dir/fmriprep_24_0_wf/sub_14_wf/bold_task_bird_run_6_wf/bold_fit_wf/bold_hmc_wf/fsl2itk".
250329-10:01:20,605 nipype.workflow INFO:
	 [Node] Executing "fsl2itk" <niworkflows.interfaces.itk.MCFLIRT2ITK>
250329-10:01:20,605 nipype.interface WARNING:
	 Multithreading is deprecated. Remove the num_threads input.
250329-10:01:20,872 nipype.workflow INFO:
	 [Node] Finished "fsl2itk", elapsed time 0.266745s.
250329-10:01:22,356 nipype.workflow INFO:
	 [Node] Setting-up "fmriprep_24_0_wf.sub_14_wf.bold_task_bird_run_1_wf.bold_fit_wf.enhance_and_skullstrip_bold_wf.norm" in "/work_dir/fmriprep_24_0_wf/sub_14_wf/bold_task_bird_run_1_wf/bold_fit_wf/enhance_and_skullstrip_bold_wf/norm".
250329-10:01:22,373 nipype.workflow INFO:
	 [Node] Executing "norm" <niworkflows.interfaces.fixes.FixHeaderRegistration>
250329-10:01:24,520 nipype.workflow INFO:
	 [Node] Finished "norm", elapsed time 2.144917s.
250329-10:01:26,350 nipype.workflow INFO:
	 [Node] Setting-up "fmriprep_24_0_wf.sub_14_wf.bold_task_bird_run_2_wf.bold_fit_wf.enhance_and_skullstrip_bold_wf.norm" in "/work_dir/fmriprep_24_0_wf/sub_14_wf/bold_task_bird_run_2_wf/bold_fit_wf/enhance_and_skullstrip_bold_wf/norm".
250329-10:01:26,357 nipype.workflow INFO:
	 [Node] Executing "norm" <niworkflows.interfaces.fixes.FixHeaderRegistration>
250329-10:01:31,148 nipype.workflow INFO:
	 [Node] Finished "norm", elapsed time 4.409036s.
250329-10:01:32,350 nipype.workflow INFO:
	 [Node] Setting-up "fmriprep_24_0_wf.sub_14_wf.bold_task_bird_run_3_wf.bold_fit_wf.enhance_and_skullstrip_bold_wf.norm" in "/work_dir/fmriprep_24_0_wf/sub_14_wf/bold_task_bird_run_3_wf/bold_fit_wf/enhance_and_skullstrip_bold_wf/norm".
250329-10:01:32,356 nipype.workflow INFO:
	 [Node] Executing "norm" <niworkflows.interfaces.fixes.FixHeaderRegistration>
250329-10:01:33,242 nipype.workflow INFO:
	 [Node] Finished "norm", elapsed time 0.885249s.
250329-10:01:34,349 nipype.workflow INFO:
	 [Node] Setting-up "fmriprep_24_0_wf.sub_14_wf.bold_task_bird_run_4_wf.bold_fit_wf.enhance_and_skullstrip_bold_wf.norm" in "/work_dir/fmriprep_24_0_wf/sub_14_wf/bold_task_bird_run_4_wf/bold_fit_wf/enhance_and_skullstrip_bold_wf/norm".
250329-10:01:34,355 nipype.workflow INFO:
	 [Node] Executing "norm" <niworkflows.interfaces.fixes.FixHeaderRegistration>
250329-10:01:36,476 nipype.workflow INFO:
	 [Node] Finished "norm", elapsed time 2.120589s.
250329-10:01:38,356 nipype.workflow INFO:
	 [Node] Setting-up "fmriprep_24_0_wf.sub_14_wf.bold_task_bird_run_4_wf.bold_confounds_wf.fdisp" in "/work_dir/fmriprep_24_0_wf/sub_14_wf/bold_task_bird_run_4_wf/bold_confounds_wf/fdisp".
250329-10:01:38,864 nipype.workflow INFO:
	 [Node] Executing "fdisp" <nipype.algorithms.confounds.FramewiseDisplacement>
250329-10:01:38,870 nipype.workflow INFO:
	 [Node] Finished "fdisp", elapsed time 0.00378s.
250329-10:01:39,88 nipype.workflow INFO:
	 [Node] Setting-up "fmriprep_24_0_wf.sub_14_wf.bold_task_bird_run_1_wf.bold_fit_wf.enhance_and_skullstrip_bold_wf.map_brainmask" in "/work_dir/fmriprep_24_0_wf/sub_14_wf/bold_task_bird_run_1_wf/bold_fit_wf/enhance_and_skullstrip_bold_wf/map_brainmask".
250329-10:01:39,93 nipype.workflow INFO:
	 [Node] Executing "map_brainmask" <niworkflows.interfaces.fixes.FixHeaderApplyTransforms>
250329-10:01:39,98 nipype.workflow INFO:
	 [Node] Setting-up "fmriprep_24_0_wf.sub_14_wf.bold_task_bird_run_3_wf.bold_fit_wf.enhance_and_skullstrip_bold_wf.map_brainmask" in "/work_dir/fmriprep_24_0_wf/sub_14_wf/bold_task_bird_run_3_wf/bold_fit_wf/enhance_and_skullstrip_bold_wf/map_brainmask".
250329-10:01:39,102 nipype.workflow INFO:
	 [Node] Executing "map_brainmask" <niworkflows.interfaces.fixes.FixHeaderApplyTransforms>
250329-10:01:39,140 nipype.workflow INFO:
	 [Node] Setting-up "fmriprep_24_0_wf.sub_14_wf.bold_task_bird_run_2_wf.bold_fit_wf.enhance_and_skullstrip_bold_wf.map_brainmask" in "/work_dir/fmriprep_24_0_wf/sub_14_wf/bold_task_bird_run_2_wf/bold_fit_wf/enhance_and_skullstrip_bold_wf/map_brainmask".
250329-10:01:39,144 nipype.workflow INFO:
	 [Node] Executing "map_brainmask" <niworkflows.interfaces.fixes.FixHeaderApplyTransforms>
250329-10:01:39,198 nipype.workflow INFO:
	 [Node] Setting-up "fmriprep_24_0_wf.sub_14_wf.bold_task_bird_run_4_wf.bold_fit_wf.enhance_and_skullstrip_bold_wf.map_brainmask" in "/work_dir/fmriprep_24_0_wf/sub_14_wf/bold_task_bird_run_4_wf/bold_fit_wf/enhance_and_skullstrip_bold_wf/map_brainmask".
250329-10:01:39,203 nipype.workflow INFO:
	 [Node] Executing "map_brainmask" <niworkflows.interfaces.fixes.FixHeaderApplyTransforms>
250329-10:01:40,62 nipype.workflow INFO:
	 [Node] Finished "map_brainmask", elapsed time 0.968499s.
250329-10:01:40,429 nipype.workflow INFO:
	 [Node] Finished "map_brainmask", elapsed time 0.833472s.
250329-10:01:40,551 nipype.workflow INFO:
	 [Node] Finished "map_brainmask", elapsed time 0.77709s.
250329-10:01:40,602 nipype.workflow INFO:
	 [Node] Finished "map_brainmask", elapsed time 0.903805s.
250329-10:01:43,312 nipype.workflow INFO:
	 [Node] Setting-up "fmriprep_24_0_wf.sub_14_wf.bold_task_bird_run_1_wf.bold_fit_wf.enhance_and_skullstrip_bold_wf.n4_correct" in "/work_dir/fmriprep_24_0_wf/sub_14_wf/bold_task_bird_run_1_wf/bold_fit_wf/enhance_and_skullstrip_bold_wf/n4_correct".
250329-10:01:43,315 nipype.workflow INFO:
	 [Node] Executing "n4_correct" <niworkflows.interfaces.fixes.FixN4BiasFieldCorrection>
250329-10:01:44,356 nipype.workflow INFO:
	 [Node] Setting-up "fmriprep_24_0_wf.sub_14_wf.bold_task_bird_run_2_wf.bold_fit_wf.enhance_and_skullstrip_bold_wf.n4_correct" in "/work_dir/fmriprep_24_0_wf/sub_14_wf/bold_task_bird_run_2_wf/bold_fit_wf/enhance_and_skullstrip_bold_wf/n4_correct".
250329-10:01:44,358 nipype.workflow INFO:
	 [Node] Setting-up "fmriprep_24_0_wf.sub_14_wf.bold_task_bird_run_3_wf.bold_fit_wf.enhance_and_skullstrip_bold_wf.n4_correct" in "/work_dir/fmriprep_24_0_wf/sub_14_wf/bold_task_bird_run_3_wf/bold_fit_wf/enhance_and_skullstrip_bold_wf/n4_correct".
250329-10:01:44,359 nipype.workflow INFO:
	 [Node] Setting-up "fmriprep_24_0_wf.sub_14_wf.bold_task_bird_run_4_wf.bold_fit_wf.enhance_and_skullstrip_bold_wf.n4_correct" in "/work_dir/fmriprep_24_0_wf/sub_14_wf/bold_task_bird_run_4_wf/bold_fit_wf/enhance_and_skullstrip_bold_wf/n4_correct".
250329-10:01:44,361 nipype.workflow INFO:
	 [Node] Executing "n4_correct" <niworkflows.interfaces.fixes.FixN4BiasFieldCorrection>
250329-10:01:44,363 nipype.workflow INFO:
	 [Node] Executing "n4_correct" <niworkflows.interfaces.fixes.FixN4BiasFieldCorrection>
250329-10:01:44,371 nipype.workflow INFO:
	 [Node] Executing "n4_correct" <niworkflows.interfaces.fixes.FixN4BiasFieldCorrection>
250329-10:01:46,933 nipype.workflow INFO:
	 [Node] Finished "n4_correct", elapsed time 1.96313s.
250329-10:01:48,358 nipype.workflow INFO:
	 [Node] Setting-up "fmriprep_24_0_wf.sub_14_wf.bold_task_bird_run_3_wf.bold_fit_wf.enhance_and_skullstrip_bold_wf.skullstrip_first_pass" in "/work_dir/fmriprep_24_0_wf/sub_14_wf/bold_task_bird_run_3_wf/bold_fit_wf/enhance_and_skullstrip_bold_wf/skullstrip_first_pass".
250329-10:01:48,429 nipype.workflow INFO:
	 [Node] Executing "skullstrip_first_pass" <nipype.interfaces.fsl.preprocess.BET>
250329-10:01:48,453 nipype.interface WARNING:
	 Changing /output/sub-14/func/sub-14_task-bird_run-3_desc-coreg_boldref.nii.gz dtype from uint16 to float32
250329-10:01:48,845 nipype.workflow INFO:
	 [Node] Finished "n4_correct", elapsed time 3.9556810000000002s.
250329-10:01:50,228 nipype.workflow INFO:
	 [Node] Finished "n4_correct", elapsed time 6.526079s.
250329-10:01:50,471 nipype.interface WARNING:
	 Changing /output/sub-14/func/sub-14_task-bird_run-4_desc-coreg_boldref.nii.gz dtype from uint16 to float32
250329-10:01:50,589 nipype.workflow INFO:
	 [Node] Setting-up "fmriprep_24_0_wf.sub_14_wf.bold_task_bird_run_4_wf.bold_fit_wf.enhance_and_skullstrip_bold_wf.skullstrip_first_pass" in "/work_dir/fmriprep_24_0_wf/sub_14_wf/bold_task_bird_run_4_wf/bold_fit_wf/enhance_and_skullstrip_bold_wf/skullstrip_first_pass".
250329-10:01:50,652 nipype.workflow INFO:
	 [Node] Executing "skullstrip_first_pass" <nipype.interfaces.fsl.preprocess.BET>
250329-10:01:50,652 nipype.workflow INFO:
	 [Node] Finished "n4_correct", elapsed time 6.277288s.
250329-10:01:51,40 nipype.workflow INFO:
	 [Node] Setting-up "fmriprep_24_0_wf.sub_14_wf.bold_task_bird_run_3_wf.bold_fit_wf.ds_boldreg_wf.sources" in "/work_dir/fmriprep_24_0_wf/sub_14_wf/bold_task_bird_run_3_wf/bold_fit_wf/ds_boldreg_wf/sources".
250329-10:01:51,44 nipype.workflow INFO:
	 [Node] Executing "sources" <fmriprep.interfaces.bids.BIDSURI>
250329-10:01:51,45 nipype.workflow INFO:
	 [Node] Finished "sources", elapsed time 0.000294s.
250329-10:01:51,96 nipype.workflow INFO:
	 [Node] Finished "skullstrip_first_pass", elapsed time 2.6663449999999997s.
250329-10:01:52,292 nipype.workflow INFO:
	 [Node] Finished "init_aff", elapsed time 103.578397s.
250329-10:01:52,366 nipype.workflow INFO:
	 [Node] Setting-up "fmriprep_24_0_wf.sub_14_wf.bold_task_bird_run_1_wf.bold_fit_wf.enhance_and_skullstrip_bold_wf.skullstrip_first_pass" in "/work_dir/fmriprep_24_0_wf/sub_14_wf/bold_task_bird_run_1_wf/bold_fit_wf/enhance_and_skullstrip_bold_wf/skullstrip_first_pass".
250329-10:01:52,369 nipype.workflow INFO:
	 [Node] Executing "skullstrip_first_pass" <nipype.interfaces.fsl.preprocess.BET>
250329-10:01:52,439 nipype.interface WARNING:
	 Changing /output/sub-14/func/sub-14_task-bird_run-1_desc-coreg_boldref.nii.gz dtype from uint16 to float32
250329-10:01:52,927 nipype.workflow INFO:
	 [Node] Finished "skullstrip_first_pass", elapsed time 2.273551s.
250329-10:01:52,936 nipype.workflow INFO:
	 [Node] Setting-up "fmriprep_24_0_wf.sub_14_wf.bold_task_bird_run_2_wf.bold_fit_wf.enhance_and_skullstrip_bold_wf.skullstrip_first_pass" in "/work_dir/fmriprep_24_0_wf/sub_14_wf/bold_task_bird_run_2_wf/bold_fit_wf/enhance_and_skullstrip_bold_wf/skullstrip_first_pass".
250329-10:01:52,940 nipype.workflow INFO:
	 [Node] Executing "skullstrip_first_pass" <nipype.interfaces.fsl.preprocess.BET>
250329-10:01:53,15 nipype.interface WARNING:
	 Changing /output/sub-14/func/sub-14_task-bird_run-2_desc-coreg_boldref.nii.gz dtype from uint16 to float32
250329-10:01:53,482 nipype.workflow INFO:
	 [Node] Setting-up "fmriprep_24_0_wf.sub_14_wf.bold_task_bird_run_4_wf.bold_fit_wf.ds_boldreg_wf.sources" in "/work_dir/fmriprep_24_0_wf/sub_14_wf/bold_task_bird_run_4_wf/bold_fit_wf/ds_boldreg_wf/sources".
250329-10:01:53,485 nipype.workflow INFO:
	 [Node] Executing "sources" <fmriprep.interfaces.bids.BIDSURI>
250329-10:01:53,486 nipype.workflow INFO:
	 [Node] Finished "sources", elapsed time 0.000261s.
250329-10:01:53,487 nipype.workflow INFO:
	 [Node] Setting-up "fmriprep_24_0_wf.sub_14_wf.bold_task_bird_run_3_wf.bold_fit_wf.enhance_and_skullstrip_bold_wf.first_dilate" in "/work_dir/fmriprep_24_0_wf/sub_14_wf/bold_task_bird_run_3_wf/bold_fit_wf/enhance_and_skullstrip_bold_wf/first_dilate".
250329-10:01:53,489 nipype.workflow INFO:
	 [Node] Executing "first_dilate" <niworkflows.interfaces.nibabel.BinaryDilation>
250329-10:01:54,310 nipype.workflow INFO:
	 [Node] Finished "first_dilate", elapsed time 0.81972s.
250329-10:01:54,359 nipype.workflow INFO:
	 [Node] Setting-up "fmriprep_24_0_wf.sub_14_wf.bold_task_bird_run_1_wf.bold_fit_wf.ds_boldreg_wf.sources" in "/work_dir/fmriprep_24_0_wf/sub_14_wf/bold_task_bird_run_1_wf/bold_fit_wf/ds_boldreg_wf/sources".
250329-10:01:54,363 nipype.workflow INFO:
	 [Node] Executing "sources" <fmriprep.interfaces.bids.BIDSURI>
250329-10:01:54,364 nipype.workflow INFO:
	 [Node] Finished "sources", elapsed time 0.00028s.
250329-10:01:54,366 nipype.workflow INFO:
	 [Node] Setting-up "fmriprep_24_0_wf.sub_14_wf.bold_task_bird_run_2_wf.bold_fit_wf.ds_boldreg_wf.sources" in "/work_dir/fmriprep_24_0_wf/sub_14_wf/bold_task_bird_run_2_wf/bold_fit_wf/ds_boldreg_wf/sources".
250329-10:01:54,370 nipype.workflow INFO:
	 [Node] Executing "sources" <fmriprep.interfaces.bids.BIDSURI>
250329-10:01:54,371 nipype.workflow INFO:
	 [Node] Finished "sources", elapsed time 0.000304s.
250329-10:01:54,373 nipype.workflow INFO:
	 [Node] Setting-up "fmriprep_24_0_wf.sub_14_wf.bold_task_bird_run_4_wf.bold_fit_wf.enhance_and_skullstrip_bold_wf.first_dilate" in "/work_dir/fmriprep_24_0_wf/sub_14_wf/bold_task_bird_run_4_wf/bold_fit_wf/enhance_and_skullstrip_bold_wf/first_dilate".
250329-10:01:54,380 nipype.workflow INFO:
	 [Node] Executing "first_dilate" <niworkflows.interfaces.nibabel.BinaryDilation>
250329-10:01:54,416 nipype.workflow INFO:
	 [Node] Setting-up "fmriprep_24_0_wf.sub_14_wf.bold_task_bird_run_5_wf.bold_fit_wf.enhance_and_skullstrip_bold_wf.norm" in "/work_dir/fmriprep_24_0_wf/sub_14_wf/bold_task_bird_run_5_wf/bold_fit_wf/enhance_and_skullstrip_bold_wf/norm".
250329-10:01:54,436 nipype.workflow INFO:
	 [Node] Executing "norm" <niworkflows.interfaces.fixes.FixHeaderRegistration>
250329-10:01:54,557 nipype.workflow INFO:
	 [Node] Finished "skullstrip_first_pass", elapsed time 2.186707s.
250329-10:01:55,21 nipype.workflow INFO:
	 [Node] Finished "skullstrip_first_pass", elapsed time 2.080547s.
250329-10:01:55,109 nipype.workflow INFO:
	 [Node] Finished "first_dilate", elapsed time 0.727761s.
250329-10:01:56,196 nipype.workflow INFO:
	 [Node] Finished "norm", elapsed time 1.275182s.
250329-10:01:56,456 nipype.workflow INFO:
	 [Node] Setting-up "fmriprep_24_0_wf.sub_14_wf.anat_fit_wf.brain_extraction_wf.init_aff" in "/work_dir/fmriprep_24_0_wf/sub_14_wf/anat_fit_wf/brain_extraction_wf/init_aff".
250329-10:01:56,466 nipype.workflow INFO:
	 [Node] Executing "init_aff" <nipype.interfaces.ants.utils.AI>
250329-10:01:58,370 nipype.workflow INFO:
	 [Node] Setting-up "fmriprep_24_0_wf.sub_14_wf.bold_task_bird_run_5_wf.bold_fit_wf.enhance_and_skullstrip_bold_wf.map_brainmask" in "/work_dir/fmriprep_24_0_wf/sub_14_wf/bold_task_bird_run_5_wf/bold_fit_wf/enhance_and_skullstrip_bold_wf/map_brainmask".
250329-10:01:58,374 nipype.workflow INFO:
	 [Node] Executing "map_brainmask" <niworkflows.interfaces.fixes.FixHeaderApplyTransforms>
250329-10:01:58,384 nipype.workflow INFO:
	 [Node] Setting-up "fmriprep_24_0_wf.sub_14_wf.bold_task_bird_run_3_wf.bold_fit_wf.enhance_and_skullstrip_bold_wf.first_mask" in "/work_dir/fmriprep_24_0_wf/sub_14_wf/bold_task_bird_run_3_wf/bold_fit_wf/enhance_and_skullstrip_bold_wf/first_mask".
250329-10:01:58,387 nipype.workflow INFO:
	 [Node] Setting-up "fmriprep_24_0_wf.sub_14_wf.bold_task_bird_run_1_wf.bold_fit_wf.enhance_and_skullstrip_bold_wf.first_dilate" in "/work_dir/fmriprep_24_0_wf/sub_14_wf/bold_task_bird_run_1_wf/bold_fit_wf/enhance_and_skullstrip_bold_wf/first_dilate".
250329-10:01:58,387 nipype.workflow INFO:
	 [Node] Executing "first_mask" <niworkflows.interfaces.nibabel.ApplyMask>
250329-10:01:58,390 nipype.workflow INFO:
	 [Node] Executing "first_dilate" <niworkflows.interfaces.nibabel.BinaryDilation>
250329-10:01:58,391 nipype.workflow INFO:
	 [Node] Setting-up "fmriprep_24_0_wf.sub_14_wf.bold_task_bird_run_2_wf.bold_fit_wf.enhance_and_skullstrip_bold_wf.first_dilate" in "/work_dir/fmriprep_24_0_wf/sub_14_wf/bold_task_bird_run_2_wf/bold_fit_wf/enhance_and_skullstrip_bold_wf/first_dilate".
250329-10:01:58,391 nipype.workflow INFO:
	 [Node] Setting-up "fmriprep_24_0_wf.sub_14_wf.bold_task_bird_run_4_wf.bold_fit_wf.enhance_and_skullstrip_bold_wf.first_mask" in "/work_dir/fmriprep_24_0_wf/sub_14_wf/bold_task_bird_run_4_wf/bold_fit_wf/enhance_and_skullstrip_bold_wf/first_mask".
250329-10:01:58,393 nipype.workflow INFO:
	 [Node] Executing "first_dilate" <niworkflows.interfaces.nibabel.BinaryDilation>
250329-10:01:58,484 nipype.workflow INFO:
	 [Node] Finished "first_mask", elapsed time 0.096034s.
250329-10:01:58,573 nipype.workflow INFO:
	 [Node] Executing "first_mask" <niworkflows.interfaces.nibabel.ApplyMask>
250329-10:01:58,735 nipype.workflow INFO:
	 [Node] Finished "first_mask", elapsed time 0.160895s.
250329-10:01:58,807 nipype.workflow INFO:
	 [Node] Finished "init_aff", elapsed time 98.004429s.
250329-10:01:59,214 nipype.workflow INFO:
	 [Node] Finished "first_dilate", elapsed time 0.819976s.
250329-10:01:59,226 nipype.workflow INFO:
	 [Node] Finished "first_dilate", elapsed time 0.835554s.
250329-10:01:59,549 nipype.workflow INFO:
	 [Node] Finished "map_brainmask", elapsed time 0.628875s.
250329-10:02:00,354 nipype.workflow INFO:
	 [Node] Setting-up "fmriprep_24_0_wf.sub_14_wf.bold_task_bird_run_6_wf.bold_fit_wf.enhance_and_skullstrip_bold_wf.norm" in "/work_dir/fmriprep_24_0_wf/sub_14_wf/bold_task_bird_run_6_wf/bold_fit_wf/enhance_and_skullstrip_bold_wf/norm".
250329-10:02:00,360 nipype.workflow INFO:
	 [Node] Executing "norm" <niworkflows.interfaces.fixes.FixHeaderRegistration>
250329-10:02:00,971 nipype.workflow INFO:
	 [Node] Setting-up "fmriprep_24_0_wf.sub_14_wf.bold_task_bird_run_1_wf.bold_native_wf.boldref_bold" in "/work_dir/fmriprep_24_0_wf/sub_14_wf/bold_task_bird_run_1_wf/bold_native_wf/boldref_bold".
250329-10:02:00,976 nipype.workflow INFO:
	 [Node] Executing "boldref_bold" <fmriprep.interfaces.resampling.ResampleSeries>
250329-10:02:01,206 nipype.workflow INFO:
	 [Node] Finished "norm", elapsed time 0.845301s.
250329-10:02:02,348 nipype.workflow INFO:
	 [Node] Setting-up "fmriprep_24_0_wf.sub_14_wf.bold_task_bird_run_6_wf.bold_fit_wf.enhance_and_skullstrip_bold_wf.map_brainmask" in "/work_dir/fmriprep_24_0_wf/sub_14_wf/bold_task_bird_run_6_wf/bold_fit_wf/enhance_and_skullstrip_bold_wf/map_brainmask".
250329-10:02:02,353 nipype.workflow INFO:
	 [Node] Executing "map_brainmask" <niworkflows.interfaces.fixes.FixHeaderApplyTransforms>
250329-10:02:02,357 nipype.workflow INFO:
	 [Node] Setting-up "fmriprep_24_0_wf.sub_14_wf.bold_task_bird_run_3_wf.bold_fit_wf.enhance_and_skullstrip_bold_wf.unifize" in "/work_dir/fmriprep_24_0_wf/sub_14_wf/bold_task_bird_run_3_wf/bold_fit_wf/enhance_and_skullstrip_bold_wf/unifize".
250329-10:02:02,361 nipype.workflow INFO:
	 [Node] Executing "unifize" <nipype.interfaces.afni.utils.Unifize>
250329-10:02:02,365 nipype.workflow INFO:
	 [Node] Setting-up "fmriprep_24_0_wf.sub_14_wf.bold_task_bird_run_2_wf.bold_fit_wf.enhance_and_skullstrip_bold_wf.first_mask" in "/work_dir/fmriprep_24_0_wf/sub_14_wf/bold_task_bird_run_2_wf/bold_fit_wf/enhance_and_skullstrip_bold_wf/first_mask".
250329-10:02:02,368 nipype.workflow INFO:
	 [Node] Executing "first_mask" <niworkflows.interfaces.nibabel.ApplyMask>
250329-10:02:02,368 nipype.workflow INFO:
	 [Node] Setting-up "fmriprep_24_0_wf.sub_14_wf.bold_task_bird_run_1_wf.bold_fit_wf.enhance_and_skullstrip_bold_wf.first_mask" in "/work_dir/fmriprep_24_0_wf/sub_14_wf/bold_task_bird_run_1_wf/bold_fit_wf/enhance_and_skullstrip_bold_wf/first_mask".
250329-10:02:02,371 nipype.workflow INFO:
	 [Node] Executing "first_mask" <niworkflows.interfaces.nibabel.ApplyMask>
250329-10:02:02,401 nipype.workflow INFO:
	 [Node] Setting-up "fmriprep_24_0_wf.sub_14_wf.bold_task_bird_run_5_wf.bold_fit_wf.enhance_and_skullstrip_bold_wf.n4_correct" in "/work_dir/fmriprep_24_0_wf/sub_14_wf/bold_task_bird_run_5_wf/bold_fit_wf/enhance_and_skullstrip_bold_wf/n4_correct".
250329-10:02:02,408 nipype.workflow INFO:
	 [Node] Executing "n4_correct" <niworkflows.interfaces.fixes.FixN4BiasFieldCorrection>
250329-10:02:02,434 nipype.workflow INFO:
	 [Node] Setting-up "fmriprep_24_0_wf.sub_14_wf.bold_task_bird_run_4_wf.bold_fit_wf.enhance_and_skullstrip_bold_wf.unifize" in "/work_dir/fmriprep_24_0_wf/sub_14_wf/bold_task_bird_run_4_wf/bold_fit_wf/enhance_and_skullstrip_bold_wf/unifize".
250329-10:02:02,443 nipype.workflow INFO:
	 [Node] Executing "unifize" <nipype.interfaces.afni.utils.Unifize>
250329-10:02:02,480 nipype.workflow INFO:
	 [Node] Finished "first_mask", elapsed time 0.111183s.
250329-10:02:02,482 nipype.workflow INFO:
	 [Node] Finished "first_mask", elapsed time 0.110484s.
250329-10:02:03,75 nipype.workflow INFO:
	 [Node] Finished "map_brainmask", elapsed time 0.721389s.
250329-10:02:04,876 nipype.workflow INFO:
	 [Node] Setting-up "fmriprep_24_0_wf.sub_14_wf.bold_task_bird_run_1_wf.bold_fit_wf.enhance_and_skullstrip_bold_wf.unifize" in "/work_dir/fmriprep_24_0_wf/sub_14_wf/bold_task_bird_run_1_wf/bold_fit_wf/enhance_and_skullstrip_bold_wf/unifize".
250329-10:02:04,878 nipype.workflow INFO:
	 [Node] Setting-up "fmriprep_24_0_wf.sub_14_wf.bold_task_bird_run_2_wf.bold_fit_wf.enhance_and_skullstrip_bold_wf.unifize" in "/work_dir/fmriprep_24_0_wf/sub_14_wf/bold_task_bird_run_2_wf/bold_fit_wf/enhance_and_skullstrip_bold_wf/unifize".
250329-10:02:04,893 nipype.workflow INFO:
	 [Node] Executing "unifize" <nipype.interfaces.afni.utils.Unifize>
250329-10:02:04,896 nipype.workflow INFO:
	 [Node] Executing "unifize" <nipype.interfaces.afni.utils.Unifize>
250329-10:02:06,364 nipype.workflow INFO:
	 [Node] Finished "n4_correct", elapsed time 3.5028259999999998s.
250329-10:02:06,372 nipype.workflow INFO:
	 [Node] Setting-up "fmriprep_24_0_wf.sub_14_wf.bold_task_bird_run_6_wf.bold_fit_wf.enhance_and_skullstrip_bold_wf.n4_correct" in "/work_dir/fmriprep_24_0_wf/sub_14_wf/bold_task_bird_run_6_wf/bold_fit_wf/enhance_and_skullstrip_bold_wf/n4_correct".
250329-10:02:06,375 nipype.workflow INFO:
	 [Node] Executing "n4_correct" <niworkflows.interfaces.fixes.FixN4BiasFieldCorrection>
250329-10:02:08,735 nipype.interface WARNING:
	 Changing /output/sub-14/func/sub-14_task-bird_run-5_desc-coreg_boldref.nii.gz dtype from uint16 to float32
250329-10:02:08,802 nipype.workflow INFO:
	 [Node] Setting-up "fmriprep_24_0_wf.sub_14_wf.bold_task_bird_run_5_wf.bold_fit_wf.enhance_and_skullstrip_bold_wf.skullstrip_first_pass" in "/work_dir/fmriprep_24_0_wf/sub_14_wf/bold_task_bird_run_5_wf/bold_fit_wf/enhance_and_skullstrip_bold_wf/skullstrip_first_pass".
250329-10:02:08,819 nipype.workflow INFO:
	 [Node] Executing "skullstrip_first_pass" <nipype.interfaces.fsl.preprocess.BET>
250329-10:02:10,528 nipype.workflow INFO:
	 [Node] Setting-up "fmriprep_24_0_wf.sub_14_wf.bold_task_bird_run_5_wf.bold_fit_wf.ds_boldreg_wf.sources" in "/work_dir/fmriprep_24_0_wf/sub_14_wf/bold_task_bird_run_5_wf/bold_fit_wf/ds_boldreg_wf/sources".
250329-10:02:10,531 nipype.workflow INFO:
	 [Node] Executing "sources" <fmriprep.interfaces.bids.BIDSURI>
250329-10:02:10,532 nipype.workflow INFO:
	 [Node] Finished "sources", elapsed time 0.000266s.
250329-10:02:13,536 nipype.workflow INFO:
	 [Node] Finished "n4_correct", elapsed time 7.159454s.
250329-10:02:13,928 nipype.workflow INFO:
	 [Node] Finished "skullstrip_first_pass", elapsed time 5.108029s.
250329-10:02:14,754 nipype.workflow INFO:
	 [Node] Setting-up "fmriprep_24_0_wf.sub_14_wf.bold_task_bird_run_6_wf.bold_fit_wf.enhance_and_skullstrip_bold_wf.skullstrip_first_pass" in "/work_dir/fmriprep_24_0_wf/sub_14_wf/bold_task_bird_run_6_wf/bold_fit_wf/enhance_and_skullstrip_bold_wf/skullstrip_first_pass".
250329-10:02:14,757 nipype.workflow INFO:
	 [Node] Executing "skullstrip_first_pass" <nipype.interfaces.fsl.preprocess.BET>
250329-10:02:14,824 nipype.interface WARNING:
	 Changing /output/sub-14/func/sub-14_task-bird_run-6_desc-coreg_boldref.nii.gz dtype from uint16 to float32
250329-10:02:15,775 nipype.workflow INFO:
	 [Node] Setting-up "fmriprep_24_0_wf.sub_14_wf.bold_task_bird_run_5_wf.bold_fit_wf.enhance_and_skullstrip_bold_wf.first_dilate" in "/work_dir/fmriprep_24_0_wf/sub_14_wf/bold_task_bird_run_5_wf/bold_fit_wf/enhance_and_skullstrip_bold_wf/first_dilate".
250329-10:02:15,963 nipype.workflow INFO:
	 [Node] Executing "first_dilate" <niworkflows.interfaces.nibabel.BinaryDilation>
250329-10:02:16,549 nipype.workflow INFO:
	 [Node] Setting-up "fmriprep_24_0_wf.sub_14_wf.bold_task_bird_run_6_wf.bold_fit_wf.ds_boldreg_wf.sources" in "/work_dir/fmriprep_24_0_wf/sub_14_wf/bold_task_bird_run_6_wf/bold_fit_wf/ds_boldreg_wf/sources".
250329-10:02:16,552 nipype.workflow INFO:
	 [Node] Executing "sources" <fmriprep.interfaces.bids.BIDSURI>
250329-10:02:16,553 nipype.workflow INFO:
	 [Node] Finished "sources", elapsed time 0.000272s.
250329-10:02:17,136 nipype.workflow INFO:
	 [Node] Finished "first_dilate", elapsed time 1.171986s.
250329-10:02:18,430 nipype.workflow INFO:
	 [Node] Setting-up "fmriprep_24_0_wf.sub_14_wf.bold_task_bird_run_5_wf.bold_fit_wf.enhance_and_skullstrip_bold_wf.first_mask" in "/work_dir/fmriprep_24_0_wf/sub_14_wf/bold_task_bird_run_5_wf/bold_fit_wf/enhance_and_skullstrip_bold_wf/first_mask".
250329-10:02:18,433 nipype.workflow INFO:
	 [Node] Executing "first_mask" <niworkflows.interfaces.nibabel.ApplyMask>
250329-10:02:18,581 nipype.workflow INFO:
	 [Node] Finished "first_mask", elapsed time 0.147454s.
250329-10:02:20,390 nipype.workflow INFO:
	 [Node] Finished "skullstrip_first_pass", elapsed time 5.631163s.
250329-10:02:20,624 nipype.workflow INFO:
	 [Node] Setting-up "fmriprep_24_0_wf.sub_14_wf.bold_task_bird_run_5_wf.bold_fit_wf.enhance_and_skullstrip_bold_wf.unifize" in "/work_dir/fmriprep_24_0_wf/sub_14_wf/bold_task_bird_run_5_wf/bold_fit_wf/enhance_and_skullstrip_bold_wf/unifize".
250329-10:02:20,628 nipype.workflow INFO:
	 [Node] Executing "unifize" <nipype.interfaces.afni.utils.Unifize>
250329-10:02:22,599 nipype.workflow INFO:
	 [Node] Setting-up "fmriprep_24_0_wf.sub_14_wf.bold_task_bird_run_6_wf.bold_fit_wf.enhance_and_skullstrip_bold_wf.first_dilate" in "/work_dir/fmriprep_24_0_wf/sub_14_wf/bold_task_bird_run_6_wf/bold_fit_wf/enhance_and_skullstrip_bold_wf/first_dilate".
250329-10:02:22,622 nipype.workflow INFO:
	 [Node] Executing "first_dilate" <niworkflows.interfaces.nibabel.BinaryDilation>
250329-10:02:26,758 nipype.workflow INFO:
	 [Node] Finished "first_dilate", elapsed time 4.119958s.
250329-10:02:28,529 nipype.workflow INFO:
	 [Node] Setting-up "fmriprep_24_0_wf.sub_14_wf.bold_task_bird_run_6_wf.bold_fit_wf.enhance_and_skullstrip_bold_wf.first_mask" in "/work_dir/fmriprep_24_0_wf/sub_14_wf/bold_task_bird_run_6_wf/bold_fit_wf/enhance_and_skullstrip_bold_wf/first_mask".
250329-10:02:28,794 nipype.workflow INFO:
	 [Node] Executing "first_mask" <niworkflows.interfaces.nibabel.ApplyMask>
250329-10:02:29,332 nipype.workflow INFO:
	 [Node] Finished "first_mask", elapsed time 0.535838s.
250329-10:02:30,412 nipype.workflow INFO:
	 [Node] Setting-up "fmriprep_24_0_wf.sub_14_wf.bold_task_bird_run_6_wf.bold_fit_wf.enhance_and_skullstrip_bold_wf.unifize" in "/work_dir/fmriprep_24_0_wf/sub_14_wf/bold_task_bird_run_6_wf/bold_fit_wf/enhance_and_skullstrip_bold_wf/unifize".
250329-10:02:30,430 nipype.workflow INFO:
	 [Node] Executing "unifize" <nipype.interfaces.afni.utils.Unifize>
250329-10:03:00,150 nipype.workflow INFO:
	 [Node] Finished "init_aff", elapsed time 63.43863s.
250329-10:03:00,762 nipype.workflow INFO:
	 [Node] Setting-up "fmriprep_24_0_wf.sub_14_wf.bold_task_bird_run_2_wf.bold_native_wf.boldref_bold" in "/work_dir/fmriprep_24_0_wf/sub_14_wf/bold_task_bird_run_2_wf/bold_native_wf/boldref_bold".
250329-10:03:00,776 nipype.workflow INFO:
	 [Node] Executing "boldref_bold" <fmriprep.interfaces.resampling.ResampleSeries>
250329-10:03:41,550 nipype.workflow INFO:
	 [Node] Finished "boldref_bold", elapsed time 100.572472s.
250329-10:03:42,516 nipype.workflow INFO:
	 [Node] Setting-up "fmriprep_24_0_wf.sub_14_wf.bold_task_bird_run_1_wf.ds_bold_native_wf.ds_bold" in "/work_dir/fmriprep_24_0_wf/sub_14_wf/bold_task_bird_run_1_wf/ds_bold_native_wf/ds_bold".
250329-10:03:42,656 nipype.workflow INFO:
	 [Node] Setting-up "fmriprep_24_0_wf.sub_14_wf.bold_task_bird_run_3_wf.bold_native_wf.boldref_bold" in "/work_dir/fmriprep_24_0_wf/sub_14_wf/bold_task_bird_run_3_wf/bold_native_wf/boldref_bold".
250329-10:03:42,669 nipype.workflow INFO:
	 [Node] Executing "boldref_bold" <fmriprep.interfaces.resampling.ResampleSeries>
250329-10:03:42,925 nipype.workflow INFO:
	 [Node] Executing "ds_bold" <fmriprep.interfaces.DerivativesDataSink>
250329-10:04:43,3 nipype.workflow INFO:
	 [Node] Finished "boldref_bold", elapsed time 102.224912s.
250329-10:04:44,542 nipype.workflow INFO:
	 [Node] Setting-up "fmriprep_24_0_wf.sub_14_wf.bold_task_bird_run_2_wf.ds_bold_native_wf.ds_bold" in "/work_dir/fmriprep_24_0_wf/sub_14_wf/bold_task_bird_run_2_wf/ds_bold_native_wf/ds_bold".
250329-10:04:44,736 nipype.workflow INFO:
	 [Node] Setting-up "fmriprep_24_0_wf.sub_14_wf.bold_task_bird_run_4_wf.bold_native_wf.boldref_bold" in "/work_dir/fmriprep_24_0_wf/sub_14_wf/bold_task_bird_run_4_wf/bold_native_wf/boldref_bold".
250329-10:04:44,750 nipype.workflow INFO:
	 [Node] Executing "boldref_bold" <fmriprep.interfaces.resampling.ResampleSeries>
250329-10:04:45,70 nipype.workflow INFO:
	 [Node] Executing "ds_bold" <fmriprep.interfaces.DerivativesDataSink>
250329-10:05:14,75 nipype.workflow INFO:
	 [Node] Finished "ds_bold", elapsed time 91.147555s.
250329-10:05:28,363 nipype.workflow INFO:
	 [Node] Finished "boldref_bold", elapsed time 105.692652s.
250329-10:05:30,569 nipype.workflow INFO:
	 [Node] Setting-up "fmriprep_24_0_wf.sub_14_wf.bold_task_bird_run_3_wf.ds_bold_native_wf.ds_bold" in "/work_dir/fmriprep_24_0_wf/sub_14_wf/bold_task_bird_run_3_wf/ds_bold_native_wf/ds_bold".
250329-10:05:30,683 nipype.workflow INFO:
	 [Node] Setting-up "fmriprep_24_0_wf.sub_14_wf.bold_task_bird_run_5_wf.bold_native_wf.boldref_bold" in "/work_dir/fmriprep_24_0_wf/sub_14_wf/bold_task_bird_run_5_wf/bold_native_wf/boldref_bold".
250329-10:05:30,690 nipype.workflow INFO:
	 [Node] Executing "boldref_bold" <fmriprep.interfaces.resampling.ResampleSeries>
250329-10:05:30,725 nipype.workflow INFO:
	 [Node] Executing "ds_bold" <fmriprep.interfaces.DerivativesDataSink>
250329-10:06:17,605 nipype.workflow INFO:
	 [Node] Finished "ds_bold", elapsed time 92.533484s.
250329-10:06:34,991 nipype.workflow INFO:
	 [Node] Finished "ds_bold", elapsed time 64.264167s.
250329-10:06:35,269 nipype.workflow INFO:
	 [Node] Finished "boldref_bold", elapsed time 110.517087s.
250329-10:06:36,554 nipype.workflow INFO:
	 [Node] Setting-up "fmriprep_24_0_wf.sub_14_wf.bold_task_bird_run_4_wf.ds_bold_native_wf.ds_bold" in "/work_dir/fmriprep_24_0_wf/sub_14_wf/bold_task_bird_run_4_wf/ds_bold_native_wf/ds_bold".
250329-10:06:36,619 nipype.workflow INFO:
	 [Node] Executing "ds_bold" <fmriprep.interfaces.DerivativesDataSink>
250329-10:06:36,681 nipype.workflow INFO:
	 [Node] Setting-up "fmriprep_24_0_wf.sub_14_wf.bold_task_bird_run_6_wf.bold_native_wf.boldref_bold" in "/work_dir/fmriprep_24_0_wf/sub_14_wf/bold_task_bird_run_6_wf/bold_native_wf/boldref_bold".
250329-10:06:36,687 nipype.workflow INFO:
	 [Node] Executing "boldref_bold" <fmriprep.interfaces.resampling.ResampleSeries>
250329-10:07:16,120 nipype.workflow INFO:
	 [Node] Finished "boldref_bold", elapsed time 105.427972s.
250329-10:07:16,576 nipype.workflow INFO:
	 [Node] Setting-up "fmriprep_24_0_wf.sub_14_wf.anat_fit_wf.brain_extraction_wf.norm" in "/work_dir/fmriprep_24_0_wf/sub_14_wf/anat_fit_wf/brain_extraction_wf/norm".
250329-10:07:16,577 nipype.workflow INFO:
	 [Node] Setting-up "fmriprep_24_0_wf.sub_14_wf.bold_task_bird_run_5_wf.ds_bold_native_wf.ds_bold" in "/work_dir/fmriprep_24_0_wf/sub_14_wf/bold_task_bird_run_5_wf/ds_bold_native_wf/ds_bold".
250329-10:07:16,590 nipype.workflow INFO:
	 [Node] Executing "norm" <niworkflows.interfaces.fixes.FixHeaderRegistration>
250329-10:07:17,83 nipype.workflow INFO:
	 [Node] Executing "ds_bold" <fmriprep.interfaces.DerivativesDataSink>
250329-10:07:40,808 nipype.workflow INFO:
	 [Node] Finished "ds_bold", elapsed time 64.187069s.
250329-10:08:27,937 nipype.workflow INFO:
	 [Node] Finished "boldref_bold", elapsed time 111.248773s.
250329-10:08:30,385 nipype.workflow INFO:
	 [Node] Setting-up "fmriprep_24_0_wf.sub_14_wf.bold_task_bird_run_6_wf.ds_bold_native_wf.ds_bold" in "/work_dir/fmriprep_24_0_wf/sub_14_wf/bold_task_bird_run_6_wf/ds_bold_native_wf/ds_bold".
250329-10:08:30,973 nipype.workflow INFO:
	 [Node] Executing "ds_bold" <fmriprep.interfaces.DerivativesDataSink>
250329-10:08:48,193 nipype.workflow INFO:
	 [Node] Finished "ds_bold", elapsed time 91.103163s.
250329-10:09:31,905 nipype.workflow INFO:
	 [Node] Finished "ds_bold", elapsed time 60.930883s.
250329-10:10:39,926 nipype.workflow INFO:
	 [Node] Finished "unifize", elapsed time 517.481974s.
250329-10:10:40,384 nipype.workflow INFO:
	 [Node] Setting-up "fmriprep_24_0_wf.sub_14_wf.bold_task_bird_run_4_wf.bold_fit_wf.enhance_and_skullstrip_bold_wf.fixhdr_unifize" in "/work_dir/fmriprep_24_0_wf/sub_14_wf/bold_task_bird_run_4_wf/bold_fit_wf/enhance_and_skullstrip_bold_wf/fixhdr_unifize".
250329-10:10:40,387 nipype.workflow INFO:
	 [Node] Executing "fixhdr_unifize" <niworkflows.interfaces.header.CopyXForm>
250329-10:10:40,495 nipype.workflow INFO:
	 [Node] Finished "fixhdr_unifize", elapsed time 0.10649s.
250329-10:10:42,734 nipype.workflow INFO:
	 [Node] Setting-up "fmriprep_24_0_wf.sub_14_wf.bold_task_bird_run_4_wf.bold_fit_wf.enhance_and_skullstrip_bold_wf.skullstrip_second_pass" in "/work_dir/fmriprep_24_0_wf/sub_14_wf/bold_task_bird_run_4_wf/bold_fit_wf/enhance_and_skullstrip_bold_wf/skullstrip_second_pass".
250329-10:10:42,750 nipype.workflow INFO:
	 [Node] Executing "skullstrip_second_pass" <nipype.interfaces.afni.preprocess.Automask>
250329-10:10:43,888 nipype.workflow INFO:
	 [Node] Finished "skullstrip_second_pass", elapsed time 1.137295s.
250329-10:10:44,454 nipype.workflow INFO:
	 [Node] Setting-up "fmriprep_24_0_wf.sub_14_wf.bold_task_bird_run_4_wf.bold_fit_wf.enhance_and_skullstrip_bold_wf.fixhdr_skullstrip2" in "/work_dir/fmriprep_24_0_wf/sub_14_wf/bold_task_bird_run_4_wf/bold_fit_wf/enhance_and_skullstrip_bold_wf/fixhdr_skullstrip2".
250329-10:10:44,457 nipype.workflow INFO:
	 [Node] Executing "fixhdr_skullstrip2" <niworkflows.interfaces.header.CopyXForm>
250329-10:10:44,502 nipype.workflow INFO:
	 [Node] Finished "fixhdr_skullstrip2", elapsed time 0.043946s.
250329-10:10:46,577 nipype.workflow INFO:
	 [Node] Setting-up "fmriprep_24_0_wf.sub_14_wf.bold_task_bird_run_4_wf.bold_fit_wf.enhance_and_skullstrip_bold_wf.combine_masks" in "/work_dir/fmriprep_24_0_wf/sub_14_wf/bold_task_bird_run_4_wf/bold_fit_wf/enhance_and_skullstrip_bold_wf/combine_masks".
250329-10:10:46,581 nipype.workflow INFO:
	 [Node] Executing "combine_masks" <nipype.interfaces.fsl.maths.BinaryMaths>
250329-10:10:46,996 nipype.workflow INFO:
	 [Node] Finished "combine_masks", elapsed time 0.413493s.
250329-10:10:48,491 nipype.workflow INFO:
	 [Node] Setting-up "fmriprep_24_0_wf.sub_14_wf.bold_task_bird_run_4_wf.bold_fit_wf.enhance_and_skullstrip_bold_wf.apply_mask" in "/work_dir/fmriprep_24_0_wf/sub_14_wf/bold_task_bird_run_4_wf/bold_fit_wf/enhance_and_skullstrip_bold_wf/apply_mask".
250329-10:10:48,494 nipype.workflow INFO:
	 [Node] Executing "apply_mask" <niworkflows.interfaces.nibabel.ApplyMask>
250329-10:10:48,587 nipype.interface WARNING:
	 Changing /output/sub-14/func/sub-14_task-bird_run-4_desc-brain_mask.nii.gz dtype from float32 to uint8
250329-10:10:48,715 nipype.workflow INFO:
	 [Node] Finished "apply_mask", elapsed time 0.219918s.
250329-10:10:48,963 nipype.workflow INFO:
	 [Node] Finished "unifize", elapsed time 508.333987s.
250329-10:10:50,470 nipype.workflow INFO:
	 [Node] Setting-up "fmriprep_24_0_wf.sub_14_wf.bold_task_bird_run_5_wf.bold_fit_wf.enhance_and_skullstrip_bold_wf.fixhdr_unifize" in "/work_dir/fmriprep_24_0_wf/sub_14_wf/bold_task_bird_run_5_wf/bold_fit_wf/enhance_and_skullstrip_bold_wf/fixhdr_unifize".
250329-10:10:50,473 nipype.workflow INFO:
	 [Node] Executing "fixhdr_unifize" <niworkflows.interfaces.header.CopyXForm>
250329-10:10:50,487 nipype.workflow INFO:
	 [Node] Setting-up "fmriprep_24_0_wf.sub_14_wf.bold_task_bird_run_4_wf.bold_confounds_wf.dvars" in "/work_dir/fmriprep_24_0_wf/sub_14_wf/bold_task_bird_run_4_wf/bold_confounds_wf/dvars".
250329-10:10:50,487 nipype.workflow INFO:
	 [Node] Setting-up "fmriprep_24_0_wf.sub_14_wf.bold_task_bird_run_4_wf.bold_confounds_wf.tcompcor" in "/work_dir/fmriprep_24_0_wf/sub_14_wf/bold_task_bird_run_4_wf/bold_confounds_wf/tcompcor".
250329-10:10:50,681 nipype.workflow INFO:
	 [Node] Finished "fixhdr_unifize", elapsed time 0.207608s.
250329-10:10:50,946 nipype.workflow INFO:
	 [Node] Executing "tcompcor" <niworkflows.interfaces.patches.RobustTCompCor>
250329-10:10:52,0 nipype.workflow INFO:
	 [Node] Finished "unifize", elapsed time 527.103774s.
250329-10:10:52,395 nipype.workflow INFO:
	 [Node] Setting-up "fmriprep_24_0_wf.sub_14_wf.bold_task_bird_run_2_wf.bold_fit_wf.enhance_and_skullstrip_bold_wf.fixhdr_unifize" in "/work_dir/fmriprep_24_0_wf/sub_14_wf/bold_task_bird_run_2_wf/bold_fit_wf/enhance_and_skullstrip_bold_wf/fixhdr_unifize".
250329-10:10:52,396 nipype.workflow INFO:
	 [Node] Setting-up "fmriprep_24_0_wf.sub_14_wf.bold_task_bird_run_5_wf.bold_fit_wf.enhance_and_skullstrip_bold_wf.skullstrip_second_pass" in "/work_dir/fmriprep_24_0_wf/sub_14_wf/bold_task_bird_run_5_wf/bold_fit_wf/enhance_and_skullstrip_bold_wf/skullstrip_second_pass".
250329-10:10:52,398 nipype.workflow INFO:
	 [Node] Executing "fixhdr_unifize" <niworkflows.interfaces.header.CopyXForm>
250329-10:10:52,399 nipype.workflow INFO:
	 [Node] Executing "skullstrip_second_pass" <nipype.interfaces.afni.preprocess.Automask>
250329-10:10:52,552 nipype.workflow INFO:
	 [Node] Finished "fixhdr_unifize", elapsed time 0.153188s.
250329-10:10:52,783 nipype.workflow INFO:
	 [Node] Executing "dvars" <nipype.algorithms.confounds.ComputeDVARS>
250329-10:10:53,238 nipype.workflow INFO:
	 [Node] Finished "skullstrip_second_pass", elapsed time 0.838126s.
250329-10:10:53,472 nipype.workflow INFO:
	 [Node] Finished "unifize", elapsed time 531.110819s.
250329-10:10:54,572 nipype.workflow INFO:
	 [Node] Setting-up "fmriprep_24_0_wf.sub_14_wf.bold_task_bird_run_3_wf.bold_fit_wf.enhance_and_skullstrip_bold_wf.fixhdr_unifize" in "/work_dir/fmriprep_24_0_wf/sub_14_wf/bold_task_bird_run_3_wf/bold_fit_wf/enhance_and_skullstrip_bold_wf/fixhdr_unifize".
250329-10:10:54,573 nipype.workflow INFO:
	 [Node] Setting-up "fmriprep_24_0_wf.sub_14_wf.bold_task_bird_run_5_wf.bold_fit_wf.enhance_and_skullstrip_bold_wf.fixhdr_skullstrip2" in "/work_dir/fmriprep_24_0_wf/sub_14_wf/bold_task_bird_run_5_wf/bold_fit_wf/enhance_and_skullstrip_bold_wf/fixhdr_skullstrip2".
250329-10:10:54,640 nipype.workflow INFO:
	 [Node] Executing "fixhdr_unifize" <niworkflows.interfaces.header.CopyXForm>
250329-10:10:54,700 nipype.workflow INFO:
	 [Node] Setting-up "fmriprep_24_0_wf.sub_14_wf.bold_task_bird_run_2_wf.bold_fit_wf.enhance_and_skullstrip_bold_wf.skullstrip_second_pass" in "/work_dir/fmriprep_24_0_wf/sub_14_wf/bold_task_bird_run_2_wf/bold_fit_wf/enhance_and_skullstrip_bold_wf/skullstrip_second_pass".
250329-10:10:54,712 nipype.workflow INFO:
	 [Node] Executing "skullstrip_second_pass" <nipype.interfaces.afni.preprocess.Automask>
250329-10:10:54,717 nipype.workflow INFO:
	 [Node] Executing "fixhdr_skullstrip2" <niworkflows.interfaces.header.CopyXForm>
250329-10:10:54,815 nipype.workflow INFO:
	 [Node] Finished "fixhdr_skullstrip2", elapsed time 0.096203s.
250329-10:10:54,832 nipype.workflow INFO:
	 [Node] Finished "fixhdr_unifize", elapsed time 0.191103s.
250329-10:10:55,450 nipype.workflow INFO:
	 [Node] Finished "skullstrip_second_pass", elapsed time 0.736822s.
250329-10:10:56,606 nipype.workflow INFO:
	 [Node] Setting-up "fmriprep_24_0_wf.sub_14_wf.bold_task_bird_run_3_wf.bold_fit_wf.enhance_and_skullstrip_bold_wf.skullstrip_second_pass" in "/work_dir/fmriprep_24_0_wf/sub_14_wf/bold_task_bird_run_3_wf/bold_fit_wf/enhance_and_skullstrip_bold_wf/skullstrip_second_pass".
250329-10:10:56,610 nipype.workflow INFO:
	 [Node] Setting-up "fmriprep_24_0_wf.sub_14_wf.bold_task_bird_run_5_wf.bold_fit_wf.enhance_and_skullstrip_bold_wf.combine_masks" in "/work_dir/fmriprep_24_0_wf/sub_14_wf/bold_task_bird_run_5_wf/bold_fit_wf/enhance_and_skullstrip_bold_wf/combine_masks".
250329-10:10:56,615 nipype.workflow INFO:
	 [Node] Setting-up "fmriprep_24_0_wf.sub_14_wf.bold_task_bird_run_2_wf.bold_fit_wf.enhance_and_skullstrip_bold_wf.fixhdr_skullstrip2" in "/work_dir/fmriprep_24_0_wf/sub_14_wf/bold_task_bird_run_2_wf/bold_fit_wf/enhance_and_skullstrip_bold_wf/fixhdr_skullstrip2".
250329-10:10:56,616 nipype.workflow INFO:
	 [Node] Executing "combine_masks" <nipype.interfaces.fsl.maths.BinaryMaths>
250329-10:10:56,623 nipype.workflow INFO:
	 [Node] Executing "skullstrip_second_pass" <nipype.interfaces.afni.preprocess.Automask>
250329-10:10:56,732 nipype.workflow INFO:
	 [Node] Executing "fixhdr_skullstrip2" <niworkflows.interfaces.header.CopyXForm>
250329-10:10:56,829 nipype.workflow INFO:
	 [Node] Finished "fixhdr_skullstrip2", elapsed time 0.095622s.
250329-10:10:57,239 nipype.workflow INFO:
	 [Node] Finished "combine_masks", elapsed time 0.621888s.
250329-10:10:58,406 nipype.workflow INFO:
	 [Node] Setting-up "fmriprep_24_0_wf.sub_14_wf.bold_task_bird_run_5_wf.bold_fit_wf.enhance_and_skullstrip_bold_wf.apply_mask" in "/work_dir/fmriprep_24_0_wf/sub_14_wf/bold_task_bird_run_5_wf/bold_fit_wf/enhance_and_skullstrip_bold_wf/apply_mask".
250329-10:10:58,407 nipype.workflow INFO:
	 [Node] Setting-up "fmriprep_24_0_wf.sub_14_wf.bold_task_bird_run_2_wf.bold_fit_wf.enhance_and_skullstrip_bold_wf.combine_masks" in "/work_dir/fmriprep_24_0_wf/sub_14_wf/bold_task_bird_run_2_wf/bold_fit_wf/enhance_and_skullstrip_bold_wf/combine_masks".
250329-10:10:58,409 nipype.workflow INFO:
	 [Node] Executing "apply_mask" <niworkflows.interfaces.nibabel.ApplyMask>
250329-10:10:58,411 nipype.workflow INFO:
	 [Node] Executing "combine_masks" <nipype.interfaces.fsl.maths.BinaryMaths>
250329-10:10:58,462 nipype.interface WARNING:
	 Changing /output/sub-14/func/sub-14_task-bird_run-5_desc-brain_mask.nii.gz dtype from float32 to uint8
250329-10:10:58,541 nipype.workflow INFO:
	 [Node] Finished "skullstrip_second_pass", elapsed time 1.915806s.
250329-10:10:58,543 nipype.workflow INFO:
	 [Node] Finished "apply_mask", elapsed time 0.133376s.
250329-10:10:58,654 nipype.workflow INFO:
	 [Node] Finished "combine_masks", elapsed time 0.241917s.
250329-10:11:00,782 nipype.workflow INFO:
	 [Node] Setting-up "fmriprep_24_0_wf.sub_14_wf.bold_task_bird_run_3_wf.bold_fit_wf.enhance_and_skullstrip_bold_wf.fixhdr_skullstrip2" in "/work_dir/fmriprep_24_0_wf/sub_14_wf/bold_task_bird_run_3_wf/bold_fit_wf/enhance_and_skullstrip_bold_wf/fixhdr_skullstrip2".
250329-10:11:00,800 nipype.workflow INFO:
	 [Node] Setting-up "fmriprep_24_0_wf.sub_14_wf.bold_task_bird_run_2_wf.bold_fit_wf.enhance_and_skullstrip_bold_wf.apply_mask" in "/work_dir/fmriprep_24_0_wf/sub_14_wf/bold_task_bird_run_2_wf/bold_fit_wf/enhance_and_skullstrip_bold_wf/apply_mask".
250329-10:11:00,804 nipype.workflow INFO:
	 [Node] Executing "apply_mask" <niworkflows.interfaces.nibabel.ApplyMask>
250329-10:11:00,866 nipype.interface WARNING:
	 Changing /output/sub-14/func/sub-14_task-bird_run-2_desc-brain_mask.nii.gz dtype from float32 to uint8
250329-10:11:00,908 nipype.workflow INFO:
	 [Node] Executing "fixhdr_skullstrip2" <niworkflows.interfaces.header.CopyXForm>
250329-10:11:01,6 nipype.workflow INFO:
	 [Node] Finished "fixhdr_skullstrip2", elapsed time 0.096746s.
250329-10:11:01,10 nipype.workflow INFO:
	 [Node] Finished "apply_mask", elapsed time 0.20495s.
250329-10:11:01,268 nipype.workflow INFO:
	 [Node] Setting-up "fmriprep_24_0_wf.sub_14_wf.bold_task_bird_run_5_wf.bold_confounds_wf.dvars" in "/work_dir/fmriprep_24_0_wf/sub_14_wf/bold_task_bird_run_5_wf/bold_confounds_wf/dvars".
250329-10:11:01,271 nipype.workflow INFO:
	 [Node] Setting-up "fmriprep_24_0_wf.sub_14_wf.bold_task_bird_run_5_wf.bold_confounds_wf.tcompcor" in "/work_dir/fmriprep_24_0_wf/sub_14_wf/bold_task_bird_run_5_wf/bold_confounds_wf/tcompcor".
250329-10:11:01,273 nipype.workflow INFO:
	 [Node] Executing "dvars" <nipype.algorithms.confounds.ComputeDVARS>
250329-10:11:01,276 nipype.workflow INFO:
	 [Node] Executing "tcompcor" <niworkflows.interfaces.patches.RobustTCompCor>
250329-10:11:02,591 nipype.workflow INFO:
	 [Node] Setting-up "fmriprep_24_0_wf.sub_14_wf.bold_task_bird_run_3_wf.bold_fit_wf.enhance_and_skullstrip_bold_wf.combine_masks" in "/work_dir/fmriprep_24_0_wf/sub_14_wf/bold_task_bird_run_3_wf/bold_fit_wf/enhance_and_skullstrip_bold_wf/combine_masks".
250329-10:11:02,600 nipype.workflow INFO:
	 [Node] Setting-up "fmriprep_24_0_wf.sub_14_wf.bold_task_bird_run_2_wf.bold_confounds_wf.dvars" in "/work_dir/fmriprep_24_0_wf/sub_14_wf/bold_task_bird_run_2_wf/bold_confounds_wf/dvars".
250329-10:11:02,604 nipype.workflow INFO:
	 [Node] Executing "dvars" <nipype.algorithms.confounds.ComputeDVARS>
250329-10:11:02,612 nipype.workflow INFO:
	 [Node] Executing "combine_masks" <nipype.interfaces.fsl.maths.BinaryMaths>
250329-10:11:02,617 nipype.workflow INFO:
	 [Node] Setting-up "fmriprep_24_0_wf.sub_14_wf.bold_task_bird_run_2_wf.bold_confounds_wf.tcompcor" in "/work_dir/fmriprep_24_0_wf/sub_14_wf/bold_task_bird_run_2_wf/bold_confounds_wf/tcompcor".
250329-10:11:02,710 nipype.workflow INFO:
	 [Node] Finished "tcompcor", elapsed time 11.762084s.
250329-10:11:03,129 nipype.workflow INFO:
	 [Node] Executing "tcompcor" <niworkflows.interfaces.patches.RobustTCompCor>
250329-10:11:03,417 nipype.workflow INFO:
	 [Node] Finished "combine_masks", elapsed time 0.803854s.
250329-10:11:04,759 nipype.workflow INFO:
	 [Node] Setting-up "fmriprep_24_0_wf.sub_14_wf.bold_task_bird_run_3_wf.bold_fit_wf.enhance_and_skullstrip_bold_wf.apply_mask" in "/work_dir/fmriprep_24_0_wf/sub_14_wf/bold_task_bird_run_3_wf/bold_fit_wf/enhance_and_skullstrip_bold_wf/apply_mask".
250329-10:11:04,762 nipype.workflow INFO:
	 [Node] Executing "apply_mask" <niworkflows.interfaces.nibabel.ApplyMask>
250329-10:11:04,877 nipype.interface WARNING:
	 Changing /output/sub-14/func/sub-14_task-bird_run-3_desc-brain_mask.nii.gz dtype from float32 to uint8
250329-10:11:05,14 nipype.workflow INFO:
	 [Node] Finished "apply_mask", elapsed time 0.233688s.
250329-10:11:06,766 nipype.workflow INFO:
	 [Node] Setting-up "fmriprep_24_0_wf.sub_14_wf.bold_task_bird_run_3_wf.bold_confounds_wf.tcompcor" in "/work_dir/fmriprep_24_0_wf/sub_14_wf/bold_task_bird_run_3_wf/bold_confounds_wf/tcompcor".
250329-10:11:06,770 nipype.workflow INFO:
	 [Node] Setting-up "fmriprep_24_0_wf.sub_14_wf.bold_task_bird_run_3_wf.bold_confounds_wf.dvars" in "/work_dir/fmriprep_24_0_wf/sub_14_wf/bold_task_bird_run_3_wf/bold_confounds_wf/dvars".
250329-10:11:06,971 nipype.workflow INFO:
	 [Node] Executing "tcompcor" <niworkflows.interfaces.patches.RobustTCompCor>
250329-10:11:07,396 nipype.workflow INFO:
	 [Node] Executing "dvars" <nipype.algorithms.confounds.ComputeDVARS>
250329-10:11:12,832 nipype.workflow INFO:
	 [Node] Setting-up "fmriprep_24_0_wf.sub_14_wf.bold_task_bird_run_4_wf.bold_confounds_wf.tcc_metadata_filter" in "/work_dir/fmriprep_24_0_wf/sub_14_wf/bold_task_bird_run_4_wf/bold_confounds_wf/tcc_metadata_filter".
250329-10:11:12,835 nipype.workflow INFO:
	 [Node] Executing "tcc_metadata_filter" <fmriprep.interfaces.confounds.FilterDropped>
250329-10:11:12,866 nipype.workflow INFO:
	 [Node] Finished "tcc_metadata_filter", elapsed time 0.030218s.
250329-10:11:14,595 nipype.workflow INFO:
	 [Node] Setting-up "fmriprep_24_0_wf.sub_14_wf.bold_task_bird_run_4_wf.bold_confounds_wf.tcc_metadata_fmt" in "/work_dir/fmriprep_24_0_wf/sub_14_wf/bold_task_bird_run_4_wf/bold_confounds_wf/tcc_metadata_fmt".
250329-10:11:16,575 nipype.workflow INFO:
	 [Node] Executing "tcc_metadata_fmt" <niworkflows.interfaces.utility.TSV2JSON>
250329-10:11:16,584 nipype.workflow INFO:
	 [Node] Finished "tcc_metadata_fmt", elapsed time 0.008122s.
250329-10:11:19,132 nipype.workflow INFO:
	 [Node] Finished "tcompcor", elapsed time 16.001896s.
250329-10:11:20,584 nipype.workflow INFO:
	 [Node] Setting-up "fmriprep_24_0_wf.sub_14_wf.bold_task_bird_run_2_wf.bold_confounds_wf.tcc_metadata_filter" in "/work_dir/fmriprep_24_0_wf/sub_14_wf/bold_task_bird_run_2_wf/bold_confounds_wf/tcc_metadata_filter".
250329-10:11:20,588 nipype.workflow INFO:
	 [Node] Executing "tcc_metadata_filter" <fmriprep.interfaces.confounds.FilterDropped>
250329-10:11:20,594 nipype.workflow INFO:
	 [Node] Finished "tcc_metadata_filter", elapsed time 0.005545s.
250329-10:11:22,50 nipype.workflow INFO:
	 [Node] Finished "tcompcor", elapsed time 20.772113s.
250329-10:11:22,613 nipype.workflow INFO:
	 [Node] Setting-up "fmriprep_24_0_wf.sub_14_wf.bold_task_bird_run_2_wf.bold_confounds_wf.tcc_metadata_fmt" in "/work_dir/fmriprep_24_0_wf/sub_14_wf/bold_task_bird_run_2_wf/bold_confounds_wf/tcc_metadata_fmt".
250329-10:11:22,616 nipype.workflow INFO:
	 [Node] Executing "tcc_metadata_fmt" <niworkflows.interfaces.utility.TSV2JSON>
250329-10:11:22,638 nipype.workflow INFO:
	 [Node] Finished "tcc_metadata_fmt", elapsed time 0.021127s.
250329-10:11:24,7 nipype.workflow INFO:
	 [Node] Finished "tcompcor", elapsed time 17.03492s.
250329-10:11:24,583 nipype.workflow INFO:
	 [Node] Setting-up "fmriprep_24_0_wf.sub_14_wf.bold_task_bird_run_5_wf.bold_confounds_wf.tcc_metadata_filter" in "/work_dir/fmriprep_24_0_wf/sub_14_wf/bold_task_bird_run_5_wf/bold_confounds_wf/tcc_metadata_filter".
250329-10:11:24,595 nipype.workflow INFO:
	 [Node] Executing "tcc_metadata_filter" <fmriprep.interfaces.confounds.FilterDropped>
250329-10:11:24,609 nipype.workflow INFO:
	 [Node] Finished "tcc_metadata_filter", elapsed time 0.013059s.
250329-10:11:26,26 nipype.workflow INFO:
	 [Node] Setting-up "fmriprep_24_0_wf.sub_14_wf.bold_task_bird_run_3_wf.bold_confounds_wf.tcc_metadata_filter" in "/work_dir/fmriprep_24_0_wf/sub_14_wf/bold_task_bird_run_3_wf/bold_confounds_wf/tcc_metadata_filter".
250329-10:11:26,43 nipype.workflow INFO:
	 [Node] Executing "tcc_metadata_filter" <fmriprep.interfaces.confounds.FilterDropped>
250329-10:11:26,62 nipype.workflow INFO:
	 [Node] Finished "tcc_metadata_filter", elapsed time 0.017818s.
250329-10:11:26,558 nipype.workflow INFO:
	 [Node] Setting-up "fmriprep_24_0_wf.sub_14_wf.bold_task_bird_run_3_wf.bold_confounds_wf.tcc_metadata_fmt" in "/work_dir/fmriprep_24_0_wf/sub_14_wf/bold_task_bird_run_3_wf/bold_confounds_wf/tcc_metadata_fmt".
250329-10:11:26,561 nipype.workflow INFO:
	 [Node] Executing "tcc_metadata_fmt" <niworkflows.interfaces.utility.TSV2JSON>
250329-10:11:26,569 nipype.workflow INFO:
	 [Node] Setting-up "fmriprep_24_0_wf.sub_14_wf.bold_task_bird_run_5_wf.bold_confounds_wf.tcc_metadata_fmt" in "/work_dir/fmriprep_24_0_wf/sub_14_wf/bold_task_bird_run_5_wf/bold_confounds_wf/tcc_metadata_fmt".
250329-10:11:26,578 nipype.workflow INFO:
	 [Node] Finished "tcc_metadata_fmt", elapsed time 0.016121s.
250329-10:11:27,627 nipype.workflow INFO:
	 [Node] Executing "tcc_metadata_fmt" <niworkflows.interfaces.utility.TSV2JSON>
250329-10:11:27,634 nipype.workflow INFO:
	 [Node] Finished "tcc_metadata_fmt", elapsed time 0.005932s.
250329-10:11:41,849 nipype.workflow INFO:
	 [Node] Finished "dvars", elapsed time 49.0651s.
250329-10:11:50,733 nipype.workflow INFO:
	 [Node] Finished "dvars", elapsed time 49.45806s.
250329-10:11:51,453 nipype.workflow INFO:
	 [Node] Finished "dvars", elapsed time 48.848046s.
250329-10:11:55,295 nipype.workflow INFO:
	 [Node] Finished "dvars", elapsed time 47.89835s.
250329-10:12:03,650 nipype.workflow INFO:
	 [Node] Finished "autorecon1", elapsed time 1090.016536s.
250329-10:12:05,102 nipype.workflow INFO:
	 [Node] Setting-up "fmriprep_24_0_wf.sub_14_wf.anat_fit_wf.surface_recon_wf.fsnative2t1w_xfm" in "/work_dir/fmriprep_24_0_wf/sub_14_wf/anat_fit_wf/surface_recon_wf/fsnative2t1w_xfm".
250329-10:12:05,110 nipype.workflow INFO:
	 [Node] Executing "fsnative2t1w_xfm" <niworkflows.interfaces.freesurfer.PatchedRobustRegister>
250329-10:13:03,587 nipype.workflow INFO:
	 [Node] Finished "fsnative2t1w_xfm", elapsed time 58.475718s.
250329-10:13:24,562 nipype.workflow INFO:
	 [Node] Finished "unifize", elapsed time 679.66835s.
250329-10:13:26,412 nipype.workflow INFO:
	 [Node] Setting-up "fmriprep_24_0_wf.sub_14_wf.bold_task_bird_run_1_wf.bold_fit_wf.enhance_and_skullstrip_bold_wf.fixhdr_unifize" in "/work_dir/fmriprep_24_0_wf/sub_14_wf/bold_task_bird_run_1_wf/bold_fit_wf/enhance_and_skullstrip_bold_wf/fixhdr_unifize".
250329-10:13:26,415 nipype.workflow INFO:
	 [Node] Executing "fixhdr_unifize" <niworkflows.interfaces.header.CopyXForm>
250329-10:13:26,587 nipype.workflow INFO:
	 [Node] Finished "fixhdr_unifize", elapsed time 0.171567s.
250329-10:13:28,459 nipype.workflow INFO:
	 [Node] Setting-up "fmriprep_24_0_wf.sub_14_wf.bold_task_bird_run_1_wf.bold_fit_wf.enhance_and_skullstrip_bold_wf.skullstrip_second_pass" in "/work_dir/fmriprep_24_0_wf/sub_14_wf/bold_task_bird_run_1_wf/bold_fit_wf/enhance_and_skullstrip_bold_wf/skullstrip_second_pass".
250329-10:13:28,462 nipype.workflow INFO:
	 [Node] Executing "skullstrip_second_pass" <nipype.interfaces.afni.preprocess.Automask>
250329-10:13:28,976 nipype.workflow INFO:
	 [Node] Finished "skullstrip_second_pass", elapsed time 0.513339s.
250329-10:13:30,429 nipype.workflow INFO:
	 [Node] Setting-up "fmriprep_24_0_wf.sub_14_wf.bold_task_bird_run_1_wf.bold_fit_wf.enhance_and_skullstrip_bold_wf.fixhdr_skullstrip2" in "/work_dir/fmriprep_24_0_wf/sub_14_wf/bold_task_bird_run_1_wf/bold_fit_wf/enhance_and_skullstrip_bold_wf/fixhdr_skullstrip2".
250329-10:13:30,441 nipype.workflow INFO:
	 [Node] Executing "fixhdr_skullstrip2" <niworkflows.interfaces.header.CopyXForm>
250329-10:13:30,511 nipype.workflow INFO:
	 [Node] Finished "fixhdr_skullstrip2", elapsed time 0.067573s.
250329-10:13:32,401 nipype.workflow INFO:
	 [Node] Setting-up "fmriprep_24_0_wf.sub_14_wf.bold_task_bird_run_1_wf.bold_fit_wf.enhance_and_skullstrip_bold_wf.combine_masks" in "/work_dir/fmriprep_24_0_wf/sub_14_wf/bold_task_bird_run_1_wf/bold_fit_wf/enhance_and_skullstrip_bold_wf/combine_masks".
250329-10:13:32,405 nipype.workflow INFO:
	 [Node] Executing "combine_masks" <nipype.interfaces.fsl.maths.BinaryMaths>
250329-10:13:32,664 nipype.workflow INFO:
	 [Node] Finished "combine_masks", elapsed time 0.257599s.
250329-10:13:34,431 nipype.workflow INFO:
	 [Node] Setting-up "fmriprep_24_0_wf.sub_14_wf.bold_task_bird_run_1_wf.bold_fit_wf.enhance_and_skullstrip_bold_wf.apply_mask" in "/work_dir/fmriprep_24_0_wf/sub_14_wf/bold_task_bird_run_1_wf/bold_fit_wf/enhance_and_skullstrip_bold_wf/apply_mask".
250329-10:13:34,433 nipype.workflow INFO:
	 [Node] Executing "apply_mask" <niworkflows.interfaces.nibabel.ApplyMask>
250329-10:13:34,481 nipype.interface WARNING:
	 Changing /output/sub-14/func/sub-14_task-bird_run-1_desc-brain_mask.nii.gz dtype from float32 to uint8
250329-10:13:34,537 nipype.workflow INFO:
	 [Node] Finished "apply_mask", elapsed time 0.102657s.
250329-10:13:35,430 nipype.workflow INFO:
	 [Node] Finished "unifize", elapsed time 664.999139s.
250329-10:13:36,420 nipype.workflow INFO:
	 [Node] Setting-up "fmriprep_24_0_wf.sub_14_wf.bold_task_bird_run_6_wf.bold_fit_wf.enhance_and_skullstrip_bold_wf.fixhdr_unifize" in "/work_dir/fmriprep_24_0_wf/sub_14_wf/bold_task_bird_run_6_wf/bold_fit_wf/enhance_and_skullstrip_bold_wf/fixhdr_unifize".
250329-10:13:36,424 nipype.workflow INFO:
	 [Node] Executing "fixhdr_unifize" <niworkflows.interfaces.header.CopyXForm>
250329-10:13:36,427 nipype.workflow INFO:
	 [Node] Setting-up "fmriprep_24_0_wf.sub_14_wf.bold_task_bird_run_1_wf.bold_confounds_wf.dvars" in "/work_dir/fmriprep_24_0_wf/sub_14_wf/bold_task_bird_run_1_wf/bold_confounds_wf/dvars".
250329-10:13:36,429 nipype.workflow INFO:
	 [Node] Setting-up "fmriprep_24_0_wf.sub_14_wf.bold_task_bird_run_1_wf.bold_confounds_wf.tcompcor" in "/work_dir/fmriprep_24_0_wf/sub_14_wf/bold_task_bird_run_1_wf/bold_confounds_wf/tcompcor".
250329-10:13:36,439 nipype.workflow INFO:
	 [Node] Executing "dvars" <nipype.algorithms.confounds.ComputeDVARS>
250329-10:13:36,565 nipype.workflow INFO:
	 [Node] Finished "fixhdr_unifize", elapsed time 0.140075s.
250329-10:13:36,627 nipype.workflow INFO:
	 [Node] Executing "tcompcor" <niworkflows.interfaces.patches.RobustTCompCor>
250329-10:13:38,511 nipype.workflow INFO:
	 [Node] Setting-up "fmriprep_24_0_wf.sub_14_wf.bold_task_bird_run_6_wf.bold_fit_wf.enhance_and_skullstrip_bold_wf.skullstrip_second_pass" in "/work_dir/fmriprep_24_0_wf/sub_14_wf/bold_task_bird_run_6_wf/bold_fit_wf/enhance_and_skullstrip_bold_wf/skullstrip_second_pass".
250329-10:13:38,515 nipype.workflow INFO:
	 [Node] Executing "skullstrip_second_pass" <nipype.interfaces.afni.preprocess.Automask>
250329-10:13:39,411 nipype.workflow INFO:
	 [Node] Finished "skullstrip_second_pass", elapsed time 0.894835s.
250329-10:13:40,413 nipype.workflow INFO:
	 [Node] Setting-up "fmriprep_24_0_wf.sub_14_wf.bold_task_bird_run_6_wf.bold_fit_wf.enhance_and_skullstrip_bold_wf.fixhdr_skullstrip2" in "/work_dir/fmriprep_24_0_wf/sub_14_wf/bold_task_bird_run_6_wf/bold_fit_wf/enhance_and_skullstrip_bold_wf/fixhdr_skullstrip2".
250329-10:13:40,520 nipype.workflow INFO:
	 [Node] Executing "fixhdr_skullstrip2" <niworkflows.interfaces.header.CopyXForm>
250329-10:13:40,616 nipype.workflow INFO:
	 [Node] Finished "fixhdr_skullstrip2", elapsed time 0.094426s.
250329-10:13:42,402 nipype.workflow INFO:
	 [Node] Setting-up "fmriprep_24_0_wf.sub_14_wf.bold_task_bird_run_6_wf.bold_fit_wf.enhance_and_skullstrip_bold_wf.combine_masks" in "/work_dir/fmriprep_24_0_wf/sub_14_wf/bold_task_bird_run_6_wf/bold_fit_wf/enhance_and_skullstrip_bold_wf/combine_masks".
250329-10:13:42,406 nipype.workflow INFO:
	 [Node] Executing "combine_masks" <nipype.interfaces.fsl.maths.BinaryMaths>
250329-10:13:42,625 nipype.workflow INFO:
	 [Node] Finished "combine_masks", elapsed time 0.218588s.
250329-10:13:44,447 nipype.workflow INFO:
	 [Node] Setting-up "fmriprep_24_0_wf.sub_14_wf.bold_task_bird_run_6_wf.bold_fit_wf.enhance_and_skullstrip_bold_wf.apply_mask" in "/work_dir/fmriprep_24_0_wf/sub_14_wf/bold_task_bird_run_6_wf/bold_fit_wf/enhance_and_skullstrip_bold_wf/apply_mask".
250329-10:13:44,450 nipype.workflow INFO:
	 [Node] Executing "apply_mask" <niworkflows.interfaces.nibabel.ApplyMask>
250329-10:13:44,544 nipype.interface WARNING:
	 Changing /output/sub-14/func/sub-14_task-bird_run-6_desc-brain_mask.nii.gz dtype from float32 to uint8
250329-10:13:44,660 nipype.workflow INFO:
	 [Node] Finished "apply_mask", elapsed time 0.209554s.
250329-10:13:46,469 nipype.workflow INFO:
	 [Node] Setting-up "fmriprep_24_0_wf.sub_14_wf.bold_task_bird_run_6_wf.bold_confounds_wf.dvars" in "/work_dir/fmriprep_24_0_wf/sub_14_wf/bold_task_bird_run_6_wf/bold_confounds_wf/dvars".
250329-10:13:46,478 nipype.workflow INFO:
	 [Node] Setting-up "fmriprep_24_0_wf.sub_14_wf.bold_task_bird_run_6_wf.bold_confounds_wf.tcompcor" in "/work_dir/fmriprep_24_0_wf/sub_14_wf/bold_task_bird_run_6_wf/bold_confounds_wf/tcompcor".
250329-10:13:46,641 nipype.workflow INFO:
	 [Node] Executing "dvars" <nipype.algorithms.confounds.ComputeDVARS>
250329-10:13:46,740 nipype.workflow INFO:
	 [Node] Executing "tcompcor" <niworkflows.interfaces.patches.RobustTCompCor>
250329-10:13:47,389 nipype.workflow INFO:
	 [Node] Finished "tcompcor", elapsed time 10.76098s.
250329-10:13:49,373 nipype.workflow INFO:
	 [Node] Setting-up "fmriprep_24_0_wf.sub_14_wf.bold_task_bird_run_1_wf.bold_confounds_wf.tcc_metadata_filter" in "/work_dir/fmriprep_24_0_wf/sub_14_wf/bold_task_bird_run_1_wf/bold_confounds_wf/tcc_metadata_filter".
250329-10:13:49,376 nipype.workflow INFO:
	 [Node] Executing "tcc_metadata_filter" <fmriprep.interfaces.confounds.FilterDropped>
250329-10:13:49,382 nipype.workflow INFO:
	 [Node] Finished "tcc_metadata_filter", elapsed time 0.005461s.
250329-10:13:50,460 nipype.workflow INFO:
	 [Node] Setting-up "fmriprep_24_0_wf.sub_14_wf.bold_task_bird_run_1_wf.bold_confounds_wf.tcc_metadata_fmt" in "/work_dir/fmriprep_24_0_wf/sub_14_wf/bold_task_bird_run_1_wf/bold_confounds_wf/tcc_metadata_fmt".
250329-10:13:50,463 nipype.workflow INFO:
	 [Node] Executing "tcc_metadata_fmt" <niworkflows.interfaces.utility.TSV2JSON>
250329-10:13:50,469 nipype.workflow INFO:
	 [Node] Finished "tcc_metadata_fmt", elapsed time 0.004943s.
250329-10:13:57,457 nipype.workflow INFO:
	 [Node] Finished "tcompcor", elapsed time 10.715238s.
250329-10:13:58,427 nipype.workflow INFO:
	 [Node] Setting-up "fmriprep_24_0_wf.sub_14_wf.bold_task_bird_run_6_wf.bold_confounds_wf.tcc_metadata_filter" in "/work_dir/fmriprep_24_0_wf/sub_14_wf/bold_task_bird_run_6_wf/bold_confounds_wf/tcc_metadata_filter".
250329-10:13:58,430 nipype.workflow INFO:
	 [Node] Executing "tcc_metadata_filter" <fmriprep.interfaces.confounds.FilterDropped>
250329-10:13:58,459 nipype.workflow INFO:
	 [Node] Finished "tcc_metadata_filter", elapsed time 0.0277s.
250329-10:14:00,406 nipype.workflow INFO:
	 [Node] Setting-up "fmriprep_24_0_wf.sub_14_wf.bold_task_bird_run_6_wf.bold_confounds_wf.tcc_metadata_fmt" in "/work_dir/fmriprep_24_0_wf/sub_14_wf/bold_task_bird_run_6_wf/bold_confounds_wf/tcc_metadata_fmt".
250329-10:14:00,409 nipype.workflow INFO:
	 [Node] Executing "tcc_metadata_fmt" <niworkflows.interfaces.utility.TSV2JSON>
250329-10:14:00,414 nipype.workflow INFO:
	 [Node] Finished "tcc_metadata_fmt", elapsed time 0.004077s.
250329-10:14:17,459 nipype.workflow INFO:
	 [Node] Finished "dvars", elapsed time 41.018833s.
250329-10:14:28,797 nipype.workflow INFO:
	 [Node] Finished "dvars", elapsed time 42.154495s.
250329-10:20:18,974 nipype.workflow INFO:
	 [Node] Finished "norm", elapsed time 782.382373s.
250329-10:20:20,420 nipype.workflow INFO:
	 [Node] Setting-up "fmriprep_24_0_wf.sub_14_wf.anat_fit_wf.brain_extraction_wf.map_brainmask" in "/work_dir/fmriprep_24_0_wf/sub_14_wf/anat_fit_wf/brain_extraction_wf/map_brainmask".
250329-10:20:20,420 nipype.workflow INFO:
	 [Node] Setting-up "fmriprep_24_0_wf.sub_14_wf.anat_fit_wf.brain_extraction_wf.map_wmmask" in "/work_dir/fmriprep_24_0_wf/sub_14_wf/anat_fit_wf/brain_extraction_wf/map_wmmask".
250329-10:20:20,426 nipype.workflow INFO:
	 [Node] Executing "map_brainmask" <niworkflows.interfaces.fixes.FixHeaderApplyTransforms>
250329-10:20:20,426 nipype.workflow INFO:
	 [Node] Executing "map_wmmask" <niworkflows.interfaces.fixes.FixHeaderApplyTransforms>
250329-10:20:44,500 nipype.workflow INFO:
	 [Node] Finished "map_brainmask", elapsed time 24.072807s.
250329-10:20:44,503 nipype.workflow INFO:
	 [Node] Finished "map_wmmask", elapsed time 23.845664s.
250329-10:20:46,417 nipype.workflow INFO:
	 [Node] Setting-up "fmriprep_24_0_wf.sub_14_wf.anat_fit_wf.brain_extraction_wf.thr_brainmask" in "/work_dir/fmriprep_24_0_wf/sub_14_wf/anat_fit_wf/brain_extraction_wf/thr_brainmask".
250329-10:20:46,420 nipype.workflow INFO:
	 [Node] Executing "thr_brainmask" <nipype.interfaces.ants.utils.ThresholdImage>
250329-10:20:46,425 nipype.workflow INFO:
	 [Node] Setting-up "_inu_n4_final0" in "/work_dir/fmriprep_24_0_wf/sub_14_wf/anat_fit_wf/brain_extraction_wf/inu_n4_final/mapflow/_inu_n4_final0".
250329-10:20:46,427 nipype.workflow INFO:
	 [Node] Executing "_inu_n4_final0" <nipype.interfaces.ants.segmentation.N4BiasFieldCorrection>
250329-10:20:47,950 nipype.workflow INFO:
	 [Node] Finished "thr_brainmask", elapsed time 1.281468s.
250329-10:20:48,427 nipype.workflow INFO:
	 [Node] Setting-up "fmriprep_24_0_wf.sub_14_wf.anat_fit_wf.brain_extraction_wf.atropos_wf.dil_brainmask" in "/work_dir/fmriprep_24_0_wf/sub_14_wf/anat_fit_wf/brain_extraction_wf/atropos_wf/dil_brainmask".
250329-10:20:48,428 nipype.workflow INFO:
	 [Node] Setting-up "fmriprep_24_0_wf.sub_14_wf.anat_fit_wf.brain_extraction_wf.atropos_wf.03_pad_mask" in "/work_dir/fmriprep_24_0_wf/sub_14_wf/anat_fit_wf/brain_extraction_wf/atropos_wf/03_pad_mask".
250329-10:20:48,430 nipype.workflow INFO:
	 [Node] Executing "dil_brainmask" <nipype.interfaces.ants.utils.ImageMath>
250329-10:20:48,431 nipype.workflow INFO:
	 [Node] Executing "03_pad_mask" <nipype.interfaces.ants.utils.ImageMath>
250329-10:20:49,391 nipype.workflow INFO:
	 [Node] Finished "03_pad_mask", elapsed time 0.959109s.
250329-10:20:50,119 nipype.workflow INFO:
	 [Node] Finished "dil_brainmask", elapsed time 1.6876820000000001s.
250329-10:20:50,430 nipype.workflow INFO:
	 [Node] Setting-up "fmriprep_24_0_wf.sub_14_wf.anat_fit_wf.brain_extraction_wf.atropos_wf.get_brainmask" in "/work_dir/fmriprep_24_0_wf/sub_14_wf/anat_fit_wf/brain_extraction_wf/atropos_wf/get_brainmask".
250329-10:20:50,433 nipype.workflow INFO:
	 [Node] Executing "get_brainmask" <nipype.interfaces.ants.utils.ImageMath>
250329-10:20:51,944 nipype.workflow INFO:
	 [Node] Finished "get_brainmask", elapsed time 1.5094159999999999s.
250329-10:21:09,860 nipype.workflow INFO:
	 [Node] Finished "_inu_n4_final0", elapsed time 23.125758s.
250329-10:21:10,422 nipype.workflow INFO:
	 [Node] Setting-up "fmriprep_24_0_wf.sub_14_wf.anat_fit_wf.brain_extraction_wf.atropos_wf.01_atropos" in "/work_dir/fmriprep_24_0_wf/sub_14_wf/anat_fit_wf/brain_extraction_wf/atropos_wf/01_atropos".
250329-10:21:10,425 nipype.workflow INFO:
	 [Node] Setting-up "_apply_mask0" in "/work_dir/fmriprep_24_0_wf/sub_14_wf/anat_fit_wf/brain_extraction_wf/apply_mask/mapflow/_apply_mask0".
250329-10:21:10,427 nipype.workflow INFO:
	 [Node] Executing "_apply_mask0" <niworkflows.interfaces.nibabel.ApplyMask>
250329-10:21:10,427 nipype.workflow INFO:
	 [Node] Executing "01_atropos" <nipype.interfaces.ants.segmentation.Atropos>
250329-10:21:11,412 nipype.workflow INFO:
	 [Node] Finished "_apply_mask0", elapsed time 0.984597s.
250329-10:21:48,806 nipype.workflow INFO:
	 [Node] Finished "01_atropos", elapsed time 38.378383s.
250329-10:21:50,466 nipype.workflow INFO:
	 [Node] Setting-up "fmriprep_24_0_wf.sub_14_wf.anat_fit_wf.brain_extraction_wf.atropos_wf.02_pad_segm" in "/work_dir/fmriprep_24_0_wf/sub_14_wf/anat_fit_wf/brain_extraction_wf/atropos_wf/02_pad_segm".
250329-10:21:50,469 nipype.workflow INFO:
	 [Node] Executing "02_pad_segm" <nipype.interfaces.ants.utils.ImageMath>
250329-10:21:51,666 nipype.workflow INFO:
	 [Node] Finished "02_pad_segm", elapsed time 0.993546s.
250329-10:21:52,451 nipype.workflow INFO:
	 [Node] Setting-up "fmriprep_24_0_wf.sub_14_wf.anat_fit_wf.brain_extraction_wf.atropos_wf.04_sel_labels" in "/work_dir/fmriprep_24_0_wf/sub_14_wf/anat_fit_wf/brain_extraction_wf/atropos_wf/04_sel_labels".
250329-10:21:52,453 nipype.workflow INFO:
	 [Node] Executing "04_sel_labels" <nipype.interfaces.utility.wrappers.Function>
250329-10:21:52,866 nipype.workflow INFO:
	 [Node] Finished "04_sel_labels", elapsed time 0.412304s.
250329-10:21:55,516 nipype.workflow INFO:
	 [Node] Setting-up "fmriprep_24_0_wf.sub_14_wf.anat_fit_wf.brain_extraction_wf.atropos_wf.05_get_wm" in "/work_dir/fmriprep_24_0_wf/sub_14_wf/anat_fit_wf/brain_extraction_wf/atropos_wf/05_get_wm".
250329-10:21:55,516 nipype.workflow INFO:
	 [Node] Setting-up "fmriprep_24_0_wf.sub_14_wf.anat_fit_wf.brain_extraction_wf.atropos_wf.06_get_gm" in "/work_dir/fmriprep_24_0_wf/sub_14_wf/anat_fit_wf/brain_extraction_wf/atropos_wf/06_get_gm".
250329-10:21:55,517 nipype.workflow INFO:
	 [Node] Setting-up "fmriprep_24_0_wf.sub_14_wf.anat_fit_wf.brain_extraction_wf.atropos_wf.10_me_csf" in "/work_dir/fmriprep_24_0_wf/sub_14_wf/anat_fit_wf/brain_extraction_wf/atropos_wf/10_me_csf".
250329-10:21:55,518 nipype.workflow INFO:
	 [Node] Setting-up "fmriprep_24_0_wf.sub_14_wf.anat_fit_wf.brain_extraction_wf.atropos_wf.27_depad_csf" in "/work_dir/fmriprep_24_0_wf/sub_14_wf/anat_fit_wf/brain_extraction_wf/atropos_wf/27_depad_csf".
250329-10:21:55,519 nipype.workflow INFO:
	 [Node] Executing "05_get_wm" <nipype.interfaces.ants.utils.ImageMath>
250329-10:21:55,519 nipype.workflow INFO:
	 [Node] Executing "06_get_gm" <nipype.interfaces.ants.utils.ImageMath>
250329-10:21:55,520 nipype.workflow INFO:
	 [Node] Executing "10_me_csf" <nipype.interfaces.ants.utils.ImageMath>
250329-10:21:55,521 nipype.workflow INFO:
	 [Node] Executing "27_depad_csf" <nipype.interfaces.ants.utils.ImageMath>
250329-10:21:56,399 nipype.workflow INFO:
	 [Node] Finished "27_depad_csf", elapsed time 0.877086s.
250329-10:21:57,215 nipype.workflow INFO:
	 [Node] Finished "05_get_wm", elapsed time 1.695289s.
250329-10:21:57,347 nipype.workflow INFO:
	 [Node] Finished "06_get_gm", elapsed time 1.8269440000000001s.
250329-10:21:57,513 nipype.workflow INFO:
	 [Node] Setting-up "fmriprep_24_0_wf.sub_14_wf.anat_fit_wf.brain_extraction_wf.atropos_wf.09_relabel_wm" in "/work_dir/fmriprep_24_0_wf/sub_14_wf/anat_fit_wf/brain_extraction_wf/atropos_wf/09_relabel_wm".
250329-10:21:57,516 nipype.workflow INFO:
	 [Node] Executing "09_relabel_wm" <nipype.interfaces.ants.utils.MultiplyImages>
250329-10:21:58,598 nipype.workflow INFO:
	 [Node] Finished "09_relabel_wm", elapsed time 0.839971s.
250329-10:21:59,507 nipype.workflow INFO:
	 [Node] Setting-up "fmriprep_24_0_wf.sub_14_wf.anat_fit_wf.brain_extraction_wf.atropos_wf.07_fill_gm" in "/work_dir/fmriprep_24_0_wf/sub_14_wf/anat_fit_wf/brain_extraction_wf/atropos_wf/07_fill_gm".
250329-10:21:59,507 nipype.workflow INFO:
	 [Node] Setting-up "fmriprep_24_0_wf.sub_14_wf.anat_fit_wf.brain_extraction_wf.atropos_wf.26_depad_wm" in "/work_dir/fmriprep_24_0_wf/sub_14_wf/anat_fit_wf/brain_extraction_wf/atropos_wf/26_depad_wm".
250329-10:21:59,508 nipype.workflow INFO:
	 [Node] Setting-up "fmriprep_24_0_wf.sub_14_wf.anat_fit_wf.brain_extraction_wf.atropos_wf.apply_wm_prior" in "/work_dir/fmriprep_24_0_wf/sub_14_wf/anat_fit_wf/brain_extraction_wf/atropos_wf/apply_wm_prior".
250329-10:21:59,510 nipype.workflow INFO:
	 [Node] Executing "07_fill_gm" <nipype.interfaces.ants.utils.ImageMath>
250329-10:21:59,510 nipype.workflow INFO:
	 [Node] Executing "26_depad_wm" <nipype.interfaces.ants.utils.ImageMath>
250329-10:21:59,517 nipype.workflow INFO:
	 [Node] Executing "apply_wm_prior" <nipype.interfaces.utility.wrappers.Function>
250329-10:22:00,281 nipype.workflow INFO:
	 [Node] Finished "10_me_csf", elapsed time 4.760841s.
250329-10:22:00,368 nipype.workflow INFO:
	 [Node] Finished "apply_wm_prior", elapsed time 0.850446s.
250329-10:22:00,772 nipype.workflow INFO:
	 [Node] Finished "26_depad_wm", elapsed time 1.003921s.
250329-10:22:01,572 nipype.workflow INFO:
	 [Node] Setting-up "_inu_n4_final0" in "/work_dir/fmriprep_24_0_wf/sub_14_wf/anat_fit_wf/brain_extraction_wf/atropos_wf/inu_n4_final/mapflow/_inu_n4_final0".
250329-10:22:01,575 nipype.workflow INFO:
	 [Node] Executing "_inu_n4_final0" <nipype.interfaces.ants.segmentation.N4BiasFieldCorrection>
250329-10:22:11,967 nipype.workflow INFO:
	 [Node] Finished "07_fill_gm", elapsed time 12.456203s.
250329-10:22:13,516 nipype.workflow INFO:
	 [Node] Setting-up "fmriprep_24_0_wf.sub_14_wf.anat_fit_wf.brain_extraction_wf.atropos_wf.08_mult_gm" in "/work_dir/fmriprep_24_0_wf/sub_14_wf/anat_fit_wf/brain_extraction_wf/atropos_wf/08_mult_gm".
250329-10:22:13,520 nipype.workflow INFO:
	 [Node] Executing "08_mult_gm" <nipype.interfaces.ants.utils.MultiplyImages>
250329-10:22:14,572 nipype.workflow INFO:
	 [Node] Finished "08_mult_gm", elapsed time 1.051328s.
250329-10:22:15,487 nipype.workflow INFO:
	 [Node] Setting-up "fmriprep_24_0_wf.sub_14_wf.anat_fit_wf.brain_extraction_wf.atropos_wf.11_add_gm" in "/work_dir/fmriprep_24_0_wf/sub_14_wf/anat_fit_wf/brain_extraction_wf/atropos_wf/11_add_gm".
250329-10:22:15,491 nipype.workflow INFO:
	 [Node] Executing "11_add_gm" <nipype.interfaces.ants.utils.ImageMath>
250329-10:22:17,597 nipype.workflow INFO:
	 [Node] Finished "11_add_gm", elapsed time 2.104783s.
250329-10:22:19,490 nipype.workflow INFO:
	 [Node] Setting-up "fmriprep_24_0_wf.sub_14_wf.anat_fit_wf.brain_extraction_wf.atropos_wf.12_relabel_gm" in "/work_dir/fmriprep_24_0_wf/sub_14_wf/anat_fit_wf/brain_extraction_wf/atropos_wf/12_relabel_gm".
250329-10:22:19,493 nipype.workflow INFO:
	 [Node] Executing "12_relabel_gm" <nipype.interfaces.ants.utils.MultiplyImages>
250329-10:22:20,391 nipype.workflow INFO:
	 [Node] Finished "12_relabel_gm", elapsed time 0.897585s.
250329-10:22:21,491 nipype.workflow INFO:
	 [Node] Setting-up "fmriprep_24_0_wf.sub_14_wf.anat_fit_wf.brain_extraction_wf.atropos_wf.25_depad_gm" in "/work_dir/fmriprep_24_0_wf/sub_14_wf/anat_fit_wf/brain_extraction_wf/atropos_wf/25_depad_gm".
250329-10:22:21,494 nipype.workflow INFO:
	 [Node] Executing "25_depad_gm" <nipype.interfaces.ants.utils.ImageMath>
250329-10:22:21,497 nipype.workflow INFO:
	 [Node] Setting-up "fmriprep_24_0_wf.sub_14_wf.anat_fit_wf.brain_extraction_wf.atropos_wf.13_add_gm_wm" in "/work_dir/fmriprep_24_0_wf/sub_14_wf/anat_fit_wf/brain_extraction_wf/atropos_wf/13_add_gm_wm".
250329-10:22:21,502 nipype.workflow INFO:
	 [Node] Executing "13_add_gm_wm" <nipype.interfaces.ants.utils.ImageMath>
250329-10:22:22,515 nipype.workflow INFO:
	 [Node] Finished "25_depad_gm", elapsed time 1.020211s.
250329-10:22:23,496 nipype.workflow INFO:
	 [Node] Setting-up "fmriprep_24_0_wf.sub_14_wf.anat_fit_wf.brain_extraction_wf.atropos_wf.merge_tpms" in "/work_dir/fmriprep_24_0_wf/sub_14_wf/anat_fit_wf/brain_extraction_wf/atropos_wf/merge_tpms".
250329-10:22:23,500 nipype.workflow INFO:
	 [Node] Executing "merge_tpms" <nipype.interfaces.utility.base.Merge>
250329-10:22:23,501 nipype.workflow INFO:
	 [Node] Finished "merge_tpms", elapsed time 0.000259s.
250329-10:22:23,732 nipype.workflow INFO:
	 [Node] Finished "13_add_gm_wm", elapsed time 2.228936s.
250329-10:22:25,353 nipype.workflow INFO:
	 [Node] Finished "_inu_n4_final0", elapsed time 23.777557s.
250329-10:22:25,490 nipype.workflow INFO:
	 [Node] Setting-up "fmriprep_24_0_wf.sub_14_wf.anat_fit_wf.brain_extraction_wf.atropos_wf.14_sel_labels2" in "/work_dir/fmriprep_24_0_wf/sub_14_wf/anat_fit_wf/brain_extraction_wf/atropos_wf/14_sel_labels2".
250329-10:22:25,493 nipype.workflow INFO:
	 [Node] Executing "14_sel_labels2" <nipype.interfaces.utility.wrappers.Function>
250329-10:22:25,495 nipype.workflow INFO:
	 [Node] Setting-up "fmriprep_24_0_wf.sub_14_wf.anat_fit_wf.brain_extraction_wf.atropos_wf.24_depad_segm" in "/work_dir/fmriprep_24_0_wf/sub_14_wf/anat_fit_wf/brain_extraction_wf/atropos_wf/24_depad_segm".
250329-10:22:25,499 nipype.workflow INFO:
	 [Node] Executing "24_depad_segm" <nipype.interfaces.ants.utils.ImageMath>
250329-10:22:25,706 nipype.workflow INFO:
	 [Node] Finished "14_sel_labels2", elapsed time 0.213065s.
250329-10:22:26,797 nipype.workflow INFO:
	 [Node] Finished "24_depad_segm", elapsed time 0.934861s.
250329-10:22:27,489 nipype.workflow INFO:
	 [Node] Setting-up "fmriprep_24_0_wf.sub_14_wf.anat_fit_wf.brain_extraction_wf.atropos_wf.15_add_7" in "/work_dir/fmriprep_24_0_wf/sub_14_wf/anat_fit_wf/brain_extraction_wf/atropos_wf/15_add_7".
250329-10:22:27,492 nipype.workflow INFO:
	 [Node] Executing "15_add_7" <nipype.interfaces.ants.utils.ImageMath>
250329-10:22:29,322 nipype.workflow INFO:
	 [Node] Finished "15_add_7", elapsed time 1.8274219999999999s.
250329-10:22:31,487 nipype.workflow INFO:
	 [Node] Setting-up "fmriprep_24_0_wf.sub_14_wf.anat_fit_wf.brain_extraction_wf.atropos_wf.16_me_7" in "/work_dir/fmriprep_24_0_wf/sub_14_wf/anat_fit_wf/brain_extraction_wf/atropos_wf/16_me_7".
250329-10:22:31,497 nipype.workflow INFO:
	 [Node] Executing "16_me_7" <nipype.interfaces.ants.utils.ImageMath>
250329-10:22:35,23 nipype.workflow INFO:
	 [Node] Finished "16_me_7", elapsed time 3.524032s.
250329-10:22:35,485 nipype.workflow INFO:
	 [Node] Setting-up "fmriprep_24_0_wf.sub_14_wf.anat_fit_wf.brain_extraction_wf.atropos_wf.17_comp_7" in "/work_dir/fmriprep_24_0_wf/sub_14_wf/anat_fit_wf/brain_extraction_wf/atropos_wf/17_comp_7".
250329-10:22:35,488 nipype.workflow INFO:
	 [Node] Executing "17_comp_7" <nipype.interfaces.ants.utils.ImageMath>
250329-10:22:37,363 nipype.workflow INFO:
	 [Node] Finished "17_comp_7", elapsed time 1.874638s.
250329-10:22:39,485 nipype.workflow INFO:
	 [Node] Setting-up "fmriprep_24_0_wf.sub_14_wf.anat_fit_wf.brain_extraction_wf.atropos_wf.18_md_7" in "/work_dir/fmriprep_24_0_wf/sub_14_wf/anat_fit_wf/brain_extraction_wf/atropos_wf/18_md_7".
250329-10:22:39,489 nipype.workflow INFO:
	 [Node] Executing "18_md_7" <nipype.interfaces.ants.utils.ImageMath>
250329-10:22:41,547 nipype.workflow INFO:
	 [Node] Finished "18_md_7", elapsed time 2.057862s.
250329-10:22:43,485 nipype.workflow INFO:
	 [Node] Setting-up "fmriprep_24_0_wf.sub_14_wf.anat_fit_wf.brain_extraction_wf.atropos_wf.19_fill_7" in "/work_dir/fmriprep_24_0_wf/sub_14_wf/anat_fit_wf/brain_extraction_wf/atropos_wf/19_fill_7".
250329-10:22:43,488 nipype.workflow INFO:
	 [Node] Executing "19_fill_7" <nipype.interfaces.ants.utils.ImageMath>
250329-10:22:55,785 nipype.workflow INFO:
	 [Node] Finished "19_fill_7", elapsed time 12.295895s.
250329-10:22:57,490 nipype.workflow INFO:
	 [Node] Setting-up "fmriprep_24_0_wf.sub_14_wf.anat_fit_wf.brain_extraction_wf.atropos_wf.20_add_7_2" in "/work_dir/fmriprep_24_0_wf/sub_14_wf/anat_fit_wf/brain_extraction_wf/atropos_wf/20_add_7_2".
250329-10:22:57,493 nipype.workflow INFO:
	 [Node] Executing "20_add_7_2" <nipype.interfaces.ants.utils.ImageMath>
250329-10:22:59,464 nipype.workflow INFO:
	 [Node] Finished "20_add_7_2", elapsed time 1.969907s.
250329-10:23:01,487 nipype.workflow INFO:
	 [Node] Setting-up "fmriprep_24_0_wf.sub_14_wf.anat_fit_wf.brain_extraction_wf.atropos_wf.21_md_7_2" in "/work_dir/fmriprep_24_0_wf/sub_14_wf/anat_fit_wf/brain_extraction_wf/atropos_wf/21_md_7_2".
250329-10:23:01,490 nipype.workflow INFO:
	 [Node] Executing "21_md_7_2" <nipype.interfaces.ants.utils.ImageMath>
250329-10:23:03,593 nipype.workflow INFO:
	 [Node] Finished "21_md_7_2", elapsed time 2.10259s.
250329-10:23:05,486 nipype.workflow INFO:
	 [Node] Setting-up "fmriprep_24_0_wf.sub_14_wf.anat_fit_wf.brain_extraction_wf.atropos_wf.22_me_7_2" in "/work_dir/fmriprep_24_0_wf/sub_14_wf/anat_fit_wf/brain_extraction_wf/atropos_wf/22_me_7_2".
250329-10:23:05,489 nipype.workflow INFO:
	 [Node] Executing "22_me_7_2" <nipype.interfaces.ants.utils.ImageMath>
250329-10:23:09,166 nipype.workflow INFO:
	 [Node] Finished "22_me_7_2", elapsed time 3.673673s.
250329-10:23:09,491 nipype.workflow INFO:
	 [Node] Setting-up "fmriprep_24_0_wf.sub_14_wf.anat_fit_wf.brain_extraction_wf.atropos_wf.23_depad_mask" in "/work_dir/fmriprep_24_0_wf/sub_14_wf/anat_fit_wf/brain_extraction_wf/atropos_wf/23_depad_mask".
250329-10:23:09,494 nipype.workflow INFO:
	 [Node] Executing "23_depad_mask" <nipype.interfaces.ants.utils.ImageMath>
250329-10:23:10,376 nipype.workflow INFO:
	 [Node] Finished "23_depad_mask", elapsed time 0.88134s.
250329-10:23:11,485 nipype.workflow INFO:
	 [Node] Setting-up "fmriprep_24_0_wf.sub_14_wf.anat_fit_wf.brain_extraction_wf.atropos_wf.msk_conform" in "/work_dir/fmriprep_24_0_wf/sub_14_wf/anat_fit_wf/brain_extraction_wf/atropos_wf/msk_conform".
250329-10:23:11,488 nipype.workflow INFO:
	 [Node] Executing "msk_conform" <nipype.interfaces.utility.wrappers.Function>
250329-10:23:11,805 nipype.workflow INFO:
	 [Node] Finished "msk_conform", elapsed time 0.316223s.
250329-10:23:21,247 nipype.workflow INFO:
	 [Node] Setting-up "_apply_mask0" in "/work_dir/fmriprep_24_0_wf/sub_14_wf/anat_fit_wf/brain_extraction_wf/atropos_wf/apply_mask/mapflow/_apply_mask0".
250329-10:23:21,248 nipype.workflow INFO:
	 [Node] Executing "_apply_mask0" <niworkflows.interfaces.nibabel.ApplyMask>
250329-10:23:22,231 nipype.workflow INFO:
	 [Node] Finished "_apply_mask0", elapsed time 0.981836s.
250329-10:23:25,887 nipype.workflow INFO:
	 [Node] Setting-up "fmriprep_24_0_wf.sub_14_wf.anat_fit_wf.register_template_wf.trunc_mov" in "/work_dir/fmriprep_24_0_wf/sub_14_wf/anat_fit_wf/register_template_wf/_template_MNI152NLin2009cAsym/trunc_mov".
250329-10:23:25,891 nipype.workflow INFO:
	 [Node] Executing "trunc_mov" <nipype.interfaces.ants.utils.ImageMath>
250329-10:23:26,959 nipype.workflow INFO:
	 [Node] Setting-up "fmriprep_24_0_wf.sub_14_wf.anat_fit_wf.surface_recon_wf.skull_strip_extern" in "/work_dir/fmriprep_24_0_wf/sub_14_wf/anat_fit_wf/surface_recon_wf/skull_strip_extern".
250329-10:23:26,966 nipype.workflow INFO:
	 [Node] Executing "skull_strip_extern" <niworkflows.interfaces.freesurfer.FSInjectBrainExtracted>
250329-10:23:29,147 nipype.workflow INFO:
	 [Node] Finished "skull_strip_extern", elapsed time 2.179973s.
250329-10:23:30,48 nipype.workflow INFO:
	 [Node] Setting-up "fmriprep_24_0_wf.sub_14_wf.anat_fit_wf.surface_recon_wf.autorecon_resume_wf.gcareg" in "/work_dir/fmriprep_24_0_wf/sub_14_wf/anat_fit_wf/surface_recon_wf/autorecon_resume_wf/gcareg".
250329-10:23:30,51 nipype.workflow INFO:
	 [Node] Executing "gcareg" <smriprep.interfaces.freesurfer.ReconAll>
250329-10:23:30,53 nipype.interface INFO:
	 resume recon-all : recon-all -openmp 8 -subjid sub-14 -sd /output/sourcedata/freesurfer -gcareg
250329-10:23:30,53 nipype.interface INFO:
	 resume recon-all : recon-all -openmp 8 -subjid sub-14 -sd /output/sourcedata/freesurfer -gcareg
250329-10:23:32,932 nipype.workflow INFO:
	 [Node] Finished "trunc_mov", elapsed time 7.038312s.
250329-10:26:06,244 nipype.workflow INFO:
	 [Node] Finished "gcareg", elapsed time 156.191422s.
250329-10:26:08,57 nipype.workflow INFO:
	 [Node] Setting-up "fmriprep_24_0_wf.sub_14_wf.anat_fit_wf.surface_recon_wf.autorecon_resume_wf.autorecon2_vol" in "/work_dir/fmriprep_24_0_wf/sub_14_wf/anat_fit_wf/surface_recon_wf/autorecon_resume_wf/autorecon2_vol".
250329-10:26:08,62 nipype.workflow INFO:
	 [Node] Executing "autorecon2_vol" <smriprep.interfaces.freesurfer.ReconAll>
250329-10:26:08,63 nipype.interface INFO:
	 resume recon-all : recon-all -autorecon2-volonly -openmp 8 -subjid sub-14 -sd /output/sourcedata/freesurfer -nogcareg
250329-10:26:08,64 nipype.interface INFO:
	 resume recon-all : recon-all -autorecon2-volonly -openmp 8 -subjid sub-14 -sd /output/sourcedata/freesurfer -nogcareg
250329-12:41:17,86 nipype.workflow INFO:
	 [Node] Finished "autorecon2_vol", elapsed time 8109.023047s.
250329-12:41:20,702 nipype.workflow INFO:
	 [Node] Setting-up "_autorecon_surfs1" in "/work_dir/fmriprep_24_0_wf/sub_14_wf/anat_fit_wf/surface_recon_wf/autorecon_resume_wf/autorecon_surfs/mapflow/_autorecon_surfs1".
250329-12:41:20,706 nipype.workflow INFO:
	 [Node] Executing "_autorecon_surfs1" <smriprep.interfaces.freesurfer.ReconAll>
250329-12:41:20,708 nipype.interface INFO:
	 resume recon-all : recon-all -autorecon-hemi rh -noparcstats -noparcstats2 -noparcstats3 -nohyporelabel -nobalabels -rh-only -openmp 8 -subjid sub-14 -sd /output/sourcedata/freesurfer 
250329-12:41:20,709 nipype.interface INFO:
	 resume recon-all : recon-all -autorecon-hemi rh -noparcstats -noparcstats2 -noparcstats3 -nohyporelabel -nobalabels -rh-only -openmp 8 -subjid sub-14 -sd /output/sourcedata/freesurfer 
250329-12:41:21,117 nipype.workflow INFO:
	 [Node] Setting-up "_autorecon_surfs0" in "/work_dir/fmriprep_24_0_wf/sub_14_wf/anat_fit_wf/surface_recon_wf/autorecon_resume_wf/autorecon_surfs/mapflow/_autorecon_surfs0".
250329-12:41:21,120 nipype.workflow INFO:
	 [Node] Executing "_autorecon_surfs0" <smriprep.interfaces.freesurfer.ReconAll>
250329-12:41:21,121 nipype.interface INFO:
	 resume recon-all : recon-all -autorecon-hemi lh -noparcstats -noparcstats2 -noparcstats3 -nohyporelabel -nobalabels -lh-only -openmp 8 -subjid sub-14 -sd /output/sourcedata/freesurfer 
250329-12:41:21,122 nipype.interface INFO:
	 resume recon-all : recon-all -autorecon-hemi lh -noparcstats -noparcstats2 -noparcstats3 -nohyporelabel -nobalabels -lh-only -openmp 8 -subjid sub-14 -sd /output/sourcedata/freesurfer 
250329-13:53:33,583 nipype.workflow INFO:
	 [Node] Finished "_autorecon_surfs1", elapsed time 4332.875548s.
250329-13:58:26,881 nipype.workflow INFO:
	 [Node] Finished "_autorecon_surfs0", elapsed time 4625.760023s.
250329-13:58:27,146 nipype.workflow INFO:
	 [Node] Setting-up "_autorecon_surfs0" in "/work_dir/fmriprep_24_0_wf/sub_14_wf/anat_fit_wf/surface_recon_wf/autorecon_resume_wf/autorecon_surfs/mapflow/_autorecon_surfs0".
250329-13:58:27,149 nipype.workflow INFO:
	 [Node] Executing "_autorecon_surfs0" <smriprep.interfaces.freesurfer.ReconAll>
250329-13:58:27,151 nipype.interface INFO:
	 recon-all complete : Not running
250329-13:58:27,151 nipype.interface INFO:
	 recon-all complete : Not running
250329-13:58:27,285 nipype.workflow INFO:
	 [Node] Finished "_autorecon_surfs0", elapsed time 0.135167s.
250329-13:58:27,291 nipype.workflow INFO:
	 [Node] Setting-up "_autorecon_surfs1" in "/work_dir/fmriprep_24_0_wf/sub_14_wf/anat_fit_wf/surface_recon_wf/autorecon_resume_wf/autorecon_surfs/mapflow/_autorecon_surfs1".
250329-13:58:27,294 nipype.workflow INFO:
	 [Node] Executing "_autorecon_surfs1" <smriprep.interfaces.freesurfer.ReconAll>
250329-13:58:27,296 nipype.interface INFO:
	 recon-all complete : Not running
250329-13:58:27,297 nipype.interface INFO:
	 recon-all complete : Not running
250329-13:58:27,422 nipype.workflow INFO:
	 [Node] Finished "_autorecon_surfs1", elapsed time 0.126391s.
250329-13:58:29,135 nipype.workflow INFO:
	 [Node] Setting-up "fmriprep_24_0_wf.sub_14_wf.anat_fit_wf.surface_recon_wf.autorecon_resume_wf.cortribbon" in "/work_dir/fmriprep_24_0_wf/sub_14_wf/anat_fit_wf/surface_recon_wf/autorecon_resume_wf/cortribbon".
250329-13:58:29,140 nipype.workflow INFO:
	 [Node] Executing "cortribbon" <smriprep.interfaces.freesurfer.ReconAll>
250329-13:58:29,141 nipype.interface INFO:
	 resume recon-all : recon-all -parallel -subjid sub-14 -sd /output/sourcedata/freesurfer -cortribbon
250329-13:58:29,142 nipype.interface INFO:
	 resume recon-all : recon-all -parallel -subjid sub-14 -sd /output/sourcedata/freesurfer -cortribbon
250329-14:06:06,596 nipype.workflow INFO:
	 [Node] Finished "cortribbon", elapsed time 457.454648s.
250329-14:06:09,165 nipype.workflow INFO:
	 [Node] Setting-up "_parcstats1" in "/work_dir/fmriprep_24_0_wf/sub_14_wf/anat_fit_wf/surface_recon_wf/autorecon_resume_wf/parcstats/mapflow/_parcstats1".
250329-14:06:09,170 nipype.workflow INFO:
	 [Node] Executing "_parcstats1" <smriprep.interfaces.freesurfer.ReconAll>
250329-14:06:09,171 nipype.interface INFO:
	 resume recon-all : recon-all -autorecon-hemi rh -nohyporelabel -rh-only -openmp 8 -subjid sub-14 -sd /output/sourcedata/freesurfer -notessellate -nosmooth1 -noinflate1 -noqsphere -nofix -nowhite -nosmooth2 -noinflate2 -nocurvHK -nocurvstats -nosphere -nosurfreg -nojacobian_white -noavgcurv -nocortparc -nopial -nocortparc2 -nocortparc3 -nopctsurfcon
250329-14:06:09,173 nipype.interface INFO:
	 resume recon-all : recon-all -autorecon-hemi rh -nohyporelabel -rh-only -openmp 8 -subjid sub-14 -sd /output/sourcedata/freesurfer -notessellate -nosmooth1 -noinflate1 -noqsphere -nofix -nowhite -nosmooth2 -noinflate2 -nocurvHK -nocurvstats -nosphere -nosurfreg -nojacobian_white -noavgcurv -nocortparc -nopial -nocortparc2 -nocortparc3 -nopctsurfcon
250329-14:06:10,1 nipype.workflow INFO:
	 [Node] Setting-up "_parcstats0" in "/work_dir/fmriprep_24_0_wf/sub_14_wf/anat_fit_wf/surface_recon_wf/autorecon_resume_wf/parcstats/mapflow/_parcstats0".
250329-14:06:10,5 nipype.workflow INFO:
	 [Node] Executing "_parcstats0" <smriprep.interfaces.freesurfer.ReconAll>
250329-14:06:10,7 nipype.interface INFO:
	 resume recon-all : recon-all -autorecon-hemi lh -nohyporelabel -lh-only -openmp 8 -subjid sub-14 -sd /output/sourcedata/freesurfer -notessellate -nosmooth1 -noinflate1 -noqsphere -nofix -nowhite -nosmooth2 -noinflate2 -nocurvHK -nocurvstats -nosphere -nosurfreg -nojacobian_white -noavgcurv -nocortparc -nopial -nocortparc2 -nocortparc3 -nopctsurfcon
250329-14:06:10,8 nipype.interface INFO:
	 resume recon-all : recon-all -autorecon-hemi lh -nohyporelabel -lh-only -openmp 8 -subjid sub-14 -sd /output/sourcedata/freesurfer -notessellate -nosmooth1 -noinflate1 -noqsphere -nofix -nowhite -nosmooth2 -noinflate2 -nocurvHK -nocurvstats -nosphere -nosurfreg -nojacobian_white -noavgcurv -nocortparc -nopial -nocortparc2 -nocortparc3 -nopctsurfcon
250329-14:12:00,165 nipype.workflow INFO:
	 [Node] Finished "_parcstats1", elapsed time 350.99458s.
250329-14:12:04,870 nipype.workflow INFO:
	 [Node] Finished "_parcstats0", elapsed time 354.863361s.
250329-14:12:05,203 nipype.workflow INFO:
	 [Node] Setting-up "_parcstats0" in "/work_dir/fmriprep_24_0_wf/sub_14_wf/anat_fit_wf/surface_recon_wf/autorecon_resume_wf/parcstats/mapflow/_parcstats0".
250329-14:12:05,206 nipype.workflow INFO:
	 [Node] Executing "_parcstats0" <smriprep.interfaces.freesurfer.ReconAll>
250329-14:12:05,208 nipype.interface INFO:
	 recon-all complete : Not running
250329-14:12:05,208 nipype.interface INFO:
	 recon-all complete : Not running
250329-14:12:05,342 nipype.workflow INFO:
	 [Node] Finished "_parcstats0", elapsed time 0.134613s.
250329-14:12:05,348 nipype.workflow INFO:
	 [Node] Setting-up "_parcstats1" in "/work_dir/fmriprep_24_0_wf/sub_14_wf/anat_fit_wf/surface_recon_wf/autorecon_resume_wf/parcstats/mapflow/_parcstats1".
250329-14:12:05,350 nipype.workflow INFO:
	 [Node] Executing "_parcstats1" <smriprep.interfaces.freesurfer.ReconAll>
250329-14:12:05,352 nipype.interface INFO:
	 recon-all complete : Not running
250329-14:12:05,353 nipype.interface INFO:
	 recon-all complete : Not running
250329-14:12:05,479 nipype.workflow INFO:
	 [Node] Finished "_parcstats1", elapsed time 0.127495s.
250329-14:12:08,107 nipype.workflow INFO:
	 [Node] Setting-up "fmriprep_24_0_wf.sub_14_wf.anat_fit_wf.surface_recon_wf.autorecon_resume_wf.autorecon3" in "/work_dir/fmriprep_24_0_wf/sub_14_wf/anat_fit_wf/surface_recon_wf/autorecon_resume_wf/autorecon3".
250329-14:12:08,110 nipype.workflow INFO:
	 [Node] Executing "autorecon3" <smriprep.interfaces.freesurfer.ReconAll>
250329-14:12:08,112 nipype.interface INFO:
	 resume recon-all : recon-all -autorecon3 -openmp 8 -subjid sub-14 -sd /output/sourcedata/freesurfer -nosphere -nosurfreg -nojacobian_white -noavgcurv -nocortparc -nopial -noparcstats -nocortparc2 -noparcstats2 -nocortparc3 -noparcstats3 -nopctsurfcon -nocortribbon -nobalabels
250329-14:12:08,114 nipype.interface INFO:
	 resume recon-all : recon-all -autorecon3 -openmp 8 -subjid sub-14 -sd /output/sourcedata/freesurfer -nosphere -nosurfreg -nojacobian_white -noavgcurv -nocortparc -nopial -noparcstats -nocortparc2 -noparcstats2 -nocortparc3 -noparcstats3 -nopctsurfcon -nocortribbon -nobalabels
250329-14:20:38,919 nipype.workflow INFO:
	 [Node] Finished "autorecon3", elapsed time 510.80694s.
250329-14:20:39,242 nipype.workflow INFO:
	 [Node] Setting-up "fmriprep_24_0_wf.sub_14_wf.anat_fit_wf.surface_recon_wf.get_surfaces" in "/work_dir/fmriprep_24_0_wf/sub_14_wf/anat_fit_wf/surface_recon_wf/get_surfaces".
250329-14:20:39,688 nipype.workflow INFO:
	 [Node] Executing "get_surfaces" <nipype.interfaces.io.FreeSurferSource>
250329-14:20:39,701 nipype.workflow INFO:
	 [Node] Finished "get_surfaces", elapsed time 0.012295s.
250329-14:20:43,241 nipype.workflow INFO:
	 [Node] Setting-up "_midthickness1" in "/work_dir/fmriprep_24_0_wf/sub_14_wf/anat_fit_wf/surface_recon_wf/midthickness/mapflow/_midthickness1".
250329-14:20:43,245 nipype.workflow INFO:
	 [Node] Executing "_midthickness1" <smriprep.interfaces.freesurfer.MakeMidthickness>
250329-14:20:43,658 nipype.workflow INFO:
	 [Node] Setting-up "_midthickness0" in "/work_dir/fmriprep_24_0_wf/sub_14_wf/anat_fit_wf/surface_recon_wf/midthickness/mapflow/_midthickness0".
250329-14:20:43,661 nipype.workflow INFO:
	 [Node] Executing "_midthickness0" <smriprep.interfaces.freesurfer.MakeMidthickness>
250329-15:26:29,795 nipype.workflow INFO:
	 [Node] Finished "_midthickness0", elapsed time 3946.132729s.
250329-15:32:23,128 nipype.workflow INFO:
	 [Node] Finished "_midthickness1", elapsed time 4299.882067s.
250329-15:32:23,772 nipype.workflow INFO:
	 [Node] Setting-up "_midthickness0" in "/work_dir/fmriprep_24_0_wf/sub_14_wf/anat_fit_wf/surface_recon_wf/midthickness/mapflow/_midthickness0".
250329-15:32:23,774 nipype.workflow INFO:
	 [Node] Cached "_midthickness0" - collecting precomputed outputs
250329-15:32:23,774 nipype.workflow INFO:
	 [Node] "_midthickness0" found cached.
250329-15:32:23,775 nipype.workflow INFO:
	 [Node] Setting-up "_midthickness1" in "/work_dir/fmriprep_24_0_wf/sub_14_wf/anat_fit_wf/surface_recon_wf/midthickness/mapflow/_midthickness1".
250329-15:32:23,777 nipype.workflow INFO:
	 [Node] Cached "_midthickness1" - collecting precomputed outputs
250329-15:32:23,777 nipype.workflow INFO:
	 [Node] "_midthickness1" found cached.
250329-15:32:25,666 nipype.workflow INFO:
	 [Node] Setting-up "fmriprep_24_0_wf.sub_14_wf.anat_fit_wf.surface_recon_wf.save_midthickness" in "/work_dir/fmriprep_24_0_wf/sub_14_wf/anat_fit_wf/surface_recon_wf/save_midthickness".
250329-15:32:25,672 nipype.workflow INFO:
	 [Node] Executing "save_midthickness" <nipype.interfaces.io.DataSink>
250329-15:32:25,741 nipype.workflow INFO:
	 [Node] Finished "save_midthickness", elapsed time 0.067778s.
250329-15:32:27,664 nipype.workflow INFO:
	 [Node] Setting-up "fmriprep_24_0_wf.sub_14_wf.anat_fit_wf.surface_recon_wf.sync" in "/work_dir/fmriprep_24_0_wf/sub_14_wf/anat_fit_wf/surface_recon_wf/sync".
250329-15:32:27,667 nipype.workflow INFO:
	 [Node] Executing "sync" <nipype.interfaces.utility.wrappers.Function>
250329-15:32:27,669 nipype.workflow INFO:
	 [Node] Finished "sync", elapsed time 0.000932s.
250329-15:32:29,665 nipype.workflow INFO:
	 [Node] Setting-up "fmriprep_24_0_wf.sub_14_wf.anat_fit_wf.gifti_spheres_wf.get_surfaces" in "/work_dir/fmriprep_24_0_wf/sub_14_wf/anat_fit_wf/gifti_spheres_wf/get_surfaces".
250329-15:32:29,665 nipype.workflow INFO:
	 [Node] Setting-up "fmriprep_24_0_wf.sub_14_wf.anat_fit_wf.gifti_morphometrics_wf.get_surfaces" in "/work_dir/fmriprep_24_0_wf/sub_14_wf/anat_fit_wf/gifti_morphometrics_wf/get_surfaces".
250329-15:32:29,666 nipype.workflow INFO:
	 [Node] Setting-up "fmriprep_24_0_wf.sub_14_wf.anat_fit_wf.refinement_wf.segs_to_native_aseg.fs_datasource" in "/work_dir/fmriprep_24_0_wf/sub_14_wf/anat_fit_wf/refinement_wf/segs_to_native_aseg/fs_datasource".
250329-15:32:29,667 nipype.workflow INFO:
	 [Node] Setting-up "fmriprep_24_0_wf.sub_14_wf.anat_fit_wf.gifti_surface_wf.get_surfaces" in "/work_dir/fmriprep_24_0_wf/sub_14_wf/anat_fit_wf/gifti_surface_wf/get_surfaces".
250329-15:32:29,668 nipype.workflow INFO:
	 [Node] Executing "get_surfaces" <nipype.interfaces.utility.wrappers.Function>
250329-15:32:29,669 nipype.workflow INFO:
	 [Node] Executing "get_surfaces" <nipype.interfaces.io.FreeSurferSource>
250329-15:32:29,670 nipype.workflow INFO:
	 [Node] Executing "fs_datasource" <nipype.interfaces.io.FreeSurferSource>
250329-15:32:29,671 nipype.workflow INFO:
	 [Node] Setting-up "fmriprep_24_0_wf.sub_14_wf.bold_task_bird_run_3_wf.bold_fit_wf.bold_reg_wf.bbreg_wf.mri_coreg" in "/work_dir/fmriprep_24_0_wf/sub_14_wf/bold_task_bird_run_3_wf/bold_fit_wf/bold_reg_wf/bbreg_wf/mri_coreg".
250329-15:32:29,671 nipype.workflow INFO:
	 [Node] Finished "get_surfaces", elapsed time 0.0018s.
250329-15:32:29,672 nipype.workflow INFO:
	 [Node] Executing "get_surfaces" <nipype.interfaces.utility.wrappers.Function>
250329-15:32:29,675 nipype.workflow INFO:
	 [Node] Executing "mri_coreg" <fmriprep.interfaces.patches.MRICoreg>
250329-15:32:29,675 nipype.workflow INFO:
	 [Node] Finished "get_surfaces", elapsed time 0.002385s.
250329-15:32:29,682 nipype.workflow INFO:
	 [Node] Finished "get_surfaces", elapsed time 0.012201s.
250329-15:32:29,684 nipype.workflow INFO:
	 [Node] Finished "fs_datasource", elapsed time 0.0126s.
250329-15:32:29,749 nipype.workflow INFO:
	 [Node] Setting-up "fmriprep_24_0_wf.sub_14_wf.bold_task_bird_run_2_wf.bold_fit_wf.bold_reg_wf.bbreg_wf.mri_coreg" in "/work_dir/fmriprep_24_0_wf/sub_14_wf/bold_task_bird_run_2_wf/bold_fit_wf/bold_reg_wf/bbreg_wf/mri_coreg".
250329-15:32:29,753 nipype.workflow INFO:
	 [Node] Executing "mri_coreg" <fmriprep.interfaces.patches.MRICoreg>
250329-15:32:29,802 nipype.workflow INFO:
	 [Node] Setting-up "fmriprep_24_0_wf.sub_14_wf.bold_task_bird_run_1_wf.bold_fit_wf.bold_reg_wf.bbreg_wf.mri_coreg" in "/work_dir/fmriprep_24_0_wf/sub_14_wf/bold_task_bird_run_1_wf/bold_fit_wf/bold_reg_wf/bbreg_wf/mri_coreg".
250329-15:32:29,809 nipype.workflow INFO:
	 [Node] Executing "mri_coreg" <fmriprep.interfaces.patches.MRICoreg>
250329-15:32:31,265 nipype.workflow INFO:
	 [Node] Setting-up "fmriprep_24_0_wf.sub_14_wf.anat_fit_wf.anat_reports_wf.recon_report" in "/work_dir/fmriprep_24_0_wf/sub_14_wf/anat_fit_wf/anat_reports_wf/recon_report".
250329-15:32:31,272 nipype.workflow INFO:
	 [Node] Executing "recon_report" <smriprep.interfaces.reports.FSSurfaceReport>
250329-15:32:33,811 nipype.workflow INFO:
	 [Node] Setting-up "fmriprep_24_0_wf.sub_14_wf.anat_fit_wf.refinement_wf.segs_to_native_aseg.resample" in "/work_dir/fmriprep_24_0_wf/sub_14_wf/anat_fit_wf/refinement_wf/segs_to_native_aseg/resample".
250329-15:32:33,819 nipype.workflow INFO:
	 [Node] Executing "resample" <nipype.interfaces.freesurfer.preprocess.ApplyVolTransform>
250329-15:32:35,689 nipype.workflow INFO:
	 [Node] Setting-up "_fs2gii3" in "/work_dir/fmriprep_24_0_wf/sub_14_wf/anat_fit_wf/gifti_surface_wf/fs2gii/mapflow/_fs2gii3".
250329-15:32:35,691 nipype.workflow INFO:
	 [Node] Setting-up "_fs2gii4" in "/work_dir/fmriprep_24_0_wf/sub_14_wf/anat_fit_wf/gifti_surface_wf/fs2gii/mapflow/_fs2gii4".
250329-15:32:35,692 nipype.workflow INFO:
	 [Node] Executing "_fs2gii3" <nipype.interfaces.freesurfer.utils.MRIsConvert>
250329-15:32:35,693 nipype.workflow INFO:
	 [Node] Setting-up "_fs2gii5" in "/work_dir/fmriprep_24_0_wf/sub_14_wf/anat_fit_wf/gifti_surface_wf/fs2gii/mapflow/_fs2gii5".
250329-15:32:35,693 nipype.workflow INFO:
	 [Node] Executing "_fs2gii4" <nipype.interfaces.freesurfer.utils.MRIsConvert>
250329-15:32:35,695 nipype.workflow INFO:
	 [Node] Executing "_fs2gii5" <nipype.interfaces.freesurfer.utils.MRIsConvert>
250329-15:32:35,789 nipype.workflow INFO:
	 [Node] Setting-up "_fs2gii0" in "/work_dir/fmriprep_24_0_wf/sub_14_wf/anat_fit_wf/gifti_surface_wf/fs2gii/mapflow/_fs2gii0".
250329-15:32:35,791 nipype.workflow INFO:
	 [Node] Executing "_fs2gii0" <nipype.interfaces.freesurfer.utils.MRIsConvert>
250329-15:32:35,799 nipype.workflow INFO:
	 [Node] Setting-up "_fs2gii2" in "/work_dir/fmriprep_24_0_wf/sub_14_wf/anat_fit_wf/gifti_surface_wf/fs2gii/mapflow/_fs2gii2".
250329-15:32:35,802 nipype.workflow INFO:
	 [Node] Executing "_fs2gii2" <nipype.interfaces.freesurfer.utils.MRIsConvert>
250329-15:32:35,850 nipype.workflow INFO:
	 [Node] Setting-up "_fs2gii1" in "/work_dir/fmriprep_24_0_wf/sub_14_wf/anat_fit_wf/gifti_surface_wf/fs2gii/mapflow/_fs2gii1".
250329-15:32:35,853 nipype.workflow INFO:
	 [Node] Executing "_fs2gii1" <nipype.interfaces.freesurfer.utils.MRIsConvert>
250329-15:32:38,311 nipype.workflow INFO:
	 [Node] Finished "resample", elapsed time 4.490922s.
250329-15:32:38,491 nipype.workflow INFO:
	 [Node] Finished "_fs2gii3", elapsed time 2.7985889999999998s.
250329-15:32:38,798 nipype.workflow INFO:
	 [Node] Finished "_fs2gii0", elapsed time 3.005746s.
250329-15:32:38,911 nipype.workflow INFO:
	 [Node] Finished "_fs2gii1", elapsed time 3.056886s.
250329-15:32:39,739 nipype.workflow INFO:
	 [Node] Finished "_fs2gii4", elapsed time 4.044738s.
250329-15:32:39,774 nipype.workflow INFO:
	 [Node] Setting-up "_fs2gii0" in "/work_dir/fmriprep_24_0_wf/sub_14_wf/anat_fit_wf/gifti_spheres_wf/fs2gii/mapflow/_fs2gii0".
250329-15:32:39,774 nipype.workflow INFO:
	 [Node] Setting-up "_fs2gii1" in "/work_dir/fmriprep_24_0_wf/sub_14_wf/anat_fit_wf/gifti_spheres_wf/fs2gii/mapflow/_fs2gii1".
250329-15:32:39,774 nipype.workflow INFO:
	 [Node] Setting-up "_fs2gii2" in "/work_dir/fmriprep_24_0_wf/sub_14_wf/anat_fit_wf/gifti_spheres_wf/fs2gii/mapflow/_fs2gii2".
250329-15:32:39,776 nipype.workflow INFO:
	 [Node] Executing "_fs2gii0" <nipype.interfaces.freesurfer.utils.MRIsConvert>
250329-15:32:39,777 nipype.workflow INFO:
	 [Node] Executing "_fs2gii2" <nipype.interfaces.freesurfer.utils.MRIsConvert>
250329-15:32:39,777 nipype.workflow INFO:
	 [Node] Executing "_fs2gii1" <nipype.interfaces.freesurfer.utils.MRIsConvert>
250329-15:32:39,818 nipype.workflow INFO:
	 [Node] Finished "_fs2gii5", elapsed time 4.1217s.
250329-15:32:39,947 nipype.workflow INFO:
	 [Node] Finished "_fs2gii2", elapsed time 4.144047s.
250329-15:32:40,864 nipype.workflow INFO:
	 [Node] Setting-up "fmriprep_24_0_wf.sub_14_wf.anat_fit_wf.refinement_wf.refine" in "/work_dir/fmriprep_24_0_wf/sub_14_wf/anat_fit_wf/refinement_wf/refine".
250329-15:32:40,868 nipype.workflow INFO:
	 [Node] Executing "refine" <niworkflows.interfaces.freesurfer.RefineBrainMask>
250329-15:32:41,814 nipype.workflow INFO:
	 [Node] Setting-up "_fs2gii0" in "/work_dir/fmriprep_24_0_wf/sub_14_wf/anat_fit_wf/gifti_surface_wf/fs2gii/mapflow/_fs2gii0".
250329-15:32:41,815 nipype.workflow INFO:
	 [Node] Setting-up "_fs2gii3" in "/work_dir/fmriprep_24_0_wf/sub_14_wf/anat_fit_wf/gifti_spheres_wf/fs2gii/mapflow/_fs2gii3".
250329-15:32:41,815 nipype.workflow INFO:
	 [Node] Cached "_fs2gii0" - collecting precomputed outputs
250329-15:32:41,816 nipype.workflow INFO:
	 [Node] "_fs2gii0" found cached.
250329-15:32:41,816 nipype.workflow INFO:
	 [Node] Setting-up "_morphs2gii0" in "/work_dir/fmriprep_24_0_wf/sub_14_wf/anat_fit_wf/gifti_morphometrics_wf/morphs2gii/mapflow/_morphs2gii0".
250329-15:32:41,817 nipype.workflow INFO:
	 [Node] Setting-up "_fs2gii1" in "/work_dir/fmriprep_24_0_wf/sub_14_wf/anat_fit_wf/gifti_surface_wf/fs2gii/mapflow/_fs2gii1".
250329-15:32:41,817 nipype.workflow INFO:
	 [Node] Executing "_fs2gii3" <nipype.interfaces.freesurfer.utils.MRIsConvert>
250329-15:32:41,818 nipype.workflow INFO:
	 [Node] Cached "_fs2gii1" - collecting precomputed outputs
250329-15:32:41,818 nipype.workflow INFO:
	 [Node] "_fs2gii1" found cached.
250329-15:32:41,818 nipype.workflow INFO:
	 [Node] Executing "_morphs2gii0" <smriprep.interfaces.freesurfer.MRIsConvertData>
250329-15:32:41,819 nipype.workflow INFO:
	 [Node] Setting-up "_fs2gii2" in "/work_dir/fmriprep_24_0_wf/sub_14_wf/anat_fit_wf/gifti_surface_wf/fs2gii/mapflow/_fs2gii2".
250329-15:32:41,820 nipype.workflow INFO:
	 [Node] Cached "_fs2gii2" - collecting precomputed outputs
250329-15:32:41,820 nipype.workflow INFO:
	 [Node] "_fs2gii2" found cached.
250329-15:32:41,821 nipype.workflow INFO:
	 [Node] Setting-up "_fs2gii3" in "/work_dir/fmriprep_24_0_wf/sub_14_wf/anat_fit_wf/gifti_surface_wf/fs2gii/mapflow/_fs2gii3".
250329-15:32:41,822 nipype.workflow INFO:
	 [Node] Cached "_fs2gii3" - collecting precomputed outputs
250329-15:32:41,822 nipype.workflow INFO:
	 [Node] "_fs2gii3" found cached.
250329-15:32:41,823 nipype.workflow INFO:
	 [Node] Setting-up "_fs2gii4" in "/work_dir/fmriprep_24_0_wf/sub_14_wf/anat_fit_wf/gifti_surface_wf/fs2gii/mapflow/_fs2gii4".
250329-15:32:41,824 nipype.workflow INFO:
	 [Node] Cached "_fs2gii4" - collecting precomputed outputs
250329-15:32:41,824 nipype.workflow INFO:
	 [Node] "_fs2gii4" found cached.
250329-15:32:41,839 nipype.workflow INFO:
	 [Node] Setting-up "_fs2gii5" in "/work_dir/fmriprep_24_0_wf/sub_14_wf/anat_fit_wf/gifti_surface_wf/fs2gii/mapflow/_fs2gii5".
250329-15:32:41,840 nipype.workflow INFO:
	 [Node] Cached "_fs2gii5" - collecting precomputed outputs
250329-15:32:41,840 nipype.workflow INFO:
	 [Node] "_fs2gii5" found cached.
250329-15:32:42,136 nipype.workflow INFO:
	 [Node] Finished "_fs2gii0", elapsed time 2.359408s.
250329-15:32:42,159 nipype.workflow INFO:
	 [Node] Finished "_fs2gii1", elapsed time 2.381164s.
250329-15:32:42,736 nipype.workflow INFO:
	 [Node] Finished "_fs2gii2", elapsed time 2.958249s.
250329-15:32:43,412 nipype.workflow INFO:
	 [Node] Finished "_morphs2gii0", elapsed time 1.5930170000000001s.
250329-15:32:43,823 nipype.workflow INFO:
	 [Node] Setting-up "_morphs2gii1" in "/work_dir/fmriprep_24_0_wf/sub_14_wf/anat_fit_wf/gifti_morphometrics_wf/morphs2gii/mapflow/_morphs2gii1".
250329-15:32:43,825 nipype.workflow INFO:
	 [Node] Executing "_morphs2gii1" <smriprep.interfaces.freesurfer.MRIsConvertData>
250329-15:32:43,828 nipype.workflow INFO:
	 [Node] Setting-up "_morphs2gii2" in "/work_dir/fmriprep_24_0_wf/sub_14_wf/anat_fit_wf/gifti_morphometrics_wf/morphs2gii/mapflow/_morphs2gii2".
250329-15:32:43,831 nipype.workflow INFO:
	 [Node] Executing "_morphs2gii2" <smriprep.interfaces.freesurfer.MRIsConvertData>
250329-15:32:43,833 nipype.workflow INFO:
	 [Node] Setting-up "_morphs2gii3" in "/work_dir/fmriprep_24_0_wf/sub_14_wf/anat_fit_wf/gifti_morphometrics_wf/morphs2gii/mapflow/_morphs2gii3".
250329-15:32:43,835 nipype.workflow INFO:
	 [Node] Executing "_morphs2gii3" <smriprep.interfaces.freesurfer.MRIsConvertData>
250329-15:32:44,298 nipype.workflow INFO:
	 [Node] Finished "_fs2gii3", elapsed time 2.479971s.
250329-15:32:45,372 nipype.workflow INFO:
	 [Node] Finished "_morphs2gii3", elapsed time 1.535847s.
250329-15:32:45,378 nipype.workflow INFO:
	 [Node] Finished "_morphs2gii2", elapsed time 1.5458349999999998s.
250329-15:32:45,612 nipype.workflow INFO:
	 [Node] Finished "_morphs2gii1", elapsed time 1.7854640000000002s.
250329-15:32:45,800 nipype.workflow INFO:
	 [Node] Setting-up "_fs2gii0" in "/work_dir/fmriprep_24_0_wf/sub_14_wf/anat_fit_wf/gifti_spheres_wf/fs2gii/mapflow/_fs2gii0".
250329-15:32:45,801 nipype.workflow INFO:
	 [Node] Setting-up "_fix_surfs1" in "/work_dir/fmriprep_24_0_wf/sub_14_wf/anat_fit_wf/gifti_surface_wf/fix_surfs/mapflow/_fix_surfs1".
250329-15:32:45,801 nipype.workflow INFO:
	 [Node] Cached "_fs2gii0" - collecting precomputed outputs
250329-15:32:45,801 nipype.workflow INFO:
	 [Node] "_fs2gii0" found cached.
250329-15:32:45,802 nipype.workflow INFO:
	 [Node] Setting-up "_fix_surfs3" in "/work_dir/fmriprep_24_0_wf/sub_14_wf/anat_fit_wf/gifti_surface_wf/fix_surfs/mapflow/_fix_surfs3".
250329-15:32:45,802 nipype.workflow INFO:
	 [Node] Setting-up "_fs2gii1" in "/work_dir/fmriprep_24_0_wf/sub_14_wf/anat_fit_wf/gifti_spheres_wf/fs2gii/mapflow/_fs2gii1".
250329-15:32:45,803 nipype.workflow INFO:
	 [Node] Executing "_fix_surfs1" <smriprep.interfaces.surf.NormalizeSurf>
250329-15:32:45,803 nipype.workflow INFO:
	 [Node] Cached "_fs2gii1" - collecting precomputed outputs
250329-15:32:45,804 nipype.workflow INFO:
	 [Node] Executing "_fix_surfs3" <smriprep.interfaces.surf.NormalizeSurf>
250329-15:32:45,804 nipype.workflow INFO:
	 [Node] "_fs2gii1" found cached.
250329-15:32:45,805 nipype.workflow INFO:
	 [Node] Setting-up "_fs2gii2" in "/work_dir/fmriprep_24_0_wf/sub_14_wf/anat_fit_wf/gifti_spheres_wf/fs2gii/mapflow/_fs2gii2".
250329-15:32:45,806 nipype.workflow INFO:
	 [Node] Cached "_fs2gii2" - collecting precomputed outputs
250329-15:32:45,806 nipype.workflow INFO:
	 [Node] "_fs2gii2" found cached.
250329-15:32:45,807 nipype.workflow INFO:
	 [Node] Setting-up "_fs2gii3" in "/work_dir/fmriprep_24_0_wf/sub_14_wf/anat_fit_wf/gifti_spheres_wf/fs2gii/mapflow/_fs2gii3".
250329-15:32:45,808 nipype.workflow INFO:
	 [Node] Cached "_fs2gii3" - collecting precomputed outputs
250329-15:32:45,808 nipype.workflow INFO:
	 [Node] "_fs2gii3" found cached.
250329-15:32:45,808 nipype.workflow INFO:
	 [Node] Setting-up "_fix_surfs0" in "/work_dir/fmriprep_24_0_wf/sub_14_wf/anat_fit_wf/gifti_surface_wf/fix_surfs/mapflow/_fix_surfs0".
250329-15:32:45,810 nipype.workflow INFO:
	 [Node] Executing "_fix_surfs0" <smriprep.interfaces.surf.NormalizeSurf>
250329-15:32:45,898 nipype.workflow INFO:
	 [Node] Setting-up "_fix_surfs2" in "/work_dir/fmriprep_24_0_wf/sub_14_wf/anat_fit_wf/gifti_surface_wf/fix_surfs/mapflow/_fix_surfs2".
250329-15:32:45,900 nipype.workflow INFO:
	 [Node] Executing "_fix_surfs2" <smriprep.interfaces.surf.NormalizeSurf>
250329-15:32:46,631 nipype.workflow INFO:
	 [Node] Finished "_fix_surfs1", elapsed time 0.827032s.
250329-15:32:46,663 nipype.workflow INFO:
	 [Node] Finished "_fix_surfs0", elapsed time 0.852202s.
250329-15:32:46,763 nipype.workflow INFO:
	 [Node] Finished "_fix_surfs2", elapsed time 0.861967s.
250329-15:32:46,854 nipype.workflow INFO:
	 [Node] Finished "_fix_surfs3", elapsed time 1.048259s.
250329-15:32:47,765 nipype.workflow INFO:
	 [Node] Setting-up "_morphs2gii0" in "/work_dir/fmriprep_24_0_wf/sub_14_wf/anat_fit_wf/gifti_morphometrics_wf/morphs2gii/mapflow/_morphs2gii0".
250329-15:32:47,766 nipype.workflow INFO:
	 [Node] Cached "_morphs2gii0" - collecting precomputed outputs
250329-15:32:47,767 nipype.workflow INFO:
	 [Node] "_morphs2gii0" found cached.
250329-15:32:47,768 nipype.workflow INFO:
	 [Node] Setting-up "_morphs2gii1" in "/work_dir/fmriprep_24_0_wf/sub_14_wf/anat_fit_wf/gifti_morphometrics_wf/morphs2gii/mapflow/_morphs2gii1".
250329-15:32:47,769 nipype.workflow INFO:
	 [Node] Cached "_morphs2gii1" - collecting precomputed outputs
250329-15:32:47,769 nipype.workflow INFO:
	 [Node] "_morphs2gii1" found cached.
250329-15:32:47,770 nipype.workflow INFO:
	 [Node] Setting-up "_morphs2gii2" in "/work_dir/fmriprep_24_0_wf/sub_14_wf/anat_fit_wf/gifti_morphometrics_wf/morphs2gii/mapflow/_morphs2gii2".
250329-15:32:47,771 nipype.workflow INFO:
	 [Node] Cached "_morphs2gii2" - collecting precomputed outputs
250329-15:32:47,771 nipype.workflow INFO:
	 [Node] "_morphs2gii2" found cached.
250329-15:32:47,772 nipype.workflow INFO:
	 [Node] Setting-up "_morphs2gii3" in "/work_dir/fmriprep_24_0_wf/sub_14_wf/anat_fit_wf/gifti_morphometrics_wf/morphs2gii/mapflow/_morphs2gii3".
250329-15:32:47,773 nipype.workflow INFO:
	 [Node] Cached "_morphs2gii3" - collecting precomputed outputs
250329-15:32:47,773 nipype.workflow INFO:
	 [Node] "_morphs2gii3" found cached.
250329-15:32:47,778 nipype.workflow INFO:
	 [Node] Setting-up "_fix_surfs4" in "/work_dir/fmriprep_24_0_wf/sub_14_wf/anat_fit_wf/gifti_surface_wf/fix_surfs/mapflow/_fix_surfs4".
250329-15:32:47,780 nipype.workflow INFO:
	 [Node] Setting-up "_fix_surfs5" in "/work_dir/fmriprep_24_0_wf/sub_14_wf/anat_fit_wf/gifti_surface_wf/fix_surfs/mapflow/_fix_surfs5".
250329-15:32:47,780 nipype.workflow INFO:
	 [Node] Executing "_fix_surfs4" <smriprep.interfaces.surf.NormalizeSurf>
250329-15:32:47,782 nipype.workflow INFO:
	 [Node] Executing "_fix_surfs5" <smriprep.interfaces.surf.NormalizeSurf>
250329-15:32:48,628 nipype.workflow INFO:
	 [Node] Finished "_fix_surfs4", elapsed time 0.845732s.
250329-15:32:48,629 nipype.workflow INFO:
	 [Node] Finished "_fix_surfs5", elapsed time 0.846365s.
250329-15:32:49,762 nipype.workflow INFO:
	 [Node] Setting-up "_fix_surfs0" in "/work_dir/fmriprep_24_0_wf/sub_14_wf/anat_fit_wf/gifti_surface_wf/fix_surfs/mapflow/_fix_surfs0".
250329-15:32:49,763 nipype.workflow INFO:
	 [Node] Cached "_fix_surfs0" - collecting precomputed outputs
250329-15:32:49,764 nipype.workflow INFO:
	 [Node] "_fix_surfs0" found cached.
250329-15:32:49,765 nipype.workflow INFO:
	 [Node] Setting-up "_fix_surfs1" in "/work_dir/fmriprep_24_0_wf/sub_14_wf/anat_fit_wf/gifti_surface_wf/fix_surfs/mapflow/_fix_surfs1".
250329-15:32:49,765 nipype.workflow INFO:
	 [Node] Cached "_fix_surfs1" - collecting precomputed outputs
250329-15:32:49,766 nipype.workflow INFO:
	 [Node] "_fix_surfs1" found cached.
250329-15:32:49,766 nipype.workflow INFO:
	 [Node] Setting-up "_fix_surfs2" in "/work_dir/fmriprep_24_0_wf/sub_14_wf/anat_fit_wf/gifti_surface_wf/fix_surfs/mapflow/_fix_surfs2".
250329-15:32:49,767 nipype.workflow INFO:
	 [Node] Cached "_fix_surfs2" - collecting precomputed outputs
250329-15:32:49,767 nipype.workflow INFO:
	 [Node] "_fix_surfs2" found cached.
250329-15:32:49,768 nipype.workflow INFO:
	 [Node] Setting-up "_fix_surfs3" in "/work_dir/fmriprep_24_0_wf/sub_14_wf/anat_fit_wf/gifti_surface_wf/fix_surfs/mapflow/_fix_surfs3".
250329-15:32:49,769 nipype.workflow INFO:
	 [Node] Cached "_fix_surfs3" - collecting precomputed outputs
250329-15:32:49,769 nipype.workflow INFO:
	 [Node] "_fix_surfs3" found cached.
250329-15:32:49,770 nipype.workflow INFO:
	 [Node] Setting-up "_fix_surfs4" in "/work_dir/fmriprep_24_0_wf/sub_14_wf/anat_fit_wf/gifti_surface_wf/fix_surfs/mapflow/_fix_surfs4".
250329-15:32:49,770 nipype.workflow INFO:
	 [Node] Cached "_fix_surfs4" - collecting precomputed outputs
250329-15:32:49,770 nipype.workflow INFO:
	 [Node] "_fix_surfs4" found cached.
250329-15:32:49,771 nipype.workflow INFO:
	 [Node] Setting-up "_fix_surfs5" in "/work_dir/fmriprep_24_0_wf/sub_14_wf/anat_fit_wf/gifti_surface_wf/fix_surfs/mapflow/_fix_surfs5".
250329-15:32:49,772 nipype.workflow INFO:
	 [Node] Cached "_fix_surfs5" - collecting precomputed outputs
250329-15:32:49,772 nipype.workflow INFO:
	 [Node] "_fix_surfs5" found cached.
250329-15:32:50,54 nipype.workflow INFO:
	 [Node] Setting-up "_fix_surfs0" in "/work_dir/fmriprep_24_0_wf/sub_14_wf/anat_fit_wf/gifti_spheres_wf/fix_surfs/mapflow/_fix_surfs0".
250329-15:32:50,56 nipype.workflow INFO:
	 [Node] Executing "_fix_surfs0" <smriprep.interfaces.surf.NormalizeSurf>
250329-15:32:50,63 nipype.workflow INFO:
	 [Node] Setting-up "_fix_surfs3" in "/work_dir/fmriprep_24_0_wf/sub_14_wf/anat_fit_wf/gifti_spheres_wf/fix_surfs/mapflow/_fix_surfs3".
250329-15:32:50,65 nipype.workflow INFO:
	 [Node] Executing "_fix_surfs3" <smriprep.interfaces.surf.NormalizeSurf>
250329-15:32:50,167 nipype.workflow INFO:
	 [Node] Setting-up "_fix_surfs1" in "/work_dir/fmriprep_24_0_wf/sub_14_wf/anat_fit_wf/gifti_spheres_wf/fix_surfs/mapflow/_fix_surfs1".
250329-15:32:50,169 nipype.workflow INFO:
	 [Node] Executing "_fix_surfs1" <smriprep.interfaces.surf.NormalizeSurf>
250329-15:32:50,189 nipype.workflow INFO:
	 [Node] Setting-up "_fix_surfs2" in "/work_dir/fmriprep_24_0_wf/sub_14_wf/anat_fit_wf/gifti_spheres_wf/fix_surfs/mapflow/_fix_surfs2".
250329-15:32:50,190 nipype.workflow INFO:
	 [Node] Executing "_fix_surfs2" <smriprep.interfaces.surf.NormalizeSurf>
250329-15:32:50,886 nipype.workflow INFO:
	 [Node] Finished "_fix_surfs3", elapsed time 0.819544s.
250329-15:32:50,913 nipype.workflow INFO:
	 [Node] Finished "_fix_surfs0", elapsed time 0.855983s.
250329-15:32:51,38 nipype.workflow INFO:
	 [Node] Finished "_fix_surfs1", elapsed time 0.86619s.
250329-15:32:51,99 nipype.workflow INFO:
	 [Node] Finished "_fix_surfs2", elapsed time 0.907848s.
250329-15:32:51,901 nipype.workflow INFO:
	 [Node] Setting-up "_fix_surfs0" in "/work_dir/fmriprep_24_0_wf/sub_14_wf/anat_fit_wf/gifti_spheres_wf/fix_surfs/mapflow/_fix_surfs0".
250329-15:32:51,902 nipype.workflow INFO:
	 [Node] Cached "_fix_surfs0" - collecting precomputed outputs
250329-15:32:51,902 nipype.workflow INFO:
	 [Node] "_fix_surfs0" found cached.
250329-15:32:51,902 nipype.workflow INFO:
	 [Node] Setting-up "_fix_surfs1" in "/work_dir/fmriprep_24_0_wf/sub_14_wf/anat_fit_wf/gifti_spheres_wf/fix_surfs/mapflow/_fix_surfs1".
250329-15:32:51,903 nipype.workflow INFO:
	 [Node] Cached "_fix_surfs1" - collecting precomputed outputs
250329-15:32:51,904 nipype.workflow INFO:
	 [Node] "_fix_surfs1" found cached.
250329-15:32:51,904 nipype.workflow INFO:
	 [Node] Setting-up "_fix_surfs2" in "/work_dir/fmriprep_24_0_wf/sub_14_wf/anat_fit_wf/gifti_spheres_wf/fix_surfs/mapflow/_fix_surfs2".
250329-15:32:51,907 nipype.workflow INFO:
	 [Node] Cached "_fix_surfs2" - collecting precomputed outputs
250329-15:32:51,907 nipype.workflow INFO:
	 [Node] "_fix_surfs2" found cached.
250329-15:32:51,908 nipype.workflow INFO:
	 [Node] Setting-up "_fix_surfs3" in "/work_dir/fmriprep_24_0_wf/sub_14_wf/anat_fit_wf/gifti_spheres_wf/fix_surfs/mapflow/_fix_surfs3".
250329-15:32:51,909 nipype.workflow INFO:
	 [Node] Cached "_fix_surfs3" - collecting precomputed outputs
250329-15:32:51,909 nipype.workflow INFO:
	 [Node] "_fix_surfs3" found cached.
250329-15:32:54,915 nipype.workflow INFO:
	 [Node] Setting-up "_invert_sulc1" in "/work_dir/fmriprep_24_0_wf/sub_14_wf/anat_fit_wf/msm_sulc_wf/invert_sulc/mapflow/_invert_sulc1".
250329-15:32:54,917 nipype.workflow INFO:
	 [Node] Executing "_invert_sulc1" <smriprep.interfaces.gifti.MetricMath>
250329-15:32:54,918 nipype.workflow INFO:
	 [Node] Setting-up "_invert_sulc0" in "/work_dir/fmriprep_24_0_wf/sub_14_wf/anat_fit_wf/msm_sulc_wf/invert_sulc/mapflow/_invert_sulc0".
250329-15:32:54,920 nipype.workflow INFO:
	 [Node] Executing "_invert_sulc0" <smriprep.interfaces.gifti.MetricMath>
250329-15:32:54,969 nipype.workflow INFO:
	 [Node] Finished "_invert_sulc1", elapsed time 0.050678s.
250329-15:32:54,974 nipype.workflow INFO:
	 [Node] Finished "_invert_sulc0", elapsed time 0.053011s.
250329-15:32:56,231 nipype.workflow INFO:
	 [Node] Setting-up "_invert_sulc0" in "/work_dir/fmriprep_24_0_wf/sub_14_wf/anat_fit_wf/msm_sulc_wf/invert_sulc/mapflow/_invert_sulc0".
250329-15:32:56,232 nipype.workflow INFO:
	 [Node] Cached "_invert_sulc0" - collecting precomputed outputs
250329-15:32:56,233 nipype.workflow INFO:
	 [Node] "_invert_sulc0" found cached.
250329-15:32:56,233 nipype.workflow INFO:
	 [Node] Setting-up "_invert_sulc1" in "/work_dir/fmriprep_24_0_wf/sub_14_wf/anat_fit_wf/msm_sulc_wf/invert_sulc/mapflow/_invert_sulc1".
250329-15:32:56,234 nipype.workflow INFO:
	 [Node] Cached "_invert_sulc1" - collecting precomputed outputs
250329-15:32:56,235 nipype.workflow INFO:
	 [Node] "_invert_sulc1" found cached.
250329-15:32:57,965 nipype.workflow INFO:
	 [Node] Finished "recon_report", elapsed time 26.691274s.
250329-15:32:58,495 nipype.workflow INFO:
	 [Node] Setting-up "_create_pial_distvol0" in "/work_dir/fmriprep_24_0_wf/sub_14_wf/anat_fit_wf/anat_ribbon_wf/create_pial_distvol/mapflow/_create_pial_distvol0".
250329-15:32:58,495 nipype.workflow INFO:
	 [Node] Setting-up "_create_wm_distvol1" in "/work_dir/fmriprep_24_0_wf/sub_14_wf/anat_fit_wf/anat_ribbon_wf/create_wm_distvol/mapflow/_create_wm_distvol1".
250329-15:32:58,495 nipype.workflow INFO:
	 [Node] Setting-up "_create_wm_distvol0" in "/work_dir/fmriprep_24_0_wf/sub_14_wf/anat_fit_wf/anat_ribbon_wf/create_wm_distvol/mapflow/_create_wm_distvol0".
250329-15:32:58,498 nipype.workflow INFO:
	 [Node] Executing "_create_wm_distvol1" <smriprep.interfaces.workbench.CreateSignedDistanceVolume>
250329-15:32:58,498 nipype.workflow INFO:
	 [Node] Executing "_create_wm_distvol0" <smriprep.interfaces.workbench.CreateSignedDistanceVolume>
250329-15:32:58,503 nipype.workflow INFO:
	 [Node] Setting-up "_create_pial_distvol1" in "/work_dir/fmriprep_24_0_wf/sub_14_wf/anat_fit_wf/anat_ribbon_wf/create_pial_distvol/mapflow/_create_pial_distvol1".
250329-15:32:58,504 nipype.workflow INFO:
	 [Node] Executing "_create_pial_distvol0" <smriprep.interfaces.workbench.CreateSignedDistanceVolume>
250329-15:32:58,505 nipype.workflow INFO:
	 [Node] Executing "_create_pial_distvol1" <smriprep.interfaces.workbench.CreateSignedDistanceVolume>
250329-15:33:03,427 nipype.workflow INFO:
	 [Node] Setting-up "_project_unproject0" in "/work_dir/fmriprep_24_0_wf/sub_14_wf/anat_fit_wf/fsLR_reg_wf/project_unproject/mapflow/_project_unproject0".
250329-15:33:03,429 nipype.workflow INFO:
	 [Node] Executing "_project_unproject0" <smriprep.interfaces.workbench.SurfaceSphereProjectUnproject>
250329-15:33:03,435 nipype.workflow INFO:
	 [Node] Setting-up "_project_unproject1" in "/work_dir/fmriprep_24_0_wf/sub_14_wf/anat_fit_wf/fsLR_reg_wf/project_unproject/mapflow/_project_unproject1".
250329-15:33:03,437 nipype.workflow INFO:
	 [Node] Executing "_project_unproject1" <smriprep.interfaces.workbench.SurfaceSphereProjectUnproject>
250329-15:33:12,584 nipype.workflow INFO:
	 [Node] Finished "_project_unproject1", elapsed time 8.623525s.
250329-15:33:12,970 nipype.workflow INFO:
	 [Node] Finished "_project_unproject0", elapsed time 8.958103s.
250329-15:33:13,978 nipype.workflow INFO:
	 [Node] Setting-up "_project_unproject0" in "/work_dir/fmriprep_24_0_wf/sub_14_wf/anat_fit_wf/fsLR_reg_wf/project_unproject/mapflow/_project_unproject0".
250329-15:33:13,980 nipype.workflow INFO:
	 [Node] Cached "_project_unproject0" - collecting precomputed outputs
250329-15:33:13,980 nipype.workflow INFO:
	 [Node] "_project_unproject0" found cached.
250329-15:33:13,981 nipype.workflow INFO:
	 [Node] Setting-up "_project_unproject1" in "/work_dir/fmriprep_24_0_wf/sub_14_wf/anat_fit_wf/fsLR_reg_wf/project_unproject/mapflow/_project_unproject1".
250329-15:33:13,982 nipype.workflow INFO:
	 [Node] Cached "_project_unproject1" - collecting precomputed outputs
250329-15:33:13,982 nipype.workflow INFO:
	 [Node] "_project_unproject1" found cached.
250329-15:33:25,597 nipype.workflow INFO:
	 [Node] Setting-up "_regress_affine0" in "/work_dir/fmriprep_24_0_wf/sub_14_wf/anat_fit_wf/msm_sulc_wf/regress_affine/mapflow/_regress_affine0".
250329-15:33:25,599 nipype.workflow INFO:
	 [Node] Executing "_regress_affine0" <smriprep.interfaces.workbench.SurfaceAffineRegression>
250329-15:33:25,648 nipype.workflow INFO:
	 [Node] Setting-up "_regress_affine1" in "/work_dir/fmriprep_24_0_wf/sub_14_wf/anat_fit_wf/msm_sulc_wf/regress_affine/mapflow/_regress_affine1".
250329-15:33:25,650 nipype.workflow INFO:
	 [Node] Executing "_regress_affine1" <smriprep.interfaces.workbench.SurfaceAffineRegression>
250329-15:33:28,281 nipype.workflow INFO:
	 [Node] Finished "_regress_affine1", elapsed time 1.995468s.
250329-15:33:29,594 nipype.workflow INFO:
	 [Node] Finished "_regress_affine0", elapsed time 2.409496s.
250329-15:33:30,503 nipype.workflow INFO:
	 [Node] Setting-up "_regress_affine0" in "/work_dir/fmriprep_24_0_wf/sub_14_wf/anat_fit_wf/msm_sulc_wf/regress_affine/mapflow/_regress_affine0".
250329-15:33:30,504 nipype.workflow INFO:
	 [Node] Cached "_regress_affine0" - collecting precomputed outputs
250329-15:33:30,504 nipype.workflow INFO:
	 [Node] "_regress_affine0" found cached.
250329-15:33:30,505 nipype.workflow INFO:
	 [Node] Setting-up "_regress_affine1" in "/work_dir/fmriprep_24_0_wf/sub_14_wf/anat_fit_wf/msm_sulc_wf/regress_affine/mapflow/_regress_affine1".
250329-15:33:30,506 nipype.workflow INFO:
	 [Node] Cached "_regress_affine1" - collecting precomputed outputs
250329-15:33:30,506 nipype.workflow INFO:
	 [Node] "_regress_affine1" found cached.
250329-15:33:34,482 nipype.workflow INFO:
	 [Node] Setting-up "_apply_surface_affine0" in "/work_dir/fmriprep_24_0_wf/sub_14_wf/anat_fit_wf/msm_sulc_wf/apply_surface_affine/mapflow/_apply_surface_affine0".
250329-15:33:34,484 nipype.workflow INFO:
	 [Node] Executing "_apply_surface_affine0" <smriprep.interfaces.workbench.SurfaceApplyAffine>
250329-15:33:34,492 nipype.workflow INFO:
	 [Node] Setting-up "_apply_surface_affine1" in "/work_dir/fmriprep_24_0_wf/sub_14_wf/anat_fit_wf/msm_sulc_wf/apply_surface_affine/mapflow/_apply_surface_affine1".
250329-15:33:34,494 nipype.workflow INFO:
	 [Node] Executing "_apply_surface_affine1" <smriprep.interfaces.workbench.SurfaceApplyAffine>
250329-15:33:42,813 nipype.workflow INFO:
	 [Node] Finished "_apply_surface_affine1", elapsed time 7.727901s.
250329-15:33:44,770 nipype.workflow INFO:
	 [Node] Finished "_apply_surface_affine0", elapsed time 9.57531s.
250329-15:33:46,519 nipype.workflow INFO:
	 [Node] Setting-up "_apply_surface_affine0" in "/work_dir/fmriprep_24_0_wf/sub_14_wf/anat_fit_wf/msm_sulc_wf/apply_surface_affine/mapflow/_apply_surface_affine0".
250329-15:33:46,520 nipype.workflow INFO:
	 [Node] Cached "_apply_surface_affine0" - collecting precomputed outputs
250329-15:33:46,523 nipype.workflow INFO:
	 [Node] "_apply_surface_affine0" found cached.
250329-15:33:46,531 nipype.workflow INFO:
	 [Node] Setting-up "_apply_surface_affine1" in "/work_dir/fmriprep_24_0_wf/sub_14_wf/anat_fit_wf/msm_sulc_wf/apply_surface_affine/mapflow/_apply_surface_affine1".
250329-15:33:46,532 nipype.workflow INFO:
	 [Node] Cached "_apply_surface_affine1" - collecting precomputed outputs
250329-15:33:46,532 nipype.workflow INFO:
	 [Node] "_apply_surface_affine1" found cached.
250329-15:33:51,151 nipype.workflow INFO:
	 [Node] Setting-up "_modify_sphere0" in "/work_dir/fmriprep_24_0_wf/sub_14_wf/anat_fit_wf/msm_sulc_wf/modify_sphere/mapflow/_modify_sphere0".
250329-15:33:51,153 nipype.workflow INFO:
	 [Node] Executing "_modify_sphere0" <smriprep.interfaces.workbench.SurfaceModifySphere>
250329-15:33:51,167 nipype.workflow INFO:
	 [Node] Setting-up "_modify_sphere1" in "/work_dir/fmriprep_24_0_wf/sub_14_wf/anat_fit_wf/msm_sulc_wf/modify_sphere/mapflow/_modify_sphere1".
250329-15:33:51,171 nipype.workflow INFO:
	 [Node] Executing "_modify_sphere1" <smriprep.interfaces.workbench.SurfaceModifySphere>
250329-15:33:55,907 nipype.workflow INFO:
	 [Node] Finished "_modify_sphere0", elapsed time 3.209063s.
250329-15:33:56,366 nipype.workflow INFO:
	 [Node] Finished "_modify_sphere1", elapsed time 3.569237s.
250329-15:33:59,47 nipype.workflow INFO:
	 [Node] Setting-up "_modify_sphere0" in "/work_dir/fmriprep_24_0_wf/sub_14_wf/anat_fit_wf/msm_sulc_wf/modify_sphere/mapflow/_modify_sphere0".
250329-15:33:59,48 nipype.workflow INFO:
	 [Node] Cached "_modify_sphere0" - collecting precomputed outputs
250329-15:33:59,48 nipype.workflow INFO:
	 [Node] "_modify_sphere0" found cached.
250329-15:33:59,49 nipype.workflow INFO:
	 [Node] Setting-up "_modify_sphere1" in "/work_dir/fmriprep_24_0_wf/sub_14_wf/anat_fit_wf/msm_sulc_wf/modify_sphere/mapflow/_modify_sphere1".
250329-15:33:59,50 nipype.workflow INFO:
	 [Node] Cached "_modify_sphere1" - collecting precomputed outputs
250329-15:33:59,50 nipype.workflow INFO:
	 [Node] "_modify_sphere1" found cached.
250329-15:34:03,128 nipype.workflow INFO:
	 [Node] Setting-up "_msmsulc0" in "/work_dir/fmriprep_24_0_wf/sub_14_wf/anat_fit_wf/msm_sulc_wf/msmsulc/mapflow/_msmsulc0".
250329-15:34:03,131 nipype.workflow INFO:
	 [Node] Executing "_msmsulc0" <smriprep.interfaces.msm.MSM>
250329-15:34:03,134 nipype.workflow INFO:
	 [Node] Setting-up "_msmsulc1" in "/work_dir/fmriprep_24_0_wf/sub_14_wf/anat_fit_wf/msm_sulc_wf/msmsulc/mapflow/_msmsulc1".
250329-15:34:03,137 nipype.workflow INFO:
	 [Node] Executing "_msmsulc1" <smriprep.interfaces.msm.MSM>
250329-15:34:32,971 nipype.workflow INFO:
	 [Node] Finished "mri_coreg", elapsed time 123.294457s.
250329-15:34:34,843 nipype.workflow INFO:
	 [Node] Setting-up "fmriprep_24_0_wf.sub_14_wf.bold_task_bird_run_4_wf.bold_fit_wf.bold_reg_wf.bbreg_wf.mri_coreg" in "/work_dir/fmriprep_24_0_wf/sub_14_wf/bold_task_bird_run_4_wf/bold_fit_wf/bold_reg_wf/bbreg_wf/mri_coreg".
250329-15:34:34,851 nipype.workflow INFO:
	 [Node] Executing "mri_coreg" <fmriprep.interfaces.patches.MRICoreg>
250329-15:34:34,848 nipype.workflow INFO:
	 [Node] Setting-up "fmriprep_24_0_wf.sub_14_wf.bold_task_bird_run_3_wf.bold_fit_wf.bold_reg_wf.bbreg_wf.bbregister" in "/work_dir/fmriprep_24_0_wf/sub_14_wf/bold_task_bird_run_3_wf/bold_fit_wf/bold_reg_wf/bbreg_wf/bbregister".
250329-15:34:34,916 nipype.workflow INFO:
	 [Node] Executing "bbregister" <nipype.interfaces.freesurfer.preprocess.BBRegister>
250329-15:34:36,330 nipype.workflow INFO:
	 [Node] Finished "mri_coreg", elapsed time 126.574891s.
250329-15:34:38,864 nipype.workflow INFO:
	 [Node] Setting-up "fmriprep_24_0_wf.sub_14_wf.bold_task_bird_run_5_wf.bold_fit_wf.bold_reg_wf.bbreg_wf.mri_coreg" in "/work_dir/fmriprep_24_0_wf/sub_14_wf/bold_task_bird_run_5_wf/bold_fit_wf/bold_reg_wf/bbreg_wf/mri_coreg".
250329-15:34:38,868 nipype.workflow INFO:
	 [Node] Executing "mri_coreg" <fmriprep.interfaces.patches.MRICoreg>
250329-15:34:39,240 nipype.workflow INFO:
	 [Node] Finished "refine", elapsed time 118.371204s.
250329-15:34:41,20 nipype.workflow INFO:
	 [Node] Setting-up "fmriprep_24_0_wf.sub_14_wf.bold_task_bird_run_2_wf.bold_fit_wf.bold_reg_wf.bbreg_wf.bbregister" in "/work_dir/fmriprep_24_0_wf/sub_14_wf/bold_task_bird_run_2_wf/bold_fit_wf/bold_reg_wf/bbreg_wf/bbregister".
250329-15:34:41,31 nipype.workflow INFO:
	 [Node] Executing "bbregister" <nipype.interfaces.freesurfer.preprocess.BBRegister>
250329-15:34:42,169 nipype.workflow INFO:
	 [Node] Finished "mri_coreg", elapsed time 132.357623s.
250329-15:34:44,571 nipype.workflow INFO:
	 [Node] Setting-up "fmriprep_24_0_wf.sub_14_wf.bold_task_bird_run_6_wf.bold_fit_wf.bold_reg_wf.bbreg_wf.mri_coreg" in "/work_dir/fmriprep_24_0_wf/sub_14_wf/bold_task_bird_run_6_wf/bold_fit_wf/bold_reg_wf/bbreg_wf/mri_coreg".
250329-15:34:44,579 nipype.workflow INFO:
	 [Node] Executing "mri_coreg" <fmriprep.interfaces.patches.MRICoreg>
250329-15:35:18,975 nipype.workflow INFO:
	 [Node] Finished "_create_wm_distvol0", elapsed time 139.964326s.
250329-15:35:20,491 nipype.workflow INFO:
	 [Node] Setting-up "fmriprep_24_0_wf.sub_14_wf.bold_task_bird_run_1_wf.bold_fit_wf.bold_reg_wf.bbreg_wf.bbregister" in "/work_dir/fmriprep_24_0_wf/sub_14_wf/bold_task_bird_run_1_wf/bold_fit_wf/bold_reg_wf/bbreg_wf/bbregister".
250329-15:35:20,499 nipype.workflow INFO:
	 [Node] Executing "bbregister" <nipype.interfaces.freesurfer.preprocess.BBRegister>
250329-15:35:26,564 nipype.workflow INFO:
	 [Node] Finished "_create_wm_distvol1", elapsed time 147.493548s.
250329-15:35:28,434 nipype.workflow INFO:
	 [Node] Setting-up "fmriprep_24_0_wf.sub_14_wf.anat_fit_wf.applyrefined" in "/work_dir/fmriprep_24_0_wf/sub_14_wf/anat_fit_wf/applyrefined".
250329-15:35:28,438 nipype.workflow INFO:
	 [Node] Executing "applyrefined" <nipype.interfaces.fsl.maths.ApplyMask>
250329-15:35:32,609 nipype.workflow INFO:
	 [Node] Finished "applyrefined", elapsed time 4.169645s.
250329-15:35:35,677 nipype.workflow INFO:
	 [Node] Setting-up "_create_wm_distvol0" in "/work_dir/fmriprep_24_0_wf/sub_14_wf/anat_fit_wf/anat_ribbon_wf/create_wm_distvol/mapflow/_create_wm_distvol0".
250329-15:35:35,678 nipype.workflow INFO:
	 [Node] Cached "_create_wm_distvol0" - collecting precomputed outputs
250329-15:35:35,678 nipype.workflow INFO:
	 [Node] "_create_wm_distvol0" found cached.
250329-15:35:35,679 nipype.workflow INFO:
	 [Node] Setting-up "_create_wm_distvol1" in "/work_dir/fmriprep_24_0_wf/sub_14_wf/anat_fit_wf/anat_ribbon_wf/create_wm_distvol/mapflow/_create_wm_distvol1".
250329-15:35:35,680 nipype.workflow INFO:
	 [Node] Cached "_create_wm_distvol1" - collecting precomputed outputs
250329-15:35:35,681 nipype.workflow INFO:
	 [Node] "_create_wm_distvol1" found cached.
250329-15:35:36,708 nipype.workflow INFO:
	 [Node] Setting-up "fmriprep_24_0_wf.sub_14_wf.anat_fit_wf.fast" in "/work_dir/fmriprep_24_0_wf/sub_14_wf/anat_fit_wf/fast".
250329-15:35:36,711 nipype.workflow INFO:
	 [Node] Executing "fast" <nipype.interfaces.fsl.preprocess.FAST>
250329-15:35:57,665 nipype.workflow INFO:
	 [Node] Finished "_create_pial_distvol0", elapsed time 178.696202s.
250329-15:35:59,66 nipype.workflow INFO:
	 [Node] Setting-up "fmriprep_24_0_wf.sub_14_wf.bold_task_bird_run_1_wf.bold_anat_wf.gen_ref" in "/work_dir/fmriprep_24_0_wf/sub_14_wf/bold_task_bird_run_1_wf/bold_anat_wf/gen_ref".
250329-15:35:59,73 nipype.workflow INFO:
	 [Node] Executing "gen_ref" <niworkflows.interfaces.nibabel.GenerateSamplingReference>
250329-15:36:21,759 nipype.workflow INFO:
	 [Node] Finished "gen_ref", elapsed time 22.672216s.
250329-15:36:24,355 nipype.workflow INFO:
	 [Node] Setting-up "fmriprep_24_0_wf.sub_14_wf.bold_task_bird_run_2_wf.bold_anat_wf.gen_ref" in "/work_dir/fmriprep_24_0_wf/sub_14_wf/bold_task_bird_run_2_wf/bold_anat_wf/gen_ref".
250329-15:36:24,360 nipype.workflow INFO:
	 [Node] Executing "gen_ref" <niworkflows.interfaces.nibabel.GenerateSamplingReference>
250329-15:36:40,402 nipype.workflow INFO:
	 [Node] Finished "mri_coreg", elapsed time 121.531799s.
250329-15:36:41,583 nipype.workflow INFO:
	 [Node] Finished "mri_coreg", elapsed time 126.730191s.
250329-15:36:42,742 nipype.workflow INFO:
	 [Node] Setting-up "fmriprep_24_0_wf.sub_14_wf.bold_task_bird_run_4_wf.bold_fit_wf.bold_reg_wf.bbreg_wf.bbregister" in "/work_dir/fmriprep_24_0_wf/sub_14_wf/bold_task_bird_run_4_wf/bold_fit_wf/bold_reg_wf/bbreg_wf/bbregister".
250329-15:36:42,748 nipype.workflow INFO:
	 [Node] Executing "bbregister" <nipype.interfaces.freesurfer.preprocess.BBRegister>
250329-15:36:42,762 nipype.workflow INFO:
	 [Node] Setting-up "fmriprep_24_0_wf.sub_14_wf.bold_task_bird_run_5_wf.bold_fit_wf.bold_reg_wf.bbreg_wf.bbregister" in "/work_dir/fmriprep_24_0_wf/sub_14_wf/bold_task_bird_run_5_wf/bold_fit_wf/bold_reg_wf/bbreg_wf/bbregister".
250329-15:36:42,764 nipype.workflow INFO:
	 [Node] Setting-up "fmriprep_24_0_wf.sub_14_wf.anat_fit_wf.register_template_wf.registration" in "/work_dir/fmriprep_24_0_wf/sub_14_wf/anat_fit_wf/register_template_wf/_template_MNI152NLin2009cAsym/registration".
250329-15:36:42,765 nipype.workflow INFO:
	 [Node] Setting-up "fmriprep_24_0_wf.sub_14_wf.bold_task_bird_run_3_wf.bold_anat_wf.gen_ref" in "/work_dir/fmriprep_24_0_wf/sub_14_wf/bold_task_bird_run_3_wf/bold_anat_wf/gen_ref".
250329-15:36:42,766 nipype.workflow INFO:
	 [Node] Setting-up "fmriprep_24_0_wf.sub_14_wf.bold_task_bird_run_4_wf.bold_anat_wf.gen_ref" in "/work_dir/fmriprep_24_0_wf/sub_14_wf/bold_task_bird_run_4_wf/bold_anat_wf/gen_ref".
250329-15:36:42,768 nipype.workflow INFO:
	 [Node] Executing "bbregister" <nipype.interfaces.freesurfer.preprocess.BBRegister>
250329-15:36:42,769 nipype.workflow INFO:
	 [Node] Executing "gen_ref" <niworkflows.interfaces.nibabel.GenerateSamplingReference>
250329-15:36:42,770 nipype.workflow INFO:
	 [Node] Executing "gen_ref" <niworkflows.interfaces.nibabel.GenerateSamplingReference>
250329-15:36:42,771 nipype.workflow INFO:
	 [Node] Executing "registration" <niworkflows.interfaces.norm.SpatialNormalization>
250329-15:36:42,771 nipype.workflow INFO:
	 [Node] Setting-up "fmriprep_24_0_wf.sub_14_wf.bold_task_bird_run_5_wf.bold_anat_wf.gen_ref" in "/work_dir/fmriprep_24_0_wf/sub_14_wf/bold_task_bird_run_5_wf/bold_anat_wf/gen_ref".
250329-15:36:42,775 nipype.workflow INFO:
	 [Node] Executing "gen_ref" <niworkflows.interfaces.nibabel.GenerateSamplingReference>
250329-15:36:42,777 nipype.workflow INFO:
	 [Node] Setting-up "fmriprep_24_0_wf.sub_14_wf.bold_task_bird_run_6_wf.bold_anat_wf.gen_ref" in "/work_dir/fmriprep_24_0_wf/sub_14_wf/bold_task_bird_run_6_wf/bold_anat_wf/gen_ref".
250329-15:36:42,781 nipype.workflow INFO:
	 [Node] Executing "gen_ref" <niworkflows.interfaces.nibabel.GenerateSamplingReference>
250329-15:36:50,524 nipype.workflow INFO:
	 [Node] Finished "gen_ref", elapsed time 26.163859s.
250329-15:36:55,154 nipype.workflow INFO:
	 [Node] Finished "_create_pial_distvol1", elapsed time 236.121024s.
250329-15:36:56,738 nipype.workflow INFO:
	 [Node] Setting-up "_create_pial_distvol0" in "/work_dir/fmriprep_24_0_wf/sub_14_wf/anat_fit_wf/anat_ribbon_wf/create_pial_distvol/mapflow/_create_pial_distvol0".
250329-15:36:56,739 nipype.workflow INFO:
	 [Node] Cached "_create_pial_distvol0" - collecting precomputed outputs
250329-15:36:56,739 nipype.workflow INFO:
	 [Node] "_create_pial_distvol0" found cached.
250329-15:36:56,740 nipype.workflow INFO:
	 [Node] Setting-up "_create_pial_distvol1" in "/work_dir/fmriprep_24_0_wf/sub_14_wf/anat_fit_wf/anat_ribbon_wf/create_pial_distvol/mapflow/_create_pial_distvol1".
250329-15:36:56,742 nipype.workflow INFO:
	 [Node] Cached "_create_pial_distvol1" - collecting precomputed outputs
250329-15:36:56,742 nipype.workflow INFO:
	 [Node] "_create_pial_distvol1" found cached.
250329-15:36:58,927 nipype.workflow INFO:
	 [Node] Setting-up "fmriprep_24_0_wf.sub_14_wf.anat_fit_wf.anat_ribbon_wf.make_ribbon" in "/work_dir/fmriprep_24_0_wf/sub_14_wf/anat_fit_wf/anat_ribbon_wf/make_ribbon".
250329-15:36:58,931 nipype.workflow INFO:
	 [Node] Executing "make_ribbon" <smriprep.interfaces.surf.MakeRibbon>
250329-15:36:59,161 nipype.workflow INFO:
	 [Node] Finished "gen_ref", elapsed time 16.390681s.
250329-15:37:02,153 nipype.workflow INFO:
	 [Node] Finished "bbregister", elapsed time 147.23555s.
250329-15:37:02,745 nipype.workflow INFO:
	 [Node] Finished "gen_ref", elapsed time 19.974994s.
250329-15:37:02,841 nipype.workflow INFO:
	 [Node] Finished "gen_ref", elapsed time 20.06533s.
250329-15:37:02,897 nipype.workflow INFO:
	 [Node] Finished "make_ribbon", elapsed time 3.965585s.
250329-15:37:03,891 nipype.workflow INFO:
	 [Node] Finished "mri_coreg", elapsed time 139.30931s.
250329-15:37:04,863 nipype.workflow INFO:
	 [Node] Setting-up "fmriprep_24_0_wf.sub_14_wf.bold_task_bird_run_6_wf.bold_fit_wf.bold_reg_wf.bbreg_wf.bbregister" in "/work_dir/fmriprep_24_0_wf/sub_14_wf/bold_task_bird_run_6_wf/bold_fit_wf/bold_reg_wf/bbreg_wf/bbregister".
250329-15:37:04,869 nipype.workflow INFO:
	 [Node] Executing "bbregister" <nipype.interfaces.freesurfer.preprocess.BBRegister>
250329-15:37:04,875 nipype.workflow INFO:
	 [Node] Setting-up "fmriprep_24_0_wf.sub_14_wf.bold_task_bird_run_3_wf.bold_fit_wf.bold_reg_wf.bbreg_wf.compare_transforms" in "/work_dir/fmriprep_24_0_wf/sub_14_wf/bold_task_bird_run_3_wf/bold_fit_wf/bold_reg_wf/bbreg_wf/compare_transforms".
250329-15:37:04,878 nipype.workflow INFO:
	 [Node] Executing "compare_transforms" <nipype.interfaces.utility.wrappers.Function>
250329-15:37:04,997 nipype.workflow INFO:
	 [Node] Finished "compare_transforms", elapsed time 0.118737s.
250329-15:37:05,891 nipype.workflow INFO:
	 [Node] Finished "gen_ref", elapsed time 23.108483s.
250329-15:37:06,625 nipype.workflow INFO:
	 [Node] Finished "bbregister", elapsed time 145.593328s.
250329-15:37:09,677 nipype.workflow INFO:
	 [Node] Setting-up "fmriprep_24_0_wf.sub_14_wf.bold_task_bird_run_2_wf.bold_fit_wf.bold_reg_wf.bbreg_wf.compare_transforms" in "/work_dir/fmriprep_24_0_wf/sub_14_wf/bold_task_bird_run_2_wf/bold_fit_wf/bold_reg_wf/bbreg_wf/compare_transforms".
250329-15:37:09,680 nipype.workflow INFO:
	 [Node] Executing "compare_transforms" <nipype.interfaces.utility.wrappers.Function>
250329-15:37:09,730 nipype.workflow INFO:
	 [Node] Finished "compare_transforms", elapsed time 0.048844s.
250329-15:37:12,148 nipype.workflow INFO:
	 [Node] Setting-up "fmriprep_24_0_wf.sub_14_wf.bold_task_bird_run_3_wf.bold_fit_wf.bold_reg_wf.bbreg_wf.concat_xfm" in "/work_dir/fmriprep_24_0_wf/sub_14_wf/bold_task_bird_run_3_wf/bold_fit_wf/bold_reg_wf/bbreg_wf/concat_xfm".
250329-15:37:12,151 nipype.workflow INFO:
	 [Node] Executing "concat_xfm" <niworkflows.interfaces.nitransforms.ConcatenateXFMs>
250329-15:37:12,384 nipype.workflow INFO:
	 [Node] Finished "concat_xfm", elapsed time 0.232104s.
250329-15:37:15,729 nipype.workflow INFO:
	 [Node] Setting-up "fmriprep_24_0_wf.sub_14_wf.bold_task_bird_run_2_wf.bold_fit_wf.bold_reg_wf.bbreg_wf.concat_xfm" in "/work_dir/fmriprep_24_0_wf/sub_14_wf/bold_task_bird_run_2_wf/bold_fit_wf/bold_reg_wf/bbreg_wf/concat_xfm".
250329-15:37:15,732 nipype.workflow INFO:
	 [Node] Executing "concat_xfm" <niworkflows.interfaces.nitransforms.ConcatenateXFMs>
250329-15:37:15,739 nipype.workflow INFO:
	 [Node] Finished "concat_xfm", elapsed time 0.006426s.
250329-15:37:15,742 nipype.workflow INFO:
	 [Node] Setting-up "fmriprep_24_0_wf.sub_14_wf.bold_task_bird_run_3_wf.bold_fit_wf.func_fit_reports_wf.t1w_boldref" in "/work_dir/fmriprep_24_0_wf/sub_14_wf/bold_task_bird_run_3_wf/bold_fit_wf/func_fit_reports_wf/t1w_boldref".
250329-15:37:15,749 nipype.workflow INFO:
	 [Node] Executing "t1w_boldref" <niworkflows.interfaces.fixes.FixHeaderApplyTransforms>
250329-15:37:15,945 nipype.workflow INFO:
	 [Node] Setting-up "fmriprep_24_0_wf.sub_14_wf.bold_task_bird_run_3_wf.bold_confounds_wf.t1w_mask_tfm" in "/work_dir/fmriprep_24_0_wf/sub_14_wf/bold_task_bird_run_3_wf/bold_confounds_wf/t1w_mask_tfm".
250329-15:37:15,950 nipype.workflow INFO:
	 [Node] Executing "t1w_mask_tfm" <niworkflows.interfaces.fixes.FixHeaderApplyTransforms>
250329-15:37:19,613 nipype.workflow INFO:
	 [Node] Setting-up "fmriprep_24_0_wf.sub_14_wf.bold_task_bird_run_2_wf.bold_fit_wf.func_fit_reports_wf.t1w_boldref" in "/work_dir/fmriprep_24_0_wf/sub_14_wf/bold_task_bird_run_2_wf/bold_fit_wf/func_fit_reports_wf/t1w_boldref".
250329-15:37:19,618 nipype.workflow INFO:
	 [Node] Executing "t1w_boldref" <niworkflows.interfaces.fixes.FixHeaderApplyTransforms>
250329-15:37:20,81 nipype.workflow INFO:
	 [Node] Setting-up "fmriprep_24_0_wf.sub_14_wf.bold_task_bird_run_2_wf.bold_confounds_wf.t1w_mask_tfm" in "/work_dir/fmriprep_24_0_wf/sub_14_wf/bold_task_bird_run_2_wf/bold_confounds_wf/t1w_mask_tfm".
250329-15:37:20,85 nipype.workflow INFO:
	 [Node] Executing "t1w_mask_tfm" <niworkflows.interfaces.fixes.FixHeaderApplyTransforms>
250329-15:37:20,87 nipype.workflow INFO:
	 [Node] Setting-up "fmriprep_24_0_wf.sub_14_wf.bold_task_bird_run_3_wf.bold_anat_wf.resample" in "/work_dir/fmriprep_24_0_wf/sub_14_wf/bold_task_bird_run_3_wf/bold_anat_wf/resample".
250329-15:37:20,93 nipype.workflow INFO:
	 [Node] Executing "resample" <fmriprep.interfaces.resampling.ResampleSeries>
250329-15:37:26,871 nipype.workflow INFO:
	 [Node] Finished "t1w_mask_tfm", elapsed time 10.920289s.
250329-15:37:27,656 nipype.workflow INFO:
	 [Node] Finished "t1w_boldref", elapsed time 11.90605s.
250329-15:37:28,384 nipype.workflow INFO:
	 [Node] Setting-up "fmriprep_24_0_wf.sub_14_wf.bold_task_bird_run_3_wf.bold_confounds_wf.union_mask" in "/work_dir/fmriprep_24_0_wf/sub_14_wf/bold_task_bird_run_3_wf/bold_confounds_wf/union_mask".
250329-15:37:28,387 nipype.workflow INFO:
	 [Node] Executing "union_mask" <nipype.interfaces.utility.wrappers.Function>
250329-15:37:28,596 nipype.workflow INFO:
	 [Node] Finished "union_mask", elapsed time 0.208011s.
250329-15:37:30,412 nipype.workflow INFO:
	 [Node] Setting-up "fmriprep_24_0_wf.sub_14_wf.bold_task_bird_run_3_wf.bold_confounds_wf.dilated_mask" in "/work_dir/fmriprep_24_0_wf/sub_14_wf/bold_task_bird_run_3_wf/bold_confounds_wf/dilated_mask".
250329-15:37:30,415 nipype.workflow INFO:
	 [Node] Executing "dilated_mask" <niworkflows.interfaces.morphology.BinaryDilation>
250329-15:37:30,879 nipype.workflow INFO:
	 [Node] Finished "dilated_mask", elapsed time 0.463371s.
250329-15:37:31,127 nipype.workflow INFO:
	 [Node] Finished "t1w_boldref", elapsed time 11.508016s.
250329-15:37:31,312 nipype.workflow INFO:
	 [Node] Finished "bbregister", elapsed time 130.811655s.
250329-15:37:31,935 nipype.workflow INFO:
	 [Node] Setting-up "fmriprep_24_0_wf.sub_14_wf.bold_task_bird_run_2_wf.bold_anat_wf.resample" in "/work_dir/fmriprep_24_0_wf/sub_14_wf/bold_task_bird_run_2_wf/bold_anat_wf/resample".
250329-15:37:31,941 nipype.workflow INFO:
	 [Node] Executing "resample" <fmriprep.interfaces.resampling.ResampleSeries>
250329-15:37:34,184 nipype.workflow INFO:
	 [Node] Setting-up "fmriprep_24_0_wf.sub_14_wf.bold_task_bird_run_3_wf.bold_confounds_wf.subtract_mask" in "/work_dir/fmriprep_24_0_wf/sub_14_wf/bold_task_bird_run_3_wf/bold_confounds_wf/subtract_mask".
250329-15:37:34,188 nipype.workflow INFO:
	 [Node] Executing "subtract_mask" <niworkflows.interfaces.morphology.BinarySubtraction>
250329-15:37:34,252 nipype.workflow INFO:
	 [Node] Finished "subtract_mask", elapsed time 0.062993s.
250329-15:37:35,826 nipype.workflow INFO:
	 [Node] Setting-up "fmriprep_24_0_wf.sub_14_wf.bold_task_bird_run_1_wf.bold_fit_wf.bold_reg_wf.bbreg_wf.compare_transforms" in "/work_dir/fmriprep_24_0_wf/sub_14_wf/bold_task_bird_run_1_wf/bold_fit_wf/bold_reg_wf/bbreg_wf/compare_transforms".
250329-15:37:35,829 nipype.workflow INFO:
	 [Node] Executing "compare_transforms" <nipype.interfaces.utility.wrappers.Function>
250329-15:37:35,850 nipype.workflow INFO:
	 [Node] Finished "compare_transforms", elapsed time 0.020095s.
250329-15:37:39,117 nipype.workflow INFO:
	 [Node] Setting-up "fmriprep_24_0_wf.sub_14_wf.bold_task_bird_run_3_wf.bold_confounds_wf.crowncompcor" in "/work_dir/fmriprep_24_0_wf/sub_14_wf/bold_task_bird_run_3_wf/bold_confounds_wf/crowncompcor".
250329-15:37:40,78 nipype.workflow INFO:
	 [Node] Executing "crowncompcor" <niworkflows.interfaces.patches.RobustACompCor>
250329-15:37:40,203 nipype.workflow INFO:
	 [Node] Finished "t1w_mask_tfm", elapsed time 20.113397s.
250329-15:37:42,720 nipype.workflow INFO:
	 [Node] Setting-up "fmriprep_24_0_wf.sub_14_wf.bold_task_bird_run_2_wf.bold_confounds_wf.union_mask" in "/work_dir/fmriprep_24_0_wf/sub_14_wf/bold_task_bird_run_2_wf/bold_confounds_wf/union_mask".
250329-15:37:42,724 nipype.workflow INFO:
	 [Node] Executing "union_mask" <nipype.interfaces.utility.wrappers.Function>
250329-15:37:42,875 nipype.workflow INFO:
	 [Node] Finished "union_mask", elapsed time 0.15007s.
250329-15:37:43,776 nipype.workflow INFO:
	 [Node] Setting-up "fmriprep_24_0_wf.sub_14_wf.bold_task_bird_run_1_wf.bold_fit_wf.bold_reg_wf.bbreg_wf.concat_xfm" in "/work_dir/fmriprep_24_0_wf/sub_14_wf/bold_task_bird_run_1_wf/bold_fit_wf/bold_reg_wf/bbreg_wf/concat_xfm".
250329-15:37:43,779 nipype.workflow INFO:
	 [Node] Executing "concat_xfm" <niworkflows.interfaces.nitransforms.ConcatenateXFMs>
250329-15:37:43,796 nipype.workflow INFO:
	 [Node] Finished "concat_xfm", elapsed time 0.015991s.
250329-15:37:46,554 nipype.workflow INFO:
	 [Node] Setting-up "fmriprep_24_0_wf.sub_14_wf.bold_task_bird_run_2_wf.bold_confounds_wf.dilated_mask" in "/work_dir/fmriprep_24_0_wf/sub_14_wf/bold_task_bird_run_2_wf/bold_confounds_wf/dilated_mask".
250329-15:37:46,556 nipype.workflow INFO:
	 [Node] Executing "dilated_mask" <niworkflows.interfaces.morphology.BinaryDilation>
250329-15:37:46,739 nipype.workflow INFO:
	 [Node] Finished "dilated_mask", elapsed time 0.168747s.
250329-15:37:47,917 nipype.workflow INFO:
	 [Node] Setting-up "fmriprep_24_0_wf.sub_14_wf.bold_task_bird_run_1_wf.bold_fit_wf.func_fit_reports_wf.t1w_boldref" in "/work_dir/fmriprep_24_0_wf/sub_14_wf/bold_task_bird_run_1_wf/bold_fit_wf/func_fit_reports_wf/t1w_boldref".
250329-15:37:47,921 nipype.workflow INFO:
	 [Node] Executing "t1w_boldref" <niworkflows.interfaces.fixes.FixHeaderApplyTransforms>
250329-15:37:55,63 nipype.workflow INFO:
	 [Node] Finished "crowncompcor", elapsed time 14.983173s.
250329-15:37:57,161 nipype.workflow INFO:
	 [Node] Setting-up "fmriprep_24_0_wf.sub_14_wf.bold_task_bird_run_1_wf.bold_confounds_wf.t1w_mask_tfm" in "/work_dir/fmriprep_24_0_wf/sub_14_wf/bold_task_bird_run_1_wf/bold_confounds_wf/t1w_mask_tfm".
250329-15:37:57,166 nipype.workflow INFO:
	 [Node] Executing "t1w_mask_tfm" <niworkflows.interfaces.fixes.FixHeaderApplyTransforms>
250329-15:37:59,490 nipype.workflow INFO:
	 [Node] Finished "t1w_boldref", elapsed time 10.510654s.
250329-15:38:02,964 nipype.workflow INFO:
	 [Node] Setting-up "fmriprep_24_0_wf.sub_14_wf.bold_task_bird_run_2_wf.bold_confounds_wf.subtract_mask" in "/work_dir/fmriprep_24_0_wf/sub_14_wf/bold_task_bird_run_2_wf/bold_confounds_wf/subtract_mask".
250329-15:38:02,975 nipype.workflow INFO:
	 [Node] Executing "subtract_mask" <niworkflows.interfaces.morphology.BinarySubtraction>
250329-15:38:03,89 nipype.workflow INFO:
	 [Node] Finished "subtract_mask", elapsed time 0.113384s.
250329-15:38:03,991 nipype.workflow INFO:
	 [Node] Setting-up "fmriprep_24_0_wf.sub_14_wf.bold_task_bird_run_2_wf.bold_confounds_wf.crowncompcor" in "/work_dir/fmriprep_24_0_wf/sub_14_wf/bold_task_bird_run_2_wf/bold_confounds_wf/crowncompcor".
250329-15:38:04,71 nipype.workflow INFO:
	 [Node] Executing "crowncompcor" <niworkflows.interfaces.patches.RobustACompCor>
250329-15:38:10,710 nipype.workflow INFO:
	 [Node] Finished "t1w_mask_tfm", elapsed time 13.543472s.
250329-15:38:11,801 nipype.workflow INFO:
	 [Node] Setting-up "fmriprep_24_0_wf.sub_14_wf.bold_task_bird_run_1_wf.bold_confounds_wf.union_mask" in "/work_dir/fmriprep_24_0_wf/sub_14_wf/bold_task_bird_run_1_wf/bold_confounds_wf/union_mask".
250329-15:38:11,804 nipype.workflow INFO:
	 [Node] Executing "union_mask" <nipype.interfaces.utility.wrappers.Function>
250329-15:38:11,879 nipype.workflow INFO:
	 [Node] Finished "union_mask", elapsed time 0.074407s.
250329-15:38:13,573 nipype.workflow INFO:
	 [Node] Setting-up "fmriprep_24_0_wf.sub_14_wf.bold_task_bird_run_1_wf.bold_confounds_wf.dilated_mask" in "/work_dir/fmriprep_24_0_wf/sub_14_wf/bold_task_bird_run_1_wf/bold_confounds_wf/dilated_mask".
250329-15:38:13,575 nipype.workflow INFO:
	 [Node] Executing "dilated_mask" <niworkflows.interfaces.morphology.BinaryDilation>
250329-15:38:13,677 nipype.workflow INFO:
	 [Node] Finished "dilated_mask", elapsed time 0.101484s.
250329-15:38:13,691 nipype.workflow INFO:
	 [Node] Finished "crowncompcor", elapsed time 9.617926s.
250329-15:38:13,816 nipype.workflow INFO:
	 [Node] Finished "bbregister", elapsed time 91.066055s.
250329-15:38:15,945 nipype.workflow INFO:
	 [Node] Setting-up "fmriprep_24_0_wf.sub_14_wf.bold_task_bird_run_1_wf.bold_confounds_wf.subtract_mask" in "/work_dir/fmriprep_24_0_wf/sub_14_wf/bold_task_bird_run_1_wf/bold_confounds_wf/subtract_mask".
250329-15:38:15,948 nipype.workflow INFO:
	 [Node] Executing "subtract_mask" <niworkflows.interfaces.morphology.BinarySubtraction>
250329-15:38:15,974 nipype.workflow INFO:
	 [Node] Setting-up "fmriprep_24_0_wf.sub_14_wf.bold_task_bird_run_2_wf.bold_confounds_wf.crowncc_metadata_fmt" in "/work_dir/fmriprep_24_0_wf/sub_14_wf/bold_task_bird_run_2_wf/bold_confounds_wf/crowncc_metadata_fmt".
250329-15:38:15,979 nipype.workflow INFO:
	 [Node] Executing "crowncc_metadata_fmt" <niworkflows.interfaces.utility.TSV2JSON>
250329-15:38:15,982 nipype.workflow INFO:
	 [Node] Setting-up "fmriprep_24_0_wf.sub_14_wf.bold_task_bird_run_3_wf.bold_confounds_wf.crowncc_metadata_fmt" in "/work_dir/fmriprep_24_0_wf/sub_14_wf/bold_task_bird_run_3_wf/bold_confounds_wf/crowncc_metadata_fmt".
250329-15:38:15,989 nipype.workflow INFO:
	 [Node] Executing "crowncc_metadata_fmt" <niworkflows.interfaces.utility.TSV2JSON>
250329-15:38:15,990 nipype.workflow INFO:
	 [Node] Finished "crowncc_metadata_fmt", elapsed time 0.009497s.
250329-15:38:16,71 nipype.workflow INFO:
	 [Node] Finished "subtract_mask", elapsed time 0.121973s.
250329-15:38:17,190 nipype.workflow INFO:
	 [Node] Finished "crowncc_metadata_fmt", elapsed time 1.200883s.
250329-15:38:17,680 nipype.workflow INFO:
	 [Node] Setting-up "fmriprep_24_0_wf.sub_14_wf.bold_task_bird_run_4_wf.bold_fit_wf.bold_reg_wf.bbreg_wf.compare_transforms" in "/work_dir/fmriprep_24_0_wf/sub_14_wf/bold_task_bird_run_4_wf/bold_fit_wf/bold_reg_wf/bbreg_wf/compare_transforms".
250329-15:38:17,683 nipype.workflow INFO:
	 [Node] Executing "compare_transforms" <nipype.interfaces.utility.wrappers.Function>
250329-15:38:17,702 nipype.workflow INFO:
	 [Node] Setting-up "fmriprep_24_0_wf.sub_14_wf.bold_task_bird_run_1_wf.bold_confounds_wf.crowncompcor" in "/work_dir/fmriprep_24_0_wf/sub_14_wf/bold_task_bird_run_1_wf/bold_confounds_wf/crowncompcor".
250329-15:38:17,781 nipype.workflow INFO:
	 [Node] Finished "compare_transforms", elapsed time 0.097636s.
250329-15:38:17,956 nipype.workflow INFO:
	 [Node] Executing "crowncompcor" <niworkflows.interfaces.patches.RobustACompCor>
250329-15:38:22,178 nipype.workflow INFO:
	 [Node] Finished "resample", elapsed time 62.0831s.
250329-15:38:23,719 nipype.workflow INFO:
	 [Node] Setting-up "fmriprep_24_0_wf.sub_14_wf.bold_task_bird_run_4_wf.bold_fit_wf.bold_reg_wf.bbreg_wf.concat_xfm" in "/work_dir/fmriprep_24_0_wf/sub_14_wf/bold_task_bird_run_4_wf/bold_fit_wf/bold_reg_wf/bbreg_wf/concat_xfm".
250329-15:38:23,734 nipype.workflow INFO:
	 [Node] Executing "concat_xfm" <niworkflows.interfaces.nitransforms.ConcatenateXFMs>
250329-15:38:23,758 nipype.workflow INFO:
	 [Node] Finished "concat_xfm", elapsed time 0.023457s.
250329-15:38:24,424 nipype.workflow INFO:
	 [Node] Setting-up "fmriprep_24_0_wf.sub_14_wf.bold_task_bird_run_1_wf.bold_anat_wf.resample" in "/work_dir/fmriprep_24_0_wf/sub_14_wf/bold_task_bird_run_1_wf/bold_anat_wf/resample".
250329-15:38:24,428 nipype.workflow INFO:
	 [Node] Executing "resample" <fmriprep.interfaces.resampling.ResampleSeries>
250329-15:38:26,840 nipype.workflow INFO:
	 [Node] Finished "bbregister", elapsed time 104.071131s.
250329-15:38:27,738 nipype.workflow INFO:
	 [Node] Setting-up "fmriprep_24_0_wf.sub_14_wf.bold_task_bird_run_4_wf.bold_fit_wf.func_fit_reports_wf.t1w_boldref" in "/work_dir/fmriprep_24_0_wf/sub_14_wf/bold_task_bird_run_4_wf/bold_fit_wf/func_fit_reports_wf/t1w_boldref".
250329-15:38:27,744 nipype.workflow INFO:
	 [Node] Executing "t1w_boldref" <niworkflows.interfaces.fixes.FixHeaderApplyTransforms>
250329-15:38:27,990 nipype.workflow INFO:
	 [Node] Setting-up "fmriprep_24_0_wf.sub_14_wf.bold_task_bird_run_4_wf.bold_confounds_wf.t1w_mask_tfm" in "/work_dir/fmriprep_24_0_wf/sub_14_wf/bold_task_bird_run_4_wf/bold_confounds_wf/t1w_mask_tfm".
250329-15:38:27,995 nipype.workflow INFO:
	 [Node] Executing "t1w_mask_tfm" <niworkflows.interfaces.fixes.FixHeaderApplyTransforms>
250329-15:38:28,536 nipype.workflow INFO:
	 [Node] Finished "crowncompcor", elapsed time 10.579065s.
250329-15:38:29,662 nipype.workflow INFO:
	 [Node] Setting-up "fmriprep_24_0_wf.sub_14_wf.bold_task_bird_run_5_wf.bold_fit_wf.bold_reg_wf.bbreg_wf.compare_transforms" in "/work_dir/fmriprep_24_0_wf/sub_14_wf/bold_task_bird_run_5_wf/bold_fit_wf/bold_reg_wf/bbreg_wf/compare_transforms".
250329-15:38:29,665 nipype.workflow INFO:
	 [Node] Executing "compare_transforms" <nipype.interfaces.utility.wrappers.Function>
250329-15:38:29,689 nipype.workflow INFO:
	 [Node] Finished "compare_transforms", elapsed time 0.023523s.
250329-15:38:29,921 nipype.workflow INFO:
	 [Node] Setting-up "fmriprep_24_0_wf.sub_14_wf.bold_task_bird_run_1_wf.bold_confounds_wf.crowncc_metadata_fmt" in "/work_dir/fmriprep_24_0_wf/sub_14_wf/bold_task_bird_run_1_wf/bold_confounds_wf/crowncc_metadata_fmt".
250329-15:38:29,924 nipype.workflow INFO:
	 [Node] Executing "crowncc_metadata_fmt" <niworkflows.interfaces.utility.TSV2JSON>
250329-15:38:29,959 nipype.workflow INFO:
	 [Node] Finished "crowncc_metadata_fmt", elapsed time 0.033672s.
250329-15:38:35,386 nipype.workflow INFO:
	 [Node] Finished "t1w_boldref", elapsed time 7.641326s.
250329-15:38:35,860 nipype.workflow INFO:
	 [Node] Setting-up "fmriprep_24_0_wf.sub_14_wf.bold_task_bird_run_5_wf.bold_fit_wf.bold_reg_wf.bbreg_wf.concat_xfm" in "/work_dir/fmriprep_24_0_wf/sub_14_wf/bold_task_bird_run_5_wf/bold_fit_wf/bold_reg_wf/bbreg_wf/concat_xfm".
250329-15:38:35,863 nipype.workflow INFO:
	 [Node] Executing "concat_xfm" <niworkflows.interfaces.nitransforms.ConcatenateXFMs>
250329-15:38:35,869 nipype.workflow INFO:
	 [Node] Finished "concat_xfm", elapsed time 0.005319s.
250329-15:38:37,995 nipype.workflow INFO:
	 [Node] Finished "resample", elapsed time 66.0524s.
250329-15:38:40,155 nipype.workflow INFO:
	 [Node] Setting-up "fmriprep_24_0_wf.sub_14_wf.bold_task_bird_run_5_wf.bold_fit_wf.func_fit_reports_wf.t1w_boldref" in "/work_dir/fmriprep_24_0_wf/sub_14_wf/bold_task_bird_run_5_wf/bold_fit_wf/func_fit_reports_wf/t1w_boldref".
250329-15:38:40,159 nipype.workflow INFO:
	 [Node] Executing "t1w_boldref" <niworkflows.interfaces.fixes.FixHeaderApplyTransforms>
250329-15:38:40,875 nipype.workflow INFO:
	 [Node] Setting-up "fmriprep_24_0_wf.sub_14_wf.bold_task_bird_run_5_wf.bold_confounds_wf.t1w_mask_tfm" in "/work_dir/fmriprep_24_0_wf/sub_14_wf/bold_task_bird_run_5_wf/bold_confounds_wf/t1w_mask_tfm".
250329-15:38:40,880 nipype.workflow INFO:
	 [Node] Executing "t1w_mask_tfm" <niworkflows.interfaces.fixes.FixHeaderApplyTransforms>
250329-15:38:40,891 nipype.workflow INFO:
	 [Node] Finished "t1w_mask_tfm", elapsed time 12.895612s.
250329-15:38:40,974 nipype.workflow INFO:
	 [Node] Setting-up "fmriprep_24_0_wf.sub_14_wf.bold_task_bird_run_4_wf.bold_anat_wf.resample" in "/work_dir/fmriprep_24_0_wf/sub_14_wf/bold_task_bird_run_4_wf/bold_anat_wf/resample".
250329-15:38:40,978 nipype.workflow INFO:
	 [Node] Executing "resample" <fmriprep.interfaces.resampling.ResampleSeries>
250329-15:38:41,924 nipype.workflow INFO:
	 [Node] Setting-up "fmriprep_24_0_wf.sub_14_wf.bold_task_bird_run_4_wf.bold_confounds_wf.union_mask" in "/work_dir/fmriprep_24_0_wf/sub_14_wf/bold_task_bird_run_4_wf/bold_confounds_wf/union_mask".
250329-15:38:41,927 nipype.workflow INFO:
	 [Node] Executing "union_mask" <nipype.interfaces.utility.wrappers.Function>
250329-15:38:42,110 nipype.workflow INFO:
	 [Node] Finished "union_mask", elapsed time 0.181832s.
250329-15:38:43,916 nipype.workflow INFO:
	 [Node] Setting-up "fmriprep_24_0_wf.sub_14_wf.bold_task_bird_run_4_wf.bold_confounds_wf.dilated_mask" in "/work_dir/fmriprep_24_0_wf/sub_14_wf/bold_task_bird_run_4_wf/bold_confounds_wf/dilated_mask".
250329-15:38:43,918 nipype.workflow INFO:
	 [Node] Executing "dilated_mask" <niworkflows.interfaces.morphology.BinaryDilation>
250329-15:38:44,191 nipype.workflow INFO:
	 [Node] Finished "dilated_mask", elapsed time 0.27158s.
250329-15:38:45,899 nipype.workflow INFO:
	 [Node] Setting-up "fmriprep_24_0_wf.sub_14_wf.bold_task_bird_run_4_wf.bold_confounds_wf.subtract_mask" in "/work_dir/fmriprep_24_0_wf/sub_14_wf/bold_task_bird_run_4_wf/bold_confounds_wf/subtract_mask".
250329-15:38:45,901 nipype.workflow INFO:
	 [Node] Executing "subtract_mask" <niworkflows.interfaces.morphology.BinarySubtraction>
250329-15:38:45,966 nipype.workflow INFO:
	 [Node] Finished "subtract_mask", elapsed time 0.064218s.
250329-15:38:48,126 nipype.workflow INFO:
	 [Node] Setting-up "fmriprep_24_0_wf.sub_14_wf.bold_task_bird_run_4_wf.bold_confounds_wf.crowncompcor" in "/work_dir/fmriprep_24_0_wf/sub_14_wf/bold_task_bird_run_4_wf/bold_confounds_wf/crowncompcor".
250329-15:38:48,246 nipype.workflow INFO:
	 [Node] Executing "crowncompcor" <niworkflows.interfaces.patches.RobustACompCor>
250329-15:38:51,533 nipype.workflow INFO:
	 [Node] Finished "t1w_boldref", elapsed time 11.372589s.
250329-15:38:58,516 nipype.workflow INFO:
	 [Node] Finished "bbregister", elapsed time 113.64652s.
250329-15:38:59,320 nipype.workflow INFO:
	 [Node] Finished "t1w_mask_tfm", elapsed time 18.439351s.
250329-15:39:01,961 nipype.workflow INFO:
	 [Node] Setting-up "fmriprep_24_0_wf.sub_14_wf.bold_task_bird_run_6_wf.bold_fit_wf.bold_reg_wf.bbreg_wf.compare_transforms" in "/work_dir/fmriprep_24_0_wf/sub_14_wf/bold_task_bird_run_6_wf/bold_fit_wf/bold_reg_wf/bbreg_wf/compare_transforms".
250329-15:39:01,964 nipype.workflow INFO:
	 [Node] Executing "compare_transforms" <nipype.interfaces.utility.wrappers.Function>
250329-15:39:01,968 nipype.workflow INFO:
	 [Node] Setting-up "fmriprep_24_0_wf.sub_14_wf.bold_task_bird_run_5_wf.bold_confounds_wf.union_mask" in "/work_dir/fmriprep_24_0_wf/sub_14_wf/bold_task_bird_run_5_wf/bold_confounds_wf/union_mask".
250329-15:39:01,971 nipype.workflow INFO:
	 [Node] Executing "union_mask" <nipype.interfaces.utility.wrappers.Function>
250329-15:39:02,1 nipype.workflow INFO:
	 [Node] Finished "compare_transforms", elapsed time 0.036538s.
250329-15:39:02,144 nipype.workflow INFO:
	 [Node] Finished "union_mask", elapsed time 0.172219s.
250329-15:39:04,131 nipype.workflow INFO:
	 [Node] Finished "crowncompcor", elapsed time 15.883702s.
250329-15:39:05,278 nipype.workflow INFO:
	 [Node] Setting-up "fmriprep_24_0_wf.sub_14_wf.bold_task_bird_run_5_wf.bold_confounds_wf.dilated_mask" in "/work_dir/fmriprep_24_0_wf/sub_14_wf/bold_task_bird_run_5_wf/bold_confounds_wf/dilated_mask".
250329-15:39:05,280 nipype.workflow INFO:
	 [Node] Executing "dilated_mask" <niworkflows.interfaces.morphology.BinaryDilation>
250329-15:39:05,500 nipype.workflow INFO:
	 [Node] Finished "dilated_mask", elapsed time 0.218873s.
250329-15:39:06,890 nipype.workflow INFO:
	 [Node] Setting-up "fmriprep_24_0_wf.sub_14_wf.bold_task_bird_run_4_wf.bold_confounds_wf.crowncc_metadata_fmt" in "/work_dir/fmriprep_24_0_wf/sub_14_wf/bold_task_bird_run_4_wf/bold_confounds_wf/crowncc_metadata_fmt".
250329-15:39:06,893 nipype.workflow INFO:
	 [Node] Executing "crowncc_metadata_fmt" <niworkflows.interfaces.utility.TSV2JSON>
250329-15:39:06,917 nipype.workflow INFO:
	 [Node] Finished "crowncc_metadata_fmt", elapsed time 0.023202s.
250329-15:39:07,607 nipype.workflow INFO:
	 [Node] Setting-up "fmriprep_24_0_wf.sub_14_wf.bold_task_bird_run_6_wf.bold_fit_wf.bold_reg_wf.bbreg_wf.concat_xfm" in "/work_dir/fmriprep_24_0_wf/sub_14_wf/bold_task_bird_run_6_wf/bold_fit_wf/bold_reg_wf/bbreg_wf/concat_xfm".
250329-15:39:07,608 nipype.workflow INFO:
	 [Node] Setting-up "fmriprep_24_0_wf.sub_14_wf.bold_task_bird_run_5_wf.bold_confounds_wf.subtract_mask" in "/work_dir/fmriprep_24_0_wf/sub_14_wf/bold_task_bird_run_5_wf/bold_confounds_wf/subtract_mask".
250329-15:39:07,610 nipype.workflow INFO:
	 [Node] Executing "concat_xfm" <niworkflows.interfaces.nitransforms.ConcatenateXFMs>
250329-15:39:07,610 nipype.workflow INFO:
	 [Node] Executing "subtract_mask" <niworkflows.interfaces.morphology.BinarySubtraction>
250329-15:39:07,616 nipype.workflow INFO:
	 [Node] Finished "concat_xfm", elapsed time 0.00567s.
250329-15:39:07,658 nipype.workflow INFO:
	 [Node] Finished "subtract_mask", elapsed time 0.047039s.
250329-15:39:09,764 nipype.workflow INFO:
	 [Node] Setting-up "fmriprep_24_0_wf.sub_14_wf.bold_task_bird_run_5_wf.bold_confounds_wf.crowncompcor" in "/work_dir/fmriprep_24_0_wf/sub_14_wf/bold_task_bird_run_5_wf/bold_confounds_wf/crowncompcor".
250329-15:39:09,839 nipype.workflow INFO:
	 [Node] Executing "crowncompcor" <niworkflows.interfaces.patches.RobustACompCor>
250329-15:39:11,512 nipype.workflow INFO:
	 [Node] Setting-up "fmriprep_24_0_wf.sub_14_wf.bold_task_bird_run_6_wf.bold_fit_wf.func_fit_reports_wf.t1w_boldref" in "/work_dir/fmriprep_24_0_wf/sub_14_wf/bold_task_bird_run_6_wf/bold_fit_wf/func_fit_reports_wf/t1w_boldref".
250329-15:39:11,518 nipype.workflow INFO:
	 [Node] Executing "t1w_boldref" <niworkflows.interfaces.fixes.FixHeaderApplyTransforms>
250329-15:39:11,724 nipype.workflow INFO:
	 [Node] Setting-up "fmriprep_24_0_wf.sub_14_wf.bold_task_bird_run_6_wf.bold_confounds_wf.t1w_mask_tfm" in "/work_dir/fmriprep_24_0_wf/sub_14_wf/bold_task_bird_run_6_wf/bold_confounds_wf/t1w_mask_tfm".
250329-15:39:11,732 nipype.workflow INFO:
	 [Node] Executing "t1w_mask_tfm" <niworkflows.interfaces.fixes.FixHeaderApplyTransforms>
250329-15:39:18,185 nipype.workflow INFO:
	 [Node] Finished "t1w_boldref", elapsed time 6.660451s.
250329-15:39:19,367 nipype.workflow INFO:
	 [Node] Finished "crowncompcor", elapsed time 9.527117s.
250329-15:39:20,349 nipype.workflow INFO:
	 [Node] Finished "t1w_mask_tfm", elapsed time 8.616434s.
250329-15:39:21,553 nipype.workflow INFO:
	 [Node] Setting-up "fmriprep_24_0_wf.sub_14_wf.bold_task_bird_run_6_wf.bold_confounds_wf.union_mask" in "/work_dir/fmriprep_24_0_wf/sub_14_wf/bold_task_bird_run_6_wf/bold_confounds_wf/union_mask".
250329-15:39:21,560 nipype.workflow INFO:
	 [Node] Setting-up "fmriprep_24_0_wf.sub_14_wf.bold_task_bird_run_5_wf.bold_confounds_wf.crowncc_metadata_fmt" in "/work_dir/fmriprep_24_0_wf/sub_14_wf/bold_task_bird_run_5_wf/bold_confounds_wf/crowncc_metadata_fmt".
250329-15:39:21,560 nipype.workflow INFO:
	 [Node] Executing "union_mask" <nipype.interfaces.utility.wrappers.Function>
250329-15:39:21,563 nipype.workflow INFO:
	 [Node] Executing "crowncc_metadata_fmt" <niworkflows.interfaces.utility.TSV2JSON>
250329-15:39:21,573 nipype.workflow INFO:
	 [Node] Finished "crowncc_metadata_fmt", elapsed time 0.009556s.
250329-15:39:21,676 nipype.workflow INFO:
	 [Node] Finished "union_mask", elapsed time 0.114668s.
250329-15:39:23,819 nipype.workflow INFO:
	 [Node] Finished "resample", elapsed time 59.377417s.
250329-15:39:23,839 nipype.workflow INFO:
	 [Node] Setting-up "fmriprep_24_0_wf.sub_14_wf.bold_task_bird_run_6_wf.bold_confounds_wf.dilated_mask" in "/work_dir/fmriprep_24_0_wf/sub_14_wf/bold_task_bird_run_6_wf/bold_confounds_wf/dilated_mask".
250329-15:39:23,841 nipype.workflow INFO:
	 [Node] Executing "dilated_mask" <niworkflows.interfaces.morphology.BinaryDilation>
250329-15:39:24,55 nipype.workflow INFO:
	 [Node] Finished "dilated_mask", elapsed time 0.213055s.
250329-15:39:25,569 nipype.workflow INFO:
	 [Node] Setting-up "fmriprep_24_0_wf.sub_14_wf.bold_task_bird_run_5_wf.bold_anat_wf.resample" in "/work_dir/fmriprep_24_0_wf/sub_14_wf/bold_task_bird_run_5_wf/bold_anat_wf/resample".
250329-15:39:25,573 nipype.workflow INFO:
	 [Node] Executing "resample" <fmriprep.interfaces.resampling.ResampleSeries>
250329-15:39:25,599 nipype.workflow INFO:
	 [Node] Setting-up "fmriprep_24_0_wf.sub_14_wf.bold_task_bird_run_6_wf.bold_confounds_wf.subtract_mask" in "/work_dir/fmriprep_24_0_wf/sub_14_wf/bold_task_bird_run_6_wf/bold_confounds_wf/subtract_mask".
250329-15:39:25,601 nipype.workflow INFO:
	 [Node] Executing "subtract_mask" <niworkflows.interfaces.morphology.BinarySubtraction>
250329-15:39:25,666 nipype.workflow INFO:
	 [Node] Finished "subtract_mask", elapsed time 0.064249s.
250329-15:39:27,624 nipype.workflow INFO:
	 [Node] Setting-up "fmriprep_24_0_wf.sub_14_wf.bold_task_bird_run_6_wf.bold_confounds_wf.crowncompcor" in "/work_dir/fmriprep_24_0_wf/sub_14_wf/bold_task_bird_run_6_wf/bold_confounds_wf/crowncompcor".
250329-15:39:27,628 nipype.workflow INFO:
	 [Node] Executing "crowncompcor" <niworkflows.interfaces.patches.RobustACompCor>
250329-15:39:30,248 nipype.workflow INFO:
	 [Node] Finished "resample", elapsed time 49.268308s.
250329-15:39:32,50 nipype.workflow INFO:
	 [Node] Setting-up "fmriprep_24_0_wf.sub_14_wf.bold_task_bird_run_6_wf.bold_anat_wf.resample" in "/work_dir/fmriprep_24_0_wf/sub_14_wf/bold_task_bird_run_6_wf/bold_anat_wf/resample".
250329-15:39:32,55 nipype.workflow INFO:
	 [Node] Executing "resample" <fmriprep.interfaces.resampling.ResampleSeries>
250329-15:39:37,662 nipype.workflow INFO:
	 [Node] Finished "crowncompcor", elapsed time 10.032511s.
250329-15:39:39,887 nipype.workflow INFO:
	 [Node] Setting-up "fmriprep_24_0_wf.sub_14_wf.bold_task_bird_run_6_wf.bold_confounds_wf.crowncc_metadata_fmt" in "/work_dir/fmriprep_24_0_wf/sub_14_wf/bold_task_bird_run_6_wf/bold_confounds_wf/crowncc_metadata_fmt".
250329-15:39:39,891 nipype.workflow INFO:
	 [Node] Executing "crowncc_metadata_fmt" <niworkflows.interfaces.utility.TSV2JSON>
250329-15:39:39,911 nipype.workflow INFO:
	 [Node] Finished "crowncc_metadata_fmt", elapsed time 0.019438s.
250329-15:40:03,583 nipype.workflow INFO:
	 [Node] Finished "fast", elapsed time 266.870406s.
250329-15:40:05,506 nipype.workflow INFO:
	 [Node] Setting-up "fmriprep_24_0_wf.sub_14_wf.anat_fit_wf.lut_t1w_dseg" in "/work_dir/fmriprep_24_0_wf/sub_14_wf/anat_fit_wf/lut_t1w_dseg".
250329-15:40:05,511 nipype.workflow INFO:
	 [Node] Executing "lut_t1w_dseg" <nipype.interfaces.utility.wrappers.Function>
250329-15:40:05,953 nipype.workflow INFO:
	 [Node] Finished "lut_t1w_dseg", elapsed time 0.440282s.
250329-15:40:09,95 nipype.workflow INFO:
	 [Node] Finished "resample", elapsed time 43.52122s.
250329-15:40:16,523 nipype.workflow INFO:
	 [Node] Setting-up "fmriprep_24_0_wf.sub_14_wf.bold_task_bird_run_1_wf.bold_fit_wf.func_fit_reports_wf.t1w_wm" in "/work_dir/fmriprep_24_0_wf/sub_14_wf/bold_task_bird_run_1_wf/bold_fit_wf/func_fit_reports_wf/t1w_wm".
250329-15:40:16,526 nipype.workflow INFO:
	 [Node] Executing "t1w_wm" <nipype.interfaces.utility.wrappers.Function>
250329-15:40:16,532 nipype.workflow INFO:
	 [Node] Setting-up "fmriprep_24_0_wf.sub_14_wf.anat_fit_wf.anat_reports_wf.seg_rpt" in "/work_dir/fmriprep_24_0_wf/sub_14_wf/anat_fit_wf/anat_reports_wf/seg_rpt".
250329-15:40:16,536 nipype.workflow INFO:
	 [Node] Setting-up "fmriprep_24_0_wf.sub_14_wf.bold_task_bird_run_2_wf.bold_fit_wf.func_fit_reports_wf.t1w_wm" in "/work_dir/fmriprep_24_0_wf/sub_14_wf/bold_task_bird_run_2_wf/bold_fit_wf/func_fit_reports_wf/t1w_wm".
250329-15:40:16,539 nipype.workflow INFO:
	 [Node] Executing "t1w_wm" <nipype.interfaces.utility.wrappers.Function>
250329-15:40:16,543 nipype.workflow INFO:
	 [Node] Setting-up "fmriprep_24_0_wf.sub_14_wf.bold_task_bird_run_3_wf.bold_fit_wf.func_fit_reports_wf.t1w_wm" in "/work_dir/fmriprep_24_0_wf/sub_14_wf/bold_task_bird_run_3_wf/bold_fit_wf/func_fit_reports_wf/t1w_wm".
250329-15:40:16,543 nipype.workflow INFO:
	 [Node] Setting-up "fmriprep_24_0_wf.sub_14_wf.bold_task_bird_run_4_wf.bold_fit_wf.func_fit_reports_wf.t1w_wm" in "/work_dir/fmriprep_24_0_wf/sub_14_wf/bold_task_bird_run_4_wf/bold_fit_wf/func_fit_reports_wf/t1w_wm".
250329-15:40:16,543 nipype.workflow INFO:
	 [Node] Setting-up "fmriprep_24_0_wf.sub_14_wf.bold_task_bird_run_5_wf.bold_fit_wf.func_fit_reports_wf.t1w_wm" in "/work_dir/fmriprep_24_0_wf/sub_14_wf/bold_task_bird_run_5_wf/bold_fit_wf/func_fit_reports_wf/t1w_wm".
250329-15:40:16,543 nipype.workflow INFO:
	 [Node] Setting-up "fmriprep_24_0_wf.sub_14_wf.bold_task_bird_run_6_wf.bold_fit_wf.func_fit_reports_wf.t1w_wm" in "/work_dir/fmriprep_24_0_wf/sub_14_wf/bold_task_bird_run_6_wf/bold_fit_wf/func_fit_reports_wf/t1w_wm".
250329-15:40:16,546 nipype.workflow INFO:
	 [Node] Executing "t1w_wm" <nipype.interfaces.utility.wrappers.Function>
250329-15:40:16,546 nipype.workflow INFO:
	 [Node] Executing "t1w_wm" <nipype.interfaces.utility.wrappers.Function>
250329-15:40:16,546 nipype.workflow INFO:
	 [Node] Executing "t1w_wm" <nipype.interfaces.utility.wrappers.Function>
250329-15:40:16,546 nipype.workflow INFO:
	 [Node] Executing "t1w_wm" <nipype.interfaces.utility.wrappers.Function>
250329-15:40:16,549 nipype.workflow INFO:
	 [Node] Setting-up "fmriprep_24_0_wf.sub_14_wf.bold_task_bird_run_2_wf.bold_confounds_wf.acc_masks" in "/work_dir/fmriprep_24_0_wf/sub_14_wf/bold_task_bird_run_2_wf/bold_confounds_wf/acc_masks".
250329-15:40:16,549 nipype.workflow INFO:
	 [Node] Setting-up "fmriprep_24_0_wf.sub_14_wf.bold_task_bird_run_3_wf.bold_confounds_wf.acc_masks" in "/work_dir/fmriprep_24_0_wf/sub_14_wf/bold_task_bird_run_3_wf/bold_confounds_wf/acc_masks".
250329-15:40:16,549 nipype.workflow INFO:
	 [Node] Setting-up "fmriprep_24_0_wf.sub_14_wf.bold_task_bird_run_5_wf.bold_confounds_wf.acc_masks" in "/work_dir/fmriprep_24_0_wf/sub_14_wf/bold_task_bird_run_5_wf/bold_confounds_wf/acc_masks".
250329-15:40:16,549 nipype.workflow INFO:
	 [Node] Setting-up "fmriprep_24_0_wf.sub_14_wf.bold_task_bird_run_6_wf.bold_confounds_wf.acc_masks" in "/work_dir/fmriprep_24_0_wf/sub_14_wf/bold_task_bird_run_6_wf/bold_confounds_wf/acc_masks".
250329-15:40:16,571 nipype.workflow INFO:
	 [Node] Executing "seg_rpt" <niworkflows.interfaces.reportlets.masks.ROIsPlot>
250329-15:40:16,709 nipype.workflow INFO:
	 [Node] Executing "acc_masks" <fmriprep.interfaces.confounds.aCompCorMasks>
250329-15:40:16,830 nipype.workflow INFO:
	 [Node] Executing "acc_masks" <fmriprep.interfaces.confounds.aCompCorMasks>
250329-15:40:16,838 nipype.workflow INFO:
	 [Node] Executing "acc_masks" <fmriprep.interfaces.confounds.aCompCorMasks>
250329-15:40:16,928 nipype.workflow INFO:
	 [Node] Executing "acc_masks" <fmriprep.interfaces.confounds.aCompCorMasks>
250329-15:40:16,965 nipype.workflow INFO:
	 [Node] Finished "t1w_wm", elapsed time 0.418748s.
250329-15:40:17,27 nipype.workflow INFO:
	 [Node] Finished "t1w_wm", elapsed time 0.48014s.
250329-15:40:17,64 nipype.workflow INFO:
	 [Node] Finished "t1w_wm", elapsed time 0.51799s.
250329-15:40:17,71 nipype.workflow INFO:
	 [Node] Finished "t1w_wm", elapsed time 0.531775s.
250329-15:40:17,76 nipype.workflow INFO:
	 [Node] Finished "t1w_wm", elapsed time 0.550039s.
250329-15:40:17,157 nipype.workflow INFO:
	 [Node] Setting-up "fmriprep_24_0_wf.sub_14_wf.bold_task_bird_run_1_wf.bold_confounds_wf.acc_masks" in "/work_dir/fmriprep_24_0_wf/sub_14_wf/bold_task_bird_run_1_wf/bold_confounds_wf/acc_masks".
250329-15:40:17,158 nipype.workflow INFO:
	 [Node] Finished "t1w_wm", elapsed time 0.611031s.
250329-15:40:17,207 nipype.workflow INFO:
	 [Node] Setting-up "fmriprep_24_0_wf.sub_14_wf.bold_task_bird_run_4_wf.bold_confounds_wf.acc_masks" in "/work_dir/fmriprep_24_0_wf/sub_14_wf/bold_task_bird_run_4_wf/bold_confounds_wf/acc_masks".
250329-15:40:17,352 nipype.workflow INFO:
	 [Node] Executing "acc_masks" <fmriprep.interfaces.confounds.aCompCorMasks>
250329-15:40:17,461 nipype.workflow INFO:
	 [Node] Executing "acc_masks" <fmriprep.interfaces.confounds.aCompCorMasks>
250329-15:40:18,693 nipype.workflow INFO:
	 [Node] Setting-up "fmriprep_24_0_wf.sub_14_wf.bold_task_bird_run_1_wf.bold_fit_wf.func_fit_reports_wf.boldref_wm" in "/work_dir/fmriprep_24_0_wf/sub_14_wf/bold_task_bird_run_1_wf/bold_fit_wf/func_fit_reports_wf/boldref_wm".
250329-15:40:18,698 nipype.workflow INFO:
	 [Node] Executing "boldref_wm" <niworkflows.interfaces.fixes.FixHeaderApplyTransforms>
250329-15:40:18,700 nipype.workflow INFO:
	 [Node] Setting-up "fmriprep_24_0_wf.sub_14_wf.bold_task_bird_run_2_wf.bold_fit_wf.func_fit_reports_wf.boldref_wm" in "/work_dir/fmriprep_24_0_wf/sub_14_wf/bold_task_bird_run_2_wf/bold_fit_wf/func_fit_reports_wf/boldref_wm".
250329-15:40:18,701 nipype.workflow INFO:
	 [Node] Setting-up "fmriprep_24_0_wf.sub_14_wf.bold_task_bird_run_3_wf.bold_fit_wf.func_fit_reports_wf.boldref_wm" in "/work_dir/fmriprep_24_0_wf/sub_14_wf/bold_task_bird_run_3_wf/bold_fit_wf/func_fit_reports_wf/boldref_wm".
250329-15:40:18,702 nipype.workflow INFO:
	 [Node] Setting-up "fmriprep_24_0_wf.sub_14_wf.bold_task_bird_run_4_wf.bold_fit_wf.func_fit_reports_wf.boldref_wm" in "/work_dir/fmriprep_24_0_wf/sub_14_wf/bold_task_bird_run_4_wf/bold_fit_wf/func_fit_reports_wf/boldref_wm".
250329-15:40:18,704 nipype.workflow INFO:
	 [Node] Setting-up "fmriprep_24_0_wf.sub_14_wf.bold_task_bird_run_5_wf.bold_fit_wf.func_fit_reports_wf.boldref_wm" in "/work_dir/fmriprep_24_0_wf/sub_14_wf/bold_task_bird_run_5_wf/bold_fit_wf/func_fit_reports_wf/boldref_wm".
250329-15:40:18,705 nipype.workflow INFO:
	 [Node] Setting-up "fmriprep_24_0_wf.sub_14_wf.bold_task_bird_run_6_wf.bold_fit_wf.func_fit_reports_wf.boldref_wm" in "/work_dir/fmriprep_24_0_wf/sub_14_wf/bold_task_bird_run_6_wf/bold_fit_wf/func_fit_reports_wf/boldref_wm".
250329-15:40:18,706 nipype.workflow INFO:
	 [Node] Executing "boldref_wm" <niworkflows.interfaces.fixes.FixHeaderApplyTransforms>
250329-15:40:18,710 nipype.workflow INFO:
	 [Node] Executing "boldref_wm" <niworkflows.interfaces.fixes.FixHeaderApplyTransforms>
250329-15:40:18,711 nipype.workflow INFO:
	 [Node] Executing "boldref_wm" <niworkflows.interfaces.fixes.FixHeaderApplyTransforms>
250329-15:40:18,712 nipype.workflow INFO:
	 [Node] Executing "boldref_wm" <niworkflows.interfaces.fixes.FixHeaderApplyTransforms>
250329-15:40:18,715 nipype.workflow INFO:
	 [Node] Executing "boldref_wm" <niworkflows.interfaces.fixes.FixHeaderApplyTransforms>
250329-15:40:18,923 nipype.workflow INFO:
	 [Node] Finished "resample", elapsed time 46.862285s.
250329-15:40:19,449 nipype.workflow INFO:
	 [Node] Finished "boldref_wm", elapsed time 0.736546s.
250329-15:40:20,222 nipype.workflow INFO:
	 [Node] Finished "boldref_wm", elapsed time 1.523442s.
250329-15:40:20,236 nipype.workflow INFO:
	 [Node] Finished "boldref_wm", elapsed time 1.5192290000000002s.
250329-15:40:20,239 nipype.workflow INFO:
	 [Node] Finished "boldref_wm", elapsed time 1.53192s.
250329-15:40:20,523 nipype.workflow INFO:
	 [Node] Finished "boldref_wm", elapsed time 1.811651s.
250329-15:40:20,639 nipype.workflow INFO:
	 [Node] Finished "boldref_wm", elapsed time 1.927314s.
250329-15:40:20,951 nipype.workflow INFO:
	 [Node] Setting-up "fmriprep_24_0_wf.sub_14_wf.bold_task_bird_run_6_wf.bold_fit_wf.func_fit_reports_wf.epi_t1_report" in "/work_dir/fmriprep_24_0_wf/sub_14_wf/bold_task_bird_run_6_wf/bold_fit_wf/func_fit_reports_wf/epi_t1_report".
250329-15:40:20,958 nipype.workflow INFO:
	 [Node] Executing "epi_t1_report" <nireports.interfaces.reporting.base.SimpleBeforeAfterRPT>
250329-15:40:20,959 nipype.interface INFO:
	 Report - setting before (/output/sub-14/func/sub-14_task-bird_run-6_desc-coreg_boldref.nii.gz) and after (/work_dir/fmriprep_24_0_wf/sub_14_wf/bold_task_bird_run_6_wf/bold_fit_wf/func_fit_reports_wf/t1w_boldref/sub-14_desc-preproc_T1w_trans.nii.gz) images
250329-15:40:20,959 nipype.interface INFO:
	 Generating visual report
250329-15:40:22,359 nipype.workflow INFO:
	 [Node] Setting-up "fmriprep_24_0_wf.sub_14_wf.bold_task_bird_run_4_wf.bold_fit_wf.func_fit_reports_wf.epi_t1_report" in "/work_dir/fmriprep_24_0_wf/sub_14_wf/bold_task_bird_run_4_wf/bold_fit_wf/func_fit_reports_wf/epi_t1_report".
250329-15:40:22,363 nipype.workflow INFO:
	 [Node] Executing "epi_t1_report" <nireports.interfaces.reporting.base.SimpleBeforeAfterRPT>
250329-15:40:22,363 nipype.interface INFO:
	 Report - setting before (/output/sub-14/func/sub-14_task-bird_run-4_desc-coreg_boldref.nii.gz) and after (/work_dir/fmriprep_24_0_wf/sub_14_wf/bold_task_bird_run_4_wf/bold_fit_wf/func_fit_reports_wf/t1w_boldref/sub-14_desc-preproc_T1w_trans.nii.gz) images
250329-15:40:22,363 nipype.interface INFO:
	 Generating visual report
250329-15:40:23,5 nipype.workflow INFO:
	 [Node] Setting-up "fmriprep_24_0_wf.sub_14_wf.bold_task_bird_run_3_wf.bold_fit_wf.func_fit_reports_wf.epi_t1_report" in "/work_dir/fmriprep_24_0_wf/sub_14_wf/bold_task_bird_run_3_wf/bold_fit_wf/func_fit_reports_wf/epi_t1_report".
250329-15:40:23,10 nipype.workflow INFO:
	 [Node] Executing "epi_t1_report" <nireports.interfaces.reporting.base.SimpleBeforeAfterRPT>
250329-15:40:23,11 nipype.interface INFO:
	 Report - setting before (/output/sub-14/func/sub-14_task-bird_run-3_desc-coreg_boldref.nii.gz) and after (/work_dir/fmriprep_24_0_wf/sub_14_wf/bold_task_bird_run_3_wf/bold_fit_wf/func_fit_reports_wf/t1w_boldref/sub-14_desc-preproc_T1w_trans.nii.gz) images
250329-15:40:23,11 nipype.interface INFO:
	 Generating visual report
250329-15:40:23,12 nipype.workflow INFO:
	 [Node] Setting-up "fmriprep_24_0_wf.sub_14_wf.bold_task_bird_run_5_wf.bold_fit_wf.func_fit_reports_wf.epi_t1_report" in "/work_dir/fmriprep_24_0_wf/sub_14_wf/bold_task_bird_run_5_wf/bold_fit_wf/func_fit_reports_wf/epi_t1_report".
250329-15:40:23,16 nipype.workflow INFO:
	 [Node] Executing "epi_t1_report" <nireports.interfaces.reporting.base.SimpleBeforeAfterRPT>
250329-15:40:23,16 nipype.interface INFO:
	 Report - setting before (/output/sub-14/func/sub-14_task-bird_run-5_desc-coreg_boldref.nii.gz) and after (/work_dir/fmriprep_24_0_wf/sub_14_wf/bold_task_bird_run_5_wf/bold_fit_wf/func_fit_reports_wf/t1w_boldref/sub-14_desc-preproc_T1w_trans.nii.gz) images
250329-15:40:23,17 nipype.interface INFO:
	 Generating visual report
250329-15:40:23,935 nipype.workflow INFO:
	 [Node] Setting-up "fmriprep_24_0_wf.sub_14_wf.bold_task_bird_run_1_wf.bold_fit_wf.func_fit_reports_wf.epi_t1_report" in "/work_dir/fmriprep_24_0_wf/sub_14_wf/bold_task_bird_run_1_wf/bold_fit_wf/func_fit_reports_wf/epi_t1_report".
250329-15:40:23,940 nipype.workflow INFO:
	 [Node] Executing "epi_t1_report" <nireports.interfaces.reporting.base.SimpleBeforeAfterRPT>
250329-15:40:23,940 nipype.interface INFO:
	 Report - setting before (/output/sub-14/func/sub-14_task-bird_run-1_desc-coreg_boldref.nii.gz) and after (/work_dir/fmriprep_24_0_wf/sub_14_wf/bold_task_bird_run_1_wf/bold_fit_wf/func_fit_reports_wf/t1w_boldref/sub-14_desc-preproc_T1w_trans.nii.gz) images
250329-15:40:23,940 nipype.interface INFO:
	 Generating visual report
250329-15:40:24,38 nipype.workflow INFO:
	 [Node] Setting-up "fmriprep_24_0_wf.sub_14_wf.bold_task_bird_run_2_wf.bold_fit_wf.func_fit_reports_wf.epi_t1_report" in "/work_dir/fmriprep_24_0_wf/sub_14_wf/bold_task_bird_run_2_wf/bold_fit_wf/func_fit_reports_wf/epi_t1_report".
250329-15:40:24,43 nipype.workflow INFO:
	 [Node] Executing "epi_t1_report" <nireports.interfaces.reporting.base.SimpleBeforeAfterRPT>
250329-15:40:24,43 nipype.interface INFO:
	 Report - setting before (/output/sub-14/func/sub-14_task-bird_run-2_desc-coreg_boldref.nii.gz) and after (/work_dir/fmriprep_24_0_wf/sub_14_wf/bold_task_bird_run_2_wf/bold_fit_wf/func_fit_reports_wf/t1w_boldref/sub-14_desc-preproc_T1w_trans.nii.gz) images
250329-15:40:24,44 nipype.interface INFO:
	 Generating visual report
250329-15:40:27,652 nipype.workflow INFO:
	 [Node] Finished "acc_masks", elapsed time 10.942042s.
250329-15:40:28,51 nipype.workflow INFO:
	 [Node] Finished "acc_masks", elapsed time 10.697451000000001s.
250329-15:40:28,858 nipype.workflow INFO:
	 [Node] Finished "acc_masks", elapsed time 12.027335s.
250329-15:40:28,867 nipype.workflow INFO:
	 [Node] Finished "acc_masks", elapsed time 11.938251s.
250329-15:40:30,977 nipype.workflow INFO:
	 [Node] Finished "acc_masks", elapsed time 13.495911s.
250329-15:40:31,194 nipype.workflow INFO:
	 [Node] Setting-up "_acc_msk_tfm0" in "/work_dir/fmriprep_24_0_wf/sub_14_wf/bold_task_bird_run_4_wf/bold_confounds_wf/acc_msk_tfm/mapflow/_acc_msk_tfm0".
250329-15:40:31,197 nipype.workflow INFO:
	 [Node] Executing "_acc_msk_tfm0" <niworkflows.interfaces.fixes.FixHeaderApplyTransforms>
250329-15:40:31,209 nipype.workflow INFO:
	 [Node] Setting-up "_acc_msk_tfm1" in "/work_dir/fmriprep_24_0_wf/sub_14_wf/bold_task_bird_run_4_wf/bold_confounds_wf/acc_msk_tfm/mapflow/_acc_msk_tfm1".
250329-15:40:31,211 nipype.workflow INFO:
	 [Node] Executing "_acc_msk_tfm1" <niworkflows.interfaces.fixes.FixHeaderApplyTransforms>
250329-15:40:31,215 nipype.workflow INFO:
	 [Node] Setting-up "_acc_msk_tfm2" in "/work_dir/fmriprep_24_0_wf/sub_14_wf/bold_task_bird_run_4_wf/bold_confounds_wf/acc_msk_tfm/mapflow/_acc_msk_tfm2".
250329-15:40:31,217 nipype.workflow INFO:
	 [Node] Executing "_acc_msk_tfm2" <niworkflows.interfaces.fixes.FixHeaderApplyTransforms>
250329-15:40:31,219 nipype.workflow INFO:
	 [Node] Setting-up "_acc_msk_tfm1" in "/work_dir/fmriprep_24_0_wf/sub_14_wf/bold_task_bird_run_5_wf/bold_confounds_wf/acc_msk_tfm/mapflow/_acc_msk_tfm1".
250329-15:40:31,219 nipype.workflow INFO:
	 [Node] Setting-up "_acc_msk_tfm0" in "/work_dir/fmriprep_24_0_wf/sub_14_wf/bold_task_bird_run_5_wf/bold_confounds_wf/acc_msk_tfm/mapflow/_acc_msk_tfm0".
250329-15:40:31,219 nipype.workflow INFO:
	 [Node] Setting-up "_acc_msk_tfm2" in "/work_dir/fmriprep_24_0_wf/sub_14_wf/bold_task_bird_run_5_wf/bold_confounds_wf/acc_msk_tfm/mapflow/_acc_msk_tfm2".
250329-15:40:31,221 nipype.workflow INFO:
	 [Node] Executing "_acc_msk_tfm1" <niworkflows.interfaces.fixes.FixHeaderApplyTransforms>
250329-15:40:31,221 nipype.workflow INFO:
	 [Node] Executing "_acc_msk_tfm0" <niworkflows.interfaces.fixes.FixHeaderApplyTransforms>
250329-15:40:31,221 nipype.workflow INFO:
	 [Node] Executing "_acc_msk_tfm2" <niworkflows.interfaces.fixes.FixHeaderApplyTransforms>
250329-15:40:33,76 nipype.workflow INFO:
	 [Node] Finished "acc_masks", elapsed time 16.236929s.
250329-15:40:33,83 nipype.workflow INFO:
	 [Node] Setting-up "_acc_msk_tfm0" in "/work_dir/fmriprep_24_0_wf/sub_14_wf/bold_task_bird_run_2_wf/bold_confounds_wf/acc_msk_tfm/mapflow/_acc_msk_tfm0".
250329-15:40:33,85 nipype.workflow INFO:
	 [Node] Executing "_acc_msk_tfm0" <niworkflows.interfaces.fixes.FixHeaderApplyTransforms>
250329-15:40:33,88 nipype.workflow INFO:
	 [Node] Setting-up "_acc_msk_tfm1" in "/work_dir/fmriprep_24_0_wf/sub_14_wf/bold_task_bird_run_2_wf/bold_confounds_wf/acc_msk_tfm/mapflow/_acc_msk_tfm1".
250329-15:40:33,91 nipype.workflow INFO:
	 [Node] Executing "_acc_msk_tfm1" <niworkflows.interfaces.fixes.FixHeaderApplyTransforms>
250329-15:40:33,100 nipype.workflow INFO:
	 [Node] Setting-up "_acc_msk_tfm2" in "/work_dir/fmriprep_24_0_wf/sub_14_wf/bold_task_bird_run_2_wf/bold_confounds_wf/acc_msk_tfm/mapflow/_acc_msk_tfm2".
250329-15:40:33,102 nipype.workflow INFO:
	 [Node] Executing "_acc_msk_tfm2" <niworkflows.interfaces.fixes.FixHeaderApplyTransforms>
250329-15:40:33,106 nipype.workflow INFO:
	 [Node] Setting-up "_acc_msk_tfm0" in "/work_dir/fmriprep_24_0_wf/sub_14_wf/bold_task_bird_run_3_wf/bold_confounds_wf/acc_msk_tfm/mapflow/_acc_msk_tfm0".
250329-15:40:33,109 nipype.workflow INFO:
	 [Node] Executing "_acc_msk_tfm0" <niworkflows.interfaces.fixes.FixHeaderApplyTransforms>
250329-15:40:33,119 nipype.workflow INFO:
	 [Node] Setting-up "_acc_msk_tfm1" in "/work_dir/fmriprep_24_0_wf/sub_14_wf/bold_task_bird_run_3_wf/bold_confounds_wf/acc_msk_tfm/mapflow/_acc_msk_tfm1".
250329-15:40:33,121 nipype.workflow INFO:
	 [Node] Executing "_acc_msk_tfm1" <niworkflows.interfaces.fixes.FixHeaderApplyTransforms>
250329-15:40:33,124 nipype.workflow INFO:
	 [Node] Setting-up "_acc_msk_tfm2" in "/work_dir/fmriprep_24_0_wf/sub_14_wf/bold_task_bird_run_3_wf/bold_confounds_wf/acc_msk_tfm/mapflow/_acc_msk_tfm2".
250329-15:40:33,127 nipype.workflow INFO:
	 [Node] Executing "_acc_msk_tfm2" <niworkflows.interfaces.fixes.FixHeaderApplyTransforms>
250329-15:40:35,171 nipype.workflow INFO:
	 [Node] Setting-up "_acc_msk_tfm0" in "/work_dir/fmriprep_24_0_wf/sub_14_wf/bold_task_bird_run_1_wf/bold_confounds_wf/acc_msk_tfm/mapflow/_acc_msk_tfm0".
250329-15:40:35,174 nipype.workflow INFO:
	 [Node] Executing "_acc_msk_tfm0" <niworkflows.interfaces.fixes.FixHeaderApplyTransforms>
250329-15:40:35,198 nipype.workflow INFO:
	 [Node] Setting-up "_acc_msk_tfm1" in "/work_dir/fmriprep_24_0_wf/sub_14_wf/bold_task_bird_run_1_wf/bold_confounds_wf/acc_msk_tfm/mapflow/_acc_msk_tfm1".
250329-15:40:35,200 nipype.workflow INFO:
	 [Node] Executing "_acc_msk_tfm1" <niworkflows.interfaces.fixes.FixHeaderApplyTransforms>
250329-15:40:35,204 nipype.workflow INFO:
	 [Node] Setting-up "_acc_msk_tfm2" in "/work_dir/fmriprep_24_0_wf/sub_14_wf/bold_task_bird_run_1_wf/bold_confounds_wf/acc_msk_tfm/mapflow/_acc_msk_tfm2".
250329-15:40:35,212 nipype.workflow INFO:
	 [Node] Executing "_acc_msk_tfm2" <niworkflows.interfaces.fixes.FixHeaderApplyTransforms>
250329-15:40:36,544 nipype.workflow INFO:
	 [Node] Finished "_acc_msk_tfm2", elapsed time 5.321939s.
250329-15:40:37,78 nipype.workflow INFO:
	 [Node] Finished "_acc_msk_tfm0", elapsed time 5.856033s.
250329-15:40:37,612 nipype.workflow INFO:
	 [Node] Finished "_acc_msk_tfm1", elapsed time 6.390334s.
250329-15:40:37,770 nipype.workflow INFO:
	 [Node] Finished "_acc_msk_tfm1", elapsed time 6.55838s.
250329-15:40:37,908 nipype.workflow INFO:
	 [Node] Finished "_acc_msk_tfm2", elapsed time 6.690012s.
250329-15:40:38,190 nipype.workflow INFO:
	 [Node] Finished "_acc_msk_tfm2", elapsed time 5.062907s.
250329-15:40:38,444 nipype.workflow INFO:
	 [Node] Finished "_acc_msk_tfm0", elapsed time 7.245815s.
250329-15:40:38,755 nipype.workflow INFO:
	 [Node] Setting-up "_acc_msk_tfm0" in "/work_dir/fmriprep_24_0_wf/sub_14_wf/bold_task_bird_run_6_wf/bold_confounds_wf/acc_msk_tfm/mapflow/_acc_msk_tfm0".
250329-15:40:38,758 nipype.workflow INFO:
	 [Node] Executing "_acc_msk_tfm0" <niworkflows.interfaces.fixes.FixHeaderApplyTransforms>
250329-15:40:38,762 nipype.workflow INFO:
	 [Node] Setting-up "_acc_msk_tfm1" in "/work_dir/fmriprep_24_0_wf/sub_14_wf/bold_task_bird_run_6_wf/bold_confounds_wf/acc_msk_tfm/mapflow/_acc_msk_tfm1".
250329-15:40:38,765 nipype.workflow INFO:
	 [Node] Executing "_acc_msk_tfm1" <niworkflows.interfaces.fixes.FixHeaderApplyTransforms>
250329-15:40:38,765 nipype.workflow INFO:
	 [Node] Setting-up "_acc_msk_tfm2" in "/work_dir/fmriprep_24_0_wf/sub_14_wf/bold_task_bird_run_6_wf/bold_confounds_wf/acc_msk_tfm/mapflow/_acc_msk_tfm2".
250329-15:40:38,768 nipype.workflow INFO:
	 [Node] Executing "_acc_msk_tfm2" <niworkflows.interfaces.fixes.FixHeaderApplyTransforms>
250329-15:40:38,774 nipype.workflow INFO:
	 [Node] Setting-up "_acc_msk_tfm0" in "/work_dir/fmriprep_24_0_wf/sub_14_wf/bold_task_bird_run_5_wf/bold_confounds_wf/acc_msk_tfm/mapflow/_acc_msk_tfm0".
250329-15:40:38,779 nipype.workflow INFO:
	 [Node] Cached "_acc_msk_tfm0" - collecting precomputed outputs
250329-15:40:38,779 nipype.workflow INFO:
	 [Node] "_acc_msk_tfm0" found cached.
250329-15:40:38,780 nipype.workflow INFO:
	 [Node] Setting-up "_acc_msk_tfm1" in "/work_dir/fmriprep_24_0_wf/sub_14_wf/bold_task_bird_run_5_wf/bold_confounds_wf/acc_msk_tfm/mapflow/_acc_msk_tfm1".
250329-15:40:38,781 nipype.workflow INFO:
	 [Node] Cached "_acc_msk_tfm1" - collecting precomputed outputs
250329-15:40:38,781 nipype.workflow INFO:
	 [Node] "_acc_msk_tfm1" found cached.
250329-15:40:38,782 nipype.workflow INFO:
	 [Node] Setting-up "_acc_msk_tfm2" in "/work_dir/fmriprep_24_0_wf/sub_14_wf/bold_task_bird_run_5_wf/bold_confounds_wf/acc_msk_tfm/mapflow/_acc_msk_tfm2".
250329-15:40:38,783 nipype.workflow INFO:
	 [Node] Cached "_acc_msk_tfm2" - collecting precomputed outputs
250329-15:40:38,784 nipype.workflow INFO:
	 [Node] "_acc_msk_tfm2" found cached.
250329-15:40:38,898 nipype.workflow INFO:
	 [Node] Finished "_acc_msk_tfm0", elapsed time 4.566727s.
250329-15:40:38,914 nipype.workflow INFO:
	 [Node] Finished "_acc_msk_tfm2", elapsed time 5.811052s.
250329-15:40:39,68 nipype.workflow INFO:
	 [Node] Finished "_acc_msk_tfm0", elapsed time 5.9577290000000005s.
250329-15:40:39,441 nipype.workflow INFO:
	 [Node] Finished "_acc_msk_tfm1", elapsed time 6.349754s.
250329-15:40:40,27 nipype.workflow INFO:
	 [Node] Finished "_acc_msk_tfm1", elapsed time 6.904679s.
250329-15:40:40,411 nipype.workflow INFO:
	 [Node] Finished "_acc_msk_tfm1", elapsed time 5.209223s.
250329-15:40:41,130 nipype.workflow INFO:
	 [Node] Setting-up "_acc_msk_tfm0" in "/work_dir/fmriprep_24_0_wf/sub_14_wf/bold_task_bird_run_2_wf/bold_confounds_wf/acc_msk_tfm/mapflow/_acc_msk_tfm0".
250329-15:40:41,132 nipype.workflow INFO:
	 [Node] Cached "_acc_msk_tfm0" - collecting precomputed outputs
250329-15:40:41,132 nipype.workflow INFO:
	 [Node] "_acc_msk_tfm0" found cached.
250329-15:40:41,133 nipype.workflow INFO:
	 [Node] Setting-up "_acc_msk_tfm1" in "/work_dir/fmriprep_24_0_wf/sub_14_wf/bold_task_bird_run_2_wf/bold_confounds_wf/acc_msk_tfm/mapflow/_acc_msk_tfm1".
250329-15:40:41,134 nipype.workflow INFO:
	 [Node] Cached "_acc_msk_tfm1" - collecting precomputed outputs
250329-15:40:41,134 nipype.workflow INFO:
	 [Node] "_acc_msk_tfm1" found cached.
250329-15:40:41,135 nipype.workflow INFO:
	 [Node] Setting-up "_acc_msk_tfm2" in "/work_dir/fmriprep_24_0_wf/sub_14_wf/bold_task_bird_run_2_wf/bold_confounds_wf/acc_msk_tfm/mapflow/_acc_msk_tfm2".
250329-15:40:41,136 nipype.workflow INFO:
	 [Node] Cached "_acc_msk_tfm2" - collecting precomputed outputs
250329-15:40:41,136 nipype.workflow INFO:
	 [Node] "_acc_msk_tfm2" found cached.
250329-15:40:41,137 nipype.workflow INFO:
	 [Node] Finished "_acc_msk_tfm0", elapsed time 5.961836s.
250329-15:40:41,152 nipype.workflow INFO:
	 [Node] Setting-up "_acc_msk_tfm0" in "/work_dir/fmriprep_24_0_wf/sub_14_wf/bold_task_bird_run_3_wf/bold_confounds_wf/acc_msk_tfm/mapflow/_acc_msk_tfm0".
250329-15:40:41,154 nipype.workflow INFO:
	 [Node] Cached "_acc_msk_tfm0" - collecting precomputed outputs
250329-15:40:41,156 nipype.workflow INFO:
	 [Node] "_acc_msk_tfm0" found cached.
250329-15:40:41,156 nipype.workflow INFO:
	 [Node] Setting-up "_acc_msk_tfm0" in "/work_dir/fmriprep_24_0_wf/sub_14_wf/bold_task_bird_run_4_wf/bold_confounds_wf/acc_msk_tfm/mapflow/_acc_msk_tfm0".
250329-15:40:41,157 nipype.workflow INFO:
	 [Node] Setting-up "_acc_msk_tfm1" in "/work_dir/fmriprep_24_0_wf/sub_14_wf/bold_task_bird_run_3_wf/bold_confounds_wf/acc_msk_tfm/mapflow/_acc_msk_tfm1".
250329-15:40:41,157 nipype.workflow INFO:
	 [Node] Cached "_acc_msk_tfm0" - collecting precomputed outputs
250329-15:40:41,158 nipype.workflow INFO:
	 [Node] "_acc_msk_tfm0" found cached.
250329-15:40:41,159 nipype.workflow INFO:
	 [Node] Setting-up "_acc_msk_tfm1" in "/work_dir/fmriprep_24_0_wf/sub_14_wf/bold_task_bird_run_4_wf/bold_confounds_wf/acc_msk_tfm/mapflow/_acc_msk_tfm1".
250329-15:40:41,160 nipype.workflow INFO:
	 [Node] Cached "_acc_msk_tfm1" - collecting precomputed outputs
250329-15:40:41,160 nipype.workflow INFO:
	 [Node] "_acc_msk_tfm1" found cached.
250329-15:40:41,161 nipype.workflow INFO:
	 [Node] Setting-up "_acc_msk_tfm2" in "/work_dir/fmriprep_24_0_wf/sub_14_wf/bold_task_bird_run_4_wf/bold_confounds_wf/acc_msk_tfm/mapflow/_acc_msk_tfm2".
250329-15:40:41,170 nipype.workflow INFO:
	 [Node] Cached "_acc_msk_tfm1" - collecting precomputed outputs
250329-15:40:41,170 nipype.workflow INFO:
	 [Node] "_acc_msk_tfm1" found cached.
250329-15:40:41,171 nipype.workflow INFO:
	 [Node] Setting-up "_acc_msk_tfm2" in "/work_dir/fmriprep_24_0_wf/sub_14_wf/bold_task_bird_run_3_wf/bold_confounds_wf/acc_msk_tfm/mapflow/_acc_msk_tfm2".
250329-15:40:41,173 nipype.workflow INFO:
	 [Node] Cached "_acc_msk_tfm2" - collecting precomputed outputs
250329-15:40:41,173 nipype.workflow INFO:
	 [Node] "_acc_msk_tfm2" found cached.
250329-15:40:41,178 nipype.workflow INFO:
	 [Node] Cached "_acc_msk_tfm2" - collecting precomputed outputs
250329-15:40:41,178 nipype.workflow INFO:
	 [Node] "_acc_msk_tfm2" found cached.
250329-15:40:41,589 nipype.workflow INFO:
	 [Node] Finished "_acc_msk_tfm2", elapsed time 6.375275s.
250329-15:40:42,740 nipype.workflow INFO:
	 [Node] Finished "_acc_msk_tfm2", elapsed time 3.971333s.
250329-15:40:42,770 nipype.workflow INFO:
	 [Node] Finished "_acc_msk_tfm1", elapsed time 4.000306s.
250329-15:40:42,870 nipype.workflow INFO:
	 [Node] Finished "_acc_msk_tfm0", elapsed time 4.111171s.
250329-15:40:42,979 nipype.workflow INFO:
	 [Node] Setting-up "_acc_msk_tfm0" in "/work_dir/fmriprep_24_0_wf/sub_14_wf/bold_task_bird_run_1_wf/bold_confounds_wf/acc_msk_tfm/mapflow/_acc_msk_tfm0".
250329-15:40:42,981 nipype.workflow INFO:
	 [Node] Cached "_acc_msk_tfm0" - collecting precomputed outputs
250329-15:40:42,981 nipype.workflow INFO:
	 [Node] "_acc_msk_tfm0" found cached.
250329-15:40:42,982 nipype.workflow INFO:
	 [Node] Setting-up "_acc_msk_tfm1" in "/work_dir/fmriprep_24_0_wf/sub_14_wf/bold_task_bird_run_1_wf/bold_confounds_wf/acc_msk_tfm/mapflow/_acc_msk_tfm1".
250329-15:40:42,983 nipype.workflow INFO:
	 [Node] Cached "_acc_msk_tfm1" - collecting precomputed outputs
250329-15:40:42,983 nipype.workflow INFO:
	 [Node] "_acc_msk_tfm1" found cached.
250329-15:40:42,984 nipype.workflow INFO:
	 [Node] Setting-up "_acc_msk_tfm2" in "/work_dir/fmriprep_24_0_wf/sub_14_wf/bold_task_bird_run_1_wf/bold_confounds_wf/acc_msk_tfm/mapflow/_acc_msk_tfm2".
250329-15:40:42,985 nipype.workflow INFO:
	 [Node] Cached "_acc_msk_tfm2" - collecting precomputed outputs
250329-15:40:42,985 nipype.workflow INFO:
	 [Node] "_acc_msk_tfm2" found cached.
250329-15:40:43,20 nipype.workflow INFO:
	 [Node] Setting-up "_acc_msk_brain0" in "/work_dir/fmriprep_24_0_wf/sub_14_wf/bold_task_bird_run_5_wf/bold_confounds_wf/acc_msk_brain/mapflow/_acc_msk_brain0".
250329-15:40:43,22 nipype.workflow INFO:
	 [Node] Executing "_acc_msk_brain0" <niworkflows.interfaces.nibabel.ApplyMask>
250329-15:40:43,33 nipype.workflow INFO:
	 [Node] Setting-up "_acc_msk_brain1" in "/work_dir/fmriprep_24_0_wf/sub_14_wf/bold_task_bird_run_5_wf/bold_confounds_wf/acc_msk_brain/mapflow/_acc_msk_brain1".
250329-15:40:43,35 nipype.workflow INFO:
	 [Node] Executing "_acc_msk_brain1" <niworkflows.interfaces.nibabel.ApplyMask>
250329-15:40:43,40 nipype.workflow INFO:
	 [Node] Setting-up "_acc_msk_brain2" in "/work_dir/fmriprep_24_0_wf/sub_14_wf/bold_task_bird_run_5_wf/bold_confounds_wf/acc_msk_brain/mapflow/_acc_msk_brain2".
250329-15:40:43,42 nipype.workflow INFO:
	 [Node] Executing "_acc_msk_brain2" <niworkflows.interfaces.nibabel.ApplyMask>
250329-15:40:43,215 nipype.workflow INFO:
	 [Node] Finished "_acc_msk_brain1", elapsed time 0.179157s.
250329-15:40:43,241 nipype.workflow INFO:
	 [Node] Finished "_acc_msk_brain2", elapsed time 0.198307s.
250329-15:40:43,274 nipype.workflow INFO:
	 [Node] Finished "_acc_msk_brain0", elapsed time 0.251516s.
250329-15:40:45,205 nipype.workflow INFO:
	 [Node] Setting-up "_acc_msk_tfm0" in "/work_dir/fmriprep_24_0_wf/sub_14_wf/bold_task_bird_run_6_wf/bold_confounds_wf/acc_msk_tfm/mapflow/_acc_msk_tfm0".
250329-15:40:45,206 nipype.workflow INFO:
	 [Node] Cached "_acc_msk_tfm0" - collecting precomputed outputs
250329-15:40:45,206 nipype.workflow INFO:
	 [Node] "_acc_msk_tfm0" found cached.
250329-15:40:45,207 nipype.workflow INFO:
	 [Node] Setting-up "_acc_msk_tfm1" in "/work_dir/fmriprep_24_0_wf/sub_14_wf/bold_task_bird_run_6_wf/bold_confounds_wf/acc_msk_tfm/mapflow/_acc_msk_tfm1".
250329-15:40:45,208 nipype.workflow INFO:
	 [Node] Cached "_acc_msk_tfm1" - collecting precomputed outputs
250329-15:40:45,208 nipype.workflow INFO:
	 [Node] "_acc_msk_tfm1" found cached.
250329-15:40:45,216 nipype.workflow INFO:
	 [Node] Setting-up "_acc_msk_tfm2" in "/work_dir/fmriprep_24_0_wf/sub_14_wf/bold_task_bird_run_6_wf/bold_confounds_wf/acc_msk_tfm/mapflow/_acc_msk_tfm2".
250329-15:40:45,217 nipype.workflow INFO:
	 [Node] Cached "_acc_msk_tfm2" - collecting precomputed outputs
250329-15:40:45,217 nipype.workflow INFO:
	 [Node] "_acc_msk_tfm2" found cached.
250329-15:40:45,263 nipype.workflow INFO:
	 [Node] Setting-up "_acc_msk_brain0" in "/work_dir/fmriprep_24_0_wf/sub_14_wf/bold_task_bird_run_5_wf/bold_confounds_wf/acc_msk_brain/mapflow/_acc_msk_brain0".
250329-15:40:45,264 nipype.workflow INFO:
	 [Node] Cached "_acc_msk_brain0" - collecting precomputed outputs
250329-15:40:45,264 nipype.workflow INFO:
	 [Node] "_acc_msk_brain0" found cached.
250329-15:40:45,264 nipype.workflow INFO:
	 [Node] Setting-up "_acc_msk_brain1" in "/work_dir/fmriprep_24_0_wf/sub_14_wf/bold_task_bird_run_5_wf/bold_confounds_wf/acc_msk_brain/mapflow/_acc_msk_brain1".
250329-15:40:45,265 nipype.workflow INFO:
	 [Node] Cached "_acc_msk_brain1" - collecting precomputed outputs
250329-15:40:45,265 nipype.workflow INFO:
	 [Node] "_acc_msk_brain1" found cached.
250329-15:40:45,266 nipype.workflow INFO:
	 [Node] Setting-up "_acc_msk_brain2" in "/work_dir/fmriprep_24_0_wf/sub_14_wf/bold_task_bird_run_5_wf/bold_confounds_wf/acc_msk_brain/mapflow/_acc_msk_brain2".
250329-15:40:45,267 nipype.workflow INFO:
	 [Node] Cached "_acc_msk_brain2" - collecting precomputed outputs
250329-15:40:45,267 nipype.workflow INFO:
	 [Node] "_acc_msk_brain2" found cached.
250329-15:40:45,270 nipype.workflow INFO:
	 [Node] Setting-up "_acc_msk_brain0" in "/work_dir/fmriprep_24_0_wf/sub_14_wf/bold_task_bird_run_2_wf/bold_confounds_wf/acc_msk_brain/mapflow/_acc_msk_brain0".
250329-15:40:45,271 nipype.workflow INFO:
	 [Node] Setting-up "_acc_msk_brain1" in "/work_dir/fmriprep_24_0_wf/sub_14_wf/bold_task_bird_run_2_wf/bold_confounds_wf/acc_msk_brain/mapflow/_acc_msk_brain1".
250329-15:40:45,271 nipype.workflow INFO:
	 [Node] Executing "_acc_msk_brain0" <niworkflows.interfaces.nibabel.ApplyMask>
250329-15:40:45,274 nipype.workflow INFO:
	 [Node] Executing "_acc_msk_brain1" <niworkflows.interfaces.nibabel.ApplyMask>
250329-15:40:45,280 nipype.workflow INFO:
	 [Node] Setting-up "_acc_msk_brain2" in "/work_dir/fmriprep_24_0_wf/sub_14_wf/bold_task_bird_run_2_wf/bold_confounds_wf/acc_msk_brain/mapflow/_acc_msk_brain2".
250329-15:40:45,282 nipype.workflow INFO:
	 [Node] Executing "_acc_msk_brain2" <niworkflows.interfaces.nibabel.ApplyMask>
250329-15:40:45,283 nipype.workflow INFO:
	 [Node] Setting-up "_acc_msk_brain0" in "/work_dir/fmriprep_24_0_wf/sub_14_wf/bold_task_bird_run_3_wf/bold_confounds_wf/acc_msk_brain/mapflow/_acc_msk_brain0".
250329-15:40:45,285 nipype.workflow INFO:
	 [Node] Executing "_acc_msk_brain0" <niworkflows.interfaces.nibabel.ApplyMask>
250329-15:40:45,288 nipype.workflow INFO:
	 [Node] Setting-up "_acc_msk_brain1" in "/work_dir/fmriprep_24_0_wf/sub_14_wf/bold_task_bird_run_3_wf/bold_confounds_wf/acc_msk_brain/mapflow/_acc_msk_brain1".
250329-15:40:45,290 nipype.workflow INFO:
	 [Node] Executing "_acc_msk_brain1" <niworkflows.interfaces.nibabel.ApplyMask>
250329-15:40:45,292 nipype.workflow INFO:
	 [Node] Setting-up "_acc_msk_brain2" in "/work_dir/fmriprep_24_0_wf/sub_14_wf/bold_task_bird_run_3_wf/bold_confounds_wf/acc_msk_brain/mapflow/_acc_msk_brain2".
250329-15:40:45,294 nipype.workflow INFO:
	 [Node] Executing "_acc_msk_brain2" <niworkflows.interfaces.nibabel.ApplyMask>
250329-15:40:45,296 nipype.workflow INFO:
	 [Node] Setting-up "_acc_msk_brain0" in "/work_dir/fmriprep_24_0_wf/sub_14_wf/bold_task_bird_run_4_wf/bold_confounds_wf/acc_msk_brain/mapflow/_acc_msk_brain0".
250329-15:40:45,296 nipype.workflow INFO:
	 [Node] Setting-up "_acc_msk_brain2" in "/work_dir/fmriprep_24_0_wf/sub_14_wf/bold_task_bird_run_4_wf/bold_confounds_wf/acc_msk_brain/mapflow/_acc_msk_brain2".
250329-15:40:45,298 nipype.workflow INFO:
	 [Node] Executing "_acc_msk_brain0" <niworkflows.interfaces.nibabel.ApplyMask>
250329-15:40:45,298 nipype.workflow INFO:
	 [Node] Executing "_acc_msk_brain2" <niworkflows.interfaces.nibabel.ApplyMask>
250329-15:40:45,302 nipype.workflow INFO:
	 [Node] Setting-up "_acc_msk_brain1" in "/work_dir/fmriprep_24_0_wf/sub_14_wf/bold_task_bird_run_4_wf/bold_confounds_wf/acc_msk_brain/mapflow/_acc_msk_brain1".
250329-15:40:45,304 nipype.workflow INFO:
	 [Node] Executing "_acc_msk_brain1" <niworkflows.interfaces.nibabel.ApplyMask>
250329-15:40:45,495 nipype.workflow INFO:
	 [Node] Finished "_acc_msk_brain1", elapsed time 0.190556s.
250329-15:40:45,592 nipype.workflow INFO:
	 [Node] Finished "_acc_msk_brain2", elapsed time 0.308637s.
250329-15:40:45,600 nipype.workflow INFO:
	 [Node] Finished "_acc_msk_brain1", elapsed time 0.324449s.
250329-15:40:45,741 nipype.workflow INFO:
	 [Node] Finished "_acc_msk_brain2", elapsed time 0.442164s.
250329-15:40:45,806 nipype.workflow INFO:
	 [Node] Finished "_acc_msk_brain2", elapsed time 0.511567s.
250329-15:40:45,817 nipype.workflow INFO:
	 [Node] Finished "_acc_msk_brain0", elapsed time 0.518218s.
250329-15:40:45,823 nipype.workflow INFO:
	 [Node] Finished "_acc_msk_brain1", elapsed time 0.531828s.
250329-15:40:45,866 nipype.workflow INFO:
	 [Node] Finished "_acc_msk_brain0", elapsed time 0.580184s.
250329-15:40:45,882 nipype.workflow INFO:
	 [Node] Finished "_acc_msk_brain0", elapsed time 0.609811s.
250329-15:40:46,731 nipype.workflow INFO:
	 [Node] Setting-up "_acc_msk_brain0" in "/work_dir/fmriprep_24_0_wf/sub_14_wf/bold_task_bird_run_2_wf/bold_confounds_wf/acc_msk_brain/mapflow/_acc_msk_brain0".
250329-15:40:46,732 nipype.workflow INFO:
	 [Node] Cached "_acc_msk_brain0" - collecting precomputed outputs
250329-15:40:46,732 nipype.workflow INFO:
	 [Node] "_acc_msk_brain0" found cached.
250329-15:40:46,733 nipype.workflow INFO:
	 [Node] Setting-up "_acc_msk_brain1" in "/work_dir/fmriprep_24_0_wf/sub_14_wf/bold_task_bird_run_2_wf/bold_confounds_wf/acc_msk_brain/mapflow/_acc_msk_brain1".
250329-15:40:46,733 nipype.workflow INFO:
	 [Node] Cached "_acc_msk_brain1" - collecting precomputed outputs
250329-15:40:46,734 nipype.workflow INFO:
	 [Node] "_acc_msk_brain1" found cached.
250329-15:40:46,734 nipype.workflow INFO:
	 [Node] Setting-up "_acc_msk_brain2" in "/work_dir/fmriprep_24_0_wf/sub_14_wf/bold_task_bird_run_2_wf/bold_confounds_wf/acc_msk_brain/mapflow/_acc_msk_brain2".
250329-15:40:46,735 nipype.workflow INFO:
	 [Node] Cached "_acc_msk_brain2" - collecting precomputed outputs
250329-15:40:46,735 nipype.workflow INFO:
	 [Node] "_acc_msk_brain2" found cached.
250329-15:40:46,742 nipype.workflow INFO:
	 [Node] Setting-up "_acc_msk_brain0" in "/work_dir/fmriprep_24_0_wf/sub_14_wf/bold_task_bird_run_3_wf/bold_confounds_wf/acc_msk_brain/mapflow/_acc_msk_brain0".
250329-15:40:46,743 nipype.workflow INFO:
	 [Node] Cached "_acc_msk_brain0" - collecting precomputed outputs
250329-15:40:46,743 nipype.workflow INFO:
	 [Node] Setting-up "_acc_msk_brain0" in "/work_dir/fmriprep_24_0_wf/sub_14_wf/bold_task_bird_run_4_wf/bold_confounds_wf/acc_msk_brain/mapflow/_acc_msk_brain0".
250329-15:40:46,743 nipype.workflow INFO:
	 [Node] "_acc_msk_brain0" found cached.
250329-15:40:46,744 nipype.workflow INFO:
	 [Node] Setting-up "_acc_msk_brain1" in "/work_dir/fmriprep_24_0_wf/sub_14_wf/bold_task_bird_run_3_wf/bold_confounds_wf/acc_msk_brain/mapflow/_acc_msk_brain1".
250329-15:40:46,744 nipype.workflow INFO:
	 [Node] Cached "_acc_msk_brain0" - collecting precomputed outputs
250329-15:40:46,744 nipype.workflow INFO:
	 [Node] "_acc_msk_brain0" found cached.
250329-15:40:46,745 nipype.workflow INFO:
	 [Node] Cached "_acc_msk_brain1" - collecting precomputed outputs
250329-15:40:46,745 nipype.workflow INFO:
	 [Node] Setting-up "_acc_msk_brain1" in "/work_dir/fmriprep_24_0_wf/sub_14_wf/bold_task_bird_run_4_wf/bold_confounds_wf/acc_msk_brain/mapflow/_acc_msk_brain1".
250329-15:40:46,745 nipype.workflow INFO:
	 [Node] "_acc_msk_brain1" found cached.
250329-15:40:46,746 nipype.workflow INFO:
	 [Node] Setting-up "_acc_msk_brain2" in "/work_dir/fmriprep_24_0_wf/sub_14_wf/bold_task_bird_run_3_wf/bold_confounds_wf/acc_msk_brain/mapflow/_acc_msk_brain2".
250329-15:40:46,746 nipype.workflow INFO:
	 [Node] Cached "_acc_msk_brain1" - collecting precomputed outputs
250329-15:40:46,746 nipype.workflow INFO:
	 [Node] "_acc_msk_brain1" found cached.
250329-15:40:46,746 nipype.workflow INFO:
	 [Node] Cached "_acc_msk_brain2" - collecting precomputed outputs
250329-15:40:46,746 nipype.workflow INFO:
	 [Node] Setting-up "_acc_msk_brain2" in "/work_dir/fmriprep_24_0_wf/sub_14_wf/bold_task_bird_run_4_wf/bold_confounds_wf/acc_msk_brain/mapflow/_acc_msk_brain2".
250329-15:40:46,746 nipype.workflow INFO:
	 [Node] "_acc_msk_brain2" found cached.
250329-15:40:46,747 nipype.workflow INFO:
	 [Node] Cached "_acc_msk_brain2" - collecting precomputed outputs
250329-15:40:46,747 nipype.workflow INFO:
	 [Node] "_acc_msk_brain2" found cached.
250329-15:40:46,799 nipype.workflow INFO:
	 [Node] Setting-up "_acc_msk_brain0" in "/work_dir/fmriprep_24_0_wf/sub_14_wf/bold_task_bird_run_1_wf/bold_confounds_wf/acc_msk_brain/mapflow/_acc_msk_brain0".
250329-15:40:46,801 nipype.workflow INFO:
	 [Node] Executing "_acc_msk_brain0" <niworkflows.interfaces.nibabel.ApplyMask>
250329-15:40:46,808 nipype.workflow INFO:
	 [Node] Setting-up "_acc_msk_brain1" in "/work_dir/fmriprep_24_0_wf/sub_14_wf/bold_task_bird_run_1_wf/bold_confounds_wf/acc_msk_brain/mapflow/_acc_msk_brain1".
250329-15:40:46,810 nipype.workflow INFO:
	 [Node] Executing "_acc_msk_brain1" <niworkflows.interfaces.nibabel.ApplyMask>
250329-15:40:46,815 nipype.workflow INFO:
	 [Node] Setting-up "_acc_msk_brain2" in "/work_dir/fmriprep_24_0_wf/sub_14_wf/bold_task_bird_run_1_wf/bold_confounds_wf/acc_msk_brain/mapflow/_acc_msk_brain2".
250329-15:40:46,817 nipype.workflow INFO:
	 [Node] Executing "_acc_msk_brain2" <niworkflows.interfaces.nibabel.ApplyMask>
250329-15:40:47,51 nipype.workflow INFO:
	 [Node] Finished "_acc_msk_brain2", elapsed time 0.23358s.
250329-15:40:47,67 nipype.workflow INFO:
	 [Node] Finished "_acc_msk_brain0", elapsed time 0.266068s.
250329-15:40:47,119 nipype.workflow INFO:
	 [Node] Finished "_acc_msk_brain1", elapsed time 0.308034s.
250329-15:40:48,692 nipype.workflow INFO:
	 [Node] Setting-up "_acc_msk_brain0" in "/work_dir/fmriprep_24_0_wf/sub_14_wf/bold_task_bird_run_1_wf/bold_confounds_wf/acc_msk_brain/mapflow/_acc_msk_brain0".
250329-15:40:48,694 nipype.workflow INFO:
	 [Node] Cached "_acc_msk_brain0" - collecting precomputed outputs
250329-15:40:48,694 nipype.workflow INFO:
	 [Node] "_acc_msk_brain0" found cached.
250329-15:40:48,695 nipype.workflow INFO:
	 [Node] Setting-up "_acc_msk_brain1" in "/work_dir/fmriprep_24_0_wf/sub_14_wf/bold_task_bird_run_1_wf/bold_confounds_wf/acc_msk_brain/mapflow/_acc_msk_brain1".
250329-15:40:48,696 nipype.workflow INFO:
	 [Node] Cached "_acc_msk_brain1" - collecting precomputed outputs
250329-15:40:48,696 nipype.workflow INFO:
	 [Node] "_acc_msk_brain1" found cached.
250329-15:40:48,696 nipype.workflow INFO:
	 [Node] Setting-up "_acc_msk_brain2" in "/work_dir/fmriprep_24_0_wf/sub_14_wf/bold_task_bird_run_1_wf/bold_confounds_wf/acc_msk_brain/mapflow/_acc_msk_brain2".
250329-15:40:48,697 nipype.workflow INFO:
	 [Node] Cached "_acc_msk_brain2" - collecting precomputed outputs
250329-15:40:48,697 nipype.workflow INFO:
	 [Node] "_acc_msk_brain2" found cached.
250329-15:40:48,719 nipype.workflow INFO:
	 [Node] Setting-up "_acc_msk_brain0" in "/work_dir/fmriprep_24_0_wf/sub_14_wf/bold_task_bird_run_6_wf/bold_confounds_wf/acc_msk_brain/mapflow/_acc_msk_brain0".
250329-15:40:48,720 nipype.workflow INFO:
	 [Node] Setting-up "_acc_msk_brain1" in "/work_dir/fmriprep_24_0_wf/sub_14_wf/bold_task_bird_run_6_wf/bold_confounds_wf/acc_msk_brain/mapflow/_acc_msk_brain1".
250329-15:40:48,721 nipype.workflow INFO:
	 [Node] Executing "_acc_msk_brain0" <niworkflows.interfaces.nibabel.ApplyMask>
250329-15:40:48,721 nipype.workflow INFO:
	 [Node] Executing "_acc_msk_brain1" <niworkflows.interfaces.nibabel.ApplyMask>
250329-15:40:48,740 nipype.workflow INFO:
	 [Node] Setting-up "_acc_msk_brain2" in "/work_dir/fmriprep_24_0_wf/sub_14_wf/bold_task_bird_run_6_wf/bold_confounds_wf/acc_msk_brain/mapflow/_acc_msk_brain2".
250329-15:40:48,742 nipype.workflow INFO:
	 [Node] Executing "_acc_msk_brain2" <niworkflows.interfaces.nibabel.ApplyMask>
250329-15:40:48,751 nipype.workflow INFO:
	 [Node] Setting-up "_acc_msk_bin0" in "/work_dir/fmriprep_24_0_wf/sub_14_wf/bold_task_bird_run_5_wf/bold_confounds_wf/acc_msk_bin/mapflow/_acc_msk_bin0".
250329-15:40:48,753 nipype.workflow INFO:
	 [Node] Executing "_acc_msk_bin0" <niworkflows.interfaces.nibabel.Binarize>
250329-15:40:48,759 nipype.workflow INFO:
	 [Node] Setting-up "_acc_msk_bin1" in "/work_dir/fmriprep_24_0_wf/sub_14_wf/bold_task_bird_run_5_wf/bold_confounds_wf/acc_msk_bin/mapflow/_acc_msk_bin1".
250329-15:40:48,760 nipype.workflow INFO:
	 [Node] Setting-up "_acc_msk_bin2" in "/work_dir/fmriprep_24_0_wf/sub_14_wf/bold_task_bird_run_5_wf/bold_confounds_wf/acc_msk_bin/mapflow/_acc_msk_bin2".
250329-15:40:48,761 nipype.workflow INFO:
	 [Node] Executing "_acc_msk_bin1" <niworkflows.interfaces.nibabel.Binarize>
250329-15:40:48,761 nipype.workflow INFO:
	 [Node] Executing "_acc_msk_bin2" <niworkflows.interfaces.nibabel.Binarize>
250329-15:40:48,872 nipype.workflow INFO:
	 [Node] Finished "_acc_msk_bin2", elapsed time 0.109709s.
250329-15:40:48,942 nipype.workflow INFO:
	 [Node] Finished "_acc_msk_bin1", elapsed time 0.180173s.
250329-15:40:48,955 nipype.workflow INFO:
	 [Node] Finished "_acc_msk_bin0", elapsed time 0.201321s.
250329-15:40:48,979 nipype.workflow INFO:
	 [Node] Finished "_acc_msk_brain2", elapsed time 0.23581s.
250329-15:40:48,990 nipype.workflow INFO:
	 [Node] Finished "_acc_msk_brain1", elapsed time 0.267584s.
250329-15:40:48,998 nipype.workflow INFO:
	 [Node] Finished "_acc_msk_brain0", elapsed time 0.276239s.
250329-15:40:50,592 nipype.workflow INFO:
	 [Node] Setting-up "_acc_msk_brain0" in "/work_dir/fmriprep_24_0_wf/sub_14_wf/bold_task_bird_run_6_wf/bold_confounds_wf/acc_msk_brain/mapflow/_acc_msk_brain0".
250329-15:40:50,593 nipype.workflow INFO:
	 [Node] Cached "_acc_msk_brain0" - collecting precomputed outputs
250329-15:40:50,593 nipype.workflow INFO:
	 [Node] "_acc_msk_brain0" found cached.
250329-15:40:50,594 nipype.workflow INFO:
	 [Node] Setting-up "_acc_msk_brain1" in "/work_dir/fmriprep_24_0_wf/sub_14_wf/bold_task_bird_run_6_wf/bold_confounds_wf/acc_msk_brain/mapflow/_acc_msk_brain1".
250329-15:40:50,595 nipype.workflow INFO:
	 [Node] Cached "_acc_msk_brain1" - collecting precomputed outputs
250329-15:40:50,595 nipype.workflow INFO:
	 [Node] "_acc_msk_brain1" found cached.
250329-15:40:50,596 nipype.workflow INFO:
	 [Node] Setting-up "_acc_msk_brain2" in "/work_dir/fmriprep_24_0_wf/sub_14_wf/bold_task_bird_run_6_wf/bold_confounds_wf/acc_msk_brain/mapflow/_acc_msk_brain2".
250329-15:40:50,597 nipype.workflow INFO:
	 [Node] Cached "_acc_msk_brain2" - collecting precomputed outputs
250329-15:40:50,597 nipype.workflow INFO:
	 [Node] "_acc_msk_brain2" found cached.
250329-15:40:50,619 nipype.workflow INFO:
	 [Node] Setting-up "_acc_msk_bin0" in "/work_dir/fmriprep_24_0_wf/sub_14_wf/bold_task_bird_run_5_wf/bold_confounds_wf/acc_msk_bin/mapflow/_acc_msk_bin0".
250329-15:40:50,620 nipype.workflow INFO:
	 [Node] Cached "_acc_msk_bin0" - collecting precomputed outputs
250329-15:40:50,620 nipype.workflow INFO:
	 [Node] "_acc_msk_bin0" found cached.
250329-15:40:50,621 nipype.workflow INFO:
	 [Node] Setting-up "_acc_msk_bin1" in "/work_dir/fmriprep_24_0_wf/sub_14_wf/bold_task_bird_run_5_wf/bold_confounds_wf/acc_msk_bin/mapflow/_acc_msk_bin1".
250329-15:40:50,622 nipype.workflow INFO:
	 [Node] Cached "_acc_msk_bin1" - collecting precomputed outputs
250329-15:40:50,622 nipype.workflow INFO:
	 [Node] "_acc_msk_bin1" found cached.
250329-15:40:50,623 nipype.workflow INFO:
	 [Node] Setting-up "_acc_msk_bin2" in "/work_dir/fmriprep_24_0_wf/sub_14_wf/bold_task_bird_run_5_wf/bold_confounds_wf/acc_msk_bin/mapflow/_acc_msk_bin2".
250329-15:40:50,623 nipype.workflow INFO:
	 [Node] Cached "_acc_msk_bin2" - collecting precomputed outputs
250329-15:40:50,624 nipype.workflow INFO:
	 [Node] "_acc_msk_bin2" found cached.
250329-15:40:50,626 nipype.workflow INFO:
	 [Node] Setting-up "_acc_msk_bin0" in "/work_dir/fmriprep_24_0_wf/sub_14_wf/bold_task_bird_run_2_wf/bold_confounds_wf/acc_msk_bin/mapflow/_acc_msk_bin0".
250329-15:40:50,628 nipype.workflow INFO:
	 [Node] Executing "_acc_msk_bin0" <niworkflows.interfaces.nibabel.Binarize>
250329-15:40:50,641 nipype.workflow INFO:
	 [Node] Setting-up "_acc_msk_bin1" in "/work_dir/fmriprep_24_0_wf/sub_14_wf/bold_task_bird_run_2_wf/bold_confounds_wf/acc_msk_bin/mapflow/_acc_msk_bin1".
250329-15:40:50,643 nipype.workflow INFO:
	 [Node] Executing "_acc_msk_bin1" <niworkflows.interfaces.nibabel.Binarize>
250329-15:40:50,651 nipype.workflow INFO:
	 [Node] Setting-up "_acc_msk_bin2" in "/work_dir/fmriprep_24_0_wf/sub_14_wf/bold_task_bird_run_2_wf/bold_confounds_wf/acc_msk_bin/mapflow/_acc_msk_bin2".
250329-15:40:50,653 nipype.workflow INFO:
	 [Node] Executing "_acc_msk_bin2" <niworkflows.interfaces.nibabel.Binarize>
250329-15:40:50,658 nipype.workflow INFO:
	 [Node] Setting-up "_acc_msk_bin0" in "/work_dir/fmriprep_24_0_wf/sub_14_wf/bold_task_bird_run_3_wf/bold_confounds_wf/acc_msk_bin/mapflow/_acc_msk_bin0".
250329-15:40:50,658 nipype.workflow INFO:
	 [Node] Setting-up "_acc_msk_bin1" in "/work_dir/fmriprep_24_0_wf/sub_14_wf/bold_task_bird_run_3_wf/bold_confounds_wf/acc_msk_bin/mapflow/_acc_msk_bin1".
250329-15:40:50,660 nipype.workflow INFO:
	 [Node] Executing "_acc_msk_bin0" <niworkflows.interfaces.nibabel.Binarize>
250329-15:40:50,660 nipype.workflow INFO:
	 [Node] Executing "_acc_msk_bin1" <niworkflows.interfaces.nibabel.Binarize>
250329-15:40:50,662 nipype.workflow INFO:
	 [Node] Setting-up "_acc_msk_bin2" in "/work_dir/fmriprep_24_0_wf/sub_14_wf/bold_task_bird_run_3_wf/bold_confounds_wf/acc_msk_bin/mapflow/_acc_msk_bin2".
250329-15:40:50,662 nipype.workflow INFO:
	 [Node] Setting-up "_acc_msk_bin0" in "/work_dir/fmriprep_24_0_wf/sub_14_wf/bold_task_bird_run_4_wf/bold_confounds_wf/acc_msk_bin/mapflow/_acc_msk_bin0".
250329-15:40:50,663 nipype.workflow INFO:
	 [Node] Setting-up "_acc_msk_bin1" in "/work_dir/fmriprep_24_0_wf/sub_14_wf/bold_task_bird_run_4_wf/bold_confounds_wf/acc_msk_bin/mapflow/_acc_msk_bin1".
250329-15:40:50,665 nipype.workflow INFO:
	 [Node] Executing "_acc_msk_bin1" <niworkflows.interfaces.nibabel.Binarize>
250329-15:40:50,667 nipype.workflow INFO:
	 [Node] Setting-up "_acc_msk_bin2" in "/work_dir/fmriprep_24_0_wf/sub_14_wf/bold_task_bird_run_4_wf/bold_confounds_wf/acc_msk_bin/mapflow/_acc_msk_bin2".
250329-15:40:50,669 nipype.workflow INFO:
	 [Node] Executing "_acc_msk_bin0" <niworkflows.interfaces.nibabel.Binarize>
250329-15:40:50,687 nipype.workflow INFO:
	 [Node] Executing "_acc_msk_bin2" <niworkflows.interfaces.nibabel.Binarize>
250329-15:40:50,692 nipype.workflow INFO:
	 [Node] Executing "_acc_msk_bin2" <niworkflows.interfaces.nibabel.Binarize>
250329-15:40:50,785 nipype.workflow INFO:
	 [Node] Finished "_acc_msk_bin1", elapsed time 0.141268s.
250329-15:40:50,803 nipype.workflow INFO:
	 [Node] Finished "_acc_msk_bin0", elapsed time 0.174106s.
250329-15:40:50,841 nipype.workflow INFO:
	 [Node] Finished "_acc_msk_bin1", elapsed time 0.179913s.
250329-15:40:50,852 nipype.workflow INFO:
	 [Node] Finished "_acc_msk_bin2", elapsed time 0.164364s.
250329-15:40:50,896 nipype.workflow INFO:
	 [Node] Finished "_acc_msk_bin2", elapsed time 0.242795s.
250329-15:40:50,898 nipype.workflow INFO:
	 [Node] Finished "_acc_msk_bin1", elapsed time 0.232554s.
250329-15:40:50,906 nipype.workflow INFO:
	 [Node] Finished "_acc_msk_bin0", elapsed time 0.236203s.
250329-15:40:50,923 nipype.workflow INFO:
	 [Node] Finished "_acc_msk_bin0", elapsed time 0.262457s.
250329-15:40:51,13 nipype.workflow INFO:
	 [Node] Finished "_acc_msk_bin2", elapsed time 0.32018s.
250329-15:40:53,7 nipype.workflow INFO:
	 [Node] Setting-up "_acc_msk_bin0" in "/work_dir/fmriprep_24_0_wf/sub_14_wf/bold_task_bird_run_2_wf/bold_confounds_wf/acc_msk_bin/mapflow/_acc_msk_bin0".
250329-15:40:53,8 nipype.workflow INFO:
	 [Node] Cached "_acc_msk_bin0" - collecting precomputed outputs
250329-15:40:53,8 nipype.workflow INFO:
	 [Node] "_acc_msk_bin0" found cached.
250329-15:40:53,9 nipype.workflow INFO:
	 [Node] Setting-up "_acc_msk_bin1" in "/work_dir/fmriprep_24_0_wf/sub_14_wf/bold_task_bird_run_2_wf/bold_confounds_wf/acc_msk_bin/mapflow/_acc_msk_bin1".
250329-15:40:53,10 nipype.workflow INFO:
	 [Node] Cached "_acc_msk_bin1" - collecting precomputed outputs
250329-15:40:53,10 nipype.workflow INFO:
	 [Node] "_acc_msk_bin1" found cached.
250329-15:40:53,11 nipype.workflow INFO:
	 [Node] Setting-up "_acc_msk_bin2" in "/work_dir/fmriprep_24_0_wf/sub_14_wf/bold_task_bird_run_2_wf/bold_confounds_wf/acc_msk_bin/mapflow/_acc_msk_bin2".
250329-15:40:53,11 nipype.workflow INFO:
	 [Node] Cached "_acc_msk_bin2" - collecting precomputed outputs
250329-15:40:53,11 nipype.workflow INFO:
	 [Node] "_acc_msk_bin2" found cached.
250329-15:40:53,17 nipype.workflow INFO:
	 [Node] Setting-up "_acc_msk_bin0" in "/work_dir/fmriprep_24_0_wf/sub_14_wf/bold_task_bird_run_3_wf/bold_confounds_wf/acc_msk_bin/mapflow/_acc_msk_bin0".
250329-15:40:53,18 nipype.workflow INFO:
	 [Node] Cached "_acc_msk_bin0" - collecting precomputed outputs
250329-15:40:53,19 nipype.workflow INFO:
	 [Node] "_acc_msk_bin0" found cached.
250329-15:40:53,21 nipype.workflow INFO:
	 [Node] Setting-up "_acc_msk_bin1" in "/work_dir/fmriprep_24_0_wf/sub_14_wf/bold_task_bird_run_3_wf/bold_confounds_wf/acc_msk_bin/mapflow/_acc_msk_bin1".
250329-15:40:53,21 nipype.workflow INFO:
	 [Node] Cached "_acc_msk_bin1" - collecting precomputed outputs
250329-15:40:53,21 nipype.workflow INFO:
	 [Node] "_acc_msk_bin1" found cached.
250329-15:40:53,22 nipype.workflow INFO:
	 [Node] Setting-up "_acc_msk_bin2" in "/work_dir/fmriprep_24_0_wf/sub_14_wf/bold_task_bird_run_3_wf/bold_confounds_wf/acc_msk_bin/mapflow/_acc_msk_bin2".
250329-15:40:53,23 nipype.workflow INFO:
	 [Node] Cached "_acc_msk_bin2" - collecting precomputed outputs
250329-15:40:53,23 nipype.workflow INFO:
	 [Node] "_acc_msk_bin2" found cached.
250329-15:40:53,26 nipype.workflow INFO:
	 [Node] Setting-up "_acc_msk_bin0" in "/work_dir/fmriprep_24_0_wf/sub_14_wf/bold_task_bird_run_4_wf/bold_confounds_wf/acc_msk_bin/mapflow/_acc_msk_bin0".
250329-15:40:53,27 nipype.workflow INFO:
	 [Node] Cached "_acc_msk_bin0" - collecting precomputed outputs
250329-15:40:53,27 nipype.workflow INFO:
	 [Node] "_acc_msk_bin0" found cached.
250329-15:40:53,28 nipype.workflow INFO:
	 [Node] Setting-up "_acc_msk_bin1" in "/work_dir/fmriprep_24_0_wf/sub_14_wf/bold_task_bird_run_4_wf/bold_confounds_wf/acc_msk_bin/mapflow/_acc_msk_bin1".
250329-15:40:53,29 nipype.workflow INFO:
	 [Node] Cached "_acc_msk_bin1" - collecting precomputed outputs
250329-15:40:53,29 nipype.workflow INFO:
	 [Node] "_acc_msk_bin1" found cached.
250329-15:40:53,29 nipype.workflow INFO:
	 [Node] Setting-up "_acc_msk_bin2" in "/work_dir/fmriprep_24_0_wf/sub_14_wf/bold_task_bird_run_4_wf/bold_confounds_wf/acc_msk_bin/mapflow/_acc_msk_bin2".
250329-15:40:53,30 nipype.workflow INFO:
	 [Node] Cached "_acc_msk_bin2" - collecting precomputed outputs
250329-15:40:53,30 nipype.workflow INFO:
	 [Node] "_acc_msk_bin2" found cached.
250329-15:40:53,55 nipype.workflow INFO:
	 [Node] Setting-up "fmriprep_24_0_wf.sub_14_wf.bold_task_bird_run_5_wf.bold_confounds_wf.acompcor" in "/work_dir/fmriprep_24_0_wf/sub_14_wf/bold_task_bird_run_5_wf/bold_confounds_wf/acompcor".
250329-15:40:53,69 nipype.workflow INFO:
	 [Node] Executing "acompcor" <niworkflows.interfaces.patches.RobustACompCor>
250329-15:40:53,854 nipype.workflow INFO:
	 [Node] Setting-up "_acc_msk_bin0" in "/work_dir/fmriprep_24_0_wf/sub_14_wf/bold_task_bird_run_1_wf/bold_confounds_wf/acc_msk_bin/mapflow/_acc_msk_bin0".
250329-15:40:53,856 nipype.workflow INFO:
	 [Node] Executing "_acc_msk_bin0" <niworkflows.interfaces.nibabel.Binarize>
250329-15:40:53,859 nipype.workflow INFO:
	 [Node] Setting-up "_acc_msk_bin1" in "/work_dir/fmriprep_24_0_wf/sub_14_wf/bold_task_bird_run_1_wf/bold_confounds_wf/acc_msk_bin/mapflow/_acc_msk_bin1".
250329-15:40:53,861 nipype.workflow INFO:
	 [Node] Executing "_acc_msk_bin1" <niworkflows.interfaces.nibabel.Binarize>
250329-15:40:53,863 nipype.workflow INFO:
	 [Node] Setting-up "_acc_msk_bin2" in "/work_dir/fmriprep_24_0_wf/sub_14_wf/bold_task_bird_run_1_wf/bold_confounds_wf/acc_msk_bin/mapflow/_acc_msk_bin2".
250329-15:40:53,865 nipype.workflow INFO:
	 [Node] Executing "_acc_msk_bin2" <niworkflows.interfaces.nibabel.Binarize>
250329-15:40:54,149 nipype.workflow INFO:
	 [Node] Finished "_acc_msk_bin2", elapsed time 0.283896s.
250329-15:40:54,168 nipype.workflow INFO:
	 [Node] Finished "_acc_msk_bin1", elapsed time 0.306341s.
250329-15:40:54,188 nipype.workflow INFO:
	 [Node] Finished "_acc_msk_bin0", elapsed time 0.331437s.
250329-15:40:55,245 nipype.workflow INFO:
	 [Node] Setting-up "_acc_msk_bin0" in "/work_dir/fmriprep_24_0_wf/sub_14_wf/bold_task_bird_run_1_wf/bold_confounds_wf/acc_msk_bin/mapflow/_acc_msk_bin0".
250329-15:40:55,246 nipype.workflow INFO:
	 [Node] Cached "_acc_msk_bin0" - collecting precomputed outputs
250329-15:40:55,246 nipype.workflow INFO:
	 [Node] "_acc_msk_bin0" found cached.
250329-15:40:55,247 nipype.workflow INFO:
	 [Node] Setting-up "_acc_msk_bin1" in "/work_dir/fmriprep_24_0_wf/sub_14_wf/bold_task_bird_run_1_wf/bold_confounds_wf/acc_msk_bin/mapflow/_acc_msk_bin1".
250329-15:40:55,248 nipype.workflow INFO:
	 [Node] Cached "_acc_msk_bin1" - collecting precomputed outputs
250329-15:40:55,248 nipype.workflow INFO:
	 [Node] "_acc_msk_bin1" found cached.
250329-15:40:55,249 nipype.workflow INFO:
	 [Node] Setting-up "_acc_msk_bin2" in "/work_dir/fmriprep_24_0_wf/sub_14_wf/bold_task_bird_run_1_wf/bold_confounds_wf/acc_msk_bin/mapflow/_acc_msk_bin2".
250329-15:40:55,249 nipype.workflow INFO:
	 [Node] Setting-up "fmriprep_24_0_wf.sub_14_wf.bold_task_bird_run_2_wf.bold_confounds_wf.acompcor" in "/work_dir/fmriprep_24_0_wf/sub_14_wf/bold_task_bird_run_2_wf/bold_confounds_wf/acompcor".
250329-15:40:55,249 nipype.workflow INFO:
	 [Node] Cached "_acc_msk_bin2" - collecting precomputed outputs
250329-15:40:55,249 nipype.workflow INFO:
	 [Node] "_acc_msk_bin2" found cached.
250329-15:40:55,253 nipype.workflow INFO:
	 [Node] Executing "acompcor" <niworkflows.interfaces.patches.RobustACompCor>
250329-15:40:55,559 nipype.workflow INFO:
	 [Node] Setting-up "fmriprep_24_0_wf.sub_14_wf.bold_task_bird_run_3_wf.bold_confounds_wf.acompcor" in "/work_dir/fmriprep_24_0_wf/sub_14_wf/bold_task_bird_run_3_wf/bold_confounds_wf/acompcor".
250329-15:40:55,563 nipype.workflow INFO:
	 [Node] Executing "acompcor" <niworkflows.interfaces.patches.RobustACompCor>
250329-15:40:56,319 nipype.workflow INFO:
	 [Node] Setting-up "fmriprep_24_0_wf.sub_14_wf.bold_task_bird_run_4_wf.bold_confounds_wf.acompcor" in "/work_dir/fmriprep_24_0_wf/sub_14_wf/bold_task_bird_run_4_wf/bold_confounds_wf/acompcor".
250329-15:40:56,325 nipype.workflow INFO:
	 [Node] Executing "acompcor" <niworkflows.interfaces.patches.RobustACompCor>
250329-15:40:59,421 nipype.workflow INFO:
	 [Node] Setting-up "fmriprep_24_0_wf.sub_14_wf.bold_task_bird_run_5_wf.bold_confounds_wf.signals" in "/work_dir/fmriprep_24_0_wf/sub_14_wf/bold_task_bird_run_5_wf/bold_confounds_wf/signals".
250329-15:40:59,430 nipype.workflow INFO:
	 [Node] Setting-up "_acc_msk_bin0" in "/work_dir/fmriprep_24_0_wf/sub_14_wf/bold_task_bird_run_6_wf/bold_confounds_wf/acc_msk_bin/mapflow/_acc_msk_bin0".
250329-15:40:59,432 nipype.workflow INFO:
	 [Node] Executing "_acc_msk_bin0" <niworkflows.interfaces.nibabel.Binarize>
250329-15:40:59,435 nipype.workflow INFO:
	 [Node] Setting-up "_acc_msk_bin1" in "/work_dir/fmriprep_24_0_wf/sub_14_wf/bold_task_bird_run_6_wf/bold_confounds_wf/acc_msk_bin/mapflow/_acc_msk_bin1".
250329-15:40:59,435 nipype.workflow INFO:
	 [Node] Setting-up "_acc_msk_bin2" in "/work_dir/fmriprep_24_0_wf/sub_14_wf/bold_task_bird_run_6_wf/bold_confounds_wf/acc_msk_bin/mapflow/_acc_msk_bin2".
250329-15:40:59,437 nipype.workflow INFO:
	 [Node] Executing "_acc_msk_bin2" <niworkflows.interfaces.nibabel.Binarize>
250329-15:40:59,437 nipype.workflow INFO:
	 [Node] Executing "_acc_msk_bin1" <niworkflows.interfaces.nibabel.Binarize>
250329-15:40:59,456 nipype.workflow INFO:
	 [Node] Setting-up "fmriprep_24_0_wf.sub_14_wf.bold_task_bird_run_5_wf.bold_confounds_wf.rois_plot" in "/work_dir/fmriprep_24_0_wf/sub_14_wf/bold_task_bird_run_5_wf/bold_confounds_wf/rois_plot".
250329-15:40:59,493 nipype.workflow INFO:
	 [Node] Executing "rois_plot" <niworkflows.interfaces.reportlets.masks.ROIsPlot>
250329-15:40:59,675 nipype.workflow INFO:
	 [Node] Finished "_acc_msk_bin0", elapsed time 0.241994s.
250329-15:40:59,679 nipype.workflow INFO:
	 [Node] Finished "_acc_msk_bin2", elapsed time 0.241388s.
250329-15:40:59,723 nipype.workflow INFO:
	 [Node] Finished "_acc_msk_bin1", elapsed time 0.285064s.
250329-15:40:59,771 nipype.workflow INFO:
	 [Node] Executing "signals" <niworkflows.interfaces.images.SignalExtraction>
250329-15:41:00,178 nipype.workflow INFO:
	 [Node] Setting-up "fmriprep_24_0_wf.sub_14_wf.bold_task_bird_run_1_wf.bold_confounds_wf.acompcor" in "/work_dir/fmriprep_24_0_wf/sub_14_wf/bold_task_bird_run_1_wf/bold_confounds_wf/acompcor".
250329-15:41:00,182 nipype.workflow INFO:
	 [Node] Executing "acompcor" <niworkflows.interfaces.patches.RobustACompCor>
250329-15:41:02,347 nipype.workflow INFO:
	 [Node] Setting-up "fmriprep_24_0_wf.sub_14_wf.bold_task_bird_run_2_wf.bold_confounds_wf.signals" in "/work_dir/fmriprep_24_0_wf/sub_14_wf/bold_task_bird_run_2_wf/bold_confounds_wf/signals".
250329-15:41:02,351 nipype.workflow INFO:
	 [Node] Executing "signals" <niworkflows.interfaces.images.SignalExtraction>
250329-15:41:02,357 nipype.workflow INFO:
	 [Node] Setting-up "fmriprep_24_0_wf.sub_14_wf.bold_task_bird_run_3_wf.bold_confounds_wf.signals" in "/work_dir/fmriprep_24_0_wf/sub_14_wf/bold_task_bird_run_3_wf/bold_confounds_wf/signals".
250329-15:41:02,357 nipype.workflow INFO:
	 [Node] Setting-up "fmriprep_24_0_wf.sub_14_wf.bold_task_bird_run_4_wf.bold_confounds_wf.signals" in "/work_dir/fmriprep_24_0_wf/sub_14_wf/bold_task_bird_run_4_wf/bold_confounds_wf/signals".
250329-15:41:02,361 nipype.workflow INFO:
	 [Node] Executing "signals" <niworkflows.interfaces.images.SignalExtraction>
250329-15:41:02,361 nipype.workflow INFO:
	 [Node] Executing "signals" <niworkflows.interfaces.images.SignalExtraction>
250329-15:41:02,362 nipype.workflow INFO:
	 [Node] Setting-up "fmriprep_24_0_wf.sub_14_wf.bold_task_bird_run_3_wf.bold_confounds_wf.rois_plot" in "/work_dir/fmriprep_24_0_wf/sub_14_wf/bold_task_bird_run_3_wf/bold_confounds_wf/rois_plot".
250329-15:41:02,366 nipype.workflow INFO:
	 [Node] Executing "rois_plot" <niworkflows.interfaces.reportlets.masks.ROIsPlot>
250329-15:41:03,630 nipype.workflow INFO:
	 [Node] Setting-up "_acc_msk_bin0" in "/work_dir/fmriprep_24_0_wf/sub_14_wf/bold_task_bird_run_6_wf/bold_confounds_wf/acc_msk_bin/mapflow/_acc_msk_bin0".
250329-15:41:03,631 nipype.workflow INFO:
	 [Node] Cached "_acc_msk_bin0" - collecting precomputed outputs
250329-15:41:03,631 nipype.workflow INFO:
	 [Node] "_acc_msk_bin0" found cached.
250329-15:41:03,632 nipype.workflow INFO:
	 [Node] Setting-up "_acc_msk_bin1" in "/work_dir/fmriprep_24_0_wf/sub_14_wf/bold_task_bird_run_6_wf/bold_confounds_wf/acc_msk_bin/mapflow/_acc_msk_bin1".
250329-15:41:03,632 nipype.workflow INFO:
	 [Node] Cached "_acc_msk_bin1" - collecting precomputed outputs
250329-15:41:03,633 nipype.workflow INFO:
	 [Node] "_acc_msk_bin1" found cached.
250329-15:41:03,633 nipype.workflow INFO:
	 [Node] Setting-up "_acc_msk_bin2" in "/work_dir/fmriprep_24_0_wf/sub_14_wf/bold_task_bird_run_6_wf/bold_confounds_wf/acc_msk_bin/mapflow/_acc_msk_bin2".
250329-15:41:03,634 nipype.workflow INFO:
	 [Node] Cached "_acc_msk_bin2" - collecting precomputed outputs
250329-15:41:03,634 nipype.workflow INFO:
	 [Node] "_acc_msk_bin2" found cached.
250329-15:41:03,639 nipype.workflow INFO:
	 [Node] Setting-up "fmriprep_24_0_wf.sub_14_wf.bold_task_bird_run_1_wf.bold_confounds_wf.signals" in "/work_dir/fmriprep_24_0_wf/sub_14_wf/bold_task_bird_run_1_wf/bold_confounds_wf/signals".
250329-15:41:03,644 nipype.workflow INFO:
	 [Node] Executing "signals" <niworkflows.interfaces.images.SignalExtraction>
250329-15:41:03,645 nipype.workflow INFO:
	 [Node] Setting-up "fmriprep_24_0_wf.sub_14_wf.bold_task_bird_run_1_wf.bold_confounds_wf.rois_plot" in "/work_dir/fmriprep_24_0_wf/sub_14_wf/bold_task_bird_run_1_wf/bold_confounds_wf/rois_plot".
250329-15:41:03,650 nipype.workflow INFO:
	 [Node] Executing "rois_plot" <niworkflows.interfaces.reportlets.masks.ROIsPlot>
250329-15:41:05,485 nipype.workflow INFO:
	 [Node] Setting-up "fmriprep_24_0_wf.sub_14_wf.bold_task_bird_run_6_wf.bold_confounds_wf.acompcor" in "/work_dir/fmriprep_24_0_wf/sub_14_wf/bold_task_bird_run_6_wf/bold_confounds_wf/acompcor".
250329-15:41:05,489 nipype.workflow INFO:
	 [Node] Executing "acompcor" <niworkflows.interfaces.patches.RobustACompCor>
250329-15:41:05,552 nipype.workflow INFO:
	 [Node] Setting-up "fmriprep_24_0_wf.sub_14_wf.bold_task_bird_run_2_wf.bold_confounds_wf.rois_plot" in "/work_dir/fmriprep_24_0_wf/sub_14_wf/bold_task_bird_run_2_wf/bold_confounds_wf/rois_plot".
250329-15:41:05,583 nipype.workflow INFO:
	 [Node] Executing "rois_plot" <niworkflows.interfaces.reportlets.masks.ROIsPlot>
250329-15:41:05,779 nipype.workflow INFO:
	 [Node] Finished "acompcor", elapsed time 12.708598s.
250329-15:41:09,181 nipype.workflow INFO:
	 [Node] Finished "acompcor", elapsed time 13.616989s.
250329-15:41:10,115 nipype.workflow INFO:
	 [Node] Setting-up "fmriprep_24_0_wf.sub_14_wf.bold_task_bird_run_5_wf.bold_confounds_wf.rename_acompcor" in "/work_dir/fmriprep_24_0_wf/sub_14_wf/bold_task_bird_run_5_wf/bold_confounds_wf/rename_acompcor".
250329-15:41:10,117 nipype.workflow INFO:
	 [Node] Executing "rename_acompcor" <fmriprep.interfaces.confounds.RenameACompCor>
250329-15:41:10,445 nipype.workflow INFO:
	 [Node] Finished "rename_acompcor", elapsed time 0.326246s.
250329-15:41:11,141 nipype.workflow INFO:
	 [Node] Setting-up "fmriprep_24_0_wf.sub_14_wf.bold_task_bird_run_3_wf.bold_confounds_wf.rename_acompcor" in "/work_dir/fmriprep_24_0_wf/sub_14_wf/bold_task_bird_run_3_wf/bold_confounds_wf/rename_acompcor".
250329-15:41:11,144 nipype.workflow INFO:
	 [Node] Executing "rename_acompcor" <fmriprep.interfaces.confounds.RenameACompCor>
250329-15:41:11,481 nipype.workflow INFO:
	 [Node] Finished "rename_acompcor", elapsed time 0.33638s.
250329-15:41:11,827 nipype.workflow INFO:
	 [Node] Finished "acompcor", elapsed time 16.572536s.
250329-15:41:13,35 nipype.workflow INFO:
	 [Node] Setting-up "fmriprep_24_0_wf.sub_14_wf.bold_task_bird_run_2_wf.bold_confounds_wf.rename_acompcor" in "/work_dir/fmriprep_24_0_wf/sub_14_wf/bold_task_bird_run_2_wf/bold_confounds_wf/rename_acompcor".
250329-15:41:13,37 nipype.workflow INFO:
	 [Node] Setting-up "fmriprep_24_0_wf.sub_14_wf.bold_task_bird_run_6_wf.bold_confounds_wf.signals" in "/work_dir/fmriprep_24_0_wf/sub_14_wf/bold_task_bird_run_6_wf/bold_confounds_wf/signals".
250329-15:41:13,39 nipype.workflow INFO:
	 [Node] Executing "rename_acompcor" <fmriprep.interfaces.confounds.RenameACompCor>
250329-15:41:13,41 nipype.workflow INFO:
	 [Node] Executing "signals" <niworkflows.interfaces.images.SignalExtraction>
250329-15:41:13,438 nipype.workflow INFO:
	 [Node] Finished "rename_acompcor", elapsed time 0.398457s.
250329-15:41:14,634 nipype.workflow INFO:
	 [Node] Setting-up "fmriprep_24_0_wf.sub_14_wf.bold_task_bird_run_4_wf.bold_confounds_wf.rois_plot" in "/work_dir/fmriprep_24_0_wf/sub_14_wf/bold_task_bird_run_4_wf/bold_confounds_wf/rois_plot".
250329-15:41:14,638 nipype.workflow INFO:
	 [Node] Executing "rois_plot" <niworkflows.interfaces.reportlets.masks.ROIsPlot>
250329-15:41:17,459 nipype.workflow INFO:
	 [Node] Setting-up "fmriprep_24_0_wf.sub_14_wf.bold_task_bird_run_6_wf.bold_confounds_wf.rois_plot" in "/work_dir/fmriprep_24_0_wf/sub_14_wf/bold_task_bird_run_6_wf/bold_confounds_wf/rois_plot".
250329-15:41:17,464 nipype.workflow INFO:
	 [Node] Executing "rois_plot" <niworkflows.interfaces.reportlets.masks.ROIsPlot>
250329-15:41:17,912 nipype.workflow INFO:
	 [Node] Finished "acompcor", elapsed time 21.58605s.
250329-15:41:19,831 nipype.workflow INFO:
	 [Node] Finished "acompcor", elapsed time 14.341095s.
250329-15:41:20,482 nipype.workflow INFO:
	 [Node] Finished "signals", elapsed time 18.130339s.
250329-15:41:20,505 nipype.workflow INFO:
	 [Node] Finished "acompcor", elapsed time 20.322297s.
250329-15:41:20,542 nipype.workflow INFO:
	 [Node] Setting-up "fmriprep_24_0_wf.sub_14_wf.bold_task_bird_run_4_wf.bold_confounds_wf.rename_acompcor" in "/work_dir/fmriprep_24_0_wf/sub_14_wf/bold_task_bird_run_4_wf/bold_confounds_wf/rename_acompcor".
250329-15:41:20,546 nipype.workflow INFO:
	 [Node] Executing "rename_acompcor" <fmriprep.interfaces.confounds.RenameACompCor>
250329-15:41:20,677 nipype.workflow INFO:
	 [Node] Finished "signals", elapsed time 18.314744s.
250329-15:41:20,920 nipype.workflow INFO:
	 [Node] Finished "rename_acompcor", elapsed time 0.37311s.
250329-15:41:21,231 nipype.workflow INFO:
	 [Node] Finished "signals", elapsed time 17.586381s.
250329-15:41:21,578 nipype.workflow INFO:
	 [Node] Finished "signals", elapsed time 21.805772s.
250329-15:41:22,8 nipype.workflow INFO:
	 [Node] Setting-up "fmriprep_24_0_wf.sub_14_wf.bold_task_bird_run_1_wf.bold_confounds_wf.rename_acompcor" in "/work_dir/fmriprep_24_0_wf/sub_14_wf/bold_task_bird_run_1_wf/bold_confounds_wf/rename_acompcor".
250329-15:41:22,11 nipype.workflow INFO:
	 [Node] Executing "rename_acompcor" <fmriprep.interfaces.confounds.RenameACompCor>
250329-15:41:22,130 nipype.workflow INFO:
	 [Node] Finished "signals", elapsed time 19.767633s.
250329-15:41:22,313 nipype.workflow INFO:
	 [Node] Finished "rename_acompcor", elapsed time 0.301964s.
250329-15:41:22,321 nipype.workflow INFO:
	 [Node] Finished "seg_rpt", elapsed time 65.748948s.
250329-15:41:22,911 nipype.workflow INFO:
	 [Node] Setting-up "fmriprep_24_0_wf.sub_14_wf.bold_task_bird_run_6_wf.bold_confounds_wf.rename_acompcor" in "/work_dir/fmriprep_24_0_wf/sub_14_wf/bold_task_bird_run_6_wf/bold_confounds_wf/rename_acompcor".
250329-15:41:22,914 nipype.workflow INFO:
	 [Node] Executing "rename_acompcor" <fmriprep.interfaces.confounds.RenameACompCor>
250329-15:41:23,81 nipype.workflow INFO:
	 [Node] Finished "rename_acompcor", elapsed time 0.166143s.
250329-15:41:23,170 nipype.workflow INFO:
	 [Node] Setting-up "fmriprep_24_0_wf.sub_14_wf.bold_task_bird_run_2_wf.bold_confounds_wf.acc_metadata_filter" in "/work_dir/fmriprep_24_0_wf/sub_14_wf/bold_task_bird_run_2_wf/bold_confounds_wf/acc_metadata_filter".
250329-15:41:23,173 nipype.workflow INFO:
	 [Node] Executing "acc_metadata_filter" <fmriprep.interfaces.confounds.FilterDropped>
250329-15:41:23,179 nipype.workflow INFO:
	 [Node] Finished "acc_metadata_filter", elapsed time 0.00609s.
250329-15:41:24,225 nipype.workflow INFO:
	 [Node] Setting-up "fmriprep_24_0_wf.sub_14_wf.bold_task_bird_run_3_wf.bold_confounds_wf.acc_metadata_filter" in "/work_dir/fmriprep_24_0_wf/sub_14_wf/bold_task_bird_run_3_wf/bold_confounds_wf/acc_metadata_filter".
250329-15:41:24,227 nipype.workflow INFO:
	 [Node] Executing "acc_metadata_filter" <fmriprep.interfaces.confounds.FilterDropped>
250329-15:41:24,233 nipype.workflow INFO:
	 [Node] Finished "acc_metadata_filter", elapsed time 0.004796s.
250329-15:41:25,473 nipype.workflow INFO:
	 [Node] Setting-up "fmriprep_24_0_wf.sub_14_wf.bold_task_bird_run_4_wf.bold_confounds_wf.acc_metadata_filter" in "/work_dir/fmriprep_24_0_wf/sub_14_wf/bold_task_bird_run_4_wf/bold_confounds_wf/acc_metadata_filter".
250329-15:41:25,476 nipype.workflow INFO:
	 [Node] Executing "acc_metadata_filter" <fmriprep.interfaces.confounds.FilterDropped>
250329-15:41:25,482 nipype.workflow INFO:
	 [Node] Finished "acc_metadata_filter", elapsed time 0.006043s.
250329-15:41:25,492 nipype.workflow INFO:
	 [Node] Setting-up "fmriprep_24_0_wf.sub_14_wf.bold_task_bird_run_5_wf.bold_confounds_wf.acc_metadata_filter" in "/work_dir/fmriprep_24_0_wf/sub_14_wf/bold_task_bird_run_5_wf/bold_confounds_wf/acc_metadata_filter".
250329-15:41:25,494 nipype.workflow INFO:
	 [Node] Executing "acc_metadata_filter" <fmriprep.interfaces.confounds.FilterDropped>
250329-15:41:25,500 nipype.workflow INFO:
	 [Node] Finished "acc_metadata_filter", elapsed time 0.005148s.
250329-15:41:27,276 nipype.workflow INFO:
	 [Node] Setting-up "fmriprep_24_0_wf.sub_14_wf.bold_task_bird_run_1_wf.bold_confounds_wf.acc_metadata_filter" in "/work_dir/fmriprep_24_0_wf/sub_14_wf/bold_task_bird_run_1_wf/bold_confounds_wf/acc_metadata_filter".
250329-15:41:27,279 nipype.workflow INFO:
	 [Node] Executing "acc_metadata_filter" <fmriprep.interfaces.confounds.FilterDropped>
250329-15:41:27,284 nipype.workflow INFO:
	 [Node] Finished "acc_metadata_filter", elapsed time 0.004971s.
250329-15:41:27,739 nipype.workflow INFO:
	 [Node] Finished "epi_t1_report", elapsed time 65.375752s.
250329-15:41:29,606 nipype.workflow INFO:
	 [Node] Finished "epi_t1_report", elapsed time 68.647028s.
250329-15:41:29,903 nipype.workflow INFO:
	 [Node] Finished "epi_t1_report", elapsed time 66.886025s.
250329-15:41:30,640 nipype.workflow INFO:
	 [Node] Finished "signals", elapsed time 17.597789s.
250329-15:41:30,719 nipype.workflow INFO:
	 [Node] Setting-up "fmriprep_24_0_wf.sub_14_wf.bold_task_bird_run_6_wf.bold_confounds_wf.acc_metadata_filter" in "/work_dir/fmriprep_24_0_wf/sub_14_wf/bold_task_bird_run_6_wf/bold_confounds_wf/acc_metadata_filter".
250329-15:41:30,720 nipype.workflow INFO:
	 [Node] Setting-up "fmriprep_24_0_wf.sub_14_wf.bold_task_bird_run_1_wf.bold_confounds_wf.compcor_plot" in "/work_dir/fmriprep_24_0_wf/sub_14_wf/bold_task_bird_run_1_wf/bold_confounds_wf/compcor_plot".
250329-15:41:30,721 nipype.workflow INFO:
	 [Node] Executing "acc_metadata_filter" <fmriprep.interfaces.confounds.FilterDropped>
250329-15:41:30,722 nipype.workflow INFO:
	 [Node] Setting-up "fmriprep_24_0_wf.sub_14_wf.bold_task_bird_run_2_wf.bold_confounds_wf.compcor_plot" in "/work_dir/fmriprep_24_0_wf/sub_14_wf/bold_task_bird_run_2_wf/bold_confounds_wf/compcor_plot".
250329-15:41:30,723 nipype.workflow INFO:
	 [Node] Setting-up "fmriprep_24_0_wf.sub_14_wf.bold_task_bird_run_4_wf.bold_confounds_wf.compcor_plot" in "/work_dir/fmriprep_24_0_wf/sub_14_wf/bold_task_bird_run_4_wf/bold_confounds_wf/compcor_plot".
250329-15:41:30,723 nipype.workflow INFO:
	 [Node] Setting-up "fmriprep_24_0_wf.sub_14_wf.bold_task_bird_run_5_wf.bold_confounds_wf.compcor_plot" in "/work_dir/fmriprep_24_0_wf/sub_14_wf/bold_task_bird_run_5_wf/bold_confounds_wf/compcor_plot".
250329-15:41:30,725 nipype.workflow INFO:
	 [Node] Executing "compcor_plot" <nireports.interfaces.nuisance.CompCorVariancePlot>
250329-15:41:30,726 nipype.workflow INFO:
	 [Node] Executing "compcor_plot" <nireports.interfaces.nuisance.CompCorVariancePlot>
250329-15:41:30,728 nipype.workflow INFO:
	 [Node] Executing "compcor_plot" <nireports.interfaces.nuisance.CompCorVariancePlot>
250329-15:41:30,730 nipype.workflow INFO:
	 [Node] Finished "acc_metadata_filter", elapsed time 0.007824s.
250329-15:41:30,734 nipype.workflow INFO:
	 [Node] Executing "compcor_plot" <nireports.interfaces.nuisance.CompCorVariancePlot>
250329-15:41:30,742 nipype.workflow INFO:
	 [Node] Setting-up "fmriprep_24_0_wf.sub_14_wf.bold_task_bird_run_2_wf.bold_confounds_wf.acc_metadata_fmt" in "/work_dir/fmriprep_24_0_wf/sub_14_wf/bold_task_bird_run_2_wf/bold_confounds_wf/acc_metadata_fmt".
250329-15:41:30,751 nipype.workflow INFO:
	 [Node] Executing "acc_metadata_fmt" <niworkflows.interfaces.utility.TSV2JSON>
250329-15:41:30,851 nipype.workflow INFO:
	 [Node] Finished "acc_metadata_fmt", elapsed time 0.093509s.
250329-15:41:31,528 nipype.workflow INFO:
	 [Node] Setting-up "fmriprep_24_0_wf.sub_14_wf.bold_task_bird_run_4_wf.bold_fit_wf.func_fit_reports_wf.ds_epi_t1_report" in "/work_dir/fmriprep_24_0_wf/sub_14_wf/bold_task_bird_run_4_wf/bold_fit_wf/func_fit_reports_wf/ds_epi_t1_report".
250329-15:41:31,545 nipype.workflow INFO:
	 [Node] Setting-up "fmriprep_24_0_wf.sub_14_wf.bold_task_bird_run_5_wf.bold_fit_wf.func_fit_reports_wf.ds_epi_t1_report" in "/work_dir/fmriprep_24_0_wf/sub_14_wf/bold_task_bird_run_5_wf/bold_fit_wf/func_fit_reports_wf/ds_epi_t1_report".
250329-15:41:31,549 nipype.workflow INFO:
	 [Node] Setting-up "fmriprep_24_0_wf.sub_14_wf.bold_task_bird_run_6_wf.bold_fit_wf.func_fit_reports_wf.ds_epi_t1_report" in "/work_dir/fmriprep_24_0_wf/sub_14_wf/bold_task_bird_run_6_wf/bold_fit_wf/func_fit_reports_wf/ds_epi_t1_report".
250329-15:41:32,61 nipype.workflow INFO:
	 [Node] Executing "ds_epi_t1_report" <fmriprep.interfaces.DerivativesDataSink>
250329-15:41:32,88 nipype.workflow INFO:
	 [Node] Setting-up "fmriprep_24_0_wf.sub_14_wf.bold_task_bird_run_3_wf.bold_confounds_wf.compcor_plot" in "/work_dir/fmriprep_24_0_wf/sub_14_wf/bold_task_bird_run_3_wf/bold_confounds_wf/compcor_plot".
250329-15:41:32,91 nipype.workflow INFO:
	 [Node] Executing "compcor_plot" <nireports.interfaces.nuisance.CompCorVariancePlot>
250329-15:41:32,126 nipype.workflow INFO:
	 [Node] Finished "ds_epi_t1_report", elapsed time 0.063418s.
250329-15:41:32,403 nipype.workflow INFO:
	 [Node] Executing "ds_epi_t1_report" <fmriprep.interfaces.DerivativesDataSink>
250329-15:41:32,455 nipype.workflow INFO:
	 [Node] Finished "ds_epi_t1_report", elapsed time 0.051413s.
250329-15:41:32,581 nipype.workflow INFO:
	 [Node] Finished "compcor_plot", elapsed time 1.846749s.
250329-15:41:32,606 nipype.workflow INFO:
	 [Node] Finished "compcor_plot", elapsed time 1.876207s.
250329-15:41:32,615 nipype.workflow INFO:
	 [Node] Finished "compcor_plot", elapsed time 1.888922s.
250329-15:41:32,846 nipype.workflow INFO:
	 [Node] Finished "epi_t1_report", elapsed time 68.802367s.
250329-15:41:32,904 nipype.workflow INFO:
	 [Node] Finished "compcor_plot", elapsed time 2.177217s.
250329-15:41:33,171 nipype.workflow INFO:
	 [Node] Executing "ds_epi_t1_report" <fmriprep.interfaces.DerivativesDataSink>
250329-15:41:33,273 nipype.workflow INFO:
	 [Node] Setting-up "fmriprep_24_0_wf.sub_14_wf.bold_task_bird_run_1_wf.bold_confounds_wf.acc_metadata_fmt" in "/work_dir/fmriprep_24_0_wf/sub_14_wf/bold_task_bird_run_1_wf/bold_confounds_wf/acc_metadata_fmt".
250329-15:41:33,276 nipype.workflow INFO:
	 [Node] Executing "acc_metadata_fmt" <niworkflows.interfaces.utility.TSV2JSON>
250329-15:41:33,278 nipype.workflow INFO:
	 [Node] Setting-up "fmriprep_24_0_wf.sub_14_wf.bold_task_bird_run_1_wf.bold_confounds_wf.model_expansion" in "/work_dir/fmriprep_24_0_wf/sub_14_wf/bold_task_bird_run_1_wf/bold_confounds_wf/model_expansion".
250329-15:41:33,284 nipype.workflow INFO:
	 [Node] Executing "model_expansion" <niworkflows.interfaces.confounds.ExpandModel>
250329-15:41:33,286 nipype.workflow INFO:
	 [Node] Finished "acc_metadata_fmt", elapsed time 0.009019s.
250329-15:41:33,560 nipype.workflow INFO:
	 [Node] Finished "ds_epi_t1_report", elapsed time 0.387923s.
250329-15:41:33,665 nipype.workflow INFO:
	 [Node] Finished "compcor_plot", elapsed time 1.572419s.
250329-15:41:33,733 nipype.workflow INFO:
	 [Node] Finished "model_expansion", elapsed time 0.448642s.
250329-15:41:33,970 nipype.workflow INFO:
	 [Node] Setting-up "fmriprep_24_0_wf.sub_14_wf.bold_task_bird_run_2_wf.bold_fit_wf.func_fit_reports_wf.ds_epi_t1_report" in "/work_dir/fmriprep_24_0_wf/sub_14_wf/bold_task_bird_run_2_wf/bold_fit_wf/func_fit_reports_wf/ds_epi_t1_report".
250329-15:41:33,975 nipype.workflow INFO:
	 [Node] Executing "ds_epi_t1_report" <fmriprep.interfaces.DerivativesDataSink>
250329-15:41:33,976 nipype.workflow INFO:
	 [Node] Setting-up "fmriprep_24_0_wf.sub_14_wf.bold_task_bird_run_1_wf.bold_confounds_wf.conf_corr_plot" in "/work_dir/fmriprep_24_0_wf/sub_14_wf/bold_task_bird_run_1_wf/bold_confounds_wf/conf_corr_plot".
250329-15:41:33,979 nipype.workflow INFO:
	 [Node] Setting-up "fmriprep_24_0_wf.sub_14_wf.bold_task_bird_run_2_wf.bold_confounds_wf.model_expansion" in "/work_dir/fmriprep_24_0_wf/sub_14_wf/bold_task_bird_run_2_wf/bold_confounds_wf/model_expansion".
250329-15:41:33,979 nipype.workflow INFO:
	 [Node] Setting-up "fmriprep_24_0_wf.sub_14_wf.bold_task_bird_run_2_wf.bold_confounds_wf.conf_corr_plot" in "/work_dir/fmriprep_24_0_wf/sub_14_wf/bold_task_bird_run_2_wf/bold_confounds_wf/conf_corr_plot".
250329-15:41:33,981 nipype.workflow INFO:
	 [Node] Executing "model_expansion" <niworkflows.interfaces.confounds.ExpandModel>
250329-15:41:33,987 nipype.workflow INFO:
	 [Node] Setting-up "fmriprep_24_0_wf.sub_14_wf.bold_task_bird_run_3_wf.bold_confounds_wf.model_expansion" in "/work_dir/fmriprep_24_0_wf/sub_14_wf/bold_task_bird_run_3_wf/bold_confounds_wf/model_expansion".
250329-15:41:33,989 nipype.workflow INFO:
	 [Node] Executing "model_expansion" <niworkflows.interfaces.confounds.ExpandModel>
250329-15:41:33,992 nipype.workflow INFO:
	 [Node] Setting-up "fmriprep_24_0_wf.sub_14_wf.bold_task_bird_run_4_wf.bold_confounds_wf.acc_metadata_fmt" in "/work_dir/fmriprep_24_0_wf/sub_14_wf/bold_task_bird_run_4_wf/bold_confounds_wf/acc_metadata_fmt".
250329-15:41:33,992 nipype.workflow INFO:
	 [Node] Setting-up "fmriprep_24_0_wf.sub_14_wf.bold_task_bird_run_4_wf.bold_confounds_wf.model_expansion" in "/work_dir/fmriprep_24_0_wf/sub_14_wf/bold_task_bird_run_4_wf/bold_confounds_wf/model_expansion".
250329-15:41:33,994 nipype.workflow INFO:
	 [Node] Executing "model_expansion" <niworkflows.interfaces.confounds.ExpandModel>
250329-15:41:33,994 nipype.workflow INFO:
	 [Node] Executing "acc_metadata_fmt" <niworkflows.interfaces.utility.TSV2JSON>
250329-15:41:33,999 nipype.workflow INFO:
	 [Node] Setting-up "fmriprep_24_0_wf.sub_14_wf.bold_task_bird_run_3_wf.bold_confounds_wf.acc_metadata_fmt" in "/work_dir/fmriprep_24_0_wf/sub_14_wf/bold_task_bird_run_3_wf/bold_confounds_wf/acc_metadata_fmt".
250329-15:41:34,4 nipype.workflow INFO:
	 [Node] Executing "acc_metadata_fmt" <niworkflows.interfaces.utility.TSV2JSON>
250329-15:41:34,23 nipype.workflow INFO:
	 [Node] Finished "acc_metadata_fmt", elapsed time 0.013492s.
250329-15:41:34,57 nipype.workflow INFO:
	 [Node] Finished "acc_metadata_fmt", elapsed time 0.052617s.
250329-15:41:34,67 nipype.workflow INFO:
	 [Node] Executing "conf_corr_plot" <nireports.interfaces.nuisance.ConfoundsCorrelationPlot>
250329-15:41:34,75 nipype.workflow INFO:
	 [Node] Executing "conf_corr_plot" <nireports.interfaces.nuisance.ConfoundsCorrelationPlot>
250329-15:41:34,115 nipype.workflow INFO:
	 [Node] Finished "ds_epi_t1_report", elapsed time 0.138785s.
250329-15:41:34,502 nipype.workflow INFO:
	 [Node] Setting-up "fmriprep_24_0_wf.sub_14_wf.bold_task_bird_run_3_wf.bold_confounds_wf.conf_corr_plot" in "/work_dir/fmriprep_24_0_wf/sub_14_wf/bold_task_bird_run_3_wf/bold_confounds_wf/conf_corr_plot".
250329-15:41:34,550 nipype.workflow INFO:
	 [Node] Finished "model_expansion", elapsed time 0.560576s.
250329-15:41:34,559 nipype.workflow INFO:
	 [Node] Executing "conf_corr_plot" <nireports.interfaces.nuisance.ConfoundsCorrelationPlot>
250329-15:41:34,616 nipype.workflow INFO:
	 [Node] Finished "model_expansion", elapsed time 0.633337s.
250329-15:41:34,756 nipype.workflow INFO:
	 [Node] Finished "model_expansion", elapsed time 0.76139s.
250329-15:41:34,956 nipype.workflow INFO:
	 [Node] Finished "epi_t1_report", elapsed time 71.945646s.
250329-15:41:35,183 nipype.workflow INFO:
	 [Node] Setting-up "fmriprep_24_0_wf.sub_14_wf.bold_task_bird_run_6_wf.bold_confounds_wf.compcor_plot" in "/work_dir/fmriprep_24_0_wf/sub_14_wf/bold_task_bird_run_6_wf/bold_confounds_wf/compcor_plot".
250329-15:41:35,188 nipype.workflow INFO:
	 [Node] Executing "compcor_plot" <nireports.interfaces.nuisance.CompCorVariancePlot>
250329-15:41:35,885 nipype.workflow INFO:
	 [Node] Finished "epi_t1_report", elapsed time 71.944937s.
250329-15:41:35,893 nipype.workflow INFO:
	 [Node] Setting-up "fmriprep_24_0_wf.sub_14_wf.bold_task_bird_run_3_wf.bold_fit_wf.func_fit_reports_wf.ds_epi_t1_report" in "/work_dir/fmriprep_24_0_wf/sub_14_wf/bold_task_bird_run_3_wf/bold_fit_wf/func_fit_reports_wf/ds_epi_t1_report".
250329-15:41:35,897 nipype.workflow INFO:
	 [Node] Executing "ds_epi_t1_report" <fmriprep.interfaces.DerivativesDataSink>
250329-15:41:35,898 nipype.workflow INFO:
	 [Node] Setting-up "fmriprep_24_0_wf.sub_14_wf.bold_task_bird_run_4_wf.bold_confounds_wf.conf_corr_plot" in "/work_dir/fmriprep_24_0_wf/sub_14_wf/bold_task_bird_run_4_wf/bold_confounds_wf/conf_corr_plot".
250329-15:41:35,901 nipype.workflow INFO:
	 [Node] Setting-up "fmriprep_24_0_wf.sub_14_wf.bold_task_bird_run_5_wf.bold_confounds_wf.model_expansion" in "/work_dir/fmriprep_24_0_wf/sub_14_wf/bold_task_bird_run_5_wf/bold_confounds_wf/model_expansion".
250329-15:41:35,903 nipype.workflow INFO:
	 [Node] Executing "model_expansion" <niworkflows.interfaces.confounds.ExpandModel>
250329-15:41:35,914 nipype.workflow INFO:
	 [Node] Setting-up "fmriprep_24_0_wf.sub_14_wf.bold_task_bird_run_5_wf.bold_confounds_wf.conf_corr_plot" in "/work_dir/fmriprep_24_0_wf/sub_14_wf/bold_task_bird_run_5_wf/bold_confounds_wf/conf_corr_plot".
250329-15:41:35,920 nipype.workflow INFO:
	 [Node] Setting-up "fmriprep_24_0_wf.sub_14_wf.bold_task_bird_run_6_wf.bold_confounds_wf.conf_corr_plot" in "/work_dir/fmriprep_24_0_wf/sub_14_wf/bold_task_bird_run_6_wf/bold_confounds_wf/conf_corr_plot".
250329-15:41:35,921 nipype.workflow INFO:
	 [Node] Setting-up "fmriprep_24_0_wf.sub_14_wf.bold_task_bird_run_6_wf.bold_confounds_wf.model_expansion" in "/work_dir/fmriprep_24_0_wf/sub_14_wf/bold_task_bird_run_6_wf/bold_confounds_wf/model_expansion".
250329-15:41:35,923 nipype.workflow INFO:
	 [Node] Executing "model_expansion" <niworkflows.interfaces.confounds.ExpandModel>
250329-15:41:35,926 nipype.workflow INFO:
	 [Node] Setting-up "fmriprep_24_0_wf.sub_14_wf.bold_task_bird_run_6_wf.bold_confounds_wf.acc_metadata_fmt" in "/work_dir/fmriprep_24_0_wf/sub_14_wf/bold_task_bird_run_6_wf/bold_confounds_wf/acc_metadata_fmt".
250329-15:41:35,929 nipype.workflow INFO:
	 [Node] Executing "conf_corr_plot" <nireports.interfaces.nuisance.ConfoundsCorrelationPlot>
250329-15:41:35,930 nipype.workflow INFO:
	 [Node] Finished "conf_corr_plot", elapsed time 1.854034s.
250329-15:41:35,933 nipype.workflow INFO:
	 [Node] Executing "acc_metadata_fmt" <niworkflows.interfaces.utility.TSV2JSON>
250329-15:41:35,941 nipype.workflow INFO:
	 [Node] Executing "conf_corr_plot" <nireports.interfaces.nuisance.ConfoundsCorrelationPlot>
250329-15:41:35,946 nipype.workflow INFO:
	 [Node] Executing "conf_corr_plot" <nireports.interfaces.nuisance.ConfoundsCorrelationPlot>
250329-15:41:35,949 nipype.workflow INFO:
	 [Node] Finished "ds_epi_t1_report", elapsed time 0.051176s.
250329-15:41:35,969 nipype.workflow INFO:
	 [Node] Setting-up "fmriprep_24_0_wf.sub_14_wf.bold_task_bird_run_5_wf.bold_confounds_wf.acc_metadata_fmt" in "/work_dir/fmriprep_24_0_wf/sub_14_wf/bold_task_bird_run_5_wf/bold_confounds_wf/acc_metadata_fmt".
250329-15:41:35,991 nipype.workflow INFO:
	 [Node] Finished "acc_metadata_fmt", elapsed time 0.057588s.
250329-15:41:35,992 nipype.workflow INFO:
	 [Node] Executing "acc_metadata_fmt" <niworkflows.interfaces.utility.TSV2JSON>
250329-15:41:36,71 nipype.workflow INFO:
	 [Node] Finished "acc_metadata_fmt", elapsed time 0.078154s.
250329-15:41:36,308 nipype.workflow INFO:
	 [Node] Finished "conf_corr_plot", elapsed time 2.240192s.
250329-15:41:36,389 nipype.workflow INFO:
	 [Node] Finished "model_expansion", elapsed time 0.484894s.
250329-15:41:36,441 nipype.workflow INFO:
	 [Node] Finished "compcor_plot", elapsed time 1.252395s.
250329-15:41:36,538 nipype.workflow INFO:
	 [Node] Finished "model_expansion", elapsed time 0.614009s.
250329-15:41:36,661 nipype.workflow INFO:
	 [Node] Finished "conf_corr_plot", elapsed time 2.101117s.
250329-15:41:37,892 nipype.workflow INFO:
	 [Node] Finished "conf_corr_plot", elapsed time 1.950912s.
250329-15:41:38,105 nipype.workflow INFO:
	 [Node] Finished "conf_corr_plot", elapsed time 2.175162s.
250329-15:41:38,399 nipype.workflow INFO:
	 [Node] Finished "conf_corr_plot", elapsed time 2.452451s.
250329-15:41:38,482 nipype.workflow INFO:
	 [Node] Setting-up "fmriprep_24_0_wf.sub_14_wf.bold_task_bird_run_1_wf.bold_confounds_wf.spike_regressors" in "/work_dir/fmriprep_24_0_wf/sub_14_wf/bold_task_bird_run_1_wf/bold_confounds_wf/spike_regressors".
250329-15:41:38,486 nipype.workflow INFO:
	 [Node] Executing "spike_regressors" <niworkflows.interfaces.confounds.SpikeRegressors>
250329-15:41:38,664 nipype.workflow INFO:
	 [Node] Finished "spike_regressors", elapsed time 0.177581s.
250329-15:41:38,834 nipype.workflow INFO:
	 [Node] Setting-up "fmriprep_24_0_wf.sub_14_wf.bold_task_bird_run_2_wf.bold_confounds_wf.spike_regressors" in "/work_dir/fmriprep_24_0_wf/sub_14_wf/bold_task_bird_run_2_wf/bold_confounds_wf/spike_regressors".
250329-15:41:38,836 nipype.workflow INFO:
	 [Node] Executing "spike_regressors" <niworkflows.interfaces.confounds.SpikeRegressors>
250329-15:41:38,996 nipype.workflow INFO:
	 [Node] Finished "spike_regressors", elapsed time 0.15836s.
250329-15:41:39,508 nipype.workflow INFO:
	 [Node] Setting-up "fmriprep_24_0_wf.sub_14_wf.bold_task_bird_run_3_wf.bold_confounds_wf.spike_regressors" in "/work_dir/fmriprep_24_0_wf/sub_14_wf/bold_task_bird_run_3_wf/bold_confounds_wf/spike_regressors".
250329-15:41:39,510 nipype.workflow INFO:
	 [Node] Executing "spike_regressors" <niworkflows.interfaces.confounds.SpikeRegressors>
250329-15:41:39,752 nipype.workflow INFO:
	 [Node] Finished "spike_regressors", elapsed time 0.240508s.
250329-15:41:40,46 nipype.workflow INFO:
	 [Node] Setting-up "fmriprep_24_0_wf.sub_14_wf.bold_task_bird_run_1_wf.bold_fit_wf.func_fit_reports_wf.ds_epi_t1_report" in "/work_dir/fmriprep_24_0_wf/sub_14_wf/bold_task_bird_run_1_wf/bold_fit_wf/func_fit_reports_wf/ds_epi_t1_report".
250329-15:41:41,36 nipype.workflow INFO:
	 [Node] Executing "ds_epi_t1_report" <fmriprep.interfaces.DerivativesDataSink>
250329-15:41:41,86 nipype.workflow INFO:
	 [Node] Finished "ds_epi_t1_report", elapsed time 0.043245s.
250329-15:41:41,715 nipype.workflow INFO:
	 [Node] Setting-up "fmriprep_24_0_wf.sub_14_wf.bold_task_bird_run_4_wf.bold_confounds_wf.spike_regressors" in "/work_dir/fmriprep_24_0_wf/sub_14_wf/bold_task_bird_run_4_wf/bold_confounds_wf/spike_regressors".
250329-15:41:41,718 nipype.workflow INFO:
	 [Node] Executing "spike_regressors" <niworkflows.interfaces.confounds.SpikeRegressors>
250329-15:41:41,954 nipype.workflow INFO:
	 [Node] Finished "spike_regressors", elapsed time 0.235096s.
250329-15:41:42,488 nipype.workflow INFO:
	 [Node] Setting-up "fmriprep_24_0_wf.sub_14_wf.bold_task_bird_run_5_wf.bold_confounds_wf.spike_regressors" in "/work_dir/fmriprep_24_0_wf/sub_14_wf/bold_task_bird_run_5_wf/bold_confounds_wf/spike_regressors".
250329-15:41:42,491 nipype.workflow INFO:
	 [Node] Executing "spike_regressors" <niworkflows.interfaces.confounds.SpikeRegressors>
250329-15:41:42,867 nipype.workflow INFO:
	 [Node] Finished "spike_regressors", elapsed time 0.375388s.
250329-15:41:43,111 nipype.workflow INFO:
	 [Node] Setting-up "fmriprep_24_0_wf.sub_14_wf.bold_task_bird_run_6_wf.bold_confounds_wf.spike_regressors" in "/work_dir/fmriprep_24_0_wf/sub_14_wf/bold_task_bird_run_6_wf/bold_confounds_wf/spike_regressors".
250329-15:41:43,114 nipype.workflow INFO:
	 [Node] Executing "spike_regressors" <niworkflows.interfaces.confounds.SpikeRegressors>
250329-15:41:43,286 nipype.workflow INFO:
	 [Node] Finished "spike_regressors", elapsed time 0.170852s.
250329-15:41:54,245 nipype.workflow INFO:
	 [Node] Finished "rois_plot", elapsed time 48.6607s.
250329-15:41:54,778 nipype.workflow INFO:
	 [Node] Finished "rois_plot", elapsed time 40.138421s.
250329-15:41:57,217 nipype.workflow INFO:
	 [Node] Finished "rois_plot", elapsed time 57.723135s.
250329-15:42:00,89 nipype.workflow INFO:
	 [Node] Finished "rois_plot", elapsed time 56.438421s.
250329-15:42:00,272 nipype.workflow INFO:
	 [Node] Finished "rois_plot", elapsed time 42.804073s.
250329-15:42:00,388 nipype.workflow INFO:
	 [Node] Finished "rois_plot", elapsed time 58.020688s.
250329-16:18:21,394 nipype.workflow INFO:
	 [Node] Finished "registration", elapsed time 2498.622475s.
250329-16:18:21,837 nipype.workflow INFO:
	 [Node] Setting-up "fmriprep_24_0_wf.sub_14_wf.anat_fit_wf.register_template_wf.outputnode" in "/work_dir/fmriprep_24_0_wf/sub_14_wf/anat_fit_wf/register_template_wf/outputnode".
250329-16:18:21,841 nipype.workflow INFO:
	 [Node] Executing "outputnode" <nipype.interfaces.utility.base.IdentityInterface>
250329-16:18:21,843 nipype.workflow INFO:
	 [Node] Finished "outputnode", elapsed time 0.000429s.
250329-16:18:23,840 nipype.workflow INFO:
	 [Node] Setting-up "fmriprep_24_0_wf.sub_14_wf.anat_fit_wf.template_buffer" in "/work_dir/fmriprep_24_0_wf/sub_14_wf/anat_fit_wf/template_buffer".
250329-16:18:23,844 nipype.workflow INFO:
	 [Node] Executing "template_buffer" <nipype.interfaces.utility.base.Merge>
250329-16:18:23,845 nipype.workflow INFO:
	 [Node] Finished "template_buffer", elapsed time 0.000262s.
250329-16:18:25,836 nipype.workflow INFO:
	 [Node] Setting-up "fmriprep_24_0_wf.sub_14_wf.anat_fit_wf.anat2std_buffer" in "/work_dir/fmriprep_24_0_wf/sub_14_wf/anat_fit_wf/anat2std_buffer".
250329-16:18:25,836 nipype.workflow INFO:
	 [Node] Setting-up "fmriprep_24_0_wf.sub_14_wf.anat_fit_wf.std2anat_buffer" in "/work_dir/fmriprep_24_0_wf/sub_14_wf/anat_fit_wf/std2anat_buffer".
250329-16:18:25,840 nipype.workflow INFO:
	 [Node] Executing "anat2std_buffer" <nipype.interfaces.utility.base.Merge>
250329-16:18:25,840 nipype.workflow INFO:
	 [Node] Executing "std2anat_buffer" <nipype.interfaces.utility.base.Merge>
250329-16:18:25,841 nipype.workflow INFO:
	 [Node] Finished "anat2std_buffer", elapsed time 0.000243s.
250329-16:18:25,841 nipype.workflow INFO:
	 [Node] Finished "std2anat_buffer", elapsed time 0.000233s.
250329-16:18:29,836 nipype.workflow INFO:
	 [Node] Setting-up "fmriprep_24_0_wf.sub_14_wf.bold_task_bird_run_1_wf.carpetplot_wf.mrg_xfms" in "/work_dir/fmriprep_24_0_wf/sub_14_wf/bold_task_bird_run_1_wf/carpetplot_wf/mrg_xfms".
250329-16:18:29,836 nipype.workflow INFO:
	 [Node] Setting-up "fmriprep_24_0_wf.sub_14_wf.bold_task_bird_run_2_wf.carpetplot_wf.mrg_xfms" in "/work_dir/fmriprep_24_0_wf/sub_14_wf/bold_task_bird_run_2_wf/carpetplot_wf/mrg_xfms".
250329-16:18:29,838 nipype.workflow INFO:
	 [Node] Setting-up "fmriprep_24_0_wf.sub_14_wf.bold_task_bird_run_3_wf.carpetplot_wf.mrg_xfms" in "/work_dir/fmriprep_24_0_wf/sub_14_wf/bold_task_bird_run_3_wf/carpetplot_wf/mrg_xfms".
250329-16:18:29,838 nipype.workflow INFO:
	 [Node] Setting-up "fmriprep_24_0_wf.sub_14_wf.bold_task_bird_run_4_wf.carpetplot_wf.mrg_xfms" in "/work_dir/fmriprep_24_0_wf/sub_14_wf/bold_task_bird_run_4_wf/carpetplot_wf/mrg_xfms".
250329-16:18:29,838 nipype.workflow INFO:
	 [Node] Setting-up "fmriprep_24_0_wf.sub_14_wf.bold_task_bird_run_5_wf.carpetplot_wf.mrg_xfms" in "/work_dir/fmriprep_24_0_wf/sub_14_wf/bold_task_bird_run_5_wf/carpetplot_wf/mrg_xfms".
250329-16:18:29,838 nipype.workflow INFO:
	 [Node] Setting-up "fmriprep_24_0_wf.sub_14_wf.bold_task_bird_run_6_wf.carpetplot_wf.mrg_xfms" in "/work_dir/fmriprep_24_0_wf/sub_14_wf/bold_task_bird_run_6_wf/carpetplot_wf/mrg_xfms".
250329-16:18:29,842 nipype.workflow INFO:
	 [Node] Executing "mrg_xfms" <nipype.interfaces.utility.base.Merge>
250329-16:18:29,843 nipype.workflow INFO:
	 [Node] Finished "mrg_xfms", elapsed time 0.000256s.
250329-16:18:29,846 nipype.workflow INFO:
	 [Node] Executing "mrg_xfms" <nipype.interfaces.utility.base.Merge>
250329-16:18:29,847 nipype.workflow INFO:
	 [Node] Finished "mrg_xfms", elapsed time 0.000248s.
250329-16:18:29,847 nipype.workflow INFO:
	 [Node] Executing "mrg_xfms" <nipype.interfaces.utility.base.Merge>
250329-16:18:29,848 nipype.workflow INFO:
	 [Node] Executing "mrg_xfms" <nipype.interfaces.utility.base.Merge>
250329-16:18:29,849 nipype.workflow INFO:
	 [Node] Finished "mrg_xfms", elapsed time 0.000286s.
250329-16:18:29,849 nipype.workflow INFO:
	 [Node] Finished "mrg_xfms", elapsed time 0.000224s.
250329-16:18:29,849 nipype.workflow INFO:
	 [Node] Executing "mrg_xfms" <nipype.interfaces.utility.base.Merge>
250329-16:18:29,849 nipype.workflow INFO:
	 [Node] Executing "mrg_xfms" <nipype.interfaces.utility.base.Merge>
250329-16:18:29,850 nipype.workflow INFO:
	 [Node] Finished "mrg_xfms", elapsed time 0.000234s.
250329-16:18:29,850 nipype.workflow INFO:
	 [Node] Finished "mrg_xfms", elapsed time 0.000256s.
250329-16:18:31,851 nipype.workflow INFO:
	 [Node] Setting-up "fmriprep_24_0_wf.sub_14_wf.bold_task_bird_run_1_wf.carpetplot_wf.resample_parc" in "/work_dir/fmriprep_24_0_wf/sub_14_wf/bold_task_bird_run_1_wf/carpetplot_wf/resample_parc".
250329-16:18:31,852 nipype.workflow INFO:
	 [Node] Setting-up "fmriprep_24_0_wf.sub_14_wf.bold_task_bird_run_2_wf.carpetplot_wf.resample_parc" in "/work_dir/fmriprep_24_0_wf/sub_14_wf/bold_task_bird_run_2_wf/carpetplot_wf/resample_parc".
250329-16:18:31,853 nipype.workflow INFO:
	 [Node] Setting-up "fmriprep_24_0_wf.sub_14_wf.bold_task_bird_run_3_wf.carpetplot_wf.resample_parc" in "/work_dir/fmriprep_24_0_wf/sub_14_wf/bold_task_bird_run_3_wf/carpetplot_wf/resample_parc".
250329-16:18:31,854 nipype.workflow INFO:
	 [Node] Setting-up "fmriprep_24_0_wf.sub_14_wf.bold_task_bird_run_4_wf.carpetplot_wf.resample_parc" in "/work_dir/fmriprep_24_0_wf/sub_14_wf/bold_task_bird_run_4_wf/carpetplot_wf/resample_parc".
250329-16:18:31,856 nipype.workflow INFO:
	 [Node] Setting-up "fmriprep_24_0_wf.sub_14_wf.bold_task_bird_run_5_wf.carpetplot_wf.resample_parc" in "/work_dir/fmriprep_24_0_wf/sub_14_wf/bold_task_bird_run_5_wf/carpetplot_wf/resample_parc".
250329-16:18:31,857 nipype.workflow INFO:
	 [Node] Executing "resample_parc" <niworkflows.interfaces.fixes.FixHeaderApplyTransforms>
250329-16:18:31,858 nipype.workflow INFO:
	 [Node] Executing "resample_parc" <niworkflows.interfaces.fixes.FixHeaderApplyTransforms>
250329-16:18:31,858 nipype.workflow INFO:
	 [Node] Setting-up "fmriprep_24_0_wf.sub_14_wf.bold_task_bird_run_6_wf.carpetplot_wf.resample_parc" in "/work_dir/fmriprep_24_0_wf/sub_14_wf/bold_task_bird_run_6_wf/carpetplot_wf/resample_parc".
250329-16:18:31,859 nipype.workflow INFO:
	 [Node] Executing "resample_parc" <niworkflows.interfaces.fixes.FixHeaderApplyTransforms>
250329-16:18:31,862 nipype.workflow INFO:
	 [Node] Executing "resample_parc" <niworkflows.interfaces.fixes.FixHeaderApplyTransforms>
250329-16:18:31,863 nipype.workflow INFO:
	 [Node] Executing "resample_parc" <niworkflows.interfaces.fixes.FixHeaderApplyTransforms>
250329-16:18:31,863 nipype.workflow INFO:
	 [Node] Executing "resample_parc" <niworkflows.interfaces.fixes.FixHeaderApplyTransforms>
250329-16:18:39,238 nipype.workflow INFO:
	 [Node] Finished "resample_parc", elapsed time 7.374896s.
250329-16:18:39,289 nipype.workflow INFO:
	 [Node] Finished "resample_parc", elapsed time 7.429332s.
250329-16:18:39,293 nipype.workflow INFO:
	 [Node] Finished "resample_parc", elapsed time 7.429949s.
250329-16:18:39,342 nipype.workflow INFO:
	 [Node] Finished "resample_parc", elapsed time 7.483671s.
250329-16:18:39,472 nipype.workflow INFO:
	 [Node] Finished "resample_parc", elapsed time 7.613439s.
250329-16:18:39,609 nipype.workflow INFO:
	 [Node] Finished "resample_parc", elapsed time 7.360575s.
250329-16:18:39,851 nipype.workflow INFO:
	 [Node] Setting-up "fmriprep_24_0_wf.sub_14_wf.bold_task_bird_run_1_wf.carpetplot_wf.parcels" in "/work_dir/fmriprep_24_0_wf/sub_14_wf/bold_task_bird_run_1_wf/carpetplot_wf/parcels".
250329-16:18:39,851 nipype.workflow INFO:
	 [Node] Setting-up "fmriprep_24_0_wf.sub_14_wf.bold_task_bird_run_2_wf.carpetplot_wf.parcels" in "/work_dir/fmriprep_24_0_wf/sub_14_wf/bold_task_bird_run_2_wf/carpetplot_wf/parcels".
250329-16:18:39,852 nipype.workflow INFO:
	 [Node] Setting-up "fmriprep_24_0_wf.sub_14_wf.bold_task_bird_run_3_wf.carpetplot_wf.parcels" in "/work_dir/fmriprep_24_0_wf/sub_14_wf/bold_task_bird_run_3_wf/carpetplot_wf/parcels".
250329-16:18:39,853 nipype.workflow INFO:
	 [Node] Setting-up "fmriprep_24_0_wf.sub_14_wf.bold_task_bird_run_4_wf.carpetplot_wf.parcels" in "/work_dir/fmriprep_24_0_wf/sub_14_wf/bold_task_bird_run_4_wf/carpetplot_wf/parcels".
250329-16:18:39,855 nipype.workflow INFO:
	 [Node] Executing "parcels" <nipype.interfaces.utility.wrappers.Function>
250329-16:18:39,856 nipype.workflow INFO:
	 [Node] Executing "parcels" <nipype.interfaces.utility.wrappers.Function>
250329-16:18:39,856 nipype.workflow INFO:
	 [Node] Executing "parcels" <nipype.interfaces.utility.wrappers.Function>
250329-16:18:39,858 nipype.workflow INFO:
	 [Node] Setting-up "fmriprep_24_0_wf.sub_14_wf.bold_task_bird_run_5_wf.carpetplot_wf.parcels" in "/work_dir/fmriprep_24_0_wf/sub_14_wf/bold_task_bird_run_5_wf/carpetplot_wf/parcels".
250329-16:18:39,859 nipype.workflow INFO:
	 [Node] Setting-up "fmriprep_24_0_wf.sub_14_wf.bold_task_bird_run_6_wf.carpetplot_wf.parcels" in "/work_dir/fmriprep_24_0_wf/sub_14_wf/bold_task_bird_run_6_wf/carpetplot_wf/parcels".
250329-16:18:39,862 nipype.workflow INFO:
	 [Node] Executing "parcels" <nipype.interfaces.utility.wrappers.Function>
250329-16:18:39,863 nipype.workflow INFO:
	 [Node] Executing "parcels" <nipype.interfaces.utility.wrappers.Function>
250329-16:18:39,865 nipype.workflow INFO:
	 [Node] Executing "parcels" <nipype.interfaces.utility.wrappers.Function>
250329-16:18:39,946 nipype.workflow INFO:
	 [Node] Finished "parcels", elapsed time 0.081686s.
250329-16:18:39,946 nipype.workflow INFO:
	 [Node] Finished "parcels", elapsed time 0.08908s.
250329-16:18:39,947 nipype.workflow INFO:
	 [Node] Finished "parcels", elapsed time 0.084764s.
250329-16:18:39,951 nipype.workflow INFO:
	 [Node] Finished "parcels", elapsed time 0.09389s.
250329-16:18:39,969 nipype.workflow INFO:
	 [Node] Finished "parcels", elapsed time 0.103015s.
250329-16:18:39,973 nipype.workflow INFO:
	 [Node] Finished "parcels", elapsed time 0.116852s.
250329-16:18:41,852 nipype.workflow INFO:
	 [Node] Setting-up "fmriprep_24_0_wf.sub_14_wf.bold_task_bird_run_1_wf.carpetplot_wf.conf_plot" in "/work_dir/fmriprep_24_0_wf/sub_14_wf/bold_task_bird_run_1_wf/carpetplot_wf/conf_plot".
250329-16:18:41,853 nipype.workflow INFO:
	 [Node] Setting-up "fmriprep_24_0_wf.sub_14_wf.bold_task_bird_run_4_wf.carpetplot_wf.conf_plot" in "/work_dir/fmriprep_24_0_wf/sub_14_wf/bold_task_bird_run_4_wf/carpetplot_wf/conf_plot".
250329-16:18:41,853 nipype.workflow INFO:
	 [Node] Setting-up "fmriprep_24_0_wf.sub_14_wf.bold_task_bird_run_5_wf.carpetplot_wf.conf_plot" in "/work_dir/fmriprep_24_0_wf/sub_14_wf/bold_task_bird_run_5_wf/carpetplot_wf/conf_plot".
250329-16:18:41,856 nipype.workflow INFO:
	 [Node] Setting-up "fmriprep_24_0_wf.sub_14_wf.bold_task_bird_run_6_wf.carpetplot_wf.conf_plot" in "/work_dir/fmriprep_24_0_wf/sub_14_wf/bold_task_bird_run_6_wf/carpetplot_wf/conf_plot".
250329-16:18:41,860 nipype.workflow INFO:
	 [Node] Executing "conf_plot" <fmriprep.interfaces.confounds.FMRISummary>
250329-16:18:41,862 nipype.workflow INFO:
	 [Node] Executing "conf_plot" <fmriprep.interfaces.confounds.FMRISummary>
250329-16:18:41,863 nipype.workflow INFO:
	 [Node] Executing "conf_plot" <fmriprep.interfaces.confounds.FMRISummary>
250329-16:18:41,864 nipype.workflow INFO:
	 [Node] Executing "conf_plot" <fmriprep.interfaces.confounds.FMRISummary>
250329-16:18:42,9 nipype.workflow INFO:
	 [Node] Setting-up "fmriprep_24_0_wf.sub_14_wf.bold_task_bird_run_3_wf.carpetplot_wf.conf_plot" in "/work_dir/fmriprep_24_0_wf/sub_14_wf/bold_task_bird_run_3_wf/carpetplot_wf/conf_plot".
250329-16:18:42,11 nipype.workflow INFO:
	 [Node] Setting-up "fmriprep_24_0_wf.sub_14_wf.bold_task_bird_run_2_wf.carpetplot_wf.conf_plot" in "/work_dir/fmriprep_24_0_wf/sub_14_wf/bold_task_bird_run_2_wf/carpetplot_wf/conf_plot".
250329-16:18:42,22 nipype.workflow INFO:
	 [Node] Executing "conf_plot" <fmriprep.interfaces.confounds.FMRISummary>
250329-16:18:42,36 nipype.workflow INFO:
	 [Node] Executing "conf_plot" <fmriprep.interfaces.confounds.FMRISummary>
250329-16:18:52,123 nipype.workflow INFO:
	 [Node] Finished "conf_plot", elapsed time 10.261757s.
250329-16:18:53,30 nipype.workflow INFO:
	 [Node] Finished "conf_plot", elapsed time 11.006901s.
250329-16:18:53,183 nipype.workflow INFO:
	 [Node] Finished "conf_plot", elapsed time 11.318382s.
250329-16:18:54,441 nipype.workflow INFO:
	 [Node] Finished "conf_plot", elapsed time 12.577938s.
250329-16:18:54,497 nipype.workflow INFO:
	 [Node] Finished "conf_plot", elapsed time 12.63181s.
250329-16:18:54,723 nipype.workflow INFO:
	 [Node] Finished "conf_plot", elapsed time 12.686139s.
250329-16:54:33,938 nipype.workflow INFO:
	 [Node] Finished "_msmsulc1", elapsed time 4830.79956s.
250329-16:55:38,20 nipype.workflow INFO:
	 [Node] Finished "_msmsulc0", elapsed time 4894.887629s.
250329-16:55:40,45 nipype.workflow INFO:
	 [Node] Setting-up "_msmsulc0" in "/work_dir/fmriprep_24_0_wf/sub_14_wf/anat_fit_wf/msm_sulc_wf/msmsulc/mapflow/_msmsulc0".
250329-16:55:40,49 nipype.workflow INFO:
	 [Node] Cached "_msmsulc0" - collecting precomputed outputs
250329-16:55:40,49 nipype.workflow INFO:
	 [Node] "_msmsulc0" found cached.
250329-16:55:40,50 nipype.workflow INFO:
	 [Node] Setting-up "_msmsulc1" in "/work_dir/fmriprep_24_0_wf/sub_14_wf/anat_fit_wf/msm_sulc_wf/msmsulc/mapflow/_msmsulc1".
250329-16:55:40,55 nipype.workflow INFO:
	 [Node] Cached "_msmsulc1" - collecting precomputed outputs
250329-16:55:40,55 nipype.workflow INFO:
	 [Node] "_msmsulc1" found cached.
250329-16:55:47,955 nipype.workflow IMPORTANT:
	 fMRIPrep finished successfully!
250329-16:55:47,962 nipype.workflow IMPORTANT:
	 Works derived from this fMRIPrep execution should include the boilerplate text found in <OUTPUT_PATH>/logs/CITATION.md.
